Product_ID,Product_Name,Category,Brand,Skin_Type,Hair_Type,Age_Group,Gender,Usage_Frequency,Primary_Ingredient,Fragrance_Type,Waterproof,Organic,Paraben_Free,Region_Usage,Amazon,Brand Website,Flipkart,Myntra,Nykaa,Extra_Feature_1,Extra_Feature_2,Extra_Feature_3,Extra_Feature_4,Extra_Feature_5,Extra_Feature_6,Extra_Feature_7,Extra_Feature_8,Extra_Feature_9,Extra_Feature_10,Extra_Feature_11,Extra_Feature_12,Extra_Feature_13,Extra_Feature_14,Extra_Feature_15,Extra_Feature_16,Extra_Feature_17,Extra_Feature_18,Extra_Feature_19,Extra_Feature_20,Extra_Feature_21,Extra_Feature_22,Extra_Feature_23,Extra_Feature_24,Extra_Feature_25,Extra_Feature_26,Extra_Feature_27,Extra_Feature_28,Extra_Feature_29,Extra_Feature_30
439.7,178.55,600.27,749.37,1331.89,1132.57,1466.04,605.23,57.07,717.79,1427.91,615.27,102.92,292.52,1455.79,472.6,124.11,1019.3,1195.98,692.96,1411.58,70.94,68.89,153.8,1263.45,114.37,470.96,960.84,382.53,450.29,321.05,1093.33,377.37,98.86,1385.79,1394.58,1220.12,1043.57,1277.88,843.94,546.34,1438.47,946.68,487.37,709.99,1372.97,1359.5,1201.64,927.54,1111.79
300.52,1370.1,1317.47,396.44,1008.78,1204.79,289.23,357.41,944.49,928.49,863.34,353.55,1482.69,849.21,790.58,1406.17,1341.69,553.7,680.37,480.81,222.66,686.04,1407.16,988.18,607.23,1464.79,299.4,953.04,406.69,1255.59,899.74,1256.16,1157.98,1202.83,1148.83,793.0,1398.23,543.47,1261.48,603.4,1084.79,859.67,1409.32,167.03,1222.2,121.44,178.73,414.38,1368.18,1445.89
559.43,1165.64,949.38,539.6,1047.55,598.63,601.39,276.21,889.75,339.83,1400.37,435.43,405.05,71.89,586.8,1237.19,832.85,470.11,342.66,1233.82,914.57,1028.94,785.76,1313.96,1099.69,1109.51,792.48,867.34,55.58,600.32,415.19,804.17,446.58,458.75,1190.25,103.03,787.46,1437.4,943.12,209.33,1071.2,91.5,415.65,746.78,1262.38,1234.52,1462.26,362.9,1118.12,1131.67
1292.72,986.04,441.62,1476.95,1308.98,825.4,883.8,408.62,760.58,1234.29,76.32,372.63,723.21,381.94,773.03,1342.23,1353.66,1299.64,1455.85,537.81,1214.21,783.88,1070.87,1351.29,743.42,864.67,898.77,1236.8,522.44,552.13,624.18,541.34,1371.52,1219.47,933.72,1090.43,317.08,120.85,1084.81,1225.8,1025.11,282.21,1236.1,1485.35,500.82,293.43,407.61,1226.9,1087.43,1052.53
704.77,695.68,102.11,482.02,1060.12,1393.15,813.88,561.13,460.23,267.63,290.06,547.25,159.03,1171.58,710.73,1085.05,203.2,1223.37,395.01,1087.68,1215.85,266.6,1410.1,1124.49,502.65,1092.92,1213.89,1308.03,959.43,943.76,970.89,998.74,377.61,400.36,798.42,805.76,938.58,1305.91,302.05,736.2,1162.64,1240.11,1388.38,796.5,286.67,562.03,633.14,871.01,900.49,1387.64
139.73,156.11,1077.93,750.66,91.46,729.69,312.91,767.71,809.6,423.97,832.54,570.77,944.76,67.19,1159.01,675.28,1242.35,263.99,884.45,1095.15,884.12,484.92,1436.52,1397.53,633.09,69.68,801.47,124.08,1016.32,1299.13,612.9,439.41,643.94,654.23,929.54,131.09,377.1,480.11,1492.69,1493.1,717.52,532.42,1390.71,533.84,1059.59,94.33,696.05,317.05,445.3,603.19
802.34,506.18,402.26,398.81,1224.86,1378.74,684.79,676.81,774.67,300.13,719.28,1458.94,902.07,1041.42,831.64,433.8,530.39,532.05,604.82,1126.36,678.29,415.29,1204.51,1173.13,889.98,1052.14,275.36,1112.01,1115.6,1109.12,1247.1,1193.07,1123.93,937.37,1412.58,875.62,135.2,449.83,75.04,1024.03,825.1,1225.72,768.51,1336.27,497.2,1348.04,1192.89,96.39,255.88,1419.43
1150.77,781.07,1373.4,1051.97,1476.69,480.6,1306.74,1383.39,170.86,209.65,645.38,374.68,50.67,1214.47,430.6,1363.77,1124.16,1443.58,700.04,218.27,182.47,1101.47,423.71,105.13,1438.8,757.81,543.98,831.82,636.29,1282.37,535.4,1319.41,536.71,383.29,759.93,460.86,701.0,1086.5,1142.88,1324.15,1192.67,763.85,90.22,1186.04,1133.91,953.14,282.12,1308.63,438.54,655.43
668.2,949.8,793.43,828.56,1056.35,361.49,836.49,189.02,497.14,933.36,920.22,221.52,1343.41,625.45,789.88,812.02,1323.65,551.7,251.91,621.2,50.18,87.9,940.25,829.42,587.75,588.11,1022.64,349.58,1208.53,1456.75,433.51,1161.13,160.92,237.62,1042.15,1004.81,97.29,340.67,893.49,1340.73,1105.74,267.06,824.4,750.53,401.87,529.12,890.17,767.25,895.84,265.14
979.49,242.68,1186.85,683.03,610.13,1299.34,1456.95,1220.56,407.1,619.19,168.96,370.29,328.4,382.41,1104.17,625.99,1024.96,671.11,1312.02,297.02,1431.57,418.8,745.63,128.25,220.71,1386.16,520.44,602.03,271.97,363.48,678.84,565.06,240.26,616.02,169.02,1483.7,1478.21,160.78,782.63,195.94,1099.88,211.77,643.18,390.98,1137.26,737.48,359.77,1471.74,132.02,1028.33
119.25,1333.01,715.42,1459.33,381.63,1248.16,742.63,1240.99,1116.27,343.27,261.26,1454.52,310.48,454.9,1440.36,1068.69,1166.62,1314.96,1155.67,1283.6,598.73,275.36,101.33,1312.13,370.93,1385.49,142.3,1319.25,1447.16,1366.5,1261.14,197.98,554.76,828.59,220.19,1165.5,1180.18,556.47,584.17,542.97,335.83,455.02,882.95,360.18,641.1,1024.77,633.93,223.86,242.97,1307.45
105.27,1387.61,287.55,721.93,58.98,1378.88,664.77,1418.45,120.15,742.58,1460.83,200.06,916.11,747.57,1395.13,1223.74,687.56,308.53,1063.97,859.25,187.8,1477.67,1326.51,1467.83,1425.51,1019.78,583.04,588.77,1304.3,1310.83,1312.75,287.5,680.48,566.01,91.63,423.41,962.71,179.06,1484.47,503.7,354.64,211.23,1156.32,447.77,220.53,829.2,1051.24,647.02,406.73,1181.3
906.89,1360.21,217.08,282.93,862.23,597.23,252.58,497.21,1487.45,1326.61,550.48,189.74,1173.03,1241.72,1471.17,949.96,547.54,1441.21,781.35,772.37,1385.55,842.65,886.57,929.19,805.06,462.04,1347.81,303.13,699.77,444.18,692.04,1081.12,869.47,964.6,383.93,242.77,78.68,1444.91,224.51,101.1,684.1,329.02,890.91,969.13,694.31,1216.77,224.96,942.63,738.38,847.27
1390.41,465.68,980.82,941.54,1248.37,127.67,386.22,237.9,1305.46,1386.74,359.1,1269.03,90.7,317.63,520.93,930.04,410.85,113.59,541.37,195.25,193.23,214.18,765.07,68.03,440.45,522.03,247.09,792.87,523.67,726.04,1096.8,1002.69,131.21,153.14,1431.36,1082.5,1371.26,1305.9,289.3,367.96,913.83,702.47,1061.64,1308.35,937.5,70.55,205.11,187.37,394.67,659.05
193.66,1448.59,433.56,1411.8,449.84,397.66,212.45,212.19,1135.7,398.02,501.39,1053.28,298.8,803.6,1132.21,487.54,942.18,65.89,1443.21,421.21,1233.96,1494.66,719.19,100.4,302.22,271.19,1143.88,524.93,754.7,462.71,491.95,103.84,935.75,468.95,858.19,528.68,904.61,1043.32,151.95,937.76,763.85,1022.52,410.72,857.0,635.3,942.87,624.55,778.5,690.0,752.88
1358.74,1391.19,1095.39,525.31,1289.85,1450.51,1155.86,1210.67,1292.08,592.0,754.66,1128.53,422.83,165.16,1077.7,465.63,1124.25,1411.22,788.48,537.65,1448.81,727.5,1479.62,188.4,896.78,800.21,433.86,968.92,1100.22,471.13,119.45,262.57,792.03,816.74,1012.67,1093.26,263.46,583.15,822.63,218.94,258.64,282.33,985.4,579.6,571.34,167.89,425.27,632.39,368.19,700.33
588.02,1398.78,338.46,528.48,399.7,858.73,1202.56,920.5,1093.97,947.21,716.98,1156.78,62.79,185.72,123.14,718.09,450.34,1250.21,350.15,491.47,1093.1,87.41,1331.31,265.75,1387.21,1430.25,670.57,1106.6,307.69,778.8,881.29,514.12,323.35,502.74,1312.21,1339.64,1443.52,876.1,1156.71,1093.47,1017.06,587.22,826.65,109.8,1428.67,261.97,1041.61,706.07,1233.57,129.43
419.72,1451.74,232.93,395.07,1129.17,901.95,228.99,919.58,415.68,705.1,661.33,422.99,944.31,977.88,1065.38,941.3,997.12,1369.87,684.52,269.81,858.48,647.55,318.57,1174.01,664.93,927.15,396.81,657.65,518.77,580.74,1286.86,1318.18,1049.3,916.37,1481.27,509.31,959.45,852.21,1393.55,174.87,1466.91,533.66,555.06,1311.48,863.16,102.01,1392.89,696.5,395.26,1234.85
242.73,618.49,710.55,840.27,493.7,163.64,1365.92,911.54,1189.86,261.62,577.69,567.04,787.61,280.47,59.35,136.7,390.57,468.21,1299.13,1161.73,841.55,518.26,557.79,717.6,1093.75,1050.29,158.4,972.78,209.47,251.19,1493.05,219.75,686.8,1321.0,500.01,1095.35,767.53,877.84,767.89,728.95,805.59,387.99,1197.3,592.14,1276.8,85.33,736.69,474.48,716.46,873.77
1467.89,1312.94,456.26,1136.73,987.89,763.48,1062.77,384.05,845.99,1309.62,407.29,407.44,442.94,909.06,424.65,395.41,1273.11,770.84,663.47,1436.13,1087.94,838.56,519.47,57.61,865.1,295.35,1257.67,191.15,122.46,563.29,1276.38,1290.73,256.15,100.94,1431.59,831.0,1305.8,918.95,353.2,1265.95,854.07,707.09,1367.9,571.82,1289.38,122.62,333.6,563.84,125.65,1075.81
311.41,741.59,1064.48,1046.64,958.45,663.15,783.86,149.22,889.84,827.63,1477.73,528.79,1429.66,651.01,241.94,255.11,855.51,197.23,1254.97,1104.32,407.14,228.56,384.05,329.51,1142.43,1284.84,1145.87,205.97,1312.92,400.16,123.76,96.43,375.07,839.33,296.85,392.82,891.23,501.54,941.89,869.83,742.66,134.75,589.96,503.89,457.26,560.11,1365.28,239.72,1268.17,1037.33
712.98,1277.66,811.77,348.77,401.99,1437.15,319.86,73.29,885.74,655.86,790.73,290.57,549.02,1496.0,174.71,822.38,1483.29,180.09,1286.65,468.93,1345.83,1037.37,1287.91,885.18,1457.47,337.1,1070.59,1249.76,1248.31,1192.29,916.15,1442.29,213.63,841.34,469.06,1093.88,970.36,1112.56,846.99,776.47,1164.74,677.21,668.25,367.79,669.71,1015.23,749.47,388.8,141.82,647.79
1150.5,274.27,526.21,1079.81,706.02,423.81,772.48,453.62,1114.62,1302.09,230.23,1159.52,391.31,974.08,743.25,1129.32,135.79,393.26,493.92,1122.57,297.95,1395.75,142.31,967.9,512.3,1381.2,1258.99,1048.03,675.49,109.37,1282.04,56.12,833.63,764.67,444.91,1330.47,154.76,98.77,1131.65,969.51,1415.18,836.5,593.21,1464.4,1192.04,642.05,1101.12,1068.03,1348.15,1176.1
924.16,1086.82,1357.7,1220.2,1066.25,1105.84,371.87,1330.56,731.0,1208.04,592.22,928.53,1085.53,719.3,271.07,247.68,274.73,606.9,582.23,130.42,344.11,496.29,1275.86,65.6,927.5,686.9,523.67,476.68,851.56,199.06,1023.14,667.61,885.82,602.86,1484.31,1492.43,991.81,342.09,1499.92,66.46,499.74,1232.98,1298.65,296.4,839.87,160.08,932.67,603.37,799.72,576.01
86.64,1218.35,566.65,1211.43,696.02,1385.19,304.88,1405.19,1401.93,1216.99,236.41,623.91,839.46,791.79,874.68,607.96,135.48,699.98,679.83,128.49,714.89,1219.23,400.44,137.1,227.14,812.04,475.91,512.92,1114.9,1370.16,297.52,128.66,1111.12,741.18,939.14,988.89,713.85,1379.66,1434.98,1114.21,258.11,1447.73,343.92,629.01,140.63,1487.58,921.57,276.82,143.34,643.51
747.39,1357.04,1357.62,799.83,1322.48,1223.14,924.49,471.75,895.92,947.89,997.93,468.89,841.56,859.3,1164.89,669.42,792.06,755.09,946.2,1453.99,228.2,844.4,1004.55,233.11,1381.34,1475.82,100.05,1219.53,1054.15,1246.85,625.75,1414.13,525.59,1271.36,777.7,485.12,668.19,812.13,403.78,1114.21,659.71,97.83,1345.0,969.4,1031.42,1036.97,461.28,588.73,1439.93,684.2
1112.32,1323.97,961.21,490.67,1108.98,1001.73,200.37,478.84,1461.13,1027.6,1213.23,1408.24,156.92,65.48,275.75,1124.93,1422.92,698.59,425.25,719.48,589.27,1459.54,230.41,870.6,602.69,56.24,463.36,190.07,286.39,964.46,749.84,959.22,558.16,1273.24,701.97,161.52,895.3,662.6,250.67,1391.3,668.5,717.75,502.56,1268.22,947.88,204.25,670.03,1135.15,1424.89,265.49
939.67,282.22,261.64,209.57,716.8,1017.27,712.73,836.77,619.05,1409.67,943.27,854.32,1385.44,87.04,1041.37,463.07,1490.19,1229.35,211.82,138.36,499.44,754.46,703.54,908.07,1459.55,53.07,762.54,591.39,195.34,1089.58,1345.08,194.24,290.3,1264.65,1201.83,1458.17,437.52,1003.28,590.63,675.62,325.19,1336.51,135.39,881.69,1422.17,1259.1,539.29,1103.43,1416.4,1099.51
1259.84,777.38,265.92,263.38,692.62,506.46,147.05,753.43,699.96,1489.27,402.1,173.46,779.85,994.25,1284.6,139.34,58.63,1463.41,909.91,153.4,1212.96,359.32,1035.89,789.29,284.02,1470.11,921.95,293.34,156.04,1495.44,198.2,1074.13,1043.24,867.56,1128.56,1287.05,399.21,1101.82,950.45,1351.97,833.81,1171.8,775.01,567.58,930.47,925.41,1370.56,457.68,688.15,224.95
709.93,145.21,1362.17,230.21,657.59,331.2,162.75,673.7,613.22,1188.67,739.15,497.43,1314.76,1378.21,1406.01,961.98,222.78,1340.79,1345.33,846.73,313.86,1398.43,491.14,303.78,362.48,850.73,1113.25,178.06,206.41,453.43,1296.62,407.53,752.49,491.78,931.83,510.0,386.94,960.72,86.32,425.25,531.75,1450.79,342.85,1136.48,1098.88,813.03,1378.8,337.36,1300.6,385.49
51.55,876.04,651.71,679.25,1360.69,77.29,180.36,812.48,355.74,337.09,202.77,90.7,1148.22,712.27,775.07,1255.21,979.56,1153.07,537.19,52.06,81.42,698.04,712.37,1127.21,1100.24,148.2,114.4,880.49,1223.53,1162.27,1151.32,481.78,792.3,642.6,766.96,1356.81,71.67,1004.09,1079.11,1466.16,623.28,1187.82,566.4,632.82,240.71,1476.6,214.66,895.19,1249.9,94.94
810.91,1463.19,1165.15,1223.2,991.83,363.44,689.49,1220.52,1052.23,1301.79,678.27,837.08,1414.6,1019.38,735.13,1313.56,286.54,675.56,314.07,473.9,1244.91,1055.67,927.89,1242.79,1029.08,58.94,584.7,587.7,340.81,257.46,1086.83,167.97,347.25,1039.8,414.89,435.77,526.76,974.84,1013.55,1387.01,714.02,973.48,1194.69,1259.5,283.67,83.39,636.98,330.56,1052.47,1368.78
61.68,822.31,667.82,348.57,1477.92,146.41,585.95,159.63,1188.17,554.88,1237.92,1466.25,450.84,61.46,160.66,121.71,1351.57,998.53,1416.49,1048.04,1134.8,1150.5,1260.75,851.67,1155.01,1034.81,1154.52,1119.51,500.5,1340.58,628.56,1192.26,666.24,286.78,205.73,88.9,728.8,1491.49,576.14,619.61,794.79,789.87,57.41,497.53,936.48,478.91,685.75,574.4,1311.75,1292.73
794.9,1185.46,1258.39,1391.55,667.31,1106.17,1287.28,415.49,232.89,1067.55,616.17,480.53,1146.45,536.01,625.64,1133.7,246.73,1354.69,479.65,269.23,782.3,1080.38,897.59,837.87,331.03,84.25,760.52,1159.26,698.19,1456.28,1287.32,943.84,761.55,750.62,837.55,1075.97,473.16,180.07,1307.78,1048.6,442.4,925.94,744.92,691.73,615.51,761.17,1396.19,131.44,608.37,525.14
836.75,1458.2,1110.29,962.82,199.31,1323.01,1347.46,1078.32,963.31,1339.49,644.95,515.25,441.34,1465.93,63.44,1029.49,983.11,1099.27,491.86,74.93,1354.05,802.31,513.99,1410.1,1394.33,1159.29,1086.23,616.18,418.74,548.51,1298.61,1110.93,1306.93,678.57,621.77,1043.93,480.79,466.47,371.59,461.08,853.0,350.25,91.06,304.6,926.95,986.93,517.38,1047.07,579.79,729.48
1036.23,674.15,693.48,872.84,909.9,679.19,1465.24,1434.51,855.08,1189.14,446.41,215.21,734.37,1452.19,1428.53,856.02,1256.64,1170.45,584.2,1348.54,890.32,1270.6,390.52,76.36,171.32,289.87,1004.99,1115.98,1377.23,513.51,897.02,113.84,367.09,421.23,918.3,1138.4,1359.2,424.76,996.25,611.32,695.16,1231.89,677.76,1114.84,946.86,352.63,566.05,842.49,382.08,567.97
1022.21,1002.72,1321.3,134.94,1438.6,342.94,1075.03,1156.46,721.52,1014.19,1212.54,1088.49,1208.45,974.84,238.67,879.26,610.82,1041.49,570.36,173.47,737.82,760.24,518.85,393.91,62.22,198.3,243.6,1489.96,951.57,1446.1,606.84,1471.27,788.06,392.77,717.23,550.44,911.86,739.24,1298.92,946.82,566.38,859.42,596.38,1173.97,1315.48,1110.01,910.14,90.78,856.19,787.89
989.41,1108.32,1036.27,1077.89,643.75,305.33,946.0,934.96,957.74,133.44,924.34,702.7,1401.98,692.9,965.21,398.32,439.7,814.52,1061.48,982.77,859.24,1247.23,446.26,1389.91,1471.11,1221.6,862.99,1079.2,1246.62,272.68,60.17,276.2,502.98,906.47,567.26,1338.09,561.56,650.51,1399.13,975.76,907.84,682.03,982.22,545.6,1496.59,474.22,1006.37,663.92,469.88,589.17
122.11,62.39,842.85,851.62,1088.77,386.32,795.49,744.49,768.82,531.7,231.97,762.03,940.72,268.0,1030.21,74.52,189.09,135.88,1430.9,270.35,776.61,767.12,1395.86,910.32,1123.92,612.96,131.33,313.37,1455.41,602.53,1006.18,916.1,245.22,1326.27,1363.81,566.16,1288.18,958.72,737.59,705.05,1156.35,541.35,878.44,596.56,994.72,142.45,532.42,892.66,457.83,741.5
432.33,885.98,1248.88,79.13,1129.49,270.01,240.19,459.31,502.05,495.39,729.9,428.99,1248.41,789.44,341.83,131.46,1338.0,654.83,172.63,598.13,262.85,621.05,117.31,813.48,895.89,646.54,379.38,1289.07,962.58,1328.86,177.57,140.75,252.42,953.3,761.69,407.99,1353.46,567.95,626.06,632.5,1488.54,412.34,347.35,431.75,160.7,974.46,579.46,1322.55,609.88,201.75
236.28,608.14,345.61,466.49,743.0,733.28,415.11,152.93,1499.27,1045.05,1369.26,577.06,1478.08,1233.76,1033.71,143.86,1476.27,545.46,562.27,1215.75,1133.57,1060.9,305.66,341.33,659.61,598.1,599.84,363.77,144.99,1062.42,387.99,1047.96,461.97,371.15,1074.86,256.21,116.7,922.18,1387.51,1282.87,1414.26,949.61,516.67,462.62,1034.53,425.69,870.85,245.63,1450.58,355.22
1264.71,879.21,735.09,243.63,1007.26,670.11,1308.48,812.48,915.38,1426.22,585.2,164.94,176.58,349.15,57.73,290.6,531.61,403.52,926.78,681.37,255.87,611.07,1262.7,693.04,914.04,179.26,1364.57,1066.11,1479.07,1063.13,120.75,1374.03,1007.06,305.71,1219.51,1285.33,749.81,1066.36,1326.55,515.35,1387.55,926.51,355.39,498.49,455.2,1221.37,214.27,1054.47,519.82,1261.45
440.21,145.56,1236.63,683.95,982.8,726.06,1358.31,493.8,438.95,888.75,657.3,917.08,1278.1,822.4,308.4,1414.94,491.05,337.75,484.69,607.39,466.89,1154.91,687.94,1431.68,1117.82,1046.7,1408.12,833.34,1103.26,253.92,968.07,1062.18,887.86,984.25,876.98,336.65,559.32,1386.58,428.1,828.78,461.52,1163.44,458.8,1341.99,630.9,1192.81,749.08,657.6,117.88,965.76
993.12,523.95,1358.54,1036.62,747.15,79.49,1369.97,846.0,1144.17,238.03,535.04,1177.19,399.04,1458.42,1365.86,442.89,1029.2,1356.62,1092.65,859.09,775.5,329.73,61.72,664.4,431.4,1227.61,866.52,678.8,1052.06,882.42,96.43,872.69,289.46,878.45,537.77,1242.57,394.08,1287.29,1467.37,161.87,820.57,1018.69,304.99,1349.48,119.26,232.3,1407.86,1462.14,1041.56,154.53
1216.0,352.5,173.12,367.58,63.25,1192.38,180.97,1105.4,672.24,68.16,639.99,80.57,1164.25,159.64,1369.05,69.01,1372.85,1009.48,975.68,1023.88,344.21,1236.3,162.17,660.03,1007.21,282.8,209.29,574.72,721.32,155.41,1343.97,1042.39,286.83,974.34,1359.66,229.69,319.39,816.51,1312.01,683.53,111.25,791.3,94.07,635.12,78.7,600.92,213.46,769.66,1491.99,1320.81
1483.09,190.4,249.62,91.16,780.12,119.62,1039.08,1419.66,576.83,1444.56,546.29,138.53,1162.15,554.92,625.03,1187.83,996.6,845.98,585.76,1369.27,128.33,858.52,1489.42,472.59,1253.09,1159.48,451.84,495.03,898.63,1177.49,742.18,469.56,420.99,1305.26,71.03,1427.51,1182.5,1478.8,193.84,816.24,301.95,628.35,1030.83,88.32,291.19,429.15,648.82,1068.92,1094.68,988.94
430.4,1429.49,538.65,585.19,1378.12,958.57,399.03,1129.59,122.0,504.84,969.45,565.9,940.32,467.31,624.61,544.07,950.02,900.41,497.59,439.19,235.43,1091.94,598.48,1045.55,281.24,661.45,413.12,1234.83,1418.9,565.71,1180.88,445.49,605.79,314.72,497.14,1066.15,587.92,1291.59,731.15,552.78,743.36,824.26,745.56,1048.14,476.8,784.37,486.24,553.64,1254.26,1035.7
91.62,1230.06,1449.76,1280.67,677.82,1382.28,520.72,412.53,1078.95,758.61,890.1,668.97,948.06,270.77,1226.21,409.46,747.63,1367.03,1158.31,555.06,306.1,884.98,402.37,145.21,806.29,1387.47,835.09,1321.2,609.99,1004.73,512.74,142.95,369.33,1112.8,1129.2,86.52,59.48,993.56,582.36,870.84,604.09,381.16,216.34,321.31,689.45,838.32,662.38,1349.57,291.5,326.84
484.36,92.07,402.68,738.8,112.62,612.66,1354.01,359.72,832.7,525.41,284.07,269.73,972.47,1079.3,851.91,699.78,688.55,732.61,1471.44,789.03,452.26,1181.93,1347.09,1228.72,953.48,679.22,337.17,1123.61,1264.05,821.58,999.0,177.65,1429.66,1462.58,1253.43,555.45,62.79,977.7,201.98,1429.42,655.8,876.66,285.81,441.54,679.2,649.61,1315.34,794.09,707.64,294.58
599.36,473.79,654.23,369.46,216.75,1325.85,1370.79,547.86,1482.91,823.98,1055.49,306.64,301.93,1052.29,295.84,905.5,1306.49,128.38,750.99,772.59,1315.63,1348.45,159.11,1162.74,242.63,416.62,1045.86,745.67,1082.57,139.56,1376.0,1028.02,235.93,493.91,128.99,976.42,132.65,791.63,298.38,1460.35,689.19,569.07,228.25,1258.34,264.47,1133.78,1161.0,933.88,1029.06,1183.04
244.46,338.29,1394.7,607.75,620.6,1020.19,165.65,509.67,274.98,399.39,612.14,1376.62,773.99,99.0,1313.62,192.78,365.82,1157.88,570.49,499.4,1334.89,137.71,791.2,969.18,454.39,1292.99,1493.99,1358.2,151.08,232.18,1455.6,300.88,1238.32,60.51,607.77,1348.64,295.21,1411.63,679.99,901.51,666.91,1422.23,1307.86,489.24,324.51,1456.66,655.5,219.91,511.83,424.35
434.5,859.55,1109.37,1281.71,1391.36,172.91,382.58,723.28,395.72,1334.66,315.04,378.01,1496.81,304.07,703.77,483.58,426.23,1060.36,1291.72,1250.67,460.78,839.34,1353.19,885.24,955.03,994.42,315.0,1098.42,62.06,965.83,743.29,1498.53,1373.13,1103.42,353.81,709.37,1303.09,974.18,344.9,323.63,917.75,1487.55,158.97,1094.0,312.4,191.6,184.47,91.13,1477.68,1424.81
154.3,1125.08,771.39,1267.94,1037.57,686.01,1022.1,520.16,584.07,431.25,1220.66,1473.46,1425.04,186.14,132.65,230.17,1262.16,711.88,475.04,1150.48,376.24,1252.76,1475.43,524.33,1354.4,1328.09,1163.09,1065.3,800.16,865.01,516.62,187.85,855.54,960.66,1208.07,451.75,939.09,439.9,1168.03,567.2,422.41,1370.9,396.37,1429.21,539.38,664.78,809.13,315.8,1286.58,1475.53
129.14,1031.34,1220.4,1341.64,998.28,658.44,296.58,224.3,546.89,601.29,621.1,178.92,1079.58,807.94,821.56,681.19,674.85,296.73,637.38,1115.77,1198.52,1129.76,836.24,1153.04,815.32,672.9,214.89,561.06,961.58,336.53,274.42,808.5,117.44,507.44,506.09,1396.57,895.51,72.71,332.57,316.14,273.8,214.49,1113.54,1401.1,101.72,394.44,811.8,208.38,763.3,235.3
1336.45,288.82,431.77,521.62,637.52,402.19,181.26,1131.56,442.84,1407.93,1349.85,905.18,157.2,1482.64,1064.21,394.96,999.32,1045.47,58.3,1223.74,1298.72,1164.8,361.14,385.44,1053.05,1281.13,934.24,359.43,317.78,381.19,776.23,997.88,184.47,1347.63,740.81,281.7,495.53,1011.2,1167.62,1035.46,1008.4,863.44,991.42,435.9,479.82,1075.37,1115.82,459.91,760.92,160.04
230.94,158.02,463.56,303.73,97.8,1427.6,117.54,1299.83,1254.37,577.45,764.8,1087.1,627.15,195.93,1319.62,1333.23,508.93,822.96,286.31,373.17,512.58,891.7,534.16,486.03,860.5,315.08,1307.26,218.71,1378.33,1398.44,683.35,132.73,69.91,1250.8,1448.84,1107.67,781.18,1415.09,1234.45,959.93,1373.44,630.49,991.52,604.6,1198.73,623.55,684.04,474.26,1450.78,1139.62
1142.54,1004.38,519.97,1366.36,1280.35,93.89,1148.55,248.84,648.01,1178.43,359.55,324.52,240.53,1118.98,456.96,785.87,1127.71,937.02,1498.33,425.51,1157.82,975.12,395.33,1232.03,468.51,1107.23,406.11,1062.01,1075.02,87.06,440.61,1035.8,227.42,904.13,569.41,735.53,1286.87,52.29,1296.45,1483.79,1482.78,364.32,1177.36,462.95,567.16,201.07,478.4,1230.62,660.95,463.48
788.35,638.9,1362.89,168.0,115.33,1422.91,157.66,462.8,1013.34,201.03,737.3,403.98,1251.16,1414.38,1105.9,678.45,954.31,1343.34,1153.65,1033.49,514.93,478.61,415.5,562.06,1112.35,452.03,422.85,490.96,282.95,653.18,818.15,150.07,854.85,456.11,984.39,522.14,1244.86,704.52,910.23,1153.53,552.78,266.04,1051.52,789.4,1130.74,448.88,1417.7,1486.18,1137.11,487.81
921.58,776.17,142.96,765.37,865.92,622.74,1476.13,119.02,480.6,51.27,639.86,1040.87,137.63,642.19,167.37,224.88,1023.37,61.82,1099.37,1426.01,222.74,378.88,122.66,473.51,933.94,351.47,915.28,648.37,470.54,195.17,830.98,582.54,372.41,946.65,891.33,588.82,1064.08,641.6,397.15,1000.39,690.7,360.26,657.57,585.77,665.65,1154.03,251.58,216.62,75.51,979.64
474.68,972.6,667.35,611.74,1236.15,1220.21,163.72,1088.6,834.44,606.47,78.75,429.15,659.79,764.99,854.78,1430.78,751.95,727.05,1243.91,850.16,355.87,1474.05,1337.58,1152.92,403.05,643.1,1081.61,1303.31,656.74,978.04,812.41,1044.85,1463.71,73.85,921.45,1094.18,639.25,411.79,1420.81,805.91,360.28,291.19,1029.84,248.77,358.26,633.26,104.15,993.11,1102.59,521.44
1180.5,980.31,593.65,1003.68,860.03,553.82,276.43,1277.86,1245.84,407.26,531.15,1405.84,943.46,724.13,1388.86,1164.12,770.33,194.94,1032.98,459.76,496.26,1147.05,1117.02,331.31,91.74,105.33,940.36,466.93,1254.21,747.83,610.13,1489.11,1323.38,1198.89,812.08,1151.54,590.15,314.03,638.37,930.18,1297.57,1078.23,1011.17,765.88,532.21,1366.92,267.62,760.14,1043.98,850.3
790.9,909.2,250.84,640.55,635.73,1369.51,1131.86,1094.54,896.64,415.56,302.93,1203.11,1229.79,1450.89,145.2,736.92,219.35,311.31,1377.36,607.55,843.32,643.02,232.16,797.07,573.26,117.32,813.54,1100.11,502.79,1051.81,1472.61,873.56,334.04,1257.12,157.06,417.24,311.91,119.57,91.84,1159.31,1132.27,292.84,1311.95,1169.21,938.9,659.21,1317.55,958.71,1200.7,848.25
1424.52,1398.47,1239.9,726.33,940.78,1156.78,934.71,854.62,500.42,119.03,723.76,1492.7,412.7,936.82,1199.75,1413.78,1443.28,468.15,926.16,416.74,1399.83,667.91,1310.03,188.65,1491.18,91.8,882.76,1436.59,1173.94,596.65,1291.2,1251.42,1287.34,1102.46,608.05,248.48,779.71,920.21,792.23,477.27,550.01,1423.4,593.19,723.87,63.35,882.28,898.84,682.15,894.95,885.99
1454.03,1414.93,941.26,150.68,832.25,333.49,800.44,387.52,124.94,285.47,139.21,810.21,80.13,701.84,75.94,1030.75,829.36,903.88,620.6,801.45,893.95,1372.26,1191.18,627.7,932.26,830.49,557.57,265.87,1368.99,1398.76,1127.2,1129.17,1441.73,1047.79,636.99,1263.26,112.16,201.87,1381.23,1492.34,760.24,147.19,82.82,1077.06,1491.34,520.76,829.54,156.51,539.54,1151.25
1013.56,743.65,1174.29,1303.49,1233.14,116.57,784.99,1193.15,593.63,957.71,356.78,121.09,528.42,193.28,702.73,1195.55,1295.04,1241.41,1367.5,963.36,786.31,125.95,754.24,285.15,647.68,855.72,1361.73,811.15,635.55,206.55,982.0,249.51,1371.71,173.71,1422.84,721.14,888.42,1466.76,1334.75,703.63,230.76,738.52,440.1,409.45,543.68,257.62,295.62,58.0,1297.1,1320.79
273.41,160.27,1389.89,265.95,1335.23,308.73,236.76,1383.01,1042.31,512.08,1346.48,790.59,165.76,788.63,1149.27,788.97,78.65,1147.19,279.57,336.95,261.01,891.44,578.56,855.48,1388.13,386.3,573.72,702.05,708.56,823.5,299.42,1030.45,1435.48,118.4,420.65,1165.43,1317.07,1206.24,1212.62,967.32,672.98,67.41,321.54,920.28,260.53,832.14,897.58,1412.03,1163.34,838.65
74.23,600.86,1142.01,471.43,994.23,675.76,444.97,529.02,1100.0,969.01,285.12,1123.37,908.84,1019.31,1057.32,1367.08,1076.18,1116.0,310.74,613.43,788.96,347.31,123.44,1225.73,353.38,1442.49,1155.1,1382.66,278.9,708.39,864.44,514.43,991.39,1040.11,1345.63,62.41,798.78,1482.66,1243.5,541.04,490.49,932.76,901.83,876.85,1048.36,280.77,1298.59,624.89,409.35,354.09
1356.87,695.59,455.55,288.4,529.07,323.3,1312.48,1076.86,992.37,1063.94,378.64,52.4,762.96,931.99,344.44,184.35,500.51,331.06,940.54,638.43,1051.8,966.2,281.11,900.27,476.07,795.61,337.68,1392.09,737.88,450.3,1261.03,1054.04,595.46,1178.64,1098.74,988.77,379.12,74.51,243.33,221.42,186.97,70.12,808.57,1246.02,542.1,963.26,769.31,1261.7,1220.65,1186.87
494.01,1309.31,383.16,373.76,833.08,1038.16,377.3,965.63,532.42,837.47,1270.55,438.31,1464.29,892.2,913.83,797.05,709.29,563.52,1197.01,1227.0,1018.66,905.24,883.94,1134.14,1232.29,827.11,571.3,75.5,991.8,901.65,1296.48,1158.59,475.74,1082.63,1222.64,488.42,260.04,836.25,465.09,970.58,323.03,931.93,662.12,531.01,497.95,174.99,1097.58,789.63,63.62,1263.19
771.2,327.83,909.49,985.77,754.78,635.14,653.41,749.27,928.48,662.81,505.72,440.34,1337.2,574.05,1213.16,1484.47,289.9,86.79,1031.64,1056.51,244.79,769.45,992.42,1260.74,557.79,729.07,859.26,1349.57,647.34,867.45,1312.18,482.06,838.18,595.43,918.81,540.74,1209.66,1483.3,1349.88,1273.39,449.67,1092.49,463.98,461.98,463.8,1474.66,116.4,634.06,1338.9,107.35
1148.28,834.57,1484.57,384.73,971.56,997.35,456.45,1354.16,1296.59,474.91,546.16,84.57,560.18,1061.77,1174.45,121.39,1369.21,572.04,1003.99,1387.49,235.73,328.72,292.8,956.1,223.63,507.24,1008.21,1220.3,991.54,1283.63,1328.45,368.83,523.78,860.56,322.04,496.83,232.58,64.73,797.45,1457.77,689.11,1178.84,1437.29,798.52,957.47,899.58,788.35,1210.04,922.03,1375.18
763.29,653.43,1356.78,1489.51,1436.94,688.25,1140.77,688.29,291.69,1094.24,1189.01,723.62,79.97,1329.44,1498.8,1064.79,766.54,648.72,752.97,640.54,112.36,180.3,696.23,983.88,1361.31,926.81,674.03,531.88,673.4,723.16,1479.06,1287.15,235.43,556.49,936.29,544.56,378.79,709.06,1169.78,193.37,1416.92,1249.87,347.23,356.63,263.16,533.41,1243.24,1045.37,100.5,900.45
1367.19,746.69,1120.74,1483.6,573.41,325.33,416.2,750.04,1062.99,1432.65,620.56,865.54,821.15,427.11,1305.66,936.46,1476.61,218.32,171.01,1431.65,1172.03,163.79,440.63,1115.99,270.17,444.78,929.66,188.18,966.49,281.66,743.36,252.34,1438.92,1320.56,583.99,843.41,547.35,217.56,124.81,222.13,551.99,944.08,416.75,368.47,300.79,207.68,459.59,106.04,1113.7,631.04
418.87,449.09,1075.72,81.34,837.56,1138.63,722.54,862.68,1469.11,442.6,455.04,1202.49,1023.77,1453.19,296.48,82.19,241.08,897.92,1211.37,1258.35,480.02,439.32,786.03,1284.6,994.4,1131.32,1299.36,805.93,584.08,1198.16,292.08,1182.79,661.65,646.82,149.14,472.38,1060.93,1085.5,224.36,1439.84,89.79,197.34,607.31,520.14,340.41,898.2,628.16,1130.38,1366.41,1118.09
1145.93,637.64,1232.83,1265.16,791.04,820.49,651.86,831.53,1403.1,765.67,1315.8,1043.57,1280.9,1167.85,1427.23,896.73,1494.36,1098.86,393.36,1360.59,153.96,1493.67,499.21,401.98,509.53,1183.41,491.14,747.85,1389.06,161.54,1336.03,364.78,1053.57,1297.69,1229.97,1216.67,193.96,1353.25,790.69,1040.05,1052.7,1170.82,1161.82,946.05,1178.2,464.3,1479.52,1098.8,846.61,827.04
1067.93,848.7,509.83,131.47,838.71,147.66,1350.1,1236.2,1240.98,160.45,737.42,1208.28,1373.6,1414.71,527.23,1493.0,892.87,1198.49,1456.48,864.77,619.11,1194.28,896.64,187.19,1015.65,1041.87,135.37,448.41,478.34,613.41,1028.34,399.24,1159.92,755.21,508.78,833.17,492.58,1248.13,227.3,338.9,962.09,627.8,127.05,474.22,631.22,720.74,394.48,839.63,1346.56,457.9
288.87,736.39,1389.46,404.39,986.95,271.18,1398.58,711.59,126.02,396.27,1029.25,936.45,1043.16,724.26,129.33,164.47,1035.69,155.56,930.31,1333.52,637.7,884.3,200.45,1289.07,1454.47,143.91,1069.02,989.26,1333.34,382.85,1478.43,468.06,53.02,285.9,949.76,537.07,348.59,643.09,323.58,365.59,1165.06,488.54,441.71,640.2,1316.56,476.76,1356.63,1146.85,420.14,1359.22
521.59,915.63,931.82,372.67,615.31,1003.12,706.12,89.15,1144.68,530.62,814.06,1237.57,753.25,1018.43,196.84,84.08,600.37,999.21,997.98,567.69,686.84,1146.38,86.07,451.12,985.02,1358.04,854.78,186.55,1097.01,95.76,1429.04,102.08,1390.37,1353.59,1019.73,1307.65,270.13,662.79,116.98,1390.56,164.36,1106.05,1025.88,981.38,1085.57,273.6,1491.76,74.83,664.95,1172.71
406.42,1299.48,1304.22,1163.53,926.96,348.9,199.84,363.89,343.72,868.49,1217.48,438.29,1339.26,738.57,67.59,701.7,920.84,927.42,1230.15,727.09,904.25,561.57,835.64,1297.11,1401.12,700.44,367.64,197.06,1240.24,373.14,234.23,445.26,829.49,529.45,1068.55,53.43,1403.05,1493.91,1126.1,396.24,931.42,547.55,663.8,88.59,74.91,781.55,471.1,660.21,1496.14,524.12
365.97,1029.18,1301.06,1400.49,661.51,953.32,836.39,1277.05,377.11,813.55,1355.12,90.33,1262.39,957.38,481.29,367.8,1145.79,395.61,1444.7,513.86,1124.94,725.97,385.36,964.79,478.76,271.44,1251.45,845.37,1485.64,859.03,824.94,1110.88,509.81,554.17,1250.3,784.67,673.71,494.11,724.76,1119.29,1019.84,1107.64,192.25,216.49,1320.98,158.81,1138.51,1389.17,686.9,1064.08
809.62,1005.91,506.05,1478.74,833.45,1233.76,190.92,1393.29,1252.34,526.64,1387.68,326.4,369.43,587.68,401.87,371.56,299.92,385.33,1461.09,803.84,141.22,517.98,630.82,242.01,373.04,415.23,973.56,980.71,1228.89,737.09,534.23,65.17,1173.13,450.18,547.13,1482.74,823.32,442.75,1287.74,1390.98,1021.21,1297.55,392.69,524.45,319.53,1354.79,1419.36,404.48,632.07,504.23
1275.17,54.99,767.43,359.44,366.97,1277.99,333.22,426.86,893.93,1386.82,769.35,318.92,176.33,973.49,101.51,713.39,736.36,1265.36,143.36,811.57,225.26,822.4,877.84,708.77,472.05,1331.24,1153.53,1125.5,391.56,376.39,450.56,1335.03,381.89,1006.65,515.23,391.42,1227.72,1418.67,1003.28,117.0,576.69,226.23,965.87,898.16,587.09,429.09,982.15,1445.83,620.03,579.2
293.28,754.17,1463.56,114.31,442.25,326.2,248.0,1036.26,890.5,945.87,145.54,1306.72,1292.82,536.14,700.51,1049.02,928.68,1256.19,118.07,625.48,1340.68,820.85,1248.56,1205.48,75.65,1301.91,134.81,1204.01,293.72,550.67,611.53,1444.17,613.8,306.85,951.13,1312.41,383.72,341.74,466.9,539.3,221.98,726.38,1493.78,536.24,1310.65,618.83,1331.1,417.98,389.82,521.27
1275.59,1013.25,1003.05,1391.95,59.68,996.9,314.36,1076.4,428.8,237.5,1180.04,567.65,1255.17,747.75,1264.02,787.43,255.78,749.0,52.04,1204.6,1024.46,1295.8,1223.34,723.12,1287.71,531.41,939.74,1454.98,1010.43,1335.52,1484.37,879.62,138.59,1250.12,1492.61,1150.0,925.15,527.72,374.94,135.25,379.76,605.38,1210.45,591.02,1236.45,970.7,59.06,326.18,413.15,111.93
1032.6,664.66,865.87,802.62,211.52,1446.17,1181.5,219.77,855.06,552.0,117.63,1452.76,261.44,187.5,637.43,302.05,285.73,760.21,891.9,1190.35,457.25,1424.38,1347.68,1259.18,951.73,708.6,406.48,363.35,98.08,856.09,758.89,1296.94,730.28,737.35,1102.44,411.57,920.58,835.41,147.87,704.99,1164.3,1288.83,985.63,1238.08,149.92,1125.6,632.76,449.32,424.25,773.55
1189.0,632.98,280.76,1235.03,275.26,372.39,321.63,680.32,1365.91,421.16,1373.69,615.77,977.06,280.24,1077.78,1375.39,1165.41,883.95,1155.76,628.92,1385.94,1238.6,279.95,198.55,972.74,840.27,426.64,460.21,100.76,1131.05,1131.79,1452.86,1384.92,757.1,1111.23,1272.19,1365.89,1021.04,522.27,419.53,1359.92,480.92,309.32,1273.13,543.25,998.7,1280.56,247.95,388.58,559.44
1390.25,1389.63,582.65,725.77,1063.59,1335.88,444.98,355.1,854.11,820.08,1375.77,949.77,729.09,105.35,874.16,408.85,386.25,965.22,173.22,931.13,145.91,290.75,616.4,1490.17,955.14,353.15,1257.56,378.18,953.88,905.83,1392.81,1169.97,191.82,848.17,1461.7,1247.42,704.05,1198.07,1242.1,154.97,1425.83,759.82,890.91,858.04,720.8,1042.13,1404.12,1403.28,1035.99,1132.07
619.35,467.88,312.07,1321.28,268.47,867.09,157.51,485.38,1349.22,906.7,534.15,83.54,80.72,1086.86,759.11,875.83,790.68,1148.32,567.98,502.8,460.44,653.64,1114.79,501.07,906.64,528.14,446.87,135.99,1005.49,1321.79,964.46,643.45,1452.16,59.99,144.07,395.04,543.1,1000.99,262.01,661.72,570.77,1492.05,1283.35,667.21,634.1,815.09,925.59,1215.29,1022.85,1100.14
106.13,1232.1,1351.46,538.97,218.42,1310.02,1121.66,941.94,843.07,1051.64,291.4,626.43,334.89,859.61,592.03,1028.29,849.5,626.0,704.03,726.37,587.42,991.12,444.48,1146.0,623.38,419.8,1405.1,1196.52,776.72,1476.0,1407.58,775.67,343.37,471.27,1352.99,533.61,222.54,1272.86,231.45,50.11,61.92,156.86,439.58,893.08,122.98,1341.55,565.09,1225.34,1118.92,1225.27
849.16,180.05,203.78,900.65,980.01,635.03,274.15,673.25,494.74,723.92,551.57,593.59,1116.98,1385.23,808.07,723.38,1226.73,525.53,830.59,1288.53,891.13,1235.26,1110.41,208.98,760.49,61.12,1456.83,658.51,1159.93,1269.06,331.06,1347.2,106.75,1421.05,428.72,780.66,54.07,553.83,913.57,561.53,1499.16,496.45,499.03,958.3,616.95,1165.49,1047.5,498.26,1406.47,1409.07
1079.76,985.27,1023.11,1263.1,690.53,1190.2,848.81,713.86,1071.89,1490.72,1254.08,1043.03,551.3,450.97,982.37,275.54,198.49,787.58,1103.16,556.92,768.17,305.99,292.47,294.22,959.02,330.93,852.0,438.9,490.12,848.22,1450.15,842.64,889.08,343.0,379.44,1439.7,794.83,406.61,843.76,915.14,1202.82,326.98,744.67,1244.01,609.89,1215.87,924.96,1053.08,1063.19,1215.76
93.61,453.35,1460.62,792.06,1062.06,1200.26,978.06,403.48,73.33,357.46,261.23,328.69,488.99,829.86,140.75,951.69,552.49,1436.33,207.07,509.97,1262.28,316.37,1289.08,394.22,774.25,699.54,310.42,1133.56,701.85,1406.68,921.15,778.73,801.48,654.4,161.28,485.83,629.75,483.35,1297.07,853.36,216.63,252.29,70.79,101.13,1460.39,1339.27,1142.15,97.98,928.14,767.58
465.77,93.43,1357.08,229.33,909.62,1058.44,797.0,863.54,716.62,1132.69,76.93,1475.12,1455.75,880.18,131.06,1114.1,1126.56,1419.81,972.59,789.58,1004.64,1271.58,769.28,1016.27,812.25,391.48,871.33,1249.95,672.69,1141.29,1317.03,590.64,513.2,810.92,627.43,451.69,684.77,1197.69,798.35,1098.12,525.71,832.51,198.48,1377.62,1070.7,1104.19,727.25,1470.14,262.56,626.7
373.63,654.14,460.68,948.43,976.01,1418.1,1261.15,866.0,1163.21,736.05,780.38,1466.48,200.25,1381.79,1133.13,1250.04,566.8,1012.69,159.1,1448.88,1139.05,362.39,669.36,738.0,998.65,791.25,892.94,1100.71,412.02,1272.84,1299.59,601.29,135.0,235.67,1051.14,203.91,1410.23,370.22,1332.17,976.31,84.33,146.92,618.81,1392.6,108.3,270.32,955.48,945.31,1083.36,1072.45
352.06,96.81,1211.69,1402.5,1494.15,1435.72,835.69,1001.64,957.48,841.65,461.44,329.74,572.73,545.31,1333.16,368.95,143.22,872.1,1196.23,332.07,649.68,115.55,121.02,956.39,1266.59,1289.72,648.22,334.85,1492.07,1354.91,776.9,417.23,502.48,284.47,493.55,1102.06,1123.75,765.75,403.55,128.22,989.12,893.77,266.28,137.89,527.59,191.76,454.52,678.28,328.32,860.99
176.83,62.26,248.72,1251.99,812.18,347.73,1047.92,792.44,539.56,854.58,306.66,1490.24,716.15,394.61,1248.37,676.4,917.28,958.74,519.4,531.51,145.21,187.89,1484.19,134.13,754.36,1175.63,110.96,1347.72,1181.63,100.1,267.79,885.52,271.46,922.53,286.75,1210.71,1467.02,645.81,1477.63,646.65,1046.63,715.53,1011.24,1113.49,789.39,1102.05,1361.26,1449.25,329.44,1042.21
752.27,1437.61,386.62,606.2,985.25,890.89,1064.55,723.32,1263.68,240.46,594.46,87.48,1120.49,1380.02,1149.82,1082.73,569.57,835.18,225.53,787.79,420.45,103.92,888.95,291.31,583.47,607.75,331.91,864.51,213.12,847.01,345.76,272.33,585.17,803.45,386.29,1204.45,1270.97,253.7,77.49,191.23,533.6,982.19,260.34,137.64,261.85,819.3,144.55,1365.79,1247.02,175.14
329.59,604.78,637.41,1282.02,1062.31,517.63,581.32,925.39,382.82,1425.87,683.93,181.35,1349.66,1062.99,343.65,184.7,1347.62,339.41,112.97,1069.34,450.63,838.9,474.45,651.35,1257.71,842.55,450.6,829.48,1061.06,96.64,1280.56,782.95,1244.44,338.22,1415.94,1434.6,1393.4,961.53,994.3,1227.69,512.78,871.58,311.15,990.19,424.01,415.86,544.66,303.56,931.94,380.53
1154.02,367.94,778.11,802.85,222.44,1499.25,154.74,133.73,1124.33,491.74,787.52,1086.12,1189.3,283.1,659.13,757.71,1294.67,67.3,845.05,994.77,1486.47,1322.35,1155.28,456.26,1277.32,700.4,553.7,787.1,134.05,745.62,78.34,1059.08,1308.49,118.99,424.22,1316.37,414.28,620.55,1412.79,590.9,1154.79,1300.19,753.09,744.01,902.31,515.78,1000.79,913.5,639.01,858.55
658.48,359.44,467.96,213.02,1020.33,650.25,231.53,247.85,462.82,660.99,337.83,1283.36,1343.02,1448.02,928.07,1405.91,456.13,1094.41,658.66,98.44,961.22,1272.34,831.52,1098.65,478.4,782.6,1277.57,1273.25,1348.0,200.2,637.47,724.27,1019.43,271.22,290.19,124.72,700.08,1170.73,63.16,1266.15,105.7,734.69,81.19,670.87,1339.55,404.67,1236.95,333.21,722.63,1494.2
866.49,292.93,700.77,1301.59,568.04,1027.28,1452.83,614.23,590.31,1074.88,1453.6,885.79,413.33,1234.99,1081.24,660.65,962.57,333.16,1046.06,1349.37,1391.03,1280.1,892.33,257.64,1140.47,756.57,735.38,1416.58,1182.66,602.29,156.14,688.57,200.77,1489.15,555.63,1428.88,1467.32,797.27,1205.23,161.18,1438.94,1032.85,129.85,1340.81,1143.38,286.38,361.07,701.95,1478.12,1452.13
