Date,Ship_Type,Route_Type,Engine_Type,Maintenance_Status,Speed_Over_Ground_knots,Engine_Power_kW,Distance_Traveled_nm,Draft_meters,Weather_Condition,Cargo_Weight_tons,Operational_Cost_USD,Revenue_per_Voyage_USD,Turnaround_Time_hours,Efficiency_nm_per_kWh,Seasonal_Impact_Score,Weekly_Voyage_Count,Average_Load_Percentage,Extra_Feature_1,Extra_Feature_2,Extra_Feature_3,Extra_Feature_4,Extra_Feature_5,Extra_Feature_6,Extra_Feature_7,Extra_Feature_8,Extra_Feature_9,Extra_Feature_10,Extra_Feature_11,Extra_Feature_12,Extra_Feature_13,Extra_Feature_14,Extra_Feature_15,Extra_Feature_16,Extra_Feature_17,Extra_Feature_18,Extra_Feature_19,Extra_Feature_20,Extra_Feature_21,Extra_Feature_22,Extra_Feature_23,Extra_Feature_24,Extra_Feature_25,Extra_Feature_26,Extra_Feature_27,Extra_Feature_28,Extra_Feature_29,Extra_Feature_30,Extra_Feature_31,Extra_Feature_32
12.59755752,2062.983982,1030.943616,14.13228407,1959.017882,483832.3545,292183.2731,25.86707716,1.4551789,1.415653291,1.0,93.76924947,10.38757988,1796.057415,1060.486382,14.65308283,162.3947116,483388.0005,883765.7874,63.24819631,0.290361353,0.885647774,6.0,93.8953723,20.74974664,1648.556685,658.8741441,7.199261343,178.0409166,448543.404,394018.7469,49.41815005,0.499594524,1.405813169,9.0,96.21824443,21.05510201,915.2617949,1126.822519,11.78906254,1737.385346,261349.6054,87551.37518,22.40910958,0.702905708,1.370704278,1.0,66.19369845,13.7427768,1089.721803
1445.281159,9.727833318,260.5951033,287718.3752,676121.4596,64.15823138,1.331343093,0.583383352,8.0,80.00858072,18.61619561,2171.646567,723.3042147,14.91631956,1912.509751,184569.0454,776698.3548,47.47615465,1.370206009,1.437725005,7.0,53.17489766,20.43311857,2505.043509,270.118588,8.45526417,1191.436412,434449.2635,739431.8254,29.04041967,1.120389403,0.602931648,3.0,58.50863527,23.49804777,814.8064524,1717.328413,9.283779902,318.4492646,348380.6082,462211.4022,52.47860039,0.695974585,1.408663383,6.0,94.59197231,17.30936153,1179.018805,429.5643131,6.002357886
1953.447929,346071.5199,448682.8641,14.45181978,0.977448327,0.764914133,8.0,50.24705979,23.22710051,2685.401654,1588.792282,11.72126123,1843.438252,149790.2093,615230.8575,63.74276095,0.440676184,1.435568716,2.0,79.45133018,11.63510941,2522.697194,1224.846267,10.90054032,1130.60463,299189.3299,749334.9142,47.66533057,0.437835548,1.105260193,9.0,70.50444756,18.25357726,2129.517895,1311.978577,11.95564793,441.2599689,481866.2616,738063.1713,48.18566593,1.227064209,0.941448136,4.0,65.98470406,10.22534243,1599.126107,1499.723611,11.13657609,389.1543981,481846.6574
738287.2822,65.53219505,0.575151209,0.539990671,3.0,84.08780228,12.50124251,2780.44964,1474.071885,7.620740184,1109.802661,47653.10298,288285.6492,25.19656531,1.353768819,1.041852382,7.0,87.9540437,11.71878319,1994.02509,1320.457836,12.14587022,771.049922,405463.922,511613.2448,47.47917285,1.289012337,0.990488645,7.0,68.06759184,15.08721842,578.8928793,1932.213132,12.99826969,403.8542843,424860.571,633712.4507,68.22836327,0.652674106,1.308686523,3.0,74.51022102,20.73783751,2525.672897,1813.945568,10.94383242,1552.22499,270793.6804,475171.9115,38.77708075
1.334822916,0.687531822,2.0,80.72855678,14.67203769,1930.378983,884.7901021,5.294924563,409.2572678,256979.6104,870358.0916,54.10294402,0.567450155,1.266765251,4.0,98.24495319,23.76428685,1771.769485,1061.932973,8.521647318,1694.169548,118688.6198,285852.4097,40.86698166,0.836630046,0.785543679,3.0,94.85679675,22.63879995,1504.115853,1146.915624,12.55887319,699.9804455,415284.917,456418.0265,22.38503706,0.463934582,0.849169464,6.0,59.89197596,23.80384655,1120.699241,1169.478497,10.54479901,1084.255595,377335.1829,371301.2103,57.59360412,1.262366982,1.41790099
8.0,83.44322801,22.76036338,2335.26289,1461.917538,7.980762207,1100.968552,441952.0773,666766.8829,35.56856226,1.050073578,0.875032507,6.0,92.18715847,18.75487035,1305.423686,354.5996749,8.052449557,1725.68777,14878.15192,902159.3717,31.40658095,0.930001579,0.864771709,2.0,89.54612571,15.22834729,1283.142456,713.2055517,10.91158623,1690.483055,471255.4255,880435.9299,25.68689911,0.177235981,0.638019053,3.0,68.65401766,18.06901136,2922.282582,559.8613488,10.41770417,1741.081025,333900.5817,848139.2641,20.0062379,0.699553377,1.164694762,4.0,58.54123235
17.67155834,1845.764699,1708.795355,10.50827314,1883.332572,275322.8205,137635.116,22.34612695,0.885948765,0.518018459,4.0,57.93752488,20.99495801,2296.329786,275.187105,7.124894909,53.5165531,114527.8809,506111.0377,52.77458117,0.243270607,0.757687886,1.0,66.67839299,14.06854894,2658.656164,1799.796405,12.08107028,1568.528323,355591.1461,834101.7426,37.12240946,1.297999285,1.362142282,5.0,76.57843893,18.00364741,1643.93654,177.1664322,9.288473472,1961.25077,396658.3332,445673.6192,48.21087701,0.542450769,1.283882454,6.0,91.2320827,11.02444398,2957.614133
801.8643545,13.64420403,730.8652748,221816.8324,990098.8021,46.39327714,0.997680618,1.198271831,1.0,65.92701637,15.96204229,540.9402195,1376.42028,14.67585422,687.1986673,470099.7472,744680.5994,32.98368937,0.792326346,0.930670882,5.0,72.2267412,21.42788382,2027.885437,1694.344123,11.76594451,1348.630862,280960.7086,996686.2212,18.50231359,0.155837709,0.888533874,9.0,68.68472666,18.05569431,2940.98061,1674.056094,14.2554678,965.7388989,68846.0805,124317.0781,45.59024906,0.581965731,0.9658151,1.0,79.6962743,14.48895282,1541.616005,1602.755399,10.24917619
964.4625762,297388.4791,929996.6108,19.25449986,0.160502838,1.307407883,3.0,84.89926921,23.29097058,520.0792591,1532.275224,11.46234853,1707.647628,33681.75559,896032.712,55.78625994,0.807247048,0.764879044,2.0,53.95163245,10.19866197,504.4811144,378.2853801,12.1454653,1312.868658,308742.107,311763.5552,65.34143607,1.029576578,0.541722618,1.0,66.40030951,23.03682046,1228.103883,150.1983743,7.434287287,247.2795433,348531.2488,708213.4964,43.66811089,0.539485397,0.938560102,2.0,58.44663826,13.04007109,2012.887747,1057.333715,13.37838552,1318.900475,240552.9265
849331.5311,70.69869143,0.27890388,1.122209735,2.0,59.81211487,18.26540637,1223.164564,1592.742828,6.831528742,1806.104251,133451.0642,605876.2128,39.86225627,0.928184685,0.993693596,5.0,94.98060506,24.27463876,2041.346617,1487.371718,5.571068608,1182.930162,282347.7956,432936.0065,22.31643563,0.225859792,1.160802603,8.0,60.96543626,22.89761307,2450.579308,1229.566103,6.42026248,166.6356017,126959.5325,891748.2592,68.57626568,0.480981313,1.042344475,7.0,98.87723207,19.41907155,709.2839932,524.8495811,7.7887825,1501.248041,311525.5971,700534.0615,31.8193959
0.955716102,1.471439322,1.0,55.57671221,19.08941576,1095.239837,1801.174941,14.08673072,858.1013195,70720.33393,382123.5851,66.85377402,0.776207566,0.793401269,3.0,85.87867441,21.61731106,2065.651623,1940.010715,9.754800101,542.5147475,278975.1089,478765.1001,65.65074373,0.239954822,0.691809542,1.0,78.84343872,16.01010265,2523.390179,491.259922,13.89045565,1992.298745,492122.2406,884546.0509,60.45797688,0.832325138,1.435103913,4.0,96.16116599,22.36635073,2814.363627,961.8204083,5.728425622,105.6172124,400472.4205,183054.936,28.29324164,1.233939404,0.957310951
6.0,78.74449854,12.79451628,655.5854161,993.3883811,5.985634446,208.4259913,441678.9643,449403.7439,65.42804403,1.123999931,1.22796296,4.0,98.37501304,19.83683837,1630.234356,343.4901282,14.92160147,820.7754313,215873.5477,290499.5967,13.70047848,1.252541685,0.85761833,9.0,88.38355632,22.63436984,2212.705151,732.2940196,6.111994008,1740.389223,253120.4291,188031.6094,71.93544219,0.870818165,0.728884405,4.0,99.74353434,12.2850452,1398.208393,317.9834226,5.450862377,155.8509197,145272.3986,520331.3417,47.48908069,0.418677206,0.749874701,4.0,61.15953558
22.80570639,1238.720948,1635.065605,5.789772445,351.7020983,390326.4966,886689.1667,37.93627311,1.481693474,1.051969438,9.0,54.92611562,24.14346044,543.3801674,1311.118022,5.315510462,1488.901808,131593.8529,999805.8479,34.01582504,0.506510591,1.132052896,4.0,60.44027019,20.30486559,1763.006913,1794.33912,7.291651081,791.6908955,132032.4232,676262.6482,35.73963438,1.126820779,0.837892279,7.0,75.89173893,13.62202138,1796.744166,948.2401961,6.335935842,1091.453287,59734.95343,435887.6847,53.02188419,0.908449087,0.98665468,6.0,75.89203514,14.86132366,709.3117383
1598.036966,6.734772037,540.2513225,141425.4998,807517.086,58.03212867,0.565860643,1.350655045,8.0,74.1680442,23.09076794,907.9932403,329.7663364,5.83049346,1242.590532,477292.6442,664940.1539,54.51791339,0.111746861,1.14154308,5.0,52.29644387,16.88109856,2386.472511,281.7302312,13.55943428,366.8341937,421598.7019,812525.1088,37.33504047,1.156409418,1.069266085,9.0,60.40725065,22.97615309,2607.657212,185.5822183,14.42441437,84.22638332,314472.3287,813657.0024,58.59998615,0.7059234,0.710914783,5.0,85.97582106,12.62777038,2310.348677,714.5284147,14.7717339
323.8434231,70781.89667,416678.5734,41.18334875,0.602909128,0.833673055,6.0,82.51691346,16.2061179,1694.992207,1126.395465,6.091261954,1104.208908,42536.20968,901048.709,12.68627848,0.832666935,0.599958406,1.0,57.36982506,21.72076412,1087.723073,1504.261228,9.384914884,579.5993528,325352.1573,581986.8868,34.62721136,0.808952921,0.774147378,6.0,96.78265515,22.23474505,1410.198699,1163.576296,9.555535153,94.72616341,256534.7407,454223.3015,49.87513782,1.24315515,0.862299029,9.0,80.20914435,14.23324286,2871.340279,1864.200683,9.864785316,1903.316281,390041.2377
636618.7296,13.10721033,0.596780961,1.070998599,4.0,71.69509886,13.03322365,1880.767737,1782.560483,11.97198263,641.9897554,62561.43176,181768.1775,23.78391744,1.315580862,0.926936162,1.0,56.07657884,13.62629731,2171.913058,1884.784577,8.037292711,1022.992605,150803.1775,400380.4692,18.60255706,0.270597287,0.506002369,6.0,50.9252166,24.11177505,2085.079555,1534.459791,14.29686383,1164.104589,227391.7424,418596.2424,61.78237849,0.949127919,0.751877385,6.0,79.37185037,18.79723204,2522.087161,1396.16698,9.850448935,236.6664745,170901.0013,429385.2874,42.52632002
0.668405226,1.007638538,1.0,68.53854455,10.33086384,762.0544842,738.3471238,11.90029989,87.83179238,362368.2613,378330.2103,25.79323203,1.179279101,0.708511114,6.0,98.30640349,15.53457033,2489.883838,1553.63649,8.770965279,842.3699947,407620.9589,864534.0456,33.30665332,0.465448781,1.096455002,1.0,93.07422294,15.19005686,1765.805556,603.3969431,5.120039518,287.6660291,107624.6506,587512.0807,12.61730222,0.599800167,1.087453193,6.0,85.55383963,24.60838217,1528.226422,248.1398365,14.64551137,1389.476521,279592.0185,349190.1413,67.54185971,0.695799192,1.295803623
7.0,73.72706165,15.37892238,1144.165975,1648.530646,6.649504139,642.6862382,361888.9925,275275.789,47.85612398,0.806564966,1.362806236,2.0,73.00492508,10.86055348,678.1801645,1367.992082,9.040671223,1663.627143,224166.4832,568594.2905,26.77232679,0.30869086,1.195838496,3.0,97.97614645,15.81596365,1131.995392,1588.179276,14.72308614,949.7526495,49758.2084,643770.9405,63.06716613,0.269725704,1.36925166,8.0,68.43972213,22.94993963,2568.998563,582.1666331,13.40049041,501.4911927,93327.17687,652250.187,50.69766737,0.18998051,0.861326984,3.0,81.62531927
24.07483564,2397.891603,941.2719475,11.67904925,1072.653418,173623.4494,774411.2631,50.16196467,0.23967073,1.324321852,3.0,71.71690751,21.94581257,759.2486538,763.1567663,6.387618231,505.9377975,206866.2387,212386.3154,52.83693725,0.636704978,1.065838926,3.0,85.018997,21.45526008,2290.719381,489.5708572,8.974810172,1263.566658,255586.3895,58692.72146,58.13940595,0.100211333,0.903078491,7.0,70.82865639,18.42257243,1904.895348,554.3695551,9.785254549,1540.228201,194093.8679,544245.3164,55.93275894,0.981802819,1.017614775,8.0,95.60400141,20.56653932,2351.555054
113.858734,13.06404489,56.76825382,340885.046,914773.6274,60.59289734,0.734836429,0.591437898,9.0,82.62519488,22.52225854,1285.511857,1617.06039,6.496371147,807.4781041,310158.8692,580710.0663,30.64954813,0.38714529,1.372238446,7.0,66.82371245,23.6603829,2539.65034,1989.845755,7.177800598,717.729864,406215.2222,818075.8697,22.9755845,0.722679851,1.115457386,6.0,53.03947781,24.75791288,2798.159949,1677.169306,13.94357989,327.6888906,112084.1663,478315.9933,41.06346059,1.128988899,0.860449062,7.0,85.14536363,21.16316307,2204.88095,1283.735589,11.91364333
941.0064341,48020.96712,662292.6935,48.5715524,1.361710732,1.076710031,4.0,66.21775238,22.35512894,2126.219096,1496.567608,5.932365015,942.7804277,479544.3846,386796.7844,53.65893644,0.230866998,0.782948201,5.0,78.08026848,10.92495556,2073.694728,803.8932469,6.499952835,1353.55477,297949.6392,78856.64585,64.07903806,0.665585777,0.872932782,7.0,70.58433957,12.06804521,1625.00069,203.5045126,9.533687291,1996.6611,228088.5967,757141.6767,34.36297773,0.385655601,1.223286685,3.0,96.54402939,12.83738259,2212.385613,1045.777873,13.25884633,1908.268472,115966.7148
960527.2357,68.06936801,0.222368745,0.865788389,2.0,98.17216758,21.54155342,1097.825817,507.092459,5.356472802,1248.093783,445286.5586,553051.0014,29.46760771,0.250658889,0.717556485,2.0,65.91950962,22.39074428,1360.195416,1889.556681,6.713454275,1499.881294,278292.4378,933742.3736,58.08676061,1.113977961,0.78801679,6.0,74.94568671,18.75394507,534.7910391,1809.769934,5.063586107,1580.03324,126607.2718,900331.9057,31.19972254,0.292464199,0.595343963,2.0,57.81442104,22.53121816,994.0679082,1324.918486,14.29495622,1764.394339,488014.6839,947163.6269,20.9741
1.30722396,1.133619351,1.0,75.01132498,23.23113545,990.9944295,872.2901532,13.17073669,1282.599898,270078.9309,381140.4235,49.6503318,0.211375719,1.377264463,2.0,81.05425342,23.16254941,1031.033142,87.19641015,9.420664726,509.766169,412974.3855,322706.0017,71.01174429,1.373063034,1.03337374,7.0,93.4874527,19.37909032,2371.646082,790.3400979,14.35074187,840.1325966,441936.2653,467188.3865,47.58572061,0.393227205,1.019255172,4.0,57.80638555,22.75164919,884.8435545,203.553005,11.18707772,1790.078272,307688.7993,596285.2483,32.13771957,1.339669512,0.820551065
6.0,65.32639396,22.73430995,2261.898651,1096.490898,7.143937392,227.1836064,73185.47239,622174.5963,63.8833377,1.060849071,0.586123563,9.0,94.13759753,17.94854738,1681.534601,350.4683015,11.81547329,348.700913,283127.995,485075.493,16.33284413,0.372284908,0.812114395,1.0,88.3327194,24.38103089,1309.608964,842.6011286,10.63709573,675.4687101,80992.02149,940714.9638,50.65270057,1.071260094,1.182534266,8.0,80.3893923,22.05902147,2029.978566,1088.044789,11.56165716,1400.842237,47178.50415,854895.2524,17.37435822,0.108502636,1.478807858,4.0,84.69244479
19.01605674,1085.758392,294.6375616,14.61454491,1792.518506,385207.5483,531928.2148,68.36573586,1.115105621,1.440604189,2.0,75.49580649,18.08164831,585.1951395,72.61347968,10.73220119,71.42426982,157178.51,264282.7635,22.36070811,0.111358648,0.599731333,4.0,84.79452256,20.7078845,2647.540642,190.3658647,6.367842677,1613.416117,311860.0251,591649.1919,53.04314995,1.089139256,0.989372534,3.0,55.11453008,11.28591344,847.7019451,1795.997964,6.776042818,186.5768224,407743.5142,381948.276,55.75933674,1.18352005,0.500494309,9.0,78.00930943,22.72033072,869.2677901
210.7479062,9.462868232,1886.902145,275649.9712,332684.1551,50.01783573,1.389082419,1.371764533,4.0,73.66370795,13.85571334,1290.393,1531.719029,8.563354871,774.0199583,426874.2313,995661.6559,40.01406869,1.284465539,0.920360199,3.0,61.70955446,22.02165101,1682.812325,658.64762,5.12558244,476.7605986,299913.6351,617003.1664,46.51535172,0.251625144,0.821160411,9.0,85.81492013,15.08537116,2184.913964,1867.472833,11.50645694,1426.345292,370466.5922,520022.5218,32.49282394,1.363707146,1.279496626,9.0,58.1382362,22.66312886,1657.780739,1029.729566,12.12940069
254.9148735,260549.7267,142597.0862,13.63426603,1.34358459,1.05253299,8.0,77.68407486,20.11810354,2650.936312,1376.305741,12.32976598,689.1122125,197494.3125,202009.6562,15.301743,1.257406622,1.211032407,8.0,79.65211258,11.21136824,1892.077597,173.8546814,11.72054704,418.8000485,171501.0607,530056.527,48.76004664,0.179941142,1.420982586,3.0,89.78673303,21.61077423,1184.280634,372.2773807,14.17982168,865.0738123,12427.63786,455885.9031,71.68096687,1.294440152,0.818628642,3.0,52.3978899,11.36410674,2499.937295,1133.164276,10.17875761,1763.717812,243780.2517
182427.1893,18.61078185,1.043810061,0.843203935,9.0,93.01092275,17.23081832,829.6163913,824.7691331,8.37531819,847.4180704,50516.73151,54166.69805,30.82071142,1.111578316,0.679870953,7.0,79.87104756,17.56599563,2813.322842,1923.780174,12.32373379,1471.709467,402459.2865,700236.4102,22.60329567,1.170774224,0.831313959,4.0,52.96557519,23.60754626,1537.155008,307.0678067,7.038043318,1937.933172,72545.92011,341953.8568,23.06993452,1.458660896,0.92636629,1.0,87.37824417,21.0304626,1934.062544,1033.814919,6.774868913,325.2282018,273943.3563,78755.97527,28.47185198
0.956230559,0.856833226,3.0,77.18148619,14.43417284,1432.621848,143.1855118,14.90647936,1560.428172,161981.7525,933936.2542,61.38257528,1.102164157,0.962068869,8.0,61.38945436,19.25727778,940.2118701,1288.515292,10.21228862,1089.24246,133184.2943,424695.789,12.61493574,0.386189133,0.726744068,8.0,79.07522772,23.85716205,1779.572349,1744.345707,13.91037703,1470.703398,204876.3785,377819.8877,31.91905992,1.217081154,0.716183915,6.0,85.93538362,13.76247285,2693.634178,76.81853583,13.15425539,1939.289859,181705.4612,479731.2436,52.90997369,1.353572026,0.666539177
4.0,69.10186336,19.29692773,818.2715961,1781.648347,12.72302118,1037.540445,196538.9722,823727.8345,66.15636765,1.206489972,0.994865032,2.0,70.44328889,19.87478613,892.0089504,1364.927891,12.09050952,1423.351676,103476.272,504897.045,58.65862897,0.657489269,0.800839816,7.0,89.89756804,17.45313586,2521.816659,1955.862334,10.36786818,125.6650253,313967.1596,232422.2739,35.66953727,0.909494438,0.728368519,6.0,59.25490706,17.30228227,1471.815146,143.3608271,14.45673939,159.7014769,35043.76845,141088.6859,44.7708061,1.362661042,1.490196466,7.0,94.21873181
22.8531037,893.4271201,1822.020107,5.157222965,495.8422388,438530.9679,397547.8385,31.51736348,1.147229048,1.285404035,8.0,92.72794362,10.13614759,1413.987663,492.3348924,13.16412675,624.0609931,427354.193,93533.65028,50.17430611,0.533240694,0.653981708,6.0,78.74226219,18.06087432,2894.649318,819.54242,5.073915566,776.2977211,386014.1365,86261.13601,44.75815284,0.615772994,1.478073817,7.0,79.89100529,22.70869694,1512.119944,771.3405941,9.854360072,1580.102383,226899.2061,286758.2586,39.56307461,0.851402319,0.808690203,9.0,90.61943999,12.35433071,2281.872136
701.3920595,14.45435094,368.5911315,389626.208,765014.3514,25.15920717,0.504986546,1.04440578,1.0,87.01573466,15.93636763,1622.476306,1471.94399,11.54826546,1912.179266,302164.0292,108439.7003,51.86420039,1.392533208,0.542800541,5.0,83.98530828,24.11753816,866.922591,599.2953765,7.032849912,1427.632654,205599.9439,290527.9576,65.6218208,1.489571519,1.230482554,2.0,60.62723511,16.89182196,609.4533254,1653.697013,10.59149179,1333.949834,408389.2547,792784.018,40.53399262,0.953023233,0.725719569,8.0,50.31082422,23.02676383,2624.931492,1607.748562,11.70918818
993.3986794,37419.92782,70281.31996,44.95457125,1.356218297,1.173575354,4.0,74.82819902,14.64564046,2605.764755,1714.868005,11.43451071,682.6990774,439967.1892,51708.40843,55.27975332,0.533055643,1.313425593,3.0,58.93741979,14.65416997,1313.716819,1000.232736,10.70752841,419.599389,209711.2945,816674.5026,51.71282246,1.138687808,1.045515342,4.0,96.15170419,22.55049659,638.2856314,444.9077101,11.29276018,1114.281376,217063.6721,796797.2794,63.57982482,0.538449275,1.058151958,6.0,73.02113262,11.52588572,1895.91802,1391.936612,10.30603426,1161.960405,196117.6589
306413.3058,71.7410855,1.117527065,1.025661465,4.0,66.42723788,10.56408638,2328.227913,68.08607023,7.556608705,871.9649693,330241.8982,438941.5547,28.79532172,0.416677082,0.929613974,4.0,93.45329018,21.27536328,2990.794978,201.2493836,14.91058923,242.9133664,325233.1523,696318.5585,61.14475077,1.198320338,0.806251492,1.0,95.39006609,11.28003786,1554.288937,170.9301122,12.57448975,1269.954943,24831.51998,270000.0945,71.3816102,0.10058264,0.971197116,4.0,61.03095152,11.50912438,712.0044802,1417.081029,6.450089191,362.9999483,385251.7816,488873.9601,70.94590497
1.027265283,0.749385076,5.0,89.89617208,16.06010743,580.8206132,817.4420348,7.715641288,832.7505218,227052.7253,861121.2948,52.98302595,1.162758486,1.499133796,2.0,77.13350725,11.82553194,1131.312598,601.84733,13.56147519,1841.133247,43073.93498,881888.8744,51.15595865,1.116905526,0.704261318,1.0,68.90184675,24.87094614,666.6610394,268.3737241,5.627579458,1714.02467,415897.4588,534037.7336,27.85401637,0.366288295,1.382096699,4.0,96.00488527,22.16898545,2338.607915,1024.43027,12.51695374,1636.799268,416985.1334,657937.9755,18.34757803,0.845526757,1.478593766
3.0,64.14788017,10.05166865,2403.918661,779.0734064,10.11750897,1123.676546,155668.6836,132475.0801,38.10040874,0.130166629,1.174097018,6.0,70.90790832,18.01375878,2072.933148,965.6381039,12.59213748,520.7151786,318148.8692,239219.7164,45.88105418,0.686381974,1.110409102,2.0,91.3867383,17.87311699,782.8302521,431.478206,9.636205592,543.2035293,461947.1524,449548.1439,34.58414578,0.102191511,1.384280033,3.0,74.29777721,11.75900867,1400.617756,630.7254218,7.729929,1354.282402,361435.6553,676404.9056,48.56959969,0.879347882,0.629368661,1.0,81.33516939
18.73785822,1139.807395,409.5564618,8.628002278,128.0289556,280237.1558,457243.9217,57.7660168,0.981651261,0.909065442,4.0,84.8737329,24.3177988,1895.169782,1466.597697,11.04636451,1710.375844,97009.6568,983045.8046,20.33087832,0.209998549,0.704897444,7.0,59.38640966,18.19935155,1777.797179,634.6990275,14.96654514,1407.829885,85976.90686,423718.2405,12.86944525,0.405494063,0.941808544,7.0,78.31751505,22.03318992,1775.992632,427.8846619,7.820235294,1866.765166,211374.4245,308375.844,35.62599394,0.283439849,0.55481029,8.0,86.74010166,21.63615386,2645.442711
747.0155177,10.96287648,183.6639882,338203.1515,947650.2437,65.0762632,0.107567833,0.784859913,5.0,67.30838478,12.4134385,1629.287703,162.848895,13.22693325,1739.123469,363637.8508,864901.9627,40.0710038,0.332020312,1.290544357,6.0,70.18900797,14.5195633,727.4353985,1531.943003,11.8590905,1043.149072,327469.9709,75984.79781,57.00004384,0.468735564,0.797936216,4.0,52.12498074,20.51474479,1240.07381,1463.462018,5.698510001,255.6646958,399780.5345,535780.1594,29.05321596,0.880216904,1.014466131,6.0,74.18507249,11.1464056,663.0705377,1674.722279,6.291202241
1715.703221,304325.4572,149288.1355,40.66811493,1.271457213,0.838801998,1.0,68.84291461,19.63677118,1726.313658,597.4695234,11.38806725,160.8092763,168199.8327,469379.8281,22.85905127,1.149522904,0.9368005,3.0,52.8331806,22.39552875,2850.990307,1327.006004,10.30215164,841.1384599,463203.6913,325904.4699,19.93490116,1.194139454,1.264401269,8.0,78.76315652,20.66860054,768.7005393,1970.770694,13.49904058,308.5751123,15465.66054,139354.8856,40.20972378,1.386078083,0.682415028,5.0,80.2720783,18.78011822,815.6818843,599.0109631,5.237161009,143.4821573,321492.497
370503.2287,37.06597192,0.674928525,0.891577537,5.0,73.9505774,13.06222052,998.2115704,977.7782866,14.68421237,1885.50267,464687.2399,790360.5517,37.82547046,0.319847817,0.576417687,9.0,92.29678116,24.66248806,2330.059639,1453.187585,11.69057763,525.6145256,112767.024,591738.2982,33.85439604,1.147215663,1.362275018,9.0,66.82402738,16.37537277,2638.238853,710.5814412,8.245658485,1525.114347,395843.3294,267149.9598,19.92347118,0.329140747,1.422099908,7.0,90.54456379,18.34634576,1220.946403,570.24032,7.900719106,1526.66254,330399.6463,715601.828,62.98093507
0.814019669,0.51147553,3.0,91.77479169,17.48104181,2158.420557,474.8148915,7.167293224,812.954247,200977.7123,338534.3356,16.2975483,0.840765536,1.038378677,6.0,72.94690556,18.88183975,911.1699539,406.8978731,9.256224729,1497.43103,357272.2415,922018.4313,20.76898884,1.254226142,0.690130897,7.0,70.10314992,15.07896078,1751.125109,1566.289283,10.0948473,1049.109654,454268.3838,881426.4558,27.55301236,0.941996828,1.151548292,9.0,94.30882963,20.26042922,1736.888349,1905.153389,12.37007662,402.3736911,340819.6826,103446.5808,31.19006227,0.622490028,0.58343253
9.0,80.39584304,13.566889,842.4207928,1478.097555,12.60047332,1311.410105,173412.385,511307.1203,57.71487456,1.499024329,0.897428318,5.0,93.662192,12.07762192,2120.17538,694.4393158,9.976304138,1693.126032,440258.2824,180332.9043,34.45197451,0.5265234,1.052598228,2.0,62.75854395,22.24647746,680.8539742,696.9141951,8.827087308,1007.78574,284895.1787,534580.8665,68.74231711,0.346991909,1.006355599,1.0,93.49564956,22.62738506,2422.068006,1135.268211,11.40092406,585.4164072,353484.9818,107431.2727,32.72648081,0.132723678,1.072774735,9.0,86.13536707
20.58442886,860.2094661,1577.804352,7.782659249,1967.769423,156732.2823,390824.0771,24.29087897,1.089942534,1.0608567,1.0,72.73338922,14.38716117,2809.618962,461.233696,10.19120743,209.471276,261398.095,214599.4846,26.39618583,0.382611528,1.223275095,4.0,74.75689755,20.49399725,2876.758445,358.9345218,12.93757845,853.5434964,21419.47892,604372.0355,23.73358821,0.349838829,0.921765081,7.0,87.88623225,17.81392224,2993.226478,351.9758546,10.2729325,62.92505135,88420.28634,321282.6261,45.12800847,1.454530616,1.119330644,2.0,74.01371745,20.9134001,1045.699845
248.674417,9.101045278,1801.555758,366034.1541,68502.74725,35.20795532,0.594300214,1.431770504,7.0,57.37052276,17.3970823,1271.094841,579.9752294,12.56540521,1640.586963,372514.7302,869343.4395,38.82951972,1.010311214,0.955225485,2.0,90.76572893,14.76112352,2962.435383,1475.650436,14.82590127,246.4743179,209579.2324,779594.1674,54.75487647,0.764587685,0.61723218,4.0,74.61182444,20.55080823,1467.010865,1054.774585,7.624080286,412.4714973,100238.8458,340296.2121,25.31052745,1.165004952,1.414020253,9.0,61.72494149,17.84055261,1441.359384,991.0346381,11.29824924
771.8381463,425421.307,790026.9946,44.49792905,0.49970537,1.459366074,1.0,70.75676031,14.15601556,2058.21126,1102.158337,14.02060774,265.5862996,364948.2028,566426.0763,52.93632007,0.19335488,1.173321344,3.0,94.4147067,13.9396469,2928.959701,1494.315384,8.277470965,592.060745,46367.26138,479627.727,22.84272971,0.354209356,1.220433093,7.0,56.36315372,16.74015113,2396.638545,891.7484216,5.365741388,396.6737091,70319.19356,750019.5651,51.76750753,0.806932477,1.348607805,4.0,90.39661,11.96620048,2371.07402,551.524124,6.75011302,1424.139469,234643.2608
895511.8055,40.75030299,0.462563113,1.452414997,8.0,81.87859284,24.16160923,1088.305125,688.4746076,5.595817289,269.5293819,455745.5139,652650.67,59.64752402,0.678398434,1.262309772,2.0,99.18451878,10.68182119,2489.606763,902.3661398,12.70077567,1109.512951,480979.6724,499902.5092,70.59690953,0.296070191,0.63906784,9.0,71.96221099,13.20963039,1528.434743,123.1141379,12.6596476,797.3619343,145600.1176,129743.846,45.90206023,0.714055814,1.179701245,3.0,89.80252461,21.19952949,1464.117274,804.6835304,11.87578817,1252.270074,384714.6027,461157.222,65.79506234
0.104731865,0.954505846,9.0,94.02021646,22.43233104,2531.105984,561.6934341,10.65270726,1297.228918,493895.8334,320893.2698,30.41882573,0.385302143,1.264504944,3.0,96.53720713,10.40342733,2081.859254,1711.642932,13.32002245,1234.852498,183297.4946,670517.6332,30.56803156,1.100219944,1.060599072,6.0,62.8865669,23.82119025,730.4000313,1760.570586,13.88994987,960.3954064,239643.7367,691542.0249,57.19153614,0.175301559,0.795893097,1.0,55.90346658,23.94911385,2915.440762,758.1107344,13.55949933,1357.579041,471464.0684,818414.9044,49.60812749,1.308819329,1.230463325
5.0,71.8426577,11.12405716,1493.908591,1279.968948,11.59002414,1515.524407,317587.3612,583011.7544,29.8768395,0.198997313,0.93380175,9.0,82.86562826,10.69953554,928.5279751,1899.877292,5.281447935,1151.206226,342498.8017,357777.979,26.75687948,1.242686399,1.251371992,9.0,76.60611622,12.25630316,568.289574,495.4977038,11.85981609,983.0555296,28916.93832,93070.13067,16.16368473,1.196916237,0.74163649,1.0,77.79094171,24.41802659,1510.544267,968.5422114,5.416479451,266.4432738,410382.2926,953567.3725,15.96509223,0.989371515,1.377504214,6.0,92.57759859
14.74407139,1846.089816,1586.110523,5.80063936,1244.718181,187423.2977,882495.9698,39.56425567,0.518555274,1.477830454,3.0,71.91678197,10.18916864,2585.849624,692.0631208,7.925640098,929.0503871,338954.5999,88174.57687,67.30323622,0.729956341,0.910143672,4.0,98.54117853,24.4751697,2253.489839,568.5028501,12.31377745,1540.665414,153344.5095,188972.4111,65.27992313,0.312993995,0.714787426,6.0,68.74635221,18.69640948,542.9950926,89.98699786,14.9496676,543.1255928,159108.1894,145984.5907,68.2541824,0.744740459,1.066168364,2.0,81.91626861,11.47550356,1889.103782
1085.569663,11.44917161,1233.40827,322523.4856,574743.6541,13.91366174,0.495652919,0.633602836,7.0,83.47019711,15.43850201,654.1635724,1143.6928,7.699516906,529.5452744,146747.1897,960712.7541,49.09907245,0.907682943,0.73219096,7.0,71.99982078,13.01344996,2613.145079,1705.870702,7.6599094,604.6947446,304000.4012,545128.0648,51.231313,0.686939901,1.247221062,4.0,56.19840713,23.744104,1925.086074,124.8123072,12.19745004,1573.048811,161468.2514,71242.86178,43.65412633,1.167700155,0.543727878,5.0,79.84384176,24.99704335,1644.303015,1576.451141,14.70451524
502.616169,164426.3189,933017.4663,20.2798166,1.480065213,1.192015188,6.0,85.17787223,15.48029272,886.4263763,272.2913032,8.613753142,270.8904876,60363.66882,850656.0918,64.31048852,0.181000521,1.409050917,3.0,62.441082,13.95550296,2143.305698,558.3285567,6.309418844,516.4835575,406011.4453,115680.3444,53.24885103,1.148493251,1.283175463,3.0,71.17365934,10.60689729,1481.410761,1902.154479,9.201779024,1659.283428,280078.2774,997181.6495,70.54085073,1.143673404,1.440046354,9.0,97.77461905,15.12508458,2947.947521,555.2824435,7.418693796,660.9152481,54330.7559
891532.1886,56.78955009,1.155324368,1.084636781,4.0,81.71026323,19.83196421,1300.430892,91.43987769,13.39855755,155.5504126,127673.0511,176965.2278,55.9819384,0.109383337,0.75298796,6.0,67.22637721,22.20825677,1971.852057,654.2609148,6.686103618,235.120629,33649.22912,875400.4095,50.29374823,0.321103215,0.789125706,2.0,74.92915731,19.69080098,2592.112679,1794.532973,5.898323429,1776.566538,261304.7549,993968.9836,35.01095127,0.606458115,0.655292189,3.0,58.67874505,18.69270513,1143.176528,255.2002598,9.279358192,1096.525811,108052.2984,149512.6752,59.21946686
1.127211319,1.437832013,8.0,56.07598183,16.05151795,1181.884475,1790.844403,5.537587661,696.3344642,443570.2615,986330.0868,66.41456083,0.628901755,1.412692592,2.0,93.80030203,10.36508054,1195.345579,247.0565118,12.56096418,1098.177792,22233.31449,956502.6471,61.08364925,0.735278086,1.428773317,7.0,64.02880123,23.39345286,2356.66447,1788.573651,7.548321082,1142.365724,443939.9699,655746.7739,71.61992035,0.867326885,1.129712987,1.0,63.96788555,13.98516793,1814.575071,1830.540958,5.06637521,1575.401741,161777.1239,572896.031,30.3128939,0.698980428,1.222517593
2.0,78.26519061,22.37753499,1498.2242,448.8957451,7.576488894,1190.927169,71402.34824,690041.0527,61.88722252,0.157498892,1.372575008,1.0,75.73651592,13.87823889,1576.429994,1682.683801,7.067593047,1944.541895,424869.2995,82749.24828,67.37359461,0.89049115,0.964229285,6.0,65.86484904,14.22455023,2771.733643,1814.090306,7.231079131,1750.506459,225119.2639,999811.9278,54.63187009,0.134455293,1.496469634,9.0,94.24836778,19.16114802,2362.888588,1706.676668,8.35407973,1316.814173,398939.1323,830740.4743,26.70852751,0.610183225,1.247941651,1.0,77.67621918
20.5844737,2416.663727,484.693934,10.95085396,557.2562809,43844.64659,986244.9248,38.65984652,1.079704533,1.354802559,5.0,87.29307733,20.36535201,2390.429472,427.8228615,6.172464345,841.8452175,307914.3313,323304.2811,31.36385984,0.747167406,0.796276654,4.0,96.40767133,12.19866738,1905.923541,398.4511298,6.702689613,1752.276685,179325.2526,260722.4825,59.08053192,1.031555741,0.578425686,1.0,66.91111403,17.05727634,965.5039339,799.4397996,8.801820259,1569.072091,126477.5518,457960.8488,36.87107038,1.26853054,1.271197041,5.0,65.50173983,17.56722904,541.0038658
861.2905048,6.821482536,281.4243621,204332.8532,158789.9332,59.92707328,1.01937498,1.069794736,9.0,72.70975507,19.70460935,659.1855146,1330.157776,11.22465791,471.6837234,123173.3628,939730.11,44.99556927,0.303356761,1.353769362,2.0,96.82299168,15.76096667,1201.483038,856.5464087,5.738155621,666.4795398,222702.124,676738.9649,56.04247422,0.765872917,1.340480402,6.0,52.57751955,15.23155315,2852.796847,591.9723807,12.77014375,1816.79432,185573.4435,213812.2938,60.51905968,0.484630662,1.079191367,3.0,89.31332827,21.07037701,993.2412978,1282.971128,12.9561102
1783.194398,475646.9486,411222.7828,38.11546156,0.493146002,0.971284886,3.0,52.91803294,14.8119612,2456.057382,1216.579661,14.98393567,330.6180349,408913.5702,729984.0609,62.77460236,1.305929381,1.094458086,7.0,82.79910155,16.81515192,777.4764795,538.3051463,12.7031338,1797.501725,374193.861,158918.41,15.56128622,0.286927122,1.086587794,2.0,98.10680782,17.07090333,942.9746798,913.1114828,14.4856549,670.6977198,64542.62665,674707.5796,30.82241776,1.225868222,1.34982141,7.0,52.63197947,16.79686531,1579.749571,539.7920229,13.77969596,1682.618412,470657.7144
711809.2796,41.29182822,0.9414683,0.639451342,4.0,88.32940661,11.37470926,1626.364556,691.1239833,7.286178278,1676.416123,340804.4122,634415.4324,31.14786211,0.929910102,0.774559862,6.0,65.47679912,17.45324991,683.9205715,1671.78654,9.082201296,1295.194587,396863.6768,908328.9,44.02541761,0.551023712,1.160513151,1.0,69.56290848,24.19857377,2518.260264,1933.312189,5.723345098,357.1816889,453704.0768,939589.5086,24.92045905,0.912649626,0.604617443,1.0,85.98229978,19.69462814,1247.849524,1520.466648,7.256666354,591.3211131,367330.9455,797160.5581,18.2193295
0.168973009,1.018325971,9.0,66.33526798,17.51046366,1993.163309,947.4361395,11.78818744,327.5769849,330946.6025,200645.6674,35.61002367,0.257394059,1.120435503,8.0,79.03937115,14.78317428,1514.299319,674.90607,11.36594724,1460.222625,118388.636,769569.6542,51.53225582,0.439645014,0.829785059,2.0,86.46565077,10.21983831,1498.657401,885.9491876,7.265604458,714.5806544,464464.4995,382313.6094,18.24058778,1.140698058,0.668430864,9.0,94.93923878,24.72512935,1846.749819,372.1193437,7.07874049,386.3446589,424284.9029,640327.2097,66.26748324,1.238802713,1.102981355
2.0,68.54993456,13.59746667,1399.404508,1763.216619,14.26467922,605.6498739,441674.3071,970627.8479,51.08436515,0.705080412,0.620869767,2.0,57.87716308,13.78182841,596.641307,1917.900356,11.3566779,625.9624929,437080.1315,588783.096,52.54555915,0.388397073,1.382398255,2.0,50.63385052,13.67085696,2945.464895,399.1629627,7.928567297,561.4704672,387895.0259,112771.8471,30.20924294,1.105036143,1.217983417,8.0,60.94137875,11.30168169,2394.176977,1691.747411,11.71831687,1378.673233,345955.1148,430823.6626,18.30754713,0.387159312,1.236594962,1.0,76.0373871
21.12690942,2501.288913,480.8667703,5.975341821,562.207704,144730.6253,527552.3102,48.27599075,1.332727417,1.154397105,1.0,63.19839225,12.96758826,2150.50342,1891.636105,8.444982621,1186.962257,358965.5883,64008.6458,47.86530937,0.895301924,0.860996166,7.0,86.57679142,20.15348892,982.3061522,1587.288704,12.95189296,1492.664373,355316.6185,953549.9275,66.93178828,1.29588357,1.134121436,1.0,92.05380047,10.98622643,914.8780644,810.6538184,5.907497918,1102.683417,403711.9498,532047.8097,20.66896339,1.461847873,0.543694714,5.0,92.67834635,10.37825078,2554.907468
1608.324458,9.140081106,333.1984332,14690.67412,404165.4449,70.70140618,1.016387445,1.152033343,7.0,68.66820731,17.2438557,1952.628128,1792.690934,5.942867946,1377.956968,321613.9531,422227.0732,70.7697741,0.23889912,0.696794319,6.0,82.31923173,20.25065813,1675.67618,1396.559043,8.66188853,1034.281075,368106.1017,829778.0202,43.04301871,1.222059162,1.405424312,1.0,76.9372435,21.74339869,1705.873869,1288.790922,14.10780881,1264.973705,179041.4878,221844.2791,32.77365265,0.386051559,1.344502079,6.0,57.22796525,10.68415156,1035.688092,1728.317815,6.971894963
1229.635051,460969.3306,171119.7689,69.8007968,0.46405305,0.892928067,7.0,89.06882155,24.77926288,2147.864968,1795.798084,5.281269904,1129.269868,258587.1364,177985.8081,66.01338882,1.050832099,0.744201258,9.0,87.98641976,15.5034599,2077.435603,1200.537084,14.37097513,54.31473285,288743.7989,309279.268,22.37244915,1.007812663,1.112751238,1.0,59.81229432,18.94946002,2108.799972,1094.478138,12.86475963,1450.455119,25005.54897,568632.1973,68.434514,1.343099637,1.008510447,9.0,54.46563957,16.19108332,2459.275816,262.5761761,13.3262764,737.7656515,471660.382
604154.8463,39.14426631,0.926137817,1.211224637,6.0,77.06404265,21.02503921,1257.289156,694.5284325,11.60956647,1639.985814,13240.28767,470107.7461,43.43201761,0.453684247,0.747924005,2.0,96.71799663,13.93863469,2488.567277,422.6399226,10.93711337,1531.352901,264570.0642,870715.816,66.66745152,0.241454992,1.437443651,4.0,97.89105723,12.07026223,1634.689415,492.8714198,5.382325444,299.5688315,199738.2523,878425.7307,24.39341828,1.043509188,0.985643779,4.0,82.27163769,11.19882851,1059.729356,675.541722,8.087614699,1135.413412,325380.5816,204521.1359,70.21945448
1.431095193,1.303131455,1.0,93.1732867,13.74400748,1073.470581,662.2483158,7.789510459,1977.550165,432767.146,465794.6479,58.32793898,0.527136512,1.475279392,6.0,57.26707938,24.29276284,2272.700032,1709.522401,8.527636623,1831.872557,169134.7416,943255.2789,52.40274257,0.780942201,1.227626377,8.0,84.3839882,23.75283146,1371.088517,292.9810765,10.17869641,724.8750393,321746.4007,615122.1034,27.57091488,0.591520362,1.232167882,1.0,97.01977248,10.47458092,2191.35943,607.9248084,7.267483106,136.8927991,328948.9441,650038.9949,66.55521068,0.540757333,0.966337213
1.0,59.07169748,16.85060491,1395.362734,1263.673903,14.55424384,1544.988124,78523.75328,442940.1067,12.68634943,0.863992466,0.712226651,1.0,56.71538926,10.21642086,938.1992471,459.0418128,12.75666034,417.8552256,319676.7399,942941.6008,62.91921308,0.551698841,0.571332587,2.0,70.53763714,20.34044732,2042.47475,459.103499,12.16455695,493.5200701,175053.7392,667469.1368,20.8083704,0.240493335,0.978777245,8.0,86.22775165,22.4819086,789.4537346,664.8326865,7.513532933,125.864604,466491.4315,495615.4212,67.30986365,0.950277238,1.497731838,2.0,52.51774308
18.69034103,2073.810169,1366.962174,7.148469856,1619.610166,132129.049,825443.271,20.30849793,1.297446442,1.305971729,9.0,98.23294313,11.5376014,688.6104554,1899.961874,10.48889945,712.7087116,390206.5845,74469.87077,70.43254153,1.468162689,0.801337334,3.0,50.25231629,10.89135257,1084.469552,506.3106352,11.95405442,625.8112615,448659.8379,382284.8424,39.73551813,1.12005839,0.6132761,9.0,69.08493597,20.92355559,695.0024191,307.1958755,9.870327139,786.6056908,20422.36762,153335.7317,12.55681916,0.386399154,0.520174839,3.0,81.15656,19.28948361,811.6860694
649.8075189,10.31213345,156.2557573,103920.7296,619333.0728,25.25764724,0.672153167,0.586615795,4.0,64.76638616,16.78573424,2952.9545,1279.182555,6.731707602,480.4301474,475801.2142,563864.1749,62.10747722,1.230652522,0.873214232,8.0,94.03589883,21.62287061,1504.334722,1446.942962,11.40784885,1642.774423,254887.7773,787272.6447,25.14771279,1.322039456,1.087056327,1.0,60.28377469,17.96829103,2345.19702,1308.662294,10.4521868,371.5390183,352375.5802,872456.9336,26.02488846,0.114493596,0.994106019,7.0,66.93214884,12.4947221,2503.914073,1879.339111,11.4516434
988.0824616,33022.20423,807436.4431,29.78939894,0.520129249,0.85451354,8.0,50.20530534,13.45747479,2525.329775,496.6739299,14.02418132,600.146574,59361.81842,498065.4453,12.31245568,1.499259399,1.008659113,5.0,97.54765601,12.09318847,2122.333357,1415.605165,14.20916236,783.468106,75252.15637,850753.9527,46.21667007,0.419179185,1.363260936,4.0,78.44119687,20.20111629,732.9763992,592.1936137,13.67787114,1982.381854,220049.3732,55275.67739,38.96847574,0.276586424,0.533066567,6.0,80.87797424,24.4866865,924.0985389,1723.939366,11.72161119,1564.254568,92445.82617
166319.5663,64.29921689,0.411206767,1.415315942,2.0,89.57426709,13.55198719,982.9854665,703.7791311,13.61914942,352.2214575,441766.6127,928169.4482,24.19957834,0.5215789,0.974208856,1.0,84.2744912,16.69824719,2303.20867,129.2145211,9.382539989,1025.672657,144644.4776,186601.7423,60.79379969,0.826535906,0.84456317,1.0,56.58903348,15.48651326,875.1495151,817.6421696,13.05140821,309.4432924,477256.2301,474495.3414,37.68456473,1.221785992,0.503725666,5.0,59.00825113,13.19545736,2694.844591,870.3535367,9.177139595,1147.463563,408704.7533,107261.7472,55.99879313
0.639867874,0.501086296,2.0,87.3929326,15.29386419,900.7126775,269.8896317,11.63899374,368.1109831,189460.5152,549296.3283,38.6139363,1.233774085,1.355863074,2.0,55.82766905,12.95548764,2335.460333,1739.206727,7.486446427,1397.017058,363689.9972,959848.2426,32.99863371,1.37313897,1.497884289,7.0,87.74973149,15.02204206,2183.801183,1429.612184,7.854957934,420.7720302,85402.19006,533957.9049,34.97365305,1.252104232,1.493158673,5.0,96.96175178,10.15074523,2044.546909,1606.801842,14.33567912,905.6962971,327454.6604,443749.8903,69.35458232,1.172326975,1.080823164
6.0,80.96648754,17.07068793,1304.69074,1528.378322,13.73956529,863.0848388,495353.2569,128567.3214,16.41291668,1.153222593,0.870939503,7.0,93.8902123,21.10019155,2606.717611,1106.7031,5.15498095,1326.351302,33202.76705,198655.869,12.90320184,0.187560318,0.952018336,4.0,74.57707916,24.26533693,1343.870644,969.8208181,5.226115065,1003.30935,88524.68816,902033.4861,29.83349422,1.011441671,1.087268154,9.0,88.61131785,15.54196549,2687.420684,1979.178493,9.997486552,493.2447815,76025.37851,775563.0701,28.94000122,1.159696707,1.401792353,8.0,59.42012433
18.62797859,1282.71822,1084.003936,5.478139165,645.2283718,251175.4666,78552.44555,51.17169933,0.756555146,1.395983402,2.0,64.18588027,24.91017892,2357.817763,164.7610307,10.13351093,704.3252366,225447.8387,987921.6862,32.31758216,0.348354502,0.950872631,1.0,96.20290463,11.27010473,2188.004138,498.7858306,8.60333788,377.6245347,306624.4112,628493.3996,32.10586328,1.327160011,1.165948464,4.0,62.26766331,10.11936584,1214.16335,1646.333308,12.30140464,1771.737363,294479.6685,649419.5349,31.94594333,1.069078012,1.139938211,7.0,70.0114982,20.07303762,1662.12474
438.9654974,6.223895845,1043.376244,123515.7283,235484.6578,69.72559271,1.251687322,0.770079922,4.0,94.17930314,24.86510911,1239.910717,1545.680799,10.15741864,1100.607534,326450.1376,611157.1353,55.57084566,1.152548136,0.933831477,1.0,99.52860405,22.50829942,1856.731009,491.8556119,7.372930424,711.4414011,85152.02235,74949.37297,66.0166849,0.42959394,0.818882209,1.0,79.32740949,11.81257273,2278.612598,713.9058085,8.043870272,1994.949074,41656.88307,332565.9069,37.19831876,0.798334377,1.352946754,6.0,57.33212914,14.80961303,566.8925723,1733.728927,13.14429192
858.5788626,422001.9837,957861.1943,43.56973959,0.160648601,1.069581895,5.0,60.23695384,23.60748102,2039.000719,559.6357367,8.344844244,821.1856423,129816.0769,354083.5616,20.34777916,0.657742658,0.573879204,3.0,84.29654409,23.9274778,2392.260991,1504.690773,13.01202213,160.2051401,418851.4033,114144.8883,62.56267199,1.435995994,0.631585773,9.0,57.47264576,12.15286618,2764.895417,878.8099275,5.17975825,1386.337384,292986.0439,605173.0262,38.00059282,0.525996532,1.236239323,7.0,96.19246074,17.40898254,2825.221587,1041.734142,13.79927305,734.6317686,148151.4561
511022.9107,34.72300886,1.083269465,0.60200351,9.0,77.50350348,12.72062948,2410.482152,1790.779373,8.233911928,271.4947902,310096.9922,172664.6823,61.30559427,0.838802378,1.395499005,1.0,56.92926014,16.30208439,2268.056181,1879.145283,5.952392546,902.041329,112569.0082,827061.745,28.09000546,0.759592183,0.699067172,4.0,82.8237663,23.78713931,1252.38587,79.95411411,13.01409696,670.1162724,479594.8096,876137.9788,16.09231606,0.883902699,1.205180831,1.0,74.17826155,16.36893872,699.8534762,837.7920877,7.192182113,549.6473481,411408.4861,82118.78698,53.02257875
0.118757753,0.782107253,3.0,65.97087449,18.29806981,2334.363742,449.3667696,8.030343863,709.9723389,255183.8428,530610.9931,14.72994661,0.448843577,1.381180684,9.0,69.23513757,14.33095924,990.7570678,300.1545185,10.38987293,547.9742889,76779.36483,93795.05372,33.20551626,0.695296189,0.735361384,7.0,62.47162227,17.6027042,1682.381396,679.7156038,5.017875204,1732.639345,135850.5355,875404.6039,46.23308436,0.451882875,0.674204396,1.0,92.66930414,14.37937915,1197.676894,326.07014,14.63644149,1323.521992,228071.1728,377318.7738,31.22802043,0.921100859,1.398766249
2.0,92.03525156,20.53148041,2318.97123,1354.250342,13.20009111,1041.155808,385445.9056,889314.7538,19.12975982,0.245490561,1.244923841,9.0,58.61512766,16.38558267,2427.324327,748.2389327,10.81089953,1648.051092,10092.30632,784232.7497,25.9941593,0.607283097,1.496682806,5.0,62.71378257,14.32619598,674.1713002,1772.042088,6.786579344,954.3178955,192714.98,617505.8206,36.77466919,0.789302409,0.532784892,3.0,57.5941046,18.89742285,1848.276108,1226.137146,6.596924163,995.6607992,168302.9867,815498.8932,49.67332251,1.299307849,0.939916845,6.0,73.90193896
24.98046287,2983.236787,1805.671681,8.686141997,498.2938946,48178.43725,527237.1193,17.79369816,1.384600607,0.572874459,5.0,88.7136771,21.85748454,1946.807654,1090.762374,10.65906204,623.5384533,181717.6018,854444.0777,19.08856546,1.47757858,0.693549679,8.0,61.50949385,14.2910381,1863.727526,1980.634973,14.2532016,304.0217011,423972.8561,225532.753,30.58444056,1.379679757,0.60744107,1.0,82.88042054,10.86064777,1421.50425,1975.647533,10.97593963,973.0881902,121596.1468,141515.2252,68.96117658,1.217973485,1.376643262,4.0,62.75206307,19.66444588,1751.894552
1760.474177,14.00283438,613.6412856,273023.9238,387273.1188,32.61103444,0.646965062,0.79890646,9.0,54.97964605,15.39904176,866.0199078,1560.205425,8.335197337,335.6454706,369230.4643,864871.936,47.01678389,0.657824519,1.404576724,4.0,98.63320557,18.29273178,1122.766459,1817.782867,12.55019035,905.8057452,395896.7192,122925.844,39.40446979,1.168688669,0.846013136,2.0,58.89204039,22.30825583,2371.532846,1487.763494,5.269242434,996.3255037,208293.9573,544330.1674,58.45991794,0.198043888,1.173408787,1.0,61.50462949,19.83611095,1805.189533,1289.791457,10.48818542
313.5460317,323979.8681,145046.9623,18.08471878,0.23324982,0.712117552,2.0,60.57639491,24.05516497,1746.629084,1695.868098,5.314280867,1883.389369,104972.7379,687887.791,66.93585927,1.442892553,0.563982258,9.0,66.30184461,21.75191563,1505.552277,1060.561199,7.319651739,1671.92394,164246.4762,681631.5806,65.66562444,1.013667443,0.797270235,8.0,83.22690564,16.10622628,800.3541305,1535.81801,8.418788908,944.502136,91075.47028,391365.6041,27.07875125,0.872999143,1.440699836,5.0,64.45749301,14.77773824,1133.805316,907.378936,10.07422174,329.9166316,138795.5108
52265.57725,49.70465871,0.465743539,0.587174162,4.0,71.95995345,17.58910464,1475.023198,301.8594563,7.562542846,1778.017119,309917.7023,802256.4613,52.57312284,0.95685813,1.246366859,7.0,61.49432666,11.09147278,836.9752658,443.2042111,10.35919582,1744.908511,477521.1022,969441.0231,43.04751833,1.043122927,1.057520548,7.0,58.95492071,12.48358792,2451.050282,628.2070003,9.841371047,789.7542987,468717.3011,953222.6473,46.91203186,1.050179266,0.714631011,5.0,57.34088639,21.62989362,878.3879824,1447.954992,7.649764747,518.4440042,329059.8202,522534.3871,19.8541753
0.754469594,1.169071657,2.0,54.52017373,24.47958147,864.8486588,1874.123659,7.690806266,593.8701946,375938.4234,754507.8124,31.9250956,1.403106249,1.205709773,8.0,67.92111165,22.04454638,599.6046913,540.7082869,13.40580475,1933.282218,238673.2339,624303.5496,40.03071169,1.106695361,0.779775036,1.0,67.56049379,18.18856567,1376.14205,989.601495,10.62566677,1363.289734,141319.8691,823414.4414,42.16690285,1.095742583,1.244809579,2.0,77.16670522,19.10073184,2035.642706,785.1865034,9.187278514,1785.005222,90997.50992,643276.845,17.02106141,1.21918157,1.317722806
5.0,80.5459558,13.62567289,1170.251269,1189.116543,12.00000413,142.8102422,143230.4325,574998.0885,67.17513361,0.6761129,0.826558589,3.0,67.95266641,22.29812576,1644.285749,1880.661517,6.670571465,198.8764044,422248.3089,97365.69484,30.03822783,0.707777338,0.725395831,8.0,77.54193024,23.4362011,2516.172902,68.82643876,7.771378548,365.3528221,277796.5404,542932.7834,27.58333808,0.785503594,1.084338718,3.0,55.26116172,22.83735653,1940.333942,313.2639007,9.393484885,1369.0176,64660.1563,427751.9402,64.04798898,0.928310669,0.905861968,7.0,50.63961934
15.83525944,867.5134426,1622.087501,7.193345628,1276.745306,390029.1636,525659.1737,24.1383344,0.393815871,0.972281692,5.0,69.6454423,15.16854363,2777.135047,1340.467425,5.648314362,1343.691534,214210.1231,593776.9734,21.38779241,0.151641475,0.927457955,4.0,81.80460134,17.2104603,725.1323279,1786.321062,6.760727282,839.2166002,358252.8591,761270.7412,32.30616599,0.514986425,0.783767386,3.0,98.67213622,24.60594009,1117.791147,641.1931136,12.94572332,235.9420846,450880.7913,298107.2276,47.30822334,0.811527245,0.739824451,8.0,98.85296035,17.22714048,1068.707524
87.76439136,8.985557059,1596.104138,361159.4289,532318.2394,49.15362831,0.891703021,1.495794868,2.0,64.49285039,18.02975478,599.3705234,586.6875184,9.813566341,713.8039574,422064.1735,61925.52439,56.5016778,0.307846787,0.609175603,8.0,81.51257809,16.90270001,1659.976436,396.2580018,14.46686031,1524.053381,394791.3807,893842.9136,24.3372371,0.753334932,0.505489865,5.0,69.97343093,15.94673259,2803.734658,1710.66751,8.554324776,261.3249085,303073.6707,877662.7917,12.34780435,0.71945171,1.056307761,1.0,56.78311352,16.07347002,2483.336317,363.5018305,10.34921567
935.6399146,50389.5623,295890.032,14.63097879,0.663057511,1.293693666,8.0,55.2140188,20.9290052,1569.601627,740.4343449,9.592651399,1897.206758,274485.0892,791432.3992,44.81255041,0.379265096,0.961453812,3.0,53.85481977,10.77141856,1372.165765,214.6894225,13.06699013,1387.272981,43280.59342,111012.0741,44.30928776,0.23228654,0.757905701,1.0,77.62524214,10.8839233,773.3205582,348.6799359,7.148941717,1639.225407,194293.9469,387442.2449,70.81128236,0.20836594,0.901256717,9.0,52.64196091,18.56602164,1517.013473,1852.628947,6.763938409,173.3641438,434573.619
68749.01966,58.12002471,0.635022559,0.558715057,1.0,56.5847293,14.38930917,2394.687974,1714.854513,9.33213938,1529.769709,95161.31049,702075.3784,45.18545287,1.056850264,0.983115131,6.0,93.78410632,14.44363756,1065.839785,101.9251978,9.002369374,973.148311,122353.685,934588.0763,66.05818767,1.496668964,1.427401459,5.0,96.9244018,19.43889749,1528.387541,840.4015715,11.05721442,1431.491705,432017.7731,615360.1562,38.41335586,1.444359777,1.214930758,3.0,64.09728675,24.59504777,1001.224039,550.9282113,14.42315049,362.2324619,111107.1905,916612.0111,34.81077587
1.45606095,0.527058312,2.0,78.38531076,24.33227574,1151.090957,874.8290373,5.771854457,1550.536258,413944.879,57904.09583,37.42660562,0.83928805,0.663983505,1.0,98.02971264,17.39243762,1329.797462,961.1231162,5.210403627,1382.69135,175120.8177,970434.3451,47.96530243,1.365278485,0.820900472,3.0,63.19207492,14.26124211,2143.214087,1335.98326,12.50072601,612.5176496,197374.2143,373815.7992,26.61294037,0.99149936,1.339287219,2.0,55.61209954,13.2733822,711.8134939,371.3549379,8.038047133,676.0190938,338641.5931,863765.9601,23.86624633,0.440785418,0.945942098
6.0,55.87856544,13.14712756,1631.784077,1363.312885,12.2088081,413.8775645,238897.4266,695483.3853,15.33099337,0.514845494,0.828069371,9.0,63.4336469,10.63952169,2290.948673,1127.546071,7.79835942,1974.651128,289646.5882,716862.1838,59.51359961,0.414496045,1.487397081,8.0,52.09893594,10.51714122,1297.57686,510.8004975,12.88252526,281.7489569,251675.0367,663243.6933,16.96124398,1.29288792,1.035391884,6.0,90.38808004,22.85721236,1992.559,465.0121827,13.56590848,425.6964057,244634.7827,719129.5805,39.09577767,0.749499044,0.871956557,6.0,70.4056406
11.33975754,2382.28973,698.0142998,9.397910308,1191.313125,114522.2054,472292.3655,57.29280253,1.086562825,0.957134221,5.0,80.25239798,11.72158294,1584.540618,1181.81888,8.355454683,959.4970177,325804.4144,386907.5603,65.9577251,0.288480257,1.20380615,5.0,57.41069538,17.82181221,1287.381188,1040.992483,6.670863048,1576.343935,93891.5912,435992.964,20.60480788,1.142106325,0.659898903,3.0,77.6205346,15.88048951,1597.502401,1664.250045,6.034247891,452.8557697,46197.25126,308317.3904,66.19736403,1.426863832,1.398568081,9.0,62.68459916,14.91294615,2150.580477
1282.37717,8.467008669,351.4377832,195584.2553,865804.2522,56.35836417,1.259334576,0.736237162,8.0,50.24551649,15.36561959,1269.57624,1271.101502,10.39767977,1091.624172,228055.032,611372.2055,18.85418756,1.125281399,1.240853156,9.0,61.44066465,19.29670985,2807.70679,94.66448735,9.453792963,473.3324273,238018.0264,188725.7396,27.15028745,0.324923261,1.059181334,5.0,66.75353375,16.63115393,520.8291706,1786.856776,8.150681732,1758.715554,134516.9518,225942.4979,26.63265467,1.264802471,0.60693433,3.0,74.51549031,24.91462221,2489.76623,530.1409458,7.512101127
1976.856707,196769.8809,304471.6671,20.23960433,0.579452584,1.265648781,2.0,77.45662768,12.57356871,1795.816569,1726.017134,12.45928836,298.5524359,256504.8722,435407.6896,48.92529356,0.165356018,0.88136426,1.0,65.26014339,24.23782622,2359.761184,1249.676126,13.01540021,1912.76724,64915.25043,77068.85688,43.31011812,1.382084334,0.930198589,8.0,61.73789611,18.11934002,1429.077122,477.2037434,6.921954779,465.9414725,84353.6161,460835.5679,29.87428935,1.295694615,0.820556609,5.0,61.40129612,23.45058006,1267.702564,120.0368888,6.918316574,1530.393997,106471.8875
704652.6922,61.8058413,0.545655378,0.982797727,3.0,87.90989457,13.82485805,1071.621868,102.2771903,12.05653329,659.3524738,122999.9644,456791.1106,44.2210039,1.008576897,0.952019565,2.0,93.51490569,14.93555787,905.1407763,1416.341878,10.93867768,1640.618525,85283.89971,747624.1156,31.54215521,0.374183513,0.617706093,5.0,52.85567061,13.54431523,2295.732154,1686.543831,14.70134139,1798.228034,286265.5623,646673.2457,50.4849417,0.501797189,0.58636527,1.0,76.37997111,21.90358659,1329.586759,600.1679534,5.272281743,1603.893347,111238.9194,95854.6603,55.19883564
0.687355576,1.380082385,7.0,64.56859292,15.41297226,1096.075853,1839.715619,8.389246168,1483.969298,142985.3049,472630.2112,54.36000891,1.221865107,1.068380058,5.0,68.70755604,10.53841058,721.1232504,103.5122,5.110126177,408.5666683,451748.9068,708179.9171,14.66483932,0.947734727,0.92111528,9.0,92.92072381,19.43630692,2971.896095,1458.656268,14.3336336,818.5097852,379463.507,607353.9146,14.48120621,0.67808844,1.052819392,4.0,86.88045552,21.548069,1719.955319,340.0102509,5.046244571,1861.5653,276355.6445,755293.7205,43.93448445,0.625323847,1.285261113
1.0,68.25206402,12.62285577,1034.871385,1388.665203,10.95982235,1377.448655,486638.8947,134185.968,42.38292714,0.974183028,1.147931215,5.0,72.11062982,14.76304417,2706.111967,1833.23429,8.453121706,99.70947573,354964.4662,207873.8834,23.47165511,0.832338538,0.634138621,5.0,50.26606519,21.33223423,717.1854758,697.4925505,12.96253427,402.5453273,99466.24814,98243.61208,29.2288334,0.595369296,0.81405464,6.0,73.3748342,19.91154353,2726.297901,1626.314545,13.48155922,980.0015308,422984.3445,288959.2123,56.82326688,0.77973494,0.909407316,7.0,62.51769238
13.91393099,2722.397976,1631.428532,9.669864737,839.6941923,400311.3621,868168.251,51.5484213,1.338139039,1.372760995,3.0,79.9392706,24.36955426,2559.542871,577.9395804,9.412266192,993.0784437,268663.6658,403750.9484,15.36723066,0.590038106,1.400986686,1.0,81.3528476,22.48708455,1537.161247,1825.738248,6.495940588,1248.809458,251158.8746,974721.0345,66.5254626,1.434551414,0.992289317,8.0,84.81691499,15.19615113,2714.780869,1319.96275,7.565453982,742.406464,455846.0464,341364.4122,62.82930745,1.091861398,1.469260644,3.0,57.33157569,23.34409764,2102.727109
1382.771461,8.821510774,602.8387299,383098.3256,62374.30797,69.34883295,1.232320955,0.502393769,1.0,67.93570973,20.75947005,1973.641791,329.8888188,11.05304833,1190.234813,369342.9444,982187.4197,14.56156383,1.301599857,0.604388727,2.0,82.56299153,19.23998997,1099.254983,1315.056186,8.870301699,388.2151493,281348.8166,822099.7906,56.98167121,1.420088885,1.398978327,3.0,78.46144216,11.37432959,1678.839598,188.2339476,13.28274099,1442.910008,28867.78436,586469.8908,32.84610825,0.101465814,1.295923661,8.0,96.30648603,23.08676218,1446.48824,88.07393207,14.41030369
1363.294829,271119.0412,339671.3513,55.1216749,1.40831168,0.639943041,7.0,63.11968115,10.68141044,810.640407,1057.293411,13.56858974,742.6474775,359151.6846,539673.6588,40.87776365,0.52602615,1.407237066,2.0,51.29287517,12.60038641,1387.742338,461.3688338,11.63938949,202.8096986,283287.5299,681223.0499,66.37006774,1.071477435,1.467346074,1.0,93.98138662,20.11691593,2325.612105,1090.502491,14.60636008,223.5505984,276882.9373,671377.0026,53.88730715,1.249264698,1.360679411,2.0,55.04639285,23.95393692,1415.675067,52.28660798,5.83726534,1668.623577,11993.78964
121046.183,22.19178168,1.463472024,0.70066298,5.0,50.1617757,17.8558117,554.8260484,520.4997994,8.43453428,1774.003236,415232.1075,927965.7027,40.13785442,1.149636568,0.776529327,8.0,86.75965058,20.14696289,2122.102006,1082.789774,13.21694369,1112.406942,34161.6195,651811.8615,61.1391619,0.310711586,1.131815511,5.0,87.35262875,18.74247909,2754.798058,169.7799516,6.952518723,1155.86345,109363.2971,623535.53,63.6156655,1.286513401,1.115017312,6.0,76.34726276,21.67848489,2948.72792,538.8951945,10.07265775,804.8428725,291828.4705,293488.9941,64.55840574
0.821179785,1.103286197,7.0,87.81690602,16.44645569,2463.546288,279.6515315,8.677564472,1354.49979,425628.4667,572215.289,38.89206859,0.865657334,0.721557712,4.0,97.06868104,22.17693927,965.4654804,1194.620234,8.806840607,1684.161494,330352.0938,948778.9878,16.86218515,0.538749297,0.860141729,1.0,85.73359143,12.80060535,2995.549644,1285.782901,8.63854307,1134.539665,296408.8039,902224.4504,28.19051635,1.159260883,0.694927317,5.0,61.26673922,13.59054187,1317.585215,1906.346701,7.43978437,597.5595888,355275.9584,504354.4918,22.61944595,0.247546222,1.301006621
