Model,Ãretim YÄ±lÄ±,Motor SayÄ±sÄ±,Motor TÃ¼rÃ¼,Kapasite,Menzil (km),YakÄ±t TÃ¼ketimi (L/saat),Saatlik BakÄ±m Maliyeti ($),YaÅ,SatÄ±Å BÃ¶lgesi,Fiyat ($),Extra_Feature_1,Extra_Feature_2,Extra_Feature_3,Extra_Feature_4,Extra_Feature_5,Extra_Feature_6,Extra_Feature_7,Extra_Feature_8,Extra_Feature_9,Extra_Feature_10,Extra_Feature_11,Extra_Feature_12,Extra_Feature_13,Extra_Feature_14,Extra_Feature_15,Extra_Feature_16,Extra_Feature_17,Extra_Feature_18,Extra_Feature_19,Extra_Feature_20,Extra_Feature_21,Extra_Feature_22,Extra_Feature_23,Extra_Feature_24,Extra_Feature_25,Extra_Feature_26,Extra_Feature_27,Extra_Feature_28,Extra_Feature_29,Extra_Feature_30,Extra_Feature_31,Extra_Feature_32,Extra_Feature_33,Extra_Feature_34,Extra_Feature_35,Extra_Feature_36,Extra_Feature_37,Extra_Feature_38,Extra_Feature_39
1987.0,2.0,50.0,3000.0,14.36,2185.43,36.0,12857083.91,1997.0,2.0,50.0,3000.0,4.03,1202.08,26.0,13914058.55,1988.0,2.0,180.0,6300.0,13.26,761.38,35.0,90735695.86,2023.0,2.0,162.0,5700.0,14.61,592.63,0.0,136659689.37,1985.0,1.0,4.0,1285.0,18.49,4245.99,38.0,203798.1,1982.0,2.0,350.0,14800.0,8.82,1869.09,41.0,354976612.82,1993.0,2.0
162.0,5700.0,5.79,2443.75,30.0,57032326.56,2018.0,1.0,4.0,1285.0,24.65,1814.65,5.0,396750.44,1992.0,1.0,4.0,1285.0,41.41,2552.31,31.0,215144.49,2014.0,2.0,50.0,3000.0,2.6,3165.87,9.0,16981571.17,2008.0,2.0,180.0,6300.0,4.22,3233.95,15.0,103115871.84,1980.0,2.0,396.0,15600.0,7.72,3579.05,43.0,385983616.56,2007.0,2.0,50.0,3000.0
8.44,1049.17,16.0,17772783.25,1989.0,2.0,396.0,15600.0,8.76,1902.7,34.0,349042400.5,1986.0,2.0,396.0,15600.0,4.4,2960.2,37.0,426940813.36,1986.0,2.0,350.0,14800.0,4.55,898.22,37.0,378696823.87,2018.0,2.0,396.0,15600.0,6.23,703.52,5.0,609835687.97,2009.0,2.0,162.0,5700.0,6.64,4229.32,14.0,84803923.37,2004.0,2.0,162.0,5700.0,9.06,1764.21
19.0,81240277.67,1998.0,1.0,4.0,1285.0,49.48,835.48,25.0,205472.14,2003.0,1.0,4.0,1285.0,17.95,3975.1,20.0,282880.8,1984.0,2.0,180.0,6300.0,2.96,3970.72,39.0,85658440.17,1994.0,2.0,50.0,3000.0,3.51,2113.1,29.0,12475000.59,1994.0,2.0,162.0,5700.0,2.83,1989.04,29.0,69650507.55,1997.0,2.0,350.0,14800.0,6.23,1899.42,26.0,402568177.04
2003.0,2.0,50.0,3000.0,8.14,4492.46,20.0,16455191.8,2002.0,2.0,396.0,15600.0,11.27,1038.17,21.0,477861066.66,1997.0,2.0,50.0,3000.0,8.42,3969.35,26.0,13932179.15,2021.0,2.0,50.0,3000.0,7.56,2852.3,2.0,23385809.92,2020.0,1.0,4.0,1285.0,30.34,1914.6,3.0,389745.75,1995.0,1.0,4.0,1285.0,19.97,4584.05,28.0,245284.2,2004.0,2.0
350.0,14800.0,3.0,1529.59,19.0,437745351.34,2015.0,2.0,50.0,3000.0,4.1,1803.88,8.0,22142984.74,2000.0,2.0,50.0,3000.0,4.43,4116.52,23.0,13469724.32,1982.0,2.0,180.0,6300.0,9.01,4516.52,41.0,72859502.28,1997.0,2.0,350.0,14800.0,7.55,1525.71,26.0,360117097.64,2016.0,2.0,180.0,6300.0,13.19,4181.07,7.0,134849581.51,1993.0,2.0,396.0,15600.0
4.89,2378.35,30.0,388254065.98,2005.0,2.0,350.0,14800.0,6.39,1039.39,18.0,468878805.55,1989.0,2.0,350.0,14800.0,11.14,2834.56,34.0,387359980.08,1995.0,2.0,180.0,6300.0,14.63,2136.33,28.0,63325195.66,2014.0,1.0,4.0,1285.0,11.48,1781.78,9.0,349541.06,2017.0,2.0,50.0,3000.0,8.53,3243.04,6.0,20843194.48,2005.0,1.0,4.0,1285.0,29.58,1152.03
18.0,281786.25,1988.0,2.0,180.0,6300.0,5.15,4935.43,35.0,87316106.71,1985.0,2.0,350.0,14800.0,11.47,1569.37,38.0,400312207.5,1989.0,2.0,162.0,5700.0,10.22,2155.02,34.0,67183903.98,2023.0,2.0,180.0,6300.0,12.86,906.3,0.0,191050892.95,1984.0,1.0,4.0,1285.0,17.46,1943.51,39.0,215830.96,2018.0,2.0,350.0,14800.0,2.22,3549.04,5.0,636428287.19
1996.0,1.0,4.0,1285.0,19.06,2804.42,27.0,190999.82,2023.0,2.0,162.0,5700.0,7.03,3609.22,0.0,132930259.08,2023.0,2.0,162.0,5700.0,3.79,4715.28,0.0,116978442.29,2021.0,2.0,396.0,15600.0,13.41,4661.12,2.0,738770404.75,1998.0,2.0,162.0,5700.0,10.58,1660.74,25.0,64903179.49,2009.0,2.0,180.0,6300.0,5.14,2883.43,14.0,127589373.69,1996.0,2.0
50.0,3000.0,13.66,918.96,27.0,12388808.47,2012.0,2.0,180.0,6300.0,6.54,2025.63,11.0,131800157.55,1999.0,2.0,50.0,3000.0,13.66,3766.8,24.0,12872568.92,2018.0,1.0,4.0,1285.0,13.37,3389.14,5.0,397989.08,2003.0,2.0,180.0,6300.0,13.68,1227.33,20.0,96788868.97,2013.0,1.0,4.0,1285.0,16.43,522.78,10.0,317496.98,2000.0,1.0,4.0,1285.0
37.68,2969.3,23.0,203302.52,1987.0,2.0,162.0,5700.0,5.08,3704.81,36.0,67626196.15,1995.0,2.0,396.0,15600.0,11.7,1964.3,28.0,435882785.22,2016.0,2.0,180.0,6300.0,9.39,3459.26,7.0,140344150.66,2011.0,2.0,162.0,5700.0,6.78,921.54,12.0,87878634.15,1988.0,1.0,4.0,1285.0,25.72,4878.55,35.0,196267.42,2010.0,2.0,50.0,3000.0,10.2,4514.21
13.0,17894235.68,1996.0,2.0,180.0,6300.0,8.4,3096.07,27.0,89750866.58,2007.0,1.0,4.0,1285.0,38.9,1378.59,16.0,259510.14,1992.0,1.0,4.0,1285.0,48.16,4732.06,31.0,224011.9,2005.0,2.0,396.0,15600.0,6.81,4616.89,18.0,532986648.75,2003.0,2.0,50.0,3000.0,13.09,4836.29,20.0,14384470.91,2008.0,1.0,4.0,1285.0,25.4,1825.02,15.0,285823.04
1994.0,2.0,180.0,6300.0,9.24,1262.72,29.0,85071663.75,1981.0,2.0,396.0,15600.0,11.05,4712.7,42.0,362440325.34,1994.0,1.0,4.0,1285.0,49.6,3267.53,29.0,216986.53,1980.0,2.0,180.0,6300.0,8.74,1130.38,43.0,81164502.17,2020.0,2.0,50.0,3000.0,11.13,3636.57,3.0,23974036.95,1984.0,2.0,180.0,6300.0,5.82,2117.71,39.0,82396710.13,1984.0,2.0
396.0,15600.0,13.87,4401.83,39.0,418007942.94,1997.0,2.0,180.0,6300.0,8.52,2801.04,26.0,82834396.57,1993.0,2.0,350.0,14800.0,12.35,3658.85,30.0,414595482.47,2016.0,2.0,180.0,6300.0,6.39,4505.02,7.0,124364472.6,1995.0,2.0,350.0,14800.0,2.47,3102.26,28.0,363499352.52,1992.0,2.0,350.0,14800.0,9.05,2595.19,31.0,397867099.22,2022.0,2.0,162.0,5700.0
2.49,637.25,1.0,104321929.88,2007.0,2.0,396.0,15600.0,6.68,4201.7,16.0,544185572.19,1983.0,2.0,350.0,14800.0,4.81,3964.97,40.0,332190283.64,2021.0,2.0,50.0,3000.0,3.11,3303.01,2.0,23289653.75,2005.0,2.0,162.0,5700.0,10.29,2932.86,18.0,75935599.5,1986.0,2.0,396.0,15600.0,14.69,3767.41,37.0,317065019.03,1992.0,2.0,180.0,6300.0,5.52,4078.34
31.0,79821921.86,1988.0,2.0,350.0,14800.0,3.02,2475.37,35.0,391118009.63,1997.0,2.0,180.0,6300.0,4.25,2340.29,26.0,85144981.29,1984.0,2.0,180.0,6300.0,5.25,1203.97,39.0,92195099.49,1986.0,1.0,4.0,1285.0,21.2,3470.89,37.0,222355.92,2014.0,2.0,50.0,3000.0,11.59,4796.89,9.0,24005505.92,1995.0,2.0,162.0,5700.0,5.22,2388.2,28.0,70011721.15
2011.0,2.0,350.0,14800.0,11.85,2101.88,12.0,591037757.01,2005.0,2.0,180.0,6300.0,3.27,2633.78,18.0,108071613.81,2004.0,2.0,180.0,6300.0,8.16,2712.27,19.0,94713313.58,1996.0,2.0,350.0,14800.0,10.01,2293.27,27.0,325859473.29,2007.0,2.0,396.0,15600.0,2.59,3357.92,16.0,618640959.87,2015.0,2.0,50.0,3000.0,13.13,2764.11,8.0,17373210.04,2011.0,2.0
50.0,3000.0,4.12,3464.12,12.0,18719354.17,1998.0,2.0,180.0,6300.0,9.62,619.3,25.0,73657499.53,2017.0,2.0,162.0,5700.0,9.48,4731.04,6.0,129403197.62,1983.0,1.0,4.0,1285.0,31.82,2562.14,40.0,187249.11,1983.0,2.0,396.0,15600.0,7.02,4736.59,40.0,408752497.16,2010.0,1.0,4.0,1285.0,22.76,820.35,13.0,296583.45,1990.0,1.0,4.0,1285.0
10.93,4301.94,33.0,201106.59,1985.0,1.0,4.0,1285.0,37.87,1031.74,38.0,231857.52,2018.0,2.0,162.0,5700.0,13.41,3330.24,5.0,123512626.17,1995.0,2.0,50.0,3000.0,4.31,1769.16,28.0,12835276.83,2016.0,2.0,162.0,5700.0,12.49,3877.77,7.0,108922584.58,2018.0,1.0,4.0,1285.0,41.06,2174.08,5.0,389175.66,1985.0,1.0,4.0,1285.0,47.23,2033.62
38.0,209049.52,2017.0,2.0,50.0,3000.0,11.81,3878.92,6.0,23587120.57,2000.0,1.0,4.0,1285.0,46.1,964.06,23.0,260927.64,2022.0,2.0,180.0,6300.0,13.64,1940.22,1.0,153909858.26,1995.0,2.0,396.0,15600.0,2.14,2251.41,28.0,410469031.78,1988.0,2.0,350.0,14800.0,9.45,4777.73,35.0,367471059.35,1999.0,2.0,50.0,3000.0,7.83,3343.27,24.0,11294643.37
1984.0,2.0,396.0,15600.0,11.78,3526.33,39.0,349306992.0,2019.0,2.0,350.0,14800.0,12.27,4062.11,4.0,684223379.69,1984.0,2.0,162.0,5700.0,9.14,759.01,39.0,57765773.43,2012.0,2.0,180.0,6300.0,13.54,2486.89,11.0,112151806.73,2002.0,2.0,180.0,6300.0,11.9,1143.46,21.0,87977234.14,2003.0,2.0,180.0,6300.0,3.31,3281.98,20.0,96336514.65,2008.0,2.0
180.0,6300.0,12.68,827.43,15.0,104143760.26,1999.0,2.0,50.0,3000.0,3.06,3678.09,24.0,10739495.68,2013.0,2.0,50.0,3000.0,14.31,4157.6,10.0,16600779.99,2015.0,2.0,50.0,3000.0,11.79,4937.0,8.0,18828564.05,1986.0,2.0,50.0,3000.0,9.26,3997.16,37.0,11817262.56,1987.0,2.0,396.0,15600.0,13.78,2409.0,36.0,396824752.08,2015.0,2.0,50.0,3000.0
8.09,551.09,8.0,18252268.93,1998.0,2.0,396.0,15600.0,3.54,753.36,25.0,410411470.34,2001.0,2.0,180.0,6300.0,9.58,3857.2,22.0,80504029.77,2020.0,2.0,50.0,3000.0,6.87,4829.78,3.0,24267695.88,2011.0,1.0,4.0,1285.0,48.53,1506.18,12.0,311793.44,1985.0,2.0,162.0,5700.0,14.61,554.7,38.0,64881809.73,1997.0,2.0,350.0,14800.0,9.2,832.08
26.0,372785335.86,2001.0,2.0,162.0,5700.0,8.8,4861.86,22.0,81388879.52,1996.0,2.0,50.0,3000.0,10.16,2545.43,27.0,13233319.52,2008.0,2.0,50.0,3000.0,13.72,3129.41,15.0,20606861.86,2007.0,2.0,50.0,3000.0,4.45,1748.22,16.0,15094612.56,1987.0,2.0,162.0,5700.0,6.59,2586.64,36.0,58642290.01,1989.0,2.0,50.0,3000.0,14.82,4884.78,34.0,12256600.5
2003.0,2.0,162.0,5700.0,8.97,3641.73,20.0,83389306.25,1989.0,1.0,4.0,1285.0,16.5,3581.29,34.0,201372.89,1982.0,2.0,180.0,6300.0,12.69,4599.17,41.0,68015390.37,1982.0,2.0,396.0,15600.0,13.26,4697.28,41.0,470396084.13,2023.0,2.0,180.0,6300.0,2.34,703.48,0.0,175206086.08,1986.0,2.0,50.0,3000.0,3.96,4942.74,37.0,11508470.4,2006.0,1.0
4.0,1285.0,25.24,3173.59,17.0,278854.84,1989.0,2.0,50.0,3000.0,5.55,2366.69,34.0,13569663.2,1991.0,2.0,180.0,6300.0,13.24,753.69,32.0,78401940.08,1991.0,2.0,162.0,5700.0,14.28,3960.44,32.0,63757862.56,2006.0,2.0,396.0,15600.0,5.22,4323.41,17.0,468777225.26,1995.0,2.0,50.0,3000.0,9.88,4793.23,28.0,11903076.77,1986.0,2.0,180.0,6300.0
10.73,1528.89,37.0,66339400.96,2010.0,2.0,162.0,5700.0,10.73,1011.01,13.0,105920383.92,2009.0,2.0,180.0,6300.0,12.04,2841.38,14.0,126146769.08,1994.0,2.0,396.0,15600.0,9.29,2983.58,29.0,400265205.19,2022.0,2.0,162.0,5700.0,7.25,4444.94,1.0,132408315.54,2001.0,2.0,350.0,14800.0,4.77,3668.36,22.0,474065660.46,1997.0,2.0,162.0,5700.0,2.19,1113.67
26.0,70176457.69,2012.0,2.0,50.0,3000.0,7.69,2265.1,11.0,15524062.43,2014.0,2.0,50.0,3000.0,6.53,4568.71,9.0,22778117.67,1987.0,2.0,162.0,5700.0,10.09,2284.44,36.0,63929928.44,2017.0,2.0,180.0,6300.0,14.34,4380.64,6.0,114422880.74,1986.0,2.0,162.0,5700.0,14.74,2566.11,37.0,63107220.83,2002.0,2.0,350.0,14800.0,6.27,2716.78,21.0,375548779.82
2007.0,2.0,396.0,15600.0,3.68,841.38,16.0,576919744.89,1987.0,1.0,4.0,1285.0,16.08,1076.21,36.0,221535.66,1992.0,1.0,4.0,1285.0,23.83,1318.46,31.0,193616.04,2007.0,2.0,162.0,5700.0,8.16,4535.55,16.0,77797895.08,2014.0,1.0,4.0,1285.0,11.63,1365.3,9.0,368135.63,2022.0,2.0,50.0,3000.0,5.62,1260.21,1.0,23413691.25,2007.0,2.0
396.0,15600.0,6.74,1428.5,16.0,484733311.98,2001.0,2.0,50.0,3000.0,10.98,2765.38,22.0,12577691.22,2022.0,2.0,396.0,15600.0,13.97,4431.1,1.0,795932931.6,1999.0,2.0,50.0,3000.0,5.6,774.85,24.0,13329270.54,2022.0,2.0,396.0,15600.0,4.72,1330.34,1.0,838287790.19,2005.0,2.0,396.0,15600.0,8.3,2167.12,18.0,431794832.04,2015.0,2.0,396.0,15600.0
11.72,2581.41,8.0,759234162.08,2006.0,2.0,180.0,6300.0,5.28,665.07,17.0,109400015.17,2023.0,2.0,350.0,14800.0,8.92,2802.55,0.0,767809713.63,2019.0,2.0,180.0,6300.0,7.82,982.27,4.0,121021584.16,2005.0,2.0,396.0,15600.0,6.9,1711.59,18.0,519257758.1,1999.0,2.0,162.0,5700.0,6.19,590.32,24.0,61730854.91,2007.0,2.0,180.0,6300.0,13.58,1038.93
16.0,95044617.16,2021.0,1.0,4.0,1285.0,37.16,3171.17,2.0,409979.57,2008.0,2.0,350.0,14800.0,8.98,891.14,15.0,598384167.08,1993.0,2.0,50.0,3000.0,11.69,3140.79,30.0,10822525.27,1990.0,2.0,350.0,14800.0,6.72,1776.99,33.0,365229876.96,1998.0,2.0,162.0,5700.0,9.42,3406.63,25.0,54584453.64,2020.0,2.0,50.0,3000.0,3.99,958.02,3.0,23978996.46
1985.0,2.0,396.0,15600.0,4.09,1606.81,38.0,374028354.97,1999.0,2.0,50.0,3000.0,13.66,1280.18,24.0,11473000.39,1989.0,2.0,180.0,6300.0,8.82,861.05,34.0,80480172.68,1995.0,2.0,162.0,5700.0,7.17,1004.18,28.0,63140915.34,1984.0,1.0,4.0,1285.0,44.62,4862.62,39.0,201375.72,2020.0,2.0,350.0,14800.0,10.69,1268.99,3.0,752829008.06,2004.0,2.0
180.0,6300.0,9.24,4682.19,19.0,80946267.91,1995.0,2.0,350.0,14800.0,4.43,3962.72,28.0,392546696.51,1980.0,2.0,50.0,3000.0,7.53,1956.56,43.0,10109742.51,1994.0,2.0,350.0,14800.0,9.94,1016.77,29.0,374106781.9,2013.0,2.0,50.0,3000.0,9.56,1798.84,10.0,19192333.83,2015.0,2.0,162.0,5700.0,2.67,2896.65,8.0,93701411.16,2009.0,2.0,162.0,5700.0
3.75,2014.72,14.0,100577709.35,2022.0,2.0,350.0,14800.0,10.86,1645.88,1.0,687642213.1,2018.0,1.0,4.0,1285.0,33.83,3921.03,5.0,289587.62,2019.0,2.0,350.0,14800.0,14.08,2069.91,4.0,630470065.56,2007.0,1.0,4.0,1285.0,48.6,4237.79,16.0,301420.66,1990.0,2.0,350.0,14800.0,4.36,4722.53,33.0,349829134.92,2008.0,2.0,350.0,14800.0,11.63,799.23
15.0,582112934.19,2020.0,2.0,180.0,6300.0,12.34,1128.98,3.0,151066485.11,2011.0,1.0,4.0,1285.0,16.55,1407.32,12.0,337638.96,1997.0,2.0,180.0,6300.0,8.8,3493.39,26.0,75061979.82,1998.0,2.0,162.0,5700.0,13.4,2114.74,25.0,71082595.52,2001.0,2.0,396.0,15600.0,6.9,2476.11,22.0,427119287.47,1985.0,1.0,4.0,1285.0,22.06,2582.06,38.0,214095.0
1994.0,2.0,180.0,6300.0,13.69,1544.96,29.0,91497555.28,1989.0,2.0,50.0,3000.0,9.07,2227.51,34.0,12359504.58,1984.0,2.0,180.0,6300.0,14.22,1026.04,39.0,84401415.18,2001.0,2.0,350.0,14800.0,6.35,3324.69,22.0,431109593.34,2006.0,2.0,350.0,14800.0,8.93,3290.33,17.0,471048132.38,2006.0,2.0,180.0,6300.0,12.25,4522.52,17.0,98684861.81,1981.0,1.0
4.0,1285.0,39.76,1618.2,42.0,195540.11,2010.0,2.0,350.0,14800.0,9.41,650.9,13.0,577421569.66,1999.0,2.0,396.0,15600.0,12.68,2039.37,24.0,427280427.26,2014.0,2.0,350.0,14800.0,13.0,997.84,9.0,594120521.82,2014.0,2.0,50.0,3000.0,3.95,4087.83,9.0,17864754.21,2011.0,2.0,180.0,6300.0,11.39,1531.63,12.0,129466236.98,2007.0,2.0,396.0,15600.0
9.06,3622.77,16.0,614010567.48,2004.0,2.0,162.0,5700.0,6.49,1633.1,19.0,64693298.87,2023.0,2.0,50.0,3000.0,14.31,2579.03,0.0,27762947.01,1990.0,2.0,50.0,3000.0,9.62,1190.08,33.0,15028245.52,2019.0,2.0,180.0,6300.0,13.34,581.5,4.0,146047126.22,2005.0,2.0,162.0,5700.0,9.35,4694.53,18.0,85135611.34,2022.0,1.0,4.0,1285.0,16.1,3682.57
1.0,428232.23,2021.0,2.0,162.0,5700.0,9.89,3093.3,2.0,141254483.56,2009.0,2.0,180.0,6300.0,14.03,4704.65,14.0,107071085.53,1996.0,2.0,162.0,5700.0,3.47,2528.78,27.0,63813353.76,1993.0,2.0,396.0,15600.0,7.19,3160.74,30.0,441083753.93,2001.0,2.0,396.0,15600.0,6.36,746.43,22.0,400222450.07,2006.0,2.0,396.0,15600.0,13.96,2918.28,17.0,437958676.39
2010.0,2.0,162.0,5700.0,6.51,2058.56,13.0,90766689.91,2014.0,2.0,50.0,3000.0,7.88,1510.72,9.0,23108163.33,1994.0,2.0,396.0,15600.0,4.29,1133.86,29.0,290357765.1,2021.0,2.0,162.0,5700.0,6.71,4616.81,2.0,121181128.84,1995.0,2.0,162.0,5700.0,10.22,3112.65,28.0,61753364.76,2019.0,2.0,162.0,5700.0,14.96,884.07,4.0,103845445.3,1988.0,2.0
180.0,6300.0,9.74,2759.88,35.0,78470001.12,1987.0,2.0,50.0,3000.0,13.67,1444.58,36.0,12045868.96,2009.0,2.0,180.0,6300.0,4.48,1423.13,14.0,112470037.33,2003.0,2.0,396.0,15600.0,2.85,3041.79,20.0,451170329.37,2018.0,1.0,4.0,1285.0,28.13,3989.87,5.0,282689.65,1987.0,2.0,50.0,3000.0,9.28,2303.43,36.0,13392994.52,1986.0,2.0,396.0,15600.0
4.37,1198.58,37.0,341620837.44,1999.0,2.0,162.0,5700.0,7.31,3398.0,24.0,60864670.56,2004.0,2.0,50.0,3000.0,4.03,614.24,19.0,16373991.26,1992.0,2.0,50.0,3000.0,4.89,621.93,31.0,13610402.78,2020.0,1.0,4.0,1285.0,36.88,1539.84,3.0,380685.58,1999.0,2.0,162.0,5700.0,5.1,3437.36,24.0,69227893.81,1987.0,1.0,4.0,1285.0,19.73,947.49
36.0,228894.71,2002.0,2.0,162.0,5700.0,7.16,4235.99,21.0,76883649.0,2022.0,2.0,350.0,14800.0,4.66,3506.38,1.0,773021331.36,2012.0,2.0,162.0,5700.0,3.11,558.51,11.0,95932748.82,1980.0,2.0,396.0,15600.0,2.34,1435.49,43.0,410547222.79,1986.0,2.0,350.0,14800.0,13.6,2396.41,37.0,325735477.21,2020.0,2.0,396.0,15600.0,6.44,4178.5,3.0,694805600.74
1989.0,2.0,50.0,3000.0,5.48,3156.33,34.0,10374282.98,2013.0,2.0,180.0,6300.0,7.32,3308.67,10.0,99274678.71,2019.0,2.0,396.0,15600.0,14.33,1825.1,4.0,855652712.33,2009.0,2.0,350.0,14800.0,3.82,3936.23,14.0,534118029.02,2017.0,2.0,50.0,3000.0,12.4,4525.49,6.0,23596737.16,1995.0,2.0,396.0,15600.0,2.29,2413.46,28.0,409818407.35,2008.0,2.0
396.0,15600.0,5.35,3350.65,15.0,461422903.52,2016.0,2.0,350.0,14800.0,12.85,1127.1,7.0,641564860.28,2004.0,2.0,50.0,3000.0,5.54,1272.56,19.0,15493434.09,2011.0,2.0,162.0,5700.0,13.89,582.76,12.0,98347881.48,2011.0,2.0,180.0,6300.0,9.2,1733.25,12.0,107455241.38,1996.0,2.0,396.0,15600.0,12.79,3431.39,27.0,407760050.66,2018.0,2.0,396.0,15600.0
10.65,3202.33,5.0,785971272.16,2015.0,2.0,396.0,15600.0,13.89,1289.17,8.0,544977174.07,1992.0,1.0,4.0,1285.0,11.88,2835.13,31.0,186356.66,2006.0,2.0,180.0,6300.0,11.59,1248.28,17.0,105368168.72,1995.0,1.0,4.0,1285.0,25.57,1604.07,28.0,197558.76,2021.0,2.0,350.0,14800.0,6.62,1799.12,2.0,645087606.91,2008.0,2.0,350.0,14800.0,8.19,3048.82
15.0,576163451.64,1998.0,2.0,162.0,5700.0,14.18,3486.52,25.0,58012610.13,1995.0,2.0,350.0,14800.0,5.41,640.32,28.0,398390192.32,2017.0,2.0,50.0,3000.0,2.67,3177.85,6.0,26692691.66,2015.0,2.0,350.0,14800.0,12.02,2004.1,8.0,619483252.81,2007.0,2.0,396.0,15600.0,2.98,979.69,16.0,538818025.72,2001.0,1.0,4.0,1285.0,27.39,3597.81,22.0,281728.9
2009.0,2.0,50.0,3000.0,12.65,1608.81,14.0,18487630.58,1996.0,2.0,396.0,15600.0,9.67,1724.65,27.0,436247697.61,1992.0,2.0,162.0,5700.0,3.19,2124.38,31.0,62987372.51,2014.0,2.0,162.0,5700.0,9.04,1333.1,9.0,110533528.62,1992.0,2.0,180.0,6300.0,11.52,4428.26,31.0,82747415.53,2010.0,2.0,50.0,3000.0,13.04,3615.24,13.0,19802463.23,2017.0,2.0
50.0,3000.0,8.36,1623.51,6.0,22165024.64,1998.0,1.0,4.0,1285.0,32.72,1312.59,25.0,218139.71,1998.0,2.0,180.0,6300.0,2.44,4619.7,25.0,69889599.06,1991.0,2.0,396.0,15600.0,14.62,4659.78,32.0,439452135.4,2014.0,2.0,162.0,5700.0,8.16,4749.2,9.0,104368669.52,1982.0,2.0,396.0,15600.0,12.78,1935.95,41.0,398763846.97,1998.0,1.0,4.0,1285.0
33.85,666.53,25.0,204416.15,2020.0,2.0,180.0,6300.0,11.05,846.29,3.0,142763723.81,1980.0,2.0,162.0,5700.0,11.42,2029.44,43.0,62273842.69,2010.0,2.0,396.0,15600.0,12.28,2927.71,13.0,562544947.36,2001.0,2.0,350.0,14800.0,10.14,1934.39,22.0,428130328.68,1996.0,2.0,162.0,5700.0,2.32,1548.32,27.0,69105297.56,1984.0,2.0,162.0,5700.0,2.28,4415.44
39.0,63981896.93,1984.0,2.0,350.0,14800.0,12.38,4725.8,39.0,411986092.41,2023.0,2.0,50.0,3000.0,6.56,4990.7,0.0,22900748.39,1989.0,2.0,180.0,6300.0,10.16,2659.44,34.0,89404616.34,1985.0,2.0,396.0,15600.0,14.79,4431.55,38.0,379868475.11,2015.0,2.0,162.0,5700.0,11.59,2396.11,8.0,122107209.71,2018.0,1.0,4.0,1285.0,14.42,1574.5,5.0,332946.55
2013.0,2.0,180.0,6300.0,5.04,1833.39,10.0,113859544.42,2008.0,2.0,350.0,14800.0,2.23,689.42,15.0,519435174.18,2007.0,1.0,4.0,1285.0,37.19,2229.47,16.0,297440.98,2019.0,1.0,4.0,1285.0,48.0,1482.14,4.0,431915.17,1986.0,1.0,4.0,1285.0,28.7,4751.29,37.0,209128.43,1993.0,2.0,50.0,3000.0,4.17,3260.35,30.0,12275991.04,1985.0,2.0
50.0,3000.0,8.66,3234.82,38.0,12669634.9,1991.0,2.0,180.0,6300.0,4.29,1538.01,32.0,73477867.87,1990.0,2.0,162.0,5700.0,6.55,4008.13,33.0,59934682.48,2008.0,2.0,350.0,14800.0,14.6,760.29,15.0,595285903.78,2010.0,1.0,4.0,1285.0,16.16,3632.09,13.0,298226.62,1994.0,2.0,162.0,5700.0,4.92,4171.25,29.0,64747468.91,1998.0,2.0,50.0,3000.0
9.54,3168.23,25.0,10244738.98,1984.0,2.0,350.0,14800.0,13.41,911.69,39.0,349501365.95,1996.0,2.0,180.0,6300.0,14.42,4499.37,27.0,75322787.62,2022.0,1.0,4.0,1285.0,42.38,4379.57,1.0,446438.18,1987.0,2.0,350.0,14800.0,7.31,891.44,36.0,447159731.82,2021.0,2.0,180.0,6300.0,5.38,2177.1,2.0,149954427.31,1989.0,2.0,396.0,15600.0,4.86,864.71
34.0,468928975.1,1990.0,2.0,162.0,5700.0,2.99,3574.66,33.0,63355505.75,2016.0,1.0,4.0,1285.0,33.7,2662.64,7.0,411247.75,1987.0,2.0,350.0,14800.0,6.52,4211.06,36.0,397704445.28,1999.0,2.0,50.0,3000.0,13.42,1701.63,24.0,14877095.06,1997.0,2.0,350.0,14800.0,10.56,4088.42,26.0,402864405.4,2011.0,1.0,4.0,1285.0,37.21,3638.62,12.0,341303.71
2018.0,2.0,162.0,5700.0,11.79,3283.75,5.0,112318556.86,2000.0,2.0,350.0,14800.0,11.67,2008.03,23.0,408001204.03,1981.0,2.0,396.0,15600.0,12.63,1223.42,42.0,398723638.97,2023.0,2.0,180.0,6300.0,5.73,528.74,0.0,176757814.93,1981.0,1.0,4.0,1285.0,49.25,3276.17,42.0,184641.08,2016.0,2.0,396.0,15600.0,9.02,3353.03,7.0,734870703.44,2010.0,2.0
180.0,6300.0,3.39,4009.3,13.0,118866261.78,2008.0,2.0,50.0,3000.0,6.44,4833.46,15.0,19571684.77,2017.0,2.0,180.0,6300.0,14.12,3346.8,6.0,131758102.52,2011.0,2.0,50.0,3000.0,11.21,1854.34,12.0,18710232.77,2002.0,2.0,350.0,14800.0,9.57,803.08,21.0,483499667.07,2000.0,2.0,396.0,15600.0,13.33,705.84,23.0,363983558.24,1990.0,2.0,162.0,5700.0
14.6,4880.7,33.0,59912822.33,2011.0,2.0,350.0,14800.0,2.32,3912.18,12.0,587268295.17,2005.0,2.0,50.0,3000.0,6.21,599.56,18.0,17875673.94,2009.0,2.0,162.0,5700.0,7.8,3574.83,14.0,90781164.94,1996.0,2.0,396.0,15600.0,14.96,1731.32,27.0,340010547.51,2005.0,2.0,162.0,5700.0,12.33,1236.31,18.0,63367888.47,2022.0,2.0,162.0,5700.0,4.87,3621.57
1.0,127413480.15,2006.0,2.0,350.0,14800.0,5.55,3445.3,17.0,463735696.84,2013.0,2.0,180.0,6300.0,3.96,4778.89,10.0,133529410.72,2011.0,1.0,4.0,1285.0,35.54,2388.77,12.0,321604.64,1983.0,2.0,350.0,14800.0,5.56,2289.17,40.0,370619257.39,2015.0,2.0,396.0,15600.0,4.99,4523.45,8.0,684189255.61,2008.0,2.0,396.0,15600.0,2.4,1458.97,15.0,486950793.63
1987.0,2.0,350.0,14800.0,8.15,4389.61,36.0,426070238.42,2018.0,2.0,50.0,3000.0,4.41,4856.87,5.0,22479913.54,1990.0,2.0,50.0,3000.0,12.98,3969.15,33.0,12626529.51,1980.0,1.0,4.0,1285.0,35.05,3924.61,43.0,217901.08,1985.0,2.0,350.0,14800.0,8.26,4084.42,38.0,398713879.75,2009.0,2.0,162.0,5700.0,3.63,1027.89,14.0,85200995.59,1989.0,2.0
50.0,3000.0,8.39,1402.36,34.0,14249635.57,1998.0,2.0,50.0,3000.0,9.57,788.94,25.0,13090077.09,1997.0,2.0,50.0,3000.0,7.92,1896.63,26.0,11286956.54,2010.0,2.0,350.0,14800.0,2.94,552.29,13.0,526105056.35,2015.0,2.0,350.0,14800.0,5.79,3200.09,8.0,473880075.09,1992.0,2.0,350.0,14800.0,13.18,3627.42,31.0,336314382.68,1988.0,1.0,4.0,1285.0
49.47,1589.2,35.0,212681.8,2006.0,2.0,396.0,15600.0,8.49,1141.23,17.0,603705999.54,1997.0,1.0,4.0,1285.0,10.39,3018.42,26.0,232450.75,1999.0,2.0,396.0,15600.0,8.73,1969.08,24.0,403263641.93,2022.0,1.0,4.0,1285.0,13.14,649.41,1.0,390289.51,2008.0,2.0,180.0,6300.0,3.73,2286.15,15.0,129426744.2,2002.0,2.0,350.0,14800.0,4.6,4102.64
21.0,459564319.05,2014.0,1.0,4.0,1285.0,14.18,1253.67,9.0,399513.55,2000.0,2.0,350.0,14800.0,14.17,642.14,23.0,439281508.67,1995.0,2.0,50.0,3000.0,9.04,733.87,28.0,12918104.65,1994.0,2.0,350.0,14800.0,12.42,3713.39,29.0,386966610.15,2000.0,2.0,162.0,5700.0,12.59,2027.53,23.0,77565461.23,2004.0,2.0,350.0,14800.0,10.37,2535.43,19.0,470795089.56
2021.0,2.0,50.0,3000.0,11.51,2868.81,2.0,21673752.5,1982.0,2.0,350.0,14800.0,4.85,4423.03,41.0,354300631.99,2017.0,1.0,4.0,1285.0,23.48,4891.39,6.0,395779.06,2008.0,2.0,162.0,5700.0,8.48,3464.18,15.0,83746656.77,2009.0,1.0,4.0,1285.0,38.77,2999.14,14.0,308899.5,1989.0,2.0,50.0,3000.0,10.84,1397.94,34.0,12219937.83,1989.0,2.0
50.0,3000.0,2.4,824.89,34.0,11764217.83,1996.0,2.0,350.0,14800.0,11.45,4407.23,27.0,310192361.77,2005.0,1.0,4.0,1285.0,27.02,3842.18,18.0,240008.47,2001.0,2.0,162.0,5700.0,2.52,4944.42,22.0,60666863.35,2004.0,1.0,4.0,1285.0,33.15,4401.64,19.0,309612.09,2011.0,2.0,50.0,3000.0,13.35,2690.01,12.0,17511763.82,2019.0,2.0,162.0,5700.0
7.48,4553.16,4.0,124382800.41,2020.0,2.0,180.0,6300.0,4.74,4605.64,3.0,124095241.28,1994.0,2.0,396.0,15600.0,10.21,3303.35,29.0,372709628.07,2007.0,2.0,162.0,5700.0,13.82,3721.21,16.0,89721217.34,1986.0,2.0,50.0,3000.0,5.09,1308.57,37.0,12044143.46,1999.0,2.0,180.0,6300.0,13.32,1612.54,24.0,91052472.45,2000.0,2.0,162.0,5700.0,8.69,2503.87
23.0,76409741.39,2002.0,2.0,396.0,15600.0,7.08,1235.86,21.0,380959219.67,1989.0,2.0,350.0,14800.0,5.36,4862.36,34.0,324113372.43,2006.0,1.0,4.0,1285.0,15.23,3980.63,17.0,314831.13,1991.0,2.0,50.0,3000.0,7.9,4864.19,32.0,12167762.43,1985.0,2.0,180.0,6300.0,12.78,2016.51,38.0,68307213.88,2019.0,2.0,350.0,14800.0,5.23,2438.99,4.0,787873764.4
2011.0,2.0,180.0,6300.0,4.18,1251.69,12.0,129235354.96,1994.0,2.0,180.0,6300.0,11.57,665.02,29.0,75840490.4,1996.0,2.0,50.0,3000.0,12.47,4298.77,27.0,14582673.19,2022.0,2.0,396.0,15600.0,13.29,3134.09,1.0,759072292.02,1998.0,2.0,350.0,14800.0,2.74,1713.87,25.0,365006071.14,1990.0,1.0,4.0,1285.0,47.46,2890.26,33.0,229358.02,2002.0,2.0
350.0,14800.0,8.59,1922.7,21.0,428401094.71,2020.0,2.0,396.0,15600.0,3.93,687.08,3.0,815942990.51,1996.0,2.0,50.0,3000.0,8.7,2546.33,27.0,12493384.83,1992.0,2.0,396.0,15600.0,10.67,2699.81,31.0,441640021.08,1986.0,2.0,350.0,14800.0,10.75,1408.34,37.0,333599086.49,2016.0,2.0,350.0,14800.0,3.22,4864.6,7.0,600439190.08,1998.0,1.0,4.0,1285.0
17.09,4406.64,25.0,254604.52,1981.0,2.0,396.0,15600.0,12.9,3616.82,42.0,403561166.86,1997.0,2.0,350.0,14800.0,10.03,2737.29,26.0,385904600.31,2023.0,1.0,4.0,1285.0,32.82,4410.07,0.0,474653.29,2018.0,2.0,162.0,5700.0,10.57,1470.54,5.0,127786656.02,1998.0,2.0,350.0,14800.0,10.47,2272.39,25.0,383584117.72,2002.0,1.0,4.0,1285.0,11.93,4997.36
21.0,229195.61,1992.0,2.0,50.0,3000.0,7.29,4897.28,31.0,12463038.84,2023.0,2.0,396.0,15600.0,11.6,3051.57,0.0,828711118.2,2023.0,2.0,50.0,3000.0,7.25,4453.32,0.0,27022571.23,1986.0,2.0,50.0,3000.0,11.91,4135.31,37.0,10592663.56,1982.0,2.0,50.0,3000.0,7.66,4090.16,41.0,11893807.88,1982.0,2.0,350.0,14800.0,2.07,2950.2,41.0,376991918.56
1988.0,2.0,396.0,15600.0,6.76,1960.64,35.0,460975259.86,2000.0,2.0,396.0,15600.0,7.83,2248.51,23.0,393019822.39,1991.0,2.0,350.0,14800.0,6.85,1568.95,32.0,433451433.74,2014.0,2.0,180.0,6300.0,8.03,3287.71,9.0,141489134.58,2012.0,1.0,4.0,1285.0,44.53,2209.04,11.0,250050.45,1996.0,2.0,180.0,6300.0,6.44,615.39,27.0,96312870.73,2001.0,2.0
396.0,15600.0,7.18,2210.88,22.0,490824585.49,1984.0,2.0,350.0,14800.0,11.94,3235.57,39.0,463152507.68,2023.0,2.0,180.0,6300.0,11.34,4158.44,0.0,168615757.88,2005.0,2.0,50.0,3000.0,14.05,1595.67,18.0,15890609.46,1985.0,2.0,396.0,15600.0,14.15,771.2,38.0,367604615.56,1996.0,2.0,162.0,5700.0,5.34,2686.42,27.0,61678568.68,2009.0,2.0,162.0,5700.0
5.99,1781.93,14.0,93025912.8,2023.0,2.0,50.0,3000.0,9.93,1900.88,0.0,27511685.52,2004.0,1.0,4.0,1285.0,20.9,3722.68,19.0,238954.83,1986.0,2.0,396.0,15600.0,10.85,1315.17,37.0,388649817.25,2010.0,2.0,180.0,6300.0,8.83,1316.47,13.0,108999753.4,2015.0,1.0,4.0,1285.0,20.26,3052.9,8.0,370499.11,1994.0,1.0,4.0,1285.0,29.34,4833.17
29.0,218486.48,2020.0,2.0,162.0,5700.0,10.23,695.36,3.0,135579062.59,1999.0,2.0,50.0,3000.0,9.82,4781.32,24.0,12619358.48,1987.0,2.0,350.0,14800.0,4.76,1526.36,36.0,373827795.64,1982.0,2.0,162.0,5700.0,7.34,3249.41,41.0,55566203.11,1987.0,2.0,350.0,14800.0,5.57,4012.36,36.0,346518496.19,2014.0,2.0,180.0,6300.0,7.51,4201.76,9.0,119856645.16
2009.0,2.0,350.0,14800.0,7.87,3307.37,14.0,551093634.72,2014.0,2.0,50.0,3000.0,4.18,3139.74,9.0,21058068.36,1989.0,1.0,4.0,1285.0,13.83,1475.33,34.0,222544.34,1986.0,2.0,50.0,3000.0,10.35,606.37,37.0,13238884.03,2006.0,1.0,4.0,1285.0,25.64,1543.76,17.0,344441.57,2003.0,2.0,162.0,5700.0,8.46,3175.14,20.0,70031553.95,2008.0,2.0
350.0,14800.0,11.33,2426.9,15.0,606680932.49,1986.0,2.0,396.0,15600.0,14.89,3615.96,37.0,420202474.78,2014.0,2.0,396.0,15600.0,3.03,1733.72,9.0,758209266.07,1983.0,2.0,396.0,15600.0,13.62,885.46,40.0,374454283.69,1992.0,2.0,396.0,15600.0,6.61,1519.95,31.0,357236020.72,1985.0,2.0,350.0,14800.0,8.75,812.41,38.0,381020735.24,2021.0,2.0,180.0,6300.0
10.46,4460.36,2.0,127043941.37,1981.0,1.0,4.0,1285.0,22.97,2898.31,42.0,239936.86,1995.0,2.0,396.0,15600.0,10.6,4973.63,28.0,349487795.61,1993.0,1.0,4.0,1285.0,39.23,3010.03,30.0,198635.2,1993.0,1.0,4.0,1285.0,48.31,3030.34,30.0,212509.61,1994.0,2.0,180.0,6300.0,10.97,1288.86,29.0,79687975.81,2018.0,2.0,180.0,6300.0,7.85,935.04
5.0,121109153.47,1989.0,2.0,396.0,15600.0,6.52,3902.73,34.0,440969195.08,1996.0,1.0,4.0,1285.0,19.39,4672.3,27.0,226718.77,2022.0,2.0,162.0,5700.0,3.98,2296.92,1.0,139469698.9,1980.0,2.0,180.0,6300.0,10.11,2844.31,43.0,79471355.78,2017.0,2.0,180.0,6300.0,11.82,901.06,6.0,139756826.67,1991.0,2.0,162.0,5700.0,11.21,4019.13,32.0,62492155.61
1988.0,2.0,162.0,5700.0,5.94,662.72,35.0,58471857.5,2013.0,2.0,350.0,14800.0,14.18,894.39,10.0,516404000.97,1984.0,2.0,50.0,3000.0,5.97,2992.11,39.0,10742684.82,2003.0,2.0,350.0,14800.0,8.7,3202.67,20.0,350592997.15,1986.0,1.0,4.0,1285.0,29.88,4637.26,37.0,215450.1,1994.0,1.0,4.0,1285.0,45.12,2212.8,29.0,211588.11,2022.0,2.0
162.0,5700.0,12.48,4406.26,1.0,116071281.05,2009.0,2.0,396.0,15600.0,7.24,864.14,14.0,629312398.7,1983.0,2.0,162.0,5700.0,11.03,1280.86,40.0,63638561.85,2007.0,2.0,350.0,14800.0,12.69,3384.37,16.0,505888699.2,2011.0,2.0,162.0,5700.0,13.21,1096.36,12.0,96217375.0,1984.0,2.0,350.0,14800.0,11.94,3228.14,39.0,402763288.63,2018.0,2.0,396.0,15600.0
8.53,1286.77,5.0,639421066.39,1988.0,2.0,162.0,5700.0,2.89,2153.9,35.0,61522777.42,2020.0,1.0,4.0,1285.0,15.41,616.15,3.0,404034.59,2000.0,1.0,4.0,1285.0,27.3,4846.2,23.0,243022.69,2013.0,1.0,4.0,1285.0,30.25,1903.17,10.0,309804.27,2012.0,2.0,350.0,14800.0,4.81,3383.72,11.0,572444936.79,1986.0,2.0,350.0,14800.0,10.45,3288.15
37.0,364369669.73,2021.0,2.0,162.0,5700.0,14.93,761.74,2.0,140006077.57,1993.0,1.0,4.0,1285.0,37.8,760.01,30.0,200592.9,1994.0,2.0,350.0,14800.0,2.81,3614.73,29.0,361055054.5,2009.0,2.0,396.0,15600.0,14.96,2792.4,14.0,597531776.7,1986.0,2.0,350.0,14800.0,10.11,1878.14,37.0,416646225.38,2000.0,2.0,350.0,14800.0,7.54,2871.69,23.0,347139378.76
2003.0,2.0,396.0,15600.0,7.38,2154.92,20.0,466373471.0,2010.0,2.0,50.0,3000.0,11.54,4223.92,13.0,16840718.26,1985.0,2.0,162.0,5700.0,5.38,586.37,38.0,47017041.87,1986.0,2.0,350.0,14800.0,3.78,3921.3,37.0,317254182.09,2003.0,2.0,50.0,3000.0,5.14,554.54,20.0,14755688.52,1983.0,1.0,4.0,1285.0,42.06,4891.43,40.0,213374.23,2015.0,1.0
4.0,1285.0,31.92,993.81,8.0,379815.98,1987.0,2.0,50.0,3000.0,12.98,2544.7,36.0,12042029.77,2022.0,2.0,396.0,15600.0,6.22,1175.22,1.0,706532681.33,1983.0,2.0,50.0,3000.0,8.19,3818.11,40.0,10418429.37,1999.0,1.0,4.0,1285.0,41.4,2567.51,24.0,186388.14,2016.0,2.0,162.0,5700.0,14.42,4514.38,7.0,101847749.42,1989.0,2.0,180.0,6300.0
7.69,3596.61,34.0,86509631.52,1994.0,2.0,350.0,14800.0,12.93,1646.02,29.0,452636644.34,2015.0,2.0,396.0,15600.0,13.64,3467.09,8.0,627477879.23,1997.0,2.0,162.0,5700.0,9.98,3365.01,26.0,63662822.45,2007.0,2.0,180.0,6300.0,11.59,1175.76,16.0,98541524.8,2019.0,1.0,4.0,1285.0,37.21,2805.0,4.0,378845.75,2015.0,2.0,50.0,3000.0,2.16,820.66
8.0,20660642.47,2022.0,1.0,4.0,1285.0,39.5,4804.26,1.0,362429.72,1981.0,2.0,396.0,15600.0,12.07,2073.66,42.0,358951291.33,1999.0,2.0,396.0,15600.0,4.41,3476.17,24.0,462511005.46,1980.0,2.0,396.0,15600.0,2.27,1692.71,43.0,426165003.24,2016.0,2.0,180.0,6300.0,14.58,869.77,7.0,148205458.65,1984.0,2.0,350.0,14800.0,6.97,3310.99,39.0,344139770.14
2020.0,2.0,50.0,3000.0,3.58,1425.59,3.0,25716133.52,2013.0,2.0,162.0,5700.0,8.89,3397.57,10.0,107183272.55,2006.0,2.0,350.0,14800.0,14.59,688.78,17.0,459831575.91,1990.0,2.0,396.0,15600.0,9.82,4909.87,33.0,434469942.04,2000.0,2.0,396.0,15600.0,11.72,3120.9,23.0,452501012.06,1985.0,1.0,4.0,1285.0,23.53,1076.43,38.0,236621.03,1990.0,2.0
180.0,6300.0,4.92,4676.38,33.0,70173636.35,2023.0,2.0,162.0,5700.0,9.97,2477.32,0.0,101962560.32,2008.0,2.0,396.0,15600.0,5.13,4743.84,15.0,544297853.03,2011.0,2.0,350.0,14800.0,10.4,4491.16,12.0,550255631.84,2006.0,2.0,350.0,14800.0,12.61,1786.58,17.0,483244453.36,2012.0,2.0,180.0,6300.0,7.99,3897.69,11.0,125697266.0,2007.0,2.0,396.0,15600.0
11.47,4288.99,16.0,576552533.65,2023.0,2.0,396.0,15600.0,9.09,1298.43,0.0,888471735.01,2011.0,1.0,4.0,1285.0,47.5,4931.01,12.0,337809.04,1999.0,2.0,50.0,3000.0,4.78,4180.03,24.0,11740026.01,2005.0,2.0,180.0,6300.0,12.93,2776.34,18.0,103399541.42,1980.0,2.0,162.0,5700.0,8.61,3156.56,43.0,74261934.23,1993.0,2.0,396.0,15600.0,9.35,1838.97
30.0,427532216.44,1998.0,2.0,396.0,15600.0,11.89,3363.31,25.0,412734925.56,1980.0,2.0,162.0,5700.0,8.0,1220.32,43.0,62133269.16,2007.0,2.0,50.0,3000.0,4.65,4100.32,16.0,15025275.31,2004.0,2.0,180.0,6300.0,11.53,2997.88,19.0,85547362.76,1994.0,2.0,50.0,3000.0,12.19,2099.23,29.0,12611857.72,2022.0,1.0,4.0,1285.0,10.21,2994.02,1.0,385978.91
2005.0,2.0,162.0,5700.0,6.78,4811.33,18.0,86494329.35,2007.0,2.0,162.0,5700.0,3.94,1971.19,16.0,92539754.63,1984.0,2.0,350.0,14800.0,6.79,4983.5,39.0,358435306.57,2007.0,1.0,4.0,1285.0,38.88,2518.75,16.0,297164.0,2020.0,2.0,350.0,14800.0,7.36,2261.87,3.0,765232183.44,1987.0,2.0,396.0,15600.0,2.04,3630.28,36.0,336923634.19,2000.0,2.0
162.0,5700.0,3.21,4073.89,23.0,77189812.92,2009.0,1.0,4.0,1285.0,29.24,3146.91,14.0,290366.42,1985.0,2.0,396.0,15600.0,9.3,3109.93,38.0,404918205.48,1995.0,2.0,162.0,5700.0,9.85,3022.97,28.0,69958397.63,2005.0,1.0,4.0,1285.0,43.0,1714.19,18.0,289745.64,2005.0,2.0,162.0,5700.0,3.0,2742.15,18.0,79846064.72,2001.0,2.0,50.0,3000.0
11.2,4032.04,22.0,12911054.39,1990.0,2.0,396.0,15600.0,8.72,4048.77,33.0,352189432.87,2020.0,1.0,4.0,1285.0,27.36,1976.87,3.0,393978.2,2012.0,1.0,4.0,1285.0,18.82,898.7,11.0,383828.69,2002.0,2.0,396.0,15600.0,14.13,4992.56,21.0,490286367.25,1989.0,2.0,50.0,3000.0,7.48,3391.54,34.0,13549398.19,1989.0,2.0,162.0,5700.0,7.33,1032.51
34.0,67153701.02,1991.0,2.0,180.0,6300.0,6.99,4279.11,32.0,93128628.48,2021.0,2.0,180.0,6300.0,6.71,1330.14,2.0,173671367.93,2020.0,2.0,180.0,6300.0,2.34,2005.3,3.0,149393911.62,2016.0,2.0,350.0,14800.0,14.23,1844.27,7.0,527136285.33,2023.0,2.0,350.0,14800.0,7.59,1666.84,0.0,782877358.82,2020.0,2.0,50.0,3000.0,8.28,2561.84,3.0,21491715.82
2020.0,2.0,396.0,15600.0,3.05,1100.66,3.0,745395297.18,2008.0,2.0,180.0,6300.0,11.48,2465.83,15.0,129147709.81,2008.0,2.0,350.0,14800.0,4.07,3944.81,15.0,469202947.87,1997.0,2.0,396.0,15600.0,10.54,3881.19,26.0,409579466.5,2002.0,2.0,162.0,5700.0,2.9,4804.77,21.0,72876013.98,1999.0,2.0,162.0,5700.0,5.21,1677.68,24.0,64653905.66,1982.0,2.0
350.0,14800.0,5.24,4578.15,41.0,406330763.05,1998.0,2.0,396.0,15600.0,12.1,2523.83,25.0,365647947.02,1985.0,2.0,50.0,3000.0,8.34,794.15,38.0,9147729.89,2012.0,1.0,4.0,1285.0,45.99,2063.04,11.0,362845.98,2017.0,2.0,350.0,14800.0,10.63,598.21,6.0,659666787.89,1982.0,2.0,50.0,3000.0,2.68,4715.7,41.0,12697996.61,2021.0,1.0,4.0,1285.0
20.41,2384.57,2.0,442895.9,2018.0,2.0,396.0,15600.0,9.35,1391.44,5.0,625882789.39,1989.0,1.0,4.0,1285.0,48.88,2587.7,34.0,179185.81,1986.0,2.0,350.0,14800.0,3.97,1013.43,37.0,415681667.99,1985.0,2.0,50.0,3000.0,5.26,1513.93,38.0,12317187.31,1991.0,2.0,50.0,3000.0,3.49,2855.26,32.0,13461979.6,2008.0,2.0,180.0,6300.0,11.4,4370.63
15.0,111640845.43,2013.0,1.0,4.0,1285.0,13.27,2945.92,10.0,329372.74,2003.0,2.0,180.0,6300.0,8.3,2562.35,20.0,98138123.68,2004.0,2.0,396.0,15600.0,7.35,2580.33,19.0,537564197.02,2023.0,2.0,396.0,15600.0,9.09,3429.38,0.0,796815035.79,2020.0,2.0,162.0,5700.0,7.97,4128.82,3.0,110618896.11,1984.0,2.0,396.0,15600.0,12.22,733.8,39.0,371898504.49
2015.0,2.0,162.0,5700.0,6.29,1241.18,8.0,98091965.17,1998.0,2.0,350.0,14800.0,8.75,3905.38,25.0,384345274.42,2022.0,2.0,50.0,3000.0,13.32,4458.12,1.0,23069754.97,2001.0,2.0,180.0,6300.0,7.87,1574.58,22.0,95514690.07,2022.0,1.0,4.0,1285.0,29.91,2924.16,1.0,415594.5,1999.0,2.0,396.0,15600.0,10.54,974.63,24.0,395854826.2,2022.0,2.0
