accidents,traffic_fine_amount,traffic_density,traffic_lights,pavement_quality,urban_area,average_speed,rain_intensity,vehicle_count,time_of_day,Variable,Description,Extra_Feature_1,Extra_Feature_2,Extra_Feature_3,Extra_Feature_4,Extra_Feature_5,Extra_Feature_6,Extra_Feature_7,Extra_Feature_8,Extra_Feature_9,Extra_Feature_10,Extra_Feature_11,Extra_Feature_12,Extra_Feature_13,Extra_Feature_14,Extra_Feature_15,Extra_Feature_16,Extra_Feature_17,Extra_Feature_18,Extra_Feature_19,Extra_Feature_20,Extra_Feature_21,Extra_Feature_22,Extra_Feature_23,Extra_Feature_24,Extra_Feature_25,Extra_Feature_26,Extra_Feature_27,Extra_Feature_28,Extra_Feature_29,Extra_Feature_30,Extra_Feature_31,Extra_Feature_32,Extra_Feature_33,Extra_Feature_34,Extra_Feature_35,Extra_Feature_36,Extra_Feature_37,Extra_Feature_38
20.0,4.3709,2.3049,753.0,0.77,1.0,321.592,1.1944,290.857,160.432,11.0,9.5564,3.2757,5.452,4.054,1.0,478.623,6.296,931.812,8.9108,19.0,7.5879,2.0989,6.697,345.0,0.0,364.476,2.8584,830.086,5.5727,23.0,6.3879,4.9188,9.412,4.729,0.0,20.92,2.1065,813.159,131.452,23.0,2.4042,1.961,7.393,1.7111,1.0,37.378,1.7028,1.4663,6.961
31.0,2.404,6.7137,5.411,5.905,1.0,404.621,1.8936,689.041,8.1801,29.0,1.5228,5.2316,9.326,2.3785,1.0,16.292,2.5213,237.971,12.6622,18.0,8.7956,8.9864,4.784,1.9984,0.0,352.566,1.9072,968.067,8.0602,15.0,6.41,1.6439,5.612,3.609,1.0,217.198,3.438,535.444,8.2904,22.0,7.3727,8.0411,5.961,4.765,1.0,409.261,2.0919,569.056,203.591
28.0,1.1853,7.9196,0.41,3.7678,1.0,147.689,1.6946,362.918,224.158,17.0,9.7292,1.2718,8.385,8.972,0.0,46.888,2.899,541.363,198.574,0.0,0.0,14.0,8.492,3.9856,1.852,4.6776,0.0,287.393,2.2012,75.224,2.3728,0.0,0.0,21.0,2.9111,1.7015,5.548,1.9607,1.0,176.652,1.032,566.301,6.9538,0.0,0.0,22.0,2.6364,2.5472,7.222
2.3709,0.0,209.686,4.062,64.485,170.711,0.0,0.0,25.0,2.6506,2.6325,904.0,2.1079,1.0,173.899,1.4468,477.743,233.854,0.0,0.0,25.0,3.7382,5.5624,8.839,1.4027,1.0,7.3123,2.0381,719.236,5.8148,0.0,0.0,18.0,5.7228,4.1141,5.087,4.4752,1.0,3.4246,5.318,900.563,215.571,0.0,0.0,27.0,4.8875,9.4773,6.432,1.6612,1.0
160.889,1.9483,6.0541,177.364,0.0,0.0,24.0,3.6211,1.2637,3.942,2.893,1.0,229.345,2.4768,11.6224,236.028,0.0,0.0,20.0,6.5067,9.7369,4.682,1.2002,0.0,180.908,4.712,688.753,2.2461,0.0,0.0,23.0,2.2554,2.3064,9.063,3.9869,0.0,696.0,2.1174,383.927,9.4739,0.0,0.0,24.0,3.6293,7.7287,9.307,3.871,1.0,289.503,2.048
288.802,11.4748,0.0,0.0,17.0,4.2973,3.3897,8.954,1.4816,0.0,7.2408,239.0,186.807,16.13,0.0,0.0,11.0,5.1046,1.4308,1.384,3.4078,0.0,10.5503,979.0,57.691,156.953,0.0,0.0,21.0,8.0666,8.5789,8.501,3.5194,1.0,6.0374,1.8945,354.057,217.523,0.0,0.0,28.0,2.7971,3.0886,9.484,2.8126,1.0,260.216,2.9201,512.881,201.282
0.0,0.0,20.0,5.6281,6.5886,3.612,3.003,1.0,4.758,2.3141,958.976,1.3289,0.0,0.0,19.0,6.3317,5.6644,5.186,2.8723,1.0,12.8179,7.632,760.685,11.677,0.0,0.0,26.0,1.4181,4.7176,7.791,4.093,0.0,225.854,2.151,797.991,9.7695,0.0,0.0,17.0,6.4679,4.9582,5.621,3.3513,0.0,8.3854,1.85,132.956,239.315,0.0,0.0
23.0,2.5347,7.3224,9.935,2.3489,1.0,223.121,97.0,331.731,10.2542,0.0,0.0,25.0,1.5855,8.777,4.557,2.1923,0.0,171.368,2.3778,11.5173,163.829,0.0,0.0,14.0,9.54,6.6818,7.139,4.3,0.0,430.299,7.294,968.836,6.8263,0.0,0.0,19.0,9.6907,8.9581,7.926,1.161,1.0,397.452,8.977,685.366,147.511,0.0,0.0,14.0,8.2756
5.779,4.941,1.2566,1.0,496.427,1.0319,2.9041,4.9592,0.0,0.0,23.0,3.7415,1.4065,857.0,607.0,0.0,264.456,2.2907,48.075,144.866,0.0,0.0,29.0,1.879,7.1663,5.462,1.767,1.0,287.699,7.972,27.089,208.366,0.0,0.0,18.0,7.1581,4.3728,4.117,1.3784,1.0,473.323,8.534,544.559,4.617,0.0,0.0,18.0,4.9614,4.0355,1.078
4.9424,1.0,199.796,1.623,186.871,12.1101,0.0,0.0,22.0,2.0983,1.3697,3.934,1.3511,0.0,277.841,1.389,6.6287,235.769,0.0,0.0,23.0,5.4566,5.0677,7.339,3.3185,1.0,189.543,2.8667,329.946,3.8223,0.0,0.0,24.0,1.3095,1.2655,9.213,5.915,1.0,27.293,7.902,302.552,4.4019,0.0,0.0,7.0,9.1839,4.7662,2.517,3.1992,0.0
4.0383,2.757,719.794,11.2998,0.0,0.0,25.0,3.329,7.6362,3.552,4.9224,1.0,391.897,1.6229,479.803,209.038,0.0,0.0,15.0,6.9627,2.5826,154.0,1.4592,1.0,49.264,5.536,298.415,135.062,0.0,0.0,22.0,3.8054,4.8079,6.907,4.2404,1.0,3.287,1.2409,574.726,12.209,0.0,0.0,20.0,5.6806,9.9202,9.602,4.9879,1.0,40.052,5.616
8.0604,2.0822,0.0,0.0,24.0,5.9204,6.8665,641.0,2.9428,1.0,12.0867,2.6429,665.729,230.877,0.0,0.0,28.0,2.6637,8.4136,6.171,1.547,1.0,9.8774,9.823,155.816,8.3308,0.0,0.0,15.0,9.7263,4.1485,5.535,3.3677,1.0,346.685,2.3246,286.902,6.0434,0.0,0.0,17.0,7.9762,7.6786,885.0,4.2242,0.0,2.2066,2.8458,289.302,9.8819
0.0,0.0,14.0,9.4555,4.051,7.295,8.568,0.0,23.162,2.8217,471.193,9.9404,0.0,0.0,13.0,9.0534,1.2291,602.0,2.2626,1.0,722.0,1.5744,953.626,11.1948,0.0,0.0,22.0,6.3811,2.0307,6.615,1.5959,1.0,277.197,2.9498,331.413,165.249,0.0,0.0,16.0,9.2969,4.0195,8.988,1.4168,0.0,231.041,1.9678,288.509,208.307,0.0,0.0
26.0,1.7964,8.4574,784.0,4.3041,1.0,457.741,3.855,177.114,1.3755,0.0,0.0,27.0,2.7638,3.4627,7.809,2.1083,0.0,360.136,2.6651,398.049,11.7784,0.0,0.0,29.0,1.407,6.5462,9.272,1.6954,1.0,6.3003,1.4061,190.221,9.9355,0.0,0.0,22.0,3.928,7.0931,9.899,3.0176,1.0,17.727,4.581,146.392,2.611,0.0,0.0,28.0,4.4981
5.8618,5.813,1.097,0.0,46.579,2.3743,858.785,195.957,0.0,0.0,22.0,3.4421,3.5724,1.089,1.1495,1.0,362.667,1.8732,6.2112,2.5035,0.0,0.0,16.0,8.4586,5.7705,4.591,2.6014,1.0,297.138,2.6464,713.717,2.754,0.0,0.0,22.0,4.2108,3.4227,7.876,2.0464,0.0,279.536,2.482,210.545,1.1592,0.0,0.0,18.0,3.5284,8.387,277.0
1.4749,1.0,199.049,9.603,2.1598,4.8101,0.0,0.0,23.0,5.8843,9.928,569.0,2.698,1.0,292.601,7.689,797.194,4.2436,0.0,0.0,24.0,2.2683,1.2718,672.0,2.6039,1.0,385.832,2.2015,705.263,8.3488,0.0,0.0,12.0,8.2198,7.235,731.0,4.083,0.0,6.3769,1.7199,340.956,158.225,0.0,0.0,26.0,1.671,8.7853,5.012,4.2569,1.0
484.915,2.096,8.8539,1.3031,0.0,0.0,13.0,9.882,3.0183,3.689,1.1772,1.0,11.9682,5.449,367.065,206.466,0.0,0.0,15.0,7.9502,6.503,1.056,2.9982,1.0,223.871,4.541,189.514,7.8379,0.0,0.0,23.0,2.7884,3.2901,7.322,4.2794,1.0,1.1358,1.7694,933.179,145.586,0.0,0.0,24.0,1.0497,3.9145,321.0,2.0436,1.0,275.173,2.573
534.327,2.881,0.0,0.0,10.0,8.3392,2.6211,2.653,4.6607,0.0,190.933,6.231,964.205,8.7794,0.0,0.0,13.0,7.3617,3.4304,6.523,4.5149,0.0,12.4878,1.6361,357.801,492.0,0.0,0.0,15.0,7.5611,4.107,559.0,1.0407,0.0,492.762,3.992,560.898,3.971,0.0,0.0,17.0,7.9414,7.2042,3.624,1.2948,1.0,214.071,7.448,198.222,10.7484
0.0,0.0,29.0,1.6664,5.1154,6.415,9.022,0.0,207.148,2.7204,810.345,12.8421,0.0,0.0,27.0,4.2262,9.4357,2.712,9.803,1.0,231.552,2.0914,5.0689,3.6703,0.0,0.0,21.0,2.0428,4.188,7.948,4.5393,1.0,5.8077,9.206,698.659,178.852,0.0,0.0,13.0,8.7679,5.0307,2.293,4.6557,1.0,196.548,2.6321,397.743,4.5361,0.0,0.0
17.0,6.6097,5.8422,1.588,2.595,1.0,168.202,7.509,582.632,2.7803,0.0,0.0,25.0,3.9781,9.202,7.824,2.968,1.0,232.562,1.7672,596.337,8.2022,0.0,0.0,23.0,1.572,4.916,7.079,2.8212,1.0,428.311,1.1055,713.687,132.343,0.0,0.0,25.0,3.7988,5.735,1.826,1.9527,1.0,9.6393,2.2564,21.222,237.336,0.0,0.0,23.0,3.9266
8.5363,1.162,3.1585,0.0,30.387,1.1148,536.072,10.0492,0.0,0.0,11.0,7.5665,2.4193,8.384,4.7368,0.0,1.8819,7.466,432.657,10.2239,0.0,0.0,23.0,6.738,8.7629,7.766,8.513,0.0,158.396,1.8231,289.359,1.424,0.0,0.0,15.0,8.9849,1.904,3.273,6.021,1.0,236.329,2.236,500.771,183.797,0.0,0.0,25.0,5.2499,7.3245,6.582
167.0,1.0,3.714,1.6091,952.495,4.3628,0.0,0.0,29.0,2.0763,9.3311,1.242,1.8192,0.0,271.984,2.1489,949.396,178.753,0.0,0.0,18.0,7.4192,6.572,507.0,1.6881,0.0,155.163,1.266,286.029,218.548,0.0,0.0,19.0,7.8471,4.3903,187.0,2.1541,1.0,496.405,2.3863,885.365,184.373,0.0,0.0,17.0,6.0515,4.488,3.916,2.5166,0.0
315.485,1.7551,877.987,154.189,0.0,0.0,16.0,7.9387,9.2011,748.0,3.7891,1.0,12.2088,5.887,257.089,14.494,0.0,0.0,21.0,5.4442,4.703,4.751,1.9606,0.0,5.1337,2.6723,602.961,10.8872,0.0,0.0,19.0,5.7046,0.29,4.217,1.6531,1.0,2.036,2.5105,871.236,3.469,0.0,0.0,24.0,4.8479,6.8982,4.444,4.1344,1.0,4.5387,2.8917
519.845,186.921,0.0,0.0,27.0,1.2288,4.8184,453.0,4.249,1.0,34.003,1.707,376.072,11.4557,0.0,0.0,26.0,1.971,1.2435,3.616,1.1638,0.0,427.496,2.0272,654.278,150.155,0.0,0.0,25.0,1.2829,2.1427,7.565,1.5734,0.0,7.8367,2.5907,180.701,8.9764,0.0,0.0,11.0,6.7277,6.449,3.689,4.1256,1.0,201.067,1.578,170.114,4.8173
0.0,0.0,29.0,3.8292,5.7429,7.152,397.0,1.0,177.118,2.7366,83.432,193.562,0.0,0.0,20.0,5.5771,6.2203,3.695,1.6292,1.0,322.259,8.135,5.1456,8.2176,0.0,0.0,14.0,9.1681,5.0574,4.232,2.2418,1.0,9.1339,1.711,805.594,208.003,0.0,0.0,25.0,3.2436,8.171,5.639,9.354,0.0,47.666,7.128,297.589,231.774,0.0,0.0
28.0,4.6934,8.6101,9.507,8.996,1.0,364.278,1.7591,488.291,199.197,0.0,0.0,16.0,7.8,6.1562,1.089,2.1243,1.0,477.536,1.435,54.808,3.0753,0.0,0.0,16.0,3.0592,1.276,329.0,3.7726,1.0,138.685,23.0,769.399,205.203,0.0,0.0,30.0,1.6928,6.9523,608.0,4.2012,1.0,293.858,1.9181,885.019,12.4646,0.0,0.0,20.0,3.6078
4.18,9.491,4.8962,0.0,366.134,1.3602,806.182,5.7939,0.0,0.0,30.0,2.451,5.6556,9.897,3.699,1.0,355.478,2.533,57.662,2.2357,0.0,0.0,14.0,9.3673,6.4908,4.842,1.0834,1.0,1.0673,7.726,354.534,6.6842,0.0,0.0,12.0,8.2731,3.5024,4.681,3.7831,1.0,499.145,8.421,531.292,3.2982,0.0,0.0,18.0,6.7006,9.171,645.0
2.703,0.0,46.403,2.326,3.9721,6.155,0.0,0.0,14.0,8.8431,1.3397,5.556,1.6384,1.0,5.9876,1.6155,25.253,237.063,0.0,0.0,16.0,8.233,6.7151,6.341,1.0279,0.0,271.783,1.0977,372.494,19.957,0.0,0.0,19.0,2.6791,436.0,874.0,1.4024,1.0,157.278,1.0191,326.557,177.348,0.0,0.0,17.0,9.033,9.2465,7.463,2.1464,0.0
439.447,1.3729,10.4195,4.6323,0.0,0.0,21.0,5.8541,1.125,4.969,8.858,1.0,34.876,2.5491,6.0247,6.657,0.0,0.0,11.0,8.267,9.488,4.619,4.8211,1.0,11.1759,3.156,426.508,11.6449,0.0,0.0,12.0,9.0648,3.3301,6.396,5.379,0.0,1.6931,1.5708,8.4052,178.007,0.0,0.0,21.0,3.862,3.7357,4.557,4.9279,1.0,145.871,5.893
293.346,231.081,0.0,0.0,22.0,1.9905,2.143,4.578,4.2095,1.0,1.9069,6.372,480.077,202.532,0.0,0.0,22.0,3.0514,5.8512,163.0,2.1158,1.0,7.0655,7.702,217.862,214.441,0.0,0.0,19.0,4.844,4.4291,1.741,3.6991,0.0,318.069,1.3782,8.874,5.7279,0.0,0.0,12.0,8.3621,3.418,4.885,3.3576,1.0,372.543,1.4832,437.812,3.7278
0.0,0.0,18.0,8.7466,3.1965,8.227,1.0664,1.0,234.008,2.6145,453.992,5.9468,0.0,0.0,31.0,1.0626,8.1043,2.787,1.6954,1.0,300.144,2.6763,916.458,3.3259,0.0,0.0,22.0,5.5967,6.897,5.226,2.5656,1.0,7.7943,1.76,136.559,191.636,0.0,0.0,21.0,4.7567,7.2487,345.0,3.1892,0.0,158.398,8.442,618.845,21.673,0.0,0.0
29.0,2.999,6.9812,1.048,2.7145,1.0,356.442,2.4553,326.506,7.3762,0.0,0.0,27.0,2.0788,3.1097,9.583,2.3649,1.0,182.446,2.3786,132.362,210.462,0.0,0.0,20.0,4.0385,9.966,8.547,2.2158,1.0,174.406,2.3939,399.216,1.3208,0.0,0.0,8.0,9.4862,2.7247,785.0,2.4913,1.0,9.6996,491.0,433.658,162.566,0.0,0.0,31.0,3.9088
8.3179,7.198,2.1718,1.0,297.412,2.2616,369.929,12.6598,0.0,0.0,26.0,5.6691,9.8047,3.476,2.7067,1.0,404.769,2.5582,768.075,6.6418,0.0,0.0,21.0,7.3272,4.9385,9.948,4.4399,1.0,234.723,1.8151,840.814,184.368,0.0,0.0,16.0,4.2727,97.0,3.024,3.1641,1.0,5.777,2.2537,157.244,5.0891,0.0,0.0,13.0,9.746,1.4004,2.387
3.6131,1.0,419.184,2.3285,176.226,9.9876,0.0,0.0,13.0,9.662,3.2208,5.679,2.9874,1.0,3.5699,1.5198,427.005,170.366,0.0,0.0,26.0,3.266,5.7859,8.351,3.2151,1.0,235.864,2.4409,326.987,8.1175,0.0,0.0,18.0,5.4752,7.509,1.925,2.8917,0.0,130.539,2.3769,821.378,205.286,0.0,0.0,33.0,3.7079,9.4336,7.094,1.343,1.0
468.159,2.7483,996.843,207.702,0.0,0.0,21.0,3.5636,3.6508,614.0,4.998,1.0,368.772,2.7641,189.299,4.8607,0.0,0.0,33.0,1.332,9.1258,9.189,168.0,1.0,283.204,1.5891,764.919,10.5694,0.0,0.0,16.0,6.4861,7.8052,811.0,1.9757,0.0,333.878,945.0,611.174,10.3683,0.0,0.0,21.0,5.5241,7.5544,9.142,5.256,0.0,266.364,573.0
64.798,9.8411,0.0,0.0,29.0,1.4633,6.0672,4.908,4.846,0.0,7.38,2.8168,271.797,12.0473,0.0,0.0,24.0,3.5078,6.2678,4.481,3.9676,1.0,354.549,1.0121,10.6224,1.7848,0.0,0.0,16.0,9.1744,6.38,9.733,2.1296,0.0,246.337,1.1326,547.824,208.812,0.0,0.0,25.0,3.1561,6.2872,9.904,4.1957,1.0,317.155,1.4097,617.371,6.958
0.0,0.0,23.0,2.3041,5.5373,6.502,1.3639,1.0,2.2601,7.974,963.418,435.0,0.0,0.0,25.0,5.4051,9.8641,1.271,1.2823,1.0,7.1017,1.7712,678.479,164.425,0.0,0.0,17.0,9.8709,7.3229,5.062,1.2562,0.0,294.685,2.3539,449.247,156.113,0.0,0.0,28.0,3.1785,7.7695,5.292,3.0807,1.0,229.714,772.0,994.061,235.959,0.0,0.0
21.0,7.0492,8.7246,5.144,4.075,1.0,11.3437,2.2292,379.507,172.619,0.0,0.0,13.0,7.8546,2.1564,5.695,2.2613,0.0,12.038,2.0161,170.933,7.9849,0.0,0.0,23.0,3.1387,838.0,187.0,1.8962,1.0,315.829,1.5768,62.18,228.628,0.0,0.0,13.0,7.5539,4.8289,7.112,4.8679,1.0,2.9484,9.763,273.588,8.7683,0.0,0.0,29.0,4.31
5.1408,7.124,5.838,1.0,217.129,2.6183,922.983,197.099,0.0,0.0,22.0,6.6908,8.2918,1.155,2.4332,1.0,261.552,1.2084,43.359,8.0562,0.0,0.0,14.0,6.7018,4.4378,5.702,2.0424,0.0,154.071,1.124,15.812,1.169,0.0,0.0,25.0,5.822,5.7085,5.684,4.906,1.0,410.275,1.9241,150.214,176.108,0.0,0.0,28.0,1.8126,5.2707,6.825
1.341,1.0,2.8385,2.761,653.143,8.4051,0.0,0.0,14.0,8.5177,382.0,854.0,1.422,1.0,432.891,1.5241,372.238,8.1333,0.0,0.0,26.0,3.887,6.1521,6.265,4.3848,1.0,361.631,2.1681,370.087,171.804,0.0,0.0,25.0,2.6787,8.2804,2.808,3.0392,0.0,223.127,1.3706,616.201,7.7289,0.0,0.0,20.0,1.367,1.575,507.0,4.0751,0.0
462.234,6.564,229.297,2.8323,0.0,0.0,18.0,6.318,5.9433,7.733,2.6078,0.0,351.119,3.719,153.974,9.7082,0.0,0.0,19.0,7.0981,5.9361,7.056,2.9975,0.0,465.523,409.0,66.069,197.723,0.0,0.0,18.0,1.1493,1.6418,1.189,3.5043,0.0,236.295,64.0,1.5185,3.1249,0.0,0.0,17.0,5.6088,1.2346,5.912,4.5401,1.0,226.487,1.6587
908.291,133.075,0.0,0.0,28.0,3.0385,9.8005,9.691,4.588,1.0,265.371,3.933,191.141,3.1742,0.0,0.0,17.0,6.8066,3.9372,1.568,1.6547,1.0,3.2713,2.5971,453.377,1.1804,0.0,0.0,27.0,2.5693,2.2742,8.529,3.5451,1.0,454.247,2.9487,219.364,9.089,0.0,0.0,15.0,7.2184,1.7132,7.025,4.7918,1.0,333.859,1.4876,226.037,157.892
0.0,0.0,21.0,4.4806,6.676,774.0,4.904,1.0,308.793,1.349,836.651,6.5997,0.0,0.0,15.0,9.4306,6.0945,282.0,3.1905,0.0,463.232,1.0442,589.183,10.6975,0.0,0.0,29.0,2.2377,6.4355,2.879,968.0,1.0,496.819,1.9141,318.336,11.7919,0.0,0.0,20.0,4.0696,8.801,906.0,596.0,0.0,8.1697,1.8241,258.588,20.191,0.0,0.0
27.0,2.0213,8.9353,3.598,4.7302,0.0,374.498,1.0301,220.734,196.555,0.0,0.0,13.0,9.3222,3.8927,63.0,2.1696,1.0,289.973,1.0295,558.904,563.0,0.0,0.0,15.0,8.8961,3.1337,6.006,9.741,1.0,230.499,1.9344,733.482,9.9341,0.0,0.0,24.0,3.3215,4.6236,1.248,4.6695,1.0,488.806,1.6636,260.992,157.462,0.0,0.0,23.0,6.9399
3.9007,7.966,5.226,1.0,425.132,2.1557,338.978,204.575,0.0,0.0,21.0,8.355,8.6358,6.417,3.6479,0.0,348.375,2.8242,723.162,1.1735,0.0,0.0,26.0,5.9968,9.2926,8.747,3.1263,1.0,191.338,2.3388,739.905,15.078,0.0,0.0,20.0,5.7669,3.0345,7.848,4.387,0.0,33.302,913.0,21.525,202.085,0.0,0.0,26.0,3.1767,8.6394,1.121
1.6937,0.0,265.847,2.2774,38.838,6.1218,0.0,0.0,28.0,1.8379,7.8152,3.811,7.497,0.0,12.4684,1.3501,871.258,4.9262,0.0,0.0,20.0,9.0749,9.3081,7.746,3.0225,1.0,225.191,2.333,74.279,11.2284,0.0,0.0,17.0,9.1038,2.4575,4.173,2.3856,1.0,10.6106,2.6597,17.087,231.019,0.0,0.0,21.0,6.6979,5.7696,9.724,214.0,1.0
25.021,7.498,392.103,166.293,0.0,0.0,20.0,4.0513,2.7454,7.357,4.8786,1.0,360.119,7.159,973.561,10.1876,0.0,0.0,21.0,4.1429,8.2409,155.0,1.7479,1.0,1.8323,1.2979,530.124,5.007,0.0,0.0,14.0,7.5336,532.0,0.88,1.291,1.0,38.269,1.546,722.153,133.614,0.0,0.0,16.0,9.074,5.6482,1.008,1.1122,1.0,9.997,2.0571
10.1115,8.3709,0.0,0.0,18.0,8.9838,3.392,1.405,7.941,1.0,258.639,2.2491,834.185,4.4571,0.0,0.0,15.0,8.0189,3.2268,7.345,4.9957,1.0,286.738,1.0363,608.737,12.1936,0.0,0.0,21.0,6.7783,6.4491,865.0,1.4755,1.0,380.622,1.3959,183.844,8.1932,0.0,0.0,29.0,1.7573,8.5148,5.363,2.0276,1.0,380.514,1.7711,38.641,9.294
0.0,0.0,23.0,2.4547,6.092,289.0,4.3568,1.0,208.728,2.208,9.2197,174.121,0.0,0.0,18.0,9.087,8.5317,3.513,3.2094,1.0,3.3186,2.1339,77.924,17.582,0.0,0.0,18.0,6.4579,2.646,3.429,1.8435,1.0,34.675,1.5801,74.743,14.852,0.0,0.0,27.0,1.0828,5.195,3.267,4.4916,1.0,255.493,1.8728,495.329,201.797,0.0,0.0
25.0,1.9132,4.5054,2.429,3.7486,1.0,166.529,2.1715,457.496,4.8764,0.0,0.0,15.0,6.9715,1.164,6.089,1.1395,0.0,11.7437,2.0267,46.879,6.8688,0.0,0.0,24.0,1.0456,5.5681,9.004,3.2187,1.0,5.9879,286.0,4.7092,11.1977,0.0,0.0,27.0,2.4473,6.6152,3.071,4.612,1.0,147.571,2.3478,374.563,1.4442,0.0,0.0,21.0,5.9386
5.9191,1.867,2.4823,0.0,229.245,1.8301,137.219,212.051,0.0,0.0,23.0,7.2271,7.3628,8.386,3.6681,1.0,238.805,2.1446,192.944,11.7751,0.0,0.0,17.0,6.8677,5.7134,7.418,4.8555,1.0,291.369,7.845,962.496,7.7919,0.0,0.0,17.0,3.0184,6.675,9.308,3.4521,0.0,181.234,6.643,269.167,11.4711,0.0,0.0,16.0,7.4096,1.1645,1.655
5.122,0.0,459.949,2.4783,488.789,7.8031,0.0,0.0,25.0,3.1352,5.9647,1.443,1.2228,1.0,247.935,1.1712,888.915,6.8703,0.0,0.0,22.0,3.9286,2.7498,5.414,2.9755,1.0,211.863,1.726,419.356,10.7524,0.0,0.0,13.0,7.7184,7.965,6.144,1.3778,0.0,2.4084,1.6548,533.332,11.5657,0.0,0.0,18.0,6.8467,4.296,4.802,4.7877,1.0
299.508,1.7555,17.71,10.4003,0.0,0.0,16.0,8.643,5.5432,599.0,2.0268,1.0,301.434,2.085,292.229,131.503,0.0,0.0,16.0,6.9185,3.2875,1.804,2.2862,1.0,291.645,9.074,511.053,188.011,0.0,0.0,17.0,6.1148,7.2043,4.796,3.508,1.0,443.798,1.994,371.252,1.3744,0.0,0.0,28.0,1.8431,6.4377,6.581,2.6212,0.0,38.145,1.4405
4.7873,194.764,0.0,0.0,25.0,4.3094,3.3282,4.327,1.9107,1.0,433.703,2.7063,406.821,5.4848,0.0,0.0,26.0,3.3868,7.5487,6.794,3.832,1.0,2.9711,1.1675,816.955,6.0502,0.0,0.0,27.0,3.1959,6.487,4.512,2.9822,1.0,159.063,2.3473,12.4899,143.872,0.0,0.0,11.0,9.7571,6.3745,3.336,4.3379,1.0,159.356,8.617,2.8544,234.161
0.0,0.0,22.0,4.5379,5.5343,3.036,3.4288,0.0,328.523,2.5688,12.7516,4.176,0.0,0.0,11.0,9.0284,1.139,4.109,1.9075,0.0,224.308,1.2585,690.001,161.552,0.0,0.0,21.0,6.6802,6.9651,231.0,6.386,0.0,388.736,1.0657,796.698,167.255,0.0,0.0,13.0,8.1533,3.7604,6.685,4.0817,0.0,192.215,2.0924,5.8239,137.676,0.0,0.0
22.0,5.5237,9.4261,8.451,4.7087,1.0,11.0804,1.5383,888.675,2.326,0.0,0.0,21.0,6.1921,8.1798,3.546,1.9414,1.0,145.476,1.012,631.052,145.524,0.0,0.0,15.0,5.4327,5.8769,46.0,3.6432,0.0,9.1235,1.743,52.295,2.7605,0.0,0.0,19.0,2.7572,2.5218,9.868,2.0538,0.0,9.8946,4.999,261.056,1.8736,0.0,0.0,14.0,7.5021
2.0372,2.637,2.5113,0.0,10.8419,2.317,377.983,167.055,0.0,0.0,22.0,3.527,3.4038,1.266,4.1824,1.0,8.047,2.7622,947.504,168.056,0.0,0.0,29.0,1.2188,4.7657,3.698,4.171,1.0,358.044,5.065,912.431,213.579,0.0,0.0,18.0,6.8093,2.9607,7.386,2.6517,1.0,199.801,1.7083,62.921,811.0,0.0,0.0,24.0,2.594,5.1493,2.939
1.0731,1.0,1.1336,1.025,583.122,9.0902,0.0,0.0,10.0,9.4641,1.6537,5.747,1.699,1.0,185.004,8.725,218.439,2.945,0.0,0.0,16.0,9.5854,9.7771,4.156,3.2221,0.0,452.684,1.3464,953.746,8.7519,0.0,0.0,15.0,9.2338,1.0792,1.178,1.361,1.0,255.622,2.2076,757.838,11.7998,0.0,0.0,23.0,4.3314,9.3194,3.303,2.9691,1.0
493.376,1.323,388.437,12.7135,0.0,0.0,33.0,1.1391,9.1358,7.249,1.4172,1.0,26.998,2.3437,817.673,8.5424,0.0,0.0,15.0,9.3549,5.2536,612.0,3.3474,1.0,481.399,6.079,219.756,174.072,0.0,0.0,26.0,4.8537,7.2491,1.198,7.079,1.0,10.09,2.2786,221.096,9.9743,0.0,0.0,12.0,9.6999,4.3605,1.633,3.6791,0.0,144.967,1.8764
793.052,12.411,0.0,0.0,14.0,9.6726,6.3003,6.407,3.2282,0.0,349.985,1.0187,563.715,192.021,0.0,0.0,17.0,8.6771,3.4058,8.134,4.8562,1.0,493.411,2.1713,560.277,4.1833,0.0,0.0,18.0,3.65,3.0116,3.495,4.5562,0.0,412.649,709.0,577.934,7.7015,0.0,0.0,22.0,4.4659,5.7823,5.953,1.4165,0.0,276.853,6.592,134.549,12.5143
0.0,0.0,17.0,8.6602,4.9813,1.706,1.366,1.0,4.2576,1.852,356.063,184.228,0.0,0.0,21.0,3.8523,5.7954,3.114,3.2768,1.0,18.219,1.1792,577.349,10.2085,0.0,0.0,19.0,2.5254,2.8666,203.0,3.0144,1.0,4.3213,2.931,255.113,1.7464,0.0,0.0,21.0,6.0112,3.6696,7.683,1.371,0.0,155.641,1.2585,508.965,237.319,0.0,0.0
9.0,9.4254,839.0,401.0,6.134,0.0,12.9396,294.0,561.465,169.899,0.0,0.0,15.0,7.2643,5.228,8.161,2.9235,1.0,194.278,4.653,943.386,173.456,0.0,0.0,20.0,6.1306,2.5346,7.084,4.5591,1.0,418.638,2.7971,253.318,11.1625,0.0,0.0,24.0,1.8746,7.425,8.287,4.5325,1.0,7.5188,2.3867,444.964,13.129,0.0,0.0,17.0,6.5351
1.0377,2.857,7.574,1.0,153.032,7.085,981.696,238.572,0.0,0.0,17.0,9.9105,8.1293,1.851,1.9229,1.0,130.559,2.1549,194.922,142.828,0.0,0.0,24.0,2.2608,3.887,9.719,216.0,0.0,148.071,2.1954,782.219,5.2543,0.0,0.0,20.0,5.665,6.5894,7.173,2.3464,0.0,180.312,5.308,185.383,231.451,0.0,0.0,10.0,8.8964,2.7256,834.0
3.7654,0.0,12.2156,1.1132,851.546,12.9063,0.0,0.0,22.0,7.6669,8.7155,131.0,3.9499,1.0,471.291,2.7411,493.094,4.962,0.0,0.0,18.0,7.2731,4.8499,3.545,2.4949,0.0,210.051,2.2162,97.244,137.604,0.0,0.0,17.0,7.3224,3.0558,7.428,4.793,1.0,5.7057,2.281,178.374,1.6914,0.0,0.0,24.0,4.2354,5.1764,78.0,1.9068,1.0
233.829,1.6917,691.047,12.6621,0.0,0.0,20.0,3.6423,3.8196,5.673,4.6605,0.0,9.2216,1.9966,698.326,19.808,0.0,0.0,17.0,8.2843,5.643,4.291,1.1481,1.0,10.8065,1.5262,721.687,12.9328,0.0,0.0,12.0,8.291,1.1453,176.0,1.5988,1.0,142.521,2.2227,10.9959,8.9629,0.0,0.0,19.0,8.8037,9.9699,236.0,3.7341,1.0,6.238,2.1982
295.675,211.826,0.0,0.0,15.0,9.2192,4.2556,2.848,3.6679,1.0,360.559,932.0,344.637,222.622,0.0,0.0,16.0,5.6021,3.4823,1.119,4.561,0.0,395.973,1.8953,331.045,8.3398,0.0,0.0,24.0,5.5136,7.1021,6.315,1.9406,1.0,197.142,1.8894,678.271,11.9748,0.0,0.0,14.0,8.1847,3.639,2.424,2.573,0.0,344.496,202.0,6.4281,235.901
0.0,0.0,20.0,6.8497,8.3327,2.776,2.337,1.0,194.477,1.2311,732.778,4.2744,0.0,0.0,18.0,7.3177,4.5427,8.982,4.6388,1.0,8.2039,2.6964,531.319,7.1557,0.0,0.0,19.0,8.1621,7.1956,4.671,3.8467,1.0,198.584,2.8603,181.267,10.2821,0.0,0.0,11.0,9.01,1.0745,3.921,4.1572,0.0,278.494,2.3466,233.858,2.4213,0.0,0.0
23.0,4.042,8.4612,7.239,6.655,1.0,2.0497,4.544,10.6605,6.529,0.0,0.0,26.0,4.3802,7.3572,9.096,3.9592,1.0,327.242,1.1242,464.468,130.725,0.0,0.0,21.0,1.8458,2.1172,25.0,2.1649,1.0,371.304,5.477,598.972,5.484,0.0,0.0,21.0,6.2045,1.4529,4.482,1.167,0.0,429.985,1.9564,585.162,164.708,0.0,0.0,29.0,1.3235
3.1629,6.108,3.004,1.0,5.1385,2.3194,962.744,8.3441,0.0,0.0,23.0,5.1904,9.7607,3.186,3.3895,0.0,47.0,2.6513,303.006,2.1551,0.0,0.0,20.0,5.8838,2.5683,7.724,1.8601,0.0,3.6633,2.5819,764.459,183.488,0.0,0.0,22.0,3.5789,4.5613,9.715,4.3406,1.0,462.058,2.976,725.847,13.618,0.0,0.0,13.0,6.3175,3.002,9.434
3.6714,0.0,382.778,377.0,7.0714,197.969,0.0,0.0,32.0,1.2745,3.9723,266.0,1.084,1.0,417.718,2.729,930.705,8.6436,0.0,0.0,28.0,1.3361,5.7132,2.263,3.4344,1.0,258.507,2.5314,931.991,4.651,0.0,0.0,19.0,8.4034,9.5312,9.575,9.618,1.0,26.336,1.3811,402.372,1.1205,0.0,0.0,20.0,4.2417,5.1674,4.586,2.1129,0.0
149.253,1.2902,423.501,190.908,0.0,0.0,27.0,2.1435,8.1911,2.083,3.1237,0.0,421.377,1.6584,821.401,9.8554,0.0,0.0,22.0,5.7002,5.4713,707.0,4.3636,0.0,414.885,1.7899,50.008,234.333,0.0,0.0,11.0,7.9299,4.079,2.844,2.2805,0.0,196.086,7.626,801.209,199.274,0.0,0.0,19.0,2.9424,3.1501,2.672,4.0425,1.0,164.634,1.2112
4.5764,3.869,0.0,0.0,21.0,6.606,5.7555,8.792,3.9148,1.0,369.187,1.8591,257.768,208.795,0.0,0.0,27.0,1.7681,9.5059,1.625,2.0727,1.0,1.3084,6.188,10.0154,5.1088,0.0,0.0,33.0,1.4651,8.5913,644.0,2.5049,1.0,429.974,2.9965,459.656,11.6704,0.0,0.0,16.0,5.7822,2.2836,2.692,3.5024,0.0,223.124,8.488,855.618,12.1469
0.0,0.0,16.0,5.8657,2.2011,6.069,1.557,0.0,220.672,1.6572,57.409,1.4333,0.0,0.0,15.0,6.7369,2.0117,1.231,4.4541,1.0,334.539,1.6625,52.513,3.016,0.0,0.0,21.0,7.5348,9.225,4.716,3.8491,1.0,322.875,1.3545,372.446,10.1531,0.0,0.0,17.0,9.7827,8.5267,6.273,1.2471,1.0,132.987,7.246,7.2974,154.229,0.0,0.0
22.0,5.6467,7.7488,8.487,4.9059,0.0,471.639,1.6961,768.746,6.346,0.0,0.0,20.0,3.9066,3.9274,2.299,897.0,0.0,493.165,273.0,575.058,12.6336,0.0,0.0,14.0,8.1567,5.0438,8.173,4.5704,0.0,262.995,1.1608,931.656,9.0992,0.0,0.0,23.0,3.4375,4.6433,2.349,1.6224,1.0,28.069,6.728,437.646,151.287,0.0,0.0,14.0,4.9507
2.534,6.768,3.8157,0.0,277.159,3.725,407.485,10.1865,0.0,0.0,32.0,1.7061,5.0503,4.307,2.2819,1.0,242.894,2.7764,974.604,204.392,0.0,0.0,23.0,1.2282,305.0,1.147,3.6823,1.0,472.594,2.0998,149.746,236.099,0.0,0.0,10.0,9.6638,1.3181,7.143,7.789,1.0,12.2376,5.065,259.838,219.132,0.0,0.0,17.0,8.5238,8.8659,2.178
1.3475,0.0,5.3979,2.8482,493.283,4.0465,0.0,0.0,21.0,7.2638,7.5168,1.766,4.993,1.0,464.774,648.0,528.309,10.9723,0.0,0.0,16.0,4.6806,4.2287,3.583,4.3257,0.0,10.6519,7.068,553.229,11.0116,0.0,0.0,25.0,2.5596,5.1715,6.533,1.4815,1.0,374.578,3.998,219.989,201.712,0.0,0.0,23.0,2.4079,3.7,234.0,3.4724,0.0
10.1937,2.1836,92.758,8.5725,0.0,0.0,25.0,3.2522,7.4078,1.837,4.1011,0.0,480.093,1.7126,706.467,131.904,0.0,0.0,17.0,5.943,7.8419,0.01,4.5071,1.0,395.561,1.748,265.855,146.227,0.0,0.0,19.0,7.4314,7.6329,4.716,5.315,1.0,459.359,759.0,301.251,2.6765,0.0,0.0,21.0,6.9418,7.2261,4.286,4.4651,0.0,475.492,1.598
881.555,133.911,0.0,0.0,23.0,3.5194,2.045,2.339,9.863,1.0,4.2212,1.9546,386.552,5.9242,0.0,0.0,12.0,9.5938,3.3797,537.0,3.6845,0.0,216.694,2.4686,56.08,4.9588,0.0,0.0,15.0,7.6411,4.6985,4.293,3.6442,0.0,32.405,1.4348,12.9223,6.1976,0.0,0.0,23.0,5.9892,3.3079,7.882,425.0,1.0,401.228,2.0296,259.215,2.3844
0.0,0.0,22.0,6.5055,7.5494,7.153,1.1031,0.0,12.0736,2.201,422.411,1.6735,0.0,0.0,23.0,4.7764,3.2935,8.608,2.4595,1.0,457.302,1.8392,659.576,155.248,0.0,0.0,19.0,3.2296,1.3823,96.0,2.1002,1.0,11.0488,1.0566,287.418,225.835,0.0,0.0,22.0,4.2038,3.9904,9.664,4.5929,1.0,433.088,3.957,951.254,16.512,0.0,0.0
20.0,7.8206,9.7991,3.414,1.7987,0.0,256.356,1.9426,228.015,7.4845,0.0,0.0,25.0,1.1295,2.2588,9.904,4.6849,1.0,257.711,2.3061,781.118,8.0411,0.0,0.0,26.0,2.0447,6.1216,2.526,2.2971,1.0,187.003,5.695,370.953,12.9933,0.0,0.0,25.0,1.414,4.3297,4.715,4.8218,1.0,5.1753,1.4846,835.067,207.912,0.0,0.0,20.0,1.3666
7.102,3.539,3.6868,0.0,173.545,1.1917,923.875,4.8591,0.0,0.0,11.0,8.6991,4.8788,3.558,4.1467,1.0,213.368,6.171,195.145,11.2443,0.0,0.0,20.0,7.3329,7.0216,8.423,5.244,1.0,239.511,7.359,496.562,11.9747,0.0,0.0,21.0,5.2676,5.1322,7.464,2.9307,1.0,369.548,713.0,162.822,223.494,0.0,0.0,30.0,1.8805,8.7211,9.922
7.135,1.0,176.035,1.2568,708.767,12.8677,0.0,0.0,19.0,5.4245,2.8894,6.135,1.4881,1.0,203.296,1.1714,833.916,187.406,0.0,0.0,18.0,5.2612,8.625,4.633,3.1178,0.0,453.049,1.6625,395.573,2.1072,0.0,0.0,25.0,2.5588,9.3657,901.0,3.6311,0.0,376.284,2.796,402.783,7.8462,0.0,0.0,21.0,4.9047,3.782,9.966,1.959,0.0
1.1428,1.7438,211.801,146.742,0.0,0.0,18.0,4.5865,5.7641,5.515,2.6547,0.0,406.044,655.0,313.469,162.633,0.0,0.0,21.0,6.5427,7.92,7.005,2.8266,1.0,494.972,7.721,330.654,212.451,0.0,0.0,20.0,6.7158,3.2431,4.067,3.941,1.0,469.884,1.5064,164.019,141.702,0.0,0.0,28.0,1.4077,7.1616,5.477,2.5034,1.0,417.978,2.0608
316.853,6.9499,0.0,0.0,22.0,4.3715,1.3542,9.426,3.5692,1.0,314.587,2.3138,908.184,12.9383,0.0,0.0,13.0,6.6327,2.9129,1.664,2.661,1.0,139.096,1.067,332.132,170.767,0.0,0.0,16.0,5.5282,1.4471,2.924,3.8013,0.0,327.215,1.6125,281.693,188.243,0.0,0.0,18.0,8.7084,8.1123,1.521,2.8821,1.0,347.796,1.0633,390.796,22.67
0.0,0.0,16.0,6.9282,2.2265,7.922,4.1661,1.0,140.779,2.0847,96.067,4.5781,0.0,0.0,28.0,2.4664,7.174,62.0,1.0903,1.0,12.7665,8.513,766.933,158.627,0.0,0.0,28.0,1.6351,9.433,816.0,4.1664,1.0,198.462,2.2312,209.721,4.8074,0.0,0.0,23.0,6.7818,5.2777,2.985,4.728,1.0,320.573,1.8067,755.026,7.6289,0.0,0.0
29.0,1.2386,5.4003,5.142,2.0191,1.0,146.531,2.369,768.572,3.4263,0.0,0.0,27.0,6.272,4.6103,4.063,9.974,1.0,277.833,2.9532,950.636,185.518,0.0,0.0,13.0,9.4621,3.2589,448.0,4.3801,0.0,449.619,2.7258,892.184,21.936,0.0,0.0,16.0,6.1793,4.7566,9.575,3.5246,0.0,14.755,1.7799,10.4243,7.183,0.0,0.0,30.0,4.4935
6.0281,9.529,1.268,1.0,482.987,2.6813,460.031,195.242,0.0,0.0,23.0,6.7896,9.8599,2.794,476.0,1.0,236.674,4.593,705.964,5.8021,0.0,0.0,21.0,5.1243,9.3776,7.315,1.4562,0.0,5.0454,1.291,973.635,11.6873,0.0,0.0,23.0,5.9106,8.6215,5.786,7.164,1.0,2.752,1.5994,9.4303,179.573,0.0,0.0,20.0,9.4732,8.8913,2.375
3.1515,1.0,169.337,2.9231,37.455,12.1645,0.0,0.0,22.0,4.4749,4.6785,2.622,3.319,1.0,12.9379,2.1292,497.302,5.55,0.0,0.0,14.0,9.6507,6.5744,4.912,4.7098,1.0,421.857,9.154,419.112,21.748,0.0,0.0,18.0,9.1482,8.9507,4.192,4.7602,1.0,368.819,2.1963,461.221,14.246,0.0,0.0,24.0,2.7621,3.9295,2.912,3.2945,1.0
442.273,1.197,375.411,223.501,0.0,0.0,34.0,1.6243,9.6176,8.075,284.0,0.0,294.627,1.4119,970.916,203.194,0.0,0.0,27.0,1.907,4.1579,4.815,1.795,1.0,217.729,7.118,805.212,210.381,0.0,0.0,25.0,1.164,6.0108,6.548,2.5657,0.0,135.284,1.476,739.293,8.6811,0.0,0.0,25.0,1.85,7.098,1.893,2.4959,0.0,291.554,7.497
416.594,236.956,0.0,0.0,25.0,7.1471,9.5059,5.335,3.0167,1.0,309.012,2.1674,882.708,204.575,0.0,0.0,21.0,1.6407,2.4462,318.0,4.8028,1.0,196.474,1.6536,10.2406,8.1026,0.0,0.0,24.0,3.8708,7.4613,5.264,4.426,1.0,468.298,703.0,151.984,21.514,0.0,0.0,17.0,8.6039,5.2082,7.808,5.445,0.0,319.977,1.2292,954.517,18.127
0.0,0.0,28.0,1.2094,2.6856,7.689,1.3299,1.0,418.741,2.2565,571.318,174.033,0.0,0.0,18.0,8.3302,7.7661,3.542,4.1655,0.0,310.195,2.8638,167.863,1.494,0.0,0.0,24.0,3.5367,5.5222,6.943,4.1215,0.0,158.268,2.6231,949.654,5.416,0.0,0.0,26.0,2.0635,6.6097,9.413,1.3769,1.0,36.831,46.0,975.095,16.675,0.0,0.0
14.0,7.2706,3.229,6.257,3.6529,1.0,11.5127,6.561,882.678,6.6884,0.0,0.0,14.0,6.6605,4.8127,1.484,3.3602,1.0,298.305,6.232,246.172,1.4044,0.0,0.0,17.0,8.8972,6.1735,6.797,2.3676,1.0,201.183,1.2393,285.709,6.8628,0.0,0.0,16.0,7.6156,4.0491,1.049,1.1973,1.0,7.4942,1.9373,412.903,201.098,0.0,0.0,11.0,8.2313
1.9837,8.721,4.4432,0.0,20.662,4.592,583.529,11.2947,0.0,0.0,28.0,3.5383,9.6164,5.167,3.3893,0.0,15.514,2.747,99.226,147.739,0.0,0.0,28.0,2.597,5.1147,3.851,845.0,1.0,5.6111,2.3314,956.572,192.121,0.0,0.0,19.0,7.7555,7.3392,57.0,3.524,1.0,411.914,1.258,921.928,7.761,0.0,0.0,15.0,8.2615,4.1105,3.808
3.7072,1.0,249.291,1.752,9.8384,2.675,0.0,0.0,11.0,9.9145,3.5513,9.032,4.4344,0.0,173.178,1.6254,759.595,7.7597,0.0,0.0,23.0,4.7136,4.0716,21.0,1.1142,1.0,252.482,1.7467,878.077,229.603,0.0,0.0,21.0,4.3482,4.092,4.746,4.9438,0.0,377.292,2.5803,339.947,11.5748,0.0,0.0,18.0,7.9877,5.4418,9.312,767.0,1.0
9.148,6.004,227.378,136.754,0.0,0.0,24.0,4.0672,5.4347,3.948,3.1934,1.0,273.376,2.0511,750.957,182.503,0.0,0.0,10.0,9.3768,4.9715,4.282,3.2859,0.0,239.575,3.211,9.9929,2.7584,0.0,0.0,15.0,8.7257,1.3479,5.786,2.0948,1.0,446.535,1.3775,94.145,176.145,0.0,0.0,23.0,4.8609,4.9608,4.629,2.3752,1.0,277.986,1.9075
164.517,7.1461,0.0,0.0,9.0,7.7578,1.691,1.686,4.4546,1.0,6.8661,375.0,462.962,9.3159,0.0,0.0,10.0,7.7909,1.2614,186.0,3.2264,1.0,194.342,3.242,98.297,6.4678,0.0,0.0,27.0,1.9281,9.3265,6.098,2.485,1.0,310.535,2.738,988.338,3.6851,0.0,0.0,16.0,9.123,6.0495,9.208,6.417,1.0,2.2967,1.1241,77.823,8.6751
0.0,0.0,23.0,5.5473,6.5949,1.064,367.0,1.0,442.325,1.866,840.797,2.2713,0.0,0.0,19.0,8.4381,4.0179,211.0,6.248,0.0,3.3891,2.9879,967.499,202.747,0.0,0.0,21.0,3.8804,9.0898,3.702,4.7809,0.0,1.5296,7.622,928.155,7.3427,0.0,0.0,11.0,9.0597,6.3793,8.087,3.8204,0.0,1.008,4.079,625.888,156.868,0.0,0.0
22.0,4.5028,7.6917,2.693,4.8356,1.0,341.872,1.2443,737.271,7.1207,0.0,0.0,26.0,1.0975,3.6856,8.821,1.785,1.0,22.796,4.379,597.839,5.0569,0.0,0.0,14.0,9.1484,9.6001,55.0,3.4011,1.0,5.1409,736.0,51.143,171.278,0.0,0.0,32.0,1.8216,8.2046,941.0,2.215,0.0,428.104,1.6919,882.021,149.761,0.0,0.0,26.0,3.8738
8.5395,5.607,3.9103,1.0,10.136,2.6387,740.645,5.2345,0.0,0.0,16.0,9.5506,1.7219,6.588,1.9048,1.0,163.162,2.5826,861.218,146.903,0.0,0.0,8.0,9.5555,2.7096,3.677,4.788,0.0,8.8861,3.024,10.4952,0.12,0.0,0.0,17.0,6.1609,2.8563,782.0,2.8402,1.0,463.378,4.424,58.072,4.246,0.0,0.0,17.0,6.6865,2.7091,1.666
1.4006,1.0,379.033,1.4734,336.222,174.661,0.0,0.0,22.0,5.036,8.5541,489.0,3.2979,1.0,361.977,1.1031,51.826,9.8436,0.0,0.0,17.0,3.6389,3.188,3.955,3.2909,1.0,2.1998,2.1092,616.836,4.8871,0.0,0.0,20.0,3.958,761.0,8.537,3.525,1.0,261.351,1.4848,847.301,12.142,0.0,0.0,12.0,7.0527,2.7391,7.549,4.9623,1.0
287.726,604.0,4.1559,11.1652,0.0,0.0,14.0,7.7714,1.9987,5.172,1.9335,0.0,19.126,8.537,172.344,152.145,0.0,0.0,16.0,8.1242,2.3186,5.721,2.3266,1.0,160.878,2.7045,922.231,1.7409,0.0,0.0,21.0,8.1066,7.9794,1.299,4.0231,1.0,425.971,1.5345,967.598,196.644,0.0,0.0,26.0,1.8209,5.6313,8.407,2.8919,1.0,1.1508,2.3938
