Unnamed: 0,FirstName,LastName,StartDate,ExitDate,Title,Supervisor,ADEmail,BusinessUnit,EmployeeStatus,EmployeeType,PayZone,EmployeeClassificationType,TerminationType,TerminationDescription,DepartmentType,Division,DOB,State,JobFunctionDescription,GenderCode,LocationCode,RaceDesc,MaritalDesc,Performance Score,Current Employee Rating,Employee ID,Survey Date,Engagement Score,Satisfaction Score,Work-Life Balance Score,Training Date,Training Program Name,Training Type,Training Outcome,Location,Trainer,Training Duration(Days),Training Cost,Extra_Feature_1,Extra_Feature_2,Extra_Feature_3,Extra_Feature_4,Extra_Feature_5,Extra_Feature_6,Extra_Feature_7,Extra_Feature_8,Extra_Feature_9,Extra_Feature_10,Extra_Feature_11
0.0,34904.0,4.0,3427.0,1.0,2.0,3.0,2.0,606.11,1.0,6593.0,3.0,3428.0,2.0,1.0,5.0,4.0,673.02,2.0,2330.0,4.0,3429.0,1.0,2.0,1.0,2.0,413.28,3.0,58782.0,2.0,3430.0,5.0,5.0,4.0,3.0,663.78,4.0,33174.0,3.0,3431.0,2.0,5.0,3.0,5.0,399.03,5.0,6050.0,3.0,3432.0,2.0
3.0,5.0,2.0,820.33,6.0,90007.0,4.0,3433.0,1.0,5.0,2.0,5.0,295.08,7.0,97756.0,2.0,3434.0,1.0,4.0,2.0,3.0,790.15,8.0,78789.0,3.0,3435.0,4.0,3.0,3.0,3.0,798.4,9.0,78207.0,5.0,3436.0,5.0,5.0,2.0,5.0,192.61,10.0,46204.0,5.0,3437.0,3.0,2.0,5.0,1.0,455.68,11.0
30428.0,3.0,3438.0,4.0,2.0,5.0,2.0,208.17,12.0,80820.0,3.0,3439.0,1.0,2.0,5.0,1.0,421.07,13.0,40220.0,3.0,3440.0,1.0,4.0,5.0,1.0,649.03,14.0,89139.0,4.0,3441.0,4.0,2.0,5.0,4.0,450.2,15.0,2810.0,2.0,3442.0,2.0,5.0,3.0,4.0,286.87,16.0,2621.0,3.0,3443.0,2.0,2.0
4.0,3.0,402.13,17.0,44553.0,3.0,3444.0,1.0,2.0,4.0,2.0,388.84,18.0,5360.0,4.0,3445.0,4.0,5.0,2.0,2.0,879.64,19.0,16325.0,2.0,3446.0,4.0,3.0,5.0,5.0,701.13,20.0,43481.0,3.0,3447.0,5.0,1.0,4.0,3.0,353.21,21.0,50705.0,3.0,3448.0,5.0,1.0,5.0,4.0,911.05,22.0,5168.0
5.0,3449.0,3.0,2.0,1.0,3.0,242.21,23.0,11765.0,2.0,3450.0,4.0,3.0,5.0,4.0,186.07,24.0,71071.0,3.0,3451.0,5.0,1.0,2.0,1.0,921.97,25.0,12122.0,2.0,3452.0,5.0,5.0,2.0,1.0,691.04,26.0,87065.0,4.0,3453.0,5.0,5.0,3.0,5.0,964.44,27.0,10415.0,4.0,3454.0,4.0,4.0,2.0
3.0,184.9,28.0,3763.0,4.0,3455.0,2.0,1.0,1.0,1.0,220.41,29.0,79623.0,3.0,3456.0,4.0,3.0,4.0,2.0,336.82,30.0,69189.0,3.0,3457.0,5.0,1.0,4.0,4.0,485.73,31.0,5194.0,3.0,3458.0,2.0,5.0,5.0,2.0,409.27,32.0,8779.0,2.0,3459.0,4.0,4.0,3.0,4.0,168.32,33.0,74682.0,3.0
3460.0,4.0,3.0,3.0,5.0,919.52,34.0,78046.0,1.0,3461.0,1.0,4.0,4.0,2.0,948.43,35.0,27270.0,3.0,3462.0,3.0,3.0,1.0,1.0,320.01,36.0,12703.0,1.0,3463.0,4.0,3.0,4.0,4.0,926.19,37.0,66835.0,5.0,3464.0,2.0,5.0,3.0,2.0,290.47,38.0,66150.0,3.0,3465.0,5.0,4.0,3.0,1.0
706.1,39.0,64288.0,4.0,3466.0,1.0,3.0,4.0,3.0,447.66,40.0,94333.0,1.0,3467.0,4.0,3.0,2.0,1.0,759.7,41.0,45453.0,4.0,3468.0,3.0,1.0,3.0,3.0,180.63,42.0,81905.0,3.0,3469.0,5.0,5.0,1.0,2.0,552.54,43.0,12491.0,3.0,3470.0,1.0,2.0,3.0,1.0,986.96,44.0,64350.0,4.0,3471.0
2.0,4.0,1.0,3.0,109.98,45.0,74124.0,4.0,3472.0,5.0,5.0,4.0,5.0,537.24,46.0,33379.0,2.0,3473.0,3.0,4.0,4.0,5.0,789.99,47.0,34481.0,2.0,3474.0,3.0,1.0,2.0,5.0,155.51,48.0,90406.0,2.0,3475.0,4.0,3.0,4.0,2.0,648.76,49.0,95774.0,2.0,3476.0,5.0,5.0,3.0,4.0,533.5
50.0,16058.0,2.0,3477.0,1.0,2.0,1.0,5.0,429.48,51.0,45149.0,2.0,3478.0,3.0,4.0,1.0,1.0,526.74,52.0,96336.0,2.0,3479.0,4.0,4.0,4.0,3.0,443.45,53.0,75671.0,1.0,3480.0,1.0,5.0,3.0,1.0,887.15,54.0,61149.0,4.0,3481.0,5.0,2.0,4.0,5.0,758.95,55.0,57302.0,2.0,3482.0,4.0
5.0,5.0,1.0,627.11,56.0,42605.0,1.0,3483.0,1.0,4.0,5.0,4.0,111.96,57.0,64036.0,4.0,3484.0,1.0,2.0,4.0,1.0,795.7,58.0,23173.0,5.0,3485.0,2.0,1.0,3.0,2.0,796.45,59.0,19665.0,4.0,3486.0,3.0,1.0,1.0,5.0,812.59,60.0,41161.0,4.0,3487.0,5.0,4.0,1.0,5.0,132.97,61.0
52499.0,2.0,3488.0,1.0,5.0,1.0,1.0,308.19,62.0,25634.0,2.0,3489.0,2.0,4.0,5.0,1.0,131.41,63.0,37965.0,2.0,3490.0,5.0,3.0,2.0,3.0,389.59,64.0,39504.0,5.0,3491.0,3.0,4.0,5.0,3.0,442.56,65.0,31676.0,1.0,3492.0,1.0,5.0,5.0,3.0,327.66,66.0,28784.0,5.0,3493.0,3.0,1.0
5.0,3.0,400.95,67.0,90983.0,4.0,3494.0,1.0,2.0,1.0,2.0,910.45,68.0,1115.0,4.0,3495.0,4.0,3.0,5.0,1.0,701.55,69.0,72233.0,5.0,3496.0,1.0,3.0,2.0,1.0,806.87,70.0,58210.0,1.0,3497.0,2.0,3.0,4.0,2.0,184.21,71.0,36087.0,2.0,3498.0,3.0,3.0,4.0,1.0,208.43,72.0,61457.0
5.0,3499.0,5.0,3.0,5.0,2.0,762.45,73.0,80424.0,1.0,3500.0,4.0,1.0,4.0,4.0,779.79,74.0,6240.0,4.0,3501.0,2.0,3.0,4.0,3.0,135.95,75.0,49914.0,1.0,3502.0,5.0,3.0,5.0,3.0,427.12,76.0,71319.0,4.0,3503.0,5.0,2.0,3.0,4.0,996.35,77.0,27992.0,2.0,3504.0,3.0,4.0,3.0
5.0,963.23,78.0,72324.0,1.0,3505.0,4.0,3.0,2.0,5.0,260.97,79.0,38740.0,2.0,3506.0,2.0,2.0,3.0,1.0,781.81,80.0,9437.0,4.0,3507.0,2.0,5.0,2.0,4.0,651.77,81.0,9385.0,5.0,3508.0,1.0,5.0,4.0,1.0,568.22,82.0,75993.0,2.0,3509.0,4.0,5.0,2.0,4.0,612.1,83.0,65329.0,2.0
3510.0,2.0,4.0,3.0,4.0,473.23,84.0,41111.0,4.0,3511.0,5.0,4.0,5.0,3.0,344.44,85.0,58860.0,2.0,3512.0,5.0,1.0,3.0,2.0,206.44,86.0,93051.0,5.0,3513.0,4.0,1.0,3.0,1.0,599.0,87.0,17419.0,1.0,3514.0,2.0,1.0,1.0,3.0,975.46,88.0,59593.0,4.0,3515.0,3.0,5.0,5.0,1.0
143.96,89.0,96350.0,5.0,3516.0,2.0,3.0,5.0,1.0,570.42,90.0,44469.0,4.0,3517.0,4.0,1.0,1.0,3.0,391.31,91.0,13249.0,2.0,3518.0,4.0,2.0,5.0,3.0,826.58,92.0,17123.0,2.0,3519.0,1.0,3.0,4.0,4.0,930.69,93.0,18983.0,1.0,3520.0,5.0,1.0,1.0,1.0,607.93,94.0,51795.0,4.0,3521.0
1.0,3.0,3.0,5.0,723.5,95.0,34369.0,1.0,3522.0,1.0,5.0,4.0,5.0,394.04,96.0,23092.0,2.0,3523.0,3.0,2.0,3.0,2.0,451.18,97.0,6074.0,2.0,3524.0,3.0,2.0,4.0,5.0,124.65,98.0,72264.0,2.0,3525.0,1.0,2.0,1.0,4.0,237.75,99.0,28282.0,4.0,3526.0,1.0,5.0,3.0,2.0,360.5
100.0,46645.0,1.0,3527.0,1.0,3.0,2.0,4.0,396.28,101.0,10790.0,2.0,3528.0,5.0,2.0,2.0,1.0,465.96,102.0,67282.0,2.0,3529.0,2.0,3.0,4.0,1.0,515.56,103.0,62321.0,2.0,3530.0,1.0,2.0,5.0,2.0,496.85,104.0,18409.0,1.0,3531.0,2.0,4.0,4.0,3.0,629.46,105.0,40306.0,1.0,3532.0,2.0
2.0,5.0,2.0,771.61,106.0,65183.0,2.0,3533.0,2.0,5.0,2.0,4.0,418.4,107.0,97002.0,4.0,3534.0,4.0,3.0,2.0,3.0,900.96,108.0,29811.0,4.0,3535.0,1.0,5.0,1.0,1.0,936.96,109.0,89169.0,2.0,3536.0,1.0,2.0,4.0,5.0,269.03,110.0,63882.0,2.0,3537.0,4.0,2.0,5.0,4.0,853.77,111.0
62328.0,2.0,3538.0,1.0,5.0,4.0,4.0,141.07,112.0,74448.0,5.0,3539.0,3.0,3.0,4.0,4.0,234.77,113.0,18721.0,4.0,3540.0,2.0,2.0,3.0,2.0,903.46,114.0,78938.0,2.0,3541.0,1.0,3.0,3.0,4.0,380.3,115.0,45456.0,1.0,3542.0,2.0,3.0,4.0,4.0,511.42,116.0,45509.0,2.0,3543.0,4.0,5.0
5.0,4.0,171.03,117.0,13902.0,2.0,3544.0,3.0,5.0,3.0,3.0,842.93,118.0,9733.0,1.0,3545.0,2.0,5.0,2.0,5.0,581.12,119.0,35786.0,1.0,3546.0,2.0,5.0,5.0,4.0,426.45,120.0,1919.0,2.0,3547.0,2.0,4.0,2.0,4.0,805.05,121.0,40135.0,1.0,3548.0,5.0,5.0,3.0,3.0,368.8,122.0,72975.0
2.0,3549.0,1.0,4.0,1.0,5.0,788.67,123.0,57754.0,1.0,3550.0,3.0,5.0,4.0,4.0,363.11,124.0,81142.0,4.0,3551.0,4.0,4.0,3.0,1.0,570.13,125.0,28714.0,1.0,3552.0,3.0,4.0,2.0,4.0,480.87,126.0,50379.0,4.0,3553.0,4.0,2.0,4.0,5.0,689.48,127.0,78385.0,1.0,3554.0,2.0,1.0,2.0
4.0,283.33,128.0,48104.0,4.0,3555.0,2.0,5.0,1.0,4.0,566.12,129.0,86009.0,2.0,3556.0,2.0,2.0,3.0,1.0,513.92,130.0,68837.0,2.0,3557.0,4.0,5.0,2.0,1.0,210.38,131.0,2145.0,1.0,3558.0,2.0,5.0,3.0,1.0,941.54,132.0,1960.0,2.0,3559.0,3.0,2.0,1.0,2.0,959.81,133.0,2127.0,4.0
3560.0,2.0,4.0,5.0,1.0,738.92,134.0,2171.0,5.0,3561.0,2.0,1.0,5.0,5.0,445.04,135.0,1821.0,2.0,3562.0,2.0,1.0,3.0,3.0,808.05,136.0,2148.0,4.0,3563.0,4.0,1.0,3.0,4.0,886.9,137.0,2122.0,1.0,3564.0,4.0,4.0,3.0,4.0,106.14,138.0,1887.0,4.0,3565.0,5.0,5.0,5.0,4.0
684.35,139.0,1460.0,2.0,3566.0,1.0,2.0,3.0,2.0,578.81,140.0,2747.0,4.0,3567.0,2.0,3.0,2.0,5.0,764.51,141.0,2478.0,2.0,3568.0,2.0,4.0,1.0,2.0,201.76,142.0,2763.0,2.0,3569.0,1.0,3.0,5.0,4.0,730.04,143.0,2445.0,1.0,3570.0,2.0,5.0,3.0,2.0,796.88,144.0,1886.0,4.0,3571.0
4.0,1.0,5.0,3.0,834.44,145.0,2747.0,5.0,3572.0,5.0,5.0,5.0,5.0,569.17,146.0,2346.0,4.0,3573.0,4.0,1.0,1.0,4.0,386.07,147.0,2124.0,1.0,3574.0,3.0,3.0,3.0,1.0,309.56,148.0,2445.0,5.0,3575.0,5.0,1.0,5.0,3.0,583.21,149.0,2133.0,4.0,3576.0,2.0,3.0,3.0,5.0,398.65
150.0,2129.0,4.0,3577.0,5.0,4.0,5.0,5.0,931.46,151.0,1760.0,2.0,3578.0,1.0,4.0,2.0,5.0,115.06,152.0,1851.0,4.0,3579.0,5.0,3.0,3.0,2.0,199.82,153.0,41016.0,4.0,3580.0,2.0,4.0,3.0,5.0,940.2,154.0,18389.0,2.0,3581.0,3.0,4.0,4.0,1.0,122.07,155.0,90676.0,4.0,3582.0,2.0
2.0,5.0,4.0,875.02,156.0,16011.0,4.0,3583.0,4.0,1.0,4.0,4.0,116.4,157.0,2051.0,4.0,3584.0,2.0,2.0,5.0,5.0,341.78,158.0,3074.0,4.0,3585.0,1.0,2.0,3.0,4.0,107.48,159.0,24711.0,2.0,3586.0,4.0,2.0,4.0,1.0,502.7,160.0,74564.0,2.0,3587.0,1.0,2.0,2.0,5.0,570.04,161.0
14504.0,2.0,3588.0,4.0,2.0,1.0,1.0,538.83,162.0,2683.0,1.0,3589.0,2.0,3.0,2.0,4.0,881.8,163.0,66167.0,4.0,3590.0,2.0,5.0,4.0,1.0,274.33,164.0,21634.0,5.0,3591.0,2.0,1.0,4.0,1.0,247.01,165.0,9454.0,3.0,3592.0,4.0,1.0,2.0,1.0,734.68,166.0,48453.0,1.0,3593.0,4.0,4.0
3.0,3.0,258.07,167.0,72888.0,1.0,3594.0,1.0,5.0,1.0,5.0,472.64,168.0,56703.0,1.0,3595.0,2.0,3.0,1.0,2.0,252.88,169.0,33998.0,2.0,3596.0,4.0,3.0,4.0,2.0,289.68,170.0,17650.0,1.0,3597.0,5.0,4.0,4.0,4.0,505.59,171.0,72750.0,1.0,3598.0,2.0,5.0,4.0,3.0,373.87,172.0,14044.0
2.0,3599.0,4.0,4.0,2.0,5.0,918.86,173.0,34810.0,2.0,3600.0,2.0,1.0,4.0,4.0,299.7,174.0,75187.0,5.0,3601.0,1.0,1.0,2.0,1.0,865.58,175.0,30766.0,5.0,3602.0,3.0,3.0,3.0,1.0,632.59,176.0,58348.0,2.0,3603.0,5.0,1.0,3.0,3.0,680.48,177.0,44626.0,4.0,3604.0,3.0,5.0,4.0
3.0,287.71,178.0,2315.0,4.0,3605.0,5.0,1.0,3.0,2.0,102.92,179.0,95618.0,3.0,3606.0,3.0,5.0,1.0,2.0,255.6,180.0,15195.0,5.0,3607.0,2.0,4.0,1.0,4.0,321.91,181.0,74447.0,3.0,3608.0,1.0,3.0,1.0,3.0,834.12,182.0,21318.0,3.0,3609.0,2.0,2.0,4.0,4.0,273.88,183.0,51430.0,3.0
3610.0,4.0,5.0,5.0,4.0,217.57,184.0,85651.0,2.0,3611.0,2.0,3.0,4.0,1.0,482.09,185.0,68900.0,4.0,3612.0,5.0,3.0,3.0,2.0,614.11,186.0,9241.0,1.0,3613.0,1.0,5.0,2.0,1.0,354.22,187.0,23691.0,2.0,3614.0,4.0,5.0,1.0,3.0,868.85,188.0,74388.0,2.0,3615.0,3.0,1.0,4.0,4.0
701.34,189.0,14234.0,4.0,3616.0,1.0,1.0,1.0,4.0,134.93,190.0,37635.0,1.0,3617.0,2.0,3.0,3.0,5.0,531.1,191.0,13186.0,3.0,3618.0,3.0,4.0,5.0,3.0,609.3,192.0,76278.0,3.0,3619.0,1.0,5.0,2.0,2.0,656.68,193.0,77580.0,2.0,3620.0,1.0,2.0,2.0,3.0,654.22,194.0,15586.0,2.0,3621.0
2.0,3.0,2.0,3.0,879.89,195.0,75607.0,3.0,3622.0,3.0,1.0,5.0,1.0,977.23,196.0,47289.0,3.0,3623.0,2.0,2.0,5.0,2.0,763.37,197.0,85711.0,4.0,3624.0,2.0,2.0,2.0,5.0,962.13,198.0,54392.0,5.0,3625.0,5.0,2.0,4.0,2.0,617.27,199.0,61825.0,2.0,3626.0,2.0,5.0,1.0,2.0,559.78
200.0,52646.0,3.0,3627.0,1.0,1.0,4.0,5.0,113.89,201.0,56126.0,3.0,3628.0,4.0,3.0,1.0,4.0,858.62,202.0,70056.0,5.0,3629.0,2.0,4.0,4.0,1.0,343.76,203.0,81819.0,5.0,3630.0,5.0,3.0,2.0,5.0,507.58,204.0,12978.0,3.0,3631.0,4.0,1.0,5.0,1.0,691.12,205.0,37983.0,3.0,3632.0,3.0
4.0,5.0,2.0,174.85,206.0,56687.0,5.0,3633.0,4.0,4.0,4.0,3.0,699.39,207.0,40148.0,5.0,3634.0,2.0,5.0,2.0,3.0,254.68,208.0,71593.0,4.0,3635.0,1.0,5.0,4.0,2.0,534.55,209.0,10775.0,3.0,3636.0,3.0,5.0,3.0,3.0,795.72,210.0,59441.0,3.0,3637.0,2.0,1.0,3.0,4.0,977.23,211.0
55470.0,3.0,3638.0,4.0,5.0,1.0,3.0,370.79,212.0,8655.0,3.0,3639.0,3.0,2.0,3.0,3.0,160.86,213.0,48077.0,3.0,3640.0,2.0,1.0,2.0,1.0,699.48,214.0,56039.0,3.0,3641.0,2.0,5.0,4.0,3.0,831.52,215.0,7474.0,3.0,3642.0,4.0,1.0,2.0,1.0,234.74,216.0,9287.0,3.0,3643.0,1.0,5.0
3.0,4.0,712.43,217.0,42213.0,3.0,3644.0,4.0,4.0,4.0,1.0,504.66,218.0,34428.0,3.0,3645.0,1.0,3.0,3.0,5.0,398.36,219.0,77551.0,3.0,3646.0,5.0,4.0,4.0,4.0,533.61,220.0,20847.0,3.0,3647.0,2.0,4.0,4.0,4.0,199.55,221.0,76615.0,4.0,3648.0,3.0,3.0,5.0,2.0,325.78,222.0,26602.0
4.0,3649.0,1.0,2.0,2.0,4.0,336.33,223.0,72818.0,3.0,3650.0,3.0,2.0,4.0,4.0,242.71,224.0,90347.0,3.0,3651.0,1.0,4.0,1.0,4.0,651.28,225.0,96845.0,3.0,3652.0,1.0,5.0,2.0,3.0,962.45,226.0,67277.0,3.0,3653.0,4.0,4.0,3.0,1.0,791.72,227.0,17975.0,4.0,3654.0,2.0,4.0,1.0
4.0,553.86,228.0,97142.0,3.0,3655.0,1.0,5.0,1.0,1.0,735.72,229.0,72523.0,5.0,3656.0,5.0,3.0,2.0,4.0,867.03,230.0,44406.0,4.0,3657.0,4.0,2.0,4.0,1.0,710.14,231.0,95682.0,3.0,3658.0,5.0,4.0,2.0,2.0,799.88,232.0,86746.0,1.0,3659.0,3.0,1.0,5.0,5.0,242.87,233.0,73540.0,3.0
3660.0,3.0,2.0,4.0,4.0,849.77,234.0,21624.0,3.0,3661.0,3.0,2.0,5.0,2.0,471.5,235.0,90473.0,2.0,3662.0,3.0,5.0,3.0,1.0,535.93,236.0,13534.0,3.0,3663.0,2.0,3.0,4.0,3.0,816.64,237.0,2667.0,3.0,3664.0,5.0,3.0,2.0,1.0,210.44,238.0,54319.0,3.0,3665.0,5.0,2.0,1.0,3.0
752.33,239.0,16052.0,3.0,3666.0,5.0,2.0,1.0,3.0,343.52,240.0,18998.0,3.0,3667.0,1.0,1.0,2.0,3.0,860.31,241.0,33735.0,3.0,3668.0,1.0,5.0,1.0,4.0,265.55,242.0,81928.0,3.0,3669.0,4.0,2.0,4.0,1.0,183.85,243.0,14006.0,3.0,3670.0,2.0,2.0,3.0,5.0,942.09,244.0,45376.0,3.0,3671.0
3.0,4.0,5.0,4.0,381.94,245.0,44501.0,3.0,3672.0,3.0,2.0,4.0,1.0,358.73,246.0,47767.0,3.0,3673.0,3.0,3.0,1.0,3.0,578.02,247.0,39141.0,3.0,3674.0,4.0,4.0,3.0,2.0,223.29,248.0,70090.0,3.0,3675.0,5.0,3.0,2.0,5.0,992.37,249.0,35858.0,3.0,3676.0,3.0,4.0,1.0,5.0,113.48
250.0,27462.0,3.0,3677.0,3.0,5.0,5.0,4.0,882.2,251.0,65321.0,3.0,3678.0,3.0,4.0,4.0,2.0,288.16,252.0,54017.0,3.0,3679.0,4.0,2.0,5.0,1.0,815.52,253.0,51584.0,3.0,3680.0,3.0,2.0,3.0,4.0,461.06,254.0,75321.0,3.0,3681.0,5.0,2.0,5.0,2.0,580.16,255.0,37646.0,4.0,3682.0,3.0
3.0,3.0,3.0,336.69,256.0,33204.0,3.0,3683.0,2.0,1.0,5.0,1.0,990.69,257.0,76198.0,3.0,3684.0,5.0,5.0,3.0,2.0,939.39,258.0,10600.0,3.0,3685.0,4.0,3.0,4.0,1.0,941.12,259.0,67909.0,1.0,3686.0,3.0,3.0,1.0,3.0,878.11,260.0,26340.0,1.0,3687.0,2.0,4.0,5.0,3.0,614.53,261.0
42113.0,3.0,3688.0,4.0,4.0,4.0,4.0,269.88,262.0,95832.0,3.0,3689.0,4.0,4.0,3.0,1.0,734.94,263.0,60287.0,3.0,3690.0,4.0,3.0,5.0,5.0,589.5,264.0,34316.0,1.0,3691.0,1.0,1.0,5.0,3.0,311.28,265.0,75371.0,3.0,3692.0,4.0,5.0,3.0,5.0,671.88,266.0,13727.0,2.0,3693.0,3.0,1.0
1.0,1.0,861.5,267.0,94278.0,4.0,3694.0,3.0,3.0,5.0,2.0,649.18,268.0,70817.0,4.0,3695.0,1.0,1.0,4.0,4.0,492.2,269.0,74423.0,3.0,3696.0,2.0,1.0,2.0,2.0,299.59,270.0,51256.0,4.0,3697.0,3.0,4.0,1.0,2.0,982.33,271.0,16462.0,3.0,3698.0,2.0,5.0,4.0,2.0,830.36,272.0,48065.0
2.0,3699.0,2.0,4.0,3.0,1.0,973.34,273.0,93840.0,1.0,3700.0,4.0,1.0,1.0,4.0,667.34,274.0,35917.0,2.0,3701.0,4.0,1.0,4.0,4.0,480.17,275.0,22165.0,3.0,3702.0,2.0,4.0,1.0,3.0,346.28,276.0,87563.0,4.0,3703.0,5.0,5.0,5.0,3.0,121.45,277.0,20993.0,5.0,3704.0,2.0,4.0,5.0
2.0,669.3,278.0,88723.0,3.0,3705.0,3.0,1.0,4.0,5.0,983.59,279.0,59933.0,3.0,3706.0,2.0,1.0,4.0,1.0,304.9,280.0,81280.0,3.0,3707.0,3.0,2.0,4.0,3.0,778.72,281.0,13899.0,4.0,3708.0,5.0,5.0,2.0,4.0,136.15,282.0,44907.0,5.0,3709.0,3.0,5.0,3.0,4.0,339.84,283.0,64630.0,1.0
3710.0,5.0,5.0,3.0,1.0,791.78,284.0,36588.0,1.0,3711.0,4.0,3.0,3.0,5.0,853.26,285.0,33658.0,5.0,3712.0,2.0,3.0,1.0,4.0,214.12,286.0,87025.0,3.0,3713.0,3.0,4.0,1.0,5.0,235.82,287.0,93985.0,4.0,3714.0,3.0,5.0,2.0,5.0,448.57,288.0,27233.0,4.0,3715.0,1.0,1.0,4.0,3.0
572.56,289.0,5569.0,1.0,3716.0,5.0,3.0,3.0,4.0,959.78,290.0,21090.0,2.0,3717.0,4.0,1.0,3.0,3.0,363.02,291.0,52357.0,4.0,3718.0,1.0,1.0,3.0,2.0,325.7,292.0,47989.0,3.0,3719.0,1.0,2.0,1.0,3.0,727.75,293.0,31486.0,3.0,3720.0,2.0,1.0,5.0,2.0,845.21,294.0,24794.0,2.0,3721.0
5.0,4.0,5.0,4.0,327.82,295.0,80316.0,2.0,3722.0,1.0,5.0,5.0,1.0,512.55,296.0,46742.0,3.0,3723.0,2.0,1.0,4.0,1.0,457.17,297.0,30194.0,4.0,3724.0,1.0,2.0,5.0,4.0,573.33,298.0,36808.0,1.0,3725.0,4.0,3.0,3.0,3.0,135.18,299.0,36688.0,4.0,3726.0,1.0,4.0,1.0,3.0,911.12
300.0,37883.0,3.0,3727.0,1.0,2.0,5.0,5.0,693.8,301.0,39843.0,5.0,3728.0,5.0,1.0,2.0,5.0,419.79,302.0,69873.0,3.0,3729.0,4.0,5.0,3.0,1.0,693.56,303.0,2548.0,4.0,3730.0,4.0,5.0,5.0,1.0,161.47,304.0,73555.0,3.0,3731.0,2.0,4.0,1.0,5.0,773.63,305.0,27650.0,5.0,3732.0,3.0
4.0,4.0,5.0,695.42,306.0,2035.0,3.0,3733.0,1.0,3.0,5.0,1.0,246.16,307.0,74284.0,3.0,3734.0,4.0,5.0,2.0,2.0,702.69,308.0,81455.0,1.0,3735.0,4.0,4.0,4.0,1.0,473.1,309.0,95345.0,2.0,3736.0,3.0,1.0,3.0,2.0,119.82,310.0,67176.0,5.0,3737.0,2.0,5.0,1.0,1.0,157.8,311.0
21015.0,3.0,3738.0,3.0,3.0,5.0,3.0,791.98,312.0,80870.0,3.0,3739.0,1.0,3.0,4.0,5.0,752.97,313.0,12265.0,4.0,3740.0,2.0,2.0,4.0,5.0,916.21,314.0,47025.0,1.0,3741.0,2.0,5.0,4.0,2.0,751.04,315.0,81011.0,2.0,3742.0,2.0,1.0,1.0,3.0,620.63,316.0,13394.0,2.0,3743.0,2.0,1.0
3.0,3.0,439.3,317.0,50967.0,5.0,3744.0,4.0,3.0,2.0,1.0,716.39,318.0,8286.0,4.0,3745.0,5.0,4.0,4.0,5.0,300.33,319.0,68039.0,3.0,3746.0,2.0,1.0,5.0,3.0,337.15,320.0,56563.0,2.0,3747.0,2.0,5.0,5.0,5.0,725.6,321.0,96739.0,1.0,3748.0,4.0,1.0,3.0,5.0,588.88,322.0,27488.0
4.0,3749.0,1.0,3.0,3.0,4.0,742.98,323.0,49299.0,1.0,3750.0,4.0,1.0,5.0,5.0,283.05,324.0,32547.0,3.0,3751.0,1.0,1.0,4.0,4.0,511.13,325.0,11664.0,2.0,3752.0,3.0,1.0,5.0,1.0,158.86,326.0,37926.0,4.0,3753.0,1.0,3.0,2.0,1.0,741.95,327.0,76770.0,1.0,3754.0,3.0,3.0,5.0
4.0,132.52,328.0,72484.0,4.0,3755.0,5.0,4.0,2.0,1.0,736.19,329.0,13669.0,3.0,3756.0,1.0,5.0,3.0,4.0,521.51,330.0,7481.0,2.0,3757.0,4.0,4.0,5.0,2.0,132.09,331.0,76897.0,3.0,3758.0,2.0,1.0,1.0,4.0,917.17,332.0,47326.0,1.0,3759.0,3.0,4.0,1.0,2.0,790.71,333.0,20814.0,3.0
3760.0,4.0,3.0,1.0,1.0,680.48,334.0,75880.0,1.0,3761.0,2.0,4.0,1.0,1.0,947.57,335.0,65366.0,2.0,3762.0,2.0,1.0,1.0,2.0,594.61,336.0,40231.0,3.0,3763.0,3.0,2.0,5.0,1.0,775.59,337.0,41487.0,3.0,3764.0,2.0,1.0,5.0,2.0,239.16,338.0,36904.0,3.0,3765.0,1.0,1.0,2.0,5.0
275.94,339.0,10110.0,3.0,3766.0,4.0,4.0,5.0,4.0,466.32,340.0,46087.0,2.0,3767.0,2.0,5.0,3.0,4.0,840.46,341.0,37838.0,4.0,3768.0,2.0,4.0,1.0,3.0,145.76,342.0,15968.0,3.0,3769.0,3.0,5.0,3.0,2.0,647.7,343.0,21100.0,3.0,3770.0,1.0,3.0,3.0,2.0,536.2,344.0,65845.0,3.0,3771.0
2.0,2.0,4.0,5.0,769.97,345.0,58535.0,3.0,3772.0,2.0,5.0,1.0,1.0,894.66,346.0,3994.0,3.0,3773.0,1.0,5.0,2.0,2.0,374.02,347.0,32544.0,3.0,3774.0,5.0,3.0,1.0,5.0,569.42,348.0,36153.0,3.0,3775.0,2.0,1.0,3.0,1.0,172.82,349.0,34262.0,3.0,3776.0,4.0,1.0,5.0,4.0,585.84
350.0,12906.0,3.0,3777.0,4.0,3.0,2.0,1.0,759.38,351.0,30753.0,3.0,3778.0,1.0,5.0,3.0,5.0,341.74,352.0,60533.0,3.0,3779.0,4.0,1.0,1.0,3.0,733.04,353.0,36882.0,3.0,3780.0,2.0,3.0,2.0,2.0,658.27,354.0,62493.0,3.0,3781.0,5.0,3.0,1.0,1.0,124.77,355.0,92706.0,3.0,3782.0,1.0
5.0,1.0,5.0,506.4,356.0,7773.0,3.0,3783.0,3.0,4.0,3.0,5.0,851.24,357.0,55514.0,3.0,3784.0,3.0,3.0,2.0,2.0,671.12,358.0,13406.0,3.0,3785.0,3.0,2.0,2.0,1.0,257.8,359.0,65379.0,3.0,3786.0,3.0,4.0,2.0,4.0,280.06,360.0,69445.0,3.0,3787.0,1.0,2.0,1.0,4.0,140.03,361.0
32440.0,3.0,3788.0,3.0,4.0,2.0,2.0,796.95,362.0,30804.0,3.0,3789.0,3.0,1.0,4.0,1.0,997.38,363.0,17247.0,3.0,3790.0,3.0,2.0,1.0,2.0,676.95,364.0,32417.0,3.0,3791.0,4.0,1.0,1.0,2.0,348.89,365.0,50738.0,3.0,3792.0,2.0,2.0,2.0,1.0,385.62,366.0,34278.0,3.0,3793.0,2.0,3.0
3.0,2.0,552.67,367.0,40836.0,5.0,3794.0,1.0,1.0,3.0,2.0,645.11,368.0,59081.0,3.0,3795.0,4.0,3.0,2.0,1.0,954.02,369.0,82019.0,3.0,3796.0,1.0,5.0,2.0,5.0,255.74,370.0,32969.0,3.0,3797.0,3.0,4.0,2.0,2.0,279.38,371.0,36648.0,3.0,3798.0,1.0,1.0,1.0,5.0,303.44,372.0,95984.0
3.0,3799.0,3.0,1.0,3.0,4.0,809.38,373.0,31864.0,3.0,3800.0,5.0,3.0,5.0,4.0,886.12,374.0,54738.0,3.0,3801.0,2.0,1.0,4.0,2.0,125.88,375.0,65896.0,3.0,3802.0,3.0,3.0,5.0,1.0,493.72,376.0,35618.0,3.0,3803.0,1.0,2.0,5.0,4.0,993.68,377.0,17561.0,3.0,3804.0,3.0,2.0,2.0
4.0,414.55,378.0,13779.0,3.0,3805.0,2.0,5.0,2.0,1.0,391.88,379.0,31026.0,3.0,3806.0,4.0,1.0,5.0,4.0,600.64,380.0,84074.0,3.0,3807.0,4.0,5.0,4.0,1.0,997.74,381.0,2472.0,3.0,3808.0,5.0,4.0,4.0,4.0,254.26,382.0,2343.0,3.0,3809.0,3.0,1.0,5.0,3.0,786.62,383.0,6033.0,3.0
3810.0,3.0,3.0,1.0,3.0,189.7,384.0,6278.0,3.0,3811.0,1.0,1.0,1.0,2.0,484.02,385.0,2453.0,3.0,3812.0,3.0,3.0,1.0,5.0,299.74,386.0,1886.0,3.0,3813.0,2.0,3.0,4.0,1.0,169.79,387.0,2169.0,3.0,3814.0,4.0,1.0,2.0,5.0,655.68,388.0,1420.0,3.0,3815.0,1.0,5.0,3.0,1.0
910.09,389.0,2135.0,3.0,3816.0,1.0,1.0,5.0,5.0,912.1,390.0,2119.0,3.0,3817.0,3.0,3.0,1.0,4.0,456.65,391.0,2138.0,3.0,3818.0,1.0,1.0,3.0,4.0,313.5,392.0,2048.0,3.0,3819.0,4.0,1.0,1.0,3.0,906.45,393.0,1773.0,3.0,3820.0,1.0,3.0,4.0,2.0,333.8,394.0,1545.0,3.0,3821.0
5.0,4.0,4.0,2.0,866.63,395.0,56727.0,3.0,3822.0,4.0,4.0,5.0,5.0,357.58,396.0,12469.0,3.0,3823.0,5.0,4.0,1.0,4.0,516.9,397.0,83312.0,3.0,3824.0,4.0,4.0,5.0,5.0,200.23,398.0,97413.0,3.0,3825.0,4.0,4.0,2.0,1.0,728.77,399.0,21759.0,3.0,3826.0,2.0,1.0,3.0,4.0,286.12
400.0,79707.0,3.0,3827.0,3.0,3.0,4.0,5.0,997.15,401.0,84152.0,3.0,3828.0,2.0,5.0,1.0,2.0,984.63,402.0,55408.0,3.0,3829.0,3.0,2.0,1.0,5.0,233.67,403.0,89892.0,3.0,3830.0,1.0,1.0,3.0,3.0,142.42,404.0,16260.0,3.0,3831.0,3.0,2.0,5.0,2.0,784.73,405.0,96097.0,3.0,3832.0,1.0
4.0,5.0,4.0,770.38,406.0,21738.0,3.0,3833.0,3.0,5.0,2.0,2.0,409.16,407.0,40039.0,3.0,3834.0,3.0,5.0,5.0,1.0,700.53,408.0,45952.0,3.0,3835.0,5.0,3.0,1.0,3.0,439.63,409.0,9738.0,3.0,3836.0,2.0,3.0,5.0,3.0,830.78,410.0,72879.0,3.0,3837.0,5.0,3.0,1.0,3.0,320.34,411.0
28364.0,3.0,3838.0,1.0,1.0,2.0,2.0,510.23,412.0,94433.0,3.0,3839.0,3.0,3.0,4.0,4.0,403.0,413.0,97654.0,3.0,3840.0,1.0,5.0,4.0,4.0,170.61,414.0,78239.0,3.0,3841.0,5.0,4.0,4.0,4.0,872.91,415.0,40402.0,3.0,3842.0,2.0,5.0,5.0,5.0,584.99,416.0,21480.0,3.0,3843.0,3.0,5.0
5.0,2.0,582.09,417.0,49677.0,3.0,3844.0,3.0,2.0,5.0,5.0,603.67,418.0,69726.0,3.0,3845.0,4.0,5.0,3.0,5.0,546.24,419.0,44664.0,3.0,3846.0,4.0,5.0,1.0,4.0,607.97,420.0,53800.0,3.0,3847.0,5.0,3.0,1.0,4.0,130.59,421.0,69459.0,3.0,3848.0,5.0,1.0,4.0,2.0,443.56,422.0,78801.0
3.0,3849.0,3.0,3.0,1.0,3.0,436.47,423.0,77264.0,3.0,3850.0,1.0,3.0,5.0,1.0,355.75,424.0,38058.0,3.0,3851.0,5.0,2.0,1.0,3.0,982.51,425.0,34011.0,3.0,3852.0,5.0,2.0,4.0,3.0,372.76,426.0,56198.0,3.0,3853.0,1.0,3.0,3.0,3.0,348.22,427.0,72343.0,3.0,3854.0,5.0,2.0,5.0
5.0,913.62,428.0,77314.0,3.0,3855.0,5.0,3.0,4.0,1.0,157.94,429.0,57170.0,3.0,3856.0,5.0,1.0,4.0,4.0,527.6,430.0,18837.0,3.0,3857.0,1.0,1.0,2.0,1.0,601.2,431.0,90580.0,3.0,3858.0,3.0,3.0,1.0,4.0,478.88,432.0,70282.0,3.0,3859.0,1.0,2.0,5.0,1.0,838.69,433.0,86329.0,3.0
3860.0,2.0,4.0,3.0,4.0,389.63,434.0,70757.0,3.0,3861.0,3.0,1.0,5.0,1.0,911.36,435.0,58224.0,3.0,3862.0,3.0,1.0,3.0,3.0,603.03,436.0,38413.0,3.0,3863.0,4.0,2.0,1.0,5.0,274.98,437.0,32977.0,3.0,3864.0,3.0,4.0,2.0,4.0,976.03,438.0,9209.0,3.0,3865.0,1.0,4.0,3.0,2.0
399.26,439.0,58737.0,3.0,3866.0,2.0,1.0,5.0,4.0,993.08,440.0,5363.0,3.0,3867.0,5.0,3.0,3.0,4.0,540.57,441.0,51175.0,3.0,3868.0,3.0,1.0,2.0,3.0,272.58,442.0,49132.0,3.0,3869.0,1.0,4.0,2.0,2.0,905.51,443.0,64853.0,3.0,3870.0,1.0,5.0,1.0,1.0,919.25,444.0,39859.0,3.0,3871.0
4.0,5.0,2.0,5.0,979.98,445.0,48135.0,3.0,3872.0,5.0,5.0,3.0,3.0,499.86,446.0,41066.0,3.0,3873.0,3.0,4.0,5.0,3.0,598.22,447.0,28613.0,3.0,3874.0,4.0,4.0,5.0,2.0,421.93,448.0,81215.0,3.0,3875.0,5.0,5.0,1.0,2.0,860.22,449.0,70578.0,3.0,3876.0,3.0,2.0,5.0,1.0,946.23
450.0,81607.0,3.0,3877.0,3.0,3.0,4.0,1.0,888.55,451.0,69536.0,3.0,3878.0,4.0,4.0,1.0,5.0,749.69,452.0,16655.0,3.0,3879.0,1.0,5.0,2.0,2.0,613.95,453.0,73726.0,3.0,3880.0,4.0,3.0,1.0,3.0,934.92,454.0,14181.0,3.0,3881.0,5.0,3.0,5.0,3.0,170.61,455.0,14438.0,3.0,3882.0,5.0
3.0,3.0,2.0,654.09,456.0,11294.0,3.0,3883.0,2.0,2.0,1.0,2.0,842.6,457.0,96985.0,3.0,3884.0,4.0,2.0,3.0,1.0,789.88,458.0,93436.0,3.0,3885.0,5.0,5.0,5.0,2.0,324.81,459.0,42646.0,3.0,3886.0,5.0,2.0,5.0,4.0,298.1,460.0,54502.0,3.0,3887.0,2.0,3.0,5.0,1.0,181.23,461.0
88391.0,3.0,3888.0,3.0,1.0,4.0,4.0,287.18,462.0,26421.0,3.0,3889.0,2.0,1.0,1.0,1.0,292.8,463.0,85660.0,3.0,3890.0,2.0,3.0,3.0,4.0,596.62,464.0,60107.0,3.0,3891.0,3.0,2.0,2.0,5.0,774.74,465.0,60831.0,3.0,3892.0,5.0,4.0,2.0,5.0,894.59,466.0,68298.0,3.0,3893.0,3.0,1.0
2.0,1.0,242.36,467.0,72913.0,3.0,3894.0,4.0,3.0,5.0,4.0,533.27,468.0,3137.0,3.0,3895.0,2.0,1.0,2.0,1.0,983.77,469.0,2618.0,3.0,3896.0,5.0,3.0,1.0,4.0,293.64,470.0,84396.0,3.0,3897.0,5.0,4.0,3.0,3.0,380.61,471.0,83611.0,3.0,3898.0,4.0,5.0,1.0,4.0,942.24,472.0,88656.0
3.0,3899.0,4.0,5.0,4.0,2.0,662.56,473.0,79249.0,3.0,3900.0,5.0,2.0,1.0,5.0,143.21,474.0,3921.0,3.0,3901.0,1.0,2.0,5.0,1.0,876.73,475.0,84876.0,3.0,3902.0,3.0,1.0,1.0,4.0,768.05,476.0,66324.0,3.0,3903.0,1.0,4.0,3.0,4.0,153.15,477.0,86510.0,3.0,3904.0,4.0,4.0,1.0
5.0,339.73,478.0,48843.0,3.0,3905.0,5.0,5.0,5.0,3.0,233.22,479.0,70797.0,3.0,3906.0,3.0,2.0,4.0,2.0,735.44,480.0,6437.0,3.0,3907.0,3.0,2.0,5.0,3.0,281.7,481.0,92289.0,3.0,3908.0,2.0,5.0,3.0,1.0,489.69,482.0,58900.0,3.0,3909.0,1.0,1.0,2.0,4.0,436.23,483.0,35673.0,3.0
3910.0,5.0,3.0,4.0,5.0,248.85,484.0,68952.0,3.0,3911.0,2.0,5.0,4.0,5.0,395.22,485.0,97493.0,3.0,3912.0,1.0,3.0,4.0,4.0,615.7,486.0,69903.0,3.0,3913.0,2.0,2.0,5.0,4.0,387.35,487.0,9758.0,3.0,3914.0,3.0,5.0,3.0,1.0,559.86,488.0,31391.0,3.0,3915.0,5.0,3.0,1.0,2.0
602.21,489.0,14939.0,3.0,3916.0,1.0,3.0,1.0,4.0,343.6,490.0,89635.0,3.0,3917.0,3.0,1.0,4.0,3.0,328.89,491.0,48262.0,3.0,3918.0,3.0,3.0,5.0,3.0,701.83,492.0,42410.0,3.0,3919.0,3.0,3.0,2.0,5.0,229.03,493.0,62625.0,3.0,3920.0,2.0,1.0,4.0,3.0,809.39,494.0,56684.0,3.0,3921.0
4.0,3.0,2.0,5.0,393.54,495.0,26513.0,3.0,3922.0,5.0,3.0,1.0,1.0,629.74,496.0,26918.0,3.0,3923.0,2.0,4.0,3.0,2.0,378.39,497.0,86917.0,3.0,3924.0,2.0,4.0,5.0,2.0,715.98,498.0,64495.0,3.0,3925.0,1.0,3.0,3.0,1.0,386.55,499.0,47528.0,3.0,3926.0,4.0,1.0,4.0,2.0,449.35
500.0,50639.0,3.0,3927.0,5.0,4.0,1.0,2.0,878.67,501.0,59834.0,3.0,3928.0,4.0,2.0,1.0,1.0,799.99,502.0,73645.0,3.0,3929.0,2.0,5.0,2.0,3.0,617.52,503.0,65218.0,3.0,3930.0,4.0,4.0,4.0,5.0,522.86,504.0,34001.0,3.0,3931.0,2.0,1.0,5.0,5.0,685.82,505.0,23569.0,3.0,3932.0,5.0
5.0,4.0,5.0,898.93,506.0,46935.0,3.0,3933.0,3.0,4.0,5.0,1.0,559.55,507.0,80168.0,3.0,3934.0,3.0,3.0,2.0,5.0,219.78,508.0,97304.0,3.0,3935.0,5.0,1.0,4.0,5.0,223.6,509.0,6033.0,3.0,3936.0,5.0,3.0,4.0,4.0,283.29,510.0,1960.0,3.0,3937.0,1.0,3.0,1.0,2.0,935.28,511.0
1886.0,3.0,3938.0,1.0,1.0,1.0,2.0,892.83,512.0,78230.0,3.0,3939.0,5.0,2.0,4.0,4.0,318.19,513.0,2148.0,3.0,3940.0,5.0,4.0,3.0,5.0,305.31,514.0,1810.0,3.0,3941.0,2.0,3.0,3.0,5.0,756.43,515.0,2703.0,3.0,3942.0,3.0,4.0,1.0,5.0,940.22,516.0,2452.0,3.0,3943.0,5.0,2.0
2.0,3.0,282.37,517.0,2148.0,3.0,3944.0,5.0,3.0,4.0,1.0,627.14,518.0,1886.0,3.0,3945.0,4.0,4.0,2.0,2.0,864.5,519.0,2493.0,3.0,3946.0,1.0,3.0,4.0,4.0,981.64,520.0,2026.0,3.0,3947.0,4.0,3.0,1.0,3.0,456.02,521.0,2747.0,3.0,3948.0,4.0,4.0,2.0,5.0,350.68,522.0,1886.0
3.0,3949.0,5.0,2.0,5.0,2.0,843.66,523.0,2301.0,3.0,3950.0,2.0,3.0,5.0,2.0,119.24,524.0,2127.0,3.0,3951.0,4.0,1.0,3.0,5.0,532.41,525.0,2110.0,3.0,3952.0,1.0,4.0,1.0,5.0,625.95,526.0,78692.0,3.0,3953.0,3.0,4.0,4.0,2.0,779.08,527.0,87816.0,3.0,3954.0,5.0,1.0,5.0
1.0,497.09,528.0,31207.0,3.0,3955.0,2.0,1.0,1.0,1.0,762.36,529.0,6158.0,3.0,3956.0,4.0,5.0,2.0,4.0,611.15,530.0,36554.0,3.0,3957.0,3.0,2.0,4.0,3.0,724.95,531.0,53042.0,3.0,3958.0,5.0,3.0,1.0,5.0,332.9,532.0,42665.0,3.0,3959.0,5.0,4.0,5.0,5.0,116.9,533.0,95490.0,3.0
3960.0,3.0,4.0,1.0,1.0,430.46,534.0,74182.0,3.0,3961.0,2.0,5.0,2.0,5.0,881.61,535.0,49449.0,3.0,3962.0,4.0,3.0,3.0,3.0,454.92,536.0,39060.0,3.0,3963.0,4.0,1.0,5.0,2.0,381.88,537.0,21007.0,3.0,3964.0,5.0,2.0,3.0,5.0,639.13,538.0,12883.0,3.0,3965.0,4.0,1.0,2.0,4.0
198.58,539.0,5707.0,3.0,3966.0,5.0,5.0,5.0,2.0,726.74,540.0,10856.0,3.0,3967.0,5.0,3.0,4.0,4.0,683.96,541.0,94663.0,3.0,3968.0,5.0,5.0,1.0,3.0,891.63,542.0,61086.0,3.0,3969.0,4.0,5.0,2.0,4.0,701.87,543.0,44077.0,3.0,3970.0,5.0,1.0,5.0,4.0,216.73,544.0,49694.0,3.0,3971.0
3.0,3.0,2.0,5.0,482.47,545.0,21727.0,3.0,3972.0,5.0,4.0,1.0,5.0,853.57,546.0,50856.0,3.0,3973.0,3.0,2.0,1.0,1.0,202.97,547.0,97255.0,3.0,3974.0,4.0,5.0,1.0,1.0,487.4,548.0,44793.0,3.0,3975.0,1.0,4.0,3.0,2.0,669.81,549.0,24094.0,3.0,3976.0,4.0,5.0,1.0,1.0,645.02
550.0,41670.0,3.0,3977.0,1.0,5.0,4.0,2.0,157.4,551.0,56453.0,3.0,3978.0,4.0,3.0,5.0,1.0,131.98,552.0,5067.0,3.0,3979.0,3.0,5.0,2.0,3.0,477.12,553.0,39598.0,3.0,3980.0,4.0,2.0,5.0,1.0,695.56,554.0,35765.0,3.0,3981.0,1.0,2.0,4.0,2.0,869.96,555.0,24218.0,3.0,3982.0,1.0
1.0,1.0,1.0,189.91,556.0,62116.0,3.0,3983.0,4.0,3.0,1.0,5.0,407.96,557.0,67986.0,3.0,3984.0,5.0,5.0,4.0,1.0,202.91,558.0,26193.0,3.0,3985.0,5.0,4.0,2.0,4.0,956.95,559.0,46762.0,3.0,3986.0,4.0,3.0,2.0,5.0,813.03,560.0,81376.0,3.0,3987.0,5.0,4.0,1.0,1.0,962.54,561.0
