Date,Product_Category,Price,Discount,Customer_Segment,Marketing_Spend,Units_Sold
01-01-2023,Sports,932.8,35.82,Occasional,6780.38,32
02-01-2023,Toys,569.48,3.6,Premium,6807.56,16
03-01-2023,Home Decor,699.68,3.56,Premium,3793.91,27
04-01-2023,Toys,923.27,0.61,Premium,9422.75,29
05-01-2023,Toys,710.17,47.83,Premium,1756.83,17
06-01-2023,Fashion,161.01,36.88,Premium,5053.56,27
07-01-2023,Home Decor,580.53,17.66,Occasional,6939.75,30
08-01-2023,Home Decor,610.65,14.83,Regular,7001.64,27
09-01-2023,Home Decor,429.89,17.49,Occasional,6521.53,32
10-01-2023,Toys,739.08,38.73,Regular,2825.35,28
11-01-2023,Sports,935.02,33.07,Premium,1646.45,26
12-01-2023,Home Decor,926.31,9.26,Regular,6395.81,26
13-01-2023,Toys,456.33,8.71,Occasional,6033.09,37
14-01-2023,Fashion,122.11,4.92,Occasional,1875.62,28
15-01-2023,Sports,984.99,33.02,Regular,7080.88,27
16-01-2023,Fashion,840.51,38.22,Premium,4606.2,32
17-01-2023,Sports,133.42,13.25,Premium,6710.83,20
18-01-2023,Toys,921.63,1.05,Occasional,8389.93,35
19-01-2023,Electronics,871.2,4.11,Regular,1780.31,23
20-01-2023,Sports,523.65,48.39,Premium,289.53,17
21-01-2023,Fashion,595.36,14.77,Premium,7813.12,23
22-01-2023,Toys,405.01,38.46,Occasional,6136.0,24
23-01-2023,Sports,64.21,31.23,Premium,7026.43,35
24-01-2023,Electronics,341.85,19.1,Regular,8397.73,32
25-01-2023,Electronics,804.82,10.28,Occasional,8047.83,34
26-01-2023,Home Decor,14.59,6.07,Occasional,9613.11,29
27-01-2023,Home Decor,340.16,30.75,Regular,5405.76,25
28-01-2023,Fashion,404.19,38.73,Occasional,4936.11,29
29-01-2023,Sports,542.02,32.2,Premium,4078.68,29
30-01-2023,Sports,920.66,26.52,Premium,1621.54,25
31-01-2023,Home Decor,352.88,2.1,Regular,5768.81,37
01-02-2023,Sports,353.48,48.42,Premium,2842.42,19
02-02-2023,Sports,740.13,39.94,Regular,9220.94,26
03-02-2023,Electronics,457.7,14.64,Regular,5873.59,30
04-02-2023,Home Decor,232.36,49.0,Premium,5969.12,34
05-02-2023,Toys,457.92,30.09,Regular,3613.75,32
06-02-2023,Home Decor,149.45,29.12,Premium,614.69,30
07-02-2023,Toys,184.62,37.4,Occasional,414.26,35
08-02-2023,Electronics,503.38,40.59,Occasional,4291.02,26
09-02-2023,Fashion,424.74,32.82,Regular,937.2,34
10-02-2023,Sports,915.7,6.4,Premium,6107.78,38
11-02-2023,Electronics,368.77,16.91,Premium,8821.63,43
12-02-2023,Sports,584.78,46.4,Occasional,8840.86,24
13-02-2023,Fashion,635.94,11.23,Occasional,6624.55,31
14-02-2023,Fashion,22.96,18.61,Premium,2191.2,18
15-02-2023,Electronics,666.9,21.6,Regular,8643.67,34
16-02-2023,Fashion,186.26,21.97,Occasional,8872.33,16
17-02-2023,Toys,961.46,30.65,Regular,2046.87,36
18-02-2023,Fashion,157.18,47.15,Regular,7400.52,33
19-02-2023,Sports,420.48,12.03,Occasional,2936.54,41
20-02-2023,Sports,94.5,6.08,Regular,8046.14,31
21-02-2023,Sports,996.91,9.87,Regular,9972.66,25
22-02-2023,Sports,507.17,44.35,Premium,397.26,36
23-02-2023,Toys,599.43,32.29,Regular,8983.92,49
24-02-2023,Home Decor,76.41,14.3,Premium,6264.04,23
25-02-2023,Electronics,752.46,40.8,Occasional,9736.49,32
26-02-2023,Sports,217.81,43.07,Occasional,4703.59,23
27-02-2023,Fashion,899.07,42.33,Premium,8489.14,28
28-02-2023,Sports,213.09,45.95,Occasional,717.7,34
01-03-2023,Fashion,198.78,12.61,Regular,3419.26,24
02-03-2023,Fashion,46.18,37.75,Regular,763.46,13
03-03-2023,Sports,477.35,23.03,Regular,9755.9,22
04-03-2023,Toys,569.19,42.1,Occasional,8188.04,41
05-03-2023,Fashion,75.05,36.42,Regular,8540.22,18
06-03-2023,Fashion,777.77,38.82,Occasional,9385.86,24
07-03-2023,Sports,458.76,32.81,Regular,942.52,27
08-03-2023,Fashion,529.15,8.87,Premium,3917.42,27
09-03-2023,Fashion,446.36,27.25,Occasional,803.25,39
10-03-2023,Sports,406.76,49.23,Occasional,2186.85,37
11-03-2023,Sports,564.04,46.87,Regular,2370.72,33
12-03-2023,Electronics,163.69,2.16,Occasional,4744.16,24
13-03-2023,Toys,190.11,8.24,Occasional,2758.77,34
14-03-2023,Toys,863.17,6.59,Premium,1099.68,34
15-03-2023,Fashion,946.65,36.3,Premium,1758.16,31
16-03-2023,Toys,379.58,40.89,Regular,1558.03,35
17-03-2023,Fashion,278.04,10.68,Premium,9733.46,33
18-03-2023,Electronics,647.56,25.29,Regular,7617.0,24
19-03-2023,Sports,414.65,42.04,Regular,9680.84,23
20-03-2023,Sports,35.13,36.64,Regular,4453.43,40
21-03-2023,Sports,164.59,27.11,Occasional,2855.85,15
22-03-2023,Toys,718.81,29.52,Premium,8003.1,31
23-03-2023,Electronics,662.33,25.42,Regular,3329.91,32
24-03-2023,Toys,36.83,14.88,Premium,3063.9,39
25-03-2023,Toys,229.75,28.25,Regular,2401.81,27
26-03-2023,Electronics,238.76,34.44,Premium,1383.82,34
27-03-2023,Electronics,675.17,43.67,Premium,2638.98,34
28-03-2023,Electronics,29.51,31.81,Regular,3617.67,33
29-03-2023,Electronics,113.07,38.06,Occasional,6772.54,34
30-03-2023,Sports,801.92,8.0,Premium,719.39,33
31-03-2023,Home Decor,186.76,23.08,Occasional,2184.02,25
01-04-2023,Home Decor,656.22,0.47,Occasional,8109.33,31
02-04-2023,Electronics,245.8,12.33,Regular,1554.53,22
03-04-2023,Home Decor,108.45,36.32,Regular,3492.19,35
04-04-2023,Home Decor,250.74,49.59,Regular,8660.12,29
05-04-2023,Electronics,725.04,4.96,Premium,1633.76,34
06-04-2023,Home Decor,857.14,20.07,Regular,919.09,31
07-04-2023,Toys,831.92,40.0,Regular,4896.93,27
08-04-2023,Fashion,403.21,10.2,Premium,3093.95,31
09-04-2023,Fashion,671.4,27.75,Premium,5677.74,28
10-04-2023,Electronics,212.93,36.65,Regular,8057.67,37
11-04-2023,Sports,300.22,30.8,Regular,1457.77,32
12-04-2023,Electronics,897.37,9.4,Regular,5848.92,18
13-04-2023,Sports,22.87,17.77,Regular,5104.54,28
14-04-2023,Fashion,94.65,39.19,Occasional,1526.38,35
15-04-2023,Electronics,215.81,27.71,Occasional,6277.59,35
16-04-2023,Toys,36.27,0.26,Regular,2809.04,18
17-04-2023,Home Decor,189.62,38.05,Occasional,4929.56,31
18-04-2023,Sports,587.21,1.77,Premium,914.5,24
19-04-2023,Home Decor,427.21,37.29,Occasional,4649.88,36
20-04-2023,Home Decor,893.74,10.12,Occasional,3133.99,22
21-04-2023,Electronics,819.27,47.9,Regular,8241.57,29
22-04-2023,Home Decor,348.4,18.4,Occasional,664.09,30
23-04-2023,Toys,266.83,16.35,Occasional,4244.21,23
24-04-2023,Home Decor,385.9,7.44,Occasional,4638.47,22
25-04-2023,Electronics,594.39,15.28,Occasional,7277.56,39
26-04-2023,Toys,275.38,43.83,Premium,5785.45,19
27-04-2023,Fashion,627.91,49.82,Regular,6705.4,28
28-04-2023,Home Decor,415.32,18.42,Regular,7792.79,40
29-04-2023,Electronics,556.53,22.43,Premium,8635.81,24
30-04-2023,Fashion,441.77,36.1,Occasional,3207.37,24
01-05-2023,Fashion,301.52,44.31,Premium,5426.42,33
02-05-2023,Sports,948.97,29.65,Occasional,8417.07,29
03-05-2023,Toys,765.97,19.58,Premium,9895.57,30
04-05-2023,Home Decor,148.71,20.63,Regular,8906.24,37
05-05-2023,Electronics,869.78,34.78,Regular,3777.53,37
06-05-2023,Sports,492.56,0.16,Regular,2032.15,22
07-05-2023,Toys,895.61,30.98,Occasional,4944.99,24
08-05-2023,Sports,801.86,17.77,Occasional,7442.25,19
09-05-2023,Toys,430.96,39.71,Premium,4976.43,22
10-05-2023,Toys,32.24,4.65,Premium,4883.49,46
11-05-2023,Home Decor,275.99,29.41,Regular,8398.48,34
12-05-2023,Toys,546.22,24.05,Occasional,3677.9,30
13-05-2023,Sports,637.14,32.12,Premium,8611.97,33
14-05-2023,Toys,265.31,3.24,Occasional,4127.37,13
15-05-2023,Home Decor,147.96,29.0,Occasional,3349.51,31
16-05-2023,Home Decor,836.58,28.07,Regular,4594.5,31
17-05-2023,Sports,984.56,28.03,Regular,7648.22,47
18-05-2023,Fashion,530.43,30.17,Occasional,1347.42,22
19-05-2023,Fashion,179.96,33.82,Occasional,2044.55,50
20-05-2023,Toys,279.58,40.25,Occasional,9519.3,24
21-05-2023,Electronics,28.21,13.49,Occasional,1837.37,32
22-05-2023,Toys,915.16,41.25,Regular,5720.5,35
23-05-2023,Sports,126.57,24.91,Premium,5835.21,35
24-05-2023,Sports,580.75,3.85,Regular,4947.28,31
25-05-2023,Sports,281.31,2.93,Premium,6482.98,34
26-05-2023,Sports,558.64,16.71,Occasional,2375.28,22
27-05-2023,Sports,654.91,39.24,Premium,5571.36,38
28-05-2023,Home Decor,831.44,35.38,Regular,3784.52,29
29-05-2023,Fashion,214.36,39.43,Regular,6650.51,41
30-05-2023,Sports,20.89,25.86,Occasional,1498.11,24
31-05-2023,Electronics,145.52,22.01,Regular,5751.69,36
01-06-2023,Electronics,901.02,7.37,Occasional,1934.18,29
02-06-2023,Electronics,875.15,16.41,Regular,2858.57,22
03-06-2023,Electronics,601.44,21.7,Regular,2265.23,25
04-06-2023,Home Decor,604.51,4.43,Occasional,1910.09,28
05-06-2023,Electronics,668.39,11.03,Premium,8274.54,34
06-06-2023,Sports,183.62,29.91,Regular,2928.5,17
07-06-2023,Toys,915.27,36.78,Premium,9278.53,21
08-06-2023,Electronics,424.58,49.92,Regular,9702.27,27
09-06-2023,Home Decor,389.31,46.66,Regular,5755.48,38
10-06-2023,Home Decor,523.73,32.13,Regular,1515.71,26
11-06-2023,Electronics,56.5,21.06,Regular,3808.03,23
12-06-2023,Toys,174.62,31.81,Premium,7997.55,23
13-06-2023,Electronics,740.65,39.28,Premium,3737.17,24
14-06-2023,Home Decor,91.97,5.92,Regular,961.47,28
15-06-2023,Fashion,607.12,20.5,Regular,5612.17,18
16-06-2023,Sports,252.9,41.99,Premium,8466.7,42
17-06-2023,Home Decor,395.4,19.19,Occasional,7979.67,45
18-06-2023,Electronics,295.81,28.59,Occasional,1833.72,23
19-06-2023,Sports,362.12,29.39,Premium,6760.37,38
20-06-2023,Electronics,721.86,9.22,Regular,2282.99,22
21-06-2023,Electronics,304.15,18.11,Regular,2260.25,43
22-06-2023,Fashion,570.74,16.73,Occasional,8753.31,33
23-06-2023,Sports,481.29,1.31,Occasional,2571.72,24
24-06-2023,Sports,667.03,1.21,Premium,2706.15,25
25-06-2023,Fashion,937.46,41.58,Occasional,106.47,37
26-06-2023,Home Decor,735.25,13.65,Premium,8719.62,37
27-06-2023,Electronics,222.79,25.9,Occasional,7946.69,31
28-06-2023,Toys,40.87,14.94,Occasional,6310.56,23
29-06-2023,Electronics,269.64,47.03,Occasional,7527.63,34
30-06-2023,Electronics,599.13,12.96,Regular,1605.28,38
01-07-2023,Home Decor,60.91,21.48,Regular,4637.4,34
02-07-2023,Electronics,501.4,43.64,Regular,3577.07,18
03-07-2023,Fashion,600.87,42.1,Occasional,1028.39,24
04-07-2023,Fashion,340.9,9.31,Premium,4912.69,29
05-07-2023,Sports,773.2,40.13,Premium,9215.32,38
06-07-2023,Toys,115.53,22.91,Premium,496.59,38
07-07-2023,Electronics,84.39,24.15,Premium,2985.46,24
08-07-2023,Electronics,730.91,6.67,Regular,2154.66,25
09-07-2023,Home Decor,500.54,4.03,Regular,2457.65,34
10-07-2023,Fashion,691.52,36.4,Occasional,9093.5,31
11-07-2023,Toys,440.48,24.82,Occasional,4733.88,18
12-07-2023,Sports,253.94,21.84,Premium,4716.36,39
13-07-2023,Fashion,820.91,36.48,Regular,7629.7,26
14-07-2023,Sports,801.42,38.28,Premium,1629.47,38
15-07-2023,Home Decor,697.75,7.95,Occasional,4923.93,38
16-07-2023,Home Decor,279.42,30.51,Occasional,4356.85,26
17-07-2023,Electronics,594.33,6.77,Premium,6009.42,20
18-07-2023,Toys,367.36,37.57,Occasional,9995.62,38
19-07-2023,Sports,100.67,32.85,Premium,7717.54,33
20-07-2023,Fashion,918.14,47.83,Regular,4038.87,24
21-07-2023,Home Decor,145.45,3.45,Premium,8292.78,31
22-07-2023,Electronics,950.73,2.85,Regular,1790.01,32
23-07-2023,Electronics,451.55,14.11,Regular,401.59,24
24-07-2023,Sports,193.28,13.09,Occasional,2124.04,28
25-07-2023,Home Decor,546.48,12.35,Occasional,3470.07,41
26-07-2023,Toys,874.22,45.31,Occasional,5154.75,43
27-07-2023,Home Decor,734.9,12.48,Premium,6189.78,34
28-07-2023,Sports,808.5,13.6,Premium,9115.0,18
29-07-2023,Sports,662.2,37.97,Occasional,5147.55,27
30-07-2023,Home Decor,695.35,22.49,Premium,5062.63,37
31-07-2023,Sports,850.7,38.84,Occasional,597.41,33
01-08-2023,Home Decor,257.17,3.27,Premium,445.62,41
02-08-2023,Fashion,494.53,24.38,Regular,5556.48,30
03-08-2023,Home Decor,229.0,1.68,Regular,4437.97,35
04-08-2023,Home Decor,987.79,3.13,Occasional,8407.89,27
05-08-2023,Sports,944.62,45.32,Premium,1690.73,39
06-08-2023,Sports,49.03,6.96,Premium,347.22,33
07-08-2023,Electronics,708.52,26.62,Regular,4545.48,33
08-08-2023,Electronics,926.0,20.55,Regular,2451.04,29
09-08-2023,Fashion,188.77,17.37,Occasional,591.18,24
10-08-2023,Electronics,572.27,44.99,Regular,7273.52,29
11-08-2023,Home Decor,916.33,1.09,Occasional,1204.77,29
12-08-2023,Sports,43.61,33.19,Regular,6122.36,34
13-08-2023,Electronics,700.45,48.17,Regular,2882.39,30
14-08-2023,Electronics,304.38,28.01,Premium,1817.61,34
15-08-2023,Fashion,925.15,46.84,Regular,3859.54,38
16-08-2023,Fashion,971.35,2.61,Regular,8034.31,33
17-08-2023,Home Decor,944.82,20.94,Occasional,3981.73,23
18-08-2023,Sports,479.47,13.01,Regular,7532.62,29
19-08-2023,Fashion,863.42,36.54,Occasional,1342.31,34
20-08-2023,Electronics,846.1,49.06,Regular,7750.44,23
21-08-2023,Sports,325.91,12.83,Regular,2445.64,44
22-08-2023,Sports,830.63,32.71,Occasional,6806.19,23
23-08-2023,Electronics,46.64,9.9,Premium,5701.24,38
24-08-2023,Fashion,600.31,28.27,Occasional,9298.53,37
25-08-2023,Electronics,237.71,23.2,Occasional,3934.49,17
26-08-2023,Sports,129.36,48.6,Occasional,755.04,26
27-08-2023,Toys,86.18,30.43,Premium,289.64,37
28-08-2023,Toys,699.33,17.48,Regular,8285.9,21
29-08-2023,Home Decor,346.48,5.7,Occasional,5294.88,29
30-08-2023,Electronics,727.52,7.56,Occasional,7774.92,26
31-08-2023,Electronics,74.7,11.27,Premium,2420.81,29
01-09-2023,Home Decor,322.14,12.55,Occasional,3516.33,33
02-09-2023,Home Decor,544.1,42.53,Regular,398.03,29
03-09-2023,Home Decor,792.82,28.06,Premium,9618.77,31
04-09-2023,Sports,325.56,26.17,Regular,6711.89,30
05-09-2023,Electronics,629.63,5.74,Regular,9338.73,35
06-09-2023,Sports,887.12,43.01,Premium,2728.41,23
07-09-2023,Home Decor,619.7,36.14,Occasional,6153.49,30
08-09-2023,Electronics,240.63,3.38,Regular,6817.15,41
09-09-2023,Sports,34.16,35.39,Regular,3243.74,19
10-09-2023,Sports,871.4,27.18,Regular,8496.28,30
11-09-2023,Home Decor,31.06,4.09,Regular,9476.9,29
12-09-2023,Electronics,875.95,22.92,Premium,8860.07,40
13-09-2023,Home Decor,533.65,24.23,Premium,7416.76,30
14-09-2023,Electronics,939.68,8.29,Regular,2846.9,27
15-09-2023,Toys,800.8,47.28,Occasional,2888.0,23
16-09-2023,Fashion,997.95,42.5,Regular,9637.27,35
17-09-2023,Fashion,357.2,33.45,Occasional,201.82,35
18-09-2023,Fashion,769.52,23.11,Regular,7188.89,35
19-09-2023,Home Decor,407.91,20.59,Occasional,7091.84,5
20-09-2023,Toys,485.08,32.55,Regular,6264.63,27
21-09-2023,Electronics,631.23,27.27,Occasional,9902.08,28
22-09-2023,Sports,874.94,3.11,Regular,3187.61,14
23-09-2023,Electronics,984.24,25.63,Regular,3465.72,22
24-09-2023,Sports,770.59,40.32,Occasional,881.5,22
25-09-2023,Electronics,423.59,22.96,Premium,4483.7,31
26-09-2023,Toys,427.14,2.6,Occasional,2684.38,26
27-09-2023,Sports,740.21,39.31,Premium,3499.53,26
28-09-2023,Home Decor,246.39,10.07,Regular,8362.26,25
29-09-2023,Electronics,119.37,12.93,Occasional,9361.3,19
30-09-2023,Electronics,361.08,8.24,Occasional,1938.76,14
01-10-2023,Sports,294.37,16.51,Occasional,3787.84,31
02-10-2023,Home Decor,303.35,37.84,Premium,9293.44,32
03-10-2023,Home Decor,241.27,25.97,Premium,711.9,39
04-10-2023,Toys,51.67,10.24,Regular,1014.37,28
05-10-2023,Home Decor,27.7,43.89,Premium,1711.63,23
06-10-2023,Home Decor,987.85,43.98,Premium,5992.61,35
07-10-2023,Home Decor,433.5,43.53,Regular,1589.68,30
08-10-2023,Fashion,390.48,11.94,Occasional,9683.96,37
09-10-2023,Toys,682.85,22.56,Occasional,4522.47,36
10-10-2023,Electronics,226.07,49.25,Regular,5065.03,38
11-10-2023,Sports,950.46,38.6,Occasional,2541.92,30
12-10-2023,Electronics,788.48,1.36,Premium,4762.51,26
13-10-2023,Toys,98.52,3.26,Regular,6652.94,19
14-10-2023,Sports,423.4,23.2,Regular,7536.65,43
15-10-2023,Toys,880.33,45.46,Regular,7563.29,22
16-10-2023,Home Decor,945.28,26.94,Occasional,5821.12,35
17-10-2023,Sports,472.73,24.89,Regular,9053.16,37
18-10-2023,Home Decor,617.28,5.27,Regular,8192.34,36
19-10-2023,Electronics,175.36,32.84,Regular,7594.78,23
20-10-2023,Electronics,991.26,41.11,Occasional,650.49,15
21-10-2023,Sports,239.35,19.02,Premium,168.09,36
22-10-2023,Sports,943.3,38.78,Regular,2203.23,38
23-10-2023,Toys,653.15,48.22,Premium,6668.88,32
24-10-2023,Toys,611.66,10.19,Occasional,4170.86,26
25-10-2023,Home Decor,517.56,26.17,Occasional,4083.82,33
26-10-2023,Sports,238.36,14.36,Occasional,8857.41,29
27-10-2023,Electronics,184.76,39.64,Occasional,8966.07,34
28-10-2023,Toys,228.28,28.88,Premium,9100.84,22
29-10-2023,Toys,194.57,31.73,Regular,3207.39,22
30-10-2023,Electronics,781.79,39.9,Occasional,6941.45,39
31-10-2023,Toys,356.62,19.8,Occasional,2789.17,35
01-11-2023,Home Decor,67.26,45.75,Premium,1987.04,41
02-11-2023,Sports,969.41,26.65,Premium,1927.86,28
03-11-2023,Electronics,884.95,7.9,Occasional,3486.87,27
04-11-2023,Sports,928.47,34.79,Regular,4356.58,34
05-11-2023,Toys,994.96,39.66,Regular,8326.4,39
06-11-2023,Toys,182.16,15.84,Occasional,1286.92,36
07-11-2023,Electronics,402.28,42.86,Premium,7375.77,18
08-11-2023,Home Decor,760.66,45.31,Occasional,5361.4,29
09-11-2023,Fashion,699.06,13.85,Occasional,2950.66,25
10-11-2023,Electronics,162.36,49.18,Premium,4978.91,29
11-11-2023,Fashion,817.67,7.04,Occasional,3069.43,17
12-11-2023,Fashion,232.2,10.1,Occasional,6001.21,33
13-11-2023,Home Decor,231.58,9.21,Occasional,4395.05,34
14-11-2023,Fashion,541.6,44.7,Premium,1727.61,29
15-11-2023,Fashion,597.01,32.71,Regular,1254.17,18
16-11-2023,Home Decor,584.29,7.61,Regular,5512.29,18
17-11-2023,Fashion,100.57,22.02,Premium,9033.89,22
18-11-2023,Fashion,878.69,30.76,Regular,3505.18,14
19-11-2023,Fashion,272.94,4.17,Occasional,7356.7,38
20-11-2023,Electronics,138.22,44.12,Regular,6620.75,33
21-11-2023,Electronics,889.86,40.18,Occasional,9322.39,29
22-11-2023,Electronics,956.09,25.26,Regular,8227.71,27
23-11-2023,Home Decor,863.51,48.36,Premium,5709.39,32
24-11-2023,Toys,811.42,20.89,Regular,6604.6,31
25-11-2023,Fashion,658.69,49.21,Regular,8994.03,30
26-11-2023,Fashion,555.35,33.4,Regular,4055.24,38
27-11-2023,Home Decor,96.12,31.73,Premium,3335.27,37
28-11-2023,Fashion,414.37,8.3,Regular,207.03,46
29-11-2023,Electronics,378.96,44.1,Premium,8282.86,24
30-11-2023,Toys,267.16,21.37,Occasional,8029.71,23
01-12-2023,Sports,726.19,8.11,Regular,1134.1,45
02-12-2023,Fashion,500.92,0.63,Premium,5810.89,32
03-12-2023,Electronics,90.24,27.99,Premium,4693.42,37
04-12-2023,Sports,227.98,26.37,Regular,1275.22,36
05-12-2023,Toys,686.43,35.97,Occasional,9807.63,32
06-12-2023,Sports,85.37,44.51,Premium,2225.49,32
07-12-2023,Electronics,852.69,3.97,Regular,765.62,21
08-12-2023,Sports,500.2,36.57,Occasional,5988.99,23
09-12-2023,Home Decor,485.78,9.37,Premium,7414.78,24
10-12-2023,Sports,596.48,42.91,Premium,421.19,24
11-12-2023,Fashion,826.43,40.95,Occasional,6621.3,23
12-12-2023,Fashion,354.33,27.04,Occasional,5369.69,31
13-12-2023,Home Decor,681.24,35.51,Regular,1122.32,30
14-12-2023,Electronics,570.07,15.72,Regular,1807.99,16
15-12-2023,Fashion,274.36,23.56,Premium,5722.95,38
16-12-2023,Toys,879.84,41.08,Occasional,3033.94,21
17-12-2023,Fashion,799.45,22.96,Occasional,9389.33,14
18-12-2023,Fashion,661.87,17.89,Occasional,8205.53,33
19-12-2023,Electronics,852.08,24.71,Premium,9837.32,36
20-12-2023,Sports,868.62,41.41,Occasional,2670.74,31
21-12-2023,Fashion,711.28,16.76,Occasional,9700.26,25
22-12-2023,Home Decor,838.64,8.69,Premium,4369.22,47
23-12-2023,Sports,700.5,35.6,Regular,3540.44,37
24-12-2023,Toys,683.34,41.3,Regular,598.46,43
25-12-2023,Electronics,622.43,5.03,Premium,622.38,43
26-12-2023,Toys,755.19,11.99,Occasional,6950.91,31
27-12-2023,Sports,167.02,7.1,Premium,4633.5,24
28-12-2023,Sports,882.06,17.4,Regular,2342.56,28
29-12-2023,Sports,873.13,22.52,Regular,6178.31,20
30-12-2023,Toys,38.95,37.44,Premium,2603.3,33
31-12-2023,Sports,827.56,32.56,Premium,5818.55,20
01-01-2024,Toys,137.58,31.05,Regular,3656.17,28
02-01-2024,Sports,341.77,17.62,Premium,8253.17,31
03-01-2024,Home Decor,746.07,42.07,Regular,8224.89,32
04-01-2024,Sports,169.15,23.56,Premium,4825.77,46
05-01-2024,Toys,819.79,48.96,Premium,3573.11,25
06-01-2024,Fashion,833.81,31.71,Premium,3689.34,29
07-01-2024,Sports,512.39,6.31,Regular,8076.57,33
08-01-2024,Fashion,16.32,33.81,Premium,3348.98,38
09-01-2024,Home Decor,294.17,16.26,Regular,2169.69,24
10-01-2024,Electronics,620.76,34.32,Regular,938.41,44
11-01-2024,Home Decor,981.37,3.48,Premium,4720.26,14
12-01-2024,Sports,635.5,8.74,Premium,4873.11,32
13-01-2024,Fashion,267.21,42.79,Regular,8425.0,20
14-01-2024,Fashion,637.67,11.36,Regular,2290.26,33
15-01-2024,Toys,544.59,41.85,Occasional,3871.81,26
16-01-2024,Fashion,782.05,13.96,Regular,8103.22,35
17-01-2024,Toys,115.91,32.14,Occasional,8253.87,37
18-01-2024,Electronics,763.42,34.71,Occasional,3907.65,27
19-01-2024,Sports,545.85,25.63,Occasional,4645.33,23
20-01-2024,Toys,963.36,15.27,Premium,3102.53,24
21-01-2024,Electronics,348.45,10.63,Premium,9332.29,30
22-01-2024,Fashion,636.3,1.66,Regular,1274.57,38
23-01-2024,Fashion,932.71,15.2,Occasional,9344.12,34
24-01-2024,Electronics,111.48,32.66,Premium,6870.28,40
25-01-2024,Fashion,937.86,46.92,Premium,5362.56,18
26-01-2024,Electronics,691.01,43.56,Premium,423.32,29
27-01-2024,Toys,77.16,38.3,Premium,4808.4,42
28-01-2024,Toys,307.95,39.42,Premium,4136.71,26
29-01-2024,Electronics,711.09,33.25,Occasional,1696.07,18
30-01-2024,Toys,76.68,13.01,Occasional,6598.46,24
31-01-2024,Toys,586.35,45.36,Occasional,9714.39,27
01-02-2024,Toys,352.42,33.54,Occasional,5665.67,19
02-02-2024,Home Decor,624.71,28.02,Regular,7176.06,31
03-02-2024,Sports,55.28,5.55,Occasional,777.66,24
04-02-2024,Fashion,872.82,22.35,Premium,4234.9,28
05-02-2024,Home Decor,973.75,23.02,Occasional,1251.95,24
06-02-2024,Toys,969.19,43.23,Regular,6166.68,26
07-02-2024,Electronics,752.16,27.33,Premium,9390.97,34
08-02-2024,Toys,138.79,19.02,Occasional,6651.6,17
09-02-2024,Sports,760.68,48.84,Occasional,860.35,26
10-02-2024,Toys,34.34,5.54,Occasional,3611.2,26
11-02-2024,Electronics,31.9,21.13,Premium,5551.57,36
12-02-2024,Sports,330.37,2.1,Premium,4091.76,32
13-02-2024,Toys,493.76,37.0,Regular,8353.08,34
14-02-2024,Sports,772.7,45.9,Premium,8165.24,45
15-02-2024,Fashion,686.46,14.0,Premium,6157.13,22
16-02-2024,Fashion,451.44,42.92,Occasional,3797.23,31
17-02-2024,Toys,280.89,14.61,Premium,2627.83,32
18-02-2024,Sports,997.15,45.54,Occasional,1148.16,21
19-02-2024,Electronics,431.92,37.7,Occasional,3613.49,20
20-02-2024,Toys,456.87,40.25,Premium,4190.41,26
21-02-2024,Fashion,171.99,0.9,Regular,6790.65,26
22-02-2024,Fashion,796.86,48.14,Regular,6615.78,30
23-02-2024,Toys,696.75,36.33,Premium,794.07,33
24-02-2024,Sports,228.56,15.24,Regular,4013.07,36
25-02-2024,Fashion,91.56,41.47,Occasional,1899.61,19
26-02-2024,Sports,683.69,14.08,Occasional,1652.45,27
27-02-2024,Fashion,657.97,43.64,Premium,8290.29,31
28-02-2024,Fashion,280.53,5.63,Regular,514.96,28
29-02-2024,Home Decor,951.35,35.18,Regular,4249.91,20
01-03-2024,Fashion,159.55,27.03,Occasional,1765.22,35
02-03-2024,Electronics,438.01,4.83,Premium,8805.37,26
03-03-2024,Toys,944.18,12.09,Regular,5614.7,32
04-03-2024,Toys,425.53,0.62,Premium,2390.67,39
05-03-2024,Sports,642.14,23.44,Regular,5074.03,40
06-03-2024,Fashion,403.62,15.06,Occasional,7341.71,17
07-03-2024,Electronics,281.47,29.92,Occasional,9585.37,29
08-03-2024,Sports,984.14,14.86,Premium,2282.42,34
09-03-2024,Home Decor,415.24,15.0,Occasional,8873.2,35
10-03-2024,Sports,895.16,37.16,Regular,9349.61,14
11-03-2024,Sports,237.66,2.41,Occasional,9172.56,37
12-03-2024,Fashion,220.97,45.14,Premium,6390.6,20
13-03-2024,Home Decor,40.82,42.61,Premium,6335.22,15
14-03-2024,Sports,655.15,33.39,Premium,4091.79,26
15-03-2024,Electronics,374.84,29.66,Regular,7548.74,32
16-03-2024,Electronics,865.71,44.62,Regular,5359.81,40
17-03-2024,Toys,478.48,9.27,Regular,6806.64,26
18-03-2024,Home Decor,968.51,3.95,Regular,4341.73,25
19-03-2024,Home Decor,193.67,11.98,Regular,7341.81,33
20-03-2024,Toys,869.94,39.73,Occasional,8262.27,15
21-03-2024,Sports,778.83,1.73,Regular,1549.72,26
22-03-2024,Home Decor,773.21,29.14,Regular,8346.0,23
23-03-2024,Electronics,846.34,49.77,Occasional,5448.94,36
24-03-2024,Electronics,763.41,42.78,Regular,8462.19,19
25-03-2024,Fashion,629.96,26.07,Premium,4369.89,33
26-03-2024,Home Decor,139.93,3.18,Regular,3852.5,30
27-03-2024,Sports,42.2,41.57,Regular,9159.1,28
28-03-2024,Toys,921.64,29.95,Premium,2586.58,30
29-03-2024,Toys,620.48,5.75,Premium,8457.7,26
30-03-2024,Sports,798.57,4.69,Premium,4891.8,20
31-03-2024,Fashion,486.71,45.48,Premium,5189.54,31
01-04-2024,Toys,126.14,33.46,Regular,3153.84,31
02-04-2024,Home Decor,133.93,41.46,Premium,5773.12,26
03-04-2024,Fashion,688.71,43.95,Premium,3319.59,33
04-04-2024,Home Decor,436.0,28.59,Occasional,488.77,29
05-04-2024,Electronics,208.52,25.87,Premium,2792.79,24
06-04-2024,Fashion,496.68,21.52,Premium,163.15,30
07-04-2024,Toys,73.57,15.85,Occasional,9785.71,27
08-04-2024,Fashion,586.15,21.73,Occasional,9660.9,30
09-04-2024,Fashion,276.3,38.69,Regular,4012.04,22
10-04-2024,Fashion,799.58,30.1,Occasional,7310.87,31
11-04-2024,Fashion,317.26,44.63,Regular,3523.48,18
12-04-2024,Home Decor,460.67,22.17,Occasional,6743.82,21
13-04-2024,Electronics,21.5,30.35,Occasional,8073.76,35
14-04-2024,Sports,81.72,31.57,Regular,9472.89,29
15-04-2024,Fashion,398.57,29.58,Occasional,4062.1,24
16-04-2024,Toys,485.14,35.13,Regular,7854.65,26
17-04-2024,Fashion,604.02,11.87,Occasional,2732.69,39
18-04-2024,Toys,298.75,25.62,Premium,9904.29,26
19-04-2024,Home Decor,698.03,5.21,Occasional,355.12,38
20-04-2024,Toys,861.52,19.23,Regular,6074.94,39
21-04-2024,Sports,782.05,24.38,Occasional,6629.11,43
22-04-2024,Electronics,49.22,32.61,Regular,6911.65,27
23-04-2024,Toys,485.7,47.53,Regular,1291.84,21
24-04-2024,Toys,113.88,30.03,Premium,9391.44,27
25-04-2024,Electronics,249.62,37.18,Premium,1893.71,35
26-04-2024,Sports,986.8,25.31,Regular,6265.26,24
27-04-2024,Fashion,151.07,31.71,Occasional,2304.49,25
28-04-2024,Toys,503.9,3.55,Regular,3141.44,33
29-04-2024,Electronics,621.97,12.72,Regular,5509.94,27
30-04-2024,Home Decor,705.44,18.09,Occasional,4230.21,16
01-05-2024,Electronics,564.05,23.62,Occasional,1686.23,19
02-05-2024,Home Decor,19.67,2.28,Occasional,1792.27,24
03-05-2024,Sports,333.2,7.0,Occasional,4239.63,16
04-05-2024,Fashion,522.53,13.84,Regular,7597.1,44
05-05-2024,Electronics,96.99,48.58,Regular,8989.85,18
06-05-2024,Toys,357.12,16.57,Premium,932.86,38
07-05-2024,Sports,42.87,24.1,Regular,3991.73,27
08-05-2024,Electronics,87.79,9.8,Occasional,1092.43,26
09-05-2024,Toys,402.95,30.54,Premium,264.27,26
10-05-2024,Electronics,141.39,14.03,Occasional,6651.01,26
11-05-2024,Home Decor,571.87,10.35,Regular,6064.25,38
12-05-2024,Electronics,692.57,25.83,Premium,1713.89,28
13-05-2024,Electronics,802.58,0.28,Occasional,2414.75,22
14-05-2024,Electronics,208.15,0.38,Premium,334.71,34
15-05-2024,Sports,175.81,10.95,Premium,8365.98,24
16-05-2024,Electronics,113.52,1.84,Regular,9749.44,40
17-05-2024,Toys,640.07,5.4,Occasional,1441.05,35
18-05-2024,Home Decor,709.41,16.94,Premium,2391.6,31
19-05-2024,Home Decor,41.27,40.13,Premium,8697.25,26
20-05-2024,Electronics,936.85,28.6,Occasional,9271.99,30
21-05-2024,Sports,61.45,25.63,Premium,4254.31,28
22-05-2024,Sports,545.88,14.67,Premium,601.16,16
23-05-2024,Toys,711.97,46.59,Premium,489.98,31
24-05-2024,Electronics,872.26,19.85,Occasional,5782.1,21
25-05-2024,Home Decor,716.95,4.35,Occasional,3989.66,32
26-05-2024,Sports,803.71,30.85,Occasional,383.66,43
27-05-2024,Electronics,346.06,5.69,Occasional,5874.2,35
28-05-2024,Sports,816.68,17.26,Regular,211.9,21
29-05-2024,Sports,89.31,25.37,Premium,7894.98,31
30-05-2024,Home Decor,895.87,43.71,Occasional,3133.68,25
31-05-2024,Fashion,552.12,24.68,Premium,498.55,40
01-06-2024,Toys,819.12,35.11,Premium,5924.69,29
02-06-2024,Toys,457.8,49.64,Regular,4037.08,22
03-06-2024,Home Decor,647.14,6.57,Occasional,9740.62,32
04-06-2024,Sports,531.14,13.74,Occasional,5487.57,28
05-06-2024,Electronics,734.27,19.73,Premium,2824.87,47
06-06-2024,Sports,90.81,21.09,Occasional,7123.44,52
07-06-2024,Home Decor,69.75,20.55,Premium,2787.77,30
08-06-2024,Toys,254.63,45.38,Premium,9052.01,26
09-06-2024,Sports,167.95,35.7,Regular,3809.75,22
10-06-2024,Toys,873.07,30.4,Regular,5543.7,28
11-06-2024,Electronics,227.02,15.47,Regular,600.67,21
12-06-2024,Toys,976.11,41.19,Premium,4318.6,38
13-06-2024,Toys,343.53,47.75,Occasional,8340.4,21
14-06-2024,Fashion,190.3,41.06,Regular,8075.92,32
15-06-2024,Fashion,791.8,0.08,Occasional,2320.75,34
16-06-2024,Fashion,662.12,31.82,Regular,2338.18,28
17-06-2024,Toys,503.21,2.56,Regular,8191.32,18
18-06-2024,Home Decor,559.81,12.88,Premium,9310.94,23
19-06-2024,Toys,722.01,2.98,Regular,1044.07,29
20-06-2024,Home Decor,236.17,30.19,Regular,4555.58,33
21-06-2024,Home Decor,996.37,34.33,Premium,3440.8,30
22-06-2024,Fashion,975.05,5.72,Occasional,8719.82,38
23-06-2024,Sports,653.82,19.19,Regular,926.9,26
24-06-2024,Electronics,207.55,22.81,Premium,2190.15,30
25-06-2024,Fashion,683.43,18.45,Regular,7549.44,27
26-06-2024,Fashion,81.48,6.05,Premium,607.81,42
27-06-2024,Sports,40.35,20.95,Occasional,4976.1,16
28-06-2024,Electronics,265.11,37.56,Occasional,4476.86,50
29-06-2024,Toys,468.0,3.55,Premium,3410.57,32
30-06-2024,Toys,869.59,4.01,Premium,4006.27,28
01-07-2024,Fashion,729.9,17.74,Premium,5346.41,27
02-07-2024,Electronics,745.28,47.09,Occasional,1697.54,41
03-07-2024,Fashion,431.24,33.43,Regular,5762.76,32
04-07-2024,Home Decor,352.48,33.93,Occasional,8073.78,25
05-07-2024,Fashion,377.33,18.1,Premium,7625.59,42
06-07-2024,Fashion,987.77,29.68,Premium,1623.61,22
07-07-2024,Toys,49.71,0.51,Occasional,1577.57,40
08-07-2024,Toys,868.36,31.8,Premium,2754.93,35
09-07-2024,Toys,582.89,45.66,Occasional,3674.64,33
10-07-2024,Home Decor,444.23,30.63,Premium,4143.71,22
11-07-2024,Toys,728.01,43.68,Regular,6829.0,35
12-07-2024,Electronics,491.8,36.2,Regular,661.14,16
13-07-2024,Sports,874.69,6.03,Premium,443.26,29
14-07-2024,Electronics,901.69,45.12,Occasional,3979.91,27
15-07-2024,Electronics,427.5,3.32,Regular,7001.92,13
16-07-2024,Toys,284.06,26.7,Occasional,2015.01,33
17-07-2024,Sports,596.43,7.11,Premium,6450.89,31
18-07-2024,Sports,913.24,0.59,Occasional,2672.3,34
19-07-2024,Sports,218.56,21.1,Regular,8872.25,40
20-07-2024,Home Decor,626.74,14.75,Occasional,8967.33,28
21-07-2024,Toys,635.24,24.3,Occasional,3043.14,15
22-07-2024,Sports,735.78,28.86,Premium,2376.94,26
23-07-2024,Home Decor,140.25,2.19,Premium,4171.91,37
24-07-2024,Fashion,718.67,6.15,Premium,2481.26,31
25-07-2024,Fashion,909.94,27.93,Regular,6756.6,36
26-07-2024,Home Decor,187.89,17.16,Regular,8278.04,34
27-07-2024,Home Decor,245.17,36.46,Premium,6763.61,26
28-07-2024,Toys,971.68,32.61,Premium,8261.07,29
29-07-2024,Toys,189.17,42.28,Regular,4030.22,28
30-07-2024,Fashion,855.84,34.62,Regular,1647.54,31
31-07-2024,Sports,497.36,21.5,Regular,7405.71,31
01-08-2024,Fashion,254.76,33.65,Regular,3668.7,33
02-08-2024,Sports,872.04,13.77,Premium,6745.58,34
03-08-2024,Sports,450.85,15.32,Regular,2779.38,25
04-08-2024,Toys,519.67,39.45,Premium,904.17,31
05-08-2024,Electronics,365.64,22.32,Occasional,9926.56,22
06-08-2024,Electronics,597.02,39.92,Occasional,1646.39,30
07-08-2024,Home Decor,171.89,41.12,Regular,9885.37,28
08-08-2024,Toys,397.17,42.88,Occasional,9775.07,20
09-08-2024,Sports,969.72,45.83,Occasional,7958.8,29
10-08-2024,Electronics,265.55,21.55,Occasional,6628.29,24
11-08-2024,Sports,660.17,15.94,Regular,5820.29,24
12-08-2024,Electronics,331.94,29.11,Regular,8674.41,28
13-08-2024,Electronics,775.74,18.56,Occasional,2965.45,37
14-08-2024,Electronics,139.56,30.05,Premium,4730.04,30
15-08-2024,Toys,970.12,35.28,Occasional,6231.96,34
16-08-2024,Fashion,459.25,34.42,Regular,4170.79,30
17-08-2024,Sports,243.69,18.73,Regular,4332.12,31
18-08-2024,Toys,82.76,8.34,Regular,3369.82,33
19-08-2024,Toys,178.06,21.53,Occasional,5685.89,29
20-08-2024,Toys,524.58,7.13,Premium,8520.69,31
21-08-2024,Toys,343.63,44.5,Regular,2095.13,35
22-08-2024,Toys,830.59,17.29,Regular,9350.89,28
23-08-2024,Home Decor,436.58,7.72,Occasional,6921.97,32
24-08-2024,Sports,256.23,1.27,Premium,8250.4,43
25-08-2024,Toys,620.97,32.29,Occasional,5606.29,16
26-08-2024,Sports,709.71,31.85,Regular,7817.22,44
27-08-2024,Home Decor,175.37,17.03,Premium,260.38,29
28-08-2024,Home Decor,175.94,3.59,Premium,8201.97,32
29-08-2024,Sports,46.3,20.48,Regular,497.37,29
30-08-2024,Electronics,739.04,15.56,Premium,8910.14,45
31-08-2024,Fashion,667.17,33.86,Premium,9920.43,32
01-09-2024,Electronics,479.88,30.29,Occasional,3011.27,32
02-09-2024,Electronics,845.73,18.23,Regular,2182.15,30
03-09-2024,Electronics,807.61,10.89,Regular,7677.1,29
04-09-2024,Toys,589.5,49.4,Regular,2604.96,24
05-09-2024,Home Decor,869.59,22.7,Regular,8669.07,32
06-09-2024,Electronics,213.78,34.41,Regular,1118.14,25
07-09-2024,Home Decor,120.8,7.03,Premium,1346.96,35
08-09-2024,Sports,277.05,24.28,Occasional,9793.6,22
09-09-2024,Fashion,66.52,1.38,Regular,6771.01,22
10-09-2024,Sports,535.86,25.27,Occasional,8484.18,33
11-09-2024,Sports,937.24,48.2,Occasional,3310.86,24
12-09-2024,Toys,48.95,19.21,Premium,6797.19,34
13-09-2024,Fashion,130.89,1.95,Regular,5982.99,35
14-09-2024,Sports,457.68,1.55,Premium,6071.19,32
15-09-2024,Sports,934.54,19.4,Regular,6857.07,40
16-09-2024,Fashion,322.99,8.0,Premium,5796.06,41
17-09-2024,Fashion,512.16,1.17,Occasional,4347.72,45
18-09-2024,Sports,51.16,37.81,Regular,2831.63,24
19-09-2024,Fashion,156.86,22.93,Occasional,7708.96,37
20-09-2024,Sports,986.76,14.46,Occasional,2340.1,48
21-09-2024,Sports,965.47,45.0,Premium,6954.31,25
22-09-2024,Toys,14.89,5.81,Regular,2409.99,20
23-09-2024,Electronics,952.29,47.8,Occasional,6290.77,17
24-09-2024,Sports,642.73,15.7,Premium,7496.07,44
25-09-2024,Home Decor,869.24,44.42,Regular,2265.27,30
26-09-2024,Electronics,460.19,30.15,Regular,693.44,34
27-09-2024,Electronics,520.44,41.34,Occasional,1396.64,31
28-09-2024,Electronics,493.96,49.2,Regular,6099.37,38
29-09-2024,Toys,670.2,14.42,Occasional,8509.52,32
30-09-2024,Sports,148.25,48.06,Regular,545.47,27
01-10-2024,Toys,39.67,19.47,Premium,7368.1,24
02-10-2024,Sports,314.85,19.28,Occasional,3479.05,40
03-10-2024,Toys,707.63,17.02,Occasional,4837.43,57
04-10-2024,Toys,209.83,27.07,Regular,9295.71,27
05-10-2024,Home Decor,676.7,7.71,Regular,3386.52,28
06-10-2024,Toys,970.21,27.69,Occasional,4706.84,41
07-10-2024,Fashion,102.96,27.09,Regular,235.46,37
08-10-2024,Home Decor,675.88,38.1,Premium,907.83,27
09-10-2024,Toys,449.31,41.68,Regular,2660.06,21
10-10-2024,Electronics,869.46,22.02,Premium,375.74,25
11-10-2024,Fashion,185.38,15.12,Premium,6350.62,30
12-10-2024,Fashion,695.7,12.97,Premium,4321.34,18
13-10-2024,Fashion,839.73,9.73,Premium,5526.64,17
14-10-2024,Home Decor,945.17,2.88,Premium,1829.01,27
15-10-2024,Toys,686.42,17.12,Regular,3029.73,27
16-10-2024,Toys,502.2,13.51,Premium,6671.86,28
17-10-2024,Electronics,621.67,48.32,Regular,9656.5,37
18-10-2024,Electronics,870.22,27.89,Premium,599.13,33
19-10-2024,Fashion,574.9,17.36,Occasional,8914.8,31
20-10-2024,Electronics,40.08,29.02,Premium,5811.12,19
21-10-2024,Home Decor,931.64,6.96,Occasional,5682.8,40
22-10-2024,Toys,692.63,22.2,Premium,5052.76,33
23-10-2024,Fashion,679.75,31.31,Premium,787.0,47
24-10-2024,Electronics,223.52,24.44,Premium,989.78,40
25-10-2024,Home Decor,662.3,20.09,Occasional,6049.03,28
26-10-2024,Home Decor,399.93,49.69,Occasional,3475.49,30
27-10-2024,Electronics,654.72,44.02,Premium,9180.95,28
28-10-2024,Toys,115.53,31.17,Regular,4125.25,37
29-10-2024,Electronics,661.27,28.47,Premium,1518.49,34
30-10-2024,Fashion,999.42,31.03,Occasional,7175.72,25
31-10-2024,Electronics,57.73,10.07,Premium,3004.2,32
01-11-2024,Home Decor,977.4,19.76,Occasional,5302.16,24
02-11-2024,Electronics,412.84,1.97,Occasional,7008.54,27
03-11-2024,Toys,872.05,23.78,Occasional,9012.61,29
04-11-2024,Sports,784.56,27.15,Premium,7942.69,34
05-11-2024,Electronics,571.35,11.39,Occasional,6795.97,28
06-11-2024,Toys,741.06,48.2,Occasional,6828.37,46
07-11-2024,Toys,879.73,45.47,Premium,9464.65,27
08-11-2024,Home Decor,410.1,36.11,Occasional,3028.66,30
09-11-2024,Toys,333.76,26.67,Premium,111.01,28
10-11-2024,Toys,670.92,43.5,Occasional,2792.35,35
11-11-2024,Toys,809.77,6.53,Regular,2257.12,39
12-11-2024,Toys,764.66,39.53,Regular,6652.16,46
13-11-2024,Fashion,799.84,6.24,Occasional,6373.74,40
14-11-2024,Fashion,441.23,39.71,Regular,5975.27,38
15-11-2024,Home Decor,819.66,13.79,Premium,260.81,37
16-11-2024,Electronics,129.01,43.85,Regular,7314.9,34
17-11-2024,Toys,549.04,47.2,Occasional,3302.95,24
18-11-2024,Electronics,15.7,7.44,Occasional,6684.05,18
19-11-2024,Electronics,331.34,23.13,Premium,5610.13,30
20-11-2024,Home Decor,372.8,49.05,Occasional,3493.04,28
21-11-2024,Toys,402.21,24.17,Premium,1432.31,32
22-11-2024,Toys,698.51,43.18,Regular,1034.75,24
23-11-2024,Sports,394.67,29.44,Regular,8332.03,17
24-11-2024,Electronics,454.21,18.77,Premium,9192.14,36
25-11-2024,Electronics,245.17,14.29,Premium,6532.9,23
26-11-2024,Fashion,379.52,10.16,Occasional,1124.0,31
27-11-2024,Sports,235.0,38.09,Regular,4080.07,30
28-11-2024,Fashion,82.46,19.33,Premium,7316.5,22
29-11-2024,Fashion,607.41,25.56,Regular,7820.23,19
30-11-2024,Fashion,671.53,24.62,Premium,1270.36,41
01-12-2024,Home Decor,623.3,28.86,Regular,100.3,28
02-12-2024,Home Decor,468.86,43.28,Occasional,7150.16,26
03-12-2024,Fashion,385.99,49.04,Regular,3630.3,33
04-12-2024,Sports,864.7,20.38,Regular,2619.37,28
05-12-2024,Electronics,523.89,41.38,Regular,227.68,32
06-12-2024,Sports,484.39,38.23,Regular,5448.96,36
07-12-2024,Toys,35.39,28.68,Regular,8526.39,30
08-12-2024,Home Decor,347.84,47.8,Occasional,9580.55,16
09-12-2024,Electronics,386.39,10.02,Premium,5700.88,38
10-12-2024,Electronics,404.83,5.46,Regular,5193.17,42
11-12-2024,Toys,584.37,42.7,Occasional,942.06,20
12-12-2024,Toys,538.27,21.96,Regular,5533.84,32
13-12-2024,Fashion,611.83,42.35,Regular,3861.79,26
14-12-2024,Home Decor,767.23,44.65,Premium,6110.64,22
15-12-2024,Home Decor,814.86,3.12,Regular,3948.39,32
16-12-2024,Sports,720.94,44.17,Occasional,2478.96,45
17-12-2024,Fashion,955.97,22.42,Occasional,1040.16,25
18-12-2024,Fashion,28.05,25.52,Premium,3217.69,28
19-12-2024,Fashion,203.82,31.33,Regular,1056.78,22
20-12-2024,Fashion,17.49,46.32,Occasional,1851.28,19
21-12-2024,Home Decor,651.0,0.96,Regular,9874.63,47
22-12-2024,Home Decor,899.05,23.84,Regular,4496.63,35
23-12-2024,Fashion,251.05,34.39,Regular,5365.53,13
24-12-2024,Sports,927.76,36.14,Premium,8748.82,28
25-12-2024,Electronics,69.66,34.63,Regular,9956.13,22
26-12-2024,Electronics,935.09,6.72,Occasional,5868.87,41
27-12-2024,Sports,358.11,14.97,Regular,8143.49,29
28-12-2024,Fashion,110.41,17.94,Occasional,3336.72,47
29-12-2024,Home Decor,491.01,40.22,Regular,3126.87,19
30-12-2024,Electronics,264.21,13.94,Occasional,4086.77,21
31-12-2024,Toys,292.02,10.54,Occasional,6757.82,38
01-01-2025,Toys,314.22,47.87,Regular,6853.7,46
02-01-2025,Sports,805.0,0.44,Regular,3220.87,25
03-01-2025,Fashion,543.77,49.89,Occasional,1418.78,15
04-01-2025,Electronics,318.19,33.84,Premium,6360.72,19
05-01-2025,Fashion,614.23,41.42,Regular,1370.43,26
06-01-2025,Electronics,718.99,14.73,Premium,5827.08,36
07-01-2025,Sports,279.9,0.72,Regular,6964.88,26
08-01-2025,Sports,419.41,36.89,Regular,7036.05,31
09-01-2025,Toys,130.67,41.71,Regular,7559.37,31
10-01-2025,Fashion,189.34,37.02,Regular,8741.31,25
11-01-2025,Toys,684.31,7.14,Premium,5049.59,27
12-01-2025,Fashion,189.62,37.67,Regular,7329.47,31
13-01-2025,Toys,529.91,38.45,Occasional,6229.81,24
14-01-2025,Home Decor,711.96,32.93,Occasional,1947.74,27
15-01-2025,Home Decor,115.81,38.31,Premium,354.33,36
16-01-2025,Home Decor,571.64,42.3,Regular,2916.96,15
17-01-2025,Home Decor,264.0,30.68,Occasional,4486.03,26
18-01-2025,Electronics,963.3,4.43,Premium,6209.35,31
19-01-2025,Home Decor,488.71,24.38,Regular,8514.6,43
20-01-2025,Sports,807.93,3.88,Occasional,2042.83,24
21-01-2025,Sports,554.72,20.38,Occasional,1342.94,15
22-01-2025,Electronics,52.98,20.36,Premium,9638.45,25
23-01-2025,Home Decor,636.82,3.3,Regular,1169.64,32
24-01-2025,Home Decor,951.89,17.44,Regular,4837.06,36
25-01-2025,Home Decor,605.6,5.55,Occasional,5897.08,33
26-01-2025,Toys,821.0,40.41,Occasional,5459.61,17
27-01-2025,Fashion,885.36,47.38,Occasional,951.72,39
28-01-2025,Toys,235.8,3.62,Regular,664.57,40
29-01-2025,Fashion,219.92,47.76,Premium,1144.29,36
30-01-2025,Home Decor,614.87,26.13,Premium,5897.32,29
31-01-2025,Home Decor,416.92,14.98,Regular,5489.01,28
01-02-2025,Toys,841.46,3.84,Premium,2414.03,37
02-02-2025,Toys,901.02,25.03,Occasional,6413.96,34
03-02-2025,Fashion,359.89,39.73,Premium,8218.67,36
04-02-2025,Sports,244.5,35.35,Premium,511.63,30
05-02-2025,Fashion,782.72,2.51,Premium,5031.49,24
06-02-2025,Toys,282.06,3.65,Occasional,6924.17,28
07-02-2025,Toys,824.39,20.14,Regular,2597.89,31
08-02-2025,Electronics,429.5,14.76,Occasional,3146.93,41
09-02-2025,Toys,670.87,11.62,Regular,6175.02,21
10-02-2025,Electronics,104.58,14.05,Regular,8989.56,18
11-02-2025,Sports,627.62,40.17,Regular,8118.25,21
12-02-2025,Fashion,457.25,46.46,Premium,5872.99,28
13-02-2025,Fashion,590.74,20.26,Premium,7329.2,27
14-02-2025,Electronics,176.33,45.31,Regular,3711.74,27
15-02-2025,Fashion,739.51,16.07,Regular,6445.56,28
16-02-2025,Toys,864.17,23.82,Premium,4715.2,35
17-02-2025,Home Decor,224.57,11.3,Occasional,1980.37,20
18-02-2025,Electronics,104.76,32.02,Regular,7047.21,34
19-02-2025,Fashion,33.4,48.95,Occasional,5609.0,31
20-02-2025,Electronics,645.55,30.17,Premium,3650.35,34
21-02-2025,Electronics,611.02,17.89,Regular,9122.26,38
22-02-2025,Home Decor,551.23,32.39,Occasional,307.25,30
23-02-2025,Toys,239.63,6.15,Occasional,3226.15,25
24-02-2025,Electronics,397.0,44.43,Occasional,663.13,28
25-02-2025,Fashion,598.53,25.15,Premium,7688.62,40
26-02-2025,Sports,501.8,22.47,Premium,7050.86,25
27-02-2025,Electronics,987.91,29.29,Occasional,3380.39,22
28-02-2025,Electronics,145.08,31.24,Occasional,6789.06,28
01-03-2025,Home Decor,698.19,3.59,Premium,4019.78,24
02-03-2025,Toys,410.28,34.13,Occasional,7586.91,32
03-03-2025,Sports,433.92,12.1,Occasional,4596.42,15
04-03-2025,Fashion,720.42,35.7,Premium,4181.57,32
05-03-2025,Sports,695.51,41.13,Occasional,9353.83,37
06-03-2025,Fashion,991.34,40.2,Occasional,2583.7,31
07-03-2025,Toys,137.11,27.63,Occasional,1292.43,27
08-03-2025,Fashion,113.07,26.01,Premium,5886.98,19
09-03-2025,Home Decor,727.1,7.14,Occasional,9696.29,31
10-03-2025,Home Decor,582.6,38.77,Premium,3840.61,32
11-03-2025,Home Decor,281.42,13.57,Premium,714.16,23
12-03-2025,Home Decor,88.63,24.83,Regular,3459.12,24
13-03-2025,Sports,94.8,14.21,Regular,5108.72,36
14-03-2025,Toys,895.25,6.69,Occasional,1703.04,31
15-03-2025,Fashion,199.95,31.48,Premium,6615.21,36
16-03-2025,Fashion,330.14,2.72,Regular,9977.72,34
17-03-2025,Home Decor,234.39,37.43,Occasional,4572.22,28
18-03-2025,Home Decor,361.45,15.88,Regular,3611.81,32
19-03-2025,Electronics,78.73,0.01,Regular,4066.97,37
20-03-2025,Toys,523.87,25.56,Premium,1239.95,34
21-03-2025,Sports,76.94,2.34,Premium,8844.41,36
22-03-2025,Fashion,802.35,13.81,Regular,4206.77,18
23-03-2025,Electronics,241.37,35.35,Regular,3934.02,29
24-03-2025,Electronics,544.61,3.13,Premium,6630.93,22
25-03-2025,Fashion,881.28,41.97,Occasional,4476.13,45
26-03-2025,Sports,654.37,0.19,Premium,6517.51,33
27-03-2025,Electronics,537.63,12.34,Regular,708.32,33
28-03-2025,Electronics,331.09,37.05,Occasional,8155.86,40
29-03-2025,Toys,339.67,15.81,Regular,9410.99,30
30-03-2025,Sports,672.79,5.09,Occasional,6522.78,39
31-03-2025,Electronics,994.2,18.01,Regular,9550.2,28
01-04-2025,Sports,665.22,13.52,Occasional,1599.18,30
02-04-2025,Fashion,562.21,42.14,Occasional,4826.42,30
03-04-2025,Home Decor,733.34,15.67,Regular,6057.89,37
04-04-2025,Electronics,470.55,39.45,Occasional,5859.19,31
05-04-2025,Toys,69.54,44.59,Premium,4074.47,33
06-04-2025,Fashion,566.67,21.69,Regular,3447.04,18
07-04-2025,Sports,958.05,45.5,Premium,1355.56,31
08-04-2025,Fashion,183.55,18.87,Regular,3978.25,31
09-04-2025,Electronics,693.1,48.2,Occasional,1710.34,25
10-04-2025,Sports,208.92,4.46,Occasional,7370.22,22
11-04-2025,Home Decor,540.47,34.35,Occasional,2167.43,27
12-04-2025,Fashion,105.71,24.69,Regular,679.8,19
13-04-2025,Electronics,455.87,19.38,Premium,5568.42,28
14-04-2025,Toys,758.6,31.64,Premium,5992.77,34
15-04-2025,Sports,354.1,35.19,Regular,8731.94,28
16-04-2025,Fashion,668.26,0.22,Regular,5812.12,23
17-04-2025,Fashion,797.5,8.35,Premium,3520.26,23
18-04-2025,Home Decor,927.91,35.65,Premium,8049.82,28
19-04-2025,Home Decor,242.3,33.32,Premium,5448.76,22
20-04-2025,Toys,405.32,48.3,Premium,884.87,36
21-04-2025,Toys,160.89,38.05,Regular,5701.92,36
22-04-2025,Electronics,992.56,47.54,Regular,9089.38,40
23-04-2025,Electronics,927.73,35.13,Occasional,4023.49,19
24-04-2025,Toys,544.56,14.9,Premium,3033.63,33
25-04-2025,Toys,843.61,5.27,Occasional,1520.35,31
26-04-2025,Sports,525.75,39.09,Regular,1599.31,29
27-04-2025,Home Decor,627.35,32.21,Regular,4384.44,29
28-04-2025,Electronics,98.23,2.41,Occasional,5997.23,31
29-04-2025,Home Decor,757.72,18.0,Premium,898.09,26
30-04-2025,Home Decor,136.44,47.84,Premium,9401.73,34
01-05-2025,Toys,827.81,25.02,Premium,7575.82,32
02-05-2025,Sports,784.21,21.64,Premium,5907.58,20
03-05-2025,Fashion,711.66,22.88,Occasional,8301.54,33
04-05-2025,Sports,45.8,10.44,Occasional,893.85,34
05-05-2025,Sports,310.1,18.44,Regular,4820.7,35
06-05-2025,Home Decor,270.48,18.49,Premium,6337.92,35
07-05-2025,Sports,366.54,2.62,Premium,8303.66,29
08-05-2025,Electronics,96.77,38.38,Premium,7856.35,27
09-05-2025,Home Decor,937.59,20.83,Occasional,2842.99,29
10-05-2025,Electronics,558.26,41.11,Premium,9414.71,20
11-05-2025,Fashion,312.47,42.52,Occasional,1331.02,39
12-05-2025,Home Decor,403.01,10.6,Premium,8763.82,39
13-05-2025,Fashion,452.73,32.87,Premium,9712.31,21
14-05-2025,Home Decor,604.59,23.61,Regular,1853.82,37
15-05-2025,Toys,520.52,44.01,Premium,7248.45,25
16-05-2025,Sports,920.2,10.79,Premium,498.83,29
17-05-2025,Toys,501.99,33.89,Regular,4113.69,24
18-05-2025,Fashion,992.24,30.39,Occasional,5211.2,37
19-05-2025,Sports,852.91,14.77,Occasional,5848.39,28
20-05-2025,Home Decor,216.43,6.83,Premium,9365.78,32
21-05-2025,Sports,931.29,32.58,Occasional,6755.28,38
22-05-2025,Electronics,125.2,36.93,Premium,4864.65,40
23-05-2025,Sports,819.28,15.78,Regular,8115.78,23
24-05-2025,Electronics,386.82,32.24,Regular,9510.27,28
25-05-2025,Sports,879.19,19.76,Premium,318.45,27
26-05-2025,Electronics,869.38,35.66,Regular,9826.96,27
27-05-2025,Fashion,807.87,9.96,Regular,952.71,26
28-05-2025,Toys,792.13,44.51,Premium,8162.43,42
29-05-2025,Home Decor,311.63,14.37,Premium,2875.31,26
30-05-2025,Sports,90.11,18.39,Regular,1408.58,32
31-05-2025,Toys,408.95,2.9,Occasional,4454.57,39
01-06-2025,Home Decor,181.79,5.58,Occasional,6475.17,18
02-06-2025,Home Decor,698.0,25.79,Premium,3871.42,29
03-06-2025,Electronics,352.64,13.38,Premium,640.2,18
04-06-2025,Fashion,975.85,41.77,Occasional,6034.67,38
05-06-2025,Fashion,644.56,0.73,Regular,9033.79,33
06-06-2025,Toys,824.26,18.95,Occasional,3893.83,23
07-06-2025,Fashion,141.2,16.87,Occasional,2241.69,30
08-06-2025,Sports,863.39,0.97,Occasional,4481.52,26
09-06-2025,Fashion,923.53,6.22,Occasional,578.79,42
10-06-2025,Toys,492.19,20.68,Premium,8222.83,32
11-06-2025,Fashion,610.19,24.64,Premium,8280.77,25
12-06-2025,Sports,767.16,20.21,Regular,5921.2,22
13-06-2025,Electronics,183.09,26.55,Regular,3595.72,35
14-06-2025,Toys,507.54,29.76,Regular,8017.86,22
15-06-2025,Electronics,404.68,0.5,Regular,5591.4,30
16-06-2025,Electronics,154.91,23.2,Occasional,8276.73,39
17-06-2025,Electronics,373.86,48.17,Premium,6351.44,34
18-06-2025,Home Decor,77.49,25.95,Premium,7865.61,32
