Date,Country/Region,Confirmed,Deaths,Recovered,Active,New cases,New deaths,New recovered,WHO Region
2020-01-22,Afghanistan,0,0,0,0,0,0,0,Eastern Mediterranean
2020-01-22,Albania,0,0,0,0,0,0,0,Europe
2020-01-22,Algeria,0,0,0,0,0,0,0,Africa
2020-01-22,Andorra,0,0,0,0,0,0,0,Europe
2020-01-22,Angola,0,0,0,0,0,0,0,Africa
2020-01-22,Antigua and Barbuda,0,0,0,0,0,0,0,Americas
2020-01-22,Argentina,0,0,0,0,0,0,0,Americas
2020-01-22,Armenia,0,0,0,0,0,0,0,Europe
2020-01-22,Australia,0,0,0,0,0,0,0,Western Pacific
2020-01-22,Austria,0,0,0,0,0,0,0,Europe
2020-01-22,Azerbaijan,0,0,0,0,0,0,0,Europe
2020-01-22,Bahamas,0,0,0,0,0,0,0,Americas
2020-01-22,Bahrain,0,0,0,0,0,0,0,Eastern Mediterranean
2020-01-22,Bangladesh,0,0,0,0,0,0,0,South-East Asia
2020-01-22,Barbados,0,0,0,0,0,0,0,Americas
2020-01-22,Belarus,0,0,0,0,0,0,0,Europe
2020-01-22,Belgium,0,0,0,0,0,0,0,Europe
2020-01-22,Belize,0,0,0,0,0,0,0,Americas
2020-01-22,Benin,0,0,0,0,0,0,0,Africa
2020-01-22,Bhutan,0,0,0,0,0,0,0,South-East Asia
2020-01-22,Bolivia,0,0,0,0,0,0,0,Americas
2020-01-22,Bosnia and Herzegovina,0,0,0,0,0,0,0,Europe
2020-01-22,Botswana,0,0,0,0,0,0,0,Africa
2020-01-22,Brazil,0,0,0,0,0,0,0,Americas
2020-01-22,Brunei,0,0,0,0,0,0,0,Western Pacific
2020-01-22,Bulgaria,0,0,0,0,0,0,0,Europe
2020-01-22,Burkina Faso,0,0,0,0,0,0,0,Africa
2020-01-22,Burma,0,0,0,0,0,0,0,South-East Asia
2020-01-22,Burundi,0,0,0,0,0,0,0,Africa
2020-01-22,Cabo Verde,0,0,0,0,0,0,0,Africa
2020-01-22,Cambodia,0,0,0,0,0,0,0,Western Pacific
2020-01-22,Cameroon,0,0,0,0,0,0,0,Africa
2020-01-22,Canada,0,0,0,0,0,0,0,Americas
2020-01-22,Central African Republic,0,0,0,0,0,0,0,Africa
2020-01-22,Chad,0,0,0,0,0,0,0,Africa
2020-01-22,Chile,0,0,0,0,0,0,0,Americas
2020-01-22,China,548,17,28,503,0,0,0,Western Pacific
2020-01-22,Colombia,0,0,0,0,0,0,0,Americas
2020-01-22,Comoros,0,0,0,0,0,0,0,Africa
2020-01-22,Congo (Brazzaville),0,0,0,0,0,0,0,Africa
2020-01-22,Congo (Kinshasa),0,0,0,0,0,0,0,Africa
2020-01-22,Costa Rica,0,0,0,0,0,0,0,Americas
2020-01-22,Cote d'Ivoire,0,0,0,0,0,0,0,Africa
2020-01-22,Croatia,0,0,0,0,0,0,0,Europe
2020-01-22,Cuba,0,0,0,0,0,0,0,Americas
2020-01-22,Cyprus,0,0,0,0,0,0,0,Europe
2020-01-22,Czechia,0,0,0,0,0,0,0,Europe
2020-01-22,Denmark,0,0,0,0,0,0,0,Europe
2020-01-22,Djibouti,0,0,0,0,0,0,0,Eastern Mediterranean
2020-01-22,Dominica,0,0,0,0,0,0,0,Americas
2020-01-22,Dominican Republic,0,0,0,0,0,0,0,Americas
2020-01-22,Ecuador,0,0,0,0,0,0,0,Americas
2020-01-22,Egypt,0,0,0,0,0,0,0,Eastern Mediterranean
2020-01-22,El Salvador,0,0,0,0,0,0,0,Americas
2020-01-22,Equatorial Guinea,0,0,0,0,0,0,0,Africa
2020-01-22,Eritrea,0,0,0,0,0,0,0,Africa
2020-01-22,Estonia,0,0,0,0,0,0,0,Europe
2020-01-22,Eswatini,0,0,0,0,0,0,0,Africa
2020-01-22,Ethiopia,0,0,0,0,0,0,0,Africa
2020-01-22,Fiji,0,0,0,0,0,0,0,Western Pacific
2020-01-22,Finland,0,0,0,0,0,0,0,Europe
2020-01-22,France,0,0,0,0,0,0,0,Europe
2020-01-22,Gabon,0,0,0,0,0,0,0,Africa
2020-01-22,Gambia,0,0,0,0,0,0,0,Africa
2020-01-22,Georgia,0,0,0,0,0,0,0,Europe
2020-01-22,Germany,0,0,0,0,0,0,0,Europe
2020-01-22,Ghana,0,0,0,0,0,0,0,Africa
2020-01-22,Greece,0,0,0,0,0,0,0,Europe
2020-01-22,Greenland,0,0,0,0,0,0,0,Europe
2020-01-22,Grenada,0,0,0,0,0,0,0,Americas
2020-01-22,Guatemala,0,0,0,0,0,0,0,Americas
2020-01-22,Guinea,0,0,0,0,0,0,0,Africa
2020-01-22,Guinea-Bissau,0,0,0,0,0,0,0,Africa
2020-01-22,Guyana,0,0,0,0,0,0,0,Americas
2020-01-22,Haiti,0,0,0,0,0,0,0,Americas
2020-01-22,Holy See,0,0,0,0,0,0,0,Europe
2020-01-22,Honduras,0,0,0,0,0,0,0,Americas
2020-01-22,Hungary,0,0,0,0,0,0,0,Europe
2020-01-22,Iceland,0,0,0,0,0,0,0,Europe
2020-01-22,India,0,0,0,0,0,0,0,South-East Asia
2020-01-22,Indonesia,0,0,0,0,0,0,0,South-East Asia
2020-01-22,Iran,0,0,0,0,0,0,0,Eastern Mediterranean
2020-01-22,Iraq,0,0,0,0,0,0,0,Eastern Mediterranean
2020-01-22,Ireland,0,0,0,0,0,0,0,Europe
2020-01-22,Israel,0,0,0,0,0,0,0,Europe
2020-01-22,Italy,0,0,0,0,0,0,0,Europe
2020-01-22,Jamaica,0,0,0,0,0,0,0,Americas
2020-01-22,Japan,2,0,0,2,0,0,0,Western Pacific
2020-01-22,Jordan,0,0,0,0,0,0,0,Eastern Mediterranean
2020-01-22,Kazakhstan,0,0,0,0,0,0,0,Europe
2020-01-22,Kenya,0,0,0,0,0,0,0,Africa
2020-01-22,Kosovo,0,0,0,0,0,0,0,Europe
2020-01-22,Kuwait,0,0,0,0,0,0,0,Eastern Mediterranean
2020-01-22,Kyrgyzstan,0,0,0,0,0,0,0,Europe
2020-01-22,Laos,0,0,0,0,0,0,0,Western Pacific
2020-01-22,Latvia,0,0,0,0,0,0,0,Europe
2020-01-22,Lebanon,0,0,0,0,0,0,0,Eastern Mediterranean
2020-01-22,Lesotho,0,0,0,0,0,0,0,Africa
2020-01-22,Liberia,0,0,0,0,0,0,0,Africa
2020-01-22,Libya,0,0,0,0,0,0,0,Eastern Mediterranean
2020-01-22,Liechtenstein,0,0,0,0,0,0,0,Europe
2020-01-22,Lithuania,0,0,0,0,0,0,0,Europe
2020-01-22,Luxembourg,0,0,0,0,0,0,0,Europe
2020-01-22,Madagascar,0,0,0,0,0,0,0,Africa
2020-01-22,Malawi,0,0,0,0,0,0,0,Africa
2020-01-22,Malaysia,0,0,0,0,0,0,0,Western Pacific
2020-01-22,Maldives,0,0,0,0,0,0,0,South-East Asia
2020-01-22,Mali,0,0,0,0,0,0,0,Africa
2020-01-22,Malta,0,0,0,0,0,0,0,Europe
2020-01-22,Mauritania,0,0,0,0,0,0,0,Africa
2020-01-22,Mauritius,0,0,0,0,0,0,0,Africa
2020-01-22,Mexico,0,0,0,0,0,0,0,Americas
2020-01-22,Moldova,0,0,0,0,0,0,0,Europe
2020-01-22,Monaco,0,0,0,0,0,0,0,Europe
2020-01-22,Mongolia,0,0,0,0,0,0,0,Western Pacific
2020-01-22,Montenegro,0,0,0,0,0,0,0,Europe
2020-01-22,Morocco,0,0,0,0,0,0,0,Eastern Mediterranean
2020-01-22,Mozambique,0,0,0,0,0,0,0,Africa
2020-01-22,Namibia,0,0,0,0,0,0,0,Africa
2020-01-22,Nepal,0,0,0,0,0,0,0,South-East Asia
2020-01-22,Netherlands,0,0,0,0,0,0,0,Europe
2020-01-22,New Zealand,0,0,0,0,0,0,0,Western Pacific
2020-01-22,Nicaragua,0,0,0,0,0,0,0,Americas
2020-01-22,Niger,0,0,0,0,0,0,0,Africa
2020-01-22,Nigeria,0,0,0,0,0,0,0,Africa
2020-01-22,North Macedonia,0,0,0,0,0,0,0,Europe
2020-01-22,Norway,0,0,0,0,0,0,0,Europe
2020-01-22,Oman,0,0,0,0,0,0,0,Eastern Mediterranean
2020-01-22,Pakistan,0,0,0,0,0,0,0,Eastern Mediterranean
2020-01-22,Panama,0,0,0,0,0,0,0,Americas
2020-01-22,Papua New Guinea,0,0,0,0,0,0,0,Western Pacific
2020-01-22,Paraguay,0,0,0,0,0,0,0,Americas
2020-01-22,Peru,0,0,0,0,0,0,0,Americas
2020-01-22,Philippines,0,0,0,0,0,0,0,Western Pacific
2020-01-22,Poland,0,0,0,0,0,0,0,Europe
2020-01-22,Portugal,0,0,0,0,0,0,0,Europe
2020-01-22,Qatar,0,0,0,0,0,0,0,Eastern Mediterranean
2020-01-22,Romania,0,0,0,0,0,0,0,Europe
2020-01-22,Russia,0,0,0,0,0,0,0,Europe
2020-01-22,Rwanda,0,0,0,0,0,0,0,Africa
2020-01-22,Saint Kitts and Nevis,0,0,0,0,0,0,0,Americas
2020-01-22,Saint Lucia,0,0,0,0,0,0,0,Americas
2020-01-22,Saint Vincent and the Grenadines,0,0,0,0,0,0,0,Americas
2020-01-22,San Marino,0,0,0,0,0,0,0,Europe
2020-01-22,Sao Tome and Principe,0,0,0,0,0,0,0,Africa
2020-01-22,Saudi Arabia,0,0,0,0,0,0,0,Eastern Mediterranean
2020-01-22,Senegal,0,0,0,0,0,0,0,Africa
2020-01-22,Serbia,0,0,0,0,0,0,0,Europe
2020-01-22,Seychelles,0,0,0,0,0,0,0,Africa
2020-01-22,Sierra Leone,0,0,0,0,0,0,0,Africa
2020-01-22,Singapore,0,0,0,0,0,0,0,Western Pacific
2020-01-22,Slovakia,0,0,0,0,0,0,0,Europe
2020-01-22,Slovenia,0,0,0,0,0,0,0,Europe
2020-01-22,Somalia,0,0,0,0,0,0,0,Eastern Mediterranean
2020-01-22,South Africa,0,0,0,0,0,0,0,Africa
2020-01-22,South Korea,1,0,0,1,0,0,0,Western Pacific
2020-01-22,South Sudan,0,0,0,0,0,0,0,Africa
2020-01-22,Spain,0,0,0,0,0,0,0,Europe
2020-01-22,Sri Lanka,0,0,0,0,0,0,0,South-East Asia
2020-01-22,Sudan,0,0,0,0,0,0,0,Eastern Mediterranean
2020-01-22,Suriname,0,0,0,0,0,0,0,Americas
2020-01-22,Sweden,0,0,0,0,0,0,0,Europe
2020-01-22,Switzerland,0,0,0,0,0,0,0,Europe
2020-01-22,Syria,0,0,0,0,0,0,0,Eastern Mediterranean
2020-01-22,Taiwan*,1,0,0,1,0,0,0,Western Pacific
2020-01-22,Tajikistan,0,0,0,0,0,0,0,Europe
2020-01-22,Tanzania,0,0,0,0,0,0,0,Africa
2020-01-22,Thailand,2,0,0,2,0,0,0,South-East Asia
2020-01-22,Timor-Leste,0,0,0,0,0,0,0,South-East Asia
2020-01-22,Togo,0,0,0,0,0,0,0,Africa
2020-01-22,Trinidad and Tobago,0,0,0,0,0,0,0,Americas
2020-01-22,Tunisia,0,0,0,0,0,0,0,Eastern Mediterranean
2020-01-22,Turkey,0,0,0,0,0,0,0,Europe
2020-01-22,US,1,0,0,1,0,0,0,Americas
2020-01-22,Uganda,0,0,0,0,0,0,0,Africa
2020-01-22,Ukraine,0,0,0,0,0,0,0,Europe
2020-01-22,United Arab Emirates,0,0,0,0,0,0,0,Eastern Mediterranean
2020-01-22,United Kingdom,0,0,0,0,0,0,0,Europe
2020-01-22,Uruguay,0,0,0,0,0,0,0,Americas
2020-01-22,Uzbekistan,0,0,0,0,0,0,0,Europe
2020-01-22,Venezuela,0,0,0,0,0,0,0,Americas
2020-01-22,Vietnam,0,0,0,0,0,0,0,Western Pacific
2020-01-22,West Bank and Gaza,0,0,0,0,0,0,0,Eastern Mediterranean
2020-01-22,Western Sahara,0,0,0,0,0,0,0,Africa
2020-01-22,Yemen,0,0,0,0,0,0,0,Eastern Mediterranean
2020-01-22,Zambia,0,0,0,0,0,0,0,Africa
2020-01-22,Zimbabwe,0,0,0,0,0,0,0,Africa
2020-01-23,Afghanistan,0,0,0,0,0,0,0,Eastern Mediterranean
2020-01-23,Albania,0,0,0,0,0,0,0,Europe
2020-01-23,Algeria,0,0,0,0,0,0,0,Africa
2020-01-23,Andorra,0,0,0,0,0,0,0,Europe
2020-01-23,Angola,0,0,0,0,0,0,0,Africa
2020-01-23,Antigua and Barbuda,0,0,0,0,0,0,0,Americas
2020-01-23,Argentina,0,0,0,0,0,0,0,Americas
2020-01-23,Armenia,0,0,0,0,0,0,0,Europe
2020-01-23,Australia,0,0,0,0,0,0,0,Western Pacific
2020-01-23,Austria,0,0,0,0,0,0,0,Europe
2020-01-23,Azerbaijan,0,0,0,0,0,0,0,Europe
2020-01-23,Bahamas,0,0,0,0,0,0,0,Americas
2020-01-23,Bahrain,0,0,0,0,0,0,0,Eastern Mediterranean
2020-01-23,Bangladesh,0,0,0,0,0,0,0,South-East Asia
2020-01-23,Barbados,0,0,0,0,0,0,0,Americas
2020-01-23,Belarus,0,0,0,0,0,0,0,Europe
2020-01-23,Belgium,0,0,0,0,0,0,0,Europe
2020-01-23,Belize,0,0,0,0,0,0,0,Americas
2020-01-23,Benin,0,0,0,0,0,0,0,Africa
2020-01-23,Bhutan,0,0,0,0,0,0,0,South-East Asia
2020-01-23,Bolivia,0,0,0,0,0,0,0,Americas
2020-01-23,Bosnia and Herzegovina,0,0,0,0,0,0,0,Europe
2020-01-23,Botswana,0,0,0,0,0,0,0,Africa
2020-01-23,Brazil,0,0,0,0,0,0,0,Americas
2020-01-23,Brunei,0,0,0,0,0,0,0,Western Pacific
2020-01-23,Bulgaria,0,0,0,0,0,0,0,Europe
2020-01-23,Burkina Faso,0,0,0,0,0,0,0,Africa
2020-01-23,Burma,0,0,0,0,0,0,0,South-East Asia
2020-01-23,Burundi,0,0,0,0,0,0,0,Africa
2020-01-23,Cabo Verde,0,0,0,0,0,0,0,Africa
2020-01-23,Cambodia,0,0,0,0,0,0,0,Western Pacific
2020-01-23,Cameroon,0,0,0,0,0,0,0,Africa
2020-01-23,Canada,0,0,0,0,0,0,0,Americas
2020-01-23,Central African Republic,0,0,0,0,0,0,0,Africa
2020-01-23,Chad,0,0,0,0,0,0,0,Africa
2020-01-23,Chile,0,0,0,0,0,0,0,Americas
2020-01-23,China,643,18,30,595,95,1,2,Western Pacific
2020-01-23,Colombia,0,0,0,0,0,0,0,Americas
2020-01-23,Comoros,0,0,0,0,0,0,0,Africa
2020-01-23,Congo (Brazzaville),0,0,0,0,0,0,0,Africa
2020-01-23,Congo (Kinshasa),0,0,0,0,0,0,0,Africa
2020-01-23,Costa Rica,0,0,0,0,0,0,0,Americas
2020-01-23,Cote d'Ivoire,0,0,0,0,0,0,0,Africa
2020-01-23,Croatia,0,0,0,0,0,0,0,Europe
2020-01-23,Cuba,0,0,0,0,0,0,0,Americas
2020-01-23,Cyprus,0,0,0,0,0,0,0,Europe
2020-01-23,Czechia,0,0,0,0,0,0,0,Europe
2020-01-23,Denmark,0,0,0,0,0,0,0,Europe
2020-01-23,Djibouti,0,0,0,0,0,0,0,Eastern Mediterranean
2020-01-23,Dominica,0,0,0,0,0,0,0,Americas
2020-01-23,Dominican Republic,0,0,0,0,0,0,0,Americas
2020-01-23,Ecuador,0,0,0,0,0,0,0,Americas
2020-01-23,Egypt,0,0,0,0,0,0,0,Eastern Mediterranean
2020-01-23,El Salvador,0,0,0,0,0,0,0,Americas
2020-01-23,Equatorial Guinea,0,0,0,0,0,0,0,Africa
2020-01-23,Eritrea,0,0,0,0,0,0,0,Africa
2020-01-23,Estonia,0,0,0,0,0,0,0,Europe
2020-01-23,Eswatini,0,0,0,0,0,0,0,Africa
2020-01-23,Ethiopia,0,0,0,0,0,0,0,Africa
2020-01-23,Fiji,0,0,0,0,0,0,0,Western Pacific
2020-01-23,Finland,0,0,0,0,0,0,0,Europe
2020-01-23,France,0,0,0,0,0,0,0,Europe
2020-01-23,Gabon,0,0,0,0,0,0,0,Africa
2020-01-23,Gambia,0,0,0,0,0,0,0,Africa
2020-01-23,Georgia,0,0,0,0,0,0,0,Europe
2020-01-23,Germany,0,0,0,0,0,0,0,Europe
2020-01-23,Ghana,0,0,0,0,0,0,0,Africa
2020-01-23,Greece,0,0,0,0,0,0,0,Europe
2020-01-23,Greenland,0,0,0,0,0,0,0,Europe
2020-01-23,Grenada,0,0,0,0,0,0,0,Americas
2020-01-23,Guatemala,0,0,0,0,0,0,0,Americas
2020-01-23,Guinea,0,0,0,0,0,0,0,Africa
2020-01-23,Guinea-Bissau,0,0,0,0,0,0,0,Africa
2020-01-23,Guyana,0,0,0,0,0,0,0,Americas
2020-01-23,Haiti,0,0,0,0,0,0,0,Americas
2020-01-23,Holy See,0,0,0,0,0,0,0,Europe
2020-01-23,Honduras,0,0,0,0,0,0,0,Americas
2020-01-23,Hungary,0,0,0,0,0,0,0,Europe
2020-01-23,Iceland,0,0,0,0,0,0,0,Europe
2020-01-23,India,0,0,0,0,0,0,0,South-East Asia
2020-01-23,Indonesia,0,0,0,0,0,0,0,South-East Asia
2020-01-23,Iran,0,0,0,0,0,0,0,Eastern Mediterranean
2020-01-23,Iraq,0,0,0,0,0,0,0,Eastern Mediterranean
2020-01-23,Ireland,0,0,0,0,0,0,0,Europe
2020-01-23,Israel,0,0,0,0,0,0,0,Europe
2020-01-23,Italy,0,0,0,0,0,0,0,Europe
2020-01-23,Jamaica,0,0,0,0,0,0,0,Americas
2020-01-23,Japan,2,0,0,2,0,0,0,Western Pacific
2020-01-23,Jordan,0,0,0,0,0,0,0,Eastern Mediterranean
2020-01-23,Kazakhstan,0,0,0,0,0,0,0,Europe
2020-01-23,Kenya,0,0,0,0,0,0,0,Africa
2020-01-23,Kosovo,0,0,0,0,0,0,0,Europe
2020-01-23,Kuwait,0,0,0,0,0,0,0,Eastern Mediterranean
2020-01-23,Kyrgyzstan,0,0,0,0,0,0,0,Europe
2020-01-23,Laos,0,0,0,0,0,0,0,Western Pacific
2020-01-23,Latvia,0,0,0,0,0,0,0,Europe
2020-01-23,Lebanon,0,0,0,0,0,0,0,Eastern Mediterranean
2020-01-23,Lesotho,0,0,0,0,0,0,0,Africa
2020-01-23,Liberia,0,0,0,0,0,0,0,Africa
2020-01-23,Libya,0,0,0,0,0,0,0,Eastern Mediterranean
2020-01-23,Liechtenstein,0,0,0,0,0,0,0,Europe
2020-01-23,Lithuania,0,0,0,0,0,0,0,Europe
2020-01-23,Luxembourg,0,0,0,0,0,0,0,Europe
2020-01-23,Madagascar,0,0,0,0,0,0,0,Africa
2020-01-23,Malawi,0,0,0,0,0,0,0,Africa
2020-01-23,Malaysia,0,0,0,0,0,0,0,Western Pacific
2020-01-23,Maldives,0,0,0,0,0,0,0,South-East Asia
2020-01-23,Mali,0,0,0,0,0,0,0,Africa
2020-01-23,Malta,0,0,0,0,0,0,0,Europe
2020-01-23,Mauritania,0,0,0,0,0,0,0,Africa
2020-01-23,Mauritius,0,0,0,0,0,0,0,Africa
2020-01-23,Mexico,0,0,0,0,0,0,0,Americas
2020-01-23,Moldova,0,0,0,0,0,0,0,Europe
2020-01-23,Monaco,0,0,0,0,0,0,0,Europe
2020-01-23,Mongolia,0,0,0,0,0,0,0,Western Pacific
2020-01-23,Montenegro,0,0,0,0,0,0,0,Europe
2020-01-23,Morocco,0,0,0,0,0,0,0,Eastern Mediterranean
2020-01-23,Mozambique,0,0,0,0,0,0,0,Africa
2020-01-23,Namibia,0,0,0,0,0,0,0,Africa
2020-01-23,Nepal,0,0,0,0,0,0,0,South-East Asia
2020-01-23,Netherlands,0,0,0,0,0,0,0,Europe
2020-01-23,New Zealand,0,0,0,0,0,0,0,Western Pacific
2020-01-23,Nicaragua,0,0,0,0,0,0,0,Americas
2020-01-23,Niger,0,0,0,0,0,0,0,Africa
2020-01-23,Nigeria,0,0,0,0,0,0,0,Africa
2020-01-23,North Macedonia,0,0,0,0,0,0,0,Europe
2020-01-23,Norway,0,0,0,0,0,0,0,Europe
2020-01-23,Oman,0,0,0,0,0,0,0,Eastern Mediterranean
2020-01-23,Pakistan,0,0,0,0,0,0,0,Eastern Mediterranean
2020-01-23,Panama,0,0,0,0,0,0,0,Americas
2020-01-23,Papua New Guinea,0,0,0,0,0,0,0,Western Pacific
2020-01-23,Paraguay,0,0,0,0,0,0,0,Americas
2020-01-23,Peru,0,0,0,0,0,0,0,Americas
2020-01-23,Philippines,0,0,0,0,0,0,0,Western Pacific
2020-01-23,Poland,0,0,0,0,0,0,0,Europe
2020-01-23,Portugal,0,0,0,0,0,0,0,Europe
2020-01-23,Qatar,0,0,0,0,0,0,0,Eastern Mediterranean
2020-01-23,Romania,0,0,0,0,0,0,0,Europe
2020-01-23,Russia,0,0,0,0,0,0,0,Europe
2020-01-23,Rwanda,0,0,0,0,0,0,0,Africa
2020-01-23,Saint Kitts and Nevis,0,0,0,0,0,0,0,Americas
2020-01-23,Saint Lucia,0,0,0,0,0,0,0,Americas
2020-01-23,Saint Vincent and the Grenadines,0,0,0,0,0,0,0,Americas
2020-01-23,San Marino,0,0,0,0,0,0,0,Europe
2020-01-23,Sao Tome and Principe,0,0,0,0,0,0,0,Africa
2020-01-23,Saudi Arabia,0,0,0,0,0,0,0,Eastern Mediterranean
2020-01-23,Senegal,0,0,0,0,0,0,0,Africa
2020-01-23,Serbia,0,0,0,0,0,0,0,Europe
2020-01-23,Seychelles,0,0,0,0,0,0,0,Africa
2020-01-23,Sierra Leone,0,0,0,0,0,0,0,Africa
2020-01-23,Singapore,1,0,0,1,1,0,0,Western Pacific
2020-01-23,Slovakia,0,0,0,0,0,0,0,Europe
2020-01-23,Slovenia,0,0,0,0,0,0,0,Europe
2020-01-23,Somalia,0,0,0,0,0,0,0,Eastern Mediterranean
2020-01-23,South Africa,0,0,0,0,0,0,0,Africa
2020-01-23,South Korea,1,0,0,1,0,0,0,Western Pacific
2020-01-23,South Sudan,0,0,0,0,0,0,0,Africa
2020-01-23,Spain,0,0,0,0,0,0,0,Europe
2020-01-23,Sri Lanka,0,0,0,0,0,0,0,South-East Asia
2020-01-23,Sudan,0,0,0,0,0,0,0,Eastern Mediterranean
2020-01-23,Suriname,0,0,0,0,0,0,0,Americas
2020-01-23,Sweden,0,0,0,0,0,0,0,Europe
2020-01-23,Switzerland,0,0,0,0,0,0,0,Europe
2020-01-23,Syria,0,0,0,0,0,0,0,Eastern Mediterranean
2020-01-23,Taiwan*,1,0,0,1,0,0,0,Western Pacific
2020-01-23,Tajikistan,0,0,0,0,0,0,0,Europe
2020-01-23,Tanzania,0,0,0,0,0,0,0,Africa
2020-01-23,Thailand,3,0,0,3,1,0,0,South-East Asia
2020-01-23,Timor-Leste,0,0,0,0,0,0,0,South-East Asia
2020-01-23,Togo,0,0,0,0,0,0,0,Africa
2020-01-23,Trinidad and Tobago,0,0,0,0,0,0,0,Americas
2020-01-23,Tunisia,0,0,0,0,0,0,0,Eastern Mediterranean
2020-01-23,Turkey,0,0,0,0,0,0,0,Europe
2020-01-23,US,1,0,0,1,0,0,0,Americas
2020-01-23,Uganda,0,0,0,0,0,0,0,Africa
2020-01-23,Ukraine,0,0,0,0,0,0,0,Europe
2020-01-23,United Arab Emirates,0,0,0,0,0,0,0,Eastern Mediterranean
2020-01-23,United Kingdom,0,0,0,0,0,0,0,Europe
2020-01-23,Uruguay,0,0,0,0,0,0,0,Americas
2020-01-23,Uzbekistan,0,0,0,0,0,0,0,Europe
2020-01-23,Venezuela,0,0,0,0,0,0,0,Americas
2020-01-23,Vietnam,2,0,0,2,2,0,0,Western Pacific
2020-01-23,West Bank and Gaza,0,0,0,0,0,0,0,Eastern Mediterranean
2020-01-23,Western Sahara,0,0,0,0,0,0,0,Africa
2020-01-23,Yemen,0,0,0,0,0,0,0,Eastern Mediterranean
2020-01-23,Zambia,0,0,0,0,0,0,0,Africa
2020-01-23,Zimbabwe,0,0,0,0,0,0,0,Africa
2020-01-24,Afghanistan,0,0,0,0,0,0,0,Eastern Mediterranean
2020-01-24,Albania,0,0,0,0,0,0,0,Europe
2020-01-24,Algeria,0,0,0,0,0,0,0,Africa
2020-01-24,Andorra,0,0,0,0,0,0,0,Europe
2020-01-24,Angola,0,0,0,0,0,0,0,Africa
2020-01-24,Antigua and Barbuda,0,0,0,0,0,0,0,Americas
2020-01-24,Argentina,0,0,0,0,0,0,0,Americas
2020-01-24,Armenia,0,0,0,0,0,0,0,Europe
2020-01-24,Australia,0,0,0,0,0,0,0,Western Pacific
2020-01-24,Austria,0,0,0,0,0,0,0,Europe
2020-01-24,Azerbaijan,0,0,0,0,0,0,0,Europe
2020-01-24,Bahamas,0,0,0,0,0,0,0,Americas
2020-01-24,Bahrain,0,0,0,0,0,0,0,Eastern Mediterranean
2020-01-24,Bangladesh,0,0,0,0,0,0,0,South-East Asia
2020-01-24,Barbados,0,0,0,0,0,0,0,Americas
2020-01-24,Belarus,0,0,0,0,0,0,0,Europe
2020-01-24,Belgium,0,0,0,0,0,0,0,Europe
2020-01-24,Belize,0,0,0,0,0,0,0,Americas
2020-01-24,Benin,0,0,0,0,0,0,0,Africa
2020-01-24,Bhutan,0,0,0,0,0,0,0,South-East Asia
2020-01-24,Bolivia,0,0,0,0,0,0,0,Americas
2020-01-24,Bosnia and Herzegovina,0,0,0,0,0,0,0,Europe
2020-01-24,Botswana,0,0,0,0,0,0,0,Africa
2020-01-24,Brazil,0,0,0,0,0,0,0,Americas
2020-01-24,Brunei,0,0,0,0,0,0,0,Western Pacific
2020-01-24,Bulgaria,0,0,0,0,0,0,0,Europe
2020-01-24,Burkina Faso,0,0,0,0,0,0,0,Africa
2020-01-24,Burma,0,0,0,0,0,0,0,South-East Asia
2020-01-24,Burundi,0,0,0,0,0,0,0,Africa
2020-01-24,Cabo Verde,0,0,0,0,0,0,0,Africa
2020-01-24,Cambodia,0,0,0,0,0,0,0,Western Pacific
2020-01-24,Cameroon,0,0,0,0,0,0,0,Africa
2020-01-24,Canada,0,0,0,0,0,0,0,Americas
2020-01-24,Central African Republic,0,0,0,0,0,0,0,Africa
2020-01-24,Chad,0,0,0,0,0,0,0,Africa
2020-01-24,Chile,0,0,0,0,0,0,0,Americas
2020-01-24,China,920,26,36,858,277,8,6,Western Pacific
2020-01-24,Colombia,0,0,0,0,0,0,0,Americas
2020-01-24,Comoros,0,0,0,0,0,0,0,Africa
2020-01-24,Congo (Brazzaville),0,0,0,0,0,0,0,Africa
2020-01-24,Congo (Kinshasa),0,0,0,0,0,0,0,Africa
2020-01-24,Costa Rica,0,0,0,0,0,0,0,Americas
2020-01-24,Cote d'Ivoire,0,0,0,0,0,0,0,Africa
2020-01-24,Croatia,0,0,0,0,0,0,0,Europe
2020-01-24,Cuba,0,0,0,0,0,0,0,Americas
2020-01-24,Cyprus,0,0,0,0,0,0,0,Europe
2020-01-24,Czechia,0,0,0,0,0,0,0,Europe
2020-01-24,Denmark,0,0,0,0,0,0,0,Europe
2020-01-24,Djibouti,0,0,0,0,0,0,0,Eastern Mediterranean
2020-01-24,Dominica,0,0,0,0,0,0,0,Americas
2020-01-24,Dominican Republic,0,0,0,0,0,0,0,Americas
2020-01-24,Ecuador,0,0,0,0,0,0,0,Americas
2020-01-24,Egypt,0,0,0,0,0,0,0,Eastern Mediterranean
2020-01-24,El Salvador,0,0,0,0,0,0,0,Americas
2020-01-24,Equatorial Guinea,0,0,0,0,0,0,0,Africa
2020-01-24,Eritrea,0,0,0,0,0,0,0,Africa
2020-01-24,Estonia,0,0,0,0,0,0,0,Europe
2020-01-24,Eswatini,0,0,0,0,0,0,0,Africa
2020-01-24,Ethiopia,0,0,0,0,0,0,0,Africa
2020-01-24,Fiji,0,0,0,0,0,0,0,Western Pacific
2020-01-24,Finland,0,0,0,0,0,0,0,Europe
2020-01-24,France,2,0,0,2,2,0,0,Europe
2020-01-24,Gabon,0,0,0,0,0,0,0,Africa
2020-01-24,Gambia,0,0,0,0,0,0,0,Africa
2020-01-24,Georgia,0,0,0,0,0,0,0,Europe
2020-01-24,Germany,0,0,0,0,0,0,0,Europe
2020-01-24,Ghana,0,0,0,0,0,0,0,Africa
2020-01-24,Greece,0,0,0,0,0,0,0,Europe
2020-01-24,Greenland,0,0,0,0,0,0,0,Europe
2020-01-24,Grenada,0,0,0,0,0,0,0,Americas
2020-01-24,Guatemala,0,0,0,0,0,0,0,Americas
2020-01-24,Guinea,0,0,0,0,0,0,0,Africa
2020-01-24,Guinea-Bissau,0,0,0,0,0,0,0,Africa
2020-01-24,Guyana,0,0,0,0,0,0,0,Americas
2020-01-24,Haiti,0,0,0,0,0,0,0,Americas
2020-01-24,Holy See,0,0,0,0,0,0,0,Europe
2020-01-24,Honduras,0,0,0,0,0,0,0,Americas
2020-01-24,Hungary,0,0,0,0,0,0,0,Europe
2020-01-24,Iceland,0,0,0,0,0,0,0,Europe
2020-01-24,India,0,0,0,0,0,0,0,South-East Asia
2020-01-24,Indonesia,0,0,0,0,0,0,0,South-East Asia
2020-01-24,Iran,0,0,0,0,0,0,0,Eastern Mediterranean
2020-01-24,Iraq,0,0,0,0,0,0,0,Eastern Mediterranean
2020-01-24,Ireland,0,0,0,0,0,0,0,Europe
2020-01-24,Israel,0,0,0,0,0,0,0,Europe
2020-01-24,Italy,0,0,0,0,0,0,0,Europe
2020-01-24,Jamaica,0,0,0,0,0,0,0,Americas
2020-01-24,Japan,2,0,0,2,0,0,0,Western Pacific
2020-01-24,Jordan,0,0,0,0,0,0,0,Eastern Mediterranean
2020-01-24,Kazakhstan,0,0,0,0,0,0,0,Europe
2020-01-24,Kenya,0,0,0,0,0,0,0,Africa
2020-01-24,Kosovo,0,0,0,0,0,0,0,Europe
2020-01-24,Kuwait,0,0,0,0,0,0,0,Eastern Mediterranean
2020-01-24,Kyrgyzstan,0,0,0,0,0,0,0,Europe
2020-01-24,Laos,0,0,0,0,0,0,0,Western Pacific
2020-01-24,Latvia,0,0,0,0,0,0,0,Europe
2020-01-24,Lebanon,0,0,0,0,0,0,0,Eastern Mediterranean
2020-01-24,Lesotho,0,0,0,0,0,0,0,Africa
2020-01-24,Liberia,0,0,0,0,0,0,0,Africa
2020-01-24,Libya,0,0,0,0,0,0,0,Eastern Mediterranean
2020-01-24,Liechtenstein,0,0,0,0,0,0,0,Europe
2020-01-24,Lithuania,0,0,0,0,0,0,0,Europe
2020-01-24,Luxembourg,0,0,0,0,0,0,0,Europe
2020-01-24,Madagascar,0,0,0,0,0,0,0,Africa
2020-01-24,Malawi,0,0,0,0,0,0,0,Africa
2020-01-24,Malaysia,0,0,0,0,0,0,0,Western Pacific
2020-01-24,Maldives,0,0,0,0,0,0,0,South-East Asia
2020-01-24,Mali,0,0,0,0,0,0,0,Africa
2020-01-24,Malta,0,0,0,0,0,0,0,Europe
2020-01-24,Mauritania,0,0,0,0,0,0,0,Africa
2020-01-24,Mauritius,0,0,0,0,0,0,0,Africa
2020-01-24,Mexico,0,0,0,0,0,0,0,Americas
2020-01-24,Moldova,0,0,0,0,0,0,0,Europe
2020-01-24,Monaco,0,0,0,0,0,0,0,Europe
2020-01-24,Mongolia,0,0,0,0,0,0,0,Western Pacific
2020-01-24,Montenegro,0,0,0,0,0,0,0,Europe
2020-01-24,Morocco,0,0,0,0,0,0,0,Eastern Mediterranean
2020-01-24,Mozambique,0,0,0,0,0,0,0,Africa
2020-01-24,Namibia,0,0,0,0,0,0,0,Africa
2020-01-24,Nepal,0,0,0,0,0,0,0,South-East Asia
2020-01-24,Netherlands,0,0,0,0,0,0,0,Europe
2020-01-24,New Zealand,0,0,0,0,0,0,0,Western Pacific
2020-01-24,Nicaragua,0,0,0,0,0,0,0,Americas
2020-01-24,Niger,0,0,0,0,0,0,0,Africa
2020-01-24,Nigeria,0,0,0,0,0,0,0,Africa
2020-01-24,North Macedonia,0,0,0,0,0,0,0,Europe
2020-01-24,Norway,0,0,0,0,0,0,0,Europe
2020-01-24,Oman,0,0,0,0,0,0,0,Eastern Mediterranean
2020-01-24,Pakistan,0,0,0,0,0,0,0,Eastern Mediterranean
2020-01-24,Panama,0,0,0,0,0,0,0,Americas
2020-01-24,Papua New Guinea,0,0,0,0,0,0,0,Western Pacific
2020-01-24,Paraguay,0,0,0,0,0,0,0,Americas
2020-01-24,Peru,0,0,0,0,0,0,0,Americas
2020-01-24,Philippines,0,0,0,0,0,0,0,Western Pacific
2020-01-24,Poland,0,0,0,0,0,0,0,Europe
2020-01-24,Portugal,0,0,0,0,0,0,0,Europe
2020-01-24,Qatar,0,0,0,0,0,0,0,Eastern Mediterranean
2020-01-24,Romania,0,0,0,0,0,0,0,Europe
2020-01-24,Russia,0,0,0,0,0,0,0,Europe
2020-01-24,Rwanda,0,0,0,0,0,0,0,Africa
2020-01-24,Saint Kitts and Nevis,0,0,0,0,0,0,0,Americas
2020-01-24,Saint Lucia,0,0,0,0,0,0,0,Americas
2020-01-24,Saint Vincent and the Grenadines,0,0,0,0,0,0,0,Americas
2020-01-24,San Marino,0,0,0,0,0,0,0,Europe
2020-01-24,Sao Tome and Principe,0,0,0,0,0,0,0,Africa
2020-01-24,Saudi Arabia,0,0,0,0,0,0,0,Eastern Mediterranean
2020-01-24,Senegal,0,0,0,0,0,0,0,Africa
2020-01-24,Serbia,0,0,0,0,0,0,0,Europe
2020-01-24,Seychelles,0,0,0,0,0,0,0,Africa
2020-01-24,Sierra Leone,0,0,0,0,0,0,0,Africa
2020-01-24,Singapore,3,0,0,3,2,0,0,Western Pacific
2020-01-24,Slovakia,0,0,0,0,0,0,0,Europe
2020-01-24,Slovenia,0,0,0,0,0,0,0,Europe
2020-01-24,Somalia,0,0,0,0,0,0,0,Eastern Mediterranean
2020-01-24,South Africa,0,0,0,0,0,0,0,Africa
2020-01-24,South Korea,2,0,0,2,1,0,0,Western Pacific
2020-01-24,South Sudan,0,0,0,0,0,0,0,Africa
2020-01-24,Spain,0,0,0,0,0,0,0,Europe
2020-01-24,Sri Lanka,0,0,0,0,0,0,0,South-East Asia
2020-01-24,Sudan,0,0,0,0,0,0,0,Eastern Mediterranean
2020-01-24,Suriname,0,0,0,0,0,0,0,Americas
2020-01-24,Sweden,0,0,0,0,0,0,0,Europe
2020-01-24,Switzerland,0,0,0,0,0,0,0,Europe
2020-01-24,Syria,0,0,0,0,0,0,0,Eastern Mediterranean
2020-01-24,Taiwan*,3,0,0,3,2,0,0,Western Pacific
2020-01-24,Tajikistan,0,0,0,0,0,0,0,Europe
2020-01-24,Tanzania,0,0,0,0,0,0,0,Africa
2020-01-24,Thailand,5,0,0,5,2,0,0,South-East Asia
2020-01-24,Timor-Leste,0,0,0,0,0,0,0,South-East Asia
2020-01-24,Togo,0,0,0,0,0,0,0,Africa
2020-01-24,Trinidad and Tobago,0,0,0,0,0,0,0,Americas
2020-01-24,Tunisia,0,0,0,0,0,0,0,Eastern Mediterranean
2020-01-24,Turkey,0,0,0,0,0,0,0,Europe
2020-01-24,US,2,0,0,2,1,0,0,Americas
2020-01-24,Uganda,0,0,0,0,0,0,0,Africa
2020-01-24,Ukraine,0,0,0,0,0,0,0,Europe
2020-01-24,United Arab Emirates,0,0,0,0,0,0,0,Eastern Mediterranean
2020-01-24,United Kingdom,0,0,0,0,0,0,0,Europe
2020-01-24,Uruguay,0,0,0,0,0,0,0,Americas
2020-01-24,Uzbekistan,0,0,0,0,0,0,0,Europe
2020-01-24,Venezuela,0,0,0,0,0,0,0,Americas
2020-01-24,Vietnam,2,0,0,2,0,0,0,Western Pacific
2020-01-24,West Bank and Gaza,0,0,0,0,0,0,0,Eastern Mediterranean
2020-01-24,Western Sahara,0,0,0,0,0,0,0,Africa
2020-01-24,Yemen,0,0,0,0,0,0,0,Eastern Mediterranean
2020-01-24,Zambia,0,0,0,0,0,0,0,Africa
2020-01-24,Zimbabwe,0,0,0,0,0,0,0,Africa
2020-01-25,Afghanistan,0,0,0,0,0,0,0,Eastern Mediterranean
2020-01-25,Albania,0,0,0,0,0,0,0,Europe
2020-01-25,Algeria,0,0,0,0,0,0,0,Africa
2020-01-25,Andorra,0,0,0,0,0,0,0,Europe
2020-01-25,Angola,0,0,0,0,0,0,0,Africa
2020-01-25,Antigua and Barbuda,0,0,0,0,0,0,0,Americas
2020-01-25,Argentina,0,0,0,0,0,0,0,Americas
2020-01-25,Armenia,0,0,0,0,0,0,0,Europe
2020-01-25,Australia,0,0,0,0,0,0,0,Western Pacific
2020-01-25,Austria,0,0,0,0,0,0,0,Europe
2020-01-25,Azerbaijan,0,0,0,0,0,0,0,Europe
2020-01-25,Bahamas,0,0,0,0,0,0,0,Americas
2020-01-25,Bahrain,0,0,0,0,0,0,0,Eastern Mediterranean
2020-01-25,Bangladesh,0,0,0,0,0,0,0,South-East Asia
2020-01-25,Barbados,0,0,0,0,0,0,0,Americas
2020-01-25,Belarus,0,0,0,0,0,0,0,Europe
2020-01-25,Belgium,0,0,0,0,0,0,0,Europe
2020-01-25,Belize,0,0,0,0,0,0,0,Americas
2020-01-25,Benin,0,0,0,0,0,0,0,Africa
2020-01-25,Bhutan,0,0,0,0,0,0,0,South-East Asia
2020-01-25,Bolivia,0,0,0,0,0,0,0,Americas
2020-01-25,Bosnia and Herzegovina,0,0,0,0,0,0,0,Europe
2020-01-25,Botswana,0,0,0,0,0,0,0,Africa
2020-01-25,Brazil,0,0,0,0,0,0,0,Americas
2020-01-25,Brunei,0,0,0,0,0,0,0,Western Pacific
2020-01-25,Bulgaria,0,0,0,0,0,0,0,Europe
2020-01-25,Burkina Faso,0,0,0,0,0,0,0,Africa
2020-01-25,Burma,0,0,0,0,0,0,0,South-East Asia
2020-01-25,Burundi,0,0,0,0,0,0,0,Africa
2020-01-25,Cabo Verde,0,0,0,0,0,0,0,Africa
2020-01-25,Cambodia,0,0,0,0,0,0,0,Western Pacific
2020-01-25,Cameroon,0,0,0,0,0,0,0,Africa
2020-01-25,Canada,0,0,0,0,0,0,0,Americas
2020-01-25,Central African Republic,0,0,0,0,0,0,0,Africa
2020-01-25,Chad,0,0,0,0,0,0,0,Africa
2020-01-25,Chile,0,0,0,0,0,0,0,Americas
2020-01-25,China,1406,42,39,1325,486,16,3,Western Pacific
2020-01-25,Colombia,0,0,0,0,0,0,0,Americas
2020-01-25,Comoros,0,0,0,0,0,0,0,Africa
2020-01-25,Congo (Brazzaville),0,0,0,0,0,0,0,Africa
2020-01-25,Congo (Kinshasa),0,0,0,0,0,0,0,Africa
2020-01-25,Costa Rica,0,0,0,0,0,0,0,Americas
2020-01-25,Cote d'Ivoire,0,0,0,0,0,0,0,Africa
2020-01-25,Croatia,0,0,0,0,0,0,0,Europe
2020-01-25,Cuba,0,0,0,0,0,0,0,Americas
2020-01-25,Cyprus,0,0,0,0,0,0,0,Europe
2020-01-25,Czechia,0,0,0,0,0,0,0,Europe
2020-01-25,Denmark,0,0,0,0,0,0,0,Europe
2020-01-25,Djibouti,0,0,0,0,0,0,0,Eastern Mediterranean
2020-01-25,Dominica,0,0,0,0,0,0,0,Americas
2020-01-25,Dominican Republic,0,0,0,0,0,0,0,Americas
2020-01-25,Ecuador,0,0,0,0,0,0,0,Americas
2020-01-25,Egypt,0,0,0,0,0,0,0,Eastern Mediterranean
2020-01-25,El Salvador,0,0,0,0,0,0,0,Americas
2020-01-25,Equatorial Guinea,0,0,0,0,0,0,0,Africa
2020-01-25,Eritrea,0,0,0,0,0,0,0,Africa
2020-01-25,Estonia,0,0,0,0,0,0,0,Europe
2020-01-25,Eswatini,0,0,0,0,0,0,0,Africa
2020-01-25,Ethiopia,0,0,0,0,0,0,0,Africa
2020-01-25,Fiji,0,0,0,0,0,0,0,Western Pacific
2020-01-25,Finland,0,0,0,0,0,0,0,Europe
2020-01-25,France,3,0,0,3,1,0,0,Europe
2020-01-25,Gabon,0,0,0,0,0,0,0,Africa
2020-01-25,Gambia,0,0,0,0,0,0,0,Africa
2020-01-25,Georgia,0,0,0,0,0,0,0,Europe
2020-01-25,Germany,0,0,0,0,0,0,0,Europe
2020-01-25,Ghana,0,0,0,0,0,0,0,Africa
2020-01-25,Greece,0,0,0,0,0,0,0,Europe
2020-01-25,Greenland,0,0,0,0,0,0,0,Europe
2020-01-25,Grenada,0,0,0,0,0,0,0,Americas
2020-01-25,Guatemala,0,0,0,0,0,0,0,Americas
2020-01-25,Guinea,0,0,0,0,0,0,0,Africa
2020-01-25,Guinea-Bissau,0,0,0,0,0,0,0,Africa
2020-01-25,Guyana,0,0,0,0,0,0,0,Americas
2020-01-25,Haiti,0,0,0,0,0,0,0,Americas
2020-01-25,Holy See,0,0,0,0,0,0,0,Europe
2020-01-25,Honduras,0,0,0,0,0,0,0,Americas
2020-01-25,Hungary,0,0,0,0,0,0,0,Europe
2020-01-25,Iceland,0,0,0,0,0,0,0,Europe
2020-01-25,India,0,0,0,0,0,0,0,South-East Asia
2020-01-25,Indonesia,0,0,0,0,0,0,0,South-East Asia
2020-01-25,Iran,0,0,0,0,0,0,0,Eastern Mediterranean
2020-01-25,Iraq,0,0,0,0,0,0,0,Eastern Mediterranean
2020-01-25,Ireland,0,0,0,0,0,0,0,Europe
2020-01-25,Israel,0,0,0,0,0,0,0,Europe
2020-01-25,Italy,0,0,0,0,0,0,0,Europe
2020-01-25,Jamaica,0,0,0,0,0,0,0,Americas
2020-01-25,Japan,2,0,0,2,0,0,0,Western Pacific
2020-01-25,Jordan,0,0,0,0,0,0,0,Eastern Mediterranean
2020-01-25,Kazakhstan,0,0,0,0,0,0,0,Europe
2020-01-25,Kenya,0,0,0,0,0,0,0,Africa
2020-01-25,Kosovo,0,0,0,0,0,0,0,Europe
2020-01-25,Kuwait,0,0,0,0,0,0,0,Eastern Mediterranean
2020-01-25,Kyrgyzstan,0,0,0,0,0,0,0,Europe
2020-01-25,Laos,0,0,0,0,0,0,0,Western Pacific
2020-01-25,Latvia,0,0,0,0,0,0,0,Europe
2020-01-25,Lebanon,0,0,0,0,0,0,0,Eastern Mediterranean
2020-01-25,Lesotho,0,0,0,0,0,0,0,Africa
2020-01-25,Liberia,0,0,0,0,0,0,0,Africa
2020-01-25,Libya,0,0,0,0,0,0,0,Eastern Mediterranean
2020-01-25,Liechtenstein,0,0,0,0,0,0,0,Europe
2020-01-25,Lithuania,0,0,0,0,0,0,0,Europe
2020-01-25,Luxembourg,0,0,0,0,0,0,0,Europe
2020-01-25,Madagascar,0,0,0,0,0,0,0,Africa
2020-01-25,Malawi,0,0,0,0,0,0,0,Africa
2020-01-25,Malaysia,3,0,0,3,3,0,0,Western Pacific
2020-01-25,Maldives,0,0,0,0,0,0,0,South-East Asia
2020-01-25,Mali,0,0,0,0,0,0,0,Africa
2020-01-25,Malta,0,0,0,0,0,0,0,Europe
2020-01-25,Mauritania,0,0,0,0,0,0,0,Africa
2020-01-25,Mauritius,0,0,0,0,0,0,0,Africa
2020-01-25,Mexico,0,0,0,0,0,0,0,Americas
2020-01-25,Moldova,0,0,0,0,0,0,0,Europe
2020-01-25,Monaco,0,0,0,0,0,0,0,Europe
2020-01-25,Mongolia,0,0,0,0,0,0,0,Western Pacific
2020-01-25,Montenegro,0,0,0,0,0,0,0,Europe
2020-01-25,Morocco,0,0,0,0,0,0,0,Eastern Mediterranean
2020-01-25,Mozambique,0,0,0,0,0,0,0,Africa
2020-01-25,Namibia,0,0,0,0,0,0,0,Africa
2020-01-25,Nepal,1,0,0,1,1,0,0,South-East Asia
2020-01-25,Netherlands,0,0,0,0,0,0,0,Europe
2020-01-25,New Zealand,0,0,0,0,0,0,0,Western Pacific
2020-01-25,Nicaragua,0,0,0,0,0,0,0,Americas
2020-01-25,Niger,0,0,0,0,0,0,0,Africa
2020-01-25,Nigeria,0,0,0,0,0,0,0,Africa
2020-01-25,North Macedonia,0,0,0,0,0,0,0,Europe
2020-01-25,Norway,0,0,0,0,0,0,0,Europe
2020-01-25,Oman,0,0,0,0,0,0,0,Eastern Mediterranean
2020-01-25,Pakistan,0,0,0,0,0,0,0,Eastern Mediterranean
2020-01-25,Panama,0,0,0,0,0,0,0,Americas
2020-01-25,Papua New Guinea,0,0,0,0,0,0,0,Western Pacific
2020-01-25,Paraguay,0,0,0,0,0,0,0,Americas
2020-01-25,Peru,0,0,0,0,0,0,0,Americas
2020-01-25,Philippines,0,0,0,0,0,0,0,Western Pacific
2020-01-25,Poland,0,0,0,0,0,0,0,Europe
2020-01-25,Portugal,0,0,0,0,0,0,0,Europe
2020-01-25,Qatar,0,0,0,0,0,0,0,Eastern Mediterranean
2020-01-25,Romania,0,0,0,0,0,0,0,Europe
2020-01-25,Russia,0,0,0,0,0,0,0,Europe
2020-01-25,Rwanda,0,0,0,0,0,0,0,Africa
2020-01-25,Saint Kitts and Nevis,0,0,0,0,0,0,0,Americas
2020-01-25,Saint Lucia,0,0,0,0,0,0,0,Americas
2020-01-25,Saint Vincent and the Grenadines,0,0,0,0,0,0,0,Americas
2020-01-25,San Marino,0,0,0,0,0,0,0,Europe
2020-01-25,Sao Tome and Principe,0,0,0,0,0,0,0,Africa
2020-01-25,Saudi Arabia,0,0,0,0,0,0,0,Eastern Mediterranean
2020-01-25,Senegal,0,0,0,0,0,0,0,Africa
2020-01-25,Serbia,0,0,0,0,0,0,0,Europe
2020-01-25,Seychelles,0,0,0,0,0,0,0,Africa
2020-01-25,Sierra Leone,0,0,0,0,0,0,0,Africa
2020-01-25,Singapore,3,0,0,3,0,0,0,Western Pacific
2020-01-25,Slovakia,0,0,0,0,0,0,0,Europe
2020-01-25,Slovenia,0,0,0,0,0,0,0,Europe
2020-01-25,Somalia,0,0,0,0,0,0,0,Eastern Mediterranean
2020-01-25,South Africa,0,0,0,0,0,0,0,Africa
2020-01-25,South Korea,2,0,0,2,0,0,0,Western Pacific
2020-01-25,South Sudan,0,0,0,0,0,0,0,Africa
2020-01-25,Spain,0,0,0,0,0,0,0,Europe
2020-01-25,Sri Lanka,0,0,0,0,0,0,0,South-East Asia
2020-01-25,Sudan,0,0,0,0,0,0,0,Eastern Mediterranean
2020-01-25,Suriname,0,0,0,0,0,0,0,Americas
2020-01-25,Sweden,0,0,0,0,0,0,0,Europe
2020-01-25,Switzerland,0,0,0,0,0,0,0,Europe
2020-01-25,Syria,0,0,0,0,0,0,0,Eastern Mediterranean
2020-01-25,Taiwan*,3,0,0,3,0,0,0,Western Pacific
2020-01-25,Tajikistan,0,0,0,0,0,0,0,Europe
2020-01-25,Tanzania,0,0,0,0,0,0,0,Africa
2020-01-25,Thailand,7,0,0,7,2,0,0,South-East Asia
2020-01-25,Timor-Leste,0,0,0,0,0,0,0,South-East Asia
2020-01-25,Togo,0,0,0,0,0,0,0,Africa
2020-01-25,Trinidad and Tobago,0,0,0,0,0,0,0,Americas
2020-01-25,Tunisia,0,0,0,0,0,0,0,Eastern Mediterranean
2020-01-25,Turkey,0,0,0,0,0,0,0,Europe
2020-01-25,US,2,0,0,2,0,0,0,Americas
2020-01-25,Uganda,0,0,0,0,0,0,0,Africa
2020-01-25,Ukraine,0,0,0,0,0,0,0,Europe
2020-01-25,United Arab Emirates,0,0,0,0,0,0,0,Eastern Mediterranean
2020-01-25,United Kingdom,0,0,0,0,0,0,0,Europe
2020-01-25,Uruguay,0,0,0,0,0,0,0,Americas
2020-01-25,Uzbekistan,0,0,0,0,0,0,0,Europe
2020-01-25,Venezuela,0,0,0,0,0,0,0,Americas
2020-01-25,Vietnam,2,0,0,2,0,0,0,Western Pacific
2020-01-25,West Bank and Gaza,0,0,0,0,0,0,0,Eastern Mediterranean
2020-01-25,Western Sahara,0,0,0,0,0,0,0,Africa
2020-01-25,Yemen,0,0,0,0,0,0,0,Eastern Mediterranean
2020-01-25,Zambia,0,0,0,0,0,0,0,Africa
2020-01-25,Zimbabwe,0,0,0,0,0,0,0,Africa
2020-01-26,Afghanistan,0,0,0,0,0,0,0,Eastern Mediterranean
2020-01-26,Albania,0,0,0,0,0,0,0,Europe
2020-01-26,Algeria,0,0,0,0,0,0,0,Africa
2020-01-26,Andorra,0,0,0,0,0,0,0,Europe
2020-01-26,Angola,0,0,0,0,0,0,0,Africa
2020-01-26,Antigua and Barbuda,0,0,0,0,0,0,0,Americas
2020-01-26,Argentina,0,0,0,0,0,0,0,Americas
2020-01-26,Armenia,0,0,0,0,0,0,0,Europe
2020-01-26,Australia,4,0,0,4,4,0,0,Western Pacific
2020-01-26,Austria,0,0,0,0,0,0,0,Europe
2020-01-26,Azerbaijan,0,0,0,0,0,0,0,Europe
2020-01-26,Bahamas,0,0,0,0,0,0,0,Americas
2020-01-26,Bahrain,0,0,0,0,0,0,0,Eastern Mediterranean
2020-01-26,Bangladesh,0,0,0,0,0,0,0,South-East Asia
2020-01-26,Barbados,0,0,0,0,0,0,0,Americas
2020-01-26,Belarus,0,0,0,0,0,0,0,Europe
2020-01-26,Belgium,0,0,0,0,0,0,0,Europe
2020-01-26,Belize,0,0,0,0,0,0,0,Americas
2020-01-26,Benin,0,0,0,0,0,0,0,Africa
2020-01-26,Bhutan,0,0,0,0,0,0,0,South-East Asia
2020-01-26,Bolivia,0,0,0,0,0,0,0,Americas
2020-01-26,Bosnia and Herzegovina,0,0,0,0,0,0,0,Europe
2020-01-26,Botswana,0,0,0,0,0,0,0,Africa
2020-01-26,Brazil,0,0,0,0,0,0,0,Americas
2020-01-26,Brunei,0,0,0,0,0,0,0,Western Pacific
2020-01-26,Bulgaria,0,0,0,0,0,0,0,Europe
2020-01-26,Burkina Faso,0,0,0,0,0,0,0,Africa
2020-01-26,Burma,0,0,0,0,0,0,0,South-East Asia
2020-01-26,Burundi,0,0,0,0,0,0,0,Africa
2020-01-26,Cabo Verde,0,0,0,0,0,0,0,Africa
2020-01-26,Cambodia,0,0,0,0,0,0,0,Western Pacific
2020-01-26,Cameroon,0,0,0,0,0,0,0,Africa
2020-01-26,Canada,1,0,0,1,1,0,0,Americas
2020-01-26,Central African Republic,0,0,0,0,0,0,0,Africa
2020-01-26,Chad,0,0,0,0,0,0,0,Africa
2020-01-26,Chile,0,0,0,0,0,0,0,Americas
2020-01-26,China,2075,56,49,1970,669,14,10,Western Pacific
2020-01-26,Colombia,0,0,0,0,0,0,0,Americas
2020-01-26,Comoros,0,0,0,0,0,0,0,Africa
2020-01-26,Congo (Brazzaville),0,0,0,0,0,0,0,Africa
2020-01-26,Congo (Kinshasa),0,0,0,0,0,0,0,Africa
2020-01-26,Costa Rica,0,0,0,0,0,0,0,Americas
2020-01-26,Cote d'Ivoire,0,0,0,0,0,0,0,Africa
2020-01-26,Croatia,0,0,0,0,0,0,0,Europe
2020-01-26,Cuba,0,0,0,0,0,0,0,Americas
2020-01-26,Cyprus,0,0,0,0,0,0,0,Europe
2020-01-26,Czechia,0,0,0,0,0,0,0,Europe
2020-01-26,Denmark,0,0,0,0,0,0,0,Europe
2020-01-26,Djibouti,0,0,0,0,0,0,0,Eastern Mediterranean
2020-01-26,Dominica,0,0,0,0,0,0,0,Americas
2020-01-26,Dominican Republic,0,0,0,0,0,0,0,Americas
2020-01-26,Ecuador,0,0,0,0,0,0,0,Americas
2020-01-26,Egypt,0,0,0,0,0,0,0,Eastern Mediterranean
2020-01-26,El Salvador,0,0,0,0,0,0,0,Americas
2020-01-26,Equatorial Guinea,0,0,0,0,0,0,0,Africa
2020-01-26,Eritrea,0,0,0,0,0,0,0,Africa
2020-01-26,Estonia,0,0,0,0,0,0,0,Europe
2020-01-26,Eswatini,0,0,0,0,0,0,0,Africa
2020-01-26,Ethiopia,0,0,0,0,0,0,0,Africa
2020-01-26,Fiji,0,0,0,0,0,0,0,Western Pacific
2020-01-26,Finland,0,0,0,0,0,0,0,Europe
2020-01-26,France,3,0,0,3,0,0,0,Europe
2020-01-26,Gabon,0,0,0,0,0,0,0,Africa
2020-01-26,Gambia,0,0,0,0,0,0,0,Africa
2020-01-26,Georgia,0,0,0,0,0,0,0,Europe
2020-01-26,Germany,0,0,0,0,0,0,0,Europe
2020-01-26,Ghana,0,0,0,0,0,0,0,Africa
2020-01-26,Greece,0,0,0,0,0,0,0,Europe
2020-01-26,Greenland,0,0,0,0,0,0,0,Europe
2020-01-26,Grenada,0,0,0,0,0,0,0,Americas
2020-01-26,Guatemala,0,0,0,0,0,0,0,Americas
2020-01-26,Guinea,0,0,0,0,0,0,0,Africa
2020-01-26,Guinea-Bissau,0,0,0,0,0,0,0,Africa
2020-01-26,Guyana,0,0,0,0,0,0,0,Americas
2020-01-26,Haiti,0,0,0,0,0,0,0,Americas
2020-01-26,Holy See,0,0,0,0,0,0,0,Europe
2020-01-26,Honduras,0,0,0,0,0,0,0,Americas
2020-01-26,Hungary,0,0,0,0,0,0,0,Europe
2020-01-26,Iceland,0,0,0,0,0,0,0,Europe
2020-01-26,India,0,0,0,0,0,0,0,South-East Asia
2020-01-26,Indonesia,0,0,0,0,0,0,0,South-East Asia
2020-01-26,Iran,0,0,0,0,0,0,0,Eastern Mediterranean
2020-01-26,Iraq,0,0,0,0,0,0,0,Eastern Mediterranean
2020-01-26,Ireland,0,0,0,0,0,0,0,Europe
2020-01-26,Israel,0,0,0,0,0,0,0,Europe
2020-01-26,Italy,0,0,0,0,0,0,0,Europe
2020-01-26,Jamaica,0,0,0,0,0,0,0,Americas
2020-01-26,Japan,4,0,1,3,2,0,1,Western Pacific
2020-01-26,Jordan,0,0,0,0,0,0,0,Eastern Mediterranean
2020-01-26,Kazakhstan,0,0,0,0,0,0,0,Europe
2020-01-26,Kenya,0,0,0,0,0,0,0,Africa
2020-01-26,Kosovo,0,0,0,0,0,0,0,Europe
2020-01-26,Kuwait,0,0,0,0,0,0,0,Eastern Mediterranean
2020-01-26,Kyrgyzstan,0,0,0,0,0,0,0,Europe
2020-01-26,Laos,0,0,0,0,0,0,0,Western Pacific
2020-01-26,Latvia,0,0,0,0,0,0,0,Europe
2020-01-26,Lebanon,0,0,0,0,0,0,0,Eastern Mediterranean
2020-01-26,Lesotho,0,0,0,0,0,0,0,Africa
2020-01-26,Liberia,0,0,0,0,0,0,0,Africa
2020-01-26,Libya,0,0,0,0,0,0,0,Eastern Mediterranean
2020-01-26,Liechtenstein,0,0,0,0,0,0,0,Europe
2020-01-26,Lithuania,0,0,0,0,0,0,0,Europe
2020-01-26,Luxembourg,0,0,0,0,0,0,0,Europe
2020-01-26,Madagascar,0,0,0,0,0,0,0,Africa
2020-01-26,Malawi,0,0,0,0,0,0,0,Africa
2020-01-26,Malaysia,4,0,0,4,1,0,0,Western Pacific
2020-01-26,Maldives,0,0,0,0,0,0,0,South-East Asia
2020-01-26,Mali,0,0,0,0,0,0,0,Africa
2020-01-26,Malta,0,0,0,0,0,0,0,Europe
2020-01-26,Mauritania,0,0,0,0,0,0,0,Africa
2020-01-26,Mauritius,0,0,0,0,0,0,0,Africa
2020-01-26,Mexico,0,0,0,0,0,0,0,Americas
2020-01-26,Moldova,0,0,0,0,0,0,0,Europe
2020-01-26,Monaco,0,0,0,0,0,0,0,Europe
2020-01-26,Mongolia,0,0,0,0,0,0,0,Western Pacific
2020-01-26,Montenegro,0,0,0,0,0,0,0,Europe
2020-01-26,Morocco,0,0,0,0,0,0,0,Eastern Mediterranean
2020-01-26,Mozambique,0,0,0,0,0,0,0,Africa
2020-01-26,Namibia,0,0,0,0,0,0,0,Africa
2020-01-26,Nepal,1,0,0,1,0,0,0,South-East Asia
2020-01-26,Netherlands,0,0,0,0,0,0,0,Europe
2020-01-26,New Zealand,0,0,0,0,0,0,0,Western Pacific
2020-01-26,Nicaragua,0,0,0,0,0,0,0,Americas
2020-01-26,Niger,0,0,0,0,0,0,0,Africa
2020-01-26,Nigeria,0,0,0,0,0,0,0,Africa
2020-01-26,North Macedonia,0,0,0,0,0,0,0,Europe
2020-01-26,Norway,0,0,0,0,0,0,0,Europe
2020-01-26,Oman,0,0,0,0,0,0,0,Eastern Mediterranean
2020-01-26,Pakistan,0,0,0,0,0,0,0,Eastern Mediterranean
2020-01-26,Panama,0,0,0,0,0,0,0,Americas
2020-01-26,Papua New Guinea,0,0,0,0,0,0,0,Western Pacific
2020-01-26,Paraguay,0,0,0,0,0,0,0,Americas
2020-01-26,Peru,0,0,0,0,0,0,0,Americas
2020-01-26,Philippines,0,0,0,0,0,0,0,Western Pacific
2020-01-26,Poland,0,0,0,0,0,0,0,Europe
2020-01-26,Portugal,0,0,0,0,0,0,0,Europe
2020-01-26,Qatar,0,0,0,0,0,0,0,Eastern Mediterranean
2020-01-26,Romania,0,0,0,0,0,0,0,Europe
2020-01-26,Russia,0,0,0,0,0,0,0,Europe
2020-01-26,Rwanda,0,0,0,0,0,0,0,Africa
2020-01-26,Saint Kitts and Nevis,0,0,0,0,0,0,0,Americas
2020-01-26,Saint Lucia,0,0,0,0,0,0,0,Americas
2020-01-26,Saint Vincent and the Grenadines,0,0,0,0,0,0,0,Americas
2020-01-26,San Marino,0,0,0,0,0,0,0,Europe
2020-01-26,Sao Tome and Principe,0,0,0,0,0,0,0,Africa
2020-01-26,Saudi Arabia,0,0,0,0,0,0,0,Eastern Mediterranean
2020-01-26,Senegal,0,0,0,0,0,0,0,Africa
2020-01-26,Serbia,0,0,0,0,0,0,0,Europe
2020-01-26,Seychelles,0,0,0,0,0,0,0,Africa
2020-01-26,Sierra Leone,0,0,0,0,0,0,0,Africa
2020-01-26,Singapore,4,0,0,4,1,0,0,Western Pacific
2020-01-26,Slovakia,0,0,0,0,0,0,0,Europe
2020-01-26,Slovenia,0,0,0,0,0,0,0,Europe
2020-01-26,Somalia,0,0,0,0,0,0,0,Eastern Mediterranean
2020-01-26,South Africa,0,0,0,0,0,0,0,Africa
2020-01-26,South Korea,3,0,0,3,1,0,0,Western Pacific
2020-01-26,South Sudan,0,0,0,0,0,0,0,Africa
2020-01-26,Spain,0,0,0,0,0,0,0,Europe
2020-01-26,Sri Lanka,0,0,0,0,0,0,0,South-East Asia
2020-01-26,Sudan,0,0,0,0,0,0,0,Eastern Mediterranean
2020-01-26,Suriname,0,0,0,0,0,0,0,Americas
2020-01-26,Sweden,0,0,0,0,0,0,0,Europe
2020-01-26,Switzerland,0,0,0,0,0,0,0,Europe
2020-01-26,Syria,0,0,0,0,0,0,0,Eastern Mediterranean
2020-01-26,Taiwan*,4,0,0,4,1,0,0,Western Pacific
2020-01-26,Tajikistan,0,0,0,0,0,0,0,Europe
2020-01-26,Tanzania,0,0,0,0,0,0,0,Africa
2020-01-26,Thailand,8,0,2,6,1,0,2,South-East Asia
2020-01-26,Timor-Leste,0,0,0,0,0,0,0,South-East Asia
2020-01-26,Togo,0,0,0,0,0,0,0,Africa
2020-01-26,Trinidad and Tobago,0,0,0,0,0,0,0,Americas
2020-01-26,Tunisia,0,0,0,0,0,0,0,Eastern Mediterranean
2020-01-26,Turkey,0,0,0,0,0,0,0,Europe
2020-01-26,US,5,0,0,5,3,0,0,Americas
2020-01-26,Uganda,0,0,0,0,0,0,0,Africa
2020-01-26,Ukraine,0,0,0,0,0,0,0,Europe
2020-01-26,United Arab Emirates,0,0,0,0,0,0,0,Eastern Mediterranean
2020-01-26,United Kingdom,0,0,0,0,0,0,0,Europe
2020-01-26,Uruguay,0,0,0,0,0,0,0,Americas
2020-01-26,Uzbekistan,0,0,0,0,0,0,0,Europe
2020-01-26,Venezuela,0,0,0,0,0,0,0,Americas
2020-01-26,Vietnam,2,0,0,2,0,0,0,Western Pacific
2020-01-26,West Bank and Gaza,0,0,0,0,0,0,0,Eastern Mediterranean
2020-01-26,Western Sahara,0,0,0,0,0,0,0,Africa
2020-01-26,Yemen,0,0,0,0,0,0,0,Eastern Mediterranean
2020-01-26,Zambia,0,0,0,0,0,0,0,Africa
2020-01-26,Zimbabwe,0,0,0,0,0,0,0,Africa
2020-01-27,Afghanistan,0,0,0,0,0,0,0,Eastern Mediterranean
2020-01-27,Albania,0,0,0,0,0,0,0,Europe
2020-01-27,Algeria,0,0,0,0,0,0,0,Africa
2020-01-27,Andorra,0,0,0,0,0,0,0,Europe
2020-01-27,Angola,0,0,0,0,0,0,0,Africa
2020-01-27,Antigua and Barbuda,0,0,0,0,0,0,0,Americas
2020-01-27,Argentina,0,0,0,0,0,0,0,Americas
2020-01-27,Armenia,0,0,0,0,0,0,0,Europe
2020-01-27,Australia,5,0,0,5,1,0,0,Western Pacific
2020-01-27,Austria,0,0,0,0,0,0,0,Europe
2020-01-27,Azerbaijan,0,0,0,0,0,0,0,Europe
2020-01-27,Bahamas,0,0,0,0,0,0,0,Americas
2020-01-27,Bahrain,0,0,0,0,0,0,0,Eastern Mediterranean
2020-01-27,Bangladesh,0,0,0,0,0,0,0,South-East Asia
2020-01-27,Barbados,0,0,0,0,0,0,0,Americas
2020-01-27,Belarus,0,0,0,0,0,0,0,Europe
2020-01-27,Belgium,0,0,0,0,0,0,0,Europe
2020-01-27,Belize,0,0,0,0,0,0,0,Americas
2020-01-27,Benin,0,0,0,0,0,0,0,Africa
2020-01-27,Bhutan,0,0,0,0,0,0,0,South-East Asia
2020-01-27,Bolivia,0,0,0,0,0,0,0,Americas
2020-01-27,Bosnia and Herzegovina,0,0,0,0,0,0,0,Europe
2020-01-27,Botswana,0,0,0,0,0,0,0,Africa
2020-01-27,Brazil,0,0,0,0,0,0,0,Americas
2020-01-27,Brunei,0,0,0,0,0,0,0,Western Pacific
2020-01-27,Bulgaria,0,0,0,0,0,0,0,Europe
2020-01-27,Burkina Faso,0,0,0,0,0,0,0,Africa
2020-01-27,Burma,0,0,0,0,0,0,0,South-East Asia
2020-01-27,Burundi,0,0,0,0,0,0,0,Africa
2020-01-27,Cabo Verde,0,0,0,0,0,0,0,Africa
2020-01-27,Cambodia,1,0,0,1,1,0,0,Western Pacific
2020-01-27,Cameroon,0,0,0,0,0,0,0,Africa
2020-01-27,Canada,1,0,0,1,0,0,0,Americas
2020-01-27,Central African Republic,0,0,0,0,0,0,0,Africa
2020-01-27,Chad,0,0,0,0,0,0,0,Africa
2020-01-27,Chile,0,0,0,0,0,0,0,Americas
2020-01-27,China,2877,82,58,2737,802,26,9,Western Pacific
2020-01-27,Colombia,0,0,0,0,0,0,0,Americas
2020-01-27,Comoros,0,0,0,0,0,0,0,Africa
2020-01-27,Congo (Brazzaville),0,0,0,0,0,0,0,Africa
2020-01-27,Congo (Kinshasa),0,0,0,0,0,0,0,Africa
2020-01-27,Costa Rica,0,0,0,0,0,0,0,Americas
2020-01-27,Cote d'Ivoire,0,0,0,0,0,0,0,Africa
2020-01-27,Croatia,0,0,0,0,0,0,0,Europe
2020-01-27,Cuba,0,0,0,0,0,0,0,Americas
2020-01-27,Cyprus,0,0,0,0,0,0,0,Europe
2020-01-27,Czechia,0,0,0,0,0,0,0,Europe
2020-01-27,Denmark,0,0,0,0,0,0,0,Europe
2020-01-27,Djibouti,0,0,0,0,0,0,0,Eastern Mediterranean
2020-01-27,Dominica,0,0,0,0,0,0,0,Americas
2020-01-27,Dominican Republic,0,0,0,0,0,0,0,Americas
2020-01-27,Ecuador,0,0,0,0,0,0,0,Americas
2020-01-27,Egypt,0,0,0,0,0,0,0,Eastern Mediterranean
2020-01-27,El Salvador,0,0,0,0,0,0,0,Americas
2020-01-27,Equatorial Guinea,0,0,0,0,0,0,0,Africa
2020-01-27,Eritrea,0,0,0,0,0,0,0,Africa
2020-01-27,Estonia,0,0,0,0,0,0,0,Europe
2020-01-27,Eswatini,0,0,0,0,0,0,0,Africa
2020-01-27,Ethiopia,0,0,0,0,0,0,0,Africa
2020-01-27,Fiji,0,0,0,0,0,0,0,Western Pacific
2020-01-27,Finland,0,0,0,0,0,0,0,Europe
2020-01-27,France,3,0,0,3,0,0,0,Europe
2020-01-27,Gabon,0,0,0,0,0,0,0,Africa
2020-01-27,Gambia,0,0,0,0,0,0,0,Africa
2020-01-27,Georgia,0,0,0,0,0,0,0,Europe
