title,description,url,group,icon,color,visible,media_url,longitude,latitude,maphub_image_url
5th Avenue,,,Caloocan,,#005e38,True,,120.983717,14.643881,
9th Avenue,,,Caloocan,,#005e38,True,,120.984059,14.650442,
Grace Park,,,Caloocan,,#005e38,True,,120.984088,14.654215,
Araneta Square,,,Caloocan,,#005e38,True,,120.983555,14.65672,
Victory Central Mall,,,Caloocan,,#005e38,True,,120.982529,14.655712,
Benin,,,Caloocan,,#005e38,True,,120.985287,14.656901,
Manila Central University EDSA,,,Caloocan,,#005e38,True,,120.988038,14.657522,
Sangandaan,,,Caloocan,,#005e38,True,,120.971766,14.65765,
Mabini 10th Avenue,,,Caloocan,,#005e38,True,,120.972762,14.65072,
Bagong Barrio Kalookan,,,Caloocan,,#005e38,True,,120.997935,14.657736,
Maypajo,,,Caloocan,,#005e38,True,,120.974775,14.637815,
Puregold Deparo,,,Caloocan,,#005e38,True,,121.023593,14.74122,
Zabarte,,,Caloocan,,#005e38,True,,121.043457,14.756249,
Kiko Camarin,,,Caloocan,,#005e38,True,,121.059861,14.756276,
Bagong Silang,,,Caloocan,,#005e38,True,,121.046289,14.776714,
North Caloocan Boundary,,,Caloocan,,#005e38,True,,121.081062,14.768727,
Metroplaza Bagong Silang Ph 2,,,Caloocan,,#005e38,True,,121.05397,14.773252,
SM City Caloocan,"Opened: May 17, 2024",,Caloocan,,#005e38,True,,121.019695,14.75114,
Caybiga,"Opened: October 18, 2024",,Caloocan,,#005e38,True,,121.009854,14.719545,
Pilar,,,Las Piñas,,#005e38,True,,121.014016,14.431697,
SM Southmall,,,Las Piñas,,#005e38,True,,121.010765,14.433583,
Colours Town Center,,,Las Piñas,,#005e38,True,,121.006898,14.436571,
Robinsons Place Las Piñas,,,Las Piñas,,#005e38,True,,120.998556,14.442667,
Casamiro,,,Las Piñas,,#005e38,True,,120.994129,14.444591,
CAA,,,Las Piñas,,#005e38,True,,120.994505,14.459085,
Naga Road,,,Las Piñas,,#005e38,True,,120.989243,14.462746,
SM Center Las Piñas,,,Las Piñas,,#005e38,True,,120.980613,14.449236,
Zapote,,,Las Piñas,crossing,#005e38,True,,120.968015,14.465271,
Sipag,,,Las Piñas,crossing,#005e38,True,,120.980874,14.473729,
New LP,,,Las Piñas,,#005e38,True,,120.9774,14.451477,
Buendia Bautista,,,Makati,,#005e38,True,,121.001957,14.555674,
Comembo,,,Makati,,#005e38,True,,121.063173,14.548263,
Kalayaan,,,Makati,,#005e38,True,,121.046608,14.558674,
Guadalupe Nuevo,,,Makati,,#005e38,True,,121.045469,14.565197,
Rockwell,,,Makati,,#005e38,True,,121.036051,14.565195,
Shell EDSA Buendia,,,Makati,,#005e38,True,,121.035138,14.555662,
SM Cyber Makati One,,,Makati,,#005e38,True,,121.029701,14.560779,
Valero,,,Makati,,#005e38,True,,121.024857,14.558812,
Philfirst,,,Makati,,#005e38,True,,121.02171,14.556118,
McKinley Exchange,,,Makati,,#005e38,True,,121.029227,14.549648,
Glorietta,,,Makati,,#005e38,True,,121.025823,14.551441,
Landmark,,,Makati,,#005e38,True,,121.023676,14.552203,
Greenbelt,,,Makati,,#005e38,True,,121.020045,14.552935,
Walter Mart Makati,,,Makati,,#005e38,True,,121.013262,14.551337,
Makati Cinema Square ???,,,Makati,,#005e38,True,,121.01409,14.55252,
Rufino,,,Makati,,#005e38,True,,121.01838,14.557968,
Convergys,,,Makati,crossing,#005e38,True,,121.016133,14.559433,
Cityland 10 Tower II,,,Makati,,#005e38,True,,121.017554,14.560683,
Buendia Pasong Tamo,,,Makati,,#005e38,True,,121.011517,14.559536,
Evangelista,,,Makati,,#005e38,True,,121.012137,14.539269,
Reposo,,,Makati,,#005e38,True,,121.024818,14.569764,
PRC Makati,,,Makati,,#005e38,True,,121.015567,14.572114,
Cash & Carry,,,Makati,,#005e38,True,,121.005519,14.558727,
Ayala Malls Circuit,,,Makati,,#005e38,True,,121.019422,14.572887,
Makati Avenue,,,Makati,,#005e38,True,,121.028099,14.562378,
Puregold Makati,,,Makati,,#005e38,True,,121.012144,14.574349,
Malabon Bayan,,,Malabon,,#005e38,True,,120.952273,14.658366,
Conception,,,Malabon,,#005e38,True,,120.946867,14.669601,
Hulong Duhat,,,Malabon,crossing,#005e38,True,,120.941772,14.675858,
Fishermall Malabon,,,Malabon,,#005e38,True,,120.960954,14.656871,
Malabon Citi Square,,,Malabon,,#005e38,True,,120.961168,14.657913,
Gov Pascual,,,Malabon,,#005e38,True,,120.965833,14.668451,
Potrero,,,Malabon,,#005e38,True,,120.984009,14.663673,
De La Salle Araneta University,,,Malabon,,#005e38,True,,120.998086,14.670453,
Metromart Boni,,,Mandaluyong,,#005e38,True,,121.047301,14.573077,
Sheridan,,,Mandaluyong,,#005e38,True,,121.052081,14.571196,
SMDC Light Mall,,,Mandaluyong,,#005e38,True,,121.048665,14.57357,
EDSA Gueverra,,,Mandaluyong,,#005e38,True,,121.051519,14.578736,
Boni Halcon,,,Mandaluyong,,#005e38,True,,121.04178,14.575435,
Maysilo,,,Mandaluyong,,#005e38,True,,121.03499,14.576774,
Starmall EDSA Shaw,,,Mandaluyong,,#005e38,True,,121.053505,14.582345,
Shangri-la,,,Mandaluyong,,#005e38,True,,121.05446,14.581145,
SM Megamall L1,,,Mandaluyong,,#005e38,True,,121.056638,14.585299,
SM Megamall Foodcourt,,,Mandaluyong,,#005e38,True,,121.056994,14.5834,
Acacia Lane,,,Mandaluyong,,#005e38,True,,121.035641,14.589231,
Aglipay Poblacion,,,Mandaluyong,,#005e38,True,,121.024904,14.587804,
Marketplace Kalentong,,,Mandaluyong,,#005e38,True,,121.025533,14.592022,
Kalentong,,,Mandaluyong,,#005e38,True,,121.026821,14.593635,
Shaw Blvd. Wack Wack,,,Mandaluyong,,#005e38,True,,121.047977,14.586237,
Pureza,,,Manila,,#005e38,True,,121.004672,14.601434,
Sta. Mesa,,,Manila,,#005e38,True,,121.011913,14.601961,
West Zamora,,,Manila,,#005e38,True,,121.001317,14.585526,
SM City Manila,,,Manila,,#005e38,True,,120.982577,14.590248,
Aduana - Intramuros,,,Manila,crossing,#005e38,True,,120.974087,14.593844,
PGH Taft,,,Manila,,#005e38,True,,120.988117,14.576919,
G. Tuazon - Balic Balic,,,Manila,,#005e38,True,,121.002971,14.606982,
Mendiola,,,Manila,,#005e38,True,,120.990948,14.600064,
Paco,,,Manila,,#005e38,True,,120.994797,14.578552,
Sta. Ana,,,Manila,,#005e38,True,,121.012841,14.581528,
UN Times Plaza,,,Manila,,#005e38,True,,120.984149,14.582352,
Savemore Nagtahan,,,Manila,,#005e38,True,,121.000041,14.600686,
Taft Drive Thru,,,Manila,,#005e38,True,,120.993361,14.567162,
San Andres Bukid,,,Manila,,#005e38,True,,120.995939,14.571854,
San Andreas Orosa,,,Manila,,#005e38,True,,120.988317,14.569764,
Taft Quirino,,,Manila,,#005e38,True,,120.992022,14.570101,
Emilio Aguinaldo College (EAC),,,Manila,,#005e38,True,,120.98534,14.581865,
Harbour Square,,,Manila,,#005e38,True,,120.984559,14.558399,
Padre Faura,,,Manila,,#005e38,True,,120.981525,14.577718,
Remedios Malate,,,Manila,,#005e38,True,,120.983712,14.569314,
Vito Cruz,,,Manila,,#005e38,True,,120.995378,14.562856,
Legarda Bustillos,,,Manila,,#005e38,True,,120.992855,14.601328,
Asturias,,,Manila,,#005e38,True,,120.987863,14.611398,
Lepanto,,,Manila,,#005e38,True,,120.988083,14.601922,
P. Noval,,,Manila,,#005e38,True,,120.989235,14.606767,
The One Santo Tomas,,,Manila,,#005e38,True,,120.991391,14.608109,
UST Dapitan,,,Manila,,#005e38,True,,120.989493,14.612864,
Manila City Plaza,,,Manila,,#005e38,True,,120.983375,14.59863,
Carriedo,,,Manila,crossing,#005e38,True,,120.982141,14.599004,
New Hidalgo,,,Manila,,#005e38,True,,120.984469,14.598008,
Quinta Market,,,Manila,,#005e38,True,,120.982867,14.596312,
Raon,,,Manila,,#005e38,True,,120.984265,14.600785,
Tutuban,,,Manila,,#005e38,True,,120.973058,14.607467,
999 Mall Phase 2,,,Manila,,#005e38,True,,120.973663,14.606069,
999 Mall Phase 1,,,Manila,,#005e38,True,,120.97307,14.604968,
Bambang,,,Manila,,#005e38,True,,120.976526,14.612397,
Divisoria Mall,,,Manila,,#005e38,True,,120.970447,14.602754,
Masangkay,,,Manila,,#005e38,True,,120.978082,14.607322,
Padre Rada,,,Manila,,#005e38,True,,120.969817,14.606368,
168 Mall FC,,,Manila,,#005e38,True,,120.97224,14.604405,
168 Phase 5,,,Manila,,#005e38,True,,120.971171,14.605798,
One Soler,,,Manila,crossing,#005e38,True,,120.974215,14.604677,
Sto. Cristo,,,Manila,,#005e38,True,,120.968157,14.603779,
Dragon 8 Shopping Center,,,Manila,,#005e38,True,,120.970972,14.606527,
Blumentritt,,,Manila,,#005e38,True,,120.983286,14.623237,
Chinese General Hospital,,,Manila,,#005e38,True,,120.987437,14.625776,
Recto Maxim,,,Manila,,#005e38,True,,120.985627,14.603086,
Trabajo,,,Manila,,#005e38,True,,120.99514,14.610777,
North Harbour,Store #995 (Justin Trudeau was here),,Manila,warning,#005e38,True,,120.962116,14.602011,
Abad Santos,,,Manila,,#005e38,True,,120.980297,14.632175,
Deca Mall,,,Manila,,#005e38,True,,120.963156,14.6249,
Gagalangin,,,Manila,,#005e38,True,,120.974069,14.628778,
Puregold Pritil,,,Manila,,#005e38,True,,120.971266,14.618397,
SM City San Lazaro,,,Manila,,#005e38,True,,120.985468,14.618342,
JT Centrale,,,Manila,,#005e38,True,,120.983835,14.607512,
Plaza Lorenzo Ruiz,,,Manila,,#005e38,True,,120.973355,14.600952,
Quintin Paredes,,,Manila,,#005e38,True,,120.975993,14.598129,
Ronquillo,,,Manila,,#005e38,True,,120.981037,14.600559,
Tayuman,,,Manila,,#005e38,True,,120.982585,14.616657,
Rizal Park,,,Manila,crossing,#005e38,True,,120.981305,14.582367,
Robinsons Place Manila,,,Manila,,#005e38,True,,120.984431,14.575637,
Plaza Leon Tondo,,,Manila,,#005e38,True,,120.966681,14.607152,
Pedro Gil,,,Manila,,#005e38,True,,120.986558,14.575196,
Galaxy,,,Manila,,#005e38,True,,120.981789,14.604289,
Universal Park Mall,,,Manila,,#005e38,True,,120.981571,14.601586,
Morayta,,,Manila,,#005e38,True,,120.987752,14.603936,
SM City Marikina,,,Marikina,,#005e38,True,,121.083792,14.626456,
Marikina Riverbanks,,,Marikina,,#005e38,True,,121.08243,14.630593,
Riverbanks North Triangle,,,Marikina,,#005e38,True,,121.083572,14.632532,
Marikina Bayan,,,Marikina,,#005e38,True,,121.097499,14.63329,
Gil Fernando Sumulong,,,Marikina,,#005e38,True,,121.101426,14.635335,
Graceland,,,Marikina,,#005e38,True,,121.0967,14.64554,
Bayanbayanan-Concepcion Marikina,,,Marikina,,#005e38,True,,121.104343,14.650742,
Marikina Heights,,,Marikina,,#005e38,True,,121.112181,14.650982,
Parang Marikina,,,Marikina,,#005e38,True,,121.11349,14.659547,
Puregold Arvo,,,Marikina,,#005e38,True,,121.116353,14.648524,
SM City Muntinlupa,,,Muntinlupa,,#005e38,True,,121.045264,14.377136,
Plaza Central,,,Muntinlupa,,#005e38,True,,121.044562,14.389142,
Shell SLT,,,Muntinlupa,,#005e38,True,,121.038365,14.393143,
Starplaza,,,Muntinlupa,,#005e38,True,,121.044973,14.397552,
Southpark Mall,,,Muntinlupa,,#005e38,True,,121.046713,14.412083,
Liana's Alabang,,,Muntinlupa,,#005e38,True,,121.047406,14.418787,
Alabang Junction,,,Muntinlupa,,#005e38,True,,121.043898,14.418609,
Festival Mall L1,,,Muntinlupa,,#005e38,True,,121.041459,14.417671,
Commerce,,,Muntinlupa,crossing,#005e38,True,,121.036035,14.419954,
F@stbytes,,,Muntinlupa,,#005e38,True,,121.039723,14.424949,
Ayala Alabang Town Center,,,Muntinlupa,,#005e38,True,,121.030857,14.424087,
Madrigal,,,Muntinlupa,,#005e38,True,,121.027786,14.425638,
Lakefront,,,Muntinlupa,,#005e38,True,,121.05488,14.465154,
Metropolis L1,,,Muntinlupa,,#005e38,True,,121.04617,14.41687,
Landmark L1,,,Muntinlupa,,#005e38,True,,121.043095,14.416418,
Terminal 1 Arrival,,,NAIA,airport,#005e38,True,,121.004798,14.506212,
Terminal 1 Departure,,,NAIA,airport,#005e38,True,,121.004059,14.505844,
Terminal 2 Departure,,,NAIA,airport,#005e38,True,,121.012688,14.509126,
Domestic Road,,,NAIA,airport,#005e38,True,,121.000517,14.52271,
[CLOSED] Terminal 3 Arrival,,,NAIA,airport,#000000,True,,121.013104,14.520645,
Northbay Boulevard,,,Navotas,,#005e38,True,,120.95311,14.64499,
Navotas,,,Navotas,,#005e38,True,,120.947085,14.65861,
SM City Sucat,,,Parañaque,,#005e38,True,,120.993342,14.483583,
Walter Mart Sucat,,,Parañaque,,#005e38,True,,121.007459,14.471463,
Shopwise Sucat,,,Parañaque,,#005e38,True,,121.036113,14.456509,
SM City BF Paranaque,,,Parañaque,,#005e38,True,,121.03205,14.458017,
Sucat Road,,,Parañaque,,#005e38,True,,121.018199,14.465147,
Paranaque City Hall,,,Parañaque,,#005e38,True,,121.021798,14.470032,
Olivarez,,,Parañaque,,#005e38,True,,120.997429,14.479406,
Quirino Medina,,,Parañaque,,#005e38,True,,120.987956,14.491771,
Walter Mart Bicutan,,,Parañaque,,#005e38,True,,121.045638,14.481098,
SM City Bicutan Main,,,Parañaque,,#005e38,True,,121.042535,14.485735,
SM City Bicutan Annex,,,Parañaque,,#005e38,True,,121.043671,14.486984,
Betterliving,,,Parañaque,,#005e38,True,,121.035673,14.482913,
Evacom,,,Parañaque,,#005e38,True,,121.00068,14.475114,
PITX Mall,,,Parañaque,,#005e38,True,,120.990951,14.508725,
Roligon Tambo,,,Parañaque,,#005e38,True,,120.997112,14.523314,
BF Homes,,,Parañaque,,#005e38,True,,121.028066,14.445195,
Unioil,,,Parañaque,,#005e38,True,,120.99682,14.50017,
Roxas Blvd MMPR,,,Parañaque,,#005e38,True,,120.993799,14.517938,
Aseana One,,,Parañaque,,#005e38,True,,120.991614,14.529065,
Okada Manila,,,Parañaque,,#005e38,True,,120.98041,14.512804,
City of Dreams,,,Parañaque,,#005e38,True,,120.991002,14.523066,
Ayala Malls Manila Bay,,,Parañaque,,#005e38,True,,120.989929,14.522535,
Quirino Baclaran,,,Parañaque,,#005e38,True,,120.997007,14.531498,
Baclaran Supermall,,,Parañaque,,#005e38,True,,120.996873,14.532663,
Baclaran Terminal,,,Parañaque,,#005e38,True,,120.99782,14.533715,
Redemptorist Roxas,,,Parañaque,,#005e38,True,,120.993694,14.530761,
Redemptorist Baclaran,,,Parañaque,,#005e38,True,,120.994733,14.532215,
Saulog,,,Pasay,,#005e38,True,,121.000093,14.536163,
Philtranco,,,Pasay,,#005e38,True,,121.004898,14.537666,
EDSA Revilla,,,Pasay,,#005e38,True,,121.001851,14.537263,
Metropoint,,,Pasay,,#005e38,True,,121.001628,14.537814,
Blue Bay Walk,,,Pasay,,#005e38,True,,120.99189,14.537467,
Double Dragon Plaza,,,Pasay,,#005e38,True,,120.989877,14.535925,
Phoenix CBP EDSA,,,Pasay,,#005e38,True,,120.987588,14.535487,
Biopolis,,,Pasay,,#005e38,True,,120.988728,14.534009,
Mall of Asia 1,,,Pasay,,#005e38,True,,120.982911,14.534613,
Mall of Asia 2,,,Pasay,,#005e38,True,,120.980021,14.535569,
Five E-com Center,,,Pasay,,#005e38,True,,120.982027,14.538626,
Roxas Strip,,,Pasay,,#005e38,True,,120.991693,14.545303,
Wellcome Plaza,,,Pasay,,#005e38,True,,120.99899,14.546688,
Libertad Burgos,,,Pasay,,#005e38,True,,121.000846,14.548033,
Partas Pasay,,,Pasay,,#005e38,True,,121.00368,14.534114,
Buendia Taft,,,Pasay,,#005e38,True,,120.997654,14.553768,
Two Shopping Center,,,Pasay,,#005e38,True,,120.999368,14.536067,
Amang Rodriguez,,,Pasig,,#005e38,True,,121.09169,14.60966,
Karangalan - Imelda,,,Pasig,,#005e38,True,,121.104927,14.604858,
Pasig Rotunda,,,Pasig,crossing,#005e38,True,,121.075858,14.565748,
M. Conception,,,Pasig,,#005e38,True,,121.074141,14.551598,
C. Raymundo,,,Pasig,,#005e38,True,,121.082035,14.570608,
Pasig Market Ave.,,,Pasig,,#005e38,True,,121.082771,14.557957,
One Mercedes,,,Pasig,,#005e38,True,,121.085739,14.56782,
Pioneer Centre,,,Pasig,,#005e38,True,,121.058017,14.574307,
Luckygold Lifehomes,,,Pasig,,#005e38,True,,121.094998,14.590323,
Amang Santolan,,,Pasig,,#005e38,True,,121.09278,14.618239,
Pasig Simbahan,,,Pasig,,#005e38,True,,121.077259,14.560904,
Ortigas Extn. Amang Rodriguez,,,Pasig,,#005e38,True,,121.08576,14.590925,
Strata 2000,,,Pasig,,#005e38,True,,121.062173,14.587153,
Robinsons Metroeast,,,Pasig,,#005e38,True,,121.099505,14.619504,
Ortigas Parklane,,,Pasig,crossing,#005e38,True,,121.063556,14.587683,
Shell C5 Julia Vargas,,,Pasig,,#005e38,True,,121.076962,14.583408,
Rockwell Business Center Tower 3,,,Pasig,,#005e38,True,,121.068199,14.58954,
Ayala Malls Feliz,,,Pasig,,#005e38,True,,121.093263,14.61964,
St. Francis Square,,,Pasig,,#005e38,True,,121.058192,14.586096,
SM City East Ortigas,,,Pasig,,#005e38,True,,121.1042,14.587371,
Hanston,next to Jollibee Center,,Pasig,,#005e38,True,,121.058345,14.579235,
Shaw Escriva,,,Pasig,,#005e38,True,,121.058672,14.577206,
Tycoon Pearl Drive,,,Pasig,,#005e38,True,,121.060918,14.581518,
Agustin I,,,Pasig,,#005e38,True,,121.061413,14.584979,
De Castro,,,Pasig,,#005e38,True,,121.097526,14.589292,
Pateros,,,Pateros,,#005e38,True,,121.065821,14.545165,
Ali Mall,,,Quezon City,,#005e38,True,,121.056344,14.620468,
Farmer's Market,,,Quezon City,,#005e38,True,,121.052772,14.619612,
Spark Place,,,Quezon City,,#005e38,True,,121.0564,14.618135,
New Farmer's Plaza,,,Quezon City,,#005e38,True,,121.051055,14.620278,
EDSA Arayat,,,Quezon City,,#005e38,True,,121.050632,14.619408,
EDSA Aurora,,,Quezon City,,#005e38,True,,121.04991,14.621201,
Manhattan Parkway,,,Quezon City,,#005e38,True,,121.053712,14.622965,
P. Tuazon 13th Ave,,,Quezon City,,#005e38,True,,121.058057,14.619302,
PNB Cubao Aurora,,,Quezon City,,#005e38,True,,121.051388,14.621908,
Katipunan,Level Up Store,,Quezon City,crossing,#005e38,True,,121.074011,14.637401,
East Avenue,,,Quezon City,,#005e38,True,,121.046391,14.637794,
EDSA Kamias,,,Quezon City,,#005e38,True,,121.046103,14.631129,
Matalino,,,Quezon City,,#005e38,True,,121.047945,14.644767,
UP Town Center,,,Quezon City,,#005e38,True,,121.074731,14.64989,
V. Luna Kalayaan,,,Quezon City,,#005e38,True,,121.054796,14.63595,
Anonas,,,Quezon City,,#005e38,True,,121.0636,14.628065,
Anonas Kamias,,,Quezon City,,#005e38,True,,121.058559,14.63465,
Greenmeadows,Metropoli Bagumbayan branch just across the street,,Quezon City,,#005e38,True,,121.078861,14.601684,
Metrolane,,,Quezon City,,#005e38,True,,121.063462,14.621156,
Metropoli Bagumbayan,Greenmoeadows branch just across the street,,Quezon City,,#005e38,True,,121.079669,14.601747,
Fishermall Quezon City,,,Quezon City,,#005e38,True,,121.019089,14.633534,
Welcome Rotunda,,,Quezon City,,#005e38,True,,121.001778,14.618233,
Banawe,,,Quezon City,,#005e38,True,,121.004434,14.627734,
Banawe Cardiz,,,Quezon City,,#005e38,True,,121.009777,14.620962,
D. Tuazon,,,Quezon City,,#005e38,True,,121.003993,14.620252,
Puregold E. Rodriguez,,,Quezon City,,#005e38,True,,121.014046,14.618384,
Puregold Kanlaon,,,Quezon City,,#005e38,True,,120.994633,14.63709,
West Avenue,,,Quezon City,,#005e38,True,,121.028768,14.648732,
E. Rodriguez,,,Quezon City,,#005e38,True,,121.021741,14.620716,
Eton Centris,,,Quezon City,,#005e38,True,,121.038702,14.643491,
Quezon Ave cor Araneta,,,Quezon City,,#005e38,True,,121.013288,14.628032,
Roces,,,Quezon City,,#005e38,True,,121.020309,14.633269,
Shell EDSA NPO DT,,,Quezon City,,#005e38,True,,121.041782,14.638437,
Tomas Morato,,,Quezon City,,#005e38,True,,121.034314,14.631394,
West Avenue EDSA,,,Quezon City,,#005e38,True,,121.029586,14.654885,
Scout Tobias,,,Quezon City,,#005e38,True,,121.031406,14.635952,
Mayon,,,Quezon City,,#005e38,True,,120.995874,14.630295,
National Bookstore Quezon Avenue,,,Quezon City,,#005e38,True,,121.030763,14.639545,
Quezon Avenue corner Dr. Garcia,,,Quezon City,,#005e38,True,,121.017235,14.631205,
San Francisco del Monte,,,Quezon City,,#005e38,True,,121.015521,14.640464,
Siena,,,Quezon City,,#005e38,True,,121.005841,14.638748,
DMMA 1 Ever Gotesco,,,Quezon City,,#005e38,True,,121.084541,14.678182,
DMMA 2 Ever Gotesco,,,Quezon City,,#005e38,True,,121.086417,14.678067,
Don Antonio Heights,,,Quezon City,,#005e38,True,,121.077705,14.683573,
Phoenix Congressional,,,Quezon City,,#005e38,True,,121.044663,14.672006,
Shopwise Commonwealth,,,Quezon City,,#005e38,True,,121.081974,14.677177,
Commonwealth Mindanao,,,Quezon City,,#005e38,True,,121.052224,14.721779,
North Fairview,,,Quezon City,,#005e38,True,,121.061493,14.735116,
Pearl Drive,,,Quezon City,,#005e38,True,,121.072479,14.706094,
Shell Commonwealth Feria,,,Quezon City,,#005e38,True,,121.079289,14.671436,
Commonwealth Soliven,,,Quezon City,,#005e38,True,,121.086776,14.701764,
Big R,,,Quezon City,,#005e38,True,,121.055265,14.735736,
SM Fairview 1,,,Quezon City,,#005e38,True,,121.059712,14.734216,
Dahlia,,,Quezon City,,#005e38,True,,121.067455,14.700119,
Lagro,,,Quezon City,,#005e38,True,,121.067112,14.735212,
Olympus Arcade,,,Quezon City,,#005e38,True,,121.047073,14.739885,
Fairview Terraces,,,Quezon City,,#005e38,True,,121.060547,14.735779,
SM City Novaliches,,,Quezon City,,#005e38,True,,121.037125,14.708353,
Nova Market,,,Quezon City,,#005e38,True,,121.036721,14.722047,
Nova Plaza Mall,,,Quezon City,,#005e38,True,,121.040017,14.721508,
Nova Square,,,Quezon City,,#005e38,True,,121.034926,14.701263,
Susano Complex,,,Quezon City,,#005e38,True,,121.040639,14.722134,
Susano Road,,,Quezon City,,#005e38,True,,121.039018,14.723725,
Tandang Sora Visayas,,,Quezon City,,#005e38,True,,121.04385,14.675923,
Visayas Avenue,,,Quezon City,,#005e38,True,,121.04461,14.661208,
Baesa,,,Quezon City,,#005e38,True,,121.008492,14.667532,
Kingspoint,,,Quezon City,,#005e38,True,,121.029566,14.692947,
Novaliches San Bartolome,,,Quezon City,,#005e38,True,,121.039115,14.707671,
Quirino Highway Talipapa,,,Quezon City,,#005e38,True,,121.024358,14.686137,
Fairview Regalado,,,Quezon City,,#005e38,True,,121.069882,14.706163,
Puregold Commonwealth,,,Quezon City,,#005e38,True,,121.07101,14.666487,
Puregold North Commonwealth,,,Quezon City,,#005e38,True,,121.080092,14.704449,
Tandang Sora Commonwealth,,,Quezon City,,#005e38,True,,121.067688,14.664596,
[CLOSED] UP Philcoa,,,Quezon City,,#000000,True,,121.053977,14.653811,
Villongco,,,Quezon City,,#005e38,True,,121.086605,14.696081,
SM City Sta. Mesa,,,Quezon City,,#005e38,True,,121.018722,14.605035,
Aurora Gilmore,,,Quezon City,,#005e38,True,,121.034621,14.613577,
Eton Cyberpod-Corinthian,,,Quezon City,,#005e38,True,,121.060196,14.592114,
Petron Bonny Serrano,,,Quezon City,,#005e38,True,,121.053798,14.610912,
Robinson's Galleria,,,Quezon City,,#005e38,True,,121.058832,14.591794,
Robinson's Magnolia,,,Quezon City,,#005e38,True,,121.037849,14.615257,
Bago Bantay,,,Quezon City,,#005e38,True,,121.025849,14.659789,
Munoz,,,Quezon City,,#005e38,True,,121.019858,14.657323,
Walter Mart Munoz,,,Quezon City,,#005e38,True,,121.020724,14.657269,
Ayala Cloverleaf,,,Quezon City,,#005e38,True,,121.000047,14.65553,
Jackman Plaza,,,Quezon City,,#005e38,True,,121.020954,14.657942,
SM Cherry Congressional,,,Quezon City,,#005e38,True,,121.038619,14.671229,
Trinoma,,,Quezon City,,#005e38,True,,121.033835,14.653656,
Rock Plaza,,,Quezon City,,#005e38,True,,121.032511,14.675674,
SM City North EDSA,,,Quezon City,,#005e38,True,,121.029683,14.656525,
SM City North EDSA Foodcourt,,,Quezon City,,#005e38,True,,121.031121,14.656915,
EDSA Maya,,,Quezon City,,#005e38,True,,121.049305,14.624037,
Petron CS Bagumbayan,,,Quezon City,,#005e38,True,,121.079157,14.606631,
Shell Borromeo,,,Quezon City,,#005e38,True,,121.041498,14.63754,
Quirino Novaliches,,,Quezon City,,#005e38,True,,121.040088,14.719315,
Ortigas Roosevelt,,,San Juan,,#005e38,True,,121.044511,14.603953,
F. Manalo,,,San Juan,,#005e38,True,,121.028245,14.596038,
N. Domingo,,,San Juan,,#005e38,True,,121.023353,14.606164,
Wilson,,,San Juan,,#005e38,True,,121.039418,14.597231,
Greenhills Arcade,,,San Juan,,#005e38,True,,121.050049,14.602312,
Annapolis,,,San Juan,crossing,#005e38,True,,121.05225,14.603879,
Bonny Serrano West Crame,,,San Juan,,#005e38,True,,121.048229,14.609003,
Unioil Pinaglabanan,"Opened: January 9, 2024",,San Juan,,#005e38,True,,121.032323,14.604031,
BCG Triangle Drive,Store #1000! First Jollibrews concept store!,,Taguig,warning,#005e38,True,,121.057618,14.55875,
General Santos Avenue,,,Taguig,,#005e38,True,,121.060632,14.488678,
Signal Valley,,,Taguig,crossing,#005e38,True,,121.053088,14.504582,
FTI Sunshine,,,Taguig,,#005e38,True,,121.040751,14.505279,
Shell C5 Heritage,,,Taguig,,#005e38,True,,121.043101,14.516543,
Gate 3 Plaza,,,Taguig,,#005e38,True,,121.02749,14.525393,
Bayani Road,,,Taguig,,#005e38,True,,121.042694,14.526216,
Petron Diego Silang,,,Taguig,crossing,#005e38,True,,121.057542,14.529043,
Venice Grand Canal,,,Taguig,,#005e38,True,,121.050583,14.533872,
Taguig Bayan,,,Taguig,,#005e38,True,,121.070615,14.52892,
Vista Mall Taguig,,,Taguig,,#005e38,True,,121.07478,14.53019,
Shell C5 NB,,,Taguig,,#005e38,True,,121.055633,14.541107,
SM Aura Premier,,,Taguig,,#005e38,True,,121.054304,14.546612,
Market! Market!,,,Taguig,,#005e38,True,,121.055903,14.54897,
W City Center,,,Taguig,,#005e38,True,,121.049353,14.552323,
The Mind Museum,,,Taguig,crossing,#005e38,True,,121.045484,14.552449,
Bonifacio Stopver,,,Taguig,,#005e38,True,,121.045591,14.554235,
Waterfun Cuasay,,,Taguig,,#005e38,True,,121.052085,14.514879,
Global City,,,Taguig,,#005e38,True,,121.046437,14.554614,
Valenzuela Town Center,,,Valenzuela,,#005e38,True,,120.969629,14.692322,
Valenzuela Marulas,,,Valenzuela,,#005e38,True,,120.982056,14.673511,
SM City Valenzuela,,,Valenzuela,,#005e38,True,,120.976311,14.686242,
Karuhatan Jeepney Market,,,Valenzuela,,#005e38,True,,120.973856,14.689627,
Malinta McArthur Hway,,,Valenzuela,,#005e38,True,,120.964004,14.692665,
Malanday,,,Valenzuela,,#005e38,True,,120.95731,14.717776,
Malanday Crossing,,,Valenzuela,,#005e38,True,,120.959754,14.709002,
Maysan,,,Valenzuela,,#005e38,True,,120.978956,14.699534,
Gen T. De Leon,,,Valenzuela,,#005e38,True,,120.995054,14.686334,
One Mall,,,Valenzuela,,#005e38,True,,121.000074,14.687631,
Paso De Blas,,,Valenzuela,,#005e38,True,,120.993805,14.709375,
Happy Go Mall,,,Valenzuela,,#005e38,True,,120.996361,14.746629,
Batac,,,Ilocos Norte,,#ff7373,True,,120.562709,18.054597,
San Nicolas - Highway,,,Ilocos Norte,,#ff7373,True,,120.59339,18.17145,
San Nicolas - Robinsons Place Ilocos,,,Ilocos Norte,,#ff7373,True,,120.592455,18.179849,
Laoag - Centro,,,Ilocos Norte,,#ff7373,True,,120.594736,18.193946,
Laoag - Bacarra,,,Ilocos Norte,,#ff7373,True,,120.594615,18.197536,
Candon,,,Ilocos Sur,,#ff7373,True,,120.448072,17.192245,
Candon - Highway,,,Ilocos Sur,,#ff7373,True,,120.445341,17.1838,
Narvacan,,,Ilocos Sur,,#ff7373,True,,120.47406,17.419057,
Vigan - Plaza,,,Ilocos Sur,crossing,#ff7373,True,,120.387596,17.574803,
Vigan - Market,,,Ilocos Sur,,#ff7373,True,,120.385586,17.569052,
Bantay,,,Ilocos Sur,,#ff7373,True,,120.389797,17.580903,
Cabugao,"Opened June 28, 2024",,Ilocos Sur,,#ff7373,True,,120.456985,17.791294,
Bauang,Store #996,,La Union,warning,#ff7373,True,,120.329553,16.526851,
Rosario,,,La Union,,#ff7373,True,,120.500233,16.225504,
Agoo,,,La Union,crossing,#ff7373,True,,120.367448,16.322328,
San Fernando City - La Union SFE,,,La Union,,#ff7373,True,,120.316464,16.615603,
San Fernando City - La Union 2,,,La Union,,#ff7373,True,,120.316958,16.617797,
San Fernando City - Sevilla,,,La Union,,#ff7373,True,,120.318362,16.6021,
San Fernando City - Lingsat,,,La Union,,#ff7373,True,,120.312109,16.636637,
Bacnotan,,,La Union,,#ff7373,True,,120.348871,16.720435,
Balaoan,U/C,,La Union,,#ff7373,True,,120.402478,16.820595,
Santo Tomas - Damortis,"Opened: September 17, 2024",,La Union,,#ff7373,True,,120.406183,16.240777,
Calasiao,,,Pangasinan,,#ff7373,True,,120.3536,16.021676,
Calasiao - Robinsons Place Calasiao,,,Pangasinan,,#ff7373,True,,120.358718,16.021734,
Mangaldan,,,Pangasinan,,#ff7373,True,,120.404788,16.068634,
Lingayen,,,Pangasinan,,#ff7373,True,,120.232498,16.021697,
Mangatarem,,,Pangasinan,,#ff7373,True,,120.29371,15.790224,
Alaminos,,,Pangasinan,,#ff7373,True,,119.979812,16.155538,
Malasiqui,,,Pangasinan,,#ff7373,True,,120.414549,15.919037,
Bayambang,,,Pangasinan,,#ff7373,True,,120.457231,15.809658,
Tayug,,,Pangasinan,,#ff7373,True,,120.745234,16.028325,
Rosales,,,Pangasinan,,#ff7373,True,,120.598191,15.883681,
Rosales - SM City Rosales,,,Pangasinan,,#ff7373,True,,120.601676,15.879034,
Binalonan,,,Pangasinan,,#ff7373,True,,120.585985,16.047067,
Manaoag,,,Pangasinan,,#ff7373,True,,120.487123,16.044181,
Dagupan City - Perez,,,Pangasinan,,#ff7373,True,,120.337471,16.040195,
Dagupan City - East Junction,,,Pangasinan,,#ff7373,True,,120.343245,16.046108,
Dagupan City - AB Fernandez,,,Pangasinan,,#ff7373,True,,120.336246,16.044155,
Dagupan City - Nepo Mall Dagupan,,,Pangasinan,,#ff7373,True,,120.341704,16.051245,
Dagupan City - SM Center Dagupan,,,Pangasinan,,#ff7373,True,,120.343445,16.044771,
Dagupan City - Lucao,,,Pangasinan,,#ff7373,True,,120.324239,16.020913,
San Carlos City - Magic,,,Pangasinan,crossing,#ff7373,True,,120.348273,15.927044,
San Carlos City - Magic Mall DT,,,Pangasinan,,#ff7373,True,,120.345709,15.932801,
San Carlos City - Town Center,,,Pangasinan,,#ff7373,True,,120.347186,15.933428,
Urdaneta City,,,Pangasinan,,#ff7373,True,,120.571368,15.97265,
Urdaneta City - Magic Mall Urdaneta,,,Pangasinan,,#ff7373,True,,120.567595,15.975491,
Urdaneta City - SM City Urdaneta Downtown,,,Pangasinan,,#ff7373,True,,120.572272,15.970891,
Pozorrubio,,,Pangasinan,,#ff7373,True,,120.541175,16.118855,
Tabuk,,,Cordillera,,#00c4bf,True,,121.444852,17.411732,
La Trinidad,,,Cordillera,,#00c4bf,True,,120.590874,16.447628,
Bangued,,,Cordillera,,#00c4bf,True,,120.618032,17.595823,
Baguio City - Legarda,,,Cordillera,,#00c4bf,True,,120.590951,16.411289,
Baguio City - Magsaysay,,,Cordillera,crossing,#00c4bf,True,,120.596035,16.415676,
Baguio City - Harrison,,,Cordillera,,#00c4bf,True,,120.596536,16.412011,
Baguio City - SM City Baguio,,,Cordillera,,#00c4bf,True,,120.599827,16.408538,
Baguio City - Assumption,,,Cordillera,,#00c4bf,True,,120.597435,16.414065,
Baguio City - Session,,,Cordillera,,#00c4bf,True,,120.598743,16.411705,
Baguio City - Session Mabini,,,Cordillera,,#00c4bf,True,,120.596449,16.413064,
Baguio City - Session Assumption,,,Cordillera,,#00c4bf,True,,120.597493,16.412703,
Baguio City - Upper Session Extension,,,Cordillera,,#00c4bf,True,,120.602448,16.405376,
[CLOSED] Baguio City - Session Prime,,,Cordillera,,#000000,True,,120.596962,16.412508,
Tuguegarao - Buntun,,,Cagayan,,#64e968,True,,121.706424,17.613318,
Tuguegarao - SM City Tuguegarao Downtown,,,Cagayan,,#64e968,True,,121.724638,17.61305,
Tuguegarao - Citimall,,,Cagayan,,#64e968,True,,121.728528,17.611863,
Tuguegarao - Bonifacio,,,Cagayan,,#64e968,True,,121.728268,17.613995,
Tuguegarao - Robinsons Place Tuguegarao,,,Cagayan,,#64e968,True,,121.733295,17.628513,
Tuguegarao - Tanza,,,Cagayan,,#64e968,True,,121.732793,17.626348,
Aparri,,,Cagayan,,#64e968,True,,121.642222,18.354729,
Abulug,U/C,,Cagayan,,#64e968,True,,121.41088,18.351405,
Cabagan,,,Isabela,,#64e968,True,,121.774199,17.426912,
Tumauini,,,Isabela,,#64e968,True,,121.807413,17.282358,
Cauayan - Maharlika,,,Isabela,,#64e968,True,,121.768057,16.939444,
Cauayan - Centro,,,Isabela,,#64e968,True,,121.774172,16.936182,
Cauayan - SM City Cauayan,,,Isabela,,#64e968,True,,121.769669,16.936738,
Ilagan,,,Isabela,,#64e968,True,,121.866211,17.127753,
Alicia,,,Isabela,,#64e968,True,,121.699071,16.778952,
Roxas,,,Isabela,,#64e968,True,,121.620569,17.121064,
Cordon,"Opened: Nov 6, 2022",,Isabela,,#64e968,True,,121.465658,16.67376,
Santiago - Highway,,,Isabela,,#64e968,True,,121.541211,16.688417,
Santiago - Bayan,,,Isabela,,#64e968,True,,121.547178,16.689129,
Santiago - Robinsons Place Santiago,,,Isabela,,#64e968,True,,121.560842,16.696596,
San Mateo,"Opened: October 18, 2024",,Isabela,,#64e968,True,,121.587909,16.880725,
Bambang,,,Nueva Vizcaya,,#64e968,True,,121.107662,16.384438,
Bayombong,,,Nueva Vizcaya,,#64e968,True,,121.146664,16.487632,
Solano,,,Nueva Vizcaya,,#64e968,True,,121.181939,16.517417,
Baler,,,Aurora,,#660000,True,,121.552181,15.757567,
Dinalupihan,,,Bataan,,#660000,True,,120.465545,14.867045,
Hermosa,,,Bataan,,#660000,True,,120.474412,14.842073,
Orani,,,Bataan,,#660000,True,,120.53594,14.801378,
Balanga - Highway,,,Bataan,,#660000,True,,120.523065,14.674424,
Balanga - Capitol,,,Bataan,,#660000,True,,120.535413,14.67705,
Balanga - Centre Plaza Mall,,,Bataan,,#660000,True,,120.541264,14.679835,
Balanga - Diversion,,,Bataan,,#660000,True,,120.539156,14.686788,
Orion,,,Bataan,,#660000,True,,120.577213,14.621823,
Limay,,,Bataan,,#660000,True,,120.589823,14.559837,
Marivales,,,Bataan,,#660000,True,,120.490658,14.4358,
San Jose del Monte - Altaraza,"Opened February 23, 2024",,Bulacan,,#660000,True,,121.074851,14.77725,
San Jose del Monte - SM City SJDM,,,Bulacan,,#660000,True,,121.075129,14.785638,
San Jose del Monte - Tungko,,,Bulacan,,#660000,True,,121.07452,14.788882,
San Jose del Monte - Starmall SJDM,,,Bulacan,,#660000,True,,121.071885,14.814028,
San Jose del Monte - Muzon,,,Bulacan,,#660000,True,,121.03543,14.801455,
San Jose del Monte - Sampol,,,Bulacan,,#660000,True,,121.055579,14.857406,
Marilao - Petron Marilao,,,Bulacan,,#660000,True,,120.963599,14.763515,
Marilao - SM City Marilao,,,Bulacan,,#660000,True,,120.955626,14.753527,
Meycauayan - Malhacan,,,Bulacan,,#660000,True,,120.971012,14.74349,
Meycauayan - Aliw,,,Bulacan,,#660000,True,,120.960501,14.737585,
Meycauayan - EMA Town Center,,,Bulacan,,#660000,True,,120.991911,14.765541,
Meycauayan - Sto. Nino,,,Bulacan,,#660000,True,,120.996498,14.766358,
Bocaue - Lolomboy,,,Bulacan,,#660000,True,,120.9349,14.781301,
Balagtas,,,Bulacan,,#660000,True,,120.905743,14.818064,
Balagtas - Town Center,,,Bulacan,,#660000,True,,120.904394,14.820121,
Balagtas - Shell NLEX,,,Bulacan,,#660000,True,,120.908603,14.831047,
Santa Maria,,,Bulacan,,#660000,True,,120.961505,14.818698,
Santa Maria - Highway,,,Bulacan,,#660000,True,,120.952772,14.821352,
Santa Maria - Walter Mart Santa Maria,,,Bulacan,,#660000,True,,120.954061,14.82276,
Santa Maria - Pulong Buhangin,,,Bulacan,,#660000,True,,120.994039,14.864857,
Guiguinto - Walter Mart Guiguinto,,,Bulacan,,#660000,True,,120.873886,14.828159,
Guiguinto - Santa Cruz,,,Bulacan,,#660000,True,,120.85928,14.839026,
Guiguinto - Highway,,,Bulacan,,#660000,True,,120.861575,14.841711,
Plaridel - Highway,,,Bulacan,,#660000,True,,120.861762,14.872655,
Plaridel - Walter Mart Plaridel,,,Bulacan,,#660000,True,,120.86619,14.881657,
Malolos - Robinsons Place Malolos,,,Bulacan,,#660000,True,,120.823691,14.850004,
Malolos - Crossing,,,Bulacan,,#660000,True,,120.81716,14.852061,
Malolos - Bayan,,,Bulacan,,#660000,True,,120.812326,14.843087,
Malolos - Transport Terminal,,,Bulacan,,#660000,True,,120.812274,14.85821,
Pulilan - Pulilan Junction,,,Bulacan,,#660000,True,,120.868136,14.902085,
Angat,,,Bulacan,,#660000,True,,121.028926,14.928211,
Baliuag - SM City Baliuag,,,Bulacan,,#660000,True,,120.890921,14.960231,
Baliuag - Junction,,,Bulacan,,#660000,True,,120.897073,14.962956,
Baliuag - Bayan,,,Bulacan,,#660000,True,,120.900922,14.953816,
Bustos,,,Bulacan,,#660000,True,,120.916453,14.952859,
Hagonoy,,,Bulacan,crossing,#660000,True,,120.733662,14.835722,
San Rafael,,,Bulacan,crossing,#660000,True,,120.934449,15.027995,
San Ildefonso,,,Bulacan,,#660000,True,,120.941026,15.079145,
San Miguel,,,Bulacan,,#660000,True,,120.974844,15.156443,
Guimba,,,Nueva Ecija,,#660000,True,,120.764934,15.659433,
Zaragoza,,,Nueva Ecija,,#660000,True,,120.796632,15.448507,
Gapan - Walter Mart Gapan,,,Nueva Ecija,,#660000,True,,120.94609,15.30309,
Gapan - Bayan,,,Nueva Ecija,,#660000,True,,120.949097,15.312424,
Cabiao,,,Nueva Ecija,,#660000,True,,120.858066,15.249728,
Science City of Muñoz,,,Nueva Ecija,,#660000,True,,120.904754,15.713467,
"San Jose, Nueva Ecija",,,Nueva Ecija,,#660000,True,,120.990096,15.792139,
San Jose - Walter Mart,,,Nueva Ecija,,#660000,True,,120.993867,15.797522,
Rizal,,,Nueva Ecija,,#660000,True,,121.100852,15.706844,
Talavera,,,Nueva Ecija,,#660000,True,,120.91954,15.584912,
Talavera - Walter Mart Talavera,,,Nueva Ecija,,#660000,True,,120.920706,15.573233,
Cabanatuan - Shell,,,Nueva Ecija,,#660000,True,,120.975402,15.493069,
Cabanatuan - Walter Mart Cabanatuan,,,Nueva Ecija,,#660000,True,,120.971784,15.486252,
Cabanatuan - SM Mega Center,,,Nueva Ecija,,#660000,True,,120.967938,15.4875,
Cabanatuan - Bayan,,,Nueva Ecija,,#660000,True,,120.962177,15.487546,
Cabanatuan - Circumferential,,,Nueva Ecija,,#660000,True,,120.955727,15.470444,
Cabanatuan - SM City Cabanatuan,,,Nueva Ecija,,#660000,True,,120.954115,15.46625,
Cabanatuan - Diversion,,,Nueva Ecija,,#660000,True,,120.946734,15.452277,
Cabanatuan - NE Pacific Mall,,,Nueva Ecija,,#660000,True,,120.948002,15.460972,
Santa Rosa,,,Nueva Ecija,,#660000,True,,120.938184,15.424224,
Apalit,,,Pampanga,,#660000,True,,120.758979,14.950136,
Macabebe,Aguinaldo's bane,,Pampanga,,#660000,True,,120.715796,14.908024,
Santo Tomas,,,Pampanga,,#660000,True,,120.708842,15.010711,
San Fernando - Mega Caltex,,,Pampanga,,#660000,True,,120.715602,15.030322,
San Fernando - Bayan,,,Pampanga,,#660000,True,,120.692363,15.02881,
San Fernando - SM City San Fernando Downtown,,,Pampanga,,#660000,True,,120.692236,15.028112,
San Fernando - Dolores McArthur,,,Pampanga,,#660000,True,,120.685665,15.034605,
San Fernando - Dolores Junction,,,Pampanga,,#660000,True,,120.681672,15.039272,
San Fernando - Northwalk,,,Pampanga,,#660000,True,,120.68474,15.042605,
San Fernando - Lazatin,,,Pampanga,,#660000,True,,120.672131,15.044735,
San Fernando - SM City Pampanga,,,Pampanga,,#660000,True,,120.699866,15.05206,
San Fernando - Robinsons Starmills,,,Pampanga,,#660000,True,,120.697857,15.049933,
San Fernando - Walter Mart San Fernando,,,Pampanga,,#660000,True,,120.666382,15.04838,
San Fernando - Maimpis,,,Pampanga,,#660000,True,,120.652816,15.06445,
San Fernando - Sindalan,,,Pampanga,,#660000,True,,120.640705,15.077334,
San Fernando - SM City Telebastagan,,,Pampanga,,#660000,True,,120.601119,15.121555,
Santa Ana,,,Pampanga,,#660000,True,,120.766367,15.094246,
Mexico,Store #993,,Pampanga,warning,#660000,True,,120.71988,15.063021,
Mexico - Shell NLEX,,,Pampanga,,#660000,True,,120.644172,15.128829,
Guagua,,,Pampanga,,#660000,True,,120.633377,14.966234,
Guagua - Highway,Store #992,,Pampanga,warning,#660000,True,,120.624477,14.985606,
Floridablanca,,,Pampanga,,#660000,True,,120.528814,14.974035,
Arayat,,,Pampanga,,#660000,True,,120.770063,15.149636,
Mabalacat,,,Pampanga,,#660000,True,,120.575281,15.221585,
Mabalacat - Dau McArthur,,,Pampanga,,#660000,True,,120.587439,15.175605,
Mabalacat - Dau,,,Pampanga,,#660000,True,,120.587237,15.178675,
Mabalacat - Dau Bus,Attached to CItyMall Dau,,Pampanga,,#660000,True,,120.588992,15.178776,
Mabalacat - Camachiles,"Opened on May 31, 2024",,Pampanga,,#660000,True,,120.583834,15.190047,
Magalang,,,Pampanga,,#660000,True,,120.661693,15.213769,
Sto Domingo,,,Angeles City,star,#660000,True,,120.5983,15.125932,
Sto Rosario,,,Angeles City,star,#660000,True,,120.591059,15.135132,
Nepo Mall,,,Angeles City,star,#660000,True,,120.588459,15.134818,
Jenra Mall,,,Angeles City,star,#660000,True,,120.587894,15.136224,
Downtown,,,Angeles City,star,#660000,True,,120.587566,15.138663,
Friendship,,,Angeles City,star,#660000,True,,120.574777,15.129467,
Angeles University Foundation,,,Angeles City,star,#660000,True,,120.595332,15.144755,
Robinsons Angeles,,,Angeles City,star,#660000,True,,120.591917,15.157047,
Sta Maria Balibago,,,Angeles City,star,#660000,True,,120.592226,15.159195,
Balibago,,,Angeles City,star,#660000,True,,120.590115,15.167147,
Clarkfield,,,Angeles City,star,#660000,True,,120.584771,15.167108,
SM City Clark,,,Angeles City,star,#660000,True,,120.580853,15.167987,
Petron Clark,,,Angeles City,star,#660000,True,,120.57026,15.167297,
Koreatown,안녕하세요!,,Angeles City,star,#660000,True,,120.555131,15.16303,
Marquee Mall,,,Angeles City,star,#660000,True,,120.610384,15.162676,
Berthaphil,,,Angeles City,crossing,#660000,True,,120.530271,15.17764,
Capas,,,Tarlac,,#660000,True,,120.590919,15.332849,
Capas - Highway,,,Tarlac,,#660000,True,,120.594053,15.34125,
Conception,,,Tarlac,,#660000,True,,120.65319,15.3232,
Tarlac City - Luisita,,,Tarlac,,#660000,True,,120.598915,15.431916,
Tarlac City - SM City Tarlac,,,Tarlac,,#660000,True,,120.595081,15.476858,
Tarlac City - Highway,,,Tarlac,,#660000,True,,120.594924,15.480985,
Tarlac City - Metrotown,,,Tarlac,,#660000,True,,120.596631,15.487556,
Tarlac City - Magic Star,,,Tarlac,,#660000,True,,120.587497,15.486832,
Tarlac City - Tañedo,,,Tarlac,,#660000,True,,120.591499,15.490454,
Paniqui,,,Tarlac,,#660000,True,,120.579869,15.668224,
Paniqui - Highway,,,Tarlac,,#660000,True,,120.585141,15.671393,
Camiling,,,Tarlac,,#660000,True,,120.410904,15.686882,
Moncada,,,Tarlac,,#660000,True,,120.574393,15.737838,
Gerona,,,Tarlac,,#660000,True,,120.598703,15.606306,
Santa Ignacia,"Opened November 27, 2023",,Tarlac,,#660000,True,,120.437446,15.615109,
Olongapo - Subic Argonaut,,,Zambales,,#660000,True,,120.298736,14.822696,
Olongapo - Subic Bay,,,Zambales,,#660000,True,,120.282229,14.824239,
Olongapo - SM City Olongapo,,,Zambales,,#660000,True,,120.282663,14.826612,
Olongapo - Subic Lot 21,,,Zambales,,#660000,True,,120.282388,14.827148,
Olongapo - SM City Olongapo Central,,,Zambales,,#660000,True,,120.282452,14.836887,
Olongapo - Ulo ng Apo,,,Zambales,,#660000,True,,120.284486,14.838579,
Olongapo - Triangle,,,Zambales,,#660000,True,,120.286399,14.841002,
Subic,,,Zambales,,#660000,True,,120.23471,14.877908,
Subic - Walter Mart Subic,,,Zambales,,#660000,True,,120.236952,14.888395,
Iba,,,Zambales,,#660000,True,,119.974356,15.328732,
Carmona - Paseo de Carmona,,,Cavite,,#7478fb,True,,121.065047,14.324231,
Carmona - Walter Mart Carmona,,,Cavite,,#7478fb,True,,121.050215,14.313808,
Carmona - Highway,,,Cavite,,#7478fb,True,,121.040478,14.310893,
General Mariano Alvarez,,,Cavite,,#7478fb,True,,120.997652,14.284063,
General Mariano Alvarez - Portal Mall,,,Cavite,,#7478fb,True,,121.006278,14.294012,
Silang - Highway,,,Cavite,,#7478fb,True,,120.96894,14.213049,
Silang - Bayan,,,Cavite,,#7478fb,True,,120.973845,14.222818,
Tagaytay - Ayala Malls Serin,,,Cavite,,#7478fb,True,,120.958611,14.113188,
Tagaytay - Mendez,,,Cavite,,#7478fb,True,,120.916611,14.096729,
Indang,,,Cavite,crossing,#7478fb,True,,120.877968,14.196164,
Dasmariñas City - New Salawag,,,Cavite,,#7478fb,True,,120.980866,14.352498,
Dasmariñas City - Robinsons Place Dasmariñas,,,Cavite,,#7478fb,True,,120.954069,14.299935,
Dasmariñas City - SM City Dasmariñas,,,Cavite,,#7478fb,True,,120.956892,14.301315,
Dasmariñas City - Walter Mart Dasmariñas,,,Cavite,,#7478fb,True,,120.941029,14.325611,
Dasmariñas City - DBB,,,Cavite,,#7478fb,True,,120.953991,14.334435,
Dasmariñas City - Bayan,,,Cavite,,#7478fb,True,,120.93632,14.32614,
Dasmariñas City - SM Marketmall Dasmariñas,,,Cavite,,#7478fb,True,,120.959562,14.328009,
Dasmariñas City - FCIE,,,Cavite,,#7478fb,True,,120.932155,14.292221,
Dasmariñas City - Arvo,,,Cavite,,#7478fb,True,,120.981928,14.359777,
Dasmariñas City - Central Mall,,,Cavite,,#7478fb,True,,120.938055,14.350082,
Dasmariñas City - Paliparan,,,Cavite,,#7478fb,True,,120.985076,14.320392,
General Trias - Hiway,,,Cavite,,#7478fb,True,,120.912408,14.291843,
General Trias - Walter Mart General Trias,,,Cavite,,#7478fb,True,,120.908519,14.291534,
General Trias - Robinsons Place General Trias,,,Cavite,,#7478fb,True,,120.865266,14.39626,
General Trias - Bacao,,,Cavite,,#7478fb,True,,120.87869,14.40858,
Imus - Lancaster,,,Cavite,,#7478fb,True,,120.905213,14.403644,
Imus - The District Imus,,,Cavite,,#7478fb,True,,120.939196,14.370407,
Imus - Anabu,,,Cavite,,#7478fb,True,,120.939159,14.37498,
Imus - Makro,,,Cavite,,#7478fb,True,,120.939992,14.401292,
Imus - Lumina,,,Cavite,,#7478fb,True,,120.941869,14.422647,
Imus - Lotus Mall,,,Cavite,,#7478fb,True,,120.940576,14.423876,
Imus - Pagasa,,,Cavite,,#7478fb,True,,120.911334,14.441363,
Imus - Bahayang Pag-asa,,,Cavite,,#7478fb,True,,120.968316,14.395869,
Imus - Bucandala,,,Cavite,,#7478fb,True,,120.925457,14.405318,
Imus - Vermosa,,,Cavite,,#7478fb,True,,120.960922,14.385487,
Imus - Buhay na Tubig,,,Cavite,,#7478fb,True,,120.956461,14.406739,
Bacoor - SM City Molino,,,Cavite,,#7478fb,True,,120.977806,14.384073,
Bacoor - Vista Mall Daanghari,,,Cavite,,#7478fb,True,,120.978306,14.38548,
Bacoor - Molino,,,Cavite,,#7478fb,True,,120.977797,14.405433,
Bacoor - Molino Blvd,Plane sighted nearby! (ESRI Satellite Clear),,Cavite,,#7478fb,True,,120.965475,14.42384,
Bacoor - SM City Bacoor,,,Cavite,,#7478fb,True,,120.951334,14.445145,
Bacoor - Niog,,,Cavite,,#7478fb,True,,120.959605,14.45871,
Bacoor - Kalinisan,,,Cavite,,#7478fb,True,,120.962509,14.461657,
Bacoor - Bacoor Blvd,,,Cavite,,#7478fb,True,,120.965657,14.430571,
Kawit,,,Cavite,,#7478fb,True,,120.894269,14.428328,
Kawit - Binakayan,,,Cavite,,#7478fb,True,,120.922938,14.449546,
Noveleta,,,Cavite,,#7478fb,True,,120.881157,14.428346,
Novaleta - Antero Soriano,"Opened February 9, 2024",,Cavite,,#7478fb,True,,120.882446,14.417848,
Trece Martires,,,Cavite,,#7478fb,True,,120.868387,14.281514,
Trece Martires - SM City Trece Martires,,,Cavite,,#7478fb,True,,120.866151,14.281825,
Trece Martires - Walter Mart Trece Martires,,,Cavite,,#7478fb,True,,120.871224,14.280471,
Rosario - SM City Rosario,,,Cavite,,#7478fb,True,,120.858079,14.409273,
Rosario - EPZA,,,Cavite,,#7478fb,True,,120.85936,14.406738,
Tanza,,,Cavite,,#7478fb,True,,120.852951,14.392879,
Tanza - VIsta Mall Tanza,,,Cavite,,#7478fb,True,,120.859491,14.342326,
Tanza - Sahud-Ulan,Opening Soon,,Cavite,warning,#7478fb,True,,120.824421,14.371522,
Cavite City,,,Cavite,,#7478fb,True,,120.898777,14.4795,
Naic,,,Cavite,,#7478fb,True,,120.771983,14.321343,
San Pablo City - Ultimart,,,Laguna,,#7478fb,True,,121.325895,14.067009,
San Pablo City - San Pablo Shopping Mall,,,Laguna,,#7478fb,True,,121.323541,14.06862,
San Pablo City - Plaza,,,Laguna,,#7478fb,True,,121.324936,14.070657,
San Pablo City - Puregold,,,Laguna,,#7478fb,True,,121.316064,14.073068,
San Pablo City - SM City San Pablo,,,Laguna,,#7478fb,True,,121.302083,14.070817,
San Pablo City - Maharlika,,,Laguna,,#7478fb,True,,121.30801,14.070901,
Bay,,,Laguna,,#7478fb,True,,121.288147,14.17886,
Santa Cruz,,,Laguna,,#7478fb,True,,121.415193,14.283054,
Santa Cruz - Sunstar,,,Laguna,,#7478fb,True,,121.392274,14.255427,
Pagsanjay,,,Laguna,crossing,#7478fb,True,,121.455429,14.272648,
Pagsanjay - Drive-thru,,,Laguna,,#7478fb,True,,121.437566,14.264931,
Siniloan,,,Laguna,,#7478fb,True,,121.44567,14.421946,
Los Baños,,,Laguna,,#7478fb,True,,121.242497,14.178207,
Los Baños - UPLB,,,Laguna,,#7478fb,True,,121.243938,14.168106,
Los Baños - Olivarez Plaza,,,Laguna,,#7478fb,True,,121.239213,14.179187,
Calamba - Highway,,,Laguna,,#7478fb,True,,121.166394,14.192096,
Calamba - SM City Calamba,,,Laguna,,#7478fb,True,,121.154811,14.203768,
Calamba - Walter Mart Calamba,,,Laguna,,#7478fb,True,,121.153169,14.202631,
Calamba - Crossing,,,Laguna,,#7478fb,True,,121.155191,14.206189,
Calamba - Real,,,Laguna,,#7478fb,True,,121.143516,14.195485,
Calamba - Liana's,,,Laguna,,#7478fb,True,,121.150779,14.213505,
Calamba - Shopping,,,Laguna,,#7478fb,True,,121.164306,14.211192,
Calamba - Paciano,,,Laguna,,#7478fb,True,,121.14077,14.218014,
Calamba - Turbina,,,Laguna,,#7478fb,True,,121.136204,14.18551,
Cabuyao - Banlic,,,Laguna,,#7478fb,True,,121.139283,14.228073,
Cabuyao - Walter Mart Cabuyao,,,Laguna,,#7478fb,True,,121.135086,14.232613,
Cabuyao - Pulo,,,Laguna,,#7478fb,True,,121.129715,14.246497,
Cabuyao - New Cabuyao,,,Laguna,,#7478fb,True,,121.123572,14.277319,
Canlubang,,,Laguna,,#7478fb,True,,121.117281,14.212112,
Canlubang - Caltex,,,Laguna,,#7478fb,True,,121.097586,14.220765,
Santa Rosa - Total SLEX,,,Laguna,crossing,#7478fb,True,,121.097979,14.267847,
Santa Rosa - Walter Mart Bel-Air,,,Laguna,,#7478fb,True,,121.077913,14.267203,
Santa Rosa - Caltex Balibago,,,Laguna,,#7478fb,True,,121.094804,14.288984,
Santa Rosa - Commercial Complex,,,Laguna,,#7478fb,True,,121.104332,14.293877,
Santa Rosa - Target Mall,,,Laguna,,#7478fb,True,,121.103902,14.294057,
Santa Rosa - Highway,,,Laguna,,#7478fb,True,,121.105096,14.297107,
Santa Rosa - Golden City,,,Laguna,,#7478fb,True,,121.108806,14.289049,
Santa Rosa - Paseo de Santa Rosa,,,Laguna,,#7478fb,True,,121.112111,14.312864,
Santa Rosa - SM City Santa Rosa,,,Laguna,,#7478fb,True,,121.099223,14.312728,
Santa Rosa - Robinsons Sta. Rosa,,,Laguna,,#7478fb,True,,121.096926,14.319455,
Santa Rosa - Vista Mall Santa Rosa,,,Laguna,,#7478fb,True,,121.057669,14.242212,
Santa Rosa - Nuvali,,,Laguna,,#7478fb,True,,121.053733,14.232665,
Biñan - Shell NB,,,Laguna,crossing,#7478fb,True,,121.072114,14.31116,
Binan - Pavilion Mall,,,Laguna,,#7478fb,True,,121.087632,14.327493,
Binan - Highway,,,Laguna,,#7478fb,True,,121.088651,14.329041,
Binan - Plaza,,,Laguna,,#7478fb,True,,121.08406,14.339291,
Binan - Central Mall,,,Laguna,,#7478fb,True,,121.082317,14.33264,
Binan - Bayan,,,Laguna,,#7478fb,True,,121.082133,14.338998,
San Pedro - Pacita Complex,,,Laguna,,#7478fb,True,,121.065141,14.347279,
San Pedro - Robinsons Galleria South,,,Laguna,,#7478fb,True,,121.062186,14.352529,
San Pedro - Highway,,,Laguna,,#7478fb,True,,121.059505,14.357983,
San Pedro - Petrol SLEX Level-up,,,Laguna,crossing,#7478fb,True,,121.044456,14.356372,
San Pedro - Bayan,,,Laguna,,#7478fb,True,,121.056859,14.363373,
San Pedro - San Pedro Town Center,,,Laguna,,#7478fb,True,,121.050678,14.367853,
Rosario,,,Batangas,,#7478fb,True,,121.202305,13.844948,
Padre Garcia,,,Batangas,,#7478fb,True,,121.210032,13.877513,
Ibaan,,,Batangas,,#7478fb,True,,121.134487,13.82183,
San Juan,,,Batangas,,#7478fb,True,,121.392653,13.825362,
Lipa - Bayan,,,Batangas,,#7478fb,True,,121.162686,13.941441,
Lipa - Uptown,,,Batangas,,#7478fb,True,,121.152359,13.942667,
Lipa - Robinsons Place Lipa,,,Batangas,,#7478fb,True,,121.1511,13.942301,
Lipa - SM City Lipa,,,Batangas,,#7478fb,True,,121.163229,13.953967,
Lipa - Fiesta World Lipa,,,Batangas,,#7478fb,True,,121.169093,13.961682,
Lipa - Marawoy,,,Batangas,,#7478fb,True,,121.166187,13.970548,
Lipa - Highway,,,Batangas,,#7478fb,True,,121.136809,13.942171,
Lipa - J.P. Laurel Highway,"Opened: October 7, 2023",,Batangas,,#7478fb,True,,121.165859,13.956622,
Lipa - Banay-banay,,,Batangas,,#7478fb,True,,121.110659,13.929068,
Lemery - Diversion,,,Batangas,,#7478fb,True,,120.905641,13.895703,
Lemery - SM Center Lemery,,,Batangas,,#7478fb,True,,120.91188,13.886975,
Lemery - Illustre,,,Batangas,,#7478fb,True,,120.915745,13.880676,
Bauan,,,Batangas,,#7478fb,True,,121.009981,13.79087,
Bauan - Manghinao,,,Batangas,,#7478fb,True,,121.000269,13.796122,
Nasugbu,,,Batangas,,#7478fb,True,,120.631948,14.072655,
Santo Tomas,,,Batangas,,#7478fb,True,,121.144433,14.11071,
Santo Tomas - Padre Pio,,,Batangas,,#7478fb,True,,121.177966,14.08743,
Tanauan,,,Batangas,,#7478fb,True,,121.149946,14.084668,
Tanauan - Victory Mall and Market Tanauan,,,Batangas,,#7478fb,True,,121.146539,14.083282,
Tanauan - Walter Mart Tanauan,,,Batangas,,#7478fb,True,,121.151064,14.074423,
Calaca,,,Batangas,,#7478fb,True,,120.810873,13.928322,
Balayan,,,Batangas,,#7478fb,True,,120.729723,13.938367,
Malvar,,,Batangas,,#7478fb,True,,121.165258,14.008544,
Tuy,,,Batangas,,#7478fb,True,,120.697849,14.047993,
Taal - Diversion,"Opened: October 15, 2023",,Batangas,,#7478fb,True,,120.944352,13.883131,
"San Jose, Batangas",U/C,,Batangas,,#7478fb,True,,121.099063,13.877835,
Batangas City - Diversion,,,Batangas,star,#7478fb,True,,121.060884,13.789428,
Batangas City - Kumintang,,,Batangas,star,#7478fb,True,,121.065407,13.771458,
Batangas City - Burgos,,,Batangas,star,#7478fb,True,,121.057979,13.759413,
Batangas City - Bay City,,,Batangas,star,#7478fb,True,,121.057185,13.758904,
Batangas City - Rizal,,,Batangas,star,#7478fb,True,,121.057959,13.756523,
Batangas City - Pallocan,,,Batangas,star,#7478fb,True,,121.068884,13.754002,
Batangas City - SM City Batangas,,,Batangas,star,#7478fb,True,,121.069693,13.755573,
Batangas City - Walter Mart Batangas,,,Batangas,star,#7478fb,True,,121.056337,13.763663,
Batangas City - Xentro Mall Batangas,,,Batangas,star,#7478fb,True,,121.061271,13.790317,
Teresa,,,Rizal,,#7478fb,True,,121.21065,14.558652,
Morong,,,Rizal,,#7478fb,True,,121.238962,14.515124,
Tanay - Highway,,,Rizal,,#7478fb,True,,121.29526,14.500744,
Tanay - Uptown,,,Rizal,,#7478fb,True,,121.289991,14.494939,
Binangonan,,,Rizal,,#7478fb,True,,121.192077,14.464761,
Binangonan - Highway,Store #994,,Rizal,warning,#7478fb,True,,121.181678,14.492736,
Angono - Bayan,,,Rizal,,#7478fb,True,,121.153219,14.523184,
Angono - SM Center,,,Rizal,,#7478fb,True,,121.153838,14.531083,
Angono - Baytown,,,Rizal,,#7478fb,True,,121.149807,14.536183,
Taytay - Puregold Taytay,,,Rizal,,#7478fb,True,,121.138249,14.554629,
Taytay - Uptown,,,Rizal,,#7478fb,True,,121.135864,14.558854,
Taytay - SM City Taytay,,,Rizal,,#7478fb,True,,121.139315,14.564578,
Taytay - Bayan,,,Rizal,,#7478fb,True,,121.131512,14.569771,
Taytay - Kaytikling,,,Rizal,,#7478fb,True,,121.143861,14.575516,
Taytay - Walter Mart Taytay,,,Rizal,,#7478fb,True,,121.138219,14.579429,
Antipolo - Capitol,,,Rizal,,#7478fb,True,,121.1686,14.58319,
Antipolo - Shopwise,,,Rizal,,#7478fb,True,,121.175616,14.581025,
Antipolo - Lores,,,Rizal,,#7478fb,True,,121.176091,14.575966,
Antipolo - Robinsons Place Antipolo,,,Rizal,,#7478fb,True,,121.172794,14.595005,
Antipolo - SM City Masinag,,,Rizal,,#7478fb,True,,121.120266,14.625151,
Antipolo - Sumulong,,,Rizal,,#7478fb,True,,121.1241,14.626092,
Antipolo - SM Cherry Antipolo,,,Rizal,,#7478fb,True,,121.133797,14.624833,
Antipolo - Xentromall Mambugan,,,Rizal,,#7478fb,True,,121.136359,14.616809,
Antipolo - Cogeo,,,Rizal,,#7478fb,True,,121.169414,14.620397,
Antipolo - Shell Marcos Hgwy,,,Rizal,,#7478fb,True,,121.108377,14.621665,
Antipolo - Licos Park,,,Rizal,,#7478fb,True,,121.179364,14.581435,
Antipolo - Bayan,,,Rizal,,#7478fb,True,,121.175608,14.585524,
Antipolo - Antipolo Cathedral,,,Rizal,,#7478fb,True,,121.175435,14.587593,
Cainta - Valley Golf,,,Rizal,,#7478fb,True,,121.128971,14.582376,
Cainta - Parola,,,Rizal,,#7478fb,True,,121.116577,14.57684,
Cainta - Robinsons Cainta,,,Rizal,,#7478fb,True,,121.113052,14.586344,
Cainta - Sta. Lucia Mall 1,,,Rizal,,#7478fb,True,,121.101519,14.619695,
Cainta - Sta. Lucia Mall 2,,,Rizal,,#7478fb,True,,121.10005,14.617625,
Rodriguez (Montalban) - Munisipyo,,,Rizal,,#7478fb,True,,121.145513,14.732598,
Rodriguez (Montalban) - Town Center,,,Rizal,,#7478fb,True,,121.137992,14.730354,
Pililla,"Opened: April 28, 2023",,Rizal,,#7478fb,True,,121.326004,14.463825,
Catanauan,,,Quezon Province,,#7478fb,True,,122.32347,13.594965,
Calauag,,,Quezon Province,,#7478fb,True,,122.298091,13.953334,
Lopez,,,Quezon Province,,#7478fb,True,,122.261969,13.8858,
Gumaca,,,Quezon Province,,#7478fb,True,,122.098954,13.920511,
Atimonan,Store #999,,Quezon Province,warning,#7478fb,True,,121.916618,13.997006,
Lucena City,,,Quezon Province,,#7478fb,True,,121.6133,13.935951,
Lucena City - Pacific Mall Lucena,,,Quezon Province,,#7478fb,True,,121.608821,13.936878,
Lucena City - SM City Lucena,,,Quezon Province,,#7478fb,True,,121.624351,13.941058,
Lucena City - Grand Central Terminal,,,Quezon Province,,#7478fb,True,,121.617866,13.958398,
Lucena City - Highway,,,Quezon Province,,#7478fb,True,,121.609926,13.961081,
Lucena City - Agora,,,Quezon Province,crossing,#7478fb,True,,121.614424,13.933979,
Tayabas - Calumpang,,,Quezon Province,,#7478fb,True,,121.556915,13.975527,
Lucban,,,Quezon Province,crossing,#7478fb,True,,121.555335,14.113934,
Sariaya,,,Quezon Province,,#7478fb,True,,121.5289,13.964275,
Candelaria,,,Quezon Province,,#7478fb,True,,121.425216,13.928546,
Infanta,,,Quezon Province,,#7478fb,True,,121.650082,14.747063,
Tiaong,,,Quezon Province,,#7478fb,True,,121.324039,13.975142,
Pagbilao,,,Quezon Province,,#7478fb,True,,121.687376,13.971635,
Puerto Princesa - Valencia Ave.,,,Mimaropa,,#cfd965,True,,118.736843,9.742261,
Puerto Princesa - Rizal Ave.,,,Mimaropa,,#cfd965,True,,118.740869,9.739994,
Puerto Princesa - San Pedro,,,Mimaropa,,#cfd965,True,,118.746485,9.764939,
Puerto Princesa - Robinsons Place Puerto Princesa,,,Mimaropa,,#cfd965,True,,118.74809,9.766676,
Puerto Princesa - SM City Puerto Princesa,,,Mimaropa,,#cfd965,True,,118.739713,9.743359,
Narra,,,Mimaropa,,#cfd965,True,,118.409714,9.269968,
Brooke's Point,"Opened May 10, 2024",,Mimaropa,,#cfd965,True,,117.838566,8.786823,
"San Jose, Occidental Mindoro",,,Mimaropa,,#cfd965,True,,121.066507,12.353031,
"Roxas, Oriental Mindoro",,,Mimaropa,,#cfd965,True,,121.518682,12.588856,
Sablayan,,,Mimaropa,,#cfd965,True,,120.779603,12.846139,
Odiongan,,,Mimaropa,,#cfd965,True,,121.98288,12.399056,
Pinamalayan,,,Mimaropa,,#cfd965,True,,121.480052,13.039254,
Calapan,,,Mimaropa,,#cfd965,True,,121.179633,13.412453,
Calapan - OMNHS,,,Mimaropa,,#cfd965,True,,121.17808,13.408455,
Calamba - Xentro Mall,,,Mimaropa,,#cfd965,True,,121.184281,13.403805,
Sorsogon City - Rizal,,,Bicol,,#894411,True,,124.004548,12.96928,
Sorsogon City,,,Bicol,,#894411,True,,124.006573,12.970395,
Bulan,,,Bicol,,#894411,True,,123.874224,12.666674,
Masbate City,,,Bicol,,#894411,True,,123.620449,12.368004,
Masbate City - Gaisan Capital Masbate,,,Bicol,,#894411,True,,123.624878,12.360081,
Daraga,,,Bicol,,#894411,True,,123.714384,13.148952,
Legazpi City - Rizal,,,Bicol,,#894411,True,,123.736364,13.138217,
Legazpi City - SM City Legazpi,,,Bicol,,#894411,True,,123.743837,13.143884,
Legazpi City - Pacific Mall Legazpi,,,Bicol,,#894411,True,,123.749707,13.145033,
Legazpi City - Imperial,,,Bicol,,#894411,True,,123.750941,13.146125,
Legazpi City - Ayala Malls Legazpi,,,Bicol,,#894411,True,,123.752178,13.14747,
Legazpi City - LCC Legazpi,,,Bicol,,#894411,True,,123.753389,13.147331,
Ligao,,,Bicol,,#894411,True,,123.538586,13.240653,
Ligao Highway,"Opened February 9, 2024",,Bicol,,#894411,True,,123.551718,13.237819,
Polangui - Drive-thru,,,Bicol,,#894411,True,,123.488939,13.288336,
Polangui - LCC Polangui,,,Bicol,,#894411,True,,123.490513,13.288909,
Virac,,,Bicol,,#894411,True,,124.233346,13.583091,
Nabua - LCC Mall Nabua,,,Bicol,,#894411,True,,123.373105,13.406114,
Iriga,,,Bicol,,#894411,True,,123.410413,13.420691,
Pili,,,Bicol,,#894411,True,,123.274102,13.555977,
Goa,,,Bicol,,#894411,True,,123.48974,13.698387,
Naga City - SM City Naga,,,Bicol,,#894411,True,,123.189799,13.621117,
Naga City - Robinsons Place Naga,,,Bicol,,#894411,True,,123.193316,13.615131,
Naga City - Panganiban,,,Bicol,,#894411,True,,123.190035,13.622881,
Naga City - General Luna,,,Bicol,,#894411,True,,123.184505,13.622572,
Naga City - E. Angeles,,,Bicol,,#894411,True,,123.185521,13.624299,
Naga City - Magsaysay,,,Bicol,,#894411,True,,123.196079,13.631684,
Naga City - Almeda,"Opened: October 20, 2023",,Bicol,,#894411,True,,123.227173,13.616677,
Daet - Pimentel,,,Bicol,,#894411,True,,122.956281,14.115337,
Daet - Vinzons,,,Bicol,,#894411,True,,122.954928,14.116484,
Tabaco,,,Bicol,,#894411,True,,123.72985,13.357547,
Sipocot,"Opened: May 12, 2023",,Bicol,,#894411,True,,122.974325,13.748775,
"Jordan, Guimaras",,,Western Visayas,,#020256,True,,122.587638,10.595876,
Kabankalan,,,Western Visayas,,#020256,True,,122.815055,9.995534,
Kabankalan - Gaisano,,,Western Visayas,,#020256,True,,122.818688,9.993335,
La Carlota,,,Western Visayas,,#020256,True,,122.920107,10.426887,
Silay City,,,Western Visayas,crossing,#020256,True,,122.977115,10.80134,
Silay City - Gaisano Grand Silay,,,Western Visayas,,#020256,True,,122.972098,10.792271,
Cadiz City,,,Western Visayas,,#020256,True,,123.308503,10.953204,
Calinog,,,Western Visayas,,#020256,True,,122.538928,11.122099,
Passi Drive-thru,,,Western Visayas,,#020256,True,,122.64499,11.104988,
Passi,,,Western Visayas,,#020256,True,,122.641228,11.106881,
Estancia - Gaisano Grand Estancia,,,Western Visayas,,#020256,True,,123.152192,11.454556,
Boracay,Store #998,,Western Visayas,warning,#020256,True,,121.927139,11.961922,
San Jose de Buenavista,,,Western Visayas,,#020256,True,,121.941775,10.744496,
San Jose de Buenavista - Gaisano Mall Antique,TEMPORARILY CLOSED DUE TO MALL FIRE,,Western Visayas,fire_station,#9e9e9e,True,,121.94797,10.743025,
San Jose de Buenavista - Robinsons Place Antique,,,Western Visayas,,#020256,True,,121.952248,10.735403,
Roxas City - Gaisano Roxas,,,Western Visayas,,#020256,True,,122.751971,11.589825,
Roxas City - Gaisano Marketplace Roxas,,,Western Visayas,,#020256,True,,122.756698,11.579237,
Roxas City - Robinsons Place Roxas,,,Western Visayas,,#020256,True,,122.751351,11.568929,
Kalibo - Plaza,,,Western Visayas,,#020256,True,,122.363905,11.709334,
Kalibo - Drive-thru,,,Western Visayas,,#020256,True,,122.365637,11.704224,
Kalibo - Gaisano Capital Kalibo,,,Western Visayas,,#020256,True,,122.371165,11.70652,
Pavia - GT Town Center,,,Western Visayas,,#020256,True,,122.538077,10.753279,
Pavia - Robinsons Place Pavia,,,Western Visayas,,#020256,True,,122.539625,10.754028,
Santa Barbara,,,Western Visayas,,#020256,True,,122.529093,10.821377,
Lacson,,,Bacolod City,star,#020256,True,,122.952814,10.674867,
Mandalagan,,,Bacolod City,star,#020256,True,,122.961168,10.695219,
Gatuslao,,,Bacolod City,star,#020256,True,,122.947281,10.668777,
La Salle,,,Bacolod City,star,#020256,True,,122.959833,10.678976,
Luzuriaga,,,Bacolod City,star,#020256,True,,122.946327,10.667153,
Ayala Capitol,,,Bacolod City,star,#020256,True,,122.949721,10.677384,
Gatuslao Burgos,,,Bacolod City,star,#020256,True,,122.948991,10.672403,
Araneta Ave.,,,Bacolod City,star,#020256,True,,122.942293,10.661679,
Gaisano Grand Bacolod,,,Bacolod City,star,#020256,True,,122.939471,10.658705,
Sum-ag,,,Bacolod City,star,#020256,True,,122.920268,10.603125,
Libertad,,,Bacolod City,star,#020256,True,,122.949087,10.660575,
Lopue's East,,,Bacolod City,star,#020256,True,,122.967414,10.664137,
Robinsons Place Bacolod,,,Bacolod City,star,#020256,True,,122.958703,10.69132,
Lopue's San Sebastian,,,Bacolod City,star,#020256,True,,122.944539,10.666098,
North Drive,,,Bacolod City,star,#020256,True,,122.957751,10.682123,
CyberCenter,✦,,Bacolod City,crossing,#020256,True,,122.946784,10.661689,
SM City Bacolod,,,Bacolod City,star,#020256,True,,122.943655,10.670573,
JM Basa,,,Iloilo City,star,#020256,True,,122.571638,10.693311,
Robinsons Place Iloilo,,,Iloilo City,star,#020256,True,,122.565082,10.694075,
The Atrium,,,Iloilo City,star,#020256,True,,122.567958,10.701399,
Iznart,,,Iloilo City,star,#020256,True,,122.568892,10.696855,
General Luna,,,Iloilo City,star,#020256,True,,122.553828,10.699395,
Molo,,,Iloilo City,star,#020256,True,,122.543004,10.696857,
Gaisano Capital Iloilo,,,Iloilo City,star,#020256,True,,122.567024,10.706673,
Lapaz,,,Iloilo City,star,#020256,True,,122.568497,10.70862,
B. Aquino,,,Iloilo City,star,#020256,True,,122.552305,10.708462,
Festive Walk,,,Iloilo City,star,#020256,True,,122.545943,10.716362,
SM City Iloilo,,,Iloilo City,star,#020256,True,,122.551376,10.713372,
Atria,,,Iloilo City,star,#020256,True,,122.548579,10.707136,
SM Delgado,,,Iloilo City,star,#020256,True,,122.56733,10.6981,
East Lopez,,,Iloilo City,star,#020256,True,,122.560771,10.719022,
Robinsons Jaro,,,Iloilo City,star,#020256,True,,122.558536,10.720975,
Savemore Market Jaro,,,Iloilo City,star,#020256,True,,122.555856,10.724455,
Tabuc Suba,,,Iloilo City,star,#020256,True,,122.559376,10.73031,
Diversion Taft,,,Iloilo City,star,#020256,True,,122.55171,10.71974,
Quintin Salas,,,Iloilo City,star,#020256,True,,122.563447,10.741062,
Mandurriao,,,Iloilo City,star,#020256,True,,122.538514,10.717909,
Tagbiliran - Alturas,,,Central Visayas,,#14f6f1,True,,123.856361,9.64277,
Tagbilaran - Carlos P. Garcia Ave.,,,Central Visayas,,#14f6f1,True,,123.855571,9.653672,
Tagbilaran - Alta Citta,,,Central Visayas,,#14f6f1,True,,123.85556,9.641553,
Tagbilaran - Marcela,,,Central Visayas,,#14f6f1,True,,123.851946,9.651364,
Tagbilaran - Island City Mall,,,Central Visayas,,#14f6f1,True,,123.869685,9.65506,
Panglao,,,Central Visayas,,#14f6f1,True,,123.772024,9.55061,
Talibon,,,Central Visayas,,#14f6f1,True,,124.327417,10.152467,
Argao,,,Central Visayas,,#14f6f1,True,,123.605224,9.880115,
Minglanilla,,,Central Visayas,,#14f6f1,True,,123.79602,10.245565,
Balamban,,,Central Visayas,,#14f6f1,True,,123.715405,10.504945,
"Naga, Cebu",,,Central Visayas,,#14f6f1,True,,123.759032,10.209066,
Carcar,,,Central Visayas,,#14f6f1,True,,123.640426,10.103682,
Carcar - Gaisano Grand Mall Carcar,,,Central Visayas,,#14f6f1,True,,123.64567,10.108791,
Daanbantayan,,,Central Visayas,,#14f6f1,True,,124.001992,11.249098,
Bogo - Gaisano,,,Central Visayas,,#14f6f1,True,,124.005775,11.051169,
Bogo - Highway,,,Central Visayas,,#14f6f1,True,,124.002735,11.046062,
Toledo,,,Central Visayas,,#14f6f1,True,,123.634885,10.376304,
Liloan,,,Central Visayas,,#14f6f1,True,,123.999833,10.402008,
Danao - Sands Gateway Mall,,,Central Visayas,,#14f6f1,True,,124.029652,10.520935,
Danao - Gaisano Capital Danao,,,Central Visayas,,#14f6f1,True,,124.026442,10.51905,
Consolacion,,,Central Visayas,,#14f6f1,True,,123.959899,10.376262,
Consolacion - SM City Consolacion,,,Central Visayas,,#14f6f1,True,,123.964021,10.379833,
Tanjay,,,Central Visayas,,#14f6f1,True,,123.158211,9.514138,
Bais,,,Central Visayas,,#14f6f1,True,,123.121102,9.588931,
San Carlos - Gaisano Capital,,,Central Visayas,,#14f6f1,True,,123.416103,10.486093,
Dumaguete City - South Road,,,Central Visayas,,#14f6f1,True,,123.302424,9.299046,
Dumaguete City - North Road,,,Central Visayas,crossing,#14f6f1,True,,123.304848,9.31159,
Dumaguete City - Robinsons Place Dumaguete,,,Central Visayas,,#14f6f1,True,,123.303361,9.29866,
Dumaguete City - Dumaguete Cathdral,,,Central Visayas,,#14f6f1,True,,123.307535,9.306148,
Dumaguete City - Percides St.,,,Central Visayas,,#14f6f1,True,,123.307477,9.308246,
Siquijor,,,Central Visayas,,#14f6f1,True,,123.515361,9.21294,
Consolacion - Fooda Saversmart,,,Central Visayas,,#14f6f1,True,,123.954825,10.372792,
Moalboal,,,Central Visayas,,#14f6f1,True,,123.392436,9.937086,
Talisay - Gaisano Fiesta Mall,,,Central Visayas,,#14f6f1,True,,123.841762,10.26573,
Talisay - Azienda,,,Central Visayas,,#14f6f1,True,,123.823214,10.258699,
Compostela,"Opened June 14, 12024",,Central Visayas,,#14f6f1,True,,124.012784,10.4529,
Cebu City - F. Cabahug,,,Cebu City - Lapu-Lapu - Mandaue,star,#14f6f1,True,,123.918776,10.32524,
Cebu City - General Maxilom Ave,,,Cebu City - Lapu-Lapu - Mandaue,star,#14f6f1,True,,123.899535,10.311123,
Cebu City - SM City Cebu,,,Cebu City - Lapu-Lapu - Mandaue,star,#14f6f1,True,,123.917095,10.31226,
Cebu City - Mango,,,Cebu City - Lapu-Lapu - Mandaue,star,#14f6f1,True,,123.89535,10.30994,
Cebu City - Metro Colon,,,Cebu City - Lapu-Lapu - Mandaue,star,#14f6f1,True,,123.898597,10.295971,
Cebu City - Robinsons Galleria,,,Cebu City - Lapu-Lapu - Mandaue,star,#14f6f1,True,,123.911232,10.303916,
Cebu City - Guadalupe,,,Cebu City - Lapu-Lapu - Mandaue,star,#14f6f1,True,,123.885209,10.315405,
Cebu City - F. Llamas,,,Cebu City - Lapu-Lapu - Mandaue,star,#14f6f1,True,,123.869643,10.295379,
Cebu City - Super Metro Mambaling,,,Cebu City - Lapu-Lapu - Mandaue,star,#14f6f1,True,,123.870545,10.290102,
Cebu City - Cyberzone,,,Cebu City - Lapu-Lapu - Mandaue,star,#14f6f1,True,,123.905525,10.33,
Cebu City - Leon Kilat,,,Cebu City - Lapu-Lapu - Mandaue,star,#14f6f1,True,,123.896301,10.295697,
Cebu City - Plaza Independencia,,,Cebu City - Lapu-Lapu - Mandaue,star,#14f6f1,True,,123.905321,10.294602,
Cebu City - Santo Niño,,,Cebu City - Lapu-Lapu - Mandaue,star,#14f6f1,True,,123.902001,10.294753,
Cebu City - Oriente,,,Cebu City - Lapu-Lapu - Mandaue,star,#14f6f1,True,,123.899491,10.296648,
Cebu City - Emall,,,Cebu City - Lapu-Lapu - Mandaue,star,#14f6f1,True,,123.895193,10.298386,
Cebu City - Gaisano Countrymall,,,Cebu City - Lapu-Lapu - Mandaue,star,#14f6f1,True,,123.911017,10.339689,
Cebu City - Banilad,,,Cebu City - Lapu-Lapu - Mandaue,star,#14f6f1,True,,123.913376,10.348608,
Cebu City - Gaisano Grand Mall Talamban,,,Cebu City - Lapu-Lapu - Mandaue,star,#14f6f1,True,,123.913724,10.366801,
Cebu City - Talamban Proper,,,Cebu City - Lapu-Lapu - Mandaue,star,#14f6f1,True,,123.916276,10.368882,
Cebu City - Jones,,,Cebu City - Lapu-Lapu - Mandaue,star,#14f6f1,True,,123.89436,10.307046,
Cebu City - Escario,,,Cebu City - Lapu-Lapu - Mandaue,star,#14f6f1,True,,123.894248,10.317169,
Cebu City - Boulevard,,,Cebu City - Lapu-Lapu - Mandaue,star,#14f6f1,True,,123.891462,10.315315,
Cebu City - Robinsons Cybergate,,,Cebu City - Lapu-Lapu - Mandaue,star,#14f6f1,True,,123.891912,10.310231,
Cebu City - Ayala L3,,,Cebu City - Lapu-Lapu - Mandaue,star,#14f6f1,True,,123.904101,10.318628,
Cebu City - Gorordo,,,Cebu City - Lapu-Lapu - Mandaue,star,#14f6f1,True,,123.903545,10.311072,
Cebu City - Lahug,,,Cebu City - Lapu-Lapu - Mandaue,star,#14f6f1,True,,123.898009,10.329884,
Cebu City - Skyrise Beta,,,Cebu City - Lapu-Lapu - Mandaue,star,#14f6f1,True,,123.908959,10.317727,
Cebu City - i2,,,Cebu City - Lapu-Lapu - Mandaue,star,#14f6f1,True,,123.906951,10.327955,
Cebu City - Bulacao,,,Cebu City - Lapu-Lapu - Mandaue,star,#14f6f1,True,,123.849456,10.273973,
Cebu City - SM Seaside City Cebu,,,Cebu City - Lapu-Lapu - Mandaue,star,#14f6f1,True,,123.880936,10.281998,
Cebu City - FLB Corporate Center,,,Cebu City - Lapu-Lapu - Mandaue,star,#14f6f1,True,,123.903632,10.318563,
Cebu City - Apas,,,Cebu City - Lapu-Lapu - Mandaue,star,#14f6f1,True,,123.907063,10.331291,
Cebu City - Robinsons Fuente,,,Cebu City - Lapu-Lapu - Mandaue,star,#14f6f1,True,,123.894308,10.309613,
Cebu City - City di Mare,Soon to be built,,Cebu City - Lapu-Lapu - Mandaue,star,#14f6f1,True,,123.878921,10.271639,
Mandaue - Reclamation,,,Cebu City - Lapu-Lapu - Mandaue,star,#14f6f1,True,,123.929404,10.316707,
Mandaue - Centro,,,Cebu City - Lapu-Lapu - Mandaue,star,#14f6f1,True,,123.942565,10.32808,
Mandaue - Briones,,,Cebu City - Lapu-Lapu - Mandaue,star,#14f6f1,True,,123.939452,10.33514,
Mandaue - Parkmall,,,Cebu City - Lapu-Lapu - Mandaue,star,#14f6f1,True,,123.935401,10.324957,
Mandaue - P. Remedio,,,Cebu City - Lapu-Lapu - Mandaue,star,#14f6f1,True,,123.919904,10.341443,
Mandaue - A.S. Fortuna,,,Cebu City - Lapu-Lapu - Mandaue,star,#14f6f1,True,,123.935133,10.332232,
Mandaue - Casuntingan,Store #997,,Cebu City - Lapu-Lapu - Mandaue,warning,#14f6f1,True,,123.930532,10.345604,
Mandaue - J Centre Mall,,,Cebu City - Lapu-Lapu - Mandaue,star,#14f6f1,True,,123.934022,10.335135,
Mandaue - Pacific Mall,,,Cebu City - Lapu-Lapu - Mandaue,star,#14f6f1,True,,123.947778,10.340878,
Lapu-lapu,,,Cebu City - Lapu-Lapu - Mandaue,star,#14f6f1,True,,123.949963,10.310019,
Lapu-lapu - La Nueva,,,Cebu City - Lapu-Lapu - Mandaue,star,#14f6f1,True,,123.951663,10.310859,
Lapu-lapu - Gaisano Mall Mactan,,,Cebu City - Lapu-Lapu - Mandaue,star,#14f6f1,True,,123.962764,10.317242,
Lapu-lapu - Basak Mactan,,,Cebu City - Lapu-Lapu - Mandaue,star,#14f6f1,True,,123.963274,10.298524,
Lapu-lapu - Island Central Mactan,,,Cebu City - Lapu-Lapu - Mandaue,star,#14f6f1,True,,123.976289,10.326052,
Lapu-lapu - MEZ 2,,,Cebu City - Lapu-Lapu - Mandaue,star,#14f6f1,True,,123.962691,10.301387,
Lapu-lapu - Gaisano Grand Mall Mactan,,,Cebu City - Lapu-Lapu - Mandaue,star,#14f6f1,True,,123.969609,10.286015,
Lapu-lapu - Sto. Niño,,,Cebu City - Lapu-Lapu - Mandaue,star,#14f6f1,True,,124.010791,10.309407,
Lapu-lapu - MCIA Arrival,,,Cebu City - Lapu-Lapu - Mandaue,airport,#14f6f1,True,,123.979217,10.316299,
Lapu-lapu - MCIA Departure,,,Cebu City - Lapu-Lapu - Mandaue,airport,#14f6f1,True,,123.978228,10.315325,
Lapu-lapu - Babag,"Opened: July 5, 2024",,Cebu City - Lapu-Lapu - Mandaue,,#14f6f1,True,,123.945497,10.273289,
Maasin,,,Eastern Visayas,,#b63681,True,,124.838842,10.132829,
Baybay,,,Eastern Visayas,,#b63681,True,,124.799051,10.676369,
Ormoc - Aviles St.,,,Eastern Visayas,,#b63681,True,,124.607347,11.006026,
Ormoc - Lilia Ave.,,,Eastern Visayas,,#b63681,True,,124.605372,11.01908,
Ormoc - Robinsons Place Ormoc,,,Eastern Visayas,,#b63681,True,,124.604755,11.025196,
Palompon,,,Eastern Visayas,,#b63681,True,,124.383471,11.050936,
Naval,,,Eastern Visayas,,#b63681,True,,124.393837,11.561115,
Alangalang,,,Eastern Visayas,,#b63681,True,,124.846994,11.206374,
Palo,,,Eastern Visayas,,#b63681,True,,125.001688,11.178057,
Tacloban - Robinsons Place Tacloban,,,Eastern Visayas,,#b63681,True,,125.007988,11.208264,
Tacloban - Real St.,,,Eastern Visayas,,#b63681,True,,125.002232,11.232332,
Tacloban - Gaisano Central Tacloban,,,Eastern Visayas,,#b63681,True,,125.002627,11.245819,
Tacloban - Zamora St.,,,Eastern Visayas,,#b63681,True,,125.000174,11.245984,
Tacloban - Salazar St.,,,Eastern Visayas,,#b63681,True,,125.000494,11.244955,
Tacloban - Abucay Drive-Thru,"Opened: December 30, 2022",,Eastern Visayas,,#b63681,True,,124.985491,11.238336,
Borongan,,,Eastern Visayas,,#b63681,True,,125.433207,11.607212,
Catbalogan,,,Eastern Visayas,,#b63681,True,,124.882799,11.776538,
Calbayog,,,Eastern Visayas,,#b63681,True,,124.593543,12.068533,
Catarman - Gaisano Grand Mall Catarman,,,Eastern Visayas,,#b63681,True,,124.638989,12.48968,
Catarman - Jacinto St.,,,Eastern Visayas,,#b63681,True,,124.64085,12.496729,
Molave,,,Zamboanga Peninsula,,#f18729,True,,123.487391,8.09681,
Pagadian - Gaisano Capital,,,Zamboanga Peninsula,,#f18729,True,,123.441048,7.824269,
Pagadian - Pajeres Street,,,Zamboanga Peninsula,,#f18729,True,,123.438324,7.822413,
Pagadian - Drive-Thru,,,Zamboanga Peninsula,,#f18729,True,,123.437148,7.823756,
Pagadian - Tiguma,,,Zamboanga Peninsula,,#f18729,True,,123.462631,7.840371,
Dipolog,,,Zamboanga Peninsula,,#f18729,True,,123.339124,8.570905,
Dipolog - Lee Central City Plaza,,,Zamboanga Peninsula,,#f18729,True,,123.338605,8.581896,
Dipolog - F. Lacaya Street,,,Zamboanga Peninsula,,#f18729,True,,123.341385,8.587071,
Dipolog - Drive-Thru,,,Zamboanga Peninsula,,#f18729,True,,123.3509,8.583755,
Sindangan,,,Zamboanga Peninsula,,#f18729,True,,122.999608,8.243369,
Ipil,,,Zamboanga Peninsula,,#f18729,True,,122.584161,7.780105,
Ipil - Rotonda,,,Zamboanga Peninsula,,#f18729,True,,122.586014,7.781118,
Isabela City,"Geographically part of Basilan (province of BARMM), but is grouped under Zamboanga Peninsula.",,Zamboanga Peninsula,,#f18729,True,,121.971534,6.704693,
Yubenco Gusu,,,Zamboanga City,star,#f18729,True,,122.047982,6.920624,
Climaco,,,Zamboanga City,star,#f18729,True,,122.075075,6.905774,
Limtown Center,,,Zamboanga City,star,#f18729,True,,122.076454,6.906248,
Southway Square,,,Zamboanga City,star,#f18729,True,,122.076841,6.906224,
Pilar,,,Zamboanga City,star,#f18729,True,,122.077349,6.906345,
Shopper's Center The Gateway,,,Zamboanga City,star,#f18729,True,,122.077143,6.906531,
Plaza Pershing,,,Zamboanga City,crossing,#f18729,True,,122.076751,6.90462,
Veterans Ave.,,,Zamboanga City,star,#f18729,True,,122.079927,6.913941,
Sta. Cruz,,,Zamboanga City,star,#f18729,True,,122.079751,6.92193,
KCC Mall of Zamboanga,,,Zamboanga City,star,#f18729,True,,122.073365,6.921014,
Gov. Camins Rd.,,,Zamboanga City,star,#f18729,True,,122.072693,6.92083,
Yubenco Star Mall,,,Zamboanga City,star,#f18729,True,,122.092282,6.935308,
San Jose Cawa-cawa,,,Zamboanga City,star,#f18729,True,,122.065384,6.912524,
Boalan,,,Zamboanga City,star,#f18729,True,,122.107958,6.948375,
Zamboanga Ayala,,,Zamboanga City,star,#f18729,True,,121.948277,6.96499,
Valencia - Robinsons Place,,,Northern Mindanao,,#e32c31,True,,125.100259,7.934311,
Valencia,,,Northern Mindanao,,#e32c31,True,,125.092489,7.904313,
Valencia - Drive-thru,,,Northern Mindanao,,#e32c31,True,,125.093586,7.905955,
Malaybalay,,,Northern Mindanao,,#e32c31,True,,125.125599,8.156734,
Manolo Fortich,,,Northern Mindanao,,#e32c31,True,,124.865344,8.367398,
Oroquieta,,,Northern Mindanao,,#e32c31,True,,123.804542,8.48233,
Lala,,,Northern Mindanao,,#e32c31,True,,123.772492,7.922814,
Ozamiz - Bernad,STILL OPEN; TO RELOCATE,,Northern Mindanao,,#9e9e9e,True,,123.846842,8.146476,
Ozamiz - Rizal,,,Northern Mindanao,,#e32c31,True,,123.843975,8.144378,
Ozamiz - Lam-an,,,Northern Mindanao,,#e32c31,True,,123.836437,8.148699,
Ozamiz - Bernad (Relocation),"Opened: August 30, 2024",,Northern Mindanao,,#e32c31,True,,123.850607,8.150017,
Iligan - Tibanga,,,Northern Mindanao,,#e32c31,True,,124.243919,8.238143,
Iligan - Aguinaldo,,,Northern Mindanao,,#e32c31,True,,124.240542,8.227766,
Iligan - Robinsons Place,,,Northern Mindanao,,#e32c31,True,,124.239572,8.218448,
Iligan - Macapagal,,,Northern Mindanao,,#e32c31,True,,124.239772,8.217386,
Iligan - Gaisano Mall,,,Northern Mindanao,,#e32c31,True,,124.241112,8.231026,
Opol - Igpit,,,Northern Mindanao,,#e32c31,True,,124.593324,8.504012,
El Salvador,"Opened: Oct. 28, 2022",,Northern Mindanao,,#e32c31,True,,124.523892,8.562034,
Balingasag,,,Northern Mindanao,,#e32c31,True,,124.781467,8.745746,
Tagoloan,U/C,,Northern Mindanao,warning,#e32c31,True,,124.754019,8.535582,
Gingoog,,,Northern Mindanao,,#e32c31,True,,125.107086,8.824985,
Gingoog - Drive-thru,,,Northern Mindanao,,#e32c31,True,,125.108178,8.825642,
Mambajao,,,Northern Mindanao,,#e32c31,True,,124.716668,9.249703,
SM Downtown Premier,,,Cagayan de Oro City,star,#e32c31,True,,124.654098,8.484946,
Centrio Mall,,,Cagayan de Oro City,star,#e32c31,True,,124.65087,8.485563,
Pelaez,,,Cagayan de Oro City,star,#e32c31,True,,124.645509,8.482259,
Gaisano West Wing,,,Cagayan de Oro City,star,#e32c31,True,,124.650412,8.486242,
Gaisano East Wing,,,Cagayan de Oro City,star,#e32c31,True,,124.651426,8.485957,
Ororama Supercenter,,,Cagayan de Oro City,star,#e32c31,True,,124.649298,8.477261,
Osmena,,,Cagayan de Oro City,star,#e32c31,True,,124.652372,8.476591,
Vamenta,,,Cagayan de Oro City,star,#e32c31,True,,124.637988,8.481414,
Kauswagan Diversion,,,Cagayan de Oro City,star,#e32c31,True,,124.642013,8.502899,
Masterson,,,Cagayan de Oro City,star,#e32c31,True,,124.622978,8.4498,
[CLOSED] Lourdes,"Closed: January 1, 2025",,Cagayan de Oro City,star,#000000,True,,124.6421,8.477434,
Xavier,,,Cagayan de Oro City,star,#e32c31,True,,124.645848,8.476867,
SM City Cagayan de Oro,,,Cagayan de Oro City,star,#e32c31,True,,124.623941,8.456057,
IFI Bulua,,,Cagayan de Oro City,star,#e32c31,True,,124.615699,8.504143,
Market City,,,Cagayan de Oro City,star,#e32c31,True,,124.658665,8.488984,
Puerto,,,Cagayan de Oro City,star,#e32c31,True,,124.74877,8.498678,
Kauswagan,,,Cagayan de Oro City,star,#e32c31,True,,124.630594,8.496925,
Limketkai Gateway,,,Cagayan de Oro City,star,#e32c31,True,,124.656236,8.484469,
Limketkai Center,,,Cagayan de Oro City,star,#e32c31,True,,124.655904,8.481956,
Divisoria,,,Cagayan de Oro City,star,#e32c31,True,,124.644363,8.477839,
Georgetown Cybermall,,,Cagayan de Oro City,star,#e32c31,True,,124.639029,8.487571,
Tagum - Hiway Drive-thru,,,Davao Region,,#482d9e,True,,125.809568,7.446795,
Tagum - Pioneer Ave.,,,Davao Region,,#482d9e,True,,125.804747,7.450611,
Tagum - NCCC Mall,,,Davao Region,,#482d9e,True,,125.813498,7.451475,
Tagum - Gmall,,,Davao Region,,#482d9e,True,,125.811776,7.448983,
Tagum - Robinsons Place,,,Davao Region,,#482d9e,True,,125.79699,7.430152,
Tagum - Gaisano Grand Mall Tagum,,,Davao Region,,#482d9e,True,,125.810915,7.445771,
Tagum - Diversion,"Opened: October 27, 2023",,Davao Region,,#482d9e,True,,125.820405,7.461272,
Santo Tomas,,,Davao Region,,#482d9e,True,,125.623706,7.526197,
Panabo - Gaisano Grand Mall,,,Davao Region,,#482d9e,True,,125.686223,7.306875,
Panabo,,,Davao Region,,#482d9e,True,,125.68197,7.302761,
Panabo - Gredu,,,Davao Region,,#482d9e,True,,125.679613,7.298923,
[CLOSED] Digos,"Closed: January 1, 2025",,Davao Region,,#000000,True,,125.355621,6.754574,
Digos - Estrada Public Market,,,Davao Region,,#482d9e,True,,125.354112,6.756435,
Digos - City Hall,,,Davao Region,,#482d9e,True,,125.355373,6.743272,
Bansalan,,,Davao Region,,#482d9e,True,,125.210479,6.786109,
Mati,,,Davao Region,,#482d9e,True,,126.219665,6.951074,
Nabunturan,,,Davao Region,,#482d9e,True,,125.962333,7.601426,
Pantukan,U/C,,Davao Region,,#482d9e,True,,125.894626,7.134126,
Tibungco,,,Davao City,star,#482d9e,True,,125.64724,7.196567,
Gaisano Grand Citygate Mall,,,Davao City,star,#482d9e,True,,125.612919,7.110047,
Buhangin Drive-thru,,,Davao City,star,#482d9e,True,,125.615012,7.099771,
Southern Philippines Medical Center,,,Davao City,star,#482d9e,True,,125.619506,7.097049,
Lanang,,,Davao City,star,#482d9e,True,,125.649138,7.109756,
SM Lanang Premier,,,Davao City,star,#482d9e,True,,125.631094,7.09885,
Ma-a,Store #991,,Davao City,warning,#482d9e,True,,125.582593,7.080322,
Victoria Plaza Mall,,,Davao City,star,#482d9e,True,,125.611665,7.086393,
J.P. Laurel Avenue,,,Davao City,star,#482d9e,True,,125.61235,7.08441,
Gaisano Mall,,,Davao City,star,#482d9e,True,,125.613487,7.07825,
Ramon Magsaysay Avenue,,,Davao City,star,#482d9e,True,,125.621383,7.073991,
Agdao,,,Davao City,star,#482d9e,True,,125.623177,7.082328,
Lanang 2,,,Davao City,star,#482d9e,True,,125.631061,7.100995,
Times Square,,,Davao City,star,#482d9e,True,,125.605732,7.069138,
Bolton Street,,,Davao City,star,#482d9e,True,,125.609319,7.066202,
Gen. Douglas MacArthur Highway,,,Davao City,star,#482d9e,True,,125.596801,7.063047,
Quimpo Blvd,,,Davao City,star,#482d9e,True,,125.600632,7.057414,
SM City Davao,,,Davao City,star,#482d9e,True,,125.587059,7.050218,
Center Point Plaza,,,Davao City,star,#482d9e,True,,125.56894,7.058845,
Puan,,,Davao City,star,#482d9e,True,,125.542221,7.051157,
Tugbok,,,Davao City,star,#482d9e,True,,125.512457,7.080618,
Toril - Agton,,,Davao City,star,#482d9e,True,,125.498006,7.016614,
Gaisano Mall of Toril,,,Davao City,star,#482d9e,True,,125.493752,7.016285,
Gaisano Grand Mall Toril,,,Davao City,star,#482d9e,True,,125.490856,7.013166,
San Pedro St.,,,Davao City,star,#482d9e,True,,125.608102,7.065505,
Calinan,,,Davao City,star,#482d9e,True,,125.45544,7.191003,
