Loan_ID,Gender,Married,Dependents,Education,Self_Employed,ApplicantIncome,CoapplicantIncome,LoanAmount,Loan_Amount_Term,Credit_History,Property_Area,Credit_Score,Residential_Asset_Value,Commercial_Asset_Value,Loan_Status
LP001002,Male,No,0,Graduate,No,5849,0.0,350.0,360.0,1.0,Urban,402,154573,585417,Y
LP001003,Male,Yes,1,Graduate,No,4583,1508.0,128.0,360.0,1.0,Rural,735,479802,531459,N
LP001005,Male,Yes,0,Graduate,Yes,3000,0.0,66.0,360.0,1.0,Urban,570,308090,288456,Y
LP001006,Male,Yes,0,Not Graduate,No,2583,2358.0,120.0,360.0,1.0,Urban,406,193087,655941,Y
LP001008,Male,No,0,Graduate,No,6000,0.0,141.0,360.0,1.0,Urban,371,95002,257729,Y
LP001011,Male,Yes,2,Graduate,Yes,5417,4196.0,267.0,360.0,1.0,Urban,320,297666,328504,Y
LP001013,Male,Yes,0,Not Graduate,No,2333,1516.0,95.0,360.0,1.0,Urban,421,187326,746117,Y
LP001014,Male,Yes,3+,Graduate,No,3036,2504.0,158.0,360.0,0.0,Semiurban,766,460360,752665,N
LP001018,Male,Yes,2,Graduate,No,4006,1526.0,168.0,360.0,1.0,Urban,514,205286,625910,Y
LP001020,Male,Yes,1,Graduate,No,12841,10968.0,349.0,360.0,1.0,Semiurban,630,261791,673044,N
LP001024,Male,Yes,2,Graduate,No,3200,700.0,70.0,360.0,1.0,Urban,758,252846,140809,Y
LP001027,Male,Yes,2,Graduate,,2500,1840.0,109.0,360.0,1.0,Urban,387,187162,641013,Y
LP001028,Male,Yes,2,Graduate,No,3073,8106.0,200.0,360.0,1.0,Urban,672,192709,816756,Y
LP001029,Male,No,0,Graduate,No,1853,2840.0,114.0,360.0,1.0,Rural,399,203487,151226,N
LP001030,Male,Yes,2,Graduate,No,1299,1086.0,17.0,120.0,1.0,Urban,430,74071,599512,Y
LP001032,Male,No,0,Graduate,No,4950,0.0,125.0,360.0,1.0,Urban,608,108243,705470,Y
LP001034,Male,No,1,Not Graduate,No,3596,0.0,100.0,240.0,,Urban,643,437971,575781,Y
LP001036,Female,No,0,Graduate,No,3510,0.0,76.0,360.0,0.0,Urban,791,420359,129402,N
LP001038,Male,Yes,0,Not Graduate,No,4887,0.0,133.0,360.0,1.0,Rural,713,222312,104263,N
LP001041,Male,Yes,0,Graduate,,2600,3500.0,115.0,,1.0,Urban,685,307218,851883,Y
LP001043,Male,Yes,0,Not Graduate,No,7660,0.0,104.0,360.0,0.0,Urban,491,264879,277900,N
LP001046,Male,Yes,1,Graduate,No,5955,5625.0,315.0,360.0,1.0,Urban,576,413714,672212,Y
LP001047,Male,Yes,0,Not Graduate,No,2600,1911.0,116.0,360.0,0.0,Semiurban,460,476650,436326,N
LP001050,,Yes,2,Not Graduate,No,3365,1917.0,112.0,360.0,0.0,Rural,759,381868,324137,N
LP001052,Male,Yes,1,Graduate,,3717,2925.0,151.0,360.0,,Semiurban,613,427503,552268,N
LP001066,Male,Yes,0,Graduate,Yes,9560,0.0,191.0,360.0,1.0,Semiurban,321,387841,397881,Y
LP001068,Male,Yes,0,Graduate,No,2799,2253.0,122.0,360.0,1.0,Semiurban,552,78732,463476,Y
LP001073,Male,Yes,2,Not Graduate,No,4226,1040.0,110.0,360.0,1.0,Urban,774,171465,451707,Y
LP001086,Male,No,0,Not Graduate,No,1442,0.0,35.0,360.0,1.0,Urban,358,454530,784733,N
LP001087,Female,No,2,Graduate,,3750,2083.0,120.0,360.0,1.0,Semiurban,810,467170,610585,Y
LP001091,Male,Yes,1,Graduate,,4166,3369.0,201.0,360.0,,Urban,775,107108,791757,N
LP001095,Male,No,0,Graduate,No,3167,0.0,74.0,360.0,1.0,Urban,489,161195,490719,N
LP001097,Male,No,1,Graduate,Yes,4692,0.0,106.0,360.0,1.0,Rural,543,415225,579361,N
LP001098,Male,Yes,0,Graduate,No,3500,1667.0,114.0,360.0,1.0,Semiurban,804,86668,201371,Y
LP001100,Male,No,3+,Graduate,No,12500,3000.0,320.0,360.0,1.0,Rural,430,335205,662997,N
LP001106,Male,Yes,0,Graduate,No,2275,2067.0,,360.0,1.0,Urban,784,391396,292192,Y
LP001109,Male,Yes,0,Graduate,No,1828,1330.0,100.0,,0.0,Urban,320,89749,250322,N
LP001112,Female,Yes,0,Graduate,No,3667,1459.0,144.0,360.0,1.0,Semiurban,466,180560,121172,Y
LP001114,Male,No,0,Graduate,No,4166,7210.0,184.0,360.0,1.0,Urban,573,416824,635843,Y
LP001116,Male,No,0,Not Graduate,No,3748,1668.0,110.0,360.0,1.0,Semiurban,687,197979,677564,Y
LP001119,Male,No,0,Graduate,No,3600,0.0,80.0,360.0,1.0,Urban,615,199849,681780,N
LP001120,Male,No,0,Graduate,No,1800,1213.0,47.0,360.0,1.0,Urban,313,274301,808362,Y
LP001123,Male,Yes,0,Graduate,No,2400,0.0,75.0,360.0,,Urban,541,101745,613319,Y
LP001131,Male,Yes,0,Graduate,No,3941,2336.0,134.0,360.0,1.0,Semiurban,645,420608,880298,Y
LP001136,Male,Yes,0,Not Graduate,Yes,4695,0.0,96.0,,1.0,Urban,639,141865,976031,Y
LP001137,Female,No,0,Graduate,No,3410,0.0,88.0,,1.0,Urban,391,424572,322320,Y
LP001138,Male,Yes,1,Graduate,No,5649,0.0,44.0,360.0,1.0,Urban,666,262890,517978,Y
LP001144,Male,Yes,0,Graduate,No,5821,0.0,144.0,360.0,1.0,Urban,754,73624,111046,Y
LP001146,Female,Yes,0,Graduate,No,2645,3440.0,120.0,360.0,0.0,Urban,727,73321,328071,N
LP001151,Female,No,0,Graduate,No,4000,2275.0,144.0,360.0,1.0,Semiurban,808,453704,478165,Y
LP001155,Female,Yes,0,Not Graduate,No,1928,1644.0,100.0,360.0,1.0,Semiurban,334,334718,808662,Y
LP001157,Female,No,0,Graduate,No,3086,0.0,120.0,360.0,1.0,Semiurban,505,448456,516366,Y
LP001164,Female,No,0,Graduate,No,4230,0.0,112.0,360.0,1.0,Semiurban,380,224293,366997,N
LP001179,Male,Yes,2,Graduate,No,4616,0.0,134.0,360.0,1.0,Urban,687,453694,745188,N
LP001186,Female,Yes,1,Graduate,Yes,11500,0.0,286.0,360.0,0.0,Urban,301,309127,582615,N
LP001194,Male,Yes,2,Graduate,No,2708,1167.0,97.0,360.0,1.0,Semiurban,689,236717,515008,Y
LP001195,Male,Yes,0,Graduate,No,2132,1591.0,96.0,360.0,1.0,Semiurban,405,462478,683417,Y
LP001197,Male,Yes,0,Graduate,No,3366,2200.0,135.0,360.0,1.0,Rural,776,430975,861379,N
LP001198,Male,Yes,1,Graduate,No,8080,2250.0,180.0,360.0,1.0,Urban,701,233868,305550,Y
LP001199,Male,Yes,2,Not Graduate,No,3357,2859.0,144.0,360.0,1.0,Urban,461,185504,344883,Y
LP001205,Male,Yes,0,Graduate,No,2500,3796.0,120.0,360.0,1.0,Urban,501,145257,738418,Y
LP001206,Male,Yes,3+,Graduate,No,3029,0.0,99.0,360.0,1.0,Urban,569,114291,560514,Y
LP001207,Male,Yes,0,Not Graduate,Yes,2609,3449.0,165.0,180.0,0.0,Rural,570,260176,771210,N
LP001213,Male,Yes,1,Graduate,No,4945,0.0,,360.0,0.0,Rural,755,240471,221789,N
LP001222,Female,No,0,Graduate,No,4166,0.0,116.0,360.0,0.0,Semiurban,761,439744,779418,N
LP001225,Male,Yes,0,Graduate,No,5726,4595.0,258.0,360.0,1.0,Semiurban,551,362572,800780,N
LP001228,Male,No,0,Not Graduate,No,3200,2254.0,126.0,180.0,0.0,Urban,595,268803,663178,N
LP001233,Male,Yes,1,Graduate,No,10750,0.0,312.0,360.0,1.0,Urban,637,443518,166017,Y
LP001238,Male,Yes,3+,Not Graduate,Yes,7100,0.0,125.0,60.0,1.0,Urban,352,443271,278376,Y
LP001241,Female,No,0,Graduate,No,4300,0.0,136.0,360.0,0.0,Semiurban,516,161317,788281,N
LP001243,Male,Yes,0,Graduate,No,3208,3066.0,172.0,360.0,1.0,Urban,487,189789,599137,Y
LP001245,Male,Yes,2,Not Graduate,Yes,1875,1875.0,97.0,360.0,1.0,Semiurban,679,439593,756884,Y
LP001248,Male,No,0,Graduate,No,3500,0.0,81.0,300.0,1.0,Semiurban,792,340843,724712,Y
LP001250,Male,Yes,3+,Not Graduate,No,4755,0.0,95.0,,0.0,Semiurban,340,123686,901480,N
LP001253,Male,Yes,3+,Graduate,Yes,5266,1774.0,187.0,360.0,1.0,Semiurban,456,117661,793264,Y
LP001255,Male,No,0,Graduate,No,3750,0.0,113.0,480.0,1.0,Urban,314,94247,941344,N
LP001256,Male,No,0,Graduate,No,3750,4750.0,176.0,360.0,1.0,Urban,364,295121,658296,N
LP001259,Male,Yes,1,Graduate,Yes,1000,3022.0,110.0,360.0,1.0,Urban,820,197820,493276,N
LP001263,Male,Yes,3+,Graduate,No,3167,4000.0,180.0,300.0,0.0,Semiurban,643,417257,830026,N
LP001264,Male,Yes,3+,Not Graduate,Yes,3333,2166.0,130.0,360.0,,Semiurban,428,316765,707847,Y
LP001265,Female,No,0,Graduate,No,3846,0.0,111.0,360.0,1.0,Semiurban,771,196106,155337,Y
LP001266,Male,Yes,1,Graduate,Yes,2395,0.0,,360.0,1.0,Semiurban,362,308930,997048,Y
LP001267,Female,Yes,2,Graduate,No,1378,1881.0,167.0,360.0,1.0,Urban,438,448342,375494,N
LP001273,Male,Yes,0,Graduate,No,6000,2250.0,265.0,360.0,,Semiurban,798,186194,124354,N
LP001275,Male,Yes,1,Graduate,No,3988,0.0,50.0,240.0,1.0,Urban,691,330174,145186,Y
LP001279,Male,No,0,Graduate,No,2366,2531.0,136.0,360.0,1.0,Semiurban,718,394982,652433,Y
LP001280,Male,Yes,2,Not Graduate,No,3333,2000.0,99.0,360.0,,Semiurban,588,396861,527236,Y
LP001282,Male,Yes,0,Graduate,No,2500,2118.0,104.0,360.0,1.0,Semiurban,678,498874,710411,Y
LP001289,Male,No,0,Graduate,No,8566,0.0,210.0,360.0,1.0,Urban,789,88638,599883,Y
LP001310,Male,Yes,0,Graduate,No,5695,4167.0,175.0,360.0,1.0,Semiurban,530,379211,830546,Y
LP001316,Male,Yes,0,Graduate,No,2958,2900.0,131.0,360.0,1.0,Semiurban,340,168033,840829,Y
LP001318,Male,Yes,2,Graduate,No,6250,5654.0,188.0,180.0,1.0,Semiurban,327,155977,644869,Y
LP001319,Male,Yes,2,Not Graduate,No,3273,1820.0,81.0,360.0,1.0,Urban,434,138869,713217,Y
LP001322,Male,No,0,Graduate,No,4133,0.0,122.0,360.0,1.0,Semiurban,500,155186,385195,Y
LP001325,Male,No,0,Not Graduate,No,3620,0.0,25.0,120.0,1.0,Semiurban,332,346818,675762,Y
LP001326,Male,No,0,Graduate,,6782,0.0,,360.0,,Urban,347,216926,716036,N
LP001327,Female,Yes,0,Graduate,No,2484,2302.0,137.0,360.0,1.0,Semiurban,802,96271,225995,Y
LP001333,Male,Yes,0,Graduate,No,1977,997.0,50.0,360.0,1.0,Semiurban,706,385832,345690,Y
LP001334,Male,Yes,0,Not Graduate,No,4188,0.0,115.0,180.0,1.0,Semiurban,398,481734,431770,Y
LP001343,Male,Yes,0,Graduate,No,1759,3541.0,131.0,360.0,1.0,Semiurban,846,423220,893392,Y
LP001345,Male,Yes,2,Not Graduate,No,4288,3263.0,133.0,180.0,1.0,Urban,761,191339,528988,Y
LP001349,Male,No,0,Graduate,No,4843,3806.0,151.0,360.0,1.0,Semiurban,304,271897,280553,Y
LP001350,Male,Yes,,Graduate,No,13650,0.0,,360.0,1.0,Urban,517,51062,660696,Y
LP001356,Male,Yes,0,Graduate,No,4652,3583.0,,360.0,1.0,Semiurban,802,297736,980438,Y
LP001357,Male,,,Graduate,No,3816,754.0,160.0,360.0,1.0,Urban,697,100448,359568,Y
LP001367,Male,Yes,1,Graduate,No,3052,1030.0,100.0,360.0,1.0,Urban,692,145462,419278,Y
LP001369,Male,Yes,2,Graduate,No,11417,1126.0,225.0,360.0,1.0,Urban,506,449445,251563,Y
LP001370,Male,No,0,Not Graduate,,7333,0.0,120.0,360.0,1.0,Rural,314,295885,756701,N
LP001379,Male,Yes,2,Graduate,No,3800,3600.0,216.0,360.0,0.0,Urban,760,97915,799983,N
LP001384,Male,Yes,3+,Not Graduate,No,2071,754.0,94.0,480.0,1.0,Semiurban,540,316776,714615,Y
LP001385,Male,No,0,Graduate,No,5316,0.0,136.0,360.0,1.0,Urban,395,154592,493554,Y
LP001387,Female,Yes,0,Graduate,,2929,2333.0,139.0,360.0,1.0,Semiurban,784,184668,302503,Y
LP001391,Male,Yes,0,Not Graduate,No,3572,4114.0,152.0,,0.0,Rural,706,421923,243326,N
LP001392,Female,No,1,Graduate,Yes,7451,0.0,,360.0,1.0,Semiurban,530,449384,807220,Y
LP001398,Male,No,0,Graduate,,5050,0.0,118.0,360.0,1.0,Semiurban,470,158099,111344,Y
LP001401,Male,Yes,1,Graduate,No,14583,0.0,185.0,180.0,1.0,Rural,840,57561,494966,Y
LP001404,Female,Yes,0,Graduate,No,3167,2283.0,154.0,360.0,1.0,Semiurban,335,132152,692245,Y
LP001405,Male,Yes,1,Graduate,No,2214,1398.0,85.0,360.0,,Urban,824,175036,205423,Y
LP001421,Male,Yes,0,Graduate,No,5568,2142.0,175.0,360.0,1.0,Rural,459,436193,420197,N
LP001422,Female,No,0,Graduate,No,10408,0.0,259.0,360.0,1.0,Urban,542,76734,564071,Y
LP001426,Male,Yes,,Graduate,No,5667,2667.0,180.0,360.0,1.0,Rural,385,449587,771256,Y
LP001430,Female,No,0,Graduate,No,4166,0.0,44.0,360.0,1.0,Semiurban,327,76069,286833,Y
LP001431,Female,No,0,Graduate,No,2137,8980.0,137.0,360.0,0.0,Semiurban,639,260977,817912,Y
LP001432,Male,Yes,2,Graduate,No,2957,0.0,81.0,360.0,1.0,Semiurban,630,62910,875435,Y
LP001439,Male,Yes,0,Not Graduate,No,4300,2014.0,194.0,360.0,1.0,Rural,805,385623,177454,Y
LP001443,Female,No,0,Graduate,No,3692,0.0,93.0,360.0,,Rural,647,131264,357594,Y
LP001448,,Yes,3+,Graduate,No,23803,0.0,370.0,360.0,1.0,Rural,772,73275,611897,Y
LP001449,Male,No,0,Graduate,No,3865,1640.0,,360.0,1.0,Rural,530,122274,452744,Y
LP001451,Male,Yes,1,Graduate,Yes,10513,3850.0,160.0,180.0,0.0,Urban,489,412920,616142,N
LP001465,Male,Yes,0,Graduate,No,6080,2569.0,182.0,360.0,,Rural,524,241076,137641,N
LP001469,Male,No,0,Graduate,Yes,20166,0.0,650.0,480.0,,Urban,684,244053,653999,Y
LP001473,Male,No,0,Graduate,No,2014,1929.0,74.0,360.0,1.0,Urban,676,235625,956774,Y
LP001478,Male,No,0,Graduate,No,2718,0.0,70.0,360.0,1.0,Semiurban,582,98447,469040,Y
LP001482,Male,Yes,0,Graduate,Yes,3459,0.0,25.0,120.0,1.0,Semiurban,558,477745,767542,Y
LP001487,Male,No,0,Graduate,No,4895,0.0,102.0,360.0,1.0,Semiurban,658,438538,712121,Y
LP001488,Male,Yes,3+,Graduate,No,4000,7750.0,290.0,360.0,1.0,Semiurban,755,125703,418420,N
LP001489,Female,Yes,0,Graduate,No,4583,0.0,84.0,360.0,1.0,Rural,710,388234,381685,N
LP001491,Male,Yes,2,Graduate,Yes,3316,3500.0,88.0,360.0,1.0,Urban,617,329404,980889,Y
LP001492,Male,No,0,Graduate,No,14999,0.0,242.0,360.0,0.0,Semiurban,524,162581,575526,N
LP001493,Male,Yes,2,Not Graduate,No,4200,1430.0,129.0,360.0,1.0,Rural,533,315956,144813,N
LP001497,Male,Yes,2,Graduate,No,5042,2083.0,185.0,360.0,1.0,Rural,673,471240,792558,N
LP001498,Male,No,0,Graduate,No,5417,0.0,168.0,360.0,1.0,Urban,771,239728,764180,Y
LP001504,Male,No,0,Graduate,Yes,6950,0.0,175.0,180.0,1.0,Semiurban,532,428292,386214,Y
LP001507,Male,Yes,0,Graduate,No,2698,2034.0,122.0,360.0,1.0,Semiurban,412,470501,442703,Y
LP001508,Male,Yes,2,Graduate,No,11757,0.0,187.0,180.0,1.0,Urban,796,166421,304615,Y
LP001514,Female,Yes,0,Graduate,No,2330,4486.0,100.0,360.0,1.0,Semiurban,741,51605,576657,Y
LP001516,Female,Yes,2,Graduate,No,14866,0.0,70.0,360.0,1.0,Urban,567,122303,666074,Y
LP001518,Male,Yes,1,Graduate,No,1538,1425.0,30.0,360.0,1.0,Urban,809,208211,850294,Y
LP001519,Female,No,0,Graduate,No,10000,1666.0,225.0,360.0,1.0,Rural,685,237210,855164,N
LP001520,Male,Yes,0,Graduate,No,4860,830.0,125.0,360.0,1.0,Semiurban,686,311949,499953,Y
LP001528,Male,No,0,Graduate,No,6277,0.0,118.0,360.0,0.0,Rural,412,388269,922494,N
LP001529,Male,Yes,0,Graduate,Yes,2577,3750.0,152.0,360.0,1.0,Rural,380,194990,938003,Y
LP001531,Male,No,0,Graduate,No,9166,0.0,244.0,360.0,1.0,Urban,412,208518,387654,N
LP001532,Male,Yes,2,Not Graduate,No,2281,0.0,113.0,360.0,1.0,Rural,301,174040,381570,N
LP001535,Male,No,0,Graduate,No,3254,0.0,50.0,360.0,1.0,Urban,519,194118,137265,Y
LP001536,Male,Yes,3+,Graduate,No,39999,0.0,600.0,180.0,0.0,Semiurban,524,468034,349321,Y
LP001541,Male,Yes,1,Graduate,No,6000,0.0,160.0,360.0,,Rural,684,281966,166150,Y
LP001543,Male,Yes,1,Graduate,No,9538,0.0,187.0,360.0,1.0,Urban,702,316468,711600,Y
LP001546,Male,No,0,Graduate,,2980,2083.0,120.0,360.0,1.0,Rural,429,388467,189613,Y
LP001552,Male,Yes,0,Graduate,No,4583,5625.0,255.0,360.0,1.0,Semiurban,352,321255,437054,Y
LP001560,Male,Yes,0,Not Graduate,No,1863,1041.0,98.0,360.0,1.0,Semiurban,715,481326,938807,Y
LP001562,Male,Yes,0,Graduate,No,7933,0.0,275.0,360.0,1.0,Urban,546,66389,221826,N
LP001565,Male,Yes,1,Graduate,No,3089,1280.0,121.0,360.0,0.0,Semiurban,738,172177,659723,N
LP001570,Male,Yes,2,Graduate,No,4167,1447.0,158.0,360.0,1.0,Rural,502,353571,982875,Y
LP001572,Male,Yes,0,Graduate,No,9323,0.0,75.0,180.0,1.0,Urban,483,209818,550348,Y
LP001574,Male,Yes,0,Graduate,No,3707,3166.0,182.0,,1.0,Rural,422,172883,310017,Y
LP001577,Female,Yes,0,Graduate,No,4583,0.0,112.0,360.0,1.0,Rural,700,268958,234055,N
LP001578,Male,Yes,0,Graduate,No,2439,3333.0,129.0,360.0,1.0,Rural,593,288213,590457,Y
LP001579,Male,No,0,Graduate,No,2237,0.0,63.0,480.0,0.0,Semiurban,579,443333,776022,N
LP001580,Male,Yes,2,Graduate,No,8000,0.0,200.0,360.0,1.0,Semiurban,497,437952,909942,Y
LP001581,Male,Yes,0,Not Graduate,,1820,1769.0,95.0,360.0,1.0,Rural,810,162221,833547,Y
LP001585,,Yes,3+,Graduate,No,51763,0.0,700.0,300.0,1.0,Urban,443,325378,796358,Y
LP001586,Male,Yes,3+,Not Graduate,No,3522,0.0,81.0,180.0,1.0,Rural,500,310669,550062,N
LP001594,Male,Yes,0,Graduate,No,5708,5625.0,187.0,360.0,1.0,Semiurban,423,284936,194071,Y
LP001603,Male,Yes,0,Not Graduate,Yes,4344,736.0,87.0,360.0,1.0,Semiurban,486,365585,893072,N
LP001606,Male,Yes,0,Graduate,No,3497,1964.0,116.0,360.0,1.0,Rural,625,50846,406691,Y
LP001608,Male,Yes,2,Graduate,No,2045,1619.0,101.0,360.0,1.0,Rural,763,60954,941052,Y
LP001610,Male,Yes,3+,Graduate,No,5516,11300.0,495.0,360.0,0.0,Semiurban,648,391383,246389,N
LP001616,Male,Yes,1,Graduate,No,3750,0.0,116.0,360.0,1.0,Semiurban,702,294761,739896,Y
LP001630,Male,No,0,Not Graduate,No,2333,1451.0,102.0,480.0,0.0,Urban,645,358658,369708,N
LP001633,Male,Yes,1,Graduate,No,6400,7250.0,180.0,360.0,0.0,Urban,810,400380,782705,N
LP001634,Male,No,0,Graduate,No,1916,5063.0,67.0,360.0,,Rural,446,409723,738112,N
LP001636,Male,Yes,0,Graduate,No,4600,0.0,73.0,180.0,1.0,Semiurban,447,187541,354444,Y
LP001637,Male,Yes,1,Graduate,No,33846,0.0,260.0,360.0,1.0,Semiurban,788,473321,703561,N
LP001639,Female,Yes,0,Graduate,No,3625,0.0,108.0,360.0,1.0,Semiurban,850,354245,961291,Y
LP001640,Male,Yes,0,Graduate,Yes,39147,4750.0,120.0,360.0,1.0,Semiurban,637,114323,311837,Y
LP001641,Male,Yes,1,Graduate,Yes,2178,0.0,66.0,300.0,0.0,Rural,772,141922,210017,N
LP001643,Male,Yes,0,Graduate,No,2383,2138.0,58.0,360.0,,Rural,450,239139,223618,Y
LP001644,,Yes,0,Graduate,Yes,674,5296.0,168.0,360.0,1.0,Rural,714,230448,559297,Y
LP001647,Male,Yes,0,Graduate,No,9328,0.0,188.0,180.0,1.0,Rural,597,226659,225341,Y
LP001653,Male,No,0,Not Graduate,No,4885,0.0,48.0,360.0,1.0,Rural,562,480192,915862,Y
LP001656,Male,No,0,Graduate,No,12000,0.0,164.0,360.0,1.0,Semiurban,443,285659,830892,N
LP001657,Male,Yes,0,Not Graduate,No,6033,0.0,160.0,360.0,1.0,Urban,645,439678,652076,N
LP001658,Male,No,0,Graduate,No,3858,0.0,76.0,360.0,1.0,Semiurban,301,379728,850865,Y
LP001664,Male,No,0,Graduate,No,4191,0.0,120.0,360.0,1.0,Rural,603,154537,541759,Y
LP001665,Male,Yes,1,Graduate,No,3125,2583.0,170.0,360.0,1.0,Semiurban,553,390621,955778,N
LP001666,Male,No,0,Graduate,No,8333,3750.0,187.0,360.0,1.0,Rural,752,291983,982554,Y
LP001669,Female,No,0,Not Graduate,No,1907,2365.0,120.0,,1.0,Urban,336,92533,664262,Y
LP001671,Female,Yes,0,Graduate,No,3416,2816.0,113.0,360.0,,Semiurban,459,313972,993741,Y
LP001673,Male,No,0,Graduate,Yes,11000,0.0,83.0,360.0,1.0,Urban,308,51917,640659,N
LP001674,Male,Yes,1,Not Graduate,No,2600,2500.0,90.0,360.0,1.0,Semiurban,532,332762,931516,Y
LP001677,Male,No,2,Graduate,No,4923,0.0,166.0,360.0,0.0,Semiurban,398,82254,522845,Y
LP001682,Male,Yes,3+,Not Graduate,No,3992,0.0,,180.0,1.0,Urban,507,311987,806544,N
LP001688,Male,Yes,1,Not Graduate,No,3500,1083.0,135.0,360.0,1.0,Urban,430,417436,424060,Y
LP001691,Male,Yes,2,Not Graduate,No,3917,0.0,124.0,360.0,1.0,Semiurban,703,97362,698260,Y
LP001692,Female,No,0,Not Graduate,No,4408,0.0,120.0,360.0,1.0,Semiurban,451,332272,293259,Y
LP001693,Female,No,0,Graduate,No,3244,0.0,80.0,360.0,1.0,Urban,353,435925,375128,Y
LP001698,Male,No,0,Not Graduate,No,3975,2531.0,55.0,360.0,1.0,Rural,419,292353,919471,Y
LP001699,Male,No,0,Graduate,No,2479,0.0,59.0,360.0,1.0,Urban,719,240455,709719,Y
LP001702,Male,No,0,Graduate,No,3418,0.0,127.0,360.0,1.0,Semiurban,721,115545,970123,N
LP001708,Female,No,0,Graduate,No,10000,0.0,214.0,360.0,1.0,Semiurban,403,132180,945038,N
LP001711,Male,Yes,3+,Graduate,No,3430,1250.0,128.0,360.0,0.0,Semiurban,553,137958,503832,N
LP001713,Male,Yes,1,Graduate,Yes,7787,0.0,240.0,360.0,1.0,Urban,526,453081,989097,Y
LP001715,Male,Yes,3+,Not Graduate,Yes,5703,0.0,130.0,360.0,1.0,Rural,411,445435,729661,Y
LP001716,Male,Yes,0,Graduate,No,3173,3021.0,137.0,360.0,1.0,Urban,809,351953,281144,Y
LP001720,Male,Yes,3+,Not Graduate,No,3850,983.0,100.0,360.0,1.0,Semiurban,772,428892,911006,Y
LP001722,Male,Yes,0,Graduate,No,150,1800.0,135.0,360.0,1.0,Rural,398,55287,350195,N
LP001726,Male,Yes,0,Graduate,No,3727,1775.0,131.0,360.0,1.0,Semiurban,452,307665,243748,Y
LP001732,Male,Yes,2,Graduate,,5000,0.0,72.0,360.0,0.0,Semiurban,637,477603,504032,N
LP001734,Female,Yes,2,Graduate,No,4283,2383.0,127.0,360.0,,Semiurban,462,58512,132733,Y
LP001736,Male,Yes,0,Graduate,No,2221,0.0,60.0,360.0,0.0,Urban,460,182414,841040,N
LP001743,Male,Yes,2,Graduate,No,4009,1717.0,116.0,360.0,1.0,Semiurban,697,158872,626338,Y
LP001744,Male,No,0,Graduate,No,2971,2791.0,144.0,360.0,1.0,Semiurban,576,462432,209996,Y
LP001749,Male,Yes,0,Graduate,No,7578,1010.0,175.0,,1.0,Semiurban,803,297754,658221,Y
LP001750,Male,Yes,0,Graduate,No,6250,0.0,128.0,360.0,1.0,Semiurban,691,143070,649239,Y
LP001751,Male,Yes,0,Graduate,No,3250,0.0,170.0,360.0,1.0,Rural,434,129767,656701,N
LP001754,Male,Yes,,Not Graduate,Yes,4735,0.0,138.0,360.0,1.0,Urban,494,147829,265873,N
LP001758,Male,Yes,2,Graduate,No,6250,1695.0,210.0,360.0,1.0,Semiurban,700,469830,810979,Y
LP001760,Male,,,Graduate,No,4758,0.0,158.0,480.0,1.0,Semiurban,332,479474,999005,Y
LP001761,Male,No,0,Graduate,Yes,6400,0.0,200.0,360.0,1.0,Rural,759,92078,533816,Y
LP001765,Male,Yes,1,Graduate,No,2491,2054.0,104.0,360.0,1.0,Semiurban,769,418432,813135,Y
LP001768,Male,Yes,0,Graduate,,3716,0.0,42.0,180.0,1.0,Rural,674,133524,321888,Y
LP001770,Male,No,0,Not Graduate,No,3189,2598.0,120.0,,1.0,Rural,321,277645,885332,Y
LP001776,Female,No,0,Graduate,No,8333,0.0,280.0,360.0,1.0,Semiurban,337,62219,845453,Y
LP001778,Male,Yes,1,Graduate,No,3155,1779.0,140.0,360.0,1.0,Semiurban,529,312379,867950,Y
LP001784,Male,Yes,1,Graduate,No,5500,1260.0,170.0,360.0,1.0,Rural,664,355073,266472,Y
LP001786,Male,Yes,0,Graduate,,5746,0.0,255.0,360.0,,Urban,737,177309,497710,N
LP001788,Female,No,0,Graduate,Yes,3463,0.0,122.0,360.0,,Urban,582,379588,311760,Y
LP001790,Female,No,1,Graduate,No,3812,0.0,112.0,360.0,1.0,Rural,326,189639,222744,Y
LP001792,Male,Yes,1,Graduate,No,3315,0.0,96.0,360.0,1.0,Semiurban,525,413978,975863,Y
LP001798,Male,Yes,2,Graduate,No,5819,5000.0,120.0,360.0,1.0,Rural,576,246513,830051,Y
LP001800,Male,Yes,1,Not Graduate,No,2510,1983.0,140.0,180.0,1.0,Urban,583,396699,601946,N
LP001806,Male,No,0,Graduate,No,2965,5701.0,155.0,60.0,1.0,Urban,780,385842,143001,Y
LP001807,Male,Yes,2,Graduate,Yes,6250,1300.0,108.0,360.0,1.0,Rural,752,436594,691652,Y
LP001811,Male,Yes,0,Not Graduate,No,3406,4417.0,123.0,360.0,1.0,Semiurban,815,298320,931460,Y
LP001813,Male,No,0,Graduate,Yes,6050,4333.0,120.0,180.0,1.0,Urban,846,186487,338506,N
LP001814,Male,Yes,2,Graduate,No,9703,0.0,112.0,360.0,1.0,Urban,491,217231,853019,Y
LP001819,Male,Yes,1,Not Graduate,No,6608,0.0,137.0,180.0,1.0,Urban,348,93925,530789,Y
LP001824,Male,Yes,1,Graduate,No,2882,1843.0,123.0,480.0,1.0,Semiurban,811,187023,756166,Y
LP001825,Male,Yes,0,Graduate,No,1809,1868.0,90.0,360.0,1.0,Urban,316,137388,811998,Y
LP001835,Male,Yes,0,Not Graduate,No,1668,3890.0,201.0,360.0,0.0,Semiurban,471,58007,752589,N
LP001836,Female,No,2,Graduate,No,3427,0.0,138.0,360.0,1.0,Urban,519,307802,599722,N
LP001841,Male,No,0,Not Graduate,Yes,2583,2167.0,104.0,360.0,1.0,Rural,457,485048,785117,Y
LP001843,Male,Yes,1,Not Graduate,No,2661,7101.0,279.0,180.0,1.0,Semiurban,776,108596,658924,Y
LP001844,Male,No,0,Graduate,Yes,16250,0.0,192.0,360.0,0.0,Urban,345,433245,835457,N
LP001846,Female,No,3+,Graduate,No,3083,0.0,255.0,360.0,1.0,Rural,672,473739,279352,Y
LP001849,Male,No,0,Not Graduate,No,6045,0.0,115.0,360.0,0.0,Rural,817,401005,910694,N
LP001854,Male,Yes,3+,Graduate,No,5250,0.0,94.0,360.0,1.0,Urban,398,305266,966867,N
LP001859,Male,Yes,0,Graduate,No,14683,2100.0,304.0,360.0,1.0,Rural,336,398884,293283,N
LP001864,Male,Yes,3+,Not Graduate,No,4931,0.0,128.0,360.0,,Semiurban,579,65524,550195,N
LP001865,Male,Yes,1,Graduate,No,6083,4250.0,330.0,360.0,,Urban,648,462498,869884,Y
LP001868,Male,No,0,Graduate,No,2060,2209.0,134.0,360.0,1.0,Semiurban,796,205002,531413,Y
LP001870,Female,No,1,Graduate,No,3481,0.0,155.0,36.0,1.0,Semiurban,601,443293,403988,N
LP001871,Female,No,0,Graduate,No,7200,0.0,120.0,360.0,1.0,Rural,480,175501,426898,Y
LP001872,Male,No,0,Graduate,Yes,5166,0.0,128.0,360.0,1.0,Semiurban,398,332755,963561,Y
LP001875,Male,No,0,Graduate,No,4095,3447.0,151.0,360.0,1.0,Rural,415,198056,402186,Y
LP001877,Male,Yes,2,Graduate,No,4708,1387.0,150.0,360.0,1.0,Semiurban,490,64060,161665,Y
LP001882,Male,Yes,3+,Graduate,No,4333,1811.0,160.0,360.0,0.0,Urban,552,264057,346584,Y
LP001883,Female,No,0,Graduate,,3418,0.0,135.0,360.0,1.0,Rural,460,355447,216953,N
LP001884,Female,No,1,Graduate,No,2876,1560.0,90.0,360.0,1.0,Urban,555,240279,576072,Y
LP001888,Female,No,0,Graduate,No,3237,0.0,30.0,360.0,1.0,Urban,622,256118,782736,Y
LP001891,Male,Yes,0,Graduate,No,11146,0.0,136.0,360.0,1.0,Urban,427,210359,286626,Y
LP001892,Male,No,0,Graduate,No,2833,1857.0,126.0,360.0,1.0,Rural,317,89711,245271,Y
LP001894,Male,Yes,0,Graduate,No,2620,2223.0,150.0,360.0,1.0,Semiurban,622,193026,218533,Y
LP001896,Male,Yes,2,Graduate,No,3900,0.0,90.0,360.0,1.0,Semiurban,587,385484,698069,Y
LP001900,Male,Yes,1,Graduate,No,2750,1842.0,115.0,360.0,1.0,Semiurban,454,268134,565966,Y
LP001903,Male,Yes,0,Graduate,No,3993,3274.0,207.0,360.0,1.0,Semiurban,789,152974,166262,Y
LP001904,Male,Yes,0,Graduate,No,3103,1300.0,80.0,360.0,1.0,Urban,685,199646,933032,Y
LP001907,Male,Yes,0,Graduate,No,14583,0.0,436.0,360.0,1.0,Semiurban,403,452400,176898,Y
LP001908,Female,Yes,0,Not Graduate,No,4100,0.0,124.0,360.0,,Rural,692,200168,555699,Y
LP001910,Male,No,1,Not Graduate,Yes,4053,2426.0,158.0,360.0,0.0,Urban,545,117728,249369,N
LP001914,Male,Yes,0,Graduate,No,3927,800.0,112.0,360.0,1.0,Semiurban,475,215088,654736,Y
LP001915,Male,Yes,2,Graduate,No,2301,985.7999878,78.0,180.0,1.0,Urban,338,61246,388316,Y
LP001917,Female,No,0,Graduate,No,1811,1666.0,54.0,360.0,1.0,Urban,776,488774,107657,Y
LP001922,Male,Yes,0,Graduate,No,20667,0.0,,360.0,1.0,Rural,837,461597,577602,N
LP001924,Male,No,0,Graduate,No,3158,3053.0,89.0,360.0,1.0,Rural,707,439940,880977,Y
LP001925,Female,No,0,Graduate,Yes,2600,1717.0,99.0,300.0,1.0,Semiurban,824,479671,474999,N
LP001926,Male,Yes,0,Graduate,No,3704,2000.0,120.0,360.0,1.0,Rural,805,142263,784191,Y
LP001931,Female,No,0,Graduate,No,4124,0.0,115.0,360.0,1.0,Semiurban,335,447234,107906,Y
LP001935,Male,No,0,Graduate,No,9508,0.0,187.0,360.0,1.0,Rural,319,61302,423557,Y
LP001936,Male,Yes,0,Graduate,No,3075,2416.0,139.0,360.0,1.0,Rural,620,379650,678316,Y
LP001938,Male,Yes,2,Graduate,No,4400,0.0,127.0,360.0,0.0,Semiurban,811,91157,893719,N
LP001940,Male,Yes,2,Graduate,No,3153,1560.0,134.0,360.0,1.0,Urban,699,104917,395804,Y
LP001945,Female,No,,Graduate,No,5417,0.0,143.0,480.0,0.0,Urban,770,273810,568974,N
LP001947,Male,Yes,0,Graduate,No,2383,3334.0,172.0,360.0,1.0,Semiurban,442,146646,946936,Y
LP001949,Male,Yes,3+,Graduate,,4416,1250.0,110.0,360.0,1.0,Urban,391,395266,815080,Y
LP001953,Male,Yes,1,Graduate,No,6875,0.0,200.0,360.0,1.0,Semiurban,653,336663,727267,Y
LP001954,Female,Yes,1,Graduate,No,4666,0.0,135.0,360.0,1.0,Urban,350,393054,134701,Y
LP001955,Female,No,0,Graduate,No,5000,2541.0,151.0,480.0,1.0,Rural,489,432574,183300,N
LP001963,Male,Yes,1,Graduate,No,2014,2925.0,113.0,360.0,1.0,Urban,424,383468,865537,N
LP001964,Male,Yes,0,Not Graduate,No,1800,2934.0,93.0,360.0,0.0,Urban,449,317552,773034,N
LP001972,Male,Yes,,Not Graduate,No,2875,1750.0,105.0,360.0,1.0,Semiurban,613,109379,183560,Y
LP001974,Female,No,0,Graduate,No,5000,0.0,132.0,360.0,1.0,Rural,641,75053,342615,Y
LP001977,Male,Yes,1,Graduate,No,1625,1803.0,96.0,360.0,1.0,Urban,604,452662,143642,Y
LP001978,Male,No,0,Graduate,No,4000,2500.0,140.0,360.0,1.0,Rural,353,181994,617083,Y
LP001990,Male,No,0,Not Graduate,No,2000,0.0,,360.0,1.0,Urban,743,148723,591036,N
LP001993,Female,No,0,Graduate,No,3762,1666.0,135.0,360.0,1.0,Rural,563,101356,427304,Y
LP001994,Female,No,0,Graduate,No,2400,1863.0,104.0,360.0,0.0,Urban,352,322933,904034,N
LP001996,Male,No,0,Graduate,No,20233,0.0,480.0,360.0,1.0,Rural,304,409864,465464,N
LP001998,Male,Yes,2,Not Graduate,No,7667,0.0,185.0,360.0,,Rural,402,378800,713089,Y
LP002002,Female,No,0,Graduate,No,2917,0.0,84.0,360.0,1.0,Semiurban,495,356172,388075,Y
LP002004,Male,No,0,Not Graduate,No,2927,2405.0,111.0,360.0,1.0,Semiurban,649,376628,194377,Y
LP002006,Female,No,0,Graduate,No,2507,0.0,56.0,360.0,1.0,Rural,346,82154,915624,Y
LP002008,Male,Yes,2,Graduate,Yes,5746,0.0,144.0,84.0,,Rural,568,263942,932974,Y
LP002024,,Yes,0,Graduate,No,2473,1843.0,159.0,360.0,1.0,Rural,669,314480,928952,N
LP002031,Male,Yes,1,Not Graduate,No,3399,1640.0,111.0,180.0,1.0,Urban,405,415821,426916,Y
LP002035,Male,Yes,2,Graduate,No,3717,0.0,120.0,360.0,1.0,Semiurban,419,379923,551978,Y
LP002036,Male,Yes,0,Graduate,No,2058,2134.0,88.0,360.0,,Urban,357,331173,412250,Y
LP002043,Female,No,1,Graduate,No,3541,0.0,112.0,360.0,,Semiurban,645,371345,705409,Y
LP002050,Male,Yes,1,Graduate,Yes,10000,0.0,155.0,360.0,1.0,Rural,773,82265,125559,N
LP002051,Male,Yes,0,Graduate,No,2400,2167.0,115.0,360.0,1.0,Semiurban,416,415060,992027,Y
LP002053,Male,Yes,3+,Graduate,No,4342,189.0,124.0,360.0,1.0,Semiurban,426,293322,658030,Y
LP002054,Male,Yes,2,Not Graduate,No,3601,1590.0,,360.0,1.0,Rural,692,224944,956101,Y
LP002055,Female,No,0,Graduate,No,3166,2985.0,132.0,360.0,,Rural,357,96197,777114,Y
LP002065,Male,Yes,3+,Graduate,No,15000,0.0,300.0,360.0,1.0,Rural,812,437877,235044,Y
LP002067,Male,Yes,1,Graduate,Yes,8666,4983.0,376.0,360.0,0.0,Rural,395,498396,957263,N
LP002068,Male,No,0,Graduate,No,4917,0.0,130.0,360.0,0.0,Rural,417,204782,212217,Y
LP002082,Male,Yes,0,Graduate,Yes,5818,2160.0,184.0,360.0,1.0,Semiurban,787,210558,666161,Y
LP002086,Female,Yes,0,Graduate,No,4333,2451.0,110.0,360.0,1.0,Urban,536,121907,992964,N
LP002087,Female,No,0,Graduate,No,2500,0.0,67.0,360.0,1.0,Urban,571,441020,503119,Y
LP002097,Male,No,1,Graduate,No,4384,1793.0,117.0,360.0,1.0,Urban,488,252967,758380,Y
LP002098,Male,No,0,Graduate,No,2935,0.0,98.0,360.0,1.0,Semiurban,746,376579,928187,Y
LP002100,Male,No,,Graduate,No,2833,0.0,71.0,360.0,1.0,Urban,546,352775,972388,Y
LP002101,Male,Yes,0,Graduate,,63337,0.0,490.0,180.0,1.0,Urban,375,441182,186988,Y
LP002103,,Yes,1,Graduate,Yes,9833,1833.0,182.0,180.0,1.0,Urban,453,282604,669936,Y
LP002106,Male,Yes,,Graduate,Yes,5503,4490.0,70.0,,1.0,Semiurban,734,332247,225991,Y
LP002110,Male,Yes,1,Graduate,,5250,688.0,160.0,360.0,1.0,Rural,385,114772,502732,Y
LP002112,Male,Yes,2,Graduate,Yes,2500,4600.0,176.0,360.0,1.0,Rural,584,176108,606079,Y
LP002113,Female,No,3+,Not Graduate,No,1830,0.0,,360.0,0.0,Urban,519,64382,626684,N
LP002114,Female,No,0,Graduate,No,4160,0.0,71.0,360.0,1.0,Semiurban,368,134291,184082,Y
LP002115,Male,Yes,3+,Not Graduate,No,2647,1587.0,173.0,360.0,1.0,Rural,346,413339,228322,N
LP002116,Female,No,0,Graduate,No,2378,0.0,46.0,360.0,1.0,Rural,393,184828,756951,N
LP002119,Male,Yes,1,Not Graduate,No,4554,1229.0,158.0,360.0,1.0,Urban,752,332753,111303,Y
LP002126,Male,Yes,3+,Not Graduate,No,3173,0.0,74.0,360.0,1.0,Semiurban,503,197550,261633,Y
LP002128,Male,Yes,2,Graduate,,2583,2330.0,125.0,360.0,1.0,Rural,517,282050,433863,Y
LP002129,Male,Yes,0,Graduate,No,2499,2458.0,160.0,360.0,1.0,Semiurban,773,482882,349690,Y
LP002130,Male,Yes,,Not Graduate,No,3523,3230.0,152.0,360.0,0.0,Rural,731,387827,884108,N
LP002131,Male,Yes,2,Not Graduate,No,3083,2168.0,126.0,360.0,1.0,Urban,640,436858,199616,Y
LP002137,Male,Yes,0,Graduate,No,6333,4583.0,259.0,360.0,,Semiurban,850,180330,186231,Y
LP002138,Male,Yes,0,Graduate,No,2625,6250.0,187.0,360.0,1.0,Rural,588,121315,369458,Y
LP002139,Male,Yes,0,Graduate,No,9083,0.0,228.0,360.0,1.0,Semiurban,553,389978,119623,Y
LP002140,Male,No,0,Graduate,No,8750,4167.0,308.0,360.0,1.0,Rural,656,438349,823035,N
LP002141,Male,Yes,3+,Graduate,No,2666,2083.0,95.0,360.0,1.0,Rural,322,64153,590042,Y
LP002142,Female,Yes,0,Graduate,Yes,5500,0.0,105.0,360.0,0.0,Rural,821,126325,558298,N
LP002143,Female,Yes,0,Graduate,No,2423,505.0,130.0,360.0,1.0,Semiurban,399,290773,576840,Y
LP002144,Female,No,,Graduate,No,3813,0.0,116.0,180.0,1.0,Urban,479,456215,205228,Y
LP002149,Male,Yes,2,Graduate,No,8333,3167.0,165.0,360.0,1.0,Rural,522,105318,526346,Y
LP002151,Male,Yes,1,Graduate,No,3875,0.0,67.0,360.0,1.0,Urban,741,444030,807116,N
LP002158,Male,Yes,0,Not Graduate,No,3000,1666.0,100.0,480.0,0.0,Urban,624,427177,984056,N
LP002160,Male,Yes,3+,Graduate,No,5167,3167.0,200.0,360.0,1.0,Semiurban,815,126077,781652,Y
LP002161,Female,No,1,Graduate,No,4723,0.0,81.0,360.0,1.0,Semiurban,315,402618,998217,N
LP002170,Male,Yes,2,Graduate,No,5000,3667.0,236.0,360.0,1.0,Semiurban,635,183515,620547,Y
LP002175,Male,Yes,0,Graduate,No,4750,2333.0,130.0,360.0,1.0,Urban,557,256988,972638,Y
LP002178,Male,Yes,0,Graduate,No,3013,3033.0,95.0,300.0,,Urban,796,385463,169274,Y
LP002180,Male,No,0,Graduate,Yes,6822,0.0,141.0,360.0,1.0,Rural,459,175885,233541,Y
LP002181,Male,No,0,Not Graduate,No,6216,0.0,133.0,360.0,1.0,Rural,774,421921,153947,N
LP002187,Male,No,0,Graduate,No,2500,0.0,96.0,480.0,1.0,Semiurban,679,67368,777894,N
LP002188,Male,No,0,Graduate,No,5124,0.0,124.0,,0.0,Rural,844,196400,294692,N
LP002190,Male,Yes,1,Graduate,No,6325,0.0,175.0,360.0,1.0,Semiurban,726,238014,148874,Y
LP002191,Male,Yes,0,Graduate,No,19730,5266.0,570.0,360.0,1.0,Rural,567,141751,673996,N
LP002194,Female,No,0,Graduate,Yes,15759,0.0,55.0,360.0,1.0,Semiurban,716,280203,174553,Y
LP002197,Male,Yes,2,Graduate,No,5185,0.0,155.0,360.0,1.0,Semiurban,467,339450,692632,Y
LP002201,Male,Yes,2,Graduate,Yes,9323,7873.0,380.0,300.0,1.0,Rural,342,220987,935570,Y
LP002205,Male,No,1,Graduate,No,3062,1987.0,111.0,180.0,0.0,Urban,584,349363,809662,N
LP002209,Female,No,0,Graduate,,2764,1459.0,110.0,360.0,1.0,Urban,696,261951,671926,Y
LP002211,Male,Yes,0,Graduate,No,4817,923.0,120.0,180.0,1.0,Urban,311,245716,178249,Y
LP002219,Male,Yes,3+,Graduate,No,8750,4996.0,130.0,360.0,1.0,Rural,601,110279,992297,Y
LP002223,Male,Yes,0,Graduate,No,4310,0.0,130.0,360.0,,Semiurban,552,365172,627007,Y
LP002224,Male,No,0,Graduate,No,3069,0.0,71.0,480.0,1.0,Urban,798,416407,778250,N
LP002225,Male,Yes,2,Graduate,No,5391,0.0,130.0,360.0,1.0,Urban,334,50126,570452,Y
LP002226,Male,Yes,0,Graduate,,3333,2500.0,128.0,360.0,1.0,Semiurban,389,364473,529725,Y
LP002229,Male,No,0,Graduate,No,5941,4232.0,296.0,360.0,1.0,Semiurban,717,77632,142534,Y
LP002231,Female,No,0,Graduate,No,6000,0.0,156.0,360.0,1.0,Urban,414,246382,595518,Y
LP002234,Male,No,0,Graduate,Yes,7167,0.0,128.0,360.0,1.0,Urban,495,159945,716529,Y
LP002236,Male,Yes,2,Graduate,No,4566,0.0,100.0,360.0,1.0,Urban,800,367320,512003,N
LP002237,Male,No,1,Graduate,,3667,0.0,113.0,180.0,1.0,Urban,792,300869,226209,Y
LP002239,Male,No,0,Not Graduate,No,2346,1600.0,132.0,360.0,1.0,Semiurban,374,267138,542061,Y
LP002243,Male,Yes,0,Not Graduate,No,3010,3136.0,,360.0,0.0,Urban,712,225399,289004,N
LP002244,Male,Yes,0,Graduate,No,2333,2417.0,136.0,360.0,1.0,Urban,675,184869,716412,Y
LP002250,Male,Yes,0,Graduate,No,5488,0.0,125.0,360.0,1.0,Rural,719,228954,715947,Y
LP002255,Male,No,3+,Graduate,No,9167,0.0,185.0,360.0,1.0,Rural,576,194790,264134,Y
LP002262,Male,Yes,3+,Graduate,No,9504,0.0,275.0,360.0,1.0,Rural,693,84560,175713,Y
LP002263,Male,Yes,0,Graduate,No,2583,2115.0,120.0,360.0,,Urban,756,388733,842623,Y
LP002265,Male,Yes,2,Not Graduate,No,1993,1625.0,113.0,180.0,1.0,Semiurban,491,334260,588972,Y
LP002266,Male,Yes,2,Graduate,No,3100,1400.0,113.0,360.0,1.0,Urban,398,479460,175418,Y
LP002272,Male,Yes,2,Graduate,No,3276,484.0,135.0,360.0,,Semiurban,847,182717,228232,Y
LP002277,Female,No,0,Graduate,No,3180,0.0,71.0,360.0,0.0,Urban,395,228595,620551,N
LP002281,Male,Yes,0,Graduate,No,3033,1459.0,95.0,360.0,1.0,Urban,489,174085,263038,Y
LP002284,Male,No,0,Not Graduate,No,3902,1666.0,109.0,360.0,1.0,Rural,336,429862,268383,Y
LP002287,Female,No,0,Graduate,No,1500,1800.0,103.0,360.0,0.0,Semiurban,668,331400,918007,N
LP002288,Male,Yes,2,Not Graduate,No,2889,0.0,45.0,180.0,0.0,Urban,824,150158,425996,N
LP002296,Male,No,0,Not Graduate,No,2755,0.0,65.0,300.0,1.0,Rural,578,234245,358722,N
LP002297,Male,No,0,Graduate,No,2500,20000.0,103.0,360.0,1.0,Semiurban,516,218502,232079,Y
LP002300,Female,No,0,Not Graduate,No,1963,0.0,53.0,360.0,1.0,Semiurban,572,482498,302053,Y
LP002301,Female,No,0,Graduate,Yes,7441,0.0,194.0,360.0,1.0,Rural,361,431863,700530,N
LP002305,Female,No,0,Graduate,No,4547,0.0,115.0,360.0,1.0,Semiurban,641,380388,278589,Y
LP002308,Male,Yes,0,Not Graduate,No,2167,2400.0,115.0,360.0,1.0,Urban,696,192766,603238,Y
LP002314,Female,No,0,Not Graduate,No,2213,0.0,66.0,360.0,1.0,Rural,318,368408,129257,Y
LP002315,Male,Yes,1,Graduate,No,8300,0.0,152.0,300.0,0.0,Semiurban,476,107545,580488,N
LP002317,Male,Yes,3+,Graduate,No,81000,0.0,360.0,360.0,0.0,Rural,695,351368,535423,N
LP002318,Female,No,1,Not Graduate,Yes,3867,0.0,62.0,360.0,1.0,Semiurban,744,410089,244353,N
LP002319,Male,Yes,0,Graduate,,6256,0.0,160.0,360.0,,Urban,532,63224,423390,Y
LP002328,Male,Yes,0,Not Graduate,No,6096,0.0,218.0,360.0,0.0,Rural,375,90738,363579,N
LP002332,Male,Yes,0,Not Graduate,No,2253,2033.0,110.0,360.0,1.0,Rural,564,468366,329947,Y
LP002335,Female,Yes,0,Not Graduate,No,2149,3237.0,178.0,360.0,0.0,Semiurban,754,375875,331758,N
LP002337,Female,No,0,Graduate,No,2995,0.0,60.0,360.0,1.0,Urban,683,230760,715645,Y
LP002341,Female,No,1,Graduate,No,2600,0.0,160.0,360.0,1.0,Urban,805,289690,257732,N
LP002342,Male,Yes,2,Graduate,Yes,1600,20000.0,239.0,360.0,1.0,Urban,666,189649,827955,N
LP002345,Male,Yes,0,Graduate,No,1025,2773.0,112.0,360.0,1.0,Rural,443,58070,708095,Y
LP002347,Male,Yes,0,Graduate,No,3246,1417.0,138.0,360.0,1.0,Semiurban,368,176161,538755,Y
LP002348,Male,Yes,0,Graduate,No,5829,0.0,138.0,360.0,1.0,Rural,398,58666,238563,Y
LP002357,Female,No,0,Not Graduate,No,2720,0.0,80.0,,0.0,Urban,695,369905,883066,N
LP002361,Male,Yes,0,Graduate,No,1820,1719.0,100.0,360.0,1.0,Urban,324,348512,606047,Y
LP002362,Male,Yes,1,Graduate,No,7250,1667.0,110.0,,0.0,Urban,768,187855,805552,N
LP002364,Male,Yes,0,Graduate,No,14880,0.0,96.0,360.0,1.0,Semiurban,783,91914,426032,Y
LP002366,Male,Yes,0,Graduate,No,2666,4300.0,121.0,360.0,1.0,Rural,450,251579,697897,Y
LP002367,Female,No,1,Not Graduate,No,4606,0.0,81.0,360.0,1.0,Rural,443,177738,895509,N
LP002368,Male,Yes,2,Graduate,No,5935,0.0,133.0,360.0,1.0,Semiurban,338,296965,872800,Y
LP002369,Male,Yes,0,Graduate,No,2920,16.12000084,87.0,360.0,1.0,Rural,408,379670,353973,Y
LP002370,Male,No,0,Not Graduate,No,2717,0.0,60.0,180.0,1.0,Urban,341,488981,383097,Y
LP002377,Female,No,1,Graduate,Yes,8624,0.0,150.0,360.0,1.0,Semiurban,485,332100,476826,Y
LP002379,Male,No,0,Graduate,No,6500,0.0,105.0,360.0,0.0,Rural,697,268967,614257,N
LP002386,Male,No,0,Graduate,,12876,0.0,405.0,360.0,1.0,Semiurban,522,358384,954321,Y
LP002387,Male,Yes,0,Graduate,No,2425,2340.0,143.0,360.0,1.0,Semiurban,432,433152,779181,Y
LP002390,Male,No,0,Graduate,No,3750,0.0,100.0,360.0,1.0,Urban,462,480364,530783,Y
LP002393,Female,,,Graduate,No,10047,0.0,,240.0,1.0,Semiurban,514,144270,215374,Y
LP002398,Male,No,0,Graduate,No,1926,1851.0,50.0,360.0,1.0,Semiurban,534,316901,649148,Y
LP002401,Male,Yes,0,Graduate,No,2213,1125.0,,360.0,1.0,Urban,308,69097,776555,Y
LP002403,Male,No,0,Graduate,Yes,10416,0.0,187.0,360.0,0.0,Urban,373,191467,701763,N
LP002407,Female,Yes,0,Not Graduate,Yes,7142,0.0,138.0,360.0,1.0,Rural,791,197313,584090,Y
LP002408,Male,No,0,Graduate,No,3660,5064.0,187.0,360.0,1.0,Semiurban,552,416036,973698,Y
LP002409,Male,Yes,0,Graduate,No,7901,1833.0,180.0,360.0,1.0,Rural,529,208768,776787,Y
LP002418,Male,No,3+,Not Graduate,No,4707,1993.0,148.0,360.0,1.0,Semiurban,818,296726,987164,Y
LP002422,Male,No,1,Graduate,No,37719,0.0,152.0,360.0,1.0,Semiurban,473,382624,389227,Y
LP002424,Male,Yes,0,Graduate,No,7333,8333.0,175.0,300.0,,Rural,467,96163,842406,Y
LP002429,Male,Yes,1,Graduate,Yes,3466,1210.0,130.0,360.0,1.0,Rural,469,69816,943804,Y
LP002434,Male,Yes,2,Not Graduate,No,4652,0.0,110.0,360.0,1.0,Rural,692,493056,748074,Y
LP002435,Male,Yes,0,Graduate,,3539,1376.0,55.0,360.0,1.0,Rural,493,283619,632101,N
LP002443,Male,Yes,2,Graduate,No,3340,1710.0,150.0,360.0,0.0,Rural,816,364997,131598,N
LP002444,Male,No,1,Not Graduate,Yes,2769,1542.0,190.0,360.0,,Semiurban,328,205989,605934,N
LP002446,Male,Yes,2,Not Graduate,No,2309,1255.0,125.0,360.0,0.0,Rural,464,146731,882239,N
LP002447,Male,Yes,2,Not Graduate,No,1958,1456.0,60.0,300.0,,Urban,721,202638,717394,Y
LP002448,Male,Yes,0,Graduate,No,3948,1733.0,149.0,360.0,0.0,Rural,638,256524,389226,N
LP002449,Male,Yes,0,Graduate,No,2483,2466.0,90.0,180.0,0.0,Rural,795,112823,915673,Y
LP002453,Male,No,0,Graduate,Yes,7085,0.0,84.0,360.0,1.0,Semiurban,664,201878,327286,Y
LP002455,Male,Yes,2,Graduate,No,3859,0.0,96.0,360.0,1.0,Semiurban,641,256592,537785,Y
LP002459,Male,Yes,0,Graduate,No,4301,0.0,118.0,360.0,1.0,Urban,799,51759,111745,Y
LP002467,Male,Yes,0,Graduate,No,3708,2569.0,173.0,360.0,1.0,Urban,810,307164,912461,N
LP002472,Male,No,2,Graduate,No,4354,0.0,136.0,360.0,1.0,Rural,626,485165,244097,Y
LP002473,Male,Yes,0,Graduate,No,8334,0.0,160.0,360.0,1.0,Semiurban,516,404518,332732,N
LP002478,,Yes,0,Graduate,Yes,2083,4083.0,160.0,360.0,,Semiurban,600,183554,769648,Y
LP002484,Male,Yes,3+,Graduate,No,7740,0.0,128.0,180.0,1.0,Urban,431,336586,713474,Y
LP002487,Male,Yes,0,Graduate,No,3015,2188.0,153.0,360.0,1.0,Rural,369,476935,984200,Y
LP002489,Female,No,1,Not Graduate,,5191,0.0,132.0,360.0,1.0,Semiurban,551,143501,313030,Y
LP002493,Male,No,0,Graduate,No,4166,0.0,98.0,360.0,0.0,Semiurban,714,314223,824238,N
LP002494,Male,No,0,Graduate,No,6000,0.0,140.0,360.0,1.0,Rural,744,445933,666134,Y
LP002500,Male,Yes,3+,Not Graduate,No,2947,1664.0,70.0,180.0,0.0,Urban,481,109676,438076,N
LP002501,,Yes,0,Graduate,No,16692,0.0,110.0,360.0,1.0,Semiurban,466,471168,248554,Y
LP002502,Female,Yes,2,Not Graduate,,210,2917.0,98.0,360.0,1.0,Semiurban,390,267516,385555,Y
LP002505,Male,Yes,0,Graduate,No,4333,2451.0,110.0,360.0,1.0,Urban,830,223532,544191,N
LP002515,Male,Yes,1,Graduate,Yes,3450,2079.0,162.0,360.0,1.0,Semiurban,338,140397,553761,Y
LP002517,Male,Yes,1,Not Graduate,No,2653,1500.0,113.0,180.0,0.0,Rural,425,122847,605518,N
LP002519,Male,Yes,3+,Graduate,No,4691,0.0,100.0,360.0,1.0,Semiurban,750,143607,440941,Y
LP002522,Female,No,0,Graduate,Yes,2500,0.0,93.0,360.0,,Urban,472,270178,414451,Y
LP002524,Male,No,2,Graduate,No,5532,4648.0,162.0,360.0,1.0,Rural,519,199521,384186,Y
LP002527,Male,Yes,2,Graduate,Yes,16525,1014.0,150.0,360.0,1.0,Rural,357,476752,677218,Y
LP002529,Male,Yes,2,Graduate,No,6700,1750.0,230.0,300.0,1.0,Semiurban,775,114077,872944,Y
LP002530,,Yes,2,Graduate,No,2873,1872.0,132.0,360.0,0.0,Semiurban,755,350402,537629,N
LP002531,Male,Yes,1,Graduate,Yes,16667,2250.0,86.0,360.0,1.0,Semiurban,660,229374,868747,Y
LP002533,Male,Yes,2,Graduate,No,2947,1603.0,,360.0,1.0,Urban,300,307009,324695,N
LP002534,Female,No,0,Not Graduate,No,4350,0.0,154.0,360.0,1.0,Rural,686,472081,984315,Y
LP002536,Male,Yes,3+,Not Graduate,No,3095,0.0,113.0,360.0,1.0,Rural,647,187717,395900,Y
LP002537,Male,Yes,0,Graduate,No,2083,3150.0,128.0,360.0,1.0,Semiurban,489,431915,153268,Y
LP002541,Male,Yes,0,Graduate,No,10833,0.0,234.0,360.0,1.0,Semiurban,804,88000,532430,Y
LP002543,Male,Yes,2,Graduate,No,8333,0.0,246.0,360.0,1.0,Semiurban,490,76737,312943,Y
LP002544,Male,Yes,1,Not Graduate,No,1958,2436.0,131.0,360.0,1.0,Rural,807,323629,883204,Y
LP002545,Male,No,2,Graduate,No,3547,0.0,80.0,360.0,0.0,Rural,668,350709,521818,N
LP002547,Male,Yes,1,Graduate,No,18333,0.0,500.0,360.0,1.0,Urban,708,468738,808691,N
LP002555,Male,Yes,2,Graduate,Yes,4583,2083.0,160.0,360.0,1.0,Semiurban,416,431758,673189,Y
LP002556,Male,No,0,Graduate,No,2435,0.0,75.0,360.0,1.0,Urban,433,377299,462130,N
LP002560,Male,No,0,Not Graduate,No,2699,2785.0,96.0,360.0,,Semiurban,357,236240,294488,Y
LP002562,Male,Yes,1,Not Graduate,No,5333,1131.0,186.0,360.0,,Urban,472,102487,787556,Y
LP002571,Male,No,0,Not Graduate,No,3691,0.0,110.0,360.0,1.0,Rural,448,442092,490530,Y
LP002582,Female,No,0,Not Graduate,Yes,17263,0.0,225.0,360.0,1.0,Semiurban,379,324486,892058,Y
LP002585,Male,Yes,0,Graduate,No,3597,2157.0,119.0,360.0,0.0,Rural,512,352950,762784,N
LP002586,Female,Yes,1,Graduate,No,3326,913.0,105.0,84.0,1.0,Semiurban,502,360914,899289,Y
LP002587,Male,Yes,0,Not Graduate,No,2600,1700.0,107.0,360.0,1.0,Rural,528,128623,341531,Y
LP002588,Male,Yes,0,Graduate,No,4625,2857.0,111.0,12.0,,Urban,526,415321,346693,Y
LP002600,Male,Yes,1,Graduate,Yes,2895,0.0,95.0,360.0,1.0,Semiurban,831,443170,803650,Y
LP002602,Male,No,0,Graduate,No,6283,4416.0,209.0,360.0,0.0,Rural,740,387773,650719,N
LP002603,Female,No,0,Graduate,No,645,3683.0,113.0,480.0,1.0,Rural,701,433137,971408,Y
LP002606,Female,No,0,Graduate,No,3159,0.0,100.0,360.0,1.0,Semiurban,346,233675,338360,Y
LP002615,Male,Yes,2,Graduate,No,4865,5624.0,208.0,360.0,1.0,Semiurban,532,439088,444855,Y
LP002618,Male,Yes,1,Not Graduate,No,4050,5302.0,138.0,360.0,,Rural,604,263046,607403,N
LP002619,Male,Yes,0,Not Graduate,No,3814,1483.0,124.0,300.0,1.0,Semiurban,825,155947,126385,Y
LP002622,Male,Yes,2,Graduate,No,3510,4416.0,243.0,360.0,1.0,Rural,442,338543,531374,Y
LP002624,Male,Yes,0,Graduate,No,20833,6667.0,480.0,360.0,,Urban,714,178177,516235,Y
LP002625,,No,0,Graduate,No,3583,0.0,96.0,360.0,1.0,Urban,812,266454,380783,N
LP002626,Male,Yes,0,Graduate,Yes,2479,3013.0,188.0,360.0,1.0,Urban,672,159575,185530,Y
LP002634,Female,No,1,Graduate,No,13262,0.0,40.0,360.0,1.0,Urban,558,423048,855271,Y
LP002637,Male,No,0,Not Graduate,No,3598,1287.0,100.0,360.0,1.0,Rural,770,257606,383707,N
LP002640,Male,Yes,1,Graduate,No,6065,2004.0,250.0,360.0,1.0,Semiurban,311,498322,477816,Y
LP002643,Male,Yes,2,Graduate,No,3283,2035.0,148.0,360.0,1.0,Urban,629,342822,529660,Y
LP002648,Male,Yes,0,Graduate,No,2130,6666.0,70.0,180.0,1.0,Semiurban,657,126218,501927,N
