Expense ID,Patient ID,Hospital Name,Treatment Type,Treatment Date,Total Expense ($),Insurance Coverage ($),Out-of-Pocket Cost ($)
EXP0001,PID0223,Sunrise Health Center,Medication,2023-01-01,15984.58,4875.64,11108.94
EXP0002,PID0932,Sunrise Health Center,Consultation,2023-01-02,8591.72,2404.6,6187.12
EXP0003,PID0062,Global Care Hospital,Therapy,2023-01-03,2431.13,1450.96,980.17
EXP0004,PID0941,Global Care Hospital,Hospitalization,2023-01-04,14074.93,4965.77,9109.16
EXP0005,PID0869,Green Valley Medical,Surgery,2023-01-05,5942.4,4350.53,1591.87
EXP0006,PID0428,Global Care Hospital,Medication,2023-01-06,16451.52,7239.04,9212.48
EXP0007,PID0572,Global Care Hospital,Surgery,2023-01-07,10688.2,9587.16,1101.04
EXP0008,PID0320,Green Valley Medical,Medication,2023-01-08,7691.9,1556.51,6135.39
EXP0009,PID0705,Metro Clinic,Diagnostics,2023-01-09,1908.94,1318.77,590.17
EXP0010,PID0423,Metro Clinic,Surgery,2023-01-10,14617.18,6143.99,8473.19
EXP0011,PID0875,Sunrise Health Center,Medication,2023-01-11,934.9,143.49,791.41
EXP0012,PID0589,Metro Clinic,Consultation,2023-01-12,19922.15,15058.18,4863.97
EXP0013,PID0557,Sunrise Health Center,Therapy,2023-01-13,19539.15,16372.47,3166.68
EXP0014,PID0786,Global Care Hospital,Surgery,2023-01-14,8668.67,7295.21,1373.46
EXP0015,PID0787,Metro Clinic,Diagnostics,2023-01-15,2634.41,1924.71,709.7
EXP0016,PID0781,Green Valley Medical,Consultation,2023-01-16,13560.01,1738.18,11821.83
EXP0017,PID0637,City Hospital,Diagnostics,2023-01-17,10097.46,4258.01,5839.45
EXP0018,PID0892,Sunrise Health Center,Hospitalization,2023-01-18,4718.83,1000.39,3718.44
EXP0019,PID0794,Sunrise Health Center,Diagnostics,2023-01-19,11803.78,4857.78,6946.0
EXP0020,PID0953,Green Valley Medical,Medication,2023-01-20,14230.49,6814.91,7415.58
EXP0021,PID0134,Green Valley Medical,Medication,2023-01-21,11326.69,6258.02,5068.67
EXP0022,PID0612,Metro Clinic,Surgery,2023-01-22,2386.53,1134.36,1252.17
EXP0023,PID0907,Green Valley Medical,Consultation,2023-01-23,6057.68,789.28,5268.4
EXP0024,PID1009,Global Care Hospital,Therapy,2023-01-24,11623.38,8460.76,3162.62
EXP0025,PID0688,Green Valley Medical,Hospitalization,2023-01-25,4245.18,857.55,3387.63
EXP0026,PID0154,Green Valley Medical,Medication,2023-01-26,10583.06,1878.48,8704.58
EXP0027,PID0650,Metro Clinic,Medication,2023-01-27,595.28,150.28,445.0
EXP0028,PID0334,Metro Clinic,Hospitalization,2023-01-28,3091.57,2399.64,691.93
EXP0029,PID0404,City Hospital,Therapy,2023-01-29,3740.01,3215.09,524.92
EXP0030,PID0475,City Hospital,Hospitalization,2023-01-30,3466.55,1059.6,2406.95
EXP0031,PID0821,Global Care Hospital,Consultation,2023-01-31,5638.04,661.37,4976.67
EXP0032,PID0364,Green Valley Medical,Diagnostics,2023-02-01,14134.19,6653.02,7481.17
EXP0033,PID0236,Metro Clinic,Diagnostics,2023-02-02,263.46,164.73,98.73
EXP0034,PID0299,Green Valley Medical,Therapy,2023-02-03,13694.26,5073.11,8621.15
EXP0035,PID0575,City Hospital,Consultation,2023-02-04,12677.26,1855.2,10822.06
EXP0036,PID0798,City Hospital,Medication,2023-02-05,12742.77,8353.25,4389.52
EXP0037,PID0528,Sunrise Health Center,Consultation,2023-02-06,2174.99,380.91,1794.08
EXP0038,PID0787,Green Valley Medical,Therapy,2023-02-07,17338.93,12940.16,4398.77
EXP0039,PID0424,Global Care Hospital,Hospitalization,2023-02-08,19100.94,13051.19,6049.75
EXP0040,PID0615,City Hospital,Diagnostics,2023-02-09,9917.3,1638.6,8278.7
EXP0041,PID0842,Metro Clinic,Medication,2023-02-10,13442.77,6640.34,6802.43
EXP0042,PID0625,Green Valley Medical,Therapy,2023-02-11,2193.29,1699.42,493.87
EXP0043,PID0409,Sunrise Health Center,Consultation,2023-02-12,3280.47,437.36,2843.11
EXP0044,PID0951,City Hospital,Medication,2023-02-13,7576.4,6499.75,1076.65
EXP0045,PID0520,Green Valley Medical,Hospitalization,2023-02-14,17920.14,13543.08,4377.06
EXP0046,PID0054,City Hospital,Hospitalization,2023-02-15,17812.38,6043.26,11769.12
EXP0047,PID0474,Global Care Hospital,Consultation,2023-02-16,7490.26,5089.22,2401.04
EXP0048,PID0215,Sunrise Health Center,Surgery,2023-02-17,10218.21,8248.86,1969.35
EXP0049,PID0096,Global Care Hospital,Consultation,2023-02-18,14290.52,9070.78,5219.74
EXP0050,PID0965,Global Care Hospital,Surgery,2023-02-19,13700.88,9779.66,3921.22
EXP0051,PID0863,Sunrise Health Center,Diagnostics,2023-02-20,4724.93,2891.44,1833.49
EXP0052,PID1005,Sunrise Health Center,Medication,2023-02-21,16108.16,6125.33,9982.83
EXP0053,PID0573,Global Care Hospital,Surgery,2023-02-22,16767.66,7759.54,9008.12
EXP0054,PID0308,Global Care Hospital,Therapy,2023-02-23,8960.86,1018.46,7942.4
EXP0055,PID0571,Global Care Hospital,Medication,2023-02-24,7278.54,2878.25,4400.29
EXP0056,PID0456,Green Valley Medical,Diagnostics,2023-02-25,12849.79,4357.34,8492.45
EXP0057,PID1009,Green Valley Medical,Surgery,2023-02-26,9541.65,5751.83,3789.82
EXP0058,PID0896,Metro Clinic,Diagnostics,2023-02-27,3552.72,3144.55,408.17
EXP0059,PID0758,Sunrise Health Center,Medication,2023-02-28,17324.82,4831.04,12493.78
EXP0060,PID0820,Global Care Hospital,Medication,2023-03-01,1989.4,273.89,1715.51
EXP0061,PID0739,City Hospital,Consultation,2023-03-02,19642.33,14473.27,5169.06
EXP0062,PID0521,Green Valley Medical,Consultation,2023-03-03,6634.98,5753.82,881.16
EXP0063,PID0956,Green Valley Medical,Consultation,2023-03-04,2387.66,1202.31,1185.35
EXP0064,PID0223,Green Valley Medical,Medication,2023-03-05,10203.16,4879.98,5323.18
EXP0065,PID0601,Metro Clinic,Hospitalization,2023-03-06,11633.68,8433.06,3200.62
EXP0066,PID0835,Green Valley Medical,Consultation,2023-03-07,7913.8,3648.13,4265.67
EXP0067,PID0713,Green Valley Medical,Medication,2023-03-08,17701.41,12160.75,5540.66
EXP0068,PID0234,Sunrise Health Center,Medication,2023-03-09,8309.88,2708.11,5601.77
EXP0069,PID0199,City Hospital,Therapy,2023-03-10,15705.46,10761.54,4943.92
EXP0070,PID0193,Metro Clinic,Therapy,2023-03-11,10421.85,7384.8,3037.05
EXP0071,PID0955,Metro Clinic,Diagnostics,2023-03-12,10161.58,4952.98,5208.6
EXP0072,PID0229,City Hospital,Surgery,2023-03-13,4652.19,2503.53,2148.66
EXP0073,PID0813,City Hospital,Consultation,2023-03-14,12427.27,10828.67,1598.6
EXP0074,PID1008,City Hospital,Hospitalization,2023-03-15,16773.98,4747.07,12026.91
EXP0075,PID0204,Sunrise Health Center,Medication,2023-03-16,5487.78,819.41,4668.37
EXP0076,PID0282,Green Valley Medical,Diagnostics,2023-03-17,6465.57,1024.01,5441.56
EXP0077,PID0111,Metro Clinic,Medication,2023-03-18,11422.83,4048.05,7374.78
EXP0078,PID0070,Metro Clinic,Therapy,2023-03-19,16397.28,3065.24,13332.04
EXP0079,PID0669,Metro Clinic,Medication,2023-03-20,9822.72,4046.66,5776.06
EXP0080,PID0945,Metro Clinic,Surgery,2023-03-21,3779.31,2618.2,1161.11
EXP0081,PID0810,Metro Clinic,Diagnostics,2023-03-22,10741.34,2461.36,8279.98
EXP0082,PID0235,Green Valley Medical,Medication,2023-03-23,5273.85,1649.76,3624.09
EXP0083,PID0075,Sunrise Health Center,Therapy,2023-03-24,10806.04,3911.26,6894.78
EXP0084,PID0423,Sunrise Health Center,Consultation,2023-03-25,14068.13,8328.5,5739.63
EXP0085,PID0727,Green Valley Medical,Hospitalization,2023-03-26,1267.13,1084.08,183.05
EXP0086,PID0129,Global Care Hospital,Medication,2023-03-27,4018.24,1821.69,2196.55
EXP0087,PID0917,City Hospital,Diagnostics,2023-03-28,2472.74,661.89,1810.85
EXP0088,PID0543,Sunrise Health Center,Consultation,2023-03-29,1630.73,1091.96,538.77
EXP0089,PID0652,Metro Clinic,Therapy,2023-03-30,13765.43,3233.93,10531.5
EXP0090,PID0888,Sunrise Health Center,Medication,2023-03-31,1865.13,934.83,930.3
EXP0091,PID0539,Green Valley Medical,Consultation,2023-04-01,2147.57,344.17,1803.4
EXP0092,PID0819,Global Care Hospital,Surgery,2023-04-02,3940.52,3075.64,864.88
EXP0093,PID0977,Green Valley Medical,Hospitalization,2023-04-03,5477.56,2188.78,3288.78
EXP0094,PID0003,Sunrise Health Center,Surgery,2023-04-04,18520.13,2294.78,16225.35
EXP0095,PID0136,Green Valley Medical,Diagnostics,2023-04-05,18280.29,6038.1,12242.19
EXP0096,PID0795,Metro Clinic,Hospitalization,2023-04-06,12062.82,8791.41,3271.41
EXP0097,PID0676,Green Valley Medical,Consultation,2023-04-07,12074.27,3762.84,8311.43
EXP0098,PID0854,Sunrise Health Center,Medication,2023-04-08,3845.74,1829.24,2016.5
EXP0099,PID0884,Green Valley Medical,Medication,2023-04-09,13414.06,5910.63,7503.43
EXP0100,PID0643,City Hospital,Diagnostics,2023-04-10,19664.58,16910.06,2754.52
EXP0101,PID0149,Green Valley Medical,Medication,2023-04-11,8952.77,3330.24,5622.53
EXP0102,PID0046,Metro Clinic,Therapy,2023-04-12,15638.45,7845.42,7793.03
EXP0103,PID0486,City Hospital,Hospitalization,2023-04-13,14339.63,1575.04,12764.59
EXP0104,PID0143,Green Valley Medical,Consultation,2023-04-14,10776.58,8822.98,1953.6
EXP0105,PID0825,Green Valley Medical,Surgery,2023-04-15,12441.89,6591.09,5850.8
EXP0106,PID0955,Global Care Hospital,Therapy,2023-04-16,15920.28,12101.67,3818.61
EXP0107,PID0571,Global Care Hospital,Surgery,2023-04-17,5911.74,2755.42,3156.32
EXP0108,PID0831,Green Valley Medical,Diagnostics,2023-04-18,10983.58,4740.17,6243.41
EXP0109,PID0648,Metro Clinic,Therapy,2023-04-19,6732.36,2674.77,4057.59
EXP0110,PID0722,Global Care Hospital,Diagnostics,2023-04-20,648.4,248.67,399.73
EXP0111,PID0733,City Hospital,Consultation,2023-04-21,6644.07,2950.98,3693.09
EXP0112,PID0854,Metro Clinic,Therapy,2023-04-22,2216.71,1705.91,510.8
EXP0113,PID0457,City Hospital,Hospitalization,2023-04-23,2870.0,1431.07,1438.93
EXP0114,PID0524,Metro Clinic,Consultation,2023-04-24,776.05,322.7,453.35
EXP0115,PID0721,City Hospital,Hospitalization,2023-04-25,6931.13,1586.67,5344.46
EXP0116,PID0182,Sunrise Health Center,Diagnostics,2023-04-26,12521.84,8175.53,4346.31
EXP0117,PID0575,Green Valley Medical,Therapy,2023-04-27,9612.71,1332.79,8279.92
EXP0118,PID0982,Global Care Hospital,Hospitalization,2023-04-28,19987.16,7314.9,12672.26
EXP0119,PID0400,City Hospital,Hospitalization,2023-04-29,1787.01,1382.26,404.75
EXP0120,PID0175,Global Care Hospital,Consultation,2023-04-30,18507.45,14138.82,4368.63
EXP0121,PID0987,Metro Clinic,Therapy,2023-05-01,765.25,122.23,643.02
EXP0122,PID1015,Metro Clinic,Hospitalization,2023-05-02,11516.33,6386.97,5129.36
EXP0123,PID0833,Green Valley Medical,Medication,2023-05-03,6978.86,1894.89,5083.97
EXP0124,PID0258,Metro Clinic,Surgery,2023-05-04,2289.67,233.92,2055.75
EXP0125,PID0512,Metro Clinic,Hospitalization,2023-05-05,5667.69,3939.25,1728.44
EXP0126,PID0643,Green Valley Medical,Therapy,2023-05-06,16852.55,3324.77,13527.78
EXP0127,PID0220,Sunrise Health Center,Medication,2023-05-07,8012.23,913.26,7098.97
EXP0128,PID0003,Sunrise Health Center,Medication,2023-05-08,12559.92,9892.26,2667.66
EXP0129,PID0815,Sunrise Health Center,Consultation,2023-05-09,10626.01,8016.89,2609.12
EXP0130,PID0061,Green Valley Medical,Therapy,2023-05-10,16960.49,5473.32,11487.17
EXP0131,PID0633,Metro Clinic,Diagnostics,2023-05-11,1682.08,1435.76,246.32
EXP0132,PID0022,Green Valley Medical,Therapy,2023-05-12,1682.82,1439.63,243.19
EXP0133,PID0293,Green Valley Medical,Surgery,2023-05-13,18053.81,7113.95,10939.86
EXP0134,PID0864,City Hospital,Surgery,2023-05-14,5451.7,1786.68,3665.02
EXP0135,PID0300,Global Care Hospital,Consultation,2023-05-15,9604.4,3729.69,5874.71
EXP0136,PID0557,Metro Clinic,Consultation,2023-05-16,4559.76,2893.58,1666.18
EXP0137,PID0245,City Hospital,Hospitalization,2023-05-17,3650.02,1736.61,1913.41
EXP0138,PID0267,Metro Clinic,Medication,2023-05-18,15334.82,13601.23,1733.59
EXP0139,PID0521,City Hospital,Hospitalization,2023-05-19,1921.82,260.27,1661.55
EXP0140,PID0391,City Hospital,Consultation,2023-05-20,4067.31,2935.88,1131.43
EXP0141,PID0884,Sunrise Health Center,Hospitalization,2023-05-21,6966.92,2570.73,4396.19
EXP0142,PID0448,Sunrise Health Center,Hospitalization,2023-05-22,7344.06,1328.84,6015.22
EXP0143,PID0438,Global Care Hospital,Diagnostics,2023-05-23,18111.8,14617.95,3493.85
EXP0144,PID0703,Global Care Hospital,Diagnostics,2023-05-24,12775.19,8413.46,4361.73
EXP0145,PID0716,Metro Clinic,Therapy,2023-05-25,370.95,49.41,321.54
EXP0146,PID0032,Metro Clinic,Consultation,2023-05-26,12969.33,5369.41,7599.92
EXP0147,PID0691,Green Valley Medical,Consultation,2023-05-27,3729.78,2977.55,752.23
EXP0148,PID0138,Green Valley Medical,Consultation,2023-05-28,12829.72,4362.55,8467.17
EXP0149,PID0539,Metro Clinic,Diagnostics,2023-05-29,9879.72,7836.73,2042.99
EXP0150,PID0524,City Hospital,Diagnostics,2023-05-30,4782.14,3053.4,1728.74
EXP0151,PID0563,Metro Clinic,Medication,2023-05-31,17427.83,12987.12,4440.71
EXP0152,PID0122,City Hospital,Medication,2023-06-01,3287.62,959.58,2328.04
EXP0153,PID0354,Metro Clinic,Medication,2023-06-02,18765.3,10640.55,8124.75
EXP0154,PID0600,Green Valley Medical,Surgery,2023-06-03,9137.24,1056.37,8080.87
EXP0155,PID0443,Sunrise Health Center,Hospitalization,2023-06-04,601.06,531.96,69.1
EXP0156,PID0146,Sunrise Health Center,Medication,2023-06-05,12861.33,9122.8,3738.53
EXP0157,PID0625,Metro Clinic,Consultation,2023-06-06,7697.88,2174.44,5523.44
EXP0158,PID0356,Green Valley Medical,Consultation,2023-06-07,18433.07,11600.62,6832.45
EXP0159,PID0658,Green Valley Medical,Consultation,2023-06-08,4490.58,2649.28,1841.3
EXP0160,PID0498,Global Care Hospital,Diagnostics,2023-06-09,9624.42,5609.28,4015.14
EXP0161,PID0407,Sunrise Health Center,Therapy,2023-06-10,9286.61,4653.33,4633.28
EXP0162,PID0037,Global Care Hospital,Medication,2023-06-11,7044.96,2864.68,4180.28
EXP0163,PID0459,Green Valley Medical,Medication,2023-06-12,752.86,372.87,379.99
EXP0164,PID0542,Metro Clinic,Therapy,2023-06-13,5267.14,1821.03,3446.11
EXP0165,PID0369,Global Care Hospital,Surgery,2023-06-14,7006.46,5785.73,1220.73
EXP0166,PID0519,Green Valley Medical,Surgery,2023-06-15,12292.53,10148.29,2144.24
EXP0167,PID0359,Global Care Hospital,Diagnostics,2023-06-16,9379.89,7727.08,1652.81
EXP0168,PID0508,City Hospital,Consultation,2023-06-17,1107.59,479.5,628.09
EXP0169,PID0014,City Hospital,Consultation,2023-06-18,461.02,265.52,195.5
EXP0170,PID0807,Global Care Hospital,Medication,2023-06-19,4346.7,3697.5,649.2
EXP0171,PID0673,Metro Clinic,Diagnostics,2023-06-20,11693.55,4367.34,7326.21
EXP0172,PID0722,City Hospital,Surgery,2023-06-21,5064.39,3929.32,1135.07
EXP0173,PID0858,Global Care Hospital,Diagnostics,2023-06-22,17311.49,15146.35,2165.14
EXP0174,PID0672,Metro Clinic,Therapy,2023-06-23,15198.65,4263.28,10935.37
EXP0175,PID0747,Green Valley Medical,Consultation,2023-06-24,16577.89,1991.69,14586.2
EXP0176,PID0429,Sunrise Health Center,Consultation,2023-06-25,8542.59,2352.14,6190.45
EXP0177,PID0868,Metro Clinic,Hospitalization,2023-06-26,15423.97,6811.36,8612.61
EXP0178,PID0389,Metro Clinic,Surgery,2023-06-27,123.38,103.42,19.96
EXP0179,PID0373,Metro Clinic,Medication,2023-06-28,2932.03,907.99,2024.04
EXP0180,PID0087,Sunrise Health Center,Medication,2023-06-29,14448.65,12266.67,2181.98
EXP0181,PID0105,Green Valley Medical,Diagnostics,2023-06-30,5001.54,3303.62,1697.92
EXP0182,PID0025,Metro Clinic,Therapy,2023-07-01,14066.41,8412.38,5654.03
EXP0183,PID0248,Metro Clinic,Hospitalization,2023-07-02,5081.12,4137.71,943.41
EXP0184,PID0102,Global Care Hospital,Diagnostics,2023-07-03,13066.0,3723.19,9342.81
EXP0185,PID0203,Sunrise Health Center,Therapy,2023-07-04,13627.53,7010.79,6616.74
EXP0186,PID0988,Sunrise Health Center,Hospitalization,2023-07-05,18100.62,5090.47,13010.15
EXP0187,PID0145,Sunrise Health Center,Consultation,2023-07-06,17529.2,12350.44,5178.76
EXP0188,PID0560,Green Valley Medical,Diagnostics,2023-07-07,5129.02,1888.63,3240.39
EXP0189,PID0641,Green Valley Medical,Surgery,2023-07-08,15563.55,7920.33,7643.22
EXP0190,PID0328,City Hospital,Medication,2023-07-09,12379.85,1384.2,10995.65
EXP0191,PID0633,Green Valley Medical,Medication,2023-07-10,10345.58,4873.29,5472.29
EXP0192,PID0126,City Hospital,Consultation,2023-07-11,177.24,127.83,49.41
EXP0193,PID0149,City Hospital,Diagnostics,2023-07-12,17374.15,15564.29,1809.86
EXP0194,PID0358,City Hospital,Surgery,2023-07-13,19334.3,13186.52,6147.78
EXP0195,PID0707,Green Valley Medical,Medication,2023-07-14,16011.76,3954.94,12056.82
EXP0196,PID0245,Global Care Hospital,Therapy,2023-07-15,1050.52,566.1,484.42
EXP0197,PID0292,Sunrise Health Center,Surgery,2023-07-16,394.98,102.11,292.87
EXP0198,PID0694,Sunrise Health Center,Surgery,2023-07-17,19843.67,16993.62,2850.05
EXP0199,PID0528,Green Valley Medical,Diagnostics,2023-07-18,15523.31,11578.28,3945.03
EXP0200,PID0357,City Hospital,Hospitalization,2023-07-19,10051.04,3429.2,6621.84
EXP0201,PID0601,Metro Clinic,Therapy,2023-07-20,12993.62,3074.21,9919.41
EXP0202,PID0264,City Hospital,Surgery,2023-07-21,9197.58,8158.13,1039.45
EXP0203,PID0155,Sunrise Health Center,Hospitalization,2023-07-22,5537.94,4568.24,969.7
EXP0204,PID0639,Metro Clinic,Medication,2023-07-23,6277.53,2514.61,3762.92
EXP0205,PID0065,Global Care Hospital,Consultation,2023-07-24,13090.64,7236.89,5853.75
EXP0206,PID0015,Sunrise Health Center,Surgery,2023-07-25,12324.68,10129.79,2194.89
EXP0207,PID0150,City Hospital,Consultation,2023-07-26,1590.04,747.07,842.97
EXP0208,PID0500,City Hospital,Therapy,2023-07-27,313.39,122.7,190.69
EXP0209,PID0127,Green Valley Medical,Surgery,2023-07-28,14155.74,10152.64,4003.1
EXP0210,PID0580,Green Valley Medical,Hospitalization,2023-07-29,3298.57,535.9,2762.67
EXP0211,PID0247,Sunrise Health Center,Medication,2023-07-30,8467.15,3789.21,4677.94
EXP0212,PID0399,Metro Clinic,Diagnostics,2023-07-31,16985.58,4428.41,12557.17
EXP0213,PID0054,Global Care Hospital,Medication,2023-08-01,19956.37,17416.87,2539.5
EXP0214,PID0973,Metro Clinic,Surgery,2023-08-02,14640.86,2627.33,12013.53
EXP0215,PID0831,City Hospital,Therapy,2023-08-03,15879.41,8507.17,7372.24
EXP0216,PID0977,Sunrise Health Center,Medication,2023-08-04,221.27,174.41,46.86
EXP0217,PID0462,Metro Clinic,Diagnostics,2023-08-05,4212.07,3362.6,849.47
EXP0218,PID0759,City Hospital,Therapy,2023-08-06,3692.47,3292.37,400.1
EXP0219,PID0492,Global Care Hospital,Medication,2023-08-07,2872.97,1536.57,1336.4
EXP0220,PID0705,Sunrise Health Center,Diagnostics,2023-08-08,7892.52,2114.95,5777.57
EXP0221,PID0444,City Hospital,Diagnostics,2023-08-09,17529.49,6013.14,11516.35
EXP0222,PID0059,Global Care Hospital,Consultation,2023-08-10,7168.39,3397.44,3770.95
EXP0223,PID0670,Green Valley Medical,Medication,2023-08-11,7442.75,4058.0,3384.75
EXP0224,PID0276,City Hospital,Consultation,2023-08-12,16223.01,1934.42,14288.59
EXP0225,PID0307,City Hospital,Surgery,2023-08-13,11952.62,10602.52,1350.1
EXP0226,PID0046,Sunrise Health Center,Medication,2023-08-14,1862.42,262.45,1599.97
EXP0227,PID0906,Metro Clinic,Therapy,2023-08-15,3315.66,362.26,2953.4
EXP0228,PID0459,City Hospital,Hospitalization,2023-08-16,19815.8,6898.16,12917.64
EXP0229,PID0784,Metro Clinic,Hospitalization,2023-08-17,10203.95,6158.34,4045.61
EXP0230,PID0441,Global Care Hospital,Consultation,2023-08-18,16033.83,14383.16,1650.67
EXP0231,PID0815,City Hospital,Diagnostics,2023-08-19,14658.17,5480.86,9177.31
EXP0232,PID0446,Sunrise Health Center,Hospitalization,2023-08-20,15385.55,6450.31,8935.24
EXP0233,PID0488,Green Valley Medical,Hospitalization,2023-08-21,13382.73,10553.21,2829.52
EXP0234,PID0748,Sunrise Health Center,Diagnostics,2023-08-22,5584.62,4580.56,1004.06
EXP0235,PID0355,Sunrise Health Center,Diagnostics,2023-08-23,19998.95,7448.88,12550.07
EXP0236,PID0887,Metro Clinic,Medication,2023-08-24,7671.93,6037.21,1634.72
EXP0237,PID0943,Global Care Hospital,Diagnostics,2023-08-25,214.77,158.62,56.15
EXP0238,PID0372,Global Care Hospital,Consultation,2023-08-26,13284.35,5108.85,8175.5
EXP0239,PID0833,Sunrise Health Center,Consultation,2023-08-27,7816.26,1627.92,6188.34
EXP0240,PID0626,City Hospital,Surgery,2023-08-28,14798.29,6680.9,8117.39
EXP0241,PID0807,Green Valley Medical,Consultation,2023-08-29,18039.75,4012.22,14027.53
EXP0242,PID0936,Sunrise Health Center,Therapy,2023-08-30,4133.28,537.45,3595.83
EXP0243,PID0390,City Hospital,Consultation,2023-08-31,14327.17,9473.06,4854.11
EXP0244,PID0639,Sunrise Health Center,Hospitalization,2023-09-01,17740.89,10664.17,7076.72
EXP0245,PID0823,City Hospital,Medication,2023-09-02,18516.41,16155.69,2360.72
EXP0246,PID0313,Green Valley Medical,Medication,2023-09-03,7620.28,4123.1,3497.18
EXP0247,PID0828,Green Valley Medical,Hospitalization,2023-09-04,18624.4,5232.26,13392.14
EXP0248,PID0790,Sunrise Health Center,Hospitalization,2023-09-05,1266.59,887.93,378.66
EXP0249,PID0637,Green Valley Medical,Therapy,2023-09-06,18613.58,15676.61,2936.97
EXP0250,PID0036,City Hospital,Surgery,2023-09-07,3829.82,2642.06,1187.76
EXP0251,PID0089,Global Care Hospital,Consultation,2023-09-08,12987.11,1600.82,11386.29
EXP0252,PID0212,City Hospital,Medication,2023-09-09,7283.76,2407.01,4876.75
EXP0253,PID0380,Green Valley Medical,Medication,2023-09-10,1591.16,306.01,1285.15
EXP0254,PID1004,Global Care Hospital,Surgery,2023-09-11,18059.31,13162.88,4896.43
EXP0255,PID0858,Metro Clinic,Hospitalization,2023-09-12,9602.32,4293.86,5308.46
EXP0256,PID0820,Global Care Hospital,Therapy,2023-09-13,9445.52,7261.38,2184.14
EXP0257,PID0921,Sunrise Health Center,Consultation,2023-09-14,5618.58,4682.46,936.12
EXP0258,PID0956,Global Care Hospital,Medication,2023-09-15,4512.58,725.32,3787.26
EXP0259,PID0934,City Hospital,Diagnostics,2023-09-16,1439.97,562.74,877.23
EXP0260,PID0713,Green Valley Medical,Medication,2023-09-17,7250.58,1014.36,6236.22
EXP0261,PID0793,Sunrise Health Center,Diagnostics,2023-09-18,8742.45,7027.02,1715.43
EXP0262,PID0054,Global Care Hospital,Surgery,2023-09-19,4569.38,2568.19,2001.19
EXP0263,PID0369,City Hospital,Hospitalization,2023-09-20,8755.91,1353.65,7402.26
EXP0264,PID0766,Global Care Hospital,Therapy,2023-09-21,9272.67,4087.31,5185.36
EXP0265,PID0446,Metro Clinic,Consultation,2023-09-22,13638.04,5711.14,7926.9
EXP0266,PID0313,Sunrise Health Center,Therapy,2023-09-23,10044.11,1823.33,8220.78
EXP0267,PID0588,Green Valley Medical,Therapy,2023-09-24,19635.36,8376.63,11258.73
EXP0268,PID0110,Global Care Hospital,Consultation,2023-09-25,4189.94,1834.15,2355.79
EXP0269,PID0799,City Hospital,Hospitalization,2023-09-26,13754.52,10996.46,2758.06
EXP0270,PID0083,City Hospital,Therapy,2023-09-27,13367.32,9340.81,4026.51
EXP0271,PID0636,City Hospital,Consultation,2023-09-28,2710.99,1593.67,1117.32
EXP0272,PID0625,Green Valley Medical,Therapy,2023-09-29,9209.49,5999.97,3209.52
EXP0273,PID0064,Sunrise Health Center,Consultation,2023-09-30,1364.98,184.48,1180.5
EXP0274,PID0592,City Hospital,Diagnostics,2023-10-01,19273.12,16767.23,2505.89
EXP0275,PID0636,Sunrise Health Center,Consultation,2023-10-02,6305.51,5449.16,856.35
EXP0276,PID0923,City Hospital,Therapy,2023-10-03,11320.93,8453.62,2867.31
EXP0277,PID0097,Sunrise Health Center,Hospitalization,2023-10-04,1457.38,404.93,1052.45
EXP0278,PID0625,City Hospital,Therapy,2023-10-05,11255.64,9419.24,1836.4
EXP0279,PID0975,City Hospital,Diagnostics,2023-10-06,10993.95,1333.91,9660.04
EXP0280,PID0564,Global Care Hospital,Medication,2023-10-07,7355.01,3570.58,3784.43
EXP0281,PID0017,Green Valley Medical,Diagnostics,2023-10-08,1312.27,690.68,621.59
EXP0282,PID0352,City Hospital,Surgery,2023-10-09,7884.84,1357.21,6527.63
EXP0283,PID0638,Green Valley Medical,Surgery,2023-10-10,18709.35,11726.82,6982.53
EXP0284,PID0916,City Hospital,Surgery,2023-10-11,6423.43,4379.16,2044.27
EXP0285,PID0442,City Hospital,Medication,2023-10-12,6723.67,5237.82,1485.85
EXP0286,PID0263,Metro Clinic,Diagnostics,2023-10-13,4998.31,3828.95,1169.36
EXP0287,PID0546,Metro Clinic,Therapy,2023-10-14,15161.2,8693.63,6467.57
EXP0288,PID0395,Sunrise Health Center,Surgery,2023-10-15,13652.95,9955.32,3697.63
EXP0289,PID0310,Global Care Hospital,Diagnostics,2023-10-16,16417.58,7604.76,8812.82
EXP0290,PID0865,Sunrise Health Center,Hospitalization,2023-10-17,7067.7,1151.14,5916.56
EXP0291,PID0800,Metro Clinic,Surgery,2023-10-18,6795.46,4685.28,2110.18
EXP0292,PID0112,Green Valley Medical,Diagnostics,2023-10-19,5413.17,4588.36,824.81
EXP0293,PID0723,City Hospital,Consultation,2023-10-20,8714.13,1815.56,6898.57
EXP0294,PID0982,Sunrise Health Center,Diagnostics,2023-10-21,164.91,31.69,133.22
EXP0295,PID0641,Green Valley Medical,Therapy,2023-10-22,10921.18,1936.79,8984.39
EXP0296,PID0832,Sunrise Health Center,Diagnostics,2023-10-23,13341.22,6102.14,7239.08
EXP0297,PID0241,City Hospital,Medication,2023-10-24,13114.4,6678.53,6435.87
EXP0298,PID0139,Sunrise Health Center,Hospitalization,2023-10-25,14108.0,11584.63,2523.37
EXP0299,PID0781,City Hospital,Surgery,2023-10-26,4555.85,1725.89,2829.96
EXP0300,PID0356,Global Care Hospital,Medication,2023-10-27,3380.74,1288.36,2092.38
EXP0301,PID0980,Sunrise Health Center,Hospitalization,2023-10-28,6849.34,1833.41,5015.93
EXP0302,PID0153,Sunrise Health Center,Hospitalization,2023-10-29,18400.82,14380.87,4019.95
EXP0303,PID0444,Sunrise Health Center,Therapy,2023-10-30,14626.65,11189.23,3437.42
EXP0304,PID0608,Sunrise Health Center,Diagnostics,2023-10-31,2687.8,1609.13,1078.67
EXP0305,PID0505,Green Valley Medical,Diagnostics,2023-11-01,9306.67,6896.81,2409.86
EXP0306,PID0670,Metro Clinic,Therapy,2023-11-02,19114.32,4941.26,14173.06
EXP0307,PID0758,City Hospital,Diagnostics,2023-11-03,2802.33,2089.37,712.96
EXP0308,PID0483,Global Care Hospital,Hospitalization,2023-11-04,9291.31,8256.64,1034.67
EXP0309,PID0915,City Hospital,Diagnostics,2023-11-05,17777.43,14491.66,3285.77
EXP0310,PID0992,Green Valley Medical,Therapy,2023-11-06,4016.5,810.51,3205.99
EXP0311,PID0127,Sunrise Health Center,Consultation,2023-11-07,14736.24,7880.32,6855.92
EXP0312,PID0356,City Hospital,Diagnostics,2023-11-08,19309.83,9396.4,9913.43
EXP0313,PID0598,Green Valley Medical,Diagnostics,2023-11-09,2042.21,1260.41,781.8
EXP0314,PID0805,Metro Clinic,Surgery,2023-11-10,8148.6,4653.35,3495.25
EXP0315,PID0744,Metro Clinic,Surgery,2023-11-11,8957.83,2016.49,6941.34
EXP0316,PID0011,Global Care Hospital,Surgery,2023-11-12,2860.64,523.28,2337.36
EXP0317,PID0657,City Hospital,Medication,2023-11-13,9339.77,4422.29,4917.48
EXP0318,PID0314,Metro Clinic,Medication,2023-11-14,7610.56,6119.7,1490.86
EXP0319,PID0641,Metro Clinic,Medication,2023-11-15,4298.47,3389.23,909.24
EXP0320,PID0970,Global Care Hospital,Therapy,2023-11-16,2631.96,1245.54,1386.42
EXP0321,PID0587,Sunrise Health Center,Hospitalization,2023-11-17,13531.15,6219.79,7311.36
EXP0322,PID0168,Metro Clinic,Surgery,2023-11-18,19756.15,8600.02,11156.13
EXP0323,PID0424,Metro Clinic,Diagnostics,2023-11-19,6967.6,2505.08,4462.52
EXP0324,PID0875,Sunrise Health Center,Diagnostics,2023-11-20,7240.81,4158.98,3081.83
EXP0325,PID0362,Green Valley Medical,Surgery,2023-11-21,7033.99,2861.49,4172.5
EXP0326,PID0183,Green Valley Medical,Hospitalization,2023-11-22,3243.97,1876.09,1367.88
EXP0327,PID0661,Global Care Hospital,Medication,2023-11-23,11238.26,6443.45,4794.81
EXP0328,PID0287,Green Valley Medical,Consultation,2023-11-24,18191.46,15737.17,2454.29
EXP0329,PID0752,Global Care Hospital,Diagnostics,2023-11-25,5017.17,2988.03,2029.14
EXP0330,PID0795,Green Valley Medical,Medication,2023-11-26,17751.28,4848.53,12902.75
EXP0331,PID0497,Global Care Hospital,Therapy,2023-11-27,19898.95,11777.42,8121.53
EXP0332,PID0978,Global Care Hospital,Surgery,2023-11-28,12260.94,9263.64,2997.3
EXP0333,PID0507,Global Care Hospital,Hospitalization,2023-11-29,17594.14,5422.02,12172.12
EXP0334,PID0082,Sunrise Health Center,Hospitalization,2023-11-30,751.4,369.59,381.81
EXP0335,PID0885,Metro Clinic,Diagnostics,2023-12-01,15163.44,8773.45,6389.99
EXP0336,PID0630,Green Valley Medical,Medication,2023-12-02,4814.78,3693.22,1121.56
EXP0337,PID0931,Metro Clinic,Hospitalization,2023-12-03,5944.44,5304.85,639.59
EXP0338,PID0096,City Hospital,Therapy,2023-12-04,4814.79,2328.67,2486.12
EXP0339,PID0178,Green Valley Medical,Hospitalization,2023-12-05,5707.09,4945.28,761.81
EXP0340,PID0263,Global Care Hospital,Therapy,2023-12-06,15127.12,4270.56,10856.56
EXP0341,PID0938,Metro Clinic,Hospitalization,2023-12-07,9349.75,5692.34,3657.41
EXP0342,PID0046,Green Valley Medical,Medication,2023-12-08,4097.08,1678.37,2418.71
EXP0343,PID0248,Green Valley Medical,Hospitalization,2023-12-09,18229.7,14457.27,3772.43
EXP0344,PID0490,Global Care Hospital,Surgery,2023-12-10,13541.18,9608.34,3932.84
EXP0345,PID0843,Green Valley Medical,Hospitalization,2023-12-11,7667.03,2809.45,4857.58
EXP0346,PID0283,Metro Clinic,Surgery,2023-12-12,19840.57,12704.61,7135.96
EXP0347,PID0448,Sunrise Health Center,Hospitalization,2023-12-13,11003.85,3491.35,7512.5
EXP0348,PID0229,City Hospital,Consultation,2023-12-14,3204.82,1444.42,1760.4
EXP0349,PID0358,Metro Clinic,Diagnostics,2023-12-15,4317.2,1512.93,2804.27
EXP0350,PID0510,City Hospital,Surgery,2023-12-16,411.67,187.05,224.62
EXP0351,PID0589,Global Care Hospital,Consultation,2023-12-17,9627.03,3236.5,6390.53
EXP0352,PID0004,Green Valley Medical,Surgery,2023-12-18,3716.61,868.23,2848.38
EXP0353,PID0309,Global Care Hospital,Hospitalization,2023-12-19,10863.0,9144.51,1718.49
EXP0354,PID0420,Green Valley Medical,Surgery,2023-12-20,5270.28,4450.03,820.25
EXP0355,PID0046,Global Care Hospital,Surgery,2023-12-21,12327.24,1419.29,10907.95
EXP0356,PID0477,Metro Clinic,Surgery,2023-12-22,3627.65,978.34,2649.31
EXP0357,PID0260,Sunrise Health Center,Consultation,2023-12-23,6025.1,3092.19,2932.91
EXP0358,PID0874,Green Valley Medical,Therapy,2023-12-24,1747.71,1275.3,472.41
EXP0359,PID0648,Metro Clinic,Hospitalization,2023-12-25,19332.12,9089.27,10242.85
EXP0360,PID0161,City Hospital,Hospitalization,2023-12-26,16138.0,3367.27,12770.73
EXP0361,PID0600,City Hospital,Medication,2023-12-27,7860.1,3083.75,4776.35
EXP0362,PID0488,Metro Clinic,Consultation,2023-12-28,13355.96,11408.86,1947.1
EXP0363,PID0953,Green Valley Medical,Consultation,2023-12-29,3062.91,1920.21,1142.7
EXP0364,PID0347,Green Valley Medical,Diagnostics,2023-12-30,9904.9,6674.48,3230.42
EXP0365,PID0072,Sunrise Health Center,Medication,2023-12-31,8098.71,5710.21,2388.5
EXP0366,PID0199,Sunrise Health Center,Hospitalization,2024-01-01,11014.55,7115.38,3899.17
EXP0367,PID0987,Green Valley Medical,Hospitalization,2024-01-02,9687.28,3680.97,6006.31
EXP0368,PID0490,Sunrise Health Center,Consultation,2024-01-03,10984.67,3293.31,7691.36
EXP0369,PID0937,Green Valley Medical,Hospitalization,2024-01-04,12072.88,5869.11,6203.77
EXP0370,PID0058,Metro Clinic,Consultation,2024-01-05,5549.3,4357.81,1191.49
EXP0371,PID0164,Sunrise Health Center,Therapy,2024-01-06,15010.14,12371.69,2638.45
EXP0372,PID0735,Metro Clinic,Medication,2024-01-07,16086.74,6162.27,9924.47
EXP0373,PID0598,Green Valley Medical,Consultation,2024-01-08,4757.2,2186.38,2570.82
EXP0374,PID0976,Sunrise Health Center,Consultation,2024-01-09,12333.13,8629.11,3704.02
EXP0375,PID0475,City Hospital,Medication,2024-01-10,13650.06,6231.49,7418.57
EXP0376,PID0900,Metro Clinic,Therapy,2024-01-11,13638.18,7960.35,5677.83
EXP0377,PID0482,Sunrise Health Center,Medication,2024-01-12,12343.59,9217.72,3125.87
EXP0378,PID0305,City Hospital,Medication,2024-01-13,13319.8,3957.87,9361.93
EXP0379,PID0231,Metro Clinic,Diagnostics,2024-01-14,18261.19,15323.01,2938.18
EXP0380,PID0242,Green Valley Medical,Medication,2024-01-15,7152.28,3207.1,3945.18
EXP0381,PID0660,Global Care Hospital,Medication,2024-01-16,10066.18,5557.29,4508.89
EXP0382,PID0861,City Hospital,Surgery,2024-01-17,5302.77,2394.09,2908.68
EXP0383,PID0231,Global Care Hospital,Diagnostics,2024-01-18,13671.67,8089.79,5581.88
EXP0384,PID0842,Green Valley Medical,Hospitalization,2024-01-19,984.89,224.51,760.38
EXP0385,PID0683,Green Valley Medical,Therapy,2024-01-20,10181.58,4547.88,5633.7
EXP0386,PID0986,Green Valley Medical,Medication,2024-01-21,2732.28,368.98,2363.3
EXP0387,PID0165,Metro Clinic,Surgery,2024-01-22,11406.89,4353.92,7052.97
EXP0388,PID0218,Sunrise Health Center,Therapy,2024-01-23,8011.99,5169.21,2842.78
EXP0389,PID0597,Sunrise Health Center,Consultation,2024-01-24,9919.74,1415.62,8504.12
EXP0390,PID0168,City Hospital,Medication,2024-01-25,1835.75,213.66,1622.09
EXP0391,PID0534,Sunrise Health Center,Medication,2024-01-26,18546.73,13927.4,4619.33
EXP0392,PID0610,Global Care Hospital,Therapy,2024-01-27,13673.03,10061.08,3611.95
EXP0393,PID0800,Green Valley Medical,Consultation,2024-01-28,5066.59,2403.51,2663.08
EXP0394,PID0654,Global Care Hospital,Therapy,2024-01-29,12479.92,4659.66,7820.26
EXP0395,PID0047,Green Valley Medical,Diagnostics,2024-01-30,10085.37,6952.07,3133.3
EXP0396,PID0553,Sunrise Health Center,Surgery,2024-01-31,11026.15,7492.05,3534.1
EXP0397,PID0064,Sunrise Health Center,Therapy,2024-02-01,6184.71,4397.25,1787.46
EXP0398,PID0639,Global Care Hospital,Medication,2024-02-02,9952.1,2030.93,7921.17
EXP0399,PID0819,Global Care Hospital,Hospitalization,2024-02-03,13476.6,9507.92,3968.68
EXP0400,PID0614,Global Care Hospital,Consultation,2024-02-04,13597.77,1461.4,12136.37
EXP0401,PID0744,Sunrise Health Center,Surgery,2024-02-05,5764.61,1967.39,3797.22
EXP0402,PID0703,City Hospital,Diagnostics,2024-02-06,9863.37,1253.25,8610.12
EXP0403,PID0635,Global Care Hospital,Medication,2024-02-07,17723.11,10064.39,7658.72
EXP0404,PID0108,Green Valley Medical,Diagnostics,2024-02-08,4368.11,934.78,3433.33
EXP0405,PID0991,Green Valley Medical,Surgery,2024-02-09,14893.73,5900.14,8993.59
EXP0406,PID0301,Global Care Hospital,Diagnostics,2024-02-10,4421.43,1805.95,2615.48
EXP0407,PID0597,Green Valley Medical,Consultation,2024-02-11,8710.24,7150.99,1559.25
EXP0408,PID0551,City Hospital,Medication,2024-02-12,18689.15,4105.93,14583.22
EXP0409,PID0604,City Hospital,Surgery,2024-02-13,4959.14,2779.51,2179.63
EXP0410,PID0271,Global Care Hospital,Therapy,2024-02-14,7671.38,5254.27,2417.11
EXP0411,PID0007,Global Care Hospital,Therapy,2024-02-15,19697.97,11273.77,8424.2
EXP0412,PID0194,Green Valley Medical,Hospitalization,2024-02-16,13485.06,1507.79,11977.27
EXP0413,PID0247,Global Care Hospital,Therapy,2024-02-17,4076.39,904.78,3171.61
EXP0414,PID0294,Metro Clinic,Surgery,2024-02-18,12397.74,10471.79,1925.95
EXP0415,PID0670,Global Care Hospital,Therapy,2024-02-19,10661.96,4895.23,5766.73
EXP0416,PID0033,Sunrise Health Center,Therapy,2024-02-20,549.73,77.29,472.44
EXP0417,PID0544,City Hospital,Surgery,2024-02-21,3681.11,1799.29,1881.82
EXP0418,PID0494,Green Valley Medical,Surgery,2024-02-22,9115.95,7096.46,2019.49
EXP0419,PID0132,City Hospital,Diagnostics,2024-02-23,11538.22,8095.6,3442.62
EXP0420,PID0046,City Hospital,Diagnostics,2024-02-24,5743.91,3560.73,2183.18
EXP0421,PID0344,City Hospital,Therapy,2024-02-25,4034.02,3210.99,823.03
EXP0422,PID0238,Sunrise Health Center,Hospitalization,2024-02-26,4451.16,695.64,3755.52
EXP0423,PID0673,Global Care Hospital,Consultation,2024-02-27,15469.58,11312.21,4157.37
EXP0424,PID0520,City Hospital,Consultation,2024-02-28,12718.49,5181.91,7536.58
EXP0425,PID0168,Global Care Hospital,Therapy,2024-02-29,8236.86,6110.48,2126.38
EXP0426,PID0408,City Hospital,Therapy,2024-03-01,6923.17,2046.05,4877.12
EXP0427,PID0124,City Hospital,Consultation,2024-03-02,4672.95,2611.9,2061.05
EXP0428,PID0587,Green Valley Medical,Hospitalization,2024-03-03,4060.35,983.34,3077.01
EXP0429,PID0902,City Hospital,Surgery,2024-03-04,19772.42,14022.48,5749.94
EXP0430,PID0319,City Hospital,Diagnostics,2024-03-05,17096.89,2360.78,14736.11
EXP0431,PID0241,Metro Clinic,Diagnostics,2024-03-06,11491.29,7003.25,4488.04
EXP0432,PID0291,City Hospital,Diagnostics,2024-03-07,14318.45,12061.52,2256.93
EXP0433,PID0808,Green Valley Medical,Diagnostics,2024-03-08,17598.53,15227.47,2371.06
EXP0434,PID0740,Metro Clinic,Therapy,2024-03-09,225.83,127.37,98.46
EXP0435,PID0639,City Hospital,Surgery,2024-03-10,11273.77,9262.3,2011.47
EXP0436,PID0776,Green Valley Medical,Therapy,2024-03-11,4114.03,2919.44,1194.59
EXP0437,PID0267,Metro Clinic,Medication,2024-03-12,8360.06,3343.86,5016.2
EXP0438,PID0188,Green Valley Medical,Medication,2024-03-13,4588.65,2208.82,2379.83
EXP0439,PID0214,Global Care Hospital,Consultation,2024-03-14,4042.89,436.2,3606.69
EXP0440,PID0028,City Hospital,Medication,2024-03-15,12135.82,3105.53,9030.29
EXP0441,PID0550,City Hospital,Consultation,2024-03-16,10440.42,7210.91,3229.51
EXP0442,PID0739,Green Valley Medical,Consultation,2024-03-17,188.73,158.64,30.09
EXP0443,PID0148,Global Care Hospital,Hospitalization,2024-03-18,10966.39,6258.33,4708.06
EXP0444,PID0384,Metro Clinic,Medication,2024-03-19,8021.8,6640.06,1381.74
EXP0445,PID0446,Green Valley Medical,Therapy,2024-03-20,5134.06,1640.67,3493.39
EXP0446,PID0444,Sunrise Health Center,Diagnostics,2024-03-21,19836.94,5073.2,14763.74
EXP0447,PID0498,City Hospital,Hospitalization,2024-03-22,16831.74,12966.9,3864.84
EXP0448,PID0658,Sunrise Health Center,Hospitalization,2024-03-23,2614.49,2010.8,603.69
EXP0449,PID0390,Metro Clinic,Medication,2024-03-24,14839.31,5154.74,9684.57
EXP0450,PID0732,Metro Clinic,Consultation,2024-03-25,409.29,272.67,136.62
EXP0451,PID0910,Global Care Hospital,Hospitalization,2024-03-26,4722.85,1863.47,2859.38
EXP0452,PID0878,Global Care Hospital,Surgery,2024-03-27,6123.55,2257.22,3866.33
EXP0453,PID0798,Green Valley Medical,Surgery,2024-03-28,17722.06,3351.13,14370.93
EXP0454,PID0211,City Hospital,Diagnostics,2024-03-29,14315.35,2667.27,11648.08
EXP0455,PID0828,Global Care Hospital,Hospitalization,2024-03-30,9507.38,7385.12,2122.26
EXP0456,PID0354,Sunrise Health Center,Therapy,2024-03-31,15375.98,8888.62,6487.36
EXP0457,PID0517,Green Valley Medical,Medication,2024-04-01,5529.47,1919.29,3610.18
EXP0458,PID0397,Green Valley Medical,Hospitalization,2024-04-02,17642.99,12064.43,5578.56
EXP0459,PID0241,City Hospital,Hospitalization,2024-04-03,16030.92,12538.6,3492.32
EXP0460,PID0041,City Hospital,Consultation,2024-04-04,8206.8,4415.0,3791.8
EXP0461,PID0577,Green Valley Medical,Consultation,2024-04-05,4966.88,1326.35,3640.53
EXP0462,PID0577,City Hospital,Medication,2024-04-06,7266.98,3230.64,4036.34
EXP0463,PID0534,Green Valley Medical,Therapy,2024-04-07,10656.36,4576.82,6079.54
EXP0464,PID0624,City Hospital,Therapy,2024-04-08,4747.68,2425.02,2322.66
EXP0465,PID0996,City Hospital,Therapy,2024-04-09,17341.62,15119.85,2221.77
EXP0466,PID0698,Metro Clinic,Consultation,2024-04-10,7401.79,3462.38,3939.41
EXP0467,PID0705,Green Valley Medical,Therapy,2024-04-11,7440.61,5153.34,2287.27
EXP0468,PID0230,Global Care Hospital,Diagnostics,2024-04-12,12524.8,11195.67,1329.13
EXP0469,PID0115,Green Valley Medical,Therapy,2024-04-13,19313.38,7168.81,12144.57
EXP0470,PID0427,City Hospital,Consultation,2024-04-14,13940.35,10050.72,3889.63
EXP0471,PID0183,Sunrise Health Center,Medication,2024-04-15,3238.56,399.79,2838.77
EXP0472,PID0794,Global Care Hospital,Diagnostics,2024-04-16,8784.09,2128.54,6655.55
EXP0473,PID0215,Green Valley Medical,Medication,2024-04-17,5149.39,1410.05,3739.34
EXP0474,PID0525,Global Care Hospital,Surgery,2024-04-18,3934.66,607.48,3327.18
EXP0475,PID0806,Sunrise Health Center,Consultation,2024-04-19,9411.2,8464.89,946.31
EXP0476,PID0348,Global Care Hospital,Surgery,2024-04-20,2581.4,1232.26,1349.14
EXP0477,PID0890,Sunrise Health Center,Consultation,2024-04-21,8503.64,5138.27,3365.37
EXP0478,PID0311,Metro Clinic,Hospitalization,2024-04-22,1681.45,1019.78,661.67
EXP0479,PID0547,Global Care Hospital,Surgery,2024-04-23,13115.41,4170.45,8944.96
EXP0480,PID0621,Green Valley Medical,Surgery,2024-04-24,5963.92,602.61,5361.31
EXP0481,PID0749,City Hospital,Therapy,2024-04-25,2901.8,542.79,2359.01
EXP0482,PID0052,Sunrise Health Center,Therapy,2024-04-26,17213.1,7696.16,9516.94
EXP0483,PID0220,Sunrise Health Center,Consultation,2024-04-27,1038.36,288.84,749.52
EXP0484,PID0785,Global Care Hospital,Surgery,2024-04-28,8103.58,3219.05,4884.53
EXP0485,PID0917,Sunrise Health Center,Therapy,2024-04-29,12857.33,9180.58,3676.75
EXP0486,PID0219,Sunrise Health Center,Consultation,2024-04-30,882.75,301.32,581.43
EXP0487,PID0123,Metro Clinic,Hospitalization,2024-05-01,14229.3,6669.04,7560.26
EXP0488,PID0874,Sunrise Health Center,Medication,2024-05-02,16802.43,7354.6,9447.83
EXP0489,PID0675,Sunrise Health Center,Hospitalization,2024-05-03,2134.66,970.42,1164.24
EXP0490,PID0724,Green Valley Medical,Hospitalization,2024-05-04,15401.28,8977.7,6423.58
EXP0491,PID0617,City Hospital,Consultation,2024-05-05,14015.73,9604.66,4411.07
EXP0492,PID0290,Global Care Hospital,Consultation,2024-05-06,3433.44,2900.4,533.04
EXP0493,PID0129,Sunrise Health Center,Surgery,2024-05-07,6040.22,1402.72,4637.5
EXP0494,PID0364,Green Valley Medical,Diagnostics,2024-05-08,6322.28,2000.81,4321.47
EXP0495,PID0476,Metro Clinic,Diagnostics,2024-05-09,6580.77,2470.14,4110.63
EXP0496,PID0060,Green Valley Medical,Surgery,2024-05-10,15505.99,5075.47,10430.52
EXP0497,PID0166,Sunrise Health Center,Surgery,2024-05-11,11656.48,10230.65,1425.83
EXP0498,PID0096,Global Care Hospital,Medication,2024-05-12,11586.02,1317.7,10268.32
EXP0499,PID0022,Sunrise Health Center,Surgery,2024-05-13,5887.98,977.49,4910.49
EXP0500,PID1013,Green Valley Medical,Hospitalization,2024-05-14,5499.31,2664.47,2834.84
EXP0501,PID0002,Sunrise Health Center,Hospitalization,2024-05-15,19591.7,5557.95,14033.75
EXP0502,PID0851,Metro Clinic,Medication,2024-05-16,13525.6,2964.8,10560.8
EXP0503,PID0270,Green Valley Medical,Hospitalization,2024-05-17,7970.94,2916.21,5054.73
EXP0504,PID0370,Global Care Hospital,Therapy,2024-05-18,11921.01,1686.3,10234.71
EXP0505,PID0287,Green Valley Medical,Therapy,2024-05-19,16450.73,4313.82,12136.91
EXP0506,PID0204,Sunrise Health Center,Hospitalization,2024-05-20,17268.44,7517.32,9751.12
EXP0507,PID0334,Global Care Hospital,Diagnostics,2024-05-21,4864.18,1973.9,2890.28
EXP0508,PID0196,City Hospital,Medication,2024-05-22,2354.92,782.94,1571.98
EXP0509,PID0807,Green Valley Medical,Diagnostics,2024-05-23,7526.15,6762.03,764.12
EXP0510,PID0281,Sunrise Health Center,Therapy,2024-05-24,14386.73,8756.06,5630.67
EXP0511,PID0147,Metro Clinic,Surgery,2024-05-25,10706.98,2030.71,8676.27
EXP0512,PID0667,City Hospital,Surgery,2024-05-26,2460.53,890.23,1570.3
EXP0513,PID0336,Sunrise Health Center,Surgery,2024-05-27,19883.01,13924.84,5958.17
EXP0514,PID0992,Sunrise Health Center,Surgery,2024-05-28,6335.81,3353.91,2981.9
EXP0515,PID0082,City Hospital,Therapy,2024-05-29,12783.69,9638.22,3145.47
EXP0516,PID0575,Sunrise Health Center,Diagnostics,2024-05-30,14506.3,3710.22,10796.08
EXP0517,PID0377,City Hospital,Hospitalization,2024-05-31,6849.97,1815.25,5034.72
EXP0518,PID0671,Sunrise Health Center,Hospitalization,2024-06-01,3770.36,2963.23,807.13
EXP0519,PID0570,Global Care Hospital,Surgery,2024-06-02,8911.96,6793.91,2118.05
EXP0520,PID0391,Metro Clinic,Diagnostics,2024-06-03,10564.59,1871.91,8692.68
EXP0521,PID0962,Metro Clinic,Diagnostics,2024-06-04,19529.06,17465.78,2063.28
EXP0522,PID0988,Global Care Hospital,Therapy,2024-06-05,6864.91,1438.61,5426.3
EXP0523,PID0472,Green Valley Medical,Medication,2024-06-06,6609.72,3815.32,2794.4
EXP0524,PID0123,Sunrise Health Center,Consultation,2024-06-07,14337.6,10059.63,4277.97
EXP0525,PID0631,Global Care Hospital,Diagnostics,2024-06-08,11773.14,8419.2,3353.94
EXP0526,PID0051,Sunrise Health Center,Hospitalization,2024-06-09,7885.42,6530.05,1355.37
EXP0527,PID0308,Sunrise Health Center,Surgery,2024-06-10,13030.0,3731.4,9298.6
EXP0528,PID0659,City Hospital,Hospitalization,2024-06-11,15983.01,10111.08,5871.93
EXP0529,PID0526,Global Care Hospital,Diagnostics,2024-06-12,12149.57,7303.39,4846.18
EXP0530,PID0649,Global Care Hospital,Diagnostics,2024-06-13,9184.63,7934.98,1249.65
EXP0531,PID0481,Global Care Hospital,Surgery,2024-06-14,3919.37,417.98,3501.39
EXP0532,PID0996,Metro Clinic,Consultation,2024-06-15,14551.57,9572.8,4978.77
EXP0533,PID0668,Green Valley Medical,Therapy,2024-06-16,13699.88,6329.71,7370.17
EXP0534,PID0149,Sunrise Health Center,Diagnostics,2024-06-17,14958.51,9952.37,5006.14
EXP0535,PID0391,Sunrise Health Center,Hospitalization,2024-06-18,13846.01,2541.7,11304.31
EXP0536,PID0273,Green Valley Medical,Hospitalization,2024-06-19,9859.65,6458.47,3401.18
EXP0537,PID0648,Metro Clinic,Hospitalization,2024-06-20,8674.57,4717.55,3957.02
EXP0538,PID0218,Sunrise Health Center,Consultation,2024-06-21,15715.13,6798.21,8916.92
EXP0539,PID1009,Sunrise Health Center,Hospitalization,2024-06-22,13607.46,3155.71,10451.75
EXP0540,PID0891,Global Care Hospital,Therapy,2024-06-23,9109.67,1573.31,7536.36
EXP0541,PID0979,Sunrise Health Center,Surgery,2024-06-24,17287.56,7956.08,9331.48
EXP0542,PID0625,City Hospital,Diagnostics,2024-06-25,13804.02,3841.43,9962.59
EXP0543,PID0487,Metro Clinic,Hospitalization,2024-06-26,2645.74,1472.2,1173.54
EXP0544,PID0956,Global Care Hospital,Hospitalization,2024-06-27,19546.68,10118.87,9427.81
EXP0545,PID0853,Global Care Hospital,Consultation,2024-06-28,7146.19,3018.09,4128.1
EXP0546,PID0665,Global Care Hospital,Medication,2024-06-29,8791.23,4267.92,4523.31
EXP0547,PID0588,Green Valley Medical,Medication,2024-06-30,4262.71,1169.11,3093.6
EXP0548,PID0424,Sunrise Health Center,Medication,2024-07-01,1491.87,788.86,703.01
EXP0549,PID0822,City Hospital,Therapy,2024-07-02,18561.69,7500.08,11061.61
EXP0550,PID0895,Global Care Hospital,Consultation,2024-07-03,2857.09,779.06,2078.03
EXP0551,PID1013,Sunrise Health Center,Surgery,2024-07-04,11480.0,9741.01,1738.99
EXP0552,PID0203,Green Valley Medical,Surgery,2024-07-05,5235.26,2254.43,2980.83
EXP0553,PID0366,Metro Clinic,Consultation,2024-07-06,11170.5,1856.78,9313.72
EXP0554,PID0483,Green Valley Medical,Hospitalization,2024-07-07,3608.08,1844.1,1763.98
EXP0555,PID1015,Global Care Hospital,Medication,2024-07-08,13869.03,11189.93,2679.1
EXP0556,PID0160,Sunrise Health Center,Surgery,2024-07-09,2860.44,1422.83,1437.61
EXP0557,PID0857,Metro Clinic,Hospitalization,2024-07-10,6037.71,3058.42,2979.29
EXP0558,PID0474,Global Care Hospital,Consultation,2024-07-11,15187.33,8178.62,7008.71
EXP0559,PID0127,Global Care Hospital,Diagnostics,2024-07-12,15538.15,6678.79,8859.36
EXP0560,PID0292,City Hospital,Therapy,2024-07-13,13509.62,5243.35,8266.27
EXP0561,PID0884,Metro Clinic,Medication,2024-07-14,17386.42,12889.19,4497.23
EXP0562,PID0486,Green Valley Medical,Medication,2024-07-15,4809.39,4100.15,709.24
EXP0563,PID0934,Sunrise Health Center,Surgery,2024-07-16,17211.84,2651.16,14560.68
EXP0564,PID0093,Sunrise Health Center,Therapy,2024-07-17,610.29,374.59,235.7
EXP0565,PID0220,Global Care Hospital,Medication,2024-07-18,10152.59,7444.79,2707.8
EXP0566,PID0235,Global Care Hospital,Diagnostics,2024-07-19,4678.57,3258.64,1419.93
EXP0567,PID0787,City Hospital,Surgery,2024-07-20,4345.37,3838.28,507.09
EXP0568,PID0219,Green Valley Medical,Therapy,2024-07-21,16865.37,10535.03,6330.34
EXP0569,PID0941,Global Care Hospital,Hospitalization,2024-07-22,12170.37,9763.07,2407.3
EXP0570,PID0164,Sunrise Health Center,Surgery,2024-07-23,8633.26,4079.44,4553.82
EXP0571,PID0592,Global Care Hospital,Diagnostics,2024-07-24,8770.68,5265.03,3505.65
EXP0572,PID0472,Global Care Hospital,Surgery,2024-07-25,11396.4,6145.51,5250.89
EXP0573,PID0284,Green Valley Medical,Hospitalization,2024-07-26,10786.55,2851.75,7934.8
EXP0574,PID0546,Metro Clinic,Medication,2024-07-27,17772.24,2834.01,14938.23
EXP0575,PID0764,Green Valley Medical,Consultation,2024-07-28,3593.17,2728.56,864.61
EXP0576,PID0057,City Hospital,Hospitalization,2024-07-29,8234.83,2543.8,5691.03
EXP0577,PID0919,Metro Clinic,Diagnostics,2024-07-30,18800.94,3450.77,15350.17
EXP0578,PID0049,City Hospital,Medication,2024-07-31,12172.38,7368.82,4803.56
EXP0579,PID0758,Sunrise Health Center,Medication,2024-08-01,11510.24,2500.93,9009.31
EXP0580,PID0897,City Hospital,Consultation,2024-08-02,14791.02,9550.2,5240.82
EXP0581,PID0549,Global Care Hospital,Therapy,2024-08-03,14948.82,9119.36,5829.46
EXP0582,PID0645,Green Valley Medical,Surgery,2024-08-04,13062.04,1510.81,11551.23
EXP0583,PID0471,Green Valley Medical,Therapy,2024-08-05,1413.93,281.73,1132.2
EXP0584,PID0836,Metro Clinic,Diagnostics,2024-08-06,18425.83,4480.56,13945.27
EXP0585,PID0205,City Hospital,Hospitalization,2024-08-07,5487.6,4898.8,588.8
EXP0586,PID0686,Metro Clinic,Medication,2024-08-08,6628.52,2178.02,4450.5
EXP0587,PID0862,Metro Clinic,Medication,2024-08-09,4971.96,3064.68,1907.28
EXP0588,PID0758,City Hospital,Diagnostics,2024-08-10,4608.5,1118.26,3490.24
EXP0589,PID0982,City Hospital,Medication,2024-08-11,19640.22,6331.87,13308.35
EXP0590,PID0587,City Hospital,Hospitalization,2024-08-12,13092.82,8588.48,4504.34
EXP0591,PID0310,Green Valley Medical,Surgery,2024-08-13,19593.58,3591.93,16001.65
EXP0592,PID0918,Green Valley Medical,Surgery,2024-08-14,15537.69,9710.25,5827.44
EXP0593,PID0218,Green Valley Medical,Hospitalization,2024-08-15,17288.49,12927.3,4361.19
EXP0594,PID0219,Green Valley Medical,Consultation,2024-08-16,11223.42,10036.59,1186.83
EXP0595,PID0669,Green Valley Medical,Medication,2024-08-17,5265.87,2117.39,3148.48
EXP0596,PID0678,Green Valley Medical,Consultation,2024-08-18,11392.04,1204.25,10187.79
EXP0597,PID0743,Global Care Hospital,Diagnostics,2024-08-19,18216.64,2285.92,15930.72
EXP0598,PID0410,Metro Clinic,Surgery,2024-08-20,6666.9,2355.24,4311.66
EXP0599,PID0916,Metro Clinic,Therapy,2024-08-21,17604.12,10972.82,6631.3
EXP0600,PID0725,Green Valley Medical,Surgery,2024-08-22,4744.21,4046.13,698.08
EXP0601,PID0741,Sunrise Health Center,Medication,2024-08-23,3914.42,2719.04,1195.38
EXP0602,PID0749,City Hospital,Diagnostics,2024-08-24,6084.32,3072.5,3011.82
EXP0603,PID0997,Sunrise Health Center,Therapy,2024-08-25,7743.02,1093.85,6649.17
EXP0604,PID0529,City Hospital,Surgery,2024-08-26,1951.02,1186.22,764.8
EXP0605,PID0526,Sunrise Health Center,Diagnostics,2024-08-27,12674.43,4151.71,8522.72
EXP0606,PID0427,Metro Clinic,Consultation,2024-08-28,2931.73,2325.77,605.96
EXP0607,PID0692,Metro Clinic,Surgery,2024-08-29,11083.96,3240.73,7843.23
EXP0608,PID0394,Global Care Hospital,Diagnostics,2024-08-30,7701.09,1136.06,6565.03
EXP0609,PID0106,Global Care Hospital,Surgery,2024-08-31,19929.64,5126.47,14803.17
EXP0610,PID0174,Global Care Hospital,Hospitalization,2024-09-01,18547.71,9379.09,9168.62
EXP0611,PID0057,City Hospital,Hospitalization,2024-09-02,8672.77,6037.69,2635.08
EXP0612,PID0010,City Hospital,Consultation,2024-09-03,469.08,399.25,69.83
EXP0613,PID0885,Global Care Hospital,Diagnostics,2024-09-04,1297.08,512.98,784.1
EXP0614,PID0032,Sunrise Health Center,Therapy,2024-09-05,6152.35,1313.76,4838.59
EXP0615,PID0523,City Hospital,Surgery,2024-09-06,16838.57,7709.8,9128.77
EXP0616,PID0963,City Hospital,Surgery,2024-09-07,18319.83,4195.02,14124.81
EXP0617,PID0711,Global Care Hospital,Therapy,2024-09-08,12821.2,8696.4,4124.8
EXP0618,PID0754,Metro Clinic,Medication,2024-09-09,4118.37,429.37,3689.0
EXP0619,PID0752,Global Care Hospital,Therapy,2024-09-10,6698.46,1024.29,5674.17
EXP0620,PID0723,Global Care Hospital,Diagnostics,2024-09-11,2096.93,1563.73,533.2
EXP0621,PID0752,Sunrise Health Center,Hospitalization,2024-09-12,5299.08,1713.42,3585.66
EXP0622,PID0497,Green Valley Medical,Therapy,2024-09-13,16308.38,5196.41,11111.97
EXP0623,PID0113,Sunrise Health Center,Consultation,2024-09-14,18716.33,1984.2,16732.13
EXP0624,PID0094,Global Care Hospital,Diagnostics,2024-09-15,18839.36,3261.93,15577.43
EXP0625,PID0037,Metro Clinic,Hospitalization,2024-09-16,6232.5,1427.38,4805.12
EXP0626,PID0509,Global Care Hospital,Surgery,2024-09-17,18677.95,10333.39,8344.56
EXP0627,PID0991,Global Care Hospital,Surgery,2024-09-18,7984.83,817.59,7167.24
EXP0628,PID0016,Global Care Hospital,Diagnostics,2024-09-19,3903.64,2819.52,1084.12
EXP0629,PID0504,Global Care Hospital,Consultation,2024-09-20,10557.22,1292.84,9264.38
EXP0630,PID0377,City Hospital,Medication,2024-09-21,10221.86,7878.31,2343.55
EXP0631,PID0270,Metro Clinic,Consultation,2024-09-22,14685.05,7938.11,6746.94
EXP0632,PID0113,City Hospital,Consultation,2024-09-23,5297.99,1686.97,3611.02
EXP0633,PID0166,Metro Clinic,Consultation,2024-09-24,13661.57,6669.71,6991.86
EXP0634,PID0051,Metro Clinic,Diagnostics,2024-09-25,1896.15,519.08,1377.07
EXP0635,PID0048,Green Valley Medical,Hospitalization,2024-09-26,15406.84,2401.99,13004.85
EXP0636,PID0347,Green Valley Medical,Diagnostics,2024-09-27,9150.05,7800.29,1349.76
EXP0637,PID0998,Metro Clinic,Medication,2024-09-28,16472.13,14636.09,1836.04
EXP0638,PID0571,Global Care Hospital,Surgery,2024-09-29,12277.81,3678.34,8599.47
EXP0639,PID0650,Metro Clinic,Hospitalization,2024-09-30,9289.8,2139.86,7149.94
EXP0640,PID0592,Sunrise Health Center,Diagnostics,2024-10-01,3246.9,2311.62,935.28
EXP0641,PID0065,Sunrise Health Center,Hospitalization,2024-10-02,10483.96,4756.05,5727.91
EXP0642,PID0232,Global Care Hospital,Consultation,2024-10-03,4681.2,3532.79,1148.41
EXP0643,PID0602,Sunrise Health Center,Consultation,2024-10-04,1353.24,184.63,1168.61
EXP0644,PID0670,Metro Clinic,Medication,2024-10-05,776.23,514.21,262.02
EXP0645,PID0379,Sunrise Health Center,Diagnostics,2024-10-06,15306.57,10073.38,5233.19
EXP0646,PID0158,Sunrise Health Center,Therapy,2024-10-07,3104.52,1886.22,1218.3
EXP0647,PID0327,Metro Clinic,Therapy,2024-10-08,11444.04,6075.88,5368.16
EXP0648,PID0208,Metro Clinic,Diagnostics,2024-10-09,7982.61,4897.71,3084.9
EXP0649,PID0155,Global Care Hospital,Consultation,2024-10-10,11168.18,2737.9,8430.28
EXP0650,PID0425,Global Care Hospital,Consultation,2024-10-11,19084.07,13067.75,6016.32
EXP0651,PID0466,Metro Clinic,Consultation,2024-10-12,13563.78,3605.38,9958.4
EXP0652,PID0401,Global Care Hospital,Therapy,2024-10-13,16140.54,8030.38,8110.16
EXP0653,PID0196,Global Care Hospital,Hospitalization,2024-10-14,3023.2,2402.96,620.24
EXP0654,PID0366,Sunrise Health Center,Surgery,2024-10-15,11951.78,2849.96,9101.82
EXP0655,PID1017,Green Valley Medical,Hospitalization,2024-10-16,1156.52,596.78,559.74
EXP0656,PID0161,Global Care Hospital,Diagnostics,2024-10-17,17650.21,13903.45,3746.76
EXP0657,PID0453,Metro Clinic,Consultation,2024-10-18,9580.49,7423.2,2157.29
EXP0658,PID0951,Sunrise Health Center,Diagnostics,2024-10-19,12414.76,9462.44,2952.32
EXP0659,PID0467,Metro Clinic,Surgery,2024-10-20,18987.71,15128.23,3859.48
EXP0660,PID0409,Metro Clinic,Medication,2024-10-21,14534.12,6295.76,8238.36
EXP0661,PID1007,Global Care Hospital,Consultation,2024-10-22,11419.27,2239.61,9179.66
EXP0662,PID0398,Metro Clinic,Medication,2024-10-23,13737.52,6872.99,6864.53
EXP0663,PID0588,Sunrise Health Center,Diagnostics,2024-10-24,10541.03,4628.35,5912.68
EXP0664,PID0769,City Hospital,Consultation,2024-10-25,520.35,283.24,237.11
EXP0665,PID0760,City Hospital,Medication,2024-10-26,17562.49,15208.97,2353.52
EXP0666,PID0351,Sunrise Health Center,Medication,2024-10-27,18067.99,5071.57,12996.42
EXP0667,PID1009,Metro Clinic,Diagnostics,2024-10-28,6311.29,1869.55,4441.74
EXP0668,PID0760,City Hospital,Therapy,2024-10-29,7677.7,4979.46,2698.24
EXP0669,PID0425,Sunrise Health Center,Consultation,2024-10-30,13327.8,11500.93,1826.87
EXP0670,PID0192,City Hospital,Therapy,2024-10-31,12026.14,9020.02,3006.12
EXP0671,PID0003,Metro Clinic,Diagnostics,2024-11-01,5348.81,2316.72,3032.09
EXP0672,PID0817,Sunrise Health Center,Surgery,2024-11-02,15989.12,3755.39,12233.73
EXP0673,PID0285,City Hospital,Medication,2024-11-03,11821.73,6559.7,5262.03
EXP0674,PID0006,Green Valley Medical,Medication,2024-11-04,12930.22,9617.25,3312.97
EXP0675,PID0163,Sunrise Health Center,Hospitalization,2024-11-05,18036.76,15143.93,2892.83
EXP0676,PID0334,Sunrise Health Center,Surgery,2024-11-06,8972.61,7572.5,1400.11
EXP0677,PID0197,Sunrise Health Center,Consultation,2024-11-07,9391.48,6422.43,2969.05
EXP0678,PID0698,Metro Clinic,Hospitalization,2024-11-08,11831.54,7442.93,4388.61
EXP0679,PID0696,Metro Clinic,Consultation,2024-11-09,135.65,17.86,117.79
EXP0680,PID0947,Metro Clinic,Hospitalization,2024-11-10,15771.17,7779.89,7991.28
EXP0681,PID0644,City Hospital,Therapy,2024-11-11,11647.9,9865.23,1782.67
EXP0682,PID0083,Sunrise Health Center,Diagnostics,2024-11-12,7811.91,1865.04,5946.87
EXP0683,PID0662,Global Care Hospital,Hospitalization,2024-11-13,17669.94,7324.14,10345.8
EXP0684,PID0511,Sunrise Health Center,Diagnostics,2024-11-14,19349.83,10329.01,9020.82
EXP0685,PID0601,Metro Clinic,Therapy,2024-11-15,5648.66,1960.47,3688.19
EXP0686,PID0928,Metro Clinic,Therapy,2024-11-16,19194.46,2529.51,16664.95
EXP0687,PID0806,City Hospital,Medication,2024-11-17,13897.85,9273.04,4624.81
EXP0688,PID0702,Global Care Hospital,Surgery,2024-11-18,4289.91,548.48,3741.43
EXP0689,PID0192,Global Care Hospital,Diagnostics,2024-11-19,18661.08,5575.95,13085.13
EXP0690,PID0940,Green Valley Medical,Hospitalization,2024-11-20,9982.0,3182.64,6799.36
EXP0691,PID0309,City Hospital,Medication,2024-11-21,15720.41,12277.2,3443.21
EXP0692,PID0499,Metro Clinic,Medication,2024-11-22,15558.01,13889.42,1668.59
EXP0693,PID0338,Metro Clinic,Therapy,2024-11-23,13042.21,9153.05,3889.16
EXP0694,PID0938,Sunrise Health Center,Diagnostics,2024-11-24,10799.86,2304.71,8495.15
EXP0695,PID0368,Metro Clinic,Medication,2024-11-25,10457.13,3201.2,7255.93
EXP0696,PID0909,Global Care Hospital,Medication,2024-11-26,18844.13,4906.24,13937.89
EXP0697,PID0399,City Hospital,Therapy,2024-11-27,14693.72,10648.43,4045.29
EXP0698,PID0096,Green Valley Medical,Consultation,2024-11-28,1747.33,1021.06,726.27
EXP0699,PID0745,Sunrise Health Center,Consultation,2024-11-29,15083.77,3293.53,11790.24
EXP0700,PID0762,Global Care Hospital,Medication,2024-11-30,7135.69,5641.04,1494.65
EXP0701,PID0566,Global Care Hospital,Medication,2024-12-01,9113.42,5310.38,3803.04
EXP0702,PID0975,City Hospital,Therapy,2024-12-02,19379.59,2432.1,16947.49
EXP0703,PID0451,Global Care Hospital,Therapy,2024-12-03,11279.22,8712.42,2566.8
EXP0704,PID0126,Green Valley Medical,Therapy,2024-12-04,3732.57,3212.08,520.49
EXP0705,PID0058,Metro Clinic,Therapy,2024-12-05,7196.2,3227.38,3968.82
EXP0706,PID0908,Sunrise Health Center,Diagnostics,2024-12-06,15337.01,11242.74,4094.27
EXP0707,PID0049,Green Valley Medical,Diagnostics,2024-12-07,9883.18,3678.9,6204.28
EXP0708,PID0898,Sunrise Health Center,Hospitalization,2024-12-08,7366.26,1388.2,5978.06
EXP0709,PID0355,Metro Clinic,Surgery,2024-12-09,5603.01,1891.88,3711.13
EXP0710,PID0112,City Hospital,Medication,2024-12-10,18030.88,11682.04,6348.84
EXP0711,PID0794,City Hospital,Consultation,2024-12-11,12718.65,10703.55,2015.1
EXP0712,PID0308,City Hospital,Therapy,2024-12-12,17814.39,8620.21,9194.18
EXP0713,PID0218,City Hospital,Medication,2024-12-13,7073.18,1659.28,5413.9
EXP0714,PID0059,Sunrise Health Center,Hospitalization,2024-12-14,103.7,35.97,67.73
EXP0715,PID0552,City Hospital,Diagnostics,2024-12-15,3941.65,807.36,3134.29
EXP0716,PID0451,Global Care Hospital,Therapy,2024-12-16,13334.79,1503.81,11830.98
EXP0717,PID0670,Global Care Hospital,Therapy,2024-12-17,2979.37,1903.29,1076.08
EXP0718,PID0256,City Hospital,Medication,2024-12-18,10658.97,8345.09,2313.88
EXP0719,PID0010,Sunrise Health Center,Therapy,2024-12-19,13280.44,10348.7,2931.74
EXP0720,PID0903,Global Care Hospital,Consultation,2024-12-20,2415.77,1665.43,750.34
EXP0721,PID0239,Global Care Hospital,Surgery,2024-12-21,16509.88,11560.87,4949.01
EXP0722,PID0989,Metro Clinic,Surgery,2024-12-22,19840.71,12426.84,7413.87
EXP0723,PID0428,Green Valley Medical,Hospitalization,2024-12-23,10518.26,5121.3,5396.96
EXP0724,PID0043,City Hospital,Surgery,2024-12-24,283.79,108.96,174.83
EXP0725,PID0389,Global Care Hospital,Diagnostics,2024-12-25,6044.17,4093.78,1950.39
EXP0726,PID0622,City Hospital,Diagnostics,2024-12-26,7301.56,6498.4,803.16
EXP0727,PID0882,Sunrise Health Center,Diagnostics,2024-12-27,9848.96,4323.14,5525.82
EXP0728,PID0334,Green Valley Medical,Medication,2024-12-28,13349.85,10986.37,2363.48
EXP0729,PID0289,Metro Clinic,Consultation,2024-12-29,17828.03,9918.97,7909.06
EXP0730,PID0198,City Hospital,Consultation,2024-12-30,16347.51,9781.66,6565.85
EXP0731,PID0149,City Hospital,Diagnostics,2024-12-31,11725.93,5225.87,6500.06
EXP0732,PID0984,Metro Clinic,Medication,2025-01-01,9424.02,5594.63,3829.39
EXP0733,PID1011,City Hospital,Diagnostics,2025-01-02,12088.56,10806.36,1282.2
EXP0734,PID0764,Sunrise Health Center,Diagnostics,2025-01-03,14511.71,2965.02,11546.69
EXP0735,PID0421,Sunrise Health Center,Therapy,2025-01-04,1556.96,1272.31,284.65
EXP0736,PID0590,Metro Clinic,Diagnostics,2025-01-05,17104.37,6870.8,10233.57
EXP0737,PID1013,City Hospital,Medication,2025-01-06,6331.56,1710.28,4621.28
EXP0738,PID0169,Metro Clinic,Hospitalization,2025-01-07,7084.86,1348.73,5736.13
EXP0739,PID0501,Metro Clinic,Hospitalization,2025-01-08,15914.92,13098.09,2816.83
EXP0740,PID0936,City Hospital,Therapy,2025-01-09,7223.69,5804.34,1419.35
EXP0741,PID0290,Global Care Hospital,Hospitalization,2025-01-10,14840.35,4774.15,10066.2
EXP0742,PID0233,Global Care Hospital,Hospitalization,2025-01-11,18212.0,11042.75,7169.25
EXP0743,PID0743,City Hospital,Medication,2025-01-12,5284.61,1193.78,4090.83
EXP0744,PID0819,City Hospital,Diagnostics,2025-01-13,1319.24,949.43,369.81
EXP0745,PID0151,Metro Clinic,Surgery,2025-01-14,8569.01,5650.36,2918.65
EXP0746,PID0150,Sunrise Health Center,Diagnostics,2025-01-15,718.18,474.43,243.75
EXP0747,PID0994,Global Care Hospital,Consultation,2025-01-16,12016.25,6742.62,5273.63
EXP0748,PID0019,Sunrise Health Center,Surgery,2025-01-17,14644.34,12458.41,2185.93
EXP0749,PID0988,Metro Clinic,Medication,2025-01-18,17924.32,12501.59,5422.73
EXP0750,PID0921,City Hospital,Therapy,2025-01-19,11779.61,10347.58,1432.03
EXP0751,PID0808,City Hospital,Medication,2025-01-20,19152.99,14405.61,4747.38
EXP0752,PID0042,Global Care Hospital,Medication,2025-01-21,1339.78,1081.71,258.07
EXP0753,PID0822,City Hospital,Diagnostics,2025-01-22,13284.71,8761.16,4523.55
EXP0754,PID0314,Global Care Hospital,Consultation,2025-01-23,13765.21,8303.52,5461.69
EXP0755,PID0827,City Hospital,Therapy,2025-01-24,8200.38,1594.59,6605.79
EXP0756,PID0791,Global Care Hospital,Consultation,2025-01-25,7502.67,4022.23,3480.44
EXP0757,PID0540,Sunrise Health Center,Surgery,2025-01-26,701.42,288.66,412.76
EXP0758,PID0217,Global Care Hospital,Therapy,2025-01-27,5355.59,2080.77,3274.82
EXP0759,PID0237,Metro Clinic,Consultation,2025-01-28,14564.7,7394.39,7170.31
EXP0760,PID0656,Green Valley Medical,Diagnostics,2025-01-29,16458.57,11346.64,5111.93
EXP0761,PID0361,Sunrise Health Center,Consultation,2025-01-30,19377.17,15155.86,4221.31
EXP0762,PID0878,Global Care Hospital,Consultation,2025-01-31,4921.61,1517.56,3404.05
EXP0763,PID0554,Global Care Hospital,Therapy,2025-02-01,7034.67,3693.92,3340.75
EXP0764,PID0452,Green Valley Medical,Surgery,2025-02-02,10879.75,1804.66,9075.09
EXP0765,PID0624,Green Valley Medical,Diagnostics,2025-02-03,15248.48,13493.06,1755.42
EXP0766,PID0035,Metro Clinic,Diagnostics,2025-02-04,7434.12,3786.66,3647.46
EXP0767,PID0117,Green Valley Medical,Therapy,2025-02-05,13944.38,3076.77,10867.61
EXP0768,PID0834,Metro Clinic,Diagnostics,2025-02-06,6956.74,1058.43,5898.31
EXP0769,PID0963,City Hospital,Hospitalization,2025-02-07,16575.96,10688.88,5887.08
EXP0770,PID0115,Global Care Hospital,Consultation,2025-02-08,19736.06,15649.51,4086.55
EXP0771,PID0727,Metro Clinic,Surgery,2025-02-09,16678.25,13682.43,2995.82
EXP0772,PID0372,Global Care Hospital,Surgery,2025-02-10,9542.22,3068.45,6473.77
EXP0773,PID0711,Global Care Hospital,Therapy,2025-02-11,18288.35,2275.58,16012.77
EXP0774,PID0447,Sunrise Health Center,Surgery,2025-02-12,3228.03,1462.81,1765.22
EXP0775,PID0261,Sunrise Health Center,Consultation,2025-02-13,11035.07,4972.29,6062.78
EXP0776,PID0186,Sunrise Health Center,Surgery,2025-02-14,9559.1,5419.11,4139.99
EXP0777,PID0236,Metro Clinic,Hospitalization,2025-02-15,729.11,417.06,312.05
EXP0778,PID0757,Green Valley Medical,Consultation,2025-02-16,2609.81,630.83,1978.98
EXP0779,PID0677,Global Care Hospital,Hospitalization,2025-02-17,15121.38,3517.26,11604.12
EXP0780,PID0777,City Hospital,Hospitalization,2025-02-18,15664.01,2625.79,13038.22
EXP0781,PID0629,Metro Clinic,Hospitalization,2025-02-19,14897.43,8706.75,6190.68
EXP0782,PID0993,Metro Clinic,Diagnostics,2025-02-20,6521.81,1843.67,4678.14
EXP0783,PID1015,Global Care Hospital,Hospitalization,2025-02-21,12365.39,4574.08,7791.31
EXP0784,PID0356,Sunrise Health Center,Surgery,2025-02-22,14336.7,2119.0,12217.7
EXP0785,PID0311,City Hospital,Surgery,2025-02-23,5037.05,2228.26,2808.79
EXP0786,PID0475,Metro Clinic,Surgery,2025-02-24,8333.47,1358.63,6974.84
EXP0787,PID0735,City Hospital,Diagnostics,2025-02-25,1044.27,772.01,272.26
EXP0788,PID0358,Green Valley Medical,Therapy,2025-02-26,2962.22,513.66,2448.56
EXP0789,PID0828,City Hospital,Hospitalization,2025-02-27,7151.83,2677.78,4474.05
EXP0790,PID0822,Sunrise Health Center,Surgery,2025-02-28,12236.07,7310.17,4925.9
EXP0791,PID0538,City Hospital,Hospitalization,2025-03-01,12065.55,7300.25,4765.3
EXP0792,PID0483,City Hospital,Hospitalization,2025-03-02,2840.06,1133.21,1706.85
EXP0793,PID0251,Sunrise Health Center,Therapy,2025-03-03,590.51,374.82,215.69
EXP0794,PID0029,Global Care Hospital,Consultation,2025-03-04,13934.57,5817.48,8117.09
EXP0795,PID0754,Metro Clinic,Medication,2025-03-05,13237.37,10346.82,2890.55
EXP0796,PID0266,Sunrise Health Center,Consultation,2025-03-06,19680.17,8623.61,11056.56
EXP0797,PID0711,Green Valley Medical,Medication,2025-03-07,18782.25,13102.7,5679.55
EXP0798,PID0174,Green Valley Medical,Medication,2025-03-08,12653.16,6997.35,5655.81
EXP0799,PID0972,Sunrise Health Center,Therapy,2025-03-09,7990.91,3174.17,4816.74
EXP0800,PID0010,Metro Clinic,Surgery,2025-03-10,17082.77,12853.18,4229.59
EXP0801,PID0756,Sunrise Health Center,Therapy,2025-03-11,9162.45,2461.77,6700.68
EXP0802,PID0447,Global Care Hospital,Consultation,2025-03-12,10902.99,1672.52,9230.47
EXP0803,PID0886,Sunrise Health Center,Medication,2025-03-13,10028.68,6416.29,3612.39
EXP0804,PID0563,City Hospital,Consultation,2025-03-14,11079.14,3980.5,7098.64
EXP0805,PID0422,City Hospital,Surgery,2025-03-15,1347.46,1007.66,339.8
EXP0806,PID0821,Metro Clinic,Therapy,2025-03-16,10051.59,8107.42,1944.17
EXP0807,PID0272,Green Valley Medical,Diagnostics,2025-03-17,8870.41,5331.66,3538.75
EXP0808,PID0714,Green Valley Medical,Consultation,2025-03-18,9130.61,7396.26,1734.35
EXP0809,PID0264,Sunrise Health Center,Consultation,2025-03-19,19617.12,13217.18,6399.94
EXP0810,PID0358,Sunrise Health Center,Consultation,2025-03-20,3240.28,1205.97,2034.31
EXP0811,PID0622,Global Care Hospital,Hospitalization,2025-03-21,19968.57,6444.42,13524.15
EXP0812,PID0159,Metro Clinic,Consultation,2025-03-22,11637.42,4135.3,7502.12
EXP0813,PID0741,Green Valley Medical,Consultation,2025-03-23,18890.06,8413.81,10476.25
EXP0814,PID0891,Metro Clinic,Hospitalization,2025-03-24,12006.96,7270.35,4736.61
EXP0815,PID0269,Global Care Hospital,Diagnostics,2025-03-25,18317.66,9891.68,8425.98
EXP0816,PID0827,Global Care Hospital,Therapy,2025-03-26,16138.25,13162.67,2975.58
EXP0817,PID0552,Metro Clinic,Hospitalization,2025-03-27,7568.13,6464.95,1103.18
EXP0818,PID0871,Global Care Hospital,Hospitalization,2025-03-28,19932.34,13091.74,6840.6
EXP0819,PID0621,City Hospital,Hospitalization,2025-03-29,16627.87,1725.68,14902.19
EXP0820,PID0039,Global Care Hospital,Consultation,2025-03-30,18578.47,9796.36,8782.11
EXP0821,PID0761,Metro Clinic,Medication,2025-03-31,12353.58,6328.17,6025.41
EXP0822,PID0989,Sunrise Health Center,Medication,2025-04-01,4755.14,1716.41,3038.73
EXP0823,PID0931,Metro Clinic,Surgery,2025-04-02,567.79,424.08,143.71
EXP0824,PID0762,Sunrise Health Center,Surgery,2025-04-03,13643.82,5577.13,8066.69
EXP0825,PID0426,Green Valley Medical,Hospitalization,2025-04-04,7189.38,2817.6,4371.78
EXP0826,PID0994,Global Care Hospital,Therapy,2025-04-05,18288.35,2152.28,16136.07
EXP0827,PID0929,Green Valley Medical,Consultation,2025-04-06,12909.9,10222.69,2687.21
EXP0828,PID1005,Global Care Hospital,Therapy,2025-04-07,9764.67,4852.89,4911.78
EXP0829,PID0371,Metro Clinic,Hospitalization,2025-04-08,2448.09,952.15,1495.94
EXP0830,PID0594,Metro Clinic,Consultation,2025-04-09,7782.31,2173.73,5608.58
EXP0831,PID0647,Global Care Hospital,Therapy,2025-04-10,7960.92,2122.12,5838.8
EXP0832,PID0456,Green Valley Medical,Medication,2025-04-11,7850.47,6561.56,1288.91
EXP0833,PID0676,Global Care Hospital,Therapy,2025-04-12,1807.07,1611.28,195.79
EXP0834,PID0625,Sunrise Health Center,Medication,2025-04-13,5802.06,1751.97,4050.09
EXP0835,PID0053,City Hospital,Surgery,2025-04-14,18735.83,16741.06,1994.77
EXP0836,PID0608,Metro Clinic,Surgery,2025-04-15,11024.49,4514.56,6509.93
EXP0837,PID0277,Sunrise Health Center,Hospitalization,2025-04-16,7469.86,3948.59,3521.27
EXP0838,PID0630,Global Care Hospital,Diagnostics,2025-04-17,8485.7,4200.12,4285.58
EXP0839,PID0921,Metro Clinic,Consultation,2025-04-18,16326.69,2639.86,13686.83
EXP0840,PID0545,Global Care Hospital,Consultation,2025-04-19,1106.84,347.12,759.72
EXP0841,PID0605,Metro Clinic,Surgery,2025-04-20,11709.16,4693.07,7016.09
EXP0842,PID0589,City Hospital,Therapy,2025-04-21,19783.21,2608.18,17175.03
EXP0843,PID0291,City Hospital,Consultation,2025-04-22,17614.42,10584.85,7029.57
EXP0844,PID0210,Green Valley Medical,Medication,2025-04-23,2597.02,1595.52,1001.5
EXP0845,PID0747,Green Valley Medical,Consultation,2025-04-24,7694.16,6185.48,1508.68
EXP0846,PID0876,Metro Clinic,Medication,2025-04-25,757.49,454.49,303.0
EXP0847,PID0847,Green Valley Medical,Surgery,2025-04-26,382.68,343.86,38.82
EXP0848,PID0460,Metro Clinic,Hospitalization,2025-04-27,15967.15,5549.95,10417.2
EXP0849,PID0029,Sunrise Health Center,Diagnostics,2025-04-28,9881.82,8592.46,1289.36
EXP0850,PID0483,City Hospital,Diagnostics,2025-04-29,8361.55,6393.22,1968.33
EXP0851,PID0033,Global Care Hospital,Diagnostics,2025-04-30,7593.78,6694.35,899.43
EXP0852,PID1001,City Hospital,Surgery,2025-05-01,12877.43,5502.0,7375.43
EXP0853,PID0372,Sunrise Health Center,Diagnostics,2025-05-02,13977.7,6652.18,7325.52
EXP0854,PID0972,Global Care Hospital,Therapy,2025-05-03,6412.42,4472.6,1939.82
EXP0855,PID0206,Green Valley Medical,Therapy,2025-05-04,5976.96,1702.13,4274.83
EXP0856,PID0866,Global Care Hospital,Therapy,2025-05-05,13992.07,1808.89,12183.18
EXP0857,PID0388,Global Care Hospital,Hospitalization,2025-05-06,16414.09,4442.5,11971.59
EXP0858,PID0189,City Hospital,Surgery,2025-05-07,15522.19,2970.39,12551.8
EXP0859,PID0039,Sunrise Health Center,Hospitalization,2025-05-08,19570.93,6982.71,12588.22
EXP0860,PID0335,Green Valley Medical,Hospitalization,2025-05-09,5877.22,4504.38,1372.84
EXP0861,PID0183,Metro Clinic,Surgery,2025-05-10,17054.27,11942.22,5112.05
EXP0862,PID0848,Global Care Hospital,Hospitalization,2025-05-11,19544.17,2378.86,17165.31
EXP0863,PID0378,Sunrise Health Center,Consultation,2025-05-12,8942.13,5749.67,3192.46
EXP0864,PID0602,Sunrise Health Center,Therapy,2025-05-13,4035.58,3536.16,499.42
EXP0865,PID0864,City Hospital,Therapy,2025-05-14,9466.85,7989.85,1477.0
EXP0866,PID0052,Sunrise Health Center,Consultation,2025-05-15,989.79,529.75,460.04
EXP0867,PID0516,Metro Clinic,Medication,2025-05-16,5748.15,1582.23,4165.92
EXP0868,PID0080,Green Valley Medical,Hospitalization,2025-05-17,1940.76,1663.79,276.97
EXP0869,PID0300,City Hospital,Consultation,2025-05-18,13477.81,9794.23,3683.58
EXP0870,PID0686,Sunrise Health Center,Hospitalization,2025-05-19,14377.72,4878.52,9499.2
EXP0871,PID0026,Metro Clinic,Surgery,2025-05-20,8218.97,3908.29,4310.68
EXP0872,PID0942,Metro Clinic,Hospitalization,2025-05-21,6854.22,4558.0,2296.22
EXP0873,PID0302,Sunrise Health Center,Hospitalization,2025-05-22,1758.61,1223.07,535.54
EXP0874,PID0841,Green Valley Medical,Medication,2025-05-23,7117.93,2046.97,5070.96
EXP0875,PID0579,Metro Clinic,Surgery,2025-05-24,10793.55,8692.25,2101.3
EXP0876,PID0558,City Hospital,Medication,2025-05-25,3775.36,1434.75,2340.61
EXP0877,PID0963,Global Care Hospital,Surgery,2025-05-26,12117.83,3749.38,8368.45
EXP0878,PID0034,Green Valley Medical,Medication,2025-05-27,19799.34,6347.54,13451.8
EXP0879,PID0735,Global Care Hospital,Therapy,2025-05-28,7927.77,2607.21,5320.56
EXP0880,PID0020,Green Valley Medical,Therapy,2025-05-29,19072.98,2187.75,16885.23
EXP0881,PID0840,Metro Clinic,Hospitalization,2025-05-30,18680.23,3237.9,15442.33
EXP0882,PID0032,Metro Clinic,Consultation,2025-05-31,17574.12,4114.35,13459.77
EXP0883,PID0185,Sunrise Health Center,Medication,2025-06-01,11251.54,4986.85,6264.69
EXP0884,PID0538,Metro Clinic,Diagnostics,2025-06-02,14734.04,7056.21,7677.83
EXP0885,PID0238,Metro Clinic,Consultation,2025-06-03,15802.31,4253.26,11549.05
EXP0886,PID0714,Metro Clinic,Medication,2025-06-04,18568.55,9230.84,9337.71
EXP0887,PID0418,Metro Clinic,Medication,2025-06-05,17672.79,13961.63,3711.16
EXP0888,PID0622,Sunrise Health Center,Hospitalization,2025-06-06,11424.27,4636.69,6787.58
EXP0889,PID0561,Metro Clinic,Therapy,2025-06-07,443.49,325.76,117.73
EXP0890,PID0020,Metro Clinic,Consultation,2025-06-08,3674.55,1621.77,2052.78
EXP0891,PID0170,Green Valley Medical,Therapy,2025-06-09,4845.55,1402.05,3443.5
EXP0892,PID0022,Sunrise Health Center,Therapy,2025-06-10,10133.78,6345.61,3788.17
EXP0893,PID0157,City Hospital,Surgery,2025-06-11,8893.43,6866.87,2026.56
EXP0894,PID0428,Metro Clinic,Surgery,2025-06-12,366.41,99.12,267.29
EXP0895,PID0289,Global Care Hospital,Surgery,2025-06-13,9969.32,4170.84,5798.48
EXP0896,PID0027,Green Valley Medical,Hospitalization,2025-06-14,1625.15,991.02,634.13
EXP0897,PID0642,Metro Clinic,Therapy,2025-06-15,7532.6,1837.12,5695.48
EXP0898,PID0214,Global Care Hospital,Hospitalization,2025-06-16,18767.44,9150.32,9617.12
EXP0899,PID0626,Sunrise Health Center,Medication,2025-06-17,16761.71,5599.64,11162.07
EXP0900,PID0345,Sunrise Health Center,Therapy,2025-06-18,13084.79,9948.99,3135.8
EXP0901,PID0985,Metro Clinic,Hospitalization,2025-06-19,19040.98,10426.4,8614.58
EXP0902,PID0059,Metro Clinic,Consultation,2025-06-20,14274.66,10612.99,3661.67
EXP0903,PID0247,Global Care Hospital,Consultation,2025-06-21,11346.74,6108.51,5238.23
EXP0904,PID0899,Sunrise Health Center,Surgery,2025-06-22,1669.06,1325.93,343.13
EXP0905,PID0255,Global Care Hospital,Diagnostics,2025-06-23,1596.24,1350.75,245.49
EXP0906,PID0932,Metro Clinic,Consultation,2025-06-24,5230.51,4236.33,994.18
EXP0907,PID0439,Metro Clinic,Surgery,2025-06-25,10989.57,5561.53,5428.04
EXP0908,PID0542,Sunrise Health Center,Diagnostics,2025-06-26,16836.09,4100.2,12735.89
EXP0909,PID0700,Green Valley Medical,Medication,2025-06-27,11638.47,5028.54,6609.93
EXP0910,PID0367,Global Care Hospital,Diagnostics,2025-06-28,8387.91,5319.61,3068.3
EXP0911,PID0602,Sunrise Health Center,Consultation,2025-06-29,18459.3,16273.79,2185.51
EXP0912,PID0971,Global Care Hospital,Therapy,2025-06-30,18795.28,13948.75,4846.53
EXP0913,PID0329,Green Valley Medical,Consultation,2025-07-01,4895.96,1763.14,3132.82
EXP0914,PID0358,Sunrise Health Center,Hospitalization,2025-07-02,6774.75,1844.06,4930.69
EXP0915,PID0399,Green Valley Medical,Medication,2025-07-03,3362.98,935.17,2427.81
EXP0916,PID0653,Sunrise Health Center,Consultation,2025-07-04,1696.53,550.53,1146.0
EXP0917,PID0121,Global Care Hospital,Surgery,2025-07-05,6909.92,4811.31,2098.61
EXP0918,PID0630,Green Valley Medical,Consultation,2025-07-06,1687.12,1396.52,290.6
EXP0919,PID0141,Metro Clinic,Consultation,2025-07-07,1354.69,1059.39,295.3
EXP0920,PID0754,Metro Clinic,Medication,2025-07-08,16387.63,3415.35,12972.28
EXP0921,PID0670,Metro Clinic,Surgery,2025-07-09,17700.74,8384.87,9315.87
EXP0922,PID0670,Sunrise Health Center,Therapy,2025-07-10,2398.47,681.3,1717.17
EXP0923,PID0251,Metro Clinic,Surgery,2025-07-11,11409.71,4543.43,6866.28
EXP0924,PID0213,Green Valley Medical,Therapy,2025-07-12,5554.76,2357.8,3196.96
EXP0925,PID0164,Green Valley Medical,Medication,2025-07-13,16957.7,1996.35,14961.35
EXP0926,PID0208,Sunrise Health Center,Medication,2025-07-14,2435.19,1608.11,827.08
EXP0927,PID0960,Metro Clinic,Therapy,2025-07-15,12742.94,2853.51,9889.43
EXP0928,PID0282,Sunrise Health Center,Medication,2025-07-16,12607.23,7335.97,5271.26
EXP0929,PID0004,Metro Clinic,Medication,2025-07-17,15213.68,10351.39,4862.29
EXP0930,PID0102,Green Valley Medical,Diagnostics,2025-07-18,7648.84,5344.08,2304.76
EXP0931,PID0009,Sunrise Health Center,Therapy,2025-07-19,701.18,163.9,537.28
EXP0932,PID0718,City Hospital,Surgery,2025-07-20,14701.69,10601.58,4100.11
EXP0933,PID0605,Global Care Hospital,Diagnostics,2025-07-21,7479.5,2086.23,5393.27
EXP0934,PID0205,Green Valley Medical,Consultation,2025-07-22,3386.56,2278.77,1107.79
EXP0935,PID0543,Sunrise Health Center,Therapy,2025-07-23,7498.65,6468.81,1029.84
EXP0936,PID0871,Metro Clinic,Hospitalization,2025-07-24,576.85,479.91,96.94
EXP0937,PID0860,Metro Clinic,Surgery,2025-07-25,16790.31,6762.32,10027.99
EXP0938,PID0434,Metro Clinic,Hospitalization,2025-07-26,8031.68,1312.41,6719.27
EXP0939,PID0301,Sunrise Health Center,Surgery,2025-07-27,19259.64,12148.12,7111.52
EXP0940,PID0334,Global Care Hospital,Hospitalization,2025-07-28,13773.7,4720.61,9053.09
EXP0941,PID1008,Metro Clinic,Consultation,2025-07-29,10399.3,6668.63,3730.67
EXP0942,PID0500,Global Care Hospital,Hospitalization,2025-07-30,1573.96,249.2,1324.76
EXP0943,PID0558,Metro Clinic,Medication,2025-07-31,5475.01,3072.15,2402.86
EXP0944,PID0966,Green Valley Medical,Diagnostics,2025-08-01,9449.56,7745.81,1703.75
EXP0945,PID0074,Green Valley Medical,Therapy,2025-08-02,12841.11,2685.65,10155.46
EXP0946,PID0938,Green Valley Medical,Hospitalization,2025-08-03,9154.9,5597.88,3557.02
EXP0947,PID0446,City Hospital,Hospitalization,2025-08-04,11745.79,2871.82,8873.97
EXP0948,PID0226,Global Care Hospital,Surgery,2025-08-05,5334.16,795.9,4538.26
EXP0949,PID0088,Green Valley Medical,Hospitalization,2025-08-06,5343.7,2237.37,3106.33
EXP0950,PID0113,Global Care Hospital,Diagnostics,2025-08-07,7689.65,5334.7,2354.95
