Coffee Type,Roast Type,Size,Unit Price,Sales,Coffee Type Name,Roast Type Name,Loyalty Card
Rob,M,1.0 kg, $9.95 , $19.90 ,Robusta,Medium,Yes
Exc,M,0.5 kg, $8.25 , $41.25 ,Excelsa,Medium,Yes
Ara,L,1.0 kg, $12.95 , $12.95 ,Arabica,Light,Yes
Exc,M,1.0 kg, $13.75 , $27.50 ,Excelsa,Medium,No
Rob,L,2.5 kg, $27.49 , $54.97 ,Robusta,Light,No
Lib,D,1.0 kg, $12.95 , $38.85 ,Liberica,Dark,No
Exc,D,0.5 kg, $7.29 , $21.87 ,Excelsa,Dark,Yes
Lib,L,0.2 kg, $4.76 , $4.76 ,Liberica,Light,Yes
Rob,M,0.5 kg, $5.97 , $17.91 ,Robusta,Medium,No
Rob,M,0.5 kg, $5.97 , $5.97 ,Robusta,Medium,No
Ara,D,1.0 kg, $9.95 , $39.80 ,Arabica,Dark,No
Exc,L,2.5 kg, $34.16 , $170.78 ,Excelsa,Light,Yes
Rob,M,1.0 kg, $9.95 , $49.75 ,Robusta,Medium,No
Rob,D,2.5 kg, $20.59 , $41.17 ,Robusta,Dark,No
Lib,D,0.2 kg, $3.89 , $11.66 ,Liberica,Dark,Yes
Rob,M,2.5 kg, $22.89 , $114.43 ,Robusta,Medium,No
Ara,M,0.2 kg, $3.38 , $20.25 ,Arabica,Medium,No
Ara,L,1.0 kg, $12.95 , $77.70 ,Arabica,Light,No
Rob,D,2.5 kg, $20.59 , $82.34 ,Robusta,Dark,Yes
Ara,M,0.2 kg, $3.38 , $16.88 ,Arabica,Medium,Yes
Exc,D,0.2 kg, $3.65 , $14.58 ,Excelsa,Dark,Yes
Ara,D,0.2 kg, $2.99 , $17.91 ,Arabica,Dark,No
Rob,M,2.5 kg, $22.89 , $91.54 ,Robusta,Medium,Yes
Ara,D,0.2 kg, $2.99 , $11.94 ,Arabica,Dark,Yes
Ara,M,1.0 kg, $11.25 , $11.25 ,Arabica,Medium,No
Exc,M,0.2 kg, $4.13 , $12.38 ,Excelsa,Medium,Yes
Ara,M,0.5 kg, $6.75 , $27.00 ,Arabica,Medium,Yes
Ara,M,0.2 kg, $3.38 , $16.88 ,Arabica,Medium,No
Ara,D,0.5 kg, $5.97 , $17.91 ,Arabica,Dark,No
Ara,D,1.0 kg, $9.95 , $39.80 ,Arabica,Dark,Yes
Lib,M,0.2 kg, $4.37 , $21.83 ,Liberica,Medium,No
Ara,D,0.5 kg, $5.97 , $35.82 ,Arabica,Dark,No
Lib,M,0.5 kg, $8.73 , $52.38 ,Liberica,Medium,No
Lib,L,0.2 kg, $4.76 , $23.78 ,Liberica,Light,No
Lib,L,0.5 kg, $9.51 , $57.06 ,Liberica,Light,Yes
Ara,D,0.5 kg, $5.97 , $35.82 ,Arabica,Dark,No
Lib,M,0.2 kg, $4.37 , $8.73 ,Liberica,Medium,No
Lib,L,0.5 kg, $9.51 , $28.53 ,Liberica,Light,No
Rob,M,2.5 kg, $22.89 , $114.43 ,Robusta,Medium,No
Rob,M,1.0 kg, $9.95 , $59.70 ,Robusta,Medium,Yes
Lib,M,1.0 kg, $14.55 , $43.65 ,Liberica,Medium,No
Exc,D,0.2 kg, $3.65 , $7.29 ,Excelsa,Dark,Yes
Rob,D,0.2 kg, $2.69 , $8.06 ,Robusta,Dark,Yes
Lib,L,2.5 kg, $36.46 , $72.91 ,Liberica,Light,No
Exc,M,0.5 kg, $8.25 , $16.50 ,Excelsa,Medium,Yes
Lib,D,2.5 kg, $29.79 , $178.71 ,Liberica,Dark,No
Exc,M,2.5 kg, $31.63 , $63.25 ,Excelsa,Medium,Yes
Ara,L,0.2 kg, $3.89 , $7.77 ,Arabica,Light,Yes
Ara,D,2.5 kg, $22.89 , $91.54 ,Arabica,Dark,No
Ara,L,1.0 kg, $12.95 , $38.85 ,Arabica,Light,No
Lib,D,0.5 kg, $7.77 , $15.54 ,Liberica,Dark,No
Lib,L,2.5 kg, $36.46 , $145.82 ,Liberica,Light,Yes
Rob,M,0.5 kg, $5.97 , $29.85 ,Robusta,Medium,No
Lib,L,2.5 kg, $36.46 , $72.91 ,Liberica,Light,No
Lib,M,1.0 kg, $14.55 , $72.75 ,Liberica,Medium,No
Lib,L,1.0 kg, $15.85 , $47.55 ,Liberica,Light,No
Exc,D,0.2 kg, $3.65 , $10.94 ,Excelsa,Dark,Yes
Exc,L,1.0 kg, $14.85 , $59.40 ,Excelsa,Light,No
Lib,D,2.5 kg, $29.79 , $89.36 ,Liberica,Dark,Yes
Lib,M,0.5 kg, $8.73 , $26.19 ,Liberica,Medium,Yes
Ara,D,2.5 kg, $22.89 , $114.43 ,Arabica,Dark,No
Rob,D,0.5 kg, $5.37 , $26.85 ,Robusta,Dark,Yes
Lib,L,0.2 kg, $4.76 , $23.78 ,Liberica,Light,Yes
Ara,M,0.5 kg, $6.75 , $6.75 ,Arabica,Medium,No
Rob,M,0.5 kg, $5.97 , $35.82 ,Robusta,Medium,Yes
Rob,D,2.5 kg, $20.59 , $82.34 ,Robusta,Dark,Yes
Rob,L,0.5 kg, $7.17 , $7.17 ,Robusta,Light,Yes
Lib,L,0.2 kg, $4.76 , $9.51 ,Liberica,Light,No
Rob,M,0.2 kg, $2.99 , $2.99 ,Robusta,Medium,No
Rob,M,1.0 kg, $9.95 , $59.70 ,Robusta,Medium,Yes
Exc,L,2.5 kg, $34.16 , $136.62 ,Excelsa,Light,No
Lib,L,0.2 kg, $4.76 , $9.51 ,Liberica,Light,No
Ara,M,2.5 kg, $25.88 , $77.63 ,Arabica,Medium,No
Lib,M,0.2 kg, $4.37 , $21.83 ,Liberica,Medium,Yes
Exc,L,0.5 kg, $8.91 , $17.82 ,Excelsa,Light,Yes
Rob,D,1.0 kg, $8.95 , $53.70 ,Robusta,Dark,Yes
Rob,L,0.2 kg, $3.59 , $3.59 ,Robusta,Light,Yes
Exc,D,0.2 kg, $3.65 , $7.29 ,Excelsa,Dark,No
Ara,M,0.5 kg, $6.75 , $40.50 ,Arabica,Medium,Yes
Rob,L,1.0 kg, $11.95 , $47.80 ,Robusta,Light,No
Ara,L,0.5 kg, $7.77 , $38.85 ,Arabica,Light,Yes
Lib,L,2.5 kg, $36.46 , $109.37 ,Liberica,Light,Yes
Lib,M,2.5 kg, $33.47 , $100.40 ,Liberica,Medium,Yes
Rob,D,2.5 kg, $20.59 , $82.34 ,Robusta,Dark,Yes
Lib,L,0.5 kg, $9.51 , $9.51 ,Liberica,Light,No
Ara,L,2.5 kg, $29.79 , $89.36 ,Arabica,Light,No
Ara,D,0.2 kg, $2.99 , $11.94 ,Arabica,Dark,No
Ara,M,1.0 kg, $11.25 , $33.75 ,Arabica,Medium,No
Rob,L,1.0 kg, $11.95 , $35.85 ,Robusta,Light,No
Ara,L,1.0 kg, $12.95 , $77.70 ,Arabica,Light,No
Ara,L,1.0 kg, $12.95 , $51.80 ,Arabica,Light,Yes
Ara,M,2.5 kg, $25.88 , $103.50 ,Arabica,Medium,No
Exc,L,1.0 kg, $14.85 , $44.55 ,Excelsa,Light,Yes
Exc,L,0.5 kg, $8.91 , $35.64 ,Excelsa,Light,Yes
Ara,D,0.2 kg, $2.99 , $17.91 ,Arabica,Dark,Yes
Ara,M,2.5 kg, $25.88 , $155.25 ,Arabica,Medium,No
Ara,D,0.2 kg, $2.99 , $5.97 ,Arabica,Dark,No
Ara,M,0.5 kg, $6.75 , $13.50 ,Arabica,Medium,No
Ara,D,0.2 kg, $2.99 , $2.99 ,Arabica,Dark,No
Lib,M,0.2 kg, $4.37 , $13.10 ,Liberica,Medium,Yes
Ara,L,0.2 kg, $3.89 , $7.77 ,Arabica,Light,Yes
Lib,D,2.5 kg, $29.79 , $148.93 ,Liberica,Dark,Yes
Lib,D,1.0 kg, $12.95 , $38.85 ,Liberica,Dark,Yes
Rob,M,0.2 kg, $2.99 , $11.94 ,Robusta,Medium,No
Lib,M,1.0 kg, $14.55 , $87.30 ,Liberica,Medium,No
Ara,M,0.5 kg, $6.75 , $40.50 ,Arabica,Medium,Yes
Exc,D,1.0 kg, $12.15 , $24.30 ,Excelsa,Dark,No
Rob,M,0.5 kg, $5.97 , $17.91 ,Robusta,Medium,Yes
Ara,M,0.5 kg, $6.75 , $27.00 ,Arabica,Medium,No
Lib,D,0.5 kg, $7.77 , $7.77 ,Liberica,Dark,Yes
Exc,L,0.2 kg, $4.46 , $13.37 ,Excelsa,Light,Yes
Rob,D,0.5 kg, $5.37 , $26.85 ,Robusta,Dark,No
Ara,M,1.0 kg, $11.25 , $11.25 ,Arabica,Medium,No
Lib,M,1.0 kg, $14.55 , $14.55 ,Liberica,Medium,No
Rob,L,0.2 kg, $3.59 , $14.34 ,Robusta,Light,No
Lib,L,1.0 kg, $15.85 , $15.85 ,Liberica,Light,No
Lib,L,0.2 kg, $4.76 , $19.02 ,Liberica,Light,Yes
Lib,L,0.5 kg, $9.51 , $38.04 ,Liberica,Light,No
Exc,D,0.5 kg, $7.29 , $21.87 ,Excelsa,Dark,Yes
Exc,M,0.2 kg, $4.13 , $4.13 ,Excelsa,Medium,No
Ara,L,0.2 kg, $3.89 , $3.89 ,Arabica,Light,No
Exc,M,1.0 kg, $13.75 , $68.75 ,Excelsa,Medium,No
Ara,D,0.5 kg, $5.97 , $23.88 ,Arabica,Dark,Yes
Lib,L,2.5 kg, $36.46 , $145.82 ,Liberica,Light,No
Lib,M,0.2 kg, $4.37 , $21.83 ,Liberica,Medium,Yes
Lib,M,0.5 kg, $8.73 , $26.19 ,Liberica,Medium,Yes
Ara,M,1.0 kg, $11.25 , $11.25 ,Arabica,Medium,No
Lib,D,1.0 kg, $12.95 , $77.70 ,Liberica,Dark,No
Ara,M,0.5 kg, $6.75 , $6.75 ,Arabica,Medium,No
Exc,D,1.0 kg, $12.15 , $12.15 ,Excelsa,Dark,Yes
Ara,L,2.5 kg, $29.79 , $148.93 ,Arabica,Light,Yes
Exc,D,0.5 kg, $7.29 , $14.58 ,Excelsa,Dark,Yes
Ara,L,2.5 kg, $29.79 , $148.93 ,Arabica,Light,Yes
Lib,D,1.0 kg, $12.95 , $12.95 ,Liberica,Dark,No
Exc,M,2.5 kg, $31.63 , $94.88 ,Excelsa,Medium,Yes
Ara,L,0.5 kg, $7.77 , $38.85 ,Arabica,Light,Yes
Ara,D,0.2 kg, $2.99 , $11.94 ,Arabica,Dark,No
Exc,L,2.5 kg, $34.16 , $102.47 ,Excelsa,Light,No
Exc,D,1.0 kg, $12.15 , $48.60 ,Excelsa,Dark,No
Lib,D,1.0 kg, $12.95 , $77.70 ,Liberica,Dark,Yes
Lib,D,2.5 kg, $29.79 , $29.79 ,Liberica,Dark,Yes
Ara,L,0.2 kg, $3.89 , $15.54 ,Arabica,Light,Yes
Exc,L,2.5 kg, $34.16 , $136.62 ,Excelsa,Light,Yes
Lib,M,0.5 kg, $8.73 , $17.46 ,Liberica,Medium,No
Exc,L,2.5 kg, $34.16 , $68.31 ,Excelsa,Light,Yes
Lib,M,0.2 kg, $4.37 , $17.46 ,Liberica,Medium,No
Lib,M,1.0 kg, $14.55 , $43.65 ,Liberica,Medium,No
Exc,M,1.0 kg, $13.75 , $27.50 ,Excelsa,Medium,No
Exc,D,0.2 kg, $3.65 , $18.23 ,Excelsa,Dark,Yes
Ara,M,2.5 kg, $25.88 , $51.75 ,Arabica,Medium,Yes
Lib,D,1.0 kg, $12.95 , $12.95 ,Liberica,Dark,Yes
Ara,M,1.0 kg, $11.25 , $33.75 ,Arabica,Medium,Yes
Rob,M,2.5 kg, $22.89 , $68.66 ,Robusta,Medium,Yes
Rob,D,0.2 kg, $2.69 , $2.69 ,Robusta,Dark,No
Ara,D,2.5 kg, $22.89 , $114.43 ,Arabica,Dark,No
Ara,M,2.5 kg, $25.88 , $155.25 ,Arabica,Medium,Yes
Ara,M,2.5 kg, $25.88 , $77.63 ,Arabica,Medium,Yes
Rob,D,2.5 kg, $20.59 , $61.76 ,Robusta,Dark,No
Rob,D,2.5 kg, $20.59 , $123.51 ,Robusta,Dark,Yes
Lib,L,2.5 kg, $36.46 , $218.73 ,Liberica,Light,No
Exc,M,0.5 kg, $8.25 , $33.00 ,Excelsa,Medium,No
Ara,L,0.5 kg, $7.77 , $23.31 ,Arabica,Light,No
Exc,D,0.5 kg, $7.29 , $21.87 ,Excelsa,Dark,Yes
Rob,D,0.2 kg, $2.69 , $16.11 ,Robusta,Dark,No
Exc,D,0.5 kg, $7.29 , $29.16 ,Excelsa,Dark,No
Rob,D,1.0 kg, $8.95 , $53.70 ,Robusta,Dark,Yes
Rob,D,0.5 kg, $5.37 , $26.85 ,Robusta,Dark,Yes
Exc,M,0.5 kg, $8.25 , $41.25 ,Excelsa,Medium,Yes
Ara,M,0.5 kg, $6.75 , $40.50 ,Arabica,Medium,No
Rob,D,1.0 kg, $8.95 , $17.90 ,Robusta,Dark,No
Exc,L,2.5 kg, $34.16 , $68.31 ,Excelsa,Light,No
Exc,M,2.5 kg, $31.63 , $63.25 ,Excelsa,Medium,Yes
Exc,D,0.5 kg, $7.29 , $21.87 ,Excelsa,Dark,No
Rob,M,2.5 kg, $22.89 , $91.54 ,Robusta,Medium,No
Exc,L,2.5 kg, $34.16 , $204.93 ,Excelsa,Light,Yes
Exc,M,2.5 kg, $31.63 , $63.25 ,Excelsa,Medium,Yes
Exc,L,2.5 kg, $34.16 , $34.16 ,Excelsa,Light,Yes
Rob,L,2.5 kg, $27.49 , $109.94 ,Robusta,Light,Yes
Ara,L,1.0 kg, $12.95 , $25.90 ,Arabica,Light,No
Ara,D,0.2 kg, $2.99 , $2.99 ,Arabica,Dark,No
Exc,L,0.2 kg, $4.46 , $22.28 ,Excelsa,Light,No
Ara,D,0.5 kg, $5.97 , $29.85 ,Arabica,Dark,No
Rob,D,0.5 kg, $5.37 , $32.22 ,Robusta,Dark,No
Exc,M,0.2 kg, $4.13 , $8.25 ,Excelsa,Medium,No
Ara,L,0.5 kg, $7.77 , $31.08 ,Arabica,Light,No
Exc,D,0.5 kg, $7.29 , $36.45 ,Excelsa,Dark,Yes
Rob,M,2.5 kg, $22.89 , $68.66 ,Robusta,Medium,No
Lib,M,0.5 kg, $8.73 , $43.65 ,Liberica,Medium,Yes
Exc,L,0.2 kg, $4.46 , $4.46 ,Excelsa,Light,Yes
Lib,M,1.0 kg, $14.55 , $43.65 ,Liberica,Medium,Yes
Lib,M,2.5 kg, $33.47 , $33.47 ,Liberica,Medium,Yes
Lib,D,0.2 kg, $3.89 , $19.43 ,Liberica,Dark,Yes
Exc,D,1.0 kg, $12.15 , $72.90 ,Excelsa,Dark,Yes
Exc,L,1.0 kg, $14.85 , $44.55 ,Excelsa,Light,No
Exc,D,0.5 kg, $7.29 , $36.45 ,Excelsa,Dark,No
Ara,L,1.0 kg, $12.95 , $38.85 ,Arabica,Light,No
Exc,L,0.5 kg, $8.91 , $53.46 ,Excelsa,Light,No
Lib,D,2.5 kg, $29.79 , $59.57 ,Liberica,Dark,No
Lib,D,2.5 kg, $29.79 , $89.36 ,Liberica,Dark,No
Lib,L,0.5 kg, $9.51 , $38.04 ,Liberica,Light,No
Exc,M,1.0 kg, $13.75 , $41.25 ,Excelsa,Medium,No
Lib,L,0.5 kg, $9.51 , $57.06 ,Liberica,Light,No
Lib,D,2.5 kg, $29.79 , $178.71 ,Liberica,Dark,Yes
Lib,L,0.2 kg, $4.76 , $4.76 ,Liberica,Light,No
Exc,M,1.0 kg, $13.75 , $82.50 ,Excelsa,Medium,No
Rob,D,0.2 kg, $2.69 , $8.06 ,Robusta,Dark,Yes
Ara,M,1.0 kg, $11.25 , $22.50 ,Arabica,Medium,No
Ara,M,0.5 kg, $6.75 , $40.50 ,Arabica,Medium,Yes
Exc,D,0.5 kg, $7.29 , $29.16 ,Excelsa,Dark,Yes
Ara,M,0.5 kg, $6.75 , $6.75 ,Arabica,Medium,No
Lib,D,1.0 kg, $12.95 , $51.80 ,Liberica,Dark,Yes
Exc,L,0.5 kg, $8.91 , $53.46 ,Excelsa,Light,No
Exc,D,0.2 kg, $3.65 , $14.58 ,Excelsa,Dark,Yes
Rob,D,2.5 kg, $20.59 , $20.59 ,Robusta,Dark,No
Lib,L,1.0 kg, $15.85 , $31.70 ,Liberica,Light,No
Lib,D,0.2 kg, $3.89 , $23.31 ,Liberica,Dark,No
Lib,M,1.0 kg, $14.55 , $58.20 ,Liberica,Medium,Yes
Exc,L,0.5 kg, $8.91 , $35.64 ,Excelsa,Light,No
Ara,M,1.0 kg, $11.25 , $56.25 ,Arabica,Medium,Yes
Rob,L,0.2 kg, $3.59 , $10.76 ,Robusta,Light,No
Rob,M,0.2 kg, $2.99 , $14.93 ,Robusta,Medium,No
Ara,L,1.0 kg, $12.95 , $77.70 ,Arabica,Light,Yes
Lib,D,0.5 kg, $7.77 , $23.31 ,Liberica,Dark,No
Exc,L,1.0 kg, $14.85 , $59.40 ,Excelsa,Light,Yes
Lib,D,2.5 kg, $29.79 , $119.14 ,Liberica,Dark,Yes
Rob,L,0.2 kg, $3.59 , $14.34 ,Robusta,Light,No
Ara,M,2.5 kg, $25.88 , $129.38 ,Arabica,Medium,No
Rob,D,0.2 kg, $2.69 , $16.11 ,Robusta,Dark,Yes
Rob,L,0.2 kg, $3.59 , $17.93 ,Robusta,Light,No
Lib,M,0.2 kg, $4.37 , $8.73 ,Liberica,Medium,No
Ara,M,2.5 kg, $25.88 , $51.75 ,Arabica,Medium,No
Lib,M,0.2 kg, $4.37 , $8.73 ,Liberica,Medium,Yes
Lib,L,0.2 kg, $4.76 , $23.78 ,Liberica,Light,No
Exc,M,0.2 kg, $4.13 , $20.63 ,Excelsa,Medium,No
Lib,L,2.5 kg, $36.46 , $36.46 ,Liberica,Light,No
Lib,L,2.5 kg, $36.46 , $182.28 ,Liberica,Light,No
Lib,D,2.5 kg, $29.79 , $89.36 ,Liberica,Dark,No
Rob,L,0.2 kg, $3.59 , $3.59 ,Robusta,Light,Yes
Rob,M,2.5 kg, $22.89 , $45.77 ,Robusta,Medium,Yes
Exc,L,1.0 kg, $14.85 , $59.40 ,Excelsa,Light,No
Ara,M,2.5 kg, $25.88 , $155.25 ,Arabica,Medium,Yes
Rob,M,2.5 kg, $22.89 , $45.77 ,Robusta,Medium,No
Exc,D,1.0 kg, $12.15 , $36.45 ,Excelsa,Dark,Yes
Exc,D,0.5 kg, $7.29 , $29.16 ,Excelsa,Dark,Yes
Lib,M,2.5 kg, $33.47 , $133.86 ,Liberica,Medium,No
Lib,L,0.2 kg, $4.76 , $23.78 ,Liberica,Light,Yes
Lib,D,1.0 kg, $12.95 , $38.85 ,Liberica,Dark,No
Rob,L,0.2 kg, $3.59 , $21.51 ,Robusta,Light,Yes
Ara,D,1.0 kg, $9.95 , $9.95 ,Arabica,Dark,Yes
Lib,L,1.0 kg, $15.85 , $15.85 ,Liberica,Light,Yes
Rob,M,0.2 kg, $2.99 , $2.99 ,Robusta,Medium,Yes
Exc,M,1.0 kg, $13.75 , $68.75 ,Excelsa,Medium,Yes
Ara,D,1.0 kg, $9.95 , $29.85 ,Arabica,Dark,No
Lib,M,1.0 kg, $14.55 , $58.20 ,Liberica,Medium,No
Rob,L,0.5 kg, $7.17 , $28.68 ,Robusta,Light,No
Rob,L,0.5 kg, $7.17 , $21.51 ,Robusta,Light,No
Lib,M,0.5 kg, $8.73 , $17.46 ,Liberica,Medium,Yes
Exc,D,2.5 kg, $27.95 , $27.95 ,Excelsa,Dark,Yes
Exc,D,2.5 kg, $27.95 , $139.73 ,Excelsa,Dark,No
Rob,M,0.2 kg, $2.99 , $5.97 ,Robusta,Medium,No
Rob,L,2.5 kg, $27.49 , $27.49 ,Robusta,Light,Yes
Rob,L,1.0 kg, $11.95 , $59.75 ,Robusta,Light,Yes
Exc,M,1.0 kg, $13.75 , $41.25 ,Excelsa,Medium,No
Lib,M,2.5 kg, $33.47 , $133.86 ,Liberica,Medium,No
Rob,L,1.0 kg, $11.95 , $59.75 ,Robusta,Light,Yes
Ara,D,0.5 kg, $5.97 , $5.97 ,Arabica,Dark,Yes
Exc,D,1.0 kg, $12.15 , $24.30 ,Excelsa,Dark,No
Exc,D,0.2 kg, $3.65 , $21.87 ,Excelsa,Dark,Yes
Ara,D,1.0 kg, $9.95 , $19.90 ,Arabica,Dark,Yes
Ara,D,0.2 kg, $2.99 , $5.97 ,Arabica,Dark,No
Exc,D,0.5 kg, $7.29 , $7.29 ,Excelsa,Dark,Yes
Ara,D,0.2 kg, $2.99 , $11.94 ,Arabica,Dark,Yes
Rob,L,1.0 kg, $11.95 , $71.70 ,Robusta,Light,Yes
Ara,L,0.2 kg, $3.89 , $7.77 ,Arabica,Light,No
Ara,M,2.5 kg, $25.88 , $25.88 ,Arabica,Medium,No
Exc,L,2.5 kg, $34.16 , $204.93 ,Excelsa,Light,No
Rob,L,2.5 kg, $27.49 , $109.94 ,Robusta,Light,Yes
Exc,L,1.0 kg, $14.85 , $89.10 ,Excelsa,Light,No
Ara,L,0.2 kg, $3.89 , $7.77 ,Arabica,Light,Yes
Lib,M,2.5 kg, $33.47 , $33.47 ,Liberica,Medium,Yes
Exc,M,0.5 kg, $8.25 , $41.25 ,Excelsa,Medium,Yes
Exc,L,1.0 kg, $14.85 , $59.40 ,Excelsa,Light,Yes
Ara,L,0.5 kg, $7.77 , $7.77 ,Arabica,Light,No
Rob,D,0.5 kg, $5.37 , $5.37 ,Robusta,Dark,Yes
Exc,M,2.5 kg, $31.63 , $94.88 ,Excelsa,Medium,No
Lib,L,2.5 kg, $36.46 , $36.46 ,Liberica,Light,No
Ara,M,0.2 kg, $3.38 , $13.50 ,Arabica,Medium,Yes
Rob,L,0.2 kg, $3.59 , $14.34 ,Robusta,Light,No
Exc,M,0.5 kg, $8.25 , $8.25 ,Excelsa,Medium,Yes
Rob,D,0.2 kg, $2.69 , $13.43 ,Robusta,Dark,Yes
Ara,D,1.0 kg, $9.95 , $49.75 ,Arabica,Dark,No
Exc,M,0.5 kg, $8.25 , $16.50 ,Excelsa,Medium,No
Ara,D,0.5 kg, $5.97 , $17.91 ,Arabica,Dark,No
Ara,D,0.5 kg, $5.97 , $29.85 ,Arabica,Dark,No
Exc,L,1.0 kg, $14.85 , $44.55 ,Excelsa,Light,No
Exc,M,1.0 kg, $13.75 , $27.50 ,Excelsa,Medium,No
Rob,M,0.5 kg, $5.97 , $35.82 ,Robusta,Medium,Yes
Rob,D,0.5 kg, $5.37 , $16.11 ,Robusta,Dark,Yes
Exc,L,0.2 kg, $4.46 , $26.73 ,Excelsa,Light,Yes
Exc,L,2.5 kg, $34.16 , $204.93 ,Excelsa,Light,Yes
Ara,L,1.0 kg, $12.95 , $38.85 ,Arabica,Light,Yes
Lib,D,0.2 kg, $3.89 , $15.54 ,Liberica,Dark,Yes
Ara,M,0.5 kg, $6.75 , $6.75 ,Arabica,Medium,No
Exc,D,2.5 kg, $27.95 , $111.78 ,Excelsa,Dark,Yes
Ara,L,0.2 kg, $3.89 , $3.89 ,Arabica,Light,Yes
Lib,M,0.2 kg, $4.37 , $21.83 ,Liberica,Medium,No
Rob,M,0.2 kg, $2.99 , $14.93 ,Robusta,Medium,No
Ara,M,1.0 kg, $11.25 , $33.75 ,Arabica,Medium,Yes
Ara,M,1.0 kg, $11.25 , $33.75 ,Arabica,Medium,No
Lib,M,0.2 kg, $4.37 , $26.19 ,Liberica,Medium,Yes
Exc,L,1.0 kg, $14.85 , $14.85 ,Excelsa,Light,No
Exc,M,2.5 kg, $31.63 , $189.75 ,Excelsa,Medium,Yes
Rob,M,0.5 kg, $5.97 , $5.97 ,Robusta,Medium,Yes
Rob,M,1.0 kg, $9.95 , $29.85 ,Robusta,Medium,Yes
Rob,D,1.0 kg, $8.95 , $44.75 ,Robusta,Dark,No
Exc,L,2.5 kg, $34.16 , $34.16 ,Excelsa,Light,Yes
Exc,L,2.5 kg, $34.16 , $204.93 ,Excelsa,Light,No
Exc,D,0.5 kg, $7.29 , $21.87 ,Excelsa,Dark,No
Ara,M,2.5 kg, $25.88 , $51.75 ,Arabica,Medium,Yes
Exc,M,0.2 kg, $4.13 , $8.25 ,Excelsa,Medium,Yes
Ara,L,0.2 kg, $3.89 , $19.43 ,Arabica,Light,Yes
Ara,M,0.2 kg, $3.38 , $20.25 ,Arabica,Medium,Yes
Lib,D,0.5 kg, $7.77 , $23.31 ,Liberica,Dark,No
Exc,D,0.2 kg, $3.65 , $18.23 ,Excelsa,Dark,Yes
Exc,M,1.0 kg, $13.75 , $13.75 ,Excelsa,Medium,No
Ara,L,2.5 kg, $29.79 , $29.79 ,Arabica,Light,Yes
Rob,D,1.0 kg, $8.95 , $44.75 ,Robusta,Dark,No
Rob,D,1.0 kg, $8.95 , $44.75 ,Robusta,Dark,Yes
Lib,L,0.5 kg, $9.51 , $38.04 ,Liberica,Light,Yes
Rob,D,0.5 kg, $5.37 , $21.48 ,Robusta,Dark,Yes
Rob,D,0.5 kg, $5.37 , $16.11 ,Robusta,Dark,No
Rob,M,2.5 kg, $22.89 , $22.89 ,Robusta,Medium,Yes
Ara,D,0.5 kg, $5.97 , $17.91 ,Arabica,Dark,Yes
Rob,M,0.5 kg, $5.97 , $23.88 ,Robusta,Medium,Yes
Rob,L,1.0 kg, $11.95 , $59.75 ,Robusta,Light,No
Lib,L,0.2 kg, $4.76 , $28.53 ,Liberica,Light,Yes
Ara,M,1.0 kg, $11.25 , $45.00 ,Arabica,Medium,No
Exc,D,2.5 kg, $27.95 , $55.89 ,Excelsa,Dark,No
Exc,L,1.0 kg, $14.85 , $59.40 ,Excelsa,Light,No
Exc,D,0.2 kg, $3.65 , $7.29 ,Excelsa,Dark,Yes
Exc,D,0.5 kg, $7.29 , $7.29 ,Excelsa,Dark,Yes
Exc,L,0.5 kg, $8.91 , $17.82 ,Excelsa,Light,No
Lib,D,0.5 kg, $7.77 , $38.85 ,Liberica,Dark,No
Rob,D,0.5 kg, $5.37 , $32.22 ,Robusta,Dark,No
Rob,M,1.0 kg, $9.95 , $19.90 ,Robusta,Medium,Yes
Rob,L,1.0 kg, $11.95 , $59.75 ,Robusta,Light,No
Ara,L,0.5 kg, $7.77 , $23.31 ,Arabica,Light,Yes
Lib,M,1.0 kg, $14.55 , $43.65 ,Liberica,Medium,No
Exc,L,2.5 kg, $34.16 , $204.93 ,Excelsa,Light,No
Rob,L,0.2 kg, $3.59 , $14.34 ,Robusta,Light,No
Ara,D,0.5 kg, $5.97 , $23.88 ,Arabica,Dark,No
Ara,M,1.0 kg, $11.25 , $22.50 ,Arabica,Medium,No
Exc,D,0.5 kg, $7.29 , $36.45 ,Excelsa,Dark,No
Ara,M,0.5 kg, $6.75 , $27.00 ,Arabica,Medium,Yes
Ara,M,2.5 kg, $25.88 , $155.25 ,Arabica,Medium,No
Ara,D,2.5 kg, $22.89 , $114.43 ,Arabica,Dark,Yes
Lib,D,1.0 kg, $12.95 , $51.80 ,Liberica,Dark,Yes
Ara,M,2.5 kg, $25.88 , $155.25 ,Arabica,Medium,No
Ara,L,2.5 kg, $29.79 , $29.79 ,Arabica,Light,No
Rob,L,0.2 kg, $3.59 , $21.51 ,Robusta,Light,No
Rob,D,2.5 kg, $20.59 , $41.17 ,Robusta,Dark,No
Rob,M,0.5 kg, $5.97 , $5.97 ,Robusta,Medium,No
Exc,L,1.0 kg, $14.85 , $74.25 ,Excelsa,Light,Yes
Lib,M,1.0 kg, $14.55 , $87.30 ,Liberica,Medium,No
Exc,D,1.0 kg, $12.15 , $72.90 ,Excelsa,Dark,Yes
Lib,D,0.5 kg, $7.77 , $7.77 ,Liberica,Dark,No
Exc,D,0.5 kg, $7.29 , $43.74 ,Excelsa,Dark,No
Lib,M,0.2 kg, $4.37 , $8.73 ,Liberica,Medium,Yes
Exc,M,2.5 kg, $31.63 , $63.25 ,Excelsa,Medium,No
Exc,L,0.5 kg, $8.91 , $8.91 ,Excelsa,Light,Yes
Exc,D,1.0 kg, $12.15 , $24.30 ,Excelsa,Dark,Yes
Ara,L,0.5 kg, $7.77 , $46.62 ,Arabica,Light,Yes
Rob,L,0.5 kg, $7.17 , $43.02 ,Robusta,Light,No
Ara,D,0.5 kg, $5.97 , $17.91 ,Arabica,Dark,Yes
Lib,L,0.5 kg, $9.51 , $38.04 ,Liberica,Light,Yes
Ara,M,0.2 kg, $3.38 , $6.75 ,Arabica,Medium,Yes
Rob,M,0.5 kg, $5.97 , $5.97 ,Robusta,Medium,Yes
Rob,D,0.2 kg, $2.69 , $8.06 ,Robusta,Dark,No
Ara,L,0.5 kg, $7.77 , $23.31 ,Arabica,Light,Yes
Rob,L,0.5 kg, $7.17 , $43.02 ,Robusta,Light,Yes
Lib,D,0.5 kg, $7.77 , $23.31 ,Liberica,Dark,No
Ara,D,0.2 kg, $2.99 , $14.93 ,Arabica,Dark,Yes
Exc,D,0.5 kg, $7.29 , $21.87 ,Excelsa,Dark,No
Exc,L,0.5 kg, $8.91 , $53.46 ,Excelsa,Light,Yes
Ara,L,2.5 kg, $29.79 , $119.14 ,Arabica,Light,No
Lib,M,0.5 kg, $8.73 , $43.65 ,Liberica,Medium,Yes
Ara,D,0.2 kg, $2.99 , $17.91 ,Arabica,Dark,Yes
Exc,L,1.0 kg, $14.85 , $74.25 ,Excelsa,Light,Yes
Lib,D,0.2 kg, $3.89 , $11.66 ,Liberica,Dark,Yes
Lib,D,0.5 kg, $7.77 , $23.31 ,Liberica,Dark,Yes
Exc,D,0.5 kg, $7.29 , $14.58 ,Excelsa,Dark,Yes
Ara,M,0.5 kg, $6.75 , $13.50 ,Arabica,Medium,No
Exc,L,1.0 kg, $14.85 , $89.10 ,Excelsa,Light,No
Ara,L,0.2 kg, $3.89 , $3.89 ,Arabica,Light,No
Rob,L,2.5 kg, $27.49 , $109.94 ,Robusta,Light,No
Lib,D,0.5 kg, $7.77 , $46.62 ,Liberica,Dark,Yes
Ara,L,0.5 kg, $7.77 , $38.85 ,Arabica,Light,No
Lib,D,0.5 kg, $7.77 , $31.08 ,Liberica,Dark,Yes
Ara,D,0.2 kg, $2.99 , $17.91 ,Arabica,Dark,Yes
Exc,D,2.5 kg, $27.95 , $167.67 ,Excelsa,Dark,No
Lib,L,1.0 kg, $15.85 , $63.40 ,Liberica,Light,No
Lib,M,0.2 kg, $4.37 , $8.73 ,Liberica,Medium,Yes
Rob,D,1.0 kg, $8.95 , $26.85 ,Robusta,Dark,Yes
Lib,L,0.2 kg, $4.76 , $9.51 ,Liberica,Light,No
Ara,D,1.0 kg, $9.95 , $39.80 ,Arabica,Dark,No
Exc,M,0.5 kg, $8.25 , $24.75 ,Excelsa,Medium,Yes
Exc,M,1.0 kg, $13.75 , $68.75 ,Excelsa,Medium,Yes
Exc,M,0.5 kg, $8.25 , $49.50 ,Excelsa,Medium,No
Ara,M,2.5 kg, $25.88 , $51.75 ,Arabica,Medium,Yes
Lib,L,1.0 kg, $15.85 , $47.55 ,Liberica,Light,Yes
Ara,L,0.2 kg, $3.89 , $15.54 ,Arabica,Light,No
Lib,M,1.0 kg, $14.55 , $87.30 ,Liberica,Medium,Yes
Ara,M,1.0 kg, $11.25 , $56.25 ,Arabica,Medium,Yes
Lib,L,2.5 kg, $36.46 , $36.46 ,Liberica,Light,Yes
Rob,L,0.2 kg, $3.59 , $10.76 ,Robusta,Light,Yes
Rob,M,0.2 kg, $2.99 , $8.96 ,Robusta,Medium,No
Ara,L,0.5 kg, $7.77 , $23.31 ,Arabica,Light,Yes
Ara,L,2.5 kg, $29.79 , $29.79 ,Arabica,Light,Yes
Ara,L,2.5 kg, $29.79 , $148.93 ,Arabica,Light,Yes
Lib,M,0.5 kg, $8.73 , $8.73 ,Liberica,Medium,Yes
Lib,D,0.5 kg, $7.77 , $31.08 ,Liberica,Dark,No
Ara,D,2.5 kg, $22.89 , $137.31 ,Arabica,Dark,No
Ara,D,0.5 kg, $5.97 , $29.85 ,Arabica,Dark,No
Rob,M,0.5 kg, $5.97 , $17.91 ,Robusta,Medium,No
Exc,L,0.5 kg, $8.91 , $26.73 ,Excelsa,Light,Yes
Rob,D,1.0 kg, $8.95 , $17.90 ,Robusta,Dark,No
Rob,L,0.2 kg, $3.59 , $14.34 ,Robusta,Light,Yes
Ara,M,2.5 kg, $25.88 , $77.63 ,Arabica,Medium,Yes
Rob,L,1.0 kg, $11.95 , $59.75 ,Robusta,Light,No
Ara,L,1.0 kg, $12.95 , $77.70 ,Arabica,Light,No
Rob,D,0.2 kg, $2.69 , $5.37 ,Robusta,Dark,Yes
Exc,D,2.5 kg, $27.95 , $83.84 ,Excelsa,Dark,Yes
Ara,M,1.0 kg, $11.25 , $22.50 ,Arabica,Medium,No
Lib,M,2.5 kg, $33.47 , $200.79 ,Liberica,Medium,Yes
Ara,M,1.0 kg, $11.25 , $67.50 ,Arabica,Medium,No
Exc,M,0.5 kg, $8.25 , $8.25 ,Excelsa,Medium,No
Lib,L,0.2 kg, $4.76 , $9.51 ,Liberica,Light,Yes
Lib,D,2.5 kg, $29.79 , $29.79 ,Liberica,Dark,No
Lib,D,0.5 kg, $7.77 , $15.54 ,Liberica,Dark,No
Exc,L,0.5 kg, $8.91 , $35.64 ,Excelsa,Light,No
Ara,M,2.5 kg, $25.88 , $103.50 ,Arabica,Medium,Yes
Exc,D,1.0 kg, $12.15 , $36.45 ,Excelsa,Dark,Yes
Rob,L,0.5 kg, $7.17 , $35.85 ,Robusta,Light,No
Exc,L,0.2 kg, $4.46 , $22.28 ,Excelsa,Light,Yes
Exc,M,0.2 kg, $4.13 , $24.75 ,Excelsa,Medium,No
Lib,M,2.5 kg, $33.47 , $66.93 ,Liberica,Medium,Yes
Lib,M,0.5 kg, $8.73 , $8.73 ,Liberica,Medium,Yes
Rob,M,0.5 kg, $5.97 , $17.91 ,Robusta,Medium,No
Rob,L,0.5 kg, $7.17 , $7.17 ,Robusta,Light,No
Rob,D,0.2 kg, $2.69 , $5.37 ,Robusta,Dark,No
Lib,L,0.2 kg, $4.76 , $23.78 ,Liberica,Light,No
Rob,D,2.5 kg, $20.59 , $41.17 ,Robusta,Dark,Yes
Ara,L,0.2 kg, $3.89 , $11.66 ,Arabica,Light,No
Lib,L,0.5 kg, $9.51 , $38.04 ,Liberica,Light,No
Rob,D,2.5 kg, $20.59 , $82.34 ,Robusta,Dark,Yes
Lib,L,0.2 kg, $4.76 , $9.51 ,Liberica,Light,Yes
Rob,D,2.5 kg, $20.59 , $41.17 ,Robusta,Dark,No
Lib,L,0.5 kg, $9.51 , $47.55 ,Liberica,Light,No
Ara,M,1.0 kg, $11.25 , $45.00 ,Arabica,Medium,No
Lib,L,0.2 kg, $4.76 , $23.78 ,Liberica,Light,No
Rob,D,0.5 kg, $5.37 , $16.11 ,Robusta,Dark,Yes
Rob,D,0.2 kg, $2.69 , $10.74 ,Robusta,Dark,Yes
Ara,D,1.0 kg, $9.95 , $49.75 ,Arabica,Dark,Yes
Exc,M,1.0 kg, $13.75 , $27.50 ,Excelsa,Medium,No
Lib,D,2.5 kg, $29.79 , $119.14 ,Liberica,Dark,No
Rob,D,2.5 kg, $20.59 , $20.59 ,Robusta,Dark,Yes
Ara,D,0.2 kg, $2.99 , $8.96 ,Arabica,Dark,Yes
Ara,D,0.5 kg, $5.97 , $5.97 ,Arabica,Dark,No
Exc,M,1.0 kg, $13.75 , $41.25 ,Excelsa,Medium,Yes
Exc,L,0.2 kg, $4.46 , $22.28 ,Excelsa,Light,Yes
Ara,M,0.5 kg, $6.75 , $6.75 ,Arabica,Medium,Yes
Lib,M,2.5 kg, $33.47 , $133.86 ,Liberica,Medium,Yes
Ara,D,0.2 kg, $2.99 , $5.97 ,Arabica,Dark,No
Ara,L,1.0 kg, $12.95 , $25.90 ,Arabica,Light,No
Exc,M,2.5 kg, $31.63 , $31.63 ,Excelsa,Medium,Yes
Lib,M,0.2 kg, $4.37 , $8.73 ,Liberica,Medium,No
Exc,L,0.2 kg, $4.46 , $26.73 ,Excelsa,Light,Yes
Lib,M,0.2 kg, $4.37 , $26.19 ,Liberica,Medium,No
Rob,D,1.0 kg, $8.95 , $53.70 ,Robusta,Dark,Yes
Exc,M,2.5 kg, $31.63 , $126.50 ,Excelsa,Medium,Yes
Exc,M,0.2 kg, $4.13 , $4.13 ,Excelsa,Medium,Yes
Rob,L,1.0 kg, $11.95 , $23.90 ,Robusta,Light,No
Exc,D,2.5 kg, $27.95 , $139.73 ,Excelsa,Dark,Yes
Lib,D,2.5 kg, $29.79 , $59.57 ,Liberica,Dark,Yes
Lib,L,0.5 kg, $9.51 , $57.06 ,Liberica,Light,No
Rob,L,0.2 kg, $3.59 , $21.51 ,Robusta,Light,Yes
Lib,M,0.5 kg, $8.73 , $52.38 ,Liberica,Medium,Yes
Exc,D,1.0 kg, $12.15 , $72.90 ,Excelsa,Dark,No
Rob,M,0.2 kg, $2.99 , $14.93 ,Robusta,Medium,Yes
Lib,L,1.0 kg, $15.85 , $95.10 ,Liberica,Light,No
Lib,D,0.5 kg, $7.77 , $15.54 ,Liberica,Dark,No
Lib,D,0.2 kg, $3.89 , $23.31 ,Liberica,Dark,No
Exc,M,0.2 kg, $4.13 , $4.13 ,Excelsa,Medium,Yes
Rob,M,0.5 kg, $5.97 , $35.82 ,Robusta,Medium,No
Lib,L,1.0 kg, $15.85 , $31.70 ,Liberica,Light,No
Lib,L,1.0 kg, $15.85 , $79.25 ,Liberica,Light,Yes
Exc,D,0.2 kg, $3.65 , $10.94 ,Excelsa,Dark,No
Ara,D,1.0 kg, $9.95 , $39.80 ,Arabica,Dark,No
Rob,M,1.0 kg, $9.95 , $49.75 ,Robusta,Medium,Yes
Rob,D,0.2 kg, $2.69 , $8.06 ,Robusta,Dark,Yes
Rob,L,1.0 kg, $11.95 , $47.80 ,Robusta,Light,No
Rob,M,0.2 kg, $2.99 , $11.94 ,Robusta,Medium,No
Exc,M,0.2 kg, $4.13 , $16.50 ,Excelsa,Medium,No
Lib,D,1.0 kg, $12.95 , $51.80 ,Liberica,Dark,No
Lib,L,0.2 kg, $4.76 , $14.27 ,Liberica,Light,No
Lib,M,0.2 kg, $4.37 , $26.19 ,Liberica,Medium,No
Ara,L,1.0 kg, $12.95 , $25.90 ,Arabica,Light,Yes
Ara,L,2.5 kg, $29.79 , $89.36 ,Arabica,Light,Yes
Lib,D,0.5 kg, $7.77 , $46.62 ,Liberica,Dark,No
Ara,D,1.0 kg, $9.95 , $29.85 ,Arabica,Dark,Yes
Rob,L,0.2 kg, $3.59 , $10.76 ,Robusta,Light,Yes
Ara,M,0.2 kg, $3.38 , $13.50 ,Arabica,Medium,Yes
Lib,L,1.0 kg, $15.85 , $47.55 ,Liberica,Light,No
Lib,L,1.0 kg, $15.85 , $79.25 ,Liberica,Light,No
Lib,M,0.2 kg, $4.37 , $26.19 ,Liberica,Medium,Yes
Rob,L,0.5 kg, $7.17 , $21.51 ,Robusta,Light,No
Rob,D,2.5 kg, $20.59 , $102.93 ,Robusta,Dark,Yes
Lib,D,0.2 kg, $3.89 , $7.77 ,Liberica,Dark,No
Exc,D,2.5 kg, $27.95 , $139.73 ,Excelsa,Dark,No
Ara,D,0.5 kg, $5.97 , $11.94 ,Arabica,Dark,Yes
Lib,D,0.2 kg, $3.89 , $3.89 ,Liberica,Dark,No
Rob,M,1.0 kg, $9.95 , $39.80 ,Robusta,Medium,No
Rob,M,0.5 kg, $5.97 , $29.85 ,Robusta,Medium,No
Lib,D,2.5 kg, $29.79 , $29.79 ,Liberica,Dark,No
Lib,L,2.5 kg, $36.46 , $72.91 ,Liberica,Light,No
Rob,D,0.2 kg, $2.69 , $13.43 ,Robusta,Dark,Yes
Exc,M,2.5 kg, $31.63 , $126.50 ,Excelsa,Medium,Yes
Exc,M,0.5 kg, $8.25 , $41.25 ,Excelsa,Medium,No
Exc,L,0.5 kg, $8.91 , $53.46 ,Excelsa,Light,No
Rob,M,1.0 kg, $9.95 , $59.70 ,Robusta,Medium,No
Rob,M,1.0 kg, $9.95 , $59.70 ,Robusta,Medium,No
Rob,D,1.0 kg, $8.95 , $44.75 ,Robusta,Dark,No
Exc,M,0.5 kg, $8.25 , $16.50 ,Excelsa,Medium,Yes
Rob,D,0.5 kg, $5.37 , $21.48 ,Robusta,Dark,No
Rob,M,2.5 kg, $22.89 , $45.77 ,Robusta,Medium,Yes
Lib,L,0.2 kg, $4.76 , $9.51 ,Liberica,Light,No
Rob,D,0.2 kg, $2.69 , $8.06 ,Robusta,Dark,Yes
Exc,D,2.5 kg, $27.95 , $111.78 ,Excelsa,Dark,Yes
Rob,D,0.2 kg, $2.69 , $10.74 ,Robusta,Dark,Yes
Rob,D,0.5 kg, $5.37 , $26.85 ,Robusta,Dark,No
Lib,L,1.0 kg, $15.85 , $63.40 ,Liberica,Light,Yes
Ara,D,2.5 kg, $22.89 , $22.89 ,Arabica,Dark,Yes
Ara,M,2.5 kg, $25.88 , $103.50 ,Arabica,Medium,No
Rob,L,2.5 kg, $27.49 , $54.97 ,Robusta,Light,No
Ara,L,0.5 kg, $7.77 , $15.54 ,Arabica,Light,No
Lib,D,0.2 kg, $3.89 , $15.54 ,Liberica,Dark,No
Exc,D,2.5 kg, $27.95 , $83.84 ,Excelsa,Dark,No
Rob,L,0.2 kg, $3.59 , $10.76 ,Robusta,Light,Yes
Exc,L,0.2 kg, $4.46 , $13.37 ,Excelsa,Light,Yes
Exc,L,0.2 kg, $4.46 , $17.82 ,Excelsa,Light,Yes
Lib,D,0.2 kg, $3.89 , $23.31 ,Liberica,Dark,Yes
Exc,D,0.2 kg, $3.65 , $7.29 ,Excelsa,Dark,No
Exc,L,0.2 kg, $4.46 , $17.82 ,Excelsa,Light,Yes
Exc,M,1.0 kg, $13.75 , $68.75 ,Excelsa,Medium,No
Rob,L,2.5 kg, $27.49 , $54.97 ,Robusta,Light,Yes
Exc,M,1.0 kg, $13.75 , $82.50 ,Excelsa,Medium,No
Lib,M,0.2 kg, $4.37 , $8.73 ,Liberica,Medium,Yes
Exc,L,1.0 kg, $14.85 , $59.40 ,Excelsa,Light,Yes
Lib,D,0.2 kg, $3.89 , $15.54 ,Liberica,Dark,Yes
Ara,L,1.0 kg, $12.95 , $38.85 ,Arabica,Light,Yes
Exc,M,2.5 kg, $31.63 , $189.75 ,Excelsa,Medium,Yes
Ara,D,0.2 kg, $2.99 , $17.91 ,Arabica,Dark,Yes
Lib,L,0.2 kg, $4.76 , $28.53 ,Liberica,Light,No
Exc,M,1.0 kg, $13.75 , $82.50 ,Excelsa,Medium,No
Rob,L,0.5 kg, $7.17 , $14.34 ,Robusta,Light,No
Rob,D,2.5 kg, $20.59 , $82.34 ,Robusta,Dark,No
Ara,M,0.2 kg, $3.38 , $20.25 ,Arabica,Medium,Yes
Rob,L,2.5 kg, $27.49 , $164.91 ,Robusta,Light,No
Lib,L,0.2 kg, $4.76 , $19.02 ,Liberica,Light,Yes
Ara,D,2.5 kg, $22.89 , $137.31 ,Arabica,Dark,No
Ara,M,0.5 kg, $6.75 , $27.00 ,Arabica,Medium,No
Exc,L,0.5 kg, $8.91 , $35.64 ,Excelsa,Light,No
Ara,D,0.2 kg, $2.99 , $5.97 ,Arabica,Dark,Yes
Ara,M,1.0 kg, $11.25 , $67.50 ,Arabica,Medium,No
Rob,L,0.2 kg, $3.59 , $21.51 ,Robusta,Light,Yes
Lib,M,2.5 kg, $33.47 , $66.93 ,Liberica,Medium,No
Ara,D,0.2 kg, $2.99 , $17.91 ,Arabica,Dark,No
Lib,M,1.0 kg, $14.55 , $58.20 ,Liberica,Medium,No
Exc,L,0.2 kg, $4.46 , $13.37 ,Excelsa,Light,No
Ara,M,0.5 kg, $6.75 , $33.75 ,Arabica,Medium,No
Exc,L,1.0 kg, $14.85 , $44.55 ,Excelsa,Light,Yes
Exc,L,0.5 kg, $8.91 , $44.55 ,Excelsa,Light,Yes
Exc,D,1.0 kg, $12.15 , $60.75 ,Excelsa,Dark,No
Rob,L,0.2 kg, $3.59 , $3.59 ,Robusta,Light,Yes
Rob,L,0.2 kg, $3.59 , $21.51 ,Robusta,Light,No
Exc,M,0.5 kg, $8.25 , $16.50 ,Excelsa,Medium,Yes
Rob,L,2.5 kg, $27.49 , $82.46 ,Robusta,Light,No
Lib,D,0.5 kg, $7.77 , $7.77 ,Liberica,Dark,Yes
Rob,M,0.5 kg, $5.97 , $11.94 ,Robusta,Medium,Yes
Exc,L,2.5 kg, $34.16 , $204.93 ,Excelsa,Light,No
Exc,M,2.5 kg, $31.63 , $63.25 ,Excelsa,Medium,Yes
Rob,D,0.2 kg, $2.69 , $8.06 ,Robusta,Dark,Yes
Ara,M,2.5 kg, $25.88 , $51.75 ,Arabica,Medium,No
Exc,D,2.5 kg, $27.95 , $27.95 ,Excelsa,Dark,Yes
Ara,L,2.5 kg, $29.79 , $59.57 ,Arabica,Light,No
Exc,L,1.0 kg, $14.85 , $14.85 ,Excelsa,Light,No
Ara,M,0.5 kg, $6.75 , $33.75 ,Arabica,Medium,No
Lib,L,2.5 kg, $36.46 , $145.82 ,Liberica,Light,Yes
Rob,M,0.2 kg, $2.99 , $11.94 ,Robusta,Medium,Yes
Ara,D,0.2 kg, $2.99 , $11.94 ,Arabica,Dark,Yes
Lib,D,0.5 kg, $7.77 , $7.77 ,Liberica,Dark,No
Rob,L,2.5 kg, $27.49 , $109.94 ,Robusta,Light,Yes
Exc,L,0.2 kg, $4.46 , $22.28 ,Excelsa,Light,Yes
Rob,M,0.2 kg, $2.99 , $8.96 ,Robusta,Medium,No
Lib,D,2.5 kg, $29.79 , $119.14 ,Liberica,Dark,No
Ara,L,2.5 kg, $29.79 , $148.93 ,Arabica,Light,Yes
Lib,L,2.5 kg, $36.46 , $109.37 ,Liberica,Light,Yes
Exc,D,0.2 kg, $3.65 , $3.65 ,Excelsa,Dark,Yes
Exc,D,2.5 kg, $27.95 , $55.89 ,Excelsa,Dark,No
Lib,M,0.2 kg, $4.37 , $26.19 ,Liberica,Medium,Yes
Rob,M,1.0 kg, $9.95 , $39.80 ,Robusta,Medium,No
Exc,L,2.5 kg, $34.16 , $68.31 ,Excelsa,Light,No
Ara,M,0.2 kg, $3.38 , $13.50 ,Arabica,Medium,No
Rob,M,0.5 kg, $5.97 , $5.97 ,Robusta,Medium,No
Rob,M,0.5 kg, $5.97 , $29.85 ,Robusta,Medium,Yes
Lib,L,2.5 kg, $36.46 , $72.91 ,Liberica,Light,Yes
Exc,M,2.5 kg, $31.63 , $126.50 ,Excelsa,Medium,No
Lib,M,2.5 kg, $33.47 , $33.47 ,Liberica,Medium,No
Exc,D,1.0 kg, $12.15 , $72.90 ,Excelsa,Dark,Yes
Lib,D,0.5 kg, $7.77 , $15.54 ,Liberica,Dark,Yes
Ara,M,0.2 kg, $3.38 , $20.25 ,Arabica,Medium,No
Ara,L,1.0 kg, $12.95 , $77.70 ,Arabica,Light,No
Lib,M,2.5 kg, $33.47 , $133.86 ,Liberica,Medium,No
Exc,D,1.0 kg, $12.15 , $12.15 ,Excelsa,Dark,No
Exc,M,2.5 kg, $31.63 , $63.25 ,Excelsa,Medium,Yes
Rob,L,0.5 kg, $7.17 , $35.85 ,Robusta,Light,No
Ara,M,2.5 kg, $25.88 , $77.63 ,Arabica,Medium,No
Exc,M,2.5 kg, $31.63 , $63.25 ,Excelsa,Medium,Yes
Exc,L,0.2 kg, $4.46 , $26.73 ,Excelsa,Light,Yes
Lib,D,0.5 kg, $7.77 , $31.08 ,Liberica,Dark,Yes
Ara,D,0.2 kg, $2.99 , $2.99 ,Arabica,Dark,Yes
Rob,D,2.5 kg, $20.59 , $102.93 ,Robusta,Dark,Yes
Exc,L,0.5 kg, $8.91 , $35.64 ,Excelsa,Light,No
Rob,L,1.0 kg, $11.95 , $47.80 ,Robusta,Light,No
Lib,M,1.0 kg, $14.55 , $43.65 ,Liberica,Medium,No
Exc,L,0.5 kg, $8.91 , $35.64 ,Excelsa,Light,Yes
Lib,L,1.0 kg, $15.85 , $95.10 ,Liberica,Light,Yes
Exc,M,2.5 kg, $31.63 , $31.63 ,Excelsa,Medium,Yes
Ara,M,2.5 kg, $25.88 , $77.63 ,Arabica,Medium,Yes
Lib,D,0.2 kg, $3.89 , $3.89 ,Liberica,Dark,Yes
Rob,L,2.5 kg, $27.49 , $137.43 ,Robusta,Light,No
Rob,L,1.0 kg, $11.95 , $35.85 ,Robusta,Light,Yes
Exc,M,0.2 kg, $4.13 , $8.25 ,Excelsa,Medium,Yes
Exc,L,2.5 kg, $34.16 , $102.47 ,Excelsa,Light,Yes
Rob,D,2.5 kg, $20.59 , $41.17 ,Robusta,Dark,No
Ara,D,2.5 kg, $22.89 , $68.66 ,Arabica,Dark,Yes
Ara,D,1.0 kg, $9.95 , $9.95 ,Arabica,Dark,Yes
Lib,L,0.5 kg, $9.51 , $28.53 ,Liberica,Light,Yes
Rob,D,0.2 kg, $2.69 , $16.11 ,Robusta,Dark,No
Lib,L,1.0 kg, $15.85 , $95.10 ,Liberica,Light,No
Rob,D,0.5 kg, $5.37 , $5.37 ,Robusta,Dark,Yes
Rob,L,1.0 kg, $11.95 , $47.80 ,Robusta,Light,No
Lib,L,1.0 kg, $15.85 , $63.40 ,Liberica,Light,No
Ara,M,2.5 kg, $25.88 , $103.50 ,Arabica,Medium,No
Ara,D,2.5 kg, $22.89 , $68.66 ,Arabica,Dark,No
Rob,M,2.5 kg, $22.89 , $45.77 ,Robusta,Medium,Yes
Lib,D,1.0 kg, $12.95 , $51.80 ,Liberica,Dark,No
Ara,M,0.5 kg, $6.75 , $13.50 ,Arabica,Medium,Yes
Exc,M,0.5 kg, $8.25 , $24.75 ,Excelsa,Medium,Yes
Ara,D,2.5 kg, $22.89 , $45.77 ,Arabica,Dark,Yes
Exc,L,0.5 kg, $8.91 , $53.46 ,Excelsa,Light,No
Ara,M,0.2 kg, $3.38 , $20.25 ,Arabica,Medium,Yes
Lib,D,2.5 kg, $29.79 , $148.93 ,Liberica,Dark,No
Ara,M,1.0 kg, $11.25 , $67.50 ,Arabica,Medium,No
Exc,D,1.0 kg, $12.15 , $72.90 ,Excelsa,Dark,No
Lib,D,0.2 kg, $3.89 , $7.77 ,Liberica,Dark,No
Ara,D,2.5 kg, $22.89 , $91.54 ,Arabica,Dark,No
Ara,D,1.0 kg, $9.95 , $59.70 ,Arabica,Dark,No
Rob,L,2.5 kg, $27.49 , $137.43 ,Robusta,Light,Yes
Lib,M,2.5 kg, $33.47 , $66.93 ,Liberica,Medium,No
Lib,M,0.2 kg, $4.37 , $13.10 ,Liberica,Medium,Yes
Rob,L,1.0 kg, $11.95 , $59.75 ,Robusta,Light,No
Lib,M,0.5 kg, $8.73 , $43.65 ,Liberica,Medium,Yes
Exc,M,1.0 kg, $13.75 , $82.50 ,Excelsa,Medium,Yes
Ara,L,2.5 kg, $29.79 , $178.71 ,Arabica,Light,Yes
Lib,D,2.5 kg, $29.79 , $119.14 ,Liberica,Dark,Yes
Lib,L,0.5 kg, $9.51 , $47.55 ,Liberica,Light,No
Lib,M,0.5 kg, $8.73 , $43.65 ,Liberica,Medium,No
Ara,L,2.5 kg, $29.79 , $178.71 ,Arabica,Light,Yes
Rob,L,2.5 kg, $27.49 , $27.49 ,Robusta,Light,No
Ara,M,1.0 kg, $11.25 , $56.25 ,Arabica,Medium,No
Lib,L,0.2 kg, $4.76 , $9.51 ,Liberica,Light,Yes
Exc,M,0.2 kg, $4.13 , $8.25 ,Excelsa,Medium,Yes
Lib,D,0.5 kg, $7.77 , $46.62 ,Liberica,Dark,No
Rob,L,1.0 kg, $11.95 , $71.70 ,Robusta,Light,No
Lib,L,2.5 kg, $36.46 , $72.91 ,Liberica,Light,Yes
Rob,D,0.2 kg, $2.69 , $8.06 ,Robusta,Dark,Yes
Exc,M,0.5 kg, $8.25 , $16.50 ,Excelsa,Medium,No
Ara,L,1.0 kg, $12.95 , $64.75 ,Arabica,Light,No
Ara,M,0.5 kg, $6.75 , $33.75 ,Arabica,Medium,No
Lib,D,2.5 kg, $29.79 , $178.71 ,Liberica,Dark,No
Ara,M,1.0 kg, $11.25 , $22.50 ,Arabica,Medium,No
Lib,D,1.0 kg, $12.95 , $12.95 ,Liberica,Dark,No
Ara,M,2.5 kg, $25.88 , $51.75 ,Arabica,Medium,Yes
Exc,D,0.5 kg, $7.29 , $36.45 ,Excelsa,Dark,No
Lib,L,2.5 kg, $36.46 , $182.28 ,Liberica,Light,Yes
Lib,D,0.5 kg, $7.77 , $31.08 ,Liberica,Dark,No
Ara,M,0.5 kg, $6.75 , $20.25 ,Arabica,Medium,No
Lib,D,1.0 kg, $12.95 , $25.90 ,Liberica,Dark,No
Ara,D,0.5 kg, $5.97 , $23.88 ,Arabica,Dark,Yes
Lib,L,0.5 kg, $9.51 , $19.02 ,Liberica,Light,No
Ara,D,0.5 kg, $5.97 , $29.85 ,Arabica,Dark,Yes
Ara,L,0.5 kg, $7.77 , $7.77 ,Arabica,Light,Yes
Lib,D,2.5 kg, $29.79 , $119.14 ,Liberica,Dark,Yes
Exc,D,0.2 kg, $3.65 , $21.87 ,Excelsa,Dark,Yes
Exc,L,0.5 kg, $8.91 , $17.82 ,Excelsa,Light,No
Exc,M,0.2 kg, $4.13 , $12.38 ,Excelsa,Medium,No
Lib,D,1.0 kg, $12.95 , $25.90 ,Liberica,Dark,No
Ara,M,0.5 kg, $6.75 , $13.50 ,Arabica,Medium,Yes
Exc,L,0.5 kg, $8.91 , $17.82 ,Excelsa,Light,Yes
Exc,M,0.5 kg, $8.25 , $24.75 ,Excelsa,Medium,No
Rob,M,0.2 kg, $2.99 , $17.91 ,Robusta,Medium,No
Exc,M,0.5 kg, $8.25 , $16.50 ,Excelsa,Medium,No
Rob,M,0.2 kg, $2.99 , $2.99 ,Robusta,Medium,No
Exc,D,0.2 kg, $3.65 , $14.58 ,Excelsa,Dark,Yes
Exc,L,1.0 kg, $14.85 , $89.10 ,Excelsa,Light,No
Rob,L,1.0 kg, $11.95 , $35.85 ,Robusta,Light,No
Ara,D,2.5 kg, $22.89 , $68.66 ,Arabica,Dark,No
Lib,D,1.0 kg, $12.95 , $38.85 ,Liberica,Dark,No
Lib,L,1.0 kg, $15.85 , $79.25 ,Liberica,Light,Yes
Exc,D,0.5 kg, $7.29 , $36.45 ,Excelsa,Dark,Yes
Rob,M,0.2 kg, $2.99 , $8.96 ,Robusta,Medium,Yes
Exc,D,1.0 kg, $12.15 , $24.30 ,Excelsa,Dark,No
Exc,M,2.5 kg, $31.63 , $63.25 ,Excelsa,Medium,No
Ara,M,0.2 kg, $3.38 , $6.75 ,Arabica,Medium,Yes
Ara,L,0.2 kg, $3.89 , $23.31 ,Arabica,Light,No
Lib,L,2.5 kg, $36.46 , $145.82 ,Liberica,Light,No
Rob,M,0.5 kg, $5.97 , $29.85 ,Robusta,Medium,Yes
Exc,D,0.5 kg, $7.29 , $21.87 ,Excelsa,Dark,Yes
Lib,M,0.2 kg, $4.37 , $4.37 ,Liberica,Medium,No
Lib,L,2.5 kg, $36.46 , $36.46 ,Liberica,Light,No
Lib,D,0.2 kg, $3.89 , $15.54 ,Liberica,Dark,Yes
Exc,L,0.2 kg, $4.46 , $8.91 ,Excelsa,Light,No
Lib,M,2.5 kg, $33.47 , $100.40 ,Liberica,Medium,Yes
Rob,D,0.2 kg, $2.69 , $13.43 ,Robusta,Dark,No
Exc,D,0.2 kg, $3.65 , $21.87 ,Excelsa,Dark,No
Lib,D,1.0 kg, $12.95 , $25.90 ,Liberica,Dark,Yes
Ara,M,1.0 kg, $11.25 , $56.25 ,Arabica,Medium,No
Rob,L,0.2 kg, $3.59 , $10.76 ,Robusta,Light,No
Exc,D,0.2 kg, $3.65 , $18.23 ,Excelsa,Dark,No
Rob,L,0.5 kg, $7.17 , $28.68 ,Robusta,Light,No
Lib,M,0.2 kg, $4.37 , $8.73 ,Liberica,Medium,No
Lib,M,1.0 kg, $14.55 , $58.20 ,Liberica,Medium,No
Ara,D,0.5 kg, $5.97 , $17.91 ,Arabica,Dark,No
Rob,M,0.2 kg, $2.99 , $17.91 ,Robusta,Medium,Yes
Exc,D,0.5 kg, $7.29 , $14.58 ,Excelsa,Dark,No
Ara,M,1.0 kg, $11.25 , $33.75 ,Arabica,Medium,No
Lib,M,0.5 kg, $8.73 , $34.92 ,Liberica,Medium,Yes
Exc,D,0.5 kg, $7.29 , $14.58 ,Excelsa,Dark,No
Rob,D,0.2 kg, $2.69 , $5.37 ,Robusta,Dark,Yes
Rob,M,0.5 kg, $5.97 , $5.97 ,Robusta,Medium,Yes
Lib,L,0.5 kg, $9.51 , $19.02 ,Liberica,Light,No
Exc,M,1.0 kg, $13.75 , $27.50 ,Excelsa,Medium,Yes
Ara,D,0.5 kg, $5.97 , $29.85 ,Arabica,Dark,No
Ara,D,0.2 kg, $2.99 , $17.91 ,Arabica,Dark,No
Lib,L,0.2 kg, $4.76 , $28.53 ,Liberica,Light,No
Rob,D,1.0 kg, $8.95 , $35.80 ,Robusta,Dark,Yes
Ara,D,0.5 kg, $5.97 , $17.91 ,Arabica,Dark,Yes
Rob,D,1.0 kg, $8.95 , $8.95 ,Robusta,Dark,No
Lib,D,2.5 kg, $29.79 , $29.79 ,Liberica,Dark,Yes
Exc,L,0.5 kg, $8.91 , $44.55 ,Excelsa,Light,No
Exc,L,1.0 kg, $14.85 , $89.10 ,Excelsa,Light,Yes
Lib,M,0.5 kg, $8.73 , $43.65 ,Liberica,Medium,No
Ara,L,0.5 kg, $7.77 , $23.31 ,Arabica,Light,No
Ara,L,2.5 kg, $29.79 , $178.71 ,Arabica,Light,Yes
Rob,M,1.0 kg, $9.95 , $59.70 ,Robusta,Medium,Yes
Ara,L,0.5 kg, $7.77 , $15.54 ,Arabica,Light,Yes
Ara,L,2.5 kg, $29.79 , $89.36 ,Arabica,Light,No
Rob,L,1.0 kg, $11.95 , $23.90 ,Robusta,Light,No
Rob,M,2.5 kg, $22.89 , $137.31 ,Robusta,Medium,No
Ara,D,1.0 kg, $9.95 , $9.95 ,Arabica,Dark,No
Rob,L,0.5 kg, $7.17 , $21.51 ,Robusta,Light,No
Exc,M,1.0 kg, $13.75 , $82.50 ,Excelsa,Medium,No
Lib,M,0.2 kg, $4.37 , $8.73 ,Liberica,Medium,No
Rob,M,1.0 kg, $9.95 , $19.90 ,Robusta,Medium,Yes
Exc,L,0.5 kg, $8.91 , $17.82 ,Excelsa,Light,Yes
Ara,M,0.5 kg, $6.75 , $20.25 ,Arabica,Medium,No
Ara,L,2.5 kg, $29.79 , $59.57 ,Arabica,Light,No
Lib,L,0.5 kg, $9.51 , $19.02 ,Liberica,Light,Yes
Lib,D,1.0 kg, $12.95 , $77.70 ,Liberica,Dark,Yes
Exc,M,1.0 kg, $13.75 , $41.25 ,Excelsa,Medium,No
Lib,L,2.5 kg, $36.46 , $145.82 ,Liberica,Light,No
Exc,L,0.2 kg, $4.46 , $26.73 ,Excelsa,Light,No
Lib,M,0.5 kg, $8.73 , $43.65 ,Liberica,Medium,Yes
Lib,L,1.0 kg, $15.85 , $31.70 ,Liberica,Light,No
Ara,D,2.5 kg, $22.89 , $22.89 ,Arabica,Dark,No
Exc,D,2.5 kg, $27.95 , $27.95 ,Excelsa,Dark,Yes
Exc,M,1.0 kg, $13.75 , $82.50 ,Excelsa,Medium,Yes
Rob,M,2.5 kg, $22.89 , $45.77 ,Robusta,Medium,Yes
Ara,L,1.0 kg, $12.95 , $77.70 ,Arabica,Light,No
Ara,L,0.5 kg, $7.77 , $23.31 ,Arabica,Light,No
Lib,L,0.2 kg, $4.76 , $23.78 ,Liberica,Light,Yes
Lib,M,0.5 kg, $8.73 , $52.38 ,Liberica,Medium,Yes
Rob,L,0.2 kg, $3.59 , $17.93 ,Robusta,Light,No
Ara,L,2.5 kg, $29.79 , $148.93 ,Arabica,Light,No
Rob,L,0.5 kg, $7.17 , $28.68 ,Robusta,Light,No
Lib,L,0.5 kg, $9.51 , $9.51 ,Liberica,Light,No
Ara,L,0.5 kg, $7.77 , $31.08 ,Arabica,Light,No
Rob,D,0.2 kg, $2.69 , $8.06 ,Robusta,Dark,Yes
Exc,D,1.0 kg, $12.15 , $36.45 ,Excelsa,Dark,Yes
Rob,D,0.2 kg, $2.69 , $16.11 ,Robusta,Dark,No
Rob,D,2.5 kg, $20.59 , $41.17 ,Robusta,Dark,Yes
Rob,D,0.2 kg, $2.69 , $10.74 ,Robusta,Dark,No
Exc,M,2.5 kg, $31.63 , $126.50 ,Excelsa,Medium,No
Rob,L,1.0 kg, $11.95 , $23.90 ,Robusta,Light,No
Rob,M,0.5 kg, $5.97 , $5.97 ,Robusta,Medium,No
Lib,D,0.2 kg, $3.89 , $7.77 ,Liberica,Dark,Yes
Lib,D,0.5 kg, $7.77 , $23.31 ,Liberica,Dark,No
Rob,L,2.5 kg, $27.49 , $137.43 ,Robusta,Light,No
Rob,D,0.2 kg, $2.69 , $8.06 ,Robusta,Dark,Yes
Lib,L,0.5 kg, $9.51 , $28.53 ,Liberica,Light,No
Ara,M,1.0 kg, $11.25 , $67.50 ,Arabica,Medium,Yes
Lib,D,2.5 kg, $29.79 , $178.71 ,Liberica,Dark,Yes
Exc,M,2.5 kg, $31.63 , $31.63 ,Excelsa,Medium,Yes
Exc,L,0.2 kg, $4.46 , $8.91 ,Excelsa,Light,No
Rob,M,0.5 kg, $5.97 , $35.82 ,Robusta,Medium,No
Lib,L,0.5 kg, $9.51 , $38.04 ,Liberica,Light,No
Lib,D,0.5 kg, $7.77 , $15.54 ,Liberica,Dark,No
Lib,L,1.0 kg, $15.85 , $79.25 ,Liberica,Light,No
Lib,L,0.2 kg, $4.76 , $4.76 ,Liberica,Light,Yes
Exc,M,1.0 kg, $13.75 , $55.00 ,Excelsa,Medium,Yes
Rob,D,0.5 kg, $5.37 , $26.85 ,Robusta,Dark,No
Exc,L,2.5 kg, $34.16 , $136.62 ,Excelsa,Light,No
Lib,L,1.0 kg, $15.85 , $47.55 ,Liberica,Light,Yes
Ara,M,0.2 kg, $3.38 , $16.88 ,Arabica,Medium,Yes
Ara,D,1.0 kg, $9.95 , $29.85 ,Arabica,Dark,Yes
Exc,M,0.5 kg, $8.25 , $41.25 ,Excelsa,Medium,Yes
Exc,M,0.2 kg, $4.13 , $20.63 ,Excelsa,Medium,No
Ara,D,2.5 kg, $22.89 , $137.31 ,Arabica,Dark,Yes
Ara,D,0.2 kg, $2.99 , $2.99 ,Arabica,Dark,No
Exc,M,1.0 kg, $13.75 , $27.50 ,Excelsa,Medium,No
Ara,D,0.2 kg, $2.99 , $5.97 ,Arabica,Dark,No
Rob,M,1.0 kg, $9.95 , $59.70 ,Robusta,Medium,No
Rob,D,2.5 kg, $20.59 , $82.34 ,Robusta,Dark,Yes
Ara,D,2.5 kg, $22.89 , $22.89 ,Arabica,Dark,No
Exc,L,0.5 kg, $8.91 , $8.91 ,Excelsa,Light,Yes
Ara,D,0.2 kg, $2.99 , $11.94 ,Arabica,Dark,No
Lib,M,2.5 kg, $33.47 , $100.40 ,Liberica,Medium,No
Ara,D,2.5 kg, $22.89 , $114.43 ,Arabica,Dark,No
Exc,M,0.5 kg, $8.25 , $41.25 ,Excelsa,Medium,No
Rob,L,0.5 kg, $7.17 , $28.68 ,Robusta,Light,Yes
Lib,M,0.2 kg, $4.37 , $4.37 ,Liberica,Medium,No
Exc,M,0.2 kg, $4.13 , $8.25 ,Excelsa,Medium,Yes
Exc,M,0.2 kg, $4.13 , $8.25 ,Excelsa,Medium,Yes
Ara,D,0.5 kg, $5.97 , $35.82 ,Arabica,Dark,Yes
Exc,D,2.5 kg, $27.95 , $167.67 ,Excelsa,Dark,No
Ara,M,2.5 kg, $25.88 , $51.75 ,Arabica,Medium,Yes
Ara,D,0.2 kg, $2.99 , $8.96 ,Arabica,Dark,Yes
Exc,L,0.5 kg, $8.91 , $53.46 ,Excelsa,Light,No
Ara,L,0.2 kg, $3.89 , $23.31 ,Arabica,Light,Yes
Ara,M,0.2 kg, $3.38 , $6.75 ,Arabica,Medium,Yes
Lib,D,0.5 kg, $7.77 , $7.77 ,Liberica,Dark,Yes
Lib,D,2.5 kg, $29.79 , $119.14 ,Liberica,Dark,Yes
Ara,D,1.0 kg, $9.95 , $19.90 ,Arabica,Dark,No
Rob,L,0.5 kg, $7.17 , $35.85 ,Robusta,Light,Yes
Lib,D,2.5 kg, $29.79 , $89.36 ,Liberica,Dark,No
Lib,M,0.2 kg, $4.37 , $8.73 ,Liberica,Medium,Yes
Rob,L,2.5 kg, $27.49 , $137.43 ,Robusta,Light,No
Lib,M,0.5 kg, $8.73 , $34.92 ,Liberica,Medium,No
Ara,L,2.5 kg, $29.79 , $178.71 ,Arabica,Light,No
Ara,M,2.5 kg, $25.88 , $25.88 ,Arabica,Medium,No
Lib,D,1.0 kg, $12.95 , $77.70 ,Liberica,Dark,Yes
Rob,M,1.0 kg, $9.95 , $9.95 ,Robusta,Medium,Yes
Lib,M,1.0 kg, $14.55 , $29.10 ,Liberica,Medium,Yes
Rob,L,0.2 kg, $3.59 , $21.51 ,Robusta,Light,No
Ara,M,0.5 kg, $6.75 , $6.75 ,Arabica,Medium,Yes
Ara,D,0.5 kg, $5.97 , $17.91 ,Arabica,Dark,No
Ara,L,2.5 kg, $29.79 , $29.79 ,Arabica,Light,Yes
Exc,M,0.5 kg, $8.25 , $41.25 ,Excelsa,Medium,Yes
Rob,M,0.5 kg, $5.97 , $17.91 ,Robusta,Medium,Yes
Exc,D,0.5 kg, $7.29 , $7.29 ,Excelsa,Dark,Yes
Exc,L,1.0 kg, $14.85 , $29.70 ,Excelsa,Light,Yes
Ara,M,1.0 kg, $11.25 , $22.50 ,Arabica,Medium,No
Rob,M,0.2 kg, $2.99 , $11.94 ,Robusta,Medium,Yes
Ara,L,1.0 kg, $12.95 , $25.90 ,Arabica,Light,No
Lib,M,0.5 kg, $8.73 , $43.65 ,Liberica,Medium,No
Ara,L,0.5 kg, $7.77 , $46.62 ,Arabica,Light,No
Lib,L,0.5 kg, $9.51 , $28.53 ,Liberica,Light,No
Rob,L,2.5 kg, $27.49 , $27.49 ,Robusta,Light,Yes
Exc,D,0.2 kg, $3.65 , $10.94 ,Excelsa,Dark,No
Rob,L,0.2 kg, $3.59 , $7.17 ,Robusta,Light,No
Ara,L,0.2 kg, $3.89 , $23.31 ,Arabica,Light,Yes
Ara,D,2.5 kg, $22.89 , $114.43 ,Arabica,Dark,Yes
Ara,M,2.5 kg, $25.88 , $77.63 ,Arabica,Medium,Yes
Rob,D,0.5 kg, $5.37 , $5.37 ,Robusta,Dark,Yes
Rob,D,2.5 kg, $20.59 , $123.51 ,Robusta,Dark,No
Lib,M,0.5 kg, $8.73 , $17.46 ,Liberica,Medium,No
Exc,L,0.2 kg, $4.46 , $13.37 ,Excelsa,Light,No
Ara,L,0.2 kg, $3.89 , $7.77 ,Arabica,Light,Yes
Rob,D,0.2 kg, $2.69 , $2.69 ,Robusta,Dark,Yes
Rob,D,2.5 kg, $20.59 , $20.59 ,Robusta,Dark,Yes
Ara,D,2.5 kg, $22.89 , $114.43 ,Arabica,Dark,Yes
Exc,M,0.2 kg, $4.13 , $20.63 ,Excelsa,Medium,No
Lib,L,0.5 kg, $9.51 , $57.06 ,Liberica,Light,Yes
Rob,D,2.5 kg, $20.59 , $82.34 ,Robusta,Dark,Yes
Exc,M,2.5 kg, $31.63 , $158.13 ,Excelsa,Medium,No
Rob,D,0.5 kg, $5.37 , $32.22 ,Robusta,Dark,Yes
Exc,D,1.0 kg, $12.15 , $24.30 ,Excelsa,Dark,No
Rob,L,0.5 kg, $7.17 , $35.85 ,Robusta,Light,No
Lib,M,1.0 kg, $14.55 , $72.75 ,Liberica,Medium,No
Lib,L,1.0 kg, $15.85 , $47.55 ,Liberica,Light,No
Rob,L,0.2 kg, $3.59 , $3.59 ,Robusta,Light,Yes
Exc,M,2.5 kg, $31.63 , $158.13 ,Excelsa,Medium,No
Lib,M,0.5 kg, $8.73 , $17.46 ,Liberica,Medium,No
Ara,L,2.5 kg, $29.79 , $148.93 ,Arabica,Light,No
Ara,M,0.5 kg, $6.75 , $40.50 ,Arabica,Medium,Yes
Ara,M,0.5 kg, $6.75 , $27.00 ,Arabica,Medium,Yes
Lib,D,1.0 kg, $12.95 , $38.85 ,Liberica,Dark,No
Rob,L,1.0 kg, $11.95 , $59.75 ,Robusta,Light,No
Rob,L,0.2 kg, $3.59 , $10.76 ,Robusta,Light,No
Ara,D,2.5 kg, $22.89 , $91.54 ,Arabica,Dark,No
Ara,M,1.0 kg, $11.25 , $45.00 ,Arabica,Medium,Yes
Rob,M,2.5 kg, $22.89 , $137.31 ,Robusta,Medium,Yes
Ara,M,0.5 kg, $6.75 , $6.75 ,Arabica,Medium,No
Ara,M,1.0 kg, $11.25 , $45.00 ,Arabica,Medium,No
Exc,D,2.5 kg, $27.95 , $83.84 ,Excelsa,Dark,Yes
Exc,D,0.2 kg, $3.65 , $3.65 ,Excelsa,Dark,Yes
Ara,M,0.5 kg, $6.75 , $6.75 ,Arabica,Medium,No
Exc,D,0.5 kg, $7.29 , $21.87 ,Excelsa,Dark,No
Rob,D,0.2 kg, $2.69 , $13.43 ,Robusta,Dark,Yes
Rob,D,2.5 kg, $20.59 , $123.51 ,Robusta,Dark,No
Lib,D,0.2 kg, $3.89 , $7.77 ,Liberica,Dark,No
Ara,M,1.0 kg, $11.25 , $67.50 ,Arabica,Medium,Yes
Exc,D,2.5 kg, $27.95 , $27.95 ,Excelsa,Dark,No
Ara,L,2.5 kg, $29.79 , $89.36 ,Arabica,Light,No
Ara,M,0.5 kg, $6.75 , $20.25 ,Arabica,Medium,No
Ara,M,0.5 kg, $6.75 , $33.75 ,Arabica,Medium,Yes
Exc,D,2.5 kg, $27.95 , $111.78 ,Excelsa,Dark,No
Exc,M,2.5 kg, $31.63 , $63.25 ,Excelsa,Medium,Yes
Exc,L,0.2 kg, $4.46 , $8.91 ,Excelsa,Light,Yes
Exc,D,1.0 kg, $12.15 , $12.15 ,Excelsa,Dark,Yes
Ara,D,0.5 kg, $5.97 , $23.88 ,Arabica,Dark,Yes
Exc,M,1.0 kg, $13.75 , $55.00 ,Excelsa,Medium,No
Rob,D,1.0 kg, $8.95 , $26.85 ,Robusta,Dark,Yes
Rob,M,2.5 kg, $22.89 , $114.43 ,Robusta,Medium,No
Ara,M,2.5 kg, $25.88 , $155.25 ,Arabica,Medium,Yes
Lib,D,0.5 kg, $7.77 , $23.31 ,Liberica,Dark,Yes
Rob,M,2.5 kg, $22.89 , $91.54 ,Robusta,Medium,Yes
Exc,L,1.0 kg, $14.85 , $74.25 ,Excelsa,Light,Yes
Lib,L,0.2 kg, $4.76 , $28.53 ,Liberica,Light,No
Rob,L,0.5 kg, $7.17 , $14.34 ,Robusta,Light,Yes
Ara,L,0.5 kg, $7.77 , $15.54 ,Arabica,Light,Yes
Rob,L,1.0 kg, $11.95 , $35.85 ,Robusta,Light,No
Ara,L,0.5 kg, $7.77 , $46.62 ,Arabica,Light,No
Rob,L,0.5 kg, $7.17 , $35.85 ,Robusta,Light,No
Lib,D,2.5 kg, $29.79 , $119.14 ,Liberica,Dark,No
Lib,D,0.5 kg, $7.77 , $23.31 ,Liberica,Dark,No
Ara,M,1.0 kg, $11.25 , $11.25 ,Arabica,Medium,No
Exc,D,2.5 kg, $27.95 , $83.84 ,Excelsa,Dark,Yes
Rob,L,2.5 kg, $27.49 , $109.94 ,Robusta,Light,No
Rob,L,0.2 kg, $3.59 , $14.34 ,Robusta,Light,Yes
Rob,L,0.2 kg, $3.59 , $21.51 ,Robusta,Light,No
Ara,M,1.0 kg, $11.25 , $22.50 ,Arabica,Medium,Yes
Ara,L,0.2 kg, $3.89 , $3.89 ,Arabica,Light,Yes
Exc,D,2.5 kg, $27.95 , $27.95 ,Excelsa,Dark,Yes
Exc,L,2.5 kg, $34.16 , $170.78 ,Excelsa,Light,Yes
Rob,L,2.5 kg, $27.49 , $54.97 ,Robusta,Light,Yes
Exc,L,1.0 kg, $14.85 , $14.85 ,Excelsa,Light,Yes
Ara,L,0.2 kg, $3.89 , $7.77 ,Arabica,Light,Yes
Lib,L,0.2 kg, $4.76 , $23.78 ,Liberica,Light,Yes
Lib,L,1.0 kg, $15.85 , $79.25 ,Liberica,Light,Yes
Ara,D,2.5 kg, $22.89 , $45.77 ,Arabica,Dark,Yes
Rob,D,1.0 kg, $8.95 , $8.95 ,Robusta,Dark,Yes
Rob,M,0.5 kg, $5.97 , $23.88 ,Robusta,Medium,Yes
Exc,L,0.2 kg, $4.46 , $22.28 ,Excelsa,Light,No
Rob,M,1.0 kg, $9.95 , $29.85 ,Robusta,Medium,Yes
Exc,L,0.5 kg, $8.91 , $53.46 ,Excelsa,Light,Yes
Rob,D,0.2 kg, $2.69 , $2.69 ,Robusta,Dark,Yes
Rob,M,0.2 kg, $2.99 , $5.97 ,Robusta,Medium,No
Lib,D,1.0 kg, $12.95 , $12.95 ,Liberica,Dark,Yes
Exc,M,0.5 kg, $8.25 , $8.25 ,Excelsa,Medium,No
Ara,L,2.5 kg, $29.79 , $148.93 ,Arabica,Light,No
Ara,L,2.5 kg, $29.79 , $89.36 ,Arabica,Light,Yes
Lib,M,1.0 kg, $14.55 , $87.30 ,Liberica,Medium,No
Rob,D,0.5 kg, $5.37 , $5.37 ,Robusta,Dark,Yes
Ara,D,0.2 kg, $2.99 , $8.96 ,Arabica,Dark,Yes
Rob,L,2.5 kg, $27.49 , $137.43 ,Robusta,Light,Yes
Rob,L,1.0 kg, $11.95 , $59.75 ,Robusta,Light,No
Ara,L,0.5 kg, $7.77 , $23.31 ,Arabica,Light,No
Rob,D,0.5 kg, $5.37 , $10.74 ,Robusta,Dark,No
Exc,D,2.5 kg, $27.95 , $167.67 ,Excelsa,Dark,Yes
Exc,D,0.2 kg, $3.65 , $21.87 ,Excelsa,Dark,Yes
Rob,L,1.0 kg, $11.95 , $23.90 ,Robusta,Light,Yes
Ara,M,0.2 kg, $3.38 , $6.75 ,Arabica,Medium,Yes
Exc,M,2.5 kg, $31.63 , $31.63 ,Excelsa,Medium,Yes
Rob,L,1.0 kg, $11.95 , $47.80 ,Robusta,Light,No
Lib,M,2.5 kg, $33.47 , $33.47 ,Liberica,Medium,No
Ara,D,0.5 kg, $5.97 , $29.85 ,Arabica,Dark,Yes
Rob,M,1.0 kg, $9.95 , $29.85 ,Robusta,Medium,Yes
Ara,M,2.5 kg, $25.88 , $155.25 ,Arabica,Medium,Yes
Exc,D,0.2 kg, $3.65 , $18.23 ,Excelsa,Dark,No
Lib,D,0.5 kg, $7.77 , $15.54 ,Liberica,Dark,No
Lib,L,2.5 kg, $36.46 , $109.37 ,Liberica,Light,No
Ara,L,1.0 kg, $12.95 , $77.70 ,Arabica,Light,No
Ara,D,0.2 kg, $2.99 , $8.96 ,Arabica,Dark,No
Rob,L,2.5 kg, $27.49 , $27.49 ,Robusta,Light,No
Rob,M,0.5 kg, $5.97 , $29.85 ,Robusta,Medium,No
Ara,M,0.5 kg, $6.75 , $27.00 ,Arabica,Medium,No
Ara,D,1.0 kg, $9.95 , $9.95 ,Arabica,Dark,No
Exc,M,0.2 kg, $4.13 , $12.38 ,Excelsa,Medium,Yes
2017-07-26,2017-07-26,2,6,,,,
1026,1370,4,2017-07-26,2017-07-28,2017-07-29,1,2
1027,588,4,2017-07-26,2017-07-28,2017-07-28,2,6
1028,1273,4,2017-07-27,2017-07-28,2017-07-30,2,7
1029,407,4,2017-07-29,2017-07-30,2017-08-01,1,3
1030,161,4,2017-07-29,2017-07-30,2017-07-31,2,6
1031,1308,4,2017-07-30,2017-08-01,2017-08-02,1,2
1032,429,4,2017-07-30,2017-08-02,2017-08-01,2,6
1033,582,4,2017-07-30,2017-07-31,2017-08-02,2,7
1034,895,4,2017-07-30,2017-07-31,2017-07-31,2,7
1035,1283,4,2017-07-30,2017-08-02,2017-08-02,2,6
1036,1442,4,2017-07-30,2017-08-01,2017-07-31,2,6
1037,1229,4,2017-07-31,2017-08-02,2017-08-03,2,6
1038,1281,4,2017-07-31,2017-08-01,2017-08-03,2,7
1039,1077,4,2017-08-02,2017-08-04,2017-08-03,2,7
1040,1225,4,2017-08-04,2017-08-07,2017-08-05,1,2
1041,70,4,2017-08-04,2017-08-06,2017-08-05,2,7
1042,539,4,2017-08-06,2017-08-07,2017-08-07,2,7
1043,1235,4,2017-08-06,2017-08-09,2017-08-08,2,6
1044,1270,4,2017-08-07,2017-08-10,2017-08-08,2,7
1045,185,4,2017-08-07,2017-08-09,2017-08-10,3,9
1046,1134,4,2017-08-07,2017-08-09,2017-08-08,3,8
1047,116,3,2017-08-08,2017-08-08,,3,8
1048,777,4,2017-08-08,2017-08-10,2017-08-09,2,7
1049,194,4,2017-08-09,2017-08-11,2017-08-10,1,2
1050,239,4,2017-08-09,2017-08-12,2017-08-12,1,3
1051,209,4,2017-08-10,2017-08-11,2017-08-11,2,7
1052,460,4,2017-08-10,2017-08-12,2017-08-13,2,6
1053,1439,4,2017-08-10,2017-08-11,2017-08-12,2,6
1054,189,4,2017-08-11,2017-08-12,2017-08-12,2,7
1055,140,4,2017-08-12,2017-08-15,2017-08-15,2,6
1056,325,4,2017-08-12,2017-08-15,2017-08-13,2,7
1057,456,4,2017-08-12,2017-08-15,2017-08-13,2,7
1058,782,4,2017-08-13,2017-08-16,2017-08-14,2,6
1059,6,4,2017-08-14,2017-08-17,2017-08-17,2,7
1060,182,4,2017-08-15,2017-08-18,2017-08-17,2,6
1061,655,4,2017-08-15,2017-08-18,2017-08-18,2,7
1062,1210,4,2017-08-15,2017-08-17,2017-08-18,2,6
1063,198,4,2017-08-16,2017-08-19,2017-08-19,3,8
1064,898,4,2017-08-16,2017-08-18,2017-08-19,3,9
1065,25,4,2017-08-17,2017-08-19,2017-08-19,2,7
1066,106,4,2017-08-17,2017-08-20,2017-08-19,2,7
1067,225,4,2017-08-17,2017-08-19,2017-08-19,2,7
1068,453,4,2017-08-17,2017-08-20,2017-08-19,2,7
1069,493,4,2017-08-17,2017-08-19,2017-08-18,2,6
1070,596,4,2017-08-17,2017-08-20,2017-08-18,2,7
1071,602,4,2017-08-17,2017-08-20,2017-08-18,3,8
1072,47,3,2017-08-18,2017-08-18,,1,3
1073,911,4,2017-08-18,2017-08-19,2017-08-21,2,7
1074,11,3,2017-08-19,2017-08-19,,2,6
1075,1003,4,2017-08-19,2017-08-21,2017-08-22,1,3
1076,42,4,2017-08-19,2017-08-22,2017-08-22,2,6
1077,412,4,2017-08-19,2017-08-20,2017-08-21,2,6
1078,793,4,2017-08-19,2017-08-21,2017-08-20,2,6
1079,812,4,2017-08-19,2017-08-20,2017-08-20,2,7
1080,1086,4,2017-08-19,2017-08-20,2017-08-20,2,7
1081,1106,4,2017-08-19,2017-08-22,2017-08-22,2,6
1082,1327,4,2017-08-20,2017-08-22,2017-08-21,2,6
1083,1372,4,2017-08-20,2017-08-23,2017-08-23,2,6
1084,2,4,2017-08-21,2017-08-24,2017-08-23,1,2
1085,305,4,2017-08-21,2017-08-23,2017-08-23,1,3
1086,220,4,2017-08-21,2017-08-23,2017-08-24,2,7
1087,675,4,2017-08-22,2017-08-23,2017-08-25,3,8
1088,1160,4,2017-08-22,2017-08-23,2017-08-23,3,8
1089,46,3,2017-08-23,2017-08-23,,1,2
1090,1427,4,2017-08-24,2017-08-26,2017-08-26,1,2
1091,1260,4,2017-08-24,2017-08-25,2017-08-25,2,7
1092,40,4,2017-08-25,2017-08-28,2017-08-27,1,2
1093,326,4,2017-08-25,2017-08-28,2017-08-26,1,3
1094,828,4,2017-08-25,2017-08-27,2017-08-28,2,6
1095,1382,4,2017-08-26,2017-08-28,2017-08-27,3,9
1096,589,4,2017-08-27,2017-08-29,2017-08-29,1,2
1097,1311,4,2017-08-27,2017-08-30,2017-08-28,2,6
1098,752,4,2017-08-28,2017-08-30,2017-08-30,1,2
1099,1128,4,2017-08-28,2017-08-29,2017-08-30,2,6
1100,1392,4,2017-08-28,2017-08-29,2017-08-29,2,7
1101,379,4,2017-08-29,2017-08-30,2017-08-30,2,7
1102,1317,4,2017-08-29,2017-08-31,2017-08-31,2,6
1103,1394,4,2017-08-31,2017-09-02,2017-09-02,2,7
1104,268,4,2017-09-01,2017-09-04,2017-09-03,2,6
1105,747,4,2017-09-01,2017-09-04,2017-09-03,3,8
1106,1009,4,2017-09-02,2017-09-04,2017-09-04,2,6
1107,1424,4,2017-09-02,2017-09-05,2017-09-05,2,7
1108,735,4,2017-09-03,2017-09-05,2017-09-04,1,3
1109,23,4,2017-09-03,2017-09-04,2017-09-04,2,6
1110,912,4,2017-09-04,2017-09-07,2017-09-07,2,6
1111,930,4,2017-09-04,2017-09-06,2017-09-05,2,6
1112,798,4,2017-09-05,2017-09-08,2017-09-07,2,7
1113,388,4,2017-09-06,2017-09-08,2017-09-07,2,7
1114,1036,4,2017-09-06,2017-09-08,2017-09-08,2,6
1115,1100,4,2017-09-07,2017-09-09,2017-09-09,2,6
1116,52,4,2017-09-08,2017-09-10,2017-09-10,2,7
1117,334,4,2017-09-08,2017-09-10,2017-09-10,2,6
1118,1023,4,2017-09-08,2017-09-11,2017-09-11,2,6
1119,749,4,2017-09-10,2017-09-12,2017-09-13,1,2
1120,1269,4,2017-09-10,2017-09-12,2017-09-13,2,7
1121,143,4,2017-09-11,2017-09-13,2017-09-12,2,7
1122,1132,4,2017-09-12,2017-09-14,2017-09-14,2,6
1123,598,4,2017-09-13,2017-09-14,2017-09-14,2,7
1124,275,4,2017-09-13,2017-09-14,2017-09-16,3,9
1125,945,4,2017-09-14,2017-09-15,2017-09-15,2,7
1126,1213,4,2017-09-14,2017-09-16,2017-09-15,3,8
1127,494,4,2017-09-15,2017-09-16,2017-09-16,2,7
1128,936,4,2017-09-15,2017-09-17,2017-09-16,2,6
1129,663,4,2017-09-17,2017-09-18,2017-09-20,2,6
1130,69,4,2017-09-18,2017-09-20,2017-09-20,1,3
1131,1178,4,2017-09-18,2017-09-20,2017-09-19,1,3
1132,351,4,2017-09-19,2017-09-20,2017-09-20,2,6
1133,517,4,2017-09-19,2017-09-21,2017-09-21,2,7
1134,978,4,2017-09-19,2017-09-22,2017-09-20,2,6
1135,1347,4,2017-09-19,2017-09-21,2017-09-20,2,6
1136,1050,4,2017-09-20,2017-09-21,2017-09-21,2,6
1137,810,4,2017-09-20,2017-09-23,2017-09-23,3,8
1138,254,4,2017-09-21,2017-09-23,2017-09-22,1,2
1139,1006,4,2017-09-21,2017-09-22,2017-09-23,1,2
1140,1063,4,2017-09-21,2017-09-22,2017-09-22,3,8
1141,1076,4,2017-09-22,2017-09-23,2017-09-24,1,2
1142,554,4,2017-09-23,2017-09-26,2017-09-26,1,3
1143,1087,4,2017-09-24,2017-09-26,2017-09-27,1,2
1144,1414,4,2017-09-24,2017-09-27,2017-09-27,2,7
1145,617,4,2017-09-25,2017-09-27,2017-09-26,2,6
1146,757,4,2017-09-25,2017-09-26,2017-09-28,2,7
1147,1344,4,2017-09-25,2017-09-26,2017-09-27,2,6
1148,1379,4,2017-09-25,2017-09-26,2017-09-27,2,7
1149,787,4,2017-09-27,2017-09-30,2017-09-30,2,7
1150,1183,4,2017-09-28,2017-10-01,2017-09-30,2,7
1151,708,4,2017-09-29,2017-09-30,2017-09-30,1,3
1152,1244,4,2017-09-29,2017-10-02,2017-10-01,2,6
1153,720,4,2017-09-30,2017-10-03,2017-10-03,2,7
1154,789,4,2017-09-30,2017-10-03,2017-10-03,2,7
1155,865,4,2017-09-30,2017-10-01,2017-10-01,2,7
1156,869,4,2017-09-30,2017-10-03,2017-10-03,2,7
1157,24,4,2017-10-01,2017-10-03,2017-10-04,1,3
1158,889,4,2017-10-01,2017-10-03,2017-10-02,1,2
1159,1221,4,2017-10-01,2017-10-02,2017-10-03,1,3
1160,1262,4,2017-10-01,2017-10-02,2017-10-04,1,2
1161,41,4,2017-10-01,2017-10-04,2017-10-02,2,7
1162,888,4,2017-10-01,2017-10-03,2017-10-03,2,6
1163,934,4,2017-10-01,2017-10-02,2017-10-02,2,6
1164,1067,4,2017-10-01,2017-10-02,2017-10-03,2,6
1165,652,4,2017-10-02,2017-10-03,2017-10-05,2,7
1166,286,4,2017-10-03,2017-10-04,2017-10-04,2,7
1167,900,4,2017-10-04,2017-10-07,2017-10-06,1,2
1168,1031,4,2017-10-04,2017-10-05,2017-10-06,2,6
1169,1421,4,2017-10-04,2017-10-06,2017-10-07,2,7
1170,534,4,2017-10-05,2017-10-07,2017-10-06,2,6
1171,826,4,2017-10-05,2017-10-06,2017-10-08,2,6
1172,1339,4,2017-10-07,2017-10-10,2017-10-09,2,7
1173,548,4,2017-10-08,2017-10-10,2017-10-09,2,7
1174,1109,4,2017-10-08,2017-10-10,2017-10-11,2,6
1175,292,4,2017-10-09,2017-10-11,2017-10-12,2,6
1176,1111,4,2017-10-10,2017-10-13,2017-10-11,3,9
1177,21,3,2017-10-12,2017-10-12,,3,9
1178,771,4,2017-10-12,2017-10-15,2017-10-13,2,6
1179,1150,4,2017-10-12,2017-10-15,2017-10-15,3,9
1180,1065,4,2017-10-13,2017-10-16,2017-10-16,1,3
1181,1022,4,2017-10-13,2017-10-16,2017-10-15,2,7
1182,1422,4,2017-10-13,2017-10-14,2017-10-16,2,7
1183,216,4,2017-10-14,2017-10-17,2017-10-17,2,6
1184,369,4,2017-10-14,2017-10-15,2017-10-16,2,6
1185,960,4,2017-10-14,2017-10-16,2017-10-17,2,6
1186,1120,4,2017-10-14,2017-10-16,2017-10-15,2,6
1187,486,4,2017-10-15,2017-10-18,2017-10-16,2,6
1188,647,4,2017-10-15,2017-10-18,2017-10-17,2,7
1189,1090,4,2017-10-15,2017-10-17,2017-10-18,2,6
1190,34,4,2017-10-16,2017-10-19,2017-10-17,2,6
1191,186,4,2017-10-17,2017-10-18,2017-10-18,2,6
1192,1114,4,2017-10-17,2017-10-19,2017-10-18,2,6
1193,1412,4,2017-10-17,2017-10-19,2017-10-19,2,7
1194,192,4,2017-10-19,2017-10-22,2017-10-22,1,2
1195,229,4,2017-10-19,2017-10-21,2017-10-21,2,7
1196,508,4,2017-10-19,2017-10-21,2017-10-20,2,6
1197,269,4,2017-10-21,2017-10-23,2017-10-23,2,6
1198,1289,4,2017-10-22,2017-10-24,2017-10-24,2,7
1199,318,4,2017-10-23,2017-10-24,2017-10-26,1,2
1200,48,4,2017-10-23,2017-10-25,2017-10-26,2,6
1201,201,4,2017-10-23,2017-10-24,2017-10-24,2,6
1202,593,4,2017-10-24,2017-10-25,2017-10-25,2,6
1203,1191,4,2017-10-25,2017-10-27,2017-10-26,2,7
1204,1277,4,2017-10-25,2017-10-28,2017-10-28,2,6
1205,1091,4,2017-10-26,2017-10-28,2017-10-28,1,2
1206,222,4,2017-10-26,2017-10-29,2017-10-29,2,6
1207,1002,4,2017-10-26,2017-10-28,2017-10-27,2,6
1208,1226,4,2017-10-26,2017-10-28,2017-10-27,2,7
1209,1342,4,2017-10-26,2017-10-27,2017-10-29,2,7
1210,730,4,2017-10-26,2017-10-27,2017-10-29,3,8
1211,19,4,2017-10-27,2017-10-28,2017-10-29,2,7
1212,213,4,2017-10-27,2017-10-30,2017-10-29,2,6
1213,669,4,2017-10-27,2017-10-29,2017-10-29,3,9
1214,783,4,2017-10-28,2017-10-29,2017-10-29,2,6
1215,807,4,2017-10-28,2017-10-31,2017-10-30,2,7
1216,886,4,2017-10-28,2017-10-30,2017-10-29,2,7
1217,1155,4,2017-10-28,2017-10-31,2017-10-30,2,7
1218,1017,4,2017-10-30,2017-11-01,2017-10-31,1,2
1219,840,4,2017-10-30,2017-11-02,2017-11-02,2,7
1220,803,4,2017-10-31,2017-11-03,2017-11-03,2,6
1221,1290,4,2017-10-31,2017-11-02,2017-11-01,2,7
1222,482,4,2017-11-01,2017-11-04,2017-11-03,3,9
1223,1207,4,2017-11-02,2017-11-03,2017-11-03,2,6
1224,544,4,2017-11-03,2017-11-04,2017-11-04,2,6
1225,768,4,2017-11-04,2017-11-05,2017-11-07,1,2
1226,226,4,2017-11-04,2017-11-07,2017-11-06,2,7
1227,702,4,2017-11-04,2017-11-07,2017-11-06,2,6
1228,1041,4,2017-11-04,2017-11-06,2017-11-06,2,6
1229,89,4,2017-11-05,2017-11-08,2017-11-06,1,3
1230,1107,4,2017-11-05,2017-11-06,2017-11-07,2,6
1231,1180,4,2017-11-05,2017-11-07,2017-11-06,2,6
1232,665,4,2017-11-06,2017-11-07,2017-11-09,1,3
1233,462,4,2017-11-06,2017-11-07,2017-11-08,2,6
1234,19,3,2017-11-07,2017-11-07,,2,6
1235,210,4,2017-11-07,2017-11-08,2017-11-09,2,6
1236,243,4,2017-11-08,2017-11-11,2017-11-09,2,7
1237,571,4,2017-11-09,2017-11-12,2017-11-11,1,2
1238,998,4,2017-11-09,2017-11-10,2017-11-11,2,6
1239,1197,4,2017-11-09,2017-11-10,2017-11-11,2,7
1240,903,4,2017-11-10,2017-11-11,2017-11-11,2,7
1241,1170,4,2017-11-10,2017-11-12,2017-11-11,2,7
1242,303,4,2017-11-11,2017-11-12,2017-11-12,2,6
1243,346,4,2017-11-11,2017-11-13,2017-11-14,2,6
1244,333,4,2017-11-12,2017-11-14,2017-11-13,2,6
1245,1166,4,2017-11-13,2017-11-16,2017-11-14,2,7
1246,1329,4,2017-11-13,2017-11-16,2017-11-16,2,7
1247,426,4,2017-11-16,2017-11-18,2017-11-17,1,2
1248,1367,4,2017-11-16,2017-11-17,2017-11-18,1,3
1249,545,4,2017-11-17,2017-11-18,2017-11-20,2,6
1250,1188,4,2017-11-17,2017-11-19,2017-11-18,2,6
1251,289,4,2017-11-17,2017-11-19,2017-11-19,3,9
1252,110,4,2017-11-18,2017-11-20,2017-11-21,1,3
1253,44,4,2017-11-18,2017-11-21,2017-11-21,2,6
1254,1098,4,2017-11-18,2017-11-19,2017-11-19,2,7
1255,375,4,2017-11-19,2017-11-20,2017-11-21,2,6
1256,458,4,2017-11-19,2017-11-20,2017-11-22,2,6
1257,1136,4,2017-11-19,2017-11-22,2017-11-20,2,7
1258,1099,4,2017-11-20,2017-11-21,2017-11-22,2,7
1259,4,3,2017-11-21,2017-11-21,,2,7
1260,1117,4,2017-11-22,2017-11-23,2017-11-24,2,6
1261,435,4,2017-11-23,2017-11-25,2017-11-24,2,7
1262,509,4,2017-11-23,2017-11-26,2017-11-26,2,6
1263,1408,4,2017-11-23,2017-11-26,2017-11-26,2,6
1264,113,4,2017-11-24,2017-11-27,2017-11-25,2,6
1265,950,4,2017-11-24,2017-11-27,2017-11-27,2,7
1266,387,4,2017-11-25,2017-11-28,2017-11-27,2,6
1267,467,4,2017-11-25,2017-11-26,2017-11-26,2,6
1268,774,4,2017-11-26,2017-11-28,2017-11-29,1,3
1269,1236,4,2017-11-26,2017-11-29,2017-11-29,2,6
1270,1388,4,2017-11-26,2017-11-29,2017-11-29,2,6
1271,734,4,2017-11-27,2017-11-30,2017-11-30,2,6
1272,935,4,2017-11-27,2017-11-29,2017-11-30,2,6
1273,1268,4,2017-11-27,2017-11-29,2017-11-29,2,6
1274,1364,4,2017-11-28,2017-11-29,2017-12-01,2,7
1275,165,4,2017-11-29,2017-12-01,2017-11-30,1,2
1276,893,4,2017-11-30,2017-12-03,2017-12-02,2,6
1277,227,4,2017-12-01,2017-12-04,2017-12-02,2,6
1278,980,4,2017-12-01,2017-12-02,2017-12-04,2,7
1279,1014,4,2017-12-01,2017-12-04,2017-12-03,2,6
1280,123,4,2017-12-01,2017-12-03,2017-12-03,3,9
1281,1060,4,2017-12-02,2017-12-05,2017-12-05,2,6
1282,320,4,2017-12-03,2017-12-05,2017-12-05,2,6
1283,85,4,2017-12-04,2017-12-07,2017-12-07,2,7
1284,128,4,2017-12-04,2017-12-06,2017-12-07,2,7
1285,262,4,2017-12-04,2017-12-07,2017-12-07,2,7
1286,1033,4,2017-12-04,2017-12-07,2017-12-06,2,7
1287,279,4,2017-12-07,2017-12-10,2017-12-09,1,3
1288,778,4,2017-12-07,2017-12-10,2017-12-09,3,9
1289,1292,4,2017-12-08,2017-12-11,2017-12-10,1,3
1290,967,4,2017-12-08,2017-12-10,2017-12-10,2,6
1291,1284,4,2017-12-09,2017-12-11,2017-12-12,2,6
1292,285,4,2017-12-10,2017-12-13,2017-12-11,2,6
1293,1401,4,2017-12-10,2017-12-12,2017-12-11,2,7
1294,947,4,2017-12-11,2017-12-13,2017-12-14,1,2
1295,37,4,2017-12-11,2017-12-12,2017-12-14,2,7
1296,231,4,2017-12-14,2017-12-17,2017-12-15,1,3
1297,108,4,2017-12-14,2017-12-17,2017-12-16,2,6
1298,533,4,2017-12-14,2017-12-17,2017-12-16,3,9
1299,1216,4,2017-12-15,2017-12-18,2017-12-16,1,2
1300,824,4,2017-12-15,2017-12-17,2017-12-17,2,6
1301,1088,4,2017-12-16,2017-12-19,2017-12-19,1,3
1302,322,4,2017-12-16,2017-12-18,2017-12-19,2,7
1303,878,4,2017-12-16,2017-12-19,2017-12-18,2,7
1304,1409,4,2017-12-16,2017-12-17,2017-12-17,2,6
1305,257,4,2017-12-17,2017-12-19,2017-12-18,2,7
1306,28,4,2017-12-20,2017-12-21,2017-12-22,2,6
1307,1384,4,2017-12-22,2017-12-23,2017-12-25,1,2
1308,713,4,2017-12-22,2017-12-24,2017-12-24,2,7
1309,821,4,2017-12-22,2017-12-25,2017-12-24,2,6
1310,444,4,2017-12-24,2017-12-25,2017-12-26,1,3
1311,1021,4,2017-12-24,2017-12-26,2017-12-27,2,6
1312,311,4,2017-12-25,2017-12-28,2017-12-26,1,3
1313,1294,4,2017-12-25,2017-12-27,2017-12-27,1,3
1314,1027,4,2017-12-25,2017-12-26,2017-12-28,2,7
1315,931,4,2017-12-25,2017-12-27,2017-12-28,3,9
1316,846,4,2017-12-26,2017-12-29,2017-12-27,1,3
1317,418,4,2017-12-27,2017-12-28,2017-12-29,1,3
1318,75,4,2017-12-27,2017-12-30,2017-12-29,2,6
1319,604,4,2017-12-27,2017-12-30,2017-12-30,2,6
1320,244,4,2017-12-28,2017-12-30,2017-12-29,1,3
1321,217,4,2017-12-30,2017-12-31,2017-12-31,1,3
1322,39,4,2017-12-31,2018-01-03,2018-01-02,2,7
1323,273,4,2017-12-31,2018-01-01,2018-01-01,2,6
1324,862,4,2018-01-01,2018-01-04,2018-01-03,2,6
1325,68,4,2018-01-01,2018-01-02,2018-01-03,3,8
1326,567,4,2018-01-01,2018-01-03,2018-01-02,3,9
1327,1026,4,2018-01-02,2018-01-03,2018-01-05,2,6
1328,1083,4,2018-01-02,2018-01-03,2018-01-03,2,6
1329,443,4,2018-01-04,2018-01-05,2018-01-06,1,3
1330,761,4,2018-01-04,2018-01-05,2018-01-07,2,7
1331,1122,4,2018-01-05,2018-01-06,2018-01-08,2,6
1332,256,4,2018-01-06,2018-01-07,2018-01-09,2,7
1333,203,4,2018-01-06,2018-01-07,2018-01-07,3,8
1334,425,4,2018-01-07,2018-01-09,2018-01-10,2,6
1335,955,4,2018-01-07,2018-01-08,2018-01-08,2,7
1336,904,4,2018-01-09,2018-01-10,2018-01-12,1,2
1337,970,4,2018-01-09,2018-01-12,2018-01-12,2,7
1338,905,4,2018-01-10,2018-01-11,2018-01-13,2,6
1339,580,4,2018-01-11,2018-01-14,2018-01-13,1,3
1340,1066,4,2018-01-12,2018-01-13,2018-01-13,1,3
1341,1258,4,2018-01-12,2018-01-13,2018-01-14,2,7
1342,1393,4,2018-01-12,2018-01-13,2018-01-15,2,7
1343,594,4,2018-01-13,2018-01-15,2018-01-14,2,6
1344,916,4,2018-01-13,2018-01-16,2018-01-15,2,6
1345,1037,4,2018-01-14,2018-01-15,2018-01-15,2,6
1346,136,4,2018-01-14,2018-01-15,2018-01-15,3,8
1347,247,4,2018-01-15,2018-01-18,2018-01-18,1,2
1348,1214,4,2018-01-15,2018-01-17,2018-01-17,1,2
1349,464,4,2018-01-15,2018-01-17,2018-01-16,2,6
1350,637,4,2018-01-15,2018-01-18,2018-01-17,2,7
1351,1016,4,2018-01-16,2018-01-19,2018-01-19,2,7
1352,1433,4,2018-01-16,2018-01-18,2018-01-18,2,6
1353,502,4,2018-01-17,2018-01-19,2018-01-18,2,6
1354,476,4,2018-01-19,2018-01-20,2018-01-21,1,3
1355,1010,4,2018-01-19,2018-01-21,2018-01-20,2,7
1356,1161,4,2018-01-19,2018-01-21,2018-01-22,2,6
1357,440,4,2018-01-20,2018-01-23,2018-01-21,2,6
1358,253,4,2018-01-21,2018-01-23,2018-01-24,1,2
1359,1008,4,2018-01-21,2018-01-22,2018-01-22,3,9
1360,71,4,2018-01-22,2018-01-25,2018-01-24,2,6
1361,1084,4,2018-01-22,2018-01-24,2018-01-23,2,7
1362,310,4,2018-01-23,2018-01-24,2018-01-25,2,6
1363,860,4,2018-01-24,2018-01-25,2018-01-25,2,6
1364,122,4,2018-01-25,2018-01-28,2018-01-28,2,6
1365,689,4,2018-01-25,2018-01-28,2018-01-27,2,7
1366,1441,4,2018-01-26,2018-01-27,2018-01-28,2,6
1367,1118,4,2018-01-27,2018-01-28,2018-01-28,1,3
1368,765,4,2018-01-27,2018-01-28,2018-01-29,2,6
1369,92,4,2018-01-28,2018-01-30,2018-01-30,2,6
1370,115,4,2018-01-28,2018-01-29,2018-01-29,2,7
1371,937,4,2018-01-29,2018-01-30,2018-02-01,2,7
1372,1013,4,2018-01-29,2018-02-01,2018-01-30,2,6
1373,427,4,2018-01-29,2018-01-31,2018-01-31,3,9
1374,1330,4,2018-01-30,2018-02-01,2018-02-01,1,3
1375,312,4,2018-01-30,2018-02-01,2018-02-01,3,8
1376,1186,4,2018-02-01,2018-02-02,2018-02-03,1,2
1377,1007,4,2018-02-01,2018-02-03,2018-02-03,2,7
1378,983,4,2018-02-02,2018-02-05,2018-02-04,1,2
1379,1256,4,2018-02-02,2018-02-05,2018-02-05,2,6
1380,818,4,2018-02-05,2018-02-08,2018-02-08,1,3
1381,680,4,2018-02-05,2018-02-06,2018-02-08,2,7
1382,1303,4,2018-02-06,2018-02-09,2018-02-08,2,6
1383,488,4,2018-02-07,2018-02-08,2018-02-08,1,3
1384,1126,4,2018-02-08,2018-02-10,2018-02-09,2,7
1385,866,4,2018-02-08,2018-02-11,2018-02-09,3,9
1386,1254,4,2018-02-09,2018-02-10,2018-02-11,1,2
1387,11,4,2018-02-09,2018-02-11,2018-02-11,2,7
1388,323,4,2018-02-09,2018-02-12,2018-02-12,2,7
1389,491,4,2018-02-11,2018-02-12,2018-02-14,2,7
1390,63,4,2018-02-12,2018-02-13,2018-02-13,2,7
1391,914,4,2018-02-13,2018-02-14,2018-02-14,2,7
1392,1187,4,2018-02-13,2018-02-14,2018-02-14,2,6
1393,547,4,2018-02-14,2018-02-15,2018-02-15,2,7
1394,906,4,2018-02-14,2018-02-16,2018-02-16,3,8
1395,1052,4,2018-02-15,2018-02-18,2018-02-16,1,3
1396,856,4,2018-02-15,2018-02-18,2018-02-16,2,7
1397,920,4,2018-02-15,2018-02-17,2018-02-16,2,6
1398,1383,4,2018-02-16,2018-02-19,2018-02-19,1,3
1399,146,4,2018-02-16,2018-02-18,2018-02-18,2,6
1400,987,4,2018-02-17,2018-02-18,2018-02-18,2,6
1401,15,4,2018-02-18,2018-02-19,2018-02-20,2,7
1402,1171,4,2018-02-19,2018-02-21,2018-02-21,2,6
1403,452,4,2018-02-21,2018-02-22,2018-02-22,2,7
1404,1240,4,2018-02-23,2018-02-26,2018-02-24,1,3
1405,100,4,2018-02-25,2018-02-28,2018-02-27,2,6
1406,1053,4,2018-02-25,2018-02-27,2018-02-27,2,7
1407,18,3,2018-02-26,2018-02-26,,2,6
1408,1172,4,2018-02-26,2018-02-27,2018-03-01,2,6
1409,21,4,2018-02-26,2018-02-28,2018-02-28,3,8
1410,1005,4,2018-02-27,2018-02-28,2018-02-28,2,7
1411,109,4,2018-03-01,2018-03-02,2018-03-02,1,2
1412,1043,4,2018-03-01,2018-03-02,2018-03-04,2,7
1413,56,4,2018-03-01,2018-03-03,2018-03-04,3,8
1414,293,4,2018-03-03,2018-03-05,2018-03-06,2,7
1415,839,4,2018-03-03,2018-03-04,2018-03-05,2,7
1416,566,4,2018-03-03,2018-03-04,2018-03-06,3,8
1417,300,4,2018-03-04,2018-03-06,2018-03-07,1,2
1418,364,4,2018-03-04,2018-03-05,2018-03-07,2,6
1419,474,4,2018-03-04,2018-03-07,2018-03-07,2,6
1420,838,4,2018-03-04,2018-03-05,2018-03-07,2,7
1421,1176,4,2018-03-05,2018-03-07,2018-03-07,2,7
1422,599,4,2018-03-05,2018-03-06,2018-03-08,3,8
1423,1231,4,2018-03-06,2018-03-07,2018-03-07,1,2
1424,1445,4,2018-03-07,2018-03-10,2018-03-10,1,2
1425,126,4,2018-03-07,2018-03-09,2018-03-09,2,6
1426,938,4,2018-03-07,2018-03-08,2018-03-10,2,6
1427,999,4,2018-03-07,2018-03-08,2018-03-08,2,6
1428,195,4,2018-03-08,2018-03-10,2018-03-11,2,7
1429,1116,4,2018-03-08,2018-03-09,2018-03-09,2,6
1430,1239,4,2018-03-10,2018-03-13,2018-03-11,2,7
1431,308,4,2018-03-11,2018-03-12,2018-03-14,2,6
1432,483,4,2018-03-11,2018-03-12,2018-03-14,2,6
1433,1142,4,2018-03-11,2018-03-13,2018-03-12,2,7
1434,595,4,2018-03-14,2018-03-16,2018-03-16,2,6
1435,744,4,2018-03-14,2018-03-15,2018-03-16,2,6
1436,1044,4,2018-03-14,2018-03-17,2018-03-16,2,6
1437,518,4,2018-03-15,2018-03-16,2018-03-16,1,2
1438,263,4,2018-03-15,2018-03-17,2018-03-16,2,6
1439,463,4,2018-03-15,2018-03-16,2018-03-17,2,7
1440,859,4,2018-03-15,2018-03-18,2018-03-16,3,8
1441,982,4,2018-03-15,2018-03-16,2018-03-18,3,8
1442,478,4,2018-03-16,2018-03-17,2018-03-17,2,7
1443,972,4,2018-03-16,2018-03-17,2018-03-17,2,7
1444,1154,4,2018-03-16,2018-03-17,2018-03-19,2,6
1445,515,4,2018-03-17,2018-03-18,2018-03-20,2,7
1446,820,4,2018-03-17,2018-03-18,2018-03-18,2,6
1447,1419,4,2018-03-18,2018-03-20,2018-03-20,1,3
1448,228,4,2018-03-18,2018-03-19,2018-03-21,2,6
1449,330,4,2018-03-18,2018-03-19,2018-03-20,2,7
1450,296,4,2018-03-19,2018-03-20,2018-03-22,2,7
1451,822,4,2018-03-19,2018-03-22,2018-03-20,2,6
1452,287,4,2018-03-20,2018-03-23,2018-03-23,1,3
1453,601,4,2018-03-20,2018-03-23,2018-03-22,1,3
1454,395,4,2018-03-20,2018-03-21,2018-03-22,2,6
1455,405,4,2018-03-20,2018-03-22,2018-03-21,2,6
1456,754,4,2018-03-20,2018-03-21,2018-03-23,2,7
1457,1411,4,2018-03-20,2018-03-23,2018-03-23,2,6
1458,1029,4,2018-03-20,2018-03-22,2018-03-21,3,8
1459,9,4,2018-03-21,2018-03-22,2018-03-22,2,7
1460,1131,4,2018-03-21,2018-03-23,2018-03-23,2,7
1461,139,4,2018-03-22,2018-03-25,2018-03-23,2,6
1462,1101,4,2018-03-22,2018-03-24,2018-03-24,2,6
1463,692,4,2018-03-23,2018-03-24,2018-03-24,2,7
1464,1279,4,2018-03-24,2018-03-25,2018-03-25,2,7
1465,623,4,2018-03-25,2018-03-28,2018-03-28,2,7
1466,738,4,2018-03-26,2018-03-29,2018-03-28,1,3
1467,152,4,2018-03-26,2018-03-27,2018-03-29,2,7
1468,3,4,2018-03-27,2018-03-30,2018-03-29,1,2
1469,1135,4,2018-03-27,2018-03-28,2018-03-30,3,8
1470,505,4,2018-03-28,2018-03-31,2018-03-31,2,7
1471,1310,4,2018-03-28,2018-03-30,2018-03-29,2,7
1472,114,4,2018-03-29,2018-03-30,2018-03-31,2,6
1473,302,4,2018-03-30,2018-04-01,2018-04-02,1,2
1474,816,4,2018-03-30,2018-04-01,2018-04-02,1,3
1475,112,4,2018-03-30,2018-04-01,2018-03-31,2,6
1476,35,4,2018-03-31,2018-04-01,2018-04-01,2,7
1477,180,4,2018-03-31,2018-04-03,2018-04-01,2,6
1478,392,4,2018-03-31,2018-04-02,2018-04-02,2,6
1479,23,2,2018-04-01,2018-04-01,,2,7
1480,27,2,2018-04-01,2018-04-01,,2,7
1481,62,1,2018-04-01,2018-04-01,,2,6
1482,94,1,2018-04-01,2018-04-01,,2,7
1483,15,1,2018-04-02,2018-04-02,,2,7
1484,35,2,2018-04-02,2018-04-02,,2,6
1485,51,2,2018-04-02,2018-04-02,,2,7
1486,84,2,2018-04-02,2018-04-02,,2,7
1487,33,1,2018-04-03,2018-04-03,,1,3
1488,181,2,2018-04-03,2018-04-03,,1,3
1489,194,1,2018-04-03,2018-04-03,,1,3
1490,217,2,2018-04-03,2018-04-03,,1,3
1491,82,1,2018-04-04,2018-04-04,,1,3
1492,41,1,2018-04-04,2018-04-04,,2,7
1493,64,2,2018-04-04,2018-04-04,,3,8
1494,69,2,2018-04-05,2018-04-05,,1,3
1495,86,2,2018-04-05,2018-04-05,,2,7
1496,3,1,2018-04-06,2018-04-06,,1,3
1497,31,2,2018-04-06,2018-04-06,,1,2
1498,81,1,2018-04-06,2018-04-06,,1,2
1499,120,2,2018-04-06,2018-04-06,,1,2
1500,151,2,2018-04-06,2018-04-06,,1,3
1501,52,1,2018-04-06,2018-04-06,,2,6
1502,83,2,2018-04-06,2018-04-06,,2,6
1503,208,2,2018-04-07,2018-04-07,,1,3
1504,237,2,2018-04-08,2018-04-08,,1,2
1505,22,1,2018-04-08,2018-04-08,,2,7
1506,75,1,2018-04-08,2018-04-08,,2,7
1507,85,2,2018-04-08,2018-04-08,,2,6
1508,92,2,2018-04-08,2018-04-08,,2,6
1509,2,1,2018-04-09,2018-04-09,,1,3
1510,16,2,2018-04-09,2018-04-09,,2,6
1511,25,1,2018-04-09,2018-04-09,,2,6
1512,68,1,2018-04-09,2018-04-09,,3,9
1513,32,2,2018-04-10,2018-04-10,,1,2
1514,87,2,2018-04-10,2018-04-10,,1,3
1515,61,1,2018-04-10,2018-04-10,,3,9
