No,Name,Type,Abilities,HP,Att,Def,S.Att,S.Def,Spd
10,Caterpie,bug,Shield Dust,45,30,35,20,20,45
11,Metapod,bug,Shed Skin,50,20,55,25,25,30
12,Butterfree,"bug, flying",Compoundeyes,60,45,50,80,80,70
13,Weedle,"bug, poison",Shield Dust,40,35,30,20,20,50
14,Kakuna,"bug, poison",Shed Skin,45,25,50,25,25,35
15,Beedrill,"bug, poison",Swarm,65,80,40,45,80,75
46,Paras,"bug, grass","Effect Spore, Dry Skin",35,70,55,45,55,25
47,Parasect,"bug, grass","Effect Spore, Dry Skin",60,95,80,60,80,30
48,Venonat,"bug, poison","Compoundeyes, Tinted Lens",60,55,50,40,55,45
49,Venomoth,"bug, poison","Shield Dust, Tinted Lens",70,65,60,90,75,90
123,Scyther,"bug, flying","Swarm, Technician",70,110,80,55,80,105
127,Pinsir,bug,"Hyper Cutter, Mold Breaker",65,125,100,55,70,85
165,Ledyba,"bug, flying","Swarm, Early Bird",40,20,30,40,80,55
166,Ledian,"bug, flying","Swarm, Early Bird",55,35,50,55,110,85
167,Spinarak,"bug, poison","Swarm, Insomnia",40,60,40,40,40,30
168,Ariados,"bug, poison","Swarm, Insomnia",70,90,70,60,60,40
193,Yanma,"bug, flying","Speed Boost, Compoundeyes",65,65,45,75,45,95
204,Pineco,bug,Sturdy,50,65,90,35,35,15
205,Forretress,"bug, steel",Sturdy,75,90,140,60,60,40
212,Scizor,"bug, steel","Swarm, Technician",70,130,100,55,80,65
213,Shuckle,"bug, rock","Sturdy, Gluttony",20,10,230,10,230,5
214,Heracross,"bug, fighting","Swarm, Guts",80,125,75,40,95,85
265,Wurmple,bug,Shield Dust,45,45,35,20,30,20
266,Silcoon,bug,Shed Skin,50,35,55,25,25,15
267,Beautifly,"bug, flying",Swarm,60,70,50,90,50,65
268,Cascoon,bug,Shed Skin,50,35,55,25,25,15
269,Dustox,"bug, poison",Shield Dust,60,50,70,50,90,65
283,Surskit,"bug, water",Swift Swim,40,30,32,50,52,65
284,Masquerain,"bug, flying",Intimidate,70,60,62,80,82,60
290,Nincada,"bug, ground",Compoundeyes,31,45,90,30,30,40
291,Ninjask,"bug, flying",Speed Boost,61,90,45,50,50,160
292,Shedinja,"bug, ghost",Wonder Guard,1,90,45,30,30,40
313,Volbeat,bug,"Illuminate, Swarm",65,73,55,47,75,85
314,Illumise,bug,"Oblivious, Tinted Lens",65,47,55,73,75,85
347,Anorith,"rock, bug",Battle Armor,45,95,50,40,50,75
348,Armaldo,"rock, bug",Battle Armor,75,125,100,70,80,45
197,Umbreon,dark,Synchronize,95,65,110,60,130,65
198,Murkrow,"dark, flying","Insomnia, Super Luck",60,85,42,85,42,91
215,Sneasel,"dark, ice","Inner Focus, Keen Eye",55,95,55,35,75,115
228,Houndour,"dark, fire","Early Bird, Flash Fire",45,60,30,80,50,65
229,Houndoom,"dark, fire","Early Bird, Flash Fire",75,90,50,110,80,95
248,Tyranitar,"rock, dark",Sand Stream,100,134,110,95,100,61
261,Poochyena,dark,"Run Away, Quick Feet",35,55,35,30,30,35
262,Mightyena,dark,"Intimidate, Quick Feet",70,90,70,60,60,70
274,Nuzleaf,"grass, dark","Chlorophyll, Early Bird",70,70,40,60,40,60
275,Shiftry,"grass, dark","Chlorophyll, Early Bird",90,100,60,90,60,80
302,Sableye,"dark, ghost","Keen Eye, Stall",50,75,75,65,65,50
318,Carvanha,"water, dark",Rough Skin,45,90,20,65,20,65
319,Sharpedo,"water, dark",Rough Skin,70,120,40,95,40,95
332,Cacturne,"grass, dark",Sand Veil,70,115,60,115,60,55
342,Crawdaunt,"water, dark","Hyper Cutter, Shell Armor",63,120,85,90,55,55
359,Absol,dark,"Pressure, Super Luck",65,130,60,75,60,75
147,Dratini,dragon,Shed Skin,41,64,45,50,50,50
148,Dragonair,dragon,Shed Skin,61,84,65,70,70,70
149,Dragonite,"dragon, flying",Inner Focus,91,134,95,100,100,80
230,Kingdra,"water, dragon","Swift Swim, Sniper",75,95,95,95,95,85
329,Vibrava,"ground, dragon",Levitate,50,70,50,50,50,70
330,Flygon,"ground, dragon",Levitate,80,100,80,80,80,100
334,Altaria,"dragon, flying",Natural Cure,75,70,90,70,105,80
371,Bagon,dragon,Rock Head,45,75,60,40,30,50
372,Shelgon,dragon,Rock Head,65,95,100,60,50,50
373,Salamence,"dragon, flying",Intimidate,95,135,80,110,80,100
380,Latias,"dragon, psychic",Levitate,80,80,90,110,130,110
381,Latios,"dragon, psychic",Levitate,80,90,80,130,110,110
384,Rayquaza,"dragon, flying",Air Lock,105,150,90,150,90,95
25,Pikachu,electric,Static,35,55,30,50,40,90
26,Raichu,electric,Static,60,90,55,90,80,100
81,Magnemite,"electric, steel","Magnet Pull, Sturdy",25,35,70,95,55,45
82,Magneton,"electric, steel","Magnet Pull, Sturdy",50,60,95,120,70,70
100,Voltorb,electric,"Soundproof, Static",40,30,50,55,55,100
101,Electrode,electric,"Soundproof, Static",60,50,70,80,80,140
125,Electabuzz,electric,Static,65,83,57,95,85,105
135,Jolteon,electric,Volt Absorb,65,65,60,110,95,130
145,Zapdos,"electric, flying",Pressure,90,90,85,125,90,100
170,Chinchou,"water, electric","Volt Absorb, Illuminate",75,38,38,56,56,67
171,Lanturn,"water, electric","Volt Absorb, Illuminate",125,58,58,76,76,67
172,Pichu,electric,Static,20,40,15,35,35,60
179,Mareep,electric,Static,55,40,40,65,45,35
180,Flaaffy,electric,Static,70,55,55,80,60,45
181,Ampharos,electric,Static,90,75,75,115,90,55
239,Elekid,electric,Static,45,63,37,65,55,95
243,Raikou,electric,Pressure,90,85,75,115,100,115
309,Electrike,electric,"Static, Lightningrod",40,45,40,65,40,65
310,Manectric,electric,"Static, Lightningrod",70,75,60,105,60,105
311,Plusle,electric,Plus,60,50,40,85,75,95
312,Minun,electric,Minus,60,40,50,75,85,95
56,Mankey,fighting,"Vital Spirit, Anger Point",40,80,35,35,45,70
57,Primeape,fighting,"Vital Spirit, Anger Point",65,105,60,60,70,95
62,Poliwrath,"water, fighting","Water Absorb, Damp",90,85,95,70,90,70
66,Machop,fighting,"Guts, No Guard",70,80,50,35,35,35
67,Machoke,fighting,"Guts, No Guard",80,100,70,50,60,45
68,Machamp,fighting,"Guts, No Guard",90,130,80,65,85,55
106,Hitmonlee,fighting,"Limber, Reckless",50,120,53,35,110,87
107,Hitmonchan,fighting,"Keen Eye, Iron Fist",50,105,79,35,110,76
214,Heracross,"bug, fighting","Swarm, Guts",80,125,75,40,95,85
236,Tyrogue,fighting,"Guts, Steadfast",35,35,35,35,35,35
237,Hitmontop,fighting,"Intimidate, Technician",50,95,95,35,110,70
256,Combusken,"fire, fighting",Blaze,60,85,60,85,60,55
257,Blaziken,"fire, fighting",Blaze,80,120,70,110,70,80
286,Breloom,"grass, fighting","Effect Spore, Poison Heal",60,130,80,60,60,70
296,Makuhita,fighting,"Thick Fat, Guts",72,60,30,20,30,25
297,Hariyama,fighting,"Thick Fat, Guts",144,120,60,40,60,50
307,Meditite,"fighting, psychic",Pure Power,30,40,55,40,55,60
308,Medicham,"fighting, psychic",Pure Power,60,60,75,60,75,80
4,Charmander,fire,Blaze,39,52,43,60,50,65
5,Charmeleon,fire,Blaze,58,64,58,80,65,80
6,Charizard,"fire, flying",Blaze,78,84,78,109,85,100
37,Vulpix,fire,Flash Fire,38,41,40,50,65,65
38,Ninetales,fire,Flash Fire,73,76,75,81,100,100
58,Growlithe,fire,"Intimidate, Flash Fire",55,70,45,70,50,60
59,Arcanine,fire,"Intimidate, Flash Fire",90,110,80,100,80,95
77,Ponyta,fire,"Run Away, Flash Fire",50,85,55,65,65,90
78,Rapidash,fire,"Run Away, Flash Fire",65,100,70,80,80,105
126,Magmar,fire,Flame Body,65,95,57,100,85,93
136,Flareon,fire,Flash Fire,65,130,60,95,110,65
146,Moltres,"fire, flying",Pressure,90,100,90,125,85,90
155,Cyndaquil,fire,Blaze,39,52,43,60,50,65
156,Quilava,fire,Blaze,58,64,58,80,65,80
157,Typhlosion,fire,Blaze,78,84,78,109,85,100
218,Slugma,fire,"Magma Armor, Flame Body",40,40,40,70,40,20
219,Magcargo,"fire, rock","Magma Armor, Flame Body",50,50,120,80,80,30
228,Houndour,"dark, fire","Early Bird, Flash Fire",45,60,30,80,50,65
229,Houndoom,"dark, fire","Early Bird, Flash Fire",75,90,50,110,80,95
240,Magby,fire,Flame Body,45,75,37,70,55,83
244,Entei,fire,Pressure,115,115,85,90,75,100
250,Ho-oh,"fire, flying",Pressure,106,130,90,110,154,90
255,Torchic,fire,Blaze,45,60,40,70,50,45
256,Combusken,"fire, fighting",Blaze,60,85,60,85,60,55
257,Blaziken,"fire, fighting",Blaze,80,120,70,110,70,80
322,Numel,"fire, ground","Oblivious, Simple",60,60,40,65,45,35
323,Camerupt,"fire, ground","Magma Armor, Solid Rock",70,100,70,105,75,40
324,Torkoal,fire,White Smoke,70,85,140,85,70,20
6,Charizard,"fire, flying",Blaze,78,84,78,109,85,100
12,Butterfree,"bug, flying",Compoundeyes,60,45,50,80,80,70
16,Pidgey,"normal, flying","Keen Eye, Tangled Feet",40,45,40,35,35,56
17,Pidgeotto,"normal, flying","Keen Eye, Tangled Feet",63,60,55,50,50,71
18,Pidgeot,"normal, flying","Keen Eye, Tangled Feet",83,80,75,70,70,91
21,Spearow,"normal, flying",Keen Eye,40,60,30,31,31,70
22,Fearow,"normal, flying",Keen Eye,65,90,65,61,61,100
41,Zubat,"poison, flying",Inner Focus,40,45,35,30,40,55
42,Golbat,"poison, flying",Inner Focus,75,80,70,65,75,90
83,Farfetch'd,"normal, flying","Keen Eye, Inner Focus",52,65,55,58,62,60
84,Doduo,"normal, flying","Run Away, Early Bird",35,85,45,35,35,75
85,Dodrio,"normal, flying","Run Away, Early Bird",60,110,70,60,60,100
123,Scyther,"bug, flying","Swarm, Technician",70,110,80,55,80,105
130,Gyarados,"water, flying",Intimidate,95,125,79,60,100,81
142,Aerodactyl,"rock, flying","Rock Head, Pressure",80,105,65,60,75,130
144,Articuno,"ice, flying",Pressure,90,85,100,95,125,85
145,Zapdos,"electric, flying",Pressure,90,90,85,125,90,100
146,Moltres,"fire, flying",Pressure,90,100,90,125,85,90
149,Dragonite,"dragon, flying",Inner Focus,91,134,95,100,100,80
163,Hoothoot,"normal, flying","Insomnia, Keen Eye",60,30,30,36,56,50
164,Noctowl,"normal, flying","Insomnia, Keen Eye",100,50,50,76,96,70
165,Ledyba,"bug, flying","Swarm, Early Bird",40,20,30,40,80,55
166,Ledian,"bug, flying","Swarm, Early Bird",55,35,50,55,110,85
169,Crobat,"poison, flying",Inner Focus,85,90,80,70,80,130
176,Togetic,"normal, flying","Hustle, Serene Grace",55,40,85,80,105,40
177,Natu,"psychic, flying","Synchronize, Early Bird",40,50,45,70,45,70
178,Xatu,"psychic, flying","Synchronize, Early Bird",65,75,70,95,70,95
187,Hoppip,"grass, flying","Chlorophyll, Leaf Guard",35,35,40,35,55,50
188,Skiploom,"grass, flying","Chlorophyll, Leaf Guard",55,45,50,45,65,80
189,Jumpluff,"grass, flying","Chlorophyll, Leaf Guard",75,55,70,55,85,110
193,Yanma,"bug, flying","Speed Boost, Compoundeyes",65,65,45,75,45,95
198,Murkrow,"dark, flying","Insomnia, Super Luck",60,85,42,85,42,91
207,Gligar,"ground, flying","Hyper Cutter, Sand Veil",65,75,105,35,65,85
225,Delibird,"ice, flying","Vital Spirit, Hustle",45,55,45,65,45,75
226,Mantine,"water, flying","Swift Swim, Water Absorb",65,40,70,80,140,70
227,Skarmory,"steel, flying","Keen Eye, Sturdy",65,80,140,40,70,70
249,Lugia,"psychic, flying",Pressure,106,90,130,90,154,110
250,Ho-oh,"fire, flying",Pressure,106,130,90,110,154,90
267,Beautifly,"bug, flying",Swarm,60,70,50,90,50,65
276,Taillow,"normal, flying",Guts,40,55,30,30,30,85
277,Swellow,"normal, flying",Guts,60,85,60,50,50,125
278,Wingull,"water, flying",Keen Eye,40,30,30,55,30,85
279,Pelipper,"water, flying",Keen Eye,60,50,100,85,70,65
284,Masquerain,"bug, flying",Intimidate,70,60,62,80,82,60
291,Ninjask,"bug, flying",Speed Boost,61,90,45,50,50,160
333,Swablu,"normal, flying",Natural Cure,45,40,60,40,75,50
334,Altaria,"dragon, flying",Natural Cure,75,70,90,70,105,80
357,Tropius,"grass, flying","Chlorophyll, Solar Power",99,68,83,72,87,51
373,Salamence,"dragon, flying",Intimidate,95,135,80,110,80,100
384,Rayquaza,"dragon, flying",Air Lock,105,150,90,150,90,95
92,Gastly,"ghost, poison",Levitate,30,35,30,100,35,80
93,Haunter,"ghost, poison",Levitate,45,50,45,115,55,95
94,Gengar,"ghost, poison",Levitate,60,65,60,130,75,110
200,Misdreavus,ghost,Levitate,60,60,60,85,85,85
292,Shedinja,"bug, ghost",Wonder Guard,1,90,45,30,30,40
302,Sableye,"dark, ghost","Keen Eye, Stall",50,75,75,65,65,50
353,Shuppet,ghost,"Insomnia, Frisk",44,75,35,63,33,45
354,Banette,ghost,"Insomnia, Frisk",64,115,65,83,63,65
355,Duskull,ghost,Levitate,20,40,90,30,90,25
356,Dusclops,ghost,Pressure,40,70,130,60,130,25
1,Bulbasaur,"grass, poison",Overgrow,45,49,49,65,65,45
2,Ivysaur,"grass, poison",Overgrow,60,62,63,80,80,60
3,Venusaur,"grass, poison",Overgrow,80,82,83,100,100,80
43,Oddish,"grass, poison",Chlorophyll,45,50,55,75,65,30
44,Gloom,"grass, poison",Chlorophyll,60,65,70,85,75,40
45,Vileplume,"grass, poison",Chlorophyll,75,80,85,100,90,50
46,Paras,"bug, grass","Effect Spore, Dry Skin",35,70,55,45,55,25
47,Parasect,"bug, grass","Effect Spore, Dry Skin",60,95,80,60,80,30
69,Bellsprout,"grass, poison",Chlorophyll,50,75,35,70,30,40
70,Weepinbell,"grass, poison",Chlorophyll,65,90,50,85,45,55
71,Victreebel,"grass, poison",Chlorophyll,80,105,65,100,60,70
102,Exeggcute,"grass, psychic",Chlorophyll,60,40,80,60,45,40
103,Exeggutor,"grass, psychic",Chlorophyll,95,95,85,125,65,55
114,Tangela,grass,"Chlorophyll, Leaf Guard",65,55,115,100,40,60
152,Chikorita,grass,Overgrow,45,49,65,49,65,45
153,Bayleef,grass,Overgrow,60,62,80,63,80,60
154,Meganium,grass,Overgrow,80,82,100,83,100,80
182,Bellossom,grass,Chlorophyll,75,80,85,90,100,50
187,Hoppip,"grass, flying","Chlorophyll, Leaf Guard",35,35,40,35,55,50
188,Skiploom,"grass, flying","Chlorophyll, Leaf Guard",55,45,50,45,65,80
189,Jumpluff,"grass, flying","Chlorophyll, Leaf Guard",75,55,70,55,85,110
191,Sunkern,grass,"Chlorophyll, Solar Power",30,30,30,30,30,30
192,Sunflora,grass,"Chlorophyll, Solar Power",75,75,55,105,85,30
251,Celebi,"psychic, grass",Natural Cure,100,100,100,100,100,100
252,Treecko,grass,Overgrow,40,45,35,65,55,70
253,Grovyle,grass,Overgrow,50,65,45,85,65,95
254,Sceptile,grass,Overgrow,70,85,65,105,85,120
270,Lotad,"water, grass","Swift Swim, Rain Dish",40,30,30,40,50,30
271,Lombre,"water, grass","Swift Swim, Rain Dish",60,50,50,60,70,50
272,Ludicolo,"water, grass","Swift Swim, Rain Dish",80,70,70,90,100,70
273,Seedot,grass,"Chlorophyll, Early Bird",40,40,50,30,30,30
274,Nuzleaf,"grass, dark","Chlorophyll, Early Bird",70,70,40,60,40,60
275,Shiftry,"grass, dark","Chlorophyll, Early Bird",90,100,60,90,60,80
285,Shroomish,grass,"Effect Spore, Poison Heal",60,40,60,40,60,35
286,Breloom,"grass, fighting","Effect Spore, Poison Heal",60,130,80,60,60,70
315,Roselia,"grass, poison","Natural Cure, Poison Point",50,60,45,100,80,65
331,Cacnea,grass,Sand Veil,50,85,40,85,40,35
332,Cacturne,"grass, dark",Sand Veil,70,115,60,115,60,55
345,Lileep,"rock, grass",Suction Cups,66,41,77,61,87,23
346,Cradily,"rock, grass",Suction Cups,86,81,97,81,107,43
357,Tropius,"grass, flying","Chlorophyll, Solar Power",99,68,83,72,87,51
27,Sandshrew,ground,Sand Veil,50,75,85,20,30,40
28,Sandslash,ground,Sand Veil,75,100,110,45,55,65
31,Nidoqueen,"poison, ground","Poison Point, Rivalry",90,82,87,75,85,76
34,Nidoking,"poison, ground","Poison Point, Rivalry",81,92,77,85,75,85
50,Diglett,ground,"Sand Veil, Arena Trap",10,55,25,35,45,95
51,Dugtrio,ground,"Sand Veil, Arena Trap",35,80,50,50,70,120
74,Geodude,"rock, ground","Rock Head, Sturdy",40,80,100,30,30,20
75,Graveler,"rock, ground","Rock Head, Sturdy",55,95,115,45,45,35
76,Golem,"rock, ground","Rock Head, Sturdy",80,110,130,55,65,45
95,Onix,"rock, ground","Rock Head, Sturdy",35,45,160,30,45,70
104,Cubone,ground,"Rock Head, Lightningrod",50,50,95,40,50,35
105,Marowak,ground,"Rock Head, Lightningrod",60,80,110,50,80,45
111,Rhyhorn,"ground, rock","Lightningrod, Rock Head",80,85,95,30,30,25
112,Rhydon,"ground, rock","Lightningrod, Rock Head",105,130,120,45,45,40
194,Wooper,"water, ground","Damp, Water Absorb",55,45,45,25,25,15
195,Quagsire,"water, ground","Damp, Water Absorb",95,85,85,65,65,35
207,Gligar,"ground, flying","Hyper Cutter, Sand Veil",65,75,105,35,65,85
208,Steelix,"steel, ground","Rock Head, Sturdy",75,85,200,55,65,30
220,Swinub,"ice, ground","Oblivious, Snow Cloak",50,50,40,30,30,50
221,Piloswine,"ice, ground","Oblivious, Snow Cloak",100,100,80,60,60,50
231,Phanpy,ground,Pickup,90,60,60,40,40,40
232,Donphan,ground,Sturdy,90,120,120,60,60,50
246,Larvitar,"rock, ground",Guts,50,64,50,45,50,41
247,Pupitar,"rock, ground",Shed Skin,70,84,70,65,70,51
259,Marshtomp,"water, ground",Torrent,70,85,70,60,70,50
260,Swampert,"water, ground",Torrent,100,110,90,85,90,60
290,Nincada,"bug, ground",Compoundeyes,31,45,90,30,30,40
322,Numel,"fire, ground","Oblivious, Simple",60,60,40,65,45,35
323,Camerupt,"fire, ground","Magma Armor, Solid Rock",70,100,70,105,75,40
328,Trapinch,ground,"Hyper Cutter, Arena Trap",45,100,45,45,45,10
329,Vibrava,"ground, dragon",Levitate,50,70,50,50,50,70
330,Flygon,"ground, dragon",Levitate,80,100,80,80,80,100
339,Barboach,"water, ground","Oblivious, Anticipation",50,48,43,46,41,60
340,Whiscash,"water, ground","Oblivious, Anticipation",110,78,73,76,71,60
343,Baltoy,"ground, psychic",Levitate,40,40,55,40,70,55
344,Claydol,"ground, psychic",Levitate,60,70,105,70,120,75
383,Groudon,ground,Drought,100,150,140,100,90,90
87,Dewgong,"water, ice","Thick Fat, Hydration",90,70,80,70,95,70
91,Cloyster,"water, ice","Shell Armor, Skill Link",50,95,180,85,45,70
124,Jynx,"ice, psychic","Oblivious, Forewarn",65,50,35,115,95,95
131,Lapras,"water, ice","Water Absorb, Shell Armor",130,85,80,85,95,60
144,Articuno,"ice, flying",Pressure,90,85,100,95,125,85
215,Sneasel,"dark, ice","Inner Focus, Keen Eye",55,95,55,35,75,115
220,Swinub,"ice, ground","Oblivious, Snow Cloak",50,50,40,30,30,50
221,Piloswine,"ice, ground","Oblivious, Snow Cloak",100,100,80,60,60,50
225,Delibird,"ice, flying","Vital Spirit, Hustle",45,55,45,65,45,75
238,Smoochum,"ice, psychic","Oblivious, Forewarn",45,30,15,85,65,65
361,Snorunt,ice,"Inner Focus, Ice Body",50,50,50,50,50,50
362,Glalie,ice,"Inner Focus, Ice Body",80,80,80,80,80,80
363,Spheal,"ice, water","Thick Fat, Ice Body",70,40,50,55,50,25
364,Sealeo,"ice, water","Thick Fat, Ice Body",90,60,70,75,70,45
365,Walrein,"ice, water","Thick Fat, Ice Body",110,80,90,95,90,65
378,Regice,ice,Clear Body,80,50,100,100,200,50
16,Pidgey,"normal, flying","Keen Eye, Tangled Feet",40,45,40,35,35,56
17,Pidgeotto,"normal, flying","Keen Eye, Tangled Feet",63,60,55,50,50,71
18,Pidgeot,"normal, flying","Keen Eye, Tangled Feet",83,80,75,70,70,91
19,Rattata,normal,"Run Away, Guts",30,56,35,25,35,72
20,Raticate,normal,"Run Away, Guts",55,81,60,50,70,97
21,Spearow,"normal, flying",Keen Eye,40,60,30,31,31,70
22,Fearow,"normal, flying",Keen Eye,65,90,65,61,61,100
35,Clefairy,normal,"Cute Charm, Magic Guard",70,45,48,60,65,35
36,Clefable,normal,"Cute Charm, Magic Guard",95,70,73,85,90,60
39,Jigglypuff,normal,Cute Charm,115,45,20,45,25,20
40,Wigglytuff,normal,Cute Charm,140,70,45,75,50,45
52,Meowth,normal,"Pickup, Technician",40,45,35,40,40,90
53,Persian,normal,"Limber, Technician",65,70,60,65,65,115
83,Farfetch'd,"normal, flying","Keen Eye, Inner Focus",52,65,55,58,62,60
84,Doduo,"normal, flying","Run Away, Early Bird",35,85,45,35,35,75
85,Dodrio,"normal, flying","Run Away, Early Bird",60,110,70,60,60,100
108,Lickitung,normal,"Own Tempo, Oblivious",90,55,75,60,75,30
113,Chansey,normal,"Natural Cure, Serene Grace",250,5,5,35,105,50
115,Kangaskhan,normal,"Early Bird, Scrappy",105,95,80,40,80,90
128,Tauros,normal,"Intimidate, Anger Point",75,100,95,40,70,110
132,Ditto,normal,Limber,48,48,48,48,48,48
133,Eevee,normal,"Run Away, Adaptability",55,55,50,45,65,55
137,Porygon,normal,"Trace, Download",65,60,70,85,75,40
143,Snorlax,normal,"Immunity, Thick Fat",160,110,65,65,110,30
161,Sentret,normal,"Run Away, Keen Eye",35,46,34,35,45,20
162,Furret,normal,"Run Away, Keen Eye",85,76,64,45,55,90
163,Hoothoot,"normal, flying","Insomnia, Keen Eye",60,30,30,36,56,50
164,Noctowl,"normal, flying","Insomnia, Keen Eye",100,50,50,76,96,70
173,Cleffa,normal,"Cute Charm, Magic Guard",50,25,28,45,55,15
174,Igglybuff,normal,Cute Charm,90,30,15,40,20,15
175,Togepi,normal,"Hustle, Serene Grace",35,20,65,40,65,20
176,Togetic,"normal, flying","Hustle, Serene Grace",55,40,85,80,105,40
190,Aipom,normal,"Run Away, Pickup",55,70,55,40,55,85
203,Girafarig,"normal, psychic","Inner Focus, Early Bird",70,80,65,90,65,85
206,Dunsparce,normal,"Serene Grace, Run Away",100,70,70,65,65,45
209,Snubbull,normal,"Intimidate, Run Away",60,80,50,40,40,30
210,Granbull,normal,"Intimidate, Quick Feet",90,120,75,60,60,45
216,Teddiursa,normal,"Pickup, Quick Feet",60,80,50,50,50,40
217,Ursaring,normal,"Guts, Quick Feet",90,130,75,75,75,55
233,Porygon2,normal,"Trace, Download",85,80,90,105,95,60
234,Stantler,normal,"Intimidate, Frisk",73,95,62,85,65,85
235,Smeargle,normal,"Own Tempo, Technician",55,20,35,20,45,75
241,Miltank,normal,"Thick Fat, Scrappy",95,80,105,40,70,100
242,Blissey,normal,"Natural Cure, Serene Grace",255,10,10,75,135,55
263,Zigzagoon,normal,"Pickup, Gluttony",38,30,41,30,41,60
264,Linoone,normal,"Pickup, Gluttony",78,70,61,50,61,100
276,Taillow,"normal, flying",Guts,40,55,30,30,30,85
277,Swellow,"normal, flying",Guts,60,85,60,50,50,125
287,Slakoth,normal,Truant,60,60,60,35,35,30
288,Vigoroth,normal,Vital Spirit,80,80,80,55,55,90
289,Slaking,normal,Truant,150,160,100,95,65,100
293,Whismur,normal,Soundproof,64,51,23,51,23,28
294,Loudred,normal,Soundproof,84,71,43,71,43,48
295,Exploud,normal,Soundproof,104,91,63,91,63,68
298,Azurill,normal,"Thick Fat, Huge Power",50,20,40,20,40,20
300,Skitty,normal,"Cute Charm, Normalize",50,45,45,35,35,50
301,Delcatty,normal,"Cute Charm, Normalize",70,65,65,55,55,70
327,Spinda,normal,"Own Tempo, Tangled Feet",60,60,60,60,60,60
333,Swablu,"normal, flying",Natural Cure,45,40,60,40,75,50
335,Zangoose,normal,Immunity,73,115,60,60,60,90
351,Castform,normal,Forecast,70,70,70,70,70,70
352,Kecleon,normal,Color Change,60,90,70,60,120,40
1,Bulbasaur,"grass, poison",Overgrow,45,49,49,65,65,45
2,Ivysaur,"grass, poison",Overgrow,60,62,63,80,80,60
3,Venusaur,"grass, poison",Overgrow,80,82,83,100,100,80
13,Weedle,"bug, poison",Shield Dust,40,35,30,20,20,50
14,Kakuna,"bug, poison",Shed Skin,45,25,50,25,25,35
15,Beedrill,"bug, poison",Swarm,65,80,40,45,80,75
23,Ekans,poison,"Intimidate, Shed Skin",35,60,44,40,54,55
24,Arbok,poison,"Intimidate, Shed Skin",60,85,69,65,79,80
29,Nidoran (F),poison,"Poison Point, Rivalry",55,47,52,40,40,41
30,Nidorina,poison,"Poison Point, Rivalry",70,62,67,55,55,56
31,Nidoqueen,"poison, ground","Poison Point, Rivalry",90,82,87,75,85,76
32,Nidoran (M),poison,"Poison Point, Rivalry",46,57,40,40,40,50
33,Nidorino,poison,"Poison Point, Rivalry",61,72,57,55,55,65
34,Nidoking,"poison, ground","Poison Point, Rivalry",81,92,77,85,75,85
41,Zubat,"poison, flying",Inner Focus,40,45,35,30,40,55
42,Golbat,"poison, flying",Inner Focus,75,80,70,65,75,90
43,Oddish,"grass, poison",Chlorophyll,45,50,55,75,65,30
44,Gloom,"grass, poison",Chlorophyll,60,65,70,85,75,40
45,Vileplume,"grass, poison",Chlorophyll,75,80,85,100,90,50
48,Venonat,"bug, poison","Compoundeyes, Tinted Lens",60,55,50,40,55,45
49,Venomoth,"bug, poison","Shield Dust, Tinted Lens",70,65,60,90,75,90
69,Bellsprout,"grass, poison",Chlorophyll,50,75,35,70,30,40
70,Weepinbell,"grass, poison",Chlorophyll,65,90,50,85,45,55
71,Victreebel,"grass, poison",Chlorophyll,80,105,65,100,60,70
72,Tentacool,"water, poison","Clear Body, Liquid Ooze",40,40,35,50,100,70
73,Tentacruel,"water, poison","Clear Body, Liquid Ooze",80,70,65,80,120,100
88,Grimer,poison,"Stench, Sticky Hold",80,80,50,40,50,25
89,Muk,poison,"Stench, Sticky Hold",105,105,75,65,100,50
92,Gastly,"ghost, poison",Levitate,30,35,30,100,35,80
93,Haunter,"ghost, poison",Levitate,45,50,45,115,55,95
94,Gengar,"ghost, poison",Levitate,60,65,60,130,75,110
109,Koffing,poison,Levitate,40,65,95,60,45,35
110,Weezing,poison,Levitate,65,90,120,85,70,60
167,Spinarak,"bug, poison","Swarm, Insomnia",40,60,40,40,40,30
168,Ariados,"bug, poison","Swarm, Insomnia",70,90,70,60,60,40
169,Crobat,"poison, flying",Inner Focus,85,90,80,70,80,130
211,Qwilfish,"water, poison","Poison Point, Swift Swim",65,95,75,55,55,85
269,Dustox,"bug, poison",Shield Dust,60,50,70,50,90,65
315,Roselia,"grass, poison","Natural Cure, Poison Point",50,60,45,100,80,65
316,Gulpin,poison,"Liquid Ooze, Sticky Hold",70,43,53,43,53,40
317,Swalot,poison,"Liquid Ooze, Sticky Hold",100,73,83,73,83,55
336,Seviper,poison,Shed Skin,73,100,60,100,60,65
63,Abra,psychic,"Synchronize, Inner Focus",25,20,15,105,55,90
64,Kadabra,psychic,"Synchronize, Inner Focus",40,35,30,120,70,105
65,Alakazam,psychic,"Synchronize, Inner Focus",55,50,45,135,85,120
79,Slowpoke,"water, psychic","Oblivious, Own Tempo",90,65,65,40,40,15
80,Slowbro,"water, psychic","Oblivious, Own Tempo",95,75,110,100,80,30
96,Drowzee,psychic,"Insomnia, Forewarn",60,48,45,43,90,42
97,Hypno,psychic,"Insomnia, Forewarn",85,73,70,73,115,67
102,Exeggcute,"grass, psychic",Chlorophyll,60,40,80,60,45,40
103,Exeggutor,"grass, psychic",Chlorophyll,95,95,85,125,65,55
121,Starmie,"water, psychic","Illuminate, Natural Cure",60,75,85,100,85,115
122,Mr. Mime,psychic,"Soundproof, Filter",40,45,65,100,120,90
124,Jynx,"ice, psychic","Oblivious, Forewarn",65,50,35,115,95,95
150,Mewtwo,psychic,Pressure,106,110,90,154,90,130
151,Mew,psychic,Synchronize,100,100,100,100,100,100
177,Natu,"psychic, flying","Synchronize, Early Bird",40,50,45,70,45,70
178,Xatu,"psychic, flying","Synchronize, Early Bird",65,75,70,95,70,95
196,Espeon,psychic,Synchronize,65,65,60,130,95,110
199,Slowking,"water, psychic","Oblivious, Own Tempo",95,75,80,100,110,30
201,Unown,psychic,Levitate,48,72,48,72,48,48
202,Wobbuffet,psychic,Shadow Tag,190,33,58,33,58,33
203,Girafarig,"normal, psychic","Inner Focus, Early Bird",70,80,65,90,65,85
238,Smoochum,"ice, psychic","Oblivious, Forewarn",45,30,15,85,65,65
249,Lugia,"psychic, flying",Pressure,106,90,130,90,154,110
251,Celebi,"psychic, grass",Natural Cure,100,100,100,100,100,100
280,Ralts,psychic,"Synchronize, Trace",28,25,25,45,35,40
281,Kirlia,psychic,"Synchronize, Trace",38,35,35,65,55,50
282,Gardevoir,psychic,"Synchronize, Trace",68,65,65,125,115,80
307,Meditite,"fighting, psychic",Pure Power,30,40,55,40,55,60
308,Medicham,"fighting, psychic",Pure Power,60,60,75,60,75,80
325,Spoink,psychic,"Thick Fat, Own Tempo",60,25,35,70,80,60
326,Grumpig,psychic,"Thick Fat, Own Tempo",80,45,65,90,110,80
337,Lunatone,"rock, psychic",Levitate,70,55,65,95,85,70
338,Solrock,"rock, psychic",Levitate,70,95,85,55,65,70
343,Baltoy,"ground, psychic",Levitate,40,40,55,40,70,55
344,Claydol,"ground, psychic",Levitate,60,70,105,70,120,75
358,Chimecho,psychic,Levitate,65,50,70,95,80,65
360,Wynaut,psychic,Shadow Tag,95,23,48,23,48,23
374,Beldum,"steel, psychic",Clear Body,40,55,80,35,60,30
375,Metang,"steel, psychic",Clear Body,60,75,100,55,80,50
376,Metagross,"steel, psychic",Clear Body,80,135,130,95,90,70
380,Latias,"dragon, psychic",Levitate,80,80,90,110,130,110
381,Latios,"dragon, psychic",Levitate,80,90,80,130,110,110
385,Jirachi,"steel, psychic",Serene Grace,100,100,100,100,100,100
386,Deoxys,psychic,Pressure,50,150,50,150,50,150
74,Geodude,"rock, ground","Rock Head, Sturdy",40,80,100,30,30,20
75,Graveler,"rock, ground","Rock Head, Sturdy",55,95,115,45,45,35
76,Golem,"rock, ground","Rock Head, Sturdy",80,110,130,55,65,45
95,Onix,"rock, ground","Rock Head, Sturdy",35,45,160,30,45,70
111,Rhyhorn,"ground, rock","Lightningrod, Rock Head",80,85,95,30,30,25
112,Rhydon,"ground, rock","Lightningrod, Rock Head",105,130,120,45,45,40
138,Omanyte,"rock, water","Swift Swim, Shell Armor",35,40,100,90,55,35
139,Omastar,"rock, water","Swift Swim, Shell Armor",70,60,125,115,70,55
140,Kabuto,"rock, water","Swift Swim, Battle Armor",30,80,90,55,45,55
141,Kabutops,"rock, water","Swift Swim, Battle Armor",60,115,105,65,70,80
142,Aerodactyl,"rock, flying","Rock Head, Pressure",80,105,65,60,75,130
185,Sudowoodo,rock,"Sturdy, Rock Head",70,100,115,30,65,30
213,Shuckle,"bug, rock","Sturdy, Gluttony",20,10,230,10,230,5
219,Magcargo,"fire, rock","Magma Armor, Flame Body",50,50,120,80,80,30
222,Corsola,"water, rock","Hustle, Natural Cure",55,55,85,65,85,35
246,Larvitar,"rock, ground",Guts,50,64,50,45,50,41
247,Pupitar,"rock, ground",Shed Skin,70,84,70,65,70,51
248,Tyranitar,"rock, dark",Sand Stream,100,134,110,95,100,61
299,Nosepass,rock,"Sturdy, Magnet Pull",30,45,135,45,90,30
304,Aron,"steel, rock","Sturdy, Rock Head",50,70,100,40,40,30
305,Lairon,"steel, rock","Sturdy, Rock Head",60,90,140,50,50,40
306,Aggron,"steel, rock","Sturdy, Rock Head",70,110,180,60,60,50
337,Lunatone,"rock, psychic",Levitate,70,55,65,95,85,70
