No,Name,Type,Abilities,HP,Att,Def,S.Att,S.Def,Spd
48,Venonat,"bug, poison","Compoundeyes, Tinted Lens, Run Away",60,55,50,40,55,45
49,Venomoth,"bug, poison","Shield Dust, Tinted Lens, Wonder Skin",70,65,60,90,75,90
123,Scyther,"bug, flying","Swarm, Technician, Steadfast",70,110,80,55,80,105
167,Spinarak,"bug, poison","Swarm, Insomnia, Sniper",40,60,40,40,40,30
168,Ariados,"bug, poison","Swarm, Insomnia, Sniper",70,90,70,60,70,40
193,Yanma,"bug, flying","Speed Boost, Compoundeyes, Frisk",65,65,45,75,45,95
204,Pineco,bug,"Sturdy, Overcoat",50,65,90,35,35,15
205,Forretress,"bug, steel","Sturdy, Overcoat",75,90,140,60,60,40
212,Scizor,"bug, steel","Swarm, Technician, Light Metal",70,130,100,55,80,65
214,Heracross,"bug, fighting","Swarm, Guts, Moxie",80,125,75,40,95,85
283,Surskit,"bug, water","Swift Swim, Rain Dish",40,30,32,50,52,65
284,Masquerain,"bug, flying","Intimidate, Unnerve",70,60,62,100,82,80
313,Volbeat,bug,"Illuminate, Swarm, Prankster",65,73,75,47,85,85
314,Illumise,bug,"Oblivious, Tinted Lens, Prankster",65,47,75,73,85,85
401,Kricketot,bug,"Shed Skin, Run Away",37,25,41,25,41,25
402,Kricketune,bug,"Swarm, Technician",77,85,51,55,51,65
415,Combee,"bug, flying","Honey Gather, Hustle",30,30,42,30,42,70
416,Vespiquen,"bug, flying","Pressure, Unnerve",70,80,102,80,102,40
469,Yanmega,"bug, flying","Speed Boost, Tinted Lens, Frisk",86,76,86,116,56,95
493,Arceus,bug,Multitype,120,120,120,120,120,120
540,Sewaddle,"bug, grass","Swarm, Chlorophyll, Overcoat",45,53,70,40,60,42
541,Swadloon,"bug, grass","Leaf Guard, Chlorophyll, Overcoat",55,63,90,50,80,42
542,Leavanny,"bug, grass","Swarm, Chlorophyll, Overcoat",75,103,80,70,80,92
595,Joltik,"bug, electric","Compoundeyes, Unnerve, Swarm",50,47,50,57,50,65
596,Galvantula,"bug, electric","Compoundeyes, Unnerve, Swarm",70,77,60,97,60,108
636,Larvesta,"bug, fire","Flame Body, Swarm",55,85,55,50,55,60
637,Volcarona,"bug, fire","Flame Body, Swarm",85,60,65,135,105,100
664,Scatterbug,bug,"Shield Dust, Compoundeyes, Friend Guard",38,35,40,27,25,35
665,Spewpa,bug,"Shed Skin, Friend Guard",45,22,60,27,30,29
666,Vivillon,"bug, flying","Shield Dust, Compoundeyes, Friend Guard",80,52,50,90,50,89
736,Grubbin,bug,Swarm,47,62,45,55,45,46
737,Charjabug,"bug, electric",Battery,57,82,95,55,75,36
738,Vikavolt,"bug, electric",Levitate,77,70,90,145,75,43
742,Cutiefly,"bug, fairy","Honey Gather, Shield Dust, Sweet Veil",40,45,40,55,40,84
743,Ribombee,"bug, fairy","Honey Gather, Shield Dust, Sweet Veil",60,55,60,95,70,124
751,Dewpider,"water, bug","Water Bubble, Water Absorb",38,40,52,40,72,27
752,Araquanid,"water, bug","Water Bubble, Water Absorb",68,70,92,50,132,42
872,Snom,"ice, bug","Shield Dust, Ice Scales",30,25,35,45,30,20
873,Frosmoth,"ice, bug","Shield Dust, Ice Scales",70,65,60,125,90,65
900,Kleavor,"bug, rock","Swarm, Sheer Force, Sharpness",70,135,95,45,70,85
917,Tarountula,bug,"Insomnia, Stakeout",35,41,45,29,40,20
918,Spidops,bug,"Insomnia, Stakeout",60,79,92,52,86,35
919,Nymble,bug,"Swarm, Tinted Lens",33,46,40,21,25,45
920,Lokix,"bug, dark","Swarm, Tinted Lens",71,102,78,52,55,92
953,Rellor,bug,"Compoundeyes, Shed Skin",41,50,60,31,58,30
954,Rabsca,"bug, psychic","Synchronize, Telepathy",75,50,85,115,100,45
988,Slither Wing,"bug, fighting",Protosynthesis,85,135,79,85,105,81
52,Meowth,dark,"Pickup, Technician, Rattled",40,35,35,50,40,90
53,Persian,dark,"Fur Coat, Technician, Rattled",65,60,60,75,65,115
88,Grimer,"poison, dark","Poison Touch, Gluttony, Power of Alchemy",80,80,50,40,50,25
89,Muk,"poison, dark","Poison Touch, Gluttony, Power of Alchemy",105,105,75,65,100,50
146,Moltres,"dark, flying","Berserk, Berserk",90,85,90,100,125,90
197,Umbreon,dark,"Synchronize, Inner Focus",95,65,110,60,130,65
198,Murkrow,"dark, flying","Insomnia, Super Luck, Prankster",60,85,42,85,42,91
211,Qwilfish,"dark, poison","Poison Point, Swift Swim, Intimidate",65,95,85,55,55,85
215,Sneasel,"dark, ice","Inner Focus, Keen Eye, Pickpocket",55,95,55,35,75,115
228,Houndour,"dark, fire","Early Bird, Flash Fire, Unnerve",45,60,30,80,50,65
229,Houndoom,"dark, fire","Early Bird, Flash Fire, Unnerve",75,90,50,110,80,95
248,Tyranitar,"rock, dark","Sand Stream, Unnerve",100,134,110,95,100,61
261,Poochyena,dark,"Run Away, Quick Feet, Rattled",35,55,35,30,30,35
262,Mightyena,dark,"Intimidate, Quick Feet, Moxie",70,90,70,60,60,70
274,Nuzleaf,"grass, dark","Chlorophyll, Early Bird, Pickpocket",70,70,40,60,40,60
275,Shiftry,"grass, dark","Chlorophyll, Wind Rider, Pickpocket",90,100,60,90,60,80
302,Sableye,"dark, ghost","Keen Eye, Stall, Prankster",50,75,75,65,65,50
332,Cacturne,"grass, dark","Sand Veil, Water Absorb",70,115,60,115,60,55
342,Crawdaunt,"water, dark","Hyper Cutter, Shell Armor, Adaptability",63,120,85,90,55,55
430,Honchkrow,"dark, flying","Insomnia, Super Luck, Moxie",100,125,52,105,52,71
434,Stunky,"poison, dark","Stench, Aftermath, Keen Eye",63,63,47,41,41,74
435,Skuntank,"poison, dark","Stench, Aftermath, Keen Eye",103,93,67,71,61,84
442,Spiritomb,"ghost, dark","Pressure, Infiltrator",50,92,108,92,108,35
461,Weavile,"dark, ice","Pressure, Pickpocket",70,120,65,45,85,125
491,Darkrai,dark,Bad Dreams,70,90,90,135,90,125
493,Arceus,dark,Multitype,120,120,120,120,120,120
503,Samurott,"water, dark","Torrent, Sharpness",90,108,80,100,65,85
551,Sandile,"ground, dark","Intimidate, Moxie, Anger Point",50,72,35,35,35,65
552,Krokorok,"ground, dark","Intimidate, Moxie, Anger Point",60,82,45,45,45,74
553,Krookodile,"ground, dark","Intimidate, Moxie, Anger Point",95,117,80,65,70,92
559,Scraggy,"dark, fighting","Shed Skin, Moxie, Intimidate",50,75,70,35,70,48
560,Scrafty,"dark, fighting","Shed Skin, Moxie, Intimidate",65,90,115,45,115,58
570,Zorua,dark,Illusion,40,65,40,80,40,65
571,Zoroark,dark,Illusion,60,105,60,120,60,105
624,Pawniard,"dark, steel","Defiant, Inner Focus, Pressure",45,85,70,40,40,60
625,Bisharp,"dark, steel","Defiant, Inner Focus, Pressure",65,125,100,60,70,70
629,Vullaby,"dark, flying","Big Pecks, Overcoat, Weak Armor",70,55,75,45,65,60
630,Mandibuzz,"dark, flying","Big Pecks, Overcoat, Weak Armor",110,65,105,55,95,80
633,Deino,"dark, dragon",Hustle,52,65,50,45,50,38
634,Zweilous,"dark, dragon",Hustle,72,85,70,65,70,58
635,Hydreigon,"dark, dragon",Levitate,92,105,90,125,90,98
658,Greninja,"water, dark","Torrent, Protean",72,95,67,103,71,122
686,Inkay,"dark, psychic","Contrary, Suction Cups, Infiltrator",53,54,53,37,46,45
687,Malamar,"dark, psychic","Contrary, Suction Cups, Infiltrator",86,92,88,68,75,73
727,Incineroar,"fire, dark","Blaze, Intimidate",95,115,90,80,90,60
859,Impidimp,"dark, fairy","Prankster, Frisk, Pickpocket",45,45,30,55,40,50
860,Morgrem,"dark, fairy","Prankster, Frisk, Pickpocket",65,60,45,75,55,70
861,Grimmsnarl,"dark, fairy","Prankster, Frisk, Pickpocket",95,120,65,95,75,60
877,Morpeko,"electric, dark",Hunger Switch,58,95,58,70,58,97
892,Urshifu,"fighting, dark",Unseen Fist,100,130,100,63,60,97
893,Zarude,"dark, grass",Leaf Guard,105,120,105,70,95,105
904,Overqwil,"dark, poison","Poison Point, Swift Swim, Intimidate",85,115,95,65,65,85
908,Meowscarada,"grass, dark","Overgrow, Protean",76,110,70,81,70,123
920,Lokix,"bug, dark","Swarm, Tinted Lens",71,102,78,52,55,92
942,Maschiff,dark,"Intimidate, Run Away, Stakeout",60,78,60,40,51,51
943,Mabosstiff,dark,"Intimidate, Guard Dog, Stakeout",80,120,90,60,70,85
962,Bombirdier,"flying, dark","Big Pecks, Keen Eye, Rocky Payload",70,103,85,60,85,82
983,Kingambit,"dark, steel","Defiant, Supreme Overlord, Pressure",100,135,120,60,85,50
986,Brute Bonnet,"grass, dark",Protosynthesis,111,127,99,79,99,55
993,Iron Jugulis,"dark, flying",Quark Drive,94,80,86,122,80,108
1001,Wo-Chien,"dark, grass",Tablets of Ruin,85,85,100,95,135,70
1002,Chien-Pao,"dark, ice",Sword of Ruin,80,120,80,90,65,135
1003,Ting-Lu,"dark, ground",Vessel of Ruin,155,110,125,55,80,45
1004,Chi-Yu,"dark, fire",Beads of Ruin,55,80,80,135,120,100
1005,Roaring Moon,"dragon, dark",Protosynthesis,105,139,71,55,101,119
103,Exeggutor,"grass, dragon","Frisk, Harvest",95,105,85,125,75,45
147,Dratini,dragon,"Shed Skin, Marvel Scale",41,64,45,50,50,50
148,Dragonair,dragon,"Shed Skin, Marvel Scale",61,84,65,70,70,70
149,Dragonite,"dragon, flying","Inner Focus, Multiscale",91,134,95,100,100,80
230,Kingdra,"water, dragon","Swift Swim, Sniper, Damp",75,95,95,95,95,85
329,Vibrava,"ground, dragon",Levitate,50,70,50,50,50,70
330,Flygon,"ground, dragon",Levitate,80,100,80,80,80,100
334,Altaria,"dragon, flying","Natural Cure, Cloud Nine",75,70,90,70,105,80
371,Bagon,dragon,"Rock Head, Sheer Force",45,75,60,40,30,50
372,Shelgon,dragon,"Rock Head, Overcoat",65,95,100,60,50,50
373,Salamence,"dragon, flying","Intimidate, Moxie",95,135,80,110,80,100
380,Latias,"dragon, psychic",Levitate,80,80,90,110,130,110
381,Latios,"dragon, psychic",Levitate,80,90,80,130,110,110
384,Rayquaza,"dragon, flying",Air Lock,105,150,90,150,90,95
443,Gible,"dragon, ground","Sand Veil, Rough Skin",58,70,45,40,45,42
444,Gabite,"dragon, ground","Sand Veil, Rough Skin",68,90,65,50,55,82
445,Garchomp,"dragon, ground","Sand Veil, Rough Skin",108,130,95,80,85,102
483,Dialga,"steel, dragon","Pressure, Telepathy",100,120,120,150,100,90
483,Dialga,"steel, dragon","Pressure, Telepathy",100,100,120,150,120,90
484,Palkia,"water, dragon","Pressure, Telepathy",90,120,100,150,120,100
484,Palkia,"water, dragon","Pressure, Telepathy",90,100,100,150,120,120
487,Giratina,"ghost, dragon","Pressure, Telepathy",150,100,120,100,120,90
487,Giratina,"ghost, dragon",Levitate,150,120,100,120,100,90
493,Arceus,dragon,Multitype,120,120,120,120,120,120
610,Axew,dragon,"Rivalry, Mold Breaker, Unnerve",46,87,60,30,40,57
611,Fraxure,dragon,"Rivalry, Mold Breaker, Unnerve",66,117,70,40,50,67
612,Haxorus,dragon,"Rivalry, Mold Breaker, Unnerve",76,147,90,60,70,97
633,Deino,"dark, dragon",Hustle,52,65,50,45,50,38
634,Zweilous,"dark, dragon",Hustle,72,85,70,65,70,58
635,Hydreigon,"dark, dragon",Levitate,92,105,90,125,90,98
643,Reshiram,"dragon, fire",Turboblaze,100,120,100,150,120,90
644,Zekrom,"dragon, electric",Teravolt,100,150,120,120,100,90
646,Kyurem,"dragon, ice",Pressure,125,130,90,130,90,95
646,Kyurem,"dragon, ice",Teravolt,125,170,100,120,90,95
646,Kyurem,"dragon, ice",Turboblaze,125,120,90,170,100,95
691,Dragalge,"poison, dragon","Poison Point, Poison Touch, Adaptability",65,75,90,97,123,44
704,Goomy,dragon,"Sap Sipper, Hydration, Gooey",45,50,35,55,75,40
705,Sliggoo,dragon,"Sap Sipper, Hydration, Gooey",68,75,53,83,113,60
705,Sliggoo,"steel, dragon","Sap Sipper, Shell Armor, Gooey",58,75,83,83,113,40
706,Goodra,dragon,"Sap Sipper, Hydration, Gooey",90,100,70,110,150,80
706,Goodra,"steel, dragon","Sap Sipper, Shell Armor, Gooey",80,100,100,110,150,60
714,Noibat,"flying, dragon","Frisk, Infiltrator, Telepathy",40,30,35,45,40,55
715,Noivern,"flying, dragon","Frisk, Infiltrator, Telepathy",85,70,80,97,80,123
782,Jangmo-o,dragon,"Bulletproof, Soundproof, Overcoat",45,55,65,45,45,45
783,Hakamo-o,"dragon, fighting","Bulletproof, Soundproof, Overcoat",55,75,90,65,70,65
784,Kommo-o,"dragon, fighting","Bulletproof, Soundproof, Overcoat",75,110,125,100,105,85
840,Applin,"grass, dragon","Ripen, Gluttony, Bulletproof",40,40,80,40,40,20
841,Flapple,"grass, dragon","Ripen, Gluttony, Hustle",70,110,80,95,60,70
842,Appletun,"grass, dragon","Ripen, Gluttony, Thick Fat",110,85,80,100,80,30
884,Duraludon,"steel, dragon","Light Metal, Heavy Metal, Stalwart",70,95,115,120,50,85
885,Dreepy,"dragon, ghost","Clear Body, Infiltrator, Cursed Body",28,60,30,40,30,82
886,Drakloak,"dragon, ghost","Clear Body, Infiltrator, Cursed Body",68,80,50,60,50,102
887,Dragapult,"dragon, ghost","Clear Body, Infiltrator, Cursed Body",88,120,75,100,75,142
890,Eternatus,"poison, dragon",Pressure,140,85,95,145,95,130
895,Regidrago,dragon,Dragon's Maw,200,100,50,100,50,80
967,Cyclizar,"dragon, normal","Shed Skin, Regenerator",70,95,65,85,65,121
978,Tatsugiri,"dragon, water","Commander, Storm Drain",68,50,60,120,95,82
996,Frigibax,"dragon, ice","Thermal Exchange, Ice Body",65,75,45,35,45,55
997,Arctibax,"dragon, ice","Thermal Exchange, Ice Body",90,95,66,45,65,62
998,Baxcalibur,"dragon, ice","Thermal Exchange, Ice Body",115,145,92,75,86,87
1005,Roaring Moon,"dragon, dark",Protosynthesis,105,139,71,55,101,119
1007,Koraidon,"fighting, dragon",Orichalcum Pulse,100,135,115,85,100,135
1008,Miraidon,"electric, dragon",Hadron Engine,100,85,100,135,115,135
1009,Walking Wake,"water, dragon",Protosynthesis,99,83,91,125,83,109
1011,Dipplin,"grass, dragon","Supersweet Syrup, Gluttony, Sticky Hold",80,80,110,95,80,40
1018,Archaludon,"steel, dragon","Stamina, Sturdy, Stalwart",90,105,130,125,65,85
1019,Hydrapple,"grass, dragon","Supersweet Syrup, Regenerator, Sticky Hold",106,80,110,120,80,44
1020,Gouging Fire,"fire, dragon",Protosynthesis,105,115,121,65,93,91
1021,Raging Bolt,"electric, dragon",Protosynthesis,125,73,91,137,89,75
25,Pikachu,electric,"Static, Lightning Rod",35,55,40,50,50,90
26,Raichu,electric,"Static, Lightning Rod",60,90,55,90,80,110
26,Raichu,"electric, psychic","Surge Surfer, Surge Surfer",60,85,50,95,85,110
74,Geodude,"rock, electric","Magnet Pull, Sturdy, Galvanize",40,80,100,30,30,20
75,Graveler,"rock, electric","Magnet Pull, Sturdy, Galvanize",55,95,115,45,45,35
76,Golem,"rock, electric","Magnet Pull, Sturdy, Galvanize",80,120,130,55,65,45
81,Magnemite,"electric, steel","Magnet Pull, Sturdy, Analytic",25,35,70,95,55,45
82,Magneton,"electric, steel","Magnet Pull, Sturdy, Analytic",50,60,95,120,70,70
100,Voltorb,electric,"Soundproof, Static, Aftermath",40,30,50,55,55,100
100,Voltorb,"electric, grass","Soundproof, Static, Aftermath",40,30,50,55,55,100
101,Electrode,electric,"Soundproof, Static, Aftermath",60,50,70,80,80,150
101,Electrode,"electric, grass","Soundproof, Static, Aftermath",60,50,70,80,80,150
125,Electabuzz,electric,"Static, Vital Spirit",65,83,57,95,85,105
135,Jolteon,electric,"Volt Absorb, Quick Feet",65,65,60,110,95,130
145,Zapdos,"electric, flying","Pressure, Static",90,90,85,125,90,100
170,Chinchou,"water, electric","Volt Absorb, Illuminate, Water Absorb",75,38,38,56,56,67
171,Lanturn,"water, electric","Volt Absorb, Illuminate, Water Absorb",125,58,58,76,76,67
172,Pichu,electric,"Static, Lightning Rod",20,40,15,35,35,60
179,Mareep,electric,"Static, Plus",55,40,40,65,45,35
180,Flaaffy,electric,"Static, Plus",70,55,55,80,60,45
181,Ampharos,electric,"Static, Plus",90,75,85,115,90,55
239,Elekid,electric,"Static, Vital Spirit",45,63,37,65,55,95
243,Raikou,electric,"Pressure, Inner Focus",90,85,75,115,100,115
311,Plusle,electric,"Plus, Lightning Rod",60,50,40,85,75,95
312,Minun,electric,"Minus, Volt Absorb",60,40,50,75,85,95
403,Shinx,electric,"Rivalry, Intimidate, Guts",45,65,34,40,34,45
404,Luxio,electric,"Rivalry, Intimidate, Guts",60,85,49,60,49,60
405,Luxray,electric,"Rivalry, Intimidate, Guts",80,120,79,95,79,70
417,Pachirisu,electric,"Run Away, Pickup, Volt Absorb",60,45,70,45,90,95
462,Magnezone,"electric, steel","Magnet Pull, Sturdy, Analytic",70,70,115,130,90,60
466,Electivire,electric,"Motor Drive, Vital Spirit",75,123,67,95,85,95
479,Rotom,"electric, ghost",Levitate,50,50,77,95,77,91
479,Rotom,"electric, flying",Levitate,50,65,107,105,107,86
479,Rotom,"electric, ice",Levitate,50,65,107,105,107,86
479,Rotom,"electric, fire",Levitate,50,65,107,105,107,86
479,Rotom,"electric, grass",Levitate,50,65,107,105,107,86
479,Rotom,"electric, water",Levitate,50,65,107,105,107,86
493,Arceus,electric,Multitype,120,120,120,120,120,120
522,Blitzle,electric,"Lightning Rod, Motor Drive, Sap Sipper",45,60,32,50,32,76
523,Zebstrika,electric,"Lightning Rod, Motor Drive, Sap Sipper",75,100,63,80,63,116
595,Joltik,"bug, electric","Compoundeyes, Unnerve, Swarm",50,47,50,57,50,65
596,Galvantula,"bug, electric","Compoundeyes, Unnerve, Swarm",70,77,60,97,60,108
602,Tynamo,electric,Levitate,35,55,40,45,40,60
603,Eelektrik,electric,Levitate,65,85,70,75,70,40
604,Eelektross,electric,Levitate,85,115,80,105,80,50
642,Thundurus,"electric, flying","Prankster, Defiant",79,115,70,125,80,111
642,Thundurus,"electric, flying",Volt Absorb,79,105,70,145,80,101
644,Zekrom,"dragon, electric",Teravolt,100,150,120,120,100,90
702,Dedenne,"electric, fairy","Cheek Pouch, Pickup, Plus",67,58,57,81,67,101
737,Charjabug,"bug, electric",Battery,57,82,95,55,75,36
738,Vikavolt,"bug, electric",Levitate,77,70,90,145,75,43
848,Toxel,"electric, poison","Rattled, Static, Klutz",40,38,35,54,35,40
849,Toxtricity,"electric, poison","Punk Rock, Plus, Technician",75,98,70,114,70,75
871,Pincurchin,electric,"Lightning Rod, Electric Surge",48,101,95,91,85,15
877,Morpeko,"electric, dark",Hunger Switch,58,95,58,70,58,97
894,Regieleki,electric,Transistor,80,100,50,100,50,200
921,Pawmi,electric,"Static, Natural Cure, Iron Fist",45,50,20,40,25,60
922,Pawmo,"electric, fighting","Volt Absorb, Natural Cure, Iron Fist",60,75,40,50,40,85
923,Pawmot,"electric, fighting","Volt Absorb, Natural Cure, Iron Fist",70,115,70,70,60,105
938,Tadbulb,electric,"Own Tempo, Static, Damp",61,31,41,59,35,45
939,Bellibolt,electric,"Electromorphosis, Static, Damp",109,64,91,103,83,45
940,Wattrel,"electric, flying","Wind Power, Volt Absorb, Competitive",40,40,35,55,40,70
941,Kilowattrel,"electric, flying","Wind Power, Volt Absorb, Competitive",70,70,60,105,60,125
989,Sandy Shocks,"electric, ground",Protosynthesis,85,81,97,121,85,101
992,Iron Hands,"fighting, electric",Quark Drive,154,140,108,50,68,50
995,Iron Thorns,"rock, electric",Quark Drive,100,134,110,70,84,72
1008,Miraidon,"electric, dragon",Hadron Engine,100,85,100,135,115,135
1021,Raging Bolt,"electric, dragon",Protosynthesis,125,73,91,137,89,75
35,Clefairy,fairy,"Cute Charm, Magic Guard, Friend Guard",70,45,48,60,65,35
36,Clefable,fairy,"Cute Charm, Magic Guard, Unaware",95,70,73,95,90,60
38,Ninetales,"ice, fairy","Snow Cloak, Snow Warning",73,67,75,81,100,109
39,Jigglypuff,"normal, fairy","Cute Charm, Competitive, Friend Guard",115,45,20,45,25,20
40,Wigglytuff,"normal, fairy","Cute Charm, Competitive, Frisk",140,70,45,85,50,45
110,Weezing,"poison, fairy","Levitate, Neutralizing Gas, Misty Surge",65,90,120,85,70,60
173,Cleffa,fairy,"Cute Charm, Magic Guard, Friend Guard",50,25,28,45,55,15
174,Igglybuff,"normal, fairy","Cute Charm, Competitive, Friend Guard",90,30,15,40,20,15
183,Marill,"water, fairy","Thick Fat, Huge Power, Sap Sipper",70,20,50,20,50,40
184,Azumarill,"water, fairy","Thick Fat, Huge Power, Sap Sipper",100,50,80,60,80,50
209,Snubbull,fairy,"Intimidate, Run Away, Rattled",60,80,50,40,40,30
210,Granbull,fairy,"Intimidate, Quick Feet, Rattled",90,120,75,60,60,45
280,Ralts,"psychic, fairy","Synchronize, Trace, Telepathy",28,25,25,45,35,40
281,Kirlia,"psychic, fairy","Synchronize, Trace, Telepathy",38,35,35,65,55,50
282,Gardevoir,"psychic, fairy","Synchronize, Trace, Telepathy",68,65,65,125,115,80
298,Azurill,"normal, fairy","Thick Fat, Huge Power, Sap Sipper",50,20,40,20,40,20
493,Arceus,fairy,Multitype,120,120,120,120,120,120
546,Cottonee,"grass, fairy","Prankster, Infiltrator, Chlorophyll",40,27,60,37,50,66
547,Whimsicott,"grass, fairy","Prankster, Infiltrator, Chlorophyll",60,67,85,77,75,116
669,Flabébé,fairy,"Flower Veil, Symbiosis",44,38,39,61,79,42
670,Floette,fairy,"Flower Veil, Symbiosis",54,45,47,75,98,52
671,Florges,fairy,"Flower Veil, Symbiosis",78,65,68,112,154,75
700,Sylveon,fairy,"Cute Charm, Pixilate",95,65,65,110,130,60
702,Dedenne,"electric, fairy","Cheek Pouch, Pickup, Plus",67,58,57,81,67,101
703,Carbink,"rock, fairy","Clear Body, Sturdy",50,50,150,50,150,50
707,Klefki,"steel, fairy","Prankster, Magician",57,80,91,80,87,75
719,Diancie,"rock, fairy",Clear Body,50,100,150,100,150,50
730,Primarina,"water, fairy","Torrent, Liquid Voice",80,74,74,126,116,60
742,Cutiefly,"bug, fairy","Honey Gather, Shield Dust, Sweet Veil",40,45,40,55,40,84
743,Ribombee,"bug, fairy","Honey Gather, Shield Dust, Sweet Veil",60,55,60,95,70,124
764,Comfey,fairy,"Flower Veil, Triage, Natural Cure",51,52,90,82,110,100
778,Mimikyu,"ghost, fairy",Disguise,55,90,80,50,105,96
801,Magearna,"steel, fairy",Soul-Heart,80,95,115,130,115,65
858,Hatterene,"psychic, fairy","Healer, Anticipation, Magic Bounce",57,90,95,136,103,29
859,Impidimp,"dark, fairy","Prankster, Frisk, Pickpocket",45,45,30,55,40,50
860,Morgrem,"dark, fairy","Prankster, Frisk, Pickpocket",65,60,45,75,55,70
861,Grimmsnarl,"dark, fairy","Prankster, Frisk, Pickpocket",95,120,65,95,75,60
868,Milcery,fairy,"Sweet Veil, Aroma Veil",45,40,40,50,61,34
869,Alcremie,fairy,"Sweet Veil, Aroma Veil",65,60,75,110,121,64
888,Zacian,fairy,Intrepid Sword,92,120,115,80,115,138
888,Zacian,"fairy, steel",Intrepid Sword,92,150,115,80,115,148
905,Enamorus,"fairy, flying","Cute Charm, Contrary",74,115,70,135,80,106
905,Enamorus,"fairy, flying",Overcoat,74,115,110,135,100,46
926,Fidough,fairy,"Own Tempo, Klutz",37,55,70,30,55,65
927,Dachsbun,fairy,"Well-Baked Body, Aroma Veil",57,80,115,50,80,95
957,Tinkatink,"fairy, steel","Mold Breaker, Own Tempo, Pickpocket",50,45,45,35,64,58
958,Tinkatuff,"fairy, steel","Mold Breaker, Own Tempo, Pickpocket",65,55,55,45,82,78
959,Tinkaton,"fairy, steel","Mold Breaker, Own Tempo, Pickpocket",85,75,77,70,105,94
985,Scream Tail,"fairy, psychic",Protosynthesis,115,65,99,65,115,111
987,Flutter Mane,"ghost, fairy",Protosynthesis,55,55,55,135,135,135
1006,Iron Valiant,"fairy, fighting",Quark Drive,74,130,90,120,60,116
1016,Fezandipiti,"poison, fairy","Toxic Chain, Technician",88,91,82,70,125,99
56,Mankey,fighting,"Vital Spirit, Anger Point, Defiant",40,80,35,35,45,70
57,Primeape,fighting,"Vital Spirit, Anger Point, Defiant",65,105,60,60,70,95
62,Poliwrath,"water, fighting","Water Absorb, Damp, Swift Swim",90,95,95,70,90,70
106,Hitmonlee,fighting,"Limber, Reckless, Unburden",50,120,53,35,110,87
107,Hitmonchan,fighting,"Keen Eye, Iron Fist, Inner Focus",50,105,79,35,110,76
128,Tauros,fighting,"Intimidate, Anger Point, Cud Chew",75,110,105,30,70,100
128,Tauros,"fighting, fire","Intimidate, Anger Point, Cud Chew",75,110,105,30,70,100
128,Tauros,"fighting, water","Intimidate, Anger Point, Cud Chew",75,110,105,30,70,100
145,Zapdos,"fighting, flying","Defiant, Defiant",90,125,90,85,90,100
214,Heracross,"bug, fighting","Swarm, Guts, Moxie",80,125,75,40,95,85
215,Sneasel,"fighting, poison","Inner Focus, Keen Eye, Pickpocket",55,95,55,35,75,115
236,Tyrogue,fighting,"Guts, Steadfast, Vital Spirit",35,35,35,35,35,35
237,Hitmontop,fighting,"Intimidate, Technician, Steadfast",50,95,95,35,110,70
256,Combusken,"fire, fighting","Blaze, Speed Boost",60,85,60,85,60,55
257,Blaziken,"fire, fighting","Blaze, Speed Boost",80,120,70,110,70,80
286,Breloom,"grass, fighting","Effect Spore, Poison Heal, Technician",60,130,80,60,60,70
296,Makuhita,fighting,"Thick Fat, Guts, Sheer Force",72,60,30,20,30,25
297,Hariyama,fighting,"Thick Fat, Guts, Sheer Force",144,120,60,40,60,50
307,Meditite,"fighting, psychic","Pure Power, Telepathy",30,40,55,40,55,60
308,Medicham,"fighting, psychic","Pure Power, Telepathy",60,60,75,60,75,80
391,Monferno,"fire, fighting","Blaze, Iron Fist",64,78,52,78,52,81
392,Infernape,"fire, fighting","Blaze, Iron Fist",76,104,71,104,71,108
447,Riolu,fighting,"Steadfast, Inner Focus, Prankster",40,70,40,35,40,60
448,Lucario,"fighting, steel","Steadfast, Inner Focus, Justified",70,110,70,115,70,90
453,Croagunk,"poison, fighting","Anticipation, Dry Skin, Poison Touch",48,61,40,61,40,50
454,Toxicroak,"poison, fighting","Anticipation, Dry Skin, Poison Touch",83,106,65,86,65,85
475,Gallade,"psychic, fighting","Steadfast, Sharpness, Justified",68,125,65,65,115,80
493,Arceus,fighting,Multitype,120,120,120,120,120,120
499,Pignite,"fire, fighting","Blaze, Thick Fat",90,93,55,70,55,55
500,Emboar,"fire, fighting","Blaze, Reckless",110,123,65,100,65,65
532,Timburr,fighting,"Guts, Sheer Force, Iron Fist",75,80,55,25,35,35
533,Gurdurr,fighting,"Guts, Sheer Force, Iron Fist",85,105,85,40,50,40
534,Conkeldurr,fighting,"Guts, Sheer Force, Iron Fist",105,140,95,55,65,45
549,Lilligant,"grass, fighting","Chlorophyll, Hustle, Leaf Guard",70,105,75,50,75,105
559,Scraggy,"dark, fighting","Shed Skin, Moxie, Intimidate",50,75,70,35,70,48
560,Scrafty,"dark, fighting","Shed Skin, Moxie, Intimidate",65,90,115,45,115,58
619,Mienfoo,fighting,"Inner Focus, Regenerator, Reckless",45,85,50,55,50,65
620,Mienshao,fighting,"Inner Focus, Regenerator, Reckless",65,125,60,95,60,105
638,Cobalion,"steel, fighting",Justified,91,90,129,90,72,108
639,Terrakion,"rock, fighting",Justified,91,129,90,72,90,108
640,Virizion,"grass, fighting",Justified,91,90,72,90,129,108
647,Keldeo,"water, fighting",Justified,91,72,90,129,90,108
652,Chesnaught,"grass, fighting","Overgrow, Bulletproof",88,107,122,74,75,64
701,Hawlucha,"fighting, flying","Limber, Unburden, Mold Breaker",78,92,75,74,63,118
724,Decidueye,"grass, fighting","Overgrow, Scrappy",88,112,80,95,95,60
739,Crabrawler,fighting,"Hyper Cutter, Iron Fist, Anger Point",47,82,57,42,47,63
740,Crabominable,"fighting, ice","Hyper Cutter, Iron Fist, Anger Point",97,132,77,62,67,43
766,Passimian,fighting,"Receiver, Defiant",100,120,90,40,60,80
783,Hakamo-o,"dragon, fighting","Bulletproof, Soundproof, Overcoat",55,75,90,65,70,65
784,Kommo-o,"dragon, fighting","Bulletproof, Soundproof, Overcoat",75,110,125,100,105,85
870,Falinks,fighting,"Battle Armor, Defiant",65,100,100,70,60,75
889,Zamazenta,fighting,Dauntless Shield,92,120,115,80,115,138
889,Zamazenta,"fighting, steel",Dauntless Shield,92,120,140,80,140,128
891,Kubfu,fighting,Inner Focus,60,90,60,53,50,72
892,Urshifu,"fighting, dark",Unseen Fist,100,130,100,63,60,97
892,Urshifu,"fighting, water",Unseen Fist,100,130,100,63,60,97
903,Sneasler,"fighting, poison","Pressure, Unburden, Poison Touch",80,130,60,40,80,120
914,Quaquaval,"water, fighting","Torrent, Moxie",85,120,80,85,75,85
922,Pawmo,"electric, fighting","Volt Absorb, Natural Cure, Iron Fist",60,75,40,50,40,85
923,Pawmot,"electric, fighting","Volt Absorb, Natural Cure, Iron Fist",70,115,70,70,60,105
973,Flamigo,"flying, fighting","Scrappy, Tangled Feet, Costar",82,115,74,75,64,90
979,Annihilape,"fighting, ghost","Vital Spirit, Inner Focus, Defiant",110,115,80,50,90,90
984,Great Tusk,"ground, fighting",Protosynthesis,115,131,131,53,53,87
988,Slither Wing,"bug, fighting",Protosynthesis,85,135,79,85,105,81
992,Iron Hands,"fighting, electric",Quark Drive,154,140,108,50,68,50
1006,Iron Valiant,"fairy, fighting",Quark Drive,74,130,90,120,60,116
1007,Koraidon,"fighting, dragon",Orichalcum Pulse,100,135,115,85,100,135
1014,Okidogi,"poison, fighting","Toxic Chain, Guard Dog",88,128,115,58,86,80
4,Charmander,fire,"Blaze, Solar Power",39,52,43,60,50,65
5,Charmeleon,fire,"Blaze, Solar Power",58,64,58,80,65,80
6,Charizard,"fire, flying","Blaze, Solar Power",78,84,78,109,85,100
37,Vulpix,fire,"Flash Fire, Drought",38,41,40,50,65,65
38,Ninetales,fire,"Flash Fire, Drought",73,76,75,81,100,100
58,Growlithe,fire,"Intimidate, Flash Fire, Justified",55,70,45,70,50,60
58,Growlithe,"fire, rock","Intimidate, Flash Fire, Rock Head",60,75,45,65,50,55
59,Arcanine,fire,"Intimidate, Flash Fire, Justified",90,110,80,100,80,95
59,Arcanine,"fire, rock","Intimidate, Flash Fire, Rock Head",95,115,80,95,80,90
126,Magmar,fire,"Flame Body, Vital Spirit",65,95,57,100,85,93
128,Tauros,"fighting, fire","Intimidate, Anger Point, Cud Chew",75,110,105,30,70,100
136,Flareon,fire,"Flash Fire, Guts",65,130,60,95,110,65
146,Moltres,"fire, flying","Pressure, Flame Body",90,100,90,125,85,90
155,Cyndaquil,fire,"Blaze, Flash Fire",39,52,43,60,50,65
156,Quilava,fire,"Blaze, Flash Fire",58,64,58,80,65,80
157,Typhlosion,fire,"Blaze, Flash Fire",78,84,78,109,85,100
157,Typhlosion,"fire, ghost","Blaze, Frisk",73,84,78,119,85,95
218,Slugma,fire,"Magma Armor, Flame Body, Weak Armor",40,40,40,70,40,20
219,Magcargo,"fire, rock","Magma Armor, Flame Body, Weak Armor",60,50,120,90,80,30
228,Houndour,"dark, fire","Early Bird, Flash Fire, Unnerve",45,60,30,80,50,65
229,Houndoom,"dark, fire","Early Bird, Flash Fire, Unnerve",75,90,50,110,80,95
240,Magby,fire,"Flame Body, Vital Spirit",45,75,37,70,55,83
244,Entei,fire,"Pressure, Inner Focus",115,115,85,90,75,100
250,Ho-Oh,"fire, flying","Pressure, Regenerator",106,130,90,110,154,90
255,Torchic,fire,"Blaze, Speed Boost",45,60,40,70,50,45
256,Combusken,"fire, fighting","Blaze, Speed Boost",60,85,60,85,60,55
257,Blaziken,"fire, fighting","Blaze, Speed Boost",80,120,70,110,70,80
322,Numel,"fire, ground","Oblivious, Simple, Own Tempo",60,60,40,65,45,35
323,Camerupt,"fire, ground","Magma Armor, Solid Rock, Anger Point",70,100,70,105,75,40
324,Torkoal,fire,"White Smoke, Drought, Shell Armor",70,85,140,85,70,20
390,Chimchar,fire,"Blaze, Iron Fist",44,58,44,58,44,61
391,Monferno,"fire, fighting","Blaze, Iron Fist",64,78,52,78,52,81
392,Infernape,"fire, fighting","Blaze, Iron Fist",76,104,71,104,71,108
467,Magmortar,fire,"Flame Body, Vital Spirit",75,95,67,125,95,83
479,Rotom,"electric, fire",Levitate,50,65,107,105,107,86
485,Heatran,"fire, steel","Flash Fire, Flame Body",91,90,106,130,106,77
493,Arceus,fire,Multitype,120,120,120,120,120,120
498,Tepig,fire,"Blaze, Thick Fat",65,63,45,45,45,45
499,Pignite,"fire, fighting","Blaze, Thick Fat",90,93,55,70,55,55
500,Emboar,"fire, fighting","Blaze, Reckless",110,123,65,100,65,65
607,Litwick,"ghost, fire","Flash Fire, Flame Body, Infiltrator",50,30,55,65,55,20
608,Lampent,"ghost, fire","Flash Fire, Flame Body, Infiltrator",60,40,60,95,60,55
609,Chandelure,"ghost, fire","Flash Fire, Flame Body, Infiltrator",60,55,90,145,90,80
636,Larvesta,"bug, fire","Flame Body, Swarm",55,85,55,50,55,60
637,Volcarona,"bug, fire","Flame Body, Swarm",85,60,65,135,105,100
643,Reshiram,"dragon, fire",Turboblaze,100,120,100,150,120,90
653,Fennekin,fire,"Blaze, Magician",40,45,40,62,60,60
654,Braixen,fire,"Blaze, Magician",59,59,58,90,70,73
655,Delphox,"fire, psychic","Blaze, Magician",75,69,72,114,100,104
662,Fletchinder,"fire, flying","Flame Body, Gale Wings",62,73,55,56,52,84
663,Talonflame,"fire, flying","Flame Body, Gale Wings",78,81,71,74,69,126
667,Litleo,"fire, normal","Rivalry, Unnerve, Moxie",62,50,58,73,54,72
668,Pyroar,"fire, normal","Rivalry, Unnerve, Moxie",86,68,72,109,66,106
721,Volcanion,"fire, water",Water Absorb,80,110,120,130,90,70
725,Litten,fire,"Blaze, Intimidate",45,65,40,60,40,70
726,Torracat,fire,"Blaze, Intimidate",65,85,50,80,50,90
727,Incineroar,"fire, dark","Blaze, Intimidate",95,115,90,80,90,60
741,Oricorio,"fire, flying",Dancer,75,70,70,98,70,93
757,Salandit,"poison, fire","Corrosion, Oblivious",48,44,40,71,40,77
758,Salazzle,"poison, fire","Corrosion, Oblivious",68,64,60,111,60,117
813,Scorbunny,fire,"Blaze, Libero",50,71,40,40,40,69
814,Raboot,fire,"Blaze, Libero",65,86,60,55,60,94
815,Cinderace,fire,"Blaze, Libero",80,116,75,65,75,119
838,Carkol,"rock, fire","Steam Engine, Flame Body, Flash Fire",80,60,90,60,70,50
839,Coalossal,"rock, fire","Steam Engine, Flame Body, Flash Fire",110,80,120,80,90,30
909,Fuecoco,fire,"Blaze, Unaware",67,45,59,63,40,36
910,Crocalor,fire,"Blaze, Unaware",81,55,78,90,58,49
911,Skeledirge,"fire, ghost","Blaze, Unaware",104,75,100,110,75,66
935,Charcadet,fire,"Flash Fire, Flame Body",40,50,40,50,40,35
936,Armarouge,"fire, psychic","Flash Fire, Weak Armor",85,60,100,125,80,75
937,Ceruledge,"fire, ghost","Flash Fire, Weak Armor",75,125,80,60,100,85
952,Scovillain,"grass, fire","Chlorophyll, Insomnia, Moody",65,108,65,108,65,75
994,Iron Moth,"fire, poison",Quark Drive,80,70,60,140,110,110
1004,Chi-Yu,"dark, fire",Beads of Ruin,55,80,80,135,120,100
1017,Ogerpon,"grass, fire",Mold Breaker,80,120,84,60,96,110
1020,Gouging Fire,"fire, dragon",Protosynthesis,105,115,121,65,93,91
6,Charizard,"fire, flying","Blaze, Solar Power",78,84,78,109,85,100
84,Doduo,"normal, flying","Run Away, Early Bird, Tangled Feet",35,85,45,35,35,75
85,Dodrio,"normal, flying","Run Away, Early Bird, Tangled Feet",60,110,70,60,60,110
123,Scyther,"bug, flying","Swarm, Technician, Steadfast",70,110,80,55,80,105
130,Gyarados,"water, flying","Intimidate, Moxie",95,125,79,60,100,81
144,Articuno,"ice, flying","Pressure, Snow Cloak",90,85,100,95,125,85
144,Articuno,"psychic, flying","Competitive, Competitive",90,85,85,125,100,95
145,Zapdos,"electric, flying","Pressure, Static",90,90,85,125,90,100
145,Zapdos,"fighting, flying","Defiant, Defiant",90,125,90,85,90,100
146,Moltres,"fire, flying","Pressure, Flame Body",90,100,90,125,85,90
146,Moltres,"dark, flying","Berserk, Berserk",90,85,90,100,125,90
149,Dragonite,"dragon, flying","Inner Focus, Multiscale",91,134,95,100,100,80
163,Hoothoot,"normal, flying","Insomnia, Keen Eye, Tinted Lens",60,30,30,36,56,50
164,Noctowl,"normal, flying","Insomnia, Keen Eye, Tinted Lens",100,50,50,86,96,70
187,Hoppip,"grass, flying","Chlorophyll, Leaf Guard, Infiltrator",35,35,40,35,55,50
188,Skiploom,"grass, flying","Chlorophyll, Leaf Guard, Infiltrator",55,45,50,45,65,80
189,Jumpluff,"grass, flying","Chlorophyll, Leaf Guard, Infiltrator",75,55,70,55,95,110
193,Yanma,"bug, flying","Speed Boost, Compoundeyes, Frisk",65,65,45,75,45,95
198,Murkrow,"dark, flying","Insomnia, Super Luck, Prankster",60,85,42,85,42,91
207,Gligar,"ground, flying","Hyper Cutter, Sand Veil, Immunity",65,75,105,35,65,85
225,Delibird,"ice, flying","Vital Spirit, Hustle, Insomnia",45,55,45,65,45,75
227,Skarmory,"steel, flying","Keen Eye, Sturdy, Weak Armor",65,80,140,40,70,70
249,Lugia,"psychic, flying","Pressure, Multiscale",106,90,130,90,154,110
250,Ho-Oh,"fire, flying","Pressure, Regenerator",106,130,90,110,154,90
278,Wingull,"water, flying","Keen Eye, Hydration, Rain Dish",40,30,30,55,30,85
279,Pelipper,"water, flying","Keen Eye, Drizzle, Rain Dish",60,50,100,95,70,65
284,Masquerain,"bug, flying","Intimidate, Unnerve",70,60,62,100,82,80
333,Swablu,"normal, flying","Natural Cure, Cloud Nine",45,40,60,40,75,50
334,Altaria,"dragon, flying","Natural Cure, Cloud Nine",75,70,90,70,105,80
357,Tropius,"grass, flying","Chlorophyll, Solar Power, Harvest",99,68,83,72,87,51
373,Salamence,"dragon, flying","Intimidate, Moxie",95,135,80,110,80,100
384,Rayquaza,"dragon, flying",Air Lock,105,150,90,150,90,95
396,Starly,"normal, flying","Keen Eye, Reckless",40,55,30,30,30,60
397,Staravia,"normal, flying","Intimidate, Reckless",55,75,50,40,40,80
398,Staraptor,"normal, flying","Intimidate, Reckless",85,120,70,50,60,100
415,Combee,"bug, flying","Honey Gather, Hustle",30,30,42,30,42,70
416,Vespiquen,"bug, flying","Pressure, Unnerve",70,80,102,80,102,40
425,Drifloon,"ghost, flying","Aftermath, Unburden, Flare Boost",90,50,34,60,44,70
426,Drifblim,"ghost, flying","Aftermath, Unburden, Flare Boost",150,80,44,90,54,80
430,Honchkrow,"dark, flying","Insomnia, Super Luck, Moxie",100,125,52,105,52,71
469,Yanmega,"bug, flying","Speed Boost, Tinted Lens, Frisk",86,76,86,116,56,95
472,Gliscor,"ground, flying","Hyper Cutter, Sand Veil, Poison Heal",75,95,125,45,75,95
479,Rotom,"electric, flying",Levitate,50,65,107,105,107,86
492,Shaymin,"grass, flying",Serene Grace,100,103,75,120,75,127
493,Arceus,flying,Multitype,120,120,120,120,120,120
580,Ducklett,"water, flying","Keen Eye, Big Pecks, Hydration",62,44,50,44,50,55
581,Swanna,"water, flying","Keen Eye, Big Pecks, Hydration",75,87,63,87,63,98
627,Rufflet,"normal, flying","Keen Eye, Sheer Force, Hustle",70,83,50,37,50,60
628,Braviary,"normal, flying","Keen Eye, Sheer Force, Defiant",100,123,75,57,75,80
628,Braviary,"psychic, flying","Keen Eye, Sheer Force, Tinted Lens",110,83,70,112,70,65
629,Vullaby,"dark, flying","Big Pecks, Overcoat, Weak Armor",70,55,75,45,65,60
630,Mandibuzz,"dark, flying","Big Pecks, Overcoat, Weak Armor",110,65,105,55,95,80
641,Tornadus,flying,"Prankster, Defiant",79,115,70,125,80,111
641,Tornadus,flying,Regenerator,79,100,80,110,90,121
642,Thundurus,"electric, flying","Prankster, Defiant",79,115,70,125,80,111
642,Thundurus,"electric, flying",Volt Absorb,79,105,70,145,80,101
645,Landorus,"ground, flying","Sand Force, Sheer Force",89,125,90,115,80,101
645,Landorus,"ground, flying",Intimidate,89,145,90,105,80,91
661,Fletchling,"normal, flying","Big Pecks, Gale Wings",45,50,43,40,38,62
662,Fletchinder,"fire, flying","Flame Body, Gale Wings",62,73,55,56,52,84
663,Talonflame,"fire, flying","Flame Body, Gale Wings",78,81,71,74,69,126
666,Vivillon,"bug, flying","Shield Dust, Compoundeyes, Friend Guard",80,52,50,90,50,89
701,Hawlucha,"fighting, flying","Limber, Unburden, Mold Breaker",78,92,75,74,63,118
714,Noibat,"flying, dragon","Frisk, Infiltrator, Telepathy",40,30,35,45,40,55
715,Noivern,"flying, dragon","Frisk, Infiltrator, Telepathy",85,70,80,97,80,123
722,Rowlet,"grass, flying","Overgrow, Long Reach",68,55,55,50,50,42
723,Dartrix,"grass, flying","Overgrow, Long Reach",78,75,75,70,70,52
731,Pikipek,"normal, flying","Keen Eye, Skill Link, Pickup",35,75,30,30,30,65
732,Trumbeak,"normal, flying","Keen Eye, Skill Link, Pickup",55,85,50,40,50,75
733,Toucannon,"normal, flying","Keen Eye, Skill Link, Sheer Force",80,120,75,75,75,60
741,Oricorio,"fire, flying",Dancer,75,70,70,98,70,93
774,Minior,"rock, flying",Shields Down,60,60,100,60,100,60
821,Rookidee,flying,"Keen Eye, Unnerve, Big Pecks",38,47,35,33,35,57
822,Corvisquire,flying,"Keen Eye, Unnerve, Big Pecks",68,67,55,43,55,77
823,Corviknight,"flying, steel","Pressure, Unnerve, Mirror Armor",98,87,105,53,85,67
845,Cramorant,"flying, water",Gulp Missile,70,85,55,85,95,85
905,Enamorus,"fairy, flying","Cute Charm, Contrary",74,115,70,135,80,106
905,Enamorus,"fairy, flying",Overcoat,74,115,110,135,100,46
931,Squawkabilly,"normal, flying","Intimidate, Hustle, Guts",82,96,51,45,51,92
931,Squawkabilly,"normal, flying","Intimidate, Hustle, Guts",82,96,51,45,51,92
931,Squawkabilly,"normal, flying","Intimidate, Hustle, Sheer Force",82,96,51,45,51,92
931,Squawkabilly,"normal, flying","Intimidate, Hustle, Sheer Force",82,96,51,45,51,92
940,Wattrel,"electric, flying","Wind Power, Volt Absorb, Competitive",40,40,35,55,40,70
941,Kilowattrel,"electric, flying","Wind Power, Volt Absorb, Competitive",70,70,60,105,60,125
962,Bombirdier,"flying, dark","Big Pecks, Keen Eye, Rocky Payload",70,103,85,60,85,82
973,Flamigo,"flying, fighting","Scrappy, Tangled Feet, Costar",82,115,74,75,64,90
993,Iron Jugulis,"dark, flying",Quark Drive,94,80,86,122,80,108
92,Gastly,"ghost, poison",Levitate,30,35,30,100,35,80
93,Haunter,"ghost, poison",Levitate,45,50,45,115,55,95
94,Gengar,"ghost, poison",Cursed Body,60,65,60,130,75,110
157,Typhlosion,"fire, ghost","Blaze, Frisk",73,84,78,119,85,95
200,Misdreavus,ghost,Levitate,60,60,60,85,85,85
302,Sableye,"dark, ghost","Keen Eye, Stall, Prankster",50,75,75,65,65,50
353,Shuppet,ghost,"Insomnia, Frisk, Cursed Body",44,75,35,63,33,45
354,Banette,ghost,"Insomnia, Frisk, Cursed Body",64,115,65,83,63,65
355,Duskull,ghost,"Levitate, Frisk",20,40,90,30,90,25
356,Dusclops,ghost,"Pressure, Frisk",40,70,130,60,130,25
425,Drifloon,"ghost, flying","Aftermath, Unburden, Flare Boost",90,50,34,60,44,70
426,Drifblim,"ghost, flying","Aftermath, Unburden, Flare Boost",150,80,44,90,54,80
429,Mismagius,ghost,Levitate,60,60,60,105,105,105
442,Spiritomb,"ghost, dark","Pressure, Infiltrator",50,92,108,92,108,35
477,Dusknoir,ghost,"Pressure, Frisk",45,100,135,65,135,45
478,Froslass,"ice, ghost","Snow Cloak, Cursed Body",70,80,70,80,70,110
479,Rotom,"electric, ghost",Levitate,50,50,77,95,77,91
487,Giratina,"ghost, dragon","Pressure, Telepathy",150,100,120,100,120,90
487,Giratina,"ghost, dragon",Levitate,150,120,100,120,100,90
493,Arceus,ghost,Multitype,120,120,120,120,120,120
570,Zorua,"normal, ghost","Illusion, Illusion",35,60,40,85,40,70
571,Zoroark,"normal, ghost","Illusion, Illusion",55,100,60,125,60,110
607,Litwick,"ghost, fire","Flash Fire, Flame Body, Infiltrator",50,30,55,65,55,20
608,Lampent,"ghost, fire","Flash Fire, Flame Body, Infiltrator",60,40,60,95,60,55
609,Chandelure,"ghost, fire","Flash Fire, Flame Body, Infiltrator",60,55,90,145,90,80
622,Golett,"ground, ghost","Iron Fist, Klutz, No Guard",59,74,50,35,50,35
623,Golurk,"ground, ghost","Iron Fist, Klutz, No Guard",89,124,80,55,80,55
708,Phantump,"ghost, grass","Natural Cure, Frisk, Harvest",43,70,48,50,60,38
709,Trevenant,"ghost, grass","Natural Cure, Frisk, Harvest",85,110,76,65,82,56
720,Hoopa,"psychic, ghost",Magician,80,110,60,150,130,70
724,Decidueye,"grass, ghost","Overgrow, Long Reach",78,107,75,100,100,70
769,Sandygast,"ghost, ground","Water Compaction, Sand Veil",55,55,80,70,45,15
770,Palossand,"ghost, ground","Water Compaction, Sand Veil",85,75,110,100,75,35
778,Mimikyu,"ghost, fairy",Disguise,55,90,80,50,105,96
792,Lunala,"psychic, ghost",Shadow Shield,137,113,89,137,107,97
800,Necrozma,"psychic, ghost",Prism Armor,97,113,109,157,127,77
854,Sinistea,ghost,"Weak Armor, Cursed Body",40,45,45,74,54,50
855,Polteageist,ghost,"Weak Armor, Cursed Body",60,65,65,134,114,70
885,Dreepy,"dragon, ghost","Clear Body, Infiltrator, Cursed Body",28,60,30,40,30,82
886,Drakloak,"dragon, ghost","Clear Body, Infiltrator, Cursed Body",68,80,50,60,50,102
887,Dragapult,"dragon, ghost","Clear Body, Infiltrator, Cursed Body",88,120,75,100,75,142
897,Spectrier,ghost,Grim Neigh,100,65,60,145,80,130
898,Calyrex,"psychic, ghost",As One - Unnerve Grim Neigh,100,85,80,165,100,150
902,Basculegion,"water, ghost","Swift Swim, Adaptability, Mold Breaker",120,112,65,80,75,78
902,Basculegion,"water, ghost","Swift Swim, Adaptability, Mold Breaker",120,92,65,100,75,78
911,Skeledirge,"fire, ghost","Blaze, Unaware",104,75,100,110,75,66
937,Ceruledge,"fire, ghost","Flash Fire, Weak Armor",75,125,80,60,100,85
946,Bramblin,"grass, ghost","Wind Rider, Infiltrator",40,65,30,45,35,60
947,Brambleghast,"grass, ghost","Wind Rider, Infiltrator",55,115,70,80,70,90
971,Greavard,ghost,"Pickup, Fluffy",50,61,60,30,55,34
972,Houndstone,ghost,"Sand Rush, Fluffy",72,101,100,50,97,68
979,Annihilape,"fighting, ghost","Vital Spirit, Inner Focus, Defiant",110,115,80,50,90,90
987,Flutter Mane,"ghost, fairy",Protosynthesis,55,55,55,135,135,135
999,Gimmighoul,ghost,Rattled,45,30,70,75,70,10
999,Gimmighoul,ghost,Run Away,45,30,25,75,45,80
1000,Gholdengo,"steel, ghost",Good as Gold,87,60,95,133,91,84
1012,Poltchageist,"grass, ghost","Hospitality, Heatproof",40,45,45,74,54,50
1013,Sinistcha,"grass, ghost","Hospitality, Heatproof",71,60,106,121,80,70
1025,Pecharunt,"poison, ghost",Poison Puppeteer,88,88,160,88,88,88
1,Bulbasaur,"grass, poison","Overgrow, Chlorophyll",45,49,49,65,65,45
2,Ivysaur,"grass, poison","Overgrow, Chlorophyll",60,62,63,80,80,60
3,Venusaur,"grass, poison","Overgrow, Chlorophyll",80,82,83,100,100,80
43,Oddish,"grass, poison","Chlorophyll, Run Away",45,50,55,75,65,30
44,Gloom,"grass, poison","Chlorophyll, Stench",60,65,70,85,75,40
45,Vileplume,"grass, poison","Chlorophyll, Effect Spore",75,80,85,110,90,50
69,Bellsprout,"grass, poison","Chlorophyll, Gluttony",50,75,35,70,30,40
70,Weepinbell,"grass, poison","Chlorophyll, Gluttony",65,90,50,85,45,55
71,Victreebel,"grass, poison","Chlorophyll, Gluttony",80,105,65,100,70,70
100,Voltorb,"electric, grass","Soundproof, Static, Aftermath",40,30,50,55,55,100
101,Electrode,"electric, grass","Soundproof, Static, Aftermath",60,50,70,80,80,150
102,Exeggcute,"grass, psychic","Chlorophyll, Harvest",60,40,80,60,45,40
103,Exeggutor,"grass, psychic","Chlorophyll, Harvest",95,95,85,125,75,55
103,Exeggutor,"grass, dragon","Frisk, Harvest",95,105,85,125,75,45
152,Chikorita,grass,"Overgrow, Leaf Guard",45,49,65,49,65,45
153,Bayleef,grass,"Overgrow, Leaf Guard",60,62,80,63,80,60
154,Meganium,grass,"Overgrow, Leaf Guard",80,82,100,83,100,80
182,Bellossom,grass,"Chlorophyll, Healer",75,80,95,90,100,50
187,Hoppip,"grass, flying","Chlorophyll, Leaf Guard, Infiltrator",35,35,40,35,55,50
188,Skiploom,"grass, flying","Chlorophyll, Leaf Guard, Infiltrator",55,45,50,45,65,80
189,Jumpluff,"grass, flying","Chlorophyll, Leaf Guard, Infiltrator",75,55,70,55,95,110
191,Sunkern,grass,"Chlorophyll, Solar Power, Early Bird",30,30,30,30,30,30
192,Sunflora,grass,"Chlorophyll, Solar Power, Early Bird",75,75,55,105,85,30
252,Treecko,grass,"Overgrow, Unburden",40,45,35,65,55,70
253,Grovyle,grass,"Overgrow, Unburden",50,65,45,85,65,95
254,Sceptile,grass,"Overgrow, Unburden",70,85,65,105,85,120
270,Lotad,"water, grass","Swift Swim, Rain Dish, Own Tempo",40,30,30,40,50,30
271,Lombre,"water, grass","Swift Swim, Rain Dish, Own Tempo",60,50,50,60,70,50
272,Ludicolo,"water, grass","Swift Swim, Rain Dish, Own Tempo",80,70,70,90,100,70
273,Seedot,grass,"Chlorophyll, Early Bird, Pickpocket",40,40,50,30,30,30
274,Nuzleaf,"grass, dark","Chlorophyll, Early Bird, Pickpocket",70,70,40,60,40,60
275,Shiftry,"grass, dark","Chlorophyll, Wind Rider, Pickpocket",90,100,60,90,60,80
285,Shroomish,grass,"Effect Spore, Poison Heal, Quick Feet",60,40,60,40,60,35
286,Breloom,"grass, fighting","Effect Spore, Poison Heal, Technician",60,130,80,60,60,70
331,Cacnea,grass,"Sand Veil, Water Absorb",50,85,40,85,40,35
332,Cacturne,"grass, dark","Sand Veil, Water Absorb",70,115,60,115,60,55
357,Tropius,"grass, flying","Chlorophyll, Solar Power, Harvest",99,68,83,72,87,51
387,Turtwig,grass,"Overgrow, Shell Armor",55,68,64,45,55,31
388,Grotle,grass,"Overgrow, Shell Armor",75,89,85,55,65,36
389,Torterra,"grass, ground","Overgrow, Shell Armor",95,109,105,75,85,56
459,Snover,"grass, ice","Snow Warning, Soundproof",60,62,50,62,60,40
460,Abomasnow,"grass, ice","Snow Warning, Soundproof",90,92,75,92,85,60
470,Leafeon,grass,"Leaf Guard, Chlorophyll",65,110,130,60,65,95
479,Rotom,"electric, grass",Levitate,50,65,107,105,107,86
492,Shaymin,grass,Natural Cure,100,100,100,100,100,100
492,Shaymin,"grass, flying",Serene Grace,100,103,75,120,75,127
493,Arceus,grass,Multitype,120,120,120,120,120,120
495,Snivy,grass,"Overgrow, Contrary",45,45,55,45,55,63
496,Servine,grass,"Overgrow, Contrary",60,60,75,60,75,83
497,Serperior,grass,"Overgrow, Contrary",75,75,95,75,95,113
540,Sewaddle,"bug, grass","Swarm, Chlorophyll, Overcoat",45,53,70,40,60,42
541,Swadloon,"bug, grass","Leaf Guard, Chlorophyll, Overcoat",55,63,90,50,80,42
542,Leavanny,"bug, grass","Swarm, Chlorophyll, Overcoat",75,103,80,70,80,92
546,Cottonee,"grass, fairy","Prankster, Infiltrator, Chlorophyll",40,27,60,37,50,66
547,Whimsicott,"grass, fairy","Prankster, Infiltrator, Chlorophyll",60,67,85,77,75,116
548,Petilil,grass,"Chlorophyll, Own Tempo, Leaf Guard",45,35,50,70,50,30
549,Lilligant,grass,"Chlorophyll, Own Tempo, Leaf Guard",70,60,75,110,75,90
549,Lilligant,"grass, fighting","Chlorophyll, Hustle, Leaf Guard",70,105,75,50,75,105
585,Deerling,"normal, grass","Chlorophyll, Sap Sipper, Serene Grace",60,60,50,40,50,75
586,Sawsbuck,"normal, grass","Chlorophyll, Sap Sipper, Serene Grace",80,100,70,60,70,95
590,Foongus,"grass, poison","Effect Spore, Regenerator",69,55,45,55,55,15
591,Amoonguss,"grass, poison","Effect Spore, Regenerator",114,85,70,85,80,30
640,Virizion,"grass, fighting",Justified,91,90,72,90,129,108
650,Chespin,grass,"Overgrow, Bulletproof",56,61,65,48,45,38
651,Quilladin,grass,"Overgrow, Bulletproof",61,78,95,56,58,57
652,Chesnaught,"grass, fighting","Overgrow, Bulletproof",88,107,122,74,75,64
672,Skiddo,grass,"Sap Sipper, Grass Pelt",66,65,48,62,57,52
673,Gogoat,grass,"Sap Sipper, Grass Pelt",123,100,62,97,81,68
708,Phantump,"ghost, grass","Natural Cure, Frisk, Harvest",43,70,48,50,60,38
709,Trevenant,"ghost, grass","Natural Cure, Frisk, Harvest",85,110,76,65,82,56
722,Rowlet,"grass, flying","Overgrow, Long Reach",68,55,55,50,50,42
723,Dartrix,"grass, flying","Overgrow, Long Reach",78,75,75,70,70,52
724,Decidueye,"grass, ghost","Overgrow, Long Reach",78,107,75,100,100,70
724,Decidueye,"grass, fighting","Overgrow, Scrappy",88,112,80,95,95,60
753,Fomantis,grass,"Leaf Guard, Contrary",40,55,35,50,35,35
754,Lurantis,grass,"Leaf Guard, Contrary",70,105,90,80,90,45
761,Bounsweet,grass,"Leaf Guard, Oblivious, Sweet Veil",42,30,38,30,38,32
762,Steenee,grass,"Leaf Guard, Oblivious, Sweet Veil",52,40,48,40,48,62
763,Tsareena,grass,"Leaf Guard, Queenly Majesty, Sweet Veil",72,120,98,50,98,72
810,Grookey,grass,"Overgrow, Grassy Surge",50,65,50,40,40,65
811,Thwackey,grass,"Overgrow, Grassy Surge",70,85,70,55,60,80
812,Rillaboom,grass,"Overgrow, Grassy Surge",100,125,90,60,70,85
840,Applin,"grass, dragon","Ripen, Gluttony, Bulletproof",40,40,80,40,40,20
841,Flapple,"grass, dragon","Ripen, Gluttony, Hustle",70,110,80,95,60,70
842,Appletun,"grass, dragon","Ripen, Gluttony, Thick Fat",110,85,80,100,80,30
893,Zarude,"dark, grass",Leaf Guard,105,120,105,70,95,105
898,Calyrex,"psychic, grass",Unnerve,100,80,80,80,80,80
906,Sprigatito,grass,"Overgrow, Protean",40,61,54,45,45,65
907,Floragato,grass,"Overgrow, Protean",61,80,63,60,63,83
908,Meowscarada,"grass, dark","Overgrow, Protean",76,110,70,81,70,123
928,Smoliv,"grass, normal","Early Bird, Harvest",41,35,45,58,51,30
929,Dolliv,"grass, normal","Early Bird, Harvest",52,53,60,78,78,33
930,Arboliva,"grass, normal","Seed Sower, Harvest",78,69,90,125,109,39
946,Bramblin,"grass, ghost","Wind Rider, Infiltrator",40,65,30,45,35,60
947,Brambleghast,"grass, ghost","Wind Rider, Infiltrator",55,115,70,80,70,90
948,Toedscool,"ground, grass",Mycelium Might,40,40,35,50,100,70
949,Toedscruel,"ground, grass",Mycelium Might,80,70,65,80,120,100
951,Capsakid,grass,"Chlorophyll, Insomnia, Klutz",50,62,40,62,40,50
952,Scovillain,"grass, fire","Chlorophyll, Insomnia, Moody",65,108,65,108,65,75
986,Brute Bonnet,"grass, dark",Protosynthesis,111,127,99,79,99,55
1001,Wo-Chien,"dark, grass",Tablets of Ruin,85,85,100,95,135,70
1010,Iron Leaves,"grass, psychic",Quark Drive,90,130,88,70,108,104
1011,Dipplin,"grass, dragon","Supersweet Syrup, Gluttony, Sticky Hold",80,80,110,95,80,40
1012,Poltchageist,"grass, ghost","Hospitality, Heatproof",40,45,45,74,54,50
1013,Sinistcha,"grass, ghost","Hospitality, Heatproof",71,60,106,121,80,70
1017,Ogerpon,grass,Defiant,80,120,84,60,96,110
1017,Ogerpon,"grass, water",Water Absorb,80,120,84,60,96,110
1017,Ogerpon,"grass, fire",Mold Breaker,80,120,84,60,96,110
1017,Ogerpon,"grass, rock",Sturdy,80,120,84,60,96,110
1019,Hydrapple,"grass, dragon","Supersweet Syrup, Regenerator, Sticky Hold",106,80,110,120,80,44
27,Sandshrew,ground,"Sand Veil, Sand Rush",50,75,85,20,30,40
28,Sandslash,ground,"Sand Veil, Sand Rush",75,100,110,45,55,65
50,Diglett,ground,"Sand Veil, Arena Trap, Sand Force",10,55,25,35,45,95
50,Diglett,"ground, steel","Sand Veil, Tangling Hair, Sand Force",10,55,30,35,45,90
51,Dugtrio,ground,"Sand Veil, Arena Trap, Sand Force",35,100,50,50,70,120
51,Dugtrio,"ground, steel","Sand Veil, Tangling Hair, Sand Force",35,100,60,50,70,110
74,Geodude,"rock, ground","Rock Head, Sturdy, Sand Veil",40,80,100,30,30,20
75,Graveler,"rock, ground","Rock Head, Sturdy, Sand Veil",55,95,115,45,45,35
76,Golem,"rock, ground","Rock Head, Sturdy, Sand Veil",80,120,130,55,65,45
111,Rhyhorn,"ground, rock","Lightning Rod, Rock Head, Reckless",80,85,95,30,30,25
112,Rhydon,"ground, rock","Lightning Rod, Rock Head, Reckless",105,130,120,45,45,40
194,Wooper,"water, ground","Damp, Water Absorb, Unaware",55,45,45,25,25,15
194,Wooper,"poison, ground","Poison Point, Water Absorb, Unaware",55,45,45,25,25,15
195,Quagsire,"water, ground","Damp, Water Absorb, Unaware",95,85,85,65,65,35
207,Gligar,"ground, flying","Hyper Cutter, Sand Veil, Immunity",65,75,105,35,65,85
220,Swinub,"ice, ground","Oblivious, Snow Cloak, Thick Fat",50,50,40,30,30,50
221,Piloswine,"ice, ground","Oblivious, Snow Cloak, Thick Fat",100,100,80,60,60,50
231,Phanpy,ground,"Pickup, Sand Veil",90,60,60,40,40,40
232,Donphan,ground,"Sturdy, Sand Veil",90,120,120,60,60,50
246,Larvitar,"rock, ground","Guts, Sand Veil",50,64,50,45,50,41
247,Pupitar,"rock, ground",Shed Skin,70,84,70,65,70,51
259,Marshtomp,"water, ground","Torrent, Damp",70,85,70,60,70,50
260,Swampert,"water, ground","Torrent, Damp",100,110,90,85,90,60
322,Numel,"fire, ground","Oblivious, Simple, Own Tempo",60,60,40,65,45,35
323,Camerupt,"fire, ground","Magma Armor, Solid Rock, Anger Point",70,100,70,105,75,40
328,Trapinch,ground,"Hyper Cutter, Arena Trap, Sheer Force",45,100,45,45,45,10
329,Vibrava,"ground, dragon",Levitate,50,70,50,50,50,70
330,Flygon,"ground, dragon",Levitate,80,100,80,80,80,100
339,Barboach,"water, ground","Oblivious, Anticipation, Hydration",50,48,43,46,41,60
340,Whiscash,"water, ground","Oblivious, Anticipation, Hydration",110,78,73,76,71,60
383,Groudon,ground,Drought,100,150,140,100,90,90
389,Torterra,"grass, ground","Overgrow, Shell Armor",95,109,105,75,85,56
423,Gastrodon,"water, ground","Sticky Hold, Storm Drain, Sand Force",111,83,68,92,82,39
443,Gible,"dragon, ground","Sand Veil, Rough Skin",58,70,45,40,45,42
444,Gabite,"dragon, ground","Sand Veil, Rough Skin",68,90,65,50,55,82
445,Garchomp,"dragon, ground","Sand Veil, Rough Skin",108,130,95,80,85,102
449,Hippopotas,ground,"Sand Stream, Sand Force",68,72,78,38,42,32
450,Hippowdon,ground,"Sand Stream, Sand Force",108,112,118,68,72,47
464,Rhyperior,"ground, rock","Lightning Rod, Solid Rock, Reckless",115,140,130,55,55,40
472,Gliscor,"ground, flying","Hyper Cutter, Sand Veil, Poison Heal",75,95,125,45,75,95
473,Mamoswine,"ice, ground","Oblivious, Snow Cloak, Thick Fat",110,130,80,70,60,80
493,Arceus,ground,Multitype,120,120,120,120,120,120
529,Drilbur,ground,"Sand Rush, Sand Force, Mold Breaker",60,85,40,30,45,68
530,Excadrill,"ground, steel","Sand Rush, Sand Force, Mold Breaker",110,135,60,50,65,88
551,Sandile,"ground, dark","Intimidate, Moxie, Anger Point",50,72,35,35,35,65
552,Krokorok,"ground, dark","Intimidate, Moxie, Anger Point",60,82,45,45,45,74
553,Krookodile,"ground, dark","Intimidate, Moxie, Anger Point",95,117,80,65,70,92
622,Golett,"ground, ghost","Iron Fist, Klutz, No Guard",59,74,50,35,50,35
623,Golurk,"ground, ghost","Iron Fist, Klutz, No Guard",89,124,80,55,80,55
645,Landorus,"ground, flying","Sand Force, Sheer Force",89,125,90,115,80,101
645,Landorus,"ground, flying",Intimidate,89,145,90,105,80,91
749,Mudbray,ground,"Own Tempo, Stamina, Inner Focus",70,100,70,45,55,45
750,Mudsdale,ground,"Own Tempo, Stamina, Inner Focus",100,125,100,55,85,35
769,Sandygast,"ghost, ground","Water Compaction, Sand Veil",55,55,80,70,45,15
770,Palossand,"ghost, ground","Water Compaction, Sand Veil",85,75,110,100,75,35
843,Silicobra,ground,"Sand Spit, Shed Skin, Sand Veil",52,57,75,35,50,46
844,Sandaconda,ground,"Sand Spit, Shed Skin, Sand Veil",72,107,125,65,70,71
901,Ursaluna,"ground, normal","Guts, Bulletproof, Unnerve",130,140,105,45,80,50
901,Ursaluna,"ground, normal",Mind's Eye,113,70,120,135,65,52
948,Toedscool,"ground, grass",Mycelium Might,40,40,35,50,100,70
949,Toedscruel,"ground, grass",Mycelium Might,80,70,65,80,120,100
980,Clodsire,"poison, ground","Poison Point, Water Absorb, Unaware",130,75,60,45,100,20
984,Great Tusk,"ground, fighting",Protosynthesis,115,131,131,53,53,87
989,Sandy Shocks,"electric, ground",Protosynthesis,85,81,97,121,85,101
990,Iron Treads,"ground, steel",Quark Drive,90,112,120,72,70,106
1003,Ting-Lu,"dark, ground",Vessel of Ruin,155,110,125,55,80,45
27,Sandshrew,"ice, steel","Snow Cloak, Slush Rush",50,75,90,10,35,40
28,Sandslash,"ice, steel","Snow Cloak, Slush Rush",75,100,120,25,65,65
37,Vulpix,ice,"Snow Cloak, Snow Warning",38,41,40,50,65,65
38,Ninetales,"ice, fairy","Snow Cloak, Snow Warning",73,67,75,81,100,109
87,Dewgong,"water, ice","Thick Fat, Hydration, Ice Body",90,70,80,70,95,70
91,Cloyster,"water, ice","Shell Armor, Skill Link, Overcoat",50,95,180,85,45,70
131,Lapras,"water, ice","Water Absorb, Shell Armor, Hydration",130,85,80,85,95,60
144,Articuno,"ice, flying","Pressure, Snow Cloak",90,85,100,95,125,85
215,Sneasel,"dark, ice","Inner Focus, Keen Eye, Pickpocket",55,95,55,35,75,115
220,Swinub,"ice, ground","Oblivious, Snow Cloak, Thick Fat",50,50,40,30,30,50
221,Piloswine,"ice, ground","Oblivious, Snow Cloak, Thick Fat",100,100,80,60,60,50
225,Delibird,"ice, flying","Vital Spirit, Hustle, Insomnia",45,55,45,65,45,75
361,Snorunt,ice,"Inner Focus, Ice Body, Moody",50,50,50,50,50,50
362,Glalie,ice,"Inner Focus, Ice Body, Moody",80,80,80,80,80,80
378,Regice,ice,"Clear Body, Ice Body",80,50,100,100,200,50
459,Snover,"grass, ice","Snow Warning, Soundproof",60,62,50,62,60,40
460,Abomasnow,"grass, ice","Snow Warning, Soundproof",90,92,75,92,85,60
461,Weavile,"dark, ice","Pressure, Pickpocket",70,120,65,45,85,125
471,Glaceon,ice,"Snow Cloak, Ice Body",65,60,110,130,95,65
473,Mamoswine,"ice, ground","Oblivious, Snow Cloak, Thick Fat",110,130,80,70,60,80
478,Froslass,"ice, ghost","Snow Cloak, Cursed Body",70,80,70,80,70,110
479,Rotom,"electric, ice",Levitate,50,65,107,105,107,86
493,Arceus,ice,Multitype,120,120,120,120,120,120
613,Cubchoo,ice,"Snow Cloak, Slush Rush, Rattled",55,70,40,60,40,40
614,Beartic,ice,"Snow Cloak, Slush Rush, Swift Swim",95,130,80,70,80,50
615,Cryogonal,ice,Levitate,80,50,50,95,135,105
646,Kyurem,"dragon, ice",Pressure,125,130,90,130,90,95
646,Kyurem,"dragon, ice",Teravolt,125,170,100,120,90,95
646,Kyurem,"dragon, ice",Turboblaze,125,120,90,170,100,95
712,Bergmite,ice,"Own Tempo, Ice Body, Sturdy",55,69,85,32,35,28
713,Avalugg,ice,"Own Tempo, Ice Body, Sturdy",95,117,184,44,46,28
713,Avalugg,"ice, rock","Strong Jaw, Ice Body, Sturdy",95,127,184,34,36,38
740,Crabominable,"fighting, ice","Hyper Cutter, Iron Fist, Anger Point",97,132,77,62,67,43
872,Snom,"ice, bug","Shield Dust, Ice Scales",30,25,35,45,30,20
873,Frosmoth,"ice, bug","Shield Dust, Ice Scales",70,65,60,125,90,65
875,Eiscue,ice,Ice Face,75,80,110,65,90,50
875,Eiscue,ice,Ice Face,75,80,70,65,50,130
896,Glastrier,ice,Chilling Neigh,100,145,130,65,110,30
898,Calyrex,"psychic, ice",As One - Unnerve Chilling Neigh,100,165,150,85,130,50
974,Cetoddle,ice,"Thick Fat, Snow Cloak, Sheer Force",108,68,45,30,40,43
975,Cetitan,ice,"Thick Fat, Slush Rush, Sheer Force",170,113,65,45,55,73
991,Iron Bundle,"ice, water",Quark Drive,56,80,114,124,60,136
996,Frigibax,"dragon, ice","Thermal Exchange, Ice Body",65,75,45,35,45,55
997,Arctibax,"dragon, ice","Thermal Exchange, Ice Body",90,95,66,45,65,62
998,Baxcalibur,"dragon, ice","Thermal Exchange, Ice Body",115,145,92,75,86,87
1002,Chien-Pao,"dark, ice",Sword of Ruin,80,120,80,90,65,135
39,Jigglypuff,"normal, fairy","Cute Charm, Competitive, Friend Guard",115,45,20,45,25,20
40,Wigglytuff,"normal, fairy","Cute Charm, Competitive, Frisk",140,70,45,85,50,45
52,Meowth,normal,"Pickup, Technician, Unnerve",40,45,35,40,40,90
53,Persian,normal,"Limber, Technician, Unnerve",65,70,60,65,65,115
84,Doduo,"normal, flying","Run Away, Early Bird, Tangled Feet",35,85,45,35,35,75
85,Dodrio,"normal, flying","Run Away, Early Bird, Tangled Feet",60,110,70,60,60,110
113,Chansey,normal,"Natural Cure, Serene Grace, Healer",250,5,5,35,105,50
128,Tauros,normal,"Intimidate, Anger Point, Sheer Force",75,100,95,40,70,110
132,Ditto,normal,"Limber, Imposter",48,48,48,48,48,48
133,Eevee,normal,"Run Away, Adaptability, Anticipation",55,55,50,45,65,55
137,Porygon,normal,"Trace, Download, Analytic",65,60,70,85,75,40
143,Snorlax,normal,"Immunity, Thick Fat, Gluttony",160,110,65,65,110,30
161,Sentret,normal,"Run Away, Keen Eye, Frisk",35,46,34,35,45,20
162,Furret,normal,"Run Away, Keen Eye, Frisk",85,76,64,45,55,90
163,Hoothoot,"normal, flying","Insomnia, Keen Eye, Tinted Lens",60,30,30,36,56,50
164,Noctowl,"normal, flying","Insomnia, Keen Eye, Tinted Lens",100,50,50,86,96,70
174,Igglybuff,"normal, fairy","Cute Charm, Competitive, Friend Guard",90,30,15,40,20,15
190,Aipom,normal,"Run Away, Pickup, Skill Link",55,70,55,40,55,85
203,Girafarig,"normal, psychic","Inner Focus, Early Bird, Sap Sipper",70,80,65,90,65,85
206,Dunsparce,normal,"Serene Grace, Run Away, Rattled",100,70,70,65,65,45
216,Teddiursa,normal,"Pickup, Quick Feet, Honey Gather",60,80,50,50,50,40
217,Ursaring,normal,"Guts, Quick Feet, Unnerve",90,130,75,75,75,55
233,Porygon2,normal,"Trace, Download, Analytic",85,80,90,105,95,60
234,Stantler,normal,"Intimidate, Frisk, Sap Sipper",73,95,62,85,65,85
235,Smeargle,normal,"Own Tempo, Technician, Moody",55,20,35,20,45,75
242,Blissey,normal,"Natural Cure, Serene Grace, Healer",255,10,10,75,135,55
287,Slakoth,normal,Truant,60,60,60,35,35,30
288,Vigoroth,normal,Vital Spirit,80,80,80,55,55,90
289,Slaking,normal,Truant,150,160,100,95,65,100
298,Azurill,"normal, fairy","Thick Fat, Huge Power, Sap Sipper",50,20,40,20,40,20
333,Swablu,"normal, flying","Natural Cure, Cloud Nine",45,40,60,40,75,50
335,Zangoose,normal,"Immunity, Toxic Boost",73,115,60,60,60,90
396,Starly,"normal, flying","Keen Eye, Reckless",40,55,30,30,30,60
397,Staravia,"normal, flying","Intimidate, Reckless",55,75,50,40,40,80
398,Staraptor,"normal, flying","Intimidate, Reckless",85,120,70,50,60,100
424,Ambipom,normal,"Technician, Pickup, Skill Link",75,100,66,60,66,115
440,Happiny,normal,"Natural Cure, Serene Grace, Friend Guard",100,5,5,15,65,30
446,Munchlax,normal,"Pickup, Thick Fat, Gluttony",135,85,40,40,85,5
474,Porygon-Z,normal,"Adaptability, Download, Analytic",85,80,70,135,75,90
486,Regigigas,normal,Slow Start,110,160,110,80,110,100
493,Arceus,normal,Multitype,120,120,120,120,120,120
570,Zorua,"normal, ghost","Illusion, Illusion",35,60,40,85,40,70
571,Zoroark,"normal, ghost","Illusion, Illusion",55,100,60,125,60,110
572,Minccino,normal,"Cute Charm, Technician, Skill Link",55,50,40,40,40,75
573,Cinccino,normal,"Cute Charm, Technician, Skill Link",75,95,60,65,60,115
585,Deerling,"normal, grass","Chlorophyll, Sap Sipper, Serene Grace",60,60,50,40,50,75
586,Sawsbuck,"normal, grass","Chlorophyll, Sap Sipper, Serene Grace",80,100,70,60,70,95
627,Rufflet,"normal, flying","Keen Eye, Sheer Force, Hustle",70,83,50,37,50,60
628,Braviary,"normal, flying","Keen Eye, Sheer Force, Defiant",100,123,75,57,75,80
648,Meloetta,"normal, psychic",Serene Grace,100,77,77,128,128,90
661,Fletchling,"normal, flying","Big Pecks, Gale Wings",45,50,43,40,38,62
667,Litleo,"fire, normal","Rivalry, Unnerve, Moxie",62,50,58,73,54,72
668,Pyroar,"fire, normal","Rivalry, Unnerve, Moxie",86,68,72,109,66,106
731,Pikipek,"normal, flying","Keen Eye, Skill Link, Pickup",35,75,30,30,30,65
732,Trumbeak,"normal, flying","Keen Eye, Skill Link, Pickup",55,85,50,40,50,75
733,Toucannon,"normal, flying","Keen Eye, Skill Link, Sheer Force",80,120,75,75,75,60
734,Yungoos,normal,"Stakeout, Strong Jaw, Adaptability",48,70,30,30,30,45
735,Gumshoos,normal,"Stakeout, Strong Jaw, Adaptability",88,110,60,55,60,45
765,Oranguru,"normal, psychic","Inner Focus, Telepathy, Symbiosis",90,60,80,90,110,60
775,Komala,normal,Comatose,65,115,65,75,95,65
819,Skwovet,normal,"Cheek Pouch, Gluttony",70,55,55,35,35,25
820,Greedent,normal,"Cheek Pouch, Gluttony",120,95,95,55,75,20
876,Indeedee,"psychic, normal","Inner Focus, Synchronize, Psychic Surge",60,65,55,105,95,95
876,Indeedee,"psychic, normal","Own Tempo, Synchronize, Psychic Surge",70,55,65,95,105,85
899,Wyrdeer,"normal, psychic","Intimidate, Frisk, Sap Sipper",103,105,72,105,75,65
901,Ursaluna,"ground, normal","Guts, Bulletproof, Unnerve",130,140,105,45,80,50
901,Ursaluna,"ground, normal",Mind's Eye,113,70,120,135,65,52
915,Lechonk,normal,"Aroma Veil, Gluttony, Thick Fat",54,45,40,35,45,35
916,Oinkologne,normal,"Lingering Aroma, Gluttony, Thick Fat",110,100,75,59,80,65
916,Oinkologne,normal,"Aroma Veil, Gluttony, Thick Fat",115,90,70,59,90,65
924,Tandemaus,normal,"Run Away, Pickup, Own Tempo",50,50,45,40,45,75
925,Maushold,normal,"Friend Guard, Cheek Pouch, Technician",74,75,70,65,75,111
925,Maushold,normal,"Friend Guard, Cheek Pouch, Technician",74,75,70,65,75,111
928,Smoliv,"grass, normal","Early Bird, Harvest",41,35,45,58,51,30
929,Dolliv,"grass, normal","Early Bird, Harvest",52,53,60,78,78,33
930,Arboliva,"grass, normal","Seed Sower, Harvest",78,69,90,125,109,39
931,Squawkabilly,"normal, flying","Intimidate, Hustle, Guts",82,96,51,45,51,92
931,Squawkabilly,"normal, flying","Intimidate, Hustle, Guts",82,96,51,45,51,92
931,Squawkabilly,"normal, flying","Intimidate, Hustle, Sheer Force",82,96,51,45,51,92
931,Squawkabilly,"normal, flying","Intimidate, Hustle, Sheer Force",82,96,51,45,51,92
944,Shroodle,"poison, normal","Unburden, Pickpocket, Prankster",40,65,35,40,35,75
945,Grafaiai,"poison, normal","Unburden, Poison Touch, Prankster",63,95,65,80,72,110
967,Cyclizar,"dragon, normal","Shed Skin, Regenerator",70,95,65,85,65,121
981,Farigiraf,"normal, psychic","Cud Chew, Armor Tail, Sap Sipper",120,90,70,110,70,60
982,Dudunsparce,normal,"Serene Grace, Run Away, Rattled",125,100,80,85,75,55
982,Dudunsparce,normal,"Serene Grace, Run Away, Rattled",125,100,80,85,75,55
1024,Terapagos,normal,Tera Shift,90,65,85,65,85,60
1024,Terapagos,normal,Tera Shell,95,95,110,105,110,85
1024,Terapagos,normal,Teraform Zero,160,105,110,130,110,85
1,Bulbasaur,"grass, poison","Overgrow, Chlorophyll",45,49,49,65,65,45
2,Ivysaur,"grass, poison","Overgrow, Chlorophyll",60,62,63,80,80,60
3,Venusaur,"grass, poison","Overgrow, Chlorophyll",80,82,83,100,100,80
23,Ekans,poison,"Intimidate, Shed Skin, Unnerve",35,60,44,40,54,55
24,Arbok,poison,"Intimidate, Shed Skin, Unnerve",60,95,69,65,79,80
43,Oddish,"grass, poison","Chlorophyll, Run Away",45,50,55,75,65,30
44,Gloom,"grass, poison","Chlorophyll, Stench",60,65,70,85,75,40
45,Vileplume,"grass, poison","Chlorophyll, Effect Spore",75,80,85,110,90,50
48,Venonat,"bug, poison","Compoundeyes, Tinted Lens, Run Away",60,55,50,40,55,45
49,Venomoth,"bug, poison","Shield Dust, Tinted Lens, Wonder Skin",70,65,60,90,75,90
69,Bellsprout,"grass, poison","Chlorophyll, Gluttony",50,75,35,70,30,40
70,Weepinbell,"grass, poison","Chlorophyll, Gluttony",65,90,50,85,45,55
71,Victreebel,"grass, poison","Chlorophyll, Gluttony",80,105,65,100,70,70
72,Tentacool,"water, poison","Clear Body, Liquid Ooze, Rain Dish",40,40,35,50,100,70
73,Tentacruel,"water, poison","Clear Body, Liquid Ooze, Rain Dish",80,70,65,80,120,100
80,Slowbro,"poison, psychic","Quick Draw, Own Tempo, Regenerator",95,100,95,100,70,30
88,Grimer,poison,"Stench, Sticky Hold, Poison Touch",80,80,50,40,50,25
88,Grimer,"poison, dark","Poison Touch, Gluttony, Power of Alchemy",80,80,50,40,50,25
89,Muk,poison,"Stench, Sticky Hold, Poison Touch",105,105,75,65,100,50
89,Muk,"poison, dark","Poison Touch, Gluttony, Power of Alchemy",105,105,75,65,100,50
92,Gastly,"ghost, poison",Levitate,30,35,30,100,35,80
93,Haunter,"ghost, poison",Levitate,45,50,45,115,55,95
94,Gengar,"ghost, poison",Cursed Body,60,65,60,130,75,110
109,Koffing,poison,"Levitate, Neutralizing Gas, Stench",40,65,95,60,45,35
110,Weezing,poison,"Levitate, Neutralizing Gas, Stench",65,90,120,85,70,60
110,Weezing,"poison, fairy","Levitate, Neutralizing Gas, Misty Surge",65,90,120,85,70,60
167,Spinarak,"bug, poison","Swarm, Insomnia, Sniper",40,60,40,40,40,30
168,Ariados,"bug, poison","Swarm, Insomnia, Sniper",70,90,70,60,70,40
194,Wooper,"poison, ground","Poison Point, Water Absorb, Unaware",55,45,45,25,25,15
199,Slowking,"poison, psychic","Curious Medicine, Own Tempo, Regenerator",95,65,80,110,110,30
211,Qwilfish,"water, poison","Poison Point, Swift Swim, Intimidate",65,95,85,55,55,85
211,Qwilfish,"dark, poison","Poison Point, Swift Swim, Intimidate",65,95,85,55,55,85
215,Sneasel,"fighting, poison","Inner Focus, Keen Eye, Pickpocket",55,95,55,35,75,115
316,Gulpin,poison,"Liquid Ooze, Sticky Hold, Gluttony",70,43,53,43,53,40
317,Swalot,poison,"Liquid Ooze, Sticky Hold, Gluttony",100,73,83,73,83,55
336,Seviper,poison,"Shed Skin, Infiltrator",73,100,60,100,60,65
434,Stunky,"poison, dark","Stench, Aftermath, Keen Eye",63,63,47,41,41,74
435,Skuntank,"poison, dark","Stench, Aftermath, Keen Eye",103,93,67,71,61,84
453,Croagunk,"poison, fighting","Anticipation, Dry Skin, Poison Touch",48,61,40,61,40,50
454,Toxicroak,"poison, fighting","Anticipation, Dry Skin, Poison Touch",83,106,65,86,65,85
493,Arceus,poison,Multitype,120,120,120,120,120,120
590,Foongus,"grass, poison","Effect Spore, Regenerator",69,55,45,55,55,15
591,Amoonguss,"grass, poison","Effect Spore, Regenerator",114,85,70,85,80,30
690,Skrelp,"poison, water","Poison Point, Poison Touch, Adaptability",50,60,60,60,60,30
691,Dragalge,"poison, dragon","Poison Point, Poison Touch, Adaptability",65,75,90,97,123,44
747,Mareanie,"poison, water","Merciless, Limber, Regenerator",50,53,62,43,52,45
748,Toxapex,"poison, water","Merciless, Limber, Regenerator",50,63,152,53,142,35
757,Salandit,"poison, fire","Corrosion, Oblivious",48,44,40,71,40,77
758,Salazzle,"poison, fire","Corrosion, Oblivious",68,64,60,111,60,117
848,Toxel,"electric, poison","Rattled, Static, Klutz",40,38,35,54,35,40
849,Toxtricity,"electric, poison","Punk Rock, Plus, Technician",75,98,70,114,70,75
890,Eternatus,"poison, dragon",Pressure,140,85,95,145,95,130
903,Sneasler,"fighting, poison","Pressure, Unburden, Poison Touch",80,130,60,40,80,120
904,Overqwil,"dark, poison","Poison Point, Swift Swim, Intimidate",85,115,95,65,65,85
944,Shroodle,"poison, normal","Unburden, Pickpocket, Prankster",40,65,35,40,35,75
945,Grafaiai,"poison, normal","Unburden, Poison Touch, Prankster",63,95,65,80,72,110
965,Varoom,"steel, poison","Overcoat, Slow Start",45,70,63,30,45,47
966,Revavroom,"steel, poison","Overcoat, Filter",80,119,90,54,67,90
969,Glimmet,"rock, poison","Toxic Debris, Corrosion",48,35,42,105,60,60
970,Glimmora,"rock, poison","Toxic Debris, Corrosion",83,55,90,130,81,86
980,Clodsire,"poison, ground","Poison Point, Water Absorb, Unaware",130,75,60,45,100,20
994,Iron Moth,"fire, poison",Quark Drive,80,70,60,140,110,110
1014,Okidogi,"poison, fighting","Toxic Chain, Guard Dog",88,128,115,58,86,80
1015,Munkidori,"poison, psychic","Toxic Chain, Frisk",88,75,66,130,90,106
1016,Fezandipiti,"poison, fairy","Toxic Chain, Technician",88,91,82,70,125,99
1025,Pecharunt,"poison, ghost",Poison Puppeteer,88,88,160,88,88,88
26,Raichu,"electric, psychic","Surge Surfer, Surge Surfer",60,85,50,95,85,110
79,Slowpoke,"water, psychic","Oblivious, Own Tempo, Regenerator",90,65,65,40,40,15
79,Slowpoke,psychic,"Gluttony, Own Tempo, Regenerator",90,65,65,40,40,15
80,Slowbro,"water, psychic","Oblivious, Own Tempo, Regenerator",95,75,110,100,80,30
80,Slowbro,"poison, psychic","Quick Draw, Own Tempo, Regenerator",95,100,95,100,70,30
96,Drowzee,psychic,"Insomnia, Forewarn, Inner Focus",60,48,45,43,90,42
97,Hypno,psychic,"Insomnia, Forewarn, Inner Focus",85,73,70,73,115,67
102,Exeggcute,"grass, psychic","Chlorophyll, Harvest",60,40,80,60,45,40
103,Exeggutor,"grass, psychic","Chlorophyll, Harvest",95,95,85,125,75,55
144,Articuno,"psychic, flying","Competitive, Competitive",90,85,85,125,100,95
150,Mewtwo,psychic,"Pressure, Unnerve",106,110,90,154,90,130
151,Mew,psychic,Synchronize,100,100,100,100,100,100
196,Espeon,psychic,"Synchronize, Magic Bounce",65,65,60,130,95,110
199,Slowking,"water, psychic","Oblivious, Own Tempo, Regenerator",95,75,80,100,110,30
199,Slowking,"poison, psychic","Curious Medicine, Own Tempo, Regenerator",95,65,80,110,110,30
203,Girafarig,"normal, psychic","Inner Focus, Early Bird, Sap Sipper",70,80,65,90,65,85
249,Lugia,"psychic, flying","Pressure, Multiscale",106,90,130,90,154,110
280,Ralts,"psychic, fairy","Synchronize, Trace, Telepathy",28,25,25,45,35,40
281,Kirlia,"psychic, fairy","Synchronize, Trace, Telepathy",38,35,35,65,55,50
282,Gardevoir,"psychic, fairy","Synchronize, Trace, Telepathy",68,65,65,125,115,80
307,Meditite,"fighting, psychic","Pure Power, Telepathy",30,40,55,40,55,60
308,Medicham,"fighting, psychic","Pure Power, Telepathy",60,60,75,60,75,80
325,Spoink,psychic,"Thick Fat, Own Tempo, Gluttony",60,25,35,70,80,60
326,Grumpig,psychic,"Thick Fat, Own Tempo, Gluttony",80,45,65,90,110,80
358,Chimecho,psychic,Levitate,75,50,80,95,90,65
374,Beldum,"steel, psychic","Clear Body, Light Metal",40,55,80,35,60,30
375,Metang,"steel, psychic","Clear Body, Light Metal",60,75,100,55,80,50
376,Metagross,"steel, psychic","Clear Body, Light Metal",80,135,130,95,90,70
380,Latias,"dragon, psychic",Levitate,80,80,90,110,130,110
381,Latios,"dragon, psychic",Levitate,80,90,80,130,110,110
385,Jirachi,"steel, psychic",Serene Grace,100,100,100,100,100,100
386,Deoxys,psychic,Pressure,50,150,50,150,50,150
433,Chingling,psychic,Levitate,45,30,50,65,50,45
436,Bronzor,"steel, psychic","Levitate, Heatproof, Heavy Metal",57,24,86,24,86,23
437,Bronzong,"steel, psychic","Levitate, Heatproof, Heavy Metal",67,89,116,79,116,33
475,Gallade,"psychic, fighting","Steadfast, Sharpness, Justified",68,125,65,65,115,80
480,Uxie,psychic,Levitate,75,75,130,75,130,95
481,Mesprit,psychic,Levitate,80,105,105,105,105,80
482,Azelf,psychic,Levitate,75,125,70,125,70,115
488,Cresselia,psychic,Levitate,120,70,110,75,120,85
493,Arceus,psychic,Multitype,120,120,120,120,120,120
574,Gothita,psychic,"Frisk, Competitive, Shadow Tag",45,30,50,55,65,45
575,Gothorita,psychic,"Frisk, Competitive, Shadow Tag",60,45,70,75,85,55
576,Gothitelle,psychic,"Frisk, Competitive, Shadow Tag",70,55,95,95,110,65
577,Solosis,psychic,"Overcoat, Magic Guard, Regenerator",45,30,40,105,50,20
578,Duosion,psychic,"Overcoat, Magic Guard, Regenerator",65,40,50,125,60,30
579,Reuniclus,psychic,"Overcoat, Magic Guard, Regenerator",110,65,75,125,85,30
628,Braviary,"psychic, flying","Keen Eye, Sheer Force, Tinted Lens",110,83,70,112,70,65
648,Meloetta,"normal, psychic",Serene Grace,100,77,77,128,128,90
655,Delphox,"fire, psychic","Blaze, Magician",75,69,72,114,100,104
677,Espurr,psychic,"Keen Eye, Infiltrator, Own Tempo",62,48,54,63,60,68
678,Meowstic,psychic,"Keen Eye, Infiltrator, Prankster",74,48,76,83,81,104
686,Inkay,"dark, psychic","Contrary, Suction Cups, Infiltrator",53,54,53,37,46,45
687,Malamar,"dark, psychic","Contrary, Suction Cups, Infiltrator",86,92,88,68,75,73
720,Hoopa,"psychic, ghost",Magician,80,110,60,150,130,70
765,Oranguru,"normal, psychic","Inner Focus, Telepathy, Symbiosis",90,60,80,90,110,60
779,Bruxish,"water, psychic","Dazzling, Strong Jaw, Wonder Skin",68,105,70,70,70,92
789,Cosmog,psychic,Unaware,43,29,31,29,31,37
790,Cosmoem,psychic,Sturdy,43,29,131,29,131,37
791,Solgaleo,"psychic, steel",Full Metal Body,137,137,107,113,89,97
792,Lunala,"psychic, ghost",Shadow Shield,137,113,89,137,107,97
800,Necrozma,psychic,Prism Armor,97,107,101,127,89,79
800,Necrozma,"psychic, steel",Prism Armor,97,157,127,113,109,77
800,Necrozma,"psychic, ghost",Prism Armor,97,113,109,157,127,77
856,Hatenna,psychic,"Healer, Anticipation, Magic Bounce",42,30,45,56,53,39
857,Hattrem,psychic,"Healer, Anticipation, Magic Bounce",57,40,65,86,73,49
858,Hatterene,"psychic, fairy","Healer, Anticipation, Magic Bounce",57,90,95,136,103,29
876,Indeedee,"psychic, normal","Inner Focus, Synchronize, Psychic Surge",60,65,55,105,95,95
876,Indeedee,"psychic, normal","Own Tempo, Synchronize, Psychic Surge",70,55,65,95,105,85
898,Calyrex,"psychic, grass",Unnerve,100,80,80,80,80,80
898,Calyrex,"psychic, ice",As One - Unnerve Chilling Neigh,100,165,150,85,130,50
898,Calyrex,"psychic, ghost",As One - Unnerve Grim Neigh,100,85,80,165,100,150
899,Wyrdeer,"normal, psychic","Intimidate, Frisk, Sap Sipper",103,105,72,105,75,65
936,Armarouge,"fire, psychic","Flash Fire, Weak Armor",85,60,100,125,80,75
954,Rabsca,"bug, psychic","Synchronize, Telepathy",75,50,85,115,100,45
955,Flittle,psychic,"Anticipation, Frisk, Speed Boost",30,35,30,55,30,75
956,Espathra,psychic,"Opportunist, Frisk, Speed Boost",95,60,60,101,60,105
976,Veluza,"water, psychic","Mold Breaker, Sharpness",90,102,73,78,65,70
981,Farigiraf,"normal, psychic","Cud Chew, Armor Tail, Sap Sipper",120,90,70,110,70,60
985,Scream Tail,"fairy, psychic",Protosynthesis,115,65,99,65,115,111
1010,Iron Leaves,"grass, psychic",Quark Drive,90,130,88,70,108,104
1015,Munkidori,"poison, psychic","Toxic Chain, Frisk",88,75,66,130,90,106
1022,Iron Boulder,"rock, psychic",Quark Drive,90,120,80,68,108,124
1023,Iron Crown,"steel, psychic",Quark Drive,90,72,100,122,108,98
58,Growlithe,"fire, rock","Intimidate, Flash Fire, Rock Head",60,75,45,65,50,55
59,Arcanine,"fire, rock","Intimidate, Flash Fire, Rock Head",95,115,80,95,80,90
74,Geodude,"rock, ground","Rock Head, Sturdy, Sand Veil",40,80,100,30,30,20
74,Geodude,"rock, electric","Magnet Pull, Sturdy, Galvanize",40,80,100,30,30,20
75,Graveler,"rock, ground","Rock Head, Sturdy, Sand Veil",55,95,115,45,45,35
75,Graveler,"rock, electric","Magnet Pull, Sturdy, Galvanize",55,95,115,45,45,35
76,Golem,"rock, ground","Rock Head, Sturdy, Sand Veil",80,120,130,55,65,45
76,Golem,"rock, electric","Magnet Pull, Sturdy, Galvanize",80,120,130,55,65,45
111,Rhyhorn,"ground, rock","Lightning Rod, Rock Head, Reckless",80,85,95,30,30,25
112,Rhydon,"ground, rock","Lightning Rod, Rock Head, Reckless",105,130,120,45,45,40
185,Sudowoodo,rock,"Sturdy, Rock Head, Rattled",70,100,115,30,65,30
219,Magcargo,"fire, rock","Magma Armor, Flame Body, Weak Armor",60,50,120,90,80,30
246,Larvitar,"rock, ground","Guts, Sand Veil",50,64,50,45,50,41
247,Pupitar,"rock, ground",Shed Skin,70,84,70,65,70,51
248,Tyranitar,"rock, dark","Sand Stream, Unnerve",100,134,110,95,100,61
299,Nosepass,rock,"Sturdy, Magnet Pull, Sand Force",30,45,135,45,90,30
377,Regirock,rock,"Clear Body, Sturdy",80,100,200,50,100,50
408,Cranidos,rock,"Mold Breaker, Sheer Force",67,125,40,30,30,58
409,Rampardos,rock,"Mold Breaker, Sheer Force",97,165,60,65,50,58
410,Shieldon,"rock, steel","Sturdy, Soundproof",30,42,118,42,88,30
411,Bastiodon,"rock, steel","Sturdy, Soundproof",60,52,168,47,138,30
438,Bonsly,rock,"Sturdy, Rock Head, Rattled",50,80,95,10,45,10
464,Rhyperior,"ground, rock","Lightning Rod, Solid Rock, Reckless",115,140,130,55,55,40
476,Probopass,"rock, steel","Sturdy, Magnet Pull, Sand Force",60,55,145,75,150,40
493,Arceus,rock,Multitype,120,120,120,120,120,120
639,Terrakion,"rock, fighting",Justified,91,129,90,72,90,108
703,Carbink,"rock, fairy","Clear Body, Sturdy",50,50,150,50,150,50
713,Avalugg,"ice, rock","Strong Jaw, Ice Body, Sturdy",95,127,184,34,36,38
719,Diancie,"rock, fairy",Clear Body,50,100,150,100,150,50
744,Rockruff,rock,"Keen Eye, Vital Spirit, Steadfast",45,65,40,30,40,60
745,Lycanroc,rock,"Keen Eye, Sand Rush, Steadfast",75,115,65,55,65,112
745,Lycanroc,rock,"Keen Eye, Vital Spirit, No Guard",85,115,75,55,75,82
745,Lycanroc,rock,Tough Claws,75,117,65,55,65,110
774,Minior,"rock, flying",Shields Down,60,60,100,60,100,60
834,Drednaw,"water, rock","Strong Jaw, Shell Armor, Swift Swim",90,115,90,48,68,74
837,Rolycoly,rock,"Steam Engine, Heatproof, Flash Fire",30,40,50,40,50,30
838,Carkol,"rock, fire","Steam Engine, Flame Body, Flash Fire",80,60,90,60,70,50
839,Coalossal,"rock, fire","Steam Engine, Flame Body, Flash Fire",110,80,120,80,90,30
874,Stonjourner,rock,Power Spot,100,125,135,20,20,70
900,Kleavor,"bug, rock","Swarm, Sheer Force, Sharpness",70,135,95,45,70,85
932,Nacli,rock,"Purifying Salt, Sturdy, Clear Body",55,55,75,35,35,25
933,Naclstack,rock,"Purifying Salt, Sturdy, Clear Body",60,60,100,35,65,35
934,Garganacl,rock,"Purifying Salt, Sturdy, Clear Body",100,100,130,45,90,35
950,Klawf,rock,"Anger Shell, Shell Armor, Regenerator",70,100,115,35,55,75
969,Glimmet,"rock, poison","Toxic Debris, Corrosion",48,35,42,105,60,60
970,Glimmora,"rock, poison","Toxic Debris, Corrosion",83,55,90,130,81,86
995,Iron Thorns,"rock, electric",Quark Drive,100,134,110,70,84,72
1017,Ogerpon,"grass, rock",Sturdy,80,120,84,60,96,110
1022,Iron Boulder,"rock, psychic",Quark Drive,90,120,80,68,108,124
27,Sandshrew,"ice, steel","Snow Cloak, Slush Rush",50,75,90,10,35,40
28,Sandslash,"ice, steel","Snow Cloak, Slush Rush",75,100,120,25,65,65
50,Diglett,"ground, steel","Sand Veil, Tangling Hair, Sand Force",10,55,30,35,45,90
51,Dugtrio,"ground, steel","Sand Veil, Tangling Hair, Sand Force",35,100,60,50,70,110
52,Meowth,steel,"Pickup, Tough Claws, Unnerve",50,65,55,40,40,40
81,Magnemite,"electric, steel","Magnet Pull, Sturdy, Analytic",25,35,70,95,55,45
82,Magneton,"electric, steel","Magnet Pull, Sturdy, Analytic",50,60,95,120,70,70
205,Forretress,"bug, steel","Sturdy, Overcoat",75,90,140,60,60,40
212,Scizor,"bug, steel","Swarm, Technician, Light Metal",70,130,100,55,80,65
227,Skarmory,"steel, flying","Keen Eye, Sturdy, Weak Armor",65,80,140,40,70,70
374,Beldum,"steel, psychic","Clear Body, Light Metal",40,55,80,35,60,30
375,Metang,"steel, psychic","Clear Body, Light Metal",60,75,100,55,80,50
376,Metagross,"steel, psychic","Clear Body, Light Metal",80,135,130,95,90,70
379,Registeel,steel,"Clear Body, Light Metal",80,75,150,75,150,50
385,Jirachi,"steel, psychic",Serene Grace,100,100,100,100,100,100
395,Empoleon,"water, steel","Torrent, Competitive",84,86,88,111,101,60
410,Shieldon,"rock, steel","Sturdy, Soundproof",30,42,118,42,88,30
411,Bastiodon,"rock, steel","Sturdy, Soundproof",60,52,168,47,138,30
436,Bronzor,"steel, psychic","Levitate, Heatproof, Heavy Metal",57,24,86,24,86,23
437,Bronzong,"steel, psychic","Levitate, Heatproof, Heavy Metal",67,89,116,79,116,33
448,Lucario,"fighting, steel","Steadfast, Inner Focus, Justified",70,110,70,115,70,90
462,Magnezone,"electric, steel","Magnet Pull, Sturdy, Analytic",70,70,115,130,90,60
476,Probopass,"rock, steel","Sturdy, Magnet Pull, Sand Force",60,55,145,75,150,40
483,Dialga,"steel, dragon","Pressure, Telepathy",100,120,120,150,100,90
483,Dialga,"steel, dragon","Pressure, Telepathy",100,100,120,150,120,90
485,Heatran,"fire, steel","Flash Fire, Flame Body",91,90,106,130,106,77
493,Arceus,steel,Multitype,120,120,120,120,120,120
530,Excadrill,"ground, steel","Sand Rush, Sand Force, Mold Breaker",110,135,60,50,65,88
624,Pawniard,"dark, steel","Defiant, Inner Focus, Pressure",45,85,70,40,40,60
625,Bisharp,"dark, steel","Defiant, Inner Focus, Pressure",65,125,100,60,70,70
638,Cobalion,"steel, fighting",Justified,91,90,129,90,72,108
705,Sliggoo,"steel, dragon","Sap Sipper, Shell Armor, Gooey",58,75,83,83,113,40
706,Goodra,"steel, dragon","Sap Sipper, Shell Armor, Gooey",80,100,100,110,150,60
707,Klefki,"steel, fairy","Prankster, Magician",57,80,91,80,87,75
791,Solgaleo,"psychic, steel",Full Metal Body,137,137,107,113,89,97
800,Necrozma,"psychic, steel",Prism Armor,97,157,127,113,109,77
801,Magearna,"steel, fairy",Soul-Heart,80,95,115,130,115,65
823,Corviknight,"flying, steel","Pressure, Unnerve, Mirror Armor",98,87,105,53,85,67
863,Perrserker,steel,"Battle Armor, Tough Claws, Steely Spirit",70,110,100,50,60,50
878,Cufant,steel,"Sheer Force, Heavy Metal",72,80,49,40,49,40
879,Copperajah,steel,"Sheer Force, Heavy Metal",122,130,69,80,69,30
884,Duraludon,"steel, dragon","Light Metal, Heavy Metal, Stalwart",70,95,115,120,50,85
888,Zacian,"fairy, steel",Intrepid Sword,92,150,115,80,115,148
889,Zamazenta,"fighting, steel",Dauntless Shield,92,120,140,80,140,128
957,Tinkatink,"fairy, steel","Mold Breaker, Own Tempo, Pickpocket",50,45,45,35,64,58
958,Tinkatuff,"fairy, steel","Mold Breaker, Own Tempo, Pickpocket",65,55,55,45,82,78
959,Tinkaton,"fairy, steel","Mold Breaker, Own Tempo, Pickpocket",85,75,77,70,105,94
965,Varoom,"steel, poison","Overcoat, Slow Start",45,70,63,30,45,47
966,Revavroom,"steel, poison","Overcoat, Filter",80,119,90,54,67,90
968,Orthworm,steel,"Earth Eater, Sand Veil",70,85,145,60,55,65
983,Kingambit,"dark, steel","Defiant, Supreme Overlord, Pressure",100,135,120,60,85,50
990,Iron Treads,"ground, steel",Quark Drive,90,112,120,72,70,106
1000,Gholdengo,"steel, ghost",Good as Gold,87,60,95,133,91,84
1018,Archaludon,"steel, dragon","Stamina, Sturdy, Stalwart",90,105,130,125,65,85
1023,Iron Crown,"steel, psychic",Quark Drive,90,72,100,122,108,98
7,Squirtle,water,"Torrent, Rain Dish",44,48,65,50,64,43
8,Wartortle,water,"Torrent, Rain Dish",59,63,80,65,80,58
9,Blastoise,water,"Torrent, Rain Dish",79,83,100,85,105,78
54,Psyduck,water,"Damp, Cloud Nine, Swift Swim",50,52,48,65,50,55
55,Golduck,water,"Damp, Cloud Nine, Swift Swim",80,82,78,95,80,85
60,Poliwag,water,"Water Absorb, Damp, Swift Swim",40,50,40,40,40,90
61,Poliwhirl,water,"Water Absorb, Damp, Swift Swim",65,65,65,50,50,90
62,Poliwrath,"water, fighting","Water Absorb, Damp, Swift Swim",90,95,95,70,90,70
72,Tentacool,"water, poison","Clear Body, Liquid Ooze, Rain Dish",40,40,35,50,100,70
73,Tentacruel,"water, poison","Clear Body, Liquid Ooze, Rain Dish",80,70,65,80,120,100
79,Slowpoke,"water, psychic","Oblivious, Own Tempo, Regenerator",90,65,65,40,40,15
80,Slowbro,"water, psychic","Oblivious, Own Tempo, Regenerator",95,75,110,100,80,30
86,Seel,water,"Thick Fat, Hydration, Ice Body",65,45,55,45,70,45
87,Dewgong,"water, ice","Thick Fat, Hydration, Ice Body",90,70,80,70,95,70
90,Shellder,water,"Shell Armor, Skill Link, Overcoat",30,65,100,45,25,40
91,Cloyster,"water, ice","Shell Armor, Skill Link, Overcoat",50,95,180,85,45,70
116,Horsea,water,"Swift Swim, Sniper, Damp",30,40,70,70,25,60
117,Seadra,water,"Poison Point, Sniper, Damp",55,65,95,95,45,85
128,Tauros,"fighting, water","Intimidate, Anger Point, Cud Chew",75,110,105,30,70,100
129,Magikarp,water,"Swift Swim, Rattled",20,10,55,15,20,80
