Order ID,Product,Quantity Ordered,Price Each,Order Date,Purchase Address
150502,iPhone,1,700,02/18/19 01:35,"866 Spruce St, Portland, ME 04101"
150503,AA Batteries (4-pack),1,3.84,02/13/19 07:24,"18 13th St, San Francisco, CA 94016"
150504,27in 4K Gaming Monitor,1,389.99,02/18/19 09:46,"52 6th St, New York City, NY 10001"
150505,Lightning Charging Cable,1,14.95,02/02/19 16:47,"129 Cherry St, Atlanta, GA 30301"
150506,AA Batteries (4-pack),2,3.84,02/28/19 20:32,"548 Lincoln St, Seattle, WA 98101"
150507,Lightning Charging Cable,1,14.95,02/24/19 18:50,"387 12th St, Austin, TX 73301"
150508,AA Batteries (4-pack),1,3.84,02/21/19 19:26,"622 Center St, San Francisco, CA 94016"
150509,Apple Airpods Headphones,1,150,02/26/19 19:53,"921 6th St, Seattle, WA 98101"
150510,USB-C Charging Cable,1,11.95,02/17/19 21:48,"451 2nd St, Los Angeles, CA 90001"
150511,USB-C Charging Cable,1,11.95,02/22/19 07:36,"689 River St, San Francisco, CA 94016"
150512,Bose SoundSport Headphones,1,99.99,02/17/19 18:29,"198 Center St, Los Angeles, CA 90001"
150513,Bose SoundSport Headphones,1,99.99,02/25/19 20:49,"777 Spruce St, Los Angeles, CA 90001"
150514,27in FHD Monitor,1,149.99,02/03/19 00:21,"723 Wilson St, Los Angeles, CA 90001"
150515,Apple Airpods Headphones,1,150,02/18/19 14:53,"101 13th St, New York City, NY 10001"
150516,Lightning Charging Cable,1,14.95,02/20/19 12:29,"303 Sunset St, Atlanta, GA 30301"
150517,Wired Headphones,1,11.99,02/08/19 12:57,"471 13th St, San Francisco, CA 94016"
150518,Macbook Pro Laptop,1,1700,02/26/19 12:38,"847 10th St, San Francisco, CA 94016"
150518,iPhone,1,700,02/26/19 12:38,"847 10th St, San Francisco, CA 94016"
150519,Wired Headphones,1,11.99,02/23/19 13:25,"111 Hill St, Dallas, TX 75001"
150520,AA Batteries (4-pack),2,3.84,02/27/19 14:39,"512 Church St, Dallas, TX 75001"
150521,Flatscreen TV,1,300,02/27/19 20:07,"588 1st St, Los Angeles, CA 90001"
150522,20in Monitor,1,109.99,02/12/19 00:00,"633 Cherry St, Boston, MA 02215"
150523,LG Dryer,1,600.0,02/27/19 20:24,"452 8th St, San Francisco, CA 94016"
150524,Wired Headphones,1,11.99,02/28/19 13:47,"311 8th St, Austin, TX 73301"
150525,20in Monitor,1,109.99,02/25/19 09:38,"874 Jefferson St, San Francisco, CA 94016"
150526,AAA Batteries (4-pack),1,2.99,02/15/19 11:31,"85 Park St, Boston, MA 02215"
150527,USB-C Charging Cable,1,11.95,02/07/19 14:33,"165 Jefferson St, Los Angeles, CA 90001"
150528,AAA Batteries (4-pack),2,2.99,02/26/19 23:17,"426 Lake St, Los Angeles, CA 90001"
150529,AA Batteries (4-pack),4,3.84,02/11/19 13:10,"116 Elm St, Seattle, WA 98101"
150530,ThinkPad Laptop,1,999.99,02/05/19 14:19,"752 Park St, Los Angeles, CA 90001"
150531,USB-C Charging Cable,1,11.95,02/28/19 18:16,"457 Maple St, Los Angeles, CA 90001"
150532,USB-C Charging Cable,1,11.95,02/04/19 22:57,"645 Walnut St, San Francisco, CA 94016"
150533,AAA Batteries (4-pack),1,2.99,03/01/19 03:06,"270 Dogwood St, San Francisco, CA 94016"
150534,AAA Batteries (4-pack),2,2.99,02/12/19 22:02,"246 9th St, Los Angeles, CA 90001"
150535,AAA Batteries (4-pack),1,2.99,02/21/19 11:46,"961 2nd St, San Francisco, CA 94016"
150536,Wired Headphones,1,11.99,02/13/19 22:43,"134 8th St, Los Angeles, CA 90001"
150537,Wired Headphones,1,11.99,02/23/19 13:31,"437 12th St, San Francisco, CA 94016"
150538,Apple Airpods Headphones,1,150,02/22/19 17:28,"553 12th St, Atlanta, GA 30301"
150539,AA Batteries (4-pack),2,3.84,02/18/19 16:46,"103 14th St, San Francisco, CA 94016"
150540,Apple Airpods Headphones,1,150,02/18/19 15:23,"218 Ridge St, Atlanta, GA 30301"
150541,AAA Batteries (4-pack),1,2.99,03/01/19 01:03,"683 Adams St, Portland, OR 97035"
150542,AA Batteries (4-pack),1,3.84,02/02/19 19:46,"517 10th St, Austin, TX 73301"
150543,Wired Headphones,1,11.99,02/08/19 09:21,"268 Sunset St, Boston, MA 02215"
150544,Lightning Charging Cable,1,14.95,02/10/19 17:19,"723 Elm St, Los Angeles, CA 90001"
150545,Macbook Pro Laptop,1,1700,02/25/19 20:35,"905 Meadow St, Atlanta, GA 30301"
150546,AAA Batteries (4-pack),1,2.99,02/07/19 14:01,"43 1st St, Atlanta, GA 30301"
150547,AAA Batteries (4-pack),1,2.99,02/06/19 17:51,"511 Washington St, San Francisco, CA 94016"
150548,Macbook Pro Laptop,1,1700,02/18/19 22:56,"750 Forest St, Boston, MA 02215"
150549,iPhone,1,700,02/05/19 20:33,"522 West St, Boston, MA 02215"
150550,ThinkPad Laptop,1,999.99,02/17/19 14:45,"261 Washington St, Los Angeles, CA 90001"
150551,27in 4K Gaming Monitor,1,389.99,02/02/19 08:25,"726 West St, Seattle, WA 98101"
150552,Wired Headphones,1,11.99,02/21/19 19:06,"954 13th St, Boston, MA 02215"
150553,34in Ultrawide Monitor,1,379.99,02/20/19 21:42,"700 1st St, Dallas, TX 75001"
150554,AA Batteries (4-pack),1,3.84,02/12/19 06:49,"33 Johnson St, New York City, NY 10001"
150555,27in FHD Monitor,1,149.99,02/18/19 11:27,"714 Adams St, Portland, OR 97035"
150556,Lightning Charging Cable,1,14.95,02/10/19 13:25,"419 Hill St, Los Angeles, CA 90001"
150557,AA Batteries (4-pack),2,3.84,02/22/19 21:41,"372 5th St, Seattle, WA 98101"
150558,Wired Headphones,1,11.99,02/04/19 16:09,"864 Hickory St, Boston, MA 02215"
150559,Apple Airpods Headphones,1,150,02/07/19 23:41,"506 Willow St, Boston, MA 02215"
150560,Apple Airpods Headphones,1,150,02/05/19 14:29,"178 14th St, San Francisco, CA 94016"
150561,Wired Headphones,1,11.99,02/22/19 17:55,"888 Jefferson St, New York City, NY 10001"
150562,27in 4K Gaming Monitor,1,389.99,02/16/19 20:07,"663 1st St, Atlanta, GA 30301"
150563,iPhone,1,700,02/20/19 02:09,"631 Pine St, San Francisco, CA 94016"
150564,USB-C Charging Cable,1,11.95,02/28/19 13:55,"579 9th St, Atlanta, GA 30301"
150565,Wired Headphones,1,11.99,02/24/19 19:08,"406 Lincoln St, Seattle, WA 98101"
150566,27in FHD Monitor,1,149.99,02/21/19 18:30,"230 Pine St, Los Angeles, CA 90001"
150567,Apple Airpods Headphones,1,150,02/26/19 16:12,"466 South St, Dallas, TX 75001"
150568,Wired Headphones,1,11.99,02/15/19 22:49,"651 Johnson St, New York City, NY 10001"
150569,AA Batteries (4-pack),3,3.84,02/04/19 13:11,"981 Lake St, Seattle, WA 98101"
150570,Wired Headphones,1,11.99,02/18/19 18:12,"786 Meadow St, San Francisco, CA 94016"
150571,Lightning Charging Cable,1,14.95,02/23/19 22:41,"571 Hickory St, San Francisco, CA 94016"
150572,27in FHD Monitor,1,149.99,02/06/19 07:38,"523 Spruce St, Atlanta, GA 30301"
150573,Apple Airpods Headphones,1,150,02/25/19 11:32,"455 Highland St, Los Angeles, CA 90001"
150574,Lightning Charging Cable,1,14.95,02/17/19 19:51,"25 7th St, Portland, OR 97035"
150575,AA Batteries (4-pack),1,3.84,02/10/19 11:44,"776 Elm St, Los Angeles, CA 90001"
,,,,,
150576,Bose SoundSport Headphones,1,99.99,02/02/19 01:33,"43 South St, San Francisco, CA 94016"
150577,AA Batteries (4-pack),1,3.84,02/25/19 13:27,"122 Spruce St, Seattle, WA 98101"
150578,USB-C Charging Cable,1,11.95,02/06/19 19:05,"193 Pine St, San Francisco, CA 94016"
150579,USB-C Charging Cable,1,11.95,02/27/19 20:11,"320 North St, Los Angeles, CA 90001"
150580,AA Batteries (4-pack),1,3.84,02/11/19 22:06,"399 5th St, New York City, NY 10001"
150581,AA Batteries (4-pack),1,3.84,02/21/19 19:51,"144 Washington St, Seattle, WA 98101"
150582,iPhone,1,700,02/16/19 23:38,"678 Maple St, Seattle, WA 98101"
150582,Lightning Charging Cable,1,14.95,02/16/19 23:38,"678 Maple St, Seattle, WA 98101"
150583,27in FHD Monitor,1,149.99,02/01/19 20:56,"159 Maple St, Seattle, WA 98101"
150584,AAA Batteries (4-pack),1,2.99,02/24/19 21:41,"971 Park St, Boston, MA 02215"
150585,USB-C Charging Cable,1,11.95,02/16/19 14:04,"55 Walnut St, Seattle, WA 98101"
150586,Apple Airpods Headphones,1,150,02/12/19 19:25,"671 12th St, San Francisco, CA 94016"
150587,Lightning Charging Cable,1,14.95,02/11/19 17:43,"290 Meadow St, Seattle, WA 98101"
150588,AAA Batteries (4-pack),2,2.99,02/09/19 09:33,"823 Cedar St, Los Angeles, CA 90001"
150589,Flatscreen TV,1,300,02/24/19 12:02,"123 Washington St, San Francisco, CA 94016"
150590,Apple Airpods Headphones,1,150,02/08/19 09:35,"196 River St, San Francisco, CA 94016"
150590,AAA Batteries (4-pack),1,2.99,02/08/19 09:35,"196 River St, San Francisco, CA 94016"
150591,AAA Batteries (4-pack),1,2.99,02/12/19 15:29,"362 Main St, Portland, OR 97035"
150592,USB-C Charging Cable,1,11.95,02/02/19 09:27,"756 6th St, Los Angeles, CA 90001"
150593,Bose SoundSport Headphones,1,99.99,02/15/19 16:58,"441 Park St, New York City, NY 10001"
150594,USB-C Charging Cable,1,11.95,02/19/19 18:54,"286 8th St, San Francisco, CA 94016"
150595,USB-C Charging Cable,1,11.95,02/12/19 06:12,"734 Cherry St, San Francisco, CA 94016"
150596,AAA Batteries (4-pack),1,2.99,02/07/19 14:38,"724 Ridge St, Dallas, TX 75001"
150597,USB-C Charging Cable,1,11.95,02/18/19 16:08,"758 Lincoln St, Boston, MA 02215"
150598,Wired Headphones,1,11.99,02/21/19 15:25,"841 12th St, Boston, MA 02215"
150599,20in Monitor,1,109.99,02/19/19 12:08,"677 South St, Atlanta, GA 30301"
150600,AA Batteries (4-pack),1,3.84,02/11/19 00:57,"353 11th St, San Francisco, CA 94016"
150601,AAA Batteries (4-pack),2,2.99,02/16/19 13:24,"24 Highland St, Atlanta, GA 30301"
150602,Apple Airpods Headphones,1,150,02/11/19 09:44,"207 Wilson St, Los Angeles, CA 90001"
150603,USB-C Charging Cable,1,11.95,02/18/19 14:44,"772 Johnson St, Seattle, WA 98101"
150604,AA Batteries (4-pack),1,3.84,02/26/19 17:09,"125 Hickory St, Atlanta, GA 30301"
150605,USB-C Charging Cable,1,11.95,02/06/19 14:27,"443 Park St, San Francisco, CA 94016"
150606,AA Batteries (4-pack),1,3.84,02/28/19 10:17,"810 Madison St, Atlanta, GA 30301"
150607,Lightning Charging Cable,1,14.95,02/27/19 19:36,"469 Church St, San Francisco, CA 94016"
150608,ThinkPad Laptop,1,999.99,02/20/19 11:53,"383 10th St, San Francisco, CA 94016"
150609,USB-C Charging Cable,1,11.95,02/09/19 20:23,"403 North St, New York City, NY 10001"
150610,27in FHD Monitor,1,149.99,02/19/19 10:42,"409 Church St, Boston, MA 02215"
150611,AAA Batteries (4-pack),1,2.99,02/04/19 16:49,"961 5th St, Portland, OR 97035"
150612,USB-C Charging Cable,1,11.95,02/28/19 20:14,"321 7th St, Los Angeles, CA 90001"
150613,AA Batteries (4-pack),1,3.84,02/08/19 13:05,"198 Walnut St, Los Angeles, CA 90001"
150614,AA Batteries (4-pack),2,3.84,02/05/19 17:18,"709 Cedar St, Boston, MA 02215"
150615,27in FHD Monitor,1,149.99,02/27/19 13:34,"814 Highland St, New York City, NY 10001"
150616,27in 4K Gaming Monitor,1,389.99,02/05/19 20:35,"985 Jackson St, Portland, OR 97035"
150617,Google Phone,1,600,02/25/19 00:02,"551 Sunset St, New York City, NY 10001"
150617,USB-C Charging Cable,1,11.95,02/25/19 00:02,"551 Sunset St, New York City, NY 10001"
150618,USB-C Charging Cable,1,11.95,02/24/19 12:20,"659 8th St, Portland, OR 97035"
150619,USB-C Charging Cable,1,11.95,02/17/19 17:23,"529 Madison St, Los Angeles, CA 90001"
150620,Apple Airpods Headphones,1,150,02/07/19 15:12,"808 1st St, Los Angeles, CA 90001"
150621,AA Batteries (4-pack),1,3.84,02/05/19 13:01,"173 Dogwood St, Boston, MA 02215"
150622,34in Ultrawide Monitor,1,379.99,02/12/19 16:05,"230 Washington St, Boston, MA 02215"
150623,iPhone,1,700,02/05/19 22:46,"96 7th St, Seattle, WA 98101"
150624,34in Ultrawide Monitor,1,379.99,02/16/19 09:59,"582 Wilson St, Los Angeles, CA 90001"
150625,AAA Batteries (4-pack),1,2.99,02/21/19 14:54,"19 5th St, New York City, NY 10001"
150626,AA Batteries (4-pack),2,3.84,02/26/19 23:55,"464 Center St, Dallas, TX 75001"
150627,USB-C Charging Cable,1,11.95,02/17/19 07:01,"106 10th St, Portland, OR 97035"
150628,Lightning Charging Cable,2,14.95,02/25/19 17:22,"206 Spruce St, San Francisco, CA 94016"
150629,AA Batteries (4-pack),1,3.84,02/28/19 18:17,"686 2nd St, Los Angeles, CA 90001"
150630,Apple Airpods Headphones,1,150,02/14/19 09:15,"274 Sunset St, Dallas, TX 75001"
150631,20in Monitor,1,109.99,02/26/19 14:12,"483 14th St, Atlanta, GA 30301"
150632,Wired Headphones,1,11.99,02/18/19 21:48,"108 Adams St, New York City, NY 10001"
150633,Wired Headphones,1,11.99,02/09/19 14:21,"566 Lake St, Los Angeles, CA 90001"
150634,USB-C Charging Cable,1,11.95,02/11/19 17:17,"463 Hickory St, New York City, NY 10001"
150635,iPhone,1,700,02/10/19 17:43,"129 Center St, Seattle, WA 98101"
150636,USB-C Charging Cable,1,11.95,02/15/19 11:59,"589 Walnut St, Portland, OR 97035"
150637,Apple Airpods Headphones,1,150,02/02/19 17:37,"23 Church St, Austin, TX 73301"
150638,AA Batteries (4-pack),1,3.84,02/19/19 11:04,"466 Lakeview St, New York City, NY 10001"
150639,Lightning Charging Cable,2,14.95,02/19/19 14:28,"408 Park St, Atlanta, GA 30301"
150640,Vareebadd Phone,1,400,02/26/19 00:07,"769 Willow St, New York City, NY 10001"
150641,AAA Batteries (4-pack),1,2.99,02/10/19 14:57,"72 12th St, Portland, OR 97035"
150642,Lightning Charging Cable,1,14.95,02/27/19 20:18,"938 Pine St, New York City, NY 10001"
150643,Apple Airpods Headphones,1,150,02/23/19 22:12,"304 North St, Seattle, WA 98101"
150644,Bose SoundSport Headphones,1,99.99,02/17/19 18:07,"879 Sunset St, Dallas, TX 75001"
150645,27in 4K Gaming Monitor,1,389.99,02/02/19 07:06,"153 South St, Seattle, WA 98101"
150646,27in FHD Monitor,1,149.99,02/10/19 11:22,"312 Spruce St, San Francisco, CA 94016"
150647,20in Monitor,1,109.99,02/20/19 16:34,"102 Dogwood St, New York City, NY 10001"
150648,27in 4K Gaming Monitor,1,389.99,02/07/19 10:52,"217 11th St, Los Angeles, CA 90001"
150649,27in FHD Monitor,1,149.99,02/15/19 20:14,"834 Main St, San Francisco, CA 94016"
150650,Bose SoundSport Headphones,1,99.99,02/21/19 16:43,"982 11th St, San Francisco, CA 94016"
150651,Google Phone,1,600,02/02/19 11:49,"525 10th St, New York City, NY 10001"
150651,USB-C Charging Cable,1,11.95,02/02/19 11:49,"525 10th St, New York City, NY 10001"
150652,AAA Batteries (4-pack),1,2.99,02/12/19 10:28,"933 Jackson St, Boston, MA 02215"
150653,27in FHD Monitor,1,149.99,02/04/19 11:42,"955 Jackson St, Los Angeles, CA 90001"
150654,Wired Headphones,1,11.99,02/14/19 19:10,"263 Cherry St, Los Angeles, CA 90001"
150655,AAA Batteries (4-pack),1,2.99,02/12/19 16:15,"154 Main St, Los Angeles, CA 90001"
150656,27in FHD Monitor,1,149.99,02/13/19 11:59,"643 Jackson St, Atlanta, GA 30301"
150657,AAA Batteries (4-pack),1,2.99,02/10/19 16:25,"406 Maple St, Los Angeles, CA 90001"
150658,USB-C Charging Cable,1,11.95,02/25/19 05:30,"82 Park St, Austin, TX 73301"
150659,27in 4K Gaming Monitor,1,389.99,02/11/19 10:57,"117 Johnson St, San Francisco, CA 94016"
150660,27in FHD Monitor,1,149.99,02/03/19 22:41,"719 11th St, New York City, NY 10001"
150661,Wired Headphones,1,11.99,02/21/19 16:48,"835 Spruce St, Atlanta, GA 30301"
150662,Wired Headphones,1,11.99,02/01/19 15:57,"403 North St, Dallas, TX 75001"
150663,AAA Batteries (4-pack),1,2.99,02/14/19 03:13,"205 Spruce St, Los Angeles, CA 90001"
150664,ThinkPad Laptop,1,999.99,02/06/19 15:58,"928 14th St, Dallas, TX 75001"
,,,,,
150665,AAA Batteries (4-pack),2,2.99,02/10/19 09:12,"964 7th St, San Francisco, CA 94016"
150666,Wired Headphones,1,11.99,02/05/19 11:39,"188 Spruce St, San Francisco, CA 94016"
,,,,,
150667,USB-C Charging Cable,1,11.95,02/27/19 23:58,"662 Chestnut St, Dallas, TX 75001"
150668,Wired Headphones,1,11.99,02/14/19 18:09,"419 7th St, Atlanta, GA 30301"
150669,iPhone,1,700,02/10/19 03:20,"585 6th St, Atlanta, GA 30301"
150670,AA Batteries (4-pack),1,3.84,02/28/19 16:17,"368 Hickory St, Portland, ME 04101"
150671,Bose SoundSport Headphones,1,99.99,02/09/19 07:58,"690 14th St, Boston, MA 02215"
150672,USB-C Charging Cable,1,11.95,02/24/19 14:03,"869 Spruce St, Dallas, TX 75001"
150673,Bose SoundSport Headphones,1,99.99,02/02/19 13:50,"688 Spruce St, San Francisco, CA 94016"
150674,Google Phone,1,600,02/21/19 11:44,"690 Park St, San Francisco, CA 94016"
150674,USB-C Charging Cable,1,11.95,02/21/19 11:44,"690 Park St, San Francisco, CA 94016"
150674,Wired Headphones,1,11.99,02/21/19 11:44,"690 Park St, San Francisco, CA 94016"
150675,Lightning Charging Cable,1,14.95,02/24/19 12:57,"395 Spruce St, San Francisco, CA 94016"
150676,27in FHD Monitor,1,149.99,02/17/19 20:37,"401 Cedar St, Dallas, TX 75001"
150677,ThinkPad Laptop,1,999.99,02/08/19 18:26,"221 Elm St, New York City, NY 10001"
150678,AA Batteries (4-pack),1,3.84,02/17/19 13:00,"399 Center St, Los Angeles, CA 90001"
150679,Bose SoundSport Headphones,1,99.99,02/17/19 14:38,"885 Elm St, Seattle, WA 98101"
150680,iPhone,1,700,02/03/19 12:49,"29 Lakeview St, Austin, TX 73301"
150681,USB-C Charging Cable,2,11.95,02/17/19 22:20,"348 9th St, Seattle, WA 98101"
150682,Apple Airpods Headphones,1,150,02/15/19 21:55,"833 Lake St, San Francisco, CA 94016"
150683,27in FHD Monitor,1,149.99,02/23/19 22:28,"632 Ridge St, San Francisco, CA 94016"
150684,34in Ultrawide Monitor,1,379.99,02/23/19 18:41,"615 Jefferson St, San Francisco, CA 94016"
150685,Lightning Charging Cable,2,14.95,02/05/19 13:36,"658 Forest St, Portland, OR 97035"
150686,iPhone,1,700,02/28/19 17:39,"389 Pine St, Los Angeles, CA 90001"
150687,Wired Headphones,1,11.99,02/27/19 15:36,"292 Highland St, Los Angeles, CA 90001"
150688,Google Phone,1,600,02/07/19 09:30,"719 Maple St, New York City, NY 10001"
150688,Wired Headphones,1,11.99,02/07/19 09:30,"719 Maple St, New York City, NY 10001"
150689,AAA Batteries (4-pack),1,2.99,02/24/19 18:42,"623 10th St, Los Angeles, CA 90001"
150690,AA Batteries (4-pack),1,3.84,02/28/19 22:41,"167 Highland St, Atlanta, GA 30301"
150691,20in Monitor,1,109.99,02/26/19 00:43,"902 Adams St, New York City, NY 10001"
150692,Bose SoundSport Headphones,1,99.99,02/23/19 19:59,"868 11th St, Boston, MA 02215"
150693,Wired Headphones,1,11.99,02/23/19 13:45,"403 West St, Boston, MA 02215"
150694,Apple Airpods Headphones,1,150,02/26/19 20:58,"813 Church St, Los Angeles, CA 90001"
150695,AA Batteries (4-pack),1,3.84,02/07/19 20:34,"272 4th St, Atlanta, GA 30301"
150696,AA Batteries (4-pack),1,3.84,02/02/19 13:55,"417 Dogwood St, Boston, MA 02215"
150697,Bose SoundSport Headphones,1,99.99,02/19/19 09:30,"966 7th St, Seattle, WA 98101"
150698,34in Ultrawide Monitor,1,379.99,02/08/19 13:19,"375 Maple St, Los Angeles, CA 90001"
150699,USB-C Charging Cable,1,11.95,02/06/19 15:39,"253 Cherry St, San Francisco, CA 94016"
150700,USB-C Charging Cable,1,11.95,02/03/19 02:10,"551 2nd St, New York City, NY 10001"
150701,ThinkPad Laptop,1,999.99,02/07/19 20:21,"822 Highland St, Dallas, TX 75001"
150702,34in Ultrawide Monitor,1,379.99,02/23/19 20:58,"27 Wilson St, Los Angeles, CA 90001"
150703,27in 4K Gaming Monitor,1,389.99,02/03/19 11:37,"998 Jefferson St, Boston, MA 02215"
150704,27in 4K Gaming Monitor,1,389.99,02/11/19 17:50,"508 Walnut St, Austin, TX 73301"
150705,Bose SoundSport Headphones,1,99.99,02/15/19 19:37,"189 Elm St, New York City, NY 10001"
150706,Lightning Charging Cable,1,14.95,02/19/19 12:11,"815 Willow St, San Francisco, CA 94016"
150707,Lightning Charging Cable,1,14.95,02/15/19 20:50,"128 Elm St, San Francisco, CA 94016"
150708,Bose SoundSport Headphones,1,99.99,02/05/19 14:25,"36 Ridge St, Dallas, TX 75001"
150709,USB-C Charging Cable,1,11.95,02/16/19 18:54,"507 Washington St, Boston, MA 02215"
150710,27in 4K Gaming Monitor,1,389.99,02/01/19 10:27,"581 Jackson St, San Francisco, CA 94016"
150711,Flatscreen TV,1,300,02/16/19 19:16,"320 11th St, San Francisco, CA 94016"
150712,AA Batteries (4-pack),3,3.84,02/19/19 14:49,"109 Willow St, New York City, NY 10001"
150713,AAA Batteries (4-pack),2,2.99,02/01/19 09:54,"362 10th St, Dallas, TX 75001"
150714,Bose SoundSport Headphones,1,99.99,02/14/19 20:46,"539 5th St, Los Angeles, CA 90001"
150715,Apple Airpods Headphones,1,150,02/28/19 16:23,"626 Lakeview St, San Francisco, CA 94016"
150716,Bose SoundSport Headphones,1,99.99,02/05/19 12:53,"396 Elm St, Dallas, TX 75001"
150717,USB-C Charging Cable,1,11.95,02/03/19 19:43,"202 Maple St, Austin, TX 73301"
150718,AA Batteries (4-pack),1,3.84,02/20/19 00:06,"211 Willow St, Atlanta, GA 30301"
150719,AAA Batteries (4-pack),1,2.99,02/01/19 14:44,"281 Lake St, Portland, OR 97035"
150720,27in FHD Monitor,1,149.99,02/10/19 20:23,"326 10th St, San Francisco, CA 94016"
150721,Apple Airpods Headphones,1,150,02/14/19 23:24,"115 Cedar St, San Francisco, CA 94016"
150722,AA Batteries (4-pack),2,3.84,02/09/19 17:56,"859 Cedar St, Seattle, WA 98101"
150723,Lightning Charging Cable,1,14.95,02/20/19 20:08,"793 Forest St, Los Angeles, CA 90001"
150724,34in Ultrawide Monitor,1,379.99,02/14/19 18:37,"168 Forest St, Seattle, WA 98101"
150725,AA Batteries (4-pack),2,3.84,02/27/19 09:19,"148 Park St, San Francisco, CA 94016"
150726,USB-C Charging Cable,1,11.95,02/09/19 15:27,"984 Hickory St, San Francisco, CA 94016"
150727,Apple Airpods Headphones,1,150,02/21/19 13:23,"406 4th St, San Francisco, CA 94016"
150728,Wired Headphones,1,11.99,02/03/19 12:04,"7 Highland St, New York City, NY 10001"
150729,Google Phone,1,600,02/08/19 11:53,"705 7th St, Boston, MA 02215"
150730,USB-C Charging Cable,2,11.95,02/16/19 11:39,"357 Lakeview St, San Francisco, CA 94016"
150731,Lightning Charging Cable,1,14.95,02/24/19 04:22,"907 South St, Seattle, WA 98101"
150732,AA Batteries (4-pack),1,3.84,02/11/19 13:04,"417 Ridge St, San Francisco, CA 94016"
150733,27in 4K Gaming Monitor,1,389.99,02/15/19 00:53,"982 Washington St, Los Angeles, CA 90001"
150734,Google Phone,1,600,02/13/19 09:47,"119 Madison St, New York City, NY 10001"
150734,USB-C Charging Cable,1,11.95,02/13/19 09:47,"119 Madison St, New York City, NY 10001"
150735,AA Batteries (4-pack),1,3.84,02/13/19 11:49,"450 6th St, Boston, MA 02215"
150736,Wired Headphones,1,11.99,02/21/19 19:14,"785 Lakeview St, Los Angeles, CA 90001"
150737,AAA Batteries (4-pack),1,2.99,02/14/19 13:41,"727 Pine St, Los Angeles, CA 90001"
150738,Bose SoundSport Headphones,1,99.99,02/08/19 21:06,"374 Main St, Atlanta, GA 30301"
150739,Lightning Charging Cable,1,14.95,02/15/19 12:08,"21 11th St, Atlanta, GA 30301"
150740,34in Ultrawide Monitor,1,379.99,02/08/19 19:30,"838 11th St, Portland, OR 97035"
150741,Bose SoundSport Headphones,1,99.99,02/11/19 08:16,"755 Maple St, New York City, NY 10001"
150742,Wired Headphones,1,11.99,02/09/19 23:19,"589 Maple St, San Francisco, CA 94016"
150743,AAA Batteries (4-pack),1,2.99,02/17/19 05:23,"203 Main St, Los Angeles, CA 90001"
150744,34in Ultrawide Monitor,1,379.99,02/07/19 13:45,"682 5th St, Atlanta, GA 30301"
150745,AA Batteries (4-pack),3,3.84,02/26/19 10:42,"489 Center St, San Francisco, CA 94016"
150746,AAA Batteries (4-pack),1,2.99,02/01/19 12:15,"195 North St, Los Angeles, CA 90001"
150747,USB-C Charging Cable,1,11.95,02/03/19 11:18,"275 2nd St, San Francisco, CA 94016"
150748,AAA Batteries (4-pack),1,2.99,02/27/19 12:39,"931 11th St, New York City, NY 10001"
150749,Vareebadd Phone,1,400,02/19/19 09:25,"55 6th St, San Francisco, CA 94016"
150750,iPhone,1,700,02/05/19 17:18,"753 Washington St, New York City, NY 10001"
150751,USB-C Charging Cable,2,11.95,02/11/19 18:06,"153 Washington St, Los Angeles, CA 90001"
150752,Wired Headphones,1,11.99,02/08/19 00:08,"23 4th St, Portland, OR 97035"
150753,Lightning Charging Cable,1,14.95,02/28/19 11:30,"599 7th St, New York City, NY 10001"
150754,AAA Batteries (4-pack),1,2.99,02/27/19 13:34,"423 Park St, Austin, TX 73301"
150755,AA Batteries (4-pack),1,3.84,02/20/19 10:25,"355 Lake St, Austin, TX 73301"
150756,Bose SoundSport Headphones,1,99.99,02/03/19 08:16,"114 West St, Seattle, WA 98101"
150757,USB-C Charging Cable,1,11.95,02/18/19 18:55,"141 Highland St, San Francisco, CA 94016"
150758,iPhone,1,700,02/19/19 09:38,"360 Madison St, Austin, TX 73301"
150758,Wired Headphones,1,11.99,02/19/19 09:38,"360 Madison St, Austin, TX 73301"
150759,Lightning Charging Cable,1,14.95,02/03/19 05:10,"999 9th St, Boston, MA 02215"
150760,AA Batteries (4-pack),2,3.84,02/17/19 20:04,"638 4th St, Los Angeles, CA 90001"
150761,AAA Batteries (4-pack),1,2.99,02/19/19 21:47,"358 Maple St, Austin, TX 73301"
150762,USB-C Charging Cable,1,11.95,02/15/19 23:07,"927 Lake St, San Francisco, CA 94016"
150763,AA Batteries (4-pack),3,3.84,02/11/19 22:09,"276 2nd St, New York City, NY 10001"
150764,AAA Batteries (4-pack),1,2.99,02/26/19 11:27,"671 10th St, New York City, NY 10001"
150765,AA Batteries (4-pack),1,3.84,02/13/19 20:53,"750 Madison St, Seattle, WA 98101"
150766,Bose SoundSport Headphones,1,99.99,02/25/19 12:50,"969 10th St, San Francisco, CA 94016"
150767,Bose SoundSport Headphones,1,99.99,02/01/19 17:13,"38 Wilson St, San Francisco, CA 94016"
150768,Lightning Charging Cable,1,14.95,02/26/19 17:05,"482 Madison St, Los Angeles, CA 90001"
150769,Apple Airpods Headphones,1,150,02/03/19 12:41,"470 Madison St, Los Angeles, CA 90001"
150770,34in Ultrawide Monitor,1,379.99,02/06/19 10:02,"721 Dogwood St, Seattle, WA 98101"
150771,AA Batteries (4-pack),1,3.84,02/26/19 11:16,"619 9th St, New York City, NY 10001"
150772,Bose SoundSport Headphones,1,99.99,02/25/19 13:19,"238 8th St, Los Angeles, CA 90001"
150773,AA Batteries (4-pack),1,3.84,02/08/19 11:25,"632 Highland St, New York City, NY 10001"
150774,AA Batteries (4-pack),1,3.84,02/21/19 18:25,"579 Adams St, San Francisco, CA 94016"
150775,Lightning Charging Cable,1,14.95,02/16/19 21:07,"596 9th St, Seattle, WA 98101"
150776,Bose SoundSport Headphones,1,99.99,02/04/19 16:57,"480 1st St, Seattle, WA 98101"
150777,Lightning Charging Cable,2,14.95,02/14/19 18:05,"879 Pine St, Los Angeles, CA 90001"
150778,Apple Airpods Headphones,1,150,02/04/19 12:18,"49 Hill St, San Francisco, CA 94016"
150779,27in FHD Monitor,1,149.99,02/28/19 15:40,"819 Adams St, San Francisco, CA 94016"
150780,Google Phone,1,600,02/15/19 20:54,"123 Maple St, Austin, TX 73301"
150781,Bose SoundSport Headphones,1,99.99,02/08/19 20:23,"219 1st St, Atlanta, GA 30301"
150782,Lightning Charging Cable,1,14.95,02/18/19 12:26,"12 Highland St, San Francisco, CA 94016"
150783,AAA Batteries (4-pack),1,2.99,02/27/19 23:25,"13 Hill St, San Francisco, CA 94016"
150784,AA Batteries (4-pack),1,3.84,02/22/19 09:55,"73 Sunset St, New York City, NY 10001"
150785,Apple Airpods Headphones,1,150,02/21/19 18:26,"474 Pine St, Los Angeles, CA 90001"
150786,AA Batteries (4-pack),2,3.84,02/06/19 21:28,"856 Highland St, Atlanta, GA 30301"
150787,USB-C Charging Cable,1,11.95,02/19/19 18:20,"110 Washington St, New York City, NY 10001"
150788,Wired Headphones,1,11.99,02/14/19 16:41,"65 Pine St, New York City, NY 10001"
150789,Lightning Charging Cable,1,14.95,02/22/19 03:03,"156 West St, New York City, NY 10001"
150790,USB-C Charging Cable,1,11.95,02/11/19 13:38,"869 Lincoln St, Seattle, WA 98101"
150791,Apple Airpods Headphones,1,150,02/19/19 02:12,"663 Madison St, San Francisco, CA 94016"
150792,Wired Headphones,1,11.99,02/19/19 20:45,"343 13th St, Boston, MA 02215"
150793,ThinkPad Laptop,1,999.99,02/01/19 13:15,"210 1st St, Boston, MA 02215"
150794,AAA Batteries (4-pack),1,2.99,02/27/19 18:34,"195 Jackson St, Boston, MA 02215"
150795,27in 4K Gaming Monitor,1,389.99,02/26/19 20:05,"959 4th St, Seattle, WA 98101"
150796,AAA Batteries (4-pack),2,2.99,02/23/19 18:25,"129 Washington St, Atlanta, GA 30301"
150797,USB-C Charging Cable,3,11.95,02/18/19 12:55,"995 Ridge St, Atlanta, GA 30301"
150798,Macbook Pro Laptop,1,1700,02/08/19 11:56,"931 Dogwood St, New York City, NY 10001"
150799,Bose SoundSport Headphones,1,99.99,02/21/19 09:55,"445 14th St, Dallas, TX 75001"
150800,USB-C Charging Cable,1,11.95,02/23/19 20:11,"37 North St, Boston, MA 02215"
150801,AAA Batteries (4-pack),1,2.99,02/10/19 12:32,"212 Center St, Seattle, WA 98101"
150802,Google Phone,1,600,02/01/19 11:11,"817 Willow St, Dallas, TX 75001"
150803,Bose SoundSport Headphones,1,99.99,02/14/19 17:22,"532 Hill St, San Francisco, CA 94016"
150804,AAA Batteries (4-pack),1,2.99,02/21/19 14:47,"849 Jackson St, New York City, NY 10001"
150805,AA Batteries (4-pack),1,3.84,02/27/19 16:07,"820 Washington St, New York City, NY 10001"
150806,USB-C Charging Cable,1,11.95,02/28/19 10:45,"995 6th St, Los Angeles, CA 90001"
150807,27in 4K Gaming Monitor,1,389.99,02/18/19 10:42,"278 Dogwood St, Boston, MA 02215"
150808,AA Batteries (4-pack),1,3.84,02/08/19 09:37,"566 West St, San Francisco, CA 94016"
150809,USB-C Charging Cable,1,11.95,02/24/19 09:53,"605 Hill St, Los Angeles, CA 90001"
150810,USB-C Charging Cable,1,11.95,02/10/19 13:04,"275 2nd St, Los Angeles, CA 90001"
150811,Google Phone,1,600,02/14/19 14:23,"969 Pine St, Seattle, WA 98101"
150812,Wired Headphones,1,11.99,03/01/19 02:18,"915 Maple St, San Francisco, CA 94016"
150813,Apple Airpods Headphones,1,150,02/19/19 20:40,"575 Cherry St, San Francisco, CA 94016"
150814,USB-C Charging Cable,1,11.95,02/18/19 20:53,"922 7th St, Seattle, WA 98101"
150815,Wired Headphones,1,11.99,02/12/19 21:37,"770 6th St, Atlanta, GA 30301"
150816,Flatscreen TV,1,300,02/15/19 09:51,"769 Johnson St, San Francisco, CA 94016"
150817,AA Batteries (4-pack),1,3.84,02/26/19 14:44,"377 Church St, New York City, NY 10001"
150818,AA Batteries (4-pack),1,3.84,02/26/19 18:01,"919 Adams St, Seattle, WA 98101"
150819,27in FHD Monitor,1,149.99,02/14/19 11:05,"547 Willow St, Los Angeles, CA 90001"
150820,AA Batteries (4-pack),1,3.84,02/05/19 21:20,"920 11th St, Portland, OR 97035"
150821,Bose SoundSport Headphones,1,99.99,02/25/19 20:48,"316 Center St, Los Angeles, CA 90001"
150822,AA Batteries (4-pack),1,3.84,02/23/19 20:02,"932 Forest St, San Francisco, CA 94016"
150823,USB-C Charging Cable,1,11.95,02/24/19 10:12,"848 Cedar St, San Francisco, CA 94016"
150824,Wired Headphones,1,11.99,02/04/19 20:24,"513 Wilson St, Boston, MA 02215"
150825,27in FHD Monitor,1,149.99,02/22/19 19:16,"289 Hickory St, New York City, NY 10001"
150826,Bose SoundSport Headphones,1,99.99,02/16/19 11:13,"543 6th St, Seattle, WA 98101"
150827,USB-C Charging Cable,1,11.95,02/08/19 10:29,"529 West St, New York City, NY 10001"
150828,Macbook Pro Laptop,1,1700,02/18/19 21:13,"380 13th St, Dallas, TX 75001"
150829,27in 4K Gaming Monitor,1,389.99,02/08/19 02:33,"606 Highland St, Los Angeles, CA 90001"
150830,USB-C Charging Cable,2,11.95,02/28/19 20:49,"121 Cedar St, Seattle, WA 98101"
150831,AAA Batteries (4-pack),1,2.99,02/15/19 16:13,"346 Center St, New York City, NY 10001"
150832,USB-C Charging Cable,1,11.95,02/16/19 06:56,"107 4th St, San Francisco, CA 94016"
150833,USB-C Charging Cable,1,11.95,02/15/19 11:18,"365 Center St, New York City, NY 10001"
150834,Bose SoundSport Headphones,1,99.99,02/22/19 19:14,"795 Jefferson St, Dallas, TX 75001"
150835,Apple Airpods Headphones,1,150,02/12/19 13:15,"279 10th St, New York City, NY 10001"
150836,Wired Headphones,1,11.99,02/06/19 12:42,"820 Walnut St, Dallas, TX 75001"
150837,Lightning Charging Cable,1,14.95,02/14/19 12:18,"725 Adams St, Atlanta, GA 30301"
150838,USB-C Charging Cable,1,11.95,02/25/19 03:46,"478 Adams St, New York City, NY 10001"
150839,Google Phone,1,600,02/24/19 14:02,"625 Washington St, New York City, NY 10001"
150840,AAA Batteries (4-pack),1,2.99,02/18/19 11:25,"14 6th St, Austin, TX 73301"
150841,AA Batteries (4-pack),1,3.84,02/06/19 19:56,"738 Meadow St, San Francisco, CA 94016"
150842,Lightning Charging Cable,1,14.95,02/09/19 08:11,"130 Spruce St, Los Angeles, CA 90001"
150843,Lightning Charging Cable,1,14.95,02/18/19 18:40,"409 4th St, Dallas, TX 75001"
150844,Macbook Pro Laptop,1,1700,02/06/19 22:01,"680 Church St, San Francisco, CA 94016"
150845,USB-C Charging Cable,1,11.95,02/17/19 10:47,"663 Lake St, Portland, OR 97035"
150846,AAA Batteries (4-pack),3,2.99,02/09/19 10:44,"223 South St, Dallas, TX 75001"
150847,Google Phone,1,600,02/10/19 14:08,"138 Chestnut St, New York City, NY 10001"
150848,27in 4K Gaming Monitor,1,389.99,02/07/19 10:41,"358 Willow St, Seattle, WA 98101"
150849,AAA Batteries (4-pack),1,2.99,02/08/19 02:31,"14 Meadow St, Austin, TX 73301"
150850,AAA Batteries (4-pack),1,2.99,02/14/19 15:23,"331 West St, Seattle, WA 98101"
150851,AA Batteries (4-pack),1,3.84,02/13/19 19:55,"490 South St, Portland, OR 97035"
150852,AAA Batteries (4-pack),1,2.99,02/26/19 06:52,"361 Park St, Portland, OR 97035"
150853,AAA Batteries (4-pack),1,2.99,02/27/19 16:10,"953 Jefferson St, New York City, NY 10001"
150853,27in 4K Gaming Monitor,1,389.99,02/27/19 16:10,"953 Jefferson St, New York City, NY 10001"
150854,27in 4K Gaming Monitor,1,389.99,02/14/19 06:38,"937 Cedar St, New York City, NY 10001"
150855,34in Ultrawide Monitor,1,379.99,02/11/19 14:38,"418 North St, Dallas, TX 75001"
150856,Flatscreen TV,1,300,02/07/19 13:42,"571 Meadow St, San Francisco, CA 94016"
150857,USB-C Charging Cable,1,11.95,02/05/19 12:55,"540 6th St, San Francisco, CA 94016"
150858,USB-C Charging Cable,1,11.95,02/13/19 19:54,"376 Sunset St, Austin, TX 73301"
150859,Lightning Charging Cable,1,14.95,02/24/19 12:42,"817 Lake St, Los Angeles, CA 90001"
150860,AAA Batteries (4-pack),3,2.99,02/21/19 18:45,"90 Sunset St, New York City, NY 10001"
150861,34in Ultrawide Monitor,1,379.99,02/23/19 14:42,"794 Washington St, Los Angeles, CA 90001"
150862,20in Monitor,1,109.99,02/05/19 07:56,"196 5th St, San Francisco, CA 94016"
150863,USB-C Charging Cable,1,11.95,02/16/19 15:08,"570 West St, San Francisco, CA 94016"
150864,AA Batteries (4-pack),1,3.84,02/24/19 11:28,"17 Park St, San Francisco, CA 94016"
150865,Bose SoundSport Headphones,1,99.99,02/12/19 00:14,"107 Lakeview St, Los Angeles, CA 90001"
150866,27in FHD Monitor,1,149.99,02/05/19 18:42,"248 Adams St, San Francisco, CA 94016"
150867,USB-C Charging Cable,1,11.95,02/21/19 10:35,"907 West St, Los Angeles, CA 90001"
150868,Lightning Charging Cable,1,14.95,02/10/19 22:36,"447 Park St, Atlanta, GA 30301"
150869,AA Batteries (4-pack),1,3.84,02/23/19 14:05,"35 6th St, San Francisco, CA 94016"
150870,Wired Headphones,1,11.99,02/13/19 15:03,"805 1st St, Dallas, TX 75001"
150871,AAA Batteries (4-pack),5,2.99,02/03/19 18:24,"659 Highland St, San Francisco, CA 94016"
150872,Lightning Charging Cable,1,14.95,02/28/19 17:33,"436 6th St, Seattle, WA 98101"
150873,Lightning Charging Cable,1,14.95,02/08/19 18:28,"65 10th St, Atlanta, GA 30301"
150874,Lightning Charging Cable,2,14.95,02/25/19 16:02,"851 Forest St, Portland, OR 97035"
150875,Lightning Charging Cable,1,14.95,02/17/19 16:42,"383 Wilson St, San Francisco, CA 94016"
150876,LG Dryer,1,600.0,02/03/19 18:48,"367 Meadow St, San Francisco, CA 94016"
150877,USB-C Charging Cable,1,11.95,02/12/19 20:34,"665 Ridge St, Austin, TX 73301"
150878,Apple Airpods Headphones,1,150,02/24/19 15:30,"441 Washington St, Portland, OR 97035"
150879,USB-C Charging Cable,1,11.95,02/22/19 21:16,"899 14th St, San Francisco, CA 94016"
150880,34in Ultrawide Monitor,1,379.99,02/03/19 19:18,"548 Pine St, San Francisco, CA 94016"
150881,Wired Headphones,1,11.99,02/18/19 10:43,"34 2nd St, Los Angeles, CA 90001"
150882,Wired Headphones,1,11.99,02/14/19 00:25,"402 10th St, Boston, MA 02215"
150883,Wired Headphones,1,11.99,02/04/19 23:50,"457 Willow St, San Francisco, CA 94016"
150884,Wired Headphones,1,11.99,02/17/19 23:57,"632 Center St, San Francisco, CA 94016"
150885,ThinkPad Laptop,1,999.99,02/20/19 10:04,"88 Main St, San Francisco, CA 94016"
150886,Wired Headphones,1,11.99,02/13/19 18:38,"432 1st St, Boston, MA 02215"
150887,34in Ultrawide Monitor,1,379.99,02/08/19 08:05,"186 Elm St, Seattle, WA 98101"
150888,Wired Headphones,1,11.99,02/23/19 10:38,"92 Willow St, Boston, MA 02215"
150889,USB-C Charging Cable,1,11.95,02/09/19 11:46,"800 5th St, Atlanta, GA 30301"
150890,Apple Airpods Headphones,1,150,02/11/19 16:21,"449 9th St, Dallas, TX 75001"
150891,Lightning Charging Cable,1,14.95,02/27/19 20:13,"241 Dogwood St, San Francisco, CA 94016"
150892,Wired Headphones,1,11.99,02/18/19 14:15,"248 Johnson St, San Francisco, CA 94016"
150892,Apple Airpods Headphones,1,150,02/18/19 14:15,"248 Johnson St, San Francisco, CA 94016"
150893,ThinkPad Laptop,1,999.99,02/10/19 07:33,"774 5th St, Portland, OR 97035"
150894,Google Phone,1,600,02/19/19 16:42,"580 South St, San Francisco, CA 94016"
150895,LG Washing Machine,1,600.0,02/18/19 21:37,"405 11th St, Dallas, TX 75001"
150896,Lightning Charging Cable,1,14.95,02/05/19 20:13,"472 13th St, New York City, NY 10001"
150897,USB-C Charging Cable,1,11.95,02/15/19 11:07,"127 Chestnut St, Boston, MA 02215"
150898,AA Batteries (4-pack),1,3.84,02/15/19 10:39,"2 14th St, Seattle, WA 98101"
150899,USB-C Charging Cable,1,11.95,02/20/19 23:40,"23 Park St, Portland, ME 04101"
150900,AAA Batteries (4-pack),2,2.99,02/18/19 16:50,"767 4th St, San Francisco, CA 94016"
150901,AAA Batteries (4-pack),1,2.99,02/21/19 17:31,"79 Sunset St, Dallas, TX 75001"
150902,LG Washing Machine,1,600.0,02/22/19 14:15,"863 Hickory St, San Francisco, CA 94016"
150903,AA Batteries (4-pack),1,3.84,02/11/19 21:07,"480 River St, Seattle, WA 98101"
150904,34in Ultrawide Monitor,1,379.99,02/08/19 08:17,"593 13th St, Seattle, WA 98101"
150905,USB-C Charging Cable,1,11.95,02/12/19 12:09,"536 Forest St, Los Angeles, CA 90001"
150906,AAA Batteries (4-pack),1,2.99,02/05/19 21:59,"884 Ridge St, Los Angeles, CA 90001"
150907,Apple Airpods Headphones,1,150,02/25/19 17:38,"491 River St, Dallas, TX 75001"
150907,Wired Headphones,1,11.99,02/25/19 17:38,"491 River St, Dallas, TX 75001"
150908,Lightning Charging Cable,1,14.95,02/18/19 21:58,"280 11th St, Austin, TX 73301"
150909,27in FHD Monitor,1,149.99,02/13/19 20:02,"195 9th St, San Francisco, CA 94016"
150910,AAA Batteries (4-pack),1,2.99,02/13/19 19:14,"275 11th St, Los Angeles, CA 90001"
150911,Apple Airpods Headphones,1,150,02/17/19 12:29,"73 Chestnut St, Portland, OR 97035"
150912,AA Batteries (4-pack),1,3.84,02/28/19 12:54,"318 Highland St, Dallas, TX 75001"
150913,27in 4K Gaming Monitor,1,389.99,02/21/19 20:52,"566 Spruce St, New York City, NY 10001"
150914,AAA Batteries (4-pack),1,2.99,02/08/19 10:15,"344 Dogwood St, Boston, MA 02215"
150915,AAA Batteries (4-pack),1,2.99,02/13/19 20:18,"225 Washington St, Austin, TX 73301"
150916,34in Ultrawide Monitor,1,379.99,02/08/19 22:15,"844 5th St, Dallas, TX 75001"
150917,Lightning Charging Cable,1,14.95,02/06/19 16:07,"111 10th St, Austin, TX 73301"
150917,Lightning Charging Cable,1,14.95,02/06/19 16:07,"111 10th St, Austin, TX 73301"
150918,Lightning Charging Cable,1,14.95,02/28/19 12:11,"419 12th St, San Francisco, CA 94016"
150919,27in FHD Monitor,1,149.99,02/22/19 05:21,"9 Hickory St, Portland, OR 97035"
150920,Macbook Pro Laptop,1,1700,02/26/19 17:19,"511 12th St, Austin, TX 73301"
150921,Lightning Charging Cable,1,14.95,02/08/19 22:06,"701 12th St, San Francisco, CA 94016"
150922,Bose SoundSport Headphones,1,99.99,02/06/19 16:42,"562 Hill St, Boston, MA 02215"
150923,AAA Batteries (4-pack),2,2.99,02/16/19 17:26,"410 Lakeview St, Los Angeles, CA 90001"
150924,ThinkPad Laptop,1,999.99,02/21/19 09:35,"228 5th St, Austin, TX 73301"
150925,iPhone,1,700,02/07/19 17:43,"784 Elm St, Boston, MA 02215"
150925,Lightning Charging Cable,1,14.95,02/07/19 17:43,"784 Elm St, Boston, MA 02215"
150925,iPhone,1,700,02/07/19 17:43,"784 Elm St, Boston, MA 02215"
150926,Wired Headphones,2,11.99,02/16/19 06:31,"80 14th St, New York City, NY 10001"
150927,USB-C Charging Cable,2,11.95,02/26/19 18:10,"701 Spruce St, New York City, NY 10001"
150928,Apple Airpods Headphones,1,150,02/14/19 14:31,"837 6th St, San Francisco, CA 94016"
150929,AA Batteries (4-pack),1,3.84,02/10/19 08:26,"373 13th St, Los Angeles, CA 90001"
150930,20in Monitor,1,109.99,02/11/19 22:42,"916 2nd St, Los Angeles, CA 90001"
150931,Macbook Pro Laptop,1,1700,02/15/19 11:17,"825 Adams St, Portland, ME 04101"
150932,AA Batteries (4-pack),1,3.84,02/10/19 11:08,"925 North St, Los Angeles, CA 90001"
150933,Bose SoundSport Headphones,1,99.99,02/24/19 10:28,"588 Lincoln St, Seattle, WA 98101"
150934,Lightning Charging Cable,1,14.95,02/11/19 17:08,"841 6th St, New York City, NY 10001"
150935,Bose SoundSport Headphones,1,99.99,02/22/19 10:31,"402 1st St, San Francisco, CA 94016"
150936,Lightning Charging Cable,1,14.95,02/09/19 03:54,"507 River St, Dallas, TX 75001"
150937,LG Washing Machine,1,600.0,02/25/19 19:21,"245 Chestnut St, San Francisco, CA 94016"
150938,Bose SoundSport Headphones,1,99.99,02/25/19 01:35,"464 Elm St, New York City, NY 10001"
150939,ThinkPad Laptop,1,999.99,02/01/19 20:20,"89 Jackson St, New York City, NY 10001"
150940,Lightning Charging Cable,1,14.95,02/14/19 15:51,"623 6th St, Los Angeles, CA 90001"
150941,Bose SoundSport Headphones,2,99.99,02/16/19 16:08,"114 14th St, Los Angeles, CA 90001"
150942,Apple Airpods Headphones,1,150,02/21/19 00:52,"286 Lakeview St, Dallas, TX 75001"
150943,USB-C Charging Cable,1,11.95,02/06/19 19:13,"759 1st St, Austin, TX 73301"
150943,USB-C Charging Cable,1,11.95,02/06/19 19:13,"759 1st St, Austin, TX 73301"
150944,Bose SoundSport Headphones,1,99.99,02/14/19 15:26,"479 Lake St, Portland, OR 97035"
150945,iPhone,1,700,02/06/19 22:23,"877 Dogwood St, San Francisco, CA 94016"
150945,Wired Headphones,1,11.99,02/06/19 22:23,"877 Dogwood St, San Francisco, CA 94016"
150946,USB-C Charging Cable,1,11.95,02/12/19 18:21,"732 2nd St, Dallas, TX 75001"
150947,Lightning Charging Cable,1,14.95,02/02/19 17:53,"914 Church St, Seattle, WA 98101"
150948,USB-C Charging Cable,1,11.95,02/11/19 18:15,"872 Dogwood St, Dallas, TX 75001"
150949,Lightning Charging Cable,1,14.95,02/05/19 10:57,"303 Pine St, Dallas, TX 75001"
150950,LG Dryer,1,600.0,02/27/19 13:13,"52 Cedar St, New York City, NY 10001"
150951,iPhone,1,700,02/04/19 10:24,"40 8th St, New York City, NY 10001"
150951,Lightning Charging Cable,1,14.95,02/04/19 10:24,"40 8th St, New York City, NY 10001"
150951,Apple Airpods Headphones,1,150,02/04/19 10:24,"40 8th St, New York City, NY 10001"
150952,USB-C Charging Cable,1,11.95,02/13/19 16:39,"465 Cedar St, San Francisco, CA 94016"
150953,AA Batteries (4-pack),1,3.84,02/28/19 22:26,"412 Wilson St, Seattle, WA 98101"
150954,Wired Headphones,1,11.99,02/19/19 23:33,"522 Center St, Boston, MA 02215"
150955,Wired Headphones,1,11.99,02/13/19 11:34,"65 Wilson St, Los Angeles, CA 90001"
150956,Macbook Pro Laptop,1,1700,02/12/19 01:32,"915 Meadow St, Portland, OR 97035"
150957,Apple Airpods Headphones,1,150,02/18/19 09:14,"480 Walnut St, New York City, NY 10001"
150958,iPhone,1,700,02/26/19 11:44,"58 Hickory St, San Francisco, CA 94016"
150959,Apple Airpods Headphones,1,150,02/23/19 09:32,"364 Ridge St, Atlanta, GA 30301"
150960,AA Batteries (4-pack),2,3.84,02/08/19 11:11,"849 Elm St, Seattle, WA 98101"
150961,Vareebadd Phone,1,400,02/18/19 21:52,"251 West St, New York City, NY 10001"
150961,Wired Headphones,1,11.99,02/18/19 21:52,"251 West St, New York City, NY 10001"
150962,27in FHD Monitor,1,149.99,02/07/19 17:51,"232 4th St, Boston, MA 02215"
150963,Google Phone,1,600,02/08/19 20:48,"184 Meadow St, Boston, MA 02215"
150964,Wired Headphones,1,11.99,02/18/19 00:57,"735 Hickory St, New York City, NY 10001"
150965,Lightning Charging Cable,1,14.95,02/03/19 21:29,"650 Chestnut St, San Francisco, CA 94016"
150966,Bose SoundSport Headphones,1,99.99,02/27/19 07:57,"540 Forest St, San Francisco, CA 94016"
150967,AA Batteries (4-pack),3,3.84,02/20/19 22:17,"717 Willow St, New York City, NY 10001"
150968,AA Batteries (4-pack),2,3.84,02/12/19 11:20,"60 13th St, San Francisco, CA 94016"
150969,Wired Headphones,1,11.99,02/05/19 16:32,"591 10th St, Seattle, WA 98101"
150970,AAA Batteries (4-pack),3,2.99,02/12/19 13:30,"943 Lake St, Seattle, WA 98101"
150971,AAA Batteries (4-pack),2,2.99,02/02/19 03:53,"670 11th St, Dallas, TX 75001"
150972,Google Phone,1,600,02/11/19 12:14,"138 Wilson St, Los Angeles, CA 90001"
150972,USB-C Charging Cable,1,11.95,02/11/19 12:14,"138 Wilson St, Los Angeles, CA 90001"
150973,Google Phone,1,600,02/05/19 11:04,"401 5th St, San Francisco, CA 94016"
150974,Bose SoundSport Headphones,1,99.99,02/27/19 16:01,"179 14th St, Boston, MA 02215"
150975,Bose SoundSport Headphones,1,99.99,02/17/19 18:39,"530 11th St, Seattle, WA 98101"
150976,Lightning Charging Cable,1,14.95,02/02/19 01:21,"352 9th St, New York City, NY 10001"
150977,Bose SoundSport Headphones,1,99.99,02/07/19 20:09,"304 West St, Boston, MA 02215"
150978,AA Batteries (4-pack),1,3.84,02/20/19 19:07,"341 Cherry St, New York City, NY 10001"
150979,Lightning Charging Cable,1,14.95,02/03/19 18:41,"254 Forest St, San Francisco, CA 94016"
150980,20in Monitor,1,109.99,02/13/19 20:21,"704 West St, Seattle, WA 98101"
150981,Bose SoundSport Headphones,1,99.99,02/24/19 17:52,"188 Washington St, Los Angeles, CA 90001"
150982,Lightning Charging Cable,1,14.95,02/22/19 17:18,"301 West St, Atlanta, GA 30301"
150983,Flatscreen TV,1,300,02/13/19 15:43,"502 4th St, Boston, MA 02215"
150984,Wired Headphones,1,11.99,02/03/19 15:24,"922 Elm St, Austin, TX 73301"
150985,Flatscreen TV,1,300,02/20/19 12:27,"221 Hickory St, Los Angeles, CA 90001"
150986,AAA Batteries (4-pack),1,2.99,02/19/19 19:37,"188 7th St, Atlanta, GA 30301"
150987,AAA Batteries (4-pack),2,2.99,02/10/19 20:28,"179 1st St, Boston, MA 02215"
150988,AAA Batteries (4-pack),1,2.99,02/04/19 12:08,"363 Johnson St, San Francisco, CA 94016"
150989,AA Batteries (4-pack),2,3.84,02/05/19 20:31,"912 Church St, Portland, OR 97035"
150990,34in Ultrawide Monitor,1,379.99,02/16/19 18:05,"420 9th St, Dallas, TX 75001"
150991,Flatscreen TV,1,300,02/21/19 15:00,"780 Spruce St, San Francisco, CA 94016"
150992,Wired Headphones,1,11.99,02/19/19 14:15,"525 Cedar St, Dallas, TX 75001"
150993,AA Batteries (4-pack),1,3.84,02/02/19 19:36,"719 Lake St, Dallas, TX 75001"
150994,34in Ultrawide Monitor,1,379.99,02/22/19 16:02,"892 Ridge St, Austin, TX 73301"
150995,USB-C Charging Cable,1,11.95,02/16/19 14:54,"8 12th St, Seattle, WA 98101"
150996,AAA Batteries (4-pack),1,2.99,02/19/19 14:21,"179 Pine St, New York City, NY 10001"
150997,Apple Airpods Headphones,1,150,02/01/19 15:04,"584 7th St, Dallas, TX 75001"
150998,Lightning Charging Cable,1,14.95,02/22/19 09:50,"645 Church St, San Francisco, CA 94016"
150999,AA Batteries (4-pack),1,3.84,02/04/19 11:32,"358 Dogwood St, Boston, MA 02215"
151000,AA Batteries (4-pack),1,3.84,02/17/19 08:25,"12 Dogwood St, Austin, TX 73301"
151001,34in Ultrawide Monitor,1,379.99,02/08/19 13:15,"46 Elm St, New York City, NY 10001"
151002,AAA Batteries (4-pack),1,2.99,02/01/19 09:26,"194 North St, Boston, MA 02215"
151003,AA Batteries (4-pack),2,3.84,02/20/19 03:19,"500 13th St, Seattle, WA 98101"
151004,USB-C Charging Cable,1,11.95,02/23/19 09:25,"501 Adams St, Austin, TX 73301"
151005,USB-C Charging Cable,1,11.95,02/08/19 09:37,"280 Chestnut St, Boston, MA 02215"
151006,Lightning Charging Cable,1,14.95,02/05/19 20:59,"502 Elm St, San Francisco, CA 94016"
151007,USB-C Charging Cable,2,11.95,02/11/19 19:48,"119 Lakeview St, Boston, MA 02215"
151008,AA Batteries (4-pack),2,3.84,02/11/19 11:33,"206 8th St, New York City, NY 10001"
151009,USB-C Charging Cable,1,11.95,02/13/19 01:55,"961 14th St, San Francisco, CA 94016"
151010,Apple Airpods Headphones,1,150,02/09/19 10:28,"653 5th St, San Francisco, CA 94016"
151011,iPhone,1,700,02/06/19 10:05,"74 14th St, San Francisco, CA 94016"
151012,USB-C Charging Cable,1,11.95,02/16/19 14:38,"397 Church St, Portland, OR 97035"
151013,27in FHD Monitor,1,149.99,02/11/19 10:43,"468 West St, Dallas, TX 75001"
151014,ThinkPad Laptop,1,999.99,02/21/19 17:24,"693 4th St, Atlanta, GA 30301"
151015,Bose SoundSport Headphones,1,99.99,02/27/19 18:59,"813 Adams St, Los Angeles, CA 90001"
151016,Bose SoundSport Headphones,1,99.99,02/21/19 10:12,"756 Pine St, Dallas, TX 75001"
151017,USB-C Charging Cable,1,11.95,02/27/19 08:26,"888 8th St, Seattle, WA 98101"
151018,34in Ultrawide Monitor,1,379.99,02/05/19 09:18,"896 Chestnut St, Los Angeles, CA 90001"
151019,Lightning Charging Cable,1,14.95,02/04/19 17:11,"398 Church St, Boston, MA 02215"
151020,Wired Headphones,1,11.99,02/05/19 20:18,"437 Lincoln St, Boston, MA 02215"
151021,AAA Batteries (4-pack),3,2.99,02/02/19 09:49,"92 13th St, San Francisco, CA 94016"
151022,AAA Batteries (4-pack),1,2.99,02/24/19 17:34,"11 Wilson St, Los Angeles, CA 90001"
151023,Wired Headphones,1,11.99,02/25/19 11:47,"407 Spruce St, Dallas, TX 75001"
151024,Wired Headphones,1,11.99,02/19/19 08:39,"35 Pine St, Portland, OR 97035"
151024,Wired Headphones,1,11.99,02/19/19 08:39,"35 Pine St, Portland, OR 97035"
151025,AA Batteries (4-pack),2,3.84,02/21/19 20:44,"994 Church St, San Francisco, CA 94016"
151026,Flatscreen TV,1,300,02/12/19 18:25,"730 Cedar St, Portland, OR 97035"
151027,34in Ultrawide Monitor,1,379.99,02/24/19 16:26,"151 Hill St, San Francisco, CA 94016"
151028,AAA Batteries (4-pack),1,2.99,02/07/19 16:13,"216 Lakeview St, Boston, MA 02215"
151029,USB-C Charging Cable,2,11.95,02/17/19 17:38,"84 Highland St, Dallas, TX 75001"
151030,Bose SoundSport Headphones,1,99.99,02/16/19 00:22,"951 10th St, San Francisco, CA 94016"
151031,AAA Batteries (4-pack),1,2.99,02/07/19 12:37,"671 5th St, Los Angeles, CA 90001"
151032,34in Ultrawide Monitor,1,379.99,02/09/19 22:49,"799 Park St, Dallas, TX 75001"
151033,Wired Headphones,1,11.99,02/18/19 19:47,"193 Walnut St, Seattle, WA 98101"
151034,Lightning Charging Cable,1,14.95,02/15/19 18:20,"780 Hickory St, Portland, OR 97035"
151035,27in FHD Monitor,1,149.99,02/26/19 01:05,"826 Elm St, Boston, MA 02215"
151036,Wired Headphones,1,11.99,02/28/19 06:24,"138 Ridge St, New York City, NY 10001"
151037,Apple Airpods Headphones,1,150,02/12/19 21:13,"53 Lakeview St, New York City, NY 10001"
151038,Bose SoundSport Headphones,1,99.99,02/07/19 11:42,"403 North St, San Francisco, CA 94016"
151039,Wired Headphones,1,11.99,02/09/19 15:59,"921 6th St, Dallas, TX 75001"
151040,AAA Batteries (4-pack),1,2.99,02/05/19 23:17,"233 North St, Boston, MA 02215"
151041,Lightning Charging Cable,1,14.95,02/06/19 12:37,"588 14th St, Atlanta, GA 30301"
151042,Wired Headphones,1,11.99,02/06/19 10:44,"657 Washington St, Los Angeles, CA 90001"
151043,AAA Batteries (4-pack),1,2.99,02/16/19 21:05,"120 Highland St, San Francisco, CA 94016"
151044,Lightning Charging Cable,1,14.95,02/19/19 18:04,"183 Meadow St, Los Angeles, CA 90001"
151045,Macbook Pro Laptop,1,1700,02/26/19 15:55,"393 Maple St, Dallas, TX 75001"
151046,AA Batteries (4-pack),2,3.84,02/19/19 07:35,"567 4th St, New York City, NY 10001"
151047,iPhone,1,700,02/03/19 21:13,"593 Forest St, New York City, NY 10001"
151047,Lightning Charging Cable,1,14.95,02/03/19 21:13,"593 Forest St, New York City, NY 10001"
151048,Lightning Charging Cable,1,14.95,02/11/19 16:31,"467 Sunset St, Los Angeles, CA 90001"
151049,AAA Batteries (4-pack),1,2.99,02/27/19 16:41,"296 5th St, Atlanta, GA 30301"
151050,AA Batteries (4-pack),2,3.84,02/02/19 10:32,"341 Lake St, Austin, TX 73301"
151051,iPhone,1,700,02/06/19 17:01,"374 Park St, Austin, TX 73301"
151052,AAA Batteries (4-pack),1,2.99,02/10/19 03:38,"19 Ridge St, New York City, NY 10001"
151053,iPhone,1,700,02/14/19 21:13,"964 Maple St, Dallas, TX 75001"
151053,Wired Headphones,1,11.99,02/14/19 21:13,"964 Maple St, Dallas, TX 75001"
151054,AA Batteries (4-pack),3,3.84,02/11/19 00:21,"758 Lake St, New York City, NY 10001"
151055,Wired Headphones,1,11.99,02/02/19 18:42,"630 2nd St, Austin, TX 73301"
151056,USB-C Charging Cable,1,11.95,02/18/19 17:12,"993 Spruce St, San Francisco, CA 94016"
151057,AA Batteries (4-pack),1,3.84,02/01/19 19:21,"975 Spruce St, San Francisco, CA 94016"
151058,AA Batteries (4-pack),1,3.84,02/08/19 13:23,"584 12th St, Los Angeles, CA 90001"
151059,Macbook Pro Laptop,1,1700,02/21/19 10:29,"203 6th St, San Francisco, CA 94016"
151060,Lightning Charging Cable,1,14.95,02/15/19 21:49,"15 Adams St, San Francisco, CA 94016"
151061,27in 4K Gaming Monitor,1,389.99,02/01/19 23:05,"57 Adams St, Atlanta, GA 30301"
151062,USB-C Charging Cable,1,11.95,02/07/19 03:34,"155 Madison St, Los Angeles, CA 90001"
151063,Wired Headphones,1,11.99,02/16/19 12:59,"340 Adams St, Portland, OR 97035"
151064,27in 4K Gaming Monitor,1,389.99,02/26/19 07:47,"315 Ridge St, Portland, OR 97035"
151065,AAA Batteries (4-pack),2,2.99,02/12/19 11:59,"471 Highland St, San Francisco, CA 94016"
151066,AA Batteries (4-pack),2,3.84,02/05/19 20:46,"650 2nd St, New York City, NY 10001"
151067,Google Phone,1,600,02/28/19 19:20,"429 Lake St, San Francisco, CA 94016"
151068,Wired Headphones,1,11.99,02/17/19 16:36,"598 Hill St, Atlanta, GA 30301"
151069,Apple Airpods Headphones,1,150,02/06/19 10:11,"265 Lake St, Los Angeles, CA 90001"
151070,Lightning Charging Cable,1,14.95,02/26/19 07:23,"64 Madison St, New York City, NY 10001"
151071,27in FHD Monitor,1,149.99,02/14/19 12:37,"461 13th St, Los Angeles, CA 90001"
151072,27in FHD Monitor,1,149.99,02/09/19 15:16,"475 Maple St, Atlanta, GA 30301"
151073,Lightning Charging Cable,1,14.95,02/01/19 10:53,"119 Washington St, Boston, MA 02215"
151074,USB-C Charging Cable,1,11.95,02/24/19 19:13,"718 River St, Portland, OR 97035"
151075,AA Batteries (4-pack),1,3.84,02/19/19 16:20,"296 5th St, Boston, MA 02215"
151076,Bose SoundSport Headphones,1,99.99,02/18/19 13:10,"76 9th St, Los Angeles, CA 90001"
151077,27in 4K Gaming Monitor,1,389.99,02/24/19 11:10,"792 Washington St, Los Angeles, CA 90001"
151078,USB-C Charging Cable,1,11.95,02/11/19 16:14,"205 North St, San Francisco, CA 94016"
151079,Flatscreen TV,1,300,02/12/19 22:18,"910 11th St, Seattle, WA 98101"
151080,iPhone,1,700,02/17/19 20:17,"369 Adams St, San Francisco, CA 94016"
151081,AAA Batteries (4-pack),1,2.99,02/07/19 12:22,"532 Willow St, Los Angeles, CA 90001"
151082,ThinkPad Laptop,1,999.99,02/19/19 19:17,"617 Highland St, New York City, NY 10001"
151083,34in Ultrawide Monitor,1,379.99,02/15/19 21:03,"401 Spruce St, Boston, MA 02215"
151084,USB-C Charging Cable,1,11.95,02/19/19 17:15,"705 Main St, Portland, OR 97035"
151085,Apple Airpods Headphones,1,150,02/05/19 17:20,"201 Meadow St, Seattle, WA 98101"
151086,AA Batteries (4-pack),1,3.84,02/24/19 15:16,"807 8th St, Austin, TX 73301"
151087,USB-C Charging Cable,1,11.95,02/08/19 14:16,"514 9th St, Atlanta, GA 30301"
151088,AAA Batteries (4-pack),3,2.99,02/03/19 20:02,"846 Elm St, Los Angeles, CA 90001"
151089,USB-C Charging Cable,2,11.95,02/24/19 09:09,"575 Jefferson St, Atlanta, GA 30301"
151090,LG Dryer,1,600.0,02/08/19 09:57,"884 Lincoln St, Boston, MA 02215"
151091,Lightning Charging Cable,1,14.95,02/25/19 15:29,"482 8th St, Austin, TX 73301"
151092,AA Batteries (4-pack),1,3.84,02/07/19 19:51,"419 Ridge St, Seattle, WA 98101"
151093,Flatscreen TV,1,300,02/09/19 22:20,"744 River St, Portland, OR 97035"
151094,Lightning Charging Cable,1,14.95,02/09/19 13:26,"821 West St, Austin, TX 73301"
151095,Wired Headphones,2,11.99,02/02/19 08:41,"607 Washington St, Boston, MA 02215"
151096,Wired Headphones,1,11.99,02/16/19 19:04,"33 6th St, Los Angeles, CA 90001"
151097,Apple Airpods Headphones,1,150,02/09/19 11:02,"636 South St, Portland, OR 97035"
151098,AA Batteries (4-pack),1,3.84,02/11/19 13:13,"718 Washington St, Boston, MA 02215"
151099,AAA Batteries (4-pack),3,2.99,02/13/19 19:05,"819 10th St, New York City, NY 10001"
151100,AAA Batteries (4-pack),2,2.99,02/07/19 19:34,"124 Elm St, Boston, MA 02215"
151101,Macbook Pro Laptop,1,1700,02/25/19 21:46,"580 11th St, Seattle, WA 98101"
151102,USB-C Charging Cable,1,11.95,02/17/19 16:34,"690 4th St, Dallas, TX 75001"
151103,Bose SoundSport Headphones,1,99.99,02/18/19 21:24,"216 Johnson St, San Francisco, CA 94016"
151104,Wired Headphones,1,11.99,02/28/19 13:29,"203 Main St, Atlanta, GA 30301"
151105,Apple Airpods Headphones,1,150,02/10/19 09:51,"218 9th St, San Francisco, CA 94016"
151106,AA Batteries (4-pack),1,3.84,02/15/19 11:02,"204 Elm St, Atlanta, GA 30301"
151107,Lightning Charging Cable,1,14.95,02/12/19 09:29,"382 5th St, San Francisco, CA 94016"
151108,27in 4K Gaming Monitor,1,389.99,02/05/19 16:05,"513 11th St, Los Angeles, CA 90001"
151109,iPhone,1,700,02/14/19 18:56,"933 Dogwood St, Atlanta, GA 30301"
151110,AAA Batteries (4-pack),1,2.99,02/28/19 16:13,"402 South St, San Francisco, CA 94016"
151110,Lightning Charging Cable,1,14.95,02/28/19 16:13,"402 South St, San Francisco, CA 94016"
151111,AA Batteries (4-pack),1,3.84,02/23/19 18:42,"681 12th St, San Francisco, CA 94016"
151112,Wired Headphones,1,11.99,02/24/19 14:15,"133 4th St, Boston, MA 02215"
151113,AAA Batteries (4-pack),2,2.99,02/14/19 23:02,"557 Jackson St, Los Angeles, CA 90001"
151114,USB-C Charging Cable,1,11.95,02/01/19 15:18,"530 Meadow St, Dallas, TX 75001"
151115,Apple Airpods Headphones,1,150,02/13/19 17:55,"91 North St, Boston, MA 02215"
151116,Bose SoundSport Headphones,1,99.99,02/07/19 14:26,"56 Lincoln St, San Francisco, CA 94016"
151117,AA Batteries (4-pack),4,3.84,02/07/19 18:39,"218 West St, Seattle, WA 98101"
151118,Apple Airpods Headphones,1,150,02/08/19 14:19,"710 Elm St, San Francisco, CA 94016"
151119,USB-C Charging Cable,1,11.95,02/03/19 19:44,"842 Park St, Boston, MA 02215"
151120,USB-C Charging Cable,1,11.95,02/09/19 19:37,"52 South St, San Francisco, CA 94016"
151121,LG Dryer,1,600.0,02/28/19 20:14,"550 North St, New York City, NY 10001"
151122,AAA Batteries (4-pack),1,2.99,02/12/19 17:51,"357 Wilson St, Atlanta, GA 30301"
151123,27in FHD Monitor,1,149.99,02/24/19 23:32,"103 Forest St, Los Angeles, CA 90001"
151124,Lightning Charging Cable,1,14.95,02/14/19 16:51,"102 1st St, San Francisco, CA 94016"
151125,AA Batteries (4-pack),1,3.84,02/12/19 12:32,"12 11th St, Atlanta, GA 30301"
151126,Wired Headphones,1,11.99,02/22/19 12:12,"760 River St, Atlanta, GA 30301"
151127,AAA Batteries (4-pack),1,2.99,02/27/19 21:26,"594 Jackson St, Seattle, WA 98101"
151128,Apple Airpods Headphones,1,150,02/09/19 22:39,"985 8th St, Portland, OR 97035"
151129,ThinkPad Laptop,1,999.99,02/26/19 20:12,"476 Lakeview St, Portland, OR 97035"
151130,Wired Headphones,1,11.99,02/23/19 11:35,"950 Chestnut St, Boston, MA 02215"
151131,Bose SoundSport Headphones,1,99.99,02/10/19 20:09,"496 Lakeview St, Atlanta, GA 30301"
151132,27in 4K Gaming Monitor,1,389.99,02/26/19 15:00,"111 North St, New York City, NY 10001"
151133,Lightning Charging Cable,1,14.95,02/26/19 09:49,"214 Ridge St, Atlanta, GA 30301"
151134,Wired Headphones,1,11.99,02/16/19 14:11,"413 Washington St, Dallas, TX 75001"
151135,USB-C Charging Cable,1,11.95,02/18/19 10:22,"866 Maple St, Los Angeles, CA 90001"
151136,AAA Batteries (4-pack),1,2.99,02/07/19 22:11,"198 Church St, Boston, MA 02215"
151137,27in 4K Gaming Monitor,1,389.99,02/16/19 12:51,"135 Wilson St, Boston, MA 02215"
151138,27in FHD Monitor,2,149.99,02/13/19 17:14,"579 Maple St, Dallas, TX 75001"
151139,Apple Airpods Headphones,1,150,02/16/19 23:21,"552 Washington St, Atlanta, GA 30301"
151140,USB-C Charging Cable,1,11.95,02/22/19 14:45,"679 Jefferson St, Los Angeles, CA 90001"
151141,USB-C Charging Cable,1,11.95,02/16/19 15:35,"745 Hill St, Seattle, WA 98101"
151142,iPhone,1,700,02/02/19 10:11,"116 Wilson St, Los Angeles, CA 90001"
151143,27in FHD Monitor,1,149.99,02/06/19 10:54,"120 Walnut St, San Francisco, CA 94016"
151144,USB-C Charging Cable,3,11.95,02/25/19 13:29,"565 South St, New York City, NY 10001"
151145,Google Phone,1,600,02/28/19 10:55,"296 Adams St, New York City, NY 10001"
151145,Wired Headphones,1,11.99,02/28/19 10:55,"296 Adams St, New York City, NY 10001"
151146,Wired Headphones,1,11.99,02/28/19 20:40,"45 River St, New York City, NY 10001"
151147,Vareebadd Phone,1,400,02/01/19 11:04,"141 Maple St, Los Angeles, CA 90001"
151148,Wired Headphones,1,11.99,02/07/19 19:53,"882 5th St, Dallas, TX 75001"
151149,Bose SoundSport Headphones,1,99.99,02/15/19 19:46,"261 Washington St, Boston, MA 02215"
151150,34in Ultrawide Monitor,1,379.99,02/17/19 20:29,"566 4th St, San Francisco, CA 94016"
151151,AAA Batteries (4-pack),1,2.99,02/09/19 13:26,"490 Cedar St, Seattle, WA 98101"
151152,20in Monitor,1,109.99,02/07/19 22:41,"278 Johnson St, Boston, MA 02215"
151153,AAA Batteries (4-pack),1,2.99,02/14/19 16:09,"803 Walnut St, Atlanta, GA 30301"
151154,Apple Airpods Headphones,1,150,02/17/19 18:25,"64 Dogwood St, Dallas, TX 75001"
151155,Bose SoundSport Headphones,1,99.99,02/03/19 16:53,"778 Washington St, New York City, NY 10001"
151156,Lightning Charging Cable,1,14.95,02/04/19 15:14,"600 Jackson St, San Francisco, CA 94016"
151157,Flatscreen TV,1,300,02/16/19 11:44,"769 13th St, Los Angeles, CA 90001"
151158,Wired Headphones,1,11.99,02/26/19 11:33,"454 Center St, Portland, OR 97035"
151159,USB-C Charging Cable,1,11.95,02/08/19 12:26,"599 South St, New York City, NY 10001"
151160,AA Batteries (4-pack),1,3.84,02/12/19 22:40,"187 Park St, Austin, TX 73301"
151161,Lightning Charging Cable,1,14.95,02/09/19 22:27,"950 14th St, San Francisco, CA 94016"
151162,Macbook Pro Laptop,1,1700,02/12/19 20:36,"365 14th St, New York City, NY 10001"
151163,AAA Batteries (4-pack),1,2.99,02/20/19 01:15,"424 Chestnut St, Portland, OR 97035"
151164,34in Ultrawide Monitor,1,379.99,02/21/19 12:14,"310 Cedar St, Boston, MA 02215"
151165,iPhone,1,700,02/08/19 15:32,"103 Park St, Atlanta, GA 30301"
151166,Wired Headphones,1,11.99,02/02/19 17:02,"775 Center St, Dallas, TX 75001"
151167,Lightning Charging Cable,2,14.95,02/06/19 17:14,"647 2nd St, Los Angeles, CA 90001"
151168,AAA Batteries (4-pack),1,2.99,02/24/19 15:36,"111 8th St, Seattle, WA 98101"
151169,AAA Batteries (4-pack),1,2.99,02/18/19 23:46,"106 Cedar St, San Francisco, CA 94016"
151170,34in Ultrawide Monitor,1,379.99,02/01/19 17:29,"625 Park St, Boston, MA 02215"
151171,AA Batteries (4-pack),2,3.84,02/03/19 06:19,"332 North St, Dallas, TX 75001"
151172,iPhone,1,700,02/25/19 12:07,"618 Walnut St, Austin, TX 73301"
151172,Wired Headphones,1,11.99,02/25/19 12:07,"618 Walnut St, Austin, TX 73301"
151173,AA Batteries (4-pack),2,3.84,02/27/19 23:39,"97 Wilson St, Portland, OR 97035"
151174,20in Monitor,1,109.99,02/20/19 13:29,"784 13th St, Seattle, WA 98101"
151175,Vareebadd Phone,1,400,02/15/19 16:53,"530 Cherry St, Austin, TX 73301"
151176,AAA Batteries (4-pack),1,2.99,02/12/19 12:02,"259 Spruce St, San Francisco, CA 94016"
151177,AAA Batteries (4-pack),2,2.99,02/20/19 23:45,"590 Walnut St, San Francisco, CA 94016"
151178,Google Phone,1,600,02/15/19 21:02,"540 Adams St, Dallas, TX 75001"
151179,Lightning Charging Cable,1,14.95,02/02/19 15:47,"152 Chestnut St, Atlanta, GA 30301"
151180,34in Ultrawide Monitor,1,379.99,02/09/19 23:01,"157 7th St, San Francisco, CA 94016"
151181,USB-C Charging Cable,1,11.95,02/17/19 07:53,"903 14th St, Los Angeles, CA 90001"
151182,Lightning Charging Cable,1,14.95,02/27/19 23:29,"800 8th St, Atlanta, GA 30301"
151182,34in Ultrawide Monitor,1,379.99,02/27/19 23:29,"800 8th St, Atlanta, GA 30301"
151183,Macbook Pro Laptop,1,1700,02/02/19 14:15,"729 Elm St, Dallas, TX 75001"
151184,AAA Batteries (4-pack),1,2.99,02/17/19 18:23,"34 7th St, Los Angeles, CA 90001"
151185,AAA Batteries (4-pack),1,2.99,02/04/19 22:22,"994 Meadow St, San Francisco, CA 94016"
151186,Wired Headphones,1,11.99,02/14/19 00:22,"644 Willow St, Los Angeles, CA 90001"
151187,AAA Batteries (4-pack),2,2.99,02/25/19 11:50,"126 Sunset St, Dallas, TX 75001"
151188,Lightning Charging Cable,1,14.95,02/02/19 22:20,"49 Washington St, New York City, NY 10001"
151189,USB-C Charging Cable,1,11.95,02/17/19 11:23,"30 7th St, San Francisco, CA 94016"
151190,Flatscreen TV,1,300,02/16/19 18:43,"640 West St, Boston, MA 02215"
151191,Lightning Charging Cable,1,14.95,02/26/19 19:38,"811 Meadow St, Austin, TX 73301"
151192,iPhone,1,700,02/07/19 11:41,"554 Jackson St, New York City, NY 10001"
151193,Lightning Charging Cable,1,14.95,02/17/19 21:55,"609 West St, New York City, NY 10001"
151194,iPhone,1,700,02/27/19 13:21,"627 Chestnut St, Los Angeles, CA 90001"
151195,USB-C Charging Cable,1,11.95,02/02/19 16:28,"977 Main St, San Francisco, CA 94016"
151196,USB-C Charging Cable,1,11.95,02/17/19 12:20,"756 Hickory St, San Francisco, CA 94016"
151197,Vareebadd Phone,1,400,02/04/19 10:33,"492 Dogwood St, Dallas, TX 75001"
151198,27in 4K Gaming Monitor,1,389.99,02/20/19 10:49,"511 Johnson St, Seattle, WA 98101"
151199,Google Phone,1,600,02/10/19 19:35,"740 Center St, Boston, MA 02215"
151200,Google Phone,1,600,02/18/19 17:50,"696 Maple St, San Francisco, CA 94016"
151201,AAA Batteries (4-pack),2,2.99,02/24/19 01:19,"135 Jackson St, Portland, OR 97035"
151202,Apple Airpods Headphones,1,150,02/03/19 13:37,"908 Sunset St, San Francisco, CA 94016"
151203,27in 4K Gaming Monitor,1,389.99,02/12/19 18:18,"542 Ridge St, Boston, MA 02215"
151204,Bose SoundSport Headphones,1,99.99,02/07/19 21:01,"263 West St, New York City, NY 10001"
151205,AA Batteries (4-pack),1,3.84,02/19/19 16:40,"267 Wilson St, Los Angeles, CA 90001"
151206,Apple Airpods Headphones,1,150,02/23/19 12:19,"536 5th St, San Francisco, CA 94016"
151207,USB-C Charging Cable,1,11.95,02/03/19 16:37,"364 South St, Los Angeles, CA 90001"
151208,Apple Airpods Headphones,1,150,02/13/19 06:06,"347 Washington St, Atlanta, GA 30301"
151209,USB-C Charging Cable,1,11.95,02/17/19 15:37,"983 Church St, Seattle, WA 98101"
151210,Macbook Pro Laptop,1,1700,02/11/19 11:58,"974 River St, Dallas, TX 75001"
151211,Wired Headphones,1,11.99,02/09/19 10:31,"405 1st St, Los Angeles, CA 90001"
151212,AA Batteries (4-pack),1,3.84,02/24/19 07:08,"783 11th St, Dallas, TX 75001"
151213,Lightning Charging Cable,1,14.95,02/22/19 13:21,"653 10th St, New York City, NY 10001"
151214,USB-C Charging Cable,1,11.95,02/03/19 09:33,"940 Chestnut St, San Francisco, CA 94016"
151215,AA Batteries (4-pack),2,3.84,02/24/19 16:40,"712 Forest St, Portland, OR 97035"
151216,iPhone,1,700,02/08/19 10:09,"179 Dogwood St, Dallas, TX 75001"
151216,Lightning Charging Cable,2,14.95,02/08/19 10:09,"179 Dogwood St, Dallas, TX 75001"
151217,34in Ultrawide Monitor,1,379.99,02/13/19 18:43,"960 Walnut St, Los Angeles, CA 90001"
151218,USB-C Charging Cable,1,11.95,02/28/19 22:27,"512 Madison St, Portland, OR 97035"
151219,Lightning Charging Cable,1,14.95,02/14/19 19:38,"348 Washington St, Portland, OR 97035"
151220,AA Batteries (4-pack),2,3.84,02/01/19 17:36,"100 Park St, New York City, NY 10001"
151221,Lightning Charging Cable,1,14.95,02/26/19 17:08,"912 5th St, Los Angeles, CA 90001"
151222,iPhone,1,700,02/07/19 21:48,"339 4th St, Portland, OR 97035"
151222,Apple Airpods Headphones,1,150,02/07/19 21:48,"339 4th St, Portland, OR 97035"
151223,Apple Airpods Headphones,1,150,02/05/19 16:22,"263 Meadow St, Austin, TX 73301"
151224,27in 4K Gaming Monitor,1,389.99,02/26/19 11:01,"703 1st St, Austin, TX 73301"
151225,Lightning Charging Cable,1,14.95,02/01/19 16:10,"915 River St, Dallas, TX 75001"
151226,Macbook Pro Laptop,1,1700,02/18/19 12:37,"698 7th St, Los Angeles, CA 90001"
151227,Lightning Charging Cable,1,14.95,02/13/19 18:11,"538 Meadow St, Austin, TX 73301"
151228,Wired Headphones,1,11.99,02/25/19 15:02,"305 Spruce St, Los Angeles, CA 90001"
151229,ThinkPad Laptop,1,999.99,02/09/19 08:47,"166 Maple St, Boston, MA 02215"
151230,Google Phone,1,600,02/11/19 22:07,"386 Willow St, New York City, NY 10001"
151231,Flatscreen TV,1,300,02/15/19 14:52,"432 Jefferson St, Dallas, TX 75001"
151232,USB-C Charging Cable,1,11.95,02/02/19 18:53,"810 Willow St, New York City, NY 10001"
151233,Apple Airpods Headphones,1,150,02/12/19 08:46,"773 Spruce St, San Francisco, CA 94016"
151234,AA Batteries (4-pack),1,3.84,02/17/19 12:11,"223 Meadow St, Atlanta, GA 30301"
151235,Apple Airpods Headphones,1,150,02/25/19 14:43,"585 2nd St, San Francisco, CA 94016"
151236,Macbook Pro Laptop,1,1700,02/02/19 10:04,"433 Dogwood St, Portland, OR 97035"
151237,Apple Airpods Headphones,1,150,02/06/19 18:49,"681 Adams St, San Francisco, CA 94016"
151238,Wired Headphones,1,11.99,02/09/19 22:44,"443 Maple St, San Francisco, CA 94016"
151239,AAA Batteries (4-pack),1,2.99,02/25/19 17:40,"894 1st St, Atlanta, GA 30301"
151240,Apple Airpods Headphones,1,150,02/20/19 12:17,"821 Lake St, New York City, NY 10001"
151241,iPhone,1,700,02/08/19 12:10,"626 Washington St, San Francisco, CA 94016"
151242,USB-C Charging Cable,1,11.95,02/04/19 09:05,"852 Forest St, New York City, NY 10001"
151243,USB-C Charging Cable,1,11.95,02/25/19 07:20,"610 Cherry St, Los Angeles, CA 90001"
151244,USB-C Charging Cable,1,11.95,02/20/19 12:19,"129 Lake St, Los Angeles, CA 90001"
151245,USB-C Charging Cable,1,11.95,02/03/19 16:57,"3 Main St, New York City, NY 10001"
151246,Wired Headphones,1,11.99,02/05/19 16:00,"436 8th St, New York City, NY 10001"
151247,Bose SoundSport Headphones,1,99.99,02/22/19 18:35,"730 Jefferson St, Dallas, TX 75001"
151248,Wired Headphones,1,11.99,02/18/19 14:30,"108 Jefferson St, Boston, MA 02215"
151249,AA Batteries (4-pack),1,3.84,02/12/19 15:04,"604 Ridge St, Dallas, TX 75001"
151250,Lightning Charging Cable,1,14.95,02/10/19 21:17,"912 Church St, Austin, TX 73301"
151251,Wired Headphones,1,11.99,02/14/19 15:14,"118 Adams St, San Francisco, CA 94016"
151252,USB-C Charging Cable,1,11.95,02/12/19 21:45,"867 Willow St, Los Angeles, CA 90001"
151253,Google Phone,1,600,02/03/19 13:30,"42 Highland St, Los Angeles, CA 90001"
151254,Apple Airpods Headphones,1,150,02/05/19 21:38,"649 Lake St, Dallas, TX 75001"
151255,34in Ultrawide Monitor,1,379.99,02/14/19 23:30,"72 Lake St, New York City, NY 10001"
151256,27in 4K Gaming Monitor,1,389.99,02/04/19 11:53,"93 Walnut St, New York City, NY 10001"
151257,27in FHD Monitor,1,149.99,02/23/19 10:19,"933 Lincoln St, San Francisco, CA 94016"
151258,Vareebadd Phone,1,400,02/06/19 21:15,"736 Jefferson St, New York City, NY 10001"
151258,USB-C Charging Cable,1,11.95,02/06/19 21:15,"736 Jefferson St, New York City, NY 10001"
151259,AAA Batteries (4-pack),1,2.99,02/04/19 18:22,"479 South St, Seattle, WA 98101"
151260,AAA Batteries (4-pack),1,2.99,02/09/19 00:49,"957 Meadow St, Los Angeles, CA 90001"
151261,USB-C Charging Cable,1,11.95,02/26/19 14:15,"946 14th St, Austin, TX 73301"
151262,iPhone,1,700,02/10/19 10:07,"840 Wilson St, Seattle, WA 98101"
151262,Lightning Charging Cable,2,14.95,02/10/19 10:07,"840 Wilson St, Seattle, WA 98101"
151263,AAA Batteries (4-pack),2,2.99,02/02/19 21:02,"39 13th St, Los Angeles, CA 90001"
151264,Bose SoundSport Headphones,1,99.99,02/25/19 11:24,"960 Madison St, Boston, MA 02215"
151265,Bose SoundSport Headphones,1,99.99,02/27/19 04:34,"979 Elm St, Atlanta, GA 30301"
151266,AAA Batteries (4-pack),1,2.99,02/27/19 01:30,"371 Cherry St, Los Angeles, CA 90001"
151267,Lightning Charging Cable,1,14.95,02/28/19 13:52,"861 4th St, Los Angeles, CA 90001"
151268,Flatscreen TV,1,300,02/15/19 08:18,"454 West St, Portland, OR 97035"
151269,Apple Airpods Headphones,1,150,02/21/19 16:18,"999 2nd St, Seattle, WA 98101"
151270,LG Washing Machine,1,600.0,02/20/19 15:29,"634 Walnut St, Dallas, TX 75001"
151270,Google Phone,1,600,02/20/19 15:29,"634 Walnut St, Dallas, TX 75001"
151271,AAA Batteries (4-pack),1,2.99,02/25/19 18:53,"577 13th St, San Francisco, CA 94016"
151272,Wired Headphones,1,11.99,02/01/19 15:32,"34 Dogwood St, San Francisco, CA 94016"
151273,AAA Batteries (4-pack),1,2.99,02/10/19 16:27,"715 5th St, San Francisco, CA 94016"
151274,Bose SoundSport Headphones,1,99.99,02/05/19 00:58,"83 Highland St, New York City, NY 10001"
151275,Apple Airpods Headphones,1,150,02/15/19 11:44,"542 Ridge St, Atlanta, GA 30301"
151276,USB-C Charging Cable,1,11.95,02/05/19 19:56,"446 13th St, Dallas, TX 75001"
151277,iPhone,1,700,02/02/19 19:27,"921 Pine St, San Francisco, CA 94016"
151277,Wired Headphones,1,11.99,02/02/19 19:27,"921 Pine St, San Francisco, CA 94016"
151278,Apple Airpods Headphones,1,150,02/05/19 17:03,"515 1st St, Boston, MA 02215"
151279,AA Batteries (4-pack),2,3.84,02/21/19 10:10,"218 Madison St, Dallas, TX 75001"
151280,27in 4K Gaming Monitor,1,389.99,02/27/19 11:05,"880 Lakeview St, Dallas, TX 75001"
151281,USB-C Charging Cable,1,11.95,02/10/19 22:18,"58 Jefferson St, Los Angeles, CA 90001"
151282,USB-C Charging Cable,1,11.95,02/20/19 20:05,"907 Lakeview St, San Francisco, CA 94016"
151283,Google Phone,1,600,02/02/19 17:57,"718 Elm St, Los Angeles, CA 90001"
151283,USB-C Charging Cable,1,11.95,02/02/19 17:57,"718 Elm St, Los Angeles, CA 90001"
151284,ThinkPad Laptop,1,999.99,02/17/19 22:12,"167 Lake St, San Francisco, CA 94016"
151285,27in 4K Gaming Monitor,1,389.99,02/18/19 11:01,"299 Madison St, New York City, NY 10001"
151286,Flatscreen TV,1,300,02/03/19 15:08,"590 South St, Atlanta, GA 30301"
151287,iPhone,1,700,02/26/19 22:48,"108 10th St, Dallas, TX 75001"
151287,USB-C Charging Cable,1,11.95,02/26/19 22:48,"108 10th St, Dallas, TX 75001"
151288,USB-C Charging Cable,1,11.95,02/23/19 09:50,"319 Spruce St, Boston, MA 02215"
151289,AA Batteries (4-pack),2,3.84,02/24/19 14:45,"671 Sunset St, Los Angeles, CA 90001"
151290,Lightning Charging Cable,1,14.95,02/01/19 09:18,"485 River St, San Francisco, CA 94016"
151291,Lightning Charging Cable,1,14.95,02/25/19 14:37,"178 Sunset St, Los Angeles, CA 90001"
151292,iPhone,1,700,02/05/19 20:29,"592 7th St, San Francisco, CA 94016"
151293,Lightning Charging Cable,1,14.95,02/01/19 15:09,"72 Lincoln St, Los Angeles, CA 90001"
151294,27in FHD Monitor,1,149.99,02/21/19 17:36,"533 Walnut St, San Francisco, CA 94016"
151295,iPhone,1,700,02/22/19 16:39,"212 Dogwood St, San Francisco, CA 94016"
151296,Apple Airpods Headphones,1,150,02/27/19 19:02,"165 Highland St, Dallas, TX 75001"
151297,AAA Batteries (4-pack),1,2.99,02/20/19 19:57,"458 Ridge St, Boston, MA 02215"
151298,Google Phone,1,600,02/18/19 10:43,"638 Maple St, San Francisco, CA 94016"
151299,LG Washing Machine,1,600.0,02/21/19 16:24,"532 Park St, Los Angeles, CA 90001"
151299,Wired Headphones,2,11.99,02/21/19 16:24,"532 Park St, Los Angeles, CA 90001"
151300,Bose SoundSport Headphones,1,99.99,02/27/19 09:05,"862 Hill St, Los Angeles, CA 90001"
151301,27in 4K Gaming Monitor,1,389.99,02/06/19 12:53,"147 Spruce St, Los Angeles, CA 90001"
151302,27in FHD Monitor,1,149.99,02/19/19 14:09,"589 Spruce St, Portland, OR 97035"
151303,iPhone,1,700,02/01/19 08:30,"48 Ridge St, Los Angeles, CA 90001"
151304,Apple Airpods Headphones,1,150,02/20/19 13:49,"869 South St, San Francisco, CA 94016"
151305,USB-C Charging Cable,1,11.95,02/25/19 16:34,"867 Church St, San Francisco, CA 94016"
151306,Bose SoundSport Headphones,1,99.99,02/26/19 17:10,"15 Walnut St, Boston, MA 02215"
151307,20in Monitor,1,109.99,02/01/19 22:27,"957 Johnson St, San Francisco, CA 94016"
151308,iPhone,1,700,02/08/19 13:26,"408 Madison St, Los Angeles, CA 90001"
151308,Wired Headphones,1,11.99,02/08/19 13:26,"408 Madison St, Los Angeles, CA 90001"
151309,USB-C Charging Cable,1,11.95,02/10/19 07:12,"9 Lincoln St, Portland, OR 97035"
151310,Bose SoundSport Headphones,1,99.99,02/03/19 20:55,"414 Adams St, New York City, NY 10001"
151311,AAA Batteries (4-pack),1,2.99,02/06/19 20:06,"348 Pine St, Austin, TX 73301"
151312,AA Batteries (4-pack),1,3.84,02/27/19 19:10,"213 Willow St, Los Angeles, CA 90001"
151313,AAA Batteries (4-pack),1,2.99,02/10/19 20:39,"21 1st St, New York City, NY 10001"
151313,USB-C Charging Cable,1,11.95,02/10/19 20:39,"21 1st St, New York City, NY 10001"
151314,27in 4K Gaming Monitor,1,389.99,02/11/19 10:37,"574 West St, Boston, MA 02215"
151315,Wired Headphones,1,11.99,02/06/19 15:21,"631 Madison St, San Francisco, CA 94016"
151316,USB-C Charging Cable,1,11.95,02/21/19 12:42,"628 14th St, San Francisco, CA 94016"
151317,Lightning Charging Cable,1,14.95,02/01/19 08:25,"240 Highland St, San Francisco, CA 94016"
151318,Apple Airpods Headphones,1,150,02/24/19 21:36,"609 Main St, San Francisco, CA 94016"
151319,Lightning Charging Cable,1,14.95,02/22/19 13:23,"372 10th St, San Francisco, CA 94016"
151320,20in Monitor,1,109.99,02/09/19 15:27,"449 Wilson St, Dallas, TX 75001"
151321,USB-C Charging Cable,1,11.95,02/20/19 11:12,"336 11th St, Boston, MA 02215"
151322,20in Monitor,1,109.99,02/24/19 11:22,"232 Sunset St, New York City, NY 10001"
151323,Bose SoundSport Headphones,1,99.99,02/01/19 17:39,"948 13th St, Portland, OR 97035"
151324,Lightning Charging Cable,1,14.95,02/21/19 00:04,"668 Lincoln St, Seattle, WA 98101"
151325,34in Ultrawide Monitor,1,379.99,02/23/19 09:23,"217 West St, San Francisco, CA 94016"
151326,27in FHD Monitor,1,149.99,02/04/19 18:54,"837 Meadow St, Atlanta, GA 30301"
151327,34in Ultrawide Monitor,1,379.99,02/09/19 16:20,"214 4th St, Austin, TX 73301"
151328,27in 4K Gaming Monitor,1,389.99,02/23/19 23:29,"454 Forest St, Seattle, WA 98101"
151329,USB-C Charging Cable,1,11.95,02/10/19 11:34,"314 Elm St, San Francisco, CA 94016"
151330,USB-C Charging Cable,1,11.95,02/21/19 08:17,"648 Chestnut St, Austin, TX 73301"
151331,AAA Batteries (4-pack),1,2.99,02/10/19 11:13,"668 Pine St, Los Angeles, CA 90001"
151332,27in 4K Gaming Monitor,1,389.99,02/20/19 14:11,"230 Willow St, Austin, TX 73301"
151333,Apple Airpods Headphones,1,150,02/20/19 14:14,"684 Highland St, Los Angeles, CA 90001"
151334,Wired Headphones,1,11.99,02/13/19 19:34,"691 Walnut St, Austin, TX 73301"
151335,Wired Headphones,1,11.99,02/11/19 22:25,"260 Pine St, Los Angeles, CA 90001"
151336,Bose SoundSport Headphones,1,99.99,02/08/19 08:07,"860 Highland St, New York City, NY 10001"
151337,Lightning Charging Cable,1,14.95,02/19/19 12:33,"859 Lake St, Los Angeles, CA 90001"
151338,ThinkPad Laptop,1,999.99,02/22/19 09:50,"318 Sunset St, Seattle, WA 98101"
151339,USB-C Charging Cable,1,11.95,02/01/19 21:17,"87 Washington St, New York City, NY 10001"
151340,Wired Headphones,1,11.99,02/07/19 21:58,"226 Washington St, Los Angeles, CA 90001"
151341,Lightning Charging Cable,1,14.95,02/09/19 15:20,"97 4th St, New York City, NY 10001"
151342,Apple Airpods Headphones,1,150,02/23/19 09:28,"625 Madison St, Los Angeles, CA 90001"
151343,27in 4K Gaming Monitor,1,389.99,02/28/19 10:39,"938 Walnut St, San Francisco, CA 94016"
151344,Macbook Pro Laptop,1,1700,02/27/19 12:29,"512 Adams St, Seattle, WA 98101"
151345,Macbook Pro Laptop,1,1700,02/23/19 16:21,"958 8th St, Austin, TX 73301"
151346,27in FHD Monitor,1,149.99,02/04/19 13:07,"430 Ridge St, Boston, MA 02215"
151347,Lightning Charging Cable,2,14.95,02/28/19 06:44,"367 Spruce St, Boston, MA 02215"
151348,27in FHD Monitor,1,149.99,02/14/19 21:49,"761 Cedar St, Los Angeles, CA 90001"
151349,Wired Headphones,1,11.99,02/04/19 10:09,"829 West St, Austin, TX 73301"
151350,Apple Airpods Headphones,1,150,02/02/19 22:03,"427 7th St, Seattle, WA 98101"
151351,USB-C Charging Cable,1,11.95,02/07/19 12:16,"1 Sunset St, New York City, NY 10001"
151352,Google Phone,1,600,02/13/19 18:23,"430 Cherry St, San Francisco, CA 94016"
151353,Wired Headphones,2,11.99,02/23/19 08:45,"429 12th St, San Francisco, CA 94016"
151354,Bose SoundSport Headphones,1,99.99,02/20/19 15:53,"13 Johnson St, Los Angeles, CA 90001"
151355,AA Batteries (4-pack),1,3.84,02/05/19 11:36,"988 Willow St, San Francisco, CA 94016"
151356,Lightning Charging Cable,1,14.95,02/12/19 00:37,"676 7th St, Los Angeles, CA 90001"
151357,AA Batteries (4-pack),1,3.84,02/04/19 21:52,"122 13th St, San Francisco, CA 94016"
151358,AA Batteries (4-pack),1,3.84,02/19/19 10:14,"334 Lincoln St, San Francisco, CA 94016"
151359,Google Phone,1,600,02/10/19 09:06,"386 Main St, New York City, NY 10001"
151360,27in FHD Monitor,1,149.99,02/02/19 23:17,"120 14th St, San Francisco, CA 94016"
151361,34in Ultrawide Monitor,1,379.99,02/14/19 14:52,"53 6th St, Boston, MA 02215"
151362,Apple Airpods Headphones,1,150,02/25/19 12:58,"692 1st St, San Francisco, CA 94016"
151363,AA Batteries (4-pack),2,3.84,02/08/19 13:48,"86 Sunset St, New York City, NY 10001"
151364,Apple Airpods Headphones,1,150,02/10/19 13:43,"52 1st St, Los Angeles, CA 90001"
151365,Wired Headphones,1,11.99,02/26/19 18:50,"108 Jackson St, San Francisco, CA 94016"
151366,ThinkPad Laptop,1,999.99,02/19/19 14:51,"144 North St, Seattle, WA 98101"
151367,ThinkPad Laptop,1,999.99,02/13/19 22:38,"557 Cherry St, Boston, MA 02215"
151368,iPhone,1,700,02/07/19 20:39,"994 Jackson St, Los Angeles, CA 90001"
151369,Apple Airpods Headphones,1,150,02/17/19 19:51,"878 Meadow St, New York City, NY 10001"
151370,ThinkPad Laptop,1,999.99,02/05/19 13:45,"353 Hickory St, New York City, NY 10001"
151371,USB-C Charging Cable,1,11.95,02/28/19 20:01,"514 14th St, New York City, NY 10001"
151372,USB-C Charging Cable,1,11.95,02/21/19 13:37,"194 South St, San Francisco, CA 94016"
151373,27in 4K Gaming Monitor,1,389.99,02/06/19 20:20,"658 River St, Los Angeles, CA 90001"
151374,AA Batteries (4-pack),1,3.84,02/18/19 09:13,"998 Dogwood St, San Francisco, CA 94016"
151375,ThinkPad Laptop,1,999.99,02/25/19 11:01,"398 Washington St, New York City, NY 10001"
151376,20in Monitor,1,109.99,02/18/19 08:43,"265 Lakeview St, Dallas, TX 75001"
151377,Wired Headphones,1,11.99,02/20/19 19:43,"35 North St, New York City, NY 10001"
151378,AA Batteries (4-pack),1,3.84,02/04/19 08:29,"160 Jefferson St, Los Angeles, CA 90001"
151379,AA Batteries (4-pack),2,3.84,02/10/19 16:29,"669 Adams St, Portland, OR 97035"
151380,Wired Headphones,1,11.99,02/18/19 01:03,"678 12th St, Los Angeles, CA 90001"
151381,20in Monitor,1,109.99,02/20/19 15:26,"122 Johnson St, Los Angeles, CA 90001"
151382,Wired Headphones,1,11.99,02/21/19 09:31,"135 Maple St, San Francisco, CA 94016"
151383,AA Batteries (4-pack),1,3.84,02/26/19 12:10,"262 Jackson St, San Francisco, CA 94016"
151384,Wired Headphones,1,11.99,02/06/19 13:38,"596 Elm St, Austin, TX 73301"
151385,Wired Headphones,2,11.99,02/01/19 21:39,"126 14th St, San Francisco, CA 94016"
151386,34in Ultrawide Monitor,1,379.99,02/18/19 15:25,"78 4th St, Seattle, WA 98101"
151387,USB-C Charging Cable,1,11.95,02/19/19 10:34,"725 North St, Seattle, WA 98101"
151388,Wired Headphones,1,11.99,02/03/19 20:09,"288 Meadow St, San Francisco, CA 94016"
151389,AA Batteries (4-pack),1,3.84,02/06/19 12:19,"483 Cherry St, Portland, OR 97035"
151390,Bose SoundSport Headphones,1,99.99,02/17/19 12:09,"211 11th St, Boston, MA 02215"
151391,34in Ultrawide Monitor,1,379.99,02/23/19 10:30,"448 12th St, Seattle, WA 98101"
151392,USB-C Charging Cable,1,11.95,02/16/19 06:47,"26 West St, New York City, NY 10001"
151393,Lightning Charging Cable,1,14.95,02/08/19 19:06,"192 Walnut St, Los Angeles, CA 90001"
151394,Lightning Charging Cable,1,14.95,02/16/19 10:25,"498 Adams St, Seattle, WA 98101"
151395,AA Batteries (4-pack),1,3.84,02/19/19 15:15,"5 Cherry St, San Francisco, CA 94016"
151396,Wired Headphones,2,11.99,02/26/19 13:11,"992 Lake St, San Francisco, CA 94016"
151397,Macbook Pro Laptop,1,1700,02/21/19 18:22,"802 Chestnut St, Atlanta, GA 30301"
151397,27in FHD Monitor,1,149.99,02/21/19 18:22,"802 Chestnut St, Atlanta, GA 30301"
151398,AAA Batteries (4-pack),1,2.99,02/26/19 23:17,"150 Center St, Boston, MA 02215"
151399,27in 4K Gaming Monitor,1,389.99,02/02/19 07:08,"978 Walnut St, San Francisco, CA 94016"
151400,27in FHD Monitor,1,149.99,02/07/19 21:08,"452 Main St, San Francisco, CA 94016"
151401,Wired Headphones,1,11.99,02/07/19 14:43,"857 West St, San Francisco, CA 94016"
151402,Lightning Charging Cable,1,14.95,02/25/19 08:50,"557 11th St, Los Angeles, CA 90001"
151403,Google Phone,1,600,02/04/19 09:48,"638 9th St, Dallas, TX 75001"
151403,USB-C Charging Cable,1,11.95,02/04/19 09:48,"638 9th St, Dallas, TX 75001"
151404,Bose SoundSport Headphones,1,99.99,02/12/19 21:45,"132 River St, Los Angeles, CA 90001"
151405,AAA Batteries (4-pack),1,2.99,02/22/19 17:15,"723 Ridge St, Portland, OR 97035"
151406,AA Batteries (4-pack),4,3.84,02/24/19 14:32,"537 Lake St, Seattle, WA 98101"
151407,AAA Batteries (4-pack),3,2.99,02/13/19 12:56,"940 Adams St, San Francisco, CA 94016"
151408,USB-C Charging Cable,1,11.95,02/12/19 23:24,"813 9th St, San Francisco, CA 94016"
151409,Bose SoundSport Headphones,1,99.99,02/25/19 08:52,"121 Walnut St, Austin, TX 73301"
151410,Wired Headphones,1,11.99,02/26/19 09:02,"79 Church St, Boston, MA 02215"
151411,Apple Airpods Headphones,1,150,02/11/19 18:29,"918 1st St, San Francisco, CA 94016"
151412,iPhone,1,700,02/16/19 10:20,"225 5th St, New York City, NY 10001"
151413,USB-C Charging Cable,1,11.95,02/04/19 11:44,"517 2nd St, Portland, OR 97035"
151414,Lightning Charging Cable,1,14.95,02/17/19 19:03,"242 13th St, New York City, NY 10001"
151414,34in Ultrawide Monitor,1,379.99,02/17/19 19:03,"242 13th St, New York City, NY 10001"
151415,Bose SoundSport Headphones,1,99.99,02/25/19 15:11,"454 12th St, New York City, NY 10001"
151416,Bose SoundSport Headphones,1,99.99,02/11/19 11:04,"329 Meadow St, Seattle, WA 98101"
151417,Wired Headphones,1,11.99,02/24/19 22:50,"571 Spruce St, San Francisco, CA 94016"
151418,AAA Batteries (4-pack),1,2.99,02/18/19 16:43,"264 Sunset St, Atlanta, GA 30301"
151419,Wired Headphones,1,11.99,02/19/19 15:42,"535 9th St, New York City, NY 10001"
151420,Bose SoundSport Headphones,1,99.99,02/06/19 00:29,"303 Sunset St, New York City, NY 10001"
151421,Apple Airpods Headphones,1,150,02/21/19 20:18,"164 8th St, Boston, MA 02215"
151422,iPhone,1,700,02/21/19 21:19,"865 4th St, San Francisco, CA 94016"
151423,27in FHD Monitor,1,149.99,02/14/19 16:54,"286 Maple St, San Francisco, CA 94016"
151424,20in Monitor,1,109.99,02/13/19 14:10,"850 Meadow St, Dallas, TX 75001"
151425,Google Phone,1,600,02/18/19 10:08,"559 Meadow St, San Francisco, CA 94016"
151426,Flatscreen TV,1,300,02/19/19 19:21,"851 River St, Los Angeles, CA 90001"
151427,Apple Airpods Headphones,1,150,02/03/19 13:42,"86 South St, Portland, OR 97035"
151428,AA Batteries (4-pack),1,3.84,02/17/19 07:18,"851 Park St, Los Angeles, CA 90001"
151429,Wired Headphones,1,11.99,02/27/19 21:15,"902 Washington St, San Francisco, CA 94016"
151430,USB-C Charging Cable,1,11.95,02/14/19 11:04,"14 2nd St, Los Angeles, CA 90001"
151431,Flatscreen TV,1,300,02/01/19 11:57,"693 11th St, San Francisco, CA 94016"
151432,AA Batteries (4-pack),2,3.84,02/15/19 19:38,"183 5th St, Boston, MA 02215"
151433,AAA Batteries (4-pack),1,2.99,02/12/19 02:35,"593 Pine St, San Francisco, CA 94016"
151434,Apple Airpods Headphones,1,150,02/21/19 12:39,"588 8th St, Seattle, WA 98101"
151435,USB-C Charging Cable,1,11.95,02/11/19 19:09,"731 Hickory St, San Francisco, CA 94016"
151436,Lightning Charging Cable,1,14.95,02/20/19 10:11,"991 Madison St, Los Angeles, CA 90001"
151436,Apple Airpods Headphones,1,150,02/20/19 10:11,"991 Madison St, Los Angeles, CA 90001"
151437,iPhone,1,700,02/03/19 14:09,"126 11th St, Boston, MA 02215"
151438,27in FHD Monitor,1,149.99,02/11/19 18:59,"417 Adams St, Dallas, TX 75001"
151439,Wired Headphones,1,11.99,02/17/19 13:20,"838 13th St, Austin, TX 73301"
151440,Lightning Charging Cable,1,14.95,02/23/19 18:22,"361 Madison St, Los Angeles, CA 90001"
151441,AA Batteries (4-pack),3,3.84,02/17/19 20:55,"699 6th St, New York City, NY 10001"
151442,27in FHD Monitor,1,149.99,02/14/19 03:30,"174 Church St, Dallas, TX 75001"
151443,AAA Batteries (4-pack),2,2.99,02/01/19 20:27,"9 Ridge St, Portland, OR 97035"
151444,Wired Headphones,2,11.99,02/25/19 14:04,"519 Cedar St, San Francisco, CA 94016"
151445,AAA Batteries (4-pack),1,2.99,02/24/19 12:46,"723 12th St, Atlanta, GA 30301"
151446,34in Ultrawide Monitor,1,379.99,02/13/19 12:28,"654 South St, Los Angeles, CA 90001"
151447,USB-C Charging Cable,1,11.95,02/07/19 09:52,"75 Lincoln St, Boston, MA 02215"
151448,Lightning Charging Cable,1,14.95,02/22/19 22:16,"161 Lake St, San Francisco, CA 94016"
151449,Bose SoundSport Headphones,1,99.99,02/10/19 10:30,"570 Spruce St, Los Angeles, CA 90001"
151450,34in Ultrawide Monitor,1,379.99,02/19/19 18:28,"390 Hickory St, San Francisco, CA 94016"
151451,Apple Airpods Headphones,1,150,02/02/19 21:21,"327 6th St, Los Angeles, CA 90001"
151452,iPhone,1,700,02/05/19 21:20,"826 River St, Atlanta, GA 30301"
151453,Lightning Charging Cable,1,14.95,02/05/19 20:21,"182 Pine St, Dallas, TX 75001"
151454,Google Phone,1,600,02/15/19 22:02,"799 13th St, Los Angeles, CA 90001"
