school,sex,age,address,famsize,Pstatus,Medu,Fedu,Mjob,Fjob,reason,guardian,traveltime,studytime,failures,schoolsup,famsup,paid,activities,nursery,higher,internet,romantic,famrel,freetime,goout,Dalc,Walc,health,absences,G1,G2,G3
GP,F,18,U,GT3,A,4,4,at_home,teacher,course,mother,2,2,0,yes,no,no,no,yes,yes,no,no,4.0,3.0,4.0,1.0,1.0,3.0,4.0,0.0,11.0,11.0
GP,F,17,U,GT3,T,1,1,at_home,other,course,father,1,2,0,no,yes,no,no,no,yes,yes,no,5.0,3.0,3.0,1.0,1.0,3.0,2.0,9.0,11.0,11.0
GP,F,15,U,LE3,T,1,1,at_home,other,other,mother,1,2,0,yes,no,no,no,yes,yes,yes,no,4.0,3.0,2.0,2.0,3.0,3.0,6.0,12.0,13.0,12.0
GP,F,15,U,GT3,T,4,2,health,services,home,mother,1,3,0,no,yes,no,yes,yes,yes,yes,yes,3.0,2.0,2.0,1.0,1.0,5.0,0.0,14.0,14.0,14.0
GP,F,16,U,GT3,T,3,3,other,other,home,father,1,2,0,no,yes,no,no,yes,yes,no,no,4.0,3.0,2.0,1.0,2.0,5.0,0.0,11.0,13.0,13.0
GP,M,16,U,LE3,T,4,3,services,other,reputation,mother,1,2,0,no,yes,no,yes,yes,yes,yes,no,5.0,4.0,2.0,1.0,2.0,5.0,6.0,12.0,12.0,13.0
GP,M,16,U,LE3,T,2,2,other,other,home,mother,1,2,0,no,no,no,no,yes,yes,yes,no,4.0,4.0,4.0,1.0,1.0,3.0,0.0,13.0,12.0,13.0
GP,F,17,U,GT3,A,4,4,other,teacher,home,mother,2,2,0,yes,yes,no,no,yes,yes,no,no,4.0,1.0,4.0,1.0,1.0,1.0,2.0,10.0,13.0,13.0
GP,M,15,U,LE3,A,3,2,services,other,home,mother,1,2,0,no,yes,no,no,yes,yes,yes,no,4.0,2.0,2.0,1.0,1.0,1.0,0.0,15.0,16.0,17.0
GP,M,15,U,GT3,T,3,4,other,other,home,mother,1,2,0,no,yes,no,yes,yes,yes,yes,no,5.0,5.0,1.0,1.0,1.0,5.0,0.0,12.0,12.0,13.0
GP,F,15,U,GT3,T,4,4,teacher,health,reputation,mother,1,2,0,no,yes,no,no,yes,yes,yes,no,3.0,3.0,3.0,1.0,2.0,2.0,2.0,14.0,14.0,14.0
GP,F,15,U,GT3,T,2,1,services,other,reputation,father,3,3,0,no,yes,no,yes,yes,yes,yes,no,5.0,2.0,2.0,1.0,1.0,4.0,0.0,10.0,12.0,13.0
GP,M,15,U,LE3,T,4,4,health,services,course,father,1,1,0,no,yes,no,yes,yes,yes,yes,no,4.0,3.0,3.0,1.0,3.0,5.0,0.0,12.0,13.0,12.0
GP,M,15,U,GT3,T,4,3,teacher,other,course,mother,2,2,0,no,yes,no,no,yes,yes,yes,no,5.0,4.0,3.0,1.0,2.0,3.0,0.0,12.0,12.0,13.0
GP,M,15,U,GT3,A,2,2,other,other,home,other,1,3,0,no,yes,no,no,yes,yes,yes,yes,4.0,5.0,2.0,1.0,1.0,3.0,0.0,14.0,14.0,15.0
GP,F,16,U,GT3,T,4,4,health,other,home,mother,1,1,0,no,yes,no,no,yes,yes,yes,no,4.0,4.0,4.0,1.0,2.0,2.0,6.0,17.0,17.0,17.0
GP,F,16,U,GT3,T,4,4,services,services,reputation,mother,1,3,0,no,yes,no,yes,yes,yes,yes,no,3.0,2.0,3.0,1.0,2.0,2.0,10.0,13.0,13.0,14.0
GP,F,16,U,GT3,T,3,3,other,other,reputation,mother,3,2,0,yes,yes,no,yes,yes,yes,no,no,5.0,3.0,2.0,1.0,1.0,4.0,2.0,13.0,14.0,14.0
GP,M,17,U,GT3,T,3,2,services,services,course,mother,1,1,3,no,yes,yes,yes,yes,yes,yes,no,5.0,5.0,5.0,2.0,4.0,5.0,2.0,8.0,8.0,7.0
GP,M,16,U,LE3,T,4,3,health,other,home,father,1,1,0,no,no,no,yes,yes,yes,yes,no,3.0,1.0,3.0,1.0,3.0,5.0,6.0,12.0,12.0,12.0
GP,M,15,U,GT3,T,4,3,teacher,other,reputation,mother,1,2,0,no,no,no,no,yes,yes,yes,no,4.0,4.0,1.0,1.0,1.0,1.0,0.0,12.0,13.0,14.0
GP,M,15,U,GT3,T,4,4,health,health,other,father,1,1,0,no,yes,yes,no,yes,yes,yes,no,5.0,4.0,2.0,1.0,1.0,5.0,0.0,11.0,12.0,12.0
GP,M,16,U,LE3,T,4,2,teacher,other,course,mother,1,2,0,no,no,no,yes,yes,yes,yes,no,4.0,5.0,1.0,1.0,3.0,5.0,0.0,12.0,13.0,14.0
GP,M,16,U,LE3,T,2,2,other,other,reputation,mother,2,2,0,no,yes,no,yes,yes,yes,yes,no,5.0,4.0,4.0,2.0,4.0,5.0,2.0,10.0,10.0,10.0
GP,F,15,R,GT3,T,2,4,services,health,course,mother,1,3,0,yes,yes,no,yes,yes,yes,yes,no,4.0,3.0,2.0,1.0,1.0,5.0,2.0,10.0,11.0,10.0
GP,F,16,U,GT3,T,2,2,services,services,home,mother,1,1,0,no,yes,no,no,no,yes,yes,no,1.0,2.0,2.0,1.0,3.0,5.0,6.0,10.0,11.0,12.0
GP,M,15,U,GT3,T,2,2,other,other,home,mother,1,1,0,no,yes,no,no,yes,yes,yes,no,4.0,2.0,2.0,1.0,2.0,5.0,8.0,11.0,12.0,12.0
GP,M,15,U,GT3,T,4,2,health,services,other,mother,1,1,0,no,no,no,no,yes,yes,yes,no,2.0,2.0,4.0,2.0,4.0,1.0,0.0,11.0,11.0,11.0
GP,M,16,U,LE3,A,3,4,services,other,home,mother,1,2,0,yes,yes,yes,yes,yes,yes,yes,no,5.0,3.0,3.0,1.0,1.0,5.0,2.0,12.0,12.0,13.0
GP,M,16,U,GT3,T,4,4,teacher,teacher,home,mother,1,2,0,no,yes,yes,yes,yes,yes,yes,yes,4.0,4.0,5.0,5.0,5.0,5.0,4.0,12.0,11.0,12.0
GP,M,15,U,GT3,T,4,4,health,services,home,mother,1,2,0,no,yes,yes,no,no,yes,yes,no,5.0,4.0,2.0,3.0,4.0,5.0,0.0,10.0,11.0,11.0
GP,M,15,U,GT3,T,4,4,services,services,reputation,mother,2,2,0,no,yes,no,yes,yes,yes,yes,no,4.0,3.0,1.0,1.0,1.0,5.0,2.0,15.0,15.0,15.0
GP,M,15,R,GT3,T,4,3,teacher,at_home,course,mother,1,2,0,no,yes,no,yes,yes,yes,yes,yes,4.0,5.0,2.0,1.0,1.0,5.0,0.0,13.0,14.0,15.0
GP,M,15,U,LE3,T,3,3,other,other,course,mother,1,2,0,no,no,no,yes,no,yes,yes,no,5.0,3.0,2.0,1.0,1.0,2.0,0.0,13.0,12.0,12.0
GP,M,16,U,GT3,T,3,2,other,other,home,mother,1,1,0,no,yes,no,no,no,yes,yes,no,5.0,4.0,3.0,1.0,1.0,5.0,4.0,12.0,12.0,12.0
GP,F,15,U,GT3,T,2,3,other,other,other,father,2,1,0,no,yes,no,yes,yes,yes,no,no,3.0,5.0,1.0,1.0,1.0,5.0,4.0,11.0,11.0,11.0
GP,M,15,U,LE3,T,4,3,teacher,services,home,mother,1,3,0,no,yes,no,yes,yes,yes,yes,no,5.0,4.0,3.0,1.0,1.0,4.0,0.0,14.0,14.0,14.0
GP,M,16,R,GT3,A,4,4,other,teacher,reputation,mother,2,3,0,no,yes,no,yes,yes,yes,yes,yes,2.0,4.0,3.0,1.0,1.0,5.0,4.0,13.0,13.0,13.0
GP,F,15,R,GT3,T,3,4,services,health,course,mother,1,3,0,yes,yes,no,yes,yes,yes,yes,no,4.0,3.0,2.0,1.0,1.0,5.0,2.0,11.0,12.0,12.0
GP,F,15,R,GT3,T,2,2,at_home,other,reputation,mother,1,1,0,yes,yes,no,yes,yes,yes,no,no,4.0,3.0,1.0,1.0,1.0,2.0,8.0,14.0,13.0,12.0
GP,F,16,U,LE3,T,2,2,other,other,home,mother,2,2,0,no,yes,no,yes,no,yes,yes,yes,3.0,3.0,3.0,1.0,2.0,3.0,16.0,11.0,11.0,10.0
GP,M,15,U,LE3,T,4,4,teacher,other,home,other,1,1,0,no,yes,no,no,no,yes,yes,yes,5.0,4.0,3.0,2.0,4.0,5.0,8.0,10.0,11.0,11.0
GP,M,15,U,GT3,T,4,4,services,teacher,course,father,1,2,0,no,yes,no,yes,yes,yes,yes,no,4.0,3.0,3.0,1.0,1.0,5.0,0.0,14.0,15.0,15.0
GP,M,15,U,GT3,T,2,2,services,services,course,father,1,1,0,yes,yes,no,no,yes,yes,yes,no,5.0,4.0,1.0,1.0,1.0,1.0,0.0,9.0,10.0,10.0
GP,F,16,U,LE3,T,2,2,other,at_home,course,father,2,2,1,yes,no,no,yes,yes,yes,yes,no,4.0,3.0,3.0,2.0,2.0,5.0,14.0,10.0,11.0,11.0
GP,F,15,U,LE3,A,4,3,other,other,course,mother,1,2,0,yes,yes,yes,yes,yes,yes,yes,yes,5.0,2.0,2.0,1.0,1.0,5.0,4.0,10.0,11.0,11.0
GP,F,16,U,LE3,A,3,3,other,services,home,mother,1,2,0,no,yes,no,no,yes,yes,yes,no,2.0,3.0,5.0,1.0,4.0,3.0,6.0,13.0,12.0,13.0
GP,M,16,U,GT3,T,4,3,health,services,reputation,mother,1,4,0,no,no,no,yes,yes,yes,yes,no,4.0,2.0,2.0,1.0,1.0,2.0,2.0,17.0,17.0,17.0
GP,M,15,U,GT3,T,4,2,teacher,other,home,mother,1,2,0,no,yes,no,no,yes,yes,no,no,4.0,3.0,3.0,2.0,2.0,5.0,4.0,11.0,12.0,13.0
GP,F,15,U,GT3,T,4,4,services,teacher,other,father,1,2,0,yes,yes,no,yes,no,yes,yes,no,4.0,4.0,4.0,1.0,1.0,3.0,2.0,13.0,12.0,12.0
GP,F,16,U,LE3,T,2,2,services,services,course,mother,3,2,0,no,yes,no,no,yes,yes,yes,no,4.0,3.0,3.0,2.0,3.0,4.0,0.0,14.0,13.0,13.0
GP,F,15,U,LE3,T,4,2,health,other,other,mother,1,2,0,no,yes,no,no,yes,yes,yes,no,4.0,3.0,3.0,1.0,1.0,5.0,0.0,16.0,14.0,16.0
GP,M,15,U,LE3,A,4,2,health,health,other,father,2,1,0,no,no,no,no,yes,yes,no,no,5.0,5.0,5.0,3.0,4.0,5.0,4.0,10.0,9.0,9.0
GP,F,15,U,GT3,T,4,4,services,services,course,mother,1,1,0,yes,yes,no,no,yes,yes,yes,no,3.0,3.0,4.0,2.0,3.0,5.0,0.0,13.0,12.0,12.0
GP,F,15,U,LE3,A,3,3,other,other,other,mother,1,1,0,no,no,no,no,yes,yes,yes,no,5.0,3.0,4.0,4.0,4.0,1.0,0.0,13.0,12.0,13.0
GP,F,16,U,GT3,A,2,1,other,other,other,mother,1,2,0,no,no,no,yes,yes,yes,yes,yes,5.0,3.0,4.0,1.0,1.0,2.0,2.0,12.0,13.0,12.0
GP,F,15,U,GT3,A,4,3,services,services,reputation,mother,1,2,0,no,yes,no,yes,yes,yes,yes,no,4.0,3.0,2.0,1.0,1.0,1.0,0.0,15.0,14.0,15.0
GP,M,15,U,GT3,T,4,4,teacher,health,reputation,mother,1,2,0,no,yes,no,yes,yes,yes,no,no,3.0,2.0,2.0,1.0,1.0,5.0,8.0,15.0,15.0,16.0
GP,M,15,U,LE3,T,1,2,other,at_home,home,father,1,2,0,yes,yes,no,yes,yes,yes,yes,no,4.0,3.0,2.0,1.0,1.0,5.0,0.0,14.0,13.0,14.0
GP,F,16,U,GT3,T,4,2,services,other,course,mother,1,2,0,no,yes,yes,no,yes,yes,yes,no,4.0,2.0,3.0,1.0,1.0,5.0,2.0,16.0,15.0,16.0
GP,F,16,R,GT3,T,4,4,health,teacher,other,mother,1,2,0,no,yes,no,yes,yes,yes,no,no,2.0,4.0,4.0,2.0,3.0,4.0,0.0,17.0,16.0,16.0
GP,F,16,U,GT3,T,1,1,services,services,course,father,4,1,0,yes,yes,no,yes,no,yes,yes,yes,5.0,5.0,5.0,5.0,5.0,5.0,0.0,10.0,10.0,16.0
GP,F,16,U,LE3,T,1,2,other,services,reputation,father,1,2,0,yes,no,no,yes,yes,yes,yes,no,4.0,4.0,3.0,1.0,1.0,1.0,0.0,13.0,13.0,10.0
GP,F,16,U,GT3,T,4,3,teacher,health,home,mother,1,3,0,yes,yes,no,yes,yes,yes,yes,no,3.0,4.0,4.0,2.0,4.0,4.0,0.0,14.0,13.0,13.0
GP,F,15,U,LE3,T,4,3,services,services,reputation,father,1,2,0,yes,no,no,yes,yes,yes,yes,yes,4.0,4.0,4.0,2.0,4.0,2.0,0.0,13.0,12.0,12.0
GP,F,16,U,LE3,T,4,3,teacher,services,course,mother,3,2,0,no,yes,no,yes,yes,yes,yes,no,5.0,4.0,3.0,1.0,2.0,1.0,2.0,16.0,15.0,16.0
GP,M,15,U,GT3,A,4,4,other,services,reputation,mother,1,4,0,no,yes,no,yes,no,yes,yes,yes,1.0,3.0,3.0,5.0,5.0,3.0,0.0,11.0,12.0,12.0
GP,F,16,U,GT3,T,3,1,services,other,course,mother,1,4,0,yes,yes,no,no,yes,yes,yes,no,4.0,3.0,3.0,1.0,2.0,5.0,0.0,10.0,9.0,10.0
GP,F,15,R,LE3,T,2,2,health,services,reputation,mother,2,2,0,yes,yes,no,no,yes,yes,yes,no,4.0,1.0,3.0,1.0,3.0,4.0,0.0,11.0,10.0,11.0
GP,F,15,R,LE3,T,3,1,other,other,reputation,father,2,4,0,no,yes,no,no,no,yes,yes,no,4.0,4.0,2.0,2.0,3.0,3.0,6.0,15.0,15.0,15.0
GP,M,16,U,GT3,T,3,1,other,other,reputation,father,2,4,0,no,yes,no,no,yes,yes,yes,no,4.0,3.0,2.0,1.0,1.0,5.0,2.0,13.0,11.0,11.0
GP,M,15,U,GT3,T,4,2,other,other,course,mother,1,4,0,no,no,no,no,yes,yes,yes,no,3.0,3.0,3.0,1.0,1.0,3.0,0.0,11.0,9.0,10.0
GP,F,15,R,GT3,T,1,1,other,other,reputation,mother,1,2,0,yes,yes,no,no,no,yes,yes,yes,3.0,3.0,4.0,2.0,4.0,5.0,2.0,13.0,11.0,11.0
GP,M,16,U,GT3,T,3,1,other,other,reputation,mother,1,1,0,no,no,no,yes,yes,yes,no,no,5.0,3.0,2.0,2.0,2.0,5.0,0.0,13.0,13.0,14.0
GP,F,16,U,GT3,T,3,3,other,services,home,mother,1,2,0,yes,yes,no,yes,yes,yes,yes,no,4.0,3.0,3.0,2.0,4.0,5.0,4.0,11.0,11.0,11.0
GP,M,15,U,GT3,T,4,3,teacher,other,home,mother,1,2,0,no,yes,no,yes,yes,yes,yes,no,4.0,3.0,3.0,2.0,3.0,5.0,0.0,11.0,11.0,11.0
GP,M,15,U,GT3,T,4,0,teacher,other,course,mother,2,4,0,no,no,no,yes,yes,yes,yes,no,3.0,4.0,3.0,1.0,1.0,1.0,0.0,12.0,11.0,11.0
GP,F,16,U,GT3,T,2,2,other,other,reputation,mother,1,4,0,no,no,no,no,yes,yes,yes,yes,5.0,2.0,3.0,1.0,3.0,3.0,1.0,13.0,13.0,13.0
GP,M,17,U,GT3,T,2,1,other,other,home,mother,2,1,3,yes,yes,no,yes,yes,no,yes,no,4.0,5.0,1.0,1.0,1.0,3.0,0.0,9.0,9.0,10.0
GP,F,16,U,GT3,T,3,4,at_home,other,course,mother,1,2,0,no,yes,no,no,yes,yes,yes,no,2.0,4.0,3.0,1.0,2.0,3.0,14.0,12.0,11.0,11.0
GP,M,15,U,GT3,T,2,3,other,services,course,father,1,1,0,yes,yes,no,yes,no,yes,yes,yes,3.0,2.0,2.0,1.0,3.0,3.0,0.0,11.0,11.0,12.0
GP,M,15,U,GT3,T,2,3,other,other,home,mother,1,3,0,yes,no,no,no,no,yes,yes,no,5.0,3.0,2.0,1.0,2.0,5.0,2.0,10.0,9.0,9.0
GP,F,15,U,LE3,T,3,2,services,other,reputation,mother,1,2,0,no,yes,no,no,yes,yes,yes,no,4.0,4.0,4.0,1.0,1.0,5.0,4.0,12.0,11.0,11.0
GP,M,15,U,LE3,T,2,2,services,services,home,mother,2,2,0,no,no,yes,yes,yes,yes,yes,no,5.0,3.0,3.0,1.0,3.0,4.0,2.0,13.0,12.0,13.0
GP,F,15,U,GT3,T,1,1,other,other,home,father,1,2,0,no,yes,no,yes,no,yes,yes,no,4.0,3.0,2.0,2.0,3.0,4.0,2.0,13.0,12.0,12.0
GP,F,15,U,GT3,T,4,4,services,services,reputation,father,2,2,0,no,no,no,no,yes,yes,yes,yes,4.0,4.0,4.0,2.0,3.0,5.0,4.0,12.0,11.0,12.0
GP,F,16,U,LE3,T,2,2,at_home,other,course,mother,1,2,0,no,yes,no,no,yes,yes,no,no,4.0,3.0,4.0,1.0,2.0,2.0,6.0,13.0,11.0,11.0
GP,F,15,U,GT3,T,4,2,other,other,reputation,mother,1,3,0,no,yes,no,yes,yes,yes,yes,no,5.0,3.0,3.0,1.0,3.0,1.0,4.0,15.0,15.0,15.0
GP,M,16,U,GT3,T,2,2,services,other,reputation,father,2,2,0,no,no,no,yes,no,yes,yes,no,4.0,4.0,2.0,1.0,1.0,3.0,6.0,12.0,10.0,11.0
GP,M,16,U,LE3,A,4,4,teacher,health,reputation,mother,1,2,0,no,yes,no,no,yes,yes,no,no,4.0,1.0,3.0,3.0,5.0,5.0,6.0,9.0,9.0,10.0
GP,F,16,U,GT3,T,3,3,other,other,home,mother,1,3,0,no,yes,no,no,yes,yes,yes,yes,4.0,3.0,3.0,1.0,3.0,4.0,2.0,9.0,11.0,11.0
GP,F,15,U,GT3,T,4,3,services,other,reputation,mother,1,1,0,no,no,no,yes,yes,yes,yes,no,4.0,5.0,5.0,1.0,3.0,1.0,6.0,14.0,13.0,13.0
GP,F,16,U,LE3,T,3,1,other,other,home,father,1,2,0,yes,yes,no,no,yes,yes,no,no,3.0,3.0,3.0,2.0,3.0,2.0,0.0,12.0,13.0,12.0
GP,F,16,U,GT3,T,4,2,teacher,services,home,mother,2,2,0,no,yes,no,yes,yes,yes,yes,no,5.0,3.0,3.0,1.0,1.0,1.0,2.0,13.0,14.0,14.0
GP,M,15,U,LE3,T,2,2,services,health,reputation,mother,1,4,0,no,yes,no,yes,yes,yes,yes,no,4.0,3.0,4.0,1.0,1.0,4.0,2.0,11.0,12.0,12.0
GP,F,15,R,GT3,T,1,1,at_home,other,home,mother,2,4,0,yes,yes,yes,yes,yes,yes,yes,no,3.0,1.0,2.0,1.0,1.0,1.0,4.0,13.0,13.0,13.0
GP,M,16,R,GT3,T,4,3,services,other,reputation,mother,2,1,0,yes,yes,yes,yes,no,yes,yes,no,3.0,3.0,3.0,1.0,1.0,4.0,6.0,9.0,11.0,11.0
GP,F,16,U,GT3,T,2,1,other,other,course,mother,1,2,0,no,yes,no,no,yes,yes,no,yes,4.0,3.0,5.0,1.0,1.0,5.0,0.0,13.0,12.0,12.0
GP,F,16,U,GT3,T,4,4,other,other,reputation,mother,1,1,0,no,no,no,yes,no,yes,yes,no,5.0,3.0,4.0,1.0,2.0,1.0,4.0,12.0,13.0,13.0
GP,F,16,U,GT3,T,4,3,other,at_home,course,mother,1,3,0,yes,yes,no,no,yes,yes,yes,no,5.0,3.0,5.0,1.0,1.0,3.0,2.0,12.0,13.0,13.0
GP,M,16,U,GT3,T,4,4,services,services,other,mother,1,1,0,yes,yes,no,yes,yes,yes,yes,no,4.0,5.0,5.0,5.0,5.0,4.0,12.0,9.0,9.0,8.0
GP,M,16,U,GT3,T,4,4,services,teacher,other,father,1,3,0,no,yes,no,yes,yes,yes,yes,yes,4.0,4.0,3.0,1.0,1.0,4.0,0.0,16.0,16.0,16.0
GP,M,15,U,GT3,T,4,4,services,other,course,mother,1,1,0,no,yes,yes,yes,no,yes,yes,no,5.0,3.0,3.0,1.0,1.0,5.0,2.0,12.0,13.0,12.0
GP,F,15,U,GT3,T,3,2,services,other,home,mother,2,2,0,yes,yes,no,no,yes,yes,yes,no,4.0,3.0,5.0,1.0,1.0,2.0,16.0,11.0,10.0,10.0
GP,M,15,U,GT3,A,3,4,services,other,course,mother,1,2,0,no,yes,no,yes,yes,yes,yes,no,5.0,4.0,4.0,1.0,1.0,1.0,0.0,16.0,16.0,16.0
GP,F,15,U,GT3,A,3,3,other,health,reputation,father,1,4,0,yes,no,no,no,yes,yes,no,no,4.0,3.0,3.0,1.0,1.0,4.0,10.0,10.0,10.0,10.0
GP,F,15,U,GT3,T,2,2,other,other,course,mother,1,4,0,yes,yes,no,no,yes,yes,yes,no,5.0,1.0,2.0,1.0,1.0,3.0,4.0,10.0,10.0,10.0
GP,M,16,U,GT3,T,3,3,services,other,home,father,1,3,0,no,yes,no,yes,yes,yes,yes,no,5.0,3.0,3.0,1.0,1.0,5.0,4.0,13.0,14.0,14.0
GP,M,15,R,GT3,T,4,4,other,other,home,father,4,4,0,no,yes,no,yes,yes,yes,yes,yes,1.0,3.0,5.0,3.0,5.0,1.0,8.0,12.0,10.0,11.0
GP,F,16,U,LE3,T,4,4,health,health,other,mother,1,3,0,no,yes,no,yes,yes,yes,yes,yes,5.0,4.0,5.0,1.0,1.0,4.0,2.0,15.0,15.0,14.0
GP,M,15,U,LE3,A,4,4,teacher,teacher,course,mother,1,1,0,no,no,no,yes,yes,yes,yes,no,5.0,5.0,3.0,1.0,1.0,4.0,4.0,13.0,14.0,14.0
GP,F,16,R,GT3,T,3,3,services,other,reputation,father,1,3,0,yes,yes,no,yes,yes,yes,yes,no,4.0,1.0,2.0,1.0,1.0,2.0,4.0,11.0,11.0,11.0
GP,F,16,U,GT3,T,2,2,at_home,other,home,mother,1,2,1,yes,no,no,yes,yes,yes,yes,no,3.0,1.0,2.0,1.0,1.0,5.0,12.0,8.0,10.0,10.0
GP,M,15,U,LE3,T,4,2,teacher,other,course,mother,1,1,0,no,no,no,no,yes,yes,yes,no,3.0,5.0,2.0,1.0,1.0,3.0,10.0,18.0,17.0,18.0
GP,M,15,R,GT3,T,2,1,health,services,reputation,mother,1,2,0,no,no,no,yes,yes,yes,yes,yes,5.0,4.0,2.0,1.0,1.0,5.0,4.0,10.0,9.0,10.0
GP,M,16,U,GT3,T,4,4,teacher,teacher,course,father,1,2,0,no,yes,no,yes,yes,yes,yes,no,5.0,4.0,4.0,1.0,2.0,5.0,6.0,16.0,14.0,14.0
GP,M,15,U,GT3,T,4,4,other,teacher,reputation,father,2,2,0,no,yes,no,yes,yes,yes,no,no,4.0,4.0,3.0,1.0,1.0,2.0,4.0,16.0,15.0,16.0
GP,M,16,U,GT3,T,3,3,other,services,home,father,2,1,0,no,no,no,yes,yes,yes,yes,no,5.0,4.0,2.0,1.0,1.0,5.0,6.0,14.0,14.0,15.0
GP,M,17,R,GT3,T,1,3,other,other,course,father,3,2,1,no,yes,no,yes,yes,yes,yes,no,5.0,2.0,4.0,1.0,4.0,5.0,14.0,12.0,11.0,11.0
GP,M,15,U,GT3,T,3,4,other,other,reputation,father,1,1,0,no,no,no,no,yes,yes,yes,no,3.0,4.0,3.0,1.0,2.0,4.0,2.0,14.0,13.0,14.0
GP,F,15,U,GT3,T,1,2,at_home,services,course,mother,1,2,0,no,no,no,no,no,yes,yes,no,3.0,2.0,3.0,1.0,2.0,1.0,0.0,14.0,14.0,14.0
GP,M,15,U,GT3,T,2,2,services,services,home,father,1,4,0,no,yes,no,yes,yes,yes,yes,no,5.0,5.0,4.0,1.0,2.0,5.0,6.0,14.0,13.0,13.0
GP,F,16,U,LE3,T,2,4,other,health,course,father,2,2,0,no,yes,no,yes,yes,yes,yes,yes,4.0,2.0,2.0,1.0,2.0,5.0,2.0,14.0,12.0,13.0
GP,M,16,U,GT3,T,4,4,health,other,course,mother,1,1,0,no,yes,no,yes,yes,yes,yes,no,3.0,4.0,4.0,1.0,4.0,5.0,4.0,12.0,13.0,13.0
GP,F,16,U,GT3,T,2,2,other,other,home,mother,1,2,0,no,no,no,no,yes,yes,yes,yes,5.0,4.0,4.0,1.0,1.0,5.0,0.0,12.0,11.0,11.0
GP,M,15,U,GT3,T,3,4,services,services,home,father,1,1,0,yes,no,no,no,yes,yes,yes,no,5.0,5.0,5.0,3.0,2.0,5.0,2.0,9.0,9.0,9.0
GP,F,15,U,LE3,A,3,4,other,other,home,mother,1,2,0,yes,no,no,yes,yes,yes,yes,yes,5.0,3.0,2.0,1.0,1.0,1.0,0.0,10.0,11.0,11.0
GP,F,19,U,GT3,T,0,1,at_home,other,course,other,1,2,2,no,yes,no,no,no,no,no,no,3.0,4.0,2.0,1.0,1.0,5.0,0.0,9.0,10.0,11.0
GP,M,16,R,GT3,T,4,4,teacher,teacher,course,mother,1,1,0,no,no,no,yes,yes,yes,yes,no,3.0,5.0,5.0,2.0,5.0,4.0,8.0,14.0,14.0,15.0
GP,M,16,U,GT3,T,2,3,other,other,course,mother,2,3,0,no,yes,no,no,no,yes,yes,yes,3.0,2.0,3.0,2.0,2.0,1.0,4.0,13.0,12.0,13.0
GP,F,15,R,GT3,T,3,4,services,teacher,course,father,2,3,0,no,yes,no,no,yes,yes,yes,yes,4.0,2.0,2.0,2.0,2.0,5.0,0.0,10.0,11.0,12.0
GP,F,18,U,GT3,T,2,1,services,other,reputation,mother,1,2,3,no,yes,no,yes,yes,no,yes,yes,5.0,4.0,5.0,1.0,3.0,5.0,10.0,10.0,9.0,8.0
GP,F,17,U,LE3,A,2,1,other,other,course,mother,3,1,0,no,yes,no,no,yes,yes,yes,no,3.0,2.0,2.0,1.0,2.0,5.0,8.0,11.0,10.0,11.0
GP,F,15,U,GT3,T,1,1,at_home,other,course,mother,3,1,0,no,yes,no,yes,no,yes,yes,yes,4.0,3.0,3.0,1.0,2.0,4.0,6.0,11.0,12.0,13.0
GP,F,17,U,LE3,T,2,2,other,other,course,father,1,1,0,no,yes,no,no,yes,yes,yes,yes,3.0,4.0,4.0,1.0,3.0,5.0,2.0,13.0,12.0,12.0
GP,F,16,U,GT3,A,3,4,services,other,course,father,1,1,0,no,no,no,no,yes,yes,yes,no,3.0,2.0,1.0,1.0,4.0,5.0,12.0,15.0,13.0,14.0
GP,M,16,U,GT3,T,2,1,at_home,other,course,mother,4,1,0,no,no,no,no,yes,yes,no,no,3.0,2.0,1.0,1.0,1.0,2.0,4.0,9.0,9.0,11.0
GP,F,16,U,GT3,A,2,2,other,other,home,mother,1,1,1,no,no,no,no,yes,yes,no,no,5.0,3.0,4.0,1.0,1.0,5.0,12.0,13.0,11.0,11.0
GP,M,15,R,GT3,T,3,4,at_home,teacher,course,mother,4,2,0,no,yes,no,no,yes,yes,no,yes,5.0,3.0,3.0,1.0,1.0,5.0,2.0,12.0,11.0,11.0
GP,F,15,U,GT3,T,4,4,services,at_home,course,mother,1,3,0,no,yes,no,yes,yes,yes,yes,yes,4.0,3.0,3.0,1.0,1.0,5.0,4.0,13.0,14.0,15.0
GP,M,17,R,GT3,T,3,4,at_home,other,course,mother,3,2,0,no,no,no,no,yes,yes,no,no,5.0,4.0,5.0,2.0,4.0,5.0,2.0,10.0,9.0,10.0
GP,F,16,R,GT3,T,1,1,at_home,other,course,mother,4,2,0,no,yes,no,no,yes,yes,no,no,5.0,1.0,3.0,1.0,1.0,3.0,0.0,14.0,13.0,13.0
GP,M,18,U,LE3,T,3,1,services,services,course,mother,2,1,0,no,no,no,yes,yes,yes,yes,yes,3.0,3.0,4.0,4.0,5.0,4.0,2.0,11.0,11.0,12.0
GP,F,18,U,GT3,A,3,2,other,services,course,other,1,3,0,no,yes,no,yes,no,yes,yes,yes,4.0,3.0,3.0,5.0,1.0,5.0,10.0,12.0,11.0,11.0
GP,F,16,R,GT3,T,1,1,other,services,reputation,mother,2,1,0,no,yes,no,yes,yes,yes,no,yes,3.0,3.0,3.0,1.0,2.0,1.0,8.0,12.0,11.0,11.0
GP,F,16,U,GT3,A,3,3,other,other,course,other,2,1,0,no,yes,no,yes,no,yes,yes,yes,4.0,3.0,2.0,1.0,1.0,5.0,4.0,9.0,9.0,10.0
GP,M,16,U,LE3,T,1,1,services,other,course,mother,1,2,2,no,no,no,no,yes,yes,no,yes,4.0,4.0,4.0,1.0,3.0,5.0,0.0,10.0,10.0,10.0
GP,F,15,U,GT3,T,4,4,teacher,teacher,course,mother,2,1,0,no,no,no,yes,yes,yes,yes,no,4.0,3.0,2.0,1.0,1.0,5.0,6.0,13.0,14.0,14.0
GP,F,15,R,GT3,T,1,1,other,other,course,mother,3,1,1,no,no,no,yes,yes,yes,yes,yes,5.0,5.0,5.0,1.0,1.0,1.0,2.0,8.0,9.0,9.0
GP,M,15,U,GT3,T,4,3,teacher,services,course,father,2,4,0,yes,yes,no,no,yes,yes,yes,no,2.0,2.0,2.0,1.0,1.0,3.0,6.0,9.0,11.0,11.0
GP,F,15,U,GT3,A,3,3,services,services,home,mother,1,2,0,no,no,no,no,no,yes,no,yes,1.0,3.0,2.0,2.0,3.0,1.0,24.0,9.0,8.0,9.0
GP,M,16,U,GT3,T,4,4,services,services,course,mother,1,3,0,no,yes,no,yes,yes,yes,yes,no,5.0,3.0,3.0,1.0,3.0,5.0,0.0,15.0,13.0,13.0
GP,M,16,U,LE3,T,2,2,services,services,reputation,father,2,1,0,no,yes,no,yes,yes,yes,yes,no,2.0,3.0,3.0,2.0,2.0,2.0,4.0,12.0,11.0,11.0
GP,F,15,U,GT3,T,4,4,teacher,services,course,mother,1,3,0,no,yes,no,yes,yes,yes,yes,no,4.0,2.0,2.0,1.0,1.0,5.0,2.0,13.0,13.0,13.0
GP,F,16,U,LE3,T,1,1,at_home,at_home,course,mother,1,1,0,no,no,no,no,yes,yes,yes,no,3.0,4.0,4.0,3.0,3.0,1.0,4.0,10.0,11.0,11.0
GP,M,17,U,GT3,T,2,1,other,other,home,mother,1,1,0,no,yes,no,no,yes,yes,yes,no,5.0,4.0,5.0,1.0,2.0,5.0,22.0,9.0,7.0,6.0
GP,F,15,U,GT3,T,1,1,other,services,course,father,1,2,0,no,yes,no,no,yes,yes,yes,no,4.0,4.0,2.0,1.0,2.0,5.0,0.0,12.0,12.0,12.0
GP,F,15,U,LE3,A,2,1,at_home,other,home,mother,2,1,0,no,yes,no,yes,yes,no,yes,yes,4.0,4.0,2.0,1.0,1.0,5.0,0.0,11.0,10.0,10.0
GP,F,15,U,GT3,T,3,2,health,services,home,father,1,2,1,no,yes,no,no,yes,yes,yes,no,3.0,3.0,2.0,1.0,1.0,3.0,2.0,11.0,11.0,11.0
GP,F,15,U,GT3,T,1,2,at_home,other,course,mother,1,2,0,no,yes,no,no,no,yes,yes,no,4.0,3.0,2.0,1.0,1.0,5.0,6.0,13.0,12.0,13.0
GP,F,15,U,GT3,T,1,2,at_home,services,course,father,1,2,0,no,no,no,no,no,yes,no,yes,2.0,3.0,4.0,2.0,4.0,1.0,6.0,11.0,11.0,11.0
GP,M,16,U,GT3,T,4,4,teacher,teacher,course,mother,1,1,0,no,yes,no,no,yes,no,yes,yes,3.0,3.0,2.0,2.0,1.0,5.0,16.0,9.0,9.0,8.0
GP,M,15,U,LE3,A,2,1,services,other,course,mother,4,1,0,no,no,no,no,yes,yes,yes,no,4.0,5.0,5.0,2.0,5.0,5.0,0.0,12.0,11.0,11.0
GP,M,18,U,LE3,T,1,1,other,other,course,mother,1,1,2,no,no,no,no,yes,no,yes,yes,2.0,3.0,5.0,2.0,5.0,4.0,0.0,11.0,9.0,0.0
GP,M,16,U,LE3,T,2,1,at_home,other,course,mother,1,1,1,no,no,no,yes,yes,yes,no,yes,4.0,4.0,4.0,3.0,5.0,5.0,6.0,9.0,10.0,10.0
GP,F,15,R,GT3,T,3,3,services,services,reputation,other,2,3,0,no,yes,yes,yes,yes,yes,yes,yes,4.0,2.0,1.0,2.0,3.0,3.0,2.0,13.0,13.0,13.0
GP,M,19,U,GT3,T,3,2,services,at_home,home,mother,1,1,0,no,yes,no,no,yes,no,yes,yes,4.0,5.0,4.0,1.0,1.0,4.0,6.0,11.0,9.0,11.0
GP,F,17,U,GT3,T,4,4,other,teacher,course,mother,1,1,0,yes,yes,no,no,yes,yes,no,yes,4.0,2.0,1.0,1.0,1.0,4.0,0.0,13.0,13.0,13.0
GP,M,15,R,GT3,T,2,3,at_home,services,course,mother,1,2,0,yes,no,yes,yes,yes,yes,no,no,4.0,4.0,4.0,1.0,1.0,1.0,0.0,7.0,8.0,8.0
GP,M,17,R,LE3,T,1,2,other,other,reputation,mother,1,1,3,no,no,no,no,yes,yes,no,no,2.0,2.0,2.0,3.0,3.0,5.0,14.0,9.0,8.0,10.0
GP,F,18,R,GT3,T,1,1,at_home,other,course,mother,3,1,3,no,yes,no,yes,no,yes,no,no,5.0,2.0,5.0,1.0,5.0,4.0,6.0,11.0,10.0,11.0
GP,M,16,R,GT3,T,2,2,at_home,other,course,mother,3,1,0,no,no,no,no,no,yes,no,no,4.0,2.0,2.0,1.0,2.0,3.0,4.0,12.0,10.0,11.0
GP,M,16,U,GT3,T,3,3,other,services,course,father,1,2,1,no,yes,no,no,yes,yes,yes,yes,4.0,5.0,5.0,4.0,4.0,5.0,0.0,10.0,10.0,1.0
GP,M,16,U,LE3,T,1,2,health,services,course,mother,2,1,2,no,no,no,no,no,yes,yes,no,4.0,4.0,5.0,3.0,5.0,5.0,0.0,9.0,8.0,10.0
GP,M,17,R,LE3,T,2,1,at_home,other,course,mother,2,1,1,no,no,yes,yes,yes,no,yes,yes,3.0,3.0,2.0,2.0,2.0,5.0,8.0,8.0,8.0,9.0
GP,M,17,R,GT3,T,3,2,other,other,course,mother,2,2,2,yes,yes,no,no,yes,yes,yes,yes,4.0,4.0,4.0,1.0,4.0,3.0,4.0,7.0,6.0,8.0
GP,M,15,U,LE3,T,1,2,other,other,course,mother,2,1,0,no,no,no,yes,yes,yes,no,no,4.0,4.0,4.0,2.0,4.0,5.0,2.0,8.0,9.0,10.0
GP,M,16,U,GT3,T,1,3,at_home,services,course,father,1,1,1,no,no,no,no,yes,no,yes,no,5.0,3.0,3.0,1.0,4.0,2.0,2.0,9.0,8.0,8.0
GP,M,17,R,LE3,T,1,1,other,services,course,mother,4,2,0,no,no,no,yes,yes,no,no,yes,5.0,3.0,5.0,1.0,5.0,5.0,0.0,8.0,8.0,8.0
GP,M,17,U,GT3,T,3,2,services,services,course,mother,2,1,3,no,yes,no,yes,no,no,no,no,4.0,5.0,2.0,1.0,1.0,2.0,10.0,8.0,7.0,8.0
GP,M,16,U,GT3,T,2,2,other,other,course,father,1,2,0,no,no,no,no,yes,no,yes,no,4.0,3.0,5.0,2.0,4.0,4.0,0.0,9.0,10.0,11.0
GP,F,16,U,GT3,T,4,2,health,services,home,father,1,2,0,no,no,no,no,yes,yes,yes,yes,4.0,2.0,3.0,1.0,1.0,3.0,0.0,17.0,17.0,18.0
GP,F,16,U,GT3,T,2,2,other,other,home,mother,1,2,0,no,yes,no,no,no,yes,yes,no,5.0,1.0,5.0,1.0,1.0,4.0,0.0,12.0,12.0,13.0
GP,F,16,U,GT3,T,4,4,health,health,reputation,mother,1,2,0,no,yes,no,no,yes,yes,yes,yes,4.0,4.0,2.0,1.0,1.0,3.0,0.0,16.0,16.0,17.0
GP,M,16,U,GT3,T,3,4,other,other,course,father,3,1,1,no,yes,no,yes,no,yes,yes,no,3.0,4.0,5.0,2.0,4.0,2.0,4.0,9.0,9.0,10.0
GP,M,16,U,GT3,T,1,0,other,other,reputation,mother,2,2,0,no,yes,no,yes,yes,yes,yes,yes,4.0,3.0,2.0,1.0,1.0,3.0,0.0,16.0,17.0,18.0
GP,M,17,U,LE3,T,4,4,teacher,other,reputation,mother,1,2,0,no,yes,no,yes,yes,yes,yes,no,4.0,4.0,4.0,1.0,3.0,5.0,0.0,11.0,9.0,10.0
GP,F,16,U,GT3,T,1,3,at_home,services,home,mother,1,2,0,no,no,no,yes,no,yes,yes,yes,4.0,3.0,5.0,1.0,1.0,3.0,0.0,14.0,13.0,13.0
GP,F,16,U,LE3,T,3,3,other,other,reputation,mother,2,2,0,no,yes,no,yes,yes,yes,yes,no,4.0,4.0,5.0,1.0,1.0,4.0,0.0,14.0,14.0,15.0
GP,M,17,U,LE3,T,4,3,teacher,other,course,mother,2,2,0,no,no,no,yes,yes,yes,yes,no,4.0,4.0,4.0,4.0,4.0,4.0,0.0,10.0,11.0,11.0
GP,F,16,U,GT3,T,2,2,services,other,reputation,mother,2,2,0,no,no,no,yes,no,yes,yes,no,3.0,4.0,4.0,1.0,4.0,5.0,0.0,13.0,12.0,14.0
GP,M,17,U,GT3,T,3,3,other,other,reputation,father,1,2,0,no,no,no,yes,no,yes,yes,no,4.0,3.0,4.0,1.0,4.0,4.0,4.0,11.0,9.0,10.0
GP,M,16,R,GT3,T,4,2,teacher,services,other,mother,1,1,0,no,yes,no,yes,yes,yes,yes,yes,4.0,3.0,3.0,3.0,4.0,3.0,8.0,10.0,9.0,11.0
GP,M,17,U,GT3,T,4,3,other,other,course,mother,1,2,0,no,yes,yes,yes,yes,yes,yes,yes,5.0,2.0,3.0,1.0,1.0,2.0,4.0,11.0,11.0,13.0
GP,M,16,U,GT3,T,4,3,teacher,other,home,mother,1,2,0,no,yes,yes,yes,yes,yes,yes,no,3.0,4.0,3.0,2.0,3.0,3.0,4.0,11.0,10.0,11.0
GP,M,16,U,GT3,T,3,3,services,other,home,mother,1,2,0,no,no,no,yes,yes,yes,yes,yes,4.0,2.0,3.0,1.0,2.0,3.0,0.0,11.0,12.0,13.0
GP,F,17,U,GT3,T,2,4,services,services,reputation,father,1,2,0,no,yes,no,yes,yes,yes,no,no,5.0,4.0,2.0,2.0,3.0,5.0,0.0,17.0,18.0,17.0
GP,F,17,U,LE3,T,3,3,other,other,reputation,mother,1,2,0,no,yes,no,yes,yes,yes,yes,yes,5.0,3.0,3.0,2.0,3.0,1.0,32.0,14.0,13.0,14.0
GP,F,16,U,GT3,T,3,2,other,other,reputation,mother,1,2,0,no,yes,no,no,yes,yes,yes,no,1.0,2.0,2.0,1.0,2.0,1.0,8.0,14.0,15.0,16.0
GP,M,17,U,GT3,T,3,3,services,services,other,mother,1,2,0,no,yes,no,yes,yes,yes,yes,yes,4.0,3.0,4.0,2.0,3.0,4.0,6.0,11.0,13.0,14.0
GP,M,16,U,GT3,T,1,2,services,services,other,mother,1,1,0,no,yes,no,yes,yes,yes,yes,yes,3.0,3.0,3.0,1.0,2.0,3.0,0.0,10.0,9.0,11.0
GP,M,16,U,LE3,T,2,1,other,other,course,mother,1,2,0,no,no,no,yes,yes,yes,yes,yes,4.0,2.0,3.0,1.0,2.0,5.0,0.0,13.0,14.0,16.0
GP,F,17,U,GT3,A,3,3,health,other,reputation,mother,1,2,0,no,yes,no,no,no,yes,yes,yes,3.0,3.0,3.0,1.0,3.0,3.0,10.0,12.0,13.0,14.0
GP,M,17,R,GT3,T,1,2,at_home,other,home,mother,1,2,0,no,no,no,no,yes,yes,no,no,3.0,1.0,3.0,1.0,5.0,3.0,6.0,9.0,9.0,10.0
GP,F,16,U,GT3,T,2,3,services,services,course,mother,1,2,0,no,no,no,no,yes,yes,yes,no,4.0,3.0,3.0,1.0,1.0,2.0,6.0,12.0,12.0,13.0
GP,F,17,U,GT3,T,1,1,at_home,services,course,mother,1,2,0,no,no,no,yes,yes,yes,yes,no,5.0,3.0,3.0,1.0,1.0,3.0,0.0,12.0,11.0,12.0
GP,M,17,U,GT3,T,1,2,at_home,services,other,other,2,2,0,no,no,no,yes,no,yes,yes,no,4.0,4.0,4.0,4.0,5.0,5.0,16.0,10.0,11.0,12.0
GP,M,16,R,GT3,T,3,3,services,services,reputation,mother,1,1,0,no,yes,no,yes,yes,yes,yes,no,4.0,3.0,2.0,3.0,4.0,5.0,0.0,11.0,10.0,10.0
GP,M,16,U,GT3,T,2,3,other,other,home,father,2,1,0,no,no,no,no,yes,yes,yes,no,5.0,3.0,3.0,1.0,1.0,3.0,0.0,13.0,12.0,12.0
GP,F,17,U,LE3,T,2,4,services,services,course,father,1,2,0,no,no,no,yes,yes,yes,yes,yes,4.0,3.0,2.0,1.0,1.0,5.0,8.0,14.0,15.0,16.0
GP,M,17,U,GT3,T,4,4,services,teacher,home,mother,1,1,0,no,no,no,no,yes,yes,yes,no,5.0,2.0,3.0,1.0,2.0,5.0,4.0,13.0,13.0,14.0
GP,M,16,R,LE3,T,3,3,teacher,other,home,father,3,1,0,no,yes,no,yes,yes,yes,yes,no,3.0,3.0,4.0,3.0,5.0,3.0,16.0,10.0,11.0,12.0
GP,F,17,U,GT3,T,4,4,services,teacher,home,mother,2,1,1,no,yes,no,no,yes,yes,yes,no,4.0,2.0,4.0,2.0,3.0,2.0,30.0,14.0,15.0,16.0
GP,F,16,U,LE3,T,4,4,teacher,teacher,reputation,mother,1,2,0,no,yes,no,no,yes,yes,yes,no,4.0,5.0,2.0,1.0,2.0,3.0,0.0,11.0,10.0,11.0
GP,F,16,U,GT3,T,4,3,health,other,home,mother,1,2,0,no,yes,no,yes,yes,yes,yes,no,4.0,3.0,5.0,1.0,5.0,2.0,2.0,14.0,14.0,15.0
GP,F,16,U,GT3,T,2,3,other,other,reputation,mother,1,2,0,yes,yes,no,yes,yes,yes,no,no,4.0,4.0,3.0,1.0,3.0,4.0,4.0,11.0,12.0,12.0
GP,F,17,U,GT3,T,1,1,other,other,course,mother,1,2,0,no,yes,no,no,no,yes,no,no,4.0,4.0,4.0,1.0,3.0,1.0,0.0,14.0,15.0,15.0
GP,F,17,R,GT3,T,2,2,other,other,reputation,mother,1,1,0,no,yes,no,no,yes,yes,yes,no,5.0,3.0,2.0,1.0,2.0,3.0,21.0,13.0,13.0,13.0
GP,F,16,R,GT3,T,2,2,services,services,reputation,mother,2,4,0,no,yes,no,yes,no,yes,yes,no,5.0,3.0,5.0,1.0,1.0,5.0,6.0,13.0,13.0,13.0
GP,F,17,U,GT3,T,3,4,at_home,services,home,mother,1,3,1,no,yes,yes,no,yes,yes,yes,yes,4.0,4.0,3.0,3.0,4.0,5.0,14.0,8.0,9.0,8.0
GP,F,16,U,GT3,A,3,1,services,other,course,mother,1,2,0,no,yes,no,no,yes,yes,yes,no,2.0,3.0,3.0,2.0,2.0,4.0,2.0,11.0,11.0,12.0
GP,F,16,U,GT3,T,4,3,teacher,other,other,mother,1,2,0,no,no,no,yes,yes,yes,yes,yes,1.0,3.0,2.0,1.0,1.0,1.0,4.0,14.0,15.0,15.0
GP,F,16,U,GT3,T,1,1,at_home,other,home,mother,2,1,0,no,yes,no,no,yes,yes,no,no,4.0,3.0,2.0,1.0,4.0,5.0,2.0,12.0,13.0,13.0
GP,F,17,R,GT3,T,4,3,teacher,other,reputation,mother,2,3,0,no,yes,no,yes,yes,yes,yes,yes,4.0,4.0,2.0,1.0,1.0,4.0,0.0,11.0,12.0,12.0
GP,F,19,U,GT3,T,3,3,other,other,reputation,other,1,4,0,no,yes,no,yes,yes,yes,yes,no,4.0,3.0,3.0,1.0,2.0,3.0,4.0,12.0,12.0,12.0
GP,M,17,U,LE3,T,4,4,services,other,home,mother,1,2,0,no,yes,no,no,yes,yes,yes,yes,5.0,3.0,5.0,4.0,5.0,3.0,15.0,13.0,12.0,12.0
GP,F,16,U,GT3,A,2,2,other,other,reputation,mother,1,2,0,yes,yes,no,no,yes,yes,yes,no,3.0,3.0,4.0,1.0,1.0,4.0,0.0,13.0,13.0,13.0
GP,M,18,U,GT3,T,2,2,services,other,home,mother,1,2,0,no,yes,no,yes,yes,yes,yes,no,4.0,4.0,4.0,2.0,4.0,5.0,10.0,12.0,11.0,11.0
GP,F,17,R,LE3,T,4,4,services,other,other,mother,1,1,0,no,yes,no,no,yes,yes,no,no,5.0,2.0,1.0,1.0,2.0,3.0,6.0,12.0,11.0,11.0
GP,F,17,U,LE3,T,3,2,other,other,reputation,mother,2,2,0,no,no,no,no,yes,yes,yes,no,4.0,4.0,4.0,1.0,3.0,1.0,2.0,14.0,16.0,15.0
GP,F,17,U,GT3,T,4,3,other,other,reputation,mother,1,2,0,no,no,no,no,yes,yes,yes,yes,3.0,4.0,5.0,2.0,4.0,1.0,16.0,11.0,9.0,10.0
GP,M,18,U,LE3,T,3,3,services,health,home,father,1,2,0,no,yes,no,no,yes,yes,yes,no,3.0,2.0,4.0,2.0,4.0,4.0,10.0,10.0,10.0,10.0
GP,F,17,U,GT3,T,2,3,at_home,other,home,father,2,1,0,no,yes,no,no,yes,yes,no,no,3.0,3.0,3.0,1.0,4.0,3.0,4.0,12.0,13.0,13.0
GP,F,17,U,GT3,T,2,2,at_home,at_home,course,mother,1,3,0,no,yes,no,yes,yes,yes,yes,no,4.0,3.0,3.0,1.0,1.0,4.0,0.0,12.0,12.0,13.0
GP,F,17,R,GT3,T,2,1,at_home,services,reputation,mother,2,2,0,no,yes,no,yes,yes,yes,yes,no,4.0,2.0,5.0,1.0,2.0,5.0,0.0,11.0,10.0,11.0
GP,F,17,U,GT3,T,1,1,at_home,other,reputation,mother,1,3,0,no,yes,no,yes,yes,yes,no,yes,4.0,3.0,4.0,1.0,1.0,5.0,12.0,12.0,12.0,12.0
GP,F,16,U,GT3,T,2,3,services,teacher,other,mother,1,2,0,yes,no,no,no,yes,yes,yes,no,2.0,3.0,1.0,1.0,1.0,3.0,0.0,13.0,13.0,14.0
GP,M,18,U,GT3,T,2,2,other,other,home,mother,2,2,3,no,yes,yes,no,yes,yes,yes,no,3.0,3.0,3.0,5.0,5.0,4.0,9.0,10.0,9.0,10.0
GP,F,16,U,GT3,T,4,4,teacher,services,home,mother,1,3,0,no,yes,no,yes,no,yes,yes,no,5.0,3.0,2.0,1.0,1.0,5.0,4.0,15.0,16.0,16.0
GP,F,18,R,GT3,T,3,1,other,other,reputation,mother,1,2,0,no,no,no,yes,yes,yes,yes,yes,5.0,3.0,3.0,1.0,1.0,4.0,4.0,8.0,8.0,8.0
GP,F,17,U,GT3,T,3,2,other,other,course,mother,1,2,0,no,no,no,yes,no,yes,yes,no,5.0,3.0,4.0,1.0,3.0,3.0,2.0,17.0,18.0,17.0
GP,M,17,U,LE3,T,2,3,services,services,reputation,father,1,2,0,no,yes,no,no,no,yes,yes,no,5.0,3.0,3.0,1.0,3.0,3.0,0.0,10.0,11.0,11.0
GP,M,18,U,LE3,T,2,1,at_home,other,course,mother,4,2,0,yes,yes,no,yes,yes,yes,yes,yes,4.0,3.0,2.0,4.0,5.0,3.0,2.0,9.0,10.0,11.0
GP,F,17,U,GT3,A,2,1,other,other,course,mother,2,3,0,no,no,no,yes,yes,yes,yes,yes,3.0,2.0,3.0,1.0,2.0,3.0,0.0,15.0,15.0,16.0
GP,F,17,U,LE3,T,4,3,health,other,reputation,father,1,2,0,no,no,no,yes,yes,yes,yes,yes,3.0,2.0,3.0,1.0,2.0,3.0,0.0,14.0,12.0,12.0
GP,M,17,R,GT3,T,2,2,other,other,course,father,2,2,0,no,yes,no,yes,yes,yes,yes,no,4.0,5.0,2.0,1.0,1.0,1.0,0.0,12.0,13.0,13.0
GP,M,17,U,GT3,T,4,4,teacher,teacher,reputation,mother,1,2,0,yes,yes,no,yes,yes,yes,yes,yes,4.0,5.0,5.0,1.0,3.0,2.0,0.0,13.0,13.0,13.0
GP,M,16,U,GT3,T,4,4,health,other,reputation,father,1,2,0,no,yes,no,yes,yes,yes,yes,no,4.0,2.0,4.0,2.0,4.0,1.0,0.0,13.0,13.0,14.0
GP,M,16,U,LE3,T,1,1,other,other,home,mother,2,2,0,no,yes,no,no,yes,yes,yes,no,3.0,4.0,2.0,1.0,1.0,5.0,2.0,9.0,9.0,9.0
GP,M,16,U,GT3,T,3,2,at_home,other,reputation,mother,2,3,0,no,no,no,yes,yes,yes,yes,yes,5.0,3.0,3.0,1.0,3.0,2.0,0.0,12.0,12.0,12.0
GP,M,17,U,LE3,T,2,2,other,other,home,father,1,2,0,no,no,no,yes,no,yes,yes,yes,4.0,4.0,2.0,5.0,5.0,4.0,0.0,16.0,16.0,16.0
GP,F,16,U,GT3,T,2,1,other,other,home,mother,1,1,0,no,no,no,no,yes,yes,yes,yes,4.0,5.0,2.0,1.0,1.0,5.0,4.0,9.0,10.0,10.0
GP,F,16,U,GT3,A,4,1,other,other,home,mother,1,2,0,no,no,no,yes,yes,yes,yes,yes,5.0,3.0,3.0,1.0,2.0,5.0,0.0,14.0,13.0,13.0
GP,F,18,U,LE3,A,2,4,services,other,course,mother,2,2,1,no,yes,no,no,yes,yes,yes,no,4.0,3.0,3.0,1.0,1.0,3.0,18.0,10.0,10.0,10.0
GP,F,18,U,LE3,T,2,2,at_home,services,course,mother,1,2,1,no,yes,no,no,no,yes,yes,yes,5.0,3.0,1.0,1.0,1.0,5.0,16.0,9.0,8.0,10.0
GP,F,18,U,GT3,T,3,3,other,other,course,mother,2,1,1,no,no,no,no,yes,no,yes,no,4.0,1.0,1.0,1.0,1.0,3.0,14.0,8.0,7.0,7.0
GP,M,18,U,GT3,T,2,2,other,at_home,course,other,1,1,1,no,yes,no,yes,no,no,yes,yes,4.0,4.0,3.0,2.0,2.0,1.0,26.0,7.0,8.0,8.0
GP,M,17,U,GT3,T,4,4,teacher,teacher,course,mother,1,1,0,no,yes,no,yes,no,yes,yes,no,4.0,2.0,1.0,1.0,2.0,5.0,6.0,10.0,8.0,9.0
GP,F,17,U,GT3,T,3,2,other,other,course,father,1,2,0,no,no,no,yes,yes,yes,no,no,5.0,4.0,2.0,1.0,1.0,3.0,4.0,14.0,14.0,15.0
GP,F,17,U,LE3,T,1,1,at_home,at_home,course,mother,1,3,0,no,yes,no,yes,yes,yes,yes,yes,4.0,3.0,2.0,1.0,2.0,4.0,10.0,11.0,10.0,10.0
GP,F,16,U,GT3,T,1,2,other,other,course,mother,1,1,0,no,no,no,no,yes,no,yes,no,5.0,3.0,5.0,1.0,2.0,5.0,4.0,12.0,11.0,11.0
GP,F,17,R,GT3,T,2,1,at_home,services,course,mother,3,2,0,no,no,no,yes,yes,yes,no,no,2.0,1.0,1.0,1.0,1.0,3.0,2.0,13.0,13.0,13.0
GP,F,17,R,LE3,A,1,4,other,other,course,other,4,1,1,no,yes,no,no,yes,yes,yes,no,5.0,5.0,4.0,1.0,1.0,5.0,14.0,9.0,9.0,8.0
GP,M,18,U,GT3,T,2,2,other,services,reputation,father,1,2,0,no,no,no,no,yes,no,yes,no,5.0,5.0,4.0,3.0,5.0,2.0,16.0,8.0,7.0,8.0
GP,F,17,U,LE3,A,2,2,other,other,home,mother,1,1,1,no,yes,no,no,no,no,yes,no,3.0,1.0,2.0,1.0,1.0,1.0,8.0,11.0,9.0,10.0
GP,F,17,R,LE3,T,1,1,at_home,other,course,mother,2,3,0,no,no,no,yes,yes,yes,yes,no,4.0,3.0,3.0,1.0,3.0,5.0,4.0,15.0,14.0,15.0
GP,F,17,U,LE3,A,4,2,teacher,other,course,mother,1,2,0,no,yes,no,yes,yes,yes,no,no,4.0,3.0,2.0,1.0,1.0,4.0,4.0,15.0,14.0,14.0
GP,M,17,U,LE3,T,4,3,health,other,course,mother,2,2,0,no,no,no,yes,yes,yes,yes,yes,2.0,5.0,5.0,1.0,4.0,5.0,8.0,15.0,15.0,15.0
GP,M,17,R,LE3,A,4,4,teacher,other,course,mother,2,2,0,no,yes,no,no,yes,yes,yes,no,3.0,3.0,3.0,2.0,3.0,4.0,0.0,12.0,12.0,12.0
GP,M,16,U,LE3,T,4,3,teacher,other,course,mother,1,1,0,no,no,no,yes,no,yes,yes,no,5.0,4.0,5.0,1.0,1.0,3.0,7.0,14.0,14.0,15.0
GP,M,16,U,GT3,T,4,4,services,services,course,mother,1,1,0,no,no,yes,yes,yes,yes,yes,no,5.0,3.0,2.0,1.0,2.0,5.0,4.0,14.0,15.0,15.0
GP,F,17,U,GT3,T,4,4,teacher,services,course,mother,1,2,0,no,yes,yes,no,yes,yes,yes,yes,5.0,3.0,1.0,1.0,4.0,5.0,2.0,11.0,11.0,12.0
GP,M,17,R,GT3,T,1,1,other,other,home,father,2,3,0,no,no,no,no,no,yes,yes,yes,4.0,3.0,3.0,1.0,1.0,1.0,2.0,13.0,14.0,15.0
GP,F,17,U,GT3,T,3,3,services,other,home,mother,2,3,0,no,yes,no,no,yes,yes,yes,yes,4.0,2.0,2.0,2.0,3.0,5.0,10.0,11.0,11.0,11.0
GP,F,17,U,GT3,T,1,1,at_home,other,course,mother,1,2,0,yes,no,no,no,no,yes,no,yes,4.0,3.0,2.0,1.0,1.0,4.0,10.0,10.0,9.0,10.0
GP,F,18,U,GT3,T,2,1,other,other,course,other,2,3,0,no,yes,no,no,no,yes,yes,yes,4.0,4.0,4.0,1.0,1.0,3.0,10.0,12.0,10.0,11.0
GP,M,16,U,GT3,T,2,1,other,other,course,mother,3,1,0,no,no,no,no,yes,yes,yes,no,4.0,3.0,3.0,1.0,1.0,4.0,7.0,15.0,16.0,16.0
GP,F,17,U,GT3,T,1,1,other,services,course,father,1,2,0,no,yes,no,no,yes,yes,no,no,4.0,3.0,4.0,1.0,2.0,5.0,4.0,11.0,10.0,11.0
GP,M,17,U,GT3,T,2,3,other,other,course,father,2,1,0,no,no,no,no,yes,yes,yes,no,5.0,2.0,2.0,1.0,1.0,2.0,2.0,9.0,12.0,13.0
GP,M,22,U,GT3,T,3,1,services,services,other,mother,1,1,3,no,no,no,no,no,no,yes,yes,5.0,4.0,5.0,5.0,5.0,1.0,12.0,7.0,8.0,5.0
GP,M,18,R,LE3,T,3,3,other,services,course,mother,1,2,0,no,yes,no,no,yes,yes,yes,yes,4.0,3.0,3.0,1.0,3.0,5.0,8.0,10.0,9.0,10.0
GP,M,16,U,GT3,T,0,2,other,other,other,mother,1,1,0,no,no,no,no,no,yes,yes,no,4.0,3.0,2.0,2.0,4.0,5.0,0.0,11.0,12.0,11.0
GP,M,18,U,GT3,T,3,2,services,other,course,mother,2,1,0,no,no,no,no,yes,no,yes,no,4.0,4.0,5.0,2.0,4.0,5.0,8.0,7.0,8.0,7.0
GP,M,16,U,GT3,T,3,3,at_home,other,reputation,other,3,2,1,yes,yes,no,no,no,yes,yes,no,5.0,3.0,3.0,1.0,3.0,2.0,4.0,9.0,11.0,10.0
GP,M,18,U,GT3,T,2,1,services,services,other,mother,1,1,2,no,no,no,no,no,no,yes,no,3.0,2.0,5.0,2.0,5.0,5.0,4.0,7.0,8.0,6.0
GP,M,16,R,GT3,T,2,1,other,other,course,mother,2,1,0,no,no,no,yes,no,yes,no,no,3.0,3.0,2.0,1.0,3.0,3.0,2.0,14.0,13.0,12.0
GP,M,17,R,GT3,T,2,1,other,other,course,mother,1,1,0,no,no,no,no,no,yes,yes,no,4.0,4.0,2.0,2.0,4.0,5.0,0.0,12.0,12.0,13.0
GP,M,17,U,LE3,T,1,1,health,other,course,mother,2,1,1,no,yes,no,yes,yes,yes,yes,no,4.0,4.0,4.0,1.0,2.0,5.0,0.0,9.0,10.0,10.0
GP,F,18,U,LE3,A,2,1,other,other,course,mother,1,2,0,no,yes,no,no,no,yes,yes,yes,4.0,3.0,4.0,1.0,3.0,5.0,2.0,12.0,12.0,13.0
GP,F,17,U,LE3,T,4,2,teacher,services,reputation,mother,1,4,0,no,yes,no,yes,yes,yes,yes,no,4.0,2.0,3.0,1.0,1.0,4.0,2.0,14.0,15.0,17.0
GP,F,19,U,GT3,T,2,2,services,services,home,mother,1,2,0,no,yes,no,no,yes,yes,yes,no,4.0,3.0,3.0,1.0,1.0,5.0,0.0,10.0,10.0,11.0
GP,M,18,U,LE3,T,2,1,services,other,course,mother,3,2,1,no,no,no,yes,no,no,yes,no,4.0,4.0,5.0,4.0,4.0,5.0,4.0,11.0,10.0,11.0
GP,F,17,R,GT3,T,4,2,other,other,course,mother,1,3,0,no,yes,no,yes,yes,yes,yes,no,4.0,3.0,4.0,1.0,3.0,5.0,2.0,11.0,12.0,14.0
GP,F,18,U,LE3,T,1,1,other,at_home,home,mother,1,3,0,no,yes,no,no,no,yes,no,no,4.0,4.0,3.0,2.0,3.0,3.0,4.0,11.0,12.0,14.0
GP,F,18,R,GT3,T,2,2,other,other,home,mother,1,2,0,yes,no,no,no,yes,yes,no,no,3.0,2.0,3.0,1.0,1.0,5.0,4.0,11.0,11.0,13.0
GP,M,19,U,LE3,A,4,3,services,at_home,reputation,mother,1,2,0,no,yes,no,no,yes,yes,yes,no,4.0,3.0,1.0,1.0,1.0,1.0,4.0,11.0,13.0,14.0
GP,M,18,U,GT3,T,2,1,other,other,home,mother,1,2,0,no,no,no,yes,yes,yes,yes,no,5.0,2.0,4.0,1.0,2.0,4.0,2.0,16.0,16.0,16.0
GP,M,17,R,GT3,T,2,2,other,services,other,mother,2,1,0,no,no,no,no,no,no,no,no,5.0,2.0,2.0,1.0,1.0,4.0,0.0,9.0,10.0,10.0
GP,F,17,U,LE3,T,2,2,services,services,course,father,1,4,0,no,no,no,yes,yes,yes,yes,yes,3.0,4.0,1.0,1.0,1.0,2.0,2.0,10.0,11.0,12.0
GP,F,20,R,GT3,T,2,1,other,other,course,other,2,2,0,no,yes,yes,yes,yes,no,yes,yes,1.0,2.0,3.0,1.0,2.0,2.0,8.0,10.0,12.0,12.0
GP,F,18,U,GT3,T,4,3,services,other,home,father,1,2,0,no,yes,no,no,yes,yes,yes,yes,3.0,1.0,2.0,1.0,3.0,2.0,2.0,15.0,15.0,15.0
GP,M,18,U,GT3,T,4,3,teacher,other,course,mother,1,2,0,no,yes,no,no,no,yes,yes,no,4.0,3.0,2.0,1.0,1.0,3.0,2.0,10.0,10.0,11.0
GP,M,18,R,GT3,T,3,2,other,other,course,mother,1,3,0,no,no,no,yes,no,yes,no,no,5.0,3.0,2.0,1.0,1.0,3.0,2.0,10.0,11.0,12.0
GP,F,17,U,GT3,T,3,3,other,other,home,mother,1,3,0,no,no,no,yes,no,yes,no,no,3.0,2.0,3.0,1.0,1.0,4.0,2.0,15.0,12.0,13.0
GP,F,18,U,GT3,T,2,2,at_home,services,home,mother,1,3,0,no,yes,no,yes,yes,yes,yes,yes,4.0,3.0,3.0,1.0,1.0,3.0,0.0,11.0,12.0,13.0
GP,M,17,U,GT3,T,2,2,other,other,home,father,2,1,0,no,no,no,no,yes,no,yes,no,4.0,4.0,4.0,2.0,3.0,4.0,8.0,8.0,8.0,9.0
GP,M,18,R,LE3,A,3,4,other,other,reputation,mother,2,2,0,no,yes,no,yes,yes,yes,yes,no,4.0,2.0,5.0,3.0,4.0,1.0,6.0,15.0,16.0,16.0
GP,M,17,U,GT3,T,3,1,services,other,other,mother,1,2,0,no,no,no,yes,yes,yes,yes,yes,5.0,4.0,4.0,3.0,4.0,5.0,0.0,11.0,11.0,14.0
GP,F,18,R,GT3,T,4,4,teacher,other,reputation,mother,2,2,0,no,no,no,yes,yes,yes,yes,no,4.0,3.0,4.0,2.0,2.0,4.0,8.0,10.0,11.0,12.0
GP,M,18,U,GT3,T,4,2,health,other,reputation,father,1,2,0,no,yes,no,yes,yes,yes,yes,yes,5.0,4.0,5.0,1.0,3.0,5.0,4.0,10.0,12.0,14.0
GP,F,18,R,GT3,T,2,1,other,other,reputation,mother,2,2,0,no,yes,no,no,yes,no,yes,yes,4.0,3.0,5.0,1.0,2.0,3.0,12.0,8.0,9.0,10.0
GP,F,19,U,GT3,T,3,3,other,services,home,other,1,2,0,no,yes,no,yes,yes,yes,yes,no,4.0,3.0,5.0,3.0,3.0,5.0,16.0,11.0,12.0,12.0
GP,F,18,U,GT3,T,2,3,other,services,reputation,father,1,4,0,no,yes,no,yes,yes,yes,yes,yes,4.0,5.0,5.0,1.0,3.0,2.0,10.0,16.0,16.0,16.0
GP,F,18,U,LE3,T,1,1,other,other,home,mother,2,2,0,no,yes,no,no,no,yes,no,no,4.0,4.0,3.0,1.0,1.0,3.0,2.0,13.0,13.0,13.0
GP,M,17,R,GT3,T,1,2,at_home,at_home,home,mother,1,2,0,no,yes,no,yes,no,yes,no,yes,3.0,5.0,2.0,2.0,2.0,1.0,2.0,16.0,17.0,18.0
GP,F,18,U,GT3,T,2,1,other,other,home,mother,1,2,0,no,yes,no,no,yes,yes,yes,yes,4.0,2.0,5.0,1.0,2.0,1.0,8.0,14.0,14.0,15.0
GP,F,17,U,GT3,T,2,4,at_home,health,reputation,mother,2,2,0,no,yes,no,no,yes,yes,yes,yes,4.0,3.0,3.0,1.0,1.0,1.0,6.0,15.0,16.0,16.0
GP,F,17,U,LE3,T,2,2,services,other,course,mother,2,2,0,yes,yes,no,no,yes,yes,yes,yes,4.0,4.0,4.0,2.0,3.0,5.0,6.0,12.0,12.0,12.0
GP,F,18,R,GT3,A,3,2,other,services,home,mother,2,2,0,no,no,no,no,no,no,yes,yes,4.0,1.0,1.0,1.0,1.0,5.0,15.0,12.0,9.0,10.0
GP,M,18,U,GT3,T,4,4,teacher,services,home,mother,2,1,0,no,no,no,yes,yes,yes,yes,no,3.0,2.0,4.0,1.0,4.0,3.0,6.0,11.0,12.0,12.0
GP,F,18,U,GT3,T,4,4,health,health,reputation,father,1,2,1,yes,yes,no,yes,yes,yes,yes,yes,2.0,4.0,4.0,1.0,1.0,4.0,2.0,14.0,12.0,13.0
GP,F,17,U,GT3,T,2,2,other,services,reputation,father,3,3,0,no,yes,no,no,yes,yes,yes,yes,4.0,2.0,3.0,1.0,1.0,1.0,8.0,13.0,15.0,15.0
GP,F,19,R,GT3,T,3,2,services,services,reputation,father,1,2,1,yes,yes,no,no,yes,no,yes,no,3.0,3.0,3.0,4.0,3.0,3.0,0.0,9.0,8.0,10.0
GP,M,18,U,LE3,T,4,3,teacher,services,course,mother,2,1,0,no,no,no,yes,yes,yes,yes,no,4.0,2.0,3.0,1.0,2.0,1.0,0.0,10.0,10.0,10.0
GP,M,18,U,GT3,T,1,2,at_home,other,home,other,2,1,0,no,no,no,no,no,no,yes,no,3.0,4.0,4.0,2.0,4.0,4.0,10.0,10.0,10.0,11.0
GP,M,17,U,LE3,A,4,1,services,other,home,mother,2,1,0,no,no,no,yes,yes,yes,yes,yes,4.0,5.0,4.0,2.0,4.0,5.0,22.0,11.0,11.0,10.0
GP,M,17,U,LE3,A,3,2,teacher,services,home,mother,1,1,0,no,no,no,no,yes,yes,yes,no,4.0,4.0,4.0,3.0,4.0,3.0,18.0,13.0,13.0,13.0
GP,F,18,R,LE3,T,1,1,at_home,other,reputation,mother,2,4,0,no,yes,no,yes,yes,yes,no,no,5.0,2.0,2.0,1.0,1.0,3.0,2.0,17.0,17.0,18.0
GP,F,18,U,GT3,T,1,1,other,other,home,mother,2,2,0,yes,no,no,yes,yes,yes,yes,no,5.0,4.0,4.0,1.0,1.0,4.0,0.0,12.0,13.0,13.0
GP,F,17,U,GT3,T,2,2,other,other,course,mother,1,2,0,no,yes,no,no,no,yes,yes,no,5.0,4.0,5.0,1.0,2.0,5.0,12.0,12.0,12.0,14.0
GP,F,18,U,GT3,T,2,1,other,other,reputation,mother,2,2,0,no,no,no,yes,yes,yes,yes,yes,4.0,3.0,1.0,1.0,1.0,5.0,10.0,12.0,13.0,14.0
GP,M,17,U,GT3,T,1,1,other,other,reputation,father,1,2,0,no,no,no,no,no,yes,yes,no,4.0,3.0,3.0,1.0,2.0,4.0,0.0,12.0,12.0,12.0
GP,F,18,U,GT3,T,2,2,at_home,at_home,other,mother,1,3,0,no,yes,no,no,yes,yes,yes,no,4.0,3.0,3.0,1.0,2.0,2.0,0.0,18.0,18.0,18.0
GP,F,17,U,GT3,T,1,1,services,teacher,reputation,mother,1,3,0,no,yes,no,no,yes,yes,yes,no,4.0,3.0,3.0,1.0,1.0,3.0,0.0,13.0,13.0,14.0
GP,M,18,U,GT3,T,2,1,services,services,reputation,mother,1,3,0,no,no,no,yes,yes,yes,yes,no,4.0,2.0,4.0,1.0,3.0,2.0,0.0,14.0,15.0,15.0
GP,M,18,U,LE3,A,4,4,teacher,teacher,reputation,mother,1,2,0,no,yes,no,yes,yes,yes,yes,no,5.0,4.0,3.0,1.0,1.0,2.0,0.0,17.0,17.0,17.0
GP,M,18,U,GT3,T,4,2,teacher,other,home,mother,1,2,0,no,yes,no,yes,yes,yes,yes,yes,4.0,3.0,2.0,1.0,4.0,5.0,2.0,15.0,16.0,16.0
GP,F,17,U,GT3,T,4,3,health,services,reputation,mother,1,3,0,no,yes,no,no,yes,yes,yes,no,4.0,2.0,2.0,1.0,2.0,3.0,0.0,17.0,18.0,18.0
GP,F,17,R,LE3,T,3,1,services,other,reputation,mother,2,4,0,no,yes,no,no,yes,yes,no,no,3.0,1.0,2.0,1.0,1.0,3.0,0.0,18.0,19.0,19.0
GP,M,18,R,LE3,T,3,2,services,other,reputation,mother,2,3,0,no,yes,no,yes,yes,yes,yes,no,5.0,4.0,2.0,1.0,1.0,4.0,0.0,14.0,15.0,15.0
GP,M,17,U,GT3,T,3,3,health,other,home,mother,1,1,0,no,yes,no,no,yes,yes,yes,no,4.0,4.0,3.0,1.0,3.0,5.0,0.0,14.0,15.0,15.0
GP,F,19,U,GT3,T,4,4,health,other,reputation,other,2,2,0,no,yes,no,yes,yes,yes,yes,no,2.0,3.0,4.0,2.0,3.0,2.0,2.0,14.0,13.0,13.0
GP,F,18,U,LE3,T,4,3,other,other,home,other,2,2,0,no,yes,no,no,yes,yes,yes,yes,4.0,4.0,5.0,1.0,2.0,2.0,0.0,13.0,14.0,14.0
GP,F,18,U,GT3,T,4,3,other,other,reputation,father,1,4,0,no,yes,no,no,yes,yes,yes,no,4.0,3.0,3.0,1.0,1.0,3.0,0.0,16.0,17.0,17.0
GP,M,18,U,LE3,T,4,4,teacher,teacher,home,mother,1,1,0,no,yes,no,no,yes,yes,yes,yes,1.0,4.0,2.0,2.0,2.0,1.0,0.0,18.0,18.0,17.0
GP,F,18,U,LE3,A,4,4,health,other,home,mother,1,2,0,no,yes,yes,no,yes,yes,yes,yes,4.0,2.0,4.0,1.0,1.0,4.0,0.0,14.0,15.0,15.0
GP,M,17,U,LE3,T,4,4,other,teacher,home,father,2,1,0,no,no,no,no,yes,yes,yes,no,4.0,1.0,1.0,2.0,2.0,5.0,0.0,12.0,13.0,13.0
GP,F,17,R,GT3,T,4,4,services,services,reputation,mother,2,3,0,no,yes,no,yes,yes,yes,yes,no,5.0,3.0,4.0,1.0,1.0,5.0,0.0,7.0,7.0,8.0
GP,F,17,U,GT3,T,4,2,other,other,reputation,mother,2,3,0,no,yes,no,no,yes,yes,yes,no,4.0,3.0,3.0,1.0,1.0,3.0,0.0,16.0,16.0,16.0
GP,F,17,U,GT3,T,3,2,health,health,reputation,father,1,4,0,no,yes,no,yes,no,yes,yes,no,5.0,2.0,2.0,1.0,2.0,5.0,0.0,18.0,18.0,18.0
GP,M,19,R,LE3,T,2,1,at_home,services,course,mother,2,3,1,no,no,no,yes,yes,yes,yes,yes,4.0,3.0,1.0,1.0,1.0,5.0,0.0,9.0,10.0,11.0
GP,M,20,U,GT3,A,3,2,services,other,course,other,1,1,2,no,no,no,yes,yes,yes,no,no,5.0,5.0,3.0,1.0,1.0,5.0,0.0,14.0,15.0,15.0
GP,M,19,R,GT3,T,3,3,other,services,reputation,father,1,2,0,no,no,no,yes,yes,yes,no,yes,4.0,5.0,3.0,1.0,2.0,5.0,0.0,10.0,10.0,11.0
GP,F,18,U,GT3,T,1,4,other,teacher,home,mother,1,2,0,yes,yes,no,no,no,yes,no,yes,3.0,4.0,4.0,1.0,2.0,5.0,2.0,10.0,10.0,11.0
GP,F,18,U,GT3,T,2,1,services,other,course,mother,2,2,0,no,yes,no,yes,yes,yes,yes,no,5.0,3.0,3.0,1.0,2.0,1.0,2.0,12.0,12.0,15.0
GP,F,17,U,GT3,T,2,3,other,other,course,father,2,2,0,no,no,no,yes,yes,yes,yes,yes,4.0,2.0,1.0,1.0,1.0,3.0,2.0,11.0,12.0,14.0
GP,F,17,R,GT3,T,4,4,teacher,teacher,course,mother,1,1,0,no,no,no,yes,yes,yes,yes,no,4.0,4.0,4.0,1.0,1.0,5.0,2.0,15.0,16.0,17.0
GP,F,18,U,GT3,T,4,3,other,other,course,mother,1,3,0,no,yes,no,yes,yes,yes,yes,yes,4.0,3.0,4.0,1.0,1.0,5.0,2.0,14.0,15.0,17.0
GP,F,18,U,LE3,T,4,3,health,services,course,mother,2,1,0,no,yes,no,no,yes,yes,yes,no,3.0,2.0,4.0,1.0,4.0,1.0,8.0,12.0,12.0,15.0
GP,F,17,R,GT3,T,3,4,at_home,services,course,father,1,3,0,no,yes,no,yes,no,yes,yes,no,4.0,3.0,4.0,2.0,5.0,5.0,2.0,15.0,15.0,17.0
GP,F,18,U,GT3,T,3,3,at_home,other,course,father,1,2,0,no,yes,no,no,yes,yes,yes,no,4.0,1.0,4.0,1.0,1.0,3.0,8.0,11.0,12.0,14.0
GP,M,19,U,GT3,T,4,2,health,other,course,mother,2,2,0,no,yes,no,yes,yes,yes,yes,yes,5.0,4.0,4.0,1.0,1.0,1.0,9.0,11.0,10.0,10.0
GP,F,18,U,GT3,T,4,4,teacher,other,course,mother,1,2,0,no,yes,no,no,yes,yes,yes,no,4.0,4.0,4.0,3.0,3.0,5.0,0.0,12.0,11.0,13.0
GP,F,18,U,GT3,T,3,4,other,other,course,mother,1,1,0,no,yes,no,yes,yes,yes,yes,yes,5.0,4.0,4.0,1.0,1.0,1.0,4.0,11.0,12.0,14.0
GP,F,17,U,GT3,T,4,4,health,health,course,mother,1,1,0,no,no,no,yes,yes,yes,yes,no,5.0,3.0,4.0,1.0,2.0,5.0,2.0,14.0,15.0,17.0
GP,F,17,U,GT3,A,4,3,services,services,course,mother,1,2,0,no,yes,no,no,yes,yes,yes,yes,5.0,2.0,2.0,1.0,2.0,5.0,14.0,15.0,14.0,17.0
GP,F,17,U,LE3,A,3,3,services,other,home,mother,1,2,0,yes,yes,no,no,yes,yes,yes,no,5.0,3.0,3.0,1.0,1.0,5.0,0.0,12.0,12.0,13.0
GP,F,17,U,LE3,T,2,1,other,other,home,father,1,2,0,no,no,no,yes,yes,yes,yes,no,4.0,2.0,3.0,2.0,2.0,2.0,2.0,11.0,12.0,14.0
GP,M,18,U,LE3,T,4,4,other,other,reputation,father,1,1,0,no,yes,no,no,yes,yes,yes,no,4.0,2.0,5.0,3.0,4.0,5.0,2.0,8.0,9.0,11.0
GP,F,19,U,GT3,T,1,1,other,other,course,other,3,3,0,no,no,no,yes,yes,no,no,yes,1.0,5.0,5.0,4.0,3.0,5.0,12.0,10.0,10.0,11.0
GP,F,19,U,LE3,A,1,1,other,other,course,other,3,2,2,no,yes,no,no,no,yes,yes,yes,5.0,3.0,4.0,1.0,1.0,4.0,2.0,8.0,8.0,9.0
GP,F,18,U,GT3,T,2,2,other,other,course,mother,1,1,0,no,yes,no,yes,yes,yes,yes,yes,4.0,3.0,5.0,2.0,4.0,5.0,2.0,10.0,10.0,10.0
GP,F,17,U,GT3,T,2,2,other,other,course,mother,1,2,0,no,yes,no,no,yes,yes,no,yes,4.0,2.0,2.0,1.0,1.0,3.0,4.0,14.0,13.0,13.0
GP,F,17,R,LE3,T,2,2,services,services,course,mother,1,3,0,no,yes,no,yes,yes,yes,yes,no,3.0,3.0,2.0,2.0,2.0,3.0,0.0,11.0,11.0,10.0
GP,F,17,U,GT3,T,3,1,services,services,course,father,1,3,0,no,yes,no,no,no,yes,yes,no,3.0,4.0,3.0,2.0,3.0,5.0,0.0,17.0,18.0,17.0
GP,F,17,U,LE3,T,0,2,at_home,at_home,home,father,2,3,0,no,no,no,no,yes,yes,yes,no,3.0,3.0,3.0,2.0,3.0,2.0,0.0,14.0,14.0,15.0
GP,F,18,U,GT3,T,1,1,other,other,home,mother,2,3,0,no,no,no,yes,yes,yes,yes,no,4.0,5.0,5.0,1.0,2.0,2.0,0.0,14.0,14.0,14.0
GP,M,18,U,GT3,T,4,4,other,other,course,mother,1,3,0,no,no,no,yes,yes,yes,yes,no,4.0,3.0,3.0,2.0,2.0,3.0,0.0,13.0,14.0,13.0
GP,M,17,U,GT3,T,3,3,other,services,reputation,mother,1,1,0,no,no,no,yes,no,yes,yes,no,4.0,3.0,5.0,3.0,5.0,5.0,0.0,17.0,18.0,17.0
GP,M,17,R,GT3,T,2,2,services,other,course,mother,4,1,0,no,yes,no,no,yes,yes,yes,no,4.0,4.0,5.0,5.0,5.0,4.0,2.0,11.0,10.0,10.0
GP,F,17,U,GT3,T,4,4,teacher,services,course,mother,1,3,0,no,yes,no,yes,yes,yes,yes,no,5.0,4.0,4.0,1.0,3.0,4.0,0.0,13.0,12.0,13.0
GP,F,17,U,GT3,T,4,4,teacher,teacher,course,mother,2,3,0,no,yes,no,no,no,yes,yes,yes,4.0,3.0,3.0,1.0,2.0,4.0,4.0,15.0,14.0,15.0
GP,F,17,U,GT3,T,3,3,at_home,other,course,mother,1,1,0,no,yes,yes,yes,yes,yes,yes,no,4.0,2.0,5.0,2.0,5.0,5.0,2.0,11.0,12.0,11.0
GP,M,18,U,LE3,T,2,2,other,other,course,mother,1,4,0,no,yes,yes,yes,yes,yes,yes,no,4.0,5.0,5.0,2.0,4.0,5.0,0.0,11.0,11.0,12.0
GP,M,19,R,GT3,T,3,2,at_home,services,home,other,1,1,0,no,yes,no,no,no,yes,no,yes,5.0,3.0,4.0,2.0,2.0,5.0,0.0,11.0,10.0,10.0
GP,F,18,U,GT3,T,2,2,at_home,other,course,mother,4,2,0,no,no,no,yes,yes,yes,no,yes,4.0,2.0,5.0,1.0,1.0,2.0,2.0,10.0,9.0,10.0
GP,F,17,R,GT3,T,2,4,at_home,other,course,father,1,3,0,no,yes,no,no,yes,yes,yes,yes,4.0,4.0,3.0,1.0,1.0,5.0,0.0,15.0,15.0,15.0
GP,M,18,U,GT3,T,2,2,other,other,reputation,mother,1,1,0,no,no,no,no,no,yes,yes,no,5.0,4.0,2.0,1.0,2.0,5.0,6.0,15.0,14.0,15.0
GP,F,18,U,GT3,T,3,3,services,services,home,mother,1,2,0,no,no,no,yes,yes,yes,yes,no,5.0,3.0,4.0,1.0,1.0,4.0,8.0,10.0,11.0,12.0
GP,F,18,U,LE3,T,2,2,other,other,home,other,1,2,0,no,no,no,yes,no,yes,yes,yes,4.0,3.0,3.0,1.0,1.0,2.0,0.0,10.0,9.0,12.0
GP,F,18,R,GT3,T,2,2,at_home,other,course,mother,2,4,0,no,no,no,yes,yes,yes,no,no,4.0,4.0,4.0,1.0,1.0,4.0,6.0,14.0,13.0,14.0
GP,F,17,U,GT3,T,3,4,services,other,course,mother,1,3,0,no,no,no,no,yes,yes,yes,no,4.0,4.0,5.0,1.0,3.0,5.0,8.0,11.0,13.0,14.0
GP,F,17,U,GT3,T,3,2,other,other,home,mother,1,2,0,no,yes,no,no,yes,yes,yes,yes,4.0,3.0,2.0,2.0,3.0,2.0,0.0,12.0,13.0,15.0
GP,F,18,U,LE3,T,3,3,services,services,home,mother,1,4,0,no,yes,no,no,yes,yes,yes,no,5.0,3.0,3.0,1.0,1.0,1.0,4.0,14.0,14.0,15.0
GP,F,17,R,GT3,A,3,2,other,other,home,mother,1,2,0,no,yes,no,no,yes,yes,yes,no,4.0,3.0,3.0,2.0,3.0,2.0,0.0,14.0,14.0,16.0
GP,M,18,U,GT3,T,4,4,teacher,services,home,father,1,2,0,no,yes,no,yes,yes,yes,yes,no,4.0,3.0,3.0,2.0,2.0,2.0,0.0,12.0,12.0,13.0
GP,M,18,U,LE3,T,3,4,services,other,home,mother,1,2,0,no,no,no,yes,yes,yes,yes,yes,4.0,3.0,3.0,1.0,3.0,5.0,6.0,16.0,16.0,17.0
GP,F,17,U,GT3,A,2,2,at_home,at_home,home,father,1,2,0,no,yes,no,no,yes,yes,yes,yes,3.0,3.0,1.0,1.0,2.0,4.0,18.0,10.0,12.0,14.0
GP,F,18,U,GT3,T,2,3,at_home,other,course,mother,1,3,0,no,yes,no,no,yes,yes,yes,no,4.0,3.0,3.0,1.0,2.0,3.0,0.0,11.0,12.0,14.0
GP,F,18,U,GT3,T,3,2,other,services,other,mother,1,3,0,no,no,no,no,yes,yes,yes,yes,5.0,4.0,3.0,2.0,3.0,1.0,4.0,14.0,16.0,17.0
GP,M,18,R,GT3,T,4,3,teacher,services,course,mother,1,3,0,no,no,no,no,yes,yes,yes,yes,5.0,3.0,2.0,1.0,2.0,4.0,4.0,15.0,14.0,17.0
GP,M,18,U,GT3,T,4,3,teacher,other,course,mother,1,3,0,no,yes,no,no,yes,yes,yes,yes,5.0,4.0,5.0,2.0,3.0,5.0,0.0,14.0,13.0,14.0
GP,F,17,U,GT3,T,4,3,health,other,reputation,mother,1,3,0,no,yes,no,yes,yes,yes,yes,yes,4.0,4.0,3.0,1.0,3.0,4.0,0.0,11.0,12.0,13.0
GP,F,17,U,GT3,T,2,1,services,other,course,mother,2,2,0,no,yes,no,yes,yes,yes,yes,yes,4.0,3.0,4.0,2.0,2.0,1.0,10.0,12.0,15.0,15.0
GP,F,17,U,GT3,T,2,1,services,other,reputation,mother,1,2,0,no,yes,no,yes,yes,yes,yes,no,4.0,3.0,5.0,2.0,4.0,4.0,4.0,12.0,16.0,16.0
GP,F,19,U,LE3,A,2,3,at_home,other,home,other,2,1,1,no,no,no,no,yes,no,yes,no,2.0,2.0,3.0,3.0,4.0,5.0,16.0,10.0,11.0,11.0
GP,F,17,U,GT3,T,3,1,other,at_home,home,mother,1,1,1,no,yes,yes,no,yes,yes,yes,yes,4.0,1.0,2.0,1.0,1.0,3.0,6.0,10.0,13.0,13.0
GP,F,21,U,LE3,T,4,4,other,other,reputation,other,1,3,2,no,no,yes,yes,yes,yes,yes,no,3.0,3.0,2.0,1.0,1.0,5.0,0.0,9.0,12.0,12.0
GP,M,18,U,LE3,T,2,2,services,services,reputation,mother,1,2,0,no,yes,no,yes,no,no,yes,no,4.0,4.0,4.0,1.0,3.0,3.0,11.0,9.0,11.0,12.0
GP,M,18,U,LE3,A,3,4,other,other,reputation,other,1,2,0,no,no,no,yes,yes,yes,yes,yes,4.0,3.0,5.0,1.0,4.0,2.0,9.0,13.0,14.0,15.0
GP,F,17,U,GT3,T,2,2,services,services,reputation,mother,1,2,0,no,yes,no,yes,yes,yes,yes,no,4.0,3.0,4.0,1.0,3.0,4.0,0.0,13.0,17.0,17.0
GP,M,17,U,LE3,A,4,4,health,other,reputation,mother,1,3,0,no,yes,no,no,yes,yes,yes,no,4.0,4.0,2.0,1.0,2.0,4.0,2.0,12.0,15.0,15.0
GP,F,18,U,LE3,T,4,2,teacher,other,course,mother,1,2,0,no,yes,no,yes,yes,yes,yes,no,4.0,2.0,2.0,1.0,1.0,3.0,0.0,14.0,17.0,17.0
GP,M,21,R,LE3,T,1,1,at_home,other,course,other,2,2,2,no,yes,no,yes,yes,no,yes,yes,5.0,3.0,3.0,5.0,2.0,4.0,21.0,9.0,10.0,10.0
GP,F,20,R,GT3,T,1,1,other,other,reputation,other,2,3,0,no,no,no,no,yes,yes,yes,yes,3.0,2.0,2.0,1.0,3.0,3.0,8.0,11.0,15.0,15.0
GP,F,19,U,GT3,T,4,4,teacher,other,home,other,1,1,1,no,yes,no,no,yes,yes,yes,yes,3.0,2.0,5.0,4.0,4.0,5.0,5.0,9.0,10.0,11.0
GP,M,17,U,LE3,A,3,2,other,other,reputation,mother,1,2,0,no,yes,no,no,yes,yes,yes,no,4.0,4.0,4.0,1.0,2.0,5.0,10.0,16.0,18.0,18.0
GP,F,18,U,GT3,T,3,2,at_home,other,reputation,father,1,3,0,no,yes,no,no,yes,yes,yes,yes,4.0,3.0,4.0,1.0,2.0,2.0,5.0,14.0,17.0,17.0
GP,M,18,R,GT3,T,2,3,other,services,reputation,father,1,1,0,no,no,no,no,yes,yes,yes,no,3.0,1.0,3.0,4.0,5.0,4.0,13.0,13.0,14.0,14.0
GP,M,19,U,GT3,T,2,1,other,other,reputation,mother,1,1,0,no,no,no,no,yes,yes,yes,no,5.0,3.0,4.0,1.0,4.0,4.0,10.0,7.0,11.0,11.0
GP,F,18,U,LE3,A,2,2,services,other,reputation,mother,2,2,0,no,yes,no,no,yes,yes,yes,no,4.0,1.0,4.0,1.0,3.0,4.0,10.0,14.0,17.0,17.0
GP,F,20,U,GT3,T,1,0,other,other,reputation,mother,2,1,1,yes,no,no,no,yes,yes,yes,yes,5.0,3.0,1.0,1.0,1.0,5.0,5.0,8.0,10.0,10.0
GP,F,18,U,GT3,T,3,2,services,other,home,mother,1,2,0,no,yes,no,yes,no,yes,yes,yes,3.0,1.0,2.0,1.0,2.0,1.0,4.0,10.0,13.0,13.0
MS,F,16,U,GT3,T,1,3,at_home,other,other,father,2,1,0,no,yes,no,no,yes,no,yes,yes,4.0,3.0,3.0,1.0,3.0,5.0,11.0,10.0,11.0,11.0
MS,F,16,R,GT3,T,2,2,other,other,course,mother,2,2,0,no,yes,no,yes,yes,yes,yes,no,4.0,4.0,4.0,1.0,1.0,5.0,0.0,12.0,12.0,12.0
MS,F,15,R,GT3,T,1,1,at_home,services,other,mother,1,1,1,no,yes,no,no,yes,yes,no,yes,4.0,1.0,3.0,1.0,1.0,2.0,6.0,10.0,10.0,10.0
MS,F,15,R,GT3,T,3,3,at_home,other,course,mother,2,1,0,no,yes,no,no,yes,yes,yes,no,5.0,4.0,4.0,2.0,3.0,5.0,4.0,10.0,10.0,11.0
MS,F,16,R,GT3,T,2,3,at_home,services,course,mother,2,2,0,no,no,no,no,yes,yes,no,no,4.0,5.0,2.0,1.0,2.0,5.0,0.0,16.0,17.0,17.0
MS,F,15,R,LE3,T,2,1,at_home,other,home,mother,2,1,0,no,no,no,no,yes,no,no,no,1.0,3.0,4.0,1.0,1.0,1.0,0.0,6.0,8.0,9.0
MS,M,16,R,LE3,A,4,4,at_home,other,home,mother,1,2,0,no,yes,no,no,yes,yes,no,no,5.0,3.0,2.0,1.0,3.0,2.0,5.0,10.0,11.0,11.0
MS,M,16,U,GT3,A,1,2,other,other,other,mother,1,3,0,yes,no,no,no,yes,yes,yes,no,4.0,4.0,3.0,1.0,1.0,5.0,0.0,10.0,11.0,11.0
MS,F,17,R,GT3,T,3,2,at_home,other,course,father,1,2,1,no,no,no,no,yes,yes,no,yes,4.0,5.0,4.0,1.0,2.0,5.0,0.0,10.0,10.0,10.0
MS,F,17,R,GT3,T,1,1,other,other,other,father,1,1,1,no,yes,no,no,no,no,yes,no,5.0,4.0,4.0,2.0,2.0,5.0,0.0,6.0,6.0,7.0
MS,F,15,R,GT3,T,4,4,teacher,other,course,mother,2,1,0,no,no,no,no,yes,yes,yes,yes,1.0,5.0,1.0,3.0,5.0,5.0,0.0,13.0,14.0,14.0
MS,F,16,U,LE3,A,2,2,at_home,other,reputation,mother,2,4,0,no,no,no,yes,no,no,no,yes,1.0,2.0,1.0,1.0,1.0,1.0,4.0,10.0,9.0,11.0
MS,F,15,R,LE3,T,1,1,at_home,services,reputation,father,2,2,0,no,yes,no,no,yes,yes,yes,no,5.0,4.0,3.0,1.0,2.0,4.0,0.0,10.0,10.0,10.0
MS,F,15,R,LE3,T,1,1,other,services,course,mother,2,1,1,no,yes,no,no,yes,yes,yes,yes,4.0,4.0,3.0,1.0,2.0,2.0,4.0,6.0,7.0,8.0
MS,F,16,R,GT3,T,0,2,other,other,other,mother,2,1,0,no,yes,no,yes,yes,yes,no,no,3.0,2.0,3.0,1.0,2.0,2.0,0.0,12.0,11.0,12.0
MS,F,17,R,GT3,T,2,3,other,other,course,mother,2,1,0,no,yes,no,no,yes,yes,yes,no,5.0,5.0,5.0,1.0,3.0,3.0,2.0,10.0,11.0,12.0
MS,F,15,R,GT3,T,3,3,other,services,course,father,2,1,0,no,no,no,no,no,yes,yes,no,4.0,1.0,3.0,1.0,1.0,4.0,0.0,14.0,16.0,16.0
MS,M,16,U,GT3,T,1,1,at_home,services,home,mother,2,2,0,no,yes,no,yes,yes,yes,no,yes,5.0,4.0,5.0,4.0,5.0,3.0,0.0,7.0,0.0,0.0
MS,M,17,U,GT3,T,1,1,other,other,home,mother,1,2,0,no,no,yes,no,no,yes,yes,no,4.0,4.0,3.0,2.0,4.0,5.0,4.0,8.0,9.0,9.0
MS,M,15,R,LE3,T,4,1,health,services,reputation,father,1,2,0,no,yes,no,yes,yes,yes,yes,no,5.0,3.0,4.0,1.0,2.0,2.0,0.0,12.0,13.0,14.0
MS,M,15,R,LE3,T,4,1,health,services,reputation,father,1,2,0,no,yes,no,yes,yes,yes,yes,no,5.0,3.0,4.0,1.0,2.0,2.0,7.0,7.0,9.0,8.0
MS,M,16,R,GT3,T,3,4,other,health,other,mother,3,2,0,no,no,no,no,no,yes,no,no,3.0,4.0,5.0,1.0,2.0,5.0,4.0,9.0,10.0,11.0
MS,M,15,R,GT3,T,1,1,other,other,course,mother,4,2,0,no,yes,no,yes,yes,yes,no,yes,5.0,4.0,5.0,2.0,4.0,4.0,8.0,7.0,9.0,9.0
MS,M,15,U,LE3,T,3,3,at_home,at_home,reputation,father,1,2,0,no,yes,no,yes,yes,yes,yes,no,5.0,3.0,3.0,1.0,1.0,5.0,0.0,11.0,11.0,11.0
MS,M,17,R,GT3,T,2,1,other,other,other,mother,3,1,0,no,no,no,yes,yes,no,no,yes,5.0,5.0,5.0,5.0,5.0,3.0,8.0,8.0,10.0,9.0
MS,F,16,R,GT3,T,4,4,teacher,teacher,course,mother,2,3,0,no,no,no,yes,yes,yes,yes,yes,4.0,2.0,2.0,1.0,1.0,4.0,6.0,16.0,16.0,17.0
MS,F,15,R,GT3,T,1,2,other,services,course,mother,2,1,0,no,no,no,no,yes,yes,no,no,5.0,1.0,2.0,1.0,1.0,1.0,3.0,11.0,13.0,13.0
MS,F,16,R,GT3,T,2,3,other,services,course,mother,3,2,0,no,yes,no,no,yes,yes,yes,no,4.0,5.0,4.0,1.0,2.0,1.0,2.0,15.0,15.0,15.0
MS,M,16,R,GT3,T,1,2,other,other,course,father,2,2,0,no,no,no,no,yes,yes,no,no,4.0,3.0,3.0,1.0,1.0,5.0,0.0,10.0,11.0,11.0
MS,F,16,R,GT3,T,2,2,other,other,course,mother,3,2,0,no,yes,no,no,yes,yes,yes,no,4.0,4.0,5.0,1.0,1.0,4.0,4.0,9.0,10.0,11.0
MS,F,16,U,GT3,T,1,2,other,services,course,mother,1,3,1,no,yes,no,no,yes,yes,no,no,1.0,3.0,2.0,1.0,2.0,4.0,0.0,10.0,8.0,8.0
MS,F,16,U,GT3,T,1,2,other,services,course,mother,1,3,1,no,yes,no,no,yes,yes,no,no,1.0,3.0,2.0,1.0,2.0,4.0,3.0,9.0,8.0,8.0
MS,F,15,U,GT3,T,2,1,at_home,other,home,mother,1,2,0,yes,yes,no,no,no,yes,yes,no,4.0,4.0,2.0,3.0,3.0,2.0,0.0,9.0,10.0,9.0
MS,F,16,U,GT3,T,1,1,at_home,other,course,father,1,2,0,no,yes,no,no,no,yes,no,yes,5.0,4.0,3.0,2.0,1.0,2.0,0.0,13.0,14.0,15.0
MS,M,17,R,LE3,T,1,2,at_home,services,reputation,mother,1,1,0,no,yes,no,yes,yes,yes,yes,no,5.0,5.0,5.0,5.0,5.0,3.0,4.0,10.0,11.0,11.0
MS,F,16,R,GT3,T,1,1,other,other,home,father,4,4,0,no,yes,no,no,no,yes,yes,no,4.0,3.0,2.0,1.0,1.0,1.0,0.0,13.0,10.0,13.0
MS,F,16,R,GT3,T,1,1,at_home,other,other,father,4,3,0,yes,yes,no,no,yes,yes,no,no,4.0,4.0,3.0,1.0,1.0,5.0,2.0,10.0,9.0,10.0
MS,F,15,R,GT3,T,1,1,at_home,other,home,father,2,2,0,no,yes,no,yes,yes,yes,yes,no,4.0,3.0,3.0,1.0,1.0,2.0,1.0,11.0,10.0,11.0
MS,F,16,R,GT3,T,1,1,at_home,other,other,mother,2,1,0,no,no,no,yes,yes,yes,yes,yes,4.0,2.0,2.0,4.0,3.0,2.0,0.0,13.0,12.0,14.0
MS,F,15,R,GT3,T,1,1,at_home,at_home,course,father,3,2,0,no,yes,no,no,yes,yes,no,no,4.0,2.0,1.0,1.0,2.0,2.0,0.0,13.0,14.0,14.0
MS,F,15,R,LE3,T,2,2,other,other,other,father,1,3,0,yes,yes,no,no,yes,yes,no,no,4.0,4.0,3.0,2.0,2.0,5.0,2.0,14.0,11.0,12.0
MS,M,16,R,GT3,T,1,1,at_home,other,other,father,2,1,0,no,no,no,yes,yes,yes,no,no,3.0,4.0,4.0,3.0,4.0,5.0,6.0,11.0,11.0,11.0
MS,F,18,U,GT3,T,1,2,other,other,course,father,1,2,1,no,yes,no,yes,yes,yes,yes,yes,3.0,4.0,4.0,2.0,3.0,5.0,9.0,9.0,8.0,8.0
MS,M,15,U,GT3,T,3,1,other,services,home,mother,2,1,0,no,yes,no,no,yes,yes,no,no,3.0,2.0,3.0,1.0,3.0,4.0,0.0,10.0,9.0,11.0
MS,F,16,R,GT3,T,2,2,other,services,course,father,3,2,0,no,yes,no,yes,yes,yes,yes,no,5.0,3.0,4.0,1.0,1.0,2.0,1.0,14.0,13.0,14.0
MS,M,15,U,GT3,T,2,2,health,other,reputation,mother,3,1,0,no,no,no,no,yes,yes,no,no,4.0,3.0,3.0,1.0,2.0,4.0,1.0,13.0,12.0,13.0
MS,M,16,U,GT3,T,4,4,other,teacher,course,father,1,2,0,no,yes,no,yes,yes,yes,no,yes,4.0,3.0,1.0,1.0,1.0,3.0,0.0,13.0,12.0,13.0
MS,F,15,R,GT3,T,3,3,services,other,reputation,mother,1,2,0,no,yes,no,no,yes,yes,yes,yes,4.0,5.0,4.0,1.0,1.0,1.0,4.0,13.0,12.0,12.0
MS,F,16,R,GT3,T,2,2,at_home,other,course,mother,2,2,1,no,yes,no,yes,no,yes,no,no,4.0,4.0,4.0,2.0,3.0,5.0,2.0,12.0,11.0,12.0
MS,F,16,R,LE3,T,2,2,other,other,home,father,3,1,0,no,yes,no,yes,yes,yes,no,yes,4.0,3.0,2.0,1.0,1.0,4.0,0.0,14.0,14.0,16.0
MS,M,16,U,LE3,T,2,1,at_home,services,course,mother,2,1,0,no,yes,no,yes,yes,yes,yes,no,2.0,4.0,3.0,2.0,3.0,4.0,4.0,10.0,8.0,10.0
MS,M,15,R,LE3,T,1,3,at_home,other,reputation,father,3,1,0,no,yes,no,yes,yes,yes,yes,no,4.0,2.0,4.0,3.0,5.0,3.0,2.0,10.0,11.0,11.0
MS,F,15,U,GT3,T,2,2,other,services,course,mother,2,3,0,no,yes,no,yes,yes,yes,no,no,5.0,3.0,2.0,1.0,1.0,4.0,0.0,12.0,13.0,14.0
MS,F,16,R,LE3,T,2,1,other,other,home,mother,1,1,0,no,yes,no,no,yes,yes,yes,yes,5.0,4.0,3.0,1.0,1.0,5.0,2.0,10.0,8.0,8.0
MS,M,15,U,GT3,T,3,3,services,services,course,father,2,1,0,no,yes,no,yes,no,yes,yes,no,4.0,3.0,3.0,2.0,4.0,3.0,11.0,12.0,10.0,11.0
MS,F,16,R,GT3,T,1,1,at_home,other,course,father,2,2,3,yes,yes,no,no,yes,yes,no,no,3.0,4.0,3.0,1.0,1.0,1.0,0.0,7.0,7.0,8.0
MS,F,17,U,GT3,T,2,2,other,at_home,course,mother,1,1,0,no,yes,no,yes,yes,no,no,no,4.0,5.0,3.0,1.0,1.0,5.0,4.0,9.0,9.0,10.0
MS,F,19,U,GT3,T,2,3,at_home,services,course,other,1,1,1,no,no,no,no,yes,no,yes,yes,4.0,4.0,4.0,1.0,1.0,2.0,0.0,9.0,9.0,10.0
MS,F,17,R,GT3,T,2,1,at_home,other,course,mother,3,1,0,no,yes,no,yes,yes,no,no,yes,5.0,5.0,3.0,1.0,1.0,3.0,2.0,9.0,10.0,11.0
MS,F,15,R,LE3,T,1,1,at_home,other,course,mother,2,1,0,no,yes,no,no,yes,no,no,yes,5.0,2.0,1.0,1.0,3.0,4.0,0.0,9.0,10.0,9.0
MS,F,16,R,GT3,T,2,2,other,other,course,father,3,2,0,no,yes,no,no,yes,no,yes,no,3.0,4.0,5.0,1.0,2.0,1.0,1.0,9.0,10.0,11.0
MS,F,16,U,LE3,A,2,2,other,other,home,mother,1,1,0,no,yes,no,no,yes,no,no,no,4.0,3.0,4.0,1.0,2.0,1.0,6.0,7.0,7.0,8.0
MS,F,17,R,GT3,T,2,2,at_home,other,course,mother,2,2,0,no,yes,no,no,yes,yes,yes,no,4.0,3.0,5.0,1.0,2.0,4.0,0.0,11.0,10.0,11.0
MS,F,16,U,GT3,T,2,2,other,services,course,father,1,1,1,no,yes,yes,yes,no,yes,yes,no,4.0,4.0,3.0,1.0,4.0,3.0,1.0,9.0,10.0,10.0
MS,F,18,R,LE3,A,3,2,other,other,course,other,2,3,2,no,yes,no,no,no,no,no,yes,3.0,3.0,2.0,1.0,1.0,2.0,6.0,7.0,9.0,10.0
MS,F,19,U,GT3,T,1,1,at_home,services,course,mother,1,3,1,no,no,no,yes,yes,no,no,yes,5.0,3.0,1.0,1.0,1.0,3.0,6.0,7.0,9.0,9.0
MS,M,18,R,GT3,T,1,1,other,other,home,mother,2,1,1,no,no,no,yes,yes,no,yes,no,4.0,4.0,3.0,3.0,4.0,4.0,0.0,8.0,9.0,10.0
MS,F,18,R,GT3,T,1,1,at_home,at_home,course,mother,2,1,1,no,no,no,no,no,no,yes,yes,3.0,2.0,3.0,1.0,1.0,2.0,4.0,9.0,11.0,10.0
MS,F,19,U,GT3,T,1,1,other,other,course,other,2,2,1,no,yes,no,no,yes,yes,yes,yes,1.0,1.0,4.0,4.0,1.0,1.0,12.0,7.0,8.0,9.0
MS,F,16,R,GT3,A,2,2,health,other,course,mother,1,2,0,no,no,no,no,no,yes,no,yes,3.0,3.0,2.0,1.0,1.0,3.0,2.0,8.0,10.0,10.0
MS,F,17,U,GT3,T,0,1,other,at_home,course,father,2,1,0,no,no,no,yes,no,yes,no,no,2.0,4.0,4.0,3.0,5.0,5.0,5.0,9.0,9.0,10.0
MS,F,16,R,LE3,T,1,2,at_home,other,course,mother,1,2,0,no,no,no,yes,yes,no,yes,no,4.0,4.0,5.0,1.0,3.0,3.0,0.0,8.0,9.0,9.0
MS,F,16,U,GT3,T,3,3,other,other,reputation,mother,1,1,0,no,no,no,yes,yes,no,yes,yes,4.0,5.0,4.0,1.0,1.0,4.0,0.0,14.0,13.0,13.0
MS,F,16,R,LE3,T,1,1,services,services,home,mother,1,1,0,no,yes,no,yes,yes,yes,yes,yes,4.0,4.0,4.0,2.0,2.0,4.0,2.0,14.0,14.0,14.0
MS,M,17,U,GT3,T,3,3,services,at_home,course,mother,2,4,1,no,yes,yes,yes,yes,yes,no,no,5.0,4.0,5.0,3.0,4.0,5.0,0.0,10.0,11.0,10.0
MS,F,16,U,GT3,T,2,1,other,services,course,mother,1,2,0,no,yes,no,yes,yes,yes,yes,no,5.0,3.0,3.0,1.0,1.0,1.0,0.0,14.0,13.0,14.0
MS,F,16,U,GT3,T,2,2,services,other,course,mother,1,1,0,no,yes,yes,yes,yes,yes,no,yes,4.0,2.0,5.0,1.0,2.0,5.0,0.0,17.0,16.0,16.0
MS,M,17,U,GT3,T,1,2,other,other,course,father,1,1,1,no,yes,no,yes,yes,no,yes,yes,5.0,3.0,5.0,5.0,5.0,1.0,12.0,6.0,7.0,7.0
MS,M,16,U,LE3,T,4,3,other,other,course,father,1,1,0,no,no,no,yes,yes,yes,yes,no,4.0,2.0,5.0,1.0,5.0,5.0,8.0,14.0,12.0,13.0
MS,M,17,R,LE3,T,2,2,services,services,other,mother,3,4,1,no,yes,no,no,yes,yes,no,no,1.0,3.0,5.0,3.0,5.0,3.0,2.0,10.0,8.0,9.0
MS,F,16,U,GT3,T,1,1,other,other,course,other,1,4,0,yes,yes,no,yes,yes,yes,yes,no,2.0,2.0,1.0,1.0,1.0,5.0,0.0,14.0,14.0,14.0
MS,F,19,U,LE3,T,2,2,other,other,home,mother,1,3,0,no,no,no,no,yes,yes,yes,yes,5.0,4.0,5.0,1.0,1.0,1.0,0.0,12.0,13.0,13.0
MS,F,17,R,GT3,T,1,1,at_home,other,reputation,mother,2,1,0,no,yes,no,yes,no,yes,yes,yes,4.0,4.0,5.0,1.0,2.0,5.0,0.0,11.0,11.0,11.0
MS,F,20,U,GT3,T,3,3,at_home,services,other,mother,2,2,1,no,no,no,yes,yes,yes,yes,yes,3.0,3.0,4.0,2.0,4.0,3.0,8.0,11.0,9.0,10.0
MS,F,17,U,LE3,T,1,1,other,services,course,father,1,3,0,no,yes,no,no,yes,yes,no,yes,4.0,3.0,3.0,1.0,1.0,3.0,0.0,11.0,11.0,10.0
MS,M,17,R,GT3,T,2,2,other,other,course,mother,3,1,1,no,yes,no,no,no,yes,yes,no,4.0,4.0,5.0,1.0,2.0,5.0,0.0,10.0,9.0,9.0
MS,F,16,R,LE3,T,1,1,at_home,other,course,father,3,2,0,no,yes,no,no,yes,yes,no,no,5.0,3.0,2.0,1.0,1.0,1.0,0.0,16.0,17.0,18.0
MS,F,17,R,GT3,T,2,2,other,other,reputation,mother,2,2,0,no,yes,no,yes,yes,yes,no,no,5.0,3.0,2.0,1.0,1.0,1.0,0.0,15.0,17.0,17.0
MS,F,17,U,GT3,A,1,0,other,other,other,mother,2,2,0,no,no,no,no,yes,yes,yes,yes,4.0,4.0,5.0,1.0,1.0,4.0,1.0,11.0,9.0,10.0
MS,F,18,R,GT3,T,1,1,at_home,other,other,mother,1,2,1,no,yes,no,no,yes,yes,yes,yes,4.0,3.0,2.0,1.0,1.0,5.0,9.0,7.0,7.0,7.0
MS,F,16,U,GT3,T,3,1,other,other,course,mother,1,1,0,no,no,no,yes,yes,yes,yes,no,3.0,1.0,3.0,1.0,3.0,1.0,0.0,8.0,6.0,8.0
MS,F,16,U,GT3,T,3,2,services,at_home,course,mother,1,1,0,no,no,no,no,yes,yes,yes,no,3.0,1.0,3.0,1.0,4.0,3.0,2.0,7.0,6.0,7.0
MS,F,18,U,LE3,T,1,1,other,at_home,reputation,mother,2,2,0,yes,no,no,no,yes,yes,no,no,2.0,3.0,5.0,1.0,4.0,3.0,8.0,9.0,8.0,10.0
MS,F,16,R,GT3,T,4,4,health,teacher,reputation,father,1,2,0,no,no,no,yes,no,yes,yes,yes,4.0,3.0,3.0,2.0,3.0,2.0,0.0,14.0,16.0,16.0
MS,F,16,R,LE3,T,1,2,other,other,reputation,mother,2,1,0,no,no,no,yes,yes,yes,yes,no,5.0,4.0,5.0,1.0,4.0,2.0,0.0,14.0,14.0,15.0
MS,F,18,U,GT3,A,2,4,other,services,reputation,father,1,2,1,no,yes,no,no,yes,yes,yes,no,2.0,3.0,2.0,1.0,3.0,1.0,8.0,8.0,5.0,8.0
MS,M,16,R,GT3,T,2,1,other,services,reputation,mother,2,2,0,no,no,no,yes,yes,yes,yes,no,5.0,2.0,1.0,1.0,1.0,2.0,0.0,8.0,7.0,0.0
MS,F,16,U,LE3,T,1,1,at_home,other,other,mother,3,2,0,no,yes,no,no,yes,yes,yes,no,4.0,3.0,2.0,1.0,3.0,5.0,6.0,6.0,8.0,8.0
MS,F,16,R,GT3,T,2,3,at_home,services,other,mother,2,2,0,no,yes,no,yes,yes,yes,yes,no,3.0,3.0,3.0,1.0,1.0,2.0,0.0,8.0,10.0,10.0
MS,F,16,U,GT3,T,4,4,health,health,course,mother,1,2,0,no,yes,no,no,yes,yes,yes,yes,4.0,3.0,4.0,1.0,2.0,3.0,4.0,8.0,8.0,8.0
MS,M,18,U,LE3,T,4,4,at_home,health,home,mother,1,4,0,no,yes,no,yes,yes,no,yes,yes,5.0,5.0,5.0,5.0,5.0,5.0,2.0,5.0,6.0,6.0
MS,F,16,R,LE3,T,3,4,at_home,other,other,mother,3,2,0,no,yes,no,no,no,yes,no,no,4.0,2.0,1.0,1.0,1.0,2.0,2.0,7.0,9.0,8.0
MS,M,17,U,LE3,T,4,4,other,services,home,mother,1,3,0,no,yes,no,no,yes,yes,yes,no,4.0,4.0,3.0,1.0,2.0,5.0,0.0,15.0,14.0,16.0
MS,F,17,R,GT3,T,4,1,other,other,other,mother,1,1,0,no,no,no,no,yes,yes,yes,yes,4.0,2.0,3.0,1.0,2.0,5.0,1.0,13.0,14.0,14.0
MS,M,16,U,LE3,T,2,2,services,services,other,mother,4,3,0,no,no,no,no,yes,yes,no,no,5.0,1.0,3.0,2.0,2.0,3.0,0.0,10.0,9.0,10.0
MS,F,17,R,GT3,T,2,2,at_home,other,other,mother,1,1,0,no,yes,yes,no,yes,yes,yes,no,5.0,1.0,3.0,1.0,2.0,5.0,5.0,9.0,9.0,9.0
MS,F,16,U,LE3,T,4,4,services,services,other,father,2,1,0,no,yes,no,no,yes,yes,no,no,5.0,1.0,3.0,1.0,2.0,5.0,1.0,11.0,11.0,11.0
MS,M,17,U,GT3,T,3,3,services,services,home,mother,1,1,0,no,yes,no,yes,yes,yes,yes,no,4.0,1.0,4.0,5.0,5.0,3.0,8.0,7.0,10.0,9.0
MS,M,17,U,GT3,T,1,1,at_home,services,other,mother,3,2,0,no,no,no,no,yes,yes,yes,yes,5.0,1.0,3.0,3.0,3.0,1.0,0.0,10.0,10.0,10.0
MS,M,16,U,GT3,T,2,1,health,services,other,mother,2,2,0,no,no,no,no,no,yes,yes,yes,4.0,2.0,2.0,1.0,4.0,5.0,2.0,9.0,7.0,8.0
MS,F,16,U,LE3,T,2,1,other,services,other,mother,1,2,0,no,no,no,no,yes,yes,yes,yes,3.0,2.0,2.0,1.0,1.0,3.0,0.0,14.0,15.0,16.0
MS,M,16,U,LE3,T,4,4,teacher,health,other,father,1,1,0,no,yes,no,no,yes,yes,yes,no,4.0,1.0,2.0,2.0,5.0,5.0,0.0,11.0,12.0,12.0
MS,M,15,R,GT3,T,1,2,other,services,course,mother,3,2,0,no,yes,no,yes,yes,yes,no,no,5.0,5.0,5.0,1.0,3.0,5.0,11.0,9.0,11.0,10.0
MS,M,15,U,LE3,A,2,2,other,other,reputation,mother,3,4,0,no,yes,no,yes,yes,yes,no,no,5.0,4.0,5.0,2.0,3.0,5.0,8.0,13.0,14.0,14.0
MS,M,15,U,LE3,A,2,1,services,services,course,mother,1,1,0,no,no,no,yes,yes,yes,yes,no,4.0,3.0,3.0,1.0,2.0,5.0,11.0,12.0,13.0,12.0
MS,F,16,R,LE3,T,2,2,other,other,course,mother,1,3,0,no,yes,no,no,no,yes,no,yes,4.0,3.0,3.0,2.0,2.0,5.0,2.0,11.0,11.0,11.0
MS,F,16,U,LE3,T,4,1,other,other,home,mother,2,2,0,no,yes,no,yes,yes,yes,yes,no,1.0,2.0,4.0,2.0,2.0,1.0,8.0,9.0,10.0,10.0
MS,F,17,U,GT3,T,3,2,at_home,other,home,mother,2,1,0,no,no,no,no,yes,yes,no,yes,4.0,3.0,3.0,2.0,2.0,1.0,5.0,9.0,11.0,11.0
MS,F,17,R,GT3,T,2,2,other,other,other,mother,2,2,0,yes,no,yes,no,yes,yes,no,no,5.0,1.0,3.0,1.0,1.0,5.0,0.0,11.0,9.0,11.0
MS,F,16,U,GT3,T,4,4,teacher,services,course,mother,2,3,0,no,yes,no,no,yes,yes,yes,yes,5.0,3.0,5.0,1.0,4.0,5.0,1.0,10.0,11.0,12.0
MS,M,17,R,GT3,T,4,4,health,other,course,father,3,1,3,no,no,no,yes,yes,yes,yes,yes,3.0,3.0,3.0,1.0,3.0,5.0,2.0,9.0,9.0,8.0
MS,M,17,R,LE3,T,1,3,other,other,course,father,2,1,0,no,no,no,yes,yes,yes,no,yes,5.0,1.0,2.0,3.0,3.0,5.0,2.0,12.0,11.0,12.0
MS,M,17,U,GT3,T,3,4,services,other,other,mother,1,2,1,no,yes,no,yes,no,yes,yes,yes,5.0,4.0,4.0,3.0,4.0,5.0,8.0,8.0,9.0,8.0
MS,F,17,U,GT3,T,4,4,health,health,course,father,1,2,0,no,yes,no,no,yes,yes,yes,no,5.0,2.0,5.0,1.0,1.0,5.0,0.0,13.0,15.0,16.0
MS,M,16,R,LE3,T,4,1,other,at_home,other,father,1,1,0,no,no,no,no,yes,yes,yes,no,4.0,1.0,2.0,2.0,1.0,2.0,0.0,10.0,11.0,11.0
MS,F,17,U,GT3,A,1,1,at_home,at_home,other,mother,1,2,0,no,no,no,yes,yes,yes,yes,yes,4.0,5.0,5.0,1.0,2.0,3.0,2.0,11.0,10.0,11.0
MS,F,17,R,GT3,T,4,2,other,other,course,mother,2,2,0,yes,yes,no,no,no,yes,yes,no,4.0,3.0,3.0,2.0,3.0,5.0,0.0,17.0,18.0,18.0
MS,M,16,U,LE3,A,2,2,other,services,course,father,2,2,0,no,yes,no,no,no,yes,yes,yes,4.0,1.0,2.0,2.0,2.0,5.0,0.0,12.0,13.0,13.0
MS,M,17,U,GT3,T,3,2,other,other,other,father,2,2,0,no,yes,yes,no,yes,yes,yes,no,4.0,1.0,2.0,2.0,2.0,1.0,0.0,13.0,14.0,13.0
MS,M,19,U,GT3,T,1,1,other,other,other,mother,1,2,2,no,yes,no,yes,yes,no,yes,no,4.0,4.0,3.0,3.0,4.0,4.0,2.0,9.0,9.0,10.0
MS,M,17,U,LE3,A,1,0,other,other,home,mother,1,1,0,no,no,no,no,yes,yes,no,yes,4.0,1.0,2.0,1.0,1.0,5.0,4.0,11.0,11.0,12.0
MS,F,17,R,GT3,T,1,1,at_home,at_home,course,father,2,1,0,no,yes,no,yes,yes,no,yes,yes,3.0,5.0,5.0,2.0,2.0,4.0,3.0,10.0,11.0,10.0
MS,F,16,R,GT3,T,1,2,other,other,home,father,1,3,0,yes,yes,no,no,no,yes,yes,yes,4.0,3.0,4.0,1.0,1.0,3.0,5.0,13.0,14.0,13.0
MS,M,16,R,LE3,T,1,2,other,at_home,course,mother,1,1,0,no,no,no,no,yes,yes,no,no,4.0,4.0,4.0,2.0,4.0,5.0,4.0,9.0,10.0,11.0
MS,F,17,R,GT3,T,3,1,other,other,course,mother,2,2,3,no,yes,no,yes,no,yes,yes,yes,5.0,4.0,4.0,1.0,1.0,5.0,2.0,7.0,9.0,10.0
MS,M,17,R,GT3,T,2,2,other,other,course,mother,2,1,0,no,no,no,yes,yes,no,no,yes,5.0,5.0,5.0,3.0,5.0,5.0,0.0,8.0,13.0,10.0
MS,M,18,R,GT3,T,1,0,at_home,at_home,course,other,3,1,1,yes,yes,no,no,yes,yes,no,no,4.0,3.0,2.0,1.0,1.0,4.0,0.0,12.0,12.0,13.0
MS,M,17,R,GT3,T,1,1,other,services,course,mother,2,1,0,no,yes,no,yes,no,yes,yes,yes,4.0,5.0,5.0,1.0,3.0,2.0,0.0,10.0,9.0,10.0
MS,M,18,U,LE3,T,1,1,at_home,at_home,course,mother,2,2,0,no,yes,no,yes,yes,yes,no,no,4.0,3.0,3.0,1.0,4.0,5.0,6.0,10.0,9.0,10.0
MS,F,16,R,LE3,T,2,2,other,services,course,father,1,2,0,no,no,no,yes,yes,yes,no,yes,5.0,4.0,3.0,1.0,1.0,1.0,0.0,11.0,13.0,12.0
MS,M,17,U,GT3,T,2,2,other,other,course,mother,1,1,1,no,no,no,yes,yes,yes,no,yes,1.0,2.0,1.0,2.0,3.0,5.0,0.0,7.0,0.0,0.0
MS,M,16,R,GT3,T,3,2,services,other,course,father,2,1,0,no,no,no,no,yes,yes,yes,no,4.0,5.0,5.0,2.0,3.0,5.0,2.0,11.0,9.0,10.0
MS,M,16,R,LE3,T,1,1,at_home,other,course,mother,2,1,0,no,no,no,yes,yes,yes,yes,no,4.0,5.0,5.0,2.0,4.0,5.0,0.0,10.0,10.0,9.0
MS,M,18,R,GT3,T,1,1,services,other,course,other,2,1,1,no,yes,no,no,yes,no,yes,yes,5.0,3.0,3.0,2.0,3.0,5.0,2.0,9.0,7.0,9.0
MS,M,18,R,GT3,T,3,2,services,other,course,mother,1,1,1,no,no,no,no,yes,no,yes,no,2.0,3.0,1.0,2.0,2.0,5.0,0.0,4.0,0.0,0.0
MS,M,19,U,GT3,T,3,2,at_home,services,course,mother,2,1,3,no,no,no,yes,yes,yes,no,no,3.0,2.0,1.0,1.0,1.0,3.0,4.0,6.0,11.0,9.0
MS,M,18,U,GT3,T,3,3,at_home,at_home,course,mother,1,2,2,no,yes,no,yes,yes,no,yes,no,4.0,4.0,5.0,1.0,3.0,3.0,9.0,4.0,8.0,8.0
MS,M,16,R,GT3,T,2,2,services,services,course,mother,2,1,0,no,yes,no,yes,yes,yes,yes,yes,5.0,4.0,3.0,2.0,4.0,4.0,6.0,7.0,8.0,8.0
MS,M,19,U,GT3,T,2,1,at_home,other,course,other,2,1,3,no,no,no,yes,no,no,yes,yes,4.0,4.0,3.0,1.0,3.0,5.0,4.0,8.0,9.0,9.0
MS,F,16,U,GT3,A,3,2,services,at_home,course,mother,2,2,2,no,yes,no,yes,yes,yes,no,yes,2.0,5.0,5.0,1.0,1.0,1.0,8.0,5.0,5.0,7.0
MS,F,17,U,GT3,T,1,1,other,at_home,course,mother,1,1,0,no,yes,no,yes,yes,yes,no,no,4.0,3.0,2.0,1.0,2.0,5.0,9.0,7.0,9.0,10.0
MS,M,20,R,GT3,T,1,1,other,other,course,other,2,1,1,no,yes,no,no,yes,no,yes,yes,4.0,4.0,3.0,2.0,4.0,4.0,12.0,8.0,11.0,10.0
MS,F,18,R,GT3,A,4,3,services,services,course,mother,1,1,0,no,yes,no,no,yes,yes,yes,no,5.0,4.0,4.0,3.0,4.0,2.0,8.0,10.0,11.0,10.0
MS,M,18,R,GT3,T,3,2,other,other,course,mother,2,1,0,no,yes,no,no,no,yes,yes,no,2.0,5.0,5.0,5.0,5.0,5.0,8.0,9.0,10.0,11.0
MS,M,19,R,GT3,T,1,1,other,services,home,other,3,2,1,no,no,no,no,yes,yes,yes,no,5.0,4.0,4.0,3.0,3.0,2.0,8.0,10.0,9.0,11.0
MS,M,17,U,GT3,T,3,3,health,other,course,mother,2,2,1,no,yes,no,no,yes,yes,yes,no,4.0,5.0,4.0,2.0,3.0,3.0,4.0,8.0,9.0,10.0
MS,M,18,U,LE3,T,1,3,at_home,services,course,mother,1,1,0,no,no,no,no,yes,no,yes,yes,4.0,3.0,3.0,2.0,3.0,3.0,0.0,9.0,10.0,9.0
MS,M,19,R,GT3,T,1,1,other,other,home,other,3,1,1,no,yes,no,no,yes,yes,yes,no,4.0,4.0,4.0,3.0,3.0,5.0,4.0,8.0,9.0,10.0
MS,F,18,U,GT3,A,1,2,at_home,other,course,mother,2,2,2,no,yes,no,no,yes,yes,no,no,4.0,3.0,3.0,1.0,1.0,5.0,2.0,6.0,8.0,8.0
MS,F,19,U,LE3,A,1,1,at_home,other,course,mother,1,1,0,no,yes,no,no,yes,no,no,no,1.0,4.0,4.0,1.0,1.0,5.0,0.0,6.0,8.0,7.0
MS,F,18,R,GT3,T,2,2,other,other,other,mother,2,1,1,no,no,no,no,yes,no,yes,yes,5.0,5.0,5.0,1.0,1.0,3.0,0.0,8.0,6.0,0.0
MS,F,17,R,GT3,T,0,0,at_home,other,course,mother,2,1,0,no,yes,no,no,yes,yes,yes,no,4.0,4.0,3.0,1.0,1.0,5.0,0.0,10.0,11.0,11.0
MS,F,17,R,LE3,A,3,1,other,at_home,course,other,2,3,0,no,yes,yes,no,yes,no,no,no,4.0,2.0,3.0,2.0,2.0,3.0,5.0,8.0,7.0,8.0
MS,F,17,U,GT3,T,4,2,teacher,services,home,mother,1,2,0,yes,yes,no,yes,yes,yes,yes,no,5.0,5.0,5.0,1.0,3.0,5.0,0.0,8.0,8.0,0.0
MS,F,18,R,LE3,T,2,2,services,services,course,mother,1,2,1,no,yes,no,yes,yes,yes,yes,no,2.0,3.0,3.0,1.0,2.0,4.0,3.0,7.0,6.0,8.0
MS,F,17,U,GT3,T,4,1,health,at_home,course,mother,1,1,0,no,yes,no,no,yes,yes,no,yes,3.0,2.0,2.0,1.0,1.0,5.0,0.0,8.0,10.0,9.0
MS,F,17,U,LE3,T,1,2,at_home,other,course,father,1,1,0,no,no,no,no,yes,yes,yes,no,5.0,5.0,1.0,1.0,1.0,3.0,0.0,7.0,10.0,10.0
MS,F,18,U,GT3,T,1,1,other,other,course,mother,3,2,2,no,no,no,yes,yes,yes,no,yes,3.0,4.0,4.0,2.0,2.0,5.0,3.0,7.0,8.0,7.0
MS,F,18,U,GT3,T,2,2,services,at_home,reputation,father,2,2,0,no,no,no,yes,no,yes,yes,no,4.0,3.0,5.0,1.0,1.0,1.0,2.0,12.0,13.0,14.0
MS,F,17,U,GT3,T,3,3,services,services,course,mother,2,1,0,no,yes,no,no,yes,yes,yes,no,4.0,4.0,3.0,1.0,1.0,4.0,0.0,11.0,12.0,13.0
MS,F,18,U,LE3,A,1,2,at_home,other,reputation,mother,2,2,0,no,no,no,no,yes,yes,yes,no,4.0,4.0,3.0,1.0,2.0,4.0,0.0,12.0,13.0,14.0
MS,F,18,U,GT3,T,4,4,teacher,teacher,reputation,mother,2,2,0,no,no,no,yes,no,yes,yes,no,4.0,3.0,5.0,1.0,2.0,1.0,0.0,18.0,18.0,18.0
MS,M,18,U,LE3,T,4,4,services,other,reputation,mother,1,1,0,no,yes,no,yes,yes,yes,yes,no,5.0,4.0,5.0,1.0,1.0,5.0,3.0,17.0,17.0,17.0
MS,F,17,U,GT3,T,4,2,other,other,course,mother,2,2,0,no,yes,no,no,yes,yes,yes,no,4.0,3.0,3.0,1.0,2.0,4.0,0.0,17.0,18.0,18.0
MS,F,18,R,GT3,T,2,2,at_home,other,course,mother,3,2,1,no,no,no,yes,yes,yes,no,yes,4.0,3.0,3.0,1.0,1.0,4.0,0.0,9.0,0.0,0.0
MS,M,18,U,LE3,T,1,2,at_home,services,home,mother,2,1,0,no,yes,no,no,no,yes,no,no,4.0,1.0,4.0,5.0,5.0,1.0,8.0,10.0,11.0,11.0
MS,M,18,R,GT3,T,4,4,at_home,services,other,mother,3,1,0,no,yes,yes,yes,yes,yes,yes,yes,2.0,5.0,5.0,1.0,1.0,1.0,5.0,12.0,13.0,14.0
MS,M,17,R,GT3,T,1,1,other,services,other,father,3,1,0,no,no,no,no,no,no,no,no,4.0,2.0,3.0,3.0,4.0,4.0,4.0,12.0,13.0,14.0
MS,F,18,U,GT3,T,2,2,other,other,course,mother,2,2,0,no,yes,no,no,no,yes,yes,yes,1.0,3.0,1.0,1.0,1.0,2.0,4.0,8.0,8.0,10.0
MS,F,18,U,LE3,T,2,2,services,services,course,father,2,3,0,no,no,no,no,yes,yes,yes,yes,5.0,4.0,5.0,1.0,4.0,3.0,0.0,11.0,12.0,13.0
MS,F,18,R,LE3,A,4,2,teacher,other,reputation,mother,1,2,0,no,no,no,yes,yes,yes,yes,yes,5.0,3.0,1.0,1.0,1.0,5.0,0.0,5.0,0.0,0.0
MS,F,18,U,GT3,T,1,1,at_home,services,course,mother,3,2,1,no,no,no,no,yes,no,no,no,4.0,4.0,2.0,1.0,2.0,2.0,2.0,9.0,10.0,10.0
MS,F,19,U,GT3,T,1,1,at_home,services,other,father,2,1,1,no,no,no,no,yes,no,no,no,5.0,5.0,5.0,2.0,3.0,2.0,0.0,5.0,0.0,0.0
MS,F,17,U,GT3,T,4,2,teacher,other,course,father,2,4,0,no,no,no,no,yes,yes,yes,yes,4.0,2.0,3.0,3.0,1.0,5.0,0.0,18.0,18.0,18.0
MS,F,17,R,LE3,A,2,1,services,other,reputation,mother,2,2,0,no,no,no,yes,yes,yes,yes,yes,5.0,3.0,3.0,1.0,2.0,2.0,5.0,11.0,11.0,12.0
MS,F,18,U,LE3,A,1,1,at_home,services,course,mother,1,2,0,no,no,no,no,yes,yes,no,yes,5.0,2.0,3.0,1.0,2.0,3.0,2.0,8.0,10.0,11.0
MS,F,18,U,GT3,T,1,2,at_home,at_home,course,father,2,2,0,no,yes,no,no,yes,no,no,no,4.0,1.0,1.0,1.0,1.0,4.0,0.0,11.0,11.0,12.0
MS,F,19,R,GT3,A,1,1,at_home,at_home,course,other,2,2,3,no,yes,no,yes,yes,no,no,yes,3.0,5.0,4.0,1.0,4.0,1.0,0.0,8.0,0.0,0.0
MS,F,18,R,GT3,T,2,2,services,other,home,mother,2,3,0,no,no,no,no,yes,yes,yes,yes,4.0,2.0,1.0,1.0,1.0,4.0,5.0,14.0,14.0,15.0
MS,M,17,R,GT3,T,4,3,services,other,home,mother,2,2,1,no,yes,yes,yes,no,yes,yes,yes,4.0,5.0,5.0,1.0,3.0,2.0,4.0,10.0,11.0,11.0
MS,F,18,U,GT3,T,3,3,services,services,course,father,1,2,0,no,yes,no,no,yes,yes,no,yes,5.0,3.0,4.0,1.0,1.0,5.0,0.0,10.0,10.0,10.0
MS,F,17,R,GT3,T,4,4,teacher,services,other,father,2,2,0,no,yes,yes,yes,yes,yes,yes,no,4.0,3.0,3.0,1.0,2.0,5.0,2.0,12.0,12.0,12.0
MS,F,17,U,LE3,A,3,2,services,other,reputation,mother,2,2,0,no,no,no,no,yes,yes,no,yes,1.0,2.0,3.0,1.0,2.0,5.0,0.0,15.0,14.0,15.0
MS,M,18,U,LE3,T,1,1,other,services,home,father,2,1,0,no,no,no,no,no,yes,yes,yes,3.0,3.0,2.0,1.0,2.0,3.0,2.0,14.0,13.0,14.0
MS,F,18,U,LE3,T,1,1,at_home,services,course,father,2,3,0,no,no,no,no,yes,yes,yes,no,5.0,3.0,2.0,1.0,1.0,4.0,0.0,19.0,17.0,18.0
MS,F,18,R,LE3,A,1,2,at_home,other,course,mother,3,2,0,no,no,no,no,yes,yes,no,yes,4.0,3.0,4.0,1.0,4.0,5.0,0.0,16.0,15.0,15.0
MS,F,18,U,GT3,T,3,3,services,services,other,mother,2,2,0,no,yes,no,no,yes,yes,yes,yes,4.0,3.0,2.0,1.0,3.0,3.0,6.0,13.0,12.0,13.0
MS,F,17,U,LE3,T,4,4,at_home,at_home,course,mother,1,2,0,no,yes,no,yes,yes,yes,yes,yes,2.0,3.0,4.0,1.0,1.0,1.0,4.0,15.0,14.0,15.0
MS,F,17,R,GT3,T,1,2,other,services,course,father,2,2,0,no,no,no,no,no,yes,no,no,3.0,2.0,2.0,1.0,2.0,3.0,0.0,13.0,13.0,13.0
MS,M,18,R,GT3,T,1,3,at_home,other,course,mother,2,2,0,no,yes,yes,no,yes,yes,no,no,3.0,3.0,4.0,2.0,4.0,3.0,0.0,8.0,10.0,9.0
MS,M,18,U,LE3,T,4,4,teacher,services,other,mother,2,3,0,no,no,no,no,yes,yes,yes,yes,4.0,2.0,2.0,2.0,2.0,5.0,0.0,15.0,16.0,16.0
MS,F,17,R,GT3,T,1,1,other,services,reputation,mother,3,1,1,no,yes,no,no,yes,yes,yes,yes,5.0,2.0,1.0,1.0,2.0,1.0,0.0,8.0,8.0,9.0
MS,F,18,U,GT3,T,2,3,at_home,services,course,father,2,1,0,no,yes,no,no,yes,yes,yes,yes,5.0,2.0,3.0,1.0,2.0,4.0,0.0,10.0,10.0,10.0
MS,F,18,R,GT3,T,4,4,other,teacher,other,father,3,2,0,no,yes,no,no,no,yes,yes,yes,3.0,2.0,2.0,4.0,2.0,5.0,0.0,7.0,5.0,0.0
MS,M,18,R,LE3,T,1,2,at_home,services,other,father,3,1,0,no,yes,no,yes,yes,no,yes,yes,4.0,3.0,3.0,2.0,3.0,3.0,3.0,9.0,10.0,10.0
MS,F,17,U,GT3,T,2,2,other,at_home,home,mother,1,3,0,no,no,no,yes,yes,yes,no,yes,3.0,4.0,3.0,1.0,1.0,3.0,8.0,10.0,11.0,12.0
MS,F,17,R,GT3,T,1,2,other,other,course,mother,1,1,0,no,no,no,yes,yes,yes,yes,no,3.0,5.0,5.0,1.0,3.0,1.0,4.0,7.0,8.0,9.0
MS,F,18,R,LE3,T,4,4,other,other,reputation,mother,2,3,0,no,no,no,no,yes,yes,yes,no,5.0,4.0,4.0,1.0,1.0,1.0,0.0,15.0,17.0,17.0
MS,F,18,R,GT3,T,1,1,other,other,home,mother,4,3,0,no,no,no,no,yes,yes,yes,no,4.0,3.0,2.0,1.0,2.0,4.0,4.0,10.0,11.0,12.0
MS,F,19,R,GT3,T,1,1,at_home,other,course,other,2,2,1,no,yes,no,no,yes,yes,yes,yes,4.0,3.0,3.0,1.0,1.0,3.0,4.0,7.0,8.0,9.0
MS,F,18,R,LE3,T,4,4,teacher,services,course,mother,1,2,0,no,no,no,yes,yes,yes,yes,no,5.0,4.0,3.0,3.0,4.0,2.0,1.0,13.0,14.0,14.0
MS,F,18,U,GT3,T,3,3,other,other,home,mother,1,2,0,no,no,no,no,yes,yes,yes,yes,4.0,1.0,3.0,1.0,2.0,1.0,1.0,16.0,16.0,16.0
MS,F,17,R,GT3,T,3,1,at_home,other,reputation,mother,1,2,0,no,yes,no,yes,no,yes,yes,no,4.0,5.0,4.0,2.0,3.0,1.0,10.0,8.0,9.0,9.0
MS,M,18,U,GT3,T,4,4,teacher,teacher,home,father,1,2,0,no,no,no,yes,no,yes,yes,no,3.0,2.0,4.0,1.0,4.0,2.0,4.0,17.0,18.0,19.0
MS,M,18,R,GT3,T,2,1,other,other,other,mother,2,1,0,no,no,no,yes,no,yes,yes,yes,4.0,4.0,3.0,1.0,3.0,5.0,0.0,7.0,7.0,0.0
MS,M,17,U,GT3,T,2,3,other,services,home,father,2,2,0,no,no,no,yes,yes,yes,yes,no,4.0,4.0,3.0,1.0,1.0,3.0,4.0,14.0,15.0,16.0
MS,M,19,R,GT3,T,1,1,other,services,other,mother,2,1,1,no,no,no,no,yes,yes,no,no,4.0,3.0,2.0,1.0,3.0,5.0,0.0,5.0,8.0,0.0
MS,M,18,R,GT3,T,4,2,other,other,home,father,2,1,1,no,no,yes,no,yes,yes,no,no,5.0,4.0,3.0,4.0,3.0,3.0,0.0,7.0,7.0,0.0
MS,F,18,R,GT3,T,2,2,at_home,other,other,mother,2,3,0,no,no,no,no,yes,yes,no,no,5.0,3.0,3.0,1.0,3.0,4.0,0.0,14.0,17.0,15.0
MS,F,17,U,GT3,T,4,3,teacher,other,other,mother,2,2,0,no,no,no,no,yes,yes,yes,no,5.0,5.0,4.0,1.0,1.0,1.0,0.0,6.0,9.0,11.0
MS,F,18,R,GT3,T,4,4,teacher,at_home,reputation,mother,3,1,0,no,yes,no,yes,yes,yes,yes,yes,4.0,4.0,3.0,2.0,2.0,5.0,4.0,7.0,9.0,10.0
MS,F,19,R,GT3,T,2,3,services,other,course,mother,1,3,1,no,no,no,yes,no,yes,yes,no,5.0,4.0,2.0,1.0,2.0,5.0,4.0,10.0,11.0,10.0
MS,F,18,U,LE3,T,3,1,teacher,services,course,mother,1,2,0,no,yes,no,no,yes,yes,yes,no,4.0,3.0,4.0,1.0,1.0,1.0,4.0,15.0,15.0,16.0
MS,F,18,U,GT3,T,1,1,other,other,course,mother,2,2,0,no,no,no,yes,yes,yes,no,no,1.0,1.0,1.0,1.0,1.0,5.0,6.0,11.0,12.0,9.0
MS,M,17,U,LE3,T,3,1,services,services,course,mother,2,1,0,no,no,no,no,no,yes,yes,no,2.0,4.0,5.0,3.0,4.0,2.0,6.0,10.0,10.0,10.0
MS,M,18,R,LE3,T,3,2,services,other,course,mother,3,1,0,no,no,no,no,no,yes,yes,no,4.0,4.0,1.0,3.0,4.0,5.0,4.0,10.0,11.0,11.0
no,yes,no,yes,yes,yes,no,no,5,3,2,1,1,4,0,12,13,14,,,,,,,,,,,,,,,
MS,F,16,R,LE3,T,2,1,other,other,home,mother,1,1,0,no,yes,no,no,yes,yes,yes,yes,5.0,4.0,3.0,1.0,1.0,5.0,2.0,10.0,8.0,8.0
MS,M,15,U,GT3,T,3,3,services,services,course,father,2,1,0,no,yes,no,yes,no,yes,yes,no,4.0,3.0,3.0,2.0,4.0,3.0,11.0,12.0,10.0,11.0
MS,F,16,R,GT3,T,1,1,at_home,other,course,father,2,2,3,yes,yes,no,no,yes,yes,no,no,3.0,4.0,3.0,1.0,1.0,1.0,0.0,7.0,7.0,8.0
MS,F,17,U,GT3,T,2,2,other,at_home,course,mother,1,1,0,no,yes,no,yes,yes,no,no,no,4.0,5.0,3.0,1.0,1.0,5.0,4.0,9.0,9.0,10.0
MS,F,19,U,GT3,T,2,3,at_home,services,course,other,1,1,1,no,no,no,no,yes,no,yes,yes,4.0,4.0,4.0,1.0,1.0,2.0,0.0,9.0,9.0,10.0
MS,F,17,R,GT3,T,2,1,at_home,other,course,mother,3,1,0,no,yes,no,yes,yes,no,no,yes,5.0,5.0,3.0,1.0,1.0,3.0,2.0,9.0,10.0,11.0
MS,F,15,R,LE3,T,1,1,at_home,other,course,mother,2,1,0,no,yes,no,no,yes,no,no,yes,5.0,2.0,1.0,1.0,3.0,4.0,0.0,9.0,10.0,9.0
MS,F,16,R,GT3,T,2,2,other,other,course,father,3,2,0,no,yes,no,no,yes,no,yes,no,3.0,4.0,5.0,1.0,2.0,1.0,1.0,9.0,10.0,11.0
MS,F,16,U,LE3,A,2,2,other,other,home,mother,1,1,0,no,yes,no,no,yes,no,no,no,4.0,3.0,4.0,1.0,2.0,1.0,6.0,7.0,7.0,8.0
MS,F,17,R,GT3,T,2,2,at_home,other,course,mother,2,2,0,no,yes,no,no,yes,yes,yes,no,4.0,3.0,5.0,1.0,2.0,4.0,0.0,11.0,10.0,11.0
MS,F,16,U,GT3,T,2,2,other,services,course,father,1,1,1,no,yes,yes,yes,no,yes,yes,no,4.0,4.0,3.0,1.0,4.0,3.0,1.0,9.0,10.0,10.0
MS,F,18,R,LE3,A,3,2,other,other,course,other,2,3,2,no,yes,no,no,no,no,no,yes,3.0,3.0,2.0,1.0,1.0,2.0,6.0,7.0,9.0,10.0
MS,F,19,U,GT3,T,1,1,at_home,services,course,mother,1,3,1,no,no,no,yes,yes,no,no,yes,5.0,3.0,1.0,1.0,1.0,3.0,6.0,7.0,9.0,9.0
MS,M,18,R,GT3,T,1,1,other,other,home,mother,2,1,1,no,no,no,yes,yes,no,yes,no,4.0,4.0,3.0,3.0,4.0,4.0,0.0,8.0,9.0,10.0
MS,F,18,R,GT3,T,1,1,at_home,at_home,course,mother,2,1,1,no,no,no,no,no,no,yes,yes,3.0,2.0,3.0,1.0,1.0,2.0,4.0,9.0,11.0,10.0
MS,F,19,U,GT3,T,1,1,other,other,course,other,2,2,1,no,yes,no,no,yes,yes,yes,yes,1.0,1.0,4.0,4.0,1.0,1.0,12.0,7.0,8.0,9.0
MS,F,16,R,GT3,A,2,2,health,other,course,mother,1,2,0,no,no,no,no,no,yes,no,yes,3.0,3.0,2.0,1.0,1.0,3.0,2.0,8.0,10.0,10.0
MS,F,17,U,GT3,T,0,1,other,at_home,course,father,2,1,0,no,no,no,yes,no,yes,no,no,2.0,4.0,4.0,3.0,5.0,5.0,5.0,9.0,9.0,10.0
MS,F,16,R,LE3,T,1,2,at_home,other,course,mother,1,2,0,no,no,no,yes,yes,no,yes,no,4.0,4.0,5.0,1.0,3.0,3.0,0.0,8.0,9.0,9.0
MS,F,16,U,GT3,T,3,3,other,other,reputation,mother,1,1,0,no,no,no,yes,yes,no,yes,yes,4.0,5.0,4.0,1.0,1.0,4.0,0.0,14.0,13.0,13.0
MS,F,16,R,LE3,T,1,1,services,services,home,mother,1,1,0,no,yes,no,yes,yes,yes,yes,yes,4.0,4.0,4.0,2.0,2.0,4.0,2.0,14.0,14.0,14.0
MS,M,17,U,GT3,T,3,3,services,at_home,course,mother,2,4,1,no,yes,yes,yes,yes,yes,no,no,5.0,4.0,5.0,3.0,4.0,5.0,0.0,10.0,11.0,10.0
MS,F,16,U,GT3,T,2,1,other,services,course,mother,1,2,0,no,yes,no,yes,yes,yes,yes,no,5.0,3.0,3.0,1.0,1.0,1.0,0.0,14.0,13.0,14.0
MS,F,16,U,GT3,T,2,2,services,other,course,mother,1,1,0,no,yes,yes,yes,yes,yes,no,yes,4.0,2.0,5.0,1.0,2.0,5.0,0.0,17.0,16.0,16.0
MS,M,17,U,GT3,T,1,2,other,other,course,father,1,1,1,no,yes,no,yes,yes,no,yes,yes,5.0,3.0,5.0,5.0,5.0,1.0,12.0,6.0,7.0,7.0
MS,M,16,U,LE3,T,4,3,other,other,course,father,1,1,0,no,no,no,yes,yes,yes,yes,no,4.0,2.0,5.0,1.0,5.0,5.0,8.0,14.0,12.0,13.0
MS,M,17,R,LE3,T,2,2,services,services,other,mother,3,4,1,no,yes,no,no,yes,yes,no,no,1.0,3.0,5.0,3.0,5.0,3.0,2.0,10.0,8.0,9.0
MS,F,16,U,GT3,T,1,1,other,other,course,other,1,4,0,yes,yes,no,yes,yes,yes,yes,no,2.0,2.0,1.0,1.0,1.0,5.0,0.0,14.0,14.0,14.0
MS,F,19,U,LE3,T,2,2,other,other,home,mother,1,3,0,no,no,no,no,yes,yes,yes,yes,5.0,4.0,5.0,1.0,1.0,1.0,0.0,12.0,13.0,13.0
MS,F,17,R,GT3,T,1,1,at_home,other,reputation,mother,2,1,0,no,yes,no,yes,no,yes,yes,yes,4.0,4.0,5.0,1.0,2.0,5.0,0.0,11.0,11.0,11.0
MS,F,20,U,GT3,T,3,3,at_home,services,other,mother,2,2,1,no,no,no,yes,yes,yes,yes,yes,3.0,3.0,4.0,2.0,4.0,3.0,8.0,11.0,9.0,10.0
MS,F,17,U,LE3,T,1,1,other,services,course,father,1,3,0,no,yes,no,no,yes,yes,no,yes,4.0,3.0,3.0,1.0,1.0,3.0,0.0,11.0,11.0,10.0
MS,M,17,R,GT3,T,2,2,other,other,course,mother,3,1,1,no,yes,no,no,no,yes,yes,no,4.0,4.0,5.0,1.0,2.0,5.0,0.0,10.0,9.0,9.0
MS,F,16,R,LE3,T,1,1,at_home,other,course,father,3,2,0,no,yes,no,no,yes,yes,no,no,5.0,3.0,2.0,1.0,1.0,1.0,0.0,16.0,17.0,18.0
MS,F,17,R,GT3,T,2,2,other,other,reputation,mother,2,2,0,no,yes,no,yes,yes,yes,no,no,5.0,3.0,2.0,1.0,1.0,1.0,0.0,15.0,17.0,17.0
MS,F,17,U,GT3,A,1,0,other,other,other,mother,2,2,0,no,no,no,no,yes,yes,yes,yes,4.0,4.0,5.0,1.0,1.0,4.0,1.0,11.0,9.0,10.0
MS,F,18,R,GT3,T,1,1,at_home,other,other,mother,1,2,1,no,yes,no,no,yes,yes,yes,yes,4.0,3.0,2.0,1.0,1.0,5.0,9.0,7.0,7.0,7.0
MS,F,16,U,GT3,T,3,1,other,other,course,mother,1,1,0,no,no,no,yes,yes,yes,yes,no,3.0,1.0,3.0,1.0,3.0,1.0,0.0,8.0,6.0,8.0
MS,F,16,U,GT3,T,3,2,services,at_home,course,mother,1,1,0,no,no,no,no,yes,yes,yes,no,3.0,1.0,3.0,1.0,4.0,3.0,2.0,7.0,6.0,7.0
MS,F,18,U,LE3,T,1,1,other,at_home,reputation,mother,2,2,0,yes,no,no,no,yes,yes,no,no,2.0,3.0,5.0,1.0,4.0,3.0,8.0,9.0,8.0,10.0
MS,F,16,R,GT3,T,4,4,health,teacher,reputation,father,1,2,0,no,no,no,yes,no,yes,yes,yes,4.0,3.0,3.0,2.0,3.0,2.0,0.0,14.0,16.0,16.0
MS,F,16,R,LE3,T,1,2,other,other,reputation,mother,2,1,0,no,no,no,yes,yes,yes,yes,no,5.0,4.0,5.0,1.0,4.0,2.0,0.0,14.0,14.0,15.0
MS,F,18,U,GT3,A,2,4,other,services,reputation,father,1,2,1,no,yes,no,no,yes,yes,yes,no,2.0,3.0,2.0,1.0,3.0,1.0,8.0,8.0,5.0,8.0
MS,M,16,R,GT3,T,2,1,other,services,reputation,mother,2,2,0,no,no,no,yes,yes,yes,yes,no,5.0,2.0,1.0,1.0,1.0,2.0,0.0,8.0,7.0,0.0
MS,F,16,U,LE3,T,1,1,at_home,other,other,mother,3,2,0,no,yes,no,no,yes,yes,yes,no,4.0,3.0,2.0,1.0,3.0,5.0,6.0,6.0,8.0,8.0
MS,F,16,R,GT3,T,2,3,at_home,services,other,mother,2,2,0,no,yes,no,yes,yes,yes,yes,no,3.0,3.0,3.0,1.0,1.0,2.0,0.0,8.0,10.0,10.0
MS,F,16,U,GT3,T,4,4,health,health,course,mother,1,2,0,no,yes,no,no,yes,yes,yes,yes,4.0,3.0,4.0,1.0,2.0,3.0,4.0,8.0,8.0,8.0
MS,M,18,U,LE3,T,4,4,at_home,health,home,mother,1,4,0,no,yes,no,yes,yes,no,yes,yes,5.0,5.0,5.0,5.0,5.0,5.0,2.0,5.0,6.0,6.0
MS,F,16,R,LE3,T,3,4,at_home,other,other,mother,3,2,0,no,yes,no,no,no,yes,no,no,4.0,2.0,1.0,1.0,1.0,2.0,2.0,7.0,9.0,8.0
MS,M,17,U,LE3,T,4,4,other,services,home,mother,1,3,0,no,yes,no,no,yes,yes,yes,no,4.0,4.0,3.0,1.0,2.0,5.0,0.0,15.0,14.0,16.0
MS,F,17,R,GT3,T,4,1,other,other,other,mother,1,1,0,no,no,no,no,yes,yes,yes,yes,4.0,2.0,3.0,1.0,2.0,5.0,1.0,13.0,14.0,14.0
MS,M,16,U,LE3,T,2,2,services,services,other,mother,4,3,0,no,no,no,no,yes,yes,no,no,5.0,1.0,3.0,2.0,2.0,3.0,0.0,10.0,9.0,10.0
MS,F,17,R,GT3,T,2,2,at_home,other,other,mother,1,1,0,no,yes,yes,no,yes,yes,yes,no,5.0,1.0,3.0,1.0,2.0,5.0,5.0,9.0,9.0,9.0
MS,F,16,U,LE3,T,4,4,services,services,other,father,2,1,0,no,yes,no,no,yes,yes,no,no,5.0,1.0,3.0,1.0,2.0,5.0,1.0,11.0,11.0,11.0
MS,M,17,U,GT3,T,3,3,services,services,home,mother,1,1,0,no,yes,no,yes,yes,yes,yes,no,4.0,1.0,4.0,5.0,5.0,3.0,8.0,7.0,10.0,9.0
MS,M,17,U,GT3,T,1,1,at_home,services,other,mother,3,2,0,no,no,no,no,yes,yes,yes,yes,5.0,1.0,3.0,3.0,3.0,1.0,0.0,10.0,10.0,10.0
MS,M,16,U,GT3,T,2,1,health,services,other,mother,2,2,0,no,no,no,no,no,yes,yes,yes,4.0,2.0,2.0,1.0,4.0,5.0,2.0,9.0,7.0,8.0
MS,F,16,U,LE3,T,2,1,other,services,other,mother,1,2,0,no,no,no,no,yes,yes,yes,yes,3.0,2.0,2.0,1.0,1.0,3.0,0.0,14.0,15.0,16.0
MS,M,16,U,LE3,T,4,4,teacher,health,other,father,1,1,0,no,yes,no,no,yes,yes,yes,no,4.0,1.0,2.0,2.0,5.0,5.0,0.0,11.0,12.0,12.0
MS,M,15,R,GT3,T,1,2,other,services,course,mother,3,2,0,no,yes,no,yes,yes,yes,no,no,5.0,5.0,5.0,1.0,3.0,5.0,11.0,9.0,11.0,10.0
MS,M,15,U,LE3,A,2,2,other,other,reputation,mother,3,4,0,no,yes,no,yes,yes,yes,no,no,5.0,4.0,5.0,2.0,3.0,5.0,8.0,13.0,14.0,14.0
MS,M,15,U,LE3,A,2,1,services,services,course,mother,1,1,0,no,no,no,yes,yes,yes,yes,no,4.0,3.0,3.0,1.0,2.0,5.0,11.0,12.0,13.0,12.0
MS,F,16,R,LE3,T,2,2,other,other,course,mother,1,3,0,no,yes,no,no,no,yes,no,yes,4.0,3.0,3.0,2.0,2.0,5.0,2.0,11.0,11.0,11.0
MS,F,16,U,LE3,T,4,1,other,other,home,mother,2,2,0,no,yes,no,yes,yes,yes,yes,no,1.0,2.0,4.0,2.0,2.0,1.0,8.0,9.0,10.0,10.0
MS,F,17,U,GT3,T,3,2,at_home,other,home,mother,2,1,0,no,no,no,no,yes,yes,no,yes,4.0,3.0,3.0,2.0,2.0,1.0,5.0,9.0,11.0,11.0
MS,F,17,R,GT3,T,2,2,other,other,other,mother,2,2,0,yes,no,yes,no,yes,yes,no,no,5.0,1.0,3.0,1.0,1.0,5.0,0.0,11.0,9.0,11.0
MS,F,16,U,GT3,T,4,4,teacher,services,course,mother,2,3,0,no,yes,no,no,yes,yes,yes,yes,5.0,3.0,5.0,1.0,4.0,5.0,1.0,10.0,11.0,12.0
MS,M,17,R,GT3,T,4,4,health,other,course,father,3,1,3,no,no,no,yes,yes,yes,yes,yes,3.0,3.0,3.0,1.0,3.0,5.0,2.0,9.0,9.0,8.0
MS,M,17,R,LE3,T,1,3,other,other,course,father,2,1,0,no,no,no,yes,yes,yes,no,yes,5.0,1.0,2.0,3.0,3.0,5.0,2.0,12.0,11.0,12.0
MS,M,17,U,GT3,T,3,4,services,other,other,mother,1,2,1,no,yes,no,yes,no,yes,yes,yes,5.0,4.0,4.0,3.0,4.0,5.0,8.0,8.0,9.0,8.0
MS,F,17,U,GT3,T,4,4,health,health,course,father,1,2,0,no,yes,no,no,yes,yes,yes,no,5.0,2.0,5.0,1.0,1.0,5.0,0.0,13.0,15.0,16.0
MS,M,16,R,LE3,T,4,1,other,at_home,other,father,1,1,0,no,no,no,no,yes,yes,yes,no,4.0,1.0,2.0,2.0,1.0,2.0,0.0,10.0,11.0,11.0
MS,F,17,U,GT3,A,1,1,at_home,at_home,other,mother,1,2,0,no,no,no,yes,yes,yes,yes,yes,4.0,5.0,5.0,1.0,2.0,3.0,2.0,11.0,10.0,11.0
