ID,Product,Shipment Time (days),Warehouse Location,Supplier Rating
SC0001,Furniture,17,New York,4.028902189489773
SC0002,Food,7,Los Angeles,2.1273006103777803
SC0003,Electronics,14,New York,1.5514425994799597
SC0004,Food,5,Houston,4.179681583549408
SC0005,Food,19,Chicago,1.8285376779190656
SC0006,Clothing,26,New York,1.4704875256272745
SC0007,Clothing,25,Los Angeles,1.9360801243462307
SC0008,Electronics,28,Houston,1.3068696207608892
SC0009,Electronics,11,Houston,4.397973331202463
SC0010,Electronics,2,Chicago,3.784564386591059
SC0011,Electronics,15,Chicago,4.149802395924297
SC0012,Clothing,7,Los Angeles,2.1236965190951853
SC0013,Furniture,11,New York,2.905299528550999
SC0014,Food,27,Houston,2.984322557982042
SC0015,Food,15,Chicago,3.0211692994911648
SC0016,Electronics,2,Chicago,2.5705016375024785
SC0017,Electronics,15,Houston,3.8416762042709265
SC0018,Furniture,10,Houston,2.609467375940211
SC0019,Electronics,2,Houston,4.317863546743556
SC0020,Food,2,Los Angeles,1.2335868567711032
SC0021,Food,13,Los Angeles,3.8781529447046768
SC0022,Electronics,14,Los Angeles,2.9260254463472246
SC0023,Clothing,6,Los Angeles,3.607558998416601
SC0024,Electronics,18,Houston,2.622888909082761
SC0025,Electronics,10,Houston,1.270253807416775
SC0026,Electronics,29,New York,1.5543267664309912
SC0027,Food,9,Houston,4.260638227871935
SC0028,Furniture,11,Houston,3.0016605710687374
SC0029,Clothing,17,Chicago,3.6481032607598443
SC0030,Furniture,15,Chicago,2.5999199335147605
SC0031,Clothing,6,Chicago,2.5378510904568525
SC0032,Furniture,6,New York,3.4642220931384022
SC0033,Clothing,15,Chicago,1.6140625501899661
SC0034,Electronics,21,New York,3.0038850886771304
SC0035,Clothing,24,Los Angeles,1.0703166101251687
SC0036,Electronics,10,New York,3.8879233183420823
SC0037,Furniture,3,Houston,2.6095304399297907
SC0038,Electronics,10,Chicago,4.973321492893281
SC0039,Clothing,6,New York,1.796363615297102
SC0040,Furniture,5,Los Angeles,3.0993437281135887
SC0041,Furniture,12,Los Angeles,4.806282222055293
SC0042,Clothing,26,Chicago,1.423693561824293
SC0043,Furniture,9,New York,4.840000583778287
SC0044,Furniture,7,Chicago,4.344284114545532
SC0045,Food,4,Chicago,2.7221190153857187
SC0046,Food,1,Chicago,2.5088047797238335
SC0047,Electronics,2,Los Angeles,3.7125978368469097
SC0048,Food,1,Los Angeles,2.755150869067325
SC0049,Food,13,New York,2.513164082427155
SC0050,Food,25,Chicago,3.6406589220238192
SC0051,Clothing,28,Chicago,3.677654291426502
SC0052,Electronics,29,Houston,4.476757887156785
SC0053,Food,1,New York,3.471232332002966
SC0054,Electronics,2,Houston,2.0229286247156524
SC0055,Electronics,27,Los Angeles,1.9243402810387416
SC0056,Electronics,29,Chicago,2.257896912625109
SC0057,Food,25,Los Angeles,4.218518531563618
SC0058,Food,6,Houston,2.749128414513933
SC0059,Food,27,Chicago,4.148681232169757
SC0060,Clothing,3,New York,4.6964274294377315
SC0061,Food,28,Chicago,3.8347743523864324
SC0062,Electronics,6,New York,1.8176772249297803
SC0063,Furniture,26,Los Angeles,1.2620154034775388
SC0064,Clothing,12,Chicago,3.5013211173056455
SC0065,Furniture,4,Los Angeles,4.474360648184815
SC0066,Electronics,4,Chicago,3.182541767938098
SC0067,Clothing,28,Chicago,2.250959507024729
SC0068,Food,12,Chicago,2.1017119558171116
SC0069,Furniture,17,Los Angeles,4.807903613470336
SC0070,Food,2,New York,2.76741636494392
SC0071,Clothing,29,New York,1.2732028729185103
SC0072,Food,2,New York,3.138660598297632
SC0073,Furniture,28,Los Angeles,2.1645627336501563
SC0074,Electronics,11,Chicago,1.5804685789344521
SC0075,Clothing,22,Los Angeles,2.7889194923047738
SC0076,Furniture,20,Chicago,3.019135330043887
SC0077,Furniture,15,Houston,3.0428496475771842
SC0078,Furniture,8,Houston,2.25233123271678
SC0079,Clothing,6,Chicago,1.9039042620186533
SC0080,Furniture,15,New York,1.064888895243941
SC0081,Furniture,23,New York,1.9789250456051328
SC0082,Electronics,18,Chicago,3.9127557216012736
SC0083,Furniture,26,New York,3.368118673532282
SC0084,Furniture,25,Chicago,1.8576757314648824
SC0085,Food,23,Los Angeles,4.045964461436853
SC0086,Electronics,15,Chicago,1.4604660081242304
SC0087,Food,2,New York,1.4631935251737018
SC0088,Electronics,28,Los Angeles,2.834719227274704
SC0089,Food,27,New York,1.2741753070897217
SC0090,Clothing,20,Chicago,3.1292539111333464
SC0091,Clothing,24,Houston,2.1466009536154433
SC0092,Electronics,4,Houston,2.2928430132613076
SC0093,Food,2,Houston,1.262918470338088
SC0094,Food,22,Houston,2.597519714089646
SC0095,Clothing,13,Houston,3.322321680003977
SC0096,Clothing,20,Chicago,3.0087702259658893
SC0097,Electronics,25,Los Angeles,2.5197814517090045
SC0098,Clothing,16,Houston,4.887218754747099
SC0099,Furniture,20,New York,2.3209163227502496
SC0100,Furniture,12,New York,4.066069710321312
SC0101,Furniture,19,New York,1.6648679086564169
SC0102,Furniture,13,Chicago,4.163488552399032
SC0103,Clothing,17,Los Angeles,4.983749418469486
SC0104,Electronics,8,Houston,2.63587816782988
SC0105,Clothing,12,Houston,4.307726863184481
SC0106,Furniture,2,New York,1.905669074294281
SC0107,Clothing,9,Los Angeles,1.1136813452525924
SC0108,Electronics,29,Houston,3.1508035899652787
SC0109,Food,13,Houston,3.227373244653716
SC0110,Clothing,16,New York,2.5387218310482424
SC0111,Clothing,20,Los Angeles,1.4122715258090284
SC0112,Clothing,12,New York,2.5037217824934257
SC0113,Food,5,Houston,1.090037322132937
SC0114,Food,22,Los Angeles,1.2278638385884224
SC0115,Food,14,Chicago,1.088429850343707
SC0116,Furniture,8,Chicago,3.238361708012975
SC0117,Food,27,Houston,3.753434103391129
SC0118,Food,27,Houston,4.177563682045111
SC0119,Food,29,Los Angeles,4.3399546817124754
SC0120,Clothing,8,New York,4.653258865850113
SC0121,Furniture,17,Chicago,2.659248814125078
SC0122,Food,13,Los Angeles,2.8943164647696524
SC0123,Furniture,26,Chicago,3.9929605722789887
SC0124,Furniture,22,Houston,1.6554278697477298
SC0125,Electronics,28,Chicago,1.777124152131393
SC0126,Furniture,9,New York,3.141588903490807
SC0127,Electronics,7,Los Angeles,2.1880911285034657
SC0128,Clothing,8,Chicago,3.3511188273963133
SC0129,Electronics,6,New York,3.383091161907988
SC0130,Furniture,19,New York,3.6044279662493826
SC0131,Furniture,4,New York,3.451176988565117
SC0132,Food,28,Chicago,3.334599703222394
SC0133,Electronics,1,Houston,4.623810704238405
SC0134,Furniture,23,Houston,3.1616241311563735
SC0135,Furniture,20,Houston,3.1198147056437016
SC0136,Electronics,19,Chicago,3.073566932110757
SC0137,Furniture,26,New York,3.8098811299860462
SC0138,Clothing,23,Los Angeles,4.0693358961936745
SC0139,Clothing,19,Chicago,1.680772588819592
SC0140,Furniture,21,Los Angeles,4.472691323307929
SC0141,Furniture,9,Los Angeles,2.1089011759816043
SC0142,Food,6,Houston,4.892972648209137
SC0143,Clothing,25,Houston,4.1854333944554
SC0144,Food,10,Houston,4.9096674758887495
SC0145,Food,7,Los Angeles,2.6383394286170003
SC0146,Clothing,17,Chicago,2.4498217890063523
SC0147,Clothing,19,Chicago,4.2315185195514715
SC0148,Electronics,8,Los Angeles,1.7686948799607545
SC0149,Electronics,11,New York,1.4968378185424713
SC0150,Furniture,12,Houston,2.5360857359939692
SC0151,Food,13,Chicago,4.47826225164911
SC0152,Food,21,New York,2.3884187860675503
SC0153,Furniture,8,Los Angeles,1.1331723775424503
SC0154,Furniture,28,Houston,1.802948606810384
SC0155,Food,27,Los Angeles,3.268394946449914
SC0156,Furniture,9,Houston,2.072086489428418
SC0157,Clothing,19,Houston,2.982304055350579
SC0158,Clothing,7,New York,1.517339088488264
SC0159,Furniture,24,Los Angeles,3.0301635364868367
SC0160,Furniture,19,Los Angeles,3.8219306456251076
SC0161,Clothing,14,Chicago,4.647326042885341
SC0162,Clothing,8,Chicago,4.751812605499767
SC0163,Furniture,15,Los Angeles,1.1547967388603704
SC0164,Food,17,Los Angeles,3.5691580429108862
SC0165,Furniture,21,Houston,3.4522136834236266
SC0166,Electronics,3,Los Angeles,4.794267029500068
SC0167,Food,1,New York,4.463903591646671
SC0168,Food,27,Houston,1.7295987408593079
SC0169,Food,25,Chicago,3.38201426720662
SC0170,Clothing,1,New York,4.315168555024952
SC0171,Electronics,23,Houston,2.6057827260897524
SC0172,Clothing,12,New York,4.542720612596259
SC0173,Clothing,29,Los Angeles,2.614545971649359
SC0174,Food,4,Houston,1.8579033057884753
SC0175,Clothing,17,New York,2.288904983451629
SC0176,Food,28,Houston,2.280140854431051
SC0177,Clothing,11,Los Angeles,3.0200210196749264
SC0178,Electronics,7,Houston,2.713819798797602
SC0179,Furniture,10,Houston,1.1823632852601857
SC0180,Clothing,25,Houston,3.406421677251848
SC0181,Electronics,16,Los Angeles,3.0284633344779834
SC0182,Electronics,25,Houston,4.90390991573179
SC0183,Food,15,Houston,4.102611051621464
SC0184,Electronics,24,Los Angeles,3.924906703396171
SC0185,Food,5,New York,3.922096674750431
SC0186,Electronics,10,Chicago,2.4374962921894374
SC0187,Clothing,26,Houston,3.3733059631456777
SC0188,Electronics,6,New York,4.269782467962175
SC0189,Furniture,26,New York,2.58693512755806
SC0190,Clothing,14,Chicago,4.439895742965266
SC0191,Clothing,13,Los Angeles,2.531899858202623
SC0192,Food,20,Houston,4.357551370806535
SC0193,Furniture,23,Los Angeles,3.048186231221737
SC0194,Food,11,Los Angeles,2.709962911456004
SC0195,Clothing,21,New York,3.838847909105054
SC0196,Furniture,4,Los Angeles,2.524132568690251
SC0197,Food,12,New York,3.6626840994582865
SC0198,Furniture,15,Houston,2.7002960320924805
SC0199,Food,28,Houston,1.4194887692814055
SC0200,Furniture,22,Los Angeles,4.778165571335019
SC0201,Furniture,24,Houston,4.39897056513701
SC0202,Clothing,4,Houston,3.918824690395827
SC0203,Food,6,Chicago,2.939384241023265
SC0204,Furniture,27,Houston,3.586117145384425
SC0205,Electronics,21,New York,4.5452646422107055
SC0206,Clothing,10,Chicago,2.378713519535006
SC0207,Clothing,24,Los Angeles,2.0734250603293276
SC0208,Clothing,23,New York,3.7465132869664157
SC0209,Clothing,15,New York,1.9616339366967126
SC0210,Electronics,23,Los Angeles,3.2559773310840665
SC0211,Clothing,27,New York,1.563375197496549
SC0212,Food,17,Chicago,3.382539062752693
SC0213,Food,27,Houston,3.832504399557702
SC0214,Electronics,9,Chicago,2.193458875404079
SC0215,Food,6,Houston,4.616304852932639
SC0216,Electronics,2,Houston,3.3095187658601977
SC0217,Food,24,Los Angeles,4.12441775322138
SC0218,Food,29,Houston,2.975146949957595
SC0219,Furniture,9,Houston,1.3443512836548503
SC0220,Electronics,29,Los Angeles,1.74969104131574
SC0221,Clothing,3,Houston,4.684314314340616
SC0222,Clothing,18,New York,1.7333433295158356
SC0223,Electronics,8,Chicago,2.4043204381710055
SC0224,Furniture,13,New York,4.491633417807083
SC0225,Clothing,2,Los Angeles,4.097200342153941
SC0226,Clothing,2,New York,4.458796644717577
SC0227,Furniture,10,Chicago,2.350184480501272
SC0228,Furniture,1,Chicago,3.7920232131967064
SC0229,Furniture,1,Houston,3.5774233368184296
SC0230,Electronics,28,Houston,4.963111089705414
SC0231,Electronics,15,Chicago,2.7373475516517547
SC0232,Clothing,2,Chicago,3.4442882905344026
SC0233,Food,5,New York,2.3444884468229126
SC0234,Electronics,25,Houston,3.618821472448783
SC0235,Furniture,21,Houston,2.444826206494473
SC0236,Electronics,2,Los Angeles,1.708340015632131
SC0237,Electronics,2,New York,3.0605938567516042
SC0238,Food,13,Houston,2.8226025223290625
SC0239,Clothing,15,Houston,3.432172912725013
SC0240,Electronics,12,Los Angeles,4.035719884928326
SC0241,Furniture,19,New York,3.91973615562043
SC0242,Food,28,Chicago,2.5074085449474737
SC0243,Clothing,27,Los Angeles,2.0160440933107027
SC0244,Electronics,5,New York,1.746416945406898
SC0245,Clothing,12,Chicago,3.199317485348641
SC0246,Furniture,2,Los Angeles,1.6312403248057876
SC0247,Furniture,8,Los Angeles,3.22727319235993
SC0248,Furniture,22,Chicago,4.34723086816928
SC0249,Furniture,9,Chicago,3.0210719156584434
SC0250,Furniture,24,New York,3.892515398442032
SC0251,Food,18,New York,1.2320750679148964
SC0252,Food,7,Chicago,2.986428228891061
SC0253,Furniture,15,New York,1.1549192135326196
SC0254,Food,8,New York,4.9672890382401675
SC0255,Food,2,Houston,3.401414642624825
SC0256,Clothing,20,Los Angeles,4.674665421256905
SC0257,Clothing,8,Los Angeles,4.057216428032769
SC0258,Electronics,15,Houston,3.5283194213374895
SC0259,Furniture,18,Los Angeles,4.486648726222977
SC0260,Food,22,Los Angeles,3.296317336713989
SC0261,Food,24,Chicago,3.7224721114994335
SC0262,Electronics,22,Los Angeles,1.9147876894663693
SC0263,Furniture,11,Chicago,2.944248798508761
SC0264,Furniture,21,Houston,4.935583331314698
SC0265,Electronics,28,Houston,3.9790406330066537
SC0266,Furniture,27,New York,3.6908959985762513
SC0267,Electronics,13,Los Angeles,3.1872151864662404
SC0268,Clothing,8,Houston,1.5747478947684748
SC0269,Food,18,Chicago,3.504447918873797
SC0270,Clothing,5,New York,1.9937238131844244
SC0271,Food,5,Houston,4.494977770100334
SC0272,Furniture,9,New York,3.6333587404092986
SC0273,Electronics,29,New York,1.9618200678832776
SC0274,Electronics,22,Los Angeles,2.4711408000693567
SC0275,Electronics,23,Los Angeles,4.322931395664828
SC0276,Furniture,8,Chicago,4.52126765550138
SC0277,Furniture,15,New York,2.3354482357928403
SC0278,Clothing,8,Los Angeles,4.323450338270041
SC0279,Food,1,Houston,1.126103972581908
SC0280,Furniture,28,Chicago,1.7748669455596864
SC0281,Electronics,7,Chicago,4.908821797424597
SC0282,Furniture,9,Houston,4.879620934279828
SC0283,Electronics,25,New York,2.211946548239828
SC0284,Electronics,28,Chicago,1.3993409498017848
SC0285,Furniture,8,Chicago,1.5555250866816968
SC0286,Furniture,4,Los Angeles,2.172627225029478
SC0287,Clothing,25,New York,1.0823342019571416
SC0288,Electronics,4,New York,4.117634083057201
SC0289,Furniture,7,Los Angeles,1.6464890472873974
SC0290,Electronics,4,New York,1.5912309292154347
SC0291,Clothing,2,Los Angeles,2.5078062647428974
SC0292,Food,15,Houston,3.9241167039250664
SC0293,Electronics,13,New York,4.461420551958559
SC0294,Furniture,13,Houston,2.4233648222490345
SC0295,Furniture,1,Houston,3.8717184309469905
SC0296,Electronics,26,Chicago,3.5651843447757474
SC0297,Food,22,Houston,3.5886473992975856
SC0298,Food,9,Los Angeles,3.350257317048214
SC0299,Furniture,15,Chicago,4.544604219891594
SC0300,Furniture,11,Chicago,1.076941169985767
SC0301,Food,19,Los Angeles,2.3771809820751533
SC0302,Clothing,4,Chicago,1.1968408129548678
SC0303,Clothing,28,Los Angeles,4.137310861833186
SC0304,Electronics,9,Los Angeles,3.072225161567594
SC0305,Furniture,25,Chicago,4.9633395611550775
SC0306,Electronics,7,New York,4.060917818324752
SC0307,Food,25,Los Angeles,3.793052541391024
SC0308,Furniture,5,New York,3.2656316478681235
SC0309,Clothing,29,Chicago,3.16531082691298
SC0310,Furniture,2,Houston,3.4240317582125663
SC0311,Electronics,5,Houston,3.9171034634719444
SC0312,Clothing,7,New York,4.124528295970852
SC0313,Food,4,Chicago,2.0035598342941783
SC0314,Food,9,Houston,3.764542000379368
SC0315,Clothing,15,New York,4.697797398922988
SC0316,Electronics,27,Los Angeles,4.582562728881898
SC0317,Furniture,23,New York,4.015681176279856
SC0318,Furniture,2,Chicago,3.6004736144837755
SC0319,Food,6,Los Angeles,2.6302642578643214
SC0320,Electronics,6,Houston,3.8320120723527005
SC0321,Electronics,3,Los Angeles,1.5704845422922955
SC0322,Food,6,Houston,4.226179977459493
SC0323,Food,13,Los Angeles,3.8960171206135197
SC0324,Clothing,15,Chicago,4.75202357591263
SC0325,Clothing,28,New York,3.471871563429612
SC0326,Food,3,New York,3.806065097977088
SC0327,Clothing,7,Chicago,1.1459760798467036
SC0328,Electronics,7,New York,2.7665277631301706
SC0329,Furniture,2,New York,1.7760339214082674
SC0330,Electronics,21,Houston,2.1035100962845736
SC0331,Furniture,15,Houston,2.29932361645475
SC0332,Electronics,15,Chicago,4.931036286404012
SC0333,Furniture,24,Houston,2.6372321811473487
SC0334,Electronics,1,Los Angeles,1.5446467987566814
SC0335,Electronics,8,Chicago,1.3098197357178845
SC0336,Food,28,Los Angeles,1.549529472075255
SC0337,Clothing,20,Chicago,3.631283145049471
SC0338,Clothing,15,Los Angeles,2.053671031033084
SC0339,Furniture,29,Houston,2.8891846919106454
SC0340,Electronics,28,Los Angeles,2.2480082909124417
SC0341,Electronics,10,New York,3.1125196133272084
SC0342,Food,28,Chicago,4.606583573567029
SC0343,Electronics,4,New York,1.9690787623021238
SC0344,Food,8,Houston,3.3089420452093794
SC0345,Clothing,8,Chicago,3.8228670505166256
SC0346,Clothing,5,Houston,1.7382889266942247
SC0347,Clothing,10,Los Angeles,2.110463905237706
SC0348,Food,5,Chicago,3.9283229314407606
SC0349,Furniture,26,Houston,2.8029757393676835
SC0350,Electronics,22,Los Angeles,1.5237850241844528
SC0351,Furniture,6,Houston,4.033117520384052
SC0352,Food,2,Los Angeles,2.193875441932167
SC0353,Food,6,New York,3.7540054185243648
SC0354,Clothing,19,Chicago,4.112581373884728
SC0355,Food,15,Chicago,1.5661964006923812
SC0356,Food,5,New York,3.076371293461823
SC0357,Furniture,10,Chicago,1.8894645703144306
SC0358,Furniture,29,Chicago,2.4903710202716356
SC0359,Food,20,Houston,4.459923474069828
SC0360,Electronics,1,New York,3.7356624496571076
SC0361,Furniture,5,Houston,1.9236712244535048
SC0362,Electronics,19,Chicago,1.3185378568561843
SC0363,Furniture,5,Chicago,1.836470020360911
SC0364,Food,29,New York,1.2567369483289546
SC0365,Electronics,3,Houston,3.5879970121418197
SC0366,Furniture,23,Houston,2.478591071798343
SC0367,Furniture,19,Chicago,1.1274515225661403
SC0368,Furniture,26,Chicago,1.697685438279687
SC0369,Furniture,12,New York,2.3549606213654264
SC0370,Food,22,New York,2.357854665492323
SC0371,Food,14,New York,1.144626024971966
SC0372,Electronics,11,Chicago,3.7769863910130326
SC0373,Clothing,16,New York,3.858729989502631
SC0374,Food,20,New York,3.3280383626864123
SC0375,Furniture,1,Houston,2.869822071253749
SC0376,Food,28,New York,3.1818793484641192
SC0377,Food,8,New York,1.8150963248065075
SC0378,Electronics,9,New York,3.508534575034636
SC0379,Food,8,Los Angeles,3.61578594231478
SC0380,Electronics,26,Houston,4.94208206186372
SC0381,Food,27,Chicago,3.760852134344234
SC0382,Furniture,21,Houston,3.0037736078446047
SC0383,Clothing,18,Houston,2.605285134573374
SC0384,Clothing,13,Los Angeles,4.065059471790963
SC0385,Clothing,17,Houston,2.0944208209958357
SC0386,Clothing,29,Chicago,4.660963772699354
SC0387,Electronics,9,Houston,1.0961971442868372
SC0388,Clothing,7,Houston,2.8787124015283814
SC0389,Food,9,Chicago,2.3782860343530765
SC0390,Electronics,20,Los Angeles,1.4820582864328222
SC0391,Clothing,28,Houston,3.024394288139866
SC0392,Electronics,10,Los Angeles,3.0069748998914094
SC0393,Furniture,25,Los Angeles,1.5143218627259087
SC0394,Clothing,16,Chicago,3.983925421049483
SC0395,Furniture,20,New York,3.8099718665067424
SC0396,Food,26,Houston,4.739870570887428
SC0397,Furniture,5,Houston,3.2285430790209566
SC0398,Furniture,25,Los Angeles,1.1538043445786519
SC0399,Furniture,16,Houston,1.456046225117099
SC0400,Food,25,New York,4.34270492002596
SC0401,Clothing,24,Los Angeles,3.4838193852135046
SC0402,Furniture,17,Los Angeles,4.8979260125793065
SC0403,Furniture,2,Houston,1.5073723094808749
SC0404,Electronics,14,Chicago,4.955323659879664
SC0405,Food,13,Los Angeles,1.2514463296617917
SC0406,Electronics,4,Chicago,2.1110878876926864
SC0407,Furniture,14,Houston,1.641274466186725
SC0408,Furniture,11,New York,2.0362169827220002
SC0409,Electronics,13,Houston,1.9556854341993524
SC0410,Electronics,23,Houston,2.010536689013933
SC0411,Furniture,14,Los Angeles,2.5222402230123833
SC0412,Electronics,12,Houston,3.103661564373141
SC0413,Clothing,17,Chicago,2.6942917773802866
SC0414,Furniture,9,Houston,4.130892534682406
SC0415,Food,2,Los Angeles,3.557713582413779
SC0416,Clothing,18,Houston,1.8331257362808686
SC0417,Electronics,19,New York,3.8726993933874794
SC0418,Furniture,22,Los Angeles,3.7637941934874104
SC0419,Clothing,10,New York,4.950360896506156
SC0420,Electronics,16,Chicago,1.0486948727378143
SC0421,Food,5,Houston,4.304966870184404
SC0422,Furniture,12,Los Angeles,1.68188645870314
SC0423,Food,3,Chicago,3.2809752744275293
SC0424,Clothing,18,Los Angeles,3.7951148954431417
SC0425,Furniture,27,New York,3.7088066824688632
SC0426,Food,14,New York,2.820229565747355
SC0427,Food,7,Chicago,4.112106124741375
SC0428,Electronics,7,Chicago,4.551359210549064
SC0429,Electronics,18,Chicago,4.832874058176889
SC0430,Clothing,21,Los Angeles,1.034259971001922
SC0431,Clothing,17,Houston,1.8562500607088759
SC0432,Electronics,7,New York,4.986337653747304
SC0433,Furniture,18,New York,2.712113276123068
SC0434,Electronics,21,Houston,3.3993163831374558
SC0435,Electronics,10,Los Angeles,4.277674117335424
SC0436,Furniture,25,Los Angeles,1.2679283719551346
SC0437,Electronics,13,Houston,2.3427957744166115
SC0438,Furniture,27,Houston,3.372740343097559
SC0439,Electronics,1,Houston,4.344088174361778
SC0440,Electronics,26,Chicago,3.064391681966741
SC0441,Electronics,3,New York,2.2593765279452125
SC0442,Food,7,Los Angeles,3.64172516525227
SC0443,Electronics,9,Los Angeles,3.766608062823009
SC0444,Furniture,28,Chicago,2.9907544346586428
SC0445,Clothing,18,Chicago,4.620379996222774
SC0446,Clothing,22,New York,2.573341136905481
SC0447,Clothing,26,New York,3.148577716069079
SC0448,Electronics,25,Los Angeles,4.409765221525607
SC0449,Electronics,25,Houston,1.739332060538147
SC0450,Food,27,Houston,4.903916897913081
SC0451,Electronics,16,Chicago,1.6067358213262994
SC0452,Furniture,26,Los Angeles,3.4168939775963665
SC0453,Furniture,3,Houston,1.6272508592126935
SC0454,Food,12,Houston,2.6823469974832177
SC0455,Furniture,5,Chicago,1.6988388632827123
SC0456,Clothing,6,New York,3.3094024186667923
SC0457,Furniture,12,Houston,4.973876513395844
SC0458,Food,21,Chicago,1.0769555170802518
SC0459,Clothing,19,New York,4.111684123119165
SC0460,Clothing,20,Houston,2.4449305250751685
SC0461,Furniture,5,New York,4.107049604769095
SC0462,Electronics,13,Los Angeles,2.2991896378667684
SC0463,Clothing,7,New York,4.480844565244459
SC0464,Food,10,New York,2.847915524023748
SC0465,Furniture,8,Houston,4.302870443555278
SC0466,Furniture,7,Los Angeles,4.733395713808239
SC0467,Clothing,9,New York,1.2246923991907734
SC0468,Clothing,1,Chicago,3.8568353211547843
SC0469,Furniture,29,Houston,2.0491220521493307
SC0470,Furniture,13,Chicago,2.6873714783922122
SC0471,Food,9,New York,1.233990242934007
SC0472,Electronics,7,New York,2.400625509412084
SC0473,Clothing,11,New York,4.174965806569984
SC0474,Food,13,Los Angeles,1.515229806171806
SC0475,Clothing,8,Houston,1.94518372465763
SC0476,Electronics,8,Chicago,1.3940731521301148
SC0477,Food,29,Los Angeles,1.2630673834284294
SC0478,Clothing,22,Houston,4.596689343878667
SC0479,Furniture,1,Los Angeles,3.7558671556304635
SC0480,Food,28,Los Angeles,3.235981092008279
SC0481,Furniture,12,Chicago,3.1870103791187354
SC0482,Furniture,13,Los Angeles,4.298201153971323
SC0483,Clothing,18,New York,1.2158902583907554
SC0484,Food,3,Chicago,4.897169598712339
SC0485,Electronics,3,Los Angeles,4.961048820040111
SC0486,Food,2,Los Angeles,3.0429290929161183
SC0487,Electronics,21,Houston,3.4248201489740566
SC0488,Food,15,New York,4.2665746097417525
SC0489,Furniture,2,Chicago,2.0784063712029273
SC0490,Clothing,19,Chicago,4.472849694039722
SC0491,Food,9,Los Angeles,3.4006566584090847
SC0492,Clothing,24,Houston,2.784335773255139
SC0493,Furniture,13,Houston,4.22933690319719
SC0494,Electronics,29,Los Angeles,1.8213419798864696
SC0495,Electronics,17,New York,1.5439679109288593
SC0496,Food,10,Chicago,4.7635685457550805
SC0497,Food,10,Houston,2.0377824064462504
SC0498,Clothing,18,New York,4.364804236417756
SC0499,Electronics,7,Los Angeles,3.3185915830616097
SC0500,Electronics,11,Houston,2.794288315077391
