model,year,price,transmission,mileage,fuelType,tax,mpg,engineSize
 Corsa,2018,7885,Manual,9876,Petrol,145,55.4,1.4
 Corsa,2019,11995,Manual,2500,Petrol,145,54.3,1.4
 Corsa,2017,9777,Automatic,9625,Petrol,145,47.9,1.4
 Corsa,2016,8500,Manual,25796,Petrol,30,55.4,1.4
 Corsa,2019,10000,Manual,3887,Petrol,145,43.5,1.4
 Corsa,2017,9743,Manual,13546,Petrol,145,49.6,1.4
 Corsa,2011,3995,Manual,53067,Petrol,145,49.6,1.4
 Corsa,2019,9990,Manual,3953,Petrol,150,43.5,1.4
 Corsa,2018,10000,Manual,11160,Petrol,145,43.5,1.4
 Corsa,2016,6999,Manual,13046,Petrol,30,55.4,1.4
 Corsa,2016,7996,Manual,10316,Petrol,30,55.4,1.4
 Corsa,2013,4350,Manual,52243,Petrol,125,51.4,1.2
 Corsa,2012,2295,Manual,80000,Diesel,30,67.3,1.2
 Corsa,2009,3690,Manual,31000,Diesel,30,62.8,1.2
 Corsa,2017,8095,Manual,17866,Petrol,145,54.3,1.4
 Corsa,2014,5995,Manual,40584,Petrol,125,51.4,1.2
 Corsa,2016,6199,Manual,22519,Petrol,30,55.4,1.4
 Corsa,2016,7999,Manual,4314,Petrol,30,55.4,1.4
 Corsa,2016,7995,Manual,11991,Petrol,30,55.4,1.4
 Corsa,2018,9495,Manual,7905,Petrol,150,55.4,1.4
 Corsa,2016,6495,Manual,30161,Petrol,30,55.4,1.4
 Corsa,2018,6695,Manual,9293,Petrol,145,55.4,1.4
 Corsa,2013,4995,Manual,66000,Petrol,125,51.4,1.2
 Corsa,2014,4995,Manual,66000,Petrol,125,51.4,1.4
 Corsa,2008,4495,Automatic,31000,Petrol,200,42.8,1.4
 Corsa,2012,4695,Manual,63000,Petrol,125,51.4,1.2
 Corsa,2009,2495,Manual,86558,Petrol,160,45.6,1.4
 Corsa,2017,7199,Manual,20196,Petrol,145,55.4,1.4
 Corsa,2019,10699,Manual,1757,Petrol,145,43.5,1.4
 Corsa,2017,7790,Manual,27669,Petrol,30,55.4,1.4
 Corsa,2019,9699,Manual,4511,Petrol,145,43.5,1.4
 Corsa,2017,8999,Manual,4377,Petrol,145,55.4,1.4
 Corsa,2017,7285,Manual,25644,Petrol,30,55.4,1.4
 Corsa,2017,7999,Manual,14060,Petrol,30,55.4,1.4
 Corsa,2017,8995,Manual,18016,Petrol,150,54.3,1.4
 Corsa,2017,7990,Manual,15078,Petrol,30,54.3,1.4
 Corsa,2017,8500,Manual,28966,Petrol,145,54.3,1.4
 Corsa,2018,10500,Manual,12000,Petrol,145,43.5,1.4
 Corsa,2018,11955,Manual,15531,Petrol,145,48.7,1.4
 Corsa,2015,7955,Manual,17527,Petrol,125,54.3,1.4
 Corsa,2017,8198,Manual,6508,Petrol,145,54.3,1.4
 Corsa,2017,7299,Manual,23462,Petrol,145,55.4,1.4
 Corsa,2017,10299,Manual,6178,Petrol,145,54.3,1.4
 Corsa,2016,7280,Manual,20589,Petrol,30,55.4,1.4
 Corsa,2019,9469,Manual,3402,Petrol,145,43.5,1.4
 Corsa,2019,9520,Manual,2287,Petrol,145,43.5,1.4
 Corsa,2016,8200,Manual,38240,Diesel,0,88.3,1.3
 Corsa,2017,6990,Manual,21287,Petrol,30,55.4,1.4
 Corsa,2016,6990,Manual,14600,Petrol,30,55.4,1.4
 Corsa,2016,8430,Automatic,21462,Petrol,150,47.9,1.4
 Corsa,2016,7498,Manual,14869,Petrol,30,55.4,1.4
 Corsa,2016,7310,Manual,29043,Petrol,30,54.3,1.4
 Corsa,2018,8260,Manual,18000,Petrol,145,55.4,1.4
 Corsa,2017,8498,Manual,7076,Petrol,145,55.4,1.4
 Corsa,2017,8495,Manual,9495,Petrol,145,55.4,1.4
 Corsa,2018,10009,Manual,2124,Petrol,145,43.5,1.4
 Corsa,2017,10998,Automatic,176,Petrol,145,47.9,1.4
 Corsa,2016,5998,Manual,30330,Petrol,30,55.4,1.4
 Corsa,2017,7798,Manual,36065,Petrol,30,55.4,1.4
 Corsa,2015,5998,Manual,55493,Petrol,125,53.3,1.2
 Corsa,2019,9998,Manual,10250,Petrol,145,43.5,1.4
 Corsa,2015,6698,Manual,42991,Petrol,125,54.3,1.4
 Corsa,2020,15998,Manual,10,Petrol,145,52.3,1.2
 Corsa,2020,17998,Manual,10,Diesel,145,70.6,1.5
 Corsa,2020,16998,Manual,10,Petrol,145,52.3,1.2
 Corsa,2020,13998,Manual,10,Petrol,145,52.3,1.2
 Corsa,2020,13998,Manual,10,Petrol,145,52.3,1.2
 Corsa,2020,17498,Manual,10,Petrol,150,52.3,1.2
 Corsa,2019,9555,Manual,3641,Petrol,145,43.5,1.4
 Corsa,2017,7795,Manual,7045,Petrol,145,55.4,1.4
 Corsa,2019,12995,Manual,27,Petrol,145,43.5,1.4
 Corsa,2016,6695,Manual,31996,Petrol,0,65.7,1.0
 Corsa,2019,10498,Manual,9260,Petrol,150,43.5,1.4
 Corsa,2019,8495,Manual,9976,Petrol,145,43.5,1.4
 Corsa,2019,10000,Manual,2245,Petrol,150,43.5,1.4
 Corsa,2019,8444,Manual,14507,Petrol,145,43.5,1.4
 Corsa,2018,8417,Manual,5000,Petrol,145,43.5,1.4
 Corsa,2019,11695,Manual,5,Petrol,145,43.5,1.4
 Corsa,2019,8865,Manual,4008,Petrol,145,43.5,1.4
 Corsa,2016,8351,Automatic,32643,Petrol,145,47.9,1.4
 Corsa,2019,11995,Manual,10,Petrol,145,43.5,1.4
 Corsa,2013,4498,Manual,47277,Petrol,125,51.4,1.2
 Corsa,2019,12495,Manual,15,Petrol,145,43.5,1.4
 Corsa,2019,10595,Manual,10033,Petrol,145,43.5,1.4
 Corsa,2016,7995,Manual,36250,Diesel,0,85.6,1.3
 Corsa,2017,8995,Manual,7243,Petrol,150,55.4,1.4
 Corsa,2019,12495,Manual,5,Petrol,145,43.5,1.4
 Corsa,2016,6995,Manual,23590,Petrol,125,53.3,1.2
 Corsa,2019,10995,Manual,10131,Petrol,145,43.5,1.4
 Corsa,2015,7995,Manual,34959,Petrol,125,54.3,1.4
 Corsa,2015,5298,Manual,68517,Petrol,30,55.4,1.4
 Corsa,2014,5498,Manual,22512,Petrol,125,51.4,1.4
 Corsa,2016,8298,Manual,10585,Petrol,30,55.4,1.4
 Corsa,2015,6795,Manual,28039,Petrol,125,52.3,1.2
 Corsa,2018,9495,Manual,6046,Petrol,145,55.4,1.4
 Corsa,2017,8795,Manual,10969,Petrol,145,55.4,1.4
 Corsa,2017,6895,Manual,19853,Petrol,30,55.4,1.4
 Corsa,2018,8995,Manual,7786,Petrol,145,55.4,1.4
 Corsa,2016,6995,Manual,26309,Petrol,125,53.3,1.2
 Corsa,2017,8495,Manual,26528,Petrol,30,55.4,1.4
 Corsa,2019,10595,Manual,5320,Petrol,145,43.5,1.4
 Corsa,2016,8495,Manual,33475,Petrol,30,55.4,1.4
 Corsa,2019,10595,Manual,5786,Petrol,145,43.5,1.4
 Corsa,2019,10595,Manual,7513,Petrol,145,43.5,1.4
 Corsa,2019,11595,Manual,10254,Petrol,145,43.5,1.4
 Corsa,2019,11595,Manual,12036,Petrol,145,43.5,1.4
 Corsa,2017,7698,Manual,13192,Petrol,145,55.4,1.4
 Corsa,2014,5998,Manual,28084,Petrol,125,51.4,1.2
 Corsa,2018,10495,Manual,10218,Petrol,145,55.4,1.4
 Corsa,2016,7495,Manual,45685,Diesel,0,85.6,1.3
 Corsa,2019,9498,Manual,17125,Petrol,150,43.5,1.4
 Corsa,2014,4698,Manual,49337,Petrol,125,51.4,1.4
 Corsa,2017,8498,Manual,12525,Petrol,30,54.3,1.4
 Corsa,2016,6895,Manual,22000,Petrol,30,55.4,1.4
 Corsa,2017,6695,Manual,47000,Petrol,145,55.4,1.4
 Corsa,2016,7498,Manual,89883,Petrol,240,37.7,1.6
 Corsa,2019,9000,Manual,22000,Petrol,145,43.5,1.4
 Corsa,2019,10498,Manual,4704,Petrol,150,43.5,1.4
 Corsa,2016,5698,Manual,55867,Petrol,30,55.4,1.4
 Corsa,2017,7998,Manual,10647,Petrol,150,55.4,1.4
 Corsa,2015,6698,Manual,9832,Petrol,30,55.4,1.4
 Corsa,2015,6998,Manual,41385,Petrol,30,55.4,1.4
 Corsa,2016,7298,Manual,16007,Petrol,30,55.4,1.4
 Corsa,2015,6298,Manual,29116,Petrol,125,53.3,1.2
 Corsa,2017,7698,Manual,35688,Petrol,150,54.3,1.4
 Corsa,2017,9698,Manual,2712,Petrol,30,55.4,1.4
 Corsa,2020,16998,Manual,10,Petrol,145,52.3,1.2
 Corsa,2020,17998,Manual,10,Diesel,145,70.6,1.5
 Corsa,2016,7198,Manual,26245,Petrol,30,55.4,1.4
 Corsa,2014,4998,Manual,35711,Petrol,30,55.4,1.0
 Corsa,2015,4998,Manual,49003,Petrol,125,53.3,1.2
 Corsa,2016,9450,Automatic,14977,Petrol,145,47.9,1.4
 Corsa,2015,9298,Automatic,9382,Petrol,145,47.9,1.4
 Corsa,2017,8998,Manual,15171,Petrol,30,55.4,1.4
 Corsa,2015,8498,Automatic,6388,Petrol,145,47.1,1.4
 Corsa,2016,7998,Manual,18654,Petrol,30,55.4,1.4
 Corsa,2015,5698,Manual,32024,Petrol,125,52.3,1.2
 Corsa,2016,10495,Automatic,10825,Petrol,145,47.9,1.4
 Corsa,2020,13998,Manual,10,Petrol,145,52.3,1.2
 Corsa,2020,15998,Manual,10,Petrol,145,52.3,1.2
 Corsa,2016,5492,Manual,62518,Petrol,30,55.4,1.4
 Corsa,2016,5890,Manual,32563,Petrol,125,53.3,1.2
 Corsa,2015,6498,Manual,31664,Petrol,30,55.4,1.4
 Corsa,2014,4998,Manual,57210,Petrol,125,51.4,1.2
 Corsa,2020,16998,Manual,10,Petrol,145,52.3,1.2
 Corsa,2017,7095,Manual,21500,Petrol,30,55.4,1.4
 Corsa,2015,7298,Manual,15701,Petrol,30,55.4,1.4
 Corsa,2013,5998,Manual,16154,Petrol,125,51.4,1.2
 Corsa,2020,13498,Manual,10,Petrol,150,53.3,1.2
 Corsa,2020,17998,Manual,10,Petrol,150,52.3,1.2
 Corsa,2020,14298,Manual,10,Petrol,150,53.3,1.2
 Corsa,2020,13998,Manual,10,Petrol,150,52.3,1.2
 Corsa,2016,7698,Manual,23979,Petrol,30,55.4,1.4
 Corsa,2016,5998,Manual,28312,Petrol,30,55.4,1.4
 Corsa,2016,7498,Manual,23487,Petrol,30,55.4,1.4
 Corsa,2015,4998,Manual,60147,Petrol,30,55.4,1.4
 Corsa,2016,7998,Manual,25191,Petrol,30,55.4,1.4
 Corsa,2016,10498,Automatic,1326,Petrol,145,47.9,1.4
 Corsa,2015,6450,Manual,38279,Petrol,125,54.3,1.4
 Corsa,2018,8295,Manual,12103,Petrol,150,54.3,1.4
 Corsa,2017,8498,Manual,20194,Petrol,30,54.3,1.4
 Corsa,2016,6998,Manual,20269,Petrol,30,55.4,1.4
 Corsa,2015,6498,Manual,23854,Petrol,30,55.4,1.4
 Corsa,2017,10798,Automatic,17285,Petrol,145,47.9,1.4
 Corsa,2015,6498,Manual,29510,Petrol,125,54.3,1.4
 Corsa,2018,8298,Manual,17472,Petrol,150,55.4,1.4
 Corsa,2015,6398,Manual,36189,Petrol,125,53.3,1.2
 Corsa,2015,7698,Manual,7503,Petrol,30,55.4,1.4
 Corsa,2014,5998,Manual,30496,Petrol,125,51.4,1.2
 Corsa,2020,17598,Manual,10,Petrol,150,52.3,1.2
 Corsa,2020,18598,Manual,10,Diesel,150,70.6,1.5
 Corsa,2020,16998,Manual,10,Petrol,150,52.3,1.2
 Corsa,2020,15998,Manual,10,Petrol,150,52.3,1.2
 Corsa,2020,13498,Manual,10,Petrol,150,53.3,1.2
 Corsa,2020,17998,Manual,10,Diesel,150,70.6,1.5
 Corsa,2020,16998,Manual,10,Petrol,150,52.3,1.2
 Corsa,2020,15998,Manual,10,Petrol,150,52.3,1.2
 Corsa,2015,6298,Manual,49977,Petrol,30,55.4,1.4
 Corsa,2016,7498,Manual,23216,Petrol,30,55.4,1.4
 Corsa,2018,9498,Manual,9992,Petrol,145,54.3,1.4
 Corsa,2020,14498,Manual,10,Petrol,150,52.3,1.2
 Corsa,2016,7498,Manual,26369,Petrol,125,54.3,1.4
 Corsa,2017,7998,Manual,21183,Petrol,30,54.3,1.4
 Corsa,2018,8998,Manual,19561,Petrol,150,55.4,1.4
 Corsa,2015,6498,Manual,29652,Diesel,0,83.1,1.3
 Corsa,2016,7140,Manual,14406,Petrol,30,55.4,1.4
 Corsa,2015,6298,Manual,43558,Petrol,30,55.4,1.4
 Corsa,2013,3998,Manual,54498,Petrol,125,51.4,1.4
 Corsa,2018,8798,Manual,18840,Petrol,145,54.3,1.4
 Corsa,2013,4998,Manual,23000,Petrol,125,51.4,1.2
 Corsa,2014,5498,Manual,52302,Petrol,125,51.4,1.2
 Corsa,2015,6998,Manual,18009,Petrol,30,55.4,1.4
 Corsa,2017,7998,Manual,18364,Petrol,30,55.4,1.4
 Corsa,2015,5898,Manual,65349,Petrol,125,54.3,1.4
 Corsa,2018,9498,Manual,19301,Petrol,150,43.5,1.4
 Corsa,2013,4998,Manual,45701,Petrol,125,51.4,1.4
 Corsa,2016,5998,Manual,32957,Petrol,30,55.4,1.4
 Corsa,2016,6798,Manual,37452,Petrol,30,54.3,1.4
 Corsa,2015,7298,Manual,19713,Petrol,125,53.3,1.2
 Corsa,2015,6998,Manual,21340,Petrol,125,54.3,1.4
 Corsa,2018,8798,Manual,18674,Petrol,145,55.4,1.4
 Corsa,2016,7298,Manual,40385,Petrol,30,54.3,1.4
 Corsa,2016,7298,Manual,19500,Petrol,30,55.4,1.4
 Corsa,2016,8498,Manual,24914,Petrol,30,55.4,1.4
 Corsa,2015,7698,Manual,20066,Petrol,30,55.4,1.4
 Corsa,2016,7498,Manual,14663,Petrol,30,55.4,1.4
 Corsa,2016,6998,Manual,26937,Petrol,30,55.4,1.4
 Corsa,2018,9998,Manual,4309,Petrol,145,43.5,1.4
 Corsa,2016,7998,Manual,27504,Petrol,30,54.3,1.4
 Corsa,2015,6998,Manual,27042,Petrol,125,53.3,1.2
 Corsa,2016,7998,Manual,23113,Petrol,30,54.3,1.4
 Corsa,2016,6998,Manual,24213,Petrol,30,55.4,1.4
 Corsa,2017,7798,Manual,24733,Petrol,145,54.3,1.4
 Corsa,2020,17998,Manual,18,Diesel,150,70.6,1.5
 Corsa,2020,16998,Manual,10,Petrol,150,52.3,1.2
 Corsa,2020,13998,Manual,10,Petrol,145,52.3,1.2
 Corsa,2020,15998,Manual,10,Petrol,145,52.3,1.2
 Corsa,2017,7998,Manual,21815,Petrol,30,54.3,1.4
 Corsa,2017,7998,Manual,24189,Petrol,30,55.4,1.4
 Corsa,2020,16998,Manual,10,Petrol,145,52.3,1.2
 Corsa,2016,7698,Manual,11345,Petrol,30,55.4,1.4
 Corsa,2017,7998,Manual,20522,Petrol,145,55.4,1.4
 Corsa,2015,8998,Automatic,16476,Petrol,145,47.9,1.4
 Corsa,2017,6280,Manual,50246,Petrol,145,55.4,1.4
 Corsa,2017,7695,Manual,11551,Petrol,145,55.4,1.4
 Corsa,2016,7600,Manual,15900,Petrol,125,54.3,1.4
 Corsa,2016,6575,Manual,23023,Petrol,30,55.4,1.4
 Corsa,2017,7491,Manual,11331,Petrol,145,55.4,1.4
 Corsa,2016,7898,Manual,7312,Petrol,30,55.4,1.4
 Corsa,2015,6998,Manual,19598,Petrol,30,55.4,1.4
 Corsa,2019,8990,Manual,8948,Petrol,145,43.5,1.4
 Corsa,2016,7190,Manual,29176,Petrol,125,54.3,1.4
 Corsa,2017,6991,Manual,25056,Petrol,30,55.4,1.4
 Corsa,2015,4491,Manual,71029,Petrol,125,53.3,1.2
 Corsa,2017,7960,Manual,12040,Petrol,30,55.4,1.4
 Corsa,2018,5991,Manual,62451,Petrol,150,55.4,1.4
 Corsa,2016,7080,Manual,26352,Petrol,30,55.4,1.4
 Corsa,2017,7380,Manual,29683,Petrol,30,55.4,1.4
 Corsa,2015,6498,Manual,11486,Petrol,125,52.3,1.2
 Corsa,2015,6998,Manual,32450,Petrol,125,54.3,1.4
 Corsa,2016,7998,Manual,19401,Petrol,30,55.4,1.4
 Corsa,2016,7998,Manual,6885,Petrol,30,55.4,1.4
 Corsa,2013,3498,Manual,45640,Petrol,30,55.4,1.0
 Corsa,2018,8298,Manual,30659,Petrol,145,55.4,1.4
 Corsa,2019,10498,Manual,5161,Petrol,150,43.5,1.4
 Corsa,2019,10698,Automatic,6183,Petrol,150,39.8,1.4
 Corsa,2017,7998,Manual,16525,Petrol,30,54.3,1.4
 Corsa,2017,7465,Manual,20050,Petrol,150,55.4,1.4
 Corsa,2017,7298,Manual,34670,Petrol,145,54.3,1.4
 Corsa,2019,10490,Manual,3000,Petrol,145,43.5,1.4
 Corsa,2016,5891,Manual,27619,Petrol,30,55.4,1.4
 Corsa,2019,10490,Manual,2650,Petrol,145,43.5,1.4
 Corsa,2016,8297,Manual,10295,Petrol,30,55.4,1.4
 Corsa,2016,6650,Manual,20976,Petrol,30,55.4,1.4
 Corsa,2016,7310,Manual,41741,Petrol,30,57.6,1.0
 Corsa,2019,8330,Manual,8233,Petrol,145,43.5,1.4
 Corsa,2019,8350,Manual,7441,Petrol,145,43.5,1.4
 Corsa,2018,10498,Manual,14826,Petrol,150,48.7,1.4
 Corsa,2013,4698,Manual,34273,Petrol,125,51.4,1.4
 Corsa,2016,7698,Manual,25886,Petrol,30,55.4,1.4
 Corsa,2016,7568,Manual,39021,Petrol,30,55.4,1.4
 Corsa,2015,4591,Manual,54593,Petrol,125,51.4,1.2
 Corsa,2020,17598,Manual,10,Petrol,150,52.3,1.2
 Corsa,2019,10998,Manual,9643,Petrol,145,44.8,1.4
 Corsa,2015,7298,Manual,16125,Petrol,125,54.3,1.4
 Corsa,2016,6598,Manual,32871,Petrol,30,55.4,1.4
 Corsa,2016,7160,Manual,46636,Petrol,30,57.6,1.0
 Corsa,2019,9798,Manual,9626,Petrol,145,43.5,1.4
 Corsa,2016,7998,Manual,19881,Petrol,30,55.4,1.4
 Corsa,2017,7998,Manual,18144,Petrol,30,54.3,1.4
 Corsa,2015,6498,Manual,30657,Petrol,125,54.3,1.4
 Corsa,2019,9798,Manual,5197,Petrol,145,43.5,1.4
 Corsa,2013,4660,Manual,39968,Petrol,125,51.4,1.2
 Corsa,2016,8020,Automatic,54422,Petrol,145,47.9,1.4
 Corsa,2016,6360,Manual,20928,Petrol,30,55.4,1.4
 Corsa,2016,6750,Manual,39031,Petrol,30,55.4,1.4
 Corsa,2016,7998,Manual,23868,Diesel,0,85.6,1.3
 Corsa,2016,8310,Manual,8682,Petrol,30,55.4,1.4
 Corsa,2016,7640,Manual,24077,Petrol,30,55.4,1.4
 Corsa,2016,9703,Automatic,15325,Petrol,145,47.9,1.4
 Corsa,2015,5998,Manual,46527,Petrol,30,55.4,1.4
 Corsa,2016,7995,Manual,12211,Petrol,30,55.4,1.4
 Corsa,2020,16598,Manual,10,Petrol,150,52.3,1.2
 Corsa,2016,6498,Manual,37101,Petrol,30,54.3,1.4
 Corsa,2016,7711,Manual,22923,Petrol,30,55.4,1.4
 Corsa,2017,7630,Manual,16668,Petrol,30,55.4,1.4
 Corsa,2015,5601,Manual,44200,Petrol,125,51.4,1.4
 Corsa,2015,6998,Manual,24074,Petrol,30,55.4,1.4
 Corsa,2015,5498,Manual,64726,Petrol,125,54.3,1.4
 Corsa,2014,4998,Manual,36801,Petrol,125,51.4,1.4
 Corsa,2018,8998,Manual,14157,Petrol,150,43.5,1.4
 Corsa,2020,17598,Manual,10,Petrol,150,52.3,1.2
 Corsa,2017,8698,Manual,11698,Petrol,30,54.3,1.4
 Corsa,2018,9500,Manual,6862,Petrol,145,43.5,1.4
 Corsa,2016,8498,Automatic,6347,Petrol,30,55.4,1.4
 Corsa,2015,7298,Manual,12202,Petrol,30,55.4,1.4
 Corsa,2020,16698,Manual,10,Petrol,150,52.3,1.2
 Corsa,2020,18498,Manual,10,Diesel,150,70.6,1.5
 Corsa,2016,7998,Manual,18886,Petrol,30,55.4,1.4
 Corsa,2016,7498,Manual,16191,Petrol,30,55.4,1.4
 Corsa,2017,7998,Manual,20023,Petrol,30,55.4,1.4
 Corsa,2017,8498,Manual,30203,Petrol,30,54.3,1.4
 Corsa,2017,7998,Manual,13600,Petrol,30,54.3,1.4
 Corsa,2017,9498,Manual,12887,Petrol,150,55.4,1.4
 Corsa,2013,4291,Manual,43201,Petrol,30,55.4,1.0
 Corsa,2015,7498,Manual,15353,Petrol,125,53.3,1.2
 Corsa,2017,8798,Manual,17622,Petrol,145,55.4,1.4
 Corsa,2015,8998,Automatic,24812,Petrol,145,47.9,1.4
 Corsa,2013,4998,Manual,48047,Petrol,125,51.4,1.2
 Corsa,2017,7698,Manual,24595,Petrol,150,55.4,1.4
 Corsa,2019,10498,Manual,10981,Petrol,150,43.5,1.4
 Corsa,2019,10698,Automatic,10109,Petrol,150,39.8,1.4
 Corsa,2019,10698,Automatic,8718,Petrol,150,39.8,1.4
 Corsa,2013,5298,Manual,55259,Petrol,125,51.4,1.2
 Corsa,2020,16998,Manual,398,Petrol,150,52.3,1.2
 Corsa,2020,18598,Manual,10,Diesel,150,70.6,1.5
 Corsa,2020,17598,Manual,10,Petrol,150,52.3,1.2
 Corsa,2020,16798,Manual,10,Petrol,150,52.3,1.2
 Corsa,2016,6498,Manual,10213,Petrol,30,55.4,1.4
 Corsa,2017,10998,Automatic,10792,Petrol,145,47.9,1.4
 Corsa,2016,7998,Manual,15697,Petrol,30,55.4,1.4
 Corsa,2016,6998,Manual,24332,Petrol,30,55.4,1.4
 Corsa,2017,7798,Manual,21226,Petrol,145,55.4,1.4
 Corsa,2017,8598,Manual,15659,Petrol,145,54.3,1.4
 Corsa,2014,5601,Manual,32528,Petrol,125,51.4,1.4
 Corsa,2015,6732,Manual,24033,Petrol,125,54.3,1.4
 Corsa,2015,6450,Manual,58000,Diesel,0,85.6,1.3
 Corsa,2016,7471,Manual,30544,Petrol,30,55.4,1.4
 Corsa,2017,8171,Manual,21316,Petrol,30,54.3,1.4
 Corsa,2015,6991,Manual,12158,Petrol,125,53.3,1.2
 Corsa,2015,7520,Manual,6004,Petrol,125,52.3,1.2
 Corsa,2015,6860,Manual,30217,Petrol,125,54.3,1.4
 Corsa,2016,7450,Manual,32156,Petrol,30,55.4,1.4
 Corsa,2017,8298,Manual,11434,Petrol,30,54.3,1.4
 Corsa,2014,5498,Manual,14730,Petrol,125,51.4,1.4
 Corsa,2016,6798,Manual,34115,Petrol,30,55.4,1.4
 Corsa,2016,7998,Manual,15730,Petrol,30,55.4,1.4
 Corsa,2016,7498,Manual,18985,Petrol,30,55.4,1.4
 Corsa,2016,5998,Manual,20149,Petrol,30,55.4,1.4
 Corsa,2016,8298,Manual,23002,Petrol,30,55.4,1.4
 Corsa,2019,9990,Manual,18474,Petrol,145,43.5,1.4
 Corsa,2015,6498,Manual,34810,Petrol,30,55.4,1.4
 Corsa,2017,7798,Manual,26776,Petrol,30,54.3,1.4
 Corsa,2020,16998,Manual,5,Petrol,145,52.3,1.2
 Corsa,2016,7298,Manual,34631,Petrol,30,54.3,1.4
 Corsa,2020,13998,Manual,10,Petrol,145,52.3,1.2
 Corsa,2016,6298,Manual,19150,Petrol,30,55.4,1.4
 Corsa,2016,6798,Manual,33286,Petrol,30,55.4,1.4
 Corsa,2020,17998,Manual,10,Diesel,145,70.6,1.5
 Corsa,2020,17998,Manual,65,Diesel,145,70.6,1.5
 Corsa,2015,6998,Manual,44797,Petrol,30,55.4,1.4
 Corsa,2020,18598,Manual,10,Diesel,150,70.6,1.5
 Corsa,2015,5789,Manual,28873,Petrol,125,51.4,1.4
 Corsa,2017,7490,Manual,19642,Petrol,30,55.4,1.4
 Corsa,2016,10795,Automatic,2518,Petrol,145,47.9,1.4
 Corsa,2017,7495,Manual,24981,Petrol,150,54.3,1.4
 Corsa,2016,9998,Manual,7199,Diesel,0,85.6,1.3
 Corsa,2018,9070,Manual,16403,Petrol,145,43.5,1.4
 Corsa,2018,9250,Manual,5361,Petrol,145,43.5,1.4
 Corsa,2015,7250,Manual,27678,Petrol,30,55.4,1.4
 Corsa,2019,9798,Manual,6674,Petrol,145,43.5,1.4
 Corsa,2019,9798,Manual,5839,Petrol,145,43.5,1.4
 Corsa,2014,5090,Manual,55767,Petrol,125,51.4,1.4
 Corsa,2016,5998,Manual,43600,Petrol,30,55.4,1.4
 Corsa,2016,8998,Manual,11842,Diesel,0,88.3,1.3
 Corsa,2015,8298,Manual,55451,Petrol,235,37.7,1.6
 Corsa,2016,5998,Manual,19311,Petrol,30,55.4,1.4
 Corsa,2016,6350,Manual,43000,Petrol,30,54.3,1.4
 Corsa,2016,7500,Manual,9930,Petrol,125,54.3,1.4
 Corsa,2018,8151,Manual,25138,Petrol,145,55.4,1.4
 Corsa,2017,8340,Manual,5762,Petrol,145,54.3,1.4
 Corsa,2014,5390,Manual,31936,Petrol,30,55.4,1.4
 Corsa,2018,9998,Automatic,10548,Petrol,145,39.8,1.4
 Corsa,2017,8298,Manual,20528,Petrol,145,54.3,1.4
 Corsa,2019,9490,Manual,3162,Petrol,150,43.5,1.4
 Corsa,2016,5985,Manual,33160,Petrol,30,55.4,1.4
 Corsa,2019,9945,Manual,7,Petrol,150,43.5,1.4
 Corsa,2018,9598,Manual,12184,Petrol,150,43.5,1.4
 Corsa,2017,7698,Manual,22750,Petrol,30,55.4,1.4
 Corsa,2017,7291,Manual,20014,Petrol,30,55.4,1.4
 Corsa,2018,8100,Manual,9390,Petrol,145,55.4,1.4
 Corsa,2017,9300,Automatic,13258,Petrol,145,47.9,1.4
 Corsa,2020,15998,Manual,10,Petrol,145,52.3,1.2
 Corsa,2020,18598,Manual,10,Diesel,150,70.6,1.5
 Corsa,2019,10498,Manual,3204,Petrol,150,44.8,1.4
 Corsa,2016,7000,Manual,29302,Petrol,30,55.4,1.4
 Corsa,2019,8460,Manual,4288,Petrol,145,43.5,1.4
 Corsa,2019,10990,Manual,908,Petrol,145,43.5,1.4
 Corsa,2019,10130,Manual,1632,Petrol,145,43.5,1.4
 Corsa,2019,9470,Manual,4498,Petrol,145,43.5,1.4
 Corsa,2016,7298,Manual,27538,Petrol,30,55.4,1.4
 Corsa,2016,5998,Manual,19078,Petrol,30,55.4,1.4
 Corsa,2015,6798,Manual,28891,Petrol,30,55.4,1.4
 Corsa,2020,16998,Manual,10,Petrol,145,52.3,1.2
 Corsa,2019,10798,Manual,9741,Petrol,150,44.8,1.4
 Corsa,2017,7995,Manual,13049,Petrol,30,54.3,1.4
 Corsa,2019,10990,Manual,1932,Petrol,145,43.5,1.4
 Corsa,2014,4991,Manual,28552,Petrol,125,51.4,1.2
 Corsa,2015,6498,Manual,36249,Petrol,30,55.4,1.4
 Corsa,2013,5698,Manual,32596,Petrol,125,51.4,1.2
 Corsa,2018,9340,Manual,20487,Petrol,145,43.5,1.4
 Corsa,2017,6991,Manual,18756,Petrol,145,55.4,1.4
 Corsa,2013,3991,Manual,47083,Petrol,30,55.4,1.0
 Corsa,2017,6391,Manual,29481,Petrol,30,55.4,1.4
 Corsa,2017,8491,Manual,19137,Petrol,30,57.6,1.0
 Corsa,2015,6091,Manual,28804,Petrol,30,54.3,1.4
 Corsa,2019,10798,Manual,7971,Petrol,145,44.8,1.4
 Corsa,2016,7791,Manual,32029,Petrol,125,54.3,1.4
 Corsa,2017,7721,Manual,23341,Petrol,145,55.4,1.4
 Corsa,2016,6310,Manual,41142,Petrol,30,55.4,1.4
 Corsa,2019,8530,Manual,8338,Petrol,145,43.5,1.4
 Corsa,2017,7998,Manual,14209,Petrol,145,55.4,1.4
 Corsa,2016,7120,Manual,34307,Petrol,30,55.4,1.4
 Corsa,2015,6890,Manual,31183,Diesel,0,83.1,1.3
 Corsa,2017,11498,Automatic,7068,Petrol,150,47.9,1.4
 Corsa,2020,17998,Manual,10,Diesel,150,70.6,1.5
 Corsa,2019,10990,Manual,100,Petrol,145,43.5,1.4
 Corsa,2019,10490,Manual,1375,Petrol,145,43.5,1.4
 Corsa,2019,10490,Manual,1452,Petrol,145,43.5,1.4
 Corsa,2018,8391,Manual,10376,Petrol,145,54.3,1.4
 Corsa,2016,5420,Manual,27149,Petrol,30,55.4,1.4
 Corsa,2016,7680,Manual,17366,Petrol,30,55.4,1.4
 Corsa,2019,10498,Manual,4514,Petrol,150,44.8,1.4
 Corsa,2019,10998,Manual,8309,Petrol,150,44.8,1.4
 Corsa,2019,10698,Automatic,5400,Petrol,150,39.8,1.4
 Corsa,2015,6498,Manual,22825,Petrol,30,55.4,1.4
 Corsa,2016,7099,Manual,29626,Petrol,30,54.3,1.4
 Corsa,2015,5580,Manual,37978,Petrol,125,52.3,1.2
 Corsa,2018,9320,Manual,7825,Petrol,145,55.4,1.4
 Corsa,2017,6790,Manual,27849,Petrol,150,55.4,1.4
 Corsa,2020,16998,Manual,10,Petrol,145,52.3,1.2
 Corsa,2018,7895,Manual,14917,Petrol,145,55.4,1.4
 Corsa,2016,7798,Manual,12722,Petrol,30,55.4,1.4
 Corsa,2020,17998,Manual,10,Diesel,150,70.6,1.5
 Corsa,2020,15998,Manual,10,Petrol,150,52.3,1.2
 Corsa,2014,5998,Manual,24369,Petrol,125,51.4,1.4
 Corsa,2018,8898,Manual,12238,Petrol,145,55.4,1.4
 Corsa,2016,6998,Manual,29186,Petrol,30,54.3,1.4
 Corsa,2013,3850,Manual,49000,Petrol,30,55.4,1.0
 Corsa,2017,8298,Manual,13202,Petrol,30,55.4,1.4
 Corsa,2020,16998,Manual,10,Petrol,145,52.3,1.2
 Corsa,2020,15998,Manual,10,Petrol,145,52.3,1.2
 Corsa,2015,6498,Manual,38130,Petrol,30,55.4,1.4
 Corsa,2013,4998,Manual,41955,Petrol,125,51.4,1.4
 Corsa,2015,6241,Manual,43173,Diesel,0,76.3,1.3
 Corsa,2014,5498,Manual,34125,Petrol,125,51.4,1.4
 Corsa,2016,7998,Manual,29650,Petrol,30,55.4,1.4
 Corsa,2017,10498,Automatic,17365,Petrol,145,47.9,1.4
 Corsa,2017,11298,Automatic,3326,Petrol,145,47.9,1.4
 Corsa,2020,17498,Manual,10,Petrol,150,52.3,1.2
 Corsa,2017,7998,Manual,16424,Petrol,30,55.4,1.4
 Corsa,2015,5998,Manual,10853,Petrol,30,55.4,1.4
 Corsa,2016,7290,Manual,16100,Petrol,30,54.3,1.4
 Corsa,2018,7995,Manual,13149,Petrol,150,54.3,1.4
 Corsa,2013,4698,Manual,40395,Petrol,125,51.4,1.2
 Corsa,2016,7598,Manual,33723,Petrol,30,55.4,1.4
 Corsa,2017,7998,Manual,12649,Petrol,145,55.4,1.4
 Corsa,2015,7298,Manual,46963,Petrol,30,55.4,1.4
 Corsa,2020,16998,Manual,19,Petrol,145,52.3,1.2
 Corsa,2019,9995,Manual,16937,Petrol,145,43.5,1.4
 Corsa,2017,8995,Manual,7075,Petrol,145,57.7,1.0
 Corsa,2018,7990,Manual,5000,Petrol,145,43.5,1.4
 Corsa,2014,4690,Manual,49630,Petrol,125,51.4,1.4
 Corsa,2016,7495,Manual,30464,Petrol,30,55.4,1.4
 Corsa,2016,7495,Manual,30491,Petrol,30,55.4,1.4
 Corsa,2016,6995,Manual,23152,Petrol,30,55.4,1.4
 Corsa,2013,3495,Manual,63414,Petrol,30,55.4,1.0
 Corsa,2019,9995,Manual,10,Petrol,145,43.5,1.4
 Corsa,2015,5995,Manual,50695,Petrol,125,52.3,1.2
 Corsa,2015,5850,Manual,30955,Petrol,125,53.3,1.2
 Corsa,2018,9450,Manual,17017,Petrol,150,54.3,1.4
 Corsa,2017,9845,Automatic,7420,Petrol,145,47.9,1.4
 Corsa,2016,6995,Manual,31168,Petrol,30,55.4,1.4
 Corsa,2016,6995,Manual,28000,Petrol,30,54.3,1.4
 Corsa,2016,6495,Manual,21295,Petrol,30,55.4,1.4
 Corsa,2018,15660,Manual,7564,Petrol,145,43.5,1.4
 Corsa,2018,8495,Manual,5400,Petrol,145,43.5,1.4
 Corsa,2018,15225,Manual,12670,Petrol,145,43.5,1.4
 Corsa,2019,9495,Manual,4500,Petrol,145,43.5,1.4
 Corsa,2019,9990,Manual,10,Petrol,150,43.5,1.4
 Corsa,2016,9795,Manual,18298,Petrol,235,37.7,1.6
 Corsa,2018,7795,Manual,16302,Petrol,145,55.4,1.4
 Corsa,2019,9495,Manual,14712,Petrol,145,43.5,1.4
 Corsa,2017,6985,Manual,13306,Petrol,145,55.4,1.4
 Corsa,2017,7495,Manual,19271,Petrol,30,55.4,1.4
 Corsa,2018,7295,Manual,6462,Petrol,145,55.4,1.4
 Corsa,2018,9495,Manual,6000,Petrol,145,43.5,1.4
 Corsa,2019,9989,Manual,10,Petrol,145,43.5,1.4
 Corsa,2019,9250,Manual,2500,Petrol,145,43.5,1.4
 Corsa,2019,9995,Manual,14524,Petrol,145,43.5,1.4
 Corsa,2013,4495,Manual,44920,Petrol,125,51.4,1.2
 Corsa,2015,5995,Manual,54083,Petrol,125,54.3,1.4
 Corsa,2015,6295,Manual,12652,Petrol,125,53.3,1.2
 Corsa,2015,5495,Manual,45416,Petrol,30,55.4,1.4
 Corsa,2017,6395,Manual,40319,Petrol,30,54.3,1.4
 Corsa,2016,6295,Manual,23248,Petrol,30,55.4,1.4
 Corsa,2015,6290,Manual,17826,Petrol,30,55.4,1.4
 Corsa,2019,9295,Manual,12,Petrol,150,43.5,1.4
 Corsa,2019,13695,Manual,679,Petrol,150,53.3,1.2
 Corsa,2019,9495,Manual,9455,Petrol,150,43.5,1.4
 Corsa,2018,7930,Manual,13051,Petrol,145,55.4,1.4
 Corsa,2019,10498,Manual,8208,Petrol,145,43.5,1.4
 Corsa,2019,10498,Manual,10880,Petrol,145,43.5,1.4
 Corsa,2018,9995,Manual,9840,Petrol,145,43.5,1.4
 Corsa,2013,4950,Manual,52838,Petrol,125,51.4,1.2
 Corsa,2017,7500,Manual,20389,Petrol,145,55.4,1.4
 Corsa,2017,7500,Manual,21247,Petrol,30,55.4,1.4
 Corsa,2017,6999,Manual,12701,Petrol,150,55.4,1.4
 Corsa,2014,5495,Manual,59095,Petrol,125,51.4,1.2
 Corsa,2017,7995,Manual,29000,Petrol,145,55.4,1.4
 Corsa,2015,6999,Manual,20045,Petrol,30,55.4,1.4
 Corsa,2018,7999,Manual,19654,Petrol,145,55.4,1.4
 Corsa,2017,8499,Manual,9978,Petrol,145,55.4,1.4
 Corsa,2017,9999,Manual,8633,Petrol,145,49.6,1.4
 Corsa,2018,7999,Manual,14948,Petrol,145,55.4,1.4
 Corsa,2018,8495,Manual,16000,Petrol,145,55.4,1.4
 Corsa,2019,10990,Manual,1152,Petrol,145,43.5,1.4
 Corsa,2019,9950,Manual,25,Petrol,150,43.5,1.4
 Corsa,2019,8995,Manual,10,Petrol,145,43.5,1.4
 Corsa,2017,7795,Manual,30000,Petrol,145,55.4,1.4
 Corsa,2018,7350,Manual,34044,Petrol,145,55.4,1.4
 Corsa,2019,10990,Manual,1254,Petrol,145,43.5,1.4
 Corsa,2017,7095,Manual,14580,Petrol,145,55.4,1.4
 Corsa,2014,4621,Manual,46599,Petrol,125,51.4,1.2
 Corsa,2017,7950,Manual,14295,Petrol,145,55.4,1.4
 Corsa,2013,5090,Manual,40200,Petrol,125,51.4,1.4
 Corsa,2014,5804,Manual,13945,Petrol,125,51.4,1.2
 Corsa,2015,5495,Manual,52000,Petrol,125,54.3,1.4
 Corsa,2014,4575,Manual,69196,Petrol,125,51.4,1.4
 Corsa,2015,5499,Manual,35744,Petrol,30,55.4,1.4
 Corsa,2016,6290,Manual,41146,Petrol,30,55.4,1.4
 Corsa,2017,6390,Manual,16881,Petrol,30,55.4,1.4
 Corsa,2017,7160,Manual,26135,Petrol,30,55.4,1.4
 Corsa,2015,6490,Manual,29500,Petrol,125,52.3,1.2
 Corsa,2015,6790,Manual,24218,Petrol,125,53.3,1.2
 Corsa,2019,10490,Manual,1512,Petrol,145,43.5,1.4
 Corsa,2017,7690,Manual,10758,Petrol,30,55.4,1.4
 Corsa,2016,7290,Manual,19613,Petrol,30,55.4,1.4
 Corsa,2016,7290,Manual,30515,Petrol,30,55.4,1.4
 Corsa,2017,7470,Manual,33500,Petrol,30,55.4,1.4
 Corsa,2019,10990,Manual,1210,Petrol,145,43.5,1.4
 Corsa,2019,9990,Manual,100,Petrol,145,43.5,1.4
 Corsa,2014,5250,Manual,43998,Petrol,125,51.4,1.4
 Corsa,2017,8200,Manual,14128,Petrol,145,55.4,1.4
 Corsa,2014,5490,Manual,31090,Petrol,125,53.3,1.2
 Corsa,2016,5990,Manual,45977,Petrol,30,55.4,1.4
 Corsa,2017,7490,Manual,7184,Petrol,145,55.4,1.4
 Corsa,2016,7900,Manual,29280,Petrol,30,57.6,1.0
 Corsa,2017,6790,Manual,39485,Petrol,30,55.4,1.4
 Corsa,2015,7834,Manual,11224,Petrol,30,55.4,1.4
 Corsa,2016,6990,Manual,23736,Petrol,30,55.4,1.4
 Corsa,2017,7860,Manual,16747,Petrol,30,55.4,1.4
 Corsa,2017,10498,Automatic,11486,Petrol,145,47.9,1.4
 Corsa,2014,4630,Manual,40696,Petrol,30,55.4,1.0
 Corsa,2014,3990,Manual,70128,Petrol,125,51.4,1.2
 Corsa,2016,7750,Manual,13023,Petrol,30,55.4,1.4
 Corsa,2017,7680,Manual,28033,Petrol,30,55.4,1.4
 Corsa,2017,8498,Manual,14038,Petrol,150,55.4,1.4
 Corsa,2016,7498,Manual,31002,Petrol,30,54.3,1.4
 Corsa,2017,7680,Manual,16673,Petrol,30,55.4,1.4
 Corsa,2015,7470,Manual,29351,Petrol,125,54.3,1.4
 Corsa,2017,7198,Manual,18805,Petrol,30,55.4,1.4
 Corsa,2015,4695,Manual,54361,Petrol,125,53.3,1.2
 Corsa,2017,6490,Manual,28096,Petrol,30,55.4,1.4
 Corsa,2019,10990,Manual,100,Petrol,145,43.5,1.4
 Corsa,2017,6490,Manual,29066,Petrol,145,55.4,1.4
 Corsa,2017,6990,Manual,15958,Petrol,30,55.4,1.4
 Corsa,2016,6385,Manual,13430,Petrol,30,55.4,1.4
 Corsa,2017,6195,Manual,59030,Petrol,145,54.3,1.4
 Corsa,2017,7640,Manual,22208,Petrol,145,55.4,1.4
 Corsa,2014,6895,Manual,14634,Petrol,125,51.4,1.2
 Corsa,2016,8450,Manual,15375,Petrol,30,55.4,1.4
 Corsa,2018,7971,Manual,10519,Petrol,150,55.4,1.4
 Corsa,2017,7971,Manual,22088,Petrol,150,55.4,1.4
 Corsa,2016,6360,Manual,33269,Petrol,30,55.4,1.4
 Corsa,2013,4999,Manual,51972,Petrol,125,51.4,1.2
 Corsa,2017,7690,Manual,26033,Petrol,145,55.4,1.4
 Corsa,2017,7940,Manual,11446,Petrol,30,55.4,1.4
 Corsa,2016,6450,Manual,43170,Petrol,30,55.4,1.4
 Corsa,2013,4440,Manual,36429,Petrol,30,55.4,1.0
 Corsa,2016,6899,Manual,32737,Petrol,30,55.4,1.4
 Corsa,2020,17823,Manual,366,Petrol,150,52.3,1.2
 Corsa,2015,6830,Manual,31445,Petrol,125,54.3,1.4
 Corsa,2019,9471,Manual,7736,Petrol,145,43.5,1.4
 Corsa,2014,4499,Manual,50500,Petrol,125,51.4,1.2
 Corsa,2019,8650,Manual,3521,Petrol,145,43.5,1.4
 Corsa,2019,8810,Manual,7822,Petrol,145,43.5,1.4
 Corsa,2016,5810,Manual,28223,Petrol,30,55.4,1.4
 Corsa,2017,7720,Manual,21121,Petrol,30,55.4,1.4
 Corsa,2019,10990,Manual,100,Petrol,145,43.5,1.4
 Corsa,2019,11157,Manual,100,Petrol,145,43.5,1.4
 Corsa,2016,8471,Manual,33865,Petrol,30,55.4,1.4
 Corsa,2017,7525,Manual,21115,Petrol,145,55.4,1.4
 Corsa,2019,9471,Manual,9260,Petrol,145,43.5,1.4
 Corsa,2019,9471,Manual,9765,Petrol,145,43.5,1.4
 Corsa,2019,9471,Manual,9944,Petrol,145,43.5,1.4
 Corsa,2019,9471,Manual,7567,Petrol,145,43.5,1.4
 Corsa,2016,7471,Manual,18237,Petrol,30,55.4,1.4
 Corsa,2017,8471,Manual,19759,Petrol,30,54.3,1.4
 Corsa,2017,7971,Manual,33065,Petrol,30,54.3,1.4
 Corsa,2016,7471,Manual,23374,Petrol,30,55.4,1.4
 Corsa,2013,5471,Manual,65000,Petrol,125,51.4,1.2
 Corsa,2015,7471,Manual,27797,Petrol,30,55.4,1.4
 Corsa,2017,7771,Manual,14516,Petrol,150,55.4,1.4
 Corsa,2018,10471,Manual,16397,Petrol,150,49.6,1.4
 Corsa,2013,5471,Manual,32951,Petrol,30,55.4,1.0
 Corsa,2019,11102,Manual,2462,Petrol,150,43.5,1.4
 Corsa,2017,9091,Manual,12288,Petrol,145,54.3,1.4
 Corsa,2019,10990,Manual,100,Petrol,145,43.5,1.4
 Corsa,2019,10990,Manual,100,Petrol,145,43.5,1.4
 Corsa,2019,10490,Manual,100,Petrol,145,43.5,1.4
 Corsa,2016,5790,Manual,35367,Petrol,125,53.3,1.2
 Corsa,2017,6890,Manual,35812,Petrol,30,55.4,1.4
 Corsa,2016,6390,Manual,33885,Petrol,30,55.4,1.4
 Corsa,2017,10498,Automatic,4753,Petrol,145,47.9,1.4
 Corsa,2015,7298,Manual,28059,Petrol,125,54.3,1.4
 Corsa,2019,8500,Manual,5803,Petrol,145,43.5,1.4
 Corsa,2019,8460,Manual,7007,Petrol,145,43.5,1.4
 Corsa,2019,8510,Manual,5426,Petrol,145,43.5,1.4
 Corsa,2017,8200,Manual,13045,Petrol,145,55.4,1.4
 Corsa,2016,6680,Manual,29256,Petrol,30,55.4,1.4
 Corsa,2016,6000,Manual,71999,Diesel,0,88.3,1.3
 Corsa,2016,6740,Manual,38927,Petrol,30,55.4,1.4
 Corsa,2017,7230,Manual,28075,Petrol,145,55.4,1.4
 Corsa,2018,7590,Manual,16002,Petrol,145,55.4,1.4
 Corsa,2020,16990,Manual,1010,Petrol,145,52.3,1.2
 Corsa,2018,8160,Manual,17202,Petrol,145,55.4,1.4
 Corsa,2016,6740,Manual,44477,Petrol,30,55.4,1.4
 Corsa,2019,9990,Manual,1998,Petrol,145,43.5,1.4
 Corsa,2019,9990,Manual,1860,Petrol,145,43.5,1.4
 Corsa,2019,9490,Manual,2378,Petrol,145,43.5,1.4
 Corsa,2019,8471,Manual,5438,Petrol,150,43.5,1.4
 Corsa,2018,7998,Manual,9109,Petrol,145,43.5,1.4
 Corsa,2018,8471,Manual,6690,Petrol,145,55.4,1.4
 Corsa,2017,7999,Manual,14502,Petrol,150,55.4,1.4
 Corsa,2017,7700,Manual,16119,Petrol,30,55.4,1.4
 Corsa,2015,7000,Manual,31000,Petrol,30,55.4,1.4
 Corsa,2017,6790,Manual,21845,Petrol,150,55.4,1.4
 Corsa,2018,8250,Manual,18610,Petrol,150,55.4,1.4
 Corsa,2014,4508,Manual,52516,Petrol,30,55.4,1.0
 Corsa,2018,8495,Manual,13290,Petrol,145,54.3,1.4
 Corsa,2017,10500,Automatic,13000,Petrol,145,47.9,1.4
 Corsa,2018,7990,Manual,11367,Petrol,145,43.5,1.4
 Corsa,2019,8499,Manual,9621,Petrol,145,43.5,1.4
 Corsa,2015,6541,Manual,7000,Petrol,125,53.3,1.2
 Corsa,2019,10998,Manual,5594,Petrol,145,44.8,1.4
 Corsa,2019,9890,Manual,4792,Petrol,150,43.5,1.4
 Corsa,2017,7409,Manual,14510,Petrol,30,55.4,1.4
 Corsa,2018,7999,Manual,4170,Petrol,145,55.4,1.4
 Corsa,2019,8799,Manual,9436,Petrol,145,43.5,1.4
 Corsa,2019,8299,Manual,12341,Petrol,145,43.5,1.4
 Corsa,2019,12499,Manual,2941,Petrol,145,44.8,1.4
 Corsa,2017,7595,Manual,26000,Petrol,30,55.4,1.4
 Corsa,2017,7290,Manual,23900,Petrol,145,54.3,1.4
 Corsa,2019,10699,Manual,2938,Petrol,145,44.8,1.4
 Corsa,2015,6929,Manual,11362,Petrol,125,52.3,1.2
 Corsa,2016,6399,Manual,33957,Petrol,30,55.4,1.4
 Corsa,2017,7999,Manual,12213,Petrol,145,55.4,1.4
 Corsa,2017,7304,Manual,35776,Petrol,30,55.4,1.4
 Corsa,2019,10699,Manual,3478,Petrol,145,44.8,1.4
 Corsa,2019,9699,Manual,4656,Petrol,145,43.5,1.4
 Corsa,2019,10699,Manual,3772,Petrol,145,44.8,1.4
 Corsa,2016,7999,Manual,21552,Petrol,30,54.3,1.4
 Corsa,2019,9999,Manual,12233,Petrol,145,43.5,1.4
 Corsa,2017,6999,Manual,12716,Petrol,150,55.4,1.4
 Corsa,2019,9999,Manual,9649,Petrol,145,43.5,1.4
 Corsa,2016,10499,Automatic,13637,Petrol,145,47.9,1.4
 Corsa,2018,7999,Manual,5303,Petrol,145,55.4,1.4
 Corsa,2020,16998,Manual,10,Petrol,145,52.3,1.2
 Corsa,2020,13998,Manual,10,Petrol,145,52.3,1.2
 Corsa,2015,5741,Manual,41197,Petrol,125,53.3,1.2
 Corsa,2017,8750,Manual,17384,Petrol,30,55.4,1.4
 Corsa,2018,7890,Manual,14000,Petrol,145,55.4,1.4
 Corsa,2014,5480,Manual,48178,Petrol,125,51.4,1.4
 Corsa,2014,5980,Manual,32700,Petrol,125,51.4,1.2
 Corsa,2016,5700,Manual,27573,Petrol,30,55.4,1.4
 Corsa,2019,8295,Manual,5551,Petrol,145,43.5,1.4
 Corsa,2019,8295,Manual,9789,Petrol,145,43.5,1.4
 Corsa,2019,8295,Manual,6369,Petrol,145,43.5,1.4
 Corsa,2019,8295,Manual,7396,Petrol,145,43.5,1.4
 Corsa,2019,8295,Manual,11180,Petrol,145,43.5,1.4
 Corsa,2018,8499,Manual,18259,Petrol,145,43.5,1.4
 Corsa,2017,6491,Manual,37601,Petrol,30,55.4,1.4
 Corsa,2016,7291,Manual,29915,Petrol,30,55.4,1.4
 Corsa,2014,5499,Manual,44414,Petrol,125,51.4,1.2
 Corsa,2019,10490,Manual,214,Petrol,145,43.5,1.4
 Corsa,2019,10990,Manual,865,Petrol,145,43.5,1.4
 Corsa,2019,10990,Manual,318,Petrol,145,43.5,1.4
 Corsa,2016,7230,Manual,35399,Petrol,125,54.3,1.4
 Corsa,2016,7190,Manual,18945,Petrol,30,54.3,1.4
 Corsa,2016,7491,Manual,28390,Petrol,30,55.4,1.4
 Corsa,2015,6890,Manual,28944,Petrol,30,55.4,1.4
 Corsa,2017,7850,Manual,32898,Petrol,145,54.3,1.4
 Corsa,2019,10657,Manual,974,Petrol,145,43.5,1.4
 Corsa,2019,10998,Manual,11555,Petrol,150,44.8,1.4
 Corsa,2019,10998,Manual,6519,Petrol,145,44.8,1.4
 Corsa,2020,17998,Manual,10,Diesel,145,70.6,1.5
 Corsa,2017,6995,Manual,15000,Petrol,145,55.4,1.4
 Corsa,2018,8999,Manual,12272,Petrol,145,55.4,1.4
 Corsa,2015,7390,Manual,32746,Petrol,30,55.4,1.4
 Corsa,2016,7520,Manual,12321,Petrol,30,55.4,1.4
 Corsa,2016,7600,Manual,15811,Petrol,125,54.3,1.4
 Corsa,2020,13998,Manual,10,Petrol,145,52.3,1.2
 Corsa,2017,7291,Manual,37772,Petrol,145,55.4,1.4
 Corsa,2018,9495,Manual,3493,Petrol,145,57.7,1.0
 Corsa,2018,9999,Automatic,13000,Petrol,145,39.8,1.4
 Corsa,2018,9999,Automatic,10734,Petrol,145,39.8,1.4
 Corsa,2019,10990,Manual,435,Petrol,145,43.5,1.4
 Corsa,2016,6990,Manual,52744,Diesel,0,83.1,1.3
 Corsa,2019,8046,Manual,6089,Petrol,145,43.5,1.4
 Corsa,2014,4121,Manual,77205,Petrol,125,51.4,1.4
 Corsa,2018,8991,Manual,13939,Petrol,150,43.5,1.4
 Corsa,2019,10990,Manual,579,Petrol,145,43.5,1.4
 Corsa,2017,7741,Manual,30272,Petrol,145,55.4,1.4
 Corsa,2018,10295,Automatic,10965,Petrol,145,39.8,1.4
 Corsa,2018,10499,Automatic,7765,Petrol,145,39.8,1.4
 Corsa,2016,6499,Manual,30384,Petrol,30,55.4,1.4
 Corsa,2019,9995,Manual,4655,Petrol,145,43.5,1.4
 Corsa,2019,8999,Manual,3273,Petrol,145,43.5,1.4
 Corsa,2017,7162,Manual,12764,Petrol,30,55.4,1.4
 Corsa,2017,7999,Manual,38700,Petrol,150,55.4,1.4
 Corsa,2016,7999,Manual,22373,Petrol,30,54.3,1.4
 Corsa,2017,7500,Manual,9832,Petrol,150,55.4,1.4
 Corsa,2018,9888,Automatic,5189,Petrol,150,39.8,1.4
 Corsa,2018,9690,Manual,8300,Petrol,145,43.5,1.4
 Corsa,2018,9499,Automatic,16350,Petrol,145,39.8,1.4
 Corsa,2017,7569,Manual,13460,Petrol,30,55.4,1.4
 Corsa,2016,6571,Manual,38255,Petrol,30,55.4,1.4
 Corsa,2018,9457,Automatic,2598,Petrol,145,39.8,1.4
 Corsa,2017,7500,Manual,18636,Petrol,30,55.4,1.4
 Corsa,2014,4965,Manual,65000,Petrol,125,51.4,1.2
 Corsa,2016,6465,Manual,44189,Petrol,30,55.4,1.4
 Corsa,2017,7999,Manual,19149,Petrol,145,55.4,1.4
 Corsa,2017,8136,Manual,12547,Petrol,145,55.4,1.4
 Corsa,2017,7295,Manual,26423,Petrol,30,55.4,1.4
 Corsa,2016,7793,Manual,18309,Petrol,30,55.4,1.4
 Corsa,2014,4070,Manual,53470,Diesel,30,67.3,1.3
 Corsa,2020,16998,Manual,10,Petrol,145,52.3,1.2
 Corsa,2020,17498,Manual,10,Petrol,145,52.3,1.2
 Corsa,2020,16998,Manual,10,Petrol,145,52.3,1.2
 Corsa,2020,15998,Manual,10,Petrol,145,52.3,1.2
 Corsa,2020,17498,Manual,10,Petrol,145,52.3,1.2
 Corsa,2020,16498,Manual,10,Petrol,145,52.3,1.2
 Corsa,2019,10300,Manual,9902,Petrol,150,43.5,1.4
 Corsa,2019,10371,Manual,7092,Petrol,150,43.5,1.4
 Corsa,2019,9199,Manual,9926,Petrol,145,43.5,1.4
 Corsa,2018,8600,Manual,15894,Petrol,145,43.5,1.4
 Corsa,2017,10800,Automatic,5297,Petrol,145,47.9,1.4
 Corsa,2019,8900,Manual,22831,Petrol,150,43.5,1.4
 Corsa,2017,8750,Manual,6250,Petrol,150,55.4,1.4
 Corsa,2017,8282,Manual,28989,Petrol,145,55.4,1.4
 Corsa,2016,7992,Manual,22579,Petrol,30,54.3,1.4
 Corsa,2019,9900,Manual,3363,Petrol,150,43.5,1.4
 Corsa,2019,9900,Manual,1970,Petrol,150,43.5,1.4
 Corsa,2019,9900,Manual,2217,Petrol,150,43.5,1.4
 Corsa,2016,5998,Manual,17682,Petrol,30,55.4,1.4
 Corsa,2016,6998,Manual,20601,Petrol,30,55.4,1.4
 Corsa,2018,9499,Automatic,17647,Petrol,145,47.9,1.4
 Corsa,2016,7287,Manual,33599,Petrol,30,55.4,1.4
 Corsa,2016,7000,Manual,35642,Petrol,30,55.4,1.4
 Corsa,2013,4499,Manual,69460,Petrol,125,51.4,1.2
 Corsa,2016,7999,Manual,41802,Petrol,30,54.3,1.4
 Corsa,2016,6699,Manual,16094,Petrol,30,55.4,1.4
 Corsa,2019,10495,Automatic,8125,Petrol,150,39.8,1.4
 Corsa,2016,9090,Automatic,22581,Petrol,145,47.9,1.4
 Corsa,2016,6700,Manual,30898,Petrol,30,55.4,1.4
 Corsa,2020,15998,Manual,10,Petrol,145,52.3,1.2
 Corsa,2020,17998,Manual,10,Diesel,145,70.6,1.5
 Corsa,2019,10998,Manual,6736,Petrol,145,44.8,1.4
 Corsa,2019,10698,Manual,9754,Petrol,145,44.8,1.4
 Corsa,2020,16498,Manual,10,Petrol,145,52.3,1.2
 Corsa,2020,16998,Manual,10,Petrol,145,52.3,1.2
 Corsa,2020,15998,Manual,10,Petrol,145,52.3,1.2
 Corsa,2020,13998,Manual,10,Petrol,145,52.3,1.2
 Corsa,2020,17998,Manual,10,Diesel,145,70.6,1.5
 Corsa,2020,16998,Manual,10,Petrol,145,52.3,1.2
 Corsa,2020,16998,Manual,10,Petrol,145,52.3,1.2
 Corsa,2019,10998,Manual,9401,Petrol,150,44.8,1.4
 Corsa,2019,12991,Manual,3755,Petrol,145,43.5,1.4
 Corsa,2019,10998,Manual,8913,Petrol,150,44.8,1.4
 Corsa,2017,6890,Manual,24238,Petrol,145,55.4,1.4
 Corsa,2015,5998,Manual,49208,Petrol,125,51.4,1.2
 Corsa,2016,7446,Manual,18774,Petrol,125,53.3,1.2
 Corsa,2015,6530,Manual,46834,Petrol,30,55.4,1.4
 Corsa,2017,7350,Manual,35230,Petrol,30,54.3,1.4
 Corsa,2016,6298,Manual,56998,Petrol,30,55.4,1.4
 Corsa,2016,7955,Manual,47148,Petrol,30,54.3,1.4
 Corsa,2017,7998,Manual,22587,Petrol,30,54.3,1.4
 Corsa,2016,9000,Manual,42839,Petrol,30,55.4,1.4
 Corsa,2017,8500,Manual,27944,Petrol,145,55.4,1.4
 Corsa,2017,9455,Manual,28414,Petrol,125,54.3,1.4
 Corsa,2018,8695,Manual,18872,Petrol,145,43.5,1.4
 Corsa,2019,10698,Manual,9118,Petrol,150,44.8,1.4
 Corsa,2015,6495,Manual,45175,Petrol,30,55.4,1.4
 Corsa,2017,8495,Manual,19843,Petrol,150,55.4,1.4
 Corsa,2017,8500,Manual,27578,Petrol,150,55.4,1.4
 Corsa,2019,9998,Manual,15294,Petrol,150,43.5,1.4
 Corsa,2019,8995,Manual,4508,Petrol,145,43.5,1.4
 Corsa,2018,10495,Automatic,8496,Petrol,145,39.8,1.4
 Corsa,2019,9995,Manual,10,Petrol,145,56.5,1.0
 Corsa,2015,5210,Manual,36977,Petrol,125,53.3,1.2
 Corsa,2016,7020,Manual,32346,Petrol,30,54.3,1.4
 Corsa,2017,8171,Manual,21164,Petrol,30,54.3,1.4
 Corsa,2016,5695,Manual,34000,Petrol,30,55.4,1.4
 Corsa,2017,7899,Manual,11309,Petrol,150,55.4,1.4
 Corsa,2016,7998,Manual,20852,Petrol,30,55.4,1.4
 Corsa,2016,10898,Automatic,1423,Petrol,145,47.9,1.4
 Corsa,2015,7211,Manual,28952,Petrol,30,55.4,1.4
 Corsa,2017,8391,Manual,19565,Petrol,30,57.7,1.0
 Corsa,2017,6600,Manual,46210,Petrol,30,55.4,1.4
 Corsa,2016,7140,Manual,36276,Petrol,30,54.3,1.4
 Corsa,2019,10590,Manual,662,Petrol,145,43.5,1.4
 Corsa,2017,7902,Manual,22374,Petrol,30,55.4,1.4
 Corsa,2019,9990,Manual,100,Petrol,145,43.5,1.4
 Corsa,2015,5749,Manual,37300,Petrol,125,53.3,1.2
 Corsa,2014,4981,Manual,59499,Petrol,125,51.4,1.4
 Corsa,2015,4880,Manual,51976,Petrol,125,52.3,1.2
 Corsa,2019,10590,Manual,2007,Petrol,145,44.8,1.4
 Corsa,2018,9481,Manual,15278,Petrol,150,49.6,1.4
 Corsa,2016,5391,Manual,29870,Petrol,125,53.3,1.2
 Corsa,2019,10790,Manual,388,Petrol,145,43.5,1.4
 Corsa,2016,5591,Manual,57658,Diesel,0,76.3,1.3
 Corsa,2016,7591,Manual,14788,Petrol,30,55.4,1.4
 Corsa,2016,6795,Manual,34588,Petrol,30,55.4,1.4
 Corsa,2015,6498,Manual,44115,Petrol,125,54.3,1.4
 Corsa,2017,10298,Manual,719,Petrol,150,55.4,1.4
 Corsa,2018,8514,Manual,14470,Petrol,150,55.4,1.4
 Corsa,2020,13490,Manual,1787,Petrol,150,53.3,1.2
 Corsa,2013,4841,Manual,21898,Petrol,125,51.4,1.2
 Corsa,2015,6111,Manual,41939,Petrol,30,55.4,1.4
 Corsa,2016,7497,Manual,18128,Petrol,30,55.4,1.4
 Corsa,2016,7436,Manual,9250,Petrol,30,55.4,1.4
 Corsa,2018,7798,Manual,10254,Petrol,145,55.4,1.4
 Corsa,2016,7640,Manual,13045,Petrol,30,55.4,1.4
 Corsa,2015,8955,Manual,26967,Petrol,30,55.4,1.4
 Corsa,2017,6490,Manual,33049,Petrol,30,55.4,1.4
 Corsa,2016,7180,Manual,22330,Petrol,30,55.4,1.4
 Corsa,2019,10500,Manual,5683,Petrol,145,43.5,1.4
 Corsa,2015,7955,Manual,35187,Petrol,30,57.6,1.0
 Corsa,2017,7600,Manual,11665,Petrol,30,54.3,1.4
 Corsa,2017,7497,Manual,34395,Petrol,30,55.4,1.4
 Corsa,2017,6591,Manual,40526,Petrol,30,55.4,1.4
 Corsa,2016,5891,Manual,57256,Petrol,30,55.4,1.4
 Corsa,2018,8300,Manual,11242,Petrol,145,54.3,1.4
 Corsa,2014,5703,Manual,44217,Petrol,125,51.4,1.2
 Corsa,2015,6291,Manual,26147,Petrol,125,53.3,1.2
 Corsa,2017,7500,Manual,20640,Petrol,145,55.4,1.4
 Corsa,2017,7000,Manual,12545,Petrol,145,55.4,1.4
 Corsa,2015,6499,Manual,39043,Petrol,125,53.3,1.2
 Corsa,2016,5791,Manual,31435,Petrol,30,55.4,1.4
 Corsa,2019,10500,Manual,5,Petrol,145,43.5,1.4
 Corsa,2016,6700,Manual,37152,Petrol,30,55.4,1.4
 Corsa,2019,9990,Manual,1141,Petrol,145,43.5,1.4
 Corsa,2015,7395,Manual,24427,Petrol,30,55.4,1.4
 Corsa,2016,6491,Manual,15918,Petrol,30,55.4,1.4
 Corsa,2014,5890,Manual,39587,Petrol,125,51.4,1.2
 Corsa,2018,8600,Manual,9882,Petrol,150,55.4,1.4
 Corsa,2018,7400,Manual,8000,Petrol,150,55.4,1.4
 Corsa,2018,8500,Manual,12485,Petrol,150,55.4,1.4
 Corsa,2019,9990,Manual,1025,Petrol,145,43.5,1.4
 Corsa,2019,10990,Manual,100,Petrol,145,43.5,1.4
 Corsa,2016,6800,Manual,23596,Petrol,30,55.4,1.4
 Corsa,2019,9990,Manual,100,Petrol,145,43.5,1.4
 Corsa,2019,9990,Manual,1270,Petrol,145,43.5,1.4
 Corsa,2019,9990,Manual,1425,Petrol,145,43.5,1.4
 Corsa,2019,9990,Manual,100,Petrol,145,43.5,1.4
 Corsa,2017,7500,Manual,27775,Petrol,30,55.4,1.4
 Corsa,2019,8730,Manual,9009,Petrol,145,43.5,1.4
 Corsa,2016,7249,Manual,13287,Petrol,30,55.4,1.4
 Corsa,2018,9491,Manual,8587,Petrol,150,43.5,1.4
 Corsa,2016,5991,Manual,33258,Petrol,30,55.4,1.4
 Corsa,2018,7291,Manual,17921,Petrol,150,55.4,1.4
 Corsa,2018,6965,Manual,33125,Petrol,145,54.3,1.4
 Corsa,2018,10950,Automatic,3400,Petrol,150,39.8,1.4
 Corsa,2016,5750,Manual,53606,Petrol,30,55.4,1.4
 Corsa,2015,6300,Manual,32454,Petrol,125,54.3,1.4
 Corsa,2014,4965,Manual,32392,Petrol,125,51.4,1.2
 Corsa,2014,6222,Manual,31272,Petrol,125,51.4,1.2
 Corsa,2019,10990,Manual,100,Petrol,145,43.5,1.4
 Corsa,2019,10990,Manual,100,Petrol,145,43.5,1.4
 Corsa,2015,6249,Manual,19992,Petrol,125,52.3,1.2
 Corsa,2018,7750,Manual,11981,Petrol,145,55.4,1.4
 Corsa,2019,10498,Manual,4209,Petrol,150,43.5,1.4
 Corsa,2014,3720,Manual,86397,Petrol,125,51.4,1.4
 Corsa,2019,10990,Manual,100,Petrol,145,43.5,1.4
 Corsa,2013,4930,Manual,50165,Petrol,125,51.4,1.2
 Corsa,2018,8999,Manual,22061,Petrol,145,43.5,1.4
 Corsa,2016,7199,Manual,13656,Petrol,30,55.4,1.4
 Corsa,2016,7436,Manual,21164,Petrol,30,55.4,1.4
 Corsa,2016,7100,Manual,24337,Petrol,30,54.3,1.4
 Corsa,2017,7500,Manual,13370,Petrol,150,55.4,1.4
 Corsa,2017,7199,Manual,34008,Petrol,145,55.4,1.4
 Corsa,2018,8599,Manual,6390,Petrol,145,43.5,1.4
 Corsa,2016,7140,Manual,25510,Petrol,125,54.3,1.4
 Corsa,2016,6195,Manual,41958,Petrol,30,55.4,1.4
 Corsa,2018,7800,Manual,24207,Petrol,150,55.4,1.4
 Corsa,2018,7799,Manual,16970,Petrol,145,55.4,1.4
 Corsa,2016,8199,Manual,23476,Petrol,30,54.4,1.4
 Corsa,2018,8599,Manual,8695,Petrol,150,43.5,1.4
 Corsa,2016,6899,Manual,14223,Petrol,30,55.4,1.4
 Corsa,2017,9699,Automatic,9782,Petrol,145,47.9,1.4
 Corsa,2018,8995,Manual,1695,Petrol,145,55.4,1.4
 Corsa,2016,7995,Manual,22814,Petrol,30,55.4,1.4
 Corsa,2017,7999,Manual,14170,Petrol,150,55.4,1.4
 Corsa,2016,7599,Manual,15983,Petrol,30,55.4,1.4
 Corsa,2018,9250,Manual,11708,Petrol,145,43.5,1.4
 Corsa,2018,8099,Manual,17267,Petrol,145,55.4,1.4
 Corsa,2019,8499,Manual,15684,Petrol,145,43.5,1.4
 Corsa,2018,9699,Automatic,9017,Petrol,145,39.8,1.4
 Corsa,2018,7699,Manual,14160,Petrol,145,55.4,1.4
 Corsa,2018,8199,Manual,18414,Petrol,145,43.5,1.4
 Corsa,2018,8499,Manual,7500,Petrol,145,55.4,1.4
 Corsa,2017,7499,Manual,13448,Petrol,145,55.4,1.4
 Corsa,2018,7699,Manual,25040,Petrol,145,55.4,1.4
 Corsa,2018,7899,Manual,27368,Petrol,150,55.4,1.4
 Corsa,2018,8499,Automatic,11741,Petrol,145,47.9,1.4
 Corsa,2017,7691,Manual,19106,Petrol,145,55.4,1.4
 Corsa,2016,6000,Manual,33000,Petrol,30,55.4,1.4
 Corsa,2019,10998,Manual,7092,Petrol,150,44.8,1.4
 Corsa,2016,5981,Manual,48080,Petrol,30,55.4,1.4
 Corsa,2016,7491,Manual,29000,Petrol,30,54.3,1.4
 Corsa,2016,7401,Manual,23000,Petrol,30,54.3,1.4
 Corsa,2016,6681,Manual,22023,Petrol,30,55.4,1.4
 Corsa,2017,7991,Manual,15913,Petrol,145,55.4,1.4
 Corsa,2017,7531,Manual,32491,Petrol,145,54.3,1.4
 Corsa,2015,6821,Manual,27593,Petrol,125,53.3,1.2
 Corsa,2017,6701,Manual,46286,Petrol,30,55.4,1.4
 Corsa,2019,9798,Manual,7134,Petrol,150,43.5,1.4
 Corsa,2013,4201,Manual,55000,Petrol,125,51.4,1.2
 Corsa,2015,7298,Manual,33263,Petrol,30,55.4,1.4
 Corsa,2019,10998,Manual,9608,Petrol,150,44.8,1.4
 Corsa,2019,9798,Manual,8361,Petrol,150,43.5,1.4
 Corsa,2018,7601,Manual,20001,Petrol,150,55.4,1.4
 Corsa,2016,6801,Manual,30224,Petrol,30,55.4,1.4
 Corsa,2019,9990,Manual,2125,Petrol,145,43.5,1.4
 Corsa,2016,7500,Manual,11405,Petrol,125,54.3,1.4
 Corsa,2016,7640,Manual,16162,Petrol,30,55.4,1.4
 Corsa,2018,7550,Manual,33417,Petrol,145,55.4,1.4
 Corsa,2017,7252,Manual,23390,Petrol,145,55.4,1.4
 Corsa,2015,6360,Manual,36706,Petrol,30,55.4,1.4
 Corsa,2014,4350,Manual,57450,Petrol,125,51.4,1.4
 Corsa,2015,6290,Manual,37500,Petrol,30,55.4,1.4
 Corsa,2014,5590,Manual,23995,Petrol,125,51.4,1.4
 Corsa,2019,9990,Manual,1821,Petrol,145,43.5,1.4
 Corsa,2016,7680,Manual,20700,Petrol,30,55.4,1.4
 Corsa,2013,4223,Manual,72005,Petrol,125,51.4,1.4
 Corsa,2019,9990,Manual,1877,Petrol,145,43.5,1.4
 Corsa,2019,9990,Manual,1806,Petrol,145,43.5,1.4
 Corsa,2016,6970,Manual,47934,Petrol,125,54.3,1.4
 Corsa,2019,9990,Manual,3181,Petrol,145,43.5,1.4
 Corsa,2019,9990,Manual,1861,Petrol,145,43.5,1.4
 Corsa,2019,9990,Manual,1860,Petrol,145,43.5,1.4
 Corsa,2016,6999,Manual,18000,Petrol,30,55.4,1.4
 Corsa,2016,6399,Manual,30000,Petrol,30,55.4,1.4
 Corsa,2019,10498,Manual,9221,Petrol,150,43.5,1.4
 Corsa,2019,10498,Manual,4401,Petrol,150,43.5,1.4
 Corsa,2016,6899,Manual,16000,Petrol,30,55.4,1.4
 Corsa,2017,7199,Manual,17002,Petrol,30,54.3,1.4
 Corsa,2017,7099,Manual,24650,Petrol,30,55.4,1.4
 Corsa,2017,7099,Manual,32000,Petrol,30,55.4,1.4
 Corsa,2017,7699,Manual,19000,Petrol,30,55.4,1.4
 Corsa,2018,9699,Manual,11267,Petrol,145,43.5,1.4
 Corsa,2017,8449,Manual,11695,Petrol,145,55.4,1.4
 Corsa,2017,7298,Manual,19622,Petrol,30,55.4,1.4
 Corsa,2016,8298,Manual,8609,Petrol,30,55.4,1.4
 Corsa,2019,9990,Manual,2116,Petrol,145,43.5,1.4
 Corsa,2018,8999,Manual,12232,Petrol,145,43.5,1.4
 Corsa,2016,6699,Manual,32000,Petrol,30,54.3,1.4
 Corsa,2017,7699,Manual,21023,Petrol,30,55.4,1.4
 Corsa,2016,7399,Manual,24049,Petrol,30,55.4,1.4
 Corsa,2018,7799,Manual,12388,Petrol,145,55.4,1.4
 Corsa,2019,9199,Manual,14569,Petrol,145,43.5,1.4
 Corsa,2014,4325,Manual,45739,Petrol,125,51.4,1.2
 Corsa,2019,9799,Manual,8558,Petrol,145,43.5,1.4
 Corsa,2019,10498,Automatic,4951,Petrol,150,39.8,1.4
 Corsa,2015,9798,Automatic,15894,Petrol,145,47.9,1.4
 Corsa,2019,9498,Manual,6550,Petrol,145,43.5,1.4
 Corsa,2018,9049,Manual,15000,Petrol,145,43.5,1.4
 Corsa,2018,8949,Manual,7685,Petrol,145,43.5,1.4
 Corsa,2018,8599,Manual,22937,Petrol,145,43.5,1.4
 Corsa,2017,7399,Manual,26000,Petrol,30,55.4,1.4
 Corsa,2018,8599,Manual,17335,Petrol,145,43.5,1.4
 Corsa,2019,8699,Manual,10777,Petrol,145,43.5,1.4
 Corsa,2020,17499,Manual,100,Petrol,145,52.3,1.2
 Corsa,2017,7399,Manual,18799,Petrol,145,55.4,1.4
 Corsa,2018,9799,Manual,4702,Petrol,145,43.5,1.4
 Corsa,2018,8499,Manual,21000,Petrol,145,55.4,1.4
 Corsa,2015,7699,Automatic,39000,Petrol,150,47.1,1.4
 Corsa,2019,8949,Manual,15218,Petrol,145,43.5,1.4
 Corsa,2019,8999,Manual,13518,Petrol,145,43.5,1.4
 Corsa,2016,7399,Manual,24400,Petrol,30,55.4,1.4
 Corsa,2018,10194,Manual,2732,Petrol,150,43.5,1.4
 Corsa,2016,6799,Manual,45000,Petrol,30,55.4,1.4
 Corsa,2017,7999,Manual,15336,Petrol,145,55.4,1.4
 Corsa,2016,8491,Semi-Auto,22810,Petrol,20,60.1,1.4
 Corsa,2016,7199,Manual,31270,Petrol,30,55.4,1.4
 Corsa,2016,7849,Manual,23667,Petrol,30,55.4,1.4
 Corsa,2018,7999,Manual,5305,Petrol,145,55.4,1.4
 Corsa,2015,7550,Manual,24450,Petrol,30,55.4,1.4
 Corsa,2018,7699,Manual,14936,Petrol,145,55.4,1.4
