id,name,address,city,country,capacity,surface,image
19229,TQL Stadium,1501 Central Parkway,"Cincinnati, Ohio",USA,26000,grass,https://media.api-sports.io/football/venues/19229.png
1616,Dignity Health Sports Park,"18400 Avalon Boulevard, Dominguez Hills","Carson, California",USA,30510,grass,https://media.api-sports.io/football/venues/1616.png
1833,Yankee Stadium,"One East 161st Street, The Bronx",New York City,USA,54251,grass,https://media.api-sports.io/football/venues/1833.png
19418,Shell Energy Stadium,"2200 Texas Avenue, East End","Houston, Texas",USA,22661,grass,https://media.api-sports.io/football/venues/19418.png
11918,PayPal Park,1123 Coleman Avenue,"San Jose, California",USA,18000,grass,https://media.api-sports.io/football/venues/11918.png
1609,Soldier Field,1410 South Museum Campus Drive,"Chicago, Illinois",USA,62493,grass,https://media.api-sports.io/football/venues/1609.png
11533,Historic Crew Stadium,1 Black and Gold Boulevard,"Columbus, Ohio",USA,24650,grass,https://media.api-sports.io/football/venues/11533.png
1612,Toyota Stadium,6000 Main Street,"Frisco, Texas",USA,22565,grass,https://media.api-sports.io/football/venues/1612.png
1617,Allianz Field,400 Snelling Avenue North,"Saint Paul, Minnesota",USA,19954,grass,https://media.api-sports.io/football/venues/1617.png
19357,GEODIS Park,513 Benton Avenue,"Nashville, Tennessee",USA,30109,grass,https://media.api-sports.io/football/venues/19357.png
2855,Robert F. Kennedy Memorial Stadium,2400 East Capitol Street Southeast,"Washington, District of Columbia",USA,56692,grass,https://media.api-sports.io/football/venues/2855.png
7186,Stubhub Center,"18400 Avalon Boulevard, Dominguez Hills",,USA,30510,grass,https://media.api-sports.io/football/venues/7186.png
11588,WakeMed Soccer Park,201 Soccer Park Drive,"Cary, North Carolina",USA,10434,grass,https://media.api-sports.io/football/venues/11588.png
3067,Toyota Field,5106 David Edwards Drive,"San Antonio, Texas",USA,13000,grass,https://media.api-sports.io/football/venues/3067.png
1619,Red Bull Arena,Frank Rogers Boulevard South,"Harrison, New Jersey",USA,26765,grass,https://media.api-sports.io/football/venues/1619.png
3051,Lynn Family Stadium,,"Louisville, Kentucky",USA,15304,grass,https://media.api-sports.io/football/venues/3051.png
1620,Subaru Park,Seaport Drive,"Chester, Pennsylvania",USA,19778,grass,https://media.api-sports.io/football/venues/1620.png
11535,Q2 Stadium,10414 Mc Kalla Place,"Austin, Texas",USA,20738,grass,https://media.api-sports.io/football/venues/11535.png
19223,America First Field,9256 South State Street,"Sandy, Utah",USA,21810,grass,https://media.api-sports.io/football/venues/19223.png
19419,BMO Stadium,3939 S Figueroa Street,"Los Angeles, California",USA,22921,grass,https://media.api-sports.io/football/venues/19419.png
19491,SeatGeek Stadium,7000 South Harlem Avenue,"Bridgeview, Illinois",USA,21915,grass,https://media.api-sports.io/football/venues/19491.png
7035,Torero Stadium,5998 Alcala Park,"San Diego, California",USA,6100,grass,https://media.api-sports.io/football/venues/7035.png
1610,Dick's Sporting Goods Park,6000 Victory Way,"Commerce City, Colorado",USA,19734,grass,https://media.api-sports.io/football/venues/1610.png
20764,Chase Stadium,1350 Northwest 55th Street,"Fort Lauderdale, Florida",USA,21550,grass,https://media.api-sports.io/football/venues/20764.png
1613,Audi Field,"32-60 R Street South West, Buzzard Point","Washington, District of Columbia",USA,20621,grass,https://media.api-sports.io/football/venues/1613.png
19408,CITYPARK,2100 Market Street,"St. Louis, Missouri",USA,22500,grass,https://media.api-sports.io/football/venues/19408.png
11976,DRV PNK Stadium,1350 Northwest 55th Street,"Fort Lauderdale, Florida",USA,21000,grass,https://media.api-sports.io/football/venues/11976.png
20500,Inter&Co Stadium,655 West Church Street,"Orlando, Florida",USA,25527,grass,https://media.api-sports.io/football/venues/20500.png
1615,Children's Mercy Park,One Sporting Way,"Kansas City, Kansas",USA,21650,grass,https://media.api-sports.io/football/venues/1615.png
12667,Lower.com Field,560 West Nationwide Boulevard,"Columbus, Ohio",USA,20927,grass,https://media.api-sports.io/football/venues/12667.png
881,Stadio Renato Dall'Ara,"Via Andrea Costa, 174",Bologna,Italy,39279,grass,https://media.api-sports.io/football/venues/881.png
12275,Unipol Domus,Via Raimondo Carta Raspi,Cagliari,Italy,16416,grass,https://media.api-sports.io/football/venues/12275.png
890,Stadio Marc'Antonio Bentegodi,Piazzale Olimpia,Verona,Italy,39211,grass,https://media.api-sports.io/football/venues/890.png
907,Stadio Giuseppe Meazza,Via Piccolomini 5,Milano,Italy,80018,grass,https://media.api-sports.io/football/venues/907.png
948,Stadio Pierluigi Penzo,Isola di Sant&apos;Elena,Venezia,Italy,11150,grass,https://media.api-sports.io/football/venues/948.png
894,Stadio Giovanni Zini,"Via Persico, 19",Cremona,Italy,20034,grass,https://media.api-sports.io/football/venues/894.png
935,MAPEI Stadium - Città del Tricolore,"Piazza Azzuri d&apos;Italia, 1",Reggio Emilia,Italy,23717,grass,https://media.api-sports.io/football/venues/935.png
12086,U-Power Stadium,Via Franco Tognini,Monza,Italy,18568,grass,https://media.api-sports.io/football/venues/12086.png
923,Stadio Adriatico-Giovanni Cornacchia,Via Pepe,Pescara,Italy,20476,grass,https://media.api-sports.io/football/venues/923.png
911,Stadio Comunale Via del Mare,Viale dello Stadio,Lecce,Italy,33876,grass,https://media.api-sports.io/football/venues/911.png
943,Stadio Olimpico Grande Torino,"Corso Sebastopoli 123, Santa Rita",Torino,Italy,27958,grass,https://media.api-sports.io/football/venues/943.png
921,Stadio Ennio Tardini,"Via Partigiani d&apos;Italia, 1",Parma,Italy,21473,grass,https://media.api-sports.io/football/venues/921.png
892,Stadio Giuseppe Sinigaglia,"Via Giuseppe Sinigaglia, 3",Como,Italy,13602,grass,https://media.api-sports.io/football/venues/892.png
910,Stadio Olimpico,"Viale dei Gladiatori, 2 / Via del Foro Italico",Roma,Italy,68530,grass,https://media.api-sports.io/football/venues/910.png
905,Stadio Comunale Luigi Ferraris,"Via Giovanni De Prà, 1",Genova,Italy,36703,grass,https://media.api-sports.io/football/venues/905.png
20416,Bluenergy Stadium,"Piazza le Repubblica Argentina, 3",Udine,Italy,25952,grass,https://media.api-sports.io/football/venues/20416.png
909,Allianz Stadium,Strada Comunale di Altessano 131,Torino,Italy,45666,grass,https://media.api-sports.io/football/venues/909.png
20109,Stadio Carlo Castellani – Computer Gross Arena,Viale delle Olimpiadi,Empoli,Italy,16284,grass,https://media.api-sports.io/football/venues/20109.png
882,Stadio Mario Rigamonti,"Via Giovanni Novagani, 8",Brescia,Italy,27547,grass,https://media.api-sports.io/football/venues/882.png
904,Stadio Benito Stirpe,Viale Olimpia,Frosinone,Italy,16310,grass,https://media.api-sports.io/football/venues/904.png
902,Stadio Artemio Franchi,Viale Manfredo Fanti 14,Firenze,Italy,43147,grass,https://media.api-sports.io/football/venues/902.png
933,Stadio Arechi,Via Salvador Allende,Salerno,Italy,37245,grass,https://media.api-sports.io/football/venues/933.png
11904,Stadio Diego Armando Maradona,Pizzale Vincenzo Tecchio,Napoli,Italy,60240,grass,https://media.api-sports.io/football/venues/11904.png
874,Stadio Giuseppe Moccagatta,"Via Spalto Rovereto, 28",Alessandria,Italy,7694,grass,https://media.api-sports.io/football/venues/874.png
880,Stadio Ciro Vigorito,Piazzale degli Atleti,Benevento,Italy,17554,grass,https://media.api-sports.io/football/venues/880.png
895,Stadio Ezio Scida,Via Cutro,Crotone,Italy,16108,grass,https://media.api-sports.io/football/venues/895.png
920,Stadio Renzo Barbera,"Viale del Fante, 11",Palermo,Italy,36349,grass,https://media.api-sports.io/football/venues/920.png
879,Gewiss Stadium,Viale Giulio Cesare 18,Bergamo,Italy,21300,grass,https://media.api-sports.io/football/venues/879.png
938,Stadio Paolo Mazza,"Corso Piave, 28",Ferrara,Italy,16134,grass,https://media.api-sports.io/football/venues/938.png
961,Suita City Football Stadium,"Senribanpakukōen, 3",Suita,Japan,40322,grass,https://media.api-sports.io/football/venues/961.png
985,Nissan Stadium,"3302-5 Kozukue, Kohoku-ku",Yokohama,Japan,72327,grass,https://media.api-sports.io/football/venues/985.png
2614,Ta'Qali National Stadium,Villagg Tas-Snajja&apos;,Ta&apos;Qali,Malta,17797,grass,https://media.api-sports.io/football/venues/2614.png
1467,Abanca-Balaídos,Avenida de Balaídos,Vigo,Spain,31800,grass,https://media.api-sports.io/football/venues/1467.png
1478,Estadi Municipal de Montilivi,Avenida Montlivi 141,Girona,Spain,14500,grass,https://media.api-sports.io/football/venues/1478.png
1460,San Mamés Barria,Rafael Moreno Pitxitxi Kalea,Bilbao,Spain,53289,grass,https://media.api-sports.io/football/venues/1460.png
1489,Estadio Benito Villamarín,Avenida de Heliópolis,Sevilla,Spain,60721,grass,https://media.api-sports.io/football/venues/1489.png
19217,Estádio Cívitas Metropolitano,Rosas,Madrid,Spain,70460,grass,https://media.api-sports.io/football/venues/19217.png
19940,Estadi Mallorca Son Moix,Camí dels Reis,Palma de Mallorca,Spain,23142,grass,https://media.api-sports.io/football/venues/19940.png
1495,Estadio Municipal El Molinón,Parque de Isabel la Católica,Gijón,Spain,29538,grass,https://media.api-sports.io/football/venues/1495.png
1470,Estadio de Mendizorroza,Paseo de Cervantes,Vitoria-Gasteiz,Spain,19840,grass,https://media.api-sports.io/football/venues/1470.png
1497,Estadio de Mestalla,Avenida de Suecia,Valencia,Spain,55000,grass,https://media.api-sports.io/football/venues/1497.png
1492,Estadio Municipal José Zorrilla,Avenida del Mundial 82,Valladolid,Spain,26512,grass,https://media.api-sports.io/football/venues/1492.png
1464,Estadio Municipal de Butarque,Calle Arquitectura,Leganés,Spain,12450,grass,https://media.api-sports.io/football/venues/1464.png
19216,Power Horse Stadium – Estadio de los Juegos Mediterráneos,Calle de Belladona,Almería,Spain,21350,grass,https://media.api-sports.io/football/venues/19216.png
20421,Stage Front Stadium,Avenida Baix Llobregat 100,Cornella de Llobregat,Spain,40423,grass,https://media.api-sports.io/football/venues/20421.png
1494,Estadio Ramón Sánchez Pizjuán,Avenida de Eduardo Dato,Sevilla,Spain,48649,grass,https://media.api-sports.io/football/venues/1494.png
1498,Estadio de la Cerámica,Plaza Labrador,Villarreal,Spain,24500,grass,https://media.api-sports.io/football/venues/1498.png
1491,Reale Arena,Paseo de Anoeta 1,Donostia-San Sebastián,Spain,40000,grass,https://media.api-sports.io/football/venues/1491.png
1473,Estadio Manuel Martínez Valero,Avenida Manuel Martínez Valero 3,Elche,Spain,36017,grass,https://media.api-sports.io/football/venues/1473.png
6669,Estadio Alfredo Di Stéfano,"Ciudad Deportiva del Real Madrid, Valdebebas",Madrid,Spain,6500,grass,https://media.api-sports.io/football/venues/6669.png
1469,Estadio Nuevo Arcángel,Avenida del Arcángel,Córdoba,Spain,21822,grass,https://media.api-sports.io/football/venues/1469.png
1480,Estadio El Alcoraz,Camino del Alto Cocorón,Huesca,Spain,9128,grass,https://media.api-sports.io/football/venues/1480.png
20422,Estadio Coliseum,Avenida de Teresa de Calcuta,Getafe,Spain,17393,grass,https://media.api-sports.io/football/venues/20422.png
1456,Estadio Santiago Bernabéu,"Avenida de Concha Espina 1, Chamartín",Madrid,Spain,85454,grass,https://media.api-sports.io/football/venues/1456.png
1488,Estadio de Vallecas,Calle Payaso Fofó,Madrid,Spain,15500,grass,https://media.api-sports.io/football/venues/1488.png
1479,Estadio Nuevo Los Cármenes,Calle Pintor Manuel Maldonado,Granada,Spain,23156,grass,https://media.api-sports.io/football/venues/1479.png
1486,Estadio El Sadar,Carretera El Sadar,Iruñea,Spain,23576,grass,https://media.api-sports.io/football/venues/1486.png
19939,Estadi Olímpic Lluís Companys,Carrer de l&apos;Estadi,Barcelona,Spain,55926,grass,https://media.api-sports.io/football/venues/19939.png
1482,Estadio Ciudad de Valencia,Calle San Vicente de Paúl 44,Valencia,Spain,25534,grass,https://media.api-sports.io/football/venues/1482.png
1481,Estadio de Gran Canaria,Avenida Pío XII 29,Las Palmas de Gran Canaria,Spain,32392,grass,https://media.api-sports.io/football/venues/1481.png
1472,Estadio Municipal de Ipurúa,Calle de Ipurúa,Eibar,Spain,8050,grass,https://media.api-sports.io/football/venues/1472.png
11915,Estadio Nuevo Mirandilla,Plaza de Madrid,Cádiz,Spain,22000,grass,https://media.api-sports.io/football/venues/11915.png
516,Cardiff City Stadium,Leckwith Road,Caerdydd,Wales,33280,grass,https://media.api-sports.io/football/venues/516.png
12273,Swansea.com Stadium,Normandy Road,Swansea,Wales,21028,grass,https://media.api-sports.io/football/venues/12273.png
4758,Vicarage Road,Dolfechlas Road,"Rhydmwyn, Flintshire",Wales,1000,grass,https://media.api-sports.io/football/venues/4758.png
4207,The Educate Group Stadium,Grange Road,"Y Rhyl / Rhyl, Denbighshire",Wales,3800,grass,https://media.api-sports.io/football/venues/4207.png
2186,Stadion Bilino Polje,Bulevar Kulina Bana bb,Zenica,Bosnia,15292,grass,https://media.api-sports.io/football/venues/2186.png
200,Stadion Pecara,Fra Dudaka Buntića bb,Široki Brijeg,Bosnia,5628,grass,https://media.api-sports.io/football/venues/200.png
2187,Gradski Stadion,Vladike Platona 6,Banja Luka,Bosnia,9730,grass,https://media.api-sports.io/football/venues/2187.png
201,Stadion Grbavica,Bulevar Ivice Osima 27,Sarajevo,Bosnia,16100,grass,https://media.api-sports.io/football/venues/201.png
2183,Gradski Stadion,Balkanska bb,Bijeljina,Bosnia,6000,grass,https://media.api-sports.io/football/venues/2183.png
199,Olimpijski Stadion Asim Ferhatović Hase,Betanja Ulica,Sarajevo,Bosnia,35630,grass,https://media.api-sports.io/football/venues/199.png
202,Stadion Bijeli Brijeg,Stjepana Radica 45,Mostar,Bosnia,20000,grass,https://media.api-sports.io/football/venues/202.png
7311,Estádio Olímpico Pedro Ludovico Teixeira,"Avenida Paraíba esq. Rua 74, Setor Central","Goiânia, Goiás",Brazil,13500,grass,https://media.api-sports.io/football/venues/7311.png
218,Estádio Nilton Santos,"Rua Arquias Cordeiro, Engenho de Dentro",Rio de Janeiro,Brazil,46931,grass,https://media.api-sports.io/football/venues/218.png
235,Arena Pantanal,,"Cuiabá, Mato Grosso",Brazil,44003,grass,https://media.api-sports.io/football/venues/235.png
310,Stade Saputo,"4750, rue Sherbrooke Est","Montreal, Quebec",Canada,20801,grass,https://media.api-sports.io/football/venues/310.png
312,BMO Field,170 Princes’ Boulevard,"Toronto, Ontario",Canada,36045,grass,https://media.api-sports.io/football/venues/312.png
2602,Tim Hortons Field,64 Melrose Avenue North,Hamilton,Canada,40000,grass,https://media.api-sports.io/football/venues/2602.png
19616,Alphamega Stadium,"93 Glastonos, Kapsalos",Kolossi,Cyprus,10700,grass,https://media.api-sports.io/football/venues/19616.png
432,Neo GSP,"Pangkiprion Avenue, Strovolos",Levkosía,Cyprus,22859,grass,https://media.api-sports.io/football/venues/432.png
2049,Stade de la Frontière,Rue du Stade,Saint-Louis,France,2400,grass,https://media.api-sports.io/football/venues/2049.png
654,Stade Bollaert-Delelis,"83, rue Maurice-Carton",Lens,France,41233,grass,https://media.api-sports.io/football/venues/654.png
674,Stade Auguste-Delaune II,"33, Chaussée Bocquaine",Reims,France,21684,grass,https://media.api-sports.io/football/venues/674.png
638,Stade Matmut-Atlantique,Cours Jules Ladoumegue,Bordeaux,France,42115,grass,https://media.api-sports.io/football/venues/638.png
676,Stade Geoffroy-Guichard,"14, rue Pierre et Paul Guichard",Saint-Ètienne,France,41965,grass,https://media.api-sports.io/football/venues/676.png
671,Parc des Princes,"24, rue du Commandant Guilbaud",Paris,France,47929,grass,https://media.api-sports.io/football/venues/671.png
684,Stade de l'Aube,"42, avenue Robert Schuman",Troyes,France,21877,grass,https://media.api-sports.io/football/venues/684.png
681,Stade de la Meinau,"12, rue de l&apos;Extenwoerth",Strasbourg,France,26109,grass,https://media.api-sports.io/football/venues/681.png
633,Stade Crédit Agricole de la Licorne,"25, rue du Chapître",Amiens,France,12999,grass,https://media.api-sports.io/football/venues/633.png
686,Stade du Hainaut,Nungesser,Valenciennes,France,24926,grass,https://media.api-sports.io/football/venues/686.png
642,Stade Michel d'Ornano,Boulevard Georges Pompidou,Caen,France,20453,grass,https://media.api-sports.io/football/venues/642.png
3505,Parc des Sports,"470, avenue Pierre de Coubertin",Avignon,France,17518,grass,https://media.api-sports.io/football/venues/3505.png
666,Groupama Stadium,Chemin du Montout,Décines-Charpieu,France,61556,grass,https://media.api-sports.io/football/venues/666.png
20107,Stade de la Mosson-Mondial 98,Avenue de Heidelberg,Montpellier,France,32939,grass,https://media.api-sports.io/football/venues/20107.png
662,Stade de la Beaujoire - Louis Fonteneau,"5, boulevard de la Beaujoire",Nantes,France,38285,grass,https://media.api-sports.io/football/venues/662.png
650,Stade du Roudourou,Rue du Manoir 11,Guingamp,France,19003,grass,https://media.api-sports.io/football/venues/650.png
658,Stade Saint-Symphorien,"3, allée Saint-Symphorien",Longeville-lès-Metz,France,30000,grass,https://media.api-sports.io/football/venues/658.png
636,Stade de l'Abbé Deschamps,Route de Vaux,Auxerre,France,23467,grass,https://media.api-sports.io/football/venues/636.png
680,Roazhon Park,"111, route de Lorient",Rennes,France,31127,grass,https://media.api-sports.io/football/venues/680.png
652,Stade Océane,Boulevard de Léningrad,Le Havre,France,25178,grass,https://media.api-sports.io/football/venues/652.png
682,Stadium de Toulouse,"1, allée Gabriel Biènés",Toulouse,France,33150,grass,https://media.api-sports.io/football/venues/682.png
20470,Stade Louis-II,"7, avenue des Castelans",Monaco,France,18523,grass,https://media.api-sports.io/football/venues/20470.png
19207,Decathlon Arena – Stade Pierre-Mauroy,"261, Boulevard de Tournai, l&apos;Hôtel de Ville",Villeneuve d&apos;Ascq,France,50083,grass,https://media.api-sports.io/football/venues/19207.png
641,Stade Francis-Le Blé,"26, rue de Quimper",Brest,France,15931,grass,https://media.api-sports.io/football/venues/641.png
663,Allianz Riviera,Boulevard des Jardiniers,Nice,France,35624,grass,https://media.api-sports.io/football/venues/663.png
648,Stade Ange Casanova,"Route de Mezzavia, Mezzavia",Ajaccio,France,8000,grass,https://media.api-sports.io/football/venues/648.png
12678,Stade Orange Vélodrome,"3, boulevard Michelet",Marseille,France,67394,grass,https://media.api-sports.io/football/venues/12678.png
634,Stade Raymond-Kopa,"73, boulevard Pierre de Coubertin",Angers,France,19000,grass,https://media.api-sports.io/football/venues/634.png
645,Stade Gaston-Gérard,Rue du Stade,Dijon,France,16098,grass,https://media.api-sports.io/football/venues/645.png
765,Stadio Harilaou Kleánthis Vikelídis,"69 Alkminis, Charilaou",Thessaloníki,Greece,23220,grass,https://media.api-sports.io/football/venues/765.png
781,Stadio Zosimades,18 Fotis Tzavella,Ioannina,Greece,7652,grass,https://media.api-sports.io/football/venues/781.png
766,Stadio Theodoros Kolokotronis,Liagora,Tripoli,Greece,7717,grass,https://media.api-sports.io/football/venues/766.png
780,Stadio Toumbas,Plateia Mikras Asias,Thessaloníki,Greece,28803,grass,https://media.api-sports.io/football/venues/780.png
868,Sammy Ofer Stadium,2 Rothenberg Street,Haifa,Israel,30820,grass,https://media.api-sports.io/football/venues/868.png
866,Teddi Malcha Stadium,David Ayalon,Jerusalem,Israel,33500,grass,https://media.api-sports.io/football/venues/866.png
2611,Stadions Skonto,Emīla Melngaiļa 1a,Riga,Latvia,8207,grass,https://media.api-sports.io/football/venues/2611.png
7709,Daugavas Stadionā,Augšiela 1,Riga,Latvia,5083,grass,https://media.api-sports.io/football/venues/7709.png
11511,Olimpiskā centra Ventspils Stadionā,Sporta ielā 7/9,Ventspils,Latvia,3200,grass,https://media.api-sports.io/football/venues/11511.png
1081,Estadio Hidalgo,Boulevard Felipe Angeles,Pachuca de Soto,Mexico,30000,grass,https://media.api-sports.io/football/venues/1081.png
1071,Estadio Jalisco,"Calle 7 Colinas No. 1772, Colonia Independencia",Guadalajara,Mexico,56713,grass,https://media.api-sports.io/football/venues/1071.png
11905,Estadio BBVA,"Avenida Pablo Livas 2011, Colonia La Pastora",Guadalupe,Mexico,53500,grass,https://media.api-sports.io/football/venues/11905.png
1089,Estadio Nemesio Díez,"Felipe Villanueva No. 300, Barrio de San Bernardino",Toluca de Lerdo,Mexico,30000,grass,https://media.api-sports.io/football/venues/1089.png
1087,Estadio Universitario de Nuevo León,"Calle del Doctor Pedro de Alba, Colonia Ciudad Universitaria",San Nicolás de los Garza,Mexico,42000,grass,https://media.api-sports.io/football/venues/1087.png
1190,Lerkendal Stadion,Klæbuveien 125,Trondheim,Norway,21850,grass,https://media.api-sports.io/football/venues/1190.png
1176,Brann Stadion,Kniksens plass 1,Bergen,Norway,17686,grass,https://media.api-sports.io/football/venues/1176.png
1207,Estadio Rommel Fernández Gutiérrez,Avenida José Agustin Arango,Ciudad de Panamá,Panama,45000,grass,https://media.api-sports.io/football/venues/1207.png
1249,Stadion Miejski,ul. Słoneczna 1,Białystok,Poland,22372,grass,https://media.api-sports.io/football/venues/1249.png
1255,Stadion Miejski,ul. Stefana Okrzei 20,Gliwice,Poland,9913,grass,https://media.api-sports.io/football/venues/1255.png
19931,ArcelorMittal Park,gen. Mariusza Zaruskiego 2,Sosnowiec,Poland,11600,grass,https://media.api-sports.io/football/venues/19931.png
8563,Stadion im. Zdzisława Krzyszkowiaka,ul. Gdańska 163,Bydgoszcz,Poland,20247,grass,https://media.api-sports.io/football/venues/8563.png
1247,Stadion Cracovii im. Józefa Piłsudskiego,ul. Józefa Kałuży 1,Kraków,Poland,15016,grass,https://media.api-sports.io/football/venues/1247.png
1253,Stadion Miejski Legii Warszawa im. Marszałka Józefa Piłsudskiego,ul. Łazienkowska 3,Warszawa,Poland,31103,grass,https://media.api-sports.io/football/venues/1253.png
12602,Stadion Miejski LKS Lodz,Al. Unii Lubelskiej 2,Łódź,Poland,18033,grass,https://media.api-sports.io/football/venues/12602.png
11992,Arena Lublin,ul. Krochmalna,Lublin,Poland,15500,grass,https://media.api-sports.io/football/venues/11992.png
18633,Miejski Stadion Piłkarski Raków,ul. Limanowskiego 83,Częstochowa,Poland,5500,grass,https://media.api-sports.io/football/venues/18633.png
1258,Stadion Miejski im. Henryka Reymana,ul. Reymonta 22,Kraków,Poland,33268,grass,https://media.api-sports.io/football/venues/1258.png
1245,Stadion Narodowy,Aleja Księcia J. Poniatowskiego 1,Warszawa,Poland,58145,grass,https://media.api-sports.io/football/venues/1245.png
1260,Stadion Zagłębia Lubin,ul. Marii Skłodowskiej Curie 98,Lubin,Poland,16068,grass,https://media.api-sports.io/football/venues/1260.png
1347,Mordovia Arena,"Volgogradskaya ul., 13",Saransk,Russia,44442,grass,https://media.api-sports.io/football/venues/1347.png
1355,Ekaterinburg Arena,ul. Repina 5,Ekaterinburg,Russia,35696,grass,https://media.api-sports.io/football/venues/1355.png
1348,Volgograd Arena,"pr. im. V.i. Lenina Lenina, 76",Volgograd,Russia,45568,grass,https://media.api-sports.io/football/venues/1348.png
1333,VEB Arena,3-ya Peschanaya ul.,Moskva,Russia,30000,grass,https://media.api-sports.io/football/venues/1333.png
2833,Stadion Kuban',ul. Zheleznodorozhnaya 49,Krasnodar,Russia,31654,grass,https://media.api-sports.io/football/venues/2833.png
2835,Stadion Nizhny Novgorod,ul. Dolzhanskaya,Nizhniy Novgorod,Russia,44899,grass,https://media.api-sports.io/football/venues/2835.png
1329,Stadion Arsenal,"pr. Lenina, 87",Tula,Russia,20074,grass,https://media.api-sports.io/football/venues/1329.png
1327,RZD Arena,ul. Bol&apos;shaya Cherkizovskaya 125,Moskva,Russia,28800,grass,https://media.api-sports.io/football/venues/1327.png
1339,Rostov Arena,ul. Levoberezhnaya,Rostov-na-Donu,Russia,45000,grass,https://media.api-sports.io/football/venues/1339.png
1338,Stadion FK Krasnodar,ul. Vostochno-Kruglikovskaya 126,Krasnodar,Russia,35549,grass,https://media.api-sports.io/football/venues/1338.png
2834,Olimpiyskiy Stadion Fisht,Olimpiyskiy prospekt 15,Sochi,Russia,48000,grass,https://media.api-sports.io/football/venues/2834.png
1411,Stadion na Banovom brdu,"Beogradskog Bataljona 25, Čukarica",Beograd,Serbia,4070,grass,https://media.api-sports.io/football/venues/1411.png
1427,Gradski Stadion Čair,9. brigade bb,Niš,Serbia,18321,grass,https://media.api-sports.io/football/venues/1427.png
1424,Stadion Partizana,Humska 1,Beograd,Serbia,32710,grass,https://media.api-sports.io/football/venues/1424.png
1425,Stadion Karađorđe,Ignjata Pavlasa 8,Novi Sad,Serbia,14458,grass,https://media.api-sports.io/football/venues/1425.png
1406,Stadion Rajko Mitić,Ljutice Bogdana 1a,Beograd,Serbia,51862,grass,https://media.api-sports.io/football/venues/1406.png
18679,TSC Arena,Gradski park,Bačka Topola,Serbia,4500,grass,https://media.api-sports.io/football/venues/18679.png
7998,Malmö Stadion,Eric Persson Väg 7,Malmö,Sweden,27500,grass,https://media.api-sports.io/football/venues/7998.png
1518,Eleda Stadion,Eric Persson väg 1,Malmö,Sweden,24148,grass,https://media.api-sports.io/football/venues/1518.png
1509,Gamla Ullevi,Ullevigatan 5,Göteborg,Sweden,18800,grass,https://media.api-sports.io/football/venues/1509.png
1501,Friends Arena,Råsta Strandväg 1,Solna,Sweden,54329,grass,https://media.api-sports.io/football/venues/1501.png
20423,Tüpraş Stadyumu,"Dolmabahçe Gazhane Caddesi, Beşiktaş",İstanbul,Turkey,43500,grass,https://media.api-sports.io/football/venues/20423.png
2374,Yeni Eskişehir Stadyumu,Ulusal Egemenlik Bulvarı,Eskişehir,Turkey,34930,grass,https://media.api-sports.io/football/venues/2374.png
2404,Yeni Sakarya Atatürk Stadyumu,"Yağcılar Mah. Karasu Yolu, Yağcılar, Sakarya",Adapazarı,Turkey,28710,grass,https://media.api-sports.io/football/venues/2404.png
1588,Yeni Malatya Stadyumu,Bulgurlu Mahallesi,Malatya,Turkey,27044,grass,https://media.api-sports.io/football/venues/1588.png
1587,Konya Büyükşehir Belediye Stadyumu,"Sille Parsana Mh., Kaletaş Caddesi, Selçuklu",Konya,Turkey,42276,grass,https://media.api-sports.io/football/venues/1587.png
19941,Rams Global Stadium,"İstanbul Çevre Yolu, Aslantepe",İstanbul,Turkey,52695,grass,https://media.api-sports.io/football/venues/19941.png
1585,Recep Tayyip Erdoğan Stadyumu,"Tepebaşı Caddesi, Kasımpaşa, Beyoğlu",İstanbul,Turkey,14234,grass,https://media.api-sports.io/football/venues/1585.png
1968,Atatürk Olimpiyat Stadı,"Atatürk Olimpiyat Stadı Otoparkı, İkitelli",İstanbul,Turkey,76092,grass,https://media.api-sports.io/football/venues/1968.png
1584,Başakşehir Fatih Terim Stadyumu,"Yunus Emre Caddesi, Başakşehir",İstanbul,Turkey,17319,grass,https://media.api-sports.io/football/venues/1584.png
20189,Papara Park,"Trabzon Giresun Yolu, Akyaz",Trabzon,Turkey,41513,grass,https://media.api-sports.io/football/venues/20189.png
1581,Ülker Stadyumu Fenerbahçe Şükrü Saracoğlu Spor Kompleksi,"Recep Peker Caddesi, Kadıköy",İstanbul,Turkey,53586,grass,https://media.api-sports.io/football/venues/1581.png
2159,Stadiumi Niko Dovana,"Lagjia 18, Rruga Ahmet Ramzoti",Durrës,Albania,12040,grass,https://media.api-sports.io/football/venues/2159.png
5796,Stadiumi Kombëtar Qemal Stafa,Bulevardi Deshmoret e Kombit,Tirana,Albania,19700,grass,https://media.api-sports.io/football/venues/5796.png
1966,Stadiumi Loro Boriçi,Rruga Musa Luli 1,Shkodër,Albania,16000,grass,https://media.api-sports.io/football/venues/1966.png
2,Elbasan Arena,Bulevardi Qemal Stafa,Elbasan,Albania,12800,grass,https://media.api-sports.io/football/venues/2.png
3,Stadiumi Laçi,Pranë Bashkisë,Laç,Albania,3000,grass,https://media.api-sports.io/football/venues/3.png
7339,Stadiumi Flamurtari,,,Albania,8200,grass,https://media.api-sports.io/football/venues/7339.png
2618,Estadi Nacional,C/ Baixada del Molí nº33,Andorra la Vella,Andorra,3306,grass,https://media.api-sports.io/football/venues/2618.png
120,Yerevan Football Academy,"Acharyan 35/31, Avan",Yerevan,Armenia,1500,grass,https://media.api-sports.io/football/venues/120.png
7464,Mika,41 Manandyan Str.,Yerevan,Armenia,7140,grass,https://media.api-sports.io/football/venues/7464.png
2479,Gyumri City Stadium,Ozanyan Str. 6,Gyumri,Armenia,3500,grass,https://media.api-sports.io/football/venues/2479.png
119,Urartu Stadium,"ul. Al. Manukian, Malatia-Sebastia",Yerevan,Armenia,5000,grass,https://media.api-sports.io/football/venues/119.png
121,Vazgen Sargsyan anvan Hanrapetakan Marzadasht,ul. Nar-Dos,Yerevan,Armenia,14530,grass,https://media.api-sports.io/football/venues/121.png
1967,Ernst-Happel-Stadion,Meiereistraße 7,Wien,Austria,50865,grass,https://media.api-sports.io/football/venues/1967.png
136,Generali Arena,Fischhofgasse 14,Wien,Austria,18944,grass,https://media.api-sports.io/football/venues/136.png
152,Tivoli Stadion Tirol,Stadionstrasse 1b,Innsbruck,Austria,16008,grass,https://media.api-sports.io/football/venues/152.png
148,Red Bull Arena,Stadionstrasse 2/3,Wals-Siezenheim,Austria,31895,grass,https://media.api-sports.io/football/venues/148.png
150,Merkur Arena,Stadionplatz 1 A,Graz,Austria,16764,grass,https://media.api-sports.io/football/venues/150.png
149,NV ARENA,Dr.-Adolf-Schärf-Straße 25a,St. Pölten,Austria,8000,grass,https://media.api-sports.io/football/venues/149.png
145,Allianz Stadion,"Gerhard Hanappi Platz 1, Hütteldorf",Wien,Austria,28345,grass,https://media.api-sports.io/football/venues/145.png
169,Stadyen Haradski,ul. Lenina,Slutsk,Belarus,2150,grass,https://media.api-sports.io/football/venues/169.png
170,Stadyen Tarpeda,ul. Kotovskogo,Minsk,Belarus,5200,grass,https://media.api-sports.io/football/venues/170.png
7764,Borisov Arena,,Borisov,Belarus,13141,grass,https://media.api-sports.io/football/venues/7764.png
166,Stadyen Nyoman,,Mosty,Belarus,4000,grass,https://media.api-sports.io/football/venues/166.png
161,Stadyen Traktar,ul. Vaneeva 3,Minsk,Belarus,17586,grass,https://media.api-sports.io/football/venues/161.png
7523,Stadyen Haradski,,,Belarus,1200,grass,https://media.api-sports.io/football/venues/7523.png
2606,Stadyen Dynama,ul. Kirova 8/2,Minsk,Belarus,41024,grass,https://media.api-sports.io/football/venues/2606.png
177,Stade du Pays de Charleroi,Boulevard Zoé Drion 19,Charleroi,Belgium,18000,grass,https://media.api-sports.io/football/venues/177.png
176,Jan Breydelstadion,Olympialaan 74,Brugge,Belgium,29062,grass,https://media.api-sports.io/football/venues/176.png
175,Bosuilstadion,Oude Bosuilbaan 54a,Deurne,Belgium,23057,grass,https://media.api-sports.io/football/venues/175.png
186,King Power at Den Dreef Stadion,Kardinaal Mercierlaan 46,Heverlee,Belgium,12500,grass,https://media.api-sports.io/football/venues/186.png
12455,Cegeka Arena,"Stadionplein 4, Waterschei",Genk,Belgium,24956,grass,https://media.api-sports.io/football/venues/12455.png
413,Stadion Poljud,8. Mediteranskih igara 2,Split,Croatia,34448,grass,https://media.api-sports.io/football/venues/413.png
423,Stadion HNK Rijeka,Rujevica ulica 6B,Rijeka,Croatia,8279,grass,https://media.api-sports.io/football/venues/423.png
417,Stadion Kranjčevićeva,Kranjčevićeva 4,Zagreb,Croatia,10850,grass,https://media.api-sports.io/football/venues/417.png
412,Stadion Maksimir,Maksimirska cesta 128,Zagreb,Croatia,37168,grass,https://media.api-sports.io/football/venues/412.png
422,Stadion Gradski vrt,Delnička bb,Osijek,Croatia,19220,grass,https://media.api-sports.io/football/venues/422.png
11600,Parken,Øster Allé 50,København,Denmark,38065,grass,https://media.api-sports.io/football/venues/11600.png
5806,Parken,Øster Allé 50,København,Denmark,42358,grass,https://media.api-sports.io/football/venues/5806.png
445,Blue Water Arena,Gl. Vardevej 82,Esbjerg,Denmark,18000,grass,https://media.api-sports.io/football/venues/445.png
457,Cepheus Park Randers,Viborgvej 92a,Randers,Denmark,12000,grass,https://media.api-sports.io/football/venues/457.png
441,Ceres Park & Arena,Stadion Allé 70,Århus,Denmark,22175,grass,https://media.api-sports.io/football/venues/441.png
460,Sydbank Park,Stadionvej 7,Haderslev,Denmark,10000,grass,https://media.api-sports.io/football/venues/460.png
7640,BioNutria Park Randers,Viborgvej 92a,Randers,Denmark,12000,grass,https://media.api-sports.io/football/venues/7640.png
463,Energi Viborg Arena,Stadion Allé 7,Viborg,Denmark,9566,grass,https://media.api-sports.io/football/venues/463.png
7588,TRE-FOR Park,,,Denmark,15790,grass,https://media.api-sports.io/football/venues/7588.png
443,Brøndby Stadion,Brøndby Stadion 8,Brøndby,Denmark,29000,grass,https://media.api-sports.io/football/venues/443.png
453,MCH Arena,Kaj Zartows Vej 5,Herning,Denmark,12152,grass,https://media.api-sports.io/football/venues/453.png
560,Stadium mk,Stadium Way West,"Milton Keynes, Buckinghamshire",England,30500,grass,https://media.api-sports.io/football/venues/560.png
571,Home Park,Gilbert Lane,Plymouth,England,19500,grass,https://media.api-sports.io/football/venues/571.png
10503,Gtech Community Stadium,"166 Lionel Rd N, Brentford","Brentford, Middlesex",England,17250,grass,https://media.api-sports.io/football/venues/10503.png
573,Fratton Park,Frogmore Road,Portsmouth,England,20821,grass,https://media.api-sports.io/football/venues/573.png
500,Ewood Park,Nuttall Street,"Blackburn, Lancashire",England,31367,grass,https://media.api-sports.io/football/venues/500.png
509,Ashton Gate,Ashton Road,Bristol,England,27000,grass,https://media.api-sports.io/football/venues/509.png
578,AESSEAL New York Stadium,Don Street,"Rotherham, South Yorkshire",England,12021,grass,https://media.api-sports.io/football/venues/578.png
494,Emirates Stadium,Queensland Road,London,England,60383,grass,https://media.api-sports.io/football/venues/494.png
501,Bloomfield Road,Seasiders Way,"Blackpool, Lancashire",England,17625,grass,https://media.api-sports.io/football/venues/501.png
504,Vitality Stadium,"Dean Court, Kings Park","Bournemouth, Dorset",England,12000,grass,https://media.api-sports.io/football/venues/504.png
512,Turf Moor,Harry Potts Way,Burnley,England,22546,grass,https://media.api-sports.io/football/venues/512.png
12051,The MKM Stadium,Walton Street / Anlaby Road,Hull,England,25504,grass,https://media.api-sports.io/football/venues/12051.png
495,Villa Park,Trinity Road,Birmingham,England,42788,grass,https://media.api-sports.io/football/venues/495.png
12052,Select Car Leasing Stadium,"Shooters Way / Junction 11, M4","Reading, Berkshire",England,24200,grass,https://media.api-sports.io/football/venues/12052.png
525,Selhurst Park,Holmesdale Road,London,England,26309,grass,https://media.api-sports.io/football/venues/525.png
547,King Power Stadium,Filbert Way,"Leicester, Leicestershire",England,34310,grass,https://media.api-sports.io/football/venues/547.png
508,The American Express Community Stadium,Village Way,"Falmer, East Sussex",England,31872,grass,https://media.api-sports.io/football/venues/508.png
574,Deepdale,Deepdale Road,Preston,England,23408,grass,https://media.api-sports.io/football/venues/574.png
588,bet365 Stadium,Stanley Matthews Way,"Stoke-on-Trent, Staffordshire",England,30089,grass,https://media.api-sports.io/football/venues/588.png
11896,The Coventry Building Society Arena,"Phoenix Way, Rowleys Green","Coventry, West Midlands",England,32609,grass,https://media.api-sports.io/football/venues/11896.png
20106,Ashton Gate Stadium,Ashton Road,Bristol,England,27000,grass,https://media.api-sports.io/football/venues/20106.png
545,Portman Road,Portman Road,"Ipswich, Suffolk",England,30311,grass,https://media.api-sports.io/football/venues/545.png
20414,MATRADE Loftus Road,"South Africa Road, Shepherd&apos;s Bush",London,England,18360,grass,https://media.api-sports.io/football/venues/20414.png
603,Huish Park Stadium,"Lufton Way, Lufton","Yeovil, Somerset",England,9665,grass,https://media.api-sports.io/football/venues/603.png
519,Stamford Bridge,Fulham Road,London,England,41841,grass,https://media.api-sports.io/football/venues/519.png
559,The Den,"Zampa Road, Bermondsey",London,England,20146,grass,https://media.api-sports.io/football/venues/559.png
5216,The Oval,Coventry Road,"Bedworth, Warwickshire",England,3000,grass,https://media.api-sports.io/football/venues/5216.png
582,Hillsborough,"Penistone Road North, Hillsborough",Sheffield,England,39814,grass,https://media.api-sports.io/football/venues/582.png
550,Anfield,Anfield Road,Liverpool,England,55212,grass,https://media.api-sports.io/football/venues/550.png
558,Riverside Stadium,Dockside Road,Middlesbrough,England,34988,grass,https://media.api-sports.io/football/venues/558.png
593,Tottenham Hotspur Stadium,"Bill Nicholson Way, 748 High Road",London,England,62850,grass,https://media.api-sports.io/football/venues/593.png
518,The Valley,"Floyd Road, Charlton",London,England,27111,grass,https://media.api-sports.io/football/venues/518.png
535,Craven Cottage,Stevenage Road,London,England,25700,grass,https://media.api-sports.io/football/venues/535.png
543,John Smith's Stadium,Stadium Way,"Huddersfield, West Yorkshire",England,24554,grass,https://media.api-sports.io/football/venues/543.png
551,Kenilworth Road,1 Maple Road,"Luton, Bedfordshire",England,11500,grass,https://media.api-sports.io/football/venues/551.png
562,St. James' Park,St. James&apos; Street,Newcastle upon Tyne,England,52758,grass,https://media.api-sports.io/football/venues/562.png
596,Vicarage Road,Vicarage Road,Watford,England,22200,grass,https://media.api-sports.io/football/venues/596.png
556,Old Trafford,Sir Matt Busby Way,Manchester,England,76212,grass,https://media.api-sports.io/football/venues/556.png
12596,St Andrew's Stadium,St. Andrew&apos;s Road,Birmingham,England,30009,grass,https://media.api-sports.io/football/venues/12596.png
527,Pride Park Stadium,"Pride Park, Royal Way",Derby,England,33597,grass,https://media.api-sports.io/football/venues/527.png
599,DW Stadium,"Robin Park, Loire Drive",Wigan,England,25138,grass,https://media.api-sports.io/football/venues/599.png
555,Etihad Stadium,Rowsley Street,Manchester,England,55097,grass,https://media.api-sports.io/football/venues/555.png
497,Oakwell,Grove Street,"Barnsley, South Yorkshire",England,23009,grass,https://media.api-sports.io/football/venues/497.png
600,Molineux Stadium,Waterloo Road,"Wolverhampton, West Midlands",England,34624,grass,https://media.api-sports.io/football/venues/600.png
598,London Stadium,"Marshgate Lane, Stratford",London,England,62500,grass,https://media.api-sports.io/football/venues/598.png
581,Bramall Lane,Bramall Lane,Sheffield,England,32702,grass,https://media.api-sports.io/football/venues/581.png
566,The City Ground,Pavilion Road,"Nottingham, Nottinghamshire",England,30576,grass,https://media.api-sports.io/football/venues/566.png
589,Stadium of Light,Millenium Way,Sunderland,England,49000,grass,https://media.api-sports.io/football/venues/589.png
602,Adams Park,Hillbottom Road,"High Wycombe, Buckinghamshire",England,10000,grass,https://media.api-sports.io/football/venues/602.png
585,St. Mary's Stadium,Britannia Road,"Southampton, Hampshire",England,32689,grass,https://media.api-sports.io/football/venues/585.png
570,Weston Homes Stadium,London Road,Peterborough,England,15142,grass,https://media.api-sports.io/football/venues/570.png
565,Carrow Road,Carrow Road,"Norwich, Norfolk",England,27606,grass,https://media.api-sports.io/football/venues/565.png
8560,Goodison Park,Goodison Road,Liverpool,England,40569,grass,https://media.api-sports.io/football/venues/8560.png
597,The Hawthorns,Halfords Lane,West Bromwich,England,28003,grass,https://media.api-sports.io/football/venues/597.png
546,Elland Road,Elland Road,"Leeds, West Yorkshire",England,40204,grass,https://media.api-sports.io/football/venues/546.png
489,Wembley Stadium,"Stadium Way, Wembley, Brent",London,England,90000,grass,https://media.api-sports.io/football/venues/489.png
569,The Kassam Stadium,Grenoble Road,"Oxford, Oxfordshire",England,12500,grass,https://media.api-sports.io/football/venues/569.png
605,A. Le Coq Arena,Asula 4c,Tallinn,Estonia,14405,grass,https://media.api-sports.io/football/venues/605.png
8552,Tamme staadion,Kungla 1,,Estonia,2500,grass,https://media.api-sports.io/football/venues/8552.png
2330,Rakvere linnastaadion,Kastani puiestee 12,Rakvere,Estonia,2500,grass,https://media.api-sports.io/football/venues/2330.png
2337,Kadrioru staadion,Roheline aas 24,Tallinn,Estonia,4880,grass,https://media.api-sports.io/football/venues/2337.png
627,Raatin stadion,"Raatintie 2, Koskikeskus",Oulu,Finland,6996,grass,https://media.api-sports.io/football/venues/627.png
691,Boris Paichadze Dinamo Arena,"2, Akaki Tsereteli Ave.",Tbilisi,Georgia,54202,grass,https://media.api-sports.io/football/venues/691.png
2302,Mikheil Meskhis sakhelobis Stadioni,"74, Il. Chavchavadze Ave.",Tbilisi,Georgia,25453,grass,https://media.api-sports.io/football/venues/2302.png
2301,Stadioni Tengiz Burjanadze,1 Moskovi Str.,Gori,Georgia,8230,grass,https://media.api-sports.io/football/venues/2301.png
7332,Stadioni Davit Abashidze,9 Sakarkhno Str.,Zestaponi,Georgia,4600,grass,https://media.api-sports.io/football/venues/7332.png
751,Vonovia Ruhrstadion,Castropher Straße 145,Bochum,Germany,27599,grass,https://media.api-sports.io/football/venues/751.png
724,PreZero Arena,Dietmar-Hopp-Straße 1,Sinsheim,Germany,30164,grass,https://media.api-sports.io/football/venues/724.png
20736,Cologne Stadium,Aachener Str. 999,Köln,Germany,50076,grass,https://media.api-sports.io/football/venues/20736.png
20738,Arena AufSchalke,Arenaring 1,Gelsenkirchen,Germany,62278,grass,https://media.api-sports.io/football/venues/20738.png
748,Stadion An der Alten Försterei,"Hämmerlingstraße 80-88, Köpenick",Berlin,Germany,22467,grass,https://media.api-sports.io/football/venues/748.png
752,Volkswagen Arena,In den Allerwiesen 1,Wolfsburg,Germany,30000,grass,https://media.api-sports.io/football/venues/752.png
705,Merck-Stadion am Böllenfalltor,Nieder-Ramstädter Straße 170,Darmstadt,Germany,17810,grass,https://media.api-sports.io/football/venues/705.png
701,Friedrich-Ludwig-Jahn-Sportpark,Cantianstrasse 24,Berlin,Germany,19708,grass,https://media.api-sports.io/football/venues/701.png
730,Schauinsland-Reisen-Arena,Margaretenstr. 5-7,Duisburg,Germany,31514,grass,https://media.api-sports.io/football/venues/730.png
725,Holstein-Stadion,Westring 501,Kiel,Germany,15034,grass,https://media.api-sports.io/football/venues/725.png
20734,Frankfurt Arena,Mörfelder Landstr. 362,Frankfurt am Main,Germany,58000,grass,https://media.api-sports.io/football/venues/20734.png
699,BayArena,Bismarckstr. 122-124,Leverkusen,Germany,30210,grass,https://media.api-sports.io/football/venues/699.png
755,wohninvest WESERSTADION,Franz-Böhmert-Straße 1c,Bremen,Germany,42358,grass,https://media.api-sports.io/football/venues/755.png
726,Audi-Sportpark,Am Sportpark 1,Ingolstadt,Germany,15729,grass,https://media.api-sports.io/football/venues/726.png
723,Voith-Arena,Schloßhaustraße 160,Heidenheim an der Brenz,Germany,15000,grass,https://media.api-sports.io/football/venues/723.png
12274,Dreisamstadion,Schwarzwaldstraße 193,Freiburg im Breisgau,Germany,25000,grass,https://media.api-sports.io/football/venues/12274.png
11899,MEWA ARENA,Eugen-Salomon-Straße 1,Mainz,Germany,34034,grass,https://media.api-sports.io/football/venues/11899.png
20471,BORUSSIA-PARK,Hennes-Weisweiler-Allee 1,Mönchengladbach,Germany,54057,grass,https://media.api-sports.io/football/venues/20471.png
698,WWK Arena,Bürgermeister Ulrich-Straße 90,Augsburg,Germany,30662,grass,https://media.api-sports.io/football/venues/698.png
694,Olympiastadion Berlin,Olympischer Platz 3,Berlin,Germany,74667,grass,https://media.api-sports.io/football/venues/694.png
718,Sportpark Ronhof Thomas Sommer,Laubenweg 60,Fürth,Germany,18000,grass,https://media.api-sports.io/football/venues/718.png
12717,Europa-Park Stadion,Achim-Stocker-Straße 1,Freiburg im Breisgau,Germany,34700,grass,https://media.api-sports.io/football/venues/12717.png
720,Volksparkstadion,Sylvester Allee 7,Hamburg,Germany,57030,grass,https://media.api-sports.io/football/venues/720.png
20737,Leipzig Stadium,Am Sportforum 3,Leipzig,Germany,47069,grass,https://media.api-sports.io/football/venues/20737.png
20732,Fußball Arena München,Werner-Heisenberg-Allee 25,München,Germany,75024,grass,https://media.api-sports.io/football/venues/20732.png
20735,Düsseldorf Arena,Arena-Str. 1,Düsseldorf,Germany,54600,grass,https://media.api-sports.io/football/venues/20735.png
20739,Stuttgart Arena,Mercedesstrasse 87,Stuttgart,Germany,60469,grass,https://media.api-sports.io/football/venues/20739.png
745,Millerntor-Stadion,Harald-Stender-Platz 1,Hamburg,Germany,29564,grass,https://media.api-sports.io/football/venues/745.png
697,SchücoArena,Melanchthonstr. 31a,Bielefeld,Germany,27300,grass,https://media.api-sports.io/football/venues/697.png
20733,BVB Stadion Dortmund,Strobelalle 50,Dortmund,Germany,81365,grass,https://media.api-sports.io/football/venues/20733.png
6454,AOK Stadion,Allerpark 2,Wolfsburg,Germany,5200,grass,https://media.api-sports.io/football/venues/6454.png
19605,Puskás Aréna,Dózsa György út 5,Budapest,Hungary,67889,grass,https://media.api-sports.io/football/venues/19605.png
1764,Puskás Akadémia Pancho Aréna,,Felcsút,Hungary,3865,grass,https://media.api-sports.io/football/venues/1764.png
800,Alcufer Stadion,"Ménfői út 59., Gyirmót",Győr,Hungary,4578,grass,https://media.api-sports.io/football/venues/800.png
817,Illovszky Rudolf Stadion,Fáy u. 58,Budapest,Hungary,5054,grass,https://media.api-sports.io/football/venues/817.png
7670,Városi Stadion,,,Hungary,2000,grass,https://media.api-sports.io/football/venues/7670.png
795,Nagyerdei Stadion,Nagyerdei park 12,Debrecen,Hungary,20340,grass,https://media.api-sports.io/football/venues/795.png
801,ETO Park,Nagysándor József utca 31.,Győr,Hungary,16000,grass,https://media.api-sports.io/football/venues/801.png
814,Szusza Ferenc Stadion,"Megyeri út 13., IV. ker",Budapest,Hungary,13501,grass,https://media.api-sports.io/football/venues/814.png
809,Paksi FC Stadion,Fehérvári út 29.,Paks,Hungary,4950,grass,https://media.api-sports.io/football/venues/809.png
812,Haladás Stadion,Rohonci út 3.,Szombathely,Hungary,8903,grass,https://media.api-sports.io/football/venues/812.png
805,Városi Stadion,Széchenyi István u. 9.,Mezőkövesd,Hungary,5020,grass,https://media.api-sports.io/football/venues/805.png
11902,Bozsik Aréna,Puskás Ferenc u. 1-3,Budapest,Hungary,8200,grass,https://media.api-sports.io/football/venues/11902.png
799,Groupama Aréna,"Üllői út, IX. ker.",Budapest,Hungary,23698,grass,https://media.api-sports.io/football/venues/799.png
802,Hidegkuti Nándor Stadion,"Salgótarjáni út 12-14., VIII. ker.",Budapest,Hungary,5322,grass,https://media.api-sports.io/football/venues/802.png
821,Kaplakrikavöllur,Kaplakriki,Hafnarfjörður,Iceland,6738,grass,https://media.api-sports.io/football/venues/821.png
819,Laugardalsvöllur,Reykjavegur,Reykjavík,Iceland,15427,grass,https://media.api-sports.io/football/venues/819.png
820,Kópavogsvöllur,Dalsmára 5,Kópavogur,Iceland,5501,grass,https://media.api-sports.io/football/venues/820.png
863,Turner's Cross,"Curragh Road, Turner’s Cross",Cork,Ireland,7485,grass,https://media.api-sports.io/football/venues/863.png
1970,Aviva Stadium,"62 Lansdowne Road, Ballsbridge",Dublin,Ireland,55359,grass,https://media.api-sports.io/football/venues/1970.png
865,Tallaght Stadium,"Kiltipper Way, Tallaght",Dublin,Ireland,10500,grass,https://media.api-sports.io/football/venues/865.png
2628,Richmond Park,"125 Emmet Road, Inchicore",Dublin,Ireland,5340,grass,https://media.api-sports.io/football/venues/2628.png
1976,Independence Park,"Arthur Wint Drive, Edens Park",Kingston,Jamaica,35000,grass,https://media.api-sports.io/football/venues/1976.png
2615,Stadionul Zimbru,"Bulevardul Dacia, nr. 45",Chişinău,Moldova,10500,grass,https://media.api-sports.io/football/venues/2615.png
3492,Stadionul Moldova,,Speia,Moldova,10000,grass,https://media.api-sports.io/football/venues/3492.png
1094,Complexul Sportiv Raional,Str. Tricolorului,Orhei,Moldova,3160,grass,https://media.api-sports.io/football/venues/1094.png
1093,Bolshaya Sportivnaya Arena,ul. K. Libnekhta 1/2,Tiraspol,Moldova,13460,grass,https://media.api-sports.io/football/venues/1093.png
1106,Grand Stade de Tanger,Boulevard des Forces Armées Royales,Tanger,Morocco,65000,grass,https://media.api-sports.io/football/venues/1106.png
1103,Stade Prince Moulay Abdallah,Route de Casablanca,Rabat,Morocco,60000,grass,https://media.api-sports.io/football/venues/1103.png
2820,Stadionul Trans-Sil,Str. Insulei,Târgu Mureş,Romania,8000,grass,https://media.api-sports.io/football/venues/2820.png
1326,Arena Naţională,Bulevardul Basarabia 37-39,Bucureşti,Romania,55611,grass,https://media.api-sports.io/football/venues/1326.png
1308,Stadionul Marin Anastasovici,"Strada Păcii, nr. 60",Giurgiu,Romania,8500,grass,https://media.api-sports.io/football/venues/1308.png
1311,Stadionul Dr. Constantin Rădulescu,"Strada Romulus Vuia, nr. 23",Cluj-Napoca,Romania,23500,grass,https://media.api-sports.io/football/venues/1311.png
1324,Stadionul Central,,Ovidiu,Romania,4554,grass,https://media.api-sports.io/football/venues/1324.png
12042,Stadionul Steaua,"Bulevardul Ghencea, nr. 35, Sector 6",București,Romania,31254,grass,https://media.api-sports.io/football/venues/12042.png
1309,Stadionul Municipal,"Calea Naţională, nr. 64",Botoşani,Romania,10600,grass,https://media.api-sports.io/football/venues/1309.png
1322,Stadionul Emil Alexandrescu,"Aleea Grigore Ghica Voda, nr. 12-24",Iaşi,Romania,13000,grass,https://media.api-sports.io/football/venues/1322.png
1893,Stadionul Municipal,"Str. Independenţii , nr. 168",Drobeta-Turnu Severin,Romania,20054,grass,https://media.api-sports.io/football/venues/1893.png
1894,Stadionul Municipal,Aleea Mihai Eminescu 1-3,Sibiu,Romania,13013,grass,https://media.api-sports.io/football/venues/1894.png
1312,Stadionul Ilie Oană,"Strada Stadionului, nr. 26",Ploieşti,Romania,15500,grass,https://media.api-sports.io/football/venues/1312.png
2418,Stadion Chornomorets,vul. Marazliivska,Odessa,Ukraine,34164,grass,https://media.api-sports.io/football/venues/2418.png
1595,Oblasny SportKomplex Metalist,vul. Plechanivska 65,Kharkiv,Ukraine,41307,grass,https://media.api-sports.io/football/venues/1595.png
8330,Obolon' Arena,,,Ukraine,5103,grass,https://media.api-sports.io/football/venues/8330.png
1593,NSK Olimpijs'kyj (old),vul. Chervonoarmijs&apos;ka 55,Kiev,Ukraine,83450,grass,https://media.api-sports.io/football/venues/1593.png
297,Vivacom Arena - Georgi Asparuhov,ul. Todorini kukli 47,Sofia,Bulgaria,29200,grass,https://media.api-sports.io/football/venues/297.png
288,Stadion Bâlgarska Armija,"bul. Dragan Tzankov 3, Borisova Gradina",Sofia,Bulgaria,22015,grass,https://media.api-sports.io/football/venues/288.png
19922,Stadion Hristo Botev,bul. Iztochen 10,Plovdiv,Bulgaria,22000,grass,https://media.api-sports.io/football/venues/19922.png
1912,Stadion Vasil Levski,bul. Evlogi Georgiev 38,Sofia,Bulgaria,43632,grass,https://media.api-sports.io/football/venues/1912.png
10547,Huvepharma Arena,bul. Severen,Razgrad,Bulgaria,10422,grass,https://media.api-sports.io/football/venues/10547.png
298,Stadion Lokomotiv,Park Lauta,Plovdiv,Bulgaria,13800,grass,https://media.api-sports.io/football/venues/298.png
283,Stadion Beroe,ul. Georgi Kyumyurev 10,Stara Zagora,Bulgaria,12128,grass,https://media.api-sports.io/football/venues/283.png
4074,Stade Omnisports de Bafoussam,"Route de Bamenda, Kouekong, 1er",Bafoussam,Cameroon,20000,grass,https://media.api-sports.io/football/venues/4074.png
308,Stade Omnisport Ahmadou Ahidjo,,Yaoundé,Cameroon,38509,grass,https://media.api-sports.io/football/venues/308.png
4073,Stade Omnisport Roumdé Adjia,Rue du Monseigneur Yves Plumey,Garoua,Cameroon,22000,grass,https://media.api-sports.io/football/venues/4073.png
788,Estadio Tiburcio Carías Andino,"1A Avenida, Barrio Morazán",Tegucigalpa,Honduras,35000,grass,https://media.api-sports.io/football/venues/788.png
1293,Estádio José Alvalade,Rua Professor Fernando da Fonseca,Lisboa,Portugal,50466,grass,https://media.api-sports.io/football/venues/1293.png
1286,Estádio Do Dragão,Via Futebol Clube do Porto,Porto,Portugal,50399,grass,https://media.api-sports.io/football/venues/1286.png
1291,Estádio Municipal de Braga,Avenida do Estádio,Braga,Portugal,30286,grass,https://media.api-sports.io/football/venues/1291.png
10889,Estádio Do Algarve,Parque das Cidades,Almancil,Portugal,30305,grass,https://media.api-sports.io/football/venues/10889.png
1288,Estádio do Rio Ave Futebol Clube,Rua Dona Maria Pães Ribeiro,Vila do Conde,Portugal,12815,grass,https://media.api-sports.io/football/venues/1288.png
1295,Estádio Dom Afonso Henriques,Rua de São Gonçalo 505,Guimarães,Portugal,30165,grass,https://media.api-sports.io/football/venues/1295.png
1275,Estádio Municipal de Arouca,Afonso Pinto Magalhães Valdasna,Arouca,Portugal,7000,grass,https://media.api-sports.io/football/venues/1275.png
2617,Hampden Park,Letherby Drive,Glasgow,Scotland,52500,grass,https://media.api-sports.io/football/venues/2617.png
1403,McDiarmid Park,Crieff Road,Perth,Scotland,10673,grass,https://media.api-sports.io/football/venues/1403.png
1393,Tynecastle Park,Gorgie Road,Edinburgh,Scotland,20099,grass,https://media.api-sports.io/football/venues/1393.png
1386,Celtic Park,18 Kerrydale Street,Glasgow,Scotland,60832,grass,https://media.api-sports.io/football/venues/1386.png
1398,Fir Park,Fir Park Street,Motherwell,Scotland,13742,grass,https://media.api-sports.io/football/venues/1398.png
1401,Ibrox Stadium,150 Edmiston Drive,Glasgow,Scotland,51082,grass,https://media.api-sports.io/football/venues/1401.png
1394,Easter Road Stadium,12 Albion Place,Edinburgh,Scotland,20421,grass,https://media.api-sports.io/football/venues/1394.png
1383,Pittodrie Stadium,Pittodrie Street,Aberdeen,Scotland,22199,grass,https://media.api-sports.io/football/venues/1383.png
2354,Futbalový štadión MFK Ružomberok,Žilinská cesta 21,Ružomberok,Slovakia,5000,grass,https://media.api-sports.io/football/venues/2354.png
11914,Štadión Tehelné pole,"Viktora Tegelhoffa 3, Nové Mesto",Bratislava,Slovakia,30000,grass,https://media.api-sports.io/football/venues/11914.png
7232,Mestský futbalový štadión Dubnica,Športovcov 655,Dubnica nad Váhom,Slovakia,5450,grass,https://media.api-sports.io/football/venues/7232.png
8204,Futbalový štadión Spartak Myjava,Hodžova 261/1,Myjava,Slovakia,2795,grass,https://media.api-sports.io/football/venues/8204.png
18644,Košická futbalová aréna,Pri prachárni 13,Košice,Slovakia,12658,grass,https://media.api-sports.io/football/venues/18644.png
1436,MOL Aréna,Športová 4744,Dunajská Streda,Slovakia,12700,grass,https://media.api-sports.io/football/venues/1436.png
7243,Štadión Pasienky,Junácka 10,Bratislava,Slovakia,13295,grass,https://media.api-sports.io/football/venues/7243.png
1442,Stadion Stožice,,Ljubljana,Slovenia,16432,grass,https://media.api-sports.io/football/venues/1442.png
1440,Športni Park,Kopališka cesta 4,Domžale,Slovenia,3100,grass,https://media.api-sports.io/football/venues/1440.png
3332,Stadion Z'dežele,Opekarniška cesta 15a,Celje,Slovenia,13059,grass,https://media.api-sports.io/football/venues/3332.png
3201,Mestni Štadion Fazanerija,Kopališka ulica 45,Murska Sobota,Slovenia,5400,grass,https://media.api-sports.io/football/venues/3201.png
3336,Športni Park,Bazoviška ulica 4,Nova Gorica,Slovenia,3066,grass,https://media.api-sports.io/football/venues/3336.png
1441,Ljudski vrt,Mladinska ul. 29,Maribor,Slovenia,12994,grass,https://media.api-sports.io/football/venues/1441.png
1944,Riverside Stadium,Carinya Street 90,Queanbeyan,Australia,2000,grass,https://media.api-sports.io/football/venues/1944.png
3901,Estadio Nacional Mateo Flores,11 Avenida,Ciudad de Guatemala,Guatemala,29950,grass,https://media.api-sports.io/football/venues/3901.png
5817,S. Dariaus ir S. Gireno stadionas,,,Lithuania,9180,grass,https://media.api-sports.io/football/venues/5817.png
2654,Klaipėdos m. centrinis stadionas,Sportininkų gatvė 46,Klaipėda,Lithuania,4940,grass,https://media.api-sports.io/football/venues/2654.png
1030,Vilniaus LFF stadionas,Liepkalnio gatvė 13/2,Vilnius,Lithuania,5422,grass,https://media.api-sports.io/football/venues/1030.png
1045,Toše Proeski Arena,Gradski Park bb,Skopje,Macedonia,32580,grass,https://media.api-sports.io/football/venues/1045.png
4658,Stadion Biljanini Izvori,SRC Biljanini Izvori,Ohrid,Macedonia,18000,grass,https://media.api-sports.io/football/venues/4658.png
3502,Estadio Independencia,,Estelí,Nicaragua,4800,grass,https://media.api-sports.io/football/venues/3502.png
393,Estadio Alejandro Morera Soto,Avenida 7,Alajuela,Costa-Rica,17895,grass,https://media.api-sports.io/football/venues/393.png
392,Estadio Nacional de Costa Rica,"Avenida Las Americas, La Sabana",San José,Costa-Rica,35100,grass,https://media.api-sports.io/football/venues/392.png
7578,Stadion im. Qajimuqan Mungaytpasuli,ul. Kenesary,Astana,Kazakhstan,12343,grass,https://media.api-sports.io/football/venues/7578.png
2613,Stade Josy Barthel,"1, rue du Stade",Luxembourg,Luxembourg,8125,grass,https://media.api-sports.io/football/venues/2613.png
1095,Stadion Pod Goricom,ul. Vaka Đurovića bb 2,Podgorica,Montenegro,15230,grass,https://media.api-sports.io/football/venues/1095.png
1098,Stadion Kraj Bistrice,ul. Dragovića Luka bb,Nikšić,Montenegro,6180,grass,https://media.api-sports.io/football/venues/1098.png
2616,Stadio Olimpico di Serravalle,Via Rancaglia,Serravalle,San-Marino,5115,grass,https://media.api-sports.io/football/venues/2616.png
2607,Bakı Olimpiya Stadionu,Boyuk Shor,Baku,Azerbaidjan,68700,grass,https://media.api-sports.io/football/venues/2607.png
158,Şəhər stadionu,34 E. Kərimov,Qəbələ,Azerbaidjan,5000,grass,https://media.api-sports.io/football/venues/158.png
5799,Tofiq Bəhramov adına Respublika stadionu,10 Fatali Khan Khoyski,Baku,Azerbaidjan,31850,grass,https://media.api-sports.io/football/venues/5799.png
3284,Estadio Cuscatlán,Calle Antigua a Huizucar,San Salvador,El-Salvador,45925,grass,https://media.api-sports.io/football/venues/3284.png
411,Stade Félix Houphouët-Boigny,"Boulevard Lagunaire, Le Plateau",Abidjan,Ivory-Coast,45000,grass,https://media.api-sports.io/football/venues/411.png
1153,De Grolsch Veste,Colosseum 65,Enschede,Netherlands,30205,grass,https://media.api-sports.io/football/venues/1153.png
1143,Philips Stadion,Frederiklaan 10,Eindhoven,Netherlands,36500,grass,https://media.api-sports.io/football/venues/1143.png
5821,Amsterdam ArenA,ArenA Boulevard 1,Amsterdam,Netherlands,53052,grass,https://media.api-sports.io/football/venues/5821.png
