model,year,price,transmission,mileage,fuelType,tax,mpg,engineSize
 T-Roc,2019,25000,Automatic,13904,Diesel,145,49.6,2.0
 T-Roc,2019,26883,Automatic,4562,Diesel,145,49.6,2.0
 T-Roc,2019,20000,Manual,7414,Diesel,145,50.4,2.0
 T-Roc,2019,33492,Automatic,4825,Petrol,145,32.5,2.0
 T-Roc,2019,22900,Semi-Auto,6500,Petrol,150,39.8,1.5
 T-Roc,2020,31895,Manual,10,Petrol,145,42.2,1.5
 T-Roc,2020,27895,Manual,10,Petrol,145,42.2,1.5
 T-Roc,2020,39495,Semi-Auto,10,Petrol,145,32.5,2.0
 T-Roc,2019,21995,Manual,10,Petrol,145,44.1,1.0
 T-Roc,2019,23285,Manual,10,Petrol,145,42.2,1.5
 T-Roc,2019,23985,Semi-Auto,10,Petrol,145,39.8,1.5
 T-Roc,2019,23585,Manual,10,Petrol,145,42.2,1.5
 T-Roc,2020,25785,Semi-Auto,10,Petrol,145,39.8,1.5
 T-Roc,2019,23995,Semi-Auto,1069,Petrol,145,39.8,1.5
 T-Roc,2018,17495,Manual,21645,Petrol,145,53.3,1.5
 T-Roc,2018,21495,Manual,16972,Petrol,145,53.3,1.5
 T-Roc,2018,18995,Manual,15100,Petrol,145,44.1,1.0
 T-Roc,2018,18995,Manual,1380,Petrol,150,55.4,1.0
 T-Roc,2019,33785,Semi-Auto,2500,Petrol,145,32.5,2.0
 T-Roc,2020,23790,Semi-Auto,5000,Petrol,145,39.8,1.5
 T-Roc,2019,19995,Manual,12300,Petrol,145,42.2,1.5
 T-Roc,2020,21690,Manual,2500,Petrol,145,44.1,1.0
 T-Roc,2019,23290,Manual,5540,Petrol,145,42.2,1.5
 T-Roc,2019,24790,Manual,3500,Petrol,145,42.2,1.5
 T-Roc,2018,19995,Manual,16251,Petrol,145,53.3,1.5
 T-Roc,2019,20290,Manual,5127,Petrol,145,42.2,1.5
 T-Roc,2019,33990,Semi-Auto,3500,Petrol,145,32.5,2.0
 T-Roc,2018,17685,Manual,22584,Petrol,145,44.1,1.0
 T-Roc,2020,24495,Manual,1955,Diesel,150,50.4,2.0
 T-Roc,2018,17995,Manual,10456,Petrol,150,55.4,1.0
 T-Roc,2020,28290,Semi-Auto,2500,Petrol,145,39.8,1.5
 T-Roc,2018,17495,Manual,6908,Petrol,145,55.4,1.0
 T-Roc,2019,22990,Manual,7216,Diesel,145,50.4,1.6
 T-Roc,2019,22995,Manual,4003,Diesel,145,46.3,2.0
 T-Roc,2019,21498,Manual,5,Diesel,150,50.4,1.6
 T-Roc,2018,17995,Manual,14837,Petrol,145,53.3,1.5
 T-Roc,2018,17995,Manual,14337,Petrol,145,53.3,1.5
 T-Roc,2019,22230,Manual,3392,Diesel,145,50.4,2.0
 T-Roc,2018,18695,Manual,6753,Petrol,145,53.3,1.5
 T-Roc,2019,25990,Semi-Auto,2423,Diesel,145,49.6,2.0
 T-Roc,2018,18695,Manual,6753,Petrol,145,53.3,1.5
 T-Roc,2019,23999,Manual,4224,Petrol,145,42.2,1.5
 T-Roc,2019,24490,Manual,6144,Diesel,145,50.4,2.0
 T-Roc,2019,24490,Manual,5345,Diesel,145,50.4,2.0
 T-Roc,2019,25990,Semi-Auto,4233,Diesel,145,49.6,2.0
 T-Roc,2018,17995,Manual,14837,Petrol,145,53.3,1.5
 T-Roc,2018,17995,Manual,14337,Petrol,145,53.3,1.5
 T-Roc,2019,23999,Semi-Auto,5027,Petrol,145,39.8,1.5
 T-Roc,2019,22230,Manual,3392,Diesel,145,50.4,2.0
 T-Roc,2019,23999,Manual,2520,Petrol,145,42.2,1.5
 T-Roc,2019,36799,Automatic,3028,Petrol,145,32.5,2.0
 T-Roc,2018,22990,Manual,9048,Petrol,145,53.3,1.5
 T-Roc,2018,20995,Manual,7621,Petrol,145,53.3,1.5
 T-Roc,2019,21995,Manual,4387,Diesel,145,50.4,1.6
 T-Roc,2018,17995,Manual,10826,Petrol,150,55.4,1.0
 T-Roc,2018,19450,Manual,10823,Petrol,145,53.3,1.5
 T-Roc,2019,20998,Manual,10,Diesel,145,50.4,1.6
 T-Roc,2020,27990,Manual,322,Diesel,145,50.4,2.0
 T-Roc,2019,22900,Manual,8249,Diesel,145,50.4,1.6
 T-Roc,2018,16990,Manual,33555,Petrol,145,53.3,1.5
 T-Roc,2019,21998,Manual,10,Diesel,145,50.4,2.0
 T-Roc,2019,25990,Semi-Auto,2423,Diesel,145,49.6,2.0
 T-Roc,2019,24490,Manual,6144,Diesel,145,50.4,2.0
 T-Roc,2019,24490,Manual,5345,Diesel,145,50.4,2.0
 T-Roc,2019,25990,Semi-Auto,4233,Diesel,145,49.6,2.0
 T-Roc,2018,18995,Manual,10990,Petrol,145,53.3,1.5
 T-Roc,2018,18495,Manual,10398,Petrol,145,53.3,1.5
 T-Roc,2018,18595,Manual,6482,Diesel,145,50.4,1.6
 T-Roc,2018,17195,Manual,19578,Petrol,145,55.4,1.0
 T-Roc,2019,31995,Semi-Auto,1000,Petrol,145,32.5,2.0
 T-Roc,2019,31995,Semi-Auto,1000,Petrol,145,32.5,2.0
 T-Roc,2018,18595,Manual,6482,Diesel,145,50.4,1.6
 T-Roc,2018,17195,Manual,19578,Petrol,145,55.4,1.0
 T-Roc,2018,18495,Manual,10398,Petrol,145,53.3,1.5
 T-Roc,2018,20498,Manual,21081,Petrol,145,53.3,1.5
 T-Roc,2019,21995,Semi-Auto,1045,Diesel,145,49.6,2.0
 T-Roc,2019,22495,Semi-Auto,3779,Diesel,145,49.6,2.0
 T-Roc,2019,31495,Semi-Auto,1790,Petrol,145,32.5,2.0
 T-Roc,2019,21495,Manual,2000,Petrol,145,42.2,1.5
 T-Roc,2018,18995,Manual,6884,Petrol,145,53.3,1.5
 T-Roc,2019,32998,Semi-Auto,1566,Petrol,150,32.5,2.0
 T-Roc,2019,19798,Manual,10535,Petrol,145,42.2,1.5
 T-Roc,2019,21998,Manual,6187,Diesel,145,50.4,2.0
 T-Roc,2019,19695,Manual,7000,Diesel,145,50.4,1.6
 T-Roc,2019,21998,Manual,6712,Diesel,145,46.3,2.0
 T-Roc,2018,20998,Manual,12043,Petrol,145,53.3,1.5
 T-Roc,2019,21495,Manual,100,Petrol,145,42.2,1.5
 T-Roc,2019,21095,Manual,6000,Diesel,145,50.4,1.6
 T-Roc,2019,24495,Semi-Auto,5773,Diesel,150,49.6,2.0
 T-Roc,2018,19489,Manual,7389,Petrol,145,53.3,1.5
 T-Roc,2018,21489,Manual,16775,Petrol,145,53.3,1.5
 T-Roc,2020,20989,Manual,3800,Diesel,150,50.4,1.6
 T-Roc,2019,19950,Manual,6000,Petrol,145,44.1,1.0
 T-Roc,2019,23950,Manual,4800,Diesel,145,46.3,2.0
 T-Roc,2018,20489,Manual,23385,Diesel,145,56.5,2.0
 T-Roc,2018,20998,Manual,16735,Petrol,145,53.3,1.5
 T-Roc,2018,16995,Manual,30214,Petrol,145,55.4,1.0
 T-Roc,2018,18995,Manual,15307,Petrol,145,53.3,1.5
 T-Roc,2018,18498,Manual,9128,Petrol,145,44.1,1.0
 T-Roc,2019,21498,Manual,14,Diesel,150,50.4,1.6
 T-Roc,2017,11489,Manual,17954,Petrol,150,60.1,1.0
 T-Roc,2019,32998,Semi-Auto,3167,Petrol,145,32.5,2.0
 T-Roc,2018,21991,Manual,9076,Petrol,145,53.3,1.5
 T-Roc,2019,26250,Semi-Auto,1400,Petrol,145,51.4,1.5
 T-Roc,2019,22450,Automatic,5000,Petrol,145,39.8,1.5
 T-Roc,2019,19450,Manual,1689,Diesel,145,50.4,1.6
 T-Roc,2019,21291,Manual,3000,Diesel,145,50.4,2.0
 T-Roc,2019,19950,Manual,5000,Diesel,145,50.4,1.6
 T-Roc,2019,18998,Manual,13697,Petrol,150,44.1,1.0
 T-Roc,2019,22950,Semi-Auto,5000,Petrol,150,39.8,1.5
 T-Roc,2018,17491,Manual,20150,Petrol,145,55.4,1.0
 T-Roc,2018,18250,Manual,8800,Petrol,145,44.1,1.0
 T-Roc,2019,21750,Manual,8325,Diesel,145,50.4,1.6
 T-Roc,2019,21995,Manual,49,Diesel,145,50.4,1.6
 T-Roc,2019,22250,Manual,5876,Diesel,145,50.4,1.6
 T-Roc,2019,22995,Manual,2966,Diesel,145,50.4,2.0
 T-Roc,2019,28495,Automatic,2150,Petrol,145,34.5,2.0
 T-Roc,2018,16975,Manual,18151,Petrol,145,55.4,1.0
 T-Roc,2019,21495,Manual,461,Diesel,145,50.4,1.6
 T-Roc,2018,19495,Manual,8350,Petrol,145,55.4,1.0
 T-Roc,2019,23070,Manual,9999,Diesel,145,50.4,1.6
 T-Roc,2019,22691,Manual,5511,Diesel,145,46.3,2.0
 T-Roc,2018,18591,Manual,7512,Petrol,145,55.4,1.0
 T-Roc,2019,22495,Manual,2974,Diesel,145,50.4,2.0
 T-Roc,2019,22995,Automatic,6362,Diesel,145,49.6,2.0
 T-Roc,2019,21495,Manual,3014,Diesel,145,50.4,1.6
 T-Roc,2019,21495,Manual,4417,Diesel,145,50.4,1.6
 T-Roc,2019,23995,Semi-Auto,4112,Diesel,150,49.6,2.0
 T-Roc,2018,21495,Manual,13750,Diesel,150,50.4,1.6
 T-Roc,2017,13995,Manual,20706,Petrol,0,65.7,1.0
 T-Roc,2020,26995,Semi-Auto,2964,Petrol,150,39.8,1.5
 T-Roc,2018,17995,Manual,20961,Petrol,145,55.4,1.0
 T-Roc,2018,21995,Manual,9898,Petrol,145,53.3,1.5
 T-Roc,2018,20500,Manual,14505,Diesel,145,56.5,2.0
 T-Roc,2019,23499,Manual,1647,Petrol,145,42.2,1.5
 T-Roc,2019,20995,Manual,4000,Diesel,145,50.4,2.0
 T-Roc,2018,16999,Manual,11657,Petrol,145,55.4,1.0
 T-Roc,2018,21495,Manual,5215,Petrol,145,53.3,1.5
 T-Roc,2020,20995,Manual,4000,Petrol,145,42.2,1.5
 T-Roc,2018,19995,Semi-Auto,20709,Petrol,150,52.3,1.5
 T-Roc,2018,17999,Manual,6400,Petrol,150,55.4,1.0
 T-Roc,2020,21999,Manual,5000,Petrol,145,42.2,1.5
 T-Roc,2018,19995,Manual,23975,Petrol,145,53.3,1.5
 T-Roc,2018,18990,Manual,15220,Diesel,150,56.5,2.0
 T-Roc,2018,22995,Semi-Auto,18023,Petrol,150,41.5,2.0
 T-Roc,2018,17995,Manual,18080,Petrol,145,55.4,1.0
 T-Roc,2019,20995,Manual,5102,Diesel,145,50.4,2.0
 T-Roc,2020,21995,Manual,5120,Diesel,145,50.4,1.6
 T-Roc,2019,17999,Manual,8000,Petrol,145,44.1,1.0
 T-Roc,2020,25999,Manual,5000,Petrol,145,44.1,1.5
 T-Roc,2019,21799,Manual,4693,Diesel,145,46.3,2.0
 T-Roc,2018,19999,Manual,20645,Petrol,145,53.3,1.5
 T-Roc,2018,19999,Manual,6108,Petrol,145,53.3,1.5
 T-Roc,2020,20499,Manual,501,Petrol,145,44.1,1.0
 T-Roc,2018,19499,Manual,25380,Diesel,150,56.5,2.0
 T-Roc,2018,20499,Manual,10202,Petrol,145,53.3,1.5
 T-Roc,2018,17999,Manual,23374,Petrol,145,53.3,1.5
 T-Roc,2019,22995,Automatic,5000,Petrol,145,39.8,1.5
 T-Roc,2019,22495,Semi-Auto,2860,Petrol,145,39.8,1.5
 T-Roc,2018,21995,Manual,19476,Petrol,150,42.2,1.5
 T-Roc,2018,17899,Manual,11398,Petrol,145,53.3,1.5
 T-Roc,2018,16999,Manual,8074,Petrol,145,55.4,1.0
 T-Roc,2018,16999,Manual,11877,Petrol,145,55.4,1.0
 T-Roc,2018,16999,Manual,17506,Petrol,145,55.4,1.0
 T-Roc,2020,27499,Semi-Auto,3000,Petrol,145,39.8,1.5
 T-Roc,2018,22798,Semi-Auto,8690,Petrol,145,41.5,2.0
 T-Roc,2018,18999,Manual,21800,Petrol,145,53.3,1.5
 T-Roc,2019,19995,Manual,4407,Diesel,145,50.4,1.6
 T-Roc,2018,16799,Manual,16817,Petrol,145,55.4,1.0
 T-Roc,2019,27499,Automatic,6000,Diesel,145,49.6,2.0
 T-Roc,2018,21495,Manual,9287,Petrol,145,53.3,1.5
 T-Roc,2018,19995,Manual,9600,Petrol,150,53.3,1.5
 T-Roc,2019,21495,Manual,5032,Diesel,145,50.4,2.0
 T-Roc,2018,16999,Manual,14058,Petrol,145,44.1,1.0
 T-Roc,2018,23799,Semi-Auto,6532,Petrol,145,41.5,2.0
 T-Roc,2019,21290,Manual,1780,Diesel,145,50.4,1.6
 T-Roc,2018,19290,Manual,2750,Petrol,145,53.3,1.5
 T-Roc,2020,26000,Manual,10,Petrol,145,44.1,1.5
 T-Roc,2019,19445,Manual,11372,Diesel,150,50.4,1.6
 T-Roc,2018,16899,Manual,20010,Petrol,145,44.1,1.0
 T-Roc,2018,19800,Manual,24093,Petrol,145,53.3,1.5
 T-Roc,2018,17499,Manual,14944,Petrol,145,53.3,1.5
 T-Roc,2018,20199,Manual,12506,Petrol,145,53.3,1.5
 T-Roc,2020,35099,Semi-Auto,1376,Petrol,145,32.5,2.0
 T-Roc,2018,19299,Manual,16077,Petrol,145,53.3,1.5
 T-Roc,2018,17299,Manual,18533,Petrol,145,55.4,1.0
 T-Roc,2018,16499,Manual,19619,Petrol,145,44.1,1.0
 T-Roc,2019,29699,Automatic,8000,Petrol,145,32.5,2.0
 T-Roc,2018,17499,Manual,16453,Petrol,145,44.1,1.0
 T-Roc,2018,25995,Semi-Auto,5756,Petrol,150,41.5,2.0
 T-Roc,2019,18998,Manual,6067,Petrol,150,44.1,1.0
 T-Roc,2018,21490,Semi-Auto,20500,Petrol,145,53.3,1.5
 T-Roc,2020,29750,Semi-Auto,2000,Diesel,150,49.6,2.0
 T-Roc,2018,17250,Manual,7942,Petrol,150,55.4,1.0
 T-Roc,2019,19995,Manual,9739,Petrol,150,42.2,1.5
 T-Roc,2019,19495,Manual,5309,Petrol,150,44.1,1.0
 T-Roc,2019,19995,Manual,12828,Petrol,150,42.2,1.5
 T-Roc,2019,18995,Manual,13557,Diesel,145,50.4,1.6
 T-Roc,2019,22795,Manual,4852,Diesel,150,50.4,1.6
 T-Roc,2018,20295,Manual,10467,Petrol,145,53.3,1.5
 T-Roc,2019,24995,Semi-Auto,6588,Diesel,145,49.6,2.0
 T-Roc,2018,21495,Manual,9287,Petrol,145,53.3,1.5
 T-Roc,2018,18281,Manual,34414,Petrol,150,53.3,1.5
 T-Roc,2019,21095,Manual,3500,Petrol,145,42.2,1.5
 T-Roc,2018,19961,Manual,26736,Petrol,145,53.3,1.5
 T-Roc,2018,18232,Manual,17693,Petrol,145,55.4,1.0
 T-Roc,2019,29690,Automatic,7988,Petrol,145,32.5,2.0
 T-Roc,2020,24490,Manual,2243,Petrol,145,44.1,1.5
 T-Roc,2020,24250,Manual,2000,Diesel,145,50.4,1.6
 T-Roc,2020,26450,Semi-Auto,2000,Petrol,145,39.8,1.5
 T-Roc,2019,23995,Manual,4116,Petrol,145,42.2,1.5
 T-Roc,2018,17657,Manual,3579,Petrol,145,55.4,1.0
 T-Roc,2019,18500,Manual,7102,Diesel,145,50.4,1.6
 T-Roc,2020,26000,Manual,2000,Petrol,145,42.2,1.5
 T-Roc,2018,23995,Semi-Auto,11273,Petrol,145,51.4,1.5
 T-Roc,2020,22490,Manual,3555,Diesel,145,50.4,2.0
 T-Roc,2019,25196,Semi-Auto,5221,Diesel,145,49.6,2.0
 T-Roc,2020,27995,Semi-Auto,375,Petrol,145,39.8,1.5
 T-Roc,2019,20891,Manual,4489,Diesel,145,50.4,1.6
 T-Roc,2019,20995,Manual,21599,Diesel,145,50.4,1.6
 T-Roc,2018,17742,Manual,25311,Petrol,145,53.3,1.5
 T-Roc,2018,20492,Manual,19235,Petrol,145,53.3,1.5
 T-Roc,2019,22791,Automatic,4296,Diesel,145,50.4,2.0
 T-Roc,2019,32490,Automatic,9475,Petrol,145,32.5,2.0
 T-Roc,2019,22380,Manual,9868,Diesel,145,50.4,1.6
 T-Roc,2018,17941,Manual,17521,Petrol,150,55.4,1.0
 T-Roc,2020,21230,Manual,1897,Petrol,145,44.1,1.0
 T-Roc,2019,19690,Manual,8350,Diesel,145,50.4,1.6
 T-Roc,2019,32350,Automatic,100,Petrol,145,32.5,2.0
 T-Roc,2019,20500,Manual,100,Diesel,145,50.4,2.0
 T-Roc,2020,34995,Semi-Auto,2000,Petrol,150,32.5,2.0
 T-Roc,2019,20495,Manual,5829,Petrol,145,42.2,1.5
 T-Roc,2018,17000,Manual,12894,Petrol,150,44.1,1.0
 T-Roc,2018,17950,Manual,18200,Petrol,150,53.3,1.5
 T-Roc,2020,25680,Manual,295,Petrol,145,42.2,1.5
 T-Roc,2020,25500,Manual,3000,Petrol,145,44.1,1.5
 T-Roc,2018,19042,Manual,11713,Petrol,145,53.3,1.5
 T-Roc,2019,23740,Automatic,5157,Diesel,145,50.4,2.0
 T-Roc,2019,32290,Automatic,3146,Petrol,145,32.5,2.0
 T-Roc,2019,20991,Manual,2520,Diesel,145,50.4,1.6
 T-Roc,2019,22836,Manual,5224,Diesel,145,50.4,1.6
 T-Roc,2019,23995,Manual,2819,Petrol,145,42.2,1.5
 T-Roc,2020,25490,Manual,1713,Petrol,145,44.1,1.5
 T-Roc,2019,29236,Semi-Auto,2339,Petrol,145,34.5,2.0
 T-Roc,2019,19892,Manual,9500,Petrol,150,42.2,1.5
 T-Roc,2018,18952,Manual,10977,Petrol,145,44.1,1.0
 T-Roc,2018,21412,Manual,11721,Petrol,145,53.3,1.5
 T-Roc,2020,27207,Semi-Auto,796,Petrol,145,39.8,1.5
 T-Roc,2020,27507,Semi-Auto,2051,Petrol,145,39.8,1.5
 T-Roc,2019,22206,Manual,2344,Diesel,145,46.3,2.0
 T-Roc,2019,22026,Manual,6230,Diesel,145,46.3,2.0
 T-Roc,2019,18998,Manual,11833,Petrol,150,44.1,1.0
 T-Roc,2019,22262,Manual,2030,Diesel,145,46.3,2.0
 T-Roc,2019,29100,Automatic,12400,Petrol,145,34.5,2.0
 T-Roc,2019,20990,Manual,20124,Diesel,145,50.4,1.6
 T-Roc,2019,25990,Manual,10986,Diesel,145,50.4,2.0
 T-Roc,2018,15752,Manual,10800,Petrol,145,55.4,1.0
 T-Roc,2019,27291,Semi-Auto,3381,Diesel,150,49.6,2.0
 T-Roc,2019,23340,Manual,4530,Diesel,150,50.4,2.0
 T-Roc,2019,20790,Manual,25,Diesel,145,50.4,1.6
 T-Roc,2020,26995,Semi-Auto,6500,Petrol,145,39.8,1.5
 T-Roc,2018,20291,Manual,23195,Petrol,145,53.3,1.5
 T-Roc,2019,20491,Manual,10,Diesel,145,50.4,1.6
 T-Roc,2019,21490,Manual,110,Diesel,145,50.4,2.0
 T-Roc,2019,20490,Manual,10,Diesel,145,50.4,1.6
 T-Roc,2019,20990,Manual,111,Diesel,145,50.4,2.0
 T-Roc,2019,23990,Manual,110,Diesel,145,46.3,2.0
 T-Roc,2019,31991,Semi-Auto,9366,Petrol,145,32.5,2.0
 T-Roc,2019,20990,Manual,100,Diesel,145,50.4,2.0
 T-Roc,2019,22950,Manual,2694,Diesel,145,50.4,2.0
 T-Roc,2019,23490,Manual,6222,Diesel,145,50.4,2.0
 T-Roc,2019,34991,Automatic,10824,Petrol,145,32.5,2.0
 T-Roc,2019,32998,Automatic,3404,Petrol,145,32.5,2.0
 T-Roc,2020,25790,Semi-Auto,1208,Diesel,145,50.4,2.0
 T-Roc,2019,19090,Manual,6315,Diesel,145,50.4,2.0
 T-Roc,2019,23715,Semi-Auto,1867,Petrol,145,39.8,1.5
 T-Roc,2020,24590,Manual,22462,Diesel,145,50.4,2.0
 T-Roc,2020,24999,Semi-Auto,1165,Diesel,145,50.4,2.0
 T-Roc,2019,24549,Automatic,6737,Diesel,145,50.4,2.0
 T-Roc,2019,21229,Manual,50,Diesel,145,50.4,2.0
 T-Roc,2019,21229,Manual,50,Diesel,145,50.4,2.0
 T-Roc,2019,21229,Manual,50,Diesel,145,50.4,2.0
 T-Roc,2020,23590,Manual,2920,Diesel,145,50.4,2.0
 T-Roc,2019,22471,Manual,5794,Diesel,145,50.4,2.0
 T-Roc,2019,22410,Semi-Auto,5528,Petrol,145,39.8,1.5
 T-Roc,2019,24491,Semi-Auto,4121,Diesel,150,49.6,2.0
 T-Roc,2019,24291,Semi-Auto,6830,Diesel,150,49.6,2.0
 T-Roc,2019,25491,Semi-Auto,6770,Diesel,150,49.6,2.0
 T-Roc,2018,17499,Manual,13500,Petrol,150,44.1,1.0
 T-Roc,2019,31091,Semi-Auto,5987,Petrol,145,32.5,2.0
 T-Roc,2019,24491,Semi-Auto,7445,Diesel,145,50.4,2.0
 T-Roc,2019,23591,Semi-Auto,3497,Petrol,145,39.8,1.5
 T-Roc,2019,21191,Manual,2987,Diesel,145,46.3,2.0
 T-Roc,2019,21691,Manual,7054,Diesel,145,46.3,2.0
 T-Roc,2019,33000,Semi-Auto,2515,Petrol,145,32.5,2.0
 T-Roc,2020,32995,Semi-Auto,2000,Petrol,150,32.5,2.0
 T-Roc,2019,25995,Semi-Auto,5250,Petrol,150,39.8,1.5
 T-Roc,2019,25542,Semi-Auto,2507,Petrol,145,39.8,1.5
 T-Roc,2019,18995,Manual,15996,Petrol,150,44.1,1.0
 T-Roc,2018,19995,Manual,6165,Petrol,150,53.3,1.5
 T-Roc,2018,17995,Manual,12850,Petrol,145,55.4,1.0
 T-Roc,2019,20995,Manual,12000,Diesel,150,50.4,1.6
 T-Roc,2019,17495,Manual,5500,Diesel,150,50.4,1.6
 T-Roc,2018,17400,Manual,15239,Petrol,145,55.4,1.0
 T-Roc,2020,19541,Manual,4822,Diesel,145,51.4,1.6
 T-Roc,2019,21290,Manual,5599,Diesel,145,50.4,2.0
 T-Roc,2019,21990,Semi-Auto,6992,Diesel,150,49.6,2.0
 T-Roc,2019,22940,Manual,5211,Diesel,150,50.4,2.0
 T-Roc,2019,21991,Manual,3500,Petrol,145,53.3,1.5
 T-Roc,2019,22990,Manual,3254,Diesel,150,50.4,2.0
 T-Roc,2020,24990,Manual,2000,Petrol,145,44.1,1.5
 T-Roc,2018,23750,Automatic,12188,Petrol,145,41.5,2.0
 T-Roc,2018,19190,Manual,35100,Petrol,145,53.3,1.5
 T-Roc,2020,26790,Semi-Auto,3500,Diesel,145,49.6,2.0
 T-Roc,2019,32990,Automatic,5195,Petrol,145,32.5,2.0
 T-Roc,2018,18990,Manual,9922,Petrol,145,53.3,1.5
 T-Roc,2019,21676,Manual,3720,Diesel,145,46.3,2.0
 T-Roc,2018,18791,Manual,9000,Diesel,150,50.4,1.6
 T-Roc,2018,18491,Manual,15597,Petrol,150,53.3,1.5
 T-Roc,2020,24490,Manual,799,Petrol,145,44.1,1.5
 T-Roc,2018,21092,Manual,17588,Petrol,145,53.3,1.5
 T-Roc,2019,20490,Manual,73,Diesel,145,50.4,2.0
 T-Roc,2019,33074,Semi-Auto,1409,Petrol,145,32.5,2.0
 T-Roc,2019,27201,Semi-Auto,1293,Petrol,145,39.8,1.5
 T-Roc,2018,21401,Manual,8000,Petrol,150,53.3,1.5
 T-Roc,2019,22501,Manual,4045,Diesel,145,50.4,2.0
 T-Roc,2019,23390,Manual,3500,Petrol,145,42.2,1.5
 T-Roc,2019,24990,Automatic,187,Diesel,145,49.6,2.0
 T-Roc,2020,25990,Manual,3500,Petrol,145,42.2,1.5
 T-Roc,2019,23995,Semi-Auto,15134,Petrol,145,39.8,1.5
 T-Roc,2019,22065,Manual,3886,Diesel,145,50.4,2.0
 T-Roc,2019,24750,Semi-Auto,5497,Diesel,150,49.6,2.0
 T-Roc,2019,25000,Semi-Auto,5812,Diesel,150,49.6,2.0
 T-Roc,2019,26500,Semi-Auto,1986,Petrol,145,39.8,1.5
 T-Roc,2018,17250,Manual,12894,Petrol,145,44.1,1.0
 T-Roc,2020,35000,Semi-Auto,2000,Petrol,150,32.5,2.0
 T-Roc,2020,25500,Manual,2000,Petrol,145,42.2,1.5
 T-Roc,2019,20912,Manual,6608,Diesel,145,50.4,1.6
 T-Roc,2018,22500,Automatic,10424,Petrol,145,41.5,2.0
 T-Roc,2020,22495,Manual,4,Diesel,145,50.4,1.6
 T-Roc,2018,19998,Semi-Auto,11941,Petrol,145,52.3,1.5
 T-Roc,2019,20906,Manual,2681,Diesel,145,50.4,1.6
 T-Roc,2019,21995,Manual,14685,Diesel,150,50.4,1.6
 T-Roc,2019,30490,Automatic,1278,Petrol,145,34.5,2.0
 T-Roc,2019,32990,Automatic,8045,Petrol,145,32.5,2.0
 T-Roc,2019,22625,Manual,3744,Diesel,145,46.3,2.0
 T-Roc,2019,22791,Automatic,4064,Diesel,145,50.4,2.0
 T-Roc,2019,20500,Manual,8666,Diesel,145,50.4,1.6
 T-Roc,2019,23490,Automatic,5309,Petrol,145,39.8,1.5
 T-Roc,2019,20225,Manual,10375,Diesel,145,50.4,1.6
 T-Roc,2019,22150,Manual,50,Petrol,145,42.2,1.5
 T-Roc,2019,22390,Manual,3633,Diesel,145,50.4,1.6
 T-Roc,2018,20995,Manual,6389,Petrol,145,42.2,1.5
 T-Roc,2019,22990,Manual,4637,Diesel,145,50.4,1.6
 T-Roc,2018,16995,Manual,13996,Petrol,145,55.4,1.0
 T-Roc,2020,26490,Semi-Auto,12343,Petrol,150,39.8,1.5
 T-Roc,2018,16995,Manual,14276,Petrol,150,55.4,1.0
 T-Roc,2018,17995,Manual,16458,Diesel,150,50.4,1.6
 T-Roc,2019,24995,Manual,5552,Diesel,145,50.4,2.0
 T-Roc,2018,19995,Manual,7968,Diesel,145,50.4,1.6
 T-Roc,2019,30995,Automatic,1000,Petrol,145,32.5,2.0
 T-Roc,2018,18490,Manual,18490,Petrol,145,55.4,1.0
 T-Roc,2019,22495,Semi-Auto,2513,Diesel,145,49.6,2.0
 T-Roc,2018,22490,Semi-Auto,23123,Petrol,150,51.4,1.5
 T-Roc,2019,18495,Manual,9087,Diesel,145,50.4,1.6
 T-Roc,2020,25495,Manual,1000,Petrol,145,42.2,1.5
 T-Roc,2019,22900,Manual,5000,Diesel,145,50.4,2.0
 T-Roc,2018,19595,Manual,8554,Diesel,145,50.4,1.6
 T-Roc,2018,18900,Manual,22930,Petrol,145,53.3,1.5
 T-Roc,2019,22474,Semi-Auto,6687,Petrol,145,39.8,1.5
 T-Roc,2020,19644,Manual,13952,Petrol,150,44.1,1.0
 T-Roc,2018,18900,Manual,11877,Petrol,145,55.4,1.0
 T-Roc,2019,19987,Manual,4987,Diesel,145,50.4,1.6
 T-Roc,2019,19697,Manual,2000,Diesel,145,50.4,1.6
 T-Roc,2019,21128,Manual,2000,Diesel,145,50.4,2.0
 T-Roc,2018,17771,Manual,18849,Petrol,150,55.4,1.0
 T-Roc,2018,20995,Semi-Auto,35624,Petrol,145,51.4,1.5
 T-Roc,2018,22052,Automatic,6012,Petrol,145,39.8,1.5
 T-Roc,2019,22446,Semi-Auto,3387,Petrol,145,39.8,1.5
 T-Roc,2019,32990,Automatic,7671,Petrol,145,32.5,2.0
 T-Roc,2018,17551,Manual,13431,Petrol,150,55.4,1.0
 T-Roc,2019,21990,Manual,3244,Petrol,145,42.2,1.5
 T-Roc,2019,19490,Manual,5262,Petrol,145,44.1,1.0
 T-Roc,2019,20990,Manual,4360,Diesel,145,50.4,1.6
 T-Roc,2019,22990,Semi-Auto,2966,Petrol,145,39.8,1.5
 T-Roc,2019,21490,Manual,4532,Petrol,145,42.2,1.5
 T-Roc,2020,29990,Semi-Auto,2503,Petrol,145,34.5,2.0
 T-Roc,2019,26490,Semi-Auto,3037,Petrol,150,39.8,1.5
 T-Roc,2019,20990,Manual,10,Diesel,145,50.4,2.0
 T-Roc,2019,20990,Manual,3080,Diesel,145,50.4,1.6
 T-Roc,2019,22330,Manual,8028,Diesel,145,50.4,1.6
 T-Roc,2018,22499,Semi-Auto,14399,Petrol,150,39.8,1.5
 T-Roc,2018,20950,Manual,11000,Diesel,150,56.5,2.0
 T-Roc,2019,19817,Manual,2023,Diesel,145,50.4,1.6
 T-Roc,2018,18995,Manual,21065,Petrol,145,53.3,1.5
 T-Roc,2020,25450,Manual,1000,Petrol,150,44.1,1.5
 T-Roc,2020,31850,Semi-Auto,3000,Petrol,145,34.5,2.0
 T-Roc,2020,38990,Semi-Auto,2000,Petrol,145,32.5,2.0
 T-Roc,2020,28990,Semi-Auto,3000,Petrol,145,39.8,1.5
 T-Roc,2018,19750,Manual,23299,Petrol,145,53.3,1.5
 T-Roc,2019,19350,Manual,4388,Petrol,145,44.1,1.0
 T-Roc,2018,23000,Semi-Auto,584,Petrol,150,41.5,2.0
 T-Roc,2018,18990,Manual,14000,Petrol,145,55.4,1.0
 T-Roc,2019,20490,Manual,9500,Diesel,145,50.4,1.6
 T-Roc,2019,21498,Manual,5075,Diesel,145,46.3,2.0
 T-Roc,2019,24500,Semi-Auto,760,Petrol,150,39.8,1.5
 T-Roc,2020,22990,Manual,10,Petrol,145,42.2,1.5
 T-Roc,2019,18990,Manual,4339,Petrol,145,44.1,1.0
 T-Roc,2019,25450,Automatic,3826,Petrol,145,39.8,1.5
 T-Roc,2019,19790,Manual,3845,Diesel,145,50.4,1.6
 T-Roc,2020,20490,Manual,3000,Petrol,150,44.1,1.0
 T-Roc,2017,15290,Semi-Auto,12382,Petrol,150,58.9,1.5
 T-Roc,2019,24990,Manual,6439,Diesel,150,46.3,2.0
 T-Roc,2019,18990,Manual,9378,Diesel,145,50.4,1.6
 T-Roc,2019,31990,Automatic,3548,Petrol,145,32.5,2.0
 T-Roc,2020,20990,Manual,5311,Petrol,145,44.1,1.0
 T-Roc,2019,19990,Manual,4646,Diesel,145,50.4,1.6
 T-Roc,2019,19495,Manual,3757,Diesel,145,50.4,1.6
 T-Roc,2018,16990,Manual,24301,Petrol,145,55.4,1.0
 T-Roc,2020,25480,Manual,5,Petrol,150,44.1,1.5
 T-Roc,2019,24290,Semi-Auto,5028,Petrol,150,39.8,1.5
 T-Roc,2019,21290,Manual,4809,Petrol,145,42.2,1.5
 T-Roc,2020,27490,Manual,3001,Petrol,145,42.2,1.5
 T-Roc,2020,22490,Manual,4926,Diesel,145,50.4,2.0
 T-Roc,2020,21990,Manual,100,Petrol,145,44.1,1.0
 T-Roc,2019,24690,Semi-Auto,4956,Diesel,145,49.6,2.0
 T-Roc,2019,22595,Manual,5317,Diesel,145,46.3,2.0
 T-Roc,2018,19995,Manual,13168,Petrol,145,44.1,1.0
 T-Roc,2020,19995,Manual,4645,Diesel,150,50.4,1.6
 T-Roc,2019,20495,Manual,99,Petrol,145,44.1,1.0
 T-Roc,2019,20250,Manual,43,Diesel,145,50.4,1.6
 T-Roc,2019,18790,Manual,3803,Petrol,150,44.1,1.0
 T-Roc,2019,22990,Semi-Auto,3477,Petrol,150,39.8,1.5
 T-Roc,2018,17990,Manual,22357,Petrol,150,53.3,1.5
 T-Roc,2020,24233,Manual,5433,Petrol,150,44.1,1.5
 T-Roc,2019,19680,Manual,2400,Diesel,145,50.4,1.6
 T-Roc,2020,25480,Manual,5,Petrol,145,42.2,1.5
 T-Roc,2018,22990,Semi-Auto,6240,Petrol,150,41.5,2.0
 T-Roc,2019,23490,Manual,5814,Diesel,145,50.4,2.0
 T-Roc,2019,24990,Semi-Auto,5527,Diesel,145,49.6,2.0
 T-Roc,2019,23690,Manual,5274,Diesel,145,50.4,2.0
 T-Roc,2019,24990,Semi-Auto,3037,Diesel,150,49.6,2.0
 T-Roc,2019,23990,Manual,4799,Diesel,150,50.4,2.0
 T-Roc,2020,25500,Manual,1690,Petrol,145,44.1,1.5
 T-Roc,2019,24990,Semi-Auto,2108,Diesel,150,49.6,2.0
 T-Roc,2019,24990,Semi-Auto,3181,Diesel,150,49.6,2.0
 T-Roc,2018,23425,Semi-Auto,18610,Petrol,145,41.5,2.0
 T-Roc,2019,23980,Manual,3916,Diesel,145,50.4,2.0
 T-Roc,2019,23690,Semi-Auto,4281,Diesel,150,49.6,2.0
 T-Roc,2019,19290,Manual,4722,Diesel,145,50.4,1.6
 T-Roc,2019,24650,Semi-Auto,44,Petrol,145,39.8,1.5
 T-Roc,2019,21950,Manual,18,Petrol,145,42.2,1.5
 T-Roc,2019,31950,Automatic,5000,Petrol,145,32.5,2.0
 T-Roc,2019,21450,Manual,1363,Petrol,145,42.2,1.5
 T-Roc,2019,22650,Semi-Auto,3802,Petrol,145,39.8,1.5
 T-Roc,2019,23150,Automatic,50,Petrol,145,39.8,1.5
 T-Roc,2019,22250,Manual,5000,Petrol,145,44.1,1.0
 T-Roc,2019,21650,Manual,2397,Diesel,145,50.4,1.6
 T-Roc,2018,19450,Manual,10468,Diesel,145,50.4,1.6
 T-Roc,2019,27500,Manual,5000,Petrol,145,42.2,1.5
 T-Roc,2019,33450,Automatic,2425,Petrol,145,32.5,2.0
 T-Roc,2018,20750,Semi-Auto,5113,Petrol,145,39.8,1.5
 T-Roc,2019,19750,Manual,7000,Petrol,145,42.2,1.5
 T-Roc,2019,23450,Semi-Auto,7000,Petrol,145,39.8,1.5
 T-Roc,2018,23491,Semi-Auto,14727,Petrol,145,41.5,2.0
 T-Roc,2018,20950,Manual,11146,Petrol,145,53.3,1.5
 T-Roc,2019,20750,Manual,7000,Petrol,145,42.2,1.5
 T-Roc,2019,17950,Manual,6902,Diesel,145,50.4,1.6
 T-Roc,2019,18750,Manual,7000,Diesel,145,50.4,1.6
 T-Roc,2020,30991,Semi-Auto,1343,Petrol,145,34.5,2.0
 T-Roc,2019,22991,Manual,5000,Petrol,145,42.2,1.5
 T-Roc,2019,22991,Manual,2000,Petrol,145,42.2,1.5
 T-Roc,2018,23450,Semi-Auto,6542,Petrol,150,51.4,1.5
 T-Roc,2019,20182,Manual,171,Petrol,145,44.1,1.0
 T-Roc,2019,20490,Manual,3325,Petrol,145,42.2,1.5
 T-Roc,2019,26590,Semi-Auto,10597,Petrol,145,39.8,1.5
 T-Roc,2018,17490,Manual,22113,Petrol,145,55.4,1.0
 T-Roc,2018,16790,Manual,26725,Petrol,145,55.4,1.0
 T-Roc,2018,19980,Manual,15034,Diesel,145,56.5,2.0
 T-Roc,2019,19980,Manual,2000,Diesel,145,50.4,1.6
 T-Roc,2020,26480,Semi-Auto,4,Petrol,145,39.8,1.5
 T-Roc,2020,25980,Manual,5,Petrol,145,42.2,1.5
 T-Roc,2020,24980,Manual,25,Petrol,145,44.1,1.5
 T-Roc,2019,31000,Automatic,2500,Petrol,145,32.5,2.0
 T-Roc,2018,17750,Manual,19300,Petrol,145,55.4,1.0
 T-Roc,2019,23000,Manual,2500,Diesel,145,50.4,2.0
 T-Roc,2018,16490,Manual,23494,Petrol,150,55.4,1.0
 T-Roc,2019,25990,Semi-Auto,7999,Petrol,150,39.8,1.5
 T-Roc,2019,23490,Semi-Auto,4455,Diesel,145,49.6,2.0
 T-Roc,2018,20990,Manual,9275,Petrol,145,53.3,1.5
 T-Roc,2018,17290,Manual,18561,Petrol,145,44.1,1.0
 T-Roc,2018,17490,Manual,16999,Petrol,145,44.1,1.0
 T-Roc,2019,22990,Semi-Auto,3831,Diesel,145,49.6,2.0
 T-Roc,2019,25890,Semi-Auto,6487,Petrol,145,39.8,1.5
 T-Roc,2019,25990,Semi-Auto,7999,Petrol,150,39.8,1.5
 T-Roc,2019,26990,Semi-Auto,6524,Petrol,145,39.8,1.5
 T-Roc,2019,21490,Manual,4205,Petrol,145,42.2,1.5
 T-Roc,2018,17290,Manual,28263,Petrol,145,44.1,1.0
 T-Roc,2020,20480,Manual,800,Petrol,145,44.1,1.0
 T-Roc,2020,25480,Semi-Auto,1024,Petrol,145,39.8,1.5
 T-Roc,2019,23990,Automatic,12777,Petrol,145,34.5,2.0
 T-Roc,2019,21490,Manual,7052,Petrol,150,42.2,1.5
 T-Roc,2020,22980,Manual,600,Petrol,145,42.2,1.5
 T-Roc,2020,27980,Manual,1000,Petrol,145,42.2,1.5
 T-Roc,2019,19450,Manual,10182,Diesel,145,50.4,1.6
 T-Roc,2019,22490,Manual,9417,Diesel,150,50.4,1.6
 T-Roc,2019,24550,Semi-Auto,100,Petrol,145,39.8,1.5
 T-Roc,2019,22550,Manual,100,Petrol,145,42.2,1.5
 T-Roc,2018,18990,Manual,13375,Diesel,145,50.4,1.6
 T-Roc,2019,26990,Semi-Auto,4977,Diesel,150,49.6,2.0
 T-Roc,2019,20990,Manual,6000,Diesel,145,50.4,2.0
 T-Roc,2019,20990,Manual,6000,Diesel,145,50.4,1.6
 T-Roc,2018,22495,Manual,16716,Petrol,145,53.3,1.5
 T-Roc,2019,23490,Manual,6000,Diesel,145,50.4,1.6
 T-Roc,2020,37145,Semi-Auto,5000,Petrol,145,32.5,2.0
 T-Roc,2018,23495,Manual,12168,Petrol,150,42.2,1.5
 T-Roc,2019,22991,Semi-Auto,5199,Petrol,150,39.8,1.5
 T-Roc,2019,21841,Automatic,154,Diesel,145,50.4,2.0
 T-Roc,2019,21990,Manual,12400,Diesel,145,50.4,1.6
 T-Roc,2020,19990,Manual,1897,Petrol,145,44.1,1.0
 T-Roc,2020,33990,Semi-Auto,1247,Petrol,145,32.5,2.0
 T-Roc,2020,25851,Manual,2114,Petrol,145,42.2,1.5
 T-Roc,2019,34890,Semi-Auto,7260,Petrol,145,32.5,2.0
 T-Roc,2019,20330,Manual,6955,Diesel,145,50.4,1.6
 T-Roc,2019,23880,Semi-Auto,8955,Petrol,145,39.8,1.5
 T-Roc,2020,25310,Manual,3011,Petrol,145,42.2,1.5
 T-Roc,2018,20412,Manual,16169,Petrol,145,53.3,1.5
 T-Roc,2019,19990,Manual,987,Diesel,145,50.4,2.0
 T-Roc,2018,22490,Manual,5242,Petrol,145,53.3,1.5
 T-Roc,2020,29999,Manual,2000,Petrol,150,42.2,1.5
 T-Roc,2019,22420,Manual,6766,Diesel,145,50.4,1.6
 T-Roc,2020,25999,Semi-Auto,2000,Petrol,150,39.8,1.5
 T-Roc,2019,19999,Manual,9110,Diesel,145,50.4,1.6
 T-Roc,2019,22606,Manual,5006,Diesel,145,46.3,2.0
 T-Roc,2019,20999,Manual,5299,Diesel,145,46.3,2.0
 T-Roc,2019,25999,Manual,3658,Diesel,145,46.3,2.0
 T-Roc,2019,20999,Manual,4447,Diesel,145,50.4,1.6
 T-Roc,2019,21121,Manual,249,Diesel,145,50.4,2.0
 T-Roc,2019,20999,Manual,10041,Diesel,150,50.4,1.6
 T-Roc,2018,21995,Manual,9468,Petrol,145,53.3,1.5
 T-Roc,2019,21990,Semi-Auto,4300,Petrol,145,39.8,1.5
 T-Roc,2020,25750,Manual,576,Petrol,145,42.2,1.5
 T-Roc,2019,32990,Automatic,1500,Petrol,145,32.5,2.0
 T-Roc,2019,19990,Manual,100,Diesel,145,50.4,2.0
 T-Roc,2019,30190,Automatic,3500,Petrol,145,32.5,2.0
 T-Roc,2019,20500,Manual,2512,Diesel,145,50.4,1.6
 T-Roc,2019,18990,Manual,7539,Petrol,150,44.1,1.0
 T-Roc,2019,21000,Manual,50,Diesel,145,50.4,2.0
 T-Roc,2020,21250,Manual,999,Diesel,145,50.4,2.0
 T-Roc,2020,24500,Manual,999,Petrol,145,44.1,1.5
 T-Roc,2018,19290,Manual,15175,Diesel,150,50.4,1.6
 T-Roc,2020,21000,Manual,999,Diesel,145,50.4,1.6
 T-Roc,2020,23750,Semi-Auto,2999,Diesel,145,50.4,2.0
 T-Roc,2018,22990,Semi-Auto,12958,Petrol,150,41.5,2.0
 T-Roc,2018,18490,Manual,5952,Diesel,150,50.4,1.6
 T-Roc,2019,19995,Manual,2980,Diesel,150,50.4,1.6
 T-Roc,2020,21411,Manual,2461,Petrol,150,42.2,1.5
 T-Roc,2020,25291,Manual,1011,Petrol,150,44.1,1.5
 T-Roc,2019,32990,Automatic,1000,Petrol,145,32.5,2.0
 T-Roc,2019,30990,Automatic,8106,Petrol,145,32.5,2.0
 T-Roc,2019,33995,Semi-Auto,4251,Petrol,145,32.5,2.0
 T-Roc,2019,19995,Manual,2500,Diesel,145,50.4,2.0
 T-Roc,2020,29995,Semi-Auto,500,Petrol,145,39.8,1.5
 T-Roc,2020,25495,Manual,1500,Petrol,145,44.1,1.5
 T-Roc,2019,18490,Manual,10505,Petrol,150,44.1,1.0
 T-Roc,2020,23495,Manual,1000,Diesel,150,50.4,2.0
 T-Roc,2019,30495,Semi-Auto,5150,Petrol,150,34.5,2.0
 T-Roc,2019,23495,Semi-Auto,5350,Petrol,150,39.8,1.5
 T-Roc,2019,28995,Semi-Auto,3150,Petrol,145,39.8,1.5
 T-Roc,2020,29991,Semi-Auto,1805,Diesel,150,49.6,2.0
 T-Roc,2019,23490,Semi-Auto,13399,Petrol,150,39.8,1.5
 T-Roc,2020,25490,Manual,2500,Petrol,145,44.1,1.5
 T-Roc,2020,36990,Semi-Auto,2150,Petrol,145,32.5,2.0
 T-Roc,2018,19990,Manual,18297,Petrol,150,53.3,1.5
 T-Roc,2020,37990,Semi-Auto,1429,Petrol,145,32.5,2.0
 T-Roc,2020,24990,Semi-Auto,3000,Petrol,145,39.8,1.5
 T-Roc,2018,24000,Manual,8000,Diesel,145,50.4,1.6
 T-Roc,2018,20990,Manual,10582,Petrol,145,53.3,1.5
 T-Roc,2019,17490,Manual,5981,Diesel,145,50.4,1.6
 T-Roc,2018,19691,Manual,25349,Diesel,150,56.5,2.0
 T-Roc,2019,19290,Manual,6000,Diesel,145,50.4,1.6
 T-Roc,2019,18990,Manual,6000,Diesel,145,50.4,1.6
 T-Roc,2019,20990,Manual,6000,Diesel,145,50.4,2.0
 T-Roc,2019,19990,Manual,4256,Diesel,145,50.4,1.6
 T-Roc,2019,20996,Manual,6000,Diesel,145,50.4,1.6
 T-Roc,2019,34995,Automatic,1117,Petrol,145,32.5,2.0
 T-Roc,2020,21495,Manual,500,Petrol,145,42.2,1.5
 T-Roc,2019,19990,Manual,5000,Petrol,145,42.2,1.5
 T-Roc,2019,22991,Manual,5058,Diesel,145,50.4,1.6
 T-Roc,2019,24990,Manual,15000,Diesel,145,46.3,2.0
 T-Roc,2019,17790,Manual,10450,Diesel,145,50.4,1.6
 T-Roc,2019,32990,Automatic,3000,Petrol,145,32.5,2.0
 T-Roc,2019,22995,Manual,150,Diesel,150,50.4,2.0
 T-Roc,2018,15495,Manual,16000,Petrol,150,55.4,1.0
 T-Roc,2019,17995,Manual,8000,Diesel,145,50.4,1.6
 T-Roc,2019,17995,Manual,12000,Diesel,145,50.4,1.6
 T-Roc,2019,17995,Manual,7000,Diesel,145,50.4,1.6
 T-Roc,2019,24022,Semi-Auto,7768,Diesel,145,49.6,2.0
 T-Roc,2018,19995,Manual,29039,Petrol,150,53.3,1.5
 T-Roc,2020,20999,Manual,1843,Petrol,145,44.1,1.0
 T-Roc,2018,17995,Manual,15701,Petrol,150,55.4,1.0
 T-Roc,2020,40995,Semi-Auto,4000,Petrol,150,32.5,2.0
 T-Roc,2019,19499,Manual,8745,Petrol,145,42.2,1.5
 T-Roc,2019,20995,Manual,3000,Diesel,145,50.4,1.6
 T-Roc,2018,21495,Manual,14521,Petrol,150,42.2,1.5
 T-Roc,2018,21495,Manual,15500,Petrol,150,53.3,1.5
 T-Roc,2020,28995,Semi-Auto,2000,Petrol,145,34.5,2.0
 T-Roc,2020,36995,Semi-Auto,1000,Petrol,145,32.5,2.0
 T-Roc,2020,23795,Manual,4000,Petrol,150,42.2,1.5
 T-Roc,2018,17995,Manual,12000,Petrol,150,55.4,1.0
 T-Roc,2019,32407,Semi-Auto,5000,Petrol,145,32.5,2.0
 T-Roc,2020,26688,Semi-Auto,2364,Diesel,145,49.6,2.0
 T-Roc,2020,40999,Semi-Auto,1500,Petrol,150,32.5,2.0
 T-Roc,2019,20987,Manual,200,Diesel,145,50.4,2.0
 T-Roc,2019,21991,Manual,5156,Petrol,145,42.2,1.5
 T-Roc,2018,17495,Manual,23000,Petrol,145,55.4,1.0
 T-Roc,2020,38950,Semi-Auto,3544,Petrol,150,32.5,2.0
 T-Roc,2019,22491,Manual,6110,Diesel,150,50.4,1.6
 T-Roc,2020,21450,Manual,3972,Petrol,145,42.2,1.5
 T-Roc,2018,20999,Manual,9226,Petrol,145,53.3,1.5
 T-Roc,2019,22950,Manual,4156,Diesel,145,50.4,1.6
 T-Roc,2019,32999,Automatic,5457,Petrol,145,32.5,2.0
 T-Roc,2019,21699,Manual,13637,Diesel,145,46.3,2.0
 T-Roc,2018,19991,Manual,7236,Diesel,150,56.5,2.0
 T-Roc,2019,22995,Semi-Auto,3405,Diesel,145,49.6,2.0
 T-Roc,2020,25990,Automatic,3853,Petrol,145,39.8,1.5
 T-Roc,2020,31990,Semi-Auto,2214,Petrol,145,34.5,2.0
 T-Roc,2019,31500,Semi-Auto,3250,Petrol,145,32.5,2.0
 T-Roc,2019,22500,Semi-Auto,4000,Petrol,145,39.8,1.5
 T-Roc,2019,19990,Manual,1382,Diesel,145,50.4,1.6
 T-Roc,2019,21500,Manual,4515,Diesel,145,50.4,2.0
 T-Roc,2020,23950,Semi-Auto,3000,Petrol,145,39.8,1.5
 T-Roc,2019,18950,Manual,3000,Diesel,145,50.4,1.6
 T-Roc,2018,18950,Manual,4500,Petrol,150,44.1,1.0
 T-Roc,2019,20450,Automatic,8450,Diesel,145,50.4,2.0
 T-Roc,2020,25999,Manual,3000,Petrol,145,42.2,1.5
 T-Roc,2018,16449,Manual,30761,Petrol,145,55.4,1.0
 T-Roc,2020,32500,Semi-Auto,2500,Diesel,145,49.6,2.0
 T-Roc,2018,17300,Manual,17400,Petrol,145,55.4,1.0
 T-Roc,2018,17499,Manual,6955,Petrol,145,55.4,1.0
 T-Roc,2018,16999,Manual,25700,Petrol,150,55.4,1.0
 T-Roc,2020,34999,Automatic,2952,Petrol,150,32.5,2.0
 T-Roc,2020,26499,Manual,1000,Petrol,145,42.2,1.5
 T-Roc,2018,17999,Manual,15000,Petrol,145,55.4,1.0
 T-Roc,2019,19300,Manual,6500,Petrol,145,42.2,1.5
 T-Roc,2018,21399,Manual,7500,Petrol,145,53.3,1.5
 T-Roc,2018,23299,Automatic,11233,Petrol,145,41.5,2.0
 T-Roc,2020,40000,Semi-Auto,3500,Petrol,145,32.5,2.0
 T-Roc,2019,18950,Manual,1893,Petrol,145,44.1,1.0
 T-Roc,2019,22000,Automatic,2009,Petrol,145,39.8,0.0
 T-Roc,2019,23979,Manual,896,Diesel,150,50.4,2.0
 T-Roc,2019,24881,Automatic,1296,Diesel,150,49.6,2.0
 T-Roc,2019,23979,Automatic,3896,Diesel,150,49.6,2.0
 T-Roc,2018,16989,Manual,14452,Petrol,145,55.4,1.0
 T-Roc,2020,27444,Automatic,2256,Diesel,145,49.6,2.0
 T-Roc,2019,22989,Manual,6256,Diesel,145,50.4,1.6
 T-Roc,2020,29989,Automatic,250,Petrol,145,39.8,1.5
 T-Roc,2019,20749,Manual,14933,Petrol,145,42.2,1.5
 T-Roc,2019,18536,Manual,5931,Petrol,145,44.1,1.0
 T-Roc,2019,20690,Manual,5000,Diesel,145,50.4,2.0
 T-Roc,2019,19590,Manual,2000,Diesel,145,50.4,1.6
 T-Roc,2019,23489,Manual,8517,Petrol,150,42.2,1.5
 T-Roc,2019,19990,Manual,11,Diesel,145,51.4,1.6
 T-Roc,2019,18500,Manual,3067,Diesel,145,50.4,1.6
 T-Roc,2018,23000,Automatic,27327,Diesel,145,51.4,0.0
 T-Roc,2018,18200,Manual,16982,Petrol,145,53.3,1.5
 T-Roc,2018,20000,Manual,4789,Petrol,145,53.3,2.0
 T-Roc,2020,18004,Manual,2512,Petrol,145,44.8,1.0
 T-Roc,2020,24825,Automatic,975,Petrol,145,39.8,1.5
 T-Roc,2020,24500,Manual,1000,Petrol,145,44.1,1.5
 T-Roc,2018,17780,Manual,11947,Petrol,150,55.4,1.0
 T-Roc,2019,24469,Automatic,12540,Petrol,145,39.8,1.5
 T-Roc,2020,29950,Manual,1000,Petrol,150,42.2,1.5
 T-Roc,2019,29950,Automatic,6250,Petrol,145,32.5,2.0
 T-Roc,2018,21450,Manual,14793,Petrol,145,53.3,1.5
 T-Roc,2019,24990,Manual,7105,Petrol,150,42.2,1.5
 T-Roc,2018,17490,Manual,18999,Petrol,150,44.1,1.0
 T-Roc,2019,20480,Manual,4411,Diesel,145,50.4,2.0
 T-Roc,2018,19490,Manual,6252,Petrol,145,53.3,1.5
 T-Roc,2018,19940,Manual,26507,Petrol,145,53.3,1.5
 T-Roc,2018,16870,Manual,13988,Petrol,150,55.4,1.0
 T-Roc,2018,17230,Manual,16731,Petrol,150,55.4,1.0
 T-Roc,2018,17307,Manual,16884,Petrol,150,55.4,1.0
 T-Roc,2020,27295,Automatic,2317,Diesel,145,49.6,2.0
 T-Roc,2019,20995,Automatic,6000,Petrol,145,39.8,1.5
 T-Roc,2018,18995,Manual,5000,Petrol,145,55.4,1.0
 T-Roc,2018,22990,Manual,10500,Petrol,150,53.3,1.5
 T-Roc,2020,28990,Automatic,1000,Petrol,150,39.8,1.5
 T-Roc,2018,23490,Manual,20500,Petrol,145,53.3,1.5
 T-Roc,2018,22790,Automatic,27000,Petrol,145,41.5,2.0
 T-Roc,2020,25990,Manual,10,Petrol,145,44.1,1.5
 T-Roc,2018,18990,Manual,16530,Petrol,145,53.3,1.5
 T-Roc,2020,24490,Manual,381,Petrol,150,42.2,1.5
 T-Roc,2018,21290,Manual,23012,Petrol,145,53.3,1.5
 T-Roc,2018,19490,Manual,20307,Petrol,145,53.3,1.5
 T-Roc,2020,26750,Automatic,2420,Diesel,145,49.6,2.0
 T-Roc,2019,32990,Automatic,7651,Petrol,145,32.5,2.0
 T-Roc,2018,18699,Manual,15042,Petrol,145,53.3,1.5
 T-Roc,2020,25490,Automatic,3107,Diesel,145,49.6,2.0
 T-Roc,2019,21890,Manual,2500,Diesel,145,50.4,2.0
 T-Roc,2019,31000,Automatic,5502,Petrol,145,32.5,2.0
 T-Roc,2019,20950,Manual,6225,Diesel,145,46.3,2.0
 T-Roc,2018,18199,Manual,15498,Petrol,145,55.4,1.0
 T-Roc,2018,18150,Manual,20886,Petrol,150,53.3,1.5
 T-Roc,2019,32000,Automatic,2128,Petrol,145,32.5,2.0
 T-Roc,2020,31990,Automatic,5500,Petrol,150,32.5,2.0
 T-Roc,2019,28000,Automatic,6979,Petrol,145,34.5,2.0
 T-Roc,2019,21380,Manual,5448,Diesel,145,46.3,2.0
 T-Roc,2019,19890,Manual,11180,Diesel,145,50.4,1.6
 T-Roc,2019,26000,Automatic,2632,Diesel,145,49.6,2.0
 T-Roc,2019,26000,Automatic,1000,Diesel,145,49.6,2.0
 T-Roc,2019,30850,Automatic,1900,Petrol,145,32.5,2.0
 T-Roc,2019,19950,Manual,2158,Diesel,145,50.4,1.6
 T-Roc,2020,20000,Manual,4444,Diesel,145,51.4,1.6
 T-Roc,2019,22789,Automatic,3577,Other,145,49.6,2.0
 T-Roc,2020,20990,Manual,5000,Other,145,44.1,1.0
 T-Roc,2019,32649,Automatic,5000,Other,145,32.5,2.0
 T-Roc,2019,22479,Manual,3748,Diesel,145,50.4,1.6
 T-Roc,2020,26249,Manual,5000,Other,145,42.2,1.5
 T-Roc,2019,20880,Manual,3633,Diesel,145,50.4,2.0
 T-Roc,2019,20790,Manual,8950,Diesel,145,46.3,2.0
 T-Roc,2019,22479,Manual,2696,Diesel,145,50.4,1.6
 T-Roc,2019,22990,Manual,8549,Other,145,50.4,2.0
 T-Roc,2019,20979,Manual,5572,Diesel,145,50.4,1.6
 T-Roc,2019,21599,Manual,5000,Other,145,42.2,1.5
 T-Roc,2018,20000,Manual,16034,Petrol,150,53.3,1.5
 T-Roc,2019,21490,Manual,3535,Diesel,145,46.3,2.0
 T-Roc,2018,19190,Manual,15164,Diesel,145,56.5,2.0
 T-Roc,2019,21000,Manual,7000,Diesel,145,50.4,1.6
 T-Roc,2019,19749,Manual,10000,Petrol,145,44.1,1.0
 T-Roc,2019,23890,Automatic,6417,Petrol,145,39.8,1.5
 T-Roc,2019,22000,Manual,6481,Diesel,145,56.5,2.0
 T-Roc,2019,17995,Manual,9602,Other,145,50.4,1.6
 Golf,2019,17000,Manual,8000,Diesel,145,57.7,1.6
 Golf,2019,36000,Automatic,4000,Petrol,145,32.8,2.0
 Golf,2015,19390,Automatic,20031,Petrol,200,40.4,2.0
 Golf,2019,16290,Automatic,14821,Petrol,145,44.8,1.0
 Golf,2017,16491,Automatic,20693,Petrol,20,60.1,1.4
 Golf,2019,16119,Automatic,14882,Petrol,145,44.8,1.0
 Golf,2016,12681,Manual,26321,Petrol,30,53.3,1.4
 Golf,2019,27000,Automatic,12322,Petrol,145,37.7,2.0
 Golf,2019,26000,Automatic,2859,Petrol,145,44.8,2.0
 Golf,2016,12691,Manual,22696,Petrol,30,53.3,1.4
 Golf,2019,16481,Manual,8451,Petrol,145,49.6,1.0
 Golf,2016,14000,Manual,42000,Diesel,20,68.9,2.0
 Golf,2013,9000,Manual,22400,Diesel,0,68.9,1.6
 Golf,2014,14491,Manual,47502,Diesel,20,67.3,2.0
 Golf,2018,22000,Automatic,10130,Petrol,145,44.1,2.0
 Golf,2019,16693,Manual,5414,Diesel,145,57.7,1.6
 Golf,2019,27000,Manual,8542,Petrol,145,37.2,2.0
 Golf,2019,20000,Automatic,5252,Diesel,145,53.3,2.0
 Golf,2019,22881,Automatic,5625,Petrol,145,45.6,1.5
 Golf,2015,8485,Manual,52365,Diesel,0,68.9,1.6
 Golf,2014,8385,Manual,45703,Diesel,0,68.9,1.6
 Golf,2009,4485,Manual,60000,Petrol,235,39.8,1.6
 Golf,2019,22491,Automatic,9047,Diesel,145,52.3,2.0
 Golf,2017,14000,Manual,33000,Petrol,145,54.3,1.4
 Golf,2018,23799,Automatic,8725,Petrol,145,37.7,2.0
 Golf,2010,4990,Manual,93000,Diesel,30,58.9,1.6
 Golf,2019,34023,Automatic,6776,Petrol,145,36.2,2.0
 Golf,2016,37995,Manual,1400,Petrol,200,40.9,2.0
 Golf,2010,4995,Manual,99000,Diesel,125,57.6,2.0
 Golf,2019,18991,Manual,99,Petrol,145,49.6,1.5
 Golf,2017,16442,Manual,46498,Diesel,20,67.3,2.0
 Golf,2015,17982,Semi-Auto,52117,Petrol,200,39.8,2.0
 Golf,2014,8990,Manual,53000,Diesel,0,68.9,1.6
 Golf,2016,15000,Manual,42000,Diesel,20,68.9,2.0
 Golf,2015,19990,Manual,17900,Petrol,205,39.8,2.0
 Golf,2019,20500,Automatic,4411,Diesel,145,53.3,2.0
 Golf,2019,22599,Automatic,6602,Diesel,145,52.3,2.0
 Golf,2019,20000,Manual,274,Diesel,145,62.8,2.0
 Golf,2019,19899,Manual,13259,Diesel,145,55.4,2.0
 Golf,2019,19199,Manual,5829,Petrol,145,49.6,1.5
 Golf,2017,14000,Manual,20100,Petrol,150,54.3,1.4
 Golf,2004,1287,Manual,170000,Diesel,165,52.3,2.0
 Golf,2009,4998,Manual,66000,Petrol,165,44.8,1.4
 Golf,2014,7795,Semi-Auto,78555,Petrol,30,56.5,1.4
 Golf,2017,16498,Manual,44060,Petrol,145,47.1,2.0
 Golf,2014,13498,Manual,50750,Petrol,150,47.1,2.0
 Golf,2018,13298,Semi-Auto,27573,Petrol,145,57.7,1.0
 Golf,2019,17298,Manual,8393,Petrol,145,47.1,1.5
 Golf,2003,12450,Manual,62000,Petrol,325,24.6,3.2
 Golf,2016,10995,Manual,50340,Diesel,0,74.3,1.6
 Golf,2018,15995,Manual,21485,Petrol,150,55.4,1.5
 Golf,2012,7995,Manual,90890,Diesel,30,62.8,2.0
 Golf,2014,8995,Semi-Auto,66179,Diesel,30,62.8,2.0
 Golf,2014,10995,Manual,73091,Diesel,20,67.3,2.0
 Golf,2013,6999,Manual,100000,Diesel,0,74.3,1.6
 Golf,2012,16999,Semi-Auto,41000,Petrol,300,33.6,2.0
 Golf,2010,7999,Manual,101000,Diesel,125,57.6,2.0
 Golf,2016,8999,Manual,82000,Diesel,0,74.3,1.6
 Golf,2018,11480,Semi-Auto,34117,Petrol,145,56.5,1.4
 Golf,2019,15449,Manual,9352,Petrol,145,49.6,1.0
 Golf,2019,15419,Manual,12624,Petrol,145,49.6,1.0
 Golf,2019,15409,Manual,9880,Petrol,145,49.6,1.0
 Golf,2019,15459,Manual,10130,Petrol,145,49.6,1.0
 Golf,2016,17998,Manual,21579,Petrol,150,47.1,2.0
 Golf,2015,12495,Semi-Auto,61000,Diesel,125,56.5,2.0
 Golf,2016,11495,Manual,37943,Petrol,30,53.3,1.4
 Golf,2015,10695,Manual,46024,Petrol,30,53.3,1.4
 Golf,2016,11995,Manual,24321,Petrol,30,53.3,1.4
 Golf,2017,19985,Manual,20283,Petrol,145,47.1,2.0
 Golf,2016,16998,Semi-Auto,26610,Diesel,30,62.8,2.0
 Golf,2016,15998,Manual,37300,Diesel,20,67.3,2.0
 Golf,2016,18998,Manual,18406,Petrol,145,47.1,2.0
 Golf,2015,10698,Manual,38357,Petrol,30,53.3,1.4
 Golf,2016,20498,Semi-Auto,23967,Petrol,200,40.4,2.0
 Golf,2015,12498,Semi-Auto,73346,Diesel,30,62.8,2.0
 Golf,2019,17985,Manual,8112,Petrol,145,49.6,1.0
 Golf,2016,19795,Semi-Auto,29190,Petrol,200,40.4,2.0
 Golf,2015,15295,Manual,40020,Petrol,145,47.1,2.0
 Golf,2017,14995,Manual,7049,Petrol,145,55.4,1.5
 Golf,2015,9495,Manual,25391,Diesel,0,68.9,1.6
 Golf,2019,20995,Manual,3971,Petrol,145,45.6,1.5
 Golf,2019,20995,Manual,7679,Petrol,145,45.6,1.5
 Golf,2017,11995,Manual,38599,Diesel,0,74.3,1.6
 Golf,2015,17795,Manual,21650,Petrol,145,47.1,2.0
 Golf,2017,13495,Manual,10500,Petrol,145,58.9,1.0
 Golf,2019,23995,Semi-Auto,650,Petrol,145,45.6,1.5
 Golf,2019,21895,Manual,218,Diesel,145,57.7,1.6
 Golf,2019,22495,Semi-Auto,10,Petrol,145,42.2,1.5
 Golf,2019,23995,Semi-Auto,10,Petrol,145,45.6,1.5
 Golf,2019,21395,Manual,10,Petrol,145,47.1,1.5
 Golf,2019,27295,Semi-Auto,6241,Diesel,145,52.3,2.0
 Golf,2019,21785,Manual,10,Petrol,145,50.4,1.5
 Golf,2019,24485,Manual,10,Petrol,145,49.6,1.5
 Golf,2018,13995,Manual,11600,Petrol,150,52.3,1.4
 Golf,2013,6998,Manual,52682,Petrol,30,57.6,1.2
 Golf,2018,17985,Semi-Auto,6510,Petrol,145,55.4,1.5
 Golf,2015,14498,Semi-Auto,55129,Diesel,30,62.8,2.0
 Golf,2019,28985,Automatic,1781,Petrol,145,37.7,2.0
 Golf,2019,19985,Manual,337,Petrol,145,46.3,1.5
 Golf,2019,21995,Semi-Auto,50,Petrol,145,44.8,1.5
 Golf,2019,21995,Semi-Auto,50,Petrol,145,44.8,1.5
 Golf,2019,20995,Manual,50,Petrol,145,47.1,1.5
 Golf,2019,20995,Manual,50,Petrol,145,47.1,1.5
 Golf,2017,10995,Manual,56400,Petrol,150,52.3,1.4
 Golf,2019,26295,Semi-Auto,3996,Petrol,145,43.5,1.5
 Golf,2019,24695,Manual,10,Petrol,145,45.6,1.5
 Golf,2019,22985,Manual,4888,Petrol,145,45.6,1.5
 Golf,2019,18995,Manual,16,Diesel,145,57.7,1.6
 Golf,2019,20985,Manual,17,Petrol,145,47.1,1.5
 Golf,2019,23995,Semi-Auto,10,Petrol,145,44.1,1.5
 Golf,2019,21795,Manual,2369,Petrol,145,50.4,1.5
 Golf,2019,21695,Manual,10,Diesel,145,57.7,1.6
 Golf,2019,21795,Manual,2246,Petrol,145,50.4,1.5
 Golf,2019,23995,Semi-Auto,828,Petrol,145,45.6,1.5
 Golf,2019,18985,Manual,2702,Petrol,145,45.6,1.5
 Golf,2019,19998,Manual,3717,Petrol,145,45.6,1.5
 Golf,2017,19985,Manual,20246,Petrol,145,47.1,2.0
 Golf,2016,16498,Semi-Auto,55112,Diesel,30,62.8,2.0
 Golf,2016,12995,Manual,18598,Petrol,30,53.3,1.4
 Golf,2018,16995,Manual,16500,Diesel,145,67.3,2.0
 Golf,2020,17995,Manual,3700,Petrol,145,50.4,1.5
 Golf,2016,12995,Semi-Auto,19700,Diesel,20,58.9,1.6
 Golf,2019,17298,Manual,7785,Petrol,145,47.1,1.5
 Golf,2019,17298,Manual,9112,Petrol,145,47.1,1.5
 Golf,2017,14498,Manual,33918,Petrol,20,60.1,1.4
 Golf,2019,21485,Automatic,3500,Petrol,145,45.6,1.5
 Golf,2019,16995,Manual,11600,Diesel,150,55.4,1.6
 Golf,2019,16650,Manual,12900,Petrol,145,49.6,1.0
 Golf,2019,25995,Semi-Auto,9600,Petrol,145,37.7,2.0
 Golf,2019,20995,Manual,592,Petrol,145,47.1,1.5
 Golf,2017,14995,Manual,18022,Petrol,145,55.4,1.5
 Golf,2017,13995,Manual,24900,Diesel,145,61.4,1.6
 Golf,2019,19985,Manual,1226,Diesel,145,57.7,1.6
 Golf,2017,13495,Manual,12656,Petrol,150,54.3,1.4
 Golf,2019,16995,Semi-Auto,11900,Diesel,145,45.6,1.6
 Golf,2019,19995,Semi-Auto,3000,Petrol,145,44.8,1.5
 Golf,2018,20995,Semi-Auto,16600,Diesel,150,57.7,2.0
 Golf,2017,12995,Manual,17200,Diesel,150,61.4,1.6
 Golf,2016,13995,Manual,33500,Diesel,20,68.9,2.0
 Golf,2019,33995,Semi-Auto,1993,Petrol,145,36.2,2.0
 Golf,2019,20995,Manual,1125,Diesel,145,57.7,1.6
 Golf,2019,21995,Semi-Auto,1377,Petrol,145,45.6,1.5
 Golf,2016,18400,Semi-Auto,19425,Petrol,160,44.1,2.0
 Golf,2014,9500,Manual,26531,Petrol,30,53.3,1.4
 Golf,2014,6998,Manual,80206,Petrol,30,57.6,1.2
 Golf,2019,29495,Semi-Auto,7988,Petrol,150,32.8,2.0
 Golf,2019,28995,Semi-Auto,9893,Petrol,150,32.8,2.0
 Golf,2015,14498,Manual,41695,Diesel,20,67.3,2.0
 Golf,2015,9998,Manual,57189,Petrol,30,53.3,1.4
 Golf,2016,12498,Semi-Auto,25676,Diesel,20,58.9,1.6
 Golf,2018,15295,Manual,17860,Diesel,145,61.4,1.6
 Golf,2019,21790,Semi-Auto,2500,Diesel,145,52.3,2.0
 Golf,2016,16490,Manual,28454,Diesel,20,67.3,2.0
 Golf,2017,13985,Manual,2146,Petrol,145,58.9,1.0
 Golf,2017,17995,Manual,36017,Petrol,145,47.1,2.0
 Golf,2015,10995,Manual,28076,Petrol,30,53.3,1.4
 Golf,2015,10995,Manual,60510,Petrol,30,58.9,1.4
 Golf,2019,17985,Manual,3095,Diesel,145,57.7,1.6
 Golf,2016,11790,Manual,35743,Petrol,30,53.3,1.4
 Golf,2017,13690,Semi-Auto,18560,Diesel,20,58.9,1.6
 Golf,2015,8295,Manual,59500,Diesel,0,74.3,1.6
 Golf,2019,24495,Semi-Auto,6865,Diesel,150,49.6,2.0
 Golf,2016,10990,Manual,39127,Diesel,0,74.3,1.6
 Golf,2017,13290,Manual,16895,Diesel,145,61.4,1.6
 Golf,2016,10990,Manual,44502,Petrol,30,53.3,1.4
 Golf,2019,25990,Manual,4019,Petrol,145,37.7,2.0
 Golf,2017,12490,Manual,30788,Diesel,145,61.4,1.6
 Golf,2019,25990,Semi-Auto,6705,Petrol,145,37.7,2.0
 Golf,2020,34790,Semi-Auto,2500,Petrol,145,32.8,2.0
 Golf,2017,19995,Manual,8038,Petrol,145,44.1,2.0
 Golf,2016,16498,Semi-Auto,43988,Diesel,30,62.8,2.0
 Golf,2019,21490,Semi-Auto,3500,Petrol,145,43.5,1.5
 Golf,2019,17790,Manual,5000,Diesel,145,57.7,1.6
 Golf,2016,12485,Manual,38946,Diesel,0,74.3,1.6
 Golf,2018,17985,Automatic,6372,Petrol,145,55.4,1.5
 Golf,2017,13985,Manual,2029,Petrol,145,58.9,1.0
 Golf,2017,13000,Semi-Auto,29684,Diesel,145,72.4,1.6
 Golf,2017,12700,Manual,22861,Petrol,150,54.3,1.4
 Golf,2019,19790,Semi-Auto,5000,Petrol,145,47.1,1.5
 Golf,2019,15490,Manual,5000,Petrol,145,49.6,1.0
 Golf,2019,24290,Manual,2500,Petrol,145,47.9,1.5
 Golf,2016,14498,Manual,50419,Diesel,20,67.3,2.0
 Golf,2020,20790,Manual,2500,Petrol,145,50.4,1.5
 Golf,2015,17295,Semi-Auto,57097,Petrol,200,39.8,2.0
 Golf,2017,10895,Manual,40900,Diesel,0,74.3,1.6
 Golf,2017,19395,Manual,21466,Diesel,145,60.1,2.0
 Golf,2020,21690,Manual,10,Petrol,145,49.6,1.5
 Golf,2016,13495,Semi-Auto,50217,Diesel,30,62.8,2.0
 Golf,2016,12498,Semi-Auto,23788,Diesel,20,58.9,1.6
 Golf,2017,23990,Manual,10860,Petrol,150,35.8,2.0
 Golf,2015,13990,Semi-Auto,62624,Diesel,30,62.8,2.0
 Golf,2019,17298,Manual,8925,Petrol,145,47.1,1.5
 Golf,2016,15999,Manual,36763,Diesel,30,58.9,2.0
 Golf,2015,10298,Manual,46706,Petrol,30,53.3,1.4
 Golf,2016,15498,Semi-Auto,12122,Petrol,20,60.1,1.4
 Golf,2016,19498,Semi-Auto,31414,Petrol,200,39.8,2.0
 Golf,2015,9995,Manual,39742,Diesel,0,68.9,1.6
 Golf,2016,11995,Manual,20665,Diesel,0,74.3,1.6
 Golf,2016,20498,Manual,12790,Petrol,200,39.8,2.0
 Golf,2017,16498,Manual,39105,Petrol,145,47.1,2.0
 Golf,2015,10498,Manual,39388,Petrol,30,53.3,1.4
 Golf,2019,17298,Manual,5515,Petrol,145,47.1,1.5
 Golf,2018,13998,Semi-Auto,17595,Petrol,145,57.7,1.0
 Golf,2017,12495,Manual,48112,Diesel,20,68.9,2.0
 Golf,2019,26299,Semi-Auto,11407,Petrol,145,37.7,2.0
 Golf,2019,30299,Semi-Auto,7229,Petrol,145,32.8,2.0
 Golf,2019,17622,Manual,5347,Petrol,145,47.1,1.5
 Golf,2017,13999,Semi-Auto,13569,Petrol,30,53.3,1.4
 Golf,2016,12798,Semi-Auto,28945,Petrol,30,53.3,1.4
 Golf,2016,15995,Manual,34055,Diesel,20,67.3,2.0
 Golf,2016,17498,Semi-Auto,19432,Diesel,30,62.8,2.0
 Golf,2016,15498,Semi-Auto,46124,Diesel,30,62.8,2.0
 Golf,2019,26999,Automatic,10008,Petrol,145,32.8,2.0
 Golf,2016,11799,Manual,35903,Diesel,0,74.3,1.6
 Golf,2019,20998,Manual,8,Diesel,150,57.7,1.6
 Golf,2019,26999,Automatic,15182,Petrol,145,32.8,2.0
 Golf,2016,20498,Semi-Auto,18774,Petrol,205,39.8,2.0
 Golf,2016,13695,Semi-Auto,19292,Diesel,20,58.9,1.6
 Golf,2019,23999,Semi-Auto,9302,Diesel,145,49.6,2.0
 Golf,2017,13799,Manual,21813,Petrol,145,54.3,1.4
 Golf,2017,24999,Semi-Auto,21420,Petrol,145,39.8,2.0
 Golf,2017,20299,Semi-Auto,5312,Petrol,150,44.1,2.0
 Golf,2017,18495,Manual,23514,Petrol,145,47.1,2.0
 Golf,2017,20295,Semi-Auto,6914,Petrol,160,44.1,2.0
 Golf,2020,32995,Semi-Auto,2131,Petrol,145,32.8,2.0
 Golf,2019,18995,Semi-Auto,8897,Petrol,145,47.1,1.5
 Golf,2019,29899,Semi-Auto,7246,Petrol,150,32.8,2.0
 Golf,2017,16495,Semi-Auto,30708,Diesel,125,58.9,2.0
 Golf,2016,9999,Manual,13941,Petrol,30,57.6,1.2
 Golf,2016,12495,Manual,27000,Petrol,30,53.3,1.4
 Golf,2016,13195,Manual,20408,Petrol,30,53.3,1.4
 Golf,2020,32995,Semi-Auto,2131,Petrol,145,32.8,2.0
 Golf,2018,15495,Manual,19238,Diesel,145,68.9,2.0
 Golf,2019,18995,Semi-Auto,8897,Petrol,145,47.1,1.5
 Golf,2016,13695,Semi-Auto,19292,Diesel,20,58.9,1.6
 Golf,2016,12495,Manual,27000,Petrol,30,53.3,1.4
 Golf,2016,13195,Manual,20408,Petrol,30,53.3,1.4
 Golf,2017,18495,Manual,23514,Petrol,145,47.1,2.0
 Golf,2018,16399,Manual,12826,Petrol,145,58.9,1.5
 Golf,2020,27999,Semi-Auto,750,Diesel,145,49.6,2.0
 Golf,2017,20295,Semi-Auto,6914,Petrol,160,44.1,2.0
 Golf,2019,22240,Manual,5149,Petrol,145,49.6,1.5
 Golf,2019,30999,Automatic,12271,Petrol,145,32.8,2.0
 Golf,2019,15999,Manual,10269,Diesel,145,67.3,2.0
 Golf,2017,15995,Manual,22966,Petrol,145,55.4,1.5
 Golf,2019,17495,Manual,4528,Petrol,145,47.1,1.5
 Golf,2019,24998,Semi-Auto,8766,Petrol,145,37.7,2.0
 Golf,2019,17298,Manual,6654,Petrol,145,47.1,1.5
 Golf,2019,17298,Manual,4724,Petrol,145,47.1,1.5
 Golf,2019,17995,Manual,11221,Petrol,145,47.1,1.5
 Golf,2017,12495,Manual,33455,Diesel,0,74.3,1.6
 Golf,2020,29995,Semi-Auto,1874,Petrol,150,32.8,2.0
 Golf,2019,17298,Manual,9057,Petrol,145,47.1,1.5
 Golf,2018,13698,Manual,20317,Diesel,145,57.7,1.6
 Golf,2019,19995,Manual,8557,Petrol,145,47.9,1.5
 Golf,2016,11995,Manual,40247,Petrol,30,53.3,1.4
 Golf,2015,10995,Manual,36228,Petrol,30,53.3,1.4
 Golf,2017,13995,Manual,25130,Petrol,145,54.3,1.4
 Golf,2017,16495,Semi-Auto,30708,Diesel,125,58.9,2.0
 Golf,2020,22995,Semi-Auto,407,Petrol,145,45.6,1.5
 Golf,2019,15290,Manual,14384,Diesel,150,57.7,1.6
 Golf,2018,19990,Manual,21750,Diesel,150,60.1,2.0
 Golf,2019,19495,Semi-Auto,4823,Petrol,150,45.6,1.5
 Golf,2016,12495,Semi-Auto,21997,Diesel,20,58.9,1.6
 Golf,2016,9995,Manual,56132,Diesel,0,74.3,1.6
 Golf,2016,10990,Manual,44629,Diesel,0,74.3,1.6
 Golf,2017,11490,Manual,60142,Diesel,0,74.3,1.6
