Account Id,customer_name,account_type,balance,opened_date,branch
1,Kenneth Gonzalez,Checking,72294.67,2022-01-09,Sandraborough
2,Michael Cunningham,Checking,82929.61,2021-07-19,Sandraborough
3,Julia Richardson,Savings,93170.28,2022-02-03,Victoriaport
4,Hannah Thompson,Checking,86476.02,2020-10-22,New Leahshire
5,Lance Whitehead,Business,13578.97,2023-10-26,North Brandonmouth
6,Jamie Thompson,Checking,94361.23,2022-08-26,Walkerside
7,Matthew Estes,Savings,42148.61,2022-02-14,Sandraborough
8,Dana Riley,Checking,94759.57,2022-03-12,East Charles
9,Mary Torres,Business,54765.23,2023-06-14,Phillipsbury
10,Tiffany Stewart,Checking,95659.27,2023-08-30,Sandraborough
11,Whitney Ware,Business,46824.08,2020-09-11,Davidland
12,Todd Singh,Checking,1441.87,2021-03-17,New Leahshire
13,Miss April Ford,Checking,46400.48,2021-03-01,Phillipsbury
14,Laura Martin,Savings,76964.25,2021-11-22,Walkerside
15,Derek Miller,Business,92799.16,2023-10-25,North Brandonmouth
16,Kim Allison,Checking,58535.5,2023-11-11,East Charles
17,Craig Wright,Business,52803.15,2023-12-22,Davidland
18,Laura Chambers,Savings,51697.26,2020-08-12,Phillipsbury
19,Zachary Brooks,Business,74059.17,2020-02-21,New Leahshire
20,Ashley Reed,Savings,92485.52,2021-01-27,Phillipsbury
21,David Garcia,Business,45590.51,2020-10-27,New Leahshire
22,Brandon Riley,Savings,19103.02,2020-11-07,East Charles
23,John Tran,Checking,42942.09,2022-05-25,New Glennside
24,Dustin Harrison,Checking,66606.62,2021-05-21,North Brandonmouth
25,Brian Williams,Checking,23684.25,2020-10-10,Sandraborough
26,Ashley Brown,Checking,93364.83,2022-05-17,North Brandonmouth
27,Catherine Wood,Savings,60495.3,2023-02-13,Davidland
28,Kurt Snyder,Checking,30472.42,2023-09-23,Phillipsbury
29,Cory Young,Savings,60418.98,2022-08-11,New Glennside
30,Zachary Perry,Business,26143.35,2023-10-06,Victoriaport
31,Evelyn Gray,Business,10739.68,2022-11-06,East Charles
32,Eric Adams,Savings,19401.0,2022-03-18,New Leahshire
33,Alexander Williams,Checking,49650.68,2023-02-21,Walkerside
34,John Howell,Savings,19033.68,2023-10-31,New Leahshire
35,Angel Burton,Savings,31430.28,2023-08-02,Christopherland
36,Philip Carrillo,Savings,90186.57,2020-05-13,New Leahshire
37,Justin Johnson,Savings,40115.12,2021-02-20,Sandraborough
38,Danielle Cook,Checking,96032.18,2020-06-28,Walkerside
39,Tammy Martin MD,Savings,21228.41,2023-06-20,Walkerside
40,Jesus Arroyo,Business,74643.2,2023-10-07,Davidland
41,Brandon King,Savings,33450.82,2022-07-25,Victoriaport
42,Sandy Munoz,Business,66382.93,2023-09-25,Davidland
43,Cassandra Walker,Business,20933.33,2023-07-24,Christopherland
44,Mary Short,Checking,51349.11,2022-02-02,Christopherland
45,Cory West,Checking,90459.07,2020-08-25,North Brandonmouth
46,John Miller,Checking,27029.1,2021-04-28,New Glennside
47,Christian Lopez,Business,68926.03,2022-11-26,Walkerside
48,Todd Hernandez,Savings,81415.1,2022-11-27,Sandraborough
49,Courtney Adams,Business,86612.27,2022-10-22,New Glennside
50,Ashley Saunders,Checking,28324.69,2020-06-13,Walkerside
51,Jonathon Fox,Savings,17863.27,2020-10-31,East Charles
52,Danielle Villanueva,Savings,79216.23,2023-08-21,Victoriaport
53,Michelle Evans,Savings,42196.09,2021-10-19,Victoriaport
54,Jonathan Hahn,Checking,3325.23,2022-02-06,Christopherland
55,Martin Andrade Jr.,Business,53322.08,2020-05-03,East Charles
56,Noah Francis,Savings,29721.8,2022-03-15,Phillipsbury
57,Jacob Kent,Checking,41870.24,2023-03-20,North Brandonmouth
58,Elaine Garner,Checking,27215.21,2020-08-14,Sandraborough
59,Mark Davis,Checking,28169.51,2023-01-09,Davidland
60,Nicole Galvan,Business,7710.6,2022-11-09,Christopherland
61,Claudia Henry,Savings,21426.68,2023-02-27,Victoriaport
62,Ashley Powell,Savings,92991.51,2022-09-20,Davidland
63,Antonio Berry,Savings,37148.36,2021-04-05,East Charles
64,Stephen Clark,Savings,92175.38,2020-04-09,North Brandonmouth
65,Richard Gonzalez,Savings,87408.7,2023-09-05,North Brandonmouth
66,Alex Diaz,Business,12488.97,2022-01-04,New Glennside
67,William Krause,Business,27222.07,2022-09-09,New Glennside
68,Aimee Chambers,Savings,82583.64,2022-02-02,Sandraborough
69,Ashley Scott,Checking,23540.03,2021-01-10,Davidland
70,Lindsay Nash,Savings,2734.14,2023-04-14,New Leahshire
71,Mr. Dennis Miller,Checking,71234.61,2023-09-16,Davidland
72,Aaron Hartman,Business,74366.76,2021-07-27,New Leahshire
73,Robert Cohen,Checking,71773.7,2020-05-26,New Leahshire
74,Melissa Patel MD,Savings,63356.46,2021-02-22,Walkerside
75,Allison Hudson,Business,21613.16,2021-04-22,Walkerside
76,Jennifer Gregory,Business,54334.7,2021-11-08,Walkerside
77,Timothy Church,Business,37370.93,2022-09-03,North Brandonmouth
78,Michael Klein,Business,55536.29,2023-04-11,Victoriaport
79,Penny Torres,Business,74892.15,2020-05-20,East Charles
80,Angela Smith,Savings,98727.4,2023-04-04,Christopherland
81,Mary Meadows,Checking,53256.67,2022-11-09,Davidland
82,Heather Lopez,Business,56355.94,2021-09-07,Phillipsbury
83,Laura Richardson,Checking,74969.12,2023-05-03,East Charles
84,Meagan Silva,Business,54256.4,2020-04-12,North Brandonmouth
85,Christopher Johnson,Savings,83653.1,2020-02-18,Phillipsbury
86,John Williams,Business,49896.4,2020-12-20,New Glennside
87,Kristen Wright,Business,79986.64,2022-06-29,North Brandonmouth
88,Sara Shepard,Savings,75301.77,2021-04-29,Christopherland
89,Stuart Marks,Checking,17006.1,2023-02-07,Victoriaport
90,Krystal Brown,Savings,5785.93,2020-03-14,Victoriaport
91,John Mack,Business,80906.37,2023-08-01,North Brandonmouth
92,Paul Perez,Checking,96064.25,2022-05-13,Christopherland
93,Steven Drake,Savings,28612.56,2021-02-23,East Charles
94,Sandra Gutierrez,Checking,37117.19,2020-12-20,North Brandonmouth
95,Carol Wang,Savings,88423.2,2021-10-17,Victoriaport
96,Juan Long,Checking,56227.73,2020-09-11,New Glennside
97,Michael Castro,Savings,77231.06,2021-09-13,Victoriaport
98,John Stephenson,Checking,42474.7,2020-08-21,North Brandonmouth
99,Christopher Bailey,Checking,29661.11,2020-09-30,East Charles
100,Tanya Lopez,Savings,85685.02,2021-02-11,New Leahshire
101,Jessica Lopez,Checking,70695.49,2022-04-22,Walkerside
102,Ryan Burton,Business,35258.8,2022-11-07,New Leahshire
103,Fernando Sampson,Business,85953.87,2022-06-20,Walkerside
104,Victoria Walker,Savings,26171.55,2021-09-06,Walkerside
105,Travis Gardner,Savings,41532.31,2023-02-17,New Leahshire
106,Juan Martin,Savings,27941.37,2023-02-23,Walkerside
107,Andres Zimmerman,Savings,28171.73,2022-11-16,Victoriaport
108,Frances Foster,Business,60772.01,2023-05-18,Davidland
109,Rebecca Bowman,Checking,40087.24,2020-12-10,New Leahshire
110,Darryl Carney,Checking,51559.56,2020-07-30,Walkerside
111,Christopher Mitchell,Savings,9520.87,2022-09-11,North Brandonmouth
112,Emily Powell,Checking,75144.26,2021-05-06,New Leahshire
113,Amy Wheeler,Savings,14131.18,2022-12-31,Davidland
114,Nicholas Acosta,Business,72684.86,2020-04-20,Walkerside
115,Derek Schultz,Checking,8065.69,2021-10-09,Phillipsbury
116,David Nguyen,Checking,30978.79,2021-07-07,Victoriaport
117,Janice Tran,Business,85576.45,2021-07-19,East Charles
118,Joshua Nunez,Checking,37489.39,2023-06-15,North Brandonmouth
119,Nathaniel Garcia,Business,38494.49,2023-06-14,Phillipsbury
120,Rachel Jackson,Checking,52984.13,2022-10-22,Phillipsbury
121,John Cooley,Checking,79431.65,2023-01-14,Walkerside
122,Karen Hicks,Business,87144.31,2022-01-21,Sandraborough
123,Darrell Miller,Checking,23213.04,2023-12-15,Victoriaport
124,James Good,Savings,73347.29,2021-06-07,Christopherland
125,Dale Martin,Business,8605.42,2023-11-20,Victoriaport
126,Tiffany Johnson,Business,6762.35,2020-02-22,Walkerside
127,David Williams,Checking,96510.77,2020-06-14,Sandraborough
128,Daniel Diaz,Business,67608.33,2021-02-04,Sandraborough
129,Ricky Richard,Business,49337.86,2021-05-27,Christopherland
130,Shannon Hunter,Business,7370.45,2022-06-08,Sandraborough
131,Theresa Cortez,Savings,2462.1,2023-08-12,Sandraborough
132,Jennifer Simmons,Business,6216.76,2020-06-19,New Leahshire
133,Justin Bishop,Checking,532.95,2021-11-13,Christopherland
134,Daniel Maxwell,Business,23359.28,2023-10-28,Sandraborough
135,Kathy Fuller,Checking,83881.42,2023-12-06,New Leahshire
136,Julie Harvey,Checking,74702.98,2020-06-25,Sandraborough
137,Ronald Johnson,Business,78008.16,2021-06-15,Christopherland
138,Lisa Gaines,Business,80779.95,2023-09-08,Sandraborough
139,Erika Friedman,Savings,4187.5,2020-09-26,New Glennside
140,Karen Mills,Business,94094.4,2021-05-23,East Charles
141,Dr. Jennifer Phillips,Checking,87589.38,2021-11-19,New Glennside
142,Sabrina Ward,Savings,33221.72,2023-12-10,Victoriaport
143,Mary Escobar,Business,93402.98,2021-03-27,East Charles
144,Jane Day,Business,27093.69,2020-06-24,Phillipsbury
145,Monica Brown,Business,25188.19,2020-10-08,North Brandonmouth
146,Lisa Pham,Business,95118.14,2020-06-27,Victoriaport
147,Marvin Day,Savings,31171.24,2022-11-29,New Leahshire
148,Jonathan Moore,Savings,91006.8,2021-10-13,Davidland
149,Jessica Thomas,Savings,66304.7,2020-05-27,Walkerside
150,Karen Martinez,Checking,34142.04,2020-08-04,Victoriaport
151,Jorge Smith,Savings,38936.52,2021-02-04,Phillipsbury
152,Dylan Morris,Business,86969.74,2022-11-30,New Glennside
153,Nicole Banks,Checking,39837.41,2021-05-18,East Charles
154,Cynthia Holland,Business,43475.18,2021-01-06,Sandraborough
155,Barbara Soto,Business,87655.71,2022-08-04,Christopherland
156,Matthew Edwards,Checking,12827.65,2022-04-10,Phillipsbury
157,Dawn Hickman,Savings,65133.1,2023-04-04,New Leahshire
158,April Perez,Business,10265.63,2021-02-18,Christopherland
159,Brad Torres,Business,91092.4,2023-04-07,Sandraborough
160,Elizabeth Gilmore MD,Savings,52875.66,2022-10-07,Davidland
