account_id,customer_name,Account Type,balance,opened_date,branch
1,Sarah Barnes,Business,95828.26,2020-07-28,Angelachester
2,Jeffrey White,Savings,53306.03,2023-11-06,Lake Pamela
3,Clayton Williams,Business,26540.45,2023-07-29,Lake Pamela
4,Chelsey Bryan,Business,35467.63,2022-05-06,Harrismouth
5,Debbie Levine,Checking,99276.15,2023-08-25,Lake Pamela
6,Karen Cox,Checking,47206.51,2023-08-21,Lake Pamela
7,Bernard Lee IV,Checking,55694.21,2022-02-01,Anntown
8,Briana Kramer,Checking,98179.82,2023-07-11,Lake Pamela
9,James Wilson,Business,64243.08,2023-10-31,Ashleymouth
10,Jennifer Jimenez,Business,95475.88,2020-06-10,Ashleymouth
11,Erik Ball,Checking,87566.8,2022-04-04,New Brianborough
12,George Foster,Savings,42406.72,2020-09-15,Ashleymouth
13,Tara Rivera,Business,12383.75,2022-11-19,East Kaitlyn
14,Danielle Meyers,Savings,39210.11,2023-02-20,North Alexandra
15,Dale Franklin,Savings,39796.96,2022-09-06,East Kaitlyn
16,Wayne Sawyer,Savings,45375.53,2020-08-29,Angelachester
17,Jonathan Chambers DDS,Savings,31244.34,2022-08-21,New Brianborough
18,Brandon Hodges,Business,41147.75,2020-09-21,Harrismouth
19,Laura Faulkner,Savings,23780.47,2022-03-31,Mitchellhaven
20,Beth Morrison,Checking,41050.84,2022-10-31,Ashleymouth
21,Kelly Phelps,Business,18519.02,2020-10-10,North Alexandra
22,Jennifer Ryan,Business,76415.94,2021-05-05,New Brianborough
23,Sherry Hicks,Savings,80909.25,2022-03-25,Mitchellhaven
24,Lisa Wells,Savings,62631.95,2021-01-12,North Alexandra
25,John Richards,Savings,14529.48,2020-07-29,Anntown
26,Steven Pratt,Checking,90502.81,2023-10-02,Harrismouth
27,Eric Mcguire,Savings,32039.01,2021-06-30,Jofurt
28,Jennifer Hill,Checking,63318.26,2022-07-17,Jofurt
29,Alexis Anderson,Business,28877.91,2020-12-29,Angelachester
30,Eric Robinson,Checking,70642.15,2022-01-09,East Kaitlyn
31,Jeffrey Mueller,Checking,6051.35,2022-07-06,Mitchellhaven
32,Nancy Kennedy,Savings,48877.57,2022-10-06,Jofurt
33,John Lowery,Checking,42376.01,2020-07-13,Mitchellhaven
34,Kimberly Martinez,Business,20797.28,2020-10-22,Anntown
35,Ronald Proctor,Business,61775.06,2020-05-05,Lake Pamela
36,Garrett Rodriguez,Business,16864.51,2023-04-20,North Alexandra
37,Luke Becker,Savings,14646.92,2020-06-27,New Brianborough
38,Raymond Schroeder,Savings,29325.88,2021-02-24,North Alexandra
39,John Branch,Business,45788.91,2022-12-28,New Brianborough
40,Katherine Gray,Checking,15644.58,2020-03-11,Anntown
41,Tara Vazquez,Checking,93466.69,2023-04-11,Harrismouth
42,Leah Robinson,Business,13297.9,2020-02-16,Ashleymouth
43,Tanya Manning,Business,79463.68,2021-01-03,Lake Pamela
44,Ashley Wood,Savings,47259.39,2021-02-13,New Brianborough
45,Kimberly Cole,Savings,89195.77,2020-05-04,Mitchellhaven
46,Mary Jensen,Savings,5414.59,2021-08-13,Lake Pamela
47,Bryan Hernandez,Savings,39444.17,2021-11-06,Lake Pamela
48,Isaiah Walton,Savings,17463.22,2021-02-28,New Brianborough
49,Kathryn Black,Business,33183.42,2021-03-09,Ashleymouth
50,Breanna Rich,Savings,64380.66,2021-09-17,Angelachester
51,Martin Armstrong,Business,92717.73,2021-10-08,Ashleymouth
52,Dr. Gina Henry DDS,Savings,94239.11,2021-10-06,Lake Pamela
53,Olivia Lyons,Savings,55912.06,2023-07-16,New Brianborough
54,Jim Smith,Business,38654.47,2021-05-21,Lake Pamela
55,Lisa Lynch,Checking,68102.03,2021-09-24,East Kaitlyn
56,Linda Bell,Savings,85061.34,2022-08-07,Harrismouth
57,Andrew Jensen,Savings,77056.04,2021-04-03,Angelachester
58,Alexander Montgomery,Business,76917.07,2020-03-29,Anntown
59,Debbie Mendez,Savings,20261.65,2020-03-04,Mitchellhaven
60,Michael Taylor,Savings,24816.5,2023-11-07,Anntown
61,Katherine Gill,Savings,90463.87,2021-08-04,New Brianborough
62,Scott Calderon,Checking,60916.49,2021-05-15,Angelachester
63,Frank Marshall MD,Business,64607.56,2021-04-24,Jofurt
64,Margaret Phillips,Business,93956.72,2021-02-17,North Alexandra
65,Mr. Keith Simpson,Business,45267.3,2023-07-01,Ashleymouth
66,Hunter Howard,Checking,31149.9,2022-04-17,New Brianborough
67,Karen Bryant,Savings,24204.78,2023-01-12,North Alexandra
68,Brenda Sherman,Checking,6757.39,2022-04-20,Angelachester
69,Terri James,Savings,66071.13,2021-05-17,Jofurt
70,Heather Montoya,Checking,72450.84,2022-10-13,Lake Pamela
71,Clifford Dawson,Savings,89191.59,2021-06-03,Ashleymouth
72,Carlos Shelton,Business,34703.53,2022-06-29,Anntown
73,Debra Palmer,Checking,86682.18,2022-09-14,Mitchellhaven
74,Angelica Bryant,Savings,56322.73,2020-10-23,Anntown
75,Frank Lee,Business,86722.96,2021-08-18,Harrismouth
76,Chelsea Martin,Business,4853.5,2023-07-27,Anntown
77,Christine Miller,Checking,75207.47,2021-07-30,Mitchellhaven
78,Stephanie Lambert,Savings,68330.64,2021-10-30,Anntown
79,Amanda Evans,Business,61551.97,2020-07-28,Ashleymouth
80,Emily Johnson PhD,Savings,81634.99,2023-12-30,Harrismouth
81,Carl Leon,Business,20461.14,2022-10-07,Mitchellhaven
82,Joyce Williams,Savings,22680.27,2023-07-05,North Alexandra
83,Charles Martin,Business,81973.89,2020-05-13,North Alexandra
84,Amy Powers,Checking,96664.98,2020-12-14,Mitchellhaven
85,Carla Mccoy,Business,91287.08,2021-12-04,Lake Pamela
86,Raymond Taylor,Checking,54119.87,2023-06-06,Mitchellhaven
87,Jamie Key,Checking,56247.26,2020-07-01,Ashleymouth
88,Jeremiah Jenkins,Savings,64816.28,2021-04-05,Lake Pamela
89,Mark Brooks,Checking,87223.74,2023-05-25,East Kaitlyn
90,Jason Jensen,Savings,14231.4,2020-12-07,North Alexandra
91,Allison Phelps,Business,816.18,2023-01-07,Mitchellhaven
92,Kurt Stewart,Checking,11568.27,2020-08-28,Lake Pamela
93,Jacob Brown,Checking,19536.81,2021-08-23,Anntown
94,John Ford,Checking,28259.1,2023-11-25,North Alexandra
95,Kimberly Ramirez,Savings,68981.5,2020-06-06,Lake Pamela
96,Chelsea Wilson,Business,5689.6,2023-05-25,Mitchellhaven
97,Christopher Taylor,Checking,68263.79,2023-02-02,New Brianborough
98,Danielle Smith,Savings,81377.23,2023-10-09,Angelachester
99,James Moore,Savings,1005.86,2022-03-05,Harrismouth
100,Allison Williams,Checking,45671.9,2022-05-17,North Alexandra
101,Mary Reid,Checking,51753.7,2022-08-18,Mitchellhaven
102,Teresa Harris,Savings,88780.28,2024-01-02,Mitchellhaven
103,Kimberly Nichols,Savings,32499.29,2021-08-24,Lake Pamela
104,Mrs. Amber Walker,Savings,34211.01,2023-05-21,Angelachester
105,Grace Sparks,Savings,9549.47,2021-07-25,Ashleymouth
106,Adam Sanchez,Checking,1055.15,2022-07-15,East Kaitlyn
107,David Zamora,Savings,93542.15,2023-03-04,Anntown
108,Jacqueline Duke,Business,3482.41,2024-02-04,Lake Pamela
109,Jennifer Wilson,Checking,38033.16,2021-11-16,Jofurt
110,Larry Pratt,Checking,41444.7,2021-12-17,East Kaitlyn
111,John Hutchinson,Savings,30832.79,2022-03-14,North Alexandra
112,Nicole Mendoza,Checking,24559.17,2020-07-10,New Brianborough
113,Matthew Smith,Checking,57991.65,2021-11-19,Lake Pamela
114,Cynthia Valenzuela,Business,41662.22,2021-01-24,Mitchellhaven
115,Calvin Jordan,Savings,72687.4,2023-11-18,Mitchellhaven
116,Amanda Duarte,Business,97564.47,2023-01-25,North Alexandra
117,Christina Mitchell,Savings,82289.97,2022-04-06,Ashleymouth
118,Diana Wilson,Savings,28779.6,2020-06-03,Jofurt
119,Stephen Williams,Savings,31696.93,2023-12-17,North Alexandra
120,Charles Rodriguez,Business,83440.35,2023-07-19,Mitchellhaven
