account_id,customer_name,account_type,balance,opened_date,branch
1,Matthew Jordan,Checking,85063.82,2022-07-16,New Tinaview
2,Patrick Hurley,Checking,20446.95,2021-08-19,Pennyshire
3,Christopher Shelton,Checking,87164.38,2020-07-29,Pennyshire
4,Michael Hoover,Business,14241.97,2023-12-08,South Amanda
5,Anthony Lee,Savings,62090.2,2022-10-11,Mendozatown
6,Derek Smith,Checking,43581.82,2021-01-27,Marissaside
7,Amanda Sexton,Savings,92593.3,2023-08-15,Katieview
8,Robert Jackson,Savings,48806.62,2021-07-21,Thompsonborough
9,Deborah Mayer,Savings,59158.91,2022-09-16,Katieview
10,Brooke Stephenson,Business,41883.1,2021-05-24,New Tinaview
11,Gloria Griffith,Business,67988.45,2023-07-11,Thompsonborough
12,Renee Smith DVM,Checking,7854.86,2020-12-07,Pennyshire
13,Brittany Hawkins,Business,13897.61,2022-06-20,Pennyshire
14,Nancy Fields,Savings,62175.14,2020-09-24,New Tinaview
15,Michael Holder,Business,2976.21,2021-07-21,Robinberg
16,Cameron Hall,Business,65312.02,2023-10-06,Robinberg
17,Scott Gillespie,Business,17589.04,2022-08-08,Danaland
18,Charles Manning,Business,29656.15,2020-07-31,New Tinaview
19,Michael Moore,Checking,73217.53,2022-04-16,Danaland
20,Sharon Tanner,Savings,47990.08,2022-11-10,Robinberg
21,Victoria Perez,Savings,18319.39,2023-02-11,Thompsonborough
22,Angela Stevens,Business,54912.13,2021-12-09,Marissaside
23,James Mccarty,Checking,17161.47,2020-02-23,West Johnton
24,Christina Brown,Checking,22631.29,2023-06-21,Robinberg
25,Scott Hernandez,Savings,26231.17,2021-07-26,Katieview
26,Jeffrey Miller,Business,5517.31,2020-05-01,Pennyshire
27,Garrett Graham,Checking,86032.98,2022-11-11,South Amanda
28,Willie Rodriguez,Business,44270.8,2022-10-06,Marissaside
29,Jennifer Powers,Checking,46437.25,2022-10-03,Katieview
30,Rebecca Mullen,Business,81621.77,2022-01-13,Marissaside
31,April Diaz,Checking,62282.97,2021-02-26,Thompsonborough
32,Patricia Stuart,Checking,55279.8,2021-05-09,Thompsonborough
33,Christian Howell,Business,47725.95,2022-11-24,Pennyshire
34,Ronald Fox,Checking,90458.62,2023-05-28,West Johnton
35,Raymond Martinez,Business,4180.64,2023-07-10,Marissaside
36,Michael Lloyd,Business,10567.03,2020-02-24,Thompsonborough
37,Ryan Carson,Checking,98529.99,2021-01-18,West Johnton
38,Caleb Holloway,Savings,81992.8,2022-09-27,Mendozatown
39,Marissa Wright,Savings,45736.33,2021-03-16,Mendozatown
40,Megan Freeman,Business,80857.54,2022-09-18,Danaland
41,Christopher Cunningham IV,Savings,91591.22,2024-01-14,Pennyshire
42,Todd Rivera,Savings,76377.54,2023-09-15,Thompsonborough
43,David Summers,Business,11847.99,2021-06-06,Mendozatown
44,Melissa Jones,Checking,89231.38,2022-07-13,Thompsonborough
45,Alexander Rodriguez,Checking,9258.13,2022-10-08,New Tinaview
46,Alexander Jensen,Business,62021.05,2020-12-16,West Johnton
47,Marcus Kramer,Checking,15013.8,2020-11-23,Mendozatown
48,John Johnson,Business,79932.77,2022-01-22,South Amanda
49,Allison Weber,Savings,53486.35,2022-01-16,Pennyshire
50,Paul Holt,Savings,62789.85,2022-06-09,New Tinaview
51,Kathryn Stewart,Checking,51055.39,2023-04-14,Marissaside
52,Miss Elizabeth Jones,Business,30688.99,2020-03-14,Pennyshire
53,Nicole Frank,Savings,37182.51,2021-08-07,Katieview
54,Steven Johnson,Business,56376.21,2023-02-26,West Johnton
55,Matthew Cochran,Checking,26868.34,2022-06-24,Pennyshire
56,Michael Ruiz,Checking,88658.99,2023-09-25,Mendozatown
57,Barbara Barton,Savings,29787.38,2021-05-11,Robinberg
58,Andrew Berger,Savings,70457.97,2022-07-23,Pennyshire
59,Jessica Moreno,Business,40569.82,2023-12-30,Robinberg
60,Thomas Bartlett,Checking,21762.8,2022-12-04,South Amanda
61,Lisa Thompson,Checking,62736.06,2022-11-14,Robinberg
62,Michael Dawson,Business,65564.35,2022-02-26,South Amanda
63,Beth Dennis,Savings,53506.37,2021-03-01,South Amanda
64,Scott Franklin,Checking,94105.34,2022-04-24,Mendozatown
65,Brooke Ayers,Checking,55231.17,2021-02-20,West Johnton
66,Stanley Lopez,Checking,80976.53,2023-02-14,Marissaside
67,Dakota Byrd,Savings,16198.85,2020-07-04,Robinberg
68,James Mills DDS,Business,92057.58,2020-12-23,South Amanda
69,Mikayla Alvarado,Business,36174.05,2022-03-26,New Tinaview
70,Charles Wagner,Business,86649.61,2023-04-05,Mendozatown
71,Phillip Li,Checking,69707.19,2020-10-04,New Tinaview
72,Melissa Mullen,Checking,75604.85,2022-08-12,Thompsonborough
73,Paul Wells,Business,74949.74,2022-08-19,Thompsonborough
74,Craig Preston,Savings,19421.09,2022-05-08,Danaland
75,Colleen Bennett,Checking,37622.4,2022-10-02,Katieview
76,Joshua Simpson,Checking,93480.8,2020-11-15,South Amanda
77,Angelica Campbell,Business,32163.8,2022-07-24,South Amanda
78,Holly Watson,Checking,17054.73,2023-10-15,Mendozatown
79,Samuel Bartlett,Savings,67696.92,2023-12-19,Pennyshire
80,Bruce Hopkins,Savings,69345.06,2021-03-31,Thompsonborough
81,Nicole Johnson,Checking,59273.2,2022-06-08,South Amanda
82,Nicholas Richardson,Business,8050.03,2021-06-17,Danaland
83,Darrell Reid,Business,93619.85,2023-12-28,Marissaside
84,Emily Reeves,Savings,65932.39,2022-10-11,New Tinaview
85,Mark Jackson,Checking,6191.4,2020-09-18,Mendozatown
86,Roger Murphy,Savings,51963.33,2023-10-07,West Johnton
87,Nathaniel Montgomery,Business,54781.38,2021-05-04,Marissaside
88,Cynthia Johnson,Business,9286.76,2023-06-04,Robinberg
89,Derrick Smith,Checking,42090.78,2021-07-11,Thompsonborough
90,Debra Bailey,Business,42037.93,2023-04-26,Robinberg
91,Brian Harrison,Savings,35606.28,2020-03-28,New Tinaview
92,David Miller,Business,10893.97,2020-07-11,Marissaside
93,Melissa Watson,Checking,62613.16,2023-01-26,Marissaside
94,Nicole Harris,Checking,64508.42,2023-06-22,Katieview
95,Patrick Chang,Business,85811.76,2023-10-31,South Amanda
96,Ryan Briggs,Savings,37232.0,2021-01-21,Pennyshire
97,Steven Howell,Checking,63064.11,2022-07-14,Mendozatown
98,Ryan Maxwell,Business,41807.19,2023-12-25,Thompsonborough
99,Andrea King,Business,47907.77,2020-03-10,Mendozatown
100,Bonnie Jordan,Savings,31197.37,2021-05-04,Katieview
101,Barbara Diaz,Savings,80073.7,2023-05-28,West Johnton
102,Ana Smith,Savings,76900.26,2020-05-27,South Amanda
103,Krystal Berry,Checking,80002.23,2021-05-16,Katieview
104,Megan Higgins,Savings,63981.96,2022-10-23,Mendozatown
105,Judy Valdez,Checking,32142.76,2022-08-23,Katieview
106,Jonathan Jefferson,Checking,60685.3,2021-08-13,Katieview
107,Rachel Harris,Business,45189.99,2021-05-02,Danaland
108,Nathaniel Meyer,Business,9189.28,2020-08-31,New Tinaview
109,Victor Harris,Business,79799.88,2021-03-27,Mendozatown
110,Brittany Knox,Savings,46415.3,2021-07-23,Thompsonborough
111,Tina Smith,Checking,54999.58,2020-09-11,New Tinaview
112,Stephanie Anderson,Savings,55953.99,2020-06-10,West Johnton
113,Rachel Gomez,Business,7274.05,2021-12-08,South Amanda
114,Arthur Summers,Checking,77676.05,2023-05-01,South Amanda
115,Margaret Brown,Savings,10429.95,2023-08-28,Mendozatown
116,Dr. Stephanie Carter,Business,10296.36,2020-12-26,Katieview
117,Brianna Evans,Checking,83779.73,2021-06-02,Robinberg
118,Norman Arellano,Checking,89553.72,2023-10-31,South Amanda
119,Ronald Coleman,Checking,26324.71,2021-05-31,South Amanda
120,Katherine Beck,Checking,10283.28,2022-03-09,New Tinaview
121,Rachel Martin,Checking,48303.95,2020-10-22,Thompsonborough
122,Leonard Brown,Business,50706.89,2022-08-14,West Johnton
123,Kristin Lindsey,Business,53186.0,2021-07-26,Katieview
124,Jason Barton,Business,6856.74,2022-10-20,New Tinaview
125,Tyler Moss,Business,94019.52,2021-02-26,West Johnton
