account_id,customer_name,account_type,balance,opened_date,branch
1,Rebekah Shaffer,Business,41381.42,2022-12-09,South Debra
2,Daniel Thornton,Business,27486.94,2020-05-26,South Cindy
3,Valerie Vargas,Checking,43019.23,2023-10-20,Barreraville
4,Kristen Walker,Savings,98748.58,2021-10-16,Barreraville
5,Christine Greene,Savings,56800.45,2021-01-20,Stoneside
6,Christopher Cortez,Savings,32187.59,2020-03-28,Anthonymouth
7,Phyllis Johnson,Business,77859.11,2020-06-23,Lake Daniel
8,Michelle Buchanan,Checking,62372.26,2023-09-27,Christinefort
9,Darren Rogers,Business,81696.68,2022-01-13,Barreraville
10,Randall Lyons,Checking,53949.79,2021-10-17,South Cindy
11,Madison Willis,Savings,28171.58,2022-08-25,Stoneside
12,Joseph Hughes,Checking,45986.08,2023-06-07,Coryshire
13,Ashley Diaz,Savings,21964.49,2022-08-31,Hansenmouth
14,Mark Melton,Savings,3022.24,2022-06-10,Coryshire
15,Renee Cline,Savings,67582.5,2022-07-06,Hansenmouth
16,Marcus Thompson,Savings,86908.68,2022-07-15,Christinefort
17,Douglas Bullock,Business,23032.84,2021-09-16,Christophermouth
18,Daniel Montoya,Checking,34306.2,2020-03-17,Christinefort
19,Dawn Fitzpatrick,Checking,38194.44,2021-10-19,Anthonymouth
20,Ernest Vega,Business,77070.93,2020-06-17,South Cindy
21,Latasha Lopez,Savings,62545.55,2023-02-22,Barreraville
22,Russell Thompson,Savings,86163.4,2020-05-16,Anthonymouth
23,Lisa Grant,Checking,45450.33,2021-08-23,Barreraville
24,Ronald Richardson,Business,26299.66,2023-12-20,Stoneside
25,Scott Cook,Checking,3361.97,2022-06-09,South Cindy
26,Debra Roach,Business,55072.49,2022-09-01,South Cindy
27,Victoria Golden,Savings,18584.32,2022-10-19,Hansenmouth
28,Sharon Diaz,Savings,6522.49,2023-03-16,Coryshire
29,Antonio Mcclure,Business,86451.94,2021-12-07,South Debra
30,Anita Espinoza,Savings,24738.37,2022-05-25,Barreraville
31,Dawn Johnson,Checking,14760.65,2020-11-02,Christinefort
32,Terri Larson,Savings,32705.42,2022-04-30,Anthonymouth
33,Ryan Horton,Savings,42374.63,2021-03-22,Coryshire
34,Thomas Miller,Checking,42568.95,2020-03-27,Christophermouth
35,Garrett Cameron,Savings,11959.23,2023-03-19,Christophermouth
36,Craig Castillo,Savings,45669.9,2021-10-31,Coryshire
37,Barbara Wheeler,Savings,58861.24,2022-09-25,Stoneside
38,Charles Richardson,Savings,70906.68,2020-10-07,Lake Daniel
39,Robert Freeman,Savings,78534.86,2023-08-21,Barreraville
40,Carlos Romero DDS,Checking,89219.9,2020-02-25,South Cindy
41,Nancy Choi,Savings,67617.86,2020-09-25,Stoneside
42,Stephanie Lopez,Checking,12034.35,2021-03-22,Barreraville
43,Joseph Garcia,Checking,7942.27,2021-10-28,Christinefort
44,Travis Barton,Checking,97069.71,2021-06-18,Anthonymouth
45,Jacqueline Anderson,Savings,37002.73,2020-07-30,Anthonymouth
46,Keith Jones,Business,80556.03,2022-04-08,South Debra
47,Mrs. Amber Gonzalez,Checking,13490.96,2021-11-07,Anthonymouth
48,Lisa Chung,Savings,27488.37,2022-07-29,Anthonymouth
49,Jessica Rodriguez,Business,27644.35,2023-06-09,Anthonymouth
50,Matthew Patterson,Checking,36719.62,2020-07-18,Christinefort
51,Christina Riley,Business,47653.11,2023-03-11,Coryshire
52,Alexandria Ward,Checking,53675.55,2023-02-19,Christophermouth
53,Amy Anderson,Business,44650.88,2022-06-24,Christinefort
54,Ronnie Gomez,Checking,89197.63,2023-06-27,Barreraville
55,Alyssa Reyes,Savings,2554.09,2023-02-09,Christinefort
56,Erika Hughes,Business,68583.08,2023-10-13,Hansenmouth
57,James Franklin,Checking,45925.9,2021-01-12,Stoneside
58,Robert Clark,Business,94890.99,2020-07-19,Christophermouth
59,Brian Butler,Business,52189.78,2024-01-30,Barreraville
60,Micheal Nelson,Savings,94938.67,2021-12-04,Stoneside
61,David Cook,Savings,54730.46,2022-01-05,South Cindy
62,Tracy Malone,Business,77749.79,2024-01-10,South Debra
63,Haley Burns,Savings,4949.77,2021-02-18,Christophermouth
64,Robert Jones,Business,40311.54,2020-06-11,Anthonymouth
65,Allison Webb,Checking,38895.34,2022-09-21,Christinefort
66,Peter Soto,Savings,87326.17,2023-12-21,Hansenmouth
67,Carrie Alvarez,Checking,40210.48,2023-12-08,Stoneside
68,Pamela Andrews,Savings,36353.51,2023-05-18,Anthonymouth
69,Timothy Wallace,Business,74807.35,2024-02-06,Anthonymouth
70,Bradley Wilson,Savings,11306.89,2021-03-10,South Debra
71,Patricia Peterson,Checking,58835.63,2022-09-24,Lake Daniel
72,Briana Baker,Business,91372.5,2020-05-29,South Cindy
73,Eric Parker,Savings,41074.38,2021-07-22,Stoneside
74,John Thomas,Checking,91599.67,2023-05-07,Christophermouth
75,Carol Sutton,Checking,38059.98,2020-04-16,Christophermouth
76,Laura Espinoza,Checking,94119.56,2023-03-08,Stoneside
77,Kyle Haynes,Business,15684.2,2021-08-08,Christinefort
78,Anne Brooks,Savings,36119.45,2023-10-05,Stoneside
79,Amy Williams,Checking,76565.3,2021-11-15,Christophermouth
80,Robert Potts PhD,Checking,60693.0,2023-10-15,Stoneside
81,Erika Johnson,Savings,84166.32,2020-10-30,Hansenmouth
82,Mark Buckley,Checking,54963.61,2020-11-03,Hansenmouth
83,Stephen Ford,Savings,16302.71,2020-12-14,Coryshire
84,Wendy Stewart,Checking,93837.37,2022-06-15,South Debra
85,Barbara Elliott,Savings,12647.9,2021-08-30,Christophermouth
86,Jeffrey Foster,Checking,94282.64,2023-02-07,Christophermouth
87,Theresa Farmer,Checking,76132.95,2022-01-07,South Cindy
88,Randy Brown,Savings,16602.9,2021-08-11,Coryshire
89,Jennifer Jones,Business,99256.35,2020-09-24,Stoneside
90,Brandon Browning,Checking,86313.82,2022-03-25,Lake Daniel
91,Alexis Shaffer,Checking,52394.45,2022-09-20,South Debra
92,Michael Johnson,Business,40568.7,2022-04-24,Christinefort
93,Mark Shah,Business,33806.61,2023-06-10,Christinefort
94,Karen Gonzalez,Checking,87249.88,2022-10-09,Coryshire
95,Madeline Turner,Business,11780.55,2023-01-01,Anthonymouth
96,Maria Maldonado,Checking,409.36,2022-03-08,Barreraville
97,Keith Rhodes,Business,26005.67,2021-02-27,Stoneside
98,Jennifer Harris,Savings,23162.78,2020-05-19,Barreraville
99,Timothy Martinez,Business,90926.67,2021-05-08,South Debra
100,Matthew Dawson,Business,78164.57,2023-11-13,Barreraville
101,Janice Weber,Savings,37984.4,2024-01-10,Coryshire
102,Samantha Peters,Savings,3871.31,2022-03-19,Stoneside
103,Daniel Stevens,Savings,17711.6,2023-05-28,South Cindy
104,Joseph Webb,Savings,38062.37,2020-12-19,Stoneside
105,Robert Dorsey,Business,93158.44,2020-12-28,Stoneside
106,Victor Keller,Savings,7674.45,2022-02-25,Christophermouth
107,Joshua Mcgee,Business,52897.13,2022-11-01,Hansenmouth
108,Monique Townsend,Business,68367.75,2022-02-04,Christophermouth
109,Rachel Miller,Checking,25286.74,2023-07-13,Christinefort
110,Diane Gordon,Business,42710.56,2022-08-02,Lake Daniel
111,Jerry Smith,Savings,64749.82,2023-01-13,Lake Daniel
112,Sandra Ewing,Checking,72122.34,2023-05-30,Christinefort
113,Larry Little,Checking,22348.33,2021-06-04,Barreraville
114,Wendy Lyons,Savings,40677.75,2020-10-28,Christophermouth
115,Kelsey Dalton,Checking,55701.12,2021-09-01,Coryshire
116,Jeff White,Business,25457.96,2020-09-06,Anthonymouth
117,Angela Price,Checking,5754.79,2020-11-15,South Cindy
