account_id,customer_name,account_type,balance,opened_date,branch
1,Russell Jones,Checking,27051.83,2022-08-14,West Tiffany
2,David Booth,Business,64412.82,2020-11-20,Cindybury
3,Sarah Hernandez,Business,59559.16,2021-05-14,Rebeccaville
4,Lisa Mcgee,Checking,8319.85,2021-07-24,Stevensfort
5,Craig Padilla,Checking,71972.96,2022-02-13,Riverafort
6,Karen Cortez,Checking,29745.88,2023-02-01,Stevensfort
7,Elizabeth Reed,Checking,94086.85,2023-03-13,Stevensfort
8,Christopher Johnson,Business,96033.24,2021-11-11,West Tiffany
9,Robert Larson,Checking,77624.58,2023-04-08,Port Evan
10,Russell Garcia,Savings,78719.82,2022-04-08,Cindybury
11,John Cabrera,Checking,99083.75,2020-03-10,West Rebeccastad
12,Thomas Shaw,Checking,57740.93,2023-04-05,Cindybury
13,Cameron Hill,Savings,20368.24,2021-08-31,South Joshua
14,Tracy Cantrell,Business,41022.28,2023-07-17,Foxborough
15,Crystal Johnson,Business,95587.51,2021-06-23,Port Evan
16,David Galloway,Business,16541.52,2023-11-20,Stevensfort
17,Jennifer Brewer,Checking,87887.97,2020-12-27,Cindybury
18,Samantha Woodard,Checking,79617.99,2023-07-01,West Tiffany
19,Rose Horton,Savings,75464.07,2024-01-01,Sarahburgh
20,Jane Gonzalez,Checking,9518.75,2022-10-11,Rebeccaville
21,Stephanie Mcmahon,Savings,88057.71,2020-03-15,Foxborough
22,Michael Glover,Savings,93341.17,2023-07-05,South Joshua
23,Mr. Nicholas Moore,Checking,98700.75,2020-08-19,Rebeccaville
24,Sandra Patterson,Savings,10980.09,2020-08-03,West Tiffany
25,Kathy Bennett,Savings,12017.15,2022-03-23,West Tiffany
26,Isaiah Evans,Checking,94407.53,2020-10-24,Rebeccaville
27,Jessica Morgan,Checking,30611.33,2020-12-11,Cindybury
28,Brian Flynn,Business,83389.79,2020-08-09,Rebeccaville
29,Jennifer Wright,Checking,87535.92,2021-03-20,West Rebeccastad
30,Edward King,Business,89188.59,2023-12-28,Foxborough
31,Miss Andrea Williams,Savings,175.75,2023-03-13,Port Evan
32,James Casey DDS,Checking,31262.53,2023-12-15,Port Evan
33,Robert Bailey,Checking,75841.76,2021-11-10,Port Evan
34,Derek Lopez,Business,20097.03,2021-11-10,Rebeccaville
35,Nicole Alvarado,Business,74757.17,2020-05-07,Sarahburgh
36,Samuel Medina,Checking,38289.12,2023-05-28,Riverafort
37,Richard Summers,Savings,1541.54,2023-03-15,Rebeccaville
38,Joseph Hall,Business,7538.42,2021-02-19,Foxborough
39,Theresa Graves,Checking,75480.91,2022-08-08,Riverafort
40,Leroy Wright,Savings,73079.93,2023-08-31,Cindybury
41,John Ayala,Savings,58390.71,2023-11-04,Sarahburgh
42,John Robertson,Savings,27003.41,2020-09-29,Sarahburgh
43,James Lee,Savings,62858.03,2023-07-02,Stevensfort
44,Emily Robinson,Business,78165.9,2021-08-21,Foxborough
45,Cory Carroll,Business,71733.09,2023-06-17,Riverafort
46,Paul Jacobson,Savings,79948.76,2020-04-08,Sarahburgh
47,Seth Mack,Checking,97513.16,2022-11-13,Stevensfort
48,Lisa Diaz,Business,18137.03,2024-02-07,Foxborough
49,Christopher Robinson,Checking,20733.28,2022-01-17,Foxborough
50,Jordan Sullivan,Checking,24597.62,2023-03-22,West Tiffany
51,Jennifer Murphy,Checking,11516.77,2020-06-22,Cindybury
52,Marcus Fowler,Business,30006.56,2023-07-30,West Tiffany
53,Laurie Pearson,Savings,79093.21,2023-02-02,Riverafort
54,Larry Russell,Business,65915.9,2022-03-17,South Joshua
55,Brian Lawrence,Savings,23000.78,2021-01-12,Foxborough
56,Amber Johnson,Business,65542.97,2023-12-07,Stevensfort
57,Matthew Vargas,Business,76418.9,2023-06-15,South Joshua
58,Jeffery Conley,Savings,73285.47,2021-07-04,Rebeccaville
59,Eric Ortega,Business,6886.62,2020-09-07,Sarahburgh
60,Bruce Ramirez,Business,81449.98,2023-04-30,West Rebeccastad
61,Nathan Garcia,Checking,81718.7,2020-07-06,Rebeccaville
62,Donald Smith,Checking,10065.79,2022-11-28,West Rebeccastad
63,Tyler Kim,Savings,11870.25,2020-08-27,Cindybury
64,Brian Oliver,Business,7072.2,2021-11-17,Foxborough
65,Denise Jenkins,Business,32015.96,2023-05-01,Foxborough
66,Rebecca Lewis,Checking,58964.27,2021-06-06,West Tiffany
67,Katrina Campbell,Checking,73095.49,2022-12-19,Sarahburgh
68,Meghan Hernandez,Business,89040.31,2023-03-12,West Rebeccastad
69,Zachary Aguilar,Savings,36590.19,2021-10-15,Port Evan
70,Timothy Figueroa,Business,88219.69,2022-06-10,West Tiffany
71,Jason Adams,Savings,6665.81,2023-05-05,Riverafort
72,Jeremy Ward,Business,28668.29,2022-01-15,Port Evan
73,Todd Robinson,Checking,16051.43,2023-04-17,Riverafort
74,Kevin Hughes,Checking,95811.13,2022-09-07,Stevensfort
75,David Gomez,Checking,41382.44,2021-04-15,South Joshua
76,Jordan Shields,Business,66357.42,2023-11-18,Foxborough
77,Jennifer Martin,Business,3551.38,2021-06-07,West Tiffany
78,Joel Lane,Savings,47490.05,2021-02-20,Stevensfort
79,Ashley Smith,Business,76318.49,2021-06-28,Sarahburgh
80,Joshua Costa,Checking,970.38,2023-07-14,Foxborough
81,Rebecca Morgan,Checking,56379.04,2022-06-30,Port Evan
82,Anna Harvey,Checking,37628.06,2022-08-08,Rebeccaville
83,Scott Lynn,Savings,37119.14,2021-01-14,West Tiffany
84,Jennifer Atkins,Checking,93444.98,2020-10-13,Stevensfort
85,Thomas Phillips,Business,73295.54,2022-03-22,Foxborough
86,Jesse Ross,Savings,42844.49,2020-04-22,Foxborough
87,Sherri Mays,Business,86760.31,2020-03-25,Sarahburgh
88,Allison Cummings,Business,66354.09,2021-04-27,Sarahburgh
89,Bryan Owens,Business,54176.48,2022-06-25,Foxborough
90,Alicia Williams,Business,646.23,2021-03-25,West Tiffany
91,Heather Harvey,Savings,89267.34,2022-01-22,Port Evan
92,James Woods,Savings,71716.75,2023-04-21,Port Evan
93,James Brewer,Checking,31994.23,2022-02-17,Riverafort
94,Michael Flores,Savings,7342.71,2021-12-01,Stevensfort
95,Jeffrey Ruiz,Checking,99496.07,2020-06-05,West Tiffany
96,Neil Wagner,Checking,74218.01,2021-02-21,West Tiffany
97,Robert Trujillo,Business,79936.77,2022-11-05,Sarahburgh
98,Mary Church,Savings,79160.07,2021-09-19,Sarahburgh
99,Carmen Moyer,Savings,82205.12,2022-10-09,West Rebeccastad
100,David Phillips,Business,14472.88,2023-07-10,Sarahburgh
101,Ryan Lucas,Savings,56643.17,2022-06-12,Stevensfort
102,Edward Miller,Business,91074.6,2022-05-23,West Tiffany
103,Jocelyn Moses,Checking,37266.47,2023-08-21,Cindybury
104,Erika Patrick,Savings,84325.96,2021-12-24,Sarahburgh
105,Morgan Moon,Savings,64316.45,2021-01-10,West Tiffany
106,Shawn Huffman,Savings,83193.91,2023-04-01,Foxborough
107,Joshua Woods,Savings,2917.41,2023-04-19,Rebeccaville
108,Jason Bender,Business,20358.19,2021-09-23,Foxborough
109,Ashley Mitchell,Checking,38957.18,2020-12-31,Riverafort
110,Sheila Franklin,Business,75398.41,2021-12-07,Cindybury
111,Sara Zhang,Checking,34476.43,2021-03-01,South Joshua
112,Jon Arnold,Business,6270.17,2023-04-30,Stevensfort
113,Amber Mcdonald,Savings,32463.4,2021-09-11,Stevensfort
114,William Arnold,Business,35723.17,2020-07-16,Port Evan
115,Debbie Mcdowell,Business,8190.49,2023-05-22,Cindybury
116,Christopher Lewis,Checking,86497.7,2020-08-22,Stevensfort
117,Shane Anthony,Business,68197.89,2022-05-04,Sarahburgh
118,Melissa Alvarez,Checking,44961.1,2022-12-13,South Joshua
119,Terry Reyes,Business,46440.76,2022-01-20,West Tiffany
120,John Simmons,Checking,73576.52,2021-04-19,Port Evan
121,Scott Carter,Checking,13582.73,2022-02-21,West Tiffany
122,Kathryn York,Checking,16983.45,2021-08-19,South Joshua
123,Brian Ellis,Business,75568.81,2023-09-27,Rebeccaville
124,Patricia Murillo,Checking,21840.99,2021-03-01,Cindybury
125,Melissa Mcdonald,Business,65096.61,2020-02-29,South Joshua
126,Adam Rogers,Savings,48910.7,2022-06-08,Riverafort
127,Lisa Mays,Savings,84957.7,2020-09-27,Riverafort
128,Timothy Ortiz,Checking,30405.53,2023-02-04,Riverafort
129,Gary Rodriguez,Savings,74760.49,2020-04-30,Stevensfort
130,Alexander Rodriguez,Savings,28781.39,2020-08-28,West Rebeccastad
131,Mackenzie Smith,Business,86390.17,2022-04-04,South Joshua
132,Maria Hurst,Savings,65707.75,2023-09-12,Riverafort
133,Robert Bartlett Jr.,Business,63822.0,2023-09-30,Stevensfort
134,Cynthia Hanna,Checking,45055.92,2022-04-10,South Joshua
135,Kimberly Baker MD,Savings,79975.34,2020-07-07,West Tiffany
136,Stacey Hubbard,Business,51146.01,2020-11-01,West Tiffany
137,David King,Business,31196.03,2021-02-05,Rebeccaville
138,Stephen Conner,Checking,44172.9,2021-03-22,Foxborough
139,Steven Espinoza,Business,4063.77,2022-05-09,Stevensfort
140,Ryan Warner,Savings,89386.33,2022-11-03,South Joshua
