account_id,customer_name,account_type,balance,opened_date,branch
1,David Ford,Checking,41545.53,2022-11-15,Clarkville
2,Harold Johnson,Business,18895.22,2024-02-07,West Jeffreyborough
3,Sandra Holt,Checking,14321.85,2021-02-23,Leeville
4,William Mitchell,Checking,87135.01,2020-12-26,Fosterton
5,Donald Powell Jr.,Savings,96908.45,2021-09-21,New Brian
6,Matthew Smith,Savings,90553.88,2022-10-08,Leeville
7,Tom Donaldson,Business,81580.96,2021-11-28,Smithburgh
8,Heather Garrett,Checking,82972.69,2021-03-22,Snyderstad
9,Alexis Moore,Business,54610.9,2020-07-05,New Brian
10,Emily Mayer,Checking,96676.01,2022-07-02,North Jennifer
11,Scott Allen,Checking,68866.8,2021-06-26,West Jeffreyborough
12,Amanda Hatfield,Business,88648.94,2022-12-11,Whitestad
13,Jeffrey Fowler,Checking,24600.97,2023-06-05,West Loriland
14,Jason Johnson,Savings,10967.13,2023-05-30,Clarkville
15,Shawn Barker,Checking,87833.43,2020-04-17,Leeville
16,Charles Sanders,Business,7476.87,2021-07-06,Whitestad
17,Cassandra Sutton,Business,6289.24,2022-04-13,Whitestad
18,Mary Kent,Checking,89767.13,2022-06-13,Fosterton
19,Krista Stephens DVM,Checking,76275.09,2020-09-24,West Jeffreyborough
20,John Wood,Savings,97436.42,2022-05-06,Whitestad
21,Caitlin Moreno,Business,3862.34,2024-02-11,West Loriland
22,Heather Larson,Business,95478.76,2021-06-06,Fosterton
23,Craig Klein Jr.,Business,79243.46,2022-09-22,North Jennifer
24,Thomas Morris,Business,4826.51,2020-12-23,North Jennifer
25,Carla Morgan,Checking,5662.42,2023-03-31,Snyderstad
26,Katie Wells,Savings,72073.99,2020-05-29,Fosterton
27,Darin Foster,Savings,79864.72,2022-09-17,Snyderstad
28,Wendy Mason,Business,98829.33,2023-02-17,Whitestad
29,Karen Herman,Savings,82340.57,2020-05-31,Leeville
30,Michael Pearson,Business,8958.91,2023-05-11,New Brian
31,Samantha Gray,Checking,64488.26,2021-07-21,Snyderstad
32,Gary Figueroa,Checking,7655.34,2023-12-23,West Jeffreyborough
33,Jessica Cook,Checking,52052.14,2021-11-01,West Jeffreyborough
34,Blake Phillips,Savings,96978.81,2023-03-05,Clarkville
35,Jessica Miller,Business,6285.99,2022-09-10,Fosterton
36,David Jones,Savings,87620.44,2021-05-08,Smithburgh
37,James Sullivan,Checking,12858.46,2022-06-02,North Jennifer
38,Michael Mendoza Jr.,Checking,33791.29,2023-08-24,Whitestad
39,Kenneth Cochran,Business,95359.7,2022-01-10,Fosterton
40,Andrea Long,Savings,53589.48,2020-08-10,West Loriland
41,Pamela Sanders,Business,47668.03,2022-02-17,Leeville
42,Douglas Williams,Checking,96223.91,2023-07-20,West Jeffreyborough
43,Dr. Joshua Ho,Savings,9674.27,2021-03-20,Leeville
44,Glenn Walsh,Checking,34526.3,2023-01-30,Smithburgh
45,Courtney Garcia,Business,85769.22,2022-11-10,New Brian
46,Daniel Shah,Checking,17782.27,2020-04-12,Smithburgh
47,Natalie Rivera,Savings,95182.85,2022-03-14,West Jeffreyborough
48,Mr. Isaac Paul Jr.,Business,30394.25,2020-09-28,Fosterton
49,Victoria Brown,Business,67428.86,2022-02-22,Fosterton
50,Vincent Olsen MD,Savings,58314.85,2020-11-17,Snyderstad
51,David Brown,Checking,71479.69,2021-05-12,Snyderstad
52,Michelle Jimenez,Business,14514.76,2023-06-03,Clarkville
53,Anthony Johnson,Savings,62993.98,2021-10-09,Leeville
54,Sharon Davis,Savings,98133.71,2023-11-02,Leeville
55,Matthew Hensley,Savings,50337.47,2021-10-26,West Loriland
56,Mr. Damon Miller,Savings,56106.15,2023-11-28,West Jeffreyborough
57,Megan Thompson,Savings,52798.84,2021-11-10,Leeville
58,Patricia Carlson,Business,38334.96,2021-06-09,West Jeffreyborough
59,Aaron Reilly,Savings,37733.53,2021-10-25,West Loriland
60,Hannah Higgins,Business,61557.71,2023-02-07,North Jennifer
61,Wanda Warren,Checking,42605.28,2023-09-18,New Brian
62,Jeffrey Garza,Savings,33721.49,2023-03-26,North Jennifer
63,Stacy Galvan,Business,90372.55,2022-06-26,West Loriland
64,Sandra Johnson,Savings,23256.0,2023-04-05,Fosterton
65,Joe Leon,Savings,54225.63,2020-09-13,Clarkville
66,Jennifer Rodriguez,Savings,62172.68,2021-01-11,Snyderstad
67,Patrick Green,Business,12265.44,2020-06-05,Clarkville
68,David Williams,Checking,98408.71,2021-03-27,West Loriland
69,Nicole Thomas,Business,46074.89,2022-04-28,West Jeffreyborough
70,Julie Smith,Checking,77073.32,2022-12-01,Snyderstad
71,Garrett Hill,Savings,31218.53,2022-06-10,Snyderstad
72,Kyle Wolfe,Savings,99838.14,2020-07-20,Whitestad
73,Samuel Martinez,Savings,47894.92,2023-11-21,New Brian
74,Robert Anderson,Checking,19190.5,2022-06-02,Clarkville
75,Cameron Thompson MD,Checking,60255.23,2021-12-26,Leeville
76,Jason Trujillo,Savings,66242.71,2021-06-28,Fosterton
77,Anita Spears,Checking,55008.29,2020-03-17,Whitestad
78,Stephen Rojas,Checking,44994.55,2023-01-31,Snyderstad
79,April Holt,Business,48043.76,2021-01-16,Clarkville
80,Melissa Torres,Savings,59095.1,2023-03-09,Whitestad
81,Megan Kidd,Business,67886.41,2020-04-07,New Brian
82,Timothy Johnson,Checking,3544.0,2022-01-25,Snyderstad
83,Michelle Bender,Business,14280.36,2023-08-06,New Brian
84,Dwayne Watson,Business,94300.25,2020-11-24,West Jeffreyborough
85,Dylan Gray,Checking,99211.17,2022-11-03,Fosterton
86,Arthur Dixon,Business,73844.42,2023-07-27,Leeville
87,Brian Bowers,Checking,64200.46,2022-12-09,Whitestad
88,Jennifer Hinton,Business,54592.85,2020-05-25,West Loriland
89,David Lowery,Savings,55991.87,2022-09-19,Clarkville
90,Anita Tran,Business,12819.75,2023-07-27,Snyderstad
91,John Humphrey,Business,49797.25,2023-01-28,Leeville
92,Brian Gillespie,Checking,94256.91,2020-04-21,Leeville
93,Connie Hopkins,Business,73740.9,2020-07-04,Fosterton
94,Rachel Dunn,Checking,92426.53,2022-02-07,Leeville
95,Norma Perry,Savings,76030.38,2020-04-29,New Brian
96,Jasmine Mccall,Savings,8425.82,2023-10-08,New Brian
97,Krista Anderson,Business,9217.48,2020-02-16,Fosterton
98,Casey Brown,Checking,58347.63,2022-04-23,Clarkville
99,Joseph Pruitt,Savings,71889.82,2021-02-15,Snyderstad
100,Savannah Davis,Business,51913.19,2023-05-17,Whitestad
101,Kristin Soto,Savings,73061.11,2023-02-07,Snyderstad
102,Melissa Holland,Savings,30941.44,2023-01-27,New Brian
103,Dylan Smith,Checking,13614.25,2023-01-06,North Jennifer
104,Lisa Lee,Checking,99759.16,2020-04-28,North Jennifer
105,Jamie Fowler,Savings,53326.27,2024-01-09,North Jennifer
106,Timothy Peterson,Business,66209.32,2022-09-21,Clarkville
107,Megan Jacobs,Business,27401.75,2022-11-26,West Jeffreyborough
108,Michele Pierce,Savings,67540.87,2021-01-03,West Loriland
109,Cheryl Rios,Business,89559.19,2020-07-05,Whitestad
110,Timothy Fowler,Checking,55776.72,2023-09-19,Clarkville
111,Anthony Boyd,Savings,35311.78,2022-09-07,Fosterton
112,Emily Cox,Savings,86458.37,2022-08-10,West Jeffreyborough
