account_id,customer_name,account_type,balance,opened_date,branch
1,Mark Blankenship,Savings,55763.37,2022-02-21,Davidland
2,Joshua Martinez,Checking,33633.36,2021-07-31,South Lisa
3,Tim Johnson,Business,25414.35,2022-07-10,Davidland
4,Kenneth Contreras,Business,64227.68,2021-10-04,East Michelle
5,Joshua Wallace,Checking,7541.61,2021-12-05,Lake Michelle
6,Tiffany Russell,Checking,93984.2,2022-03-22,Lake Michelle
7,Melissa Thomas,Business,19439.82,2021-10-30,South Johnmouth
8,Cameron Beard,Checking,14005.86,2022-08-02,South Lisa
9,Cathy Massey,Savings,59578.52,2020-07-05,Cruzmouth
10,Gregory Thomas,Checking,12608.16,2020-02-23,Cruzmouth
11,Walter Tate,Checking,7952.31,2022-06-17,Lake Michelle
12,Jeffrey Manning,Business,84636.33,2022-11-08,South Johnmouth
13,Robert Black,Savings,66535.06,2021-04-10,Feliciafort
14,Donald Phillips,Business,75288.68,2021-11-06,Davidland
15,Derek Parrish,Business,39804.77,2021-07-26,South Lisa
16,Kyle Harrison,Savings,48389.56,2020-09-02,Davidland
17,Christopher Parks,Savings,7986.66,2020-12-12,Port Patriciaville
18,Thomas Lopez,Checking,66010.3,2020-09-04,South Lisa
19,Scott Kelly,Savings,90116.6,2022-12-18,East Michelle
20,Amber Gomez,Savings,7744.8,2020-04-19,Feliciafort
21,Austin Villarreal,Checking,69358.68,2023-12-30,Lake Michelle
22,Stephanie Martin,Business,43250.67,2022-02-02,Port Patriciaville
23,Aaron Rivera,Savings,72421.06,2022-05-04,East Michelle
24,Jordan Myers,Checking,81683.14,2022-12-17,West Richardport
25,Juan Esparza,Savings,31944.28,2020-09-25,Lake Michelle
26,Charles Miller,Checking,52615.93,2020-06-14,West Richardport
27,Julia Hicks,Business,71898.45,2020-05-13,Feliciafort
28,Raymond Hendrix,Savings,81467.73,2020-03-13,South Johnmouth
29,Pamela Collins,Savings,2971.57,2021-06-25,East Michelle
30,Diana Roman,Savings,28929.17,2020-10-29,East Michelle
31,Steve Odonnell,Savings,20692.76,2023-03-30,South Johnmouth
32,Brandon Sexton,Business,32190.91,2021-09-24,West Richardport
33,Sherry Hill,Checking,33396.64,2022-03-25,Feliciafort
34,Kelly Vega,Checking,22325.59,2020-05-14,West Richardport
35,Don Rangel,Savings,35232.27,2020-05-08,Port Patriciaville
36,Lee Harris,Business,35108.88,2022-11-14,West Richardport
37,Ann Zhang,Savings,84615.64,2021-03-13,Port Robert
38,Jennifer Rice,Checking,51311.14,2020-06-24,Cruzmouth
39,Daniel Russell,Checking,95428.34,2021-01-06,South Lisa
40,Nicole Wade,Business,46315.84,2022-06-19,Feliciafort
41,Michael Larson,Checking,36752.8,2020-12-01,South Lisa
42,Nicholas Mendoza,Business,80099.6,2022-02-13,Port Patriciaville
43,Jessica Padilla,Business,48026.66,2020-10-21,South Johnmouth
44,Vicki Moore,Checking,39134.82,2022-04-08,Cruzmouth
45,Andrew Savage,Business,87662.59,2020-07-04,Port Robert
46,Nathan Perez,Business,47752.13,2023-03-13,East Michelle
47,Veronica Gilbert,Savings,79084.82,2022-08-18,Lake Michelle
48,Maria Cummings,Checking,28183.54,2020-08-27,East Michelle
49,Scott Smith,Business,7661.54,2023-08-08,West Richardport
50,Charles Molina DDS,Business,22751.08,2022-05-11,Port Robert
51,Juan Ward,Savings,16223.66,2023-09-16,West Richardport
52,Christopher Patterson,Business,47711.49,2020-03-22,East Michelle
53,John Smith,Savings,98329.2,2021-02-14,Port Robert
54,Dawn Jones,Business,66143.32,2021-04-28,South Johnmouth
55,Michelle Wood,Savings,90827.48,2020-03-07,Lake Michelle
56,Christopher Love,Checking,47001.26,2020-10-13,Cruzmouth
57,Carl Garrett,Checking,47053.34,2021-04-23,West Richardport
58,Wendy Heath,Checking,35619.01,2020-05-24,Port Robert
59,Rebecca Carson,Checking,85222.74,2021-12-21,Feliciafort
60,Jacob Garza,Checking,17138.84,2023-08-11,Davidland
61,Judith Combs,Business,8859.97,2021-06-25,Davidland
62,Thomas Garcia,Business,84850.82,2022-09-05,Cruzmouth
63,Travis Brown,Business,60020.0,2022-09-23,Port Robert
64,Colleen Cruz,Checking,13854.27,2023-06-14,Davidland
65,Daniel Garrett,Checking,49106.45,2022-07-03,Lake Michelle
66,Michael Durham,Savings,94042.18,2021-09-06,Feliciafort
67,Mark Colon,Checking,45643.74,2023-01-14,Feliciafort
68,Vanessa Brown,Business,76265.18,2020-06-17,South Johnmouth
69,Meredith Johnson,Business,56574.57,2022-10-02,Davidland
70,Craig Jones,Savings,48957.09,2020-03-10,Port Patriciaville
71,Valerie Jacobson,Savings,54972.37,2022-06-03,Port Patriciaville
72,Sheryl Rogers,Checking,22370.64,2022-05-24,Davidland
73,John Ramirez,Business,13900.44,2020-10-11,East Michelle
74,Stephanie Wilson,Business,51478.4,2020-07-20,South Johnmouth
75,Richard Thompson,Savings,64090.16,2022-01-02,South Johnmouth
76,Julie Lynch,Savings,71245.56,2022-03-12,Lake Michelle
77,Charles Medina,Checking,6097.68,2023-05-19,Feliciafort
78,Leslie Jones,Savings,2074.99,2021-06-19,Davidland
79,Jessica Williams,Business,11488.01,2022-10-27,Port Robert
80,James Rodriguez,Business,62269.58,2021-12-24,Feliciafort
81,Vincent Williams,Business,92420.63,2022-10-06,Davidland
82,Robert Guerrero,Business,14407.56,2021-03-04,Cruzmouth
83,Christopher Hansen,Business,44789.47,2021-07-01,Davidland
84,Michael Garcia,Checking,93062.96,2023-12-16,Cruzmouth
85,Jeffrey Morton,Savings,69231.6,2023-08-23,Davidland
86,Robert Baker,Business,67638.45,2021-03-03,South Johnmouth
87,Alexander Andrews,Business,51497.69,2020-11-20,Davidland
88,Jordan Ramirez,Business,66550.0,2021-10-23,Port Patriciaville
89,Thomas Smith,Business,24273.44,2023-07-25,Feliciafort
90,Evan Stewart,Business,39378.0,2023-12-23,Davidland
91,Kaitlin Brown,Business,41245.75,2021-01-02,South Lisa
92,Megan Thomas,Checking,27310.03,2023-08-23,West Richardport
93,Richard Ochoa,Savings,3909.58,2020-12-17,South Lisa
94,Jamie Perez,Savings,65105.46,2020-09-04,South Lisa
95,Vanessa Wood,Business,65981.89,2020-03-03,South Lisa
96,Sarah Tucker,Business,38241.33,2023-03-19,Davidland
97,Jeremy Hernandez,Checking,67884.78,2023-09-13,East Michelle
98,Jeffrey Gutierrez,Savings,15504.68,2022-08-17,Lake Michelle
99,Joel Peterson,Business,8932.63,2021-06-22,Feliciafort
100,David Barnett,Savings,97931.8,2023-07-01,Cruzmouth
101,Raymond Gaines,Savings,92999.66,2023-11-18,West Richardport
102,Carolyn Hensley,Checking,80332.37,2021-02-25,Port Patriciaville
103,Justin Castro,Checking,51095.91,2021-01-13,Feliciafort
104,James Robinson,Business,74407.31,2022-11-27,Port Robert
105,Barbara Alvarez,Checking,79396.12,2020-07-31,Port Patriciaville
106,Samantha Marshall,Savings,91190.49,2021-12-21,Davidland
107,Matthew Warner,Savings,76597.29,2022-04-29,Lake Michelle
108,Daniel Garcia,Savings,44856.61,2022-01-30,South Lisa
109,Alicia Baker,Checking,39516.38,2022-07-19,Davidland
110,Steven Wood,Checking,66715.07,2020-10-06,Feliciafort
111,Sabrina Cochran,Checking,85505.82,2020-06-28,Cruzmouth
112,Angela Diaz,Savings,18575.74,2023-01-28,East Michelle
113,Christopher Gomez,Business,72615.71,2023-09-23,Feliciafort
114,Samantha Adams,Business,98738.64,2023-06-18,South Lisa
115,Karen Johnson,Business,7381.62,2021-01-29,East Michelle
116,Danielle Young,Checking,75229.82,2023-02-23,Cruzmouth
117,Maria Robbins,Checking,78942.64,2020-08-03,South Johnmouth
118,Tyler Forbes,Savings,91658.03,2023-11-21,Davidland
119,Michael Bell,Business,32350.98,2020-09-13,Feliciafort
120,Derek Wade,Business,92276.46,2023-01-24,Feliciafort
121,Brandon Harper,Checking,8664.6,2022-07-30,South Johnmouth
122,Elizabeth Davidson,Checking,80246.54,2021-08-22,Cruzmouth
123,Eugene Bryant,Savings,32336.38,2020-10-28,West Richardport
124,Jeremy Larson,Checking,96162.48,2021-05-13,East Michelle
125,Tara Aguirre,Business,23391.63,2020-08-26,South Lisa
126,Stacy Davis,Business,39909.15,2023-12-30,Feliciafort
127,Danny Roth,Business,15890.11,2023-09-21,Feliciafort
128,Miss Deborah Hicks,Savings,83856.14,2020-10-11,Davidland
129,Charles Watts,Checking,38486.39,2022-08-12,Port Robert
130,Jason Mccullough,Checking,87333.96,2021-11-17,Lake Michelle
131,Craig Hoffman,Checking,73277.76,2022-01-25,Port Patriciaville
132,Lindsay Shepherd,Savings,92039.15,2022-05-08,Davidland
133,Cameron Boone,Savings,98385.2,2021-03-27,Feliciafort
134,Emily Miller,Business,51266.59,2021-05-15,Feliciafort
