opened_date,account_id,account_type,customer_name,branch
2020-03-21,1,Business,Michael Schmidt,Annatown
2022-06-17,2,Savings,Crystal Cooper,Thorntonberg
2023-12-03,3,Checking,Lisa Murphy,Sullivantown
2020-05-03,4,Checking,Heidi Hughes,Andersenburgh
2021-07-17,5,Checking,Desiree Hendricks,Annatown
2021-01-11,6,Checking,Carl Bird,Sullivantown
2021-09-19,7,Business,Daniel Mcdaniel Jr.,Annatown
2022-09-07,8,Savings,Anthony Walsh,Annatown
2023-01-05,9,Checking,Stephen Holden,Port Erik
2021-03-06,10,Business,Andrea Christensen,Port Erik
2022-02-22,11,Savings,Carl Robinson,Andersenburgh
2020-09-24,12,Checking,Brian Nelson,Port Erik
2020-10-03,13,Savings,Nicole Cervantes,Sullivantown
2024-01-25,14,Savings,Joseph West,Andersenburgh
2023-07-06,15,Checking,Anthony Donaldson,Port Erik
2023-08-24,16,Business,Amy Dennis,East Joseph
2020-11-10,17,Checking,Ronald Collier,Andersenburgh
2021-07-03,18,Checking,Michael Chambers,Andersenburgh
2020-09-22,19,Business,Kelly Thomas,Andersenburgh
2022-11-06,20,Checking,Kathleen Clark,Charleschester
2023-12-07,21,Checking,Michael Russo,South Marcus
2023-05-27,22,Business,Jeffrey Smith,Annatown
2022-09-28,23,Business,Michelle Zavala,Port Erik
2023-10-29,24,Business,Jane Bryant,South Marcus
2022-03-03,25,Business,Leslie Brown,Sullivantown
2023-08-08,26,Savings,Aaron Henry,Port Erik
2023-03-06,27,Checking,Daniel Cantu,Thorntonberg
2020-04-11,28,Savings,Shane Bentley,Annatown
2022-02-10,29,Checking,Amanda Collier,Thorntonberg
2022-11-06,30,Checking,Sean Cook,Andersenburgh
2022-11-17,31,Business,Jennifer Hart,South Marcus
2022-07-28,32,Savings,Melody Allen,Charleschester
2023-12-20,33,Checking,Brian Mccann,Thorntonberg
2021-04-13,34,Checking,Thomas Mitchell,East Joseph
2021-12-26,35,Checking,David Ward,Sullivantown
2023-02-03,36,Checking,Erika Nelson,South Adamshire
2021-05-23,37,Checking,Laura Foster,South Marcus
2020-04-02,38,Business,Rachael Huber,Port Erik
2023-04-08,39,Savings,Brandon Olson,South Marcus
2023-08-07,40,Savings,Michael Johnson,Charleschester
2021-08-21,41,Business,Christine Thompson,Charleschester
2023-10-26,42,Business,Brandy Hernandez,South Marcus
2023-03-31,43,Checking,Olivia Edwards,South Adamshire
2024-01-27,44,Checking,David Tanner,East Joseph
2020-05-20,45,Savings,Rebecca Jones,South Marcus
2021-09-01,46,Checking,Joshua Todd,Thorntonberg
2023-08-13,47,Checking,Anna Pennington,South Adamshire
2023-03-10,48,Checking,Frank Hamilton,Wilsonland
2021-10-27,49,Checking,Lauren Hartman,Charleschester
2023-09-25,50,Savings,Alexander Gonzales,Port Erik
2021-10-23,51,Savings,Alexander Ruiz,Charleschester
2023-09-04,52,Business,Cheryl Wiley,Wilsonland
2023-05-06,53,Savings,Travis Bennett,Wilsonland
2021-07-10,54,Business,Morgan Ford,Charleschester
2022-04-23,55,Checking,Matthew Edwards,Andersenburgh
2023-08-07,56,Checking,Tammy Castillo,South Marcus
2020-12-27,57,Savings,Gary Ali,Thorntonberg
2023-02-22,58,Business,John Caldwell,South Adamshire
2023-12-19,59,Checking,Frank Morris,South Marcus
2022-12-02,60,Business,Sandra Wyatt,South Marcus
2021-03-02,61,Checking,Laura Brooks,South Adamshire
2022-06-23,62,Business,Gina Hartman,Charleschester
2020-08-03,63,Business,Sarah Krause,Port Erik
2021-11-01,64,Checking,Jessica Edwards,South Marcus
2020-03-18,65,Savings,Caleb Bowman,Annatown
2020-12-25,66,Checking,Jessica Spencer,South Marcus
2020-09-29,67,Checking,Willie Garcia,Annatown
2020-11-01,68,Savings,Morgan Martin,South Adamshire
2023-08-24,69,Checking,Benjamin Diaz,Wilsonland
2020-11-21,70,Business,James Fisher,East Joseph
2023-02-08,71,Checking,Perry Huffman,South Adamshire
2024-01-12,72,Savings,Jasmine Johnson,South Marcus
2023-10-03,73,Business,Kathleen Brown,Wilsonland
2022-12-23,74,Savings,Rebecca Swanson,Sullivantown
2022-09-04,75,Business,Michelle Moore,South Adamshire
2023-03-12,76,Checking,Jeffrey Morales,Thorntonberg
2023-11-20,77,Checking,Rebecca Blanchard,Annatown
2023-03-01,78,Business,Dr. Brian Thomas,South Marcus
2024-01-01,79,Savings,Katherine Chan,Port Erik
2021-12-02,80,Checking,Corey Robinson,Thorntonberg
2021-07-05,81,Savings,Melinda Gillespie,South Marcus
2021-08-28,82,Business,Jonathan Hill,South Adamshire
2022-10-27,83,Business,Megan Jones,East Joseph
2023-10-30,84,Business,Monica Moreno,South Marcus
2021-10-20,85,Checking,Cheryl Hawkins,Port Erik
2020-11-06,86,Business,Katie Rodriguez,Wilsonland
2021-05-17,87,Savings,Jeffrey Best,Annatown
2022-05-03,88,Business,Matthew Johnson,Sullivantown
2020-04-07,89,Business,Briana Jones,Charleschester
2020-05-02,90,Business,Eugene Williams,Port Erik
2021-08-09,91,Business,Todd Reese,Thorntonberg
2022-11-19,92,Savings,Kenneth Leonard,East Joseph
2022-02-02,93,Savings,Dale Green,East Joseph
2022-07-15,94,Checking,Tracy Flores,Charleschester
2020-05-09,95,Checking,Kathryn Huff,South Marcus
2023-03-25,96,Savings,Samantha Hanson,East Joseph
2020-03-18,97,Savings,Brent Kennedy,Charleschester
2023-08-05,98,Business,Amy Carney,Wilsonland
2021-01-18,99,Savings,Nicholas Garner,Charleschester
2020-06-09,100,Business,Cynthia Cole,Charleschester
2022-06-28,101,Business,William Benjamin,Port Erik
2023-11-18,102,Savings,Krista Prince,Annatown
2022-07-01,103,Business,Kristina Bailey,Wilsonland
2021-07-18,104,Savings,Michael Price,East Joseph
2021-05-13,105,Savings,Dale Mcdonald,East Joseph
2021-12-23,106,Savings,Michael Golden,Port Erik
2023-05-24,107,Business,Shane Petty,Andersenburgh
2022-12-14,108,Checking,Carla Maxwell,Charleschester
2023-10-21,109,Business,John Melton,East Joseph
2021-05-07,110,Checking,Brandon Hunt,Annatown
2021-09-01,111,Checking,Jessica Davis,East Joseph
2022-12-21,112,Checking,Amanda Hernandez,Annatown
2021-12-09,113,Savings,Jeremy Marquez,Port Erik
2020-12-28,114,Checking,Lindsay Cardenas,Thorntonberg
2022-07-27,115,Checking,Ann Stewart,Annatown
2021-05-19,116,Business,Ashley Alvarez,South Marcus
2022-04-05,117,Savings,Christopher Hudson,Andersenburgh
2020-12-11,118,Business,Anita Reid,Wilsonland
2022-09-06,119,Checking,Jessica Myers,Port Erik
2021-08-08,120,Business,Jaime Rodriguez,Wilsonland
2023-08-09,121,Savings,Samantha Allen,Port Erik
2023-02-13,122,Checking,Mr. Johnathan Mcdaniel MD,Thorntonberg
2022-04-05,123,Business,Debra Smith,Andersenburgh
2022-12-29,124,Savings,Laura Walker,South Adamshire
2020-06-30,125,Checking,James Campbell,South Adamshire
2020-09-12,126,Checking,Robert Martinez,Wilsonland
2023-08-09,127,Checking,Anthony Sanford,Wilsonland
2021-02-01,128,Savings,Amber Reyes,Annatown
2024-01-19,129,Savings,James Perez,Charleschester
2022-01-06,130,Checking,Dennis Hester,Annatown
2023-11-04,131,Savings,Richard Johnson,South Adamshire
2020-11-09,132,Checking,Oscar Garrett,Andersenburgh
2022-01-20,133,Business,Kristine Humphrey,Wilsonland
2020-12-15,134,Business,Ms. Brianna Warner,Andersenburgh
2020-11-22,135,Checking,Steven Garner,Port Erik
2021-09-03,136,Checking,Linda Bernard,Sullivantown
2020-03-03,137,Business,Amanda Richardson,East Joseph
2023-08-08,138,Business,Kayla Flores,Andersenburgh
2021-05-25,139,Savings,Carrie Murray,South Adamshire
2022-06-13,140,Savings,Jonathan Chang,Andersenburgh
2023-04-25,141,Savings,John Gibbs,South Marcus
2021-02-25,142,Business,Martha Johnson,Andersenburgh
2023-11-26,143,Savings,Jason Estrada,Charleschester
2023-05-08,144,Checking,Gerald Cox,South Adamshire
2020-03-06,145,Checking,Benjamin Solis,Charleschester
2020-08-04,146,Checking,Jonathan Hernandez,Thorntonberg
2021-09-04,147,Savings,Mr. Nicholas Wilson PhD,Port Erik
2020-10-12,148,Business,Jessica Myers,Andersenburgh
2023-09-29,149,Business,Brandon Gray,Charleschester
2022-03-16,150,Business,William Conner,Andersenburgh
2021-11-20,151,Savings,Kathy Potter,Andersenburgh
2023-07-16,152,Checking,Katherine Doyle,Port Erik
2022-12-07,153,Savings,Erin Roberts,Andersenburgh
