sale_id,book_title,author,genre,price,sale_date,copies_sold
1,Fine suggest describe.,Ms. Erica Evans,Non-Fiction,37.28,2024-02-05,33
2,Add economy break.,Stephanie Morgan,Biography,34.86,2023-10-30,2
3,Door agree we.,Kristy Hardy,Sci-Fi,12.29,2024-01-07,79
4,Both piece.,Colton Smith,Fiction,15.92,2023-10-25,3
5,Meet soon.,Brittany Hebert,Mystery,39.46,2024-12-07,48
6,City from.,Larry Leonard,Mystery,27.24,2023-12-07,16
7,Material occur.,Ronald Mcfarland,Fantasy,5.29,2023-12-18,35
8,Way care focus.,Susan Nash,Biography,31.61,2023-04-30,93
9,Of tell source.,Jordan Reyes,Non-Fiction,17.12,2025-02-07,44
10,Our all.,Lori Snyder,Fantasy,27.4,2024-08-25,56
11,Cup whole fly.,Nathaniel Pollard,Mystery,49.53,2025-01-13,11
12,Yeah experience.,Jacob Martinez,Sci-Fi,15.81,2024-11-11,76
13,Exist ball.,David Torres,Fiction,24.26,2025-02-01,91
14,Affect source.,Jordan Robinson DVM,Sci-Fi,47.37,2024-04-07,49
15,Remember risk.,Andrew Gay,Fiction,16.69,2023-03-11,41
16,Country shoulder because.,Dana Johnson,Fiction,33.61,2025-02-04,27
17,Subject his.,Jaime Douglas,Biography,11.43,2023-12-09,53
18,Almost she art.,Kristen Hall,Non-Fiction,22.22,2023-08-11,66
19,None arrive.,Tiffany Bartlett,Fiction,10.51,2024-08-04,80
20,School try.,Jack Klein,Mystery,49.85,2023-11-09,80
21,More almost.,Morgan Webb,Mystery,41.66,2023-11-09,78
22,Away candidate.,Barbara Dorsey,Fantasy,32.51,2024-03-26,25
23,Voice.,Robert Johnson,Mystery,10.64,2024-03-31,99
24,Answer old rise.,James Johnson,Fantasy,12.91,2023-11-01,70
25,Alone dog.,Jeffrey Nichols,Fantasy,15.57,2023-08-11,79
26,Study understand need.,Sara Woods,Non-Fiction,7.64,2023-11-07,3
27,Operation forward job.,Matthew Franklin,Mystery,37.28,2024-07-03,63
28,Teacher still treatment.,Luis Carlson,Sci-Fi,37.4,2024-05-19,74
29,Sign animal short hour.,Emily Berger,Fiction,26.89,2024-12-08,20
30,Health admit.,Nichole Smith,Fantasy,30.12,2025-01-07,70
31,Money challenge.,Robert Moore,Fiction,13.26,2025-01-29,80
32,Hot run.,Michael Graves,Biography,42.4,2024-05-20,79
33,Hear.,David Solis,Fiction,22.06,2023-07-08,10
34,Cultural.,Robert Wright,Fantasy,46.84,2023-11-27,80
35,Act line.,Derek Perkins,Biography,31.55,2023-02-15,21
36,Stop.,Ricky Johnson,Mystery,33.92,2023-05-30,32
37,Total training finish.,Lindsay Williams,Mystery,34.5,2023-11-10,86
38,Region up foreign.,Jeffrey Johnson,Biography,22.19,2025-01-12,26
39,Color eye even.,Joanna Johnson MD,Fantasy,33.01,2024-01-13,69
40,All.,Laura Owens,Fantasy,16.93,2024-01-22,53
41,Project among.,Amanda Chambers,Sci-Fi,22.53,2024-01-17,37
42,Customer family.,Karen Young,Fiction,17.36,2023-10-21,92
43,Finally resource.,Taylor Gonzalez,Non-Fiction,18.99,2023-11-21,42
44,Pattern try think.,Keith Clark,Sci-Fi,20.55,2023-05-29,26
45,Someone civil.,Thomas Ward,Fiction,25.25,2023-06-23,82
46,Hundred look office whatever.,James Hanson,Fiction,39.15,2024-10-18,35
47,Message let.,Kyle Walker,Mystery,36.56,2024-12-14,20
48,Recognize image.,Jillian Norris,Sci-Fi,22.36,2024-05-08,75
49,Offer play.,Jacqueline Mccullough,Fiction,44.69,2023-12-28,45
50,Two question character.,Daniel Harris,Fiction,27.46,2023-05-27,61
51,Clear glass.,Jordan Edwards,Sci-Fi,37.57,2023-08-04,34
52,Improve national.,Michael Graham,Biography,18.01,2024-12-24,59
53,Message daughter century.,Donald Brennan,Non-Fiction,10.82,2024-09-05,59
54,Matter like.,Sandra Johnson,Fiction,18.34,2023-02-13,21
55,Impact operation.,Amanda Swanson,Sci-Fi,39.1,2024-05-14,55
56,Paper today maybe.,Eric Clark,Mystery,45.72,2024-10-23,55
57,Film security but imagine.,Kathleen Carter,Fiction,26.51,2024-08-23,90
58,To daughter focus music.,Ronald George,Non-Fiction,9.73,2023-05-04,28
59,Item head more none.,Danielle Bullock,Sci-Fi,47.49,2023-04-18,78
60,Until sort.,Mr. Aaron Wilson,Mystery,21.25,2024-12-06,32
61,Its senior.,Richard Cardenas,Mystery,8.89,2024-08-05,62
62,Also responsibility.,Kathryn White,Non-Fiction,33.33,2023-03-27,94
63,Heavy involve financial.,Gregory Hernandez,Fantasy,18.1,2023-11-07,24
64,Wide finally.,Ryan Kramer,Fantasy,37.44,2024-11-19,37
65,Reveal hand enough.,John Johnson,Non-Fiction,36.34,2024-06-05,90
66,Well.,Matthew Morrison,Fiction,26.49,2023-03-30,45
67,Maintain thousand.,Stephanie Guzman,Fantasy,26.08,2024-04-12,9
68,Campaign set consumer relate.,Barry Johnson,Fantasy,5.95,2024-01-18,10
69,Buy every.,David Williams,Non-Fiction,24.54,2024-04-16,46
70,Information education kitchen.,Charles Berger,Fiction,20.49,2024-04-24,82
71,Sell wear American.,Craig Cook,Mystery,18.76,2023-06-01,12
72,Speech education but.,Cheryl Brown,Sci-Fi,17.05,2024-06-24,21
73,Team current including.,Brooke Holmes,Biography,32.49,2024-07-20,21
74,War father treatment.,Samantha Graves,Non-Fiction,8.76,2023-08-24,42
75,According.,Karen English,Sci-Fi,26.47,2024-03-13,81
76,Well anything.,Steven Brown,Mystery,43.65,2023-02-16,62
77,Traditional shake particularly.,Courtney Lopez,Sci-Fi,18.61,2024-11-12,20
78,Radio support.,Christopher Ferrell,Fiction,29.11,2025-01-15,42
79,Available operation probably.,Robin Perry,Mystery,30.59,2025-01-27,98
80,Question figure.,Joseph Davis,Sci-Fi,41.96,2023-07-08,50
81,Letter purpose a.,John Cox,Fiction,42.34,2025-01-22,95
82,Vote risk.,Courtney Potter,Biography,6.1,2023-12-01,39
83,Character education.,Joseph Diaz,Non-Fiction,34.17,2023-05-04,41
84,Tonight mind range.,Denise Mejia,Mystery,5.62,2024-07-02,59
85,Cover him interview.,John Mendez,Non-Fiction,41.75,2023-04-19,76
86,Issue wall.,Kenneth Blair,Mystery,46.94,2024-07-27,23
87,Seat how ten.,Mary Thompson,Mystery,41.82,2023-10-26,66
88,Value window media American.,Amanda Campbell,Biography,40.63,2023-03-02,82
89,Fill exactly.,Shelly Weber,Biography,30.38,2023-04-21,18
90,Former argue.,Martin Collins,Mystery,16.34,2023-04-13,68
91,Issue something claim.,Elizabeth Lane,Biography,30.09,2023-03-30,69
92,Image.,Corey Miller,Fiction,48.22,2024-01-31,26
93,Economic wind add item.,Christina Garrison,Biography,7.91,2024-10-11,97
94,Worry edge.,Samantha Gibson,Fiction,8.13,2023-04-28,25
95,Feeling affect.,Dr. Mariah Bowen DVM,Fantasy,36.24,2024-11-27,18
96,Who growth.,Robin Myers,Fiction,40.89,2023-10-04,95
97,Increase a practice.,Tanya Cole,Biography,46.3,2024-03-04,17
98,Southern executive live.,Maria Johnson,Mystery,37.88,2024-10-03,73
99,Ahead wife.,Sandra Garza,Sci-Fi,43.9,2024-09-30,20
100,Rather.,Travis Brown,Non-Fiction,12.83,2024-04-26,47
101,Network need make.,Shane Hurley,Fiction,47.25,2024-12-29,57
102,Tonight suddenly music.,Jacob Jenkins,Fantasy,18.62,2024-12-31,42
103,End alone general relationship.,Kenneth Stevens,Sci-Fi,8.85,2023-10-17,76
104,Best risk right.,Philip Moore,Mystery,32.38,2023-10-30,35
105,Pretty.,Jose Harvey,Sci-Fi,35.2,2023-12-05,38
106,Pretty like easy.,Natasha Griffin,Sci-Fi,12.5,2024-03-29,72
107,Itself north.,Beverly Martin,Sci-Fi,8.39,2024-12-04,13
108,Run little century.,Judy Glover,Non-Fiction,35.54,2025-01-16,97
109,Organization college.,Barbara Clark,Fantasy,40.49,2024-08-08,65
110,Several loss unit.,Catherine Smith,Non-Fiction,23.88,2024-02-20,68
111,Best yes right.,Willie Paul,Mystery,8.44,2024-06-09,10
112,Word guy remember bed.,David Carter,Fantasy,28.74,2024-02-01,19
113,All.,Pamela Williamson,Fiction,10.13,2024-07-06,94
114,Talk concern open.,Theresa Whitehead,Biography,15.72,2023-09-15,82
115,Attorney the address beautiful.,Brianna Turner,Mystery,37.77,2023-05-08,76
116,Any me scene.,Stacy Palmer,Biography,33.94,2023-03-26,30
117,Indeed ten what.,Alejandro Hanson,Sci-Fi,9.13,2023-03-16,68
118,Budget just strong.,Jennifer Lawson,Sci-Fi,31.49,2023-06-12,43
119,Newspaper yes.,Charles Meyer,Fantasy,11.5,2023-07-08,71
120,Teacher food whether.,Christina Morrow,Fantasy,28.23,2024-01-12,27
121,Young material plan.,Amanda Snow,Fantasy,40.0,2023-09-05,55
122,Several within.,Edwin Elliott,Sci-Fi,30.49,2024-12-03,100
123,Out street provide.,Michael Porter,Biography,16.71,2024-09-26,83
124,Summer quite whole.,Spencer Mckay,Sci-Fi,25.06,2025-01-04,93
125,Book.,Bobby Martin,Fiction,18.62,2023-07-02,63
126,Item environmental.,Michael Harmon,Sci-Fi,36.71,2024-12-19,10
127,Chair seat.,Misty Sims,Fiction,32.28,2023-10-20,71
128,The bar middle.,William Coleman,Biography,15.84,2024-06-12,99
129,Professor only.,Bryan Villanueva DVM,Non-Fiction,47.68,2024-02-10,35
130,Particular so.,John Olsen,Fantasy,27.36,2024-03-21,82
131,Leg fire drug.,Tiffany Cross,Biography,28.92,2024-03-06,7
132,Toward media.,Reginald Stewart,Fiction,36.44,2023-12-24,93
133,Everyone commercial themselves.,Richard Soto,Sci-Fi,40.3,2024-12-07,57
134,Much she difference.,Pamela Rose,Fantasy,45.47,2024-06-02,53
135,Development able.,Thomas Moore,Biography,32.57,2023-03-23,48
136,Security sound Mrs.,Brenda Bishop DDS,Biography,14.92,2023-11-30,58
137,Body price right.,Miguel Hughes,Biography,36.53,2024-03-02,40
138,Camera pass.,Sarah Pham,Fantasy,12.59,2024-11-14,61
139,Speak fast small.,Taylor Cruz,Fantasy,43.53,2023-09-08,13
140,Smile program.,Evan Harmon,Biography,44.47,2024-04-11,69
141,Learn natural.,Walter Howard,Sci-Fi,36.69,2024-12-24,82
142,Instead other house.,Wayne Williamson,Fiction,13.05,2024-06-20,69
143,Far level child.,Victoria Brooks,Mystery,40.37,2023-08-17,28
144,That.,Samuel Sanchez,Non-Fiction,44.55,2024-06-05,23
145,Modern player.,Rose Wilson,Sci-Fi,35.18,2023-03-01,24
146,Culture table begin.,Andrew Williams,Fantasy,27.66,2023-03-21,30
147,Him shoulder.,James Prince,Fiction,19.48,2024-06-24,89
148,Hard blood.,Daniel Williams,Fiction,18.68,2023-08-16,7
149,Whom foot green.,Michelle Jones,Non-Fiction,39.11,2023-10-31,80
150,One center.,Jared Atkins,Non-Fiction,29.72,2023-12-24,62
151,Cut.,Robert Brown,Fiction,26.74,2024-05-18,94
152,Despite population star.,Tina Sanders,Mystery,37.05,2023-03-02,7
153,Including team.,Taylor Garcia,Fiction,28.98,2024-08-26,87
154,Heavy forward.,Charles Vazquez MD,Fantasy,19.66,2023-07-11,4
155,Action should last.,Cynthia Mercado,Non-Fiction,49.52,2025-01-10,41
156,Not tell car.,Crystal Rogers,Biography,6.25,2024-01-05,24
157,Often social hundred.,Clifford Hebert,Mystery,29.38,2023-07-10,17
