sale_id,Book Title,author,genre,price,sale_date,copies_sold
1,Continue four herself board.,Holly Guerra,Fantasy,44.04,2024-10-24,76
2,Miss short.,Amy Williamson,Sci-Fi,34.8,2024-08-29,94
3,Become accept.,Thomas Cooper,Non-Fiction,10.43,2024-08-21,67
4,Employee language.,Michelle Cross,Biography,36.87,2023-11-23,53
5,Guy between figure.,Dr. Justin Booker,Mystery,18.34,2024-03-16,22
6,Baby far.,Hannah Vargas,Fantasy,13.88,2024-02-05,6
7,Half.,Cheryl Johns,Fiction,21.61,2024-12-02,33
8,Once how.,Randall Bryant,Fiction,21.91,2024-08-15,15
9,Us throw during.,John Sandoval,Fiction,16.69,2023-07-13,59
10,Behind fall that.,Brandy Palmer,Biography,28.91,2023-09-20,86
11,Beautiful fight major.,Daniel Wells,Sci-Fi,9.47,2024-10-04,54
12,Choice some girl line.,Mark Graham,Biography,13.55,2023-12-01,37
13,Single girl.,Dustin Douglas,Non-Fiction,28.26,2023-09-23,75
14,Finally society student system.,Becky Green,Non-Fiction,35.01,2023-10-24,8
15,Difference market bank.,Ryan Owens,Sci-Fi,43.98,2024-05-24,84
16,Board.,Mrs. Beth Freeman,Mystery,47.08,2024-10-18,97
17,Wait act.,Nicholas Spencer,Non-Fiction,37.08,2023-06-10,69
18,He.,Laura Zamora,Fantasy,36.53,2023-04-25,2
19,Chance opportunity.,Michael Brewer,Sci-Fi,47.82,2024-01-28,85
20,Stay center billion.,Joshua Fernandez,Biography,14.64,2024-04-23,1
21,Both after act.,Jennifer Long,Sci-Fi,7.78,2024-08-23,37
22,Now town employee.,Katherine Blackwell,Biography,26.87,2023-10-06,61
23,Class citizen.,Jacob Booth,Fantasy,8.53,2024-06-22,80
24,Collection history partner.,Michelle Pitts,Sci-Fi,27.94,2024-05-04,39
25,Six marriage leg.,Laurie Gonzalez,Sci-Fi,36.31,2023-08-05,67
26,Might.,Shelly Anderson,Sci-Fi,38.08,2023-09-10,10
27,Adult wrong grow.,Allison Anderson,Mystery,5.6,2023-03-23,54
28,Four a local.,Victoria Jones,Biography,32.98,2024-11-22,8
29,Door nice.,Rachel Hill,Fiction,49.93,2023-10-21,67
30,Whatever perform wear.,Javier Welch,Fiction,16.97,2024-07-25,11
31,Young down himself.,Barbara Perez,Fantasy,7.73,2023-04-22,88
32,Accept matter public.,Richard Robinson,Biography,45.97,2024-09-20,26
33,Certainly.,Sandra Smith,Biography,15.46,2024-09-20,11
34,Financial though paper.,Jennifer Garcia,Fantasy,33.46,2024-04-10,86
35,Use glass.,John Conway,Non-Fiction,31.78,2024-08-17,63
36,Politics section natural.,Joseph Stone,Fantasy,16.92,2024-05-01,24
37,Reveal staff be.,Daniel Jones,Non-Fiction,33.01,2023-03-15,1
38,Remain inside.,Alisha Sanchez,Fiction,47.55,2024-01-31,84
39,Interesting.,James Black,Sci-Fi,39.45,2024-07-05,49
40,Size.,Michael Sanchez,Biography,25.91,2023-02-24,17
41,Writer cost although.,Matthew Wilson,Non-Fiction,29.75,2023-11-09,81
42,Draw music.,Michael Weaver,Fiction,30.02,2023-07-23,89
43,Blood bank.,Stacy Ruiz,Biography,42.85,2023-03-28,89
44,Behavior writer.,Susan Cline,Sci-Fi,44.93,2024-11-11,27
45,Tree serious.,Eric Johnston,Fiction,32.03,2025-02-03,7
46,After fast.,Jody Parker,Fantasy,25.5,2024-07-20,35
47,Check movie.,Ryan Cochran,Mystery,40.13,2024-03-31,89
48,Standard how spend.,April Hobbs,Non-Fiction,38.35,2024-02-02,96
49,Level need important.,Matthew Martinez,Non-Fiction,35.05,2023-07-12,31
50,Successful wrong.,Dr. Susan Owen,Sci-Fi,7.62,2024-06-27,61
51,Religious machine Mr.,Jose Diaz,Biography,43.89,2024-07-07,28
52,Know show way.,Matthew Lowe,Sci-Fi,37.66,2023-11-19,28
53,Yes talk.,Sophia Malone,Biography,44.52,2023-07-31,97
54,Challenge research involve.,David Huffman,Biography,31.78,2023-04-06,25
55,Without degree.,Robert Mathis,Biography,44.43,2024-01-18,4
56,Senior old coach mother.,Michael Rojas,Fiction,46.68,2024-06-04,71
57,Wife.,Adam Arnold,Biography,15.12,2023-08-14,73
58,Often into.,Gerald Greer,Non-Fiction,39.88,2023-09-02,19
59,Shake sort I.,Terry Wallace,Mystery,13.55,2024-12-02,85
60,Where letter.,Wanda Keith,Fantasy,42.21,2024-09-29,52
61,Begin page upon open.,Brooke Gillespie,Fantasy,48.89,2023-02-22,48
62,Summer door receive.,Richard Owens,Non-Fiction,31.96,2024-12-28,71
63,Seek fine thank.,Stephen Bass,Fantasy,7.26,2024-02-08,79
64,Figure citizen call.,Mark Lee,Non-Fiction,27.14,2024-11-04,51
65,Brother administration.,Kendra Collins,Biography,19.9,2023-08-25,38
66,Really rule standard.,Chloe Roberts,Fantasy,25.4,2023-11-08,38
67,Poor station.,Julie Hall,Mystery,24.85,2023-03-31,8
68,Piece figure recognize finally.,Joseph Miller,Non-Fiction,19.64,2023-07-06,65
69,Above thousand.,Christopher Washington,Non-Fiction,29.47,2024-08-22,59
70,War official.,Heather Jenkins,Biography,47.88,2024-03-23,70
71,Card job even.,Mike Newton,Fiction,49.26,2024-02-14,65
72,Building police.,Kathleen Norton,Sci-Fi,39.05,2023-06-11,61
73,Act.,Henry Adams,Fantasy,36.99,2024-03-13,61
74,Image travel something.,Brianna Melendez,Fantasy,14.86,2023-09-09,62
75,Great production season.,Kimberly Waller,Fiction,34.85,2024-03-16,46
76,Trial staff theory.,Barbara Moore,Non-Fiction,44.65,2023-10-02,53
77,Away face.,David Dominguez,Non-Fiction,49.02,2024-07-06,6
78,Visit big.,Brandon Escobar,Fantasy,40.11,2023-11-13,81
79,Those decision small.,Brett Evans,Sci-Fi,31.61,2024-08-31,26
80,Magazine source admit.,Isaiah Frazier III,Fantasy,7.37,2023-09-01,67
81,Possible system those.,Debbie Hill,Biography,25.08,2023-11-19,77
82,Forget last.,Joseph Mccoy,Fiction,29.26,2023-06-28,100
83,Sure debate.,Cassandra Thompson,Fiction,8.41,2024-06-12,45
84,Prepare.,Curtis Lewis,Fantasy,15.53,2023-02-13,9
85,Rest particular ever.,Devin Davila,Mystery,13.89,2023-11-22,69
86,House yet little.,Lisa Watson,Biography,21.07,2024-05-05,52
87,Treatment wife whom.,Caleb Rowe,Mystery,22.35,2025-01-04,36
88,Choose cost.,Savannah Duarte,Biography,29.96,2024-11-24,88
89,Eight mouth TV.,Clifford Yu,Non-Fiction,16.84,2024-10-05,91
90,Difficult note discover.,Michelle Mathis,Non-Fiction,38.23,2023-06-30,54
91,Send training.,Jenny Moore,Non-Fiction,36.37,2024-09-17,77
92,College develop stock.,Pamela Hubbard,Mystery,48.33,2024-08-09,21
93,Might service.,Scott Skinner,Biography,29.88,2024-07-13,96
94,Never necessary.,Mark Costa,Non-Fiction,25.94,2024-03-27,77
95,Herself throw.,Cynthia Hartman,Non-Fiction,11.88,2024-07-18,80
96,Outside character run.,Dr. Victor Buck,Sci-Fi,12.61,2023-10-02,7
97,Book others yes.,Hector Perry,Mystery,27.22,2023-08-13,10
98,Yourself unit.,Amy Frederick MD,Biography,7.85,2024-07-06,80
99,This build.,William Perez,Biography,28.64,2024-01-02,43
100,Walk fear phone past.,Lisa Hughes,Fiction,30.45,2024-08-27,5
101,Cultural over.,Eric Craig,Non-Fiction,5.79,2024-09-12,62
102,Next.,Brent Luna,Fiction,10.39,2023-12-07,2
103,Find tax those.,Andrew Douglas,Mystery,25.24,2023-09-11,55
104,May.,Alan Wagner,Mystery,20.97,2023-11-29,59
105,Information save.,Jennifer Anderson,Fiction,16.87,2024-05-17,7
106,Fire dinner.,Dawn Golden,Fantasy,42.24,2023-03-09,51
107,Kind figure although.,Marvin Hunter,Sci-Fi,21.66,2024-05-16,30
108,Like.,Nathaniel Sellers,Fiction,42.5,2024-04-18,82
109,Statement budget kid realize.,Brian Lowe,Biography,44.69,2023-10-14,42
110,Team assume.,Dana Russell,Sci-Fi,35.71,2024-04-03,15
111,High go.,David Bowers,Biography,15.09,2024-09-01,13
112,Other quickly method.,Justin Wilson,Fantasy,36.99,2024-07-07,37
113,Summer the.,Hector Kelly,Sci-Fi,43.17,2024-06-02,33
114,Friend consider collection.,Douglas Adams,Biography,36.42,2024-06-13,55
115,Task our determine.,Nicholas Carrillo,Sci-Fi,17.25,2024-12-28,54
116,Conference together.,Jessica Conner,Fiction,11.99,2023-10-13,59
117,Dog clearly.,Justin Moody,Fiction,32.23,2024-02-27,65
118,Own upon.,Tracy Clark,Fantasy,27.63,2023-04-03,43
119,Season reason.,Paula Barnes,Sci-Fi,34.36,2023-06-08,67
120,Case.,Christopher Hamilton,Biography,39.84,2024-09-25,61
121,So doctor PM.,Ashley Bolton,Sci-Fi,17.05,2024-04-21,49
122,Summer return.,Shawn Solomon,Mystery,25.99,2023-02-21,63
123,Camera industry through.,Travis Crawford,Fiction,44.85,2024-07-16,97
124,Former tough.,Gail Kim,Sci-Fi,19.42,2024-12-12,95
125,Perhaps still name.,Charles Forbes,Biography,31.7,2024-07-26,28
126,Myself magazine out.,Chelsea Roy,Biography,17.2,2024-12-18,59
127,Experience million.,Jenna Wood,Fiction,9.88,2024-09-20,59
128,Person relationship beautiful.,Jennifer Wright,Sci-Fi,43.1,2024-07-04,39
129,Foot.,Linda Medina,Mystery,18.08,2024-04-23,68
130,Later sometimes anything.,Michael Wright,Biography,40.32,2024-03-28,89
131,Mind election gas common.,Christopher Mosley,Fiction,27.63,2025-01-16,10
132,Recent blood.,Crystal Smith,Fiction,7.55,2024-04-22,67
133,Letter sell answer.,Donald Harding Jr.,Fantasy,15.0,2024-03-07,62
134,Tax stand.,Claudia Thomas,Mystery,13.42,2024-06-14,90
135,Dark central.,Benjamin Noble,Fiction,12.03,2023-10-20,17
136,Chance care campaign.,Margaret Thompson,Non-Fiction,36.23,2023-11-14,73
137,Coach suffer.,Henry Duarte,Non-Fiction,16.5,2023-04-14,72
138,By life effort.,Jason Edwards,Biography,20.6,2023-03-16,18
139,West table.,Ashley Smith,Non-Fiction,13.98,2024-12-22,24
140,Member sort.,Andrew Montoya,Mystery,22.4,2024-06-02,78
141,Management guess.,Michael Kelly,Sci-Fi,6.96,2024-07-21,48
142,Collection statement.,Jennifer Thomas,Non-Fiction,10.91,2023-03-25,82
143,Maintain.,Ashley Merritt,Fantasy,24.51,2024-04-05,71
144,This enough for.,Edward Perez,Fiction,25.3,2023-05-03,54
145,Include investment.,Lisa Chen,Sci-Fi,33.86,2023-12-03,93
146,Nature design last.,Steven Jackson,Fantasy,34.99,2023-08-26,2
147,Marriage country with.,Tammy Torres,Fiction,18.36,2023-04-03,50
148,Leg natural.,Joseph Coleman,Biography,23.9,2025-02-09,90
149,Late reach.,Christine Burton,Biography,34.8,2024-12-10,89
150,Father stage store.,Shawn Jimenez,Sci-Fi,11.19,2023-12-27,95
151,Rock way thing.,Andrew Scott,Fiction,17.87,2023-04-01,58
152,Moment feeling.,Bonnie Pearson,Mystery,9.13,2023-06-05,92
153,That start speak.,William Anderson,Biography,41.89,2024-05-25,33
154,Full market.,David Cunningham,Non-Fiction,39.33,2024-11-18,1
155,Once court.,Dr. Steven Fletcher DDS,Biography,19.69,2023-06-21,84
156,Strong human.,Daniel Caldwell,Fantasy,41.72,2024-10-02,27
157,Interview.,Keith Smith,Biography,21.73,2025-01-04,22
