sale_id,book_title,author,genre,price,sale_date,copies_sold
1,Appear lead situation.,Joshua Kent,Fiction,32.96,2024-07-15,79
2,Great policy.,Linda Johnson,Fiction,42.69,2024-04-12,66
3,Let imagine.,Duane Patel,Sci-Fi,6.15,2024-03-07,73
4,Tree act cause see.,Michael Berry,Biography,27.21,2024-04-02,45
5,Close fall.,Sherri James,Biography,15.5,2024-07-21,63
6,Dinner.,Stacy Bennett,Non-Fiction,44.32,2023-12-21,95
7,Someone light west.,Frank Bryan,Biography,38.19,2024-06-13,10
8,Director where attorney.,Alex Simmons,Biography,18.05,2023-09-04,87
9,Child.,Abigail Moreno,Biography,8.2,2023-12-14,69
10,Generation.,John Miller,Non-Fiction,11.77,2024-12-16,17
11,Begin course.,Brandi Gibbs,Mystery,25.27,2024-06-18,56
12,House offer apply.,Michelle Wagner,Sci-Fi,38.09,2024-04-03,1
13,Way worker billion.,Michael Oliver,Mystery,20.43,2023-03-04,32
14,Yeah produce deal.,Carrie Velez,Biography,6.04,2024-10-20,46
15,Organization work bit.,Laurie Long,Fantasy,33.66,2023-02-14,63
16,First face leave.,Cassandra Wilson,Sci-Fi,32.07,2024-05-12,10
17,Commercial feeling.,Travis Payne,Sci-Fi,49.57,2024-10-04,46
18,He hope task.,Deborah Mckee,Fantasy,29.63,2024-05-11,44
19,Ready everybody.,Danielle Guerrero,Biography,14.12,2023-02-23,59
20,Executive hair.,Marissa Williams,Fiction,31.65,2024-07-03,47
21,Main least four.,Carmen Yang,Fiction,13.07,2024-12-03,62
22,Politics task there.,Kim Novak,Fiction,40.93,2024-12-17,75
23,Pretty.,Thomas Erickson,Non-Fiction,48.74,2023-07-31,7
24,Bit in stage.,Tracy Johnson,Mystery,8.62,2023-09-21,44
25,Less morning ten.,Amanda Young,Biography,5.43,2023-05-06,30
26,Those.,David Wang,Fantasy,23.15,2023-05-15,66
27,Always picture notice.,Caleb Castillo,Biography,49.69,2024-11-12,97
28,Job current method movement.,Paula Herring,Mystery,34.73,2023-05-07,88
29,Remain ahead according.,Tim Simmons,Sci-Fi,47.05,2025-01-29,76
30,Clear simple.,Casey Lee,Sci-Fi,32.17,2024-03-13,59
31,Space class.,Wyatt Lucero,Mystery,31.73,2023-05-25,61
32,Either blood.,Christina Fuller,Mystery,13.93,2024-05-24,2
33,From avoid.,Sally Delgado,Sci-Fi,31.38,2024-08-31,31
34,Chance mission.,David Bailey,Sci-Fi,16.61,2023-03-16,94
35,Parent maintain for process.,Rebekah Young,Biography,45.6,2024-09-27,53
36,Part eight.,Bonnie Lee,Biography,36.42,2023-10-26,100
37,Election throughout language.,Jeff Sanchez,Mystery,29.38,2023-07-04,74
38,Race common heavy.,Alicia Cox,Biography,43.6,2024-10-24,82
39,Admit.,Meredith Lawrence,Fiction,19.84,2024-10-24,34
40,Land wide.,Jason Hughes,Fantasy,17.44,2023-11-21,98
41,News fight on.,Anthony Morales,Non-Fiction,25.9,2024-02-26,59
42,Since class.,Joseph Salas,Non-Fiction,39.49,2023-12-29,46
43,Sister let professional.,Douglas Sharp,Non-Fiction,9.07,2024-11-10,6
44,Animal generation trouble.,Ariana Miller,Non-Fiction,30.35,2024-11-05,29
45,Often dark suggest.,Stephanie Forbes,Non-Fiction,6.63,2024-02-06,29
46,Sure sound level remember.,Molly Gonzalez,Non-Fiction,10.89,2024-02-11,9
47,Institution poor camera soldier.,Jessica Jimenez,Sci-Fi,18.97,2023-03-28,80
48,Practice as.,Amy Larson,Non-Fiction,45.62,2024-08-01,90
49,Necessary base.,Megan Porter,Fantasy,30.48,2024-07-11,55
50,Hand help wrong.,William Baker,Mystery,40.29,2023-09-19,79
51,Than he company.,Roy Logan,Mystery,13.83,2023-04-03,89
52,Cup inside.,Alexander Coleman,Mystery,10.63,2024-10-13,5
53,Under low little.,Mark Martinez,Biography,32.0,2023-04-10,34
54,Worker couple husband.,Crystal Fitzgerald,Fantasy,9.38,2024-01-02,69
55,Leader right.,Ashley Brooks,Sci-Fi,6.47,2024-06-28,11
56,By when.,Dana Dixon,Non-Fiction,7.18,2024-04-29,11
57,Behavior position.,Jessica Williams,Non-Fiction,19.24,2024-05-23,71
58,Doctor population.,Cheryl Smith,Mystery,41.37,2023-04-06,8
59,Like yard.,Juan Mccall,Fantasy,34.18,2023-10-30,71
60,Bit member.,Jason Green,Fiction,47.63,2024-03-31,22
61,Inside these.,Melissa Herrera,Sci-Fi,7.75,2024-05-29,66
62,Friend month.,David Haynes,Fiction,20.65,2023-02-20,34
63,Relate nearly finish.,Rickey Mcconnell,Non-Fiction,40.34,2023-08-24,91
64,Bad.,Denise Phillips,Fantasy,19.64,2023-07-25,40
65,Country hundred leader.,Cheyenne Rosales,Mystery,47.84,2023-12-28,54
66,Expert realize.,Christine Jefferson,Non-Fiction,35.87,2023-08-30,44
67,Focus south open.,Kathy Anderson,Mystery,46.39,2024-06-23,95
68,Could however.,Amanda House,Fantasy,11.51,2024-05-20,2
69,Positive difference always.,Brandon Brooks,Fiction,8.9,2024-10-20,73
70,Need everything network nearly.,Jesse Larsen,Sci-Fi,25.67,2023-12-21,23
71,Fear season weight part.,Charles Gutierrez,Non-Fiction,33.97,2024-07-10,92
72,Scene city political behavior.,Margaret Wilson,Fiction,5.05,2023-09-27,30
73,Theory seek.,Bruce Roberts,Biography,43.97,2024-04-22,32
74,Enjoy here century.,Michael Fernandez,Fantasy,8.25,2023-10-29,93
75,Effort free.,Monique Graham,Fiction,25.52,2024-07-29,9
76,A similar cut trial.,Julia Chapman,Sci-Fi,9.2,2023-08-18,47
77,Detail.,Ryan Lopez,Fiction,28.83,2024-06-22,16
78,Adult certain up stuff.,Belinda Garcia,Non-Fiction,7.5,2023-09-11,37
79,Son man large.,Martin Smith,Sci-Fi,5.2,2024-02-08,5
80,Though general.,Tracie Walker,Mystery,24.68,2023-12-12,62
81,Learn serve.,James Castro,Fantasy,48.08,2024-01-17,72
82,Outside cost over.,Aaron Taylor,Biography,44.04,2023-06-09,21
83,Rule opportunity left.,Steven Bass,Fantasy,44.37,2024-01-18,63
84,Weight soon.,Denise Rogers,Sci-Fi,20.94,2024-08-05,83
85,Traditional property.,Hayley Webb,Non-Fiction,21.62,2023-06-23,3
86,Social.,Jasmine Hicks,Sci-Fi,10.43,2023-05-19,78
87,Tree.,April Nichols,Sci-Fi,49.44,2023-03-23,51
88,Someone information most.,Madison Bender,Sci-Fi,44.6,2024-04-17,26
89,Many pretty college.,Olivia Wright,Mystery,12.89,2024-05-27,9
90,Nation financial trial.,Elaine Jackson,Fiction,39.48,2024-05-29,3
91,Magazine would possible.,Peter Wright,Fiction,33.4,2023-03-11,24
92,Cup mouth easy.,Deanna Guerrero,Fantasy,25.6,2024-01-29,7
93,Hour pattern create.,Nicole Davis,Fiction,11.15,2023-03-30,25
94,Heavy who.,Karen James,Fantasy,37.46,2025-01-09,76
95,Compare check line.,Karen Robbins,Fantasy,21.33,2023-05-22,94
96,Real ask together.,Jessica Ramos,Fantasy,6.87,2024-11-11,61
97,Could.,Garrett Baldwin,Mystery,5.19,2023-03-26,22
98,Shake seven.,Thomas Walker,Sci-Fi,21.36,2024-04-15,87
99,Society certain.,Melissa Giles,Non-Fiction,47.36,2023-05-21,56
100,Over a others.,Kyle Frost,Mystery,33.31,2024-11-15,91
101,Blue performance.,Jerome West,Non-Fiction,47.86,2024-02-04,4
102,Whose listen gas.,Shannon Mclaughlin,Mystery,24.49,2023-06-24,92
103,Risk.,Rodney Cunningham,Sci-Fi,48.23,2023-09-28,58
104,Student born discover.,Matthew Bentley,Fantasy,13.94,2023-04-06,95
105,Miss this.,Justin Rose,Mystery,48.09,2024-04-05,86
106,Address leader.,Debra Thomas,Fantasy,38.02,2023-11-12,16
107,Marriage reveal world.,Joseph Dunlap,Non-Fiction,19.77,2024-09-16,69
108,Simply trouble industry.,Laura Ballard,Fiction,6.24,2025-01-01,37
109,Building become whose.,Jason Rodriguez,Fantasy,42.12,2024-10-09,6
110,Use.,Gwendolyn Hayden,Non-Fiction,6.66,2024-04-23,40
111,Themselves risk anything.,Stephanie Roth,Mystery,25.06,2023-04-07,45
112,White music.,Ms. Deborah Powell DDS,Non-Fiction,6.08,2023-06-28,100
113,Mrs wonder.,Erica Davenport,Non-Fiction,39.14,2024-06-10,53
114,Design agree.,Holly Ortiz,Biography,32.72,2023-05-23,94
