sale_id,book_title,author,genre,price,SALE DATE,copies_sold
1,Music drive.,Cody Peterson,Non-Fiction,38.79,2024-10-15,45
2,However situation sea.,Julie Meadows,Non-Fiction,25.36,2024-04-10,83
3,Reveal them place.,Kimberly Fernandez,Biography,44.53,2024-07-24,96
4,Allow court.,Samantha Smith,Non-Fiction,37.38,2024-10-24,95
5,Team.,Grant Cooper,Biography,19.13,2024-05-02,12
6,Site across.,Brenda Warren,Sci-Fi,23.03,2025-01-09,41
7,Bit themselves.,Sydney Collins,Sci-Fi,41.52,2024-11-07,22
8,Walk two cold.,Karen Ryan,Biography,30.67,2024-06-14,72
9,Mouth new level.,Alexander Stevenson,Sci-Fi,12.72,2023-02-26,38
10,Others great day.,Donald Craig,Sci-Fi,32.11,2024-07-31,28
11,Development.,Michael Murphy,Mystery,30.79,2024-10-22,36
12,That physical.,David Hays II,Sci-Fi,36.91,2024-01-16,63
13,Artist skill.,Breanna Hernandez,Biography,7.33,2024-05-14,90
14,Marriage degree simply.,Sandra Daugherty,Fiction,34.14,2025-02-09,40
15,Whether necessary less.,Jeremy Caldwell,Biography,46.73,2025-02-06,21
16,Notice final.,Justin Sanders,Biography,18.56,2024-07-11,27
17,Quality leader Republican and.,Bethany Armstrong,Fiction,32.96,2024-10-22,52
18,Grow way.,Angelica Hess,Biography,47.0,2023-07-17,3
19,Miss traditional art.,Meghan Leonard,Fantasy,20.18,2023-06-17,27
20,Certain worker economy.,Theresa Lawrence,Mystery,16.12,2023-02-18,72
21,Campaign put.,Clinton Dennis,Mystery,22.71,2024-04-13,9
22,Although.,Ashley Edwards,Sci-Fi,49.41,2023-04-17,3
23,Phone mean.,Jason Gamble,Biography,26.87,2024-05-12,76
24,International finally impact Congress.,James Miller,Fiction,40.67,2023-05-13,12
25,Item.,Thomas Lewis,Fiction,31.29,2024-05-07,74
26,Argue hotel campaign.,Erica Sanchez,Non-Fiction,23.7,2023-11-25,3
27,Fear listen bring.,Brittany Chen,Non-Fiction,35.84,2024-12-16,9
28,Amount sit news.,Christopher Snyder,Sci-Fi,47.38,2024-05-21,100
29,Prevent pull training.,Brittany Gardner,Non-Fiction,49.54,2023-04-15,97
30,Southern simply current.,Timothy Reed,Non-Fiction,22.1,2024-06-15,32
31,Seek special.,Leslie Hess,Mystery,21.04,2024-04-27,60
32,By couple far.,Bradley Wilkinson,Biography,48.65,2023-09-20,63
33,Its series brother.,Scott Campbell,Mystery,18.6,2023-04-19,54
34,Up weight street.,Robert Thomas,Fantasy,5.29,2024-02-08,91
35,Old reach star.,Elizabeth Patterson,Fantasy,30.53,2023-04-15,73
36,Fast improve concern.,Nicole French,Non-Fiction,23.96,2024-08-09,45
37,True seek.,Maria Allen,Non-Fiction,32.28,2025-02-04,33
38,Nearly discussion time.,Andrea Orozco,Fiction,41.98,2023-05-14,61
39,West stand majority.,Pamela Miller,Fiction,32.07,2023-08-26,72
40,Election number.,Crystal Santos,Sci-Fi,42.83,2023-08-24,37
41,Remember network.,Lisa Edwards,Biography,9.32,2023-04-20,86
42,Move technology.,Joshua Shaffer,Sci-Fi,26.22,2024-04-18,4
43,Sit pass.,Barbara Williams,Fiction,32.73,2024-01-19,42
44,According hold southern.,Brooke Chambers,Sci-Fi,24.23,2023-12-23,40
45,Professor occur.,Jessica Golden DDS,Sci-Fi,33.72,2023-09-06,55
46,Side.,Jennifer Page,Mystery,11.81,2023-03-06,33
47,Develop subject off.,Robert Davis,Sci-Fi,46.66,2023-10-04,69
48,Growth piece understand suffer.,Rebecca Casey,Non-Fiction,19.99,2024-07-31,55
49,Show drug finish.,Molly Payne,Biography,15.91,2025-01-07,94
50,Third medical compare.,Mr. John Hunt,Sci-Fi,34.37,2025-02-06,95
51,Almost record even economic.,Matthew Medina,Non-Fiction,37.73,2023-07-09,54
52,Finish best have.,Kelly Johnston,Biography,31.65,2024-06-04,7
53,Other up anyone.,Mrs. Desiree Gill,Biography,28.99,2023-06-30,45
54,Memory environmental.,Yvette Smith,Non-Fiction,39.6,2025-01-21,74
55,Very them.,Nathaniel Stanley,Sci-Fi,29.28,2023-11-21,70
56,Kitchen consider.,Patricia White,Non-Fiction,20.61,2024-11-04,53
57,Skin without surface.,Andrew Cantrell,Fantasy,25.55,2024-10-31,22
58,Event traditional.,Madison Thomas,Biography,48.5,2024-06-04,6
59,Pattern his voice.,Angela Jones,Sci-Fi,47.63,2024-10-05,26
60,Employee because less speak.,Sandra Moore,Mystery,21.2,2023-07-26,93
61,Avoid protect.,Vincent Smith,Non-Fiction,12.19,2024-09-23,79
62,Wife.,Michael Campbell,Fiction,32.79,2023-05-17,90
63,Pull language.,Bryan Campbell,Sci-Fi,35.65,2023-06-07,87
64,After trial catch.,Stephanie Sullivan,Mystery,27.8,2023-09-18,60
65,State each social.,Samantha Pierce,Non-Fiction,48.92,2023-06-01,91
66,Coach reduce next send.,Benjamin Reeves,Fantasy,33.9,2023-12-27,93
67,Statement including.,Brittney Ramirez,Biography,48.45,2025-01-09,48
68,Language itself.,Paula Williamson,Biography,5.38,2024-06-04,41
69,Language certain.,Laura Blake,Fantasy,40.1,2024-10-28,37
70,Deal machine.,Christina Harris,Fiction,25.9,2023-03-11,56
71,So clear road cup.,Linda Peterson,Fiction,27.75,2024-04-03,52
72,Father threat.,Scott Flores,Sci-Fi,30.04,2024-04-30,11
73,Clear.,Cassandra Adams,Mystery,19.44,2023-03-25,74
74,Financial past four.,Lawrence Velazquez,Biography,48.83,2024-03-31,19
75,Best brother someone.,Alexandra Richardson,Mystery,15.4,2024-12-25,39
76,View PM manage.,Elizabeth Lee,Mystery,12.99,2023-08-01,74
77,Travel collection.,Stacy Jones,Mystery,42.58,2023-06-26,83
78,Artist street every.,Chase Mathis,Non-Fiction,23.57,2023-02-23,5
79,Lot Democrat.,Evan Edwards,Fiction,21.32,2024-07-08,80
80,Support power.,Wayne Cox,Mystery,15.4,2023-09-28,29
81,When main military.,William Hall,Biography,26.82,2024-12-16,97
82,Before project.,Mr. James Castaneda MD,Fiction,7.23,2023-09-04,3
83,Question describe.,Jenny Greer,Mystery,33.17,2024-02-26,31
84,Western available best operation.,Connie Ellis,Fantasy,38.33,2023-07-15,94
85,Weight her.,Keith Rodriguez,Non-Fiction,10.27,2023-05-22,80
86,Class past him.,Krystal Evans,Fiction,42.26,2023-04-27,38
87,Avoid save pull.,Jay Woodard,Biography,6.7,2024-03-09,2
88,Soon street.,Holly Jenkins,Biography,5.46,2023-07-09,10
89,Serve whose southern.,Tina Reyes DDS,Biography,36.7,2024-07-22,94
90,One hospital.,Terri Hendricks,Sci-Fi,34.42,2023-04-22,97
91,Pay certainly.,Drew Bryant,Fantasy,45.16,2024-03-19,76
92,Eight event third.,Beth Williams,Non-Fiction,30.82,2024-01-24,22
93,Particularly national between.,Elizabeth Smith,Fiction,12.07,2024-12-23,37
94,Hot something player.,Reginald Wagner,Fantasy,7.36,2023-10-13,9
95,Within friend.,Steven Finley,Non-Fiction,22.57,2023-05-08,55
96,Heart improve.,Gloria Baird,Mystery,11.99,2023-11-26,81
97,Figure leader.,Stephen Rodriguez,Mystery,28.18,2023-07-18,23
98,Section message.,Joyce Hart,Mystery,20.75,2024-08-18,43
99,Government try.,Bethany Owens,Biography,22.82,2024-01-30,35
100,Huge until floor.,Mark Stokes,Sci-Fi,41.6,2024-11-06,36
101,Represent reason product.,Erik Davis,Fiction,13.62,2024-06-06,78
102,Measure bad clear.,Kelly Jones,Mystery,45.97,2024-02-23,10
103,Threat note claim.,Justin Turner,Mystery,22.95,2023-05-16,34
104,Painting local.,James Parsons,Sci-Fi,42.23,2023-03-22,37
105,Drug source dog.,Katrina French,Biography,25.35,2023-12-13,81
106,Paper single his.,Traci Brown,Sci-Fi,26.83,2023-08-25,62
107,Administration.,Brad Morrison,Fantasy,16.44,2024-02-03,50
108,Situation job.,Angela Bishop,Non-Fiction,7.9,2025-01-30,37
109,Story of face.,Cynthia Allison,Fantasy,32.26,2025-02-11,60
110,Soon audience catch.,Heather Nichols,Mystery,39.78,2024-05-16,80
111,Offer knowledge campaign woman.,Jennifer Phillips,Fiction,22.16,2024-10-28,53
112,Vote clear.,Christian Young,Fiction,34.49,2023-10-03,38
113,Stay movement process.,Michelle Fox,Biography,20.0,2023-03-11,67
114,Next site deep.,Joanna Mcknight,Fiction,21.37,2024-07-05,38
115,Family off note.,Larry Owens,Fiction,31.92,2023-03-09,28
116,Education professional.,Erika Lawrence,Biography,26.64,2023-08-08,30
117,Perhaps set lot.,Kimberly Lopez,Sci-Fi,41.96,2024-12-11,32
118,Entire key right.,Robert Jones,Mystery,7.76,2024-03-02,74
119,Central situation.,Joe Castro,Non-Fiction,25.93,2023-03-03,91
120,Mind hold population.,Amanda West,Sci-Fi,34.1,2024-11-13,11
121,Happen wonder.,Scott Thompson,Sci-Fi,40.6,2023-07-03,79
122,Avoid listen.,Cory Scott,Fiction,36.91,2024-12-11,90
123,Page.,Ruth Matthews,Fiction,41.31,2024-04-30,10
124,Similar report stage if.,Robert Wagner,Mystery,16.75,2024-09-17,94
125,Both black.,John Steele,Biography,48.76,2025-01-29,70
126,Cell.,Jeanne Dalton,Fiction,22.68,2024-11-13,29
127,Listen go.,Mary Short,Fiction,14.53,2024-04-25,71
128,Car every me.,Dawn Padilla,Fiction,21.68,2024-08-27,39
129,Know north enough.,Shane Gonzalez,Sci-Fi,9.38,2023-09-05,21
130,Pressure pretty.,Scott Lynch,Sci-Fi,44.37,2025-01-09,12
131,Week government.,Lisa Silva,Sci-Fi,9.71,2024-12-31,2
132,American stay.,Leroy Shelton,Biography,26.65,2023-10-20,16
133,Camera hundred animal.,Steven Andrade,Fiction,44.54,2024-07-22,76
134,When.,Beverly Rodriguez,Non-Fiction,40.06,2024-05-20,18
135,Test relationship maybe.,Erica Doyle,Biography,21.64,2023-06-14,70
136,Southern son.,Mary White,Fiction,6.35,2023-11-20,93
137,Concern attorney.,Jessica Allen,Fiction,11.83,2023-06-17,85
138,A.,Aaron Poole,Fantasy,8.14,2024-01-05,5
139,Development number.,Casey Gomez,Biography,44.34,2023-04-15,74
