sale_id,book_title,author,genre,price,sale_date,copies_sold
1,Area hundred.,Jeanette Wilson,Biography,28.58,2024-06-05,88
2,Easy management.,Melissa Briggs,Non-Fiction,26.28,2024-04-11,71
3,Necessary agreement board always.,Bryan Ramirez,Fantasy,35.89,2023-06-10,50
4,Every seek.,Cheryl Chang,Mystery,9.85,2023-09-24,61
5,Environment main begin.,Ashley Murphy,Sci-Fi,45.44,2024-04-05,8
6,Personal indeed about.,Joshua Serrano,Fiction,13.96,2023-09-18,14
7,Easy positive great.,Patricia Hernandez,Mystery,43.03,2024-09-28,98
8,Catch finish.,Sara Fisher,Biography,25.75,2024-06-02,2
9,Animal activity.,Pamela Mclaughlin,Biography,37.57,2024-05-03,93
10,Suffer.,Michael Barber,Non-Fiction,22.34,2024-07-22,58
11,Ago stay end.,Richard Atkinson MD,Biography,33.74,2024-09-10,83
12,Security control stop.,Angel Delgado,Fantasy,19.91,2023-12-11,7
13,Street tend.,Peter Fox,Biography,43.58,2024-08-15,42
14,Time theory how bag.,Ashley Jackson,Fiction,14.52,2023-04-07,3
15,Agent several.,Jennifer Fuentes,Non-Fiction,36.54,2023-02-16,57
16,Many rich bag.,Jason Ballard,Non-Fiction,13.61,2023-07-05,74
17,We certain tax.,Ryan Baldwin,Fiction,22.08,2023-09-28,65
18,Lay local.,Anthony Edwards,Fantasy,35.01,2023-08-15,49
19,Enough of.,Ryan Johnson,Fiction,17.25,2024-06-01,50
20,Air night.,Amy Bailey,Fantasy,20.64,2023-12-01,22
21,Baby part.,Samantha Morrison,Non-Fiction,35.95,2023-03-22,87
22,Might require.,Katherine Reynolds,Non-Fiction,12.27,2024-03-19,67
23,Well specific language.,Gina Thomas,Mystery,44.96,2024-11-07,9
24,Consider west.,Barbara Harris,Fiction,36.62,2024-07-16,47
25,Yet bar.,Jamie Hatfield,Mystery,46.08,2024-03-19,11
26,Money.,Sarah Wood,Mystery,34.09,2023-09-24,98
27,Place financial time current.,Carmen Kelly,Fantasy,37.98,2023-12-25,84
28,Long leg.,Anthony Martin,Fiction,14.14,2023-09-15,85
29,Class future.,Amy Adams,Fantasy,21.52,2023-06-10,67
30,Thousand.,Richard Smith,Mystery,22.15,2024-05-02,61
31,Reflect would.,Edward Hernandez,Fiction,44.97,2023-07-30,35
32,Set student certainly.,Michael Garcia,Fantasy,19.99,2023-10-28,13
33,Smile.,Chris Smith,Fantasy,33.54,2024-06-10,69
34,Lose ball.,Samantha Patel,Biography,23.72,2024-05-22,56
35,Summer buy leave.,Lauren Mcdonald,Fiction,39.33,2024-06-13,64
36,How seek.,Holly Smith,Mystery,9.09,2024-07-24,48
37,Job reveal.,Mr. David Henry,Mystery,19.61,2024-07-24,19
38,Two.,Vickie Burke,Fiction,49.43,2024-08-01,89
39,Person board.,Robert Duncan,Non-Fiction,14.01,2024-05-02,55
40,Suggest current.,Danny Odonnell,Fiction,11.81,2024-08-12,52
41,Also.,Christian Cole,Biography,12.64,2024-03-05,36
42,Professor capital.,Allison West,Fantasy,46.2,2024-07-05,58
43,Because have career.,James Moore,Fiction,14.96,2025-02-09,24
44,Game lose.,Nicholas Bender,Mystery,40.96,2024-11-11,69
45,Amount modern.,Richard Chambers,Sci-Fi,9.14,2024-01-26,74
46,Center nothing push.,Anthony House,Fantasy,12.31,2023-11-26,38
47,Explain man east.,Kelsey Thomas,Sci-Fi,48.79,2023-07-11,22
48,Current shake drop.,Joshua Duncan,Non-Fiction,41.38,2024-03-09,53
49,Each remain.,Melanie Boone,Fantasy,49.44,2023-10-04,45
50,Must speech difficult.,Ronald Garcia,Fiction,38.9,2024-07-01,3
51,Level learn story.,Thomas Rodriguez,Fantasy,46.5,2024-03-28,6
52,Back language.,Gabriella Perkins,Non-Fiction,48.23,2023-07-25,70
53,Politics fish management.,Suzanne Lewis,Sci-Fi,32.86,2024-03-01,81
54,Music large after.,Kristen Pearson,Mystery,16.51,2023-09-20,30
55,Economic eat doctor guy.,Erika Gibson,Fiction,23.15,2024-04-10,28
56,Party rich.,Amy Robbins,Mystery,16.09,2023-04-04,80
57,Star.,Kara Brewer,Fiction,49.66,2023-11-25,12
58,Cost physical.,James Griffin,Mystery,48.0,2024-06-28,58
59,Institution.,Kristen Montgomery,Non-Fiction,6.79,2024-12-18,66
60,Arm lay will.,Sarah Ellis,Fiction,37.51,2023-08-10,30
61,Simple white class.,Janet Valdez,Fantasy,26.8,2024-10-12,73
62,Because child cover.,Brooke Ashley,Fantasy,40.09,2023-08-01,51
63,When they.,Blake Moran,Mystery,32.05,2023-06-01,45
64,Mother ever.,Amber Coleman,Biography,18.16,2024-05-23,97
65,Safe person.,Nicholas Kennedy,Sci-Fi,31.08,2025-02-09,36
66,Total seven.,Nicole Phillips,Fantasy,15.67,2025-01-09,5
67,Necessary be.,Christina Russell,Fiction,12.46,2024-05-29,84
68,Common play.,Robert Daniels,Fantasy,26.35,2024-11-30,10
69,Bit.,Brandon Williams,Mystery,39.5,2023-12-07,87
70,Policy law manager.,Tanya Cruz,Fantasy,35.86,2024-04-25,100
71,Actually cup cost.,Taylor Schaefer,Biography,6.83,2023-06-24,56
72,Building officer scientist.,Brandy Gilbert,Fantasy,33.36,2023-10-28,71
73,Each up.,Destiny Coffey,Non-Fiction,41.0,2024-09-28,55
74,Behind.,Deanna Burgess,Mystery,8.77,2024-10-26,27
75,On.,Larry Doyle,Fiction,40.01,2024-04-12,50
76,Necessary six.,Daniel Vega,Biography,43.83,2024-05-30,98
77,Series population.,Riley Archer,Fantasy,34.47,2023-08-23,1
78,Economic say least.,Austin Cox,Mystery,42.9,2024-11-11,80
79,Heavy capital others.,Jennifer Martin,Fiction,32.46,2023-08-11,22
80,Machine wear.,Veronica Vance,Fiction,46.37,2024-02-09,82
81,Attack tax place.,Kelly Dawson,Fiction,22.02,2023-08-24,35
82,Policy.,Darren Adams,Fiction,42.28,2024-07-17,79
83,Reach perform source.,Nicholas Hernandez,Fiction,34.51,2024-08-19,90
84,Game.,Charles Perez,Non-Fiction,43.21,2023-09-22,20
85,Key at purpose reach.,Alison Griffin,Fantasy,27.47,2024-01-11,66
86,Firm price.,Bianca George,Fantasy,27.03,2023-04-20,64
87,Down world.,John Greer,Fantasy,35.52,2025-01-22,43
88,Doctor sing house.,Robert Gates,Mystery,21.45,2024-08-11,65
89,Education good.,Courtney Powell,Biography,40.48,2023-05-21,36
90,Evidence computer.,Kerri Wright,Biography,9.15,2024-12-28,44
91,Space without.,Kyle Pearson,Non-Fiction,13.12,2023-07-03,59
92,Five both couple.,Darrell Estrada,Mystery,21.13,2024-02-29,100
93,Hundred.,Robert Young,Biography,42.49,2024-09-23,41
94,Sport be.,Briana Harper,Biography,39.45,2024-08-26,84
95,Amount.,Traci Boyle,Fiction,7.44,2024-07-13,26
96,Have end.,Kelly Porter,Biography,24.09,2024-07-23,94
97,Action understand want.,Heather Serrano,Biography,47.46,2024-10-22,33
98,Itself result.,David Johnson,Non-Fiction,34.95,2024-04-18,45
99,Least read.,Karen Parker,Fantasy,25.9,2025-01-23,65
100,Good step here.,John Howell,Fantasy,30.93,2024-06-24,78
101,Benefit house.,Aaron Haynes,Sci-Fi,41.21,2023-03-03,98
102,Chance conference answer support.,Gregory Yates,Sci-Fi,37.94,2024-08-18,38
103,Forget full.,Jonathan Sutton,Sci-Fi,27.33,2024-09-21,38
104,Respond.,Melissa Nolan,Mystery,13.2,2024-11-12,34
105,Itself coach live.,Stephanie Martinez,Sci-Fi,38.21,2023-04-26,71
106,Good green red.,Susan Haynes,Fiction,16.58,2024-05-05,8
107,Either many.,Marc Jones,Sci-Fi,16.02,2023-03-26,68
108,Maintain little source.,Martin Warren DVM,Sci-Fi,44.38,2024-02-09,95
109,Water week although.,Edward Kidd,Mystery,24.47,2024-04-17,14
110,Big who price.,Erica Pena,Mystery,39.63,2023-04-27,44
111,Industry arrive just.,Andrew White,Biography,36.56,2024-04-25,24
112,Instead miss.,Ricardo James,Mystery,8.03,2024-11-10,67
113,Evening news establish.,Zachary Brown,Fiction,23.27,2024-02-05,79
114,Early worker.,Heather Browning,Biography,43.19,2025-01-11,34
115,Exactly oil.,Ryan Brown,Fiction,35.64,2024-06-09,68
