sale_id,book_title,author,genre,price,sale_date,copies_sold
1,Believe.,Casey Wilson,Sci-Fi,29.52,2024-09-26,12
2,National.,Dakota Thomas,Mystery,5.9,2025-01-08,73
3,Watch something nothing.,Melissa Reeves,Non-Fiction,11.78,2024-09-20,98
4,Many day win.,Christopher Phillips,Mystery,16.17,2023-07-03,24
5,Should table from.,Douglas Lopez,Non-Fiction,7.32,2023-06-13,86
6,Check tell.,Ryan Owens,Fiction,21.65,2023-09-13,97
7,Somebody tree.,Brianna Thomas,Non-Fiction,38.01,2024-07-25,4
8,Lead happen.,Susan Goodwin,Fiction,46.65,2024-09-17,68
9,Goal thought face.,Taylor Lee,Non-Fiction,29.66,2023-02-19,91
10,On difficult.,Theresa Lawson,Biography,27.43,2024-09-08,31
11,True have could.,Seth Powell,Fiction,38.02,2024-11-10,81
12,Each during.,Brett Valencia,Sci-Fi,11.73,2024-07-09,79
13,And share.,Christopher Fields,Fantasy,29.14,2024-09-27,62
14,I.,Tonya Petty,Sci-Fi,5.49,2024-04-09,78
15,Call hospital again.,Tiffany Reyes,Fiction,42.92,2023-07-18,54
16,Total police kid.,Barry Washington,Mystery,9.92,2024-11-13,15
17,Available account theory.,Linda Morrow,Non-Fiction,19.52,2023-04-17,71
18,Yard current economy.,Juan Rich,Sci-Fi,27.81,2023-04-05,34
19,Leg wind.,John Torres,Sci-Fi,23.32,2024-10-08,55
20,Real hope stay.,Christopher Johnson,Fantasy,27.46,2024-08-20,48
21,Probably tough result.,Patricia Jordan,Fiction,46.06,2023-11-07,13
22,Section toward improve.,Michael Graves,Fiction,8.33,2023-06-25,63
23,Subject chair.,Gabrielle Evans,Mystery,5.53,2024-08-21,67
24,Safe ball.,Evelyn Edwards,Mystery,25.96,2024-08-08,94
25,Generation class.,Tammy Richards,Sci-Fi,25.2,2024-03-03,86
26,Still far maybe.,Michael Houston,Fiction,34.09,2024-04-28,99
27,Edge image wear.,Natalie Parker,Fantasy,43.03,2023-08-15,85
28,Trip source step.,Noah Brown,Non-Fiction,44.12,2023-11-11,44
29,Former join.,Daniel Gardner,Biography,23.64,2024-04-24,47
30,Foot because building.,Joseph Vaughan,Biography,21.95,2024-02-14,95
31,Clearly.,James Kirk,Fiction,11.77,2025-01-06,47
32,Pull man better.,Scott Patterson,Fantasy,5.12,2023-04-25,10
33,Involve education market quickly.,Emily Willis,Fantasy,26.8,2024-09-22,6
34,Also Democrat.,Thomas Howard,Sci-Fi,45.55,2024-04-11,90
35,Seek foreign.,Molly Johnson,Biography,46.99,2023-03-13,42
36,Though spend benefit certain.,Angelica Warren,Non-Fiction,25.46,2024-12-02,1
37,Boy black.,Mark Hicks,Non-Fiction,10.91,2024-05-08,72
38,Skill buy store.,Erica Stone,Mystery,18.98,2024-01-05,54
39,Cut ten.,Tyler Crawford,Sci-Fi,42.5,2024-03-23,98
40,Build beautiful team.,David Lambert,Biography,47.69,2023-12-26,32
41,Situation gun organization.,Max Lozano,Mystery,10.45,2024-01-17,76
42,Individual add.,Shelby King,Mystery,22.28,2024-09-15,61
43,Mean effort quality.,Margaret Miller,Fantasy,43.17,2025-01-26,62
44,Green middle.,Gregory Bailey,Fantasy,48.81,2023-08-16,100
45,Eat very enough.,Scott Peters,Non-Fiction,7.01,2024-06-14,57
46,What picture edge.,Eddie Blankenship,Mystery,16.48,2025-01-16,12
47,Half.,Denise Nguyen,Sci-Fi,17.82,2023-04-29,35
48,Recent.,Michael Schneider,Biography,35.03,2023-05-20,13
49,Place when continue.,Rebecca Ramos,Sci-Fi,35.06,2024-11-02,74
50,Improve sister.,Brian Burnett,Mystery,26.68,2024-11-21,36
51,Street many protect.,Dawn Huber,Mystery,42.8,2025-01-28,48
52,Ago time.,Joanne Gonzales,Sci-Fi,44.58,2024-09-02,86
53,You red song decide.,James Barnes,Biography,38.88,2023-08-26,97
54,Rule American.,Christian Jones,Biography,28.08,2023-09-25,21
55,Stage ask everybody.,Mrs. Cindy Ford,Mystery,36.84,2024-12-06,69
56,I stuff.,Michael Miller,Non-Fiction,43.53,2025-01-08,3
57,Data.,Hayden Yates,Fantasy,13.47,2024-12-05,10
58,Husband do.,Steven Morris,Fantasy,23.1,2024-10-10,70
59,Speech data.,Rebecca Ayers,Non-Fiction,28.86,2024-12-22,60
60,Affect seven.,Thomas Clark,Sci-Fi,39.88,2023-07-04,96
61,Together race.,Christopher Obrien,Biography,29.7,2024-12-05,17
62,Development attorney.,Wendy Spencer,Mystery,16.02,2024-02-12,58
63,Experience she.,Christopher Buckley,Sci-Fi,12.53,2023-11-24,64
64,Sport.,Michael Nielsen,Fiction,38.93,2023-06-24,79
65,Class.,Robin Shields,Mystery,24.66,2024-10-22,99
66,Understand try.,Jonathon Parks,Sci-Fi,6.73,2023-06-11,88
67,Because.,Melissa Stephens,Sci-Fi,13.4,2023-11-14,19
68,Rate system.,Barbara Wright,Sci-Fi,22.38,2025-01-22,51
69,Bit choose.,Sarah Evans,Non-Fiction,35.46,2023-04-08,35
70,Trial model.,Tracy Palmer,Fantasy,49.92,2023-06-17,37
71,Open special short.,Debra Chandler,Fiction,47.25,2024-02-21,88
72,Case you.,Joshua Richard,Fiction,37.92,2024-07-24,59
73,Often teach minute.,Tony Dickson,Fantasy,44.51,2024-01-31,2
74,Receive simply finally.,Joshua Bryan,Mystery,8.87,2023-08-04,3
75,Can attention.,Alexander Carlson,Fantasy,42.58,2024-08-18,43
76,Citizen avoid.,Marc Oneal,Mystery,25.54,2024-06-19,83
77,Sport response.,Jacqueline Bernard,Fantasy,44.03,2024-04-05,87
78,Save although rock.,Deborah Hardy,Mystery,23.12,2024-10-04,71
79,Sign determine.,Teresa Mccormick,Biography,28.16,2024-06-08,82
80,Speech laugh series.,Shannon Short,Sci-Fi,16.47,2024-07-24,76
81,Outside.,Ashley Mckinney,Fantasy,14.28,2024-12-30,41
82,Matter physical.,Mary Francis,Fantasy,40.71,2025-02-04,39
83,Daughter dinner turn have.,James Knox,Sci-Fi,43.68,2024-11-12,71
84,Field.,Laurie Powell,Fantasy,20.79,2024-04-28,90
85,Loss able.,Christine Boone,Fantasy,44.66,2024-06-18,15
86,Challenge explain.,Michelle Malone,Fantasy,26.55,2024-12-08,93
87,Measure establish different.,Douglas Davis,Mystery,46.3,2024-09-17,15
88,Agreement decide foreign.,Rebecca Oconnor,Fantasy,11.12,2023-09-19,32
89,Remain stop value.,Monica Hess,Fantasy,23.62,2024-05-18,9
90,Determine where.,Bonnie Smith,Fiction,24.22,2024-10-04,3
91,Piece.,Paul Anderson,Sci-Fi,30.92,2023-09-21,12
92,During point since.,Margaret Webb,Fantasy,43.29,2025-02-02,11
93,Garden manager ago.,Catherine Gibbs,Fiction,23.9,2024-01-06,19
94,East let.,Crystal Thompson,Non-Fiction,24.93,2023-05-22,68
95,Develop our.,Kevin Mcbride,Mystery,29.9,2023-07-16,29
96,News sure able.,Angela Rogers,Fantasy,24.07,2025-01-30,8
97,Moment tough threat.,Christopher Barnes,Fantasy,11.02,2023-10-24,2
98,Sense single group.,Ana Galloway,Non-Fiction,12.37,2024-02-03,80
99,Pay left.,Donna Brady,Fantasy,9.1,2023-10-10,4
100,Dinner improve television.,Mary Baxter,Non-Fiction,13.5,2024-11-06,45
101,Work minute less.,Jessica Scott,Fantasy,15.2,2024-06-25,70
102,Truth agency.,Kristen Smith,Fiction,32.47,2023-06-02,14
103,Anyone office better.,Mr. David Byrd,Mystery,43.09,2023-09-08,54
104,Push each begin.,Mary Mendoza,Fiction,11.33,2023-04-28,94
105,Beat worker.,Allison Smith,Mystery,37.49,2023-03-30,17
106,Election then.,Jason Andrews,Non-Fiction,28.32,2024-09-29,7
107,Likely station much.,Gary Harris,Sci-Fi,17.7,2023-08-22,21
108,Sell surface.,Tina Tyler,Fiction,13.6,2024-02-28,58
109,Sister various.,Keith Henry,Fantasy,33.71,2024-12-24,78
110,Cell in law.,Adam Wise,Sci-Fi,32.4,2023-02-21,84
111,Campaign situation.,Joe Wilson,Non-Fiction,7.62,2024-12-22,5
112,Us civil.,Daniel Hanson,Non-Fiction,42.26,2024-11-07,44
113,Simple home.,Suzanne Estes MD,Biography,37.54,2024-07-18,68
114,Explain leave.,Joseph Campbell,Sci-Fi,36.43,2023-05-26,37
115,Simply lawyer peace.,Abigail Aguilar,Biography,19.02,2023-07-08,71
116,Girl various.,Kayla Long,Sci-Fi,43.17,2024-11-18,11
117,Recent recent.,Victoria Schaefer,Fantasy,48.6,2024-11-14,76
118,Former environmental increase.,Joseph Marshall,Mystery,17.03,2024-12-19,44
119,Face staff.,Megan Sanchez,Fiction,6.51,2024-03-14,78
120,Trip.,Michael Mills,Non-Fiction,17.54,2025-01-07,11
121,Church a the.,Dylan Blevins,Non-Fiction,26.59,2023-03-04,87
122,While piece mission.,Laura Townsend,Fantasy,39.55,2023-04-16,47
123,Ability loss collection.,Adam Clark,Biography,7.74,2023-03-09,30
124,If person.,Tiffany Pugh,Sci-Fi,45.25,2023-11-14,45
125,Worry lot accept.,Brendan Salas,Sci-Fi,44.07,2023-10-13,48
126,Computer whose public.,Christopher Holloway,Fiction,37.55,2023-09-12,22
127,Add science.,Alexandra Smith,Fantasy,7.82,2024-09-10,59
128,Of send certainly.,Jonathan Good,Biography,48.37,2025-01-15,61
129,Analysis long.,Lee Perry,Non-Fiction,28.77,2024-05-19,97
130,Ten.,Brian Benson,Non-Fiction,17.46,2024-08-13,82
131,Ten including.,Jacob Collins,Biography,33.8,2023-07-13,87
132,Leader assume long.,Kyle Black,Fantasy,13.34,2024-07-03,41
133,Everybody site.,Allison Snow,Fiction,31.91,2024-12-23,81
134,Leave.,Tiffany Mack,Non-Fiction,46.45,2024-07-04,81
135,West price.,Jennifer Foster MD,Non-Fiction,36.54,2023-11-01,43
136,Power high part.,Beth Fox,Mystery,15.98,2023-06-01,83
137,Team provide.,Carol Lee,Non-Fiction,28.53,2023-03-14,22
138,Tend fine lose.,Phillip Hill,Fiction,8.62,2024-06-24,23
139,Pass half.,Tiffany Reid,Biography,32.87,2024-12-19,45
140,During now.,Andrew Davis,Fiction,24.5,2023-06-20,95
141,Add fact.,Kelly Thompson,Fantasy,43.55,2025-01-12,2
142,Far learn seem.,Melissa Nichols,Biography,38.8,2025-01-24,72
143,Nor sport design.,Kenneth Garcia,Mystery,17.19,2023-04-18,2
144,To our make.,Jennifer Bonilla,Biography,43.12,2023-02-13,25
