genre,sale_id,book_title,price,copies_sold,author,sale_date
Sci-Fi,1,Risk may black toward.,25.34,97,Colleen Turner,2024-09-26
Biography,2,Reduce send against.,30.55,95,Dr. David Sanchez,2024-03-18
Sci-Fi,3,No.,14.13,14,Calvin Reese,2024-09-28
Mystery,4,Use owner provide.,18.52,48,Karen Miller,2023-06-28
Fantasy,5,North truth.,30.16,29,Kaitlyn Green,2024-04-18
Sci-Fi,6,Break economy impact.,29.51,100,Taylor Nelson,2023-05-04
Non-Fiction,7,Wear approach series.,8.9,62,Rebecca Fisher,2024-08-06
Fantasy,8,My some.,8.52,53,James Robinson,2023-07-22
Mystery,9,Phone serve prepare.,37.77,32,Tyler Ayala,2024-08-06
Sci-Fi,10,Look sport game fish.,37.18,22,Wesley Gardner,2024-12-05
Non-Fiction,11,Public civil local.,30.46,75,Amanda Marks,2023-03-27
Non-Fiction,12,Edge pay society job.,36.52,82,Michael Ingram,2023-11-23
Non-Fiction,13,Glass action investment drop.,20.33,32,Katie Cook,2024-05-10
Biography,14,Ten believe animal.,30.12,14,Mark Wolf,2025-02-11
Fantasy,15,Leave economic.,8.24,81,Suzanne Doyle,2024-07-01
Fantasy,16,Stay concern.,31.51,7,Suzanne Brown,2024-06-24
Fantasy,17,Suffer understand.,9.74,84,Hannah Garrison,2023-06-28
Non-Fiction,18,Thus idea suggest.,6.91,27,Samantha Meyer,2023-12-31
Sci-Fi,19,Put fast.,6.26,62,Tanya Hunt,2024-02-29
Sci-Fi,20,But environmental.,6.23,36,Brian Barrett,2023-04-16
Fantasy,21,End dark.,22.91,65,Sean Hernandez,2023-11-07
Fantasy,22,Report later site music.,43.87,42,Erica Mccullough,2023-08-16
Mystery,23,Ten conference draw.,46.95,90,Dawn Perry,2024-01-31
Fantasy,24,Health race kitchen.,31.68,79,Amanda Walter,2023-10-18
Fiction,25,Plant born ask.,37.87,70,Julie Patton,2024-05-31
Sci-Fi,26,Medical while.,31.46,71,William Hernandez,2024-09-18
Non-Fiction,27,Newspaper interesting.,32.04,97,Teresa Gibson,2024-02-05
Fiction,28,Whether eight full second.,47.08,15,Kendra Cochran,2024-09-26
Fiction,29,Fact difference.,16.94,57,Alicia Lawrence,2023-10-18
Fiction,30,Which bill.,37.65,80,James Lynch,2023-06-27
Mystery,31,Owner bank site.,7.0,98,James Ortiz,2023-03-12
Mystery,32,Third.,40.04,53,Jessica Collins,2024-04-12
Mystery,33,Score watch daughter amount.,40.07,32,Robert Lucas,2023-05-13
Fantasy,34,Can major decade.,5.15,27,Robert Miller,2023-09-07
Biography,35,Medical smile whether.,29.03,53,Andrew Johnson,2024-03-17
Mystery,36,Also however ball.,19.37,67,Steven Levy,2023-05-19
Fiction,37,Them movie.,6.52,78,Sarah Cortez,2023-10-29
Fantasy,38,Dark piece big.,40.9,14,Jonathan Trujillo,2024-05-31
Biography,39,Accept strategy.,27.24,16,Miss Julie Brown DDS,2023-07-17
Non-Fiction,40,Write space.,20.54,66,Brian Gross,2024-04-25
Sci-Fi,41,Report.,46.8,52,Austin Chavez,2024-02-24
Mystery,42,Main speak.,11.35,100,Daryl Simpson,2023-07-13
Sci-Fi,43,Continue matter church.,24.42,41,Kelly Howard,2024-05-22
Biography,44,Decision make.,24.16,42,Mr. Paul Sullivan,2024-06-15
Fantasy,45,Mouth third.,33.83,36,Ronnie Clements,2023-03-26
Mystery,46,Writer car experience.,5.11,15,Heather Garcia,2024-01-20
Biography,47,Doctor debate.,43.8,39,Randy Andrews,2023-08-12
Fiction,48,Rate.,8.69,42,Michael Cooper,2024-09-24
Fiction,49,Fast stock anything in.,39.16,74,Christopher Barr,2024-04-19
Sci-Fi,50,Test class send.,27.13,20,Amanda Pitts,2024-12-23
Mystery,51,These throw office view.,28.07,67,Tina Wilson,2025-01-26
Fiction,52,Seem ability.,17.86,98,Jeffrey Green,2024-11-10
Non-Fiction,53,Point year.,38.69,72,Teresa Huynh,2024-06-01
Mystery,54,Eight small you little.,9.29,43,Michael Bush,2023-05-29
Mystery,55,Identify what sea.,40.27,52,Kevin Mcdonald,2023-08-19
Fiction,56,Might follow.,26.63,63,Alexander Strickland,2023-06-05
Non-Fiction,57,Skill room effort.,48.32,19,Susan Bailey,2023-05-04
Mystery,58,None want.,46.9,8,Karen Moore,2023-11-25
Fiction,59,Physical include decide.,5.97,62,Danny Gutierrez DDS,2023-08-15
Non-Fiction,60,Situation fine.,7.02,62,Kathryn Miller,2023-12-06
Fiction,61,Far which.,30.37,64,Dennis Pacheco,2024-12-03
Fantasy,62,Respond third feel available.,48.77,27,Brittany Smith,2024-04-01
Mystery,63,Wide home.,16.49,78,Dawn Green,2023-10-11
Biography,64,Participant.,49.07,24,Andrea Stephens,2024-09-23
Sci-Fi,65,Sort summer.,30.21,48,Matthew Barron,2024-11-11
Non-Fiction,66,Pressure late agent.,17.28,70,Cassandra Werner,2024-10-08
Non-Fiction,67,Room message production.,10.14,76,Jorge Andrews,2023-08-07
Fiction,68,Age include wall.,18.26,5,Lisa Lynch,2024-09-03
Biography,69,Enough himself position.,29.16,42,Timothy Palmer,2024-04-12
Sci-Fi,70,Opportunity term.,43.08,77,Steven Gray,2023-05-03
Non-Fiction,71,Increase.,42.64,61,Anthony Brown,2024-05-25
Non-Fiction,72,Low take.,17.06,39,Allison Wilson,2024-02-07
Fiction,73,Ground themselves since.,44.29,72,Calvin Bartlett,2024-01-17
Biography,74,Fight yourself.,14.55,57,Virginia Wilson,2023-08-01
Biography,75,Become early.,24.21,12,Mackenzie Williams,2023-04-01
Non-Fiction,76,After.,9.92,45,Heather Rodriguez,2025-01-10
Fantasy,77,Represent American.,18.66,35,Michael Atkins,2023-12-09
Non-Fiction,78,Teacher already nation.,40.81,92,Austin Clark,2023-08-25
Sci-Fi,79,Street responsibility especially.,44.92,7,Carol Munoz,2025-01-18
Mystery,80,Production while growth.,40.17,56,Jermaine Phillips MD,2024-01-28
Mystery,81,Really ahead physical.,14.74,90,Alexis King,2023-08-16
Fantasy,82,Quite movement.,34.35,62,Angela Boyer,2023-09-05
Sci-Fi,83,Particular approach many.,16.57,41,Darius Alexander,2023-03-06
Fantasy,84,Degree important.,8.71,41,Kristine Thomas,2024-09-26
Fiction,85,Nature.,23.8,35,Jacob Griffin,2025-01-16
Fantasy,86,Imagine leave safe.,17.13,53,Javier Cook,2024-03-23
Mystery,87,Human ten piece.,41.56,70,Gail Henry,2024-01-29
Fantasy,88,Else although.,24.61,10,Renee Guerrero,2024-12-12
Fantasy,89,Ago child another.,44.98,18,Sonia Martin,2023-09-06
Mystery,90,Hair high person.,49.66,53,Donald Cohen,2024-12-12
Fiction,91,Already section.,15.98,45,Kenneth Hill,2023-07-22
Fantasy,92,In.,11.08,10,Matthew Miller,2023-04-12
Fiction,93,Wall industry.,20.14,78,Tara Blankenship,2024-05-22
Mystery,94,Campaign consumer despite.,17.87,23,Timothy Fuentes,2024-10-26
Fiction,95,Keep air.,19.88,48,Anna Nichols,2024-03-18
Fantasy,96,Bed while.,42.58,22,Michelle Randolph,2023-05-25
Fiction,97,Process my.,36.03,71,Amber Flores,2024-01-01
Sci-Fi,98,Fund.,23.33,55,Stephanie Watts,2024-04-27
Biography,99,Traditional ok.,9.4,73,Thomas Rubio,2025-02-09
Fiction,100,Arm color cup.,20.73,9,Susan Montes,2024-07-16
Non-Fiction,101,Amount enjoy entire.,24.8,79,Eddie Moore,2024-12-10
Biography,102,Draw individual hair.,48.41,88,Tony Garcia,2024-07-26
Mystery,103,Degree factor investment.,48.32,32,Patricia Taylor,2024-07-05
Fantasy,104,Art finally.,41.54,56,Douglas Brock,2023-08-24
Mystery,105,Yes station do.,39.32,43,James Buckley,2023-03-14
Mystery,106,Answer short.,37.06,28,David Warren,2023-08-16
Mystery,107,Ready organization local.,32.84,19,Dana Morgan,2024-04-12
Sci-Fi,108,Others head.,43.7,84,Debra Mendoza,2024-03-13
Mystery,109,Tax process someone up.,27.58,55,Colin Riley,2023-07-04
Fantasy,110,Show eat.,14.02,55,Debra Serrano,2023-09-18
Biography,111,Thought soon trial study.,18.04,36,Cynthia Smith,2024-11-15
Fantasy,112,Since.,22.33,17,Amy Santos,2023-11-29
Mystery,113,Tell sister.,48.68,17,Carlos Friedman,2024-06-13
Sci-Fi,114,Suggest goal wife.,27.8,96,Krystal Fisher,2023-04-05
Sci-Fi,115,Rise push staff.,24.78,64,Connie Jones,2024-11-03
Fiction,116,Start sea.,10.25,30,Michele Davis,2024-03-12
Sci-Fi,117,Moment husband.,11.18,23,Karen Wilson,2023-12-23
Non-Fiction,118,Paper nice.,22.4,33,Brian Little,2024-07-13
Fantasy,119,Why.,28.38,54,Eric Stone,2023-08-03
Fantasy,120,Product behavior message law.,21.42,15,Sara Harris,2023-12-10
Non-Fiction,121,Child range decade.,11.48,19,Larry Cox,2024-05-18
Fantasy,122,Recently sport court.,35.63,70,Jamie Warner,2024-04-28
Fiction,123,Tax mention to.,33.66,89,Brian Austin,2023-08-17
Sci-Fi,124,Shoulder.,47.52,29,Carolyn Scott,2024-05-31
Biography,125,Away.,45.08,20,Rodney Watson,2024-11-28
Fantasy,126,Pick those.,18.78,31,Timothy Chen,2023-06-13
Sci-Fi,127,Base customer fly.,44.36,56,Peter Walker,2025-01-28
Fantasy,128,Laugh kid mouth.,5.7,65,Nicholas Miller,2024-12-06
Sci-Fi,129,Stand meeting southern.,45.38,75,Donald Booth,2023-11-28
Sci-Fi,130,Close include.,11.25,72,Jennifer Mendoza,2024-01-11
Biography,131,Ahead member green hear.,20.63,89,Brandi Gallagher,2023-09-21
Fiction,132,Lead per.,46.98,65,Shelby Stewart,2024-03-01
Fiction,133,Recent suggest best.,48.7,100,Roger Miller,2023-12-12
Biography,134,Activity on make.,48.01,79,Christopher Conley,2024-11-06
Sci-Fi,135,Current give color.,14.67,69,Michelle Holden,2023-04-13
Sci-Fi,136,Team.,26.26,51,Mark Cross,2024-01-01
Fantasy,137,Product parent where.,31.25,86,Tyler Hobbs,2024-11-17
Fiction,138,Couple challenge report.,20.92,75,Lisa Rodriguez,2024-03-05
Fantasy,139,Find ok.,18.49,42,Cynthia Wise,2024-01-25
Non-Fiction,140,Example public throughout.,43.41,27,Eddie Weber,2023-07-05
Fantasy,141,Establish economy.,17.97,83,Timothy Sanford,2023-10-31
Fantasy,142,Easy tree.,11.72,77,Caroline Mora,2023-12-23
Mystery,143,Maintain everything traditional.,19.09,74,Andrea Pierce DDS,2024-09-19
Sci-Fi,144,Democratic computer.,24.24,40,Tamara Ingram,2023-05-31
Fantasy,145,Life action about send.,47.97,30,Steven Gillespie,2023-05-06
Sci-Fi,146,Real five they.,49.45,56,Michael Nash,2024-02-04
Sci-Fi,147,Establish base catch.,44.2,78,Sherri Riggs,2024-09-17
Biography,148,Recently hot without.,42.86,29,Erin Quinn,2023-07-01
Fantasy,149,Official everyone condition occur.,42.44,17,April Clark,2024-10-24
Biography,150,Girl paper series agree.,39.48,88,Sean Christensen,2023-06-04
Mystery,151,Pull war seek.,23.01,64,Patrick Hernandez,2024-02-21
Non-Fiction,152,Keep return.,14.87,11,Alyssa Howard,2024-08-26
Mystery,153,Board physical.,31.31,64,Timothy Walker,2023-06-04
Non-Fiction,154,Drive common.,29.65,14,Denise Gibson,2024-11-28
Biography,155,Top play sometimes.,47.6,51,Janet Garcia,2023-02-21
Fantasy,156,Look key office.,44.98,82,Andrea Bell,2023-06-21
Non-Fiction,157,Leg old.,13.13,27,Maria Baker,2023-10-01
Fantasy,158,Save president nice.,27.8,74,Sandra Trujillo,2025-01-28
Biography,159,Sometimes push mention.,27.68,93,Kevin Adams,2023-02-24
