GENRE,price,sale_date,author,copies_sold,sale_id,book_title
Fiction,21.49,2024-07-27,Stephen Gill,81,1,Get thought scene.
Biography,35.71,2023-12-30,Sonya Christensen,31,2,Hour know scientist.
Fantasy,28.8,2023-03-03,Elizabeth Richardson,43,3,Current decade hundred start.
Mystery,47.61,2024-03-24,Tracy Richardson,62,4,Until matter.
Fiction,15.2,2024-02-19,Amanda Rich,99,5,Help.
Fantasy,45.87,2024-11-25,Michael Blair,66,6,Last.
Fantasy,10.95,2024-06-25,Mrs. Angela Hernandez PhD,2,7,After world.
Fantasy,22.15,2023-08-31,Jeffrey Chavez,42,8,Debate player my.
Non-Fiction,14.82,2024-04-26,Johnny Gordon,89,9,Assume feel book.
Fiction,10.15,2024-09-29,Andrew Griffith,99,10,Reach many during.
Biography,39.48,2024-03-15,Shelly Martinez,48,11,Away anything determine.
Mystery,14.76,2025-01-21,Crystal Lopez,21,12,Administration executive.
Non-Fiction,20.81,2023-02-17,Mariah Evans,93,13,Success blue.
Fiction,23.77,2025-02-04,Timothy Gomez,31,14,Here because.
Non-Fiction,23.74,2023-05-31,Teresa Turner,97,15,Sea by fact.
Fantasy,21.11,2024-02-18,Angel Sanchez,66,16,Worry.
Fiction,34.11,2023-12-12,Crystal Elliott,38,17,Drop spend that.
Sci-Fi,39.27,2023-02-27,Jeanne Davis,48,18,Pick society.
Fantasy,35.71,2024-03-31,Amanda Sexton,61,19,People week song.
Fiction,29.81,2023-09-06,Brooke Fleming,58,20,Wear article.
Sci-Fi,5.87,2023-03-04,Eric Baker,68,21,Trade significant.
Biography,27.72,2024-08-05,Annette Shaw,75,22,Today of arm campaign.
Fiction,27.1,2024-08-15,Cindy Patel,80,23,At animal.
Mystery,22.38,2024-12-28,Betty Good,8,24,Probably.
Mystery,14.33,2024-09-27,Jaime Hall,1,25,Involve thousand drop.
Non-Fiction,11.5,2024-09-18,Lisa Harrington,56,26,Actually debate.
Fiction,29.58,2023-07-23,Eric Rangel,1,27,Effect continue opportunity.
Mystery,34.05,2023-08-21,Brianna Singh,51,28,Affect thank.
Fiction,9.11,2024-11-10,Natalie Rosario,17,29,Apply.
Non-Fiction,39.19,2023-05-20,Jackson Henderson,33,30,Adult project.
Fiction,29.25,2023-03-25,Darius Stein,70,31,Hand answer.
Non-Fiction,42.01,2024-07-28,Kristy Cordova,86,32,Area light.
Fantasy,8.87,2024-01-15,Kenneth Smith,49,33,Weight allow subject.
Fantasy,35.55,2024-11-14,Angela Spencer,79,34,War Congress.
Fantasy,35.13,2024-11-20,Christian Casey,12,35,Type thought movement.
Biography,25.91,2024-05-18,Ryan Nolan,68,36,Travel student.
Mystery,18.59,2024-08-27,Joshua James,97,37,Home ago four same.
Mystery,31.1,2023-11-18,Sandra Oneill,93,38,Above lay remember.
Non-Fiction,23.42,2024-08-10,Chelsea Bradford DDS,100,39,Along evidence.
Sci-Fi,18.53,2023-08-15,Maria Camacho,26,40,But have.
Biography,25.86,2023-05-03,Nicholas Frye,22,41,Pay after black.
Fiction,42.13,2023-12-28,Meghan York,26,42,War beat.
Mystery,20.8,2024-03-10,Anita Brennan,35,43,Agent he tough responsibility.
Non-Fiction,5.08,2023-08-19,Miss Kristin Daniel MD,47,44,Then spring enjoy.
Mystery,14.71,2023-10-27,Alexis Conley,13,45,Meet because.
Biography,43.34,2023-02-12,Reginald Cooper,31,46,Low prove their.
Mystery,49.53,2023-12-01,Alison Walter,44,47,Never.
Fiction,23.8,2024-11-13,Edgar Mcmahon,77,48,Behavior identify.
Fantasy,48.51,2023-06-14,Cassidy Washington,18,49,Including word.
Fantasy,8.8,2024-06-15,Jennifer Sims,94,50,Support.
Non-Fiction,42.08,2024-08-28,Misty Wood,24,51,Wonder agent.
Fiction,8.01,2023-05-07,Tiffany Castro,58,52,Baby themselves language.
Mystery,23.24,2023-04-01,Natalie Thompson,69,53,Nation vote.
Fantasy,40.61,2024-03-23,Kelsey Smith,99,54,Spend energy.
Fiction,16.35,2024-05-03,Kevin Davis,93,55,Each off process.
Biography,21.07,2025-01-16,Megan Sherman,59,56,Modern nice.
Sci-Fi,40.76,2023-08-06,Marc West,9,57,Focus language region.
Mystery,5.42,2023-12-27,Karla Anderson,36,58,Process thousand finally.
Sci-Fi,6.24,2024-09-14,Jasmine Jenkins,57,59,Others performance serious.
Fantasy,23.75,2023-04-25,Nancy Wright,27,60,Series.
Sci-Fi,23.19,2024-08-29,Michelle Gonzalez,25,61,Color business film.
Biography,32.25,2024-06-15,Andrea Johnson,20,62,Analysis effort.
Non-Fiction,20.43,2023-07-11,Emily Garcia,1,63,Where add.
Fiction,37.57,2024-06-04,Robert Rodriguez,37,64,Discover course north.
Fiction,27.17,2023-09-26,Katie Harris,86,65,Election represent too.
Non-Fiction,19.33,2024-09-23,Stacey Ponce,13,66,Stand strategy current.
Non-Fiction,30.33,2023-07-30,Greg Bradford,67,67,His into.
Biography,17.31,2023-02-27,Michael Torres,69,68,Vote agreement democratic.
Fiction,38.31,2024-04-18,Mary Robertson,60,69,Sea allow mission.
Sci-Fi,48.11,2024-06-30,Mariah Newton,10,70,Investment staff.
Mystery,48.51,2024-02-11,Lisa Meza,21,71,For necessary.
Non-Fiction,35.99,2024-04-30,Brenda Reeves,81,72,Help situation great.
Fiction,19.34,2024-10-09,Rachael Hopkins,5,73,City.
Biography,16.57,2023-05-28,Brian Smith,40,74,Deal oil represent.
Biography,14.27,2023-12-12,Amanda Bell,75,75,Hard look.
Sci-Fi,11.49,2023-08-23,Maria Durham,92,76,Computer almost production.
Fiction,47.8,2023-11-09,Shawn Church II,85,77,North whom arm.
Fantasy,45.0,2024-07-03,Dr. Mary Brown MD,58,78,Matter.
Biography,9.23,2023-03-05,Eric Edwards,94,79,Person situation bit.
Fantasy,20.51,2024-03-26,Robert Jackson,71,80,Mission notice.
Non-Fiction,34.52,2024-07-03,Brian Contreras,2,81,That admit.
Mystery,43.33,2024-03-10,Jeremy Thomas,77,82,Available.
Fiction,38.37,2023-02-28,Sierra Anderson,40,83,Nature compare eat.
Sci-Fi,36.98,2023-10-19,Megan Lane,46,84,Home wall.
Sci-Fi,33.43,2024-09-21,Ian Peterson,27,85,Fight will team receive.
Biography,24.91,2023-07-13,Thomas Hernandez DVM,79,86,Everything method old.
Sci-Fi,38.21,2023-06-06,John Conley,51,87,Common.
Mystery,40.06,2024-03-08,Morgan Brown,39,88,Until maintain.
Biography,43.16,2024-10-15,Caitlin Herrera,19,89,Nation color chance purpose.
Biography,31.09,2023-12-15,Timothy Gay,26,90,Executive consider moment.
Fantasy,49.28,2024-10-17,Kaitlyn Anderson,96,91,List new himself cell.
Sci-Fi,42.6,2023-12-20,Amanda Mccoy,88,92,Total least peace.
Sci-Fi,11.75,2024-02-26,Sierra Rose,21,93,Once price unit.
Mystery,28.95,2023-08-09,Jorge Mason,2,94,Benefit matter real.
Mystery,15.99,2023-03-15,Brian Ward,64,95,Leader knowledge still tree.
Fantasy,18.68,2024-01-18,William Wilson,88,96,Message lay.
Non-Fiction,11.43,2023-08-27,Jennifer Reynolds,45,97,Fill put.
Non-Fiction,9.78,2024-12-11,Jennifer Arnold,90,98,Probably east across.
Fantasy,7.45,2025-01-16,Sara Stone,24,99,Woman later.
Mystery,15.17,2023-10-28,Robert Hill,24,100,Important condition choose.
Non-Fiction,44.15,2025-02-05,Michael Johnson,2,101,Star buy.
Fantasy,49.05,2023-09-18,Christy Baxter,41,102,Whether four.
Non-Fiction,29.68,2023-05-01,Marvin Holden,91,103,Also team.
Fantasy,25.74,2023-11-02,Benjamin Bradley,53,104,Goal claim.
Mystery,37.36,2023-03-21,Eric Moore,50,105,Growth political newspaper.
Mystery,18.17,2023-08-15,Isaac Barnes MD,61,106,Six thought rather.
Fantasy,10.2,2024-03-14,Sheri Smith,92,107,Real.
Biography,16.26,2024-11-23,Katrina Le,83,108,Born everybody.
Fiction,15.15,2023-09-12,Kyle Carney,46,109,These agency.
Fantasy,15.69,2024-10-07,Craig Banks,51,110,Price fight.
Fiction,23.32,2024-05-20,Leonard Murphy,73,111,Perhaps whatever outside.
Mystery,15.38,2023-09-03,Bianca Clark,22,112,Art money talk.
Sci-Fi,6.52,2024-03-01,Derrick Perkins,45,113,Discover agree gas.
Biography,26.3,2025-01-28,Marvin Fields,43,114,Why.
Fiction,49.67,2023-04-10,Nathan Gregory,2,115,Magazine speak much.
Non-Fiction,21.2,2024-07-18,Eric Miranda,82,116,Something media.
Mystery,38.16,2023-02-27,Tracy Patrick,3,117,Choose cut.
Mystery,25.08,2023-03-26,Antonio Moore,98,118,Teach then traditional.
Non-Fiction,40.02,2024-04-18,Austin Smith,93,119,Per seem.
Mystery,8.63,2024-09-20,Joanne Nash,60,120,Around wife.
Fantasy,36.01,2023-07-12,Scott Cruz,8,121,Good especially.
Non-Fiction,17.76,2024-11-06,Jasmine Ortega,19,122,Someone almost practice.
Mystery,36.84,2023-09-12,Michael Maddox Jr.,51,123,Land effort product.
Biography,16.03,2023-07-05,Jeffrey Owen,91,124,Above really people.
Mystery,43.0,2025-01-04,Matthew Burch,21,125,Citizen stock.
Biography,48.95,2023-07-24,Tara Kennedy,68,126,Receive girl.
Non-Fiction,14.0,2024-12-21,Jeffrey Duncan,18,127,Player break section.
Sci-Fi,26.73,2024-09-03,Mr. Christopher Brown MD,52,128,Air member six.
Mystery,9.45,2025-01-26,Dwayne Harding,15,129,Need threat.
Fantasy,43.06,2024-09-17,Ann Jackson,60,130,Reduce student poor.
Fantasy,46.51,2025-01-25,Robert Lopez,58,131,Describe have.
Biography,19.57,2023-12-08,Mr. Michael Smith,11,132,Good worry PM.
Non-Fiction,26.71,2024-03-16,Kristina Moreno,78,133,Tend wish.
Biography,41.38,2023-07-22,Dennis Gould,86,134,Represent keep evening.
Fiction,45.29,2024-02-05,Amber Johnson,9,135,Ground Mr energy.
Non-Fiction,26.67,2024-03-23,Robert Baker,90,136,Interest source.
Biography,42.51,2023-09-07,Alan Harvey,65,137,Question owner.
Mystery,43.16,2024-12-18,Marcus Herrera,14,138,History production food.
Sci-Fi,36.75,2024-04-26,Stephanie White,10,139,Give explain.
Fantasy,40.26,2024-08-08,Christian Salazar,84,140,Owner capital plant.
Non-Fiction,18.72,2023-12-09,Andrea Alvarez,14,141,International generation.
Mystery,18.94,2024-10-13,Joseph Cook,43,142,Serve according.
Non-Fiction,49.55,2024-09-17,Douglas Scott,17,143,Billion office growth.
Mystery,10.79,2023-12-17,Javier Fields,41,144,Claim collection.
Mystery,40.76,2024-07-30,Dawn Huerta,52,145,Though where.
Sci-Fi,15.98,2023-03-14,Michael Pierce,75,146,Wide since that.
Non-Fiction,13.76,2024-12-28,Jennifer Ali,96,147,Recently along.
Fiction,41.78,2023-08-05,Gabriela Mosley,55,148,Pass learn factor treat.
Non-Fiction,48.03,2024-03-07,Kevin Simmons,89,149,Report which feeling dark.
Mystery,22.22,2025-02-01,Donald Smith,71,150,Beyond consumer.
Biography,31.48,2024-06-10,Michael Clarke,7,151,Mention fast.
Mystery,38.25,2023-08-13,John Newman,64,152,Traditional play.
Mystery,32.37,2024-12-27,Victoria Nunez,29,153,This money.
Mystery,37.31,2025-01-17,Ryan Taylor,3,154,History fire suggest loss.
Non-Fiction,15.1,2023-08-20,Jerry Long,58,155,There color career.
Mystery,38.61,2023-05-29,Isabel Rogers,27,156,National list down.
Biography,5.83,2024-02-07,Caleb Freeman,2,157,Thing herself.
Fiction,46.27,2023-11-26,Amber Jimenez,92,158,Plan option.
