sale_date,price,sale_id,genre,author,copies_sold,book_title
2024-03-25,35.51,1,Mystery,Deborah Weber MD,64,Ask talk body.
2024-01-29,5.01,2,Fantasy,Annette Anderson,6,Place.
2024-01-26,20.07,3,Non-Fiction,Franklin Richardson,72,Land lot.
2024-12-16,44.61,4,Fiction,James Horn,55,Thought across whole.
2023-04-07,43.74,5,Sci-Fi,Patricia Lopez,43,Whether try scene charge.
2023-06-15,46.7,6,Biography,Megan Long,83,Talk act reality.
2024-09-02,44.54,7,Fiction,Vanessa Hughes,81,Right thought our.
2024-02-12,8.43,8,Non-Fiction,Elizabeth Glenn,71,Page.
2023-05-15,37.45,9,Sci-Fi,Steven Howard,73,If.
2024-06-04,8.62,10,Non-Fiction,James Hicks,100,Sport future.
2023-05-03,33.23,11,Sci-Fi,Robert Jackson,82,See from until.
2024-06-05,16.79,12,Fantasy,Diane Morris,22,Single feel.
2024-05-27,35.51,13,Sci-Fi,Stacie Anderson,34,Recent.
2024-11-10,15.71,14,Fiction,Lisa Roberts,69,Leg manage compare career.
2024-06-02,43.6,15,Sci-Fi,Lisa Spears,45,Page because interesting.
2023-03-13,32.9,16,Biography,Joshua Cole,36,Fire skill can.
2024-03-03,16.9,17,Sci-Fi,Donna Tate,3,Your treatment.
2023-06-02,45.94,18,Mystery,Alicia Stevenson,68,Approach television.
2023-04-28,6.08,19,Non-Fiction,Sean Ward,15,Many none.
2024-01-27,47.79,20,Fantasy,Margaret Moore,21,Beat his.
2024-07-20,48.01,21,Sci-Fi,Karen Roberts,51,Later challenge television.
2023-06-18,45.4,22,Sci-Fi,Carol Harmon,69,Finish old Republican.
2024-02-29,31.9,23,Biography,Matthew Brown,32,Across.
2024-03-21,39.9,24,Fantasy,Clayton Wood,33,Deal hold stand.
2024-01-23,29.68,25,Fiction,Tara Harris,27,Serve themselves indeed structure.
2023-08-11,40.08,26,Fantasy,Melinda Gonzalez,38,Surface talk page moment.
2023-10-30,9.84,27,Fantasy,Nathaniel Williams,32,Also benefit time.
2024-01-01,43.61,28,Fiction,Gary Kline,96,Everything enjoy.
2024-12-07,7.86,29,Fantasy,Daniel Randolph,90,Away imagine stage.
2023-05-26,12.74,30,Fiction,Aaron Stone,10,Performance attack.
2023-09-28,22.31,31,Fantasy,Kevin Mcdonald,67,Give daughter at teacher.
2023-12-22,37.9,32,Sci-Fi,Corey Edwards,16,Piece star smile.
2024-09-06,11.62,33,Fantasy,Ryan Good,18,American they suddenly.
2024-03-22,32.04,34,Non-Fiction,Jeffery Savage,99,Cause stuff smile.
2024-02-19,24.6,35,Biography,Donna Cortez,97,Bag card question.
2023-06-17,27.42,36,Non-Fiction,Connie Zuniga,83,Reduce worker choice.
2024-07-31,18.61,37,Fiction,Charles Bond,31,Strategy none.
2023-07-22,41.23,38,Mystery,Heather Henderson,67,Imagine their.
2024-09-03,13.64,39,Non-Fiction,Sara Benton,24,Travel himself see.
2024-05-21,24.39,40,Fiction,Meagan Brown,64,His relationship.
2024-05-25,40.83,41,Biography,Gary Turner,91,Force.
2024-02-16,31.19,42,Non-Fiction,Mary Anthony,19,Audience crime same.
2024-01-21,12.66,43,Mystery,Cynthia Thompson,85,Include game.
2024-04-18,49.38,44,Mystery,Anthony Yu,90,Position almost maintain.
2024-04-03,19.17,45,Fantasy,Terrence Jimenez,29,Discover chance campaign.
2024-11-06,46.45,46,Biography,William Newman,95,Morning mention friend.
2023-02-14,5.75,47,Fantasy,Ricky Atkins,36,Write.
2023-10-05,5.91,48,Fiction,Patricia Wood,4,Total room hotel.
2023-05-15,6.09,49,Sci-Fi,Sheila Sanchez,36,Price civil difference.
2023-04-03,15.45,50,Sci-Fi,Dawn Smith,100,Recent religious.
2023-05-23,8.61,51,Fiction,Rebekah Patterson,14,Owner work.
2023-02-28,49.17,52,Mystery,Raven Burke,24,Few admit.
2023-04-07,24.23,53,Mystery,Billy Smith,36,Senior quality easy.
2025-02-08,25.03,54,Mystery,Kathryn Cannon,64,Peace capital.
2023-07-29,11.81,55,Fantasy,Mary Duarte,95,Weight every form.
2024-02-05,6.61,56,Sci-Fi,Amanda Wise,63,Consider million feel.
2024-05-09,36.81,57,Mystery,Kelli Sanchez,29,Good great.
2024-01-24,35.53,58,Biography,Kelly Lewis,90,May cup always.
2024-05-16,29.06,59,Fantasy,Jack Fields,72,Into role international.
2023-10-03,12.32,60,Fiction,Julie Jones,62,Against another.
2023-09-15,29.93,61,Non-Fiction,Brenda Powell,18,Take easy.
2023-11-25,26.92,62,Sci-Fi,Stephen Harmon,86,Option myself white.
2024-11-08,36.23,63,Fantasy,Johnny Mcfarland,24,Hair play.
2024-08-17,40.73,64,Sci-Fi,Joshua Mullins,54,Student direction.
2024-11-20,7.8,65,Fantasy,Jill Thompson,97,Study lose.
2023-10-23,45.01,66,Sci-Fi,Jennifer Swanson,39,Power idea at.
2023-10-11,30.25,67,Mystery,Alexis Walsh,86,Protect white.
2024-08-24,49.99,68,Non-Fiction,Luis Moses,93,Old artist police.
2023-11-26,32.72,69,Biography,Michael Lee,81,Only then.
2023-09-08,18.5,70,Fiction,Samuel Davis,62,Language within today significant.
2023-06-13,40.11,71,Fantasy,Sherry Porter,53,New write focus.
2023-11-06,30.76,72,Mystery,John Hughes,52,Build almost big.
2023-10-08,9.27,73,Fiction,Andre Lopez,45,Wear step.
2024-11-29,14.21,74,Fiction,Karen Rivera,70,East financial major always.
2024-11-19,33.68,75,Mystery,Colleen Harris,49,Sing provide house.
2024-04-02,40.81,76,Sci-Fi,Tina Morales,22,American firm.
2024-07-19,39.49,77,Sci-Fi,John Burnett,60,Cause.
2024-01-30,23.89,78,Sci-Fi,Katherine Brooks DDS,43,Read sit radio.
2023-11-28,17.59,79,Mystery,Cody Scott,75,Cup investment million future.
2023-09-15,43.98,80,Fiction,Joshua Cobb,5,Health great point.
2024-09-14,22.27,81,Mystery,Shane Burke,37,Member hour production.
2023-02-20,48.13,82,Sci-Fi,Jared Romero,87,Offer laugh.
2023-06-29,14.95,83,Non-Fiction,Brendan Lewis,54,Someone spring.
2024-02-28,11.02,84,Fantasy,Katherine Santiago,82,Same case.
2024-03-28,17.87,85,Fantasy,Jeffrey Macdonald,38,Lay ahead.
2024-04-15,28.7,86,Non-Fiction,Jerry Nelson,39,North avoid Congress.
2024-08-20,45.18,87,Mystery,Erin Morris,82,Several teach control.
2023-08-25,46.67,88,Mystery,Eric Martinez,99,National goal.
2025-02-07,36.02,89,Non-Fiction,Gerald Hess,70,Kitchen sure.
2024-10-23,49.64,90,Fantasy,David Blair,42,Nothing.
2023-10-21,24.38,91,Fiction,Dakota Moran,31,Nice different radio.
2023-10-31,49.35,92,Fantasy,Margaret Kim,13,Leader still happy.
2023-12-13,9.22,93,Non-Fiction,Nicolas Delgado,77,Describe address.
2024-02-20,42.8,94,Biography,Lori Morris,81,Minute southern.
2024-11-25,11.14,95,Fantasy,Jose Lopez,75,Shake project leg.
2023-11-13,45.74,96,Mystery,Victor Fleming,29,Response way.
2023-02-15,49.11,97,Biography,Dennis Turner,9,Interesting same list.
2023-07-19,27.28,98,Biography,James Davis,33,Service from.
2024-02-03,39.37,99,Sci-Fi,Leroy Hernandez,91,Life new.
2024-03-28,21.74,100,Fiction,Daniel Johnson,22,Look everything style impact.
2023-06-17,44.53,101,Sci-Fi,Charles Stephens,18,Among company.
2024-03-22,27.91,102,Biography,Jill Brown,17,Evidence everybody.
2024-07-30,5.38,103,Non-Fiction,Katherine Zimmerman,25,Anything sound heart.
2025-01-09,47.36,104,Non-Fiction,Mary Washington,44,Join.
2023-06-03,15.17,105,Sci-Fi,Wanda Harris,61,Yard myself.
2023-06-28,39.46,106,Fantasy,Pamela Graham,73,Talk everyone material.
2024-03-16,13.8,107,Biography,Mark Long,77,Stage wrong make.
2023-09-29,27.81,108,Fantasy,Cameron Williams,5,Try need affect.
2023-09-06,10.04,109,Biography,Mark Ellison,59,Democratic think.
2023-04-27,28.14,110,Fiction,Mrs. Melissa Taylor DDS,62,Care different.
2023-04-02,47.05,111,Non-Fiction,Steven Lynch,19,Black cause.
2024-06-02,11.88,112,Fantasy,Ashley Scott,95,Parent ground.
2024-04-28,33.91,113,Non-Fiction,Deborah Graham,64,Something say.
2023-04-28,25.1,114,Mystery,Melanie Moore,83,Design marriage.
2024-06-27,45.76,115,Fiction,Yolanda Schwartz,66,Institution before man.
2024-08-13,34.88,116,Non-Fiction,Vanessa Collier,43,Phone change might.
2024-01-04,41.33,117,Sci-Fi,Jennifer Jones,37,Small serious.
2024-05-09,21.51,118,Biography,Stephanie Reese,12,Position central.
2023-12-07,9.99,119,Sci-Fi,Craig Glover,22,Growth share.
2023-12-10,38.27,120,Biography,Philip Chambers,82,Quality way.
2023-08-20,34.16,121,Biography,Matthew Johnson,75,Whole modern speak.
2024-12-22,47.57,122,Non-Fiction,Tammy Haynes,52,Player trade.
2024-11-07,5.15,123,Mystery,Ryan Yu,36,Major spring improve.
2024-11-20,7.35,124,Fiction,Amy Miller,15,Reach stuff.
2024-07-17,26.08,125,Fantasy,Andre Moore,87,There voice.
2024-06-07,41.05,126,Non-Fiction,Dana Mcdonald,60,Real water late.
2024-09-22,33.08,127,Fiction,Ashley Torres,36,Situation light theory.
2023-10-09,36.74,128,Non-Fiction,Samantha Henry,93,Summer into use.
2023-06-06,11.63,129,Fiction,Michele Lambert,94,Election mission boy.
2023-09-28,24.25,130,Fantasy,Jennifer Ortiz,46,Imagine specific.
2023-08-06,49.32,131,Fantasy,Renee Collins,54,Political finally.
2024-09-09,48.01,132,Biography,Diana Hensley,4,Fill.
2025-01-03,11.78,133,Non-Fiction,Heather Fernandez,18,Development summer.
2024-01-24,40.82,134,Fiction,Brandon Saunders,63,Lay money step.
2023-04-24,11.51,135,Fiction,Dakota Reese,53,However goal drop.
2024-11-23,9.83,136,Sci-Fi,Michael Parsons,59,Bag same painting believe.
2023-09-19,14.98,137,Biography,Joshua Miles,51,Glass choose force class.
2023-09-09,29.89,138,Fantasy,Mary Tran,25,Receive Mrs enough.
2023-07-21,47.92,139,Mystery,John Hill,85,Loss since edge.
2024-04-30,34.23,140,Sci-Fi,Gloria Young,3,Benefit evidence.
2023-11-20,45.16,141,Biography,Cassandra Taylor,19,Purpose parent.
2023-02-24,10.02,142,Biography,Sarah Mcdonald,47,Very catch.
2023-04-30,10.95,143,Mystery,Rebecca Navarro,92,Woman her computer.
2024-07-17,27.48,144,Sci-Fi,Barry Hunt,10,Where thus.
2023-12-18,27.21,145,Biography,Megan Vasquez,94,Moment response both son.
2023-04-21,13.49,146,Sci-Fi,Debbie Johnston,51,Evening sing.
2024-04-08,35.73,147,Non-Fiction,Steven Deleon,75,Which around.
2024-06-09,22.48,148,Non-Fiction,Alicia Brown,24,Entire though.
2024-02-01,32.92,149,Fiction,Terri Clark,1,Little concern.
2025-01-10,30.26,150,Biography,Erik Acosta,40,Service and population.
2024-06-18,42.8,151,Fantasy,Andrew Jackson,58,Agency may interesting.
2023-04-08,41.28,152,Mystery,James Johnston,58,Understand take.
2023-03-15,48.19,153,Non-Fiction,Lisa Lowery,100,Top inside.
2023-05-23,8.61,154,Biography,Benjamin Ho,89,Generation simple.
2024-03-27,12.53,155,Non-Fiction,David Dean,18,Operation material when.
2024-02-29,12.43,156,Sci-Fi,William Lyons,84,Plant.
2023-12-23,46.54,157,Fiction,Nicolas Chang,59,Know soon Mrs.
2024-04-01,18.57,158,Mystery,Tamara Valdez,68,Who piece.
