course_id,course_name,department,instructor,credits,semester
1,Intro to Bank,Biology,Shawna Ruiz,4,Winter 2020
2,Intro to Knowledge,Physics,Anna Williams,2,Winter 2020
3,Intro to Outside,Computer Science,Donna Morgan,2,Summer 2022
4,Intro to Accept,Physics,Mike Andrews,4,Fall 2022
5,Intro to Tree,Economics,William Sellers,1,Spring 2022
6,Intro to Career,Mathematics,Sharon Abbott,4,Summer 2021
7,Intro to Amount,History,Todd Carrillo DVM,4,Winter 2019
8,Intro to Avoid,Biology,Roberto Gonzales PhD,5,Fall 2021
9,Intro to Small,Mathematics,Steven Stone,2,Fall 2019
10,Intro to Statement,Computer Science,Joseph Ramos,5,Spring 2022
11,Intro to Few,Physics,David Hernandez,4,Fall 2022
12,Intro to Military,Economics,Adam Wilson,1,Winter 2021
13,Intro to Analysis,Biology,Lisa Oconnell,4,Winter 2021
14,Intro to None,Biology,Dennis Hall,4,Winter 2023
15,Intro to Action,Physics,Kenneth Lopez,3,Summer 2023
16,Intro to Full,Mathematics,James Wolf,3,Summer 2018
17,Intro to Spring,History,Norma Jacobson,3,Summer 2022
18,Intro to Direction,Economics,Tamara Harris,5,Summer 2021
19,Intro to Former,Mathematics,Robert Johnson,2,Fall 2018
20,Intro to Give,Mathematics,Michael Jones,4,Winter 2022
21,Intro to Claim,Physics,Richard Carr,2,Fall 2018
22,Intro to Send,Physics,Francisco Jones,3,Winter 2018
23,Intro to Should,Physics,Darryl Bartlett,3,Summer 2019
24,Intro to Policy,History,Tina Mercado,3,Fall 2021
25,Intro to Prove,Mathematics,Courtney Long,4,Fall 2023
26,Intro to Authority,Physics,Sherri Smith,1,Winter 2018
27,Intro to Fish,Economics,Dr. Christopher Hill,3,Summer 2020
28,Intro to Pull,Biology,Susan Williams,4,Fall 2018
29,Intro to Beyond,Physics,Wendy Holloway,5,Fall 2021
30,Intro to Suggest,Biology,Julie Mcmahon,4,Spring 2018
31,Intro to Nation,Mathematics,Jason Hayes,3,Spring 2019
32,Intro to Mind,Mathematics,Jasmine Brown,5,Summer 2018
33,Intro to Oil,Economics,Cheryl Russo,3,Spring 2020
34,Intro to Standard,Biology,Lauren Chapman,3,Winter 2022
35,Intro to Final,Biology,Christina Jackson,3,Spring 2021
36,Intro to Few,Physics,Eric Walters,2,Fall 2022
37,Intro to Professional,Physics,Stephanie Robinson,3,Summer 2021
38,Intro to Onto,Mathematics,Felicia Jensen,1,Fall 2022
39,Intro to Whether,Physics,James Watson,4,Spring 2020
40,Intro to Room,Physics,Judith Maxwell,5,Spring 2018
41,Intro to Leader,Mathematics,Leslie Wright,4,Summer 2019
42,Intro to Goal,History,Jean Carter,3,Spring 2020
43,Intro to Outside,History,Mr. Craig Diaz,1,Winter 2022
44,Intro to Include,Mathematics,Kevin Molina,3,Winter 2019
45,Intro to Meet,Mathematics,Brenda Alexander,5,Winter 2022
46,Intro to Modern,History,Erik Chan,3,Spring 2023
47,Intro to While,History,Luke Nicholson,2,Winter 2020
48,Intro to Threat,Biology,Victor Johnson,1,Fall 2018
49,Intro to Lay,History,Jacqueline Johnson,3,Winter 2022
50,Intro to Practice,Computer Science,Dean Rodriguez,2,Winter 2022
51,Intro to State,History,Larry Stevens,5,Winter 2021
52,Intro to Traditional,Biology,Christine Smith,1,Spring 2022
53,Intro to Pull,History,Peter Garza,5,Summer 2022
54,Intro to Democrat,Biology,Kevin Savage,3,Summer 2023
55,Intro to Grow,Economics,Cole Taylor,3,Summer 2019
56,Intro to Food,History,Cheryl Moreno,4,Fall 2023
57,Intro to Seat,Physics,Christine Benjamin MD,4,Fall 2019
58,Intro to Church,Mathematics,Timothy Anderson,5,Winter 2020
59,Intro to East,Computer Science,David Ramirez,4,Winter 2021
60,Intro to Read,Physics,Sherri Mccarthy,2,Summer 2018
61,Intro to Good,History,Gary Chen,3,Summer 2020
62,Intro to Newspaper,Computer Science,Cody Pacheco,1,Summer 2022
63,Intro to Modern,Biology,Stephen Massey,5,Fall 2020
64,Intro to Major,Economics,Pamela Sullivan,4,Fall 2021
65,Intro to Western,Economics,Andrea Hicks,2,Fall 2022
66,Intro to Reason,Biology,Elizabeth Rodriguez,3,Spring 2019
67,Intro to Energy,Physics,Michael Stokes,3,Winter 2019
68,Intro to Part,Computer Science,John Hebert,5,Summer 2022
69,Intro to Part,History,Michael Andersen,1,Summer 2021
70,Intro to Left,Biology,Andrew Martinez,1,Summer 2019
71,Intro to Establish,Computer Science,Kathryn White,2,Summer 2019
72,Intro to History,History,Gina Williams,5,Summer 2020
73,Intro to Appear,Economics,Stephanie Herrera,3,Spring 2020
74,Intro to As,Economics,Justin Melendez,1,Winter 2018
75,Intro to Live,Mathematics,Nicholas Fischer,4,Winter 2021
76,Intro to Low,Physics,Crystal Smith,5,Fall 2019
77,Intro to Entire,Biology,Christine Lopez,3,Spring 2023
78,Intro to Image,Physics,Holly Bridges,4,Winter 2023
79,Intro to Government,Physics,Randy Johnson,3,Spring 2018
80,Intro to Anything,Physics,Brenda Curtis,3,Spring 2021
81,Intro to Quickly,Physics,Morgan Flynn,3,Winter 2023
82,Intro to Blood,Computer Science,Joshua Jordan,4,Fall 2019
83,Intro to Year,Physics,Thomas Harmon,3,Winter 2023
84,Intro to Statement,Physics,William Cortez,5,Summer 2021
85,Intro to Air,History,Ashley Pierce,3,Spring 2022
86,Intro to Protect,History,John Moreno,5,Summer 2019
87,Intro to Range,Computer Science,Jennifer Sullivan,1,Winter 2019
88,Intro to Special,Computer Science,Amanda Johnson,4,Fall 2023
89,Intro to Travel,Mathematics,Andrea Swanson,2,Spring 2019
90,Intro to Enough,Economics,Rachael Arnold,5,Summer 2019
91,Intro to Black,Physics,Katherine Gill,2,Winter 2022
92,Intro to Wait,Biology,Richard Bradley,5,Winter 2020
93,Intro to Step,Biology,Rachel Bradley,2,Summer 2019
94,Intro to War,History,Brittany Davis,2,Spring 2018
95,Intro to Wrong,Biology,Benjamin Walker,1,Spring 2018
96,Intro to Lot,History,Alejandro Peterson,3,Fall 2019
97,Intro to Ever,Mathematics,Robert Burnett,1,Summer 2019
98,Intro to New,Mathematics,James Jarvis,5,Fall 2019
99,Intro to Letter,History,Charles Hicks,5,Winter 2018
100,Intro to Big,Mathematics,Frank Tucker,4,Spring 2021
101,Intro to Quickly,Computer Science,Robert Chan,3,Summer 2023
102,Intro to Chair,Computer Science,Mr. Thomas Mcdaniel,3,Winter 2018
103,Intro to He,Computer Science,Jessica Mcintosh,5,Spring 2020
104,Intro to Animal,Physics,Jennifer White,4,Winter 2020
105,Intro to Impact,History,Christine Stewart,3,Spring 2020
106,Intro to Clear,Mathematics,David Yoder,5,Summer 2023
107,Intro to Best,Economics,Joyce Craig,5,Spring 2019
108,Intro to Public,Computer Science,Lynn Murray,2,Spring 2021
109,Intro to Shoulder,Economics,Brian Vasquez,3,Fall 2023
110,Intro to Series,Biology,Leslie Hall,5,Summer 2018
111,Intro to Remain,History,Christopher Reed,5,Fall 2018
112,Intro to Budget,Economics,Tonya Santos,3,Spring 2023
