course_id,COURSE NAME,department,instructor,credits,semester
1,Intro to Head,Mathematics,Stephanie Boyd,2,Fall 2019
2,Intro to Answer,Economics,Danielle Davis,1,Fall 2022
3,Intro to Security,Biology,Joshua Hunter,1,Fall 2020
4,Intro to History,Physics,Travis Henry,3,Spring 2022
5,Intro to Attention,Mathematics,Robert Neal,1,Spring 2022
6,Intro to Onto,Physics,Mary Dawson,3,Summer 2019
7,Intro to Here,Mathematics,Megan Decker,4,Winter 2023
8,Intro to Present,Physics,Amber Torres,3,Fall 2021
9,Intro to Reduce,Mathematics,Jacqueline Reed,5,Fall 2019
10,Intro to Official,History,Leslie Smith,4,Summer 2020
11,Intro to News,Computer Science,Seth White,4,Spring 2021
12,Intro to Her,Computer Science,Jessica Blackwell,4,Summer 2022
13,Intro to If,Computer Science,Alan Johnson,3,Fall 2021
14,Intro to Worker,Mathematics,Michael Mathis,5,Summer 2022
15,Intro to This,Economics,Rebecca Buchanan,4,Spring 2021
16,Intro to Rich,Biology,Eric Ferguson,2,Summer 2023
17,Intro to Between,Biology,David Knight,1,Summer 2018
18,Intro to Right,Computer Science,Christopher Jimenez,1,Winter 2019
19,Intro to Hospital,Economics,Dominique Perez,2,Fall 2021
20,Intro to World,Economics,Jessica Smith,2,Winter 2021
21,Intro to Become,Physics,Jonathan Peterson,2,Winter 2018
22,Intro to Few,Computer Science,Monica Smith,3,Fall 2018
23,Intro to Loss,Computer Science,Kimberly Richardson,5,Spring 2022
24,Intro to Old,History,Kristin Kline,5,Fall 2023
25,Intro to Law,Biology,Christine Scott,5,Winter 2020
26,Intro to Attention,History,Stephanie Lopez,4,Spring 2019
27,Intro to Sport,Biology,Dawn Baker,1,Spring 2022
28,Intro to Remain,Computer Science,Leon Bullock,5,Spring 2019
29,Intro to Board,Economics,Eric White,3,Fall 2020
30,Intro to Relate,History,Valerie Lee,1,Spring 2018
31,Intro to Mouth,Biology,Robert Bolton,1,Fall 2019
32,Intro to Full,History,Ryan Watkins,1,Spring 2023
33,Intro to Trial,Mathematics,John Holder,2,Fall 2021
34,Intro to Maybe,Physics,Thomas Ramos,5,Fall 2022
35,Intro to Go,History,Kenneth Morrison,4,Fall 2019
36,Intro to Rise,Mathematics,Danielle Schwartz,2,Fall 2022
37,Intro to Source,Computer Science,Brandon Beasley,1,Winter 2023
38,Intro to Doctor,Biology,Michael Garcia,2,Summer 2022
39,Intro to Everyone,Physics,Michael Cooper,3,Fall 2022
40,Intro to Language,Biology,Michael Porter,2,Spring 2023
41,Intro to Past,Computer Science,Cynthia Stokes,4,Fall 2020
42,Intro to Able,Computer Science,Angela Acosta,3,Summer 2020
43,Intro to Knowledge,History,John Leon,5,Spring 2019
44,Intro to Despite,Physics,Ann Woods,2,Summer 2020
45,Intro to Worker,Physics,Erica Mills,2,Fall 2018
46,Intro to Dream,Physics,Lori Yu,2,Spring 2018
47,Intro to Generation,Physics,Tiffany Williams,5,Fall 2018
48,Intro to One,Economics,Ryan Mack,3,Summer 2023
49,Intro to Middle,Economics,Robert Wright,1,Winter 2019
50,Intro to Least,Biology,Charles Mcbride,1,Spring 2020
51,Intro to Low,Economics,Kimberly Austin,1,Spring 2022
52,Intro to Argue,Biology,David Patterson,2,Summer 2021
53,Intro to Religious,Computer Science,Nicole Barr,1,Winter 2018
54,Intro to World,Biology,Mary Mccormick,5,Fall 2020
55,Intro to Move,Economics,Jennifer Jordan,3,Winter 2019
56,Intro to Rest,Mathematics,Samuel Wells,5,Fall 2019
57,Intro to Space,Computer Science,Henry Wood,2,Spring 2021
58,Intro to Tonight,Biology,Luke Wright,3,Fall 2023
59,Intro to Throw,Economics,Christopher Colon,3,Fall 2021
60,Intro to Score,History,Carla Gibson,2,Winter 2018
61,Intro to Likely,History,Robin Hill,5,Fall 2021
62,Intro to Property,Economics,Kathy Ortiz,2,Spring 2019
63,Intro to Suffer,History,Connie Thompson,3,Summer 2022
64,Intro to Choice,History,Rachel Lee,1,Spring 2022
65,Intro to Throw,History,Eric Higgins,1,Winter 2018
66,Intro to Simply,Mathematics,Jean Briggs,2,Fall 2021
67,Intro to Still,Computer Science,Jimmy Nelson,4,Summer 2022
68,Intro to Cup,Economics,Nicole Leonard,5,Spring 2023
69,Intro to Responsibility,History,Dustin Winters,5,Summer 2023
70,Intro to Small,Mathematics,Matthew Lynch,4,Summer 2020
71,Intro to Here,History,Kimberly Stevens,1,Summer 2021
72,Intro to Ever,Biology,Paul Johnson,5,Winter 2023
73,Intro to Often,Economics,Randy Morrison,1,Fall 2021
74,Intro to Scene,Physics,Garrett Wood,1,Winter 2022
75,Intro to Natural,History,Charles Fernandez,4,Summer 2019
76,Intro to Himself,History,Nathan Lewis,2,Winter 2023
77,Intro to Matter,Computer Science,Corey Williams,2,Winter 2018
78,Intro to Hope,Economics,Lauren Williams,4,Spring 2022
79,Intro to Century,Biology,Whitney Reed,4,Winter 2021
80,Intro to Store,Mathematics,Heather Wright,3,Summer 2018
81,Intro to Billion,Economics,Danielle Johnson,5,Summer 2018
82,Intro to Study,History,Angela Watson PhD,5,Fall 2020
83,Intro to Civil,Physics,Derrick Hanson,1,Winter 2022
84,Intro to Happen,Biology,Mary Davies,2,Summer 2023
85,Intro to Prove,Computer Science,Scott Rocha,2,Winter 2023
86,Intro to Soldier,Biology,Claudia Ford,5,Fall 2022
87,Intro to Similar,Biology,Thomas Anthony,3,Winter 2020
88,Intro to Add,Computer Science,Mark Evans,1,Spring 2020
89,Intro to Should,Economics,Diane Frey,1,Winter 2022
90,Intro to Page,Mathematics,Christopher Bell,3,Summer 2023
91,Intro to After,Economics,Lisa Keith,5,Spring 2018
92,Intro to Energy,Computer Science,Wayne Barnes,3,Winter 2018
93,Intro to Positive,Computer Science,Melissa Burke,4,Winter 2020
94,Intro to Bed,Computer Science,Luis Bruce,4,Fall 2018
95,Intro to Candidate,History,Robert Caldwell,3,Summer 2020
96,Intro to And,Computer Science,Michelle Grimes,4,Winter 2020
97,Intro to Treatment,Computer Science,Jessica Melendez,1,Winter 2021
98,Intro to Without,Biology,Karen Garcia,2,Spring 2018
99,Intro to Feel,Biology,Gregory Vargas,4,Fall 2018
100,Intro to Question,Economics,Rachel Smith,3,Summer 2021
101,Intro to From,Physics,Scott Trujillo,5,Fall 2020
102,Intro to Camera,Computer Science,Brad Roberson,1,Spring 2019
103,Intro to Position,Economics,Derrick Davis,1,Winter 2019
104,Intro to Best,Physics,Ryan Fitzpatrick,3,Fall 2018
105,Intro to Measure,Physics,Ashley Maxwell,3,Fall 2021
106,Intro to Near,Computer Science,Brittany Giles,2,Winter 2023
107,Intro to Live,Computer Science,Rodney Goodman,1,Fall 2019
108,Intro to If,Economics,Maureen Perry,3,Fall 2019
109,Intro to Television,Physics,Veronica Sanchez,1,Winter 2023
110,Intro to Skill,Physics,Janice Williams,2,Fall 2023
111,Intro to Appear,Economics,Melanie Pugh,1,Summer 2018
112,Intro to Maintain,Mathematics,Robert Manning,5,Spring 2021
113,Intro to Generation,Computer Science,Jon Benson,4,Fall 2022
114,Intro to Member,Mathematics,Michelle Hernandez,5,Fall 2023
115,Intro to Smile,Biology,Joseph Estes,5,Spring 2020
116,Intro to City,Economics,Tracy Harrison,4,Summer 2023
117,Intro to Fact,Computer Science,Eric King,5,Spring 2018
118,Intro to Possible,Economics,Amanda Hopkins,5,Fall 2019
119,Intro to Like,Mathematics,Carrie Hensley,2,Summer 2018
120,Intro to Treat,History,Julie Williams,3,Winter 2019
121,Intro to But,Physics,Jessica White,4,Winter 2019
122,Intro to Increase,Economics,Vincent Alexander,4,Spring 2018
123,Intro to Bit,Physics,Kaylee Powell,2,Summer 2019
124,Intro to Believe,Physics,Calvin Cummings,5,Spring 2018
125,Intro to Blood,Computer Science,Dylan Brown,1,Summer 2018
126,Intro to Agreement,Mathematics,Kevin Davila,3,Summer 2020
127,Intro to Strong,History,Karen Tucker,2,Summer 2018
128,Intro to Wife,Economics,Cheryl Watson MD,1,Spring 2019
129,Intro to Professional,Mathematics,April Barker,3,Summer 2019
130,Intro to High,Mathematics,Courtney Baker PhD,2,Winter 2022
131,Intro to Scene,History,Yolanda Robinson,3,Winter 2021
132,Intro to Move,Physics,Kara Bass,5,Spring 2019
133,Intro to Field,Computer Science,Jerry Coleman DDS,1,Winter 2021
134,Intro to Same,Economics,Hunter Owens,5,Fall 2022
135,Intro to Present,Computer Science,Amber Conrad,2,Fall 2020
136,Intro to After,Physics,Jessica Johnson,1,Summer 2023
137,Intro to Energy,Biology,Lisa Johns,2,Winter 2018
138,Intro to Price,Economics,Rebecca Garcia,1,Spring 2020
139,Intro to Form,Economics,Robert Ford,5,Summer 2022
