course_id,course_name,department,instructor,credits,semester
1,Intro to Industry,Mathematics,Julie Gonzales,4,Summer 2018
2,Intro to Shake,History,Stacey Palmer,2,Summer 2019
3,Intro to Reveal,History,Jill Brown,5,Fall 2022
4,Intro to Well,History,Melissa Anderson,4,Winter 2022
5,Intro to Happen,Mathematics,Thomas Hayes,1,Fall 2023
6,Intro to Break,Computer Science,Thomas Oconnor,4,Spring 2023
7,Intro to Note,History,Elizabeth Hopkins,2,Fall 2023
8,Intro to Know,Economics,Linda Middleton,5,Summer 2018
9,Intro to Edge,Computer Science,Michelle Little,4,Winter 2020
10,Intro to Across,History,Robert Pierce,1,Fall 2020
11,Intro to Material,Computer Science,Brandon Walker,5,Winter 2022
12,Intro to Cover,Mathematics,Dr. Bradley Wells MD,1,Fall 2021
13,Intro to Baby,Economics,Mario Day,5,Winter 2021
14,Intro to Everything,Computer Science,Steve Ryan,1,Fall 2022
15,Intro to Exist,Biology,Douglas Bell,3,Summer 2023
16,Intro to About,Economics,Phyllis Whitaker,2,Winter 2021
17,Intro to Character,Computer Science,Richard White,2,Winter 2018
18,Intro to Resource,Computer Science,John Mcdaniel,4,Fall 2019
19,Intro to Almost,Physics,Debbie Crawford,3,Summer 2023
20,Intro to Kitchen,History,Karen Blake,2,Winter 2023
21,Intro to Thing,History,Chad Fleming,5,Spring 2023
22,Intro to Person,Economics,Monica Fritz,2,Fall 2020
23,Intro to College,Economics,Brandon Cox,4,Winter 2021
24,Intro to Feeling,Mathematics,Henry Lopez,4,Spring 2022
25,Intro to Pass,Mathematics,Kelly Rodriguez,2,Spring 2022
26,Intro to Operation,Computer Science,Jonathan Turner,4,Spring 2022
27,Intro to Do,Computer Science,Sheila Cannon,2,Winter 2020
28,Intro to Society,Physics,Breanna Williams,4,Fall 2021
29,Intro to Late,Biology,Sabrina Thompson,1,Fall 2023
30,Intro to Ever,History,John Valdez,3,Fall 2020
31,Intro to Through,Computer Science,Lynn Martinez DDS,2,Spring 2020
32,Intro to Anything,Mathematics,Steve Rose,1,Summer 2018
33,Intro to Shake,Physics,Marc Bernard,2,Summer 2022
34,Intro to Statement,Economics,David Freeman,1,Winter 2023
35,Intro to Writer,Mathematics,Paige Sweeney,1,Spring 2018
36,Intro to Spring,History,Elizabeth Taylor,5,Fall 2020
37,Intro to Instead,Mathematics,Michael Watkins,4,Fall 2019
38,Intro to Base,Mathematics,Rhonda Lee,4,Fall 2020
39,Intro to Your,Biology,Barbara Keller,4,Spring 2019
40,Intro to Call,History,James Cross,5,Spring 2019
41,Intro to Thus,Economics,Todd Perez,3,Summer 2023
42,Intro to Score,Economics,Paul Fox,4,Fall 2019
43,Intro to Box,Economics,George Lewis,2,Spring 2019
44,Intro to Million,Computer Science,Ryan Carter,1,Fall 2023
45,Intro to Town,Biology,Parker Suarez,2,Spring 2022
46,Intro to Out,Biology,James Simpson,4,Fall 2018
47,Intro to Letter,Economics,Alexander Wright,5,Fall 2023
48,Intro to Nice,Economics,Jason Everett,2,Winter 2021
49,Intro to Money,Computer Science,Elizabeth Reid,3,Winter 2023
50,Intro to Region,History,Leslie Johnson,5,Fall 2019
51,Intro to Yard,Biology,Theodore Graham,3,Summer 2022
52,Intro to Moment,History,Nicole Smith,1,Spring 2020
53,Intro to College,Economics,Kevin Palmer,2,Fall 2021
54,Intro to Rich,Mathematics,Cody Vincent,4,Winter 2021
55,Intro to Garden,Economics,Jacqueline Quinn,1,Fall 2022
56,Intro to Him,Physics,Luis Vasquez,1,Summer 2022
57,Intro to Loss,Computer Science,Rebecca Foster,4,Winter 2019
58,Intro to Base,Economics,John Prince,1,Summer 2019
59,Intro to Officer,Mathematics,Rachel Williams,2,Fall 2020
60,Intro to Several,Physics,Shawna Owens,2,Winter 2018
61,Intro to Goal,Computer Science,Heather Kennedy,3,Winter 2018
62,Intro to Seat,Computer Science,Susan Andrews,2,Fall 2019
63,Intro to Perform,Physics,Christina Barnes,2,Winter 2018
64,Intro to Product,Computer Science,Melissa Moon,3,Winter 2018
65,Intro to Second,Economics,Amanda Thomas,3,Winter 2022
66,Intro to Myself,Economics,Steven Kelley,1,Summer 2019
67,Intro to Deal,Computer Science,Amanda Jordan,4,Summer 2022
68,Intro to Almost,History,Pamela Lopez,4,Summer 2021
69,Intro to View,Mathematics,James Williams,3,Winter 2020
70,Intro to Purpose,History,Paula Williams,3,Winter 2020
71,Intro to Even,Physics,Christopher Simpson Jr.,4,Summer 2023
72,Intro to Election,Economics,Kayla Atkinson,4,Summer 2018
73,Intro to Event,Mathematics,Anna Frost,3,Winter 2018
74,Intro to Democrat,History,James Garcia,4,Fall 2022
75,Intro to Reality,Physics,Nathan Flowers,2,Fall 2021
76,Intro to Push,Physics,Alison Cooley,2,Winter 2021
77,Intro to Real,Mathematics,Dustin Pugh,2,Summer 2018
78,Intro to Hair,Physics,Kathryn Booth,5,Summer 2020
79,Intro to American,Mathematics,Kenneth Baldwin,4,Fall 2022
80,Intro to Debate,Mathematics,Adam Green,2,Spring 2021
81,Intro to Join,Mathematics,Kim Guerra,1,Spring 2023
82,Intro to Long,Biology,Timothy Johnston,5,Fall 2023
83,Intro to Public,Computer Science,Gregory Perez,3,Summer 2023
84,Intro to Science,Economics,Joshua Martin,2,Fall 2021
85,Intro to Billion,Computer Science,Carrie Santiago,3,Summer 2021
86,Intro to Past,History,Brenda Charles,2,Summer 2022
87,Intro to Design,Economics,Barbara Byrd,5,Winter 2022
88,Intro to Garden,History,Brian Flynn,4,Summer 2019
89,Intro to After,Economics,Margaret Walter,2,Spring 2021
90,Intro to Friend,Biology,Mrs. Alexis Lee,5,Winter 2019
91,Intro to Sell,Computer Science,Pamela Quinn,3,Fall 2021
92,Intro to Less,Economics,Sean Thompson,2,Summer 2020
93,Intro to Task,Biology,Collin Perez,1,Fall 2021
94,Intro to Store,Economics,Scott Davis,4,Fall 2023
95,Intro to Add,History,Craig Walker,4,Fall 2022
96,Intro to Herself,Mathematics,Joshua Carrillo,2,Summer 2021
97,Intro to Time,Economics,Kathryn Carter,4,Summer 2018
98,Intro to Next,History,Dawn Medina,4,Winter 2022
99,Intro to Door,Economics,Elizabeth Schmitt,4,Fall 2019
100,Intro to Some,Biology,Kimberly Moore,2,Fall 2019
101,Intro to Develop,Biology,Andrea May,2,Winter 2023
102,Intro to Authority,Mathematics,Brendan Young,2,Summer 2021
103,Intro to Determine,Physics,Jeffery James,4,Summer 2018
104,Intro to Set,Mathematics,James Jones,2,Spring 2019
105,Intro to Serious,Biology,William Burns,2,Fall 2021
106,Intro to Painting,Physics,Anna Collins,1,Spring 2022
107,Intro to College,Physics,Michael Cole,5,Spring 2020
108,Intro to Blue,Mathematics,Kristen White,3,Summer 2019
109,Intro to Partner,Mathematics,Alexander Harrison,4,Summer 2018
110,Intro to Land,History,Mark Miller,3,Spring 2022
111,Intro to Themselves,Computer Science,Randy Hoffman,2,Spring 2018
112,Intro to Season,Physics,Shane Figueroa,3,Summer 2023
113,Intro to Unit,Mathematics,Julie Smith,2,Spring 2022
114,Intro to School,Economics,James Yang,1,Fall 2022
115,Intro to Thing,Mathematics,Mikayla Butler,3,Spring 2020
116,Intro to Power,History,Dana Medina,5,Winter 2021
117,Intro to Treatment,Mathematics,Leslie Perez,2,Winter 2021
118,Intro to High,Economics,Felicia Webb,2,Summer 2019
119,Intro to Whether,Biology,Vanessa Gillespie,5,Spring 2019
120,Intro to Investment,Computer Science,Jacob Aguilar,1,Spring 2019
121,Intro to Line,Physics,Timothy Holt,5,Fall 2022
122,Intro to Law,Computer Science,Vanessa Brown,1,Summer 2020
123,Intro to Care,Biology,Shawn Lucas,4,Winter 2021
124,Intro to Rest,Biology,Kelly Summers DDS,2,Spring 2023
125,Intro to Claim,Computer Science,Jennifer Fischer MD,3,Spring 2023
126,Intro to Live,Computer Science,Shawn Turner,4,Summer 2022
127,Intro to Message,Economics,Anthony Casey,2,Fall 2021
128,Intro to Interesting,Economics,Patrick Sanchez,5,Summer 2018
129,Intro to Involve,Economics,Beth Hernandez,3,Spring 2023
130,Intro to Girl,History,Eric Jordan,4,Winter 2023
131,Intro to Long,Biology,Sherry Wilson,1,Summer 2023
132,Intro to Affect,Physics,Keith Thomas,2,Summer 2022
133,Intro to Always,Biology,Alex Jennings,1,Winter 2020
