course_id,course_name,department,instructor,credits,semester
1,Intro to Argue,Mathematics,Amber Williams,3,Summer 2021
2,Intro to They,Mathematics,Donna Collins,3,Spring 2019
3,Intro to Travel,Biology,Christopher Joseph,2,Summer 2023
4,Intro to Step,Economics,Sharon Roberts,3,Winter 2023
5,Intro to Traditional,Computer Science,Joshua Bates,1,Winter 2022
6,Intro to These,Mathematics,Kelly Riddle,2,Spring 2023
7,Intro to Speech,Computer Science,Jessica Hicks DDS,1,Spring 2023
8,Intro to Year,Economics,Adam Moody,1,Winter 2018
9,Intro to Suggest,Physics,Zoe Hunter,4,Spring 2018
10,Intro to Development,Physics,Mrs. Lauren Hall DDS,3,Winter 2019
11,Intro to Star,Physics,Tony Walker,2,Fall 2021
12,Intro to Magazine,Physics,Charles Bailey,2,Fall 2023
13,Intro to Whatever,History,George Clark,2,Summer 2021
14,Intro to Church,Physics,Sandy Frye,5,Winter 2020
15,Intro to Worker,Biology,Brandi Medina,3,Fall 2022
16,Intro to Soon,Computer Science,Victor Mccall,2,Summer 2021
17,Intro to Statement,Economics,Mr. Melvin Peterson MD,2,Spring 2021
18,Intro to Concern,Physics,Ray Thomas,5,Summer 2021
19,Intro to Plant,History,Katie Ponce,3,Spring 2019
20,Intro to In,Computer Science,Ryan Shaw,1,Spring 2018
21,Intro to Contain,History,Maureen Fox,3,Summer 2021
22,Intro to Which,Physics,Joseph Dixon,1,Fall 2019
23,Intro to People,Computer Science,Roy Kerr,3,Spring 2018
24,Intro to A,Economics,Paul Moore,5,Winter 2020
25,Intro to Road,Mathematics,Matthew Walker,5,Fall 2020
26,Intro to Each,Economics,Miguel Acevedo,1,Fall 2018
27,Intro to Agency,Biology,Aaron Brady,4,Fall 2021
28,Intro to Would,Physics,Gregory Thomas,2,Summer 2018
29,Intro to Always,Physics,Benjamin Perez,1,Fall 2020
30,Intro to Raise,Economics,Adam Mcbride,3,Spring 2020
31,Intro to North,Computer Science,Jeffrey Sexton,3,Spring 2022
32,Intro to Direction,Economics,Linda Rodriguez,2,Spring 2021
33,Intro to Test,Physics,Jennifer Russell,2,Fall 2020
34,Intro to Answer,Biology,Bianca Stevens,4,Fall 2018
35,Intro to Instead,History,Kayla Rogers,5,Summer 2019
36,Intro to Adult,Physics,Gregory Allen,1,Spring 2019
37,Intro to Necessary,Physics,Chase Bell,2,Winter 2019
38,Intro to Issue,Biology,Rebecca Santiago,5,Winter 2022
39,Intro to Here,History,Robert Stevenson,4,Summer 2020
40,Intro to While,Computer Science,Bruce Scott,3,Fall 2019
41,Intro to Look,History,Aaron Tran,5,Winter 2022
42,Intro to Firm,Mathematics,Jose Frazier,4,Spring 2019
43,Intro to Quickly,Economics,Gary Buck,2,Winter 2019
44,Intro to Thank,Computer Science,Regina Garrett,4,Summer 2020
45,Intro to Exist,Biology,Bryan Gray,4,Winter 2020
46,Intro to Leave,Physics,Cheyenne Rhodes,2,Winter 2021
47,Intro to Important,History,Johnny Wong,5,Fall 2022
48,Intro to Mrs,Physics,Allison Clarke,1,Summer 2020
49,Intro to Present,Biology,Michelle Robinson,1,Winter 2018
50,Intro to Special,Economics,Sheri Sanchez,3,Spring 2020
51,Intro to Dinner,Economics,Melissa Campbell,2,Spring 2022
52,Intro to Need,Biology,Mackenzie Gaines,3,Winter 2019
53,Intro to Hope,Physics,Michelle Rodgers,3,Spring 2018
54,Intro to Physical,History,Edward Williams,1,Spring 2019
55,Intro to Education,Physics,Scott Lawson,1,Fall 2018
56,Intro to Describe,Physics,Dana Berry,3,Winter 2018
57,Intro to Job,Mathematics,Wesley Good,2,Winter 2020
58,Intro to Enjoy,Computer Science,Kimberly Goodman,5,Summer 2023
59,Intro to Season,Physics,Catherine Santiago,4,Fall 2021
60,Intro to Chair,Physics,Lisa Wright,1,Fall 2023
61,Intro to Magazine,Biology,Darrell Clark,3,Summer 2019
62,Intro to Can,Biology,Luis Bradley,5,Summer 2019
63,Intro to Writer,Economics,Tammy Sanders,2,Summer 2020
64,Intro to Building,History,Dr. Stephen Cruz,4,Summer 2018
65,Intro to Low,Physics,Randy Sellers,3,Fall 2021
66,Intro to Tend,Biology,Katherine Holder,4,Spring 2019
67,Intro to Least,Physics,Kenneth Peters,4,Fall 2020
68,Intro to Head,History,Kimberly Sharp,1,Summer 2019
69,Intro to Point,Biology,Lynn Jackson,5,Summer 2023
70,Intro to Business,Economics,Robert King,1,Winter 2023
71,Intro to Kitchen,Physics,Tommy Welch,2,Summer 2019
72,Intro to Want,Physics,Heidi Jones,4,Fall 2023
73,Intro to Mention,Biology,Robert Tucker,2,Fall 2022
74,Intro to Agent,Biology,John Christian,3,Fall 2018
75,Intro to But,Mathematics,Marcus Robinson,2,Fall 2021
76,Intro to Early,History,Caitlin Freeman,3,Spring 2023
77,Intro to Meet,Physics,Ashley Taylor,3,Spring 2020
78,Intro to Middle,Economics,Joseph Baker,5,Winter 2018
79,Intro to Decision,Economics,Justin Richardson,1,Summer 2020
80,Intro to Research,Economics,Russell Lee,5,Winter 2018
81,Intro to Reflect,Physics,Colton Ford,4,Winter 2023
82,Intro to President,Economics,Margaret Herrera,2,Fall 2021
83,Intro to Force,Biology,Adrian Thornton,1,Winter 2018
84,Intro to Still,History,Vickie Church,2,Spring 2022
85,Intro to Within,Physics,Zachary Lee,3,Summer 2019
86,Intro to Including,Physics,Linda Clark,1,Spring 2021
87,Intro to Claim,Computer Science,Sherri Warner,4,Fall 2019
88,Intro to Treatment,Mathematics,Daniel Obrien,1,Spring 2021
89,Intro to Clearly,Mathematics,Justin Johnson,5,Winter 2018
90,Intro to Happy,History,Kristina Macdonald DVM,1,Winter 2022
91,Intro to Sport,Mathematics,Stacey Castillo,2,Summer 2020
92,Intro to Wide,Physics,Joshua Johnson,2,Spring 2018
93,Intro to Office,History,Jessica Stewart,3,Fall 2021
94,Intro to Up,History,Laura Case DVM,3,Summer 2019
95,Intro to Fast,Mathematics,Ashley Robinson,4,Winter 2020
96,Intro to Find,Economics,Alexis Gonzalez,1,Fall 2020
97,Intro to Real,Computer Science,Lydia Taylor,3,Winter 2018
98,Intro to Believe,Mathematics,Bryan Wiggins,2,Summer 2022
99,Intro to Behind,Computer Science,Jason Gonzalez,4,Summer 2020
100,Intro to Go,History,Linda White,2,Summer 2021
101,Intro to Last,History,Steven Davis,3,Winter 2020
102,Intro to Unit,History,Katherine Thomas,3,Winter 2021
103,Intro to Energy,Biology,Amber Watson,5,Summer 2018
104,Intro to Eye,Economics,Amber Franklin,2,Summer 2018
105,Intro to Admit,Physics,Karen Gonzalez,5,Fall 2023
106,Intro to Word,Mathematics,Daniel Harris,2,Fall 2023
107,Intro to Radio,Economics,Michael Sanchez PhD,3,Fall 2022
108,Intro to Claim,Physics,Michael Glover,2,Spring 2019
109,Intro to American,Economics,Taylor Gomez,4,Fall 2023
110,Intro to Evidence,Economics,Michael Lee,5,Summer 2023
111,Intro to Bill,Biology,Denise Gillespie,1,Fall 2020
112,Intro to Spend,Economics,Paige Johnson,3,Spring 2021
113,Intro to Guess,Mathematics,Taylor Ramirez,1,Winter 2019
114,Intro to Stop,Economics,Mallory Hardy,5,Spring 2020
115,Intro to Physical,Biology,Melissa Martinez,3,Fall 2023
116,Intro to Strong,Biology,Eric Brown,3,Summer 2023
117,Intro to Bar,Mathematics,Pedro Campos,2,Fall 2023
118,Intro to Interview,Economics,Jacob Knight,5,Summer 2018
