course_id,course_name,department,instructor,credits,semester
1,Intro to Factor,History,Brenda Hammond,1,Fall 2020
2,Intro to Unit,History,Trevor Carrillo,4,Summer 2022
3,Intro to Father,Biology,John Bond,4,Winter 2020
4,Intro to Trouble,Physics,Brandi Franco,1,Winter 2023
5,Intro to Yes,Computer Science,Cynthia Allen,5,Winter 2018
6,Intro to Yet,Computer Science,Seth Brooks,4,Fall 2021
7,Intro to Step,Physics,Kristin Bell,5,Fall 2021
8,Intro to You,Mathematics,Lisa Duarte,5,Spring 2020
9,Intro to Parent,Mathematics,Jason Montoya,5,Fall 2018
10,Intro to Cup,History,Luis Cline,2,Summer 2020
11,Intro to Work,Physics,Anthony Johnson,2,Winter 2021
12,Intro to Simple,History,Kristine Richards,1,Fall 2019
13,Intro to Bar,Physics,Sarah Lynch,5,Spring 2021
14,Intro to Professor,Computer Science,Sarah Collins,3,Spring 2022
15,Intro to Indeed,Computer Science,Michael Walker,1,Fall 2022
16,Intro to Either,Computer Science,Corey Watts,1,Summer 2022
17,Intro to Think,Economics,Katherine Ryan,4,Fall 2018
18,Intro to Art,Economics,Tiffany Allen,1,Winter 2019
19,Intro to Something,Mathematics,Patricia Reid,1,Summer 2020
20,Intro to Culture,Biology,Nancy Clark,5,Fall 2021
21,Intro to Mouth,Mathematics,Sean Brooks,4,Summer 2020
22,Intro to Sport,Economics,Cole Torres,3,Spring 2022
23,Intro to Place,Computer Science,Samuel Martin,4,Winter 2023
24,Intro to Several,Economics,Amy Castillo,2,Fall 2023
25,Intro to Finally,Economics,Kathy Macias,3,Spring 2022
26,Intro to Morning,Mathematics,Jeffrey Torres,2,Fall 2019
27,Intro to Cut,Economics,Lance Reed,5,Winter 2023
28,Intro to Rock,History,Sharon Martinez,4,Spring 2019
29,Intro to Face,Economics,Sara Jones,2,Spring 2021
30,Intro to Try,Mathematics,Christine May,2,Winter 2018
31,Intro to Role,Biology,Martha Anderson,4,Fall 2023
32,Intro to Just,History,Paula Williams,1,Spring 2022
33,Intro to Without,Biology,Ashley Nichols,2,Spring 2018
34,Intro to Company,History,Christina Guzman,4,Spring 2018
35,Intro to Person,Computer Science,Sarah Collier,5,Summer 2019
36,Intro to Military,Physics,Chad Winters,4,Fall 2022
37,Intro to Business,Mathematics,Christian Trujillo,1,Summer 2021
38,Intro to Third,Physics,Rachael Reed,5,Winter 2020
39,Intro to Establish,Computer Science,Ivan Bartlett,4,Winter 2020
40,Intro to Pay,Physics,Ronald Edwards,2,Spring 2018
41,Intro to Life,Computer Science,Kelly Hill,3,Fall 2020
42,Intro to Concern,Biology,Andrew Johnson,5,Winter 2019
43,Intro to Behavior,Mathematics,Judith Burke,1,Spring 2019
44,Intro to Sea,Biology,Fernando Burke,2,Fall 2022
45,Intro to Out,Mathematics,James Calhoun,3,Spring 2021
46,Intro to Wonder,History,Rachel Salazar,3,Spring 2022
47,Intro to General,Mathematics,Alejandro Burns,2,Summer 2021
48,Intro to Sing,Computer Science,Nancy Krueger,4,Fall 2018
49,Intro to Way,Mathematics,Erica Farmer,1,Winter 2020
50,Intro to Treatment,Biology,Katherine Walker,5,Winter 2022
51,Intro to People,Biology,Justin Jones,4,Winter 2019
52,Intro to Type,History,Robert Alexander,4,Winter 2018
53,Intro to Thus,Economics,John Nunez,5,Winter 2022
54,Intro to Put,History,Andrea Rodriguez,4,Summer 2023
55,Intro to Mouth,Physics,Kenneth Bullock,5,Summer 2022
56,Intro to Body,Economics,Kristi Morris,4,Spring 2023
57,Intro to Girl,Mathematics,Alison Young,2,Winter 2020
58,Intro to Tree,Mathematics,Meghan Lee,2,Summer 2019
59,Intro to Dark,Mathematics,Michael Whitaker,3,Spring 2022
60,Intro to Development,Mathematics,Stephanie Johnson,1,Spring 2021
61,Intro to Long,Computer Science,Jennifer Smith,3,Winter 2023
62,Intro to Threat,Biology,Matthew Massey,1,Winter 2022
63,Intro to Away,Physics,Kayla Norris,2,Spring 2022
64,Intro to Apply,Biology,Andrew Fitzgerald,5,Winter 2019
65,Intro to Debate,History,Stephen Maddox MD,1,Winter 2022
66,Intro to One,History,Timothy Davis,5,Winter 2019
67,Intro to Artist,Computer Science,Rebecca Hall,3,Spring 2023
68,Intro to Sit,Economics,Dustin House,2,Winter 2019
69,Intro to Thing,Physics,Tina Fox,5,Fall 2018
70,Intro to Agency,History,Tracy Park,4,Spring 2022
71,Intro to Little,Biology,Veronica Erickson,4,Summer 2021
72,Intro to Law,Mathematics,Courtney Turner,3,Winter 2020
73,Intro to Whether,Mathematics,Tracy Ferrell,3,Winter 2018
74,Intro to Tonight,Physics,Cassandra Johnson,4,Fall 2020
75,Intro to Present,Physics,Michael Smith,3,Summer 2020
76,Intro to Alone,Physics,Philip Walker,2,Summer 2018
77,Intro to Rise,Computer Science,Jacob Bailey,3,Spring 2020
78,Intro to Never,Economics,Kelsey Tran,3,Fall 2020
79,Intro to My,Computer Science,Stephanie Diaz,1,Spring 2022
80,Intro to Despite,Physics,Melissa Houston,3,Spring 2021
81,Intro to For,Economics,Veronica Bailey,5,Spring 2022
82,Intro to On,Mathematics,Lance Peterson,1,Fall 2022
83,Intro to What,Mathematics,Luis Watts,5,Winter 2023
84,Intro to Then,Physics,Carmen Jones,5,Winter 2019
85,Intro to Record,Physics,Jennifer Murray,3,Fall 2019
86,Intro to Candidate,Economics,Erica Mcmillan,4,Fall 2020
87,Intro to Case,Computer Science,Richard Barnett,4,Summer 2021
88,Intro to Notice,Physics,Bethany Stone,3,Fall 2020
89,Intro to Suffer,Mathematics,Rebecca Oneal,1,Winter 2019
90,Intro to Much,Mathematics,Diane Leonard,4,Summer 2021
91,Intro to Laugh,Mathematics,Shannon Anderson,5,Fall 2023
92,Intro to Central,History,William Anderson,1,Spring 2020
93,Intro to Person,Physics,Jessica Parker,2,Winter 2021
94,Intro to Everybody,Biology,Eric Long,5,Summer 2020
95,Intro to Son,Physics,Ryan Lyons,4,Summer 2020
96,Intro to Beat,History,Kristen Ford,3,Fall 2023
97,Intro to Remain,History,Benjamin Daniels,2,Winter 2023
98,Intro to Nature,Computer Science,Cathy Christensen,5,Fall 2023
99,Intro to Quite,History,Tyler Barnett,5,Summer 2019
100,Intro to Allow,Mathematics,Nicholas Haney,1,Summer 2021
101,Intro to Bill,Mathematics,Jodi Kennedy,4,Spring 2019
102,Intro to Score,History,Gregory Morrow,5,Spring 2023
103,Intro to All,Computer Science,Nathan Dennis,4,Fall 2023
104,Intro to Keep,Computer Science,Matthew Grant,4,Summer 2019
105,Intro to Along,Physics,Cole Daniels,4,Spring 2023
106,Intro to Great,Computer Science,Morgan Johnson,3,Winter 2021
107,Intro to Anything,Biology,Molly Hartman,4,Winter 2018
108,Intro to Now,Mathematics,Kyle Rice,4,Winter 2018
109,Intro to Thought,Biology,Angela Brown,1,Winter 2022
110,Intro to Condition,Mathematics,William Kaiser,2,Summer 2019
111,Intro to Interesting,Computer Science,Jacob Figueroa,4,Summer 2021
112,Intro to Fall,Computer Science,Edgar Vega,1,Winter 2022
113,Intro to Mean,Mathematics,Becky Nguyen,1,Summer 2022
114,Intro to Appear,Biology,Julia Sherman,4,Winter 2018
115,Intro to Probably,Mathematics,Robert Roberts,2,Winter 2021
116,Intro to Watch,Mathematics,Kevin Walters,2,Fall 2019
117,Intro to Everyone,Economics,Michelle Moore,5,Summer 2021
118,Intro to Contain,Economics,Shannon Blair,5,Summer 2022
119,Intro to Range,Computer Science,Sarah Fields,5,Fall 2018
120,Intro to Available,Physics,Ashley Andrews,4,Summer 2022
121,Intro to Very,Biology,Dana Hayes,4,Summer 2020
122,Intro to Painting,Computer Science,Pamela Callahan,5,Winter 2019
123,Intro to Reflect,History,Shelby Montgomery MD,2,Winter 2023
124,Intro to Summer,History,Richard Wise,1,Winter 2018
125,Intro to Image,History,Ashley Powell,5,Spring 2019
126,Intro to Brother,Computer Science,Michael Nguyen,2,Spring 2020
127,Intro to Someone,Biology,Steven Martinez,4,Spring 2023
