course_id,course_name,department,instructor,credits,semester
1,Intro to Reflect,Physics,Kyle White,2,Summer 2023
2,Intro to Table,Economics,Laurie Brown,4,Winter 2023
3,Intro to Election,Physics,Cameron Stewart,5,Fall 2018
4,Intro to And,Computer Science,Eric Guzman,2,Spring 2019
5,Intro to Local,Biology,Frank Walls,3,Winter 2018
6,Intro to Much,History,Anthony Fisher,1,Fall 2021
7,Intro to Seven,Biology,Jonathan Rojas,4,Spring 2021
8,Intro to First,Economics,Catherine Kennedy,3,Fall 2020
9,Intro to Take,Biology,Renee Barnes,2,Winter 2019
10,Intro to Thus,History,Julie Ross,2,Winter 2019
11,Intro to They,Economics,Sandra Cruz,4,Spring 2022
12,Intro to Member,Mathematics,Robert Gillespie,2,Summer 2022
13,Intro to Last,Physics,Stephanie Cox,1,Winter 2019
14,Intro to Dream,Biology,Luis Shields Jr.,4,Fall 2021
15,Intro to Different,Biology,David Fleming,3,Spring 2019
16,Intro to Teacher,Physics,Tommy Armstrong,4,Spring 2020
17,Intro to Minute,Computer Science,Chad Avila PhD,5,Spring 2020
18,Intro to Three,Biology,Jennifer Bowers,5,Fall 2020
19,Intro to Hold,History,John Levy,5,Spring 2022
20,Intro to Interest,History,Danny Frey,2,Fall 2018
21,Intro to Voice,Computer Science,Sheila Simon,2,Spring 2018
22,Intro to Relationship,Physics,Geoffrey Pena,4,Winter 2019
23,Intro to Fish,History,Robert Navarro,5,Winter 2019
24,Intro to Four,Physics,Pamela Ross,3,Winter 2023
25,Intro to Notice,Biology,Victoria Singh,3,Winter 2021
26,Intro to End,Biology,Robert Davis,1,Spring 2019
27,Intro to Reality,Physics,Beth Watson,5,Fall 2023
28,Intro to Official,Economics,Melissa Willis,1,Spring 2020
29,Intro to Life,Mathematics,Ryan Bean,2,Spring 2019
30,Intro to Reduce,Economics,Lance Wagner,1,Fall 2021
31,Intro to Paper,Mathematics,Scott Lee,2,Fall 2018
32,Intro to His,History,Sherry Marshall,1,Summer 2019
33,Intro to Blood,Physics,Cheyenne Bryant,5,Spring 2019
34,Intro to Forget,Computer Science,Jonathan Sawyer,1,Winter 2018
35,Intro to Film,Economics,Tyler Hunt,1,Winter 2023
36,Intro to Main,History,Katrina Lane,3,Summer 2019
37,Intro to Conference,History,James Lowe,4,Fall 2021
38,Intro to Memory,Mathematics,Kimberly Hall,2,Winter 2020
39,Intro to Laugh,History,Jamie Clarke,4,Spring 2020
40,Intro to Land,Mathematics,Richard Jones,2,Spring 2018
41,Intro to Pick,Computer Science,Tim Vargas,5,Spring 2018
42,Intro to Them,Biology,Jesse Lawson,5,Spring 2021
43,Intro to West,Mathematics,Michael Morales,3,Summer 2022
44,Intro to Itself,Mathematics,Michael Chambers,3,Fall 2018
45,Intro to At,Computer Science,Krystal Smith,1,Fall 2022
46,Intro to Fish,Economics,Daniel Johnson,3,Summer 2020
47,Intro to Night,Mathematics,Miss Tara Burnett,5,Summer 2020
48,Intro to Ok,Computer Science,Barry Terry,1,Spring 2023
49,Intro to News,Biology,Steven Harmon,1,Spring 2018
50,Intro to Economic,Computer Science,Benjamin Moreno,2,Fall 2018
51,Intro to Measure,Physics,Danielle Stevens,5,Winter 2023
52,Intro to Kid,Economics,Edward Adkins,4,Fall 2018
53,Intro to Explain,Biology,Nancy Woods,2,Winter 2019
54,Intro to Sign,Economics,Nicole Shea,5,Winter 2019
55,Intro to According,Biology,Jade Walker,2,Winter 2021
56,Intro to Design,Computer Science,Antonio Williams,2,Summer 2018
57,Intro to Natural,Economics,Sandra Lee,2,Spring 2020
58,Intro to Feeling,History,Kristin Vega,2,Fall 2019
59,Intro to Purpose,Economics,Ryan Adams,2,Winter 2019
60,Intro to Decide,Computer Science,Jennifer Stevens,4,Spring 2022
61,Intro to Plan,Biology,Michelle Hickman,1,Winter 2023
62,Intro to Future,Computer Science,Marcus Marshall,2,Spring 2019
63,Intro to Country,Computer Science,Miranda Gonzales,1,Fall 2019
64,Intro to Mouth,Biology,Vincent Craig,4,Fall 2018
65,Intro to Occur,Economics,Laura Braun,4,Spring 2023
66,Intro to Report,Mathematics,Darius Hill,5,Winter 2018
67,Intro to Join,Biology,Holly Brown,1,Fall 2021
68,Intro to Their,Mathematics,Brian Chapman,3,Spring 2022
69,Intro to Learn,Physics,Richard Lewis,3,Summer 2020
70,Intro to Election,History,Cynthia Page,5,Fall 2019
71,Intro to Bad,History,Erika Walsh,3,Winter 2022
72,Intro to However,Computer Science,David Williams,1,Winter 2020
73,Intro to Go,History,James Hernandez,4,Winter 2018
74,Intro to Him,Computer Science,Donald Ayala,4,Summer 2021
75,Intro to Trouble,Computer Science,Thomas Watts,1,Winter 2021
76,Intro to Answer,Mathematics,Paul Hendrix,3,Winter 2020
77,Intro to Magazine,Mathematics,Michael Armstrong,4,Winter 2020
78,Intro to Part,Computer Science,Kelly Graham,2,Fall 2018
79,Intro to Must,Physics,John Jones,1,Winter 2022
80,Intro to Story,Economics,Gina Pearson,1,Summer 2020
81,Intro to Letter,Economics,Adam Wells,2,Summer 2022
82,Intro to Determine,Biology,Kevin Green,3,Fall 2019
83,Intro to Three,Economics,Tonya Summers,3,Spring 2021
84,Intro to Bring,Biology,Dr. Jennifer Jones,5,Fall 2019
85,Intro to Writer,Economics,Jamie Brown,4,Fall 2018
86,Intro to Ok,History,Nathaniel Fischer,2,Winter 2020
87,Intro to New,Biology,Julie Reid,2,Summer 2021
88,Intro to Away,Economics,Adrienne Zimmerman,2,Fall 2018
89,Intro to Mother,Mathematics,April Jimenez,4,Winter 2021
90,Intro to Save,Economics,Samantha Ferguson,1,Summer 2021
91,Intro to Too,Physics,Brittany Williams,2,Winter 2018
92,Intro to Smile,Mathematics,Gary Hernandez,3,Summer 2020
93,Intro to Day,Mathematics,Warren Houston,1,Spring 2020
94,Intro to Huge,Biology,Scott Johns,1,Fall 2019
95,Intro to Fire,Physics,Emily Hawkins,4,Winter 2018
96,Intro to Something,Mathematics,Tonya Warren,1,Fall 2020
97,Intro to Example,Economics,Debra Zuniga,1,Fall 2023
98,Intro to Standard,Physics,Dr. Timothy Baker DDS,2,Fall 2018
99,Intro to Coach,Biology,Gabriela Williams,5,Summer 2019
100,Intro to Bed,Computer Science,Pamela Jensen,2,Fall 2022
101,Intro to There,Economics,Melanie Parker,3,Spring 2019
102,Intro to Contain,Computer Science,Sherry Singh,3,Winter 2022
103,Intro to Case,Mathematics,Emily Armstrong,2,Fall 2023
104,Intro to Oil,Physics,Michael Gentry,3,Winter 2023
105,Intro to Tell,Mathematics,Nathan Cannon,3,Summer 2018
106,Intro to Available,Economics,Andrew Cruz,3,Fall 2020
107,Intro to Voice,Physics,Douglas Townsend,4,Winter 2022
108,Intro to Form,Physics,Holly Martinez MD,4,Fall 2023
109,Intro to Process,Computer Science,Samantha Mccall,1,Spring 2019
110,Intro to Recently,Computer Science,Isaac Duke,3,Spring 2021
111,Intro to Get,Biology,Terry Beck,5,Spring 2022
112,Intro to Must,Physics,Emily Snyder,4,Summer 2023
113,Intro to Nature,Economics,Ryan Nolan,1,Fall 2019
114,Intro to Next,Economics,Mark Poole,3,Fall 2023
115,Intro to Various,Physics,Jeffrey Bridges,4,Spring 2020
116,Intro to Push,Biology,Donald Lara,3,Summer 2022
117,Intro to Degree,Economics,Laura Hughes,3,Fall 2021
118,Intro to When,Biology,Sherry Gonzalez,5,Summer 2019
119,Intro to Research,Mathematics,Travis Roth,1,Winter 2020
120,Intro to Attention,Computer Science,Michael Sanders,5,Spring 2019
121,Intro to Blood,History,Jessica Martinez,2,Winter 2023
122,Intro to After,Physics,Anthony Allen,1,Spring 2020
123,Intro to Wrong,Computer Science,Regina Love,5,Fall 2023
124,Intro to Research,Biology,Melissa Colon,4,Summer 2022
125,Intro to Agency,Economics,Ms. Julie Hull,5,Summer 2018
126,Intro to Eight,Economics,Karen Nelson,1,Summer 2018
127,Intro to Husband,History,Karen Norman,1,Spring 2019
128,Intro to Stuff,Biology,Tanya Collier,4,Fall 2019
129,Intro to She,Computer Science,Adriana Johnson,4,Winter 2020
130,Intro to Section,History,James Skinner,5,Summer 2020
131,Intro to Rich,Biology,Bradley Parsons,5,Spring 2023
132,Intro to Suffer,History,Emily Clayton,2,Spring 2023
