credits,course_id,department,semester,INSTRUCTOR,course_name
3,1,Economics,Winter 2022,Jason Cunningham,Intro to Mr
4,2,History,Summer 2021,Tyler Watkins,Intro to Off
4,3,Mathematics,Summer 2022,Sarah Boone,Intro to Century
1,4,History,Fall 2022,Krista Thomas,Intro to Cover
5,5,Biology,Winter 2021,Danielle Johnson,Intro to Small
1,6,Biology,Summer 2020,Nichole Taylor,Intro to Project
4,7,Biology,Summer 2021,Cindy James,Intro to Foreign
5,8,Biology,Summer 2023,George Hodges,Intro to Save
4,9,Biology,Summer 2020,Teresa Khan,Intro to Cut
3,10,Mathematics,Fall 2019,Alison Bush,Intro to Particular
2,11,Computer Science,Fall 2023,Stephanie Pearson,Intro to Support
3,12,Physics,Fall 2022,Brent Patrick,Intro to Seat
1,13,Biology,Winter 2023,Bryan Knox,Intro to Can
3,14,History,Spring 2021,Mr. Douglas Anderson DDS,Intro to Turn
1,15,Biology,Fall 2021,Jason Pittman,Intro to Authority
4,16,Computer Science,Winter 2023,Rachel Meyer,Intro to Your
2,17,Physics,Summer 2018,Mackenzie Espinoza,Intro to Purpose
3,18,Economics,Winter 2022,Benjamin Jones,Intro to Collection
1,19,Computer Science,Winter 2020,Shawn Thompson,Intro to Lose
4,20,Computer Science,Summer 2018,Adam Gomez,Intro to Top
2,21,Physics,Summer 2021,Jason Hoffman,Intro to Benefit
4,22,History,Spring 2018,Michelle Wilson,Intro to Push
4,23,Economics,Summer 2021,Sophia Ramirez,Intro to Heavy
3,24,Mathematics,Spring 2020,Melinda Sims DVM,Intro to Wish
5,25,Economics,Winter 2018,Christine Thomas,Intro to Single
3,26,Physics,Spring 2019,Christopher Martin,Intro to Owner
4,27,Computer Science,Spring 2021,Daniel Boyd,Intro to Course
1,28,Computer Science,Fall 2023,Daniel Williams,Intro to Future
2,29,Mathematics,Summer 2019,Jill Moore,Intro to Identify
2,30,Mathematics,Summer 2020,David Rodriguez,Intro to Somebody
4,31,Economics,Summer 2022,Allison Vaughn,Intro to Land
2,32,Biology,Spring 2022,Mitchell Graham,Intro to City
1,33,Mathematics,Fall 2023,Mary Benton,Intro to Beautiful
3,34,Biology,Fall 2023,Ashley Proctor,Intro to Letter
2,35,Economics,Winter 2021,William Sanders,Intro to Tend
1,36,Mathematics,Winter 2021,Julie Smith,Intro to People
1,37,Computer Science,Spring 2020,Cynthia Wilson,Intro to Create
4,38,Computer Science,Summer 2019,John Barker,Intro to Sea
5,39,Mathematics,Summer 2023,Kathy Morales,Intro to Recognize
1,40,Economics,Fall 2018,Sandra Douglas,Intro to May
1,41,Physics,Spring 2018,Jennifer Boone,Intro to Young
3,42,Computer Science,Fall 2019,Elijah Mcguire,Intro to Attack
5,43,Computer Science,Spring 2020,David Chen,Intro to Prevent
1,44,Biology,Fall 2019,Anthony James,Intro to Simple
5,45,Mathematics,Spring 2018,John Fisher,Intro to Term
3,46,Computer Science,Spring 2023,Corey Smith,Intro to Close
1,47,Physics,Fall 2019,John Davis,Intro to Machine
5,48,Biology,Winter 2022,Rachel Bryan,Intro to Energy
1,49,Physics,Winter 2023,Brian Pineda,Intro to Whatever
3,50,Biology,Spring 2020,Robert Williams,Intro to Leader
1,51,Economics,Winter 2018,James Hernandez,Intro to Rock
2,52,Biology,Winter 2021,Bailey Johnson,Intro to Discussion
4,53,Economics,Summer 2018,Richard Holden,Intro to Down
4,54,Computer Science,Fall 2020,Travis King,Intro to Say
3,55,Biology,Summer 2022,Eric Gould,Intro to Street
4,56,Physics,Summer 2018,Nicole Russell,Intro to Fast
5,57,Biology,Fall 2019,Melissa Thomas,Intro to Arrive
4,58,History,Winter 2019,Thomas Snyder,Intro to Later
2,59,Economics,Summer 2019,Kyle Lee,Intro to Tend
1,60,Biology,Fall 2019,Patrick Boyd,Intro to Be
1,61,Computer Science,Summer 2023,Cynthia Herrera,Intro to Then
3,62,Economics,Fall 2021,Cynthia Cowan,Intro to Every
3,63,Physics,Fall 2020,Eric Long,Intro to Knowledge
1,64,Physics,Spring 2019,Joyce Schroeder,Intro to Huge
3,65,Physics,Summer 2018,Jerry Brandt,Intro to Their
2,66,Computer Science,Spring 2020,Vincent Holland,Intro to Item
3,67,Economics,Fall 2020,Jennifer Austin DDS,Intro to Certainly
4,68,Biology,Fall 2022,Stephen Decker,Intro to Become
4,69,Computer Science,Fall 2022,Heather Stewart,Intro to Type
3,70,Mathematics,Winter 2018,Brian Davidson,Intro to Morning
1,71,Economics,Fall 2023,John Rivera,Intro to Generation
4,72,History,Spring 2023,Elizabeth Harris,Intro to Blood
3,73,Economics,Fall 2020,Richard Leach,Intro to Add
2,74,Computer Science,Spring 2021,Stephanie Martinez DVM,Intro to Simply
2,75,Physics,Summer 2018,Cassandra Hudson,Intro to Financial
3,76,Mathematics,Winter 2021,Julie Vargas,Intro to Put
1,77,Physics,Summer 2022,Suzanne Hernandez DDS,Intro to Knowledge
3,78,Economics,Spring 2018,Dalton Sanders,Intro to Never
4,79,Mathematics,Fall 2018,Penny Newton,Intro to Over
2,80,Computer Science,Winter 2018,Erin Frey,Intro to All
4,81,History,Summer 2021,Brian Jones,Intro to Since
3,82,Economics,Summer 2022,Christopher Mcconnell,Intro to President
2,83,History,Spring 2021,Samantha Jones MD,Intro to Court
4,84,Computer Science,Summer 2021,Michael Adams,Intro to Seven
4,85,Economics,Winter 2020,Cheryl Mendez,Intro to Character
3,86,Biology,Summer 2018,Marie Wallace,Intro to Perform
5,87,History,Fall 2020,Nicole Wilson,Intro to Medical
1,88,Economics,Fall 2020,Candice Williams,Intro to Because
5,89,Computer Science,Fall 2021,Susan Williams,Intro to How
5,90,Biology,Winter 2021,Lori Lewis,Intro to Wear
1,91,History,Spring 2020,Christopher Mcconnell,Intro to Ago
4,92,History,Summer 2020,Robert Wells,Intro to Believe
4,93,Biology,Winter 2020,Megan Jacobs,Intro to If
5,94,Mathematics,Spring 2023,Stacey Ibarra,Intro to Serious
3,95,Biology,Spring 2021,Jeremy Washington,Intro to Box
1,96,Mathematics,Spring 2022,Amanda Jensen,Intro to Read
4,97,Biology,Fall 2020,Kyle Brown,Intro to Night
5,98,Physics,Fall 2020,David Nicholson,Intro to Reason
5,99,Computer Science,Spring 2018,Kimberly Ramos,Intro to Understand
5,100,Biology,Summer 2019,Steve Sanchez,Intro to Finally
5,101,Physics,Winter 2021,Audrey Vasquez,Intro to See
4,102,Economics,Summer 2020,Jeanette Hughes,Intro to Pm
3,103,History,Summer 2022,Rachel Thompson,Intro to Network
1,104,Mathematics,Winter 2019,William Chambers,Intro to Above
4,105,Biology,Winter 2018,Jamie Baker,Intro to Office
5,106,Computer Science,Spring 2020,Lisa Tucker,Intro to Seat
2,107,Economics,Fall 2022,Keith Becker,Intro to Marriage
5,108,Mathematics,Fall 2021,Destiny Graves,Intro to Beat
5,109,Mathematics,Fall 2022,Nicole Turner,Intro to Director
5,110,Economics,Winter 2020,Richard Stanton,Intro to International
2,111,Biology,Spring 2019,Jeremy Haas,Intro to Few
4,112,Mathematics,Spring 2023,Jeffery Stuart,Intro to Civil
1,113,History,Summer 2019,Larry Simpson,Intro to Give
5,114,Physics,Spring 2023,George Foster,Intro to Everybody
3,115,History,Fall 2022,Joseph Wilson,Intro to Property
5,116,History,Fall 2023,Adam Huerta,Intro to Back
