instructor,course_id,course_name,credits,department,semester
Kim Long,1,Intro to Growth,3,History,Winter 2023
Lisa Carter,2,Intro to Heavy,2,Economics,Fall 2018
David Chapman,3,Intro to Federal,2,Biology,Spring 2018
Antonio Mccarty,4,Intro to Head,5,Biology,Winter 2022
Kayla Campbell,5,Intro to Popular,4,Physics,Spring 2023
Leonard Chandler,6,Intro to Ability,4,Economics,Spring 2023
Charles Robertson,7,Intro to Down,2,History,Summer 2021
Jennifer Rodriguez,8,Intro to Role,3,Biology,Summer 2018
Brian Crawford,9,Intro to Case,1,Biology,Winter 2022
Caleb Duran,10,Intro to Story,4,Physics,Spring 2020
Cassandra Ruiz,11,Intro to Position,2,Mathematics,Winter 2022
Shane Flynn,12,Intro to Any,3,History,Summer 2019
Sarah Chan,13,Intro to Check,3,Computer Science,Fall 2019
Virginia Herrera,14,Intro to Cup,1,Mathematics,Winter 2023
Rachel Hill,15,Intro to Successful,3,Physics,Winter 2019
Mr. Samuel Vargas,16,Intro to Expect,2,History,Fall 2018
Justin Johnson,17,Intro to Lot,2,Physics,Winter 2019
David Nelson,18,Intro to Baby,1,Mathematics,Spring 2023
Donald Frey,19,Intro to Surface,5,Mathematics,Summer 2021
Larry Gonzales,20,Intro to Main,5,Mathematics,Fall 2019
Kyle Holmes,21,Intro to Education,5,Physics,Winter 2022
Kevin Kramer,22,Intro to Third,3,Mathematics,Summer 2020
Penny Edwards,23,Intro to Forward,4,Economics,Spring 2023
Jennifer Smith,24,Intro to Say,3,Computer Science,Winter 2020
Eric Hill,25,Intro to At,5,Mathematics,Winter 2020
Benjamin Hall,26,Intro to Yet,5,Economics,Fall 2019
Noah Graham,27,Intro to Key,1,Computer Science,Spring 2021
Mr. Spencer Brown,28,Intro to Bar,3,Physics,Winter 2021
Leslie Green,29,Intro to Lay,1,History,Summer 2021
Cynthia Schneider,30,Intro to Benefit,2,Physics,Summer 2019
Glen Middleton,31,Intro to It,4,History,Summer 2021
Robert Garcia,32,Intro to Wind,2,Physics,Summer 2018
John Simpson,33,Intro to Maybe,5,Biology,Winter 2021
Aaron Miller,34,Intro to Hit,5,Biology,Winter 2018
Marcus Sanders,35,Intro to Number,3,Mathematics,Winter 2023
Dr. Dominic Frost,36,Intro to Response,3,Physics,Winter 2019
James Lawson,37,Intro to Trade,3,Computer Science,Fall 2018
Jacob Gomez,38,Intro to Record,3,Physics,Winter 2018
Sandra Herring,39,Intro to Clear,2,History,Winter 2018
Michael Parker,40,Intro to Heart,1,Physics,Spring 2018
Terri Murray,41,Intro to Girl,4,History,Winter 2018
Peter Jenkins,42,Intro to Owner,1,Economics,Spring 2020
Aimee Gonzalez,43,Intro to Once,4,History,Spring 2019
Tina Brewer,44,Intro to They,2,Physics,Spring 2019
Arthur Cook,45,Intro to Scientist,1,Computer Science,Winter 2021
Victoria Ellison,46,Intro to For,2,Computer Science,Summer 2020
William Hart,47,Intro to Part,1,Physics,Winter 2021
Brandi Maynard,48,Intro to Present,3,Physics,Winter 2018
Andrea Rosario,49,Intro to Decision,2,Biology,Winter 2021
Natalie Cowan MD,50,Intro to Office,3,Biology,Fall 2023
Audrey Decker,51,Intro to White,1,History,Winter 2019
Jeanne Ballard,52,Intro to Probably,2,History,Fall 2019
Melissa Bonilla,53,Intro to Enjoy,2,History,Fall 2022
Douglas Miller,54,Intro to Where,1,Physics,Summer 2021
Sarah Wall,55,Intro to Coach,3,Biology,Summer 2020
John Rivera,56,Intro to White,5,Mathematics,Fall 2023
Karen Romero,57,Intro to Clearly,4,Biology,Winter 2021
Joe Harvey,58,Intro to Debate,2,Physics,Fall 2019
Justin Davies,59,Intro to More,4,Mathematics,Spring 2020
Stacy Lee,60,Intro to Require,2,Mathematics,Winter 2021
Curtis Burns,61,Intro to Message,1,History,Winter 2021
Matthew Mcdowell,62,Intro to Religious,3,Physics,Summer 2020
Danielle Lopez,63,Intro to Sometimes,4,Physics,Summer 2022
Miranda Armstrong,64,Intro to Light,5,Mathematics,Spring 2020
Michael Heath,65,Intro to Your,1,Economics,Summer 2018
Lawrence Fritz,66,Intro to Never,4,Physics,Summer 2023
Ryan Pierce,67,Intro to Keep,3,Mathematics,Spring 2018
Thomas Weeks,68,Intro to International,5,Mathematics,Spring 2022
Garrett Thompson,69,Intro to Citizen,1,Computer Science,Winter 2022
Aaron Holland,70,Intro to System,5,Physics,Spring 2021
Mason Sellers,71,Intro to Parent,1,Economics,Fall 2019
Melissa Nguyen,72,Intro to Such,2,Physics,Summer 2023
Teresa Watson,73,Intro to Push,5,Economics,Summer 2023
Carrie Ingram,74,Intro to Everybody,2,Physics,Fall 2021
Laura Ramirez,75,Intro to Heavy,1,Physics,Summer 2018
Paul Perez,76,Intro to Kitchen,2,Mathematics,Winter 2018
Breanna Smith,77,Intro to Color,1,Biology,Winter 2023
Aaron Vasquez,78,Intro to Near,5,Economics,Spring 2022
Miss Mary Heath,79,Intro to Pm,2,Computer Science,Spring 2022
Stephanie Weaver,80,Intro to Standard,1,Biology,Winter 2022
Maria Waters,81,Intro to Line,2,Computer Science,Fall 2023
Samuel Wells,82,Intro to Dream,3,History,Fall 2023
Jessica Freeman,83,Intro to Quickly,4,Mathematics,Spring 2019
Stephen Lopez,84,Intro to Should,2,Mathematics,Spring 2023
Teresa Bell,85,Intro to Situation,2,Physics,Fall 2022
Benjamin Williams,86,Intro to Responsibility,2,Computer Science,Fall 2022
Dustin Mcpherson,87,Intro to Federal,2,Computer Science,Fall 2020
Casey Barnett,88,Intro to Suggest,5,Biology,Spring 2022
Amanda Byrd,89,Intro to List,5,Biology,Spring 2018
Daniel Maldonado,90,Intro to Than,1,History,Spring 2023
Scott Martin,91,Intro to A,2,Physics,Winter 2023
Lori Price,92,Intro to Democratic,1,Biology,Winter 2021
Sandra Morrison,93,Intro to Building,1,Economics,Summer 2019
Elizabeth Richard,94,Intro to Sense,1,Mathematics,Spring 2019
Jacob Collins,95,Intro to Cause,3,History,Spring 2020
Chelsea Parker,96,Intro to Audience,1,Computer Science,Spring 2020
Harold Harris,97,Intro to Painting,1,Mathematics,Fall 2020
Dr. Anne Baker,98,Intro to Spring,3,History,Spring 2021
Holly Martin,99,Intro to Citizen,3,Computer Science,Spring 2020
Eric Johnson,100,Intro to Strategy,1,History,Winter 2022
James White,101,Intro to Condition,2,Physics,Fall 2022
Ellen Harris,102,Intro to Increase,4,History,Summer 2019
Daniel Campbell,103,Intro to Involve,2,History,Fall 2019
Victor Johnson,104,Intro to Study,3,Physics,Fall 2022
Phillip Johnson,105,Intro to Can,5,Biology,Summer 2019
Bernard Ford,106,Intro to Finally,2,Biology,Summer 2021
Gerald Lopez,107,Intro to Trade,1,History,Winter 2020
Monica Lawrence,108,Intro to Grow,2,History,Fall 2018
Lauren Hines,109,Intro to Go,4,Economics,Winter 2021
Jimmy Mitchell,110,Intro to Official,2,Economics,Summer 2022
