crime_id,city,crime_type,reported_date,outcome
1,North Joseph,Assault,2024-06-07,Pending
2,Zacharyton,Burglary,2024-08-31,Unsolved
3,Lake David,Robbery,2024-06-20,Pending
4,North Robertside,Assault,2024-09-03,Pending
5,West Adriana,Burglary,2024-06-06,Unsolved
6,Port Leslie,Fraud,2024-04-25,Solved
7,Martinezview,Theft,2024-10-08,Pending
8,Martinborough,Fraud,2025-01-14,Arrest Made
9,West Diane,Assault,2024-04-16,Unsolved
10,South Patrick,Fraud,2024-08-04,Solved
11,East Jesseland,Robbery,2024-11-09,Solved
12,Gregorybury,Theft,2025-01-06,Pending
13,Westfurt,Fraud,2024-11-06,Pending
14,Port Melanie,Vandalism,2024-07-25,Unsolved
15,Port Joseph,Assault,2024-12-05,Solved
16,East Earl,Burglary,2024-08-24,Unsolved
17,Nelsonfort,Robbery,2024-03-24,Solved
18,Port Eileen,Assault,2024-03-18,Pending
19,Georgemouth,Assault,2024-05-10,Solved
20,Jeremyport,Assault,2024-02-26,Arrest Made
21,South Ericview,Robbery,2024-07-14,Pending
22,Ramireztown,Robbery,2024-04-29,Arrest Made
23,Kevinchester,Fraud,2024-09-12,Solved
24,Aliciamouth,Fraud,2024-02-23,Solved
25,North Morganfurt,Vandalism,2024-05-22,Pending
26,Cowanchester,Theft,2025-01-04,Arrest Made
27,South Joshuabury,Assault,2024-11-20,Arrest Made
28,Lake Michellemouth,Theft,2024-03-07,Unsolved
29,Kevinborough,Theft,2024-05-02,Pending
30,Allenville,Assault,2024-09-28,Arrest Made
31,East Kristenmouth,Burglary,2024-09-14,Arrest Made
32,Gallowayland,Vandalism,2024-11-19,Arrest Made
33,Nelsonside,Robbery,2024-11-10,Solved
34,Staceyland,Fraud,2024-08-17,Pending
35,South Mariaberg,Theft,2024-12-23,Arrest Made
36,East Christinestad,Burglary,2025-02-01,Unsolved
37,Port Kerrychester,Burglary,2024-06-09,Solved
38,Scottside,Vandalism,2024-11-28,Pending
39,Linshire,Assault,2024-10-27,Arrest Made
40,Burnstown,Burglary,2024-04-18,Arrest Made
41,Port Charleshaven,Theft,2025-01-06,Arrest Made
42,Rodriguezmouth,Vandalism,2024-09-12,Pending
43,Heatherborough,Theft,2024-04-15,Arrest Made
44,South Deborahborough,Burglary,2024-12-18,Arrest Made
45,South Samantha,Burglary,2024-10-21,Pending
46,Marymouth,Assault,2024-12-12,Unsolved
47,East Steve,Burglary,2025-02-01,Solved
48,Hensleyport,Fraud,2024-03-04,Unsolved
49,Lauraberg,Robbery,2024-07-24,Solved
50,Port Edward,Vandalism,2024-10-13,Arrest Made
51,Andrewton,Theft,2024-04-12,Solved
52,Schaeferchester,Assault,2024-12-25,Arrest Made
53,Theodoremouth,Burglary,2024-03-31,Unsolved
54,Howellchester,Theft,2024-09-13,Solved
55,Port Omar,Fraud,2024-02-18,Solved
56,New Elizabethfurt,Theft,2024-07-06,Pending
57,South Richard,Robbery,2024-03-04,Solved
58,Millerburgh,Fraud,2024-05-26,Pending
59,Rodriguezburgh,Fraud,2024-04-11,Solved
60,North Albert,Theft,2025-01-23,Unsolved
61,Gibsonport,Theft,2024-11-30,Unsolved
62,Bennetttown,Fraud,2024-12-25,Pending
63,Jessicaton,Vandalism,2024-06-18,Arrest Made
64,Johnsonshire,Assault,2024-09-28,Solved
65,North Mark,Vandalism,2024-05-11,Solved
66,Brownberg,Assault,2024-05-19,Pending
67,Rasmussenton,Assault,2024-05-26,Arrest Made
68,Mejiamouth,Assault,2024-08-31,Pending
69,Fostertown,Fraud,2024-06-11,Pending
70,Carriestad,Theft,2024-03-15,Pending
71,Ryanberg,Theft,2025-01-22,Pending
72,South Johnfurt,Vandalism,2024-03-29,Arrest Made
73,West Deborahmouth,Assault,2024-11-09,Pending
74,Shannonport,Robbery,2024-08-02,Unsolved
75,Port Ricardo,Vandalism,2024-08-23,Unsolved
76,West Jonathanborough,Burglary,2024-07-26,Solved
77,Simonport,Robbery,2024-10-25,Pending
78,East Theresafort,Vandalism,2024-04-04,Arrest Made
79,North Jamesview,Assault,2024-04-22,Pending
80,West Michaelview,Burglary,2024-12-04,Unsolved
81,West Aliciatown,Robbery,2024-10-12,Arrest Made
82,Lauraside,Assault,2024-12-28,Solved
83,Cynthiaside,Burglary,2024-05-26,Arrest Made
84,West Tony,Assault,2024-08-01,Solved
85,Justinland,Theft,2024-12-05,Pending
86,Fisherborough,Burglary,2024-03-23,Solved
87,Port Susanfurt,Vandalism,2024-04-02,Pending
88,North Heather,Assault,2024-08-23,Unsolved
89,Jamesview,Robbery,2024-12-08,Arrest Made
90,South Patriciaview,Vandalism,2024-03-05,Arrest Made
91,Smithbury,Theft,2024-02-25,Arrest Made
92,Kennedymouth,Theft,2024-12-13,Solved
93,Martinchester,Assault,2025-01-07,Unsolved
94,Lake Dylan,Assault,2024-09-13,Arrest Made
95,South Darren,Vandalism,2024-11-12,Solved
96,North Bryanchester,Fraud,2024-10-12,Solved
97,Kimborough,Vandalism,2024-02-21,Pending
98,Moorechester,Theft,2024-11-16,Arrest Made
99,New Christopher,Fraud,2024-04-20,Solved
100,Danielhaven,Burglary,2025-01-02,Solved
101,East Susan,Assault,2024-11-06,Unsolved
102,Townsendburgh,Vandalism,2024-08-31,Unsolved
103,East Annstad,Theft,2024-09-13,Arrest Made
104,Dennisland,Robbery,2024-07-28,Arrest Made
105,Jonathanburgh,Robbery,2024-11-15,Solved
106,Lake Robert,Fraud,2024-05-25,Solved
107,Monicaport,Burglary,2024-03-17,Solved
108,Micheletown,Theft,2024-12-29,Unsolved
109,Lindatown,Burglary,2025-02-10,Pending
110,Heathland,Assault,2024-08-01,Arrest Made
111,Thomasberg,Vandalism,2024-03-04,Solved
112,Cassandraburgh,Vandalism,2024-07-21,Arrest Made
113,Smithchester,Vandalism,2024-10-08,Pending
114,West Janetstad,Assault,2024-12-04,Solved
115,Kylebury,Burglary,2024-03-25,Unsolved
116,East Elizabethborough,Vandalism,2024-06-08,Unsolved
117,North Sandrashire,Robbery,2024-09-10,Unsolved
118,Ibarrastad,Burglary,2024-11-28,Arrest Made
119,Port Johnview,Assault,2025-02-10,Solved
120,Copelandstad,Theft,2024-10-18,Pending
121,Sullivanchester,Fraud,2024-12-04,Arrest Made
122,Davidfurt,Burglary,2024-09-06,Solved
123,Grantfurt,Assault,2024-03-12,Arrest Made
