city,outcome,crime_type,reported_date,crime_id
Stevenhaven,Arrest Made,Theft,2024-12-05,1
Riggschester,Arrest Made,Assault,2024-08-24,2
West Richardport,Unsolved,Theft,2024-12-04,3
Figueroafurt,Unsolved,Assault,2024-11-10,4
North Samuel,Arrest Made,Fraud,2024-10-13,5
Bishopchester,Unsolved,Vandalism,2024-09-21,6
Leeport,Unsolved,Robbery,2024-09-09,7
West Brookeborough,Unsolved,Vandalism,2024-05-28,8
Griffinborough,Arrest Made,Vandalism,2024-10-22,9
Port Patrick,Solved,Assault,2024-04-28,10
South Jenniferbury,Pending,Vandalism,2024-02-19,11
North Richardborough,Pending,Burglary,2024-10-06,12
Karenside,Solved,Theft,2024-08-10,13
East Terri,Arrest Made,Vandalism,2024-11-23,14
New Shannon,Arrest Made,Vandalism,2024-04-24,15
South William,Unsolved,Vandalism,2024-11-06,16
Briggsmouth,Unsolved,Burglary,2024-04-26,17
Oneillberg,Arrest Made,Burglary,2024-05-27,18
Port Timothy,Pending,Fraud,2024-12-31,19
Lake Rebecca,Solved,Burglary,2024-12-03,20
West Caitlynmouth,Unsolved,Burglary,2024-12-13,21
Lake Kristaton,Solved,Burglary,2024-09-26,22
North Amy,Pending,Assault,2024-10-08,23
Port Angelaton,Pending,Fraud,2024-02-17,24
Laurachester,Solved,Vandalism,2024-05-11,25
Shawfurt,Arrest Made,Vandalism,2024-09-09,26
South Steven,Arrest Made,Vandalism,2024-06-22,27
Maynardhaven,Arrest Made,Burglary,2024-09-23,28
Dianaborough,Pending,Robbery,2024-04-11,29
New Nicole,Solved,Fraud,2024-06-28,30
Lake Joshuafurt,Arrest Made,Burglary,2024-09-06,31
Mcdonaldtown,Solved,Theft,2024-12-22,32
Port Kenneth,Arrest Made,Burglary,2024-04-28,33
Lewismouth,Unsolved,Theft,2024-02-17,34
Lisatown,Unsolved,Assault,2024-06-12,35
East Amanda,Arrest Made,Vandalism,2024-12-06,36
New Juan,Solved,Fraud,2024-08-18,37
Richardsburgh,Arrest Made,Robbery,2024-06-05,38
Weaverbury,Pending,Robbery,2024-10-13,39
North Thomashaven,Arrest Made,Robbery,2024-09-27,40
Carmenville,Solved,Vandalism,2024-07-22,41
New Steven,Pending,Vandalism,2024-05-02,42
Mendezberg,Arrest Made,Fraud,2024-02-23,43
Harveyfurt,Arrest Made,Fraud,2024-12-18,44
Boothside,Arrest Made,Vandalism,2025-01-07,45
Cherylchester,Unsolved,Vandalism,2024-07-01,46
Elizabethfort,Arrest Made,Theft,2024-10-04,47
Allisonberg,Solved,Theft,2024-08-06,48
Lake Jamesstad,Arrest Made,Fraud,2024-03-17,49
Knoxport,Pending,Assault,2024-09-26,50
Ericafurt,Arrest Made,Assault,2024-04-03,51
Port Stephanie,Pending,Robbery,2025-01-02,52
Lauraborough,Arrest Made,Vandalism,2025-01-22,53
Lake Michaelview,Arrest Made,Robbery,2024-04-18,54
Port Christine,Solved,Theft,2024-05-30,55
Cobbville,Unsolved,Vandalism,2024-04-26,56
Kramerland,Solved,Assault,2024-06-24,57
Whitakerview,Solved,Robbery,2024-06-06,58
Jonesstad,Solved,Theft,2024-11-02,59
Brittanyville,Arrest Made,Assault,2024-04-14,60
Frankfort,Unsolved,Burglary,2024-11-19,61
West Staceymouth,Unsolved,Fraud,2024-05-28,62
Drewland,Solved,Theft,2024-07-21,63
Brandonburgh,Pending,Assault,2024-07-26,64
Dixonburgh,Arrest Made,Burglary,2024-07-19,65
Reidville,Solved,Vandalism,2024-05-16,66
Angelabury,Pending,Assault,2024-09-24,67
Meadowsville,Pending,Robbery,2024-06-11,68
East Megan,Unsolved,Robbery,2024-07-03,69
Lake James,Solved,Fraud,2024-11-16,70
South Christopher,Pending,Vandalism,2024-07-24,71
Bethhaven,Unsolved,Theft,2024-06-14,72
East Jonathan,Solved,Vandalism,2024-02-22,73
Hillland,Pending,Fraud,2024-09-24,74
Lake Heatherberg,Pending,Burglary,2024-04-06,75
Quinnville,Unsolved,Robbery,2024-05-09,76
Justinport,Solved,Theft,2024-03-20,77
Justinborough,Unsolved,Robbery,2024-12-09,78
Kennethfort,Pending,Burglary,2024-11-23,79
West Loriberg,Unsolved,Robbery,2024-04-28,80
East Kevin,Unsolved,Fraud,2024-12-31,81
Laurafort,Solved,Assault,2024-04-26,82
West Matthewside,Pending,Burglary,2024-12-31,83
Rodriguezland,Pending,Vandalism,2024-03-17,84
Underwoodstad,Unsolved,Burglary,2024-11-07,85
Cynthiamouth,Solved,Fraud,2025-01-09,86
South Cindy,Pending,Vandalism,2024-04-11,87
Tammyhaven,Pending,Assault,2024-04-04,88
Port Claudiafurt,Unsolved,Vandalism,2024-10-13,89
New Robinland,Unsolved,Burglary,2024-12-18,90
Charlesport,Solved,Fraud,2024-09-11,91
Sullivanborough,Pending,Burglary,2024-12-27,92
Lake Christopher,Pending,Fraud,2024-08-08,93
Lake Susan,Unsolved,Assault,2024-03-10,94
Smithburgh,Unsolved,Theft,2024-07-25,95
Port William,Solved,Robbery,2024-10-20,96
Cartermouth,Solved,Vandalism,2024-07-01,97
East Lauren,Unsolved,Fraud,2024-08-09,98
Maloneshire,Unsolved,Robbery,2024-08-23,99
Websterfurt,Solved,Robbery,2024-11-22,100
Port Natashaberg,Solved,Burglary,2025-01-06,101
South Lori,Pending,Burglary,2024-08-31,102
Smithland,Arrest Made,Vandalism,2024-10-23,103
Lake Jasonmouth,Arrest Made,Theft,2024-08-17,104
North Brittany,Unsolved,Theft,2024-09-23,105
East Antonio,Solved,Burglary,2024-02-16,106
New Nathan,Pending,Vandalism,2024-03-12,107
Port Brandybury,Unsolved,Fraud,2024-08-22,108
Port Lisa,Unsolved,Theft,2025-01-18,109
Deborahchester,Arrest Made,Burglary,2024-06-06,110
New Kelsey,Arrest Made,Burglary,2024-04-14,111
Alexville,Arrest Made,Robbery,2024-03-13,112
Kellyton,Unsolved,Burglary,2024-04-29,113
Phammouth,Solved,Burglary,2024-05-06,114
Lake Melissaport,Arrest Made,Robbery,2024-04-29,115
East Paul,Unsolved,Vandalism,2025-01-16,116
Thompsonchester,Arrest Made,Assault,2025-01-28,117
New Kendraborough,Unsolved,Vandalism,2024-12-29,118
Johnsonbury,Pending,Assault,2024-02-25,119
Lake Gregoryfort,Solved,Assault,2024-09-19,120
North Amy,Pending,Theft,2024-08-18,121
Elizabethview,Unsolved,Robbery,2024-05-06,122
West Bethanyberg,Unsolved,Assault,2024-03-01,123
South Robertchester,Arrest Made,Fraud,2024-07-25,124
Johnsonmouth,Solved,Robbery,2024-11-12,125
Clarkfort,Unsolved,Vandalism,2024-04-16,126
North Dominic,Unsolved,Vandalism,2024-08-20,127
Lake Trevor,Pending,Robbery,2024-12-29,128
Owensside,Solved,Burglary,2024-03-02,129
Mclaughlinfurt,Unsolved,Vandalism,2024-04-17,130
Palmerside,Unsolved,Burglary,2024-03-27,131
