CRIME ID,city,crime_type,reported_date,outcome
1,Andersonborough,Burglary,2024-10-10,Pending
2,Pachecohaven,Assault,2024-12-05,Arrest Made
3,North Veronicaville,Robbery,2024-12-14,Arrest Made
4,New Jennifer,Fraud,2024-06-03,Unsolved
5,Lake Stephanie,Theft,2024-07-11,Unsolved
6,Liberg,Fraud,2024-12-15,Arrest Made
7,West Dominiqueshire,Robbery,2024-05-13,Unsolved
8,Mendezview,Fraud,2024-06-09,Unsolved
9,South Robinfort,Theft,2024-12-12,Arrest Made
10,South Michael,Robbery,2024-09-27,Solved
11,Salinasville,Robbery,2025-02-01,Unsolved
12,Jillbury,Vandalism,2024-06-21,Arrest Made
13,Adamburgh,Robbery,2024-04-03,Unsolved
14,East Kimberlyville,Robbery,2025-01-25,Arrest Made
15,Craigside,Fraud,2024-04-23,Solved
16,New Bruce,Theft,2024-10-11,Unsolved
17,North Angela,Fraud,2024-10-12,Solved
18,Port Janet,Burglary,2024-10-22,Arrest Made
19,New Alfredborough,Robbery,2025-02-04,Solved
20,Port Robert,Robbery,2024-03-07,Unsolved
21,West Jillton,Robbery,2024-05-06,Solved
22,Berryshire,Fraud,2024-07-31,Unsolved
23,Rhondaport,Theft,2024-03-16,Unsolved
24,Kathleenbury,Robbery,2024-05-21,Unsolved
25,Robinville,Assault,2024-11-15,Pending
26,North Ronnietown,Vandalism,2024-05-05,Pending
27,Banksmouth,Theft,2024-10-26,Unsolved
28,Lake Andrew,Robbery,2024-11-02,Arrest Made
29,Bradside,Theft,2024-07-21,Arrest Made
30,Scotttown,Robbery,2024-06-06,Solved
31,Port Kennethland,Robbery,2024-05-15,Solved
32,Thompsonside,Burglary,2024-07-20,Solved
33,Port Timothyshire,Burglary,2024-12-10,Arrest Made
34,Port Ericfurt,Robbery,2024-09-18,Solved
35,East Ginaville,Theft,2025-01-21,Pending
36,West Christopher,Burglary,2024-03-18,Arrest Made
37,Escobarmouth,Robbery,2024-09-04,Unsolved
38,North Brent,Assault,2024-10-29,Solved
39,North Robin,Robbery,2024-12-07,Arrest Made
40,Kathleenview,Burglary,2024-08-13,Arrest Made
41,Douglasside,Assault,2024-03-08,Pending
42,North Patriciatown,Fraud,2025-01-03,Arrest Made
43,North Nicholaston,Vandalism,2024-11-25,Unsolved
44,Randystad,Vandalism,2024-07-30,Solved
45,Martinland,Burglary,2024-10-28,Pending
46,Port Edward,Robbery,2024-03-02,Pending
47,East Evelynmouth,Fraud,2024-04-01,Arrest Made
48,New Alexisport,Theft,2024-05-17,Solved
49,Camposstad,Theft,2024-09-06,Solved
50,Russellfort,Burglary,2024-05-18,Solved
51,Michaelmouth,Assault,2025-01-12,Unsolved
52,Lake Dana,Robbery,2024-11-12,Unsolved
53,Juliehaven,Burglary,2024-04-09,Pending
54,Lake Mark,Fraud,2024-09-26,Solved
55,Shepardland,Burglary,2024-12-24,Solved
56,Walkerton,Fraud,2024-08-25,Pending
57,New Theresastad,Burglary,2024-08-06,Arrest Made
58,Port Elizabeth,Vandalism,2024-07-05,Pending
59,Danielmouth,Burglary,2024-04-26,Unsolved
60,West Lindsay,Fraud,2024-07-05,Pending
61,Brendaborough,Assault,2024-04-08,Unsolved
62,Andrewfurt,Burglary,2024-09-18,Unsolved
63,West Michael,Vandalism,2024-06-27,Pending
64,Jeffreyborough,Robbery,2024-10-24,Unsolved
65,East Tabithaberg,Theft,2024-10-18,Arrest Made
66,Atkinsview,Burglary,2024-07-27,Arrest Made
67,South Vanessaberg,Burglary,2024-04-24,Solved
68,New Sarahborough,Fraud,2024-03-30,Arrest Made
69,South Larry,Assault,2024-12-14,Arrest Made
70,Jimmyton,Fraud,2024-05-21,Unsolved
71,West Aprilside,Vandalism,2024-05-30,Arrest Made
72,West Rebekahburgh,Robbery,2024-10-31,Solved
73,Powellton,Fraud,2024-11-07,Arrest Made
74,Haysville,Theft,2024-08-19,Solved
75,Lake Matthewshire,Assault,2024-03-05,Pending
76,Melissastad,Vandalism,2024-03-30,Unsolved
77,Wardport,Fraud,2024-07-07,Pending
78,Murphyhaven,Fraud,2025-02-11,Pending
79,Adamsfurt,Burglary,2024-05-17,Unsolved
80,Leestad,Assault,2024-12-23,Pending
81,Brookshaven,Fraud,2024-11-22,Arrest Made
82,East David,Theft,2024-07-22,Arrest Made
83,East Cynthiaport,Vandalism,2024-12-19,Pending
84,Angelamouth,Burglary,2024-06-03,Arrest Made
85,Lake David,Robbery,2024-04-25,Pending
86,Ponceport,Vandalism,2024-06-30,Pending
87,Lake Laura,Robbery,2024-06-05,Pending
88,Lake Theodoretown,Robbery,2024-03-16,Solved
89,Samanthafort,Assault,2024-03-09,Solved
90,New Shawn,Vandalism,2024-04-26,Pending
91,Port Cody,Burglary,2024-09-06,Solved
92,Angelfurt,Fraud,2024-04-28,Pending
93,Wallacechester,Assault,2024-02-29,Unsolved
94,Holmesville,Vandalism,2024-11-19,Pending
95,Walkerview,Theft,2025-01-24,Unsolved
96,North Jesus,Theft,2024-05-17,Arrest Made
97,Mckeeshire,Burglary,2024-06-19,Solved
98,Timothyfort,Robbery,2024-05-15,Pending
99,North Michael,Theft,2025-01-27,Solved
100,Snyderton,Robbery,2024-05-09,Pending
101,Cindyfort,Assault,2024-04-05,Pending
102,East Kristin,Vandalism,2024-12-20,Unsolved
103,New Cameron,Robbery,2024-05-09,Solved
104,East Tammy,Fraud,2024-03-09,Pending
105,Cassandrachester,Fraud,2025-01-28,Pending
106,Bentleyfort,Fraud,2024-05-29,Pending
107,Mitchellland,Robbery,2024-04-08,Unsolved
108,Westfurt,Robbery,2024-11-16,Unsolved
109,Millerside,Theft,2024-04-10,Pending
110,North Timothymouth,Assault,2024-08-30,Unsolved
111,Rossmouth,Robbery,2024-12-31,Pending
112,Andrewfurt,Assault,2025-01-21,Arrest Made
113,Jamiebury,Fraud,2024-05-10,Unsolved
114,Jamieburgh,Assault,2024-08-31,Pending
115,Lake Adamfort,Assault,2024-04-22,Arrest Made
116,West Melissa,Assault,2025-01-13,Unsolved
117,Valenciabury,Assault,2024-09-13,Solved
118,Mollyport,Robbery,2025-01-21,Pending
119,Boyerland,Theft,2025-01-29,Solved
120,Charlesport,Assault,2024-10-16,Pending
121,Lake Brooketon,Fraud,2024-10-22,Pending
122,Lake Brendahaven,Robbery,2025-02-08,Pending
123,Austinmouth,Burglary,2024-04-25,Solved
124,East Robin,Fraud,2025-01-16,Solved
125,Ibarrastad,Fraud,2025-01-01,Solved
126,Wendyland,Robbery,2024-07-20,Unsolved
127,Sydneymouth,Assault,2024-12-17,Arrest Made
128,North Gerald,Theft,2024-12-24,Arrest Made
129,East Williamville,Theft,2024-04-09,Solved
130,Carlsonland,Robbery,2024-02-17,Arrest Made
