crime_id,city,crime_type,outcome
1,South Ellen,Burglary,Pending
2,Brittanyland,Assault,Solved
3,Phillipstown,Vandalism,Unsolved
4,Samanthachester,Burglary,Pending
5,Kristyland,Burglary,Solved
6,Johnstonport,Assault,Unsolved
7,New Abigail,Robbery,Unsolved
8,Port Ronaldland,Vandalism,Unsolved
9,Bryantborough,Burglary,Arrest Made
10,East Kenneth,Assault,Pending
11,Jessicaberg,Theft,Arrest Made
12,East Jill,Burglary,Unsolved
13,West Michaelshire,Assault,Unsolved
14,Josephside,Fraud,Solved
15,Clarkborough,Vandalism,Solved
16,Wolftown,Theft,Pending
17,Tylerfurt,Theft,Pending
18,North Valerie,Vandalism,Pending
19,West John,Robbery,Solved
20,New Matthew,Burglary,Arrest Made
21,Danielmouth,Burglary,Pending
22,Cochranport,Vandalism,Pending
23,South Kathy,Assault,Unsolved
24,Courtneyside,Assault,Arrest Made
25,Jillport,Assault,Pending
26,West Jacob,Fraud,Solved
27,Lake Lauren,Fraud,Unsolved
28,Christineberg,Burglary,Pending
29,East Leonardland,Theft,Pending
30,East David,Vandalism,Solved
31,Gentrymouth,Fraud,Pending
32,Williamsview,Theft,Unsolved
33,North Charles,Fraud,Pending
34,Jenniferfort,Robbery,Arrest Made
35,North Ryanstad,Theft,Solved
36,Thompsonshire,Vandalism,Pending
37,West Laurenside,Vandalism,Unsolved
38,Martinshire,Theft,Pending
39,South Karenfort,Assault,Arrest Made
40,Port Sandra,Fraud,Unsolved
41,West Jeffery,Vandalism,Pending
42,Port Kyle,Vandalism,Solved
43,North Thomasborough,Fraud,Unsolved
44,Youngville,Robbery,Solved
45,Sharonport,Assault,Arrest Made
46,Danielside,Assault,Solved
47,Phillipsberg,Robbery,Solved
48,North Jason,Theft,Solved
49,South Joshuaberg,Fraud,Pending
50,Antonioberg,Burglary,Pending
51,Elizabethland,Vandalism,Unsolved
52,Aaronbury,Fraud,Pending
53,West Ronaldtown,Fraud,Pending
54,Williamland,Vandalism,Arrest Made
55,East Bryan,Burglary,Pending
56,West Danielborough,Burglary,Unsolved
57,New Justinshire,Theft,Arrest Made
58,Lake Kenneth,Fraud,Arrest Made
59,Timothyport,Fraud,Unsolved
60,Laurenside,Vandalism,Arrest Made
61,Lake Jasonview,Burglary,Pending
62,Ryanshire,Vandalism,Arrest Made
63,Danielleberg,Robbery,Pending
64,Gibsonbury,Fraud,Solved
65,Sanderstown,Theft,Unsolved
66,Moodychester,Burglary,Arrest Made
67,South Cynthia,Theft,Unsolved
68,Port Ericborough,Theft,Pending
69,West Tracy,Burglary,Solved
70,Bakerbury,Burglary,Pending
71,New Christophermouth,Fraud,Pending
72,Richardsonbury,Fraud,Arrest Made
73,Jasonfurt,Fraud,Arrest Made
74,Carterstad,Theft,Unsolved
75,Dannyland,Assault,Unsolved
76,South Richard,Theft,Arrest Made
77,Lake Justin,Burglary,Unsolved
78,Crawfordstad,Robbery,Arrest Made
79,Lewisbury,Burglary,Pending
80,New Norman,Theft,Pending
81,New Robertside,Vandalism,Unsolved
82,Angelaside,Vandalism,Pending
83,Port Ashley,Assault,Pending
84,Yangbury,Burglary,Solved
85,West William,Robbery,Pending
86,Michellestad,Burglary,Pending
87,Schmittfurt,Assault,Unsolved
88,South Timothyshire,Assault,Pending
89,Cameronchester,Vandalism,Pending
90,Johnsonborough,Assault,Arrest Made
91,Cantuberg,Theft,Arrest Made
92,Schroederburgh,Theft,Pending
93,East Alexis,Vandalism,Solved
94,Whiteview,Vandalism,Arrest Made
95,Popefurt,Assault,Solved
96,East Andrewmouth,Vandalism,Arrest Made
97,Robinsonhaven,Assault,Unsolved
98,Castilloview,Fraud,Solved
99,Davisshire,Robbery,Solved
100,Cantuview,Robbery,Solved
101,Lake Bethanyfort,Robbery,Pending
102,Simmonschester,Fraud,Solved
103,West Stephanieview,Fraud,Unsolved
104,Lake Jillmouth,Theft,Unsolved
105,Jennifertown,Assault,Solved
106,Emilyport,Vandalism,Solved
107,Port Vanessa,Fraud,Solved
108,Jenniferfort,Theft,Unsolved
109,Josephport,Assault,Unsolved
110,Lake Frank,Assault,Unsolved
111,Robertston,Assault,Solved
112,Williamston,Theft,Solved
113,New Pamela,Vandalism,Unsolved
114,Brownview,Burglary,Solved
115,Howellside,Theft,Solved
116,Harrisburgh,Burglary,Unsolved
117,North Jeffrey,Fraud,Pending
