crime_id,city,crime_type,reported_date,outcome
1,New Erin,Theft,2024-05-21,Solved
2,East Benjamin,Fraud,2024-07-10,Unsolved
3,East Jacob,Theft,2024-09-12,Pending
4,West Marissa,Vandalism,2024-10-10,Arrest Made
5,West Charlesfort,Robbery,2025-01-16,Pending
6,Knightland,Theft,2024-12-21,Pending
7,Mayomouth,Robbery,2024-09-18,Arrest Made
8,Banksshire,Vandalism,2024-09-09,Unsolved
9,New Justinview,Burglary,2024-10-12,Arrest Made
10,Shaneville,Assault,2024-06-28,Arrest Made
11,Sanchezmouth,Fraud,2024-10-27,Arrest Made
12,South Danielleland,Vandalism,2024-11-18,Solved
13,East Alexandra,Vandalism,2024-05-28,Pending
14,Jillmouth,Theft,2024-08-19,Arrest Made
15,Anthonyland,Assault,2024-11-06,Unsolved
16,Lake Travismouth,Theft,2024-05-15,Pending
17,Port Cynthia,Robbery,2024-12-26,Solved
18,North Pamelaville,Fraud,2024-05-25,Solved
19,West Mollyberg,Burglary,2024-02-13,Solved
20,Meganberg,Fraud,2024-06-12,Unsolved
21,Lake Brandonfort,Vandalism,2024-07-30,Arrest Made
22,North Kaitlinstad,Fraud,2024-12-07,Unsolved
23,Lake Ryan,Robbery,2025-01-24,Arrest Made
24,South David,Burglary,2024-11-05,Unsolved
25,Lake Michaelfurt,Burglary,2024-06-16,Pending
26,Jessechester,Vandalism,2024-10-14,Solved
27,Kyleshire,Vandalism,2024-06-26,Arrest Made
28,Jeremytown,Robbery,2024-06-08,Arrest Made
29,New Amyton,Robbery,2024-03-20,Pending
30,Lake Alexandra,Burglary,2024-04-27,Arrest Made
31,South Mark,Theft,2025-01-04,Solved
32,New Kimberlyville,Assault,2024-12-04,Arrest Made
33,Pricebury,Fraud,2024-06-02,Unsolved
34,Ayalaland,Vandalism,2024-06-21,Pending
35,New Caitlinborough,Robbery,2024-04-18,Arrest Made
36,Port Gina,Fraud,2025-01-10,Pending
37,Vaughnland,Theft,2024-04-21,Unsolved
38,West Scott,Burglary,2024-02-13,Pending
39,New Michael,Robbery,2024-03-30,Solved
40,Millerhaven,Burglary,2024-11-02,Arrest Made
41,West Rebecca,Fraud,2025-01-16,Pending
42,Lake Tyronebury,Fraud,2024-12-16,Pending
43,Dustinberg,Vandalism,2024-02-19,Pending
44,Daltonton,Fraud,2024-05-07,Solved
45,Brooksview,Robbery,2025-01-29,Pending
46,South Jefferyside,Robbery,2024-09-09,Solved
47,Lake Scottmouth,Fraud,2025-01-31,Unsolved
48,Melissaville,Theft,2024-06-24,Arrest Made
49,Jeffreyside,Theft,2024-05-07,Unsolved
50,Port Brittany,Assault,2024-06-16,Pending
51,Kristimouth,Vandalism,2024-11-25,Unsolved
52,Cindyland,Theft,2024-11-26,Arrest Made
53,Joelmouth,Vandalism,2024-08-08,Arrest Made
54,West Leslie,Assault,2024-12-19,Unsolved
55,West Jason,Vandalism,2024-04-16,Unsolved
56,Miketown,Theft,2024-03-22,Pending
57,North Annastad,Burglary,2024-03-12,Unsolved
58,Martinshire,Theft,2025-01-31,Solved
59,Calderontown,Burglary,2024-09-05,Pending
60,New Jennifer,Fraud,2024-12-15,Unsolved
61,Kristenville,Burglary,2024-07-09,Unsolved
62,Valeriestad,Assault,2024-03-19,Arrest Made
63,Rodriguezfort,Assault,2024-08-07,Pending
64,South James,Robbery,2024-08-27,Unsolved
65,New Victoriashire,Theft,2025-01-21,Solved
66,Johnland,Burglary,2024-07-18,Pending
67,West Sarahaven,Assault,2025-01-27,Solved
68,North Nathan,Theft,2024-03-20,Pending
69,Lake Caleb,Burglary,2024-08-08,Arrest Made
70,Brownside,Robbery,2025-01-05,Solved
71,Codychester,Assault,2024-06-20,Unsolved
72,Lake Juan,Assault,2024-08-25,Unsolved
73,Donaldhaven,Robbery,2024-08-18,Unsolved
74,North Julie,Robbery,2024-12-01,Solved
75,Wallacechester,Theft,2024-08-25,Pending
76,Riveraton,Theft,2024-03-25,Unsolved
77,Gilmoreton,Assault,2024-02-20,Arrest Made
78,Chaseport,Assault,2024-10-13,Arrest Made
79,Alexandramouth,Fraud,2024-03-30,Solved
80,Sandrashire,Vandalism,2025-02-07,Solved
81,Armstrongfort,Theft,2024-06-21,Unsolved
82,South Rubenbury,Fraud,2024-06-24,Arrest Made
83,Port Hannah,Assault,2025-01-31,Pending
84,Seanborough,Fraud,2024-07-21,Pending
85,Port Richard,Burglary,2025-01-27,Unsolved
86,Lake Jacquelineside,Vandalism,2024-02-23,Arrest Made
87,Peckfort,Burglary,2024-10-07,Solved
88,Dianaberg,Theft,2024-06-22,Solved
89,Port Alexander,Vandalism,2024-09-30,Solved
90,West Gloria,Theft,2024-08-12,Arrest Made
91,Tamaraville,Theft,2024-03-09,Pending
92,Connerland,Robbery,2024-05-17,Pending
93,Jacksonton,Robbery,2024-08-24,Pending
94,Hunttown,Theft,2024-04-08,Pending
95,Jamesfort,Robbery,2024-10-07,Pending
96,South Melissaville,Burglary,2024-05-04,Unsolved
97,Brownmouth,Fraud,2024-11-29,Pending
98,Harrisonville,Vandalism,2025-01-11,Arrest Made
99,Port Jessica,Assault,2024-10-09,Pending
100,Lake Sherry,Burglary,2024-07-21,Solved
101,Wellstown,Fraud,2024-10-08,Solved
102,West Amanda,Vandalism,2024-11-24,Arrest Made
103,Lake Rebekahton,Robbery,2024-08-16,Solved
104,Cherylton,Fraud,2024-05-18,Unsolved
105,Michaeltown,Robbery,2025-01-24,Solved
106,Lake Ashley,Assault,2024-11-18,Arrest Made
107,South Denise,Vandalism,2024-08-24,Pending
108,Christinechester,Vandalism,2024-07-16,Solved
109,New Katherine,Fraud,2024-03-27,Arrest Made
110,Brownport,Vandalism,2024-06-06,Arrest Made
111,South Jason,Theft,2024-08-09,Solved
112,Davidville,Robbery,2024-08-18,Pending
113,Paulborough,Vandalism,2024-11-03,Pending
114,West Nicholas,Assault,2024-08-19,Arrest Made
115,West Hannah,Burglary,2025-01-05,Unsolved
116,Lake Michelleview,Theft,2024-03-06,Solved
117,South Vincent,Theft,2024-03-06,Pending
118,North Rodneyhaven,Fraud,2024-03-03,Pending
119,West Rebeccamouth,Vandalism,2024-03-08,Unsolved
120,Jordanland,Assault,2024-05-26,Arrest Made
121,Martinezbury,Robbery,2024-09-01,Arrest Made
122,Garystad,Burglary,2024-08-21,Arrest Made
123,Paulberg,Assault,2024-10-16,Pending
