crime_id,city,crime_type,reported_date,outcome
1,Andersonburgh,Vandalism,2024-10-17,Pending
2,Port Nicholas,Theft,2024-07-30,Pending
3,Patelburgh,Fraud,2024-05-11,Arrest Made
4,New Anthony,Burglary,2024-10-20,Arrest Made
5,Brandonhaven,Assault,2024-04-10,Solved
6,Garciafurt,Burglary,2024-04-21,Arrest Made
7,Hectorchester,Fraud,2024-03-30,Arrest Made
8,Thomaschester,Theft,2024-05-11,Pending
9,Michaelfurt,Fraud,2024-06-18,Unsolved
10,Port Laurastad,Assault,2024-04-09,Pending
11,Lawrencebury,Burglary,2024-03-27,Arrest Made
12,Jonathanview,Theft,2024-09-03,Pending
13,Lake Allison,Fraud,2024-07-03,Solved
14,Peggymouth,Theft,2025-02-06,Arrest Made
15,Lake Tracey,Vandalism,2024-06-04,Arrest Made
16,Bettyfurt,Theft,2024-07-30,Solved
17,Frazierburgh,Assault,2024-09-13,Unsolved
18,Taylorfort,Vandalism,2025-01-06,Pending
19,Smithburgh,Burglary,2024-12-20,Pending
20,North Christinehaven,Vandalism,2024-02-26,Unsolved
21,New Ryanport,Burglary,2024-10-17,Pending
22,Lake Jillchester,Robbery,2024-11-07,Pending
23,Jessicafort,Assault,2025-01-26,Unsolved
24,North William,Assault,2024-05-14,Unsolved
25,Morganton,Assault,2024-11-06,Pending
26,Johnton,Vandalism,2024-04-11,Arrest Made
27,West Spencer,Theft,2024-11-29,Unsolved
28,Port Craig,Burglary,2024-08-01,Pending
29,Port Melanie,Theft,2025-02-08,Arrest Made
30,East Pam,Theft,2024-02-14,Solved
31,Jonestown,Robbery,2024-04-30,Unsolved
32,Whitneyfurt,Assault,2024-11-26,Arrest Made
33,Dunnburgh,Assault,2024-03-23,Unsolved
34,Lake Jenniferborough,Robbery,2024-12-07,Arrest Made
35,Elizabethside,Fraud,2024-06-10,Solved
36,Andersonburgh,Assault,2024-12-26,Pending
37,South Kimberly,Vandalism,2024-05-12,Arrest Made
38,Smithburgh,Theft,2024-03-29,Solved
39,Lake Matthewland,Robbery,2025-01-01,Solved
40,East Gregoryfurt,Assault,2024-10-25,Unsolved
41,West Joshuabury,Assault,2024-04-20,Unsolved
42,Montesshire,Assault,2024-04-21,Solved
43,Tylerside,Vandalism,2025-01-18,Pending
44,North Joshua,Robbery,2024-12-06,Pending
45,Port Jessicaton,Burglary,2024-08-23,Arrest Made
46,Wheelerland,Burglary,2025-01-17,Solved
47,Amyshire,Theft,2024-05-09,Solved
48,Shawnberg,Robbery,2024-08-26,Unsolved
49,Nicoleside,Vandalism,2024-08-25,Unsolved
50,South Dawn,Burglary,2024-04-10,Unsolved
51,South Peggymouth,Vandalism,2024-12-01,Pending
52,West Lisa,Vandalism,2024-03-24,Unsolved
53,Juliastad,Burglary,2024-12-02,Arrest Made
54,North Josephtown,Robbery,2024-08-25,Unsolved
55,North Jacob,Assault,2025-01-19,Arrest Made
56,Benitezstad,Robbery,2024-03-04,Arrest Made
57,East Sarahshire,Burglary,2024-06-05,Solved
58,South Gregborough,Burglary,2024-02-15,Solved
59,New Ashley,Theft,2025-02-07,Solved
60,South Meghanburgh,Vandalism,2024-04-06,Pending
61,Alanhaven,Robbery,2024-05-11,Arrest Made
62,South Coryport,Assault,2024-12-27,Solved
63,Lake Joeberg,Burglary,2024-04-14,Arrest Made
64,South Christopher,Theft,2024-09-12,Solved
65,Port Jennifer,Burglary,2024-06-26,Arrest Made
66,West Phillipville,Vandalism,2024-09-21,Pending
67,West Brendamouth,Fraud,2024-10-07,Solved
68,Mooremouth,Robbery,2024-03-16,Pending
69,North Markland,Fraud,2025-01-31,Unsolved
70,Mckenzieport,Fraud,2025-01-22,Solved
71,Gouldville,Fraud,2024-08-31,Unsolved
72,East Andrewtown,Fraud,2024-06-09,Unsolved
73,Woodwardmouth,Assault,2024-11-17,Arrest Made
74,Joyhaven,Theft,2024-03-06,Unsolved
75,Patriciaview,Vandalism,2024-11-19,Solved
76,East Elaine,Assault,2024-07-16,Pending
77,New Traceyhaven,Vandalism,2025-01-27,Solved
78,North Lindsey,Robbery,2024-11-18,Pending
79,Lake Whitneyton,Assault,2024-02-25,Solved
80,South Danny,Vandalism,2024-04-13,Solved
81,South Dianashire,Robbery,2024-05-24,Arrest Made
82,Lake Elijahhaven,Fraud,2024-11-21,Unsolved
83,Julianshire,Robbery,2024-07-22,Pending
84,New Jessicaland,Vandalism,2024-03-30,Unsolved
85,Port John,Fraud,2024-05-06,Pending
86,Lake Karen,Vandalism,2024-11-20,Arrest Made
87,Lake Alexischester,Assault,2024-12-14,Arrest Made
88,Lake Christopher,Assault,2024-06-09,Arrest Made
89,Woodburgh,Burglary,2024-12-31,Solved
90,Zamoraville,Theft,2024-06-22,Arrest Made
91,Lake Ronald,Theft,2024-05-12,Unsolved
92,North Lawrence,Assault,2024-11-11,Pending
93,Whiteborough,Robbery,2024-07-31,Pending
94,Robinchester,Robbery,2024-09-14,Arrest Made
95,Port Christinaport,Vandalism,2024-03-23,Solved
96,Avilahaven,Assault,2024-11-15,Unsolved
97,Donnafort,Vandalism,2024-11-08,Arrest Made
98,Garciastad,Theft,2024-03-03,Arrest Made
99,Johnborough,Fraud,2024-05-24,Pending
100,Lake Tamaramouth,Burglary,2024-05-15,Arrest Made
101,Lake Rachelland,Theft,2024-05-29,Arrest Made
102,Davidton,Vandalism,2024-11-06,Solved
103,Banksfurt,Robbery,2025-01-21,Solved
104,Stonebury,Assault,2024-09-17,Solved
105,Aimeeland,Fraud,2024-06-12,Solved
106,Leefort,Vandalism,2024-09-03,Arrest Made
107,Hayesview,Robbery,2025-01-21,Unsolved
108,Andersonchester,Burglary,2024-07-29,Solved
109,Lake Christianmouth,Vandalism,2024-04-16,Arrest Made
110,Dianestad,Vandalism,2024-11-23,Solved
111,Matthewshire,Fraud,2024-12-29,Arrest Made
112,Aaronberg,Theft,2024-02-25,Pending
113,South Erikaview,Assault,2024-09-16,Solved
114,Murphybury,Fraud,2024-09-24,Unsolved
115,Port Albertbury,Assault,2025-02-11,Solved
116,New Thomas,Robbery,2024-12-24,Unsolved
117,Port Angelachester,Burglary,2024-02-22,Solved
118,North Robin,Assault,2024-09-04,Solved
119,North Josephtown,Robbery,2025-02-06,Unsolved
120,Hernandeztown,Theft,2024-05-25,Arrest Made
121,Bryantton,Fraud,2024-11-20,Unsolved
122,Lake Danielshire,Burglary,2024-10-19,Pending
123,Patriciaview,Burglary,2024-10-09,Pending
124,Dennisville,Burglary,2024-11-20,Pending
125,Port Kayleebury,Burglary,2024-05-06,Arrest Made
126,New Andrew,Fraud,2024-12-20,Pending
127,Oconnorbury,Robbery,2024-04-01,Unsolved
