crime_id,city,Reported Date,outcome
1,New John,2024-07-05,Pending
2,Lake Craig,2024-12-31,Arrest Made
3,Lake Kimberlytown,2024-08-27,Pending
4,Brooksland,2024-04-04,Unsolved
5,East Paula,2024-05-19,Unsolved
6,Lake Keith,2024-11-15,Unsolved
7,Wrightfort,2024-08-05,Solved
8,Shafferton,2024-10-29,Arrest Made
9,Burkemouth,2024-07-08,Pending
10,Lake Megan,2024-07-03,Solved
11,Brownmouth,2024-06-27,Arrest Made
12,Port Allen,2024-06-08,Arrest Made
13,Carpenterhaven,2024-10-23,Solved
14,Port Donnahaven,2024-05-09,Pending
15,Christopherville,2024-02-28,Pending
16,North Timothy,2024-06-14,Pending
17,Masonview,2024-11-09,Pending
18,Katrinaview,2024-11-10,Unsolved
19,West Markland,2025-01-15,Solved
20,Port Russellberg,2024-08-25,Arrest Made
21,Brandonborough,2024-02-24,Unsolved
22,Sarahview,2025-01-15,Pending
23,Rogerberg,2025-01-13,Solved
24,West Alexisfurt,2024-08-24,Unsolved
25,New Melissa,2024-11-22,Unsolved
26,Harrisview,2024-11-14,Solved
27,Briantown,2024-08-13,Arrest Made
28,Johnsonbury,2024-05-15,Pending
29,Ambermouth,2024-10-14,Unsolved
30,Lake Sandraton,2024-11-06,Solved
31,West Tracyhaven,2024-08-06,Unsolved
32,Dicksonville,2024-03-19,Pending
33,North Jason,2024-12-11,Solved
34,Karlabury,2024-05-03,Solved
35,Vegatown,2024-10-05,Unsolved
36,West Jessica,2024-07-02,Solved
37,Lake Glenda,2024-12-15,Unsolved
38,Donaldsonside,2024-03-30,Pending
39,South Travis,2024-04-05,Arrest Made
40,Steeleburgh,2024-11-20,Solved
41,North Allison,2024-12-05,Unsolved
42,Kinghaven,2024-04-15,Solved
43,South Stevenborough,2024-12-15,Solved
44,Phillipland,2024-04-25,Unsolved
45,East Emilytown,2024-10-17,Solved
46,East Brett,2024-03-11,Arrest Made
47,South Michelleberg,2024-10-06,Solved
48,Paulfurt,2024-09-27,Arrest Made
49,Calvinchester,2024-10-31,Solved
50,Richardsberg,2024-12-24,Solved
51,Ryanview,2024-09-07,Arrest Made
52,Nelsonland,2025-02-04,Pending
53,Natalieshire,2024-06-19,Unsolved
54,Sarahhaven,2024-06-30,Unsolved
55,Hernandezport,2024-10-22,Unsolved
56,Swansonstad,2024-04-16,Arrest Made
57,Collinsland,2024-05-21,Pending
58,New Kimberly,2025-02-11,Arrest Made
59,South Davidside,2024-05-19,Arrest Made
60,South Katherineville,2024-11-10,Pending
61,West Isaac,2024-10-04,Unsolved
62,South Chadbury,2024-03-14,Unsolved
63,South Angela,2024-10-10,Pending
64,Cookton,2024-03-03,Arrest Made
65,East Marystad,2024-04-21,Unsolved
66,Lake Troyville,2024-05-27,Pending
67,Nicholaston,2025-01-09,Solved
68,North Scott,2024-06-30,Pending
69,Robertton,2024-04-20,Solved
70,West Kennethchester,2024-05-06,Solved
71,Williamville,2025-01-31,Solved
72,Lake Daniellefort,2024-11-27,Solved
73,Omarland,2024-07-09,Arrest Made
74,Patriciastad,2024-02-18,Solved
75,North Melissa,2024-05-28,Arrest Made
76,North Tonymouth,2024-08-08,Arrest Made
77,Watkinsborough,2024-10-12,Arrest Made
78,Lake Josephtown,2024-02-14,Pending
79,Cooperview,2024-07-05,Unsolved
80,East Linda,2024-11-12,Arrest Made
81,Howardport,2024-12-14,Solved
82,New Tinachester,2024-11-23,Unsolved
83,Barkermouth,2024-05-04,Arrest Made
84,North Saramouth,2024-10-21,Pending
85,Ramirezchester,2024-09-10,Unsolved
86,Port Amy,2024-10-21,Arrest Made
87,Beardbury,2024-04-01,Unsolved
88,Cookeside,2024-11-27,Solved
89,North Brittanytown,2024-09-27,Unsolved
90,Bateshaven,2024-03-30,Unsolved
91,Bradleyton,2024-07-24,Pending
92,Danaburgh,2024-07-26,Pending
93,Duncanhaven,2024-09-11,Solved
94,Lindseyton,2024-12-28,Unsolved
95,Lake Jeremiah,2025-01-10,Arrest Made
96,South Michael,2024-08-31,Unsolved
97,Sampsonbury,2024-04-16,Arrest Made
98,New Stephanie,2025-01-17,Pending
99,Matthewland,2024-03-19,Arrest Made
100,Hunterland,2024-03-01,Unsolved
101,Adamhaven,2024-05-08,Solved
102,West Valeriebury,2024-07-13,Unsolved
103,New Faith,2024-06-14,Unsolved
104,Melissamouth,2024-03-02,Unsolved
105,Janestad,2025-02-08,Pending
106,South Brandi,2024-12-24,Pending
107,West Jade,2024-11-26,Unsolved
108,Grossfort,2024-03-16,Pending
109,South Marie,2024-04-01,Unsolved
110,Port Anthonytown,2024-10-03,Unsolved
111,Matthewborough,2024-11-24,Pending
112,Nicholasport,2024-09-16,Pending
113,Robinsonstad,2024-06-18,Pending
114,South Maria,2024-11-23,Unsolved
115,South Justin,2024-07-04,Arrest Made
116,East Jamesside,2024-12-25,Pending
117,New Jenniferfurt,2025-01-29,Solved
118,New Donald,2024-12-06,Pending
119,Gravesshire,2024-09-23,Arrest Made
120,South Mary,2024-08-04,Arrest Made
121,Port Lindsey,2024-10-21,Pending
122,Kiddshire,2024-10-04,Unsolved
123,Mosleybury,2024-05-14,Arrest Made
