crime_id,city,crime_type,reported_date,outcome
1,Kristinbury,Assault,2024-11-15,Arrest Made
2,Robinmouth,Robbery,2024-10-14,Solved
3,Greeneview,Vandalism,2024-08-29,Solved
4,Nicholasside,Theft,2024-08-07,Unsolved
5,Johnchester,Theft,2024-11-12,Arrest Made
6,Hamiltonfurt,Robbery,2024-12-08,Arrest Made
7,Mayfurt,Burglary,2024-08-28,Unsolved
8,Andersontown,Burglary,2024-03-22,Solved
9,Briannabury,Theft,2024-05-04,Unsolved
10,Watersview,Vandalism,2024-05-28,Solved
11,Port Roberto,Theft,2024-06-03,Pending
12,Andrewsmouth,Assault,2024-06-10,Pending
13,East Wendyshire,Fraud,2024-12-02,Unsolved
14,Jacquelineberg,Assault,2024-02-26,Unsolved
15,New Mark,Theft,2024-09-29,Unsolved
16,Mariamouth,Vandalism,2024-11-03,Arrest Made
17,Lake Taraberg,Assault,2024-07-03,Pending
18,Hutchinsonton,Robbery,2024-10-12,Arrest Made
19,Paulberg,Fraud,2024-09-21,Arrest Made
20,New Amandaborough,Theft,2024-12-08,Pending
21,West Samanthaville,Burglary,2024-08-03,Pending
22,East Beth,Theft,2024-05-27,Solved
23,Davischester,Robbery,2024-08-31,Pending
24,Armstrongbury,Theft,2024-08-27,Arrest Made
25,Mayborough,Theft,2024-02-17,Pending
26,Russellfort,Fraud,2024-10-14,Arrest Made
27,Mariamouth,Theft,2024-10-10,Unsolved
28,Robertton,Burglary,2025-01-14,Unsolved
29,Onealport,Theft,2024-08-13,Pending
30,East Kim,Vandalism,2025-01-11,Unsolved
31,Josephburgh,Fraud,2024-09-15,Arrest Made
32,East Sarah,Vandalism,2024-12-03,Solved
33,Loganmouth,Robbery,2024-12-10,Pending
34,Ryanmouth,Burglary,2024-11-23,Arrest Made
35,North Susanchester,Burglary,2025-01-19,Arrest Made
36,Thomasfort,Burglary,2024-07-20,Unsolved
37,North Kimberly,Vandalism,2024-04-26,Arrest Made
38,Port Jamiemouth,Robbery,2024-09-02,Pending
39,Scottton,Burglary,2024-08-14,Unsolved
40,North Rebeccafort,Theft,2024-04-03,Arrest Made
41,West Ronald,Vandalism,2024-10-13,Arrest Made
42,Nicholsberg,Robbery,2024-07-05,Arrest Made
43,West Joshua,Burglary,2024-07-21,Solved
44,Delgadoton,Burglary,2025-01-12,Arrest Made
45,Robertborough,Vandalism,2025-01-18,Pending
46,Whitechester,Burglary,2024-09-20,Pending
47,Danielsmouth,Assault,2024-03-24,Unsolved
48,Colinbury,Fraud,2025-01-15,Unsolved
49,Kaylafurt,Vandalism,2024-04-18,Unsolved
50,Chanstad,Assault,2025-02-06,Pending
51,Jasonstad,Burglary,2024-12-15,Solved
52,West Todd,Vandalism,2024-02-18,Pending
53,Port Bryan,Theft,2024-11-06,Arrest Made
54,Bryantton,Theft,2025-02-06,Pending
55,New Josephside,Vandalism,2024-12-22,Solved
56,Patelville,Vandalism,2024-12-23,Pending
57,East Jennifer,Vandalism,2024-03-18,Pending
58,Lake Annaton,Assault,2024-03-08,Solved
59,North Michelleberg,Fraud,2024-02-28,Arrest Made
60,Mccartyberg,Theft,2024-09-29,Solved
61,Chandlerfort,Vandalism,2024-08-17,Arrest Made
62,North Alan,Theft,2024-08-29,Arrest Made
63,Espinozatown,Burglary,2024-11-01,Unsolved
64,Jenniferland,Theft,2024-07-28,Solved
65,West Joanne,Vandalism,2024-06-01,Pending
66,East Louisshire,Vandalism,2025-02-08,Unsolved
67,North Jessica,Robbery,2025-01-31,Pending
68,Erintown,Theft,2025-02-03,Unsolved
69,North Jessica,Robbery,2025-01-20,Unsolved
70,Paulland,Fraud,2024-07-13,Pending
71,Ellenmouth,Fraud,2024-03-15,Pending
72,Joshuaport,Assault,2025-01-19,Unsolved
73,Holtville,Theft,2024-06-09,Unsolved
74,Byrdport,Burglary,2024-09-27,Pending
75,Cannonberg,Vandalism,2024-07-19,Unsolved
76,Combsport,Fraud,2024-09-16,Pending
77,Dunlapport,Assault,2024-05-05,Solved
78,Leemouth,Fraud,2024-11-24,Solved
79,West Alisonbury,Burglary,2024-07-12,Solved
80,East Williamland,Burglary,2024-12-27,Solved
81,New Michellemouth,Vandalism,2024-05-10,Unsolved
82,Jacobview,Assault,2024-10-13,Arrest Made
83,West Lawrencemouth,Assault,2024-03-09,Solved
84,Danielview,Burglary,2024-09-01,Pending
85,Pamelaport,Burglary,2025-01-06,Unsolved
86,Jesseshire,Robbery,2024-05-03,Pending
87,Sandersborough,Theft,2024-06-07,Solved
88,East Traci,Assault,2024-05-10,Arrest Made
89,Adamschester,Robbery,2024-09-16,Solved
90,North Christopher,Robbery,2024-11-01,Unsolved
91,South Jenna,Theft,2024-10-15,Unsolved
92,West Joshuahaven,Assault,2024-09-28,Pending
93,West Larrytown,Theft,2024-09-18,Pending
94,North Mario,Robbery,2024-10-18,Arrest Made
95,East Perry,Robbery,2024-08-30,Arrest Made
96,South George,Assault,2024-07-02,Unsolved
97,Merrittland,Vandalism,2024-10-10,Unsolved
98,Castillofurt,Theft,2024-06-14,Solved
99,Malloryside,Burglary,2024-06-17,Pending
100,Aarontown,Assault,2024-05-08,Arrest Made
101,Stonechester,Robbery,2025-02-06,Arrest Made
102,Freemanshire,Vandalism,2024-07-28,Unsolved
103,Port Maryfort,Fraud,2024-06-11,Pending
104,Miguelfurt,Assault,2024-07-23,Unsolved
105,Johnville,Assault,2024-11-29,Unsolved
106,North Kristinafort,Fraud,2024-10-30,Unsolved
107,East Kayla,Assault,2024-08-17,Unsolved
108,Schneiderside,Robbery,2024-02-13,Solved
109,East James,Fraud,2024-03-23,Unsolved
110,Lake Misty,Robbery,2024-04-30,Unsolved
111,Thorntonstad,Robbery,2024-05-26,Unsolved
112,New Sarah,Vandalism,2024-09-20,Arrest Made
113,West Joditown,Robbery,2024-03-01,Unsolved
114,Terrancehaven,Assault,2024-08-15,Solved
115,Maxwellberg,Assault,2025-02-07,Unsolved
116,Wilsonport,Robbery,2024-05-14,Pending
117,Lake Shannonmouth,Burglary,2024-09-22,Unsolved
118,Traciburgh,Robbery,2024-08-04,Solved
119,Toddside,Assault,2024-10-29,Arrest Made
120,Beckerbury,Vandalism,2025-01-18,Solved
121,Davidshire,Fraud,2024-03-18,Unsolved
122,Port Victoria,Vandalism,2024-11-16,Solved
123,South Eric,Assault,2024-03-15,Pending
124,Jennyborough,Theft,2024-05-22,Solved
125,Michaelborough,Robbery,2024-02-19,Arrest Made
126,Hannahton,Robbery,2024-06-04,Unsolved
127,West Rebecca,Theft,2025-01-11,Pending
128,New Samanthaton,Fraud,2025-01-03,Arrest Made
