crime_id,city,crime_type,reported_date,outcome
1,West Oliviamouth,Vandalism,2024-04-06,Unsolved
2,Port Roberttown,Fraud,2024-11-03,Pending
3,Carolineview,Theft,2024-07-14,Pending
4,Nicoleborough,Assault,2024-05-19,Solved
5,East Vincentburgh,Theft,2024-06-30,Unsolved
6,New Amybury,Theft,2024-12-17,Solved
7,Port Michaelburgh,Burglary,2024-03-18,Unsolved
8,Gillmouth,Theft,2024-06-18,Unsolved
9,Lake Michaelmouth,Burglary,2024-04-09,Solved
10,Port Williamview,Assault,2024-12-30,Solved
11,West Gregorystad,Burglary,2024-05-15,Solved
12,East Kristinashire,Theft,2025-01-13,Arrest Made
13,Bryceburgh,Vandalism,2024-08-28,Pending
14,Kelseychester,Theft,2024-05-31,Arrest Made
15,Jeffreychester,Theft,2025-01-22,Solved
16,East Valerieland,Assault,2024-11-30,Unsolved
17,North Erica,Fraud,2024-12-07,Unsolved
18,West Johnchester,Robbery,2024-02-18,Pending
19,South Nicole,Burglary,2024-11-25,Arrest Made
20,Kochmouth,Burglary,2024-07-13,Arrest Made
21,Lake Thomas,Vandalism,2024-07-16,Pending
22,Nicoleberg,Burglary,2024-03-23,Solved
23,New Davidton,Robbery,2025-01-04,Solved
24,Terrellville,Theft,2024-06-16,Arrest Made
25,Gordontown,Vandalism,2024-11-26,Solved
26,Myerschester,Robbery,2024-07-12,Pending
27,East Jennifer,Fraud,2024-02-15,Solved
28,Port Ronald,Vandalism,2024-11-22,Pending
29,Lake Sharonville,Assault,2024-10-15,Arrest Made
30,New Brandyburgh,Robbery,2024-11-10,Unsolved
31,Barnettfurt,Burglary,2024-03-04,Arrest Made
32,Ashleeland,Theft,2024-04-21,Solved
33,Cynthiachester,Burglary,2024-05-14,Pending
34,Carolinestad,Fraud,2024-05-07,Arrest Made
35,Bretttown,Robbery,2024-11-25,Unsolved
36,Kennethfort,Vandalism,2024-04-24,Pending
37,Morenoburgh,Fraud,2024-03-21,Unsolved
38,West Tamara,Burglary,2024-03-14,Solved
39,Lake Katherinebury,Fraud,2025-02-02,Arrest Made
40,New James,Theft,2024-11-26,Arrest Made
41,West Tara,Burglary,2024-10-01,Unsolved
42,Gonzalezton,Robbery,2024-06-10,Solved
43,Trantown,Assault,2025-01-03,Pending
44,Connieshire,Burglary,2024-05-10,Solved
45,New Codyfurt,Theft,2024-05-09,Pending
46,Mercerland,Fraud,2024-05-30,Pending
47,West Cory,Theft,2024-08-14,Solved
48,Lake James,Theft,2024-09-04,Unsolved
49,Dunnton,Vandalism,2024-06-18,Solved
50,Powersstad,Burglary,2024-10-25,Solved
51,Danielville,Assault,2024-06-03,Arrest Made
52,Rhondashire,Vandalism,2024-06-15,Pending
53,Leachberg,Fraud,2024-07-17,Unsolved
54,Johnsonshire,Burglary,2024-02-14,Pending
55,Trevinofort,Theft,2024-03-17,Unsolved
56,Kevinburgh,Robbery,2024-10-14,Arrest Made
57,Lake Haroldtown,Burglary,2024-10-31,Arrest Made
58,Michaelmouth,Vandalism,2025-02-04,Unsolved
59,Port David,Burglary,2024-07-27,Arrest Made
60,West Yolandafort,Robbery,2024-03-11,Unsolved
61,Jenniferport,Theft,2025-01-14,Pending
62,West Michaelside,Fraud,2024-11-09,Pending
63,Port Taylormouth,Fraud,2024-05-31,Pending
64,Gonzalezmouth,Fraud,2024-03-18,Pending
65,East Charles,Vandalism,2024-12-24,Unsolved
66,Lake Jonathan,Burglary,2024-05-26,Solved
67,Amandastad,Vandalism,2024-04-21,Solved
68,Schroederfurt,Fraud,2025-02-02,Pending
69,Leeport,Assault,2024-06-16,Unsolved
70,Comptonstad,Fraud,2024-09-15,Arrest Made
71,Higginston,Theft,2024-02-24,Pending
72,East Vanessaview,Robbery,2024-09-05,Unsolved
73,Spearsside,Vandalism,2024-05-01,Arrest Made
74,Lake Alexanderport,Vandalism,2024-06-07,Arrest Made
75,Lake Meganborough,Fraud,2024-05-01,Unsolved
76,Henrybury,Robbery,2024-10-16,Solved
77,Christopherbury,Burglary,2024-04-07,Unsolved
78,Victoriachester,Robbery,2024-11-16,Pending
79,New Tracyport,Vandalism,2024-08-02,Arrest Made
80,East Natalie,Assault,2024-03-08,Solved
81,New Jasonfurt,Assault,2024-10-07,Arrest Made
82,Nicholasstad,Assault,2024-11-12,Unsolved
83,East Williamberg,Robbery,2024-09-21,Pending
84,Ashleyborough,Burglary,2024-04-18,Unsolved
85,Prestonville,Robbery,2024-02-29,Pending
86,North Laurie,Fraud,2024-02-16,Solved
87,Lake Dawn,Robbery,2025-01-24,Solved
88,Michelleshire,Theft,2025-02-06,Unsolved
89,Petersonborough,Vandalism,2024-10-19,Solved
90,Mendezburgh,Vandalism,2024-07-31,Pending
91,Smithhaven,Burglary,2024-11-04,Unsolved
92,North Gabrielside,Robbery,2024-02-23,Arrest Made
93,Zoebury,Assault,2024-06-14,Pending
94,Johnberg,Fraud,2024-04-03,Unsolved
95,Lake Jessicaport,Robbery,2024-04-05,Arrest Made
96,Frazierville,Robbery,2024-09-14,Arrest Made
97,Hickmanmouth,Robbery,2024-05-17,Unsolved
98,Ashleychester,Fraud,2024-08-23,Unsolved
99,Floresmouth,Vandalism,2024-07-29,Pending
100,Port John,Vandalism,2024-06-05,Arrest Made
101,North Shane,Vandalism,2024-02-16,Pending
102,New Ashleyside,Fraud,2024-10-04,Solved
103,Lake Adamville,Robbery,2024-12-09,Arrest Made
104,Alexandershire,Burglary,2024-11-12,Unsolved
105,Wilkersonville,Burglary,2024-06-17,Unsolved
106,Port Wendy,Robbery,2024-06-05,Unsolved
107,New Louischester,Fraud,2025-01-19,Unsolved
108,Callahanbury,Fraud,2024-10-25,Solved
109,East Annamouth,Theft,2024-02-25,Pending
110,Stephenhaven,Theft,2024-05-28,Arrest Made
111,East Aaronmouth,Theft,2024-09-29,Pending
112,Castroville,Burglary,2024-06-17,Solved
113,East William,Robbery,2024-03-17,Solved
114,Jenniferhaven,Burglary,2024-08-02,Arrest Made
115,Carolmouth,Assault,2024-09-03,Pending
116,Juliebury,Fraud,2024-12-09,Unsolved
117,North William,Robbery,2024-08-30,Arrest Made
118,West Charles,Vandalism,2024-10-07,Solved
119,Andreaton,Theft,2024-03-19,Arrest Made
120,South Todd,Fraud,2024-06-10,Solved
121,Jenkinsshire,Vandalism,2024-06-22,Pending
122,Port Jason,Burglary,2024-08-02,Arrest Made
123,New Rogerbury,Vandalism,2024-02-28,Solved
124,Joneston,Robbery,2024-04-23,Arrest Made
125,Hullstad,Theft,2024-06-17,Arrest Made
126,South Leslieburgh,Fraud,2024-06-21,Arrest Made
127,Mcculloughchester,Vandalism,2024-12-04,Arrest Made
128,New Melissastad,Theft,2024-08-19,Solved
129,Johnville,Fraud,2025-02-02,Solved
130,New Amberburgh,Robbery,2025-02-10,Pending
131,Port Meganshire,Robbery,2024-02-26,Pending
132,Jeremiahfurt,Fraud,2024-11-17,Solved
133,Port Christopherton,Theft,2025-02-05,Pending
134,Lake Jamieville,Fraud,2024-03-03,Solved
135,North Kathleen,Fraud,2024-09-16,Arrest Made
136,Garyview,Assault,2024-08-01,Unsolved
137,Jamesport,Robbery,2024-08-01,Unsolved
138,Lake Gregoryburgh,Vandalism,2024-07-12,Arrest Made
139,New Lisachester,Burglary,2024-12-09,Solved
140,West Jaclynfurt,Theft,2024-11-20,Arrest Made
141,Tuckershire,Robbery,2024-07-18,Arrest Made
142,Julieberg,Robbery,2024-06-04,Unsolved
143,Diazfort,Robbery,2025-01-18,Unsolved
