crime_id,city,crime_type,reported_date,outcome
1,West Janice,Fraud,2024-03-16,Solved
2,Lake Kylebury,Theft,2025-02-05,Unsolved
3,Lake Stephenland,Vandalism,2024-11-14,Arrest Made
4,Larryborough,Fraud,2024-08-30,Pending
5,South James,Assault,2024-08-04,Unsolved
6,Markhaven,Assault,2024-08-03,Solved
7,North Triciaborough,Fraud,2024-04-03,Solved
8,Port Nicholas,Robbery,2024-04-05,Arrest Made
9,Lake Kevinport,Burglary,2024-02-22,Solved
10,North Kaylaberg,Assault,2024-10-11,Solved
11,Abigailstad,Robbery,2024-09-09,Arrest Made
12,West Amandaborough,Robbery,2024-03-28,Pending
13,Marissastad,Robbery,2024-05-15,Unsolved
14,Port Nicholasview,Burglary,2024-12-05,Arrest Made
15,Barryshire,Vandalism,2025-01-06,Solved
16,New Michaelfort,Assault,2025-01-29,Unsolved
17,New Taraland,Vandalism,2024-05-17,Unsolved
18,Davisshire,Theft,2024-04-04,Arrest Made
19,New Jodi,Vandalism,2024-07-19,Pending
20,Lake Amybury,Burglary,2024-06-21,Unsolved
21,Beckerbury,Theft,2024-11-09,Unsolved
22,Port Kelli,Robbery,2024-05-07,Arrest Made
23,Patricktown,Assault,2024-11-25,Solved
24,South Robert,Robbery,2024-08-10,Arrest Made
25,North Aimee,Burglary,2024-09-14,Unsolved
26,North Stevemouth,Fraud,2024-10-08,Pending
27,New Jesseton,Theft,2024-02-19,Arrest Made
28,South Benjamin,Vandalism,2025-01-02,Pending
29,Debraberg,Fraud,2025-02-03,Solved
30,Port Alejandraside,Assault,2024-04-20,Unsolved
31,Murilloberg,Burglary,2024-11-23,Unsolved
32,Wolfmouth,Theft,2024-06-28,Solved
33,Martinhaven,Robbery,2024-04-18,Solved
34,West Kendrabury,Theft,2024-08-18,Unsolved
35,New Jason,Fraud,2025-02-10,Unsolved
36,New Chelsea,Assault,2024-10-20,Pending
37,South Anthony,Vandalism,2024-05-13,Unsolved
38,South Sierratown,Robbery,2024-09-30,Arrest Made
39,Andersonborough,Theft,2024-12-25,Arrest Made
40,Port Deborah,Vandalism,2024-10-30,Arrest Made
41,Ginaside,Vandalism,2024-05-08,Unsolved
42,Davisfurt,Theft,2024-10-27,Unsolved
43,East Williamport,Robbery,2024-08-21,Arrest Made
44,West Daisymouth,Assault,2024-04-09,Unsolved
45,Hinesshire,Vandalism,2025-02-08,Pending
46,Rebeccaport,Vandalism,2024-03-07,Arrest Made
47,Whitestad,Robbery,2024-08-23,Unsolved
48,Martinhaven,Burglary,2024-10-17,Unsolved
49,Josephfurt,Burglary,2024-09-27,Unsolved
50,New Paula,Vandalism,2024-08-27,Arrest Made
51,Port Karlaberg,Vandalism,2024-12-18,Arrest Made
52,Cooleybury,Fraud,2024-10-08,Solved
53,Port Nicholas,Fraud,2024-09-25,Pending
54,West Melissastad,Burglary,2024-03-09,Arrest Made
55,Kennedyberg,Theft,2024-10-25,Solved
56,Tinaland,Theft,2024-10-31,Solved
57,Schneiderburgh,Fraud,2024-10-03,Arrest Made
58,Sharonburgh,Robbery,2024-04-11,Solved
59,Juliachester,Theft,2024-05-01,Pending
60,Heidistad,Robbery,2024-07-31,Solved
61,North Tommyberg,Vandalism,2024-12-02,Solved
62,Toddstad,Fraud,2024-12-23,Unsolved
63,Lake Jeffreyton,Assault,2024-11-04,Solved
64,North Sheilastad,Robbery,2024-04-08,Arrest Made
65,West Kevin,Assault,2024-10-06,Solved
66,South Petershire,Assault,2024-09-09,Solved
67,Jimfurt,Assault,2024-07-20,Arrest Made
68,Schneiderville,Assault,2025-01-24,Solved
69,Tammieburgh,Assault,2024-12-28,Arrest Made
70,Alisonburgh,Assault,2024-06-14,Pending
71,Mileshaven,Fraud,2024-06-04,Pending
72,Lake Zachary,Assault,2024-03-04,Pending
73,West Angelaton,Assault,2024-08-18,Pending
74,Deborahview,Vandalism,2024-09-07,Arrest Made
75,East Jason,Fraud,2024-05-17,Arrest Made
76,Baileystad,Fraud,2024-04-03,Solved
77,New Elizabeth,Burglary,2024-08-04,Unsolved
78,Foxtown,Robbery,2024-04-26,Solved
79,North Brianna,Robbery,2025-01-16,Pending
80,East Brandonport,Vandalism,2024-04-04,Unsolved
81,North Sherry,Vandalism,2024-08-18,Solved
82,Sarahbury,Burglary,2024-04-29,Arrest Made
83,Lake Kerry,Vandalism,2024-10-07,Pending
84,Garciahaven,Burglary,2025-01-13,Pending
85,Breannaville,Theft,2024-08-30,Pending
86,South Kennethborough,Fraud,2024-04-11,Arrest Made
87,Angelachester,Assault,2025-01-22,Arrest Made
88,Richardmouth,Robbery,2024-06-30,Unsolved
89,Lake Gregory,Vandalism,2024-12-17,Solved
90,Fernandezland,Burglary,2025-01-29,Solved
91,West Tannerstad,Vandalism,2024-07-21,Solved
92,Lake Juan,Assault,2024-03-07,Unsolved
93,Port Sheila,Vandalism,2024-08-26,Unsolved
94,North Davidbury,Theft,2025-01-19,Arrest Made
95,East Adam,Theft,2024-04-29,Solved
96,Figueroaton,Vandalism,2024-07-10,Arrest Made
97,Perezside,Vandalism,2024-08-21,Unsolved
98,Smithville,Assault,2025-01-11,Unsolved
99,New Annton,Theft,2024-06-24,Unsolved
100,Port Lauraborough,Theft,2025-01-30,Pending
101,North Theresa,Burglary,2024-10-16,Arrest Made
102,East Gregory,Burglary,2024-03-12,Pending
103,Darrenside,Vandalism,2024-03-13,Unsolved
104,Justinstad,Assault,2024-03-04,Unsolved
105,North Pamelafurt,Robbery,2024-08-07,Unsolved
106,Robertville,Fraud,2024-03-30,Solved
107,Nortonmouth,Vandalism,2024-04-22,Solved
108,North Sarahmouth,Theft,2024-09-03,Pending
109,Williamsstad,Theft,2024-11-07,Solved
110,Lake Brittanystad,Vandalism,2024-08-06,Unsolved
111,Peterside,Theft,2024-04-13,Pending
112,Bullockport,Burglary,2025-02-09,Solved
113,East Robert,Vandalism,2024-05-12,Pending
114,East Donna,Theft,2024-10-06,Unsolved
