customer_id,name,email,phone,address,city,country
1,Justin Burgess,johnvega@example.org,929-690-1266,22681 Mckee Brook Suite 639,Dallas,USA
2,Katherine Acosta,carrrichard@example.org,001-342-594-7486x59838,577 Reed Isle,Los Angeles,USA
3,Carlos Smith,richardsongina@example.com,001-943-897-8349x9358,74583 Freeman Gardens Suite 101,Chicago,USA
4,Emily Johnson,morrisdavid@example.org,789.749.5866x335,6122 Rosario Burg Suite 381,Los Angeles,USA
5,Justin Proctor,rallen@example.net,(890)461-8395,54722 Kendra Mount Suite 866,Phoenix,USA
6,Ashley Simmons,elizabeth52@example.org,(833)502-9083x0590,93862 Smith Place,Philadelphia,USA
7,Joshua Estrada,yhansen@example.com,(463)922-1186x05538,049 Lisa Terrace,San Antonio,USA
8,Christian Everett,kevin78@example.com,771-992-5706x946,1386 Joanna Mountain Apt. 429,San Jose,USA
9,Samantha Travis,briantaylor@example.com,(787)852-4686x88640,3968 Gerald Shores Apt. 676,Los Angeles,USA
10,Amanda Gutierrez,douglaschristopher@example.com,(345)588-0723x8220,7231 Nicholas Ways,Philadelphia,USA
11,Andrea Young,patriciafarley@example.com,001-744-873-5474x957,3122 James Station,Phoenix,USA
12,Michael Smith,dchavez@example.org,753-311-2605x41891,432 Young Mills,Chicago,USA
13,Jennifer Velez,xavery@example.org,774-551-9719x0789,240 Amy Loaf,New York,USA
14,Evan Weaver,kellywendy@example.org,+1-627-563-7365x8402,18316 Taylor View Apt. 709,San Diego,USA
15,Scott Stephens,dawsonmichael@example.net,739.741.1629,4542 Williams Station,Los Angeles,USA
16,Stephen Williams,loganbrandy@example.com,819.539.1493,4208 Campbell Junction Suite 995,San Antonio,USA
17,Philip Wallace,brewerrobert@example.com,774-678-6737x97692,42602 James Grove,San Jose,USA
18,Cassidy Campos,rebecca22@example.org,001-372-755-7279,16058 Megan Wall,Phoenix,USA
19,Diane Davis,shannon90@example.net,898-452-4687x2565,3556 Todd Row,Phoenix,USA
20,Jeffrey Thomas,kevin66@example.org,+1-703-991-2317,24815 Young Gateway,Houston,USA
21,Phyllis Taylor,clarkshane@example.com,469.410.8123x79986,049 Crystal Junctions,Los Angeles,USA
22,Mallory Smith,gcarter@example.com,(663)540-6018,478 Grant Rue Suite 205,Phoenix,USA
23,Courtney Watson,zjackson@example.net,465-605-5751,8823 Janet Crest Apt. 894,Chicago,USA
24,Brian Smith,dawnwatson@example.net,+1-691-885-7204,2350 Evans Fields Suite 960,Chicago,USA
25,Billy Bell,erobbins@example.net,(387)451-1471x4332,32111 Strong Village,Chicago,USA
26,Erik Garcia,alyssa72@example.com,(291)920-1148x84646,5889 Flores Mount,Phoenix,USA
27,Gregory Miller,daniel04@example.com,+1-839-575-8134x0198,24965 Campbell Course Suite 603,Los Angeles,USA
28,Thomas Ross,brendaedwards@example.com,363-485-1055,8978 Scott Walks Apt. 793,Philadelphia,USA
29,Joseph Chang,saragallegos@example.com,2732620963,371 Daniel Mountain,Phoenix,USA
30,Kevin Williamson,akelley@example.com,535-758-2943x985,71197 Jimenez Track,San Antonio,USA
31,Ronald Fisher,hardinmichael@example.org,001-899-358-0458x659,59003 Doyle Crest,Houston,USA
32,Lauren Boyle,stephanie29@example.org,9004041784,85644 Scott Ferry,San Diego,USA
33,Colleen Turner,jonathan93@example.net,4695816599,1466 Leon Inlet,Phoenix,USA
34,Melissa Phillips,ericawoods@example.org,4598240345,00696 Paul Orchard,Dallas,USA
35,Gerald Barnett,besparza@example.org,+1-268-426-1442x3531,1409 Warner Parkways Suite 716,New York,USA
36,Albert Hunter,ivincent@example.org,834-603-9289,261 Ashley Extensions,New York,USA
37,Rebecca Mcfarland,melissaperkins@example.net,001-404-995-4646x0160,99145 Steven Falls,San Diego,USA
38,Jackie Nguyen,deanna09@example.com,+1-793-901-7018x9072,02698 Erica Pine,Phoenix,USA
39,Casey Bell,david40@example.com,+1-591-948-5513,553 Denise Stream Apt. 884,Dallas,USA
40,Michelle Kim,obrown@example.com,8665251935,01595 Brian Dale,San Diego,USA
41,Brandon Nelson,wtrevino@example.org,(675)982-9518x017,67846 Walton Highway,San Jose,USA
42,Marc Hinton,fowlermichael@example.net,001-764-675-3963x772,04623 Griffith Ford,San Antonio,USA
43,Lisa Alvarez,smithkatherine@example.org,(966)840-1651x307,0610 Pamela Squares,San Diego,USA
44,Christopher May,michaelchase@example.org,001-693-724-8279x19236,47627 Ana Walk,San Diego,USA
45,Dale Gallagher,vjohnson@example.com,860-682-9106,005 Powers Mountains,Phoenix,USA
46,Christian Hardin,keithbates@example.net,767-650-9305x93616,806 Elizabeth Pass,Houston,USA
47,Julie Carey,oleblanc@example.net,(803)303-5151,555 Miller Causeway Apt. 618,Philadelphia,USA
48,James Baxter,charlesjonathan@example.com,739.270.7828,1948 Joshua Springs,New York,USA
49,Ashley Compton,amanda94@example.com,001-562-787-4783x01465,22517 Lisa Station,Phoenix,USA
50,Kimberly Clark,garrettnelson@example.org,697.840.9787,673 Jesus Motorway,Dallas,USA
51,Erin Smith,randypeterson@example.com,(876)344-4874x680,32827 Moore Valleys,Chicago,USA
52,John Jenkins,llucas@example.net,+1-434-687-2152x3794,40489 Hodge Forges,New York,USA
53,Sandra Mckee,lmoore@example.org,(286)459-5691,547 Douglas Hollow,Los Angeles,USA
54,Sophia Mcknight,tfowler@example.org,+1-860-525-9737x89924,7740 Fisher Park Apt. 535,Dallas,USA
55,Maurice Medina,kcook@example.com,390.747.4339x93617,3648 Jenna Rest,San Diego,USA
56,Ana Castillo,hhunter@example.net,001-568-728-5815,769 Johnson View,Chicago,USA
57,Barbara Randolph,zzimmerman@example.net,964-607-8366x621,3554 Johnson Crossroad,New York,USA
58,Cassandra Mcmillan,gking@example.net,820.417.5388,0753 Robert Ford,Phoenix,USA
59,Philip Johnson,david74@example.com,817.961.0461x281,70362 Alexandria Inlet Apt. 640,San Jose,USA
60,James Meyer,armstrongmelvin@example.org,001-496-492-7935x375,96184 Brian Rue Suite 998,San Diego,USA
61,John Torres,amberlewis@example.org,(811)389-4789,00204 Gina Ports,Dallas,USA
62,Timothy Hines,daniellehoward@example.com,7547180910,870 Mcdonald Cliff,Philadelphia,USA
63,Joyce Gardner,ucarpenter@example.com,(659)809-9069x265,90840 Tyler Garden Apt. 664,Los Angeles,USA
64,Sydney Sullivan,heidibaldwin@example.com,(319)575-8170x2613,03258 Perry Islands Apt. 747,New York,USA
65,Stephanie Jenkins,tgarcia@example.org,+1-341-653-4765x744,4114 Morris Union,San Diego,USA
66,Thomas White,qdavis@example.com,+1-294-805-8697x2179,8185 Sullivan Crossroad Apt. 953,Los Angeles,USA
67,Joshua Reed,arielandrews@example.org,7749469583,9768 Carrie Junctions Apt. 146,Chicago,USA
68,Stuart Freeman,zsimmons@example.org,001-828-281-0936x1055,59343 Matthew Manors Apt. 288,Chicago,USA
69,Thomas Smith,frankevans@example.net,+1-884-927-0835,3832 Rebecca Port Apt. 165,Dallas,USA
70,Aaron Cox,reginaldbush@example.net,+1-213-913-4440x86319,6120 Davis Villages Suite 016,New York,USA
71,Joseph Williams,gbrown@example.net,(994)866-7252,6586 Fry Fall,Houston,USA
72,Hannah Hardin,haledonna@example.net,394-216-2433x98902,4604 Gilbert Overpass Apt. 794,Chicago,USA
73,John Jones,brittanydaniels@example.com,353.878.7289x841,251 Mullins Motorway Apt. 690,San Antonio,USA
74,Carrie Mitchell,duncanjonathan@example.net,(715)642-2381,0513 Moreno Lakes,San Diego,USA
75,David Meyers Jr.,sharonalexander@example.net,(423)992-4982x15284,103 Veronica Way,Los Angeles,USA
76,Jeremy Phillips,katherineortiz@example.net,(318)765-7528x82496,120 Woodard Pike,Dallas,USA
77,David Green,gavin13@example.net,001-698-363-4774x1956,204 Luna Courts,Phoenix,USA
78,Anthony Mills,daviskelly@example.com,442-816-8526x5778,3633 Michael Ports,Los Angeles,USA
79,Judith Chambers,brian18@example.net,203.366.5656,02153 Sherman Road Suite 397,Los Angeles,USA
80,Paul Daniels,elizabethcooke@example.com,4558068340,4723 Vazquez Bypass Suite 848,Houston,USA
81,Rachel Munoz,lambertdawn@example.com,(602)507-6688,495 Fuller Common Apt. 528,San Jose,USA
82,Monica Reyes,jessica42@example.org,001-897-552-3316,78960 Edwards Prairie,San Diego,USA
83,Kevin Aguirre,vbarnes@example.com,(628)859-1049x245,1540 Cory Radial,Phoenix,USA
84,Bruce Lucas,tmcgee@example.org,+1-404-392-0495x99506,2961 Hunt Passage,San Antonio,USA
85,Arthur Wright,rodneyanderson@example.com,+1-699-550-6585,9211 Jeffrey Parkway Suite 980,San Antonio,USA
86,Ryan Goodwin,yhernandez@example.org,938-511-7783,4667 Pratt Trail Suite 462,Dallas,USA
87,Sean Fernandez,charlesnorman@example.org,328.432.3078x975,743 Russell Branch,San Diego,USA
88,Antonio Chandler,murphyjulie@example.org,+1-280-753-5703,6736 Kelly View,San Diego,USA
89,David Edwards,xbrooks@example.org,(800)371-6470,319 Amy Stravenue Suite 755,Houston,USA
90,Michael Goodwin,chelsea46@example.net,(853)584-0836,23214 Leslie Parks Apt. 329,San Antonio,USA
91,David Miller,mallen@example.com,894-624-3119x1392,14088 Kimberly Union Suite 692,Philadelphia,USA
92,Cory Johnson,santiagomackenzie@example.com,882.332.1276x78111,0062 Smith Trafficway Apt. 263,San Diego,USA
93,Susan Glenn,peterskathy@example.org,227.545.6445,66132 Beard Mission,San Jose,USA
94,Crystal Watkins,wrightjames@example.com,001-439-770-1772x2686,6230 Linda Pine Suite 742,Dallas,USA
95,Caleb Day,calderonsabrina@example.net,+1-616-658-0987x5275,7992 Weiss Forest Suite 924,New York,USA
96,Jamie Compton,andrewgreene@example.net,+1-918-607-4487x148,3484 Hanna Row,Phoenix,USA
97,Kevin Smith,ujohnson@example.org,916.271.7127x0656,6930 Middleton Trail Suite 151,Houston,USA
98,Christopher Wilkerson,hallpamela@example.org,643-252-9728x389,27533 Cynthia Fall Suite 777,San Antonio,USA
99,Tracy Alexander,amberhogan@example.net,455-971-7295,104 Jeremy Shores,San Diego,USA
100,Nicole Vargas,salinasjennifer@example.net,(961)273-7303x288,6477 Travis Stream,Philadelphia,USA
101,Mike Vasquez,martin76@example.com,+1-987-641-3803,7454 Levi Causeway Suite 045,New York,USA
102,Philip Sims,qclark@example.org,852.277.8641x608,1745 Brenda Mountains Apt. 230,Philadelphia,USA
103,Paul Dickerson,barnestracy@example.net,001-332-581-3306x3174,508 Spencer Groves,San Diego,USA
104,Gary Scott,pcooper@example.org,001-376-758-9991x94030,330 Brandon Brook,San Diego,USA
105,Sonya Smith,danielle45@example.org,721.706.2369x88051,346 Carpenter Shoal,Philadelphia,USA
106,Lawrence Stevens,smithlisa@example.net,001-316-410-1641x742,7996 Osborne Extensions Apt. 080,Philadelphia,USA
107,Tanner Trujillo,anna81@example.net,+1-633-404-1131,32010 Julie Plain,San Jose,USA
108,Benjamin Nelson MD,hbradford@example.com,001-285-564-9165x410,492 Ethan Inlet,Phoenix,USA
109,Megan Wilson,robertmartinez@example.com,+1-331-781-2889x40847,0541 Richard Trail,Dallas,USA
110,Nicole Fisher,nhurst@example.org,412.720.2888,170 Miller Mews Apt. 652,New York,USA
111,Shelby Bond,scottbryant@example.org,489.409.8271x01236,14573 Scott Circle,New York,USA
112,Alicia Stewart,daniel83@example.com,713-370-2142,96401 Garza Run,Los Angeles,USA
113,Jennifer Benjamin,qrussell@example.com,001-580-318-9469,6969 Miller Divide Suite 944,Chicago,USA
114,Timothy Lee,renee49@example.org,354-249-0034x49389,694 Lara Extensions,Dallas,USA
115,Darius Woods,tayloralyssa@example.org,+1-237-963-3881x0995,10794 Taylor Skyway Suite 585,Dallas,USA
116,Nicole Evans,erik64@example.org,7439501316,402 Nicholas Branch Apt. 266,Chicago,USA
117,Amy Wall,kcuevas@example.net,001-442-831-3366x81808,05464 Austin Stravenue,Houston,USA
118,Yolanda Tucker,paulaanthony@example.net,+1-825-631-2011,301 Rivera Alley,Houston,USA
119,Brenda Robinson,tday@example.com,567.715.8406x5441,374 Rhodes Stream,Los Angeles,USA
120,Michelle Avila,johnstewart@example.org,656-291-7404,039 Wiley Tunnel,San Diego,USA
121,Chad Nelson,yharper@example.org,+1-482-951-4538x9237,553 Michael Hill Suite 900,Dallas,USA
122,Charles Pierce,russelldonna@example.org,843.449.9751x1016,37807 Ryan Mountain,Dallas,USA
123,Dr. Tracey Stewart DVM,sherrycardenas@example.net,001-860-398-6554,00271 Baker Causeway,Chicago,USA
124,Charles Carter,annetterobertson@example.org,(461)218-4182x237,7588 Williams Highway Suite 911,New York,USA
125,Samantha Steele,joshua37@example.org,813.836.6020x02780,8673 Kyle Islands,Houston,USA
126,Stephen Rivas,umeyers@example.net,629.903.2199,634 Tina Centers Apt. 341,San Jose,USA
