customer_id,name,email,phone,address,city,country
1,Jessica Wagner,solisjennifer@example.org,318-842-9235x2935,536 Kimberly Meadows Suite 845,Los Angeles,USA
2,Ryan Chase,halljamie@example.com,551.572.5861x30462,12896 Jimmy Ford Suite 459,San Diego,USA
3,Mrs. Breanna Howard,graynathan@example.com,9576517189,07987 Moreno Highway Suite 842,Philadelphia,USA
4,William Williams,richard26@example.org,(828)804-4366x59887,43123 Moore Bypass,Houston,USA
5,Kimberly Jones,stewartwilliam@example.net,+1-597-569-7168,16924 Arnold Junction,San Antonio,USA
6,Bruce Bender,maddendavid@example.com,865.608.7986x5413,432 Pierce Crescent Apt. 299,New York,USA
7,Joel Carrillo,irios@example.net,209.245.0473x129,9275 Shepard Brook Suite 811,Houston,USA
8,Brandi Hanna,emilymorrow@example.net,001-613-480-1951x6469,947 Allen Mountain,Houston,USA
9,Stacey Smith,kmays@example.com,+1-575-880-7609x15547,589 Jessica Lodge Suite 373,Los Angeles,USA
10,Timothy Lucas,anne80@example.com,6498259953,3459 Shaw Cliff Apt. 518,San Diego,USA
11,Breanna Vazquez,johnsonsusan@example.org,688-349-3060x6571,911 Gardner Flat Apt. 014,Philadelphia,USA
12,Kristen Hunt,sarah79@example.org,001-707-829-0443x47005,02983 Clarke Road Apt. 790,Dallas,USA
13,Brianna Reynolds,cathyhall@example.com,9282778863,4491 Karen Key,San Antonio,USA
14,Kathryn Smith,heather58@example.org,001-858-500-0989x7716,34596 Hurley Underpass,Dallas,USA
15,Devin Dickerson,gzuniga@example.org,(951)658-7362x60352,2905 Susan Lodge Suite 951,Dallas,USA
16,Stephanie Cline,amanda76@example.com,445.986.7713x8438,609 Matthew Mountains Apt. 142,San Jose,USA
17,Matthew Brown,lori64@example.org,+1-864-272-8468,9185 Johnston Plains Apt. 160,Chicago,USA
18,Tina Fowler,medinabruce@example.org,4588972975,8483 Courtney Gateway,San Jose,USA
19,Miss Joann Benson,cooleywesley@example.org,664-362-3090,1813 Joseph Shore Suite 644,New York,USA
20,Michael Hayes,xburke@example.net,(691)337-5290x7854,87138 Wells Light Apt. 468,Phoenix,USA
21,Denise Gill,swilson@example.net,001-385-235-3146x95897,02429 Hays Radial Suite 381,San Diego,USA
22,Mark Davis,alanboyd@example.com,418.715.9877x454,790 James Fields,New York,USA
23,Earl Burton,lloydjennifer@example.net,841.975.2103x7784,7039 Peters Crest,Dallas,USA
24,Samantha Allen,langtyler@example.com,250-389-1745,2639 Bryant Bypass Apt. 961,Philadelphia,USA
25,Derek Alexander Jr.,rjackson@example.org,001-791-832-8574x382,1931 Kimberly Islands,New York,USA
26,Toni Hart,dhaynes@example.com,001-277-249-1086,0238 Gregory Motorway Apt. 150,Los Angeles,USA
27,Susan Montgomery,kjones@example.net,+1-835-999-7372x160,7118 Jason Motorway Suite 756,San Antonio,USA
28,Jennifer Hoffman,wilsonmichael@example.com,970.835.6355x49382,504 Melanie Station,New York,USA
29,Whitney Cox DDS,stevenduran@example.net,+1-295-356-6246x894,42410 Lee Stream Suite 650,San Antonio,USA
30,Ashley Knight,jessica29@example.com,(988)327-8661x75611,651 Choi Port,San Diego,USA
31,Rachel Yu,kimberlytorres@example.org,578.218.9077,80713 Bauer Locks Suite 050,New York,USA
32,David Baker,hudsonchristopher@example.net,+1-688-341-9845x706,429 Robin Fork,San Antonio,USA
33,Victoria Brooks,warnergregory@example.com,(469)844-1789x1151,168 Jessica Summit,San Jose,USA
34,Tasha Smith,lonnielucas@example.com,826.641.0316x3749,27265 Anthony Street Apt. 254,Los Angeles,USA
35,Gabrielle Parker,christopher58@example.org,+1-774-907-5586x4081,9626 Jackson Burgs Apt. 268,Houston,USA
36,Manuel Ball,ellen20@example.net,550.841.3889x05293,96218 Jason Tunnel Apt. 978,San Diego,USA
37,Henry Ochoa,gallagheramanda@example.net,979.571.2496x734,2178 Matthew Route,Phoenix,USA
38,Jeffrey Middleton,thomas06@example.net,+1-597-434-5926x452,7125 Suzanne Fall Suite 737,San Antonio,USA
39,Deborah Peterson,alexandraspencer@example.org,701.570.2325,6309 Sarah Meadow Suite 245,Los Angeles,USA
40,Hannah Washington,rsmith@example.com,604.208.9816,9230 Knapp Locks Apt. 212,Houston,USA
41,Heather Weber,freemanbrian@example.com,(886)634-2173,1576 Webb Valleys Apt. 824,San Diego,USA
42,Kimberly Heath,paul61@example.com,+1-248-772-4875x325,10324 Rivas Keys Suite 033,New York,USA
43,Charles Martinez,fanderson@example.org,(223)317-7689x883,886 Mullen Plain Apt. 888,Los Angeles,USA
44,Ashley Gonzales,christophermoreno@example.com,251.702.4445,8898 Walters Rapid,Houston,USA
45,Kim Smith,mcfarlanddustin@example.org,(718)909-1622x91910,52601 Anthony Inlet Apt. 584,New York,USA
46,Ethan Martin,richmondcarly@example.net,(947)697-1390x27044,55094 Carlson Locks Apt. 032,Phoenix,USA
47,Maureen Merritt,danielmartinez@example.com,854-509-0493,890 Jordan Islands Apt. 544,San Diego,USA
48,Mr. James Mccormick,ostevens@example.net,289.767.7793x380,42868 Martin Row,San Jose,USA
49,Haley Roberts,sawyeryvonne@example.com,001-351-485-9299x272,06787 Nicholas Trail,Houston,USA
50,Timothy Miller,kimberlywalker@example.com,+1-773-785-9747x598,18126 Shannon Knoll,Phoenix,USA
51,Teresa Lester,taylorcarlos@example.com,519.458.0213x59953,8399 Kelli Stravenue Suite 998,San Jose,USA
52,Adam Hays,elliskimberly@example.com,+1-796-385-1596x1228,58915 Curtis Turnpike,New York,USA
53,Tami Nelson,christine14@example.org,358.329.4811x321,9312 Calvin Island,Philadelphia,USA
54,Molly Clayton,scotttina@example.org,221.263.2975,57424 Jacob Road,Houston,USA
55,Karen Johnson,linda49@example.net,001-220-692-7419x296,29942 Hill Parks,Chicago,USA
56,Donna Williams,dcox@example.org,001-485-275-0089,5478 Matthew Forge,Chicago,USA
57,Mary Howell,hardinkristen@example.com,+1-368-457-6993x1332,22608 Fuller Ways Apt. 173,San Antonio,USA
58,Becky Edwards,burnsbrandy@example.org,595-709-1410,454 Sanders Groves Apt. 102,Phoenix,USA
59,Eric Gonzales,carlabrown@example.org,001-598-563-0238x79618,82541 Ruth Park,San Jose,USA
60,Jesus Nunez,robin99@example.net,+1-935-648-5009x2961,792 Dawn Harbors Suite 013,Phoenix,USA
61,Christopher Watson,asanchez@example.com,+1-218-311-7423,62136 Lucero Rue Suite 202,San Jose,USA
62,Mary Hines,loriwarren@example.com,(599)673-9084x0030,2877 Alexander Road Suite 773,San Diego,USA
63,Lauren Donaldson,lgarza@example.org,001-639-530-4634x516,935 Judith Junction Apt. 617,San Diego,USA
64,Edward Clarke,madison56@example.net,457.966.8741x75125,073 Lawrence Island,Philadelphia,USA
65,Joseph Fernandez,thomaskennedy@example.org,001-899-497-0451x383,051 David Brooks Suite 331,Chicago,USA
66,Amy Cooley,edwardsjoshua@example.com,+1-410-317-8443,677 Timothy Islands,San Jose,USA
67,Matthew Lee,sweaver@example.org,(760)813-3036,9044 Gonzales Ridge Suite 683,San Antonio,USA
68,Samantha Nichols,robertshector@example.com,571-703-5430,80376 Vincent Shore Apt. 183,New York,USA
69,Wayne Lozano,katherinecole@example.com,883.595.8264x612,9609 Hall Street,Dallas,USA
70,Sarah Wilson,iyang@example.org,7577925521,0892 Young Meadows,San Diego,USA
71,Elizabeth Fleming,rtaylor@example.org,627.765.1656,167 Combs Circle Apt. 314,Chicago,USA
72,Melissa Osborn,aliciarodgers@example.net,3159705154,857 Michael Summit Suite 922,San Diego,USA
73,Michelle Walker,shawn85@example.org,743.728.7585x52125,14930 Kara Spurs Suite 110,Dallas,USA
74,Melissa Gibbs,lewistom@example.org,(276)999-3836x200,9764 Christopher Inlet,Dallas,USA
75,Jerry Singh,shannonpetersen@example.org,(367)363-0231,53384 Jeffrey Mills Suite 840,Houston,USA
76,Mike Frank,alvarezmichelle@example.org,525-748-5075x62373,0052 Higgins Turnpike Apt. 540,Chicago,USA
77,Christopher Keller,dlee@example.net,3874296116,421 Joshua Oval,Los Angeles,USA
78,Amy Bell,ronald92@example.com,001-790-816-5334x6277,2322 George Knoll,Dallas,USA
79,Todd Butler,matthew05@example.net,+1-667-560-1090,8245 Zachary Springs Apt. 838,Los Angeles,USA
80,Miguel Gray,maysmary@example.org,+1-766-274-6758x149,88684 Sullivan Wall,Phoenix,USA
81,Tanya Ali,fedwards@example.net,+1-750-243-1057,7540 Emily Heights Apt. 525,New York,USA
82,Brian Barber,williamslinda@example.org,001-910-423-6355x3189,32581 Day Plains Apt. 381,San Antonio,USA
83,Michelle Wolf,stephaniesawyer@example.com,902-534-5646,28871 Austin Stream Suite 861,New York,USA
84,Patricia Garcia,sara08@example.net,(208)985-8794x4209,78663 Carrie Land Suite 065,Philadelphia,USA
85,Jason Rogers,xdavis@example.com,001-788-917-2543x128,5930 Morgan Glen,San Diego,USA
86,Michael Williams,thomashamilton@example.com,402.799.0436x30148,87232 Hill Manor,Houston,USA
87,Michelle Stone,williamslaura@example.org,(438)770-3653,594 Brenda Expressway Suite 015,San Antonio,USA
88,Anna Delgado,walterrandy@example.org,508-470-7554,670 Dennis Curve Suite 328,Phoenix,USA
89,Jodi Prince,deborah42@example.com,(845)448-0156,8490 Brown Points Apt. 065,New York,USA
90,Tracy Kim,kendra80@example.net,861.386.7442,100 Warren Terrace,Houston,USA
91,Jacob Tucker,brianna09@example.net,8789829017,5560 Mary Light,Los Angeles,USA
92,Cynthia Mejia,hillalexandra@example.net,305.213.7562x3054,887 Kemp Meadow Suite 864,San Diego,USA
93,Hayden Williams,stevefowler@example.org,932-364-0202x884,459 Shannon Mount,Philadelphia,USA
94,Eric Duncan Jr.,laura38@example.com,001-266-694-0314x52555,8333 Jeffrey Ports Suite 290,San Jose,USA
95,Jessica Donovan,kirk59@example.com,001-712-410-4054x887,806 Garcia Corners Apt. 743,Dallas,USA
96,Mr. Justin Knight,georgerichard@example.com,708-292-8101x837,5486 Jerry Grove Suite 177,Houston,USA
97,Linda Murphy,nicolereilly@example.net,853-599-2410x4489,736 Lori Cape Suite 049,Houston,USA
98,Tyrone Peterson,rojasjustin@example.net,465.279.9300x72298,85765 Richard Gardens Apt. 914,San Jose,USA
99,Kimberly Rosales,peterthomas@example.com,872.380.2254x9475,46814 Nicole Oval,Phoenix,USA
100,Lisa Willis,kimberlymaxwell@example.org,+1-859-344-1155x5968,30400 Jason Freeway,New York,USA
101,Ariel Hall,smaldonado@example.net,709-905-8133x22606,286 Moses Pike Apt. 478,Los Angeles,USA
102,Shawn Ortiz,lrobinson@example.org,707.877.0171x17502,12267 Anthony Throughway,Houston,USA
103,James Schneider,xwest@example.org,001-843-386-0044,5206 Gregory Forest,Los Angeles,USA
104,Eric Williams,oliviacastillo@example.org,862.225.5933x7899,2771 Wilson Lock,San Jose,USA
105,Stephanie Allen,wattsrodney@example.net,741-254-2693x319,4893 Jennifer Spring,San Diego,USA
106,Jessica Vega,ortegaivan@example.com,918.514.2747x21595,760 Mann Track Apt. 853,San Antonio,USA
107,Jesus Hayden,andersongregory@example.org,(866)634-1383x073,78888 Brenda Curve Suite 000,San Antonio,USA
108,Tyler Wood,qreed@example.org,+1-845-831-0141x0221,62347 Newman Mill,Phoenix,USA
109,Trevor Collins,yneal@example.com,+1-947-618-5480,96499 King Light,Dallas,USA
110,James Hernandez,rachel17@example.com,001-556-287-3859x7933,58031 Andrew Mountains,New York,USA
111,Austin James,alyssavance@example.com,4059435568,13082 Marie Stream Suite 379,Houston,USA
112,Robert Bernard,morrismackenzie@example.com,412-203-8388x9384,98613 Walker Ranch Apt. 698,Phoenix,USA
113,Teresa Jackson,riggscynthia@example.com,8923780174,152 Hill Estate,Phoenix,USA
114,Kelly Rogers,cstewart@example.net,311-908-1405x22343,529 Tammy Fords,San Jose,USA
115,Richard Carter,monica07@example.net,924-997-5351,63904 Ramirez Key,San Diego,USA
116,Sarah Burton,turnercatherine@example.net,(533)953-6080x04336,2960 Sheila Lock,San Diego,USA
117,Edward Young,fernandezashley@example.net,6442832856,957 Carolyn Fall Suite 801,Philadelphia,USA
118,Jennifer Mack,walkerbryan@example.com,721.765.3782x41739,14501 House Key Apt. 074,San Diego,USA
119,Marcus Russo,logansmith@example.com,799.411.3567,539 Payne Hill,New York,USA
