customer_id,name,email,phone,address,city,country
1,Kristin Wilson,kyle14@example.net,201.331.4923,5340 Torres Corner Apt. 052,Houston,USA
2,Margaret Randall,josephdean@example.com,001-718-600-2440,1249 Erika Squares Apt. 749,Philadelphia,USA
3,Sally Vaughn,davidhoover@example.org,+1-325-790-4956x9528,889 William Parkways,San Diego,USA
4,Stephanie Adams,davidwatkins@example.org,+1-391-694-2236x569,8935 Michelle Mall,Houston,USA
5,Matthew Miles,ykoch@example.com,459.823.4742,77726 Anthony Alley,Chicago,USA
6,Justin Shaw,garylarson@example.org,+1-552-769-6661x917,54456 Paul Mission Suite 902,Philadelphia,USA
7,Mrs. Brandy Riddle,uvasquez@example.net,893.426.3807x1365,10489 Noah Springs Apt. 548,San Diego,USA
8,Connor Rogers,steve08@example.net,+1-348-866-1309x974,1325 Eric Station Suite 525,New York,USA
9,Derrick Ford II,christinaalvarez@example.org,742.358.8054x85316,1890 William Coves,San Diego,USA
10,Stephen Mills,johnhernandez@example.org,5385088346,2257 Webster Court,Chicago,USA
11,Amanda Robinson,jcox@example.org,001-217-411-3754x744,45921 Mahoney Cove,Philadelphia,USA
12,Logan Smith,youngchristina@example.org,562.498.9860x59043,597 Todd Locks,Dallas,USA
13,Cody Miller,thomaskevin@example.org,(782)989-8107x3281,989 Brewer Overpass Apt. 991,San Antonio,USA
14,Brian George,donaldjackson@example.com,+1-812-839-9223x4920,339 Anderson Shores Suite 586,Los Angeles,USA
15,Caitlin Bradford,xfoster@example.com,270.791.3592,2853 Howard Mission Apt. 392,Philadelphia,USA
16,Joann Day,johnsontravis@example.com,+1-798-673-0533,7382 Cortez Ways Apt. 019,San Jose,USA
17,Yvonne Thomas,wesleyporter@example.org,(924)487-5686,006 Torres Avenue,Dallas,USA
18,Heather Ramirez,sandra18@example.com,001-867-944-9425x82009,289 Clayton Gateway Apt. 864,Houston,USA
19,Tiffany Levine,quinnrebekah@example.org,766.554.1958x64576,67857 Eric Centers Suite 089,Chicago,USA
20,Haley Gray,amy92@example.org,(871)751-2409,284 Anderson Expressway,Chicago,USA
21,Christian Bond,khowell@example.net,001-429-950-5262x649,5777 Dalton Turnpike,San Diego,USA
22,Cameron Robinson,goodwinjonathan@example.com,(640)400-9364,82604 Lawson Centers,Houston,USA
23,Roger Little,amontgomery@example.org,4883760296,07558 Chambers Shores,Dallas,USA
24,Jessica Davis,jenny59@example.com,+1-579-361-9424,173 Taylor Mills,New York,USA
25,Sheila Lewis,hernandezmichael@example.org,839-962-7378,982 Rangel Creek,Phoenix,USA
26,Jessica Reed,zclark@example.net,(225)511-1861x230,3439 Richardson Cove Apt. 502,San Diego,USA
27,Brandi Jones,david88@example.com,731.775.0755,41144 Jeffrey Junction Apt. 496,Dallas,USA
28,Kenneth Thompson,leejoel@example.net,705.914.6197x472,5985 Robin Lodge Suite 138,Philadelphia,USA
29,Dana Brown,vmerritt@example.net,417.570.8218,606 Kimberly Meadow,Chicago,USA
30,Sarah Lee,victoriasingleton@example.org,455-602-3306x185,83663 Lowe Orchard,Philadelphia,USA
31,Jeff Brown,jhernandez@example.net,+1-230-562-6548,9496 Andrews Station,Los Angeles,USA
32,Stephanie Small,cmiller@example.org,+1-222-223-1909x937,679 Emily Haven,San Jose,USA
33,Alyssa Serrano,whitneydavid@example.net,(397)766-4300x709,238 Martinez Views Suite 081,San Jose,USA
34,Mackenzie Ferguson,walterhansen@example.net,001-784-889-4579x22008,3039 Carrillo Plain Suite 258,Philadelphia,USA
35,Adam Franco,david69@example.com,223.895.0361,1870 Rodriguez Lakes,San Diego,USA
36,Sarah Macias,garyhancock@example.org,(570)461-0177x9306,7889 Randall Knolls Apt. 587,Chicago,USA
37,Maria Williams,hernandezpaige@example.com,001-253-907-7205x104,51083 Lindsey Mission,Phoenix,USA
38,Kevin Johnson,wattsnichole@example.com,001-989-782-6390x877,8372 Blair Via,San Antonio,USA
39,Catherine Silva,kara06@example.org,+1-293-260-2946x219,876 John Island Apt. 314,Phoenix,USA
40,Maria Sutton,cindygarcia@example.com,+1-805-629-2572x47843,0096 Butler Vista,Los Angeles,USA
41,Paul Carpenter,pamelapatton@example.net,624-952-3351x5422,9502 Clay Courts,New York,USA
42,Kayla Davis,leachjames@example.com,(469)521-8080,0152 Christina Island,San Diego,USA
43,Carol Kennedy,colton74@example.com,001-912-968-9675x346,32204 Michael Road,San Antonio,USA
44,Kyle Coleman,amolina@example.org,552.321.8026,308 Holloway Cliffs Suite 901,San Jose,USA
45,Marcus Gibson,pamela62@example.net,001-430-725-6895x678,687 Mitchell Expressway Apt. 906,San Antonio,USA
46,Corey Wood,xmiller@example.org,+1-661-248-3454x425,7400 Steven Cliffs,San Jose,USA
47,Kristine Ramirez,umiller@example.com,8009686038,2030 Powell Drive Suite 971,San Jose,USA
48,Chloe Ho,christinewilkinson@example.com,001-863-593-0729,708 Campbell Inlet Apt. 513,Houston,USA
49,Mark Barnes,imoran@example.com,817-690-1458,898 Clements Summit Apt. 514,Phoenix,USA
50,Raymond Peterson,john26@example.com,+1-963-758-1776,557 Silva Forks Apt. 519,San Antonio,USA
51,Jason Reyes,mitchell59@example.com,6962580230,1935 Robertson Keys,San Diego,USA
52,Kenneth Nelson,warrenstacy@example.net,955.644.1314x9528,1931 Katherine Mount Apt. 553,Philadelphia,USA
53,Brittany Lewis,don72@example.org,(433)886-0979x4184,08144 Arnold Branch Apt. 583,San Diego,USA
54,Dawn Fletcher,irowe@example.net,353-437-6654x033,2589 Faulkner Pine Apt. 851,Chicago,USA
55,Christine Robinson,anthonygreen@example.org,6977103226,0576 Sullivan Burg Suite 489,San Diego,USA
56,Kayla Garcia,phillipsbrooke@example.net,343-339-4960x9866,41952 Clarke Alley,Los Angeles,USA
57,Joseph Flores,sanchezgregory@example.org,679-914-4695,08298 Mack Village,Chicago,USA
58,Jennifer Webb,rmontes@example.com,(429)373-7860x0025,2472 Christian Neck,San Antonio,USA
59,Mr. Corey Sampson MD,thomaskevin@example.net,001-987-375-4455x9121,741 Linda Heights,San Jose,USA
60,Matthew Woods,kewing@example.com,763-557-7555,7734 Jeremy Ford Apt. 135,San Jose,USA
61,Melissa Perez,nicole05@example.org,(469)600-0341,83297 Daniel Cliffs,Phoenix,USA
62,Kathleen Lynn,theresalewis@example.com,842-267-4734,7579 Arellano Turnpike Suite 954,Los Angeles,USA
63,Dale Allen,xjohnson@example.org,+1-665-977-3950,872 Ortiz Lake Apt. 650,San Jose,USA
64,Paul Ramsey,gomezdan@example.net,(649)993-8545x414,696 Berry Locks,New York,USA
65,Charles Mason,melissa22@example.org,771.944.7480,6078 Parsons Way Suite 033,Houston,USA
66,Rebecca Jimenez,gpaul@example.org,669.394.5396x66280,56395 Mark Wall,Phoenix,USA
67,Deborah Tate,charleshardin@example.org,3523897411,99895 Turner Light Suite 833,Dallas,USA
68,Brandy Walker,zjarvis@example.net,(898)947-2490x01160,4743 Velez Crossing Apt. 096,Los Angeles,USA
69,Christopher Hardin,brenda05@example.com,(477)620-5612,193 Thomas Alley Suite 299,Philadelphia,USA
70,Dawn Smith,nicolehorton@example.net,373-790-7839x63771,8619 Tina Stream,San Antonio,USA
71,Paul Morales,dana81@example.com,001-250-802-7622x754,6665 Calderon Coves Suite 087,Philadelphia,USA
72,James Sharp,cruzkyle@example.net,+1-618-963-8992x2499,399 Cole Squares,Los Angeles,USA
73,Shannon Riley,curtislatasha@example.org,(203)918-9772,3198 Kyle Bypass Suite 060,Houston,USA
74,Jeremy Nguyen,taylorashley@example.net,685.638.0455x5907,66191 Joshua Lakes Suite 609,San Jose,USA
75,Gwendolyn Marshall,pgeorge@example.net,+1-348-869-3282x578,099 Monica Orchard Suite 251,Dallas,USA
76,Dwayne Ferrell,xjohns@example.org,(408)426-4760x065,3752 Ernest Spurs,San Antonio,USA
77,Gloria Clements,travisjones@example.org,+1-341-556-9443x6850,853 Samantha Course Suite 467,San Jose,USA
78,Douglas Marshall,garciapatrick@example.org,935-826-9559,6998 Mary Squares Suite 369,Philadelphia,USA
79,Kelly Rhodes,ochoasusan@example.com,987.290.5310,3125 Valenzuela Prairie Apt. 763,Houston,USA
80,Stephanie Smith,gonzalezcarol@example.org,001-853-908-9886x7777,479 Morris Station,San Jose,USA
81,Matthew Avila,jwhite@example.org,838-791-5385,0739 Anthony Vista Suite 773,Philadelphia,USA
82,Dennis Gill,brian74@example.org,+1-471-504-3299x509,88628 Lewis Trail Apt. 867,San Jose,USA
83,John Griffith,marnold@example.org,(265)973-4902,8278 Mccormick Shore,Houston,USA
84,Donna Henson,carl28@example.com,001-465-531-7792x5905,41586 Lee Street Apt. 348,San Antonio,USA
85,William Jackson,iwright@example.com,001-404-778-5126,80124 Cameron Branch Suite 279,Chicago,USA
86,David Moreno,vturner@example.org,962-636-8740,876 Taylor Island Suite 083,San Antonio,USA
87,Jason Campbell,reyescindy@example.org,+1-449-259-9629,892 Reilly Mills,San Jose,USA
88,Mark Perez,taylormichelle@example.net,001-439-680-3172x5112,053 Collins Avenue Apt. 411,Dallas,USA
89,Eric Jackson,jasonfuller@example.org,8734960271,67851 Robinson Hill Apt. 891,Los Angeles,USA
90,Chad Patterson,cwatkins@example.org,001-335-468-7660x316,19716 Massey Parks,San Jose,USA
91,Randy Burke,thomasandrew@example.net,780-257-8640x314,600 Cynthia Highway Suite 787,San Antonio,USA
92,Richard Bryant,zweiss@example.net,4974847207,37989 Peterson Locks,Philadelphia,USA
93,Scott Sheppard,owilkinson@example.com,+1-210-275-3898,119 Tyler Passage Apt. 777,Dallas,USA
94,Sarah Thompson,fmckenzie@example.org,555.939.9465,9448 Melinda Springs Suite 096,Phoenix,USA
95,April Becker,morrisangela@example.org,676-304-8492,55357 Smith Ville Apt. 694,San Jose,USA
96,Jordan Larsen,calvin70@example.net,(673)929-0650x041,66957 Banks Radial,San Diego,USA
97,Brian Camacho,stevensonjeremy@example.net,808-863-3602x4553,87919 Carr Dam,New York,USA
98,Laura Perez,hjones@example.org,260.745.5550,52720 Miller Ways Suite 381,Dallas,USA
99,David Murphy,stevenlittle@example.com,816.358.2105x068,862 Glover Alley Suite 236,Houston,USA
100,Michael Lambert,nguyenashley@example.net,001-847-547-9619,77987 Young Rapids Apt. 113,Philadelphia,USA
101,William Dudley,vickibrown@example.com,521-841-2023,983 Scott Mills Apt. 747,San Antonio,USA
102,Morgan Savage,clarkmiguel@example.com,(223)669-7038,98413 Maxwell Cliffs Suite 670,Dallas,USA
103,Kimberly Hanson,miguel33@example.com,681-239-2964,3188 Dillon Knoll Apt. 016,Chicago,USA
104,Caitlin Johnson,swatson@example.org,(544)761-3315x954,4213 Jane Ridges,Philadelphia,USA
105,Kathleen Dickson,brownchristopher@example.org,+1-858-816-8490,54223 Bowman Highway,San Diego,USA
106,Brandon Lucero,ronald45@example.net,(484)907-2479x1777,09971 George Prairie Apt. 200,San Jose,USA
107,Kimberly Gaines,nicole34@example.org,767.985.4819x4493,5740 Hale Landing Apt. 846,Los Angeles,USA
108,Brandon Howe,carolstevenson@example.com,001-965-247-6658x78669,0013 Ortiz Prairie Suite 683,Los Angeles,USA
109,Jessica Mccarty,rwolfe@example.org,+1-965-874-9510x955,1075 Howard Green Suite 162,San Diego,USA
110,Alexander Bell,brandonthompson@example.net,+1-532-492-4298x0878,298 Jessica Springs Suite 690,San Jose,USA
111,Kathleen Carey,kingjamie@example.net,899.920.1238x3251,605 Perez Estate,San Jose,USA
112,Tony Best,vancemichael@example.org,(753)650-0361x3979,59586 Martin Tunnel Apt. 254,Chicago,USA
113,Luis Baker,masonmary@example.com,792.409.8713x77239,0127 Jensen Flat Apt. 652,Los Angeles,USA
114,Melissa Kelly,susan28@example.org,(487)531-7094x85161,972 Dean Mill Apt. 232,San Antonio,USA
115,Renee Morton,vthompson@example.org,554-805-8625x24859,51360 Derek Stream Apt. 583,Dallas,USA
116,Stacie Cain,austinmclean@example.org,299-800-7392x0645,785 Nicholas Flats,San Diego,USA
