customer_id,name,email,address,city,country
1,Diane Anderson,ejackson@example.net,789 Dawson Crossroad Apt. 675,San Antonio,USA
2,Rodney Terrell,jason59@example.net,384 Lee Glen Apt. 206,Philadelphia,USA
3,Michael Torres,fgoodman@example.org,16114 Kathy Causeway Apt. 599,San Diego,USA
4,Maureen Combs,caitlin84@example.com,56670 Foster Mission,San Antonio,USA
5,Danielle Doyle,sharon03@example.com,68911 Daniel Coves,San Jose,USA
6,Ashley Henderson,travis33@example.org,9211 Timothy Glen,Chicago,USA
7,Justin Rivera,huntervalenzuela@example.org,43796 Robert Curve Suite 400,Houston,USA
8,Brooke Parker,ftownsend@example.net,8548 Parsons Mountains Apt. 581,San Diego,USA
9,Michael Miles,john48@example.com,1865 Shelly Dam Apt. 664,Chicago,USA
10,Sarah Glover,richardholmes@example.org,2195 Richard Point,San Antonio,USA
11,Alfred Norris,michellewhite@example.net,6219 Stephanie Crest Apt. 715,New York,USA
12,Shannon Stark,nancysullivan@example.org,1223 Timothy Trail,New York,USA
13,Lance Schmidt,amanda80@example.com,746 Jennifer Passage Suite 196,Houston,USA
14,Susan Riley,fitzgeraldamy@example.net,1981 Cox Mountains Suite 650,Philadelphia,USA
15,Sandra Brock,xfarmer@example.org,472 Santiago Radial,Dallas,USA
16,Diana Harris,brandon77@example.com,8547 Deborah Station,Houston,USA
17,Bradley Hernandez,jenny16@example.net,8830 Christine Village Apt. 028,Houston,USA
18,Alice Johnson,heather01@example.org,04583 Nelson Green Suite 729,Dallas,USA
19,Kyle Foster,lisa38@example.com,5159 Walker Pine Suite 680,Dallas,USA
20,Ms. Ashley Vincent DVM,rileyryan@example.org,9481 Mccormick Road,New York,USA
21,Robin Aguilar,krystalferguson@example.com,8087 Mccormick Plains,San Antonio,USA
22,Elizabeth Carter,bryanlee@example.com,588 Rodriguez Flat,San Antonio,USA
23,Vincent Poole,nancyblackburn@example.net,22138 Michael Club,Phoenix,USA
24,Alexandria Weber,rmcneil@example.org,769 Sawyer Trafficway Suite 605,San Jose,USA
25,Robert Fernandez,njensen@example.com,987 Dean Unions Apt. 963,San Jose,USA
26,Joshua Gomez,millskim@example.com,033 Billy Cliffs Apt. 318,Philadelphia,USA
27,Adam Flowers,millermichael@example.net,67873 Lee Expressway Apt. 777,Phoenix,USA
28,Patrick Bryant,lwilliams@example.net,254 Daniel Shoals,Houston,USA
29,Brian Levine,kelliweber@example.net,01547 Johnny Crossing Suite 689,Houston,USA
30,Jennifer Matthews,karina90@example.net,9932 Yates Manors Apt. 043,Houston,USA
31,Joan Davis,wilkinsonanna@example.org,88503 Ballard Falls Apt. 978,Philadelphia,USA
32,Victor Faulkner,jamie21@example.org,2688 Howe Path,San Diego,USA
33,Nathan Shaffer,burtongeoffrey@example.com,483 Martin Route,Houston,USA
34,Dorothy Ramsey,ryanchristine@example.org,97400 Martinez Rapid Apt. 234,Phoenix,USA
35,Melissa Lawson,susan01@example.com,17627 Johnson Club Apt. 504,Philadelphia,USA
36,David Baker,hwood@example.com,9408 Charles Drive,San Jose,USA
37,Karen Nguyen,sara62@example.net,04417 Randy Stream Suite 232,San Antonio,USA
38,Thomas Knight,thompsonchristy@example.com,3305 Jenkins Parkway Apt. 174,Phoenix,USA
39,Chelsea Moore,murraydana@example.com,4649 Bobby Keys Apt. 516,San Antonio,USA
40,Kara Joyce,iwatson@example.net,91572 Robin Causeway Suite 599,San Jose,USA
41,Terry Miller,nancyvelazquez@example.org,43445 Vincent Loaf Apt. 509,San Antonio,USA
42,Mr. Kevin Snow,damonallen@example.com,38193 Cox Street Suite 560,Dallas,USA
43,Catherine Cuevas,bernard22@example.org,0725 Cherry Light Suite 263,Dallas,USA
44,Candice Spencer,michellechristian@example.net,414 Jonathan Plain Suite 819,Dallas,USA
45,Valerie Scott,ghicks@example.com,24408 Audrey Center Apt. 790,Phoenix,USA
46,Jasmine Burton,tarasmith@example.com,2318 Bonilla Grove Apt. 259,Houston,USA
47,Pamela Decker,davidmathis@example.org,6701 Faith Parks Apt. 665,Dallas,USA
48,Jacob Davis,hernandezmikayla@example.net,948 Li Shoals,San Diego,USA
49,David Deleon,matthewmorgan@example.com,68890 Derek Extension,Phoenix,USA
50,Laurie Pierce,sharpjamie@example.net,0346 Young Springs,San Antonio,USA
51,Teresa Clark,nhill@example.com,99464 Christopher Cape Apt. 666,Dallas,USA
52,Paul Jones,gwright@example.com,1848 Kimberly Cove,Los Angeles,USA
53,Dustin Davis,matthewortiz@example.org,170 Contreras Shoal,San Jose,USA
54,Valerie Schmidt,melindamercer@example.org,49906 Mary Avenue,San Antonio,USA
55,Lauren Ramirez,ericbullock@example.com,0977 Baker Forge,San Antonio,USA
56,Jeffrey Mccormick,schaefermichael@example.net,76055 Russell Pike Suite 672,Houston,USA
57,Laurie Robinson,ashleywillis@example.com,1572 Michael Mountains Apt. 019,Los Angeles,USA
58,Ashley Brown,kimberly39@example.net,06457 Aaron Square Suite 801,San Diego,USA
59,Rachel Guerrero,washingtonsara@example.net,775 Virginia Isle Apt. 822,New York,USA
60,Robert Walker,robertbradford@example.com,9967 Cooley Cliffs Apt. 100,Dallas,USA
61,Ashley Gomez,wlove@example.net,382 Alexandra Ports,New York,USA
62,Nicole Herrera,ebaker@example.org,7152 Brooke Mountains Suite 974,San Antonio,USA
63,Susan Parsons,vmurphy@example.net,15620 Stanley Extension,Dallas,USA
64,Jennifer Evans,xirwin@example.org,84771 Daniel Trace Apt. 915,New York,USA
65,Stephanie Lester,carsonlori@example.com,794 Watson Ferry Apt. 900,Los Angeles,USA
66,Erik Robbins,bmckenzie@example.com,2437 Hunter Squares,San Jose,USA
67,Eric Diaz,christina45@example.com,78758 Kevin Light,Phoenix,USA
68,Cory Moore,amanda70@example.com,989 Meyer Road Suite 147,Phoenix,USA
69,Nicole Garner,carlnewton@example.org,50492 John Crossing,San Antonio,USA
70,Cory Lewis,crystalsmith@example.org,52339 Jones Cape,Dallas,USA
71,James Robinson,wgraham@example.com,1756 Graves Mountains,San Diego,USA
72,Howard Nelson,banderson@example.net,2387 Carter Turnpike Apt. 594,San Diego,USA
73,Aaron May,ballardchelsea@example.com,7170 Justin Island,Dallas,USA
74,Nicholas Stewart,suzanne21@example.org,2136 Jensen Circles Suite 801,San Antonio,USA
75,Gary Carrillo,kennedykathleen@example.com,44116 Shah Streets Apt. 316,Houston,USA
76,Elizabeth Miller,kevin28@example.com,7834 Macdonald Parkways,Chicago,USA
77,Debbie Contreras,morrowjennifer@example.org,79365 William Walks Suite 192,Houston,USA
78,Mark Martinez,hectorsmith@example.org,34631 Steven Track Suite 745,Phoenix,USA
79,Amber Ballard,gwatson@example.org,012 Ray Light,New York,USA
80,Raymond Mills,colemanjackson@example.org,880 Ayala Cape Apt. 451,Phoenix,USA
81,Amanda Moore,dsmith@example.net,1063 Holmes Isle Apt. 584,San Diego,USA
82,Vincent Jones,robert13@example.net,0040 Michael Mountains Apt. 809,San Jose,USA
83,Samuel Ford,hbright@example.org,5348 Maxwell Divide Apt. 167,San Diego,USA
84,Jordan Brady,kylie37@example.org,14415 Hodge Shore,San Jose,USA
85,Kelly Becker,cainjenna@example.com,06845 Carolyn Port Suite 547,Dallas,USA
86,Alexander Le,jonathanwoods@example.com,5155 Stephanie Harbor Suite 532,Phoenix,USA
87,Deanna Miller,carterrandy@example.com,56511 Harmon Flats Suite 373,San Diego,USA
88,Emily Fisher,robertmoran@example.org,7183 Steven Rest,San Antonio,USA
89,Aaron Jimenez,elizabeth93@example.org,91632 Maria Grove Suite 006,Dallas,USA
90,David Macdonald,gserrano@example.org,58734 Lisa Expressway,New York,USA
91,Arthur Reese,christopher75@example.com,2296 Christopher Course,New York,USA
92,Tracy Garcia,laura35@example.org,1764 Bryan Brooks,San Diego,USA
93,Natasha Hernandez,mary85@example.net,26392 Eugene Roads,Phoenix,USA
94,Mrs. Misty Williamson,xmeyer@example.net,4642 Beth Ways,Dallas,USA
95,David Bradford,hmora@example.com,9295 Heather Keys,Dallas,USA
96,Pamela Hernandez,john81@example.com,091 Johnson Forge Suite 080,Phoenix,USA
97,Kimberly Clark,ericball@example.com,59434 Anderson Land,Dallas,USA
98,Howard Anderson,javiernguyen@example.net,12556 Jennifer Corner Apt. 191,Phoenix,USA
99,Sarah Smith,rmeyers@example.net,68458 Hector Trail Suite 983,Los Angeles,USA
100,Andrea Harris,corymartin@example.com,361 Fleming Parkways,Phoenix,USA
101,Deborah Mullins,andreanolan@example.com,852 King Square,Chicago,USA
102,David Castaneda,crystal49@example.com,720 Tammy Mission Suite 001,San Diego,USA
103,Michael Oliver,michael24@example.net,4732 Leblanc Summit,Dallas,USA
104,Luke Long,jordandavis@example.net,968 Roberts Dam Suite 063,Phoenix,USA
105,Mary Collins,sharonsmith@example.net,45706 Yvonne Lake,New York,USA
106,Thomas Hubbard,baxterchristopher@example.net,1078 Hawkins Street Suite 876,San Jose,USA
107,Justin Martinez,anitamoore@example.org,60401 Victoria Vista,San Antonio,USA
108,Emily Sherman,juanzimmerman@example.com,594 Samantha Estate Apt. 621,Chicago,USA
109,John Mitchell,diana46@example.org,6053 Anderson Throughway,San Antonio,USA
110,Richard Reyes,yhess@example.com,80333 Alec Prairie,New York,USA
111,Michelle Wagner,malloryarnold@example.com,12321 Holloway Wall,Chicago,USA
112,Christopher Bowman,robinwebb@example.com,4068 Randy Walks,New York,USA
113,Oscar Morgan,bryantjohn@example.com,516 Ramos Route,Los Angeles,USA
114,David Taylor,maria45@example.net,41966 Charles Station,Houston,USA
115,Carl Becker,austinashley@example.org,517 Beverly Groves,San Antonio,USA
116,Sarah Jimenez,bradleygibson@example.org,5548 Hernandez Freeway Apt. 123,San Antonio,USA
117,Miguel Edwards,lindachristian@example.org,33827 Flowers Corners Suite 688,Phoenix,USA
118,Justin Barry III,uwarren@example.org,4545 Campbell Brook,Los Angeles,USA
119,Janice Ruiz,barnettsamantha@example.org,593 William Vista,Chicago,USA
120,Bill Miller,barbarayoung@example.org,9670 Murphy Place,San Antonio,USA
121,Hunter Blair,victorclark@example.com,4176 Cherry Lakes Suite 082,Philadelphia,USA
122,Michael Goodman,amandamurillo@example.net,59683 Jeffrey Locks,Phoenix,USA
123,Eric Hawkins,wagnerchristopher@example.com,873 Fox Corner,Philadelphia,USA
124,Shawn Thompson,martinezgerald@example.net,884 Nancy Keys,San Diego,USA
125,Brittney Mcdonald,lharris@example.org,011 Ashley Manor Apt. 540,Chicago,USA
126,Michael Griffith,guzmanjesse@example.org,93570 Robinson Groves,New York,USA
127,Reginald Clark,wangtimothy@example.net,681 Oconnell Field,San Antonio,USA
128,Charles Flores,garrettleslie@example.com,997 Nicole Isle,New York,USA
129,Linda Espinoza,jordanmoore@example.com,407 Jasmine Ports,Phoenix,USA
130,Jennifer Wilson,xbrown@example.com,086 Phillip Locks,San Jose,USA
131,Diane Martin,flopez@example.org,0994 Baker Cape,Phoenix,USA
132,Julie Saunders,bartonaustin@example.org,6050 Michael Divide,New York,USA
133,Yvonne Rodriguez,sheaaaron@example.com,8786 Nguyen Landing,San Jose,USA
134,Daniel Collins,kevinsanders@example.net,51689 Cassandra Loaf,Chicago,USA
135,Michael Torres,jennifer92@example.org,90647 Leon Views Apt. 210,San Diego,USA
136,Debbie Tate,rebecca42@example.org,582 Cassandra Orchard Suite 304,Dallas,USA
137,Mary Sanchez,nsingh@example.org,12399 James Radial,Chicago,USA
138,James Soto,kyle69@example.org,6854 Paige Flat Apt. 907,Chicago,USA
139,Brian Carson,gfoley@example.com,9339 Megan Plains Apt. 395,San Jose,USA
140,Morgan Decker,ericsilva@example.com,3637 Katherine Skyway,Philadelphia,USA
141,Emily Hansen,ashley49@example.com,88184 Alvarez Trail Apt. 407,Houston,USA
142,Holly Williamson,kmyers@example.net,724 Murray Ford Suite 327,San Antonio,USA
143,Jacqueline Lee,gregorypaul@example.com,999 Harvey Neck,San Jose,USA
144,Jeremiah Webb,lross@example.net,23478 Robin Junctions,San Antonio,USA
145,Lawrence Morris,marysmith@example.com,32940 Jason Islands Suite 500,Dallas,USA
146,Karen Johnson,morrisapril@example.org,92314 Janet Camp Apt. 734,Houston,USA
147,Megan Thompson,angela20@example.com,185 Henry Locks,Chicago,USA
148,Molly Wood,sandralopez@example.net,14131 Angela Vista,Phoenix,USA
149,Alan Wagner,pughnichole@example.com,143 Cameron Extension,Dallas,USA
150,Taylor Friedman,danielknight@example.com,90266 Manuel Divide,New York,USA
