customer_id,name,email,phone,address,city,country
1,Angela Williams,woodskendra@example.net,321.274.6880x1948,643 Moore Turnpike,Philadelphia,USA
2,Patricia Snyder,rita55@example.net,(530)244-5481,64772 Suzanne Drive Apt. 844,San Jose,USA
3,Christopher Hardy,sandersmatthew@example.org,231-688-6257x93543,14249 Andrew Shore,San Diego,USA
4,Stephen Nelson,vanessa22@example.org,6465199737,403 Mark Pass Suite 779,Phoenix,USA
5,Melissa Martinez,david48@example.net,+1-227-943-1352,62824 Johnston Extension Suite 162,New York,USA
6,William Smith,galvansandra@example.org,893-825-7576,4552 Anthony Extensions Apt. 403,Los Angeles,USA
7,Jenna Conway,stacie12@example.net,997-503-5266,272 Rollins Mission,New York,USA
8,Diane Wallace,nelsonjason@example.com,(773)510-6150,234 Anthony Summit,San Jose,USA
9,Jackson Hood,thall@example.org,627-473-5983x359,55808 Gregory Hills Suite 775,San Diego,USA
10,Robert Beck,kathy31@example.org,(595)590-8964x1219,0255 Townsend Route Suite 171,San Diego,USA
11,Jennifer Liu,donald18@example.com,939.635.2402,5346 Lindsey Rapid,Phoenix,USA
12,Courtney Medina,leetimothy@example.org,(951)891-1089x539,39204 Lisa Ridge Suite 313,San Jose,USA
13,Roger Hernandez,cjones@example.com,818.667.4934x1703,869 Sharon Vista,Chicago,USA
14,Sarah Villarreal,craig67@example.com,7824807442,18080 Justin Knoll,Houston,USA
15,Brenda Mendoza,wrice@example.com,988.844.6738,0751 Lisa Curve,Los Angeles,USA
16,John Perez,ashley50@example.net,715-560-7497,2438 Reeves Island Apt. 886,Dallas,USA
17,Tiffany Anderson,katherinehobbs@example.org,+1-593-443-0598x36950,34480 Gina Mission Apt. 265,Chicago,USA
18,James Oliver,llane@example.com,792.401.7058x968,0436 Jacob Brooks Suite 573,Philadelphia,USA
19,Jean Jefferson,steve92@example.com,(868)331-5758,4791 Beth Village,Chicago,USA
20,Jeffery Flores,williamfrancis@example.com,(863)818-6067x290,96730 Gray Streets Suite 133,San Jose,USA
21,Michael Schmidt,deankatherine@example.com,(640)947-5810x97641,731 Joseph Turnpike Apt. 224,Houston,USA
22,Scott Fernandez,maryturner@example.com,(903)233-5012x8690,53635 Hernandez Corners Suite 659,Houston,USA
23,Andrea Whitehead,brian36@example.com,693-557-6969,151 Sheila Throughway,Dallas,USA
24,Lindsey Barker,jessicaharper@example.org,+1-377-777-2338x42937,262 Anthony Terrace Apt. 674,San Jose,USA
25,Heather King,boblewis@example.net,001-373-894-7519x04280,071 Shelton Village,Houston,USA
26,Crystal Russell,stephenmcmillan@example.net,001-293-570-2295x40650,48363 Mitchell Fields,Phoenix,USA
27,Michelle Jones,nmartinez@example.net,3177784245,353 Boyd Port,Phoenix,USA
28,Kristen Duran,carolshaw@example.org,338-646-2542,1834 Jennifer Circles,New York,USA
29,Paul Larson,tanner98@example.com,(209)869-3217,8004 Angela Loop,Philadelphia,USA
30,Robert Harris,carpenterbarbara@example.com,968.835.4749,630 Mendoza Center,San Antonio,USA
31,Alyssa Harrison,apalmer@example.net,9642878984,5820 Mclean Ramp,New York,USA
32,Michael Chen,amy87@example.org,695.886.3105,866 Parker Mission Apt. 125,Phoenix,USA
33,Melissa Shah,ahawkins@example.com,6976177783,5467 Alfred Landing Suite 746,New York,USA
34,Angela Woods,charlotte51@example.org,+1-387-554-6957x4210,982 Harris Freeway,Houston,USA
35,Shawn Dixon,carolineyoung@example.net,(786)400-4305x77302,27919 Frances Streets,New York,USA
36,Danielle Murphy,stricklandterry@example.com,633-732-5473x9797,379 James Terrace Suite 185,New York,USA
37,Christopher Austin,jonesdiana@example.com,+1-236-693-3436,117 Prince Village Suite 277,Houston,USA
38,Timothy Herrera,johnsonmark@example.org,001-368-637-2764x23701,12526 Todd Shores Suite 781,San Jose,USA
39,Phillip Merritt,brownjason@example.com,340-789-0976,3208 Joel Mills Apt. 880,Chicago,USA
40,Jessica Oconnor,julia07@example.net,492.834.5571,973 Kevin Trafficway,Phoenix,USA
41,Terry Miller,cmoreno@example.com,9535326655,3123 Nguyen Meadow,Chicago,USA
42,Sarah Campbell,charles99@example.com,+1-823-627-1319,6848 Allen Points Apt. 877,Philadelphia,USA
43,Patricia Burns,benjamindavis@example.org,4645179995,5360 Moore Spur Apt. 409,San Antonio,USA
44,John Jones,peter59@example.net,753-334-8039x6381,05834 Taylor Courts Apt. 812,Chicago,USA
45,Mr. Joseph Nguyen,pattersonchristina@example.net,789.926.9110,100 Jon Plaza,Chicago,USA
46,Christine Cantrell,michael47@example.org,381-765-9723,089 Ramirez Street Suite 858,Houston,USA
47,Tiffany Kennedy,pchavez@example.net,001-837-676-1968x230,0775 George Trace,San Antonio,USA
48,Evelyn Woodward,kevin47@example.org,370.992.8315x36986,86685 Richardson Springs Apt. 067,Houston,USA
49,Elizabeth Petty,jeffrey09@example.org,312-325-6965x9668,50879 Rodriguez Cliffs Apt. 330,Chicago,USA
50,Rose Newman,colemanangela@example.com,+1-239-447-9176x7759,1139 Bowman Key,Los Angeles,USA
51,Derek Harris,kenneth04@example.org,261.241.8831,06620 Gonzalez Summit Suite 321,San Antonio,USA
52,Brian Bailey,mccarthyheather@example.org,(696)589-7022x05850,19451 Lisa Forest,Phoenix,USA
53,Donna Gonzalez,youngraymond@example.com,(966)334-8585,43678 Craig Branch,New York,USA
54,Michael Wright,hwong@example.net,001-925-495-8256x944,3673 Johnson Inlet Suite 164,New York,USA
55,Mike Garcia,johnsonlauren@example.net,(444)210-1547x0329,967 Hill Well Suite 700,San Antonio,USA
56,Peter Trevino,alexandra92@example.com,957-524-3648x304,0520 Young Isle,Los Angeles,USA
57,Dalton Mathews,belljeremy@example.net,(315)509-7151x902,7193 Sparks Road,Phoenix,USA
58,Luis Diaz,gutierrezstephanie@example.com,001-750-281-7539x2720,17798 Kenneth Place,San Antonio,USA
59,Tara Dixon,carsonnancy@example.net,828-692-9139x210,572 Krystal Ports Suite 356,Dallas,USA
60,Wanda Hernandez,robert70@example.com,503.570.8985x56706,0398 Sandoval Lakes Apt. 017,Chicago,USA
61,Tommy Chandler,sergiokelly@example.com,+1-388-318-2550,29905 Thomas Vista Suite 957,San Antonio,USA
62,Michael Turner,michelle49@example.net,919.828.4161,836 Sara Tunnel,Chicago,USA
63,Sandy Griffith,kingjohn@example.org,964-225-5727x54802,31238 Donaldson Track Apt. 168,Dallas,USA
64,Eric Hogan,ochoachristopher@example.com,001-247-971-5741x45572,658 Elizabeth Plaza,Philadelphia,USA
65,Ashley David,brookejohnson@example.org,+1-306-559-4844,558 Abigail Expressway Apt. 667,Philadelphia,USA
66,Melanie Zuniga,mstevens@example.net,928-942-3428x7132,46657 Hughes Isle,Phoenix,USA
67,Christopher Sharp,tlane@example.net,(505)368-7217,436 Hoffman Estate Suite 210,Chicago,USA
68,Mr. Sean Houston,robertpineda@example.com,001-330-834-2318x38456,531 Mary Summit Apt. 027,San Diego,USA
69,Brandon Mcgee,wbrown@example.net,217.790.9878x0838,0399 Washington Cliffs,Houston,USA
70,Heather Hansen,qramirez@example.net,674.849.5802x000,30205 Moore Trace Suite 677,New York,USA
71,Thomas Taylor,campbelljoseph@example.net,351.303.0227x43707,9096 Molly Mission Apt. 149,Los Angeles,USA
72,Mark Todd,teresa76@example.com,001-238-791-9141x263,7345 Oneal Trail,San Diego,USA
73,Glenda Murillo,beth28@example.com,(404)935-3940x1292,2155 Castillo Bypass,San Diego,USA
74,Craig White,mcclaindarlene@example.net,696.519.7894x6894,498 Brent Corners Suite 247,Dallas,USA
75,Ryan Stark,timothymoore@example.net,(262)541-8349x71732,581 Johnson Walks Apt. 783,Houston,USA
76,Natalie Johnson,cynthiawilson@example.org,001-590-865-7770,04204 Cody Row Suite 896,New York,USA
77,David Anderson,martinezeric@example.com,001-789-874-9284,9444 James Fort,Dallas,USA
78,James Shepherd,hernandezpatrick@example.org,571.304.1033,8334 Patterson Fall,Chicago,USA
79,Amy Griffin,angelawilliams@example.org,001-205-499-6873x3276,862 Rivas Lock Apt. 052,Dallas,USA
80,Derek Campbell,stephen40@example.net,+1-235-292-6668x49497,20157 Aaron Cliffs Apt. 588,Philadelphia,USA
81,Allison Rodriguez,stevenwaters@example.org,638.890.0791x730,671 Martin Burgs,Houston,USA
82,Brittany Spencer,nmills@example.org,(581)585-1351x85937,5915 Meyer Crescent Apt. 075,Los Angeles,USA
83,James Thompson,rkennedy@example.org,(649)763-9119,4365 Johnson Brooks,San Antonio,USA
84,Heather Mckenzie,tracyhood@example.net,913-808-7218x6296,74484 Larsen Knolls Suite 402,Chicago,USA
85,Kevin Thornton,fcole@example.org,6237547463,3211 Howard Forge,Houston,USA
86,Dale Smith,janiceperry@example.com,+1-861-843-9576x022,0178 Wright Shore Apt. 334,San Jose,USA
87,Latoya Smith,hboyd@example.net,450.213.1587,75143 Grant Well Apt. 099,San Diego,USA
88,Jason King,johnsonallison@example.net,(947)933-4863x806,44274 Young Trafficway,San Jose,USA
89,Michael Rodriguez,lopezkeith@example.com,812.246.7878x4582,9749 Williams Valley,Los Angeles,USA
90,Anthony Williams,lwalsh@example.com,244.671.0250x862,99890 Renee Fort,Houston,USA
91,Virginia Russell,stanleyscott@example.com,(434)312-9143x3972,480 David Inlet Suite 258,Phoenix,USA
92,Jeremy Solis,wross@example.com,5089975801,76135 Sullivan Manors,Chicago,USA
93,Omar Terrell,suzannefreeman@example.net,466-680-6390x109,331 Kimberly Isle,San Diego,USA
94,Ronald Nguyen,yorkmichael@example.com,001-338-672-5708x66477,510 Duncan Rapids Apt. 221,Phoenix,USA
95,Theresa Whitaker,dillonbrenda@example.com,5748793650,2495 Pedro Islands,Philadelphia,USA
96,Sierra Cardenas,paulrussell@example.net,+1-852-854-2904x069,46656 Karen Rue,San Antonio,USA
97,Lucas Golden,theresapeters@example.com,307-872-8321x51801,6263 Vance Keys,Dallas,USA
98,Lauren Mora,christopherhall@example.com,(584)881-0561,1617 Sanchez Isle Suite 089,Los Angeles,USA
99,Lisa Moon,guerramark@example.org,2924575339,9475 Isaac Cove,Houston,USA
100,Larry James,lauren21@example.org,662-327-1929x3656,650 Cheryl Path,Dallas,USA
101,Natasha Kelly,cpierce@example.net,(668)237-3845,945 Julian View Suite 984,San Diego,USA
102,Richard Davis,alyssashea@example.org,980.223.2055x482,42649 Richard Streets,San Antonio,USA
103,Jeffrey Welch,jeanstone@example.net,5179527476,76428 Thomas Flat,Houston,USA
104,Matthew Miller,monicagallegos@example.org,(818)644-7617,8613 Rachel Lock,San Antonio,USA
105,Courtney Baker,rwallace@example.org,974.325.7182x6739,4084 Crawford Road,Philadelphia,USA
106,Jerry Simpson,ubrown@example.net,775.791.9881x975,779 Mata Overpass,San Antonio,USA
107,Holly Carr,robertjenkins@example.net,535-546-4819x76440,013 Keith Mountain Apt. 190,San Antonio,USA
108,George May,walter43@example.com,(675)364-9257x86888,469 Galloway Orchard,Phoenix,USA
109,Gail Harvey,matthewbowman@example.net,001-652-224-3252x62318,4826 Harrington Manors,Phoenix,USA
110,Lori Nelson,reyesclaudia@example.org,001-444-901-6476x42142,643 Manning Ville,Philadelphia,USA
111,Krista Mullins,barbara50@example.net,+1-783-610-3264x27020,017 Sarah Spur Apt. 348,San Jose,USA
112,Paul Moore DDS,timothygreen@example.net,(394)392-2548x83706,210 Carey Centers Apt. 585,San Jose,USA
113,Keith Matthews,abigail37@example.net,(726)975-9087,959 Dawn Creek Suite 991,Chicago,USA
114,Carol Rivas,schroederkim@example.net,965.268.8771,915 Michael Village Suite 187,San Jose,USA
115,Katelyn Andrews,adamskathy@example.net,(638)387-7406,916 Hall Mountain Suite 483,San Diego,USA
116,Mrs. Shannon Perez,zrogers@example.net,(686)624-6324,5237 Carpenter Walk Apt. 481,San Jose,USA
117,Arthur Pham,garrettkara@example.com,+1-381-311-1812,1166 White Knolls,San Antonio,USA
118,Michael Logan,cmoore@example.com,(243)729-2999,0328 Francisco Locks,Los Angeles,USA
119,Jamie Ellison,claudia02@example.org,+1-586-981-2558x10798,277 Kevin Lake,San Diego,USA
