customer_id,NAME,email,phone,address,city,country
1,Darryl Jones,iturner@example.com,001-953-563-1554,183 Harris Islands Apt. 974,San Jose,USA
2,Audrey King,uduncan@example.org,001-280-800-6900x236,8997 Mckinney Lane Apt. 943,New York,USA
3,Ricky Pennington,tristan61@example.com,001-673-941-8895x88013,201 Moore Ports,Dallas,USA
4,Jennifer Castillo MD,rubiokrista@example.com,663.512.7588x42994,705 Holly Lake,San Diego,USA
5,Ronald Johnston,amber26@example.net,441-233-0603x82490,7644 Wyatt Pines,Chicago,USA
6,Rhonda Sanchez,jbell@example.org,001-558-847-4047x1661,31162 Dawson Circles,San Antonio,USA
7,Samuel Hancock MD,amynorman@example.com,928-808-0481x111,33281 Tammy Vista Suite 157,San Antonio,USA
8,April Stokes,rachelyang@example.org,4725127388,506 Kelley Crossing,Los Angeles,USA
9,Claire Beasley,nathaniel53@example.org,001-702-648-2502x2187,38750 Becker Curve Apt. 152,Los Angeles,USA
10,Rachel Pope,castillodawn@example.org,+1-252-475-8620x31919,2361 Gilmore Coves,Los Angeles,USA
11,Brittany Cortez,smithdebra@example.net,205-207-6274x390,6970 Vincent Oval Apt. 170,Chicago,USA
12,Brittany Mcguire,monicaochoa@example.org,001-324-500-9756x92665,574 Contreras Oval Apt. 848,San Antonio,USA
13,Michelle Barnes,uchapman@example.com,438-242-2067x497,214 Howe Circles Apt. 657,Dallas,USA
14,Susan Walker,larsonnathan@example.com,(551)683-9520,68556 Smith Manor Apt. 783,New York,USA
15,Stacey Cook,gary45@example.com,001-922-813-2228x59109,0654 Johnston Crossing,Philadelphia,USA
16,Michael Andrews,poolesteven@example.org,301.472.2599x00497,53444 Jennifer Expressway,Houston,USA
17,David Daniels,loriolson@example.org,5569020036,987 Danielle Walks Suite 132,San Jose,USA
18,Laura Collins,davidmiller@example.org,926-799-5451x84680,724 Katie Ville Apt. 077,Los Angeles,USA
19,Wanda Nunez,burkedylan@example.net,301-559-2329,5725 Cortez Streets Apt. 072,Phoenix,USA
20,Kaitlyn Miller,waltermoore@example.com,(930)437-6044,52286 Hernandez Square,Phoenix,USA
21,Thomas Reed,mayorebecca@example.net,999.691.3786x42127,3085 Timothy Branch Apt. 729,Houston,USA
22,Dennis Wilson,nlarson@example.com,917-281-7196x92029,54744 Courtney Isle,San Jose,USA
23,Tricia Wilson,rday@example.org,(379)862-1145x8881,58821 Scott Port Apt. 136,Houston,USA
24,John Brown,meltongregory@example.org,+1-749-765-4981,8117 Patricia Spur,Philadelphia,USA
25,Mindy Crosby,qbaldwin@example.com,(924)885-6378,5969 Sandra Hills Apt. 253,Los Angeles,USA
26,Erica Bell,uwatkins@example.org,877.871.7482x6083,457 Hernandez Harbor,San Antonio,USA
27,Christopher Thomas,daniellemorrison@example.com,(710)385-0641x4328,836 Burch Stravenue Apt. 571,San Antonio,USA
28,Melissa Hill,omay@example.net,376-632-9612,434 Tina Court Apt. 785,Chicago,USA
29,Joanna Barnes,jmeyer@example.org,735.218.7769,2519 Amy Fork Apt. 622,New York,USA
30,Jacob Rodriguez,davisvincent@example.com,(335)330-4825,679 Kevin Cape,Philadelphia,USA
31,Anne Shelton,wrichards@example.net,(487)955-6661x86940,3915 Russell Village Apt. 800,Philadelphia,USA
32,Paul Smith,palmermeghan@example.net,001-543-980-1223,5021 Jamie Ville Suite 338,San Antonio,USA
33,Kimberly Sawyer PhD,deleonangela@example.com,8307821183,93820 Cordova Cliff,New York,USA
34,Michelle Huff,ashleygiles@example.org,435.409.1433x8420,7738 John Shore Apt. 681,Los Angeles,USA
35,Mark Walker,sandra89@example.net,909-216-8692x2367,4414 Elizabeth Camp,Phoenix,USA
36,Claire Jimenez,ytodd@example.net,(382)666-9515x01913,8828 Frank Wells,San Antonio,USA
37,Keith White,jonesrobin@example.net,001-911-451-0411,8272 Hall Mount Suite 046,New York,USA
38,Anthony Hunt,fcrawford@example.com,(783)399-6621x951,65133 Robinson Mission Suite 343,Phoenix,USA
39,Linda Johnson,qpowell@example.org,(321)933-4210,30021 Mark Key Apt. 919,Houston,USA
40,Gabrielle Martin,andrewrodriguez@example.org,852-857-3795,3686 Mark Courts Suite 621,San Diego,USA
41,Tammy Preston,nmack@example.net,001-986-668-4634x901,71255 Derek Field Suite 341,Philadelphia,USA
42,Michael Davis,timothy39@example.org,681-404-9429x939,7706 Jones Tunnel,Chicago,USA
43,Erin Charles,briananderson@example.com,570-734-3897x2314,638 Debbie Plaza Apt. 705,San Jose,USA
44,Chad Hester,paynelaura@example.com,277.789.0405x9027,991 Brent Ports Apt. 436,Phoenix,USA
45,Jennifer Willis,floresbill@example.net,5467200805,4393 Chambers Land,Los Angeles,USA
46,Michael Peters,larsoncrystal@example.org,990-253-3902,79856 Michelle Point,Houston,USA
47,David Sanders,brian54@example.com,9916476171,877 Tami Street Suite 104,San Antonio,USA
48,Lisa Lee,ugreene@example.net,302-883-2005x96725,514 Davis Expressway Suite 034,New York,USA
49,Blake Holmes,francis03@example.com,952-361-6298,85636 Mary Underpass Apt. 358,San Diego,USA
50,Joshua Ray DDS,jermainefriedman@example.org,(520)555-9656,734 Lisa Meadow Suite 595,Chicago,USA
51,Tammy Johnson,fhaynes@example.com,862.212.0488x746,019 Davies Crescent Apt. 098,San Jose,USA
52,Michael Gray,warddanielle@example.net,472.624.1570,61493 Schultz Plaza,San Jose,USA
53,Martha Gonzalez,brownsean@example.org,429-967-3596,8539 Parker Branch,Philadelphia,USA
54,Ronald Hill,tammy18@example.com,865.345.4337x568,1747 David Drive Suite 579,San Antonio,USA
55,Brian Edwards,dawn56@example.net,763.913.3431x6450,818 Brooke Inlet,San Antonio,USA
56,Crystal Morales,bbenson@example.org,210.293.9236,75151 Donald Drives Suite 096,Los Angeles,USA
57,Amanda Bridges,jarnold@example.net,001-999-329-4206x9707,091 Clark Spurs,San Diego,USA
58,Robert Walsh,perezcharles@example.net,372.513.1345x932,055 Richard Island Apt. 246,Houston,USA
59,April Benjamin,nicolenelson@example.com,437.659.2675x9322,7831 Allen Haven,Houston,USA
60,Gregory Kim,robertsoto@example.com,001-694-270-0672,73385 Benjamin Mews,New York,USA
61,Bailey Torres,rmartin@example.com,+1-929-222-4740x02617,263 Mark Pass Apt. 063,San Diego,USA
62,James Hartman MD,murillorachel@example.org,(324)672-1949x965,36540 Vargas Turnpike Suite 279,Chicago,USA
63,Erin Saunders,barbaraproctor@example.net,(616)582-8382x90577,4197 Roger Groves,Dallas,USA
64,Jerry Sparks,reyescharles@example.com,(288)672-1732,7628 Hodge Bridge,San Jose,USA
65,Elizabeth Kennedy,john22@example.com,+1-804-709-1692x741,057 Raymond Stream Suite 921,Houston,USA
66,Rebecca Rivas,carlawaters@example.net,(719)299-9664x50300,355 Brian Landing Suite 029,Los Angeles,USA
67,Heidi Hendrix,donna66@example.org,880.902.7901x0262,3733 Tyler Glens Suite 786,New York,USA
68,James Campos,martindaniel@example.com,508.546.8000,5521 Robert Drive,Chicago,USA
69,Michele Frazier,nwashington@example.net,001-250-290-9877x15643,3825 Brenda Streets,Phoenix,USA
70,Steven Rodriguez,asullivan@example.net,575.431.3709x621,7787 Salazar Crescent,Phoenix,USA
71,Heather Carey,xrich@example.com,538.430.8109,9158 Rodriguez Groves,San Diego,USA
72,Daniel Rubio,glassbrady@example.net,508.985.7769,2226 Steven Throughway Suite 169,Philadelphia,USA
73,Kimberly Williams,jonesstacy@example.net,+1-294-299-0695x57155,4066 Ellis Prairie,Phoenix,USA
74,Jason Chen,kwilson@example.org,+1-908-222-4053x8784,1327 Christine Route,San Antonio,USA
75,Jessica Lopez,jacqueline34@example.net,915.863.0752x487,22391 Anderson Camp,Chicago,USA
76,Katherine Caldwell,amyharrell@example.org,302-828-2697x043,90873 Sara Mount,Dallas,USA
77,Danny Hamilton,cindyhickman@example.com,001-629-834-8085,7818 Jackson Brook Apt. 753,Dallas,USA
78,Christina Herring,stewartjon@example.net,+1-553-699-3788x6012,951 Amy Roads,Dallas,USA
79,Brian Jones,gregory38@example.org,+1-347-468-2259x05082,420 Avery Corner,Los Angeles,USA
80,Leslie Hodge,henrydavid@example.org,(708)304-3453x28208,7990 Henry Brooks,Phoenix,USA
81,Stephen Huffman,vholmes@example.org,860-900-4723x964,20993 Alexandria Mills,Dallas,USA
82,Dwayne Williams,ntate@example.org,308.473.6837x2413,3052 Davidson Forge,Dallas,USA
83,Christopher Mcclain,chandlermelanie@example.net,979-790-7013x57422,74883 Banks Parkway Suite 556,Los Angeles,USA
84,Michelle Liu,mgraves@example.org,001-356-546-2951x4223,6044 Smith Crossroad,Chicago,USA
85,Chad Phillips,walshamanda@example.org,001-690-499-6678,1933 Lewis Court,San Antonio,USA
86,David Medina,bwhite@example.org,791-216-9828x7789,89424 Lisa Wells Apt. 682,San Antonio,USA
87,Patrick Curry,sandrade@example.org,+1-999-923-7712x96700,913 Guy Land,San Jose,USA
88,Mariah Webster MD,rebeccakelley@example.com,(813)458-2534,99697 Regina Knolls,Phoenix,USA
89,Nicholas Lopez,mpowell@example.org,521-906-4476,6301 Daniel Circle Suite 952,San Diego,USA
90,Richard Pratt PhD,crystal94@example.org,(520)644-7244x3240,894 Alan Pass Suite 805,Chicago,USA
91,Lindsey Cortez,simsmelissa@example.org,933.729.5735x2646,3152 Stevens Glens,San Antonio,USA
92,Jessica Barnes,mayojustin@example.org,(297)938-2080,750 Donald Points,Philadelphia,USA
93,Michael Reed,jessica71@example.net,(706)359-4408x1569,63047 Danielle Terrace Suite 156,Los Angeles,USA
94,Michael Young,ynielsen@example.com,001-354-435-6832x8373,964 Alicia Mountain,San Diego,USA
95,Eric Williamson,kochjason@example.net,912-382-8595,22010 David Point Apt. 294,Los Angeles,USA
96,Jacqueline Booker,haletimothy@example.net,001-327-901-2590x08246,521 Cameron Walk,Houston,USA
97,Krista Hughes,matthew11@example.com,259-492-9894x3161,737 Caroline Walk Suite 805,New York,USA
98,Monica Cooper,david34@example.net,+1-772-941-8280x84205,2286 Lyons View Suite 749,Chicago,USA
99,Victoria Mosley,elizabeth62@example.org,496.217.5192x48313,7494 Mitchell Terrace Apt. 252,Houston,USA
100,Richard Vazquez,normandavid@example.org,672-370-2669,916 Mccullough Neck,Chicago,USA
101,David Gray,heather93@example.com,769-873-6251,59573 Murray Corners Suite 150,Phoenix,USA
102,John Hayes,brendamunoz@example.net,(211)375-8651,33764 Griffith Cliff Suite 371,Chicago,USA
103,Stephen Adams,farleyjeremy@example.org,+1-570-545-8925x86460,2173 Bennett Court Apt. 707,San Antonio,USA
104,Rebecca Hunter,oscar19@example.com,693-234-4204x87355,8942 Davis Extensions Suite 110,Chicago,USA
105,Christian Miller,francojeremy@example.com,815-635-5249,10940 Barton Divide Suite 442,San Diego,USA
106,Scott Richard DDS,whitesarah@example.com,377-645-1627x7401,06641 Hannah Points Apt. 224,Phoenix,USA
107,Rebecca Taylor,bcox@example.org,(583)997-5584x775,10258 Roth Plains Suite 843,Phoenix,USA
108,Mark Cooper,kimberlyhogan@example.net,893-624-0957x1462,62647 Raymond Track,Phoenix,USA
109,Kathleen Hawkins,davidmary@example.com,350-711-3799,73554 Smith Pass Apt. 669,Philadelphia,USA
110,Jordan Herrera,pageangelica@example.net,001-947-335-8097x85884,712 James Crest Apt. 372,Chicago,USA
111,Tina Lloyd,mackkaitlin@example.com,839.324.8145x08474,181 Ann Rest Suite 856,Phoenix,USA
112,April Chapman,james68@example.com,886-735-6155,171 Raymond Stravenue,Los Angeles,USA
113,Patrick Freeman,brandonclark@example.org,999.292.7799,0485 Alicia Street Suite 915,Chicago,USA
114,Christine Nguyen,charlotterodriguez@example.com,001-320-943-8982x962,87200 Tara Loaf,San Antonio,USA
115,Christian Cherry,morrismary@example.net,752.984.3477,311 Perry Keys Suite 605,San Antonio,USA
116,Charles Hester,blacknathaniel@example.net,001-360-425-6016x4191,16729 Sandra Land Suite 807,Los Angeles,USA
