customer_id,email,phone,address,city,country
1,patricia35@example.net,(280)363-1601x833,21039 Cortez Stream,San Antonio,USA
2,yking@example.net,827-266-8427,54354 Miller Village,San Jose,USA
3,crawfordamy@example.com,617-955-2472x91368,30265 Guzman Courts,San Diego,USA
4,parkerdanielle@example.org,3545692934,892 Amy Rue Suite 354,Phoenix,USA
5,cory73@example.com,510-559-1339,933 Ronald Forest Suite 306,Phoenix,USA
6,xlewis@example.net,001-412-947-9263x014,17109 Stewart Village,Philadelphia,USA
7,ashley07@example.org,8599499204,43779 Adams Locks,San Jose,USA
8,thompsonmichael@example.com,266.362.3621x08172,41861 Guzman Pine,San Jose,USA
9,delgadoeric@example.org,8992523340,6710 Craig Spurs,San Jose,USA
10,hansondominique@example.net,+1-897-254-7687,26357 Hicks Square,Phoenix,USA
11,strongjennifer@example.org,001-972-702-5401x76682,6511 Jason Mission Suite 584,San Antonio,USA
12,bianca47@example.net,723-415-5710x575,643 Mason Radial,Dallas,USA
13,michaelcoleman@example.net,871.761.7367,77401 Jason Island Suite 913,Los Angeles,USA
14,michaelmurphy@example.net,792.360.2626x2272,63073 Hawkins Mountains,Dallas,USA
15,jpatterson@example.net,876.435.8771,855 Jeremy Run,Chicago,USA
16,smithjay@example.net,6298327209,2175 Salazar Crescent,New York,USA
17,floresmichael@example.net,596.654.1604x42804,709 Brooks Street Suite 245,New York,USA
18,hayesaaron@example.net,806-304-0256x09103,129 Lopez Wall Suite 031,New York,USA
19,solomonamanda@example.com,+1-423-327-1969x25014,87066 Moss Rapid Apt. 072,Dallas,USA
20,michaelchan@example.org,(898)398-4139x635,832 Richmond Valleys Suite 922,Phoenix,USA
21,smithaustin@example.org,001-676-677-3454x2695,266 Brown Canyon,San Antonio,USA
22,richardjimenez@example.net,+1-749-507-8186,960 Alison Cliffs Apt. 924,New York,USA
23,qmayo@example.org,754.226.3450x4398,6384 Elizabeth Brook Suite 079,Chicago,USA
24,kimberly61@example.net,727.932.6484x1573,254 Gonzalez Pines Apt. 192,Los Angeles,USA
25,qnunez@example.org,001-396-983-6134x4221,9319 Elizabeth Rapids,Los Angeles,USA
26,dwright@example.net,(794)485-6091,12706 Frederick Center,Houston,USA
27,williamsmith@example.com,+1-382-311-0756x774,8439 Anthony Causeway Apt. 077,San Antonio,USA
28,iolsen@example.net,5748386725,084 James Wall Apt. 900,Dallas,USA
29,sergio67@example.com,7899383866,432 Amanda Streets,Houston,USA
30,tristan30@example.org,979-683-9176,2693 Harper Lock,San Diego,USA
31,nicholassaunders@example.org,2223372775,53387 Choi Centers,Chicago,USA
32,thomas44@example.com,894-788-3869x573,1551 Davis Stravenue,Los Angeles,USA
33,tina87@example.com,925.683.2393,747 Pittman Valleys Suite 344,San Jose,USA
34,shelby11@example.com,(517)331-0901,24319 Stuart Junctions Apt. 445,Phoenix,USA
35,guerrerorhonda@example.net,(630)415-2804x18954,597 Todd Dale Apt. 820,Los Angeles,USA
36,umartinez@example.com,535-901-7754,2643 Douglas Green,Los Angeles,USA
37,tammyrogers@example.com,842-299-2916x261,5979 Jennifer Lock Suite 257,Philadelphia,USA
38,allencarl@example.org,292-698-7825x3251,713 Michael Fall,New York,USA
39,lluna@example.com,(975)782-9666x7441,2003 Dustin Summit Apt. 769,Houston,USA
40,ycarter@example.com,(615)365-9693x258,371 Lopez Keys Apt. 715,Houston,USA
41,johnsonann@example.com,001-807-280-3703x2832,84728 Cynthia Divide,Los Angeles,USA
42,mark13@example.com,+1-215-387-0434,15953 Boyd Throughway Suite 197,Chicago,USA
43,sjohnson@example.org,694.797.6387x8493,653 Dana Greens Apt. 788,Philadelphia,USA
44,robertbrown@example.com,359-236-7506x505,12059 Gilbert Key,San Jose,USA
45,joywade@example.org,001-462-373-0920,50188 Danny Lakes,Philadelphia,USA
46,donaldlee@example.org,(325)705-5209x3041,009 John Gateway,Phoenix,USA
47,teresa58@example.org,380-471-3661x0652,20450 Ryan Fork Suite 628,San Diego,USA
48,nicholasjohnson@example.org,(782)795-4615x4348,67084 Kennedy Lake,Philadelphia,USA
49,melissagonzales@example.net,829-510-2350x441,795 Baldwin Tunnel Apt. 992,San Diego,USA
50,brett10@example.org,666-888-0904x3274,38279 Edward Courts,Los Angeles,USA
51,isabel53@example.net,8397936901,6111 Hoffman Street Suite 413,Dallas,USA
52,robertsonpatricia@example.com,+1-585-773-0271x79648,036 Melissa Track,San Diego,USA
53,albertbell@example.com,3387637473,09169 Owens Corner,San Jose,USA
54,john18@example.com,502.939.4249,9960 Kristin Gardens Apt. 105,Dallas,USA
55,harrisontracy@example.net,001-622-544-8056x345,87564 James Groves,New York,USA
56,meganblake@example.org,832.909.7515x9414,9555 Joyce Island,Los Angeles,USA
57,annaavila@example.com,388.757.6993x999,921 Lara Parkways,Chicago,USA
58,paulmeza@example.net,892-466-0253x000,2173 Matthew Gardens,Philadelphia,USA
59,alexanderroberts@example.org,001-395-957-5994x9863,2608 Wall Valleys,San Diego,USA
60,armstrongjoseph@example.net,001-740-249-0677x2493,954 Sellers Points Suite 510,New York,USA
61,levi18@example.com,(598)777-9345,3169 Jason Parkways Suite 943,Houston,USA
62,jessicajefferson@example.net,(754)318-1055x36235,1607 Anderson Via Suite 824,Houston,USA
63,petersongregory@example.org,+1-888-792-5965x2984,47628 Aguilar Ford Apt. 701,Phoenix,USA
64,hdavis@example.com,360-532-7649,82683 Allen Curve Suite 961,Dallas,USA
65,stevewagner@example.net,(655)792-0263,2511 Jenkins Island Suite 924,Houston,USA
66,brian21@example.net,254.500.7277x58650,6299 Bryan Ferry Suite 953,Phoenix,USA
67,melanie02@example.org,001-966-310-0695x4209,9447 Julie Landing Suite 885,Houston,USA
68,morrowjohn@example.org,(238)427-3110,895 Kimberly Shoal,Dallas,USA
69,renee40@example.net,432-942-5539x91701,24779 James Greens,Dallas,USA
70,tapiajasmine@example.org,+1-858-323-8728,72417 Mason Wells,San Antonio,USA
71,malonemelissa@example.org,458.229.4233,71361 Alec Meadows Apt. 163,San Jose,USA
72,brianhatfield@example.com,734-370-2833x6138,804 Shields Estate Apt. 911,New York,USA
73,ymaldonado@example.net,3259344294,78442 Jennifer Manors,Dallas,USA
74,joshua41@example.net,+1-575-576-8740x194,600 Brian Estate Suite 227,San Jose,USA
75,mooresandra@example.org,681.499.3910,6848 Phillips Valleys Apt. 615,Houston,USA
76,cfox@example.com,(216)224-9928x2263,10789 Kayla Ville,New York,USA
77,twilson@example.net,8662720587,19289 Nancy Curve,Dallas,USA
78,mejiarichard@example.net,782.226.3353,451 Henry Mountains,San Jose,USA
79,ofisher@example.org,681-332-0031x21353,50683 Figueroa Overpass,San Diego,USA
80,fordjoshua@example.com,368.571.8678x60122,6240 Johnson Road,Philadelphia,USA
81,amykirk@example.net,254-241-2941x784,340 Williams Street,Houston,USA
82,wellsmichael@example.com,+1-670-759-3764x12644,26750 John Ridge,Chicago,USA
83,jdavis@example.com,+1-559-993-4517,54267 Hays Circle,Los Angeles,USA
84,eddieschultz@example.org,001-781-520-2089x572,31894 Cathy Landing,San Jose,USA
85,wilsonadam@example.net,(473)844-5044x13316,2041 Kathryn Rue,San Antonio,USA
86,boydwilliam@example.com,(515)510-5258x8791,44064 Nelson Mountain,San Diego,USA
87,jonesjuan@example.net,289-578-0647,9384 Neal Rue,New York,USA
88,michaelguzman@example.org,356.832.9854x5609,2532 Susan Ridge Apt. 197,San Antonio,USA
89,harold28@example.net,+1-354-884-6343x5348,472 Mcneil Crest Suite 210,New York,USA
90,garyolsen@example.net,625-475-9760,064 Christine Park,San Antonio,USA
91,keithmiller@example.org,001-722-717-6670x3547,99062 Black Stravenue Apt. 139,New York,USA
92,sarahgallagher@example.net,544-370-4847x596,5199 Galloway Neck,Houston,USA
93,jbrown@example.net,8865805799,631 Jackson Lodge,San Diego,USA
94,jennifer98@example.com,510.958.1568x03693,36803 Wade Throughway,New York,USA
95,normaroberts@example.net,761-389-3175x3660,32951 Elizabeth Creek Apt. 105,Houston,USA
96,belltanya@example.com,001-957-404-4224x932,97217 Collins Extensions Suite 613,Dallas,USA
97,donna96@example.net,001-875-546-9329x874,26390 Richard Ranch,Chicago,USA
98,joycealexis@example.org,(334)344-5868x0685,6118 White Rue Apt. 069,New York,USA
99,james45@example.com,349-933-7423x6352,27811 Evan Loaf Suite 908,Houston,USA
100,jonesemily@example.com,559-975-9168,334 Randy Point,Los Angeles,USA
101,melendezpatrick@example.org,3829170117,8339 Rivera Parkways Apt. 048,San Diego,USA
102,leerebecca@example.org,001-293-695-4370x8043,85897 Leslie Island Apt. 295,Phoenix,USA
103,bobbydavis@example.org,516-479-2313x87805,015 Kelly Alley,Los Angeles,USA
104,katelyn01@example.net,+1-271-537-1959x4468,43205 Julian Land,Los Angeles,USA
105,jbowen@example.net,(772)656-2973x7100,4992 Lewis Ports Suite 627,New York,USA
106,zgutierrez@example.org,(858)505-7912,892 Ethan Burgs,Los Angeles,USA
107,kellymichael@example.com,(234)796-9814,78448 Brown Rest Suite 514,Los Angeles,USA
108,morgandebra@example.org,320.797.2802,438 Ellison Fords,San Diego,USA
109,michellelittle@example.com,(203)970-4869x342,94535 Erik Terrace,San Diego,USA
110,esantiago@example.com,262-756-0757x2851,95623 Matthew Shore Apt. 904,New York,USA
111,jill44@example.com,(648)647-0621x28603,90852 Martin Track,Phoenix,USA
112,rodriguezmicheal@example.net,001-377-660-7873x85844,0773 Charles Squares Suite 354,Phoenix,USA
113,michelle78@example.org,+1-815-816-1389x6079,080 Chang Station,Chicago,USA
114,feliciamaxwell@example.com,001-962-781-6420x57247,7773 Spencer Square,Dallas,USA
115,richard14@example.org,+1-719-716-5526x7571,8492 Brown Passage,San Antonio,USA
116,anita90@example.net,(300)726-8280x60732,18452 Hayes Turnpike,San Jose,USA
117,fishermark@example.net,001-373-641-3784,93859 Ashley Well,Dallas,USA
118,carlakey@example.org,+1-760-848-4707,387 Morrison Crossroad,Dallas,USA
119,wwelch@example.net,922-960-7254x2981,267 West Unions Apt. 710,Dallas,USA
120,ghernandez@example.com,917.947.9706x28721,5197 Lewis Throughway,San Jose,USA
121,stevenperez@example.net,626.323.8124x162,2144 Smith Views,Phoenix,USA
122,gonzalezmichael@example.org,894.625.5452x4366,88350 Brian Ports,New York,USA
123,hallmegan@example.net,836.585.5157,9640 Garza Ways Apt. 392,Philadelphia,USA
