country,name,phone,address,customer_id,city,email
USA,Kristy Welch,498-839-5891x99216,7376 Ross Plain Suite 162,1,Phoenix,mhoover@example.net
USA,Steven Bowen,360.966.0027x3985,8787 Mclaughlin Brook,2,Dallas,jbrown@example.com
USA,Mark Montgomery,001-233-747-1311x22716,322 Wilson Squares Apt. 993,3,Houston,hillmary@example.net
USA,Taylor Sosa,660.542.6147,6179 Smith Radial,4,Phoenix,jeffrey13@example.org
USA,Allison Lynch,(489)407-1695,735 Brittany Underpass,5,Philadelphia,pamela74@example.org
USA,Kelly Cole,(228)257-8003x0526,544 Penny Shore,6,New York,jstout@example.net
USA,Katherine Watkins,001-338-911-9427x0920,5364 Smith Lake Suite 351,7,New York,jessica82@example.net
USA,Michael Lin,001-953-583-3426x8356,340 Werner Highway Suite 981,8,Los Angeles,iwood@example.net
USA,Denise Gilbert,7894561998,45835 Perkins Flat,9,Houston,shelly37@example.net
USA,Charles Ellis,+1-464-838-1446x55323,2977 Christopher Cliffs,10,Chicago,marshallkyle@example.com
USA,Amy Gates,+1-318-411-0742x0953,65101 Meyers Mall,11,San Antonio,kristina61@example.net
USA,Felicia Hayes,494.240.0902,48077 Melissa Union Suite 297,12,New York,richardsjohn@example.org
USA,Jacob Delacruz,(529)763-0846x5889,313 Ashley Radial,13,Dallas,jrowe@example.com
USA,Trevor Reyes,975-625-9442,0502 Mason Curve,14,Philadelphia,bonniehood@example.net
USA,Thomas Rodriguez,815.479.5244x82500,67719 Arnold Ford,15,New York,usalazar@example.org
USA,Renee Gibbs,+1-872-548-5349x138,18980 Sandra Ford,16,New York,nathanreyes@example.com
USA,Lisa Hernandez,7117500797,843 Alex Lodge,17,San Diego,gonzalezrussell@example.net
USA,James Williams,001-383-219-5637x59045,4473 James Crossroad,18,New York,gonzalezkimberly@example.net
USA,Sean Cooper,001-974-933-8434x280,345 Mccormick Courts,19,Chicago,batesmeagan@example.org
USA,Adam Walter,(713)725-6443,545 Valencia Underpass Apt. 858,20,San Diego,hjackson@example.com
USA,Heather Le,593.903.9645,393 Chen Via Apt. 390,21,San Antonio,lisawarren@example.org
USA,Tom Black,001-946-823-5805,971 Morgan Ports,22,San Antonio,kellywalker@example.com
USA,Melissa Martinez,990.479.2917,7498 Taylor Rapid Suite 920,23,Phoenix,johnwallace@example.com
USA,Mark Richmond,(476)899-0875x9937,501 Michael Walks,24,San Diego,laura82@example.com
USA,Victoria Copeland,441-858-5182,875 John Freeway,25,Phoenix,rfarrell@example.net
USA,Sandra Thompson,001-969-946-3590,1252 Benjamin Land Suite 665,26,Houston,williammiller@example.com
USA,Thomas Miller,457.742.2629,4956 Bowers Camp Apt. 527,27,Dallas,sara75@example.net
USA,Michelle Grant,+1-297-537-7586x758,137 Wood Curve Apt. 690,28,San Diego,hadams@example.net
USA,Kristen Myers,001-676-234-9708x221,04176 Travis View,29,Los Angeles,michelle93@example.org
USA,Stephen Johnson,(215)463-2339,428 Hawkins Manors Apt. 873,30,Phoenix,eedwards@example.org
USA,Andrea Wilson DDS,3854599843,7681 Rebecca Freeway Apt. 821,31,Philadelphia,judy38@example.org
USA,Joshua Frank,711.630.2429x17262,086 Wayne Shores,32,Phoenix,vsmith@example.net
USA,Jennifer Diaz,(224)422-1778,598 Mary Track Apt. 067,33,Houston,rileypatricia@example.net
USA,David Landry,001-405-909-7656x2258,7320 Duran Field Suite 232,34,Chicago,sharon18@example.net
USA,Zachary Thompson,001-649-911-3311,1569 Beard Cliff Apt. 121,35,New York,laurenrogers@example.net
USA,Steven Vang,+1-764-227-4870,7497 Dylan Road,36,San Diego,smithalicia@example.net
USA,Robert Andrade,519-526-0024,19842 Michael Brook Apt. 184,37,San Jose,snelson@example.com
USA,Jesse Marsh,594-570-6864,057 Stephanie Road,38,Los Angeles,angela60@example.org
USA,James Thomas,+1-858-574-9946x60708,040 Shane Rest,39,Houston,gary46@example.com
USA,Lucas Campbell,581.923.0603x5516,877 Jason Freeway Suite 900,40,Philadelphia,stephaniedecker@example.com
USA,Robert Vazquez,(681)880-1641x8017,5205 Sara Forge,41,New York,adamsdennis@example.net
USA,Carrie Wilcox,523.226.4598,4275 Mcdonald Radial,42,New York,scottholt@example.net
USA,Patricia Williams,(617)384-3528x647,456 Williams Bridge Apt. 130,43,San Diego,barnesryan@example.com
USA,Veronica Kline,(753)437-7284x28858,374 Eric Drive,44,Houston,lisa71@example.org
USA,Robin Rodriguez,465-237-7862,17106 Williams Curve Suite 085,45,Chicago,christopherspencer@example.net
USA,Mark Morris,(940)202-6666x47812,82131 Sandra Motorway Suite 786,46,New York,xgolden@example.com
USA,Eric Michael,662-259-7660,061 Christina Lights Apt. 894,47,Houston,kentkatherine@example.org
USA,Catherine Hernandez,6216609627,677 Patterson Court,48,Houston,sweeneyjames@example.net
USA,Jared Cooper,001-562-463-6522x42938,17317 Ricky Glens,49,San Jose,james80@example.com
USA,Heather Crawford,+1-937-322-1934x9607,96914 Lori Harbor,50,Los Angeles,yclark@example.org
USA,Richard Gould,001-610-417-2963x18892,333 Gonzales Brook,51,Philadelphia,dixonashley@example.net
USA,Joshua Baker,899.211.3942,585 Melinda Mountains Apt. 041,52,New York,kristinemiller@example.org
USA,Lauren Hughes,(352)983-7985x33350,771 Brianna Ferry Apt. 016,53,Los Angeles,xstout@example.com
USA,Kevin Jones,633-380-6381x103,200 Hughes Squares Apt. 737,54,Houston,wardtodd@example.com
USA,Derrick Brown,680.545.3539x81067,0066 Lauren Circles,55,Houston,robertholland@example.net
USA,Crystal Bowers,484-951-2245,9593 Andrea Road Suite 533,56,Phoenix,stacey88@example.org
USA,James Simon,298.816.6435x869,957 Sutton Tunnel,57,Dallas,robertohernandez@example.com
USA,Eric Briggs,999.809.5673x080,936 Sydney Vista Apt. 796,58,Dallas,shawnwhite@example.com
USA,Mrs. Deanna Moore DVM,831.968.2055x334,970 Hopkins Ridge,59,Chicago,brittany32@example.com
USA,John Williams,563.383.9580x3942,6065 Holly Islands,60,Philadelphia,casey72@example.org
USA,Laura Henry,+1-992-244-3041x33890,330 Gonzalez Corner Apt. 561,61,San Diego,courtney50@example.net
USA,Daniel Freeman,(575)771-9099,367 Belinda Landing Apt. 220,62,Dallas,gutierrezholly@example.com
USA,Christopher Henry,350-228-1482x336,543 Jaclyn Plains,63,Philadelphia,tgordon@example.org
USA,Michael Gonzalez,(517)367-8683,8160 Joshua Fort,64,Dallas,derek17@example.com
USA,Brenda Stevenson,+1-550-333-8323,5211 Riggs Rue Apt. 793,65,Philadelphia,floreslisa@example.net
USA,Charles Lewis,6869504039,1400 Sanchez Inlet,66,San Diego,prodriguez@example.net
USA,Jonathan Turner,715-342-2839x935,98621 Elizabeth Lock,67,San Antonio,joel33@example.com
USA,Samantha Swanson,280.502.9470x3459,235 Christopher Vista Suite 821,68,Chicago,nataliejohnson@example.org
USA,Lauren Moore,001-239-700-8136x9094,274 Blair Ford Apt. 677,69,San Diego,lopezantonio@example.com
USA,John Ray,4604493020,0344 Charles Spur Suite 819,70,New York,cookjeremy@example.com
USA,Sara Armstrong,5396645479,7424 Shawn Road Suite 220,71,Phoenix,jeremy01@example.net
USA,Lori Rhodes,546.362.1328x030,1318 Misty Spur,72,Philadelphia,trodriguez@example.net
USA,Rachel Ballard,001-842-271-9042,577 Ashley Motorway Suite 243,73,Houston,adamsgrace@example.org
USA,Benjamin Wiley,+1-959-444-4175x46904,01538 Taylor Hollow Apt. 889,74,San Diego,pughjon@example.net
USA,Alyssa Smith,6377457663,90455 Mark Hill,75,Chicago,xwhite@example.com
USA,Jessica Martinez,883.402.7441,00693 Russo Via Suite 343,76,Houston,pallen@example.org
USA,Timothy Smith,001-735-372-6203x13221,3061 Brown Cape Suite 979,77,San Antonio,skeller@example.net
USA,Jose Burton,+1-369-666-0712x549,3295 Phillip River Suite 553,78,San Antonio,qtaylor@example.com
USA,Daniel Wallace,734.350.5536,4381 Patricia Alley,79,Dallas,andrew06@example.com
USA,Rachel Bruce,(680)972-4706x6237,418 Bell Inlet,80,San Diego,johnbennett@example.org
USA,Linda Beck,841-805-4619,8465 Morgan Forest,81,Dallas,thompsonmichelle@example.com
USA,Cindy Conner,(584)720-5718x029,197 Anna Route Apt. 982,82,Chicago,udavis@example.net
USA,Whitney Farley,(726)347-1606x117,1310 Christopher Stravenue,83,Philadelphia,mwashington@example.net
USA,Sean Parker,+1-201-609-3642,8536 Barnett Lock Suite 004,84,Philadelphia,lawrence45@example.net
USA,Kayla Weber,(415)394-2269x5360,73558 Amanda Court,85,New York,tonyathomas@example.com
USA,Richard Stanley,(238)896-6321,74773 George Spurs Apt. 803,86,San Jose,lwilson@example.org
USA,James Wong,764.982.8482,9327 Bennett Route Apt. 301,87,San Antonio,renee15@example.net
USA,Michael Smith,(371)628-1517x0495,151 Sharon Manors,88,San Antonio,petersondarrell@example.net
USA,Monica Newton,6696006151,5579 Fitzgerald Squares,89,San Antonio,ohoover@example.com
USA,David Barker,(424)381-4373x7652,679 Browning Port Apt. 822,90,Philadelphia,christian03@example.org
USA,Leslie Cox,307.413.7128x6757,15849 Scott Crossroad,91,Philadelphia,mariaswanson@example.com
USA,Elizabeth Cooper,(596)388-1890,21608 Walsh Squares Suite 985,92,Philadelphia,griffithalan@example.com
USA,Kathryn Anderson,+1-964-894-2665x654,196 Martin Station Apt. 838,93,Dallas,hwise@example.com
USA,Kimberly Patel,380-321-6291,680 Thomas Stream,94,San Diego,xavierjordan@example.com
USA,Danielle Lopez,001-365-547-2901,7325 White Roads Apt. 090,95,Los Angeles,hdaniels@example.net
USA,Rebecca Taylor,325.710.2720x5894,2434 Perez Lock,96,San Jose,lauriesnow@example.org
USA,Kristina Harris,(379)922-4926,98161 Roberson Mountains Apt. 888,97,Chicago,brian09@example.com
USA,Kelsey Petty,330-490-9028,314 Valerie Burg Apt. 479,98,Houston,erikawright@example.net
USA,Chad Carpenter,001-826-329-5648x34985,0693 Melissa Light Suite 206,99,San Antonio,zwalker@example.com
USA,Tanya Walker,001-961-936-2276x2162,648 Vang Fall Suite 266,100,Phoenix,mariamitchell@example.net
USA,Joseph Kline,(424)618-5700x01298,5161 Anthony Tunnel,101,Phoenix,cward@example.net
USA,Sophia Blake,(425)680-8735x1767,088 Myers Path,102,New York,elijah73@example.net
USA,Fernando Howard,(356)384-7596x31660,724 Jake Mission,103,Chicago,richard01@example.com
USA,Timothy Weaver,275-592-0606x963,20902 Jones Causeway Apt. 643,104,Chicago,redwards@example.com
USA,Jared Snyder,(569)710-7141x81789,9259 Ferguson Green Suite 423,105,San Jose,donald23@example.org
USA,Bryan Williams,8895504113,32381 Heather Village Suite 176,106,Los Angeles,whitekyle@example.org
USA,Sean Norris,001-852-592-8366x82204,3023 Kristin Circles,107,San Jose,dwaynehayes@example.net
USA,Steven Preston,+1-682-566-5882x85516,096 Ashley Neck Apt. 794,108,Chicago,rconner@example.com
USA,Mr. Robert Crawford,+1-778-773-6974x274,13869 Bryan Cliff,109,Phoenix,istrickland@example.org
USA,Frederick Lopez,778-629-7593x1804,57717 Tyler Stream,110,New York,torresalexandria@example.net
USA,Donna Perkins,+1-931-788-8935x971,464 Martinez Extension Suite 427,111,Dallas,lisa30@example.com
USA,John Jones,(356)694-5672,7907 Scott Glens,112,Phoenix,taylor20@example.com
USA,Charlotte Smith,+1-820-628-3537x87891,7077 Sarah Vista,113,Houston,phillipsmark@example.com
USA,Danielle Romero,291.937.4126,540 Bradley Run,114,Houston,jeffrey47@example.com
USA,Amber Diaz,734-564-7489x4566,847 Leon Viaduct,115,New York,njohnson@example.net
USA,Jacqueline Smith,(774)852-2322x67094,12474 David Lodge,116,Philadelphia,ronald01@example.org
USA,Michael Lopez,477-246-9492,8627 Sloan Viaduct,117,Los Angeles,makaylawilson@example.com
USA,Jennifer Simmons,(562)819-7311,86126 Lin Field Apt. 770,118,Phoenix,perezkevin@example.com
USA,Steve Hale,+1-577-671-1539x364,6502 Reynolds Mountains,119,Los Angeles,tzamora@example.org
USA,Michael Johnson,001-732-663-0122,6878 Victoria Shoal Suite 844,120,New York,elizabeth20@example.com
USA,Luis Harris,001-850-955-4131x6413,574 Dustin Cliffs,121,Los Angeles,kfields@example.net
USA,Gloria Miller,386-549-4041,05940 Wolf Ridges,122,San Jose,craig15@example.com
USA,Rebecca Wilkinson,431-220-7203x44406,24621 Chan View Suite 519,123,Chicago,fjohnson@example.net
USA,Karen Rodriguez,(505)217-9383x341,76219 Sutton Burg,124,Houston,vweaver@example.net
USA,Robert Johnson,+1-636-937-6575x389,181 Garcia Bypass Apt. 534,125,Phoenix,scottkimberly@example.com
USA,Andrew Howell,487.227.5186,280 Aaron Light Suite 374,126,Dallas,thomasbrown@example.com
USA,Jordan Brooks,415.236.5913x665,6886 Pierce Extensions,127,San Diego,daniel84@example.org
USA,Michelle Simon,966.593.1176x02200,0320 Hunter Extensions Apt. 551,128,San Antonio,angelicanolan@example.com
USA,Kristine Lawrence,+1-661-345-8047x651,7321 Schwartz Plaza,129,Los Angeles,hannah62@example.org
USA,Walter Kennedy,207.460.9113,61810 Gary Turnpike,130,San Diego,schmidtchristina@example.org
USA,Robert Brown,574.994.9272,46436 Black Isle Suite 834,131,Phoenix,jesserobertson@example.net
USA,Dominic Nichols,001-410-942-3261x0493,0945 Johnson Lodge,132,Dallas,caitlin14@example.org
USA,Kim Johnson,+1-295-614-2754,0976 Jackie Bridge Apt. 814,133,Dallas,laneemily@example.com
USA,Amanda Lopez,+1-551-319-4259,29520 Williams Expressway Suite 174,134,Phoenix,wangcindy@example.net
USA,Mike Foster,(214)248-0150x7859,447 Herman Corners,135,San Antonio,michael84@example.org
USA,Sherri Hayes,228.432.2759x8174,037 Smith View Suite 011,136,Los Angeles,leejoshua@example.com
USA,Dennis Petty,728-705-8437x9511,943 Porter Plaza,137,Houston,ediaz@example.org
USA,Michelle Edwards,001-259-470-4849,87421 Brooke Parkways Suite 363,138,Phoenix,elizabethbuckley@example.com
USA,Jeremy Pearson,001-895-695-4833,414 Miller Corners,139,Philadelphia,reillyderek@example.org
USA,David Sanchez,485.471.3924x4646,7927 Parker View Suite 553,140,Phoenix,ronald23@example.net
USA,David Rodriguez,7412589685,21258 Cooper Meadow Apt. 632,141,New York,hwatson@example.net
USA,Jennifer Martinez,+1-790-606-6074,18540 Kevin Land,142,San Antonio,jareddaniels@example.net
USA,Debbie Mckinney,001-762-380-9343x746,768 Jeffrey Summit,143,Philadelphia,jesse93@example.com
USA,Felicia Simmons,+1-665-968-3633x0587,492 Stephens Radial,144,San Jose,lewiselaine@example.net
USA,James Krueger,2073062405,066 Macias Creek,145,Chicago,wesley59@example.com
USA,Nancy Mack,001-879-506-0501,1633 Travis Expressway,146,San Antonio,jennifer09@example.org
USA,Alejandro Ortiz,749-420-0961,80177 Yu Drives,147,San Diego,salinasmichelle@example.net
USA,Todd Edwards,+1-599-978-3965x994,9008 Jessica Knoll Apt. 558,148,Philadelphia,pyoung@example.org
USA,Nichole Johnson,448.971.2198x343,76433 Fisher Courts Apt. 902,149,San Diego,cory92@example.net
USA,Justin Liu,001-767-711-2883,245 Michelle Street,150,New York,blackwelltimothy@example.net
