employee_id,name,email,phone,department,salary
1,Mark Wells,pdavis@example.com,(468)301-9887,HR,40218.16
2,Jennifer George,kayla61@example.com,982-530-7753,Sales,52085.82
3,Melissa Cobb,xmartinez@example.com,+1-429-440-3290x80968,HR,74182.47
4,Jennifer Valenzuela,nancyglass@example.org,755.813.5135x54035,IT,95156.13
5,Lisa Woods,christopherlee@example.net,4977033053,Sales,63071.73
6,Anthony Thomas Jr.,svazquez@example.com,(294)589-9864x06500,Marketing,72010.22
7,Gregory Foster,oscarbrooks@example.org,341-960-5332x6657,Finance,65930.43
8,Monica Thomas,valdezalyssa@example.net,334.350.7469x8863,Marketing,38144.9
9,Crystal Maldonado,ramosbrandy@example.org,(387)809-8490,Marketing,95262.44
10,Michael Brady,sean87@example.org,+1-355-635-8094x1441,Sales,35837.51
11,Robert Alexander,michael92@example.com,698-258-1051,Sales,78474.27
12,Charles Torres,nbernard@example.net,282-515-8098,Sales,51514.25
13,Ashley Edwards,savagedestiny@example.org,+1-384-606-8956x44788,Sales,73371.84
14,Patricia Fowler,jenniferbaker@example.com,201-417-2399x489,IT,92663.77
15,Miranda Duncan,whitejeff@example.com,+1-356-653-0601x602,IT,98758.01
16,Tanya Jackson,mthompson@example.net,001-304-793-7357,Sales,88680.09
17,Christine Fuller,qbarry@example.net,6534014683,Marketing,54245.15
18,Bobby Santos,williamrhodes@example.com,(843)723-3989x771,IT,53957.73
19,Christopher Thomas,jennifer96@example.net,509.516.0715,IT,72423.58
20,Emily Boyd,nicholsonjonathan@example.com,620.229.2185x01408,Marketing,53237.37
21,Christopher Smith,mallison@example.org,(749)772-4600x575,HR,65431.28
22,William Ross,bennettcarolyn@example.org,(601)212-9568x918,Sales,81488.47
23,Breanna Kirby,mlara@example.org,505.549.2835x97828,Sales,94106.94
24,Cassie Bridges,lucasstevens@example.com,728-412-2092,IT,53920.88
25,Benjamin Jackson,terri88@example.net,453-393-9354x4971,Sales,58820.12
26,Linda Mcdaniel,adam18@example.com,+1-489-923-1733x60705,IT,94011.54
27,Amanda Mcintosh,zvega@example.org,205.311.3970,IT,99668.61
28,Johnny Simmons,valerie72@example.net,990-942-8134x66119,Marketing,76903.84
29,Amanda Levy,schroederkenneth@example.net,+1-208-472-7916,HR,75154.6
30,Matthew Armstrong,rojascheryl@example.com,570.263.0346x847,Finance,43068.82
31,Melissa Randolph,jessica80@example.net,865-826-1394x8388,HR,58014.51
32,Dustin Smith,wreeves@example.net,001-394-428-9325x03753,HR,44848.43
33,Mallory Perez,chapmansamuel@example.org,+1-524-432-0168,IT,63794.05
34,Catherine Jackson,michelle81@example.com,317-203-0174,HR,50652.93
35,Rebecca Davis,amanda47@example.org,+1-766-749-0201x4250,Marketing,86373.27
36,Brian Smith,murrayalice@example.net,781.543.5360,HR,84370.65
37,Michelle Reese,natashacarpenter@example.com,669-573-1512x753,Marketing,92955.59
38,Pam Chen,xjones@example.net,(512)569-7876x4973,IT,93748.24
39,Michaela Moore,david76@example.org,(755)518-1770,Marketing,59311.91
40,Brandon Harmon,jason15@example.com,+1-598-415-2712x44757,HR,31731.1
41,Brooke Hughes,mjohnson@example.org,(814)329-3183,Finance,35020.08
42,Amber White,ttucker@example.org,001-565-300-1913x23557,Finance,61265.83
43,Anthony Paul,iwright@example.net,805.288.9123x3069,Marketing,56225.46
44,Misty Ewing,janefisher@example.org,(993)653-6998x263,Sales,83858.26
45,Jeffrey Houston,alexbrown@example.com,+1-996-352-9176x4101,Finance,79694.17
46,Tom Bennett,millerkristina@example.net,6858921565,Finance,46602.22
47,Tony Martinez,mark67@example.org,(694)758-9049,Finance,85534.0
48,Matthew Martinez,bowmangina@example.net,(952)353-3595x39129,HR,36897.22
49,Jose Moore,ramirezjoseph@example.net,447-672-3664x94383,IT,33819.6
50,Jennifer Mitchell,amysantana@example.org,607-564-4223x796,Marketing,30295.12
51,Jeffrey Patterson,jfletcher@example.com,213.743.1274,HR,71623.04
52,Bryan Mcdaniel,emartinez@example.net,517.529.1860x2627,Sales,30275.92
53,Justin Jackson,azimmerman@example.net,+1-280-842-5916x6033,HR,76329.65
54,Nicholas Bennett,morganhansen@example.org,544.600.4430,Finance,72713.01
55,Scott Reid,ztorres@example.net,(744)979-7617,Sales,47982.35
56,Christopher Washington,sean09@example.com,582.205.4979,Marketing,46165.13
57,Regina Stone,helenfoley@example.com,001-216-584-2833x02224,Finance,63077.36
58,Christopher Carter,abaker@example.net,894-318-4589x73451,Marketing,75393.79
59,Lonnie Villa,hodgesrobert@example.org,+1-631-761-8575x79320,IT,58964.05
60,Spencer Carrillo,laura68@example.org,775-793-7485x984,Sales,35612.9
61,Michael Smith,roythomas@example.com,001-299-685-3570x77174,HR,35146.84
62,Brendan Glover,griffincynthia@example.org,308.476.2847x557,Finance,51258.29
63,Sharon Lee,umccormick@example.net,662-929-7867,Marketing,81343.56
64,Shane Thomas,emerritt@example.org,(888)640-5883x40169,Marketing,66650.74
65,Ashley Archer,ronald26@example.org,(431)775-8464x9767,Marketing,36201.86
66,Brooke Hunt,melanie49@example.net,001-313-993-3009x85749,IT,59127.75
67,Joseph Carey,davidgarcia@example.org,+1-244-835-4730,Marketing,90201.89
68,Brian Smith,vramos@example.com,001-588-467-6046x268,HR,62521.88
69,Manuel Conrad,vanessa33@example.org,+1-988-501-4708x459,HR,54584.98
70,Mary Davis,johnstonchristopher@example.net,741-255-3352,Sales,73380.16
71,Mary Ingram,laurenyang@example.com,626-680-2190x530,IT,84648.36
72,Jennifer Brown,hollandapril@example.net,472-205-7456x555,Sales,74318.0
73,Heather Martin DDS,benjamindaniel@example.net,8249405512,Marketing,59413.7
74,Michael Sanchez,steven60@example.net,918-225-3615x25658,IT,66298.42
75,Jennifer Roberts,davismichael@example.net,959.248.7343,HR,62123.07
76,Sharon Murphy,mccoyheather@example.com,523-436-8370x221,Marketing,41633.82
77,Sara Alvarez,caroline69@example.net,001-878-668-4478x786,Marketing,55895.04
78,Christopher Thomas,buchananmatthew@example.com,001-266-321-4818x6781,Marketing,43937.33
79,Isaiah Walker,sandrareyes@example.net,269-497-1326,HR,65236.62
80,Matthew Flores,holly86@example.org,645.320.6926,HR,83890.2
81,Anthony Oliver,susanhardy@example.org,274.316.8969,Finance,60210.75
82,Richard Brooks,john00@example.net,(593)743-6637x998,Marketing,53179.61
83,Jonathan Adams,ltaylor@example.net,845.400.2024,Marketing,98525.37
84,Jessica Boone,benjaminpacheco@example.net,527-953-6405x6952,IT,56493.82
85,April Daniels,nicholas71@example.com,+1-858-438-1905x3120,HR,58365.85
86,Mr. Chase Butler,jessicastevens@example.net,637-336-6637x80772,IT,65366.87
87,Todd Randall,nmorrow@example.org,(624)780-1806x7062,Marketing,76401.46
88,Antonio Rodriguez,rosskyle@example.org,434-624-2779x497,Finance,82025.8
89,Victor Baker,djohnson@example.net,(509)613-9751x3173,Sales,99919.06
90,Jeffrey Brewer,erobertson@example.org,001-482-890-1640x012,HR,82934.24
91,Jared Martinez,eking@example.org,416-812-8400x9340,Finance,42476.1
92,Melissa Choi,bonillajames@example.org,+1-273-818-9063x807,Sales,66513.02
93,Alex Nielsen,williamstanner@example.org,001-220-844-4500x413,Sales,95244.12
94,Grace Benton,desiree12@example.com,001-620-367-5503,Finance,48672.79
95,Cody Bass,kpalmer@example.org,521.274.0764x06720,Sales,57826.11
96,Jennifer Anderson,vdennis@example.org,680-693-6857,Marketing,51336.86
97,James Smith,petersonscott@example.org,515.203.1778,IT,77569.93
98,Maria Watson,dcompton@example.net,001-719-297-9376x33287,Marketing,67281.08
99,Robert Smith,amanda65@example.org,001-561-217-4539x94763,HR,64503.12
100,Patrick Colon,iclayton@example.net,001-949-376-1371x981,Sales,63470.89
101,Patrick Nelson,lauren13@example.org,(305)532-9384x92523,IT,62283.32
102,Thomas Smith,bharper@example.com,+1-748-781-7584x434,HR,49452.93
103,Maureen Romero,angelagreen@example.com,+1-487-511-5834,Sales,67879.82
104,Vincent Vasquez,johnsoneugene@example.com,594.225.4545x0849,Sales,72893.85
105,James Moore,lisa96@example.org,+1-496-261-4335x43453,Marketing,95081.87
106,Danielle Cook,xlewis@example.org,+1-484-244-0391x26315,Marketing,36429.89
107,Nathan Rogers,bross@example.net,757-668-1529x667,IT,41852.77
108,Candace Mclean,dbrown@example.net,001-716-579-6001x65690,HR,86757.21
109,Matthew Dixon,howellcourtney@example.com,465.365.1746x29834,HR,97053.72
110,Dustin Mendoza,jonathanmooney@example.net,9763541011,Marketing,49494.04
111,Jennifer Vargas,jacqueline67@example.net,6599614371,Finance,49159.13
112,Catherine Nguyen,terrijames@example.net,694.708.0381x782,Sales,44566.92
113,Katherine Hamilton,bethanyfranklin@example.org,898.720.1444x587,Sales,36212.03
114,Daniel Anderson,dparrish@example.org,+1-228-774-1008,HR,97051.55
115,Johnny Wang,melanie06@example.net,001-363-381-3200x3571,HR,44849.02
116,James Rivera,justin64@example.org,303-237-1744x318,Marketing,34982.64
117,Richard Bailey MD,claudiabowman@example.org,2944537581,IT,77531.49
118,Jill Shepherd,knightmichael@example.org,(652)833-5091,HR,91049.73
119,Glenn Hill,walkeradam@example.net,643-882-5517x64776,IT,34112.36
120,Tiffany Lopez,gevans@example.com,001-433-668-2927,Sales,68188.89
121,Antonio Taylor,mcooper@example.net,001-541-822-7506x292,Sales,72950.7
122,Mary Gray,vcrawford@example.org,(406)809-7998,HR,54656.56
123,April Willis,cclark@example.net,+1-716-365-8563x5929,Marketing,36729.51
124,Lauren Ferguson,josephfuller@example.org,(271)603-3503x1346,HR,42956.66
125,Michael Pearson,aprilstewart@example.com,794-232-3447,HR,54233.38
126,Casey Palmer,llewis@example.org,9214672122,IT,61363.94
127,Brian Lewis,elizabeth86@example.net,804.847.8742x255,Finance,32818.33
128,Catherine Robinson,buchananmatthew@example.com,(502)914-4240x4685,HR,33676.01
129,Lisa Mcgrath,boyerrobert@example.com,440.460.1739x72252,Marketing,52184.41
130,Nicole Carey,eileen32@example.net,762-387-5649x856,IT,75417.15
131,Julia Reynolds,cmiller@example.net,001-772-671-9166,Marketing,65720.3
132,Michael Snow,qward@example.com,(570)240-0959x610,Sales,85119.42
133,Brian Padilla,hortonisabella@example.com,+1-261-358-4322,Sales,40738.87
134,Christopher Allen,markbrown@example.org,001-394-918-2547x208,Marketing,48104.0
135,Robin Burke,tranzachary@example.org,6626928605,IT,66811.92
136,Jeremy Brown,taraedwards@example.com,488-476-3764x641,Marketing,94163.3
137,Russell Jones,michaelfowler@example.com,5887394104,Finance,34023.14
138,Mr. Willie Allen,zcarey@example.net,+1-350-549-1693,IT,75867.48
139,James Blackburn,sophia07@example.org,332-341-9727,Marketing,61533.3
140,Jerry Barnes,hughesjames@example.net,930-247-2548,Finance,72072.93
141,Timothy Wheeler,davenporthannah@example.net,266-404-7081,IT,68845.82
142,Curtis Flynn,rmason@example.org,988-226-1313,Sales,39526.78
143,Jose Silva,dbrown@example.net,(569)215-4804x006,Finance,48734.9
144,Danielle Johnson,slittle@example.org,(216)248-4130x6263,Finance,82686.0
145,Susan Miller,ghernandez@example.com,(255)783-4976,Sales,35075.69
146,Keith Moreno,pwalker@example.net,239.846.9084x10352,Sales,47937.7
147,Kimberly Williams,karensmith@example.org,(835)405-4889,Sales,89877.91
148,Curtis Soto,richardsonchristopher@example.com,+1-883-930-1414x700,Marketing,79313.87
149,Benjamin Lewis,seth61@example.org,(645)517-9743,IT,63085.2
150,Shane Larson,hansenkathleen@example.org,295.511.9419,Marketing,90687.81
