employee_id,name,email,phone,department
1,Jill Williams,thomassamantha@example.com,970.535.9573x90396,Finance
2,Ann Allen,ycarroll@example.com,+1-494-620-0621x0763,IT
3,Shannon Durham,abutler@example.org,526.503.2625x7599,Sales
4,Jennifer Ramsey,nmaldonado@example.com,349.213.3247x717,IT
5,Joseph Fernandez,fgonzalez@example.net,641-206-7843,Sales
6,Stacie Chavez,williamsleslie@example.net,(908)376-0678x03399,IT
7,Anthony Paul,reynoldsmichael@example.com,001-526-676-7888x284,HR
8,Rebecca Stanton,laura83@example.net,+1-510-927-4680x11899,Finance
9,Elizabeth Payne,nicholasjohnson@example.org,224.627.5950x65380,Marketing
10,Anthony Peterson,alishajackson@example.org,(345)918-4913,Marketing
11,Anthony Roth,john29@example.net,+1-394-702-3516,Sales
12,Zachary Wise,hicksdorothy@example.com,398-438-4651x873,HR
13,Angela Porter,perezdebbie@example.com,411-428-4080,IT
14,Laurie Sullivan,jacobgarrett@example.net,8127078992,Finance
15,Michelle Stanley,melinda15@example.com,438.893.4018x98759,HR
16,Thomas Lee,melanie05@example.com,(298)572-2705,Finance
17,Lauren Mejia,isanchez@example.org,(546)305-2355,Sales
18,Ashley Bell,cassandra81@example.org,238.631.6843,Sales
19,Amanda Stanley,pallen@example.net,599-571-5579x8995,IT
20,Joann Thompson DVM,ekeller@example.net,(822)771-8154,Finance
21,Angela Wood,tammyduarte@example.org,460-256-1474x8551,HR
22,Cynthia Carpenter,larryobrien@example.org,471-562-7654x1579,Finance
23,Michelle Baker,dylanlong@example.com,605.723.2953,HR
24,Sarah Hall,jstevenson@example.org,+1-255-590-7324,IT
25,Scott Peters,finleystephanie@example.com,691.319.0484,IT
26,Michelle Gonzalez,david39@example.org,+1-642-744-7301,Finance
27,Robert Whitaker,marshallangelica@example.org,+1-838-362-8632x213,Marketing
28,Judith Lewis,nathaniel35@example.com,001-748-314-3177x723,IT
29,Brandon Scott,hwright@example.com,444.464.0095x72553,Finance
30,Sandra Lee,sharonjones@example.net,001-719-674-4290x2073,Finance
31,Karen Murphy,snyderbrett@example.net,273.710.3753x2157,IT
32,Jennifer Harrison,richardsonpamela@example.net,+1-747-595-0238,Sales
33,Christopher Warren,roger04@example.com,814-437-1863,Finance
34,John Garrett,aaron44@example.net,001-467-910-1527x146,Finance
35,Robin Hughes,jacobthompson@example.org,618-741-1900,Marketing
36,Sharon Willis,jamesolsen@example.org,+1-624-455-2141x27069,Finance
37,Kevin Elliott,masonjane@example.com,315-994-9476x5782,IT
38,William Hill,wongtyler@example.com,8497476360,Marketing
39,Kim Miller,aimee42@example.org,914-446-6330x402,HR
40,Judy Hobbs,tiffanyglover@example.com,001-665-534-0000x338,HR
41,Debra Vazquez,lopeznicholas@example.com,331-644-3555,IT
42,Joshua Dawson,nathan64@example.org,717.933.1983x9510,Marketing
43,Travis Ortiz,angelamelton@example.org,001-959-697-1834x0100,HR
44,Kevin Grant,davidsandoval@example.com,842.940.8579x453,HR
45,Nicole Diaz,dustinmccarthy@example.com,+1-406-814-2064x7182,Finance
46,Clarence Guzman,renee86@example.net,(291)439-8140x58275,HR
47,Justin Wright,leepeter@example.com,676-850-3624x272,IT
48,Scott Thompson,villegasryan@example.org,001-806-268-3448x09829,HR
49,Lindsey Griffin,sabrina62@example.net,7243883369,HR
50,Johnny Wright,jenniferanderson@example.com,001-361-795-0201x459,IT
51,Denise Decker,brandondiaz@example.com,(463)817-3600,Finance
52,Keith Farley,karinadennis@example.org,756.525.4989,IT
53,Phillip Lewis,frank95@example.com,(835)615-1156x72529,IT
54,Brandon Gutierrez,alexandrakhan@example.org,(875)551-8132x43234,HR
55,Leonard Woods,dcox@example.org,352-842-6492x60466,Sales
56,Nancy Smith,william30@example.com,+1-993-955-5704x0710,Marketing
57,Hannah Smith,tboyd@example.com,762-980-9908x51351,HR
58,Joan Miller,lisalopez@example.org,(550)457-1182x38430,IT
59,Chase Morris,taylorjack@example.com,2829000191,Marketing
60,Kristin Pittman,douglas37@example.com,(930)363-1126x7809,Marketing
61,Kendra Rose,tammy15@example.org,386.383.1485,HR
62,Adrienne Wang,nunezrobin@example.net,+1-326-619-8300,Sales
63,Robin Duncan,cassie91@example.net,904.882.4182x890,HR
64,Meghan Clark,rosetammy@example.net,(919)586-1396x2584,Marketing
65,Teresa Allen,shawnanderson@example.com,474.583.0671x65232,HR
66,Beth Sellers,diazbarbara@example.com,001-829-933-2438x848,Sales
67,Laura White,christina71@example.org,001-506-500-5570x34310,Sales
68,Tammy Solis,fsmith@example.com,+1-352-625-8716x30179,Finance
69,Brittany Gutierrez,carolyn40@example.net,+1-856-627-3929,HR
70,Ashley Ferguson,lbryant@example.com,912.732.2479x45015,IT
71,Diane Murray,williamsmark@example.net,001-502-797-0708x5682,IT
72,Kevin Nelson,itaylor@example.com,001-531-383-9124x373,HR
73,Erin Warren,brentmolina@example.net,(864)551-1173,Marketing
74,Lisa Mcneil,tinacastillo@example.com,+1-499-297-5498x520,IT
75,Deborah Becker,colesarah@example.com,776-769-1361x826,Finance
76,Barbara Bass,brenda42@example.net,+1-293-522-8419x8046,Marketing
77,Amy Hawkins,hickmanjohn@example.org,911-211-9211,HR
78,Cynthia Fitzgerald,kgonzalez@example.net,(348)251-5518,Sales
79,Rodney Mcdaniel,jill21@example.org,419-963-3092x52161,Marketing
80,Katherine Lee,candacesmith@example.org,001-638-554-8779x32286,IT
81,Grant Bowman,danielmary@example.com,+1-881-939-5037x217,Marketing
82,Corey Morgan,felicia64@example.com,497-994-3323x26164,HR
83,John Clements,nicolearmstrong@example.com,463-345-9791x850,IT
84,Susan Ross,sgarcia@example.org,253.341.1209,Finance
85,Dana Roberts,berrykenneth@example.net,775-537-1693,Marketing
86,Kayla Michael,catherine37@example.com,001-200-859-6322x248,Marketing
87,Matthew Campbell,daniel64@example.com,551-220-6382x9863,Sales
88,Marisa Parrish,smithamanda@example.net,(786)889-3660x008,Marketing
89,Lauren Andersen,erika75@example.net,(760)880-6450,Sales
90,Jerry Guzman,carol38@example.com,(359)253-0885x17288,Marketing
91,Michael Booker,jeffrey56@example.net,(370)758-1128,Marketing
92,Kathryn Davidson,crawfordpeter@example.net,(559)525-1071x98555,Finance
93,Duane Little,danielwilson@example.org,390-957-6756x43468,Finance
94,Denise Thompson,joanoconnell@example.net,795-946-2022x06772,HR
95,Bridget Austin,sean14@example.org,397-830-2825x0865,HR
96,Tina Flynn,colinmolina@example.net,(633)954-0801x4134,Finance
97,Charles Mueller,ebell@example.net,+1-565-497-1173x4677,Sales
98,James Reed DVM,tburton@example.org,590-746-5840x6857,HR
99,Logan Bradford,charlotte61@example.org,001-326-227-5623x904,Finance
100,Mr. John Reid,deannagill@example.net,985-263-5936x46291,Marketing
101,Casey Clark,eharris@example.net,+1-404-454-5905x9352,Finance
102,Gary Perez,murraykristina@example.net,001-313-964-1507x83091,Sales
103,Tyler Day,hilldavid@example.net,2256900209,HR
104,Jessica Bryant,carterwilliam@example.org,392.220.2527,Marketing
105,Kimberly Villarreal,srobertson@example.org,(592)846-5200x49644,IT
106,Brian Martinez,bradleyjonathon@example.org,701.446.0701x180,HR
107,Kristine Kelly,william92@example.com,901-738-9031,IT
108,Amy Gaines,espinozapatrick@example.com,001-256-586-4155x98784,Sales
109,Yvonne Bowen,jerrybanks@example.com,+1-790-890-7346x477,IT
110,Sydney Robinson,murphyjared@example.net,(906)496-1706,IT
111,Kimberly Price,hayesjennifer@example.org,+1-466-731-6094x9228,IT
112,Anthony Eaton,ericnovak@example.net,(764)883-8783x95457,HR
113,Amy Thomas,lespinoza@example.org,+1-722-992-7155x1425,Marketing
114,Teresa Goodman,sarah00@example.net,646-457-6971x517,HR
115,Brendan Ramirez,jason92@example.org,(580)406-3559x0623,HR
116,Michelle Green,ralvarez@example.org,6677023304,Marketing
117,Sarah White,gene23@example.org,+1-708-480-8649x1003,HR
118,Ashley Hernandez,davisrobert@example.com,645.931.0680,Marketing
119,Susan Gutierrez,norma70@example.org,694-294-8927,Marketing
120,Elizabeth Warner,westduane@example.org,381-964-0431x3948,HR
121,Michael Morales,kellyjones@example.org,692.428.7149,HR
122,Linda Rogers,brownelizabeth@example.com,(292)475-1514x539,HR
