email,employee_id,department,name,phone,salary
wmiller@example.com,1,IT,Jennifer Bartlett,498-759-1446,52326.61
brownjohn@example.org,2,Finance,Jillian Mason,7732589796,73195.34
burtonmackenzie@example.net,3,HR,Felicia Bennett,(657)687-7229x4166,89039.06
cindymartinez@example.net,4,Finance,Katie Woods,(231)861-5150x518,98810.97
bernardkyle@example.com,5,HR,Brian Chambers,+1-927-953-0808,75526.78
lrodriguez@example.com,6,Marketing,Lisa Wright,412.808.8252x70190,71267.78
ian49@example.net,7,HR,Henry Mayer,456.478.1300,39714.09
sabrinaberg@example.com,8,Marketing,Michael Murphy,001-772-434-4419x63220,39588.02
carpentermichael@example.org,9,Marketing,Jimmy Lee,(773)575-5342,42182.95
haley54@example.net,10,Sales,Brianna Patterson,001-671-233-6151x4177,65839.34
derrickdavis@example.com,11,HR,Whitney Conner,001-992-262-8127x4003,94962.1
richardrivas@example.com,12,Marketing,John Miller,+1-479-720-8934x39674,55604.29
valenciarichard@example.com,13,Sales,Daniel Evans,723.608.4355x9826,44182.33
nturner@example.org,14,Finance,Chad Jones,(335)597-4736,79142.24
christopherali@example.org,15,Marketing,Nicole Oneill,(273)913-5662,70732.42
gwilliams@example.com,16,IT,Michael Harrell,649-433-4788,59363.48
michael84@example.com,17,Sales,Maria Moran,001-228-634-9637x41068,75437.8
tiffanyfisher@example.org,18,HR,John Campbell,563.866.2553,45574.57
christineedwards@example.net,19,Finance,Paul Newman,510-945-4952,34292.99
livingstonchristopher@example.net,20,HR,Amanda Young,882-361-0441x664,92030.74
carol64@example.org,21,Finance,Michelle Hammond,+1-911-648-3419x7590,53959.53
cdouglas@example.net,22,Finance,Rebekah Miller,001-776-950-0332x27779,89720.8
irobles@example.org,23,HR,Erin West,+1-427-962-1693x337,59310.97
james09@example.org,24,Marketing,Teresa Bridges,(702)300-4764,95928.09
arobinson@example.org,25,Sales,Suzanne Page,8327771330,87157.7
paulbryant@example.com,26,HR,Christina Jordan,(665)829-1204,94702.99
williamsjoseph@example.org,27,Finance,Robert Mcfarland,(753)342-2660,40316.55
rosalesrobin@example.com,28,Finance,Kimberly Park,2107049999,30277.11
avilajacqueline@example.org,29,IT,Daniel Baker,001-415-327-4597x3938,55606.42
katherine54@example.net,30,Marketing,Justin Peterson,2292634779,69148.4
dharrison@example.org,31,Finance,Kimberly Garcia,539.734.8888x22825,95976.8
davisjesse@example.net,32,Marketing,Eric Massey,001-988-900-3295x3710,53344.0
michellewilliams@example.com,33,Sales,Robert Robertson,001-580-676-1330x963,72133.39
yandrews@example.org,34,IT,Michelle Webster,214-944-2776,39169.75
taylorkenneth@example.org,35,Finance,Samuel Smith,227-527-2221,36114.48
jleach@example.net,36,HR,Seth Kirby,(932)365-6769x88994,55385.95
scottjones@example.com,37,HR,Jacob Hickman,494.383.2088x742,94110.75
alexandercole@example.org,38,Finance,Michelle Lopez,+1-692-736-1163x25838,91899.03
hensonelizabeth@example.net,39,IT,Katherine Hunter,(666)634-5505x125,57061.16
gonzalezstephanie@example.org,40,IT,John Clements,(511)270-1269x50640,32783.42
pjones@example.com,41,Sales,Andrew Garcia,404-528-2463x5341,31158.72
gonzalezdebbie@example.com,42,HR,Mark Hodge,336-982-2892,92462.61
jonathanpeterson@example.com,43,Sales,Patricia Johnson,336-638-7355,78768.79
jessica73@example.net,44,Sales,Rachel Lutz,+1-832-620-9337,38671.25
alexishowe@example.net,45,IT,Marie Stanton,+1-882-939-9151,75297.06
ihowell@example.com,46,Marketing,Diana Hardy,(694)209-4976x729,40725.33
gabrielle84@example.org,47,HR,Ashley Ramirez,(943)320-6333,35184.57
anne95@example.com,48,Sales,Rebecca Valdez,666.937.3172x688,74335.09
catherinetownsend@example.com,49,Marketing,Donna Olson,307.862.2331,47479.14
angela31@example.org,50,Sales,Lindsay Thomas,(721)904-2893,52595.79
kaitlyn90@example.com,51,IT,Jonathan White,001-734-406-5244x748,95812.68
dorothymoore@example.net,52,Sales,Stacey Taylor,+1-294-804-4900,43500.86
michael41@example.org,53,Marketing,Stephanie Flores,569.681.7757x763,55503.34
karensmith@example.org,54,Sales,Robert Cole,+1-919-974-7020x53621,46928.25
kaylawilliams@example.com,55,Marketing,Jonathan Smith,001-555-719-3377x626,58659.86
kimberlymontes@example.org,56,Marketing,Christina Kelly,+1-617-261-4349x43051,46577.36
scott48@example.net,57,HR,Dr. Bridget Franklin,808-802-8516x476,69526.7
cuevasdustin@example.net,58,Marketing,Brandon Green,001-201-849-4091x989,98786.58
xscott@example.net,59,Marketing,Tracy Harvey,855-580-5043x940,90177.83
nathaniel55@example.com,60,Marketing,Linda Chen,(803)934-7711,38980.03
christopher12@example.org,61,IT,Alexandra Mccullough,274.491.9431x72163,84706.76
ashley02@example.org,62,HR,Brian Miller,313.532.6343x99921,69835.95
zrodriguez@example.org,63,Sales,Matthew Flores,001-960-839-8913x19436,35227.1
wileypaul@example.net,64,Finance,Emma Wells,001-467-747-7794x472,50100.13
mark37@example.org,65,IT,Michael Singh,921-992-2689x501,67092.31
jay54@example.com,66,IT,Annette Hughes,783.421.6194,40099.91
robinbrown@example.net,67,Sales,Devin Mills,652.681.6369,83892.61
hannakimberly@example.org,68,IT,Wendy Jackson,+1-918-305-0943x01769,33759.74
xlewis@example.org,69,IT,Laura Kent,203.377.3150x21264,73519.42
oscar06@example.org,70,Marketing,James Martin,425-336-1196x6203,63194.44
cliffordsmith@example.net,71,Sales,Alex Parker,(395)617-4554,73582.82
xking@example.org,72,HR,Brad Rodriguez,+1-921-848-6075x7060,41841.14
wrightnancy@example.org,73,HR,Laurie Carlson,(840)234-0672,77105.71
michael52@example.org,74,Sales,Teresa Conner,504.549.2067x00551,35320.94
xblake@example.net,75,Sales,Denise Carter,339.407.2142x34372,30384.79
bradley10@example.org,76,IT,Laura Mcmillan,331.864.8201,91912.74
donnahanna@example.net,77,IT,Mario Walker,856.541.9915x804,62989.91
falexander@example.net,78,Marketing,Melissa Hunt,269.871.5525,51594.34
kevin21@example.org,79,Marketing,Elizabeth Santiago,001-701-649-8075x74993,34760.04
michaelsmith@example.net,80,Sales,Sean Curtis,+1-930-852-6572x95056,64533.18
brownsandra@example.net,81,Finance,Christina Dunn,768-293-7569x449,93440.93
ymunoz@example.net,82,Sales,Charles Estrada,731.485.9122x87144,77114.73
mathewgutierrez@example.com,83,Sales,Edward Morris,(745)762-7354x087,94211.33
moralesmark@example.com,84,HR,Jose Bray,303-605-6210,46179.74
chadmiles@example.net,85,Sales,Brittany Obrien,412-808-7350x036,57622.71
michael70@example.com,86,Sales,Jeremiah Jenkins,(868)866-7324x2123,30539.11
emilymyers@example.org,87,Sales,Patrick Mann Jr.,7782494379,83263.02
carrieflores@example.org,88,Sales,Dawn Richardson,892-389-6549x9697,91133.4
kking@example.org,89,HR,Katelyn Gutierrez,001-547-928-0505x7863,37886.21
annalara@example.org,90,Marketing,Heather Lambert,345.978.6346x154,37665.16
hgallegos@example.com,91,Marketing,Patricia Jackson,+1-270-363-9394x13089,56955.53
jake52@example.net,92,Finance,Chad Nelson,440.933.8470,64339.41
taylor84@example.com,93,HR,Tracy Hicks,(372)397-1711x125,37602.0
karathomas@example.com,94,HR,Brandon Meyer,759-947-2580x647,83330.57
littlelaura@example.org,95,Marketing,Victoria Winters,859.201.2437,64602.61
oduran@example.com,96,IT,Monica Stewart,779-307-9323x989,36141.77
jennifer71@example.net,97,Sales,Tiffany Morrow,+1-720-882-9191,45268.06
orivera@example.com,98,HR,Marcus Evans,(780)667-2910x936,54393.33
kramerkimberly@example.net,99,Finance,Gina Weaver,(695)871-3815,36609.49
kevinday@example.com,100,Finance,Rebecca Hamilton,623.567.6853x955,40326.5
petersonjennifer@example.com,101,HR,Samantha Murphy,829.685.9529x61436,36424.81
bgutierrez@example.com,102,IT,James Thornton,719-537-4535,83595.34
smithwayne@example.com,103,Finance,Lorraine Benjamin,8433260881,74668.69
krystaldavis@example.com,104,Sales,Kayla Charles,495.399.7743x63061,74294.17
nsherman@example.net,105,IT,Joshua Roberts,+1-314-985-2798,60108.91
lliu@example.com,106,Marketing,Theresa Jackson,+1-851-572-4686x458,47721.03
johnortega@example.net,107,IT,Mark Gilmore,937.972.2231,81876.94
carterfrank@example.com,108,Marketing,Mitchell Yu,(954)369-4502,58531.41
emily31@example.org,109,Finance,Brandi Zimmerman,001-870-862-7563x09406,89665.11
taylorjames@example.net,110,Marketing,Kayla Hunter,001-328-407-1227x8728,66840.93
shari50@example.net,111,Sales,Rebecca Fuller,+1-410-379-7619,78700.8
jessica43@example.com,112,IT,Dr. Shelly Gomez MD,500-686-3544,47110.64
egordon@example.org,113,HR,Natasha Cabrera,+1-917-742-4012x401,85249.7
vwilson@example.net,114,Finance,Stephen Huynh,917.518.9276x262,31423.27
sarah51@example.com,115,Sales,Christopher Jones,347-681-5156x4671,99387.66
catherinemorales@example.com,116,Finance,Gary Serrano,+1-390-525-1886x66537,54285.46
joel28@example.com,117,Finance,David Henderson,001-910-426-3823,49141.34
crogers@example.org,118,Finance,Courtney Gray,001-517-574-7352x7783,46334.77
hpeterson@example.com,119,Marketing,Denise Anderson,3398934248,58918.18
faulknershannon@example.net,120,HR,Nicholas Duncan,5943712678,58862.23
robert95@example.org,121,HR,Kathryn Howell,228.490.6724,76957.13
mfoster@example.com,122,IT,Melinda Valencia,473.606.7138x303,69077.75
melissabauer@example.net,123,HR,Susan Wang,+1-809-645-7919,71370.6
