name,salary,email,employee_id,phone,department
Jonathan Ortiz,87441.22,uadams@example.net,1,+1-470-470-1950,Marketing
Chris Beck,41584.94,clarklisa@example.org,2,+1-552-774-0225,HR
Robert Jones,36171.63,jennifer30@example.com,3,001-426-461-0841,HR
Daniel Williams,93300.68,smithholly@example.org,4,+1-567-239-1604x2194,Sales
Daniel Mullins,67162.55,timothy03@example.com,5,3154120592,Marketing
Maria Grant,63365.65,fwhite@example.com,6,(414)352-8914x301,Sales
Kara Hoffman,32045.29,josephmartinez@example.com,7,928-356-7858,IT
Christina Allen,78109.94,kristina90@example.com,8,681.609.3146x87458,HR
Dennis Webster,44918.69,jonesangela@example.net,9,4662254223,IT
Cynthia Smith,74361.28,geraldrandall@example.net,10,+1-300-311-9810x88535,Finance
Christopher Hayes,32682.18,smithrobert@example.org,11,+1-530-794-8570,HR
Dr. Brooke White,85320.25,lindsaygriffin@example.net,12,+1-782-548-3979x32688,Finance
Alexa Clark,47038.16,rharmon@example.net,13,+1-294-497-7574,HR
Amy Parrish,98627.63,sandrabutler@example.com,14,517.774.6037x200,IT
Caleb Chavez,53567.43,patriciaandrews@example.com,15,001-611-993-5335x3766,IT
Jordan Hayden,67795.36,hallelijah@example.org,16,660.495.9787x5448,Sales
Jimmy Ward,74725.83,mackjenna@example.com,17,994.214.6562,Finance
Jessica Bowman,30808.23,blackelizabeth@example.com,18,+1-996-693-2587,IT
Michael Byrd,83755.47,williammoreno@example.org,19,001-681-357-3935x92138,IT
Joel Tran,44904.47,charleswells@example.com,20,(483)398-2212x898,HR
Darrell Hoffman,65141.28,sararandall@example.org,21,718.414.4449x646,Finance
Regina Smith,93062.5,caleb45@example.com,22,+1-253-222-8581x42557,IT
Peter Howard,73506.26,garyroman@example.com,23,(618)912-0013,HR
Donald Acosta,44676.49,tanderson@example.net,24,963-695-7056x83923,IT
Larry House,45851.97,jeffreyolson@example.net,25,001-868-723-2201x76688,HR
Shawn Bailey,65352.82,christopher27@example.net,26,001-821-812-0519x58715,Sales
Nancy Obrien,70018.58,rosezachary@example.net,27,3537528397,Finance
Daniel Carter,61556.92,donaldalvarez@example.org,28,942-890-4085x850,IT
Holly Sanchez,64268.36,pennythompson@example.com,29,322.540.7278x0103,Sales
Bethany Calhoun,53553.62,joshuashelton@example.net,30,5433280916,Finance
Alexandra Greene,88895.06,rhunter@example.com,31,659.585.6978x244,Sales
Roberta Allison,61719.78,carrillotravis@example.org,32,380.623.7682,Sales
Gerald Hill,46710.27,virginiafrank@example.net,33,953.881.8863x987,Sales
Frank Kelly,54678.73,lawrence61@example.com,34,2663768708,HR
Robert Hanna,44065.09,joshuamartinez@example.net,35,761-440-9692,HR
Amanda Martin,67960.16,houstonsusan@example.org,36,713-728-9069x1552,HR
Lisa Guzman,86333.81,timothycox@example.org,37,287.816.2043x100,Finance
Michael Nichols,45878.93,robert32@example.com,38,393-572-5835,Finance
Dylan Campbell,44295.62,savannah97@example.org,39,(832)494-7317x01564,HR
Jessica Ward,96774.99,cynthialee@example.net,40,793.675.5613x569,Sales
John Johnson,57422.74,vanessabrown@example.org,41,+1-802-791-1518x269,Sales
Joshua Hickman,94953.36,janetbutler@example.com,42,3786490493,IT
Anita Wu,38489.35,sreyes@example.net,43,401.661.0538x8824,Finance
Christina Anderson,45482.08,stephaniekeith@example.net,44,+1-907-570-5636x02996,Sales
Pamela Smith,44079.47,fchen@example.com,45,+1-673-317-1462x461,HR
Misty White,78866.98,parkertaylor@example.net,46,+1-719-694-3306x8506,Marketing
Kenneth Gonzalez,56538.64,yvonne71@example.org,47,+1-332-888-9515x149,Finance
Mr. Kevin Cook,55671.72,aguilarmark@example.net,48,571.549.1102x094,IT
Terry Kidd,80376.52,reneeharrison@example.net,49,001-480-731-2074x63815,Marketing
Angela Brown,79922.66,lisa68@example.net,50,001-269-918-5015x39982,Marketing
Terry Haney,95032.25,trice@example.org,51,487-852-7244x848,Sales
Dennis Franklin,52054.46,jonathanscott@example.net,52,+1-506-441-5295x00095,Finance
Joseph Petersen,71679.14,elizabethmcdaniel@example.com,53,(546)848-7996x6237,Finance
Alan Baker,67258.3,virginia48@example.org,54,471-352-4840x6084,HR
Stephanie Taylor,87291.41,whiteashley@example.net,55,263.300.0169,IT
Kathleen Johnson,67416.63,matthew30@example.org,56,270.230.2939x930,HR
Alexis Henry,59220.62,kevin25@example.com,57,685-202-2459x778,Marketing
Sherry Hall,67045.93,hamiltonjennifer@example.org,58,265.356.1172,Marketing
Dennis Cole,92367.27,cindyvelez@example.org,59,(274)779-1183x8892,HR
Robert Scott,94093.23,qstewart@example.net,60,296-564-4348,Marketing
Terry Harris,42642.43,gutierrezsamantha@example.net,61,(735)511-7809x451,IT
Amy Rosales,44128.92,william22@example.com,62,(253)310-4060x9450,HR
Alexander Romero,73756.76,mcclurebrian@example.net,63,+1-316-371-1549x4227,HR
Michelle Hunter,93647.08,alyssa08@example.org,64,485-222-3304x4454,IT
Dawn Garcia,49130.02,gabriela92@example.com,65,912-521-5533,Finance
Jacob Hunter,55149.48,ccarter@example.com,66,365-777-4198x5532,Finance
Michael Johnson,68378.9,cmills@example.org,67,857.426.4346,HR
Hannah Allen,69816.54,davidholt@example.org,68,816-498-4434x4607,HR
Jeffrey Roberts,70766.03,bradley58@example.org,69,952.253.9844x79008,Marketing
Dustin Bonilla,58371.75,zkelly@example.org,70,(922)969-7170x927,IT
Melanie Jefferson,63167.64,hcooper@example.net,71,+1-480-452-4978,HR
Jose Garcia,80514.01,wrightbrian@example.com,72,711-949-8844x512,Marketing
Susan James,63902.09,icastro@example.net,73,604.590.6660,HR
Ricky Martin,95970.28,pgray@example.org,74,001-816-845-7150x36697,HR
Timothy Holmes,58590.56,mmccall@example.org,75,234-645-9021x73936,Finance
Christopher Bryan,63954.28,cbrandt@example.com,76,8603100566,IT
Brittany Moore,52517.12,rdavis@example.org,77,001-770-673-1355x0532,Marketing
Terry Velazquez,87249.5,edwinsummers@example.net,78,(751)519-9984x09994,Finance
Shawn May,70799.02,yanderson@example.net,79,789.458.0593,IT
Carrie White,40753.69,chadknapp@example.net,80,851.548.7070x109,IT
Eric Rojas,85212.67,qchang@example.com,81,(404)455-6149,HR
Dana Gomez,94688.26,mitchellholt@example.com,82,001-519-792-4347x5159,HR
Daniel Ritter,97682.27,williamsashley@example.net,83,7004238105,Finance
Mackenzie Henderson,95609.01,carriegilbert@example.com,84,800.346.5359x4490,HR
Brandon Stewart,70830.92,richardnewman@example.org,85,+1-577-290-1391x2986,HR
Ann Williams,39373.19,jamieibarra@example.net,86,+1-685-779-8038x3330,Finance
Angel Holland,55509.68,robynsparks@example.org,87,648-357-9821,Finance
Mark Turner,46678.06,qwhite@example.com,88,+1-859-839-7722x18115,Marketing
Devin Carr,92149.73,alvarezryan@example.com,89,683-226-2065x3752,Sales
Shane Arnold,63251.86,thoffman@example.org,90,462.510.4763,Marketing
Emily Morris,80127.94,johnsonmichael@example.com,91,001-904-516-2655x424,Sales
Richard Goodman,91250.61,brownlori@example.com,92,001-274-782-4861,Sales
Felicia Hill,54356.28,ashleychurch@example.org,93,(567)983-6243x035,HR
Xavier Thomas,51999.02,marshsteven@example.net,94,816.926.3061x2405,Sales
Luis Greer,34581.98,christopher76@example.net,95,282.424.6616x89797,Finance
Paul Hampton,46987.65,zvelasquez@example.com,96,(635)730-4076,HR
Destiny Jones,78716.56,kevin28@example.com,97,741.281.4535,Finance
Michael Chavez,80497.75,adamcox@example.org,98,(730)833-6098,HR
Jordan Day,69892.89,garciadonald@example.org,99,+1-322-772-9723x5409,IT
Tammy Peterson,91741.18,ruizjulia@example.org,100,219.205.2350x79493,Marketing
Karen Parks,98079.75,oobrien@example.org,101,852.333.9321,IT
Seth Marquez,33735.17,haileyperry@example.net,102,+1-663-905-4555x53761,Finance
Samantha Kelly,75099.96,tcruz@example.org,103,908.242.2222x25504,HR
Michelle Joyce,59542.88,nhernandez@example.com,104,(586)439-4501x2168,Sales
Suzanne Fuller,60110.63,burnssusan@example.com,105,981.642.2711x143,IT
Jared Lucas,65969.1,montgomeryjimmy@example.net,106,368-335-5640x665,Marketing
Elizabeth Ramirez,55991.43,ryanjackie@example.org,107,+1-970-368-2645x526,Marketing
Anthony Carter,66771.22,david37@example.net,108,001-653-465-2514x223,HR
Steven Burton,62463.7,timothy07@example.net,109,695-238-5121x286,Finance
Brandon Wallace,37274.75,fitzgeraldmonica@example.com,110,786.865.0997x353,Marketing
David Kirk,69251.67,carterdana@example.com,111,3883908754,Sales
Dwayne Thomas,60863.51,pamelawest@example.com,112,001-903-604-5610x9501,HR
Erik Green,46908.05,maria83@example.com,113,001-476-589-3580x2540,Finance
Danielle Ayala,92369.25,carolynschwartz@example.org,114,001-926-412-9512x20299,HR
Jason Jones,99085.04,larry15@example.net,115,(874)530-9744x111,IT
Alan Martinez,60652.81,leedodson@example.org,116,(280)780-3208,Sales
Cameron King,48888.25,hurstdavid@example.net,117,531.395.7025,Sales
Katherine Tran,82776.23,angelagrant@example.com,118,+1-895-424-6060,Finance
Nathaniel Barry,47253.15,davisdavid@example.com,119,682.387.4934x195,Marketing
Jack Reynolds,55059.47,brucedaniel@example.org,120,+1-251-314-5780x945,Sales
Ashley Thomas,76243.64,chenadrienne@example.org,121,778-416-6210,IT
Emily Huang,99700.05,qlewis@example.org,122,547.246.0698x35610,Marketing
Beth Giles,73619.16,josephmartin@example.com,123,(366)383-0792x82046,Finance
Angela Salas,58802.34,xavier18@example.net,124,001-888-879-7629x023,Finance
Scott Kemp,73339.91,ahunter@example.org,125,001-785-345-1060x180,IT
Jonathan Johnson,46025.99,ryan88@example.com,126,926.519.8543x9838,HR
Kathleen Torres,45896.74,whitney51@example.com,127,817-516-2091x081,Sales
Ann Gilmore,58649.44,matthewcordova@example.com,128,475.770.0866,Sales
Gregory Ellison,39104.39,medinajohn@example.org,129,216.456.5362x5402,HR
Steve Ramirez,80448.02,susanwagner@example.org,130,001-232-307-8623x0043,Finance
Andrea Solis,82187.49,mitchelljonathan@example.net,131,001-455-560-4682x0866,IT
Ian Morrow,73439.5,zimmermancourtney@example.com,132,001-589-792-3577x007,Sales
Kelly Reed,55224.68,copelanddavid@example.net,133,+1-217-714-9431x66480,IT
Timothy Cooper,42879.69,douglasandre@example.org,134,6154341757,IT
Nicholas Gilbert,73447.56,aliciahodges@example.net,135,001-393-855-9720,IT
Andrew Rivera,67207.03,keith83@example.com,136,950-876-7516,Finance
Ashley Lutz,92823.44,tbailey@example.org,137,206-354-7607,IT
Martha Davis,68418.4,nicholas55@example.org,138,001-850-663-4452x7839,Marketing
Paul Mills,84723.09,john37@example.net,139,790-971-2437x58364,IT
Sheryl Vargas,56912.06,francislawrence@example.net,140,416-751-8410,HR
Amanda Ramirez,63842.35,williamschristopher@example.com,141,(549)285-0307,IT
Kathleen Sanchez,75882.93,henryjesse@example.com,142,+1-744-474-7123x720,HR
Julie Anderson,99135.05,nathan15@example.org,143,(799)940-8449,Sales
Lisa Harris,52985.71,amberkim@example.com,144,(513)464-1476,IT
Amy Jones,35319.24,jrobles@example.net,145,693-257-1418x671,Finance
Mr. Ronald Allen Jr.,32713.29,tuckermax@example.net,146,678-786-9165,IT
Wendy Torres,96742.03,qromero@example.net,147,979.567.5807x3153,Marketing
Joshua Reeves,43035.43,patricia52@example.net,148,(985)238-0619,Marketing
