employee_id,email,phone,department,salary
1,jelliott@example.org,448.469.1947,Marketing,82980.45
2,bensonvictoria@example.com,+1-610-359-5870x87434,IT,60169.22
3,adambrown@example.com,+1-999-419-2089,Finance,30262.78
4,ambercampbell@example.com,(401)678-0923x454,Finance,46040.21
5,casey53@example.org,(591)332-5023x40103,Sales,78785.71
6,carmstrong@example.org,001-422-691-2665,Marketing,83770.63
7,davidadams@example.org,5318655825,Marketing,91987.94
8,kelly04@example.net,(980)433-3750x0676,Finance,58668.16
9,merrittdaniel@example.org,001-914-969-1859x571,HR,83910.51
10,ashleypotter@example.com,4725861704,HR,82277.97
11,kjones@example.com,+1-926-609-6866x40725,Finance,83451.17
12,danielgarrett@example.org,+1-392-547-6930x6347,Marketing,38477.08
13,ilittle@example.net,001-423-966-9039,IT,30895.66
14,ralph91@example.org,613.449.4791x855,IT,60099.99
15,eadams@example.com,913-475-0621x495,IT,74552.54
16,james32@example.org,001-866-773-8997x578,HR,60978.41
17,jmcdaniel@example.net,+1-399-389-0308x48489,IT,48987.29
18,tuckerjeanette@example.net,(791)292-6466,Marketing,57478.69
19,loripowell@example.org,+1-872-758-6710x96927,Marketing,96581.4
20,lewismorgan@example.org,(998)255-1006x74300,Marketing,64909.54
21,rogersjason@example.com,445-284-4163x57871,Marketing,70462.64
22,patrickkent@example.net,(815)774-5758x67991,Finance,71526.26
23,ipeterson@example.org,940.806.7760x86941,Sales,35641.63
24,wilkinsondawn@example.net,001-701-544-4710x10095,Finance,34900.5
25,rosewesley@example.org,(847)245-2457,Finance,57326.57
26,bmejia@example.org,+1-646-529-1495x82034,Sales,58518.12
27,cainkevin@example.com,+1-712-429-6043x7533,IT,33227.94
28,millernicole@example.org,+1-848-248-2144x274,Sales,68124.73
29,mharris@example.org,(918)450-1793,IT,40537.36
30,iunderwood@example.com,001-867-239-3111x5080,HR,76829.75
31,caitlinphillips@example.org,(802)721-3142,Sales,53026.69
32,manuellewis@example.org,526.303.7922,Finance,99055.37
33,angela08@example.net,(640)705-9279,Sales,52981.79
34,johnsonjeff@example.net,+1-575-942-0721x1602,Sales,66639.32
35,levinematthew@example.net,9884823001,IT,45642.28
36,wgonzalez@example.com,001-446-453-3099x60745,Marketing,64242.5
37,xchristensen@example.net,(364)842-2813,HR,63499.79
38,thomasjoshua@example.net,(222)577-0599,IT,87023.32
39,jirwin@example.net,+1-479-485-9085x938,Sales,79190.24
40,shawn74@example.net,+1-312-537-2821,Sales,39346.52
41,hlopez@example.net,(488)770-1702x304,Sales,70068.92
42,stephenspatricia@example.com,+1-936-847-1561x027,HR,30856.98
43,josephgarrett@example.net,4453801159,Finance,51823.32
44,dwaynecaldwell@example.com,(512)849-6554x0990,HR,39992.62
45,mroberson@example.net,(919)912-8149,HR,87480.27
46,qbell@example.com,419.582.4277x807,IT,42905.82
47,skinnerruben@example.net,338-306-8240,Finance,45797.03
48,john48@example.com,(251)227-1142x35626,IT,61175.74
49,millermichael@example.com,+1-397-430-9044x039,IT,75404.97
50,troycastro@example.org,(613)939-2155x91255,Finance,82083.19
51,tyler63@example.net,+1-631-205-1172x704,Marketing,47017.5
52,nhuber@example.com,899-326-2014,Sales,96160.95
53,gordonemily@example.net,001-294-601-3846,HR,96176.18
54,jared17@example.net,991.733.4966x674,IT,58805.88
55,aaronfry@example.net,413.328.9157x64827,Sales,70412.52
56,ftaylor@example.net,001-265-417-6619x312,HR,80140.37
57,smolina@example.net,+1-308-363-5200x844,HR,45459.05
58,margarethoward@example.org,200.897.2812,Marketing,76868.17
59,brian33@example.com,6395292381,Sales,57059.2
60,smithdavid@example.org,784-825-4627x7393,Sales,65995.82
61,heatherwhite@example.org,307.706.3675x01980,Finance,84965.95
62,ucarter@example.com,638-902-0828x8631,Marketing,41109.24
63,robert72@example.org,(275)972-4028,Marketing,44376.9
64,markwilliams@example.org,001-452-455-6333,Sales,93326.87
65,yyang@example.com,(783)674-5102x191,IT,39654.99
66,tracy47@example.com,001-910-684-2302x69398,Sales,74985.11
67,trevinoshelia@example.org,420.834.5417x017,IT,85818.59
68,fraziercasey@example.net,270.966.4187,HR,52569.54
69,athompson@example.net,929-461-2927x6605,HR,88715.75
70,fernandezkathleen@example.com,001-942-287-5465x4706,Sales,31463.84
71,tsmith@example.net,773-280-4187,Sales,69471.01
72,christopher82@example.net,+1-393-645-2150x61963,IT,47384.66
73,candicemontgomery@example.org,684.380.7593x443,HR,74935.63
74,cody01@example.org,+1-210-852-5893x17551,IT,49264.68
75,deanna22@example.org,001-868-273-2035x86153,Sales,54474.76
76,linda28@example.net,+1-470-337-4101x500,IT,46730.56
77,jordanmelissa@example.net,399-290-2154,Sales,72418.06
78,kenneth08@example.com,001-496-952-4140x94577,IT,68965.99
79,wesleyfloyd@example.net,4119944745,Marketing,75730.88
80,hicksbrenda@example.net,+1-889-608-6459x39129,IT,75772.98
81,timothy21@example.net,(750)673-8531x6416,HR,47569.34
82,brucegarcia@example.net,525.457.2728x027,IT,56449.2
83,philipvance@example.com,(220)691-9465x241,HR,81811.86
84,xjohnson@example.net,3185755642,HR,91724.67
85,michaelcollins@example.net,001-467-507-5013,Marketing,52032.93
86,elizabeth44@example.com,(758)873-9554,HR,44337.46
87,cmercado@example.com,+1-214-380-0368x416,Sales,49872.58
88,tuckerangelica@example.org,+1-798-954-0995,Finance,37692.27
89,brittany75@example.org,550.227.4266x056,Marketing,59603.67
90,jessesims@example.net,(745)349-2713,HR,75921.86
91,christopherowens@example.com,001-809-898-0292x290,Sales,30940.63
92,zparker@example.org,001-412-212-3168x232,HR,97192.92
93,moorebarbara@example.com,560.598.0040,HR,85750.73
94,jensenjohn@example.net,996-846-4563,Finance,99938.29
95,bradleyshawn@example.net,(678)261-2899,Sales,70663.29
96,carrie68@example.net,(826)427-0698x5735,Marketing,59740.56
97,jcampbell@example.net,+1-974-485-4560x353,IT,34796.74
98,hartandrew@example.net,+1-217-716-9532x88195,Sales,68925.31
99,kimberly90@example.org,(868)909-5383x46475,Marketing,46328.64
100,aaron75@example.com,+1-374-538-4972x57815,IT,79728.76
101,kathystevens@example.com,+1-344-810-5212x73511,Marketing,34522.86
102,uhunter@example.org,798.970.8483x7372,Sales,42421.75
103,garciamary@example.net,416.748.9052x30838,Sales,59876.24
104,markmccullough@example.com,361.224.7321,Marketing,56305.82
105,marshallvanessa@example.org,+1-971-338-9135x2843,IT,73793.26
106,frose@example.com,001-616-883-8854x45287,IT,94210.24
107,munozlori@example.net,412-430-1234x14665,HR,86893.59
108,ecook@example.com,328-493-9288x36818,HR,50725.13
109,icain@example.net,567-485-3221,Marketing,93757.01
110,jlynch@example.com,(500)213-5931,Finance,94891.82
111,matthew15@example.net,992-693-3392,IT,99556.71
112,jameshernandez@example.net,001-852-612-7501x42728,IT,96430.77
113,bchurch@example.com,001-271-240-6376,Finance,60889.48
114,pameladavid@example.org,+1-590-562-9364x831,IT,41820.84
115,thomas12@example.org,287-929-0583,HR,62880.66
116,owilliams@example.org,2878744476,IT,51763.62
117,stephen97@example.net,+1-603-688-4483x548,Sales,32428.76
118,christine05@example.org,+1-477-731-5386,IT,83257.7
119,tinablackwell@example.org,001-929-454-2862x058,Finance,41671.78
120,amanda94@example.org,+1-727-435-7023x22494,Marketing,32697.42
121,cordovaderrick@example.org,+1-606-765-2752x24646,Finance,37561.39
122,ewilliamson@example.com,498-413-5662,IT,62398.26
123,qguerrero@example.net,366.321.4829,Sales,55033.43
124,matthew37@example.net,200.238.6324,Marketing,85438.24
125,pterry@example.net,+1-769-662-8070,IT,87124.04
126,rachel76@example.org,(501)747-5182,IT,55020.73
127,jefferydowns@example.org,819-338-3859x968,HR,54245.92
128,johnjohnson@example.org,(274)257-8685x034,Finance,33099.42
129,kimberlyochoa@example.net,449.414.4156,Sales,82235.39
130,pbaker@example.net,(354)264-6095x043,Sales,53621.87
131,julie33@example.net,509.597.6528,Finance,65134.53
132,todd66@example.com,+1-348-853-1239x7650,Marketing,91581.35
133,perkinsrobert@example.com,(257)323-2856x7678,HR,44452.63
134,mariaacevedo@example.org,919-644-7902,Marketing,88447.87
135,ssmith@example.com,+1-220-774-3291,IT,97834.69
136,yfisher@example.com,001-785-957-6435x9036,Marketing,83524.38
137,torresronald@example.net,272-707-8813,Marketing,90589.1
138,michaelcharles@example.net,(599)316-2946x0022,HR,38400.91
139,raymond72@example.net,695.335.9168,IT,88220.28
