employee_id,email,phone,department,salary
1,tracy72@example.net,358.225.2214x25790,HR,44987.42
2,pamelalarson@example.com,+1-849-660-2450x13503,HR,36889.16
3,carolyn63@example.org,455.457.7575x987,Marketing,83782.48
4,cmoody@example.com,(748)394-6792x934,Finance,94750.54
5,greentheresa@example.org,296-578-2171x29063,Marketing,62076.99
6,lanerichard@example.com,321-515-1797x00130,Finance,32780.53
7,irwinrichard@example.com,425.653.4706x7858,Sales,77724.72
8,michael02@example.org,5994638542,IT,90416.79
9,nlewis@example.net,001-957-838-3179x379,Sales,92245.46
10,ravenlee@example.net,(603)434-3675x0292,HR,97835.02
11,johnnystokes@example.net,338.700.2415,Finance,49182.85
12,rhondafuller@example.com,(460)957-9264,IT,37089.33
13,marybond@example.org,262-776-8635x64089,Marketing,43070.4
14,alvarezwalter@example.net,001-325-883-2329x684,Sales,88673.07
15,joseph74@example.net,220.440.1356x406,IT,85275.96
16,paulpatterson@example.org,449.661.6431x7376,IT,77074.93
17,hicksdaniel@example.net,(884)904-6493x33733,Marketing,90868.87
18,ihenderson@example.net,001-207-717-2264x3740,HR,62062.47
19,colemelissa@example.com,7329420526,Sales,77753.08
20,stevenruiz@example.com,001-690-494-9498x6539,IT,90269.53
21,bcollins@example.com,665.445.0809x0722,HR,75046.51
22,jjackson@example.org,635-294-6447,Sales,85565.37
23,amelton@example.com,856-848-8462,Sales,66371.41
24,gdonovan@example.com,+1-977-496-7252x2866,Sales,93770.87
25,rmiller@example.com,001-939-488-0561x269,HR,61331.75
26,smithkaren@example.com,+1-329-529-3381x61527,Marketing,60799.51
27,jason81@example.net,677.860.9860,Sales,71050.19
28,bdavis@example.com,(509)562-4104x6672,Finance,37923.15
29,jwerner@example.com,001-274-515-1355x3408,IT,98495.46
30,mbuck@example.net,3132666181,IT,30240.47
31,alyssa74@example.net,(643)709-0855x45209,Sales,95469.32
32,emily11@example.net,583-613-2415x511,IT,73974.49
33,armstrongdan@example.org,616.602.1195,HR,75597.55
34,kneal@example.org,953-437-6259x57866,Sales,63366.39
35,brandon70@example.org,771-550-0412x7119,Sales,34944.55
36,hudsonbarbara@example.net,4414362711,IT,30935.89
37,calvinparker@example.com,+1-692-500-7584x990,Sales,88614.07
38,clayjacob@example.org,646-336-4824x08037,HR,62823.28
39,kennethkim@example.com,+1-619-342-7877x609,HR,81467.94
40,millerjohn@example.org,(232)955-2192,Marketing,76469.44
41,patrick73@example.com,(220)883-8750,HR,94512.74
42,kelseymatthews@example.com,6445818328,Marketing,34884.87
43,jeffrey20@example.com,(671)278-5957x3601,IT,30128.28
44,mitchell15@example.org,802.302.2316x788,Sales,85563.8
45,thompsonkeith@example.org,993.857.0542,Marketing,44966.96
46,horncameron@example.org,974.211.8655x27607,Finance,35569.66
47,diazjohn@example.org,952-917-7265x99002,HR,34240.78
48,wheelerjustin@example.com,001-871-483-5607x3102,Finance,52880.74
49,amyfisher@example.com,227-643-8172x585,Finance,98672.07
50,maureenholder@example.org,226-479-1361x027,Marketing,92036.28
51,ksalazar@example.net,(321)327-3758,Marketing,58583.74
52,samantha78@example.org,+1-385-338-7832x4102,Marketing,67522.24
53,wadeanna@example.org,(242)660-0799x90159,Sales,88561.82
54,katrina81@example.org,+1-349-236-2327,HR,34477.63
55,smithangela@example.net,(254)473-9752x2691,IT,73876.73
56,steve17@example.org,931-639-5549,Sales,94032.87
57,ogarza@example.net,001-680-630-1496x8249,HR,35865.29
58,nmckinney@example.net,+1-200-710-5773x0048,HR,83352.78
59,david79@example.net,(318)346-0831,Marketing,67571.89
60,qvillanueva@example.org,693.906.5759x09583,HR,98656.8
61,stephen01@example.net,+1-755-587-8293x53304,IT,98299.98
62,jwagner@example.com,7345988152,HR,53406.57
63,kellyjimmy@example.net,3825033937,Finance,62012.96
64,jeffreyharris@example.org,001-862-668-1417x921,HR,34137.71
65,rflores@example.net,+1-401-898-1634x96920,Finance,92935.75
66,richardbradshaw@example.com,408-336-1028x76483,IT,32826.56
67,mwilson@example.net,+1-296-898-4326,Marketing,75802.37
68,erikbryant@example.net,001-246-813-3682,Marketing,83019.67
69,jason06@example.com,001-423-585-6554x86351,HR,82180.79
70,bethedwards@example.com,+1-385-244-6059x3778,Finance,48012.01
71,erica05@example.org,769-613-1380x26154,Finance,38283.53
72,timothyromero@example.net,7242182626,Finance,86091.55
73,brownjason@example.org,(448)761-8768x7304,Finance,99209.14
74,grantmartha@example.com,366-545-3486x568,Finance,72856.21
75,kevin54@example.org,(767)696-8964x56389,HR,53993.35
76,kevinstevens@example.org,001-222-900-8216x74483,Sales,74618.68
77,michaellove@example.com,(972)437-0194x8686,IT,90317.28
78,alyssa96@example.com,469-804-5536,Sales,30883.2
79,natalie04@example.com,(700)720-5124x346,IT,88550.23
80,fwolfe@example.net,(510)519-5873x524,Marketing,41776.71
81,xreyes@example.org,267.883.2131,Marketing,74804.87
82,nathan53@example.com,+1-395-390-0054x239,HR,38227.41
83,yparks@example.org,512-220-7646,IT,83083.25
84,mmarshall@example.org,001-809-708-6520x796,Sales,36015.2
85,rsmith@example.com,626.364.8192x32321,Marketing,63954.53
86,benderjeremy@example.org,5414000833,Marketing,48102.46
87,zrobinson@example.org,6076889474,Finance,46490.44
88,dicksonangela@example.org,686.267.2790,Marketing,32328.49
89,zimmermanjoel@example.org,578.710.7620x615,HR,79235.86
90,deanangela@example.net,(318)364-4174,IT,84834.71
91,ajoseph@example.org,819-747-2862x439,Sales,66497.41
92,frobertson@example.net,896-914-5905x68161,Sales,80257.54
93,theresajones@example.net,556.608.9071x5535,Sales,88531.16
94,rharmon@example.com,+1-203-286-8808,HR,97046.67
95,ruizstephen@example.org,940-519-8882,HR,51205.72
96,martinmolly@example.com,001-787-676-7526x4919,Finance,40130.88
97,barrettmorgan@example.org,903.774.4405,Sales,78391.78
98,monica87@example.org,736-671-5263x4038,Finance,94023.06
99,juan67@example.org,479.270.7529,Finance,99452.25
100,lindsay04@example.com,2109058187,Finance,82803.14
101,barbaraortiz@example.net,400.856.7058x83918,Marketing,45790.46
102,vstone@example.org,(387)952-6548x170,IT,91906.46
103,andrea49@example.net,(608)980-3674x98136,HR,98115.57
104,robinwilson@example.net,941.239.0187x090,IT,39286.36
105,lee69@example.net,843-710-3431x142,HR,80745.76
106,gstevens@example.com,326-912-1048x608,Sales,98135.8
107,melissastevens@example.com,571-989-2180x412,Finance,98186.4
108,melody24@example.com,330.303.7263x571,Finance,82714.99
109,mary61@example.org,001-983-633-4600x8566,Finance,74562.62
110,jessica44@example.net,682-856-7123,Finance,43526.71
111,riverabrittney@example.com,001-820-422-9425,Sales,63026.1
112,jeanette95@example.com,+1-601-563-7667x80283,Marketing,85077.18
113,nelsonvictoria@example.net,458.213.1971x0198,Finance,93815.34
114,danieljason@example.com,(537)333-6484x7778,Sales,48812.57
115,martintrevor@example.com,001-670-907-1933,Marketing,57882.57
116,edgar16@example.org,833-949-4074x6490,HR,72517.75
117,jenniferarmstrong@example.org,270-264-8616,Sales,83837.58
118,jenniferhall@example.net,+1-440-717-4871x4796,IT,89583.72
119,ecook@example.com,4537938069,HR,34821.31
120,keith18@example.org,(333)812-2539x45568,HR,52322.49
121,joshua47@example.net,(732)742-7001x919,IT,46824.88
122,fdodson@example.com,683-782-6458x08352,Sales,88785.34
123,samuelbarnett@example.com,001-322-346-8986x4132,HR,78319.54
124,porterjasmine@example.net,2413783200,IT,63762.7
125,fhenderson@example.net,+1-752-573-1771x24857,Sales,81642.9
126,jasonwells@example.org,435.612.0358,Sales,71877.16
127,pattywillis@example.org,(754)842-8424x7445,HR,74181.88
