employee_id,name,email,phone,department
1,Ruth Warner,shenry@example.com,487.549.7758x09247,Marketing
2,Amanda Bruce,pwood@example.com,+1-315-231-5703x8112,Sales
3,Christopher Rodriguez,kristen16@example.org,422.234.5315,Finance
4,Daniel Davis,perezstacey@example.org,978-751-0836,Sales
5,Heather Fischer,sandra07@example.com,001-302-530-6671x927,Marketing
6,Andrew Jones,vanessameadows@example.com,001-277-794-3149x606,Finance
7,Cynthia Barnes,emilymccarty@example.com,721.904.4381x43039,Sales
8,Joseph Rios,jacobortega@example.com,205-210-9243x7513,Marketing
9,Nicole Martinez,jay59@example.org,3334651629,Marketing
10,Timothy Pacheco,meganfisher@example.com,+1-682-423-6919,Sales
11,Jorge Cox,toddsavage@example.com,2817608320,HR
12,Roger Diaz,anthony59@example.com,(513)587-4549x862,Sales
13,Emily Brown,barbaracampos@example.com,376.864.5101,IT
14,Luke Hansen,doughertyholly@example.com,643-713-7362x265,HR
15,Justin Rogers,kchang@example.net,+1-970-652-6989x23297,Sales
16,Leslie Martinez,banksmelissa@example.org,001-775-647-5146x1638,Sales
17,Joseph Elliott,gtucker@example.net,001-995-702-4626x1421,IT
18,Jennifer Gray,smithmike@example.com,355.765.2090,Finance
19,Blake Romero,blackwelljeffrey@example.org,937.835.5422,Sales
20,Christina Torres,michael86@example.com,529.452.1289x36722,Sales
21,Jennifer Murray,macosta@example.net,(738)795-7906x966,HR
22,Carrie Greene,samantha53@example.com,(773)844-7977,Sales
23,David Mcgee,seanmorris@example.org,518-429-8062x8968,Marketing
24,Tiffany Wilson DDS,sabrina09@example.org,209-347-9024x89978,Finance
25,Nancy Wright,angela35@example.com,001-383-927-7312x0034,Marketing
26,Rachel Matthews,robertlarson@example.com,588.461.0399,HR
27,Daisy Rojas,travisperry@example.net,572-503-6535x149,Sales
28,Mark Garcia,dianelee@example.net,001-287-689-2422x5411,HR
29,Nicholas White,lopezmallory@example.com,268.362.7089x14323,Sales
30,Diane Cox,grahamdawn@example.net,+1-853-425-0376x6673,HR
31,Kathleen Mcguire,bennettjessica@example.com,790-207-0195x0056,Finance
32,Katherine Williams,salinasgregory@example.net,632-356-9255x604,Finance
33,Sean Woods,marshnicole@example.org,+1-381-971-2232,IT
34,Jeffery Harris,sonia31@example.net,+1-632-465-5604,HR
35,Sylvia Humphrey,danielle03@example.org,(656)718-8106,Finance
36,Justin Jones,pricethomas@example.com,001-595-730-1915x957,Marketing
37,Patrick Marshall,stevenknight@example.org,001-800-436-4089,Finance
38,Ashley Clark,brian15@example.org,001-538-905-7553x12465,Marketing
39,Rebecca Acosta,danieldouglas@example.org,+1-397-801-3899x8378,IT
40,Kenneth White,ericbrandt@example.com,523.361.9021,Sales
41,Jared Cabrera,jackiehernandez@example.net,+1-661-949-7840x195,Sales
42,Lynn Williams,dylan17@example.net,+1-324-513-3491x3744,HR
43,Stacey Gibson,jblankenship@example.com,852-826-4116x0417,Sales
44,Jeffery Richards,arnoldjohnny@example.com,+1-506-376-3264,HR
45,Michelle Hernandez,harrispeggy@example.com,834.845.6294x04328,Sales
46,Patricia Sanchez,hgonzalez@example.org,001-907-552-8962x7578,HR
47,Elizabeth Schwartz,tayloremily@example.com,001-670-607-9104x1081,Marketing
48,Denise Gonzalez,abigail55@example.org,804.728.2271x59691,Sales
49,Tonya Moore,sara04@example.net,783-821-8033x942,IT
50,Stephen Nguyen,ngarza@example.com,(218)381-6702,HR
51,Kathy Mendoza,hendersonkristine@example.com,+1-856-872-3710x730,Finance
52,Michael Garcia,clementsronald@example.org,001-561-884-7793x98614,Marketing
53,James Charles,paulaharris@example.net,001-846-450-6345x76745,HR
54,Dwayne Patton,andersenjuan@example.net,614-739-7588x31949,IT
55,Jeffery Brown,paulshawn@example.org,234-986-4521,Marketing
56,Richard Nielsen,amy09@example.org,001-557-848-2631x576,Sales
57,Kim Hubbard,walkercarlos@example.com,973-354-9080x5503,Marketing
58,Earl Kim,cturner@example.com,388.889.2145x80013,IT
59,Dana Larsen,wrobinson@example.net,278-703-2820x2597,Finance
60,Thomas Jones,emily53@example.com,800.347.3705,Sales
61,Patrick Williams,jordanmary@example.net,882-865-0637x648,Finance
62,Roberto Price,reeserebecca@example.net,(843)901-1569x751,IT
63,Barbara Friedman,robbinsrichard@example.com,953.965.6273,HR
64,Elizabeth Nicholson,zobrien@example.net,(888)668-7053x208,HR
65,Julie Ortiz,kristen42@example.net,(297)507-9378x664,IT
66,Nicholas Lopez,mhancock@example.org,+1-750-293-7457,Sales
67,Jane Mueller,ngordon@example.org,+1-653-576-6169x83815,Sales
68,Steven Macdonald,nathanielcampbell@example.com,+1-390-917-8788,Marketing
69,Daniel Fletcher,ywood@example.com,+1-599-710-7825x5735,HR
70,Angie Church,katherine93@example.net,(923)311-3191x172,Finance
71,Ronald Swanson,jacobperez@example.net,+1-758-618-2380,Finance
72,Darren Mayer,lmorales@example.com,416.791.4750,IT
73,Brittany Mccarthy,barnettconnor@example.net,+1-315-719-4532,Marketing
74,Edward Liu,philip71@example.org,472-802-6000,Marketing
75,Jennifer Duncan,lawrencekevin@example.com,001-307-387-5476,HR
76,Thomas Bowen,conniecole@example.com,001-468-930-6934x4331,IT
77,Laurie Reyes,miguel96@example.net,(260)297-8765,IT
78,Brandon Lewis,olsonpatricia@example.org,246.985.0798,HR
79,Cheryl Gordon,maldonadotyler@example.com,(935)927-0060x43689,Marketing
80,Dylan Dougherty,usharp@example.org,677-658-0942x7753,Marketing
81,Ashley Adams,angela97@example.net,(374)796-6745x874,HR
82,Kelly Patel,shericruz@example.com,(741)386-3116,Sales
83,Mark Ortiz,jennifer09@example.com,+1-845-556-9298x25707,Sales
84,Jeff Green,hblack@example.com,(555)516-4948,HR
85,Kari Weaver,william58@example.org,+1-913-723-1881x9419,HR
86,Francisco White,jamesmyers@example.org,+1-295-334-1616,IT
87,Dillon Perry,michelleparker@example.com,7575813121,Sales
88,Lori Peters,jesse77@example.net,001-676-562-6425x8358,Sales
89,Laura Osborn,jamesho@example.com,511-644-7850x016,HR
90,Peter Perez,fmorrison@example.org,744.547.8334,Finance
91,Lori Moore,toddmark@example.net,245.834.7155x3166,IT
92,Daniel Johnson,chenmary@example.org,001-911-505-2188x03351,Marketing
93,Elijah Obrien,david83@example.com,511.232.6887x823,IT
94,Connie Neal,williamsmark@example.net,(533)844-8560,Sales
95,Timothy Ross,jamesjenkins@example.net,(509)563-1221,Sales
96,Michele Martinez,jessica58@example.net,739.924.4184x1050,Marketing
97,Shane Ayala,pellison@example.com,809-481-5377,HR
98,Michael Taylor,chandlergabriella@example.net,001-655-200-4485x64098,HR
99,Timothy Golden DDS,lindapowell@example.org,001-779-290-1162x53145,HR
100,Sherri Boyd,carpenterbrenda@example.org,(364)328-4061,Finance
101,Anna Lopez,john67@example.com,887.733.3635,IT
102,Jessica Moyer,keith88@example.org,+1-840-494-2074,HR
103,Katherine Chapman,brownnicole@example.org,594-681-5284x38752,Sales
104,Patricia Perkins,adamsjason@example.org,+1-701-787-1725x366,HR
105,Pam Smith,juliebaker@example.org,496-234-2729x6354,Marketing
106,Whitney Woodard,morrisonjessica@example.com,(789)494-3565x191,Finance
107,Lori Knapp,eclay@example.org,(221)917-7218,HR
108,Steven Clark,probinson@example.com,001-727-341-3229x389,Finance
109,Elizabeth Harrison,david46@example.net,518-504-8106,Marketing
110,Larry Hill,kristinawilliams@example.com,6998214020,Finance
111,Pamela Clark,sandra69@example.com,+1-903-388-1853x064,Marketing
