flight_id,airline,departure,arrival,departure_time,arrival_time,duration_minutes,price
1,Beta Airlines,Smithton,Mendozaburgh,2024-12-06 20:33:45,2024-12-06 23:16:45,163,853.57
2,Delta Flights,North Ruth,Joshuaview,2024-05-22 19:31:36,2024-05-23 00:23:36,292,1046.48
3,Beta Airlines,Williamtown,Scottton,2024-09-06 08:30:20,2024-09-06 13:35:20,305,50.11
4,Air Alpha,Dennisville,North Ruth,2024-12-17 04:15:42,2024-12-17 12:23:42,488,1040.55
5,Delta Flights,Lake Kevin,Dennisville,2024-04-19 16:09:34,2024-04-19 21:16:34,307,1494.95
6,Gamma Air,Lake Kevin,Williamtown,2024-03-12 11:20:20,2024-03-12 14:46:20,206,1461.71
7,Delta Flights,North Alexis,Christinahaven,2024-11-20 08:01:46,2024-11-20 17:58:46,597,881.67
8,Air Alpha,Port Josephland,Dennisville,2025-02-02 20:29:11,2025-02-02 22:38:11,129,563.26
9,Delta Flights,Smithton,Ryanland,2024-06-15 08:34:49,2024-06-15 10:51:49,137,1284.78
10,Air Alpha,Mendozaburgh,Lake Kevin,2025-01-27 01:17:43,2025-01-27 10:48:43,571,965.53
11,Air Alpha,North Alexis,Joshuaview,2024-06-05 14:26:34,2024-06-05 16:05:34,99,300.88
12,Delta Flights,Andrewville,Masonland,2024-04-10 13:10:01,2024-04-10 20:01:01,411,416.93
13,Air Alpha,Ryanland,Quinnview,2024-12-24 23:29:21,2024-12-25 03:19:21,230,1097.77
14,Beta Airlines,Joshuaview,Masonland,2025-02-04 08:25:09,2025-02-04 09:33:09,68,1438.17
15,Beta Airlines,Williamtown,East Melissa,2024-08-30 10:56:30,2024-08-30 14:04:30,188,1115.34
16,Delta Flights,North Alexis,Lake Kevin,2024-03-28 23:47:24,2024-03-29 06:53:24,426,1489.61
17,Gamma Air,Ryanland,Williamtown,2025-01-24 19:40:26,2025-01-24 23:22:26,222,249.69
18,Gamma Air,East Melissa,Ryanland,2024-11-26 16:26:00,2024-11-26 17:46:00,80,107.09
19,Air Alpha,East Melissa,Dennisville,2024-03-31 22:16:59,2024-03-31 23:49:59,93,1209.92
20,Delta Flights,North Ruth,Port Josephland,2024-11-05 10:20:57,2024-11-05 11:57:57,97,1354.34
21,Beta Airlines,Christinahaven,Quinnview,2024-03-04 18:12:16,2024-03-05 00:45:16,393,273.68
22,Beta Airlines,Andrewville,Mendozaburgh,2025-02-07 17:54:47,2025-02-07 23:33:47,339,768.45
23,Air Alpha,Crawfordville,East Melissa,2024-11-27 16:09:16,2024-11-27 20:15:16,246,659.14
24,Delta Flights,Jacksontown,Joshuaview,2024-03-02 11:06:53,2024-03-02 12:11:53,65,788.67
25,Gamma Air,Lake Kevin,Joshuaview,2024-04-15 17:02:06,2024-04-15 23:43:06,401,1136.07
26,Beta Airlines,Walkerbury,Andrewville,2024-02-22 05:56:20,2024-02-22 09:50:20,234,539.15
27,Air Alpha,Joshuaview,Masonland,2024-06-18 20:49:54,2024-06-18 22:02:54,73,272.48
28,Delta Flights,Smithton,Jacksontown,2025-01-26 15:07:24,2025-01-26 23:27:24,500,760.14
29,Air Alpha,Dennisville,North Ruth,2024-08-08 20:00:13,2024-08-09 03:39:13,459,224.58
30,Gamma Air,Dennisville,South Jennifer,2024-09-15 01:06:00,2024-09-15 08:32:00,446,1356.43
31,Delta Flights,North Alexis,Crawfordville,2024-08-11 08:12:43,2024-08-11 13:40:43,328,141.91
32,Delta Flights,East Melissa,Smithton,2024-06-28 20:02:34,2024-06-29 05:10:34,548,228.34
33,Gamma Air,Dennisville,Mendozaburgh,2024-08-19 04:23:05,2024-08-19 10:05:05,342,244.1
34,Air Alpha,Smithton,Andrewville,2024-07-27 05:14:51,2024-07-27 11:26:51,372,292.36
35,Gamma Air,Masonland,Lake Kevin,2024-04-05 15:40:07,2024-04-05 22:36:07,416,564.52
36,Air Alpha,Jacksontown,Walkerbury,2024-03-06 00:57:56,2024-03-06 05:10:56,253,1081.98
37,Gamma Air,Smithton,Mendozaburgh,2024-06-21 16:21:55,2024-06-21 22:09:55,348,575.46
38,Beta Airlines,East Melissa,North Alexis,2024-10-24 21:19:21,2024-10-25 02:04:21,285,981.16
39,Air Alpha,Christinahaven,North Ruth,2024-10-06 10:10:58,2024-10-06 13:45:58,215,772.33
40,Beta Airlines,Joshuaview,Walkerbury,2024-10-03 06:28:55,2024-10-03 13:48:55,440,909.53
41,Beta Airlines,Dennisville,Williamtown,2024-09-23 12:07:55,2024-09-23 21:05:55,538,71.04
42,Beta Airlines,Joshuaview,Jacksontown,2024-04-13 10:46:23,2024-04-13 14:50:23,244,1270.9
43,Air Alpha,South Jennifer,North Alexis,2024-07-06 17:01:45,2024-07-07 03:00:45,599,1051.34
44,Delta Flights,Williamtown,Jacksontown,2024-07-20 03:14:07,2024-07-20 07:28:07,254,243.93
45,Beta Airlines,Port Josephland,Scottton,2024-05-19 21:05:59,2024-05-19 23:11:59,126,1493.85
46,Delta Flights,Joshuaview,Scottton,2024-02-24 11:28:02,2024-02-24 15:51:02,263,618.72
47,Air Alpha,Scottton,Quinnview,2024-11-13 00:46:15,2024-11-13 06:31:15,345,1493.37
48,Beta Airlines,Walkerbury,Christinahaven,2025-01-27 00:16:12,2025-01-27 09:27:12,551,408.33
49,Air Alpha,Joshuaview,Lake Kevin,2024-12-20 20:05:24,2024-12-21 04:57:24,532,346.54
50,Air Alpha,East Melissa,North Ruth,2024-09-26 02:06:22,2024-09-26 07:24:22,318,1447.6
51,Delta Flights,Joshuaview,Jacksontown,2024-03-13 04:23:53,2024-03-13 09:02:53,279,987.83
52,Beta Airlines,Christinahaven,Scottton,2024-05-25 18:39:45,2024-05-25 21:03:45,144,603.98
53,Gamma Air,Masonland,South Jennifer,2025-01-12 23:38:09,2025-01-13 01:55:09,137,704.47
54,Delta Flights,Christinahaven,East Melissa,2024-06-11 10:27:29,2024-06-11 17:24:29,417,659.76
55,Beta Airlines,Walkerbury,North Alexis,2024-11-30 20:00:27,2024-11-30 23:13:27,193,939.45
56,Gamma Air,North Alexis,Quinnview,2025-01-20 13:30:41,2025-01-20 21:17:41,467,382.54
57,Beta Airlines,Masonland,Mendozaburgh,2024-06-21 13:57:34,2024-06-21 19:01:34,304,615.11
58,Air Alpha,Crawfordville,Joshuaview,2024-09-09 03:32:14,2024-09-09 08:58:14,326,640.61
59,Air Alpha,Jacksontown,Lake Kevin,2024-07-31 09:39:24,2024-07-31 18:13:24,514,307.23
60,Delta Flights,Port Josephland,North Alexis,2024-09-22 20:31:30,2024-09-23 03:14:30,403,474.36
61,Gamma Air,North Ruth,Dennisville,2024-08-28 20:56:22,2024-08-28 22:22:22,86,485.68
62,Air Alpha,North Ruth,South Jennifer,2025-01-05 10:56:57,2025-01-05 13:34:57,158,1181.82
63,Delta Flights,Quinnview,Dennisville,2024-12-13 05:15:17,2024-12-13 07:05:17,110,719.83
64,Gamma Air,Masonland,Lake Kevin,2024-10-02 10:45:46,2024-10-02 17:02:46,377,1471.09
65,Beta Airlines,Ryanland,Smithton,2024-03-12 14:08:41,2024-03-12 17:16:41,188,950.38
66,Gamma Air,Dennisville,Joshuaview,2024-03-31 01:45:45,2024-03-31 04:36:45,171,816.05
67,Delta Flights,North Alexis,South Jennifer,2024-09-05 21:29:10,2024-09-06 02:25:10,296,892.97
68,Air Alpha,Crawfordville,Port Josephland,2024-08-29 01:12:58,2024-08-29 08:20:58,428,182.93
69,Gamma Air,North Ruth,East Melissa,2024-02-21 16:57:23,2024-02-21 23:10:23,373,556.59
70,Gamma Air,Williamtown,Masonland,2024-07-12 14:09:16,2024-07-12 18:10:16,241,728.86
71,Beta Airlines,South Jennifer,Masonland,2024-03-08 10:04:29,2024-03-08 15:21:29,317,1386.81
72,Beta Airlines,South Jennifer,Walkerbury,2024-05-12 05:40:47,2024-05-12 14:18:47,518,414.55
73,Beta Airlines,Mendozaburgh,Lake Kevin,2024-09-11 00:14:15,2024-09-11 01:23:15,69,333.37
74,Air Alpha,Mendozaburgh,Lake Kevin,2025-01-27 15:49:51,2025-01-28 01:28:51,579,992.54
75,Gamma Air,Jacksontown,East Melissa,2024-12-15 15:53:40,2024-12-16 00:03:40,490,466.68
76,Delta Flights,East Melissa,Ryanland,2024-10-16 19:28:14,2024-10-17 00:09:14,281,1142.87
77,Beta Airlines,Smithton,Christinahaven,2024-06-04 06:11:19,2024-06-04 13:58:19,467,679.22
78,Air Alpha,Quinnview,South Jennifer,2024-05-31 17:56:35,2024-05-31 19:51:35,115,976.63
79,Air Alpha,Port Josephland,Smithton,2024-04-03 04:53:59,2024-04-03 08:22:59,209,1222.27
80,Gamma Air,Ryanland,Williamtown,2024-05-04 15:49:05,2024-05-04 21:13:05,324,616.66
81,Delta Flights,Quinnview,South Jennifer,2024-11-06 17:10:31,2024-11-06 22:21:31,311,307.91
82,Gamma Air,Crawfordville,Jacksontown,2024-09-10 09:44:22,2024-09-10 16:06:22,382,1232.03
83,Gamma Air,Joshuaview,South Jennifer,2024-02-22 21:48:19,2024-02-23 06:21:19,513,815.99
84,Air Alpha,Lake Kevin,Masonland,2024-06-28 11:45:25,2024-06-28 20:31:25,526,153.74
85,Gamma Air,South Jennifer,East Melissa,2025-01-06 01:39:44,2025-01-06 10:56:44,557,450.04
86,Gamma Air,North Ruth,South Jennifer,2024-04-21 04:45:39,2024-04-21 08:05:39,200,431.2
87,Delta Flights,East Melissa,Smithton,2024-03-03 09:12:19,2024-03-03 11:08:19,116,256.79
88,Delta Flights,Dennisville,Masonland,2024-04-19 05:04:07,2024-04-19 08:24:07,200,297.04
89,Beta Airlines,Christinahaven,Masonland,2024-12-31 01:37:12,2024-12-31 10:21:12,524,930.37
90,Beta Airlines,Williamtown,North Ruth,2024-05-16 16:43:10,2024-05-17 01:08:10,505,1388.72
91,Delta Flights,Smithton,Masonland,2025-01-23 15:34:36,2025-01-23 20:54:36,320,1103.2
92,Gamma Air,Walkerbury,Andrewville,2024-11-14 00:11:24,2024-11-14 09:11:24,540,822.83
93,Beta Airlines,Ryanland,Masonland,2025-01-21 16:13:33,2025-01-21 23:17:33,424,1155.89
94,Air Alpha,Port Josephland,Jacksontown,2024-10-03 04:57:23,2024-10-03 07:17:23,140,945.95
95,Air Alpha,Port Josephland,Mendozaburgh,2024-09-26 12:00:57,2024-09-26 18:13:57,373,553.1
96,Beta Airlines,Christinahaven,Joshuaview,2024-08-04 18:02:45,2024-08-05 02:47:45,525,540.18
97,Beta Airlines,Dennisville,Crawfordville,2024-12-18 20:08:27,2024-12-19 05:21:27,553,1294.29
98,Gamma Air,North Ruth,Lake Kevin,2024-04-09 12:08:03,2024-04-09 21:24:03,556,1496.85
99,Air Alpha,Scottton,East Melissa,2025-01-10 10:51:49,2025-01-10 16:16:49,325,1337.68
100,Air Alpha,North Ruth,Jacksontown,2024-12-31 17:39:29,2024-12-31 19:20:29,101,1182.28
101,Air Alpha,Quinnview,Williamtown,2024-12-27 15:59:10,2024-12-28 01:30:10,571,1337.12
102,Delta Flights,Mendozaburgh,North Ruth,2024-11-22 01:50:33,2024-11-22 08:07:33,377,79.08
103,Delta Flights,Christinahaven,South Jennifer,2024-08-12 15:42:01,2024-08-13 00:57:01,555,695.84
104,Air Alpha,South Jennifer,Williamtown,2025-01-05 08:00:54,2025-01-05 13:52:54,352,823.75
105,Delta Flights,Ryanland,Port Josephland,2024-09-23 19:19:54,2024-09-23 21:01:54,102,127.11
106,Delta Flights,Masonland,Lake Kevin,2024-05-18 17:05:07,2024-05-19 01:00:07,475,1283.11
107,Gamma Air,Walkerbury,Williamtown,2024-05-29 12:14:35,2024-05-29 19:03:35,409,1102.07
108,Beta Airlines,Smithton,Port Josephland,2024-04-07 05:15:11,2024-04-07 09:08:11,233,1149.25
109,Beta Airlines,South Jennifer,North Ruth,2024-05-21 18:34:11,2024-05-22 02:55:11,501,958.69
110,Beta Airlines,North Alexis,Lake Kevin,2024-04-05 05:46:53,2024-04-05 08:03:53,137,219.18
111,Beta Airlines,Christinahaven,Ryanland,2025-01-07 19:03:13,2025-01-07 22:22:13,199,467.74
112,Gamma Air,Dennisville,Ryanland,2024-11-29 08:08:29,2024-11-29 16:17:29,489,1193.13
113,Beta Airlines,Smithton,Mendozaburgh,2024-10-30 01:52:57,2024-10-30 08:08:57,376,1006.7
114,Air Alpha,Andrewville,Smithton,2024-06-15 08:21:52,2024-06-15 12:25:52,244,1063.23
115,Beta Airlines,Jacksontown,Ryanland,2024-03-24 10:17:13,2024-03-24 19:01:13,524,1152.12
116,Delta Flights,Quinnview,Christinahaven,2025-01-13 07:42:14,2025-01-13 12:07:14,265,1173.73
117,Air Alpha,North Ruth,Crawfordville,2024-03-15 01:46:58,2024-03-15 08:19:58,393,418.94
118,Gamma Air,North Ruth,Walkerbury,2024-07-24 20:22:52,2024-07-25 00:13:52,231,956.44
119,Air Alpha,Quinnview,Port Josephland,2024-09-20 21:09:13,2024-09-21 05:33:13,504,667.43
120,Delta Flights,Jacksontown,Joshuaview,2024-07-14 02:00:23,2024-07-14 09:50:23,470,1340.7
121,Beta Airlines,South Jennifer,Walkerbury,2024-03-09 14:50:11,2024-03-09 21:35:11,405,173.32
122,Gamma Air,East Melissa,Joshuaview,2024-04-30 12:26:13,2024-04-30 13:35:13,69,1039.57
123,Beta Airlines,Quinnview,Crawfordville,2024-11-05 00:27:09,2024-11-05 02:53:09,146,212.92
124,Delta Flights,Christinahaven,North Alexis,2024-04-09 05:50:18,2024-04-09 09:05:18,195,1432.81
125,Beta Airlines,Joshuaview,Lake Kevin,2024-10-13 10:24:49,2024-10-13 19:36:49,552,1282.56
126,Gamma Air,Christinahaven,East Melissa,2024-04-03 07:44:16,2024-04-03 17:34:16,590,1472.48
127,Air Alpha,Dennisville,Ryanland,2024-07-13 16:13:56,2024-07-13 19:08:56,175,861.92
128,Beta Airlines,Jacksontown,Williamtown,2025-01-26 13:28:40,2025-01-26 21:26:40,478,544.83
129,Air Alpha,North Alexis,Williamtown,2024-11-06 18:47:10,2024-11-06 20:29:10,102,1154.81
130,Air Alpha,Lake Kevin,East Melissa,2024-10-29 11:02:13,2024-10-29 14:20:13,198,103.59
131,Gamma Air,Smithton,East Melissa,2024-09-18 08:40:05,2024-09-18 14:25:05,345,463.08
132,Air Alpha,Ryanland,Walkerbury,2024-06-11 22:36:39,2024-06-12 02:47:39,251,1341.08
133,Beta Airlines,Lake Kevin,Scottton,2024-06-13 23:41:29,2024-06-14 09:33:29,592,877.16
134,Beta Airlines,Mendozaburgh,Jacksontown,2024-12-04 17:55:58,2024-12-05 02:49:58,534,914.71
135,Beta Airlines,South Jennifer,North Ruth,2025-01-26 00:28:16,2025-01-26 04:15:16,227,770.21
136,Air Alpha,Masonland,Ryanland,2024-08-10 05:17:19,2024-08-10 14:12:19,535,195.78
137,Delta Flights,Quinnview,Walkerbury,2024-02-25 00:20:17,2024-02-25 08:51:17,511,842.2
138,Air Alpha,Crawfordville,Walkerbury,2024-12-12 05:15:34,2024-12-12 07:32:34,137,962.1
139,Delta Flights,Williamtown,East Melissa,2024-08-28 14:15:56,2024-08-28 21:35:56,440,1497.74
140,Air Alpha,Crawfordville,Mendozaburgh,2024-04-08 05:11:35,2024-04-08 14:53:35,582,693.17
141,Delta Flights,Quinnview,East Melissa,2024-08-19 19:46:31,2024-08-19 21:27:31,101,1191.67
