price,arrival,flight_id,airline,arrival_time,departure,duration_minutes
1382.43,Stokesville,1,Air Alpha,2024-08-26 01:21:40,South Janetmouth,267
1222.25,East Nicholas,2,Beta Airlines,2024-09-03 03:47:52,South Melissaville,151
1087.64,Lake Christinaview,3,Delta Flights,2024-06-01 05:00:05,Fosterhaven,178
1280.72,Catherineburgh,4,Delta Flights,2024-12-21 14:47:40,South Janetmouth,444
1106.89,Shannonfurt,5,Delta Flights,2024-10-30 23:34:02,Lake Lauratown,469
80.48,Heathermouth,6,Beta Airlines,2025-02-13 01:21:19,Lake Tammy,202
1426.27,Port Sarah,7,Delta Flights,2024-04-23 07:59:04,Catherineburgh,350
1191.98,East Karenborough,8,Beta Airlines,2024-08-20 21:02:37,New Arthur,255
281.26,Lake Tammy,9,Gamma Air,2025-01-31 05:29:18,Fosterhaven,301
620.13,Fosterhaven,10,Gamma Air,2025-01-04 16:53:39,Port Mikeside,150
880.64,Catherineburgh,11,Air Alpha,2024-05-27 01:39:20,Lake Lauratown,230
658.67,Williamsmouth,12,Air Alpha,2024-05-02 10:32:35,Fosterhaven,190
235.26,South Alexis,13,Air Alpha,2024-09-18 05:57:10,Lake Lauratown,523
304.88,Fosterhaven,14,Gamma Air,2025-01-19 13:35:47,Shannonfurt,135
1497.39,Reynoldsbury,15,Gamma Air,2024-12-23 07:39:16,South Alexis,349
1020.61,Fosterhaven,16,Gamma Air,2024-02-25 19:41:47,Lake Christinaview,163
144.16,West Stacey,17,Gamma Air,2024-12-11 01:11:05,Williamsmouth,522
1384.51,South Janetmouth,18,Delta Flights,2024-06-10 11:38:43,Port Sarah,530
1413.97,Catherineburgh,19,Beta Airlines,2024-04-10 20:32:48,East Nicholas,240
1348.53,Fosterhaven,20,Delta Flights,2024-09-12 01:51:03,Williamsmouth,253
1359.3,South Alexis,21,Beta Airlines,2024-12-19 06:14:58,New Arthur,385
177.36,Catherineburgh,22,Delta Flights,2024-08-06 03:18:39,South Janetmouth,390
1374.02,South Janetmouth,23,Beta Airlines,2025-01-10 12:52:36,Williamsmouth,473
1094.34,Lake Lauratown,24,Gamma Air,2025-01-18 20:00:39,South Janetmouth,161
1485.06,West Stacey,25,Gamma Air,2025-02-10 23:23:44,Lake Christinaview,347
954.78,Fosterhaven,26,Beta Airlines,2024-10-24 09:26:30,South Alexis,282
229.4,Lake Christinaview,27,Delta Flights,2024-12-15 15:13:39,Lake Lauratown,487
369.45,South Melissaville,28,Delta Flights,2024-10-08 22:08:53,Catherineburgh,101
188.54,Port Mikeside,29,Gamma Air,2024-07-23 01:12:21,West Stacey,284
1350.46,Catherineburgh,30,Gamma Air,2024-12-22 02:58:48,Port Sarah,325
173.52,Port Sarah,31,Delta Flights,2024-11-21 00:00:45,South Melissaville,528
1483.85,East Nicholas,32,Air Alpha,2024-04-30 23:13:22,West Stacey,527
858.05,South Melissaville,33,Air Alpha,2024-12-31 11:46:04,Catherineburgh,364
883.87,Lake Lauratown,34,Beta Airlines,2024-03-02 16:08:50,Fosterhaven,431
566.06,Shannonfurt,35,Delta Flights,2024-11-18 20:46:20,Reynoldsbury,237
1119.45,South Janetmouth,36,Beta Airlines,2024-08-05 02:20:53,South Melissaville,500
834.7,Port Sarah,37,Air Alpha,2024-05-31 04:22:38,Fosterhaven,501
1435.74,New Arthur,38,Air Alpha,2024-11-09 09:13:48,Catherineburgh,494
313.46,Stokesville,39,Air Alpha,2024-10-02 03:44:00,Lake Lauratown,380
678.72,Fosterhaven,40,Beta Airlines,2025-01-14 16:59:40,East Nicholas,388
883.65,West Stacey,41,Beta Airlines,2024-12-05 21:59:14,Shannonfurt,112
409.0,Port Sarah,42,Delta Flights,2024-04-23 02:48:12,Smithmouth,221
1352.41,West Stacey,43,Delta Flights,2024-05-04 01:27:59,Port Sarah,72
1292.03,Heathermouth,44,Delta Flights,2024-05-03 01:16:11,Port Mikeside,416
934.99,Smithmouth,45,Beta Airlines,2025-02-11 15:44:03,East Karenborough,339
1324.98,Shannonfurt,46,Beta Airlines,2024-07-17 07:19:40,Port Mikeside,303
422.15,West Stacey,47,Air Alpha,2024-05-17 02:13:14,Catherineburgh,180
789.37,Lake Lauratown,48,Gamma Air,2024-05-20 18:40:34,Port Mikeside,82
1087.5,West Stacey,49,Gamma Air,2024-12-14 16:15:28,Fosterhaven,252
487.88,Catherineburgh,50,Air Alpha,2024-04-11 11:17:46,Lake Tammy,497
1395.41,South Alexis,51,Delta Flights,2024-05-31 21:44:07,Lake Tammy,514
747.23,South Alexis,52,Delta Flights,2024-03-06 14:00:14,Lake Christinaview,486
445.03,Port Sarah,53,Delta Flights,2024-02-25 01:52:05,Smithmouth,540
160.87,South Melissaville,54,Beta Airlines,2024-06-07 14:20:28,West Stacey,569
1139.93,East Karenborough,55,Air Alpha,2024-12-16 14:47:43,Lake Christinaview,183
1185.41,Lake Tammy,56,Beta Airlines,2024-02-14 08:47:37,East Karenborough,321
1086.99,South Janetmouth,57,Gamma Air,2024-09-01 18:08:38,Port Mikeside,470
938.89,East Karenborough,58,Delta Flights,2024-08-28 21:12:49,Port Mikeside,303
1371.64,Lake Lauratown,59,Air Alpha,2024-12-06 04:00:13,East Nicholas,430
666.76,South Melissaville,60,Beta Airlines,2024-08-04 10:46:05,Reynoldsbury,212
582.99,South Melissaville,61,Gamma Air,2024-11-20 00:02:05,Smithmouth,520
121.42,Lake Christinaview,62,Beta Airlines,2024-10-15 12:51:24,South Alexis,505
98.94,Lake Christinaview,63,Air Alpha,2024-04-22 11:09:29,South Melissaville,499
614.32,Shannonfurt,64,Delta Flights,2024-08-25 04:56:17,Stokesville,264
465.82,Smithmouth,65,Delta Flights,2025-01-10 23:38:43,Shannonfurt,573
926.65,Stokesville,66,Gamma Air,2024-12-05 09:31:25,South Janetmouth,318
1231.11,Port Mikeside,67,Delta Flights,2024-09-30 22:37:53,West Stacey,417
1466.44,Lake Tammy,68,Beta Airlines,2024-08-18 11:38:03,New Arthur,352
97.55,Lake Tammy,69,Gamma Air,2024-08-16 16:48:51,East Karenborough,334
475.83,Catherineburgh,70,Beta Airlines,2024-05-11 05:34:25,Lake Christinaview,425
563.99,Lake Lauratown,71,Beta Airlines,2024-04-01 12:27:11,Lake Tammy,327
930.03,East Nicholas,72,Delta Flights,2024-09-27 21:02:08,Port Sarah,151
678.14,South Melissaville,73,Delta Flights,2024-09-05 23:10:21,Lake Tammy,69
1232.77,Lake Christinaview,74,Gamma Air,2025-01-07 05:57:40,Lake Lauratown,217
970.39,Lake Tammy,75,Air Alpha,2024-06-11 16:01:46,South Janetmouth,415
398.74,South Janetmouth,76,Air Alpha,2024-11-11 00:35:12,Stokesville,173
216.64,Heathermouth,77,Gamma Air,2024-11-17 15:34:22,Port Mikeside,374
167.43,Lake Tammy,78,Beta Airlines,2024-04-03 07:22:42,Catherineburgh,96
460.8,Smithmouth,79,Beta Airlines,2024-08-05 11:55:49,Heathermouth,441
236.57,Fosterhaven,80,Air Alpha,2024-11-15 09:59:34,Heathermouth,512
525.99,West Stacey,81,Delta Flights,2024-09-18 00:53:14,Port Sarah,365
511.53,West Stacey,82,Delta Flights,2025-02-11 08:08:32,Lake Christinaview,92
285.15,Reynoldsbury,83,Air Alpha,2024-12-02 15:20:04,South Alexis,534
187.84,Lake Tammy,84,Beta Airlines,2024-05-29 07:32:13,Fosterhaven,581
227.45,East Karenborough,85,Air Alpha,2025-01-27 12:22:02,South Alexis,387
782.47,Lake Lauratown,86,Gamma Air,2024-03-01 17:31:20,East Nicholas,163
1061.75,Reynoldsbury,87,Delta Flights,2024-12-01 20:44:42,South Janetmouth,584
1435.03,South Janetmouth,88,Delta Flights,2024-10-19 11:09:04,Lake Lauratown,511
656.84,East Nicholas,89,Air Alpha,2024-09-11 18:34:48,Lake Tammy,314
646.9,East Nicholas,90,Air Alpha,2024-12-29 12:18:43,Smithmouth,379
1435.31,Fosterhaven,91,Air Alpha,2024-06-30 16:34:48,South Janetmouth,369
462.39,South Alexis,92,Beta Airlines,2024-06-03 09:28:09,South Janetmouth,297
387.91,East Nicholas,93,Gamma Air,2024-09-23 18:14:50,Port Sarah,169
914.44,Reynoldsbury,94,Delta Flights,2024-03-31 06:51:31,South Janetmouth,158
965.48,Port Sarah,95,Gamma Air,2024-12-31 16:24:50,East Nicholas,567
1362.13,Lake Christinaview,96,Delta Flights,2024-05-08 15:29:50,East Nicholas,561
1245.27,Heathermouth,97,Delta Flights,2025-01-21 08:28:55,South Alexis,441
318.7,South Alexis,98,Delta Flights,2024-09-29 00:04:14,Shannonfurt,588
1347.94,West Stacey,99,Beta Airlines,2024-06-02 23:53:58,South Alexis,287
70.4,Port Mikeside,100,Gamma Air,2024-08-22 05:53:13,Fosterhaven,312
56.78,East Nicholas,101,Delta Flights,2024-09-09 08:23:28,Williamsmouth,412
321.55,Reynoldsbury,102,Air Alpha,2025-01-10 15:38:58,Lake Christinaview,308
1184.05,Williamsmouth,103,Gamma Air,2024-12-15 17:42:33,East Karenborough,535
209.73,Lake Lauratown,104,Gamma Air,2024-08-02 22:52:47,East Karenborough,131
659.87,East Nicholas,105,Delta Flights,2024-04-08 09:49:56,Shannonfurt,116
1106.59,New Arthur,106,Gamma Air,2025-02-09 06:14:21,Reynoldsbury,105
364.21,Lake Lauratown,107,Delta Flights,2024-07-04 23:18:28,Port Mikeside,309
1439.79,Catherineburgh,108,Beta Airlines,2024-05-11 20:20:55,West Stacey,208
587.3,Stokesville,109,Beta Airlines,2024-10-15 08:03:11,East Karenborough,155
1401.85,Williamsmouth,110,Gamma Air,2024-02-25 16:02:34,Catherineburgh,539
998.55,Lake Lauratown,111,Beta Airlines,2025-01-22 17:37:17,South Melissaville,76
604.95,Lake Lauratown,112,Beta Airlines,2024-09-30 10:17:42,Fosterhaven,438
272.87,Catherineburgh,113,Beta Airlines,2024-11-05 00:25:38,Reynoldsbury,336
157.18,Reynoldsbury,114,Delta Flights,2024-03-28 06:34:10,Catherineburgh,326
792.16,South Janetmouth,115,Gamma Air,2024-03-12 18:44:47,Lake Tammy,127
