flight_id,airline,departure,arrival,departure_time,arrival_time,duration_minutes,price
1,Air Alpha,Lake Leah,West Jasonshire,2024-07-28 23:36:51,2024-07-29 03:02:51,206,434.41
2,Delta Flights,West Michaelstad,East Thomasville,2024-12-17 04:41:51,2024-12-17 07:41:51,180,1129.78
3,Delta Flights,Gregoryville,Lake Leah,2024-04-26 07:18:18,2024-04-26 13:37:18,379,1059.02
4,Air Alpha,Gregoryville,East Thomasville,2024-09-02 00:35:44,2024-09-02 05:07:44,272,376.81
5,Air Alpha,East Thomasville,West Jeffreyview,2025-02-08 05:59:14,2025-02-08 09:11:14,192,384.63
6,Air Alpha,Jasonside,East Michaelburgh,2024-04-03 17:45:01,2024-04-03 21:24:01,219,552.55
7,Delta Flights,Lake Robertberg,Gregoryville,2024-10-14 05:14:33,2024-10-14 10:56:33,342,478.62
8,Delta Flights,New Valerie,West Jeffreyview,2024-09-10 07:25:37,2024-09-10 13:03:37,338,1245.72
9,Beta Airlines,South Lisamouth,West Jasonshire,2024-04-18 01:23:56,2024-04-18 02:50:56,87,596.77
10,Gamma Air,West Jeffreyview,Lake Leah,2024-03-06 02:03:24,2024-03-06 05:39:24,216,315.66
11,Gamma Air,Brianmouth,New Valerie,2024-09-08 11:11:02,2024-09-08 17:03:02,352,606.55
12,Air Alpha,Brianmouth,East Thomasville,2024-08-06 05:56:09,2024-08-06 09:01:09,185,699.8
13,Gamma Air,East Thomasville,Gregoryville,2025-02-08 05:17:03,2025-02-08 14:52:03,575,917.75
14,Beta Airlines,Jasonside,West Jeffreyview,2024-04-24 09:47:37,2024-04-24 16:38:37,411,744.78
15,Delta Flights,West Jasonshire,South Roger,2024-03-01 21:10:31,2024-03-01 22:26:31,76,553.85
16,Beta Airlines,North Jon,Lake Leah,2024-08-19 23:59:15,2024-08-20 07:20:15,441,245.48
17,Gamma Air,West Michaelstad,East Thomasville,2024-03-28 11:03:09,2024-03-28 12:05:09,62,985.08
18,Air Alpha,Jesusville,New Valerie,2024-04-03 03:02:32,2024-04-03 12:23:32,561,373.46
19,Beta Airlines,Jesusville,West Michaelstad,2024-05-29 04:41:37,2024-05-29 12:43:37,482,1268.94
20,Delta Flights,South Bethville,Lake Robertberg,2024-06-20 02:06:23,2024-06-20 03:29:23,83,759.18
21,Air Alpha,Gregoryville,Jesusville,2024-06-03 00:27:22,2024-06-03 01:28:22,61,53.0
22,Beta Airlines,Brianmouth,East Thomasville,2024-10-22 03:26:58,2024-10-22 10:34:58,428,1187.13
23,Air Alpha,Lake Leah,Jasonside,2024-02-26 00:25:15,2024-02-26 08:20:15,475,700.07
24,Beta Airlines,South Lisamouth,South Dustin,2024-02-18 02:17:53,2024-02-18 07:53:53,336,582.3
25,Beta Airlines,Brianmouth,West Jeffreyview,2024-09-08 06:08:15,2024-09-08 12:05:15,357,796.74
26,Air Alpha,West Jasonshire,West Michaelstad,2024-05-26 23:35:01,2024-05-27 08:17:01,522,883.34
27,Gamma Air,South Roger,East Thomasville,2024-04-08 07:54:11,2024-04-08 10:28:11,154,868.2
28,Gamma Air,West Jeffreyview,Jesusville,2024-10-01 07:40:29,2024-10-01 12:54:29,314,629.15
29,Gamma Air,Garciafurt,East Michaelburgh,2024-09-19 05:39:33,2024-09-19 11:41:33,362,556.58
30,Beta Airlines,South Dustin,West Jeffreyview,2025-01-27 07:12:30,2025-01-27 11:58:30,286,315.13
31,Gamma Air,West Jeffreyview,New Adrienne,2024-08-26 23:49:43,2024-08-27 01:29:43,100,497.44
32,Air Alpha,Jasonside,Garciafurt,2024-08-19 09:36:23,2024-08-19 16:55:23,439,883.84
33,Delta Flights,South Dustin,South Lisamouth,2024-12-12 13:13:38,2024-12-12 14:18:38,65,1186.63
34,Beta Airlines,North Jon,South Dustin,2024-12-08 13:13:59,2024-12-08 22:40:59,567,272.7
35,Beta Airlines,Garciafurt,Lake Leah,2024-04-05 00:35:59,2024-04-05 08:15:59,460,1291.45
36,Beta Airlines,New Adrienne,Jesusville,2024-05-28 04:55:28,2024-05-28 11:33:28,398,508.05
37,Gamma Air,West Jasonshire,New Adrienne,2025-01-07 10:59:02,2025-01-07 16:28:02,329,1479.83
38,Air Alpha,Gregoryville,South Lisamouth,2024-10-19 18:06:04,2024-10-19 20:17:04,131,340.42
39,Air Alpha,Jasonside,South Lisamouth,2024-08-06 10:33:05,2024-08-06 16:19:05,346,1145.27
40,Beta Airlines,South Lisamouth,Garciafurt,2024-07-19 18:45:51,2024-07-20 03:50:51,545,813.29
41,Gamma Air,West Jasonshire,Lake Robertberg,2024-06-24 11:27:52,2024-06-24 12:47:52,80,1319.0
42,Air Alpha,Cynthiaside,Brianmouth,2025-01-11 10:57:32,2025-01-11 18:21:32,444,508.41
43,Gamma Air,West Michaelstad,Cynthiaside,2024-11-01 01:10:14,2024-11-01 10:42:14,572,373.24
44,Gamma Air,Lake Robertberg,East Thomasville,2024-03-13 01:38:46,2024-03-13 09:15:46,457,1038.2
45,Gamma Air,East Thomasville,Gregoryville,2024-05-27 17:47:47,2024-05-27 21:15:47,208,994.69
46,Gamma Air,Brianmouth,Lake Leah,2024-04-03 00:44:00,2024-04-03 02:23:00,99,360.42
47,Beta Airlines,South Bethville,West Jasonshire,2024-07-10 14:20:07,2024-07-10 18:06:07,226,1342.12
48,Delta Flights,Jesusville,South Dustin,2024-04-20 22:58:44,2024-04-21 01:24:44,146,369.09
49,Gamma Air,East Michaelburgh,Lake Leah,2024-07-07 21:06:12,2024-07-07 23:29:12,143,1024.74
50,Air Alpha,Garciafurt,South Roger,2024-10-12 22:57:12,2024-10-13 01:15:12,138,731.4
51,Gamma Air,Lake Robertberg,South Lisamouth,2024-03-16 05:52:30,2024-03-16 13:28:30,456,352.97
52,Beta Airlines,New Adrienne,Cynthiaside,2024-09-10 01:14:21,2024-09-10 09:37:21,503,1336.04
53,Gamma Air,West Jeffreyview,Brianmouth,2024-06-14 06:02:45,2024-06-14 15:24:45,562,797.41
54,Beta Airlines,West Jeffreyview,Cynthiaside,2024-11-01 10:59:32,2024-11-01 12:18:32,79,600.04
55,Delta Flights,New Valerie,North Jon,2024-12-15 04:18:00,2024-12-15 11:43:00,445,524.16
56,Air Alpha,North Jon,Cynthiaside,2024-10-19 20:46:18,2024-10-20 00:30:18,224,358.92
57,Beta Airlines,South Roger,West Michaelstad,2024-09-24 00:19:21,2024-09-24 07:48:21,449,106.64
58,Delta Flights,North Jon,Jesusville,2024-04-29 00:20:57,2024-04-29 01:23:57,63,97.59
59,Air Alpha,West Jasonshire,Garciafurt,2024-12-26 11:06:03,2024-12-26 20:57:03,591,879.36
60,Air Alpha,Brianmouth,Lake Leah,2024-09-23 19:51:21,2024-09-23 21:38:21,107,648.98
61,Air Alpha,South Bethville,Brianmouth,2024-05-25 04:46:04,2024-05-25 06:43:04,117,1113.23
62,Air Alpha,West Jasonshire,West Jeffreyview,2024-11-21 23:57:59,2024-11-22 02:06:59,129,1355.55
63,Air Alpha,Garciafurt,South Bethville,2024-10-18 03:50:07,2024-10-18 12:01:07,491,346.07
64,Delta Flights,New Valerie,Gregoryville,2024-06-22 22:04:24,2024-06-23 04:47:24,403,1286.05
65,Air Alpha,South Bethville,West Michaelstad,2025-01-29 12:57:53,2025-01-29 15:32:53,155,415.47
66,Delta Flights,Lake Leah,West Jasonshire,2024-07-04 01:15:16,2024-07-04 07:42:16,387,1400.23
67,Gamma Air,Cynthiaside,Jesusville,2024-12-31 14:46:08,2024-12-31 21:23:08,397,1483.99
68,Delta Flights,Cynthiaside,Jesusville,2024-05-01 10:14:13,2024-05-01 17:50:13,456,765.26
69,Delta Flights,Gregoryville,West Michaelstad,2024-05-03 06:13:06,2024-05-03 09:43:06,210,1096.89
70,Gamma Air,East Michaelburgh,South Roger,2024-03-16 15:57:08,2024-03-16 23:45:08,468,1173.74
71,Delta Flights,South Lisamouth,West Jeffreyview,2024-11-06 23:26:59,2024-11-07 02:35:59,189,421.0
72,Air Alpha,Gregoryville,East Michaelburgh,2024-07-11 21:05:18,2024-07-11 23:07:18,122,201.89
73,Delta Flights,South Dustin,West Jeffreyview,2024-07-05 17:41:15,2024-07-06 02:36:15,535,1466.72
74,Gamma Air,Jesusville,Gregoryville,2024-11-29 20:23:59,2024-11-30 06:19:59,596,1014.81
75,Beta Airlines,South Lisamouth,Garciafurt,2024-11-28 08:00:06,2024-11-28 14:51:06,411,1468.55
76,Air Alpha,Cynthiaside,New Valerie,2024-05-11 20:08:11,2024-05-12 05:33:11,565,246.87
77,Air Alpha,New Valerie,Lake Robertberg,2024-05-21 20:58:08,2024-05-22 04:16:08,438,1249.22
78,Delta Flights,East Thomasville,Cynthiaside,2024-09-17 09:11:38,2024-09-17 12:01:38,170,1337.74
79,Beta Airlines,New Adrienne,Garciafurt,2024-11-01 02:08:43,2024-11-01 07:38:43,330,1032.23
80,Beta Airlines,East Michaelburgh,West Jeffreyview,2024-09-22 08:42:27,2024-09-22 11:08:27,146,896.64
81,Air Alpha,Lake Robertberg,Jesusville,2024-04-11 05:56:50,2024-04-11 12:00:50,364,1280.85
82,Gamma Air,New Valerie,West Jasonshire,2024-10-28 17:58:06,2024-10-29 03:40:06,582,896.9
83,Air Alpha,Lake Leah,West Jeffreyview,2024-08-19 18:03:50,2024-08-19 23:02:50,299,304.5
84,Delta Flights,West Jasonshire,Cynthiaside,2024-03-18 10:57:06,2024-03-18 17:31:06,394,1491.75
85,Delta Flights,Lake Robertberg,North Jon,2024-05-31 10:49:13,2024-05-31 17:18:13,389,1435.85
86,Gamma Air,Brianmouth,West Jeffreyview,2024-09-22 21:38:00,2024-09-22 22:43:00,65,185.13
87,Air Alpha,West Jasonshire,New Valerie,2024-04-28 12:53:31,2024-04-28 18:59:31,366,490.19
88,Gamma Air,West Jeffreyview,Brianmouth,2024-11-22 07:07:14,2024-11-22 13:57:14,410,592.27
89,Air Alpha,Cynthiaside,South Roger,2025-01-01 01:40:08,2025-01-01 09:53:08,493,322.34
90,Air Alpha,Jasonside,Lake Robertberg,2024-12-07 11:09:45,2024-12-07 20:15:45,546,652.31
91,Delta Flights,West Jeffreyview,New Valerie,2024-06-13 03:19:35,2024-06-13 12:23:35,544,1236.14
92,Beta Airlines,Brianmouth,South Bethville,2025-01-17 11:10:08,2025-01-17 16:51:08,341,1049.14
93,Delta Flights,Brianmouth,West Jasonshire,2024-09-08 11:05:49,2024-09-08 15:24:49,259,1342.21
94,Beta Airlines,Jasonside,Garciafurt,2024-08-18 20:38:43,2024-08-19 03:54:43,436,296.1
95,Beta Airlines,North Jon,Gregoryville,2024-07-31 05:47:41,2024-07-31 15:29:41,582,659.73
96,Gamma Air,Lake Robertberg,Garciafurt,2024-06-15 13:57:28,2024-06-15 21:50:28,473,685.18
97,Delta Flights,South Lisamouth,South Roger,2024-05-01 02:14:41,2024-05-01 10:43:41,509,674.8
98,Air Alpha,New Adrienne,West Jasonshire,2024-08-26 16:00:37,2024-08-26 19:05:37,185,1485.33
99,Gamma Air,Cynthiaside,New Adrienne,2024-06-04 13:43:39,2024-06-04 21:28:39,465,1232.33
100,Gamma Air,Gregoryville,North Jon,2024-09-20 06:40:35,2024-09-20 14:32:35,472,994.42
101,Delta Flights,South Roger,East Michaelburgh,2024-09-01 05:03:09,2024-09-01 11:10:09,367,1381.23
102,Beta Airlines,Garciafurt,East Michaelburgh,2024-07-23 19:40:56,2024-07-23 23:28:56,228,773.12
103,Air Alpha,New Adrienne,Brianmouth,2024-03-10 19:11:00,2024-03-10 21:51:00,160,861.14
104,Air Alpha,New Valerie,North Jon,2024-02-15 06:26:47,2024-02-15 07:41:47,75,982.01
105,Gamma Air,Lake Leah,New Adrienne,2024-03-15 14:36:06,2024-03-15 20:58:06,382,1485.48
106,Delta Flights,North Jon,New Adrienne,2024-07-29 18:47:47,2024-07-29 20:55:47,128,1071.07
107,Beta Airlines,Lake Robertberg,Lake Leah,2024-09-09 02:32:01,2024-09-09 04:37:01,125,815.89
108,Delta Flights,South Lisamouth,New Valerie,2024-07-14 18:46:01,2024-07-15 01:57:01,431,204.01
109,Air Alpha,Cynthiaside,South Dustin,2024-07-09 11:20:08,2024-07-09 16:02:08,282,437.66
110,Gamma Air,South Roger,West Jasonshire,2025-01-27 10:49:58,2025-01-27 17:12:58,383,376.17
111,Air Alpha,Cynthiaside,New Adrienne,2024-08-11 20:50:29,2024-08-12 01:31:29,281,1091.25
112,Delta Flights,West Jeffreyview,North Jon,2025-02-07 10:36:00,2025-02-07 14:57:00,261,315.72
113,Air Alpha,West Jasonshire,South Roger,2024-05-07 22:07:35,2024-05-08 03:35:35,328,1145.52
114,Beta Airlines,West Jeffreyview,Jasonside,2024-03-22 01:40:48,2024-03-22 03:24:48,104,488.14
115,Gamma Air,Jesusville,West Jasonshire,2024-04-22 10:14:44,2024-04-22 16:37:44,383,999.39
116,Air Alpha,Lake Robertberg,South Lisamouth,2024-10-23 08:59:01,2024-10-23 18:26:01,567,217.98
117,Beta Airlines,New Valerie,South Lisamouth,2025-01-29 00:07:47,2025-01-29 05:38:47,331,1395.51
118,Delta Flights,Garciafurt,South Roger,2025-01-11 06:39:07,2025-01-11 09:12:07,153,894.3
119,Beta Airlines,South Dustin,New Adrienne,2024-07-17 23:25:10,2024-07-18 08:46:10,561,598.16
120,Gamma Air,South Lisamouth,Lake Leah,2024-08-11 21:13:46,2024-08-12 06:04:46,531,214.3
121,Beta Airlines,West Jasonshire,South Lisamouth,2025-02-01 13:16:06,2025-02-01 21:59:06,523,1237.75
122,Gamma Air,West Jeffreyview,East Thomasville,2024-11-14 18:54:23,2024-11-15 00:03:23,309,1294.37
123,Delta Flights,South Lisamouth,South Roger,2024-07-28 00:40:45,2024-07-28 03:36:45,176,1333.43
124,Gamma Air,Lake Robertberg,Jasonside,2024-07-07 14:17:05,2024-07-07 17:14:05,177,1045.05
125,Air Alpha,East Michaelburgh,South Bethville,2024-12-02 23:02:52,2024-12-03 04:06:52,304,242.21
126,Beta Airlines,East Thomasville,Cynthiaside,2024-11-08 01:08:03,2024-11-08 08:25:03,437,912.06
127,Beta Airlines,Jesusville,Jasonside,2024-09-16 16:41:54,2024-09-16 19:28:54,167,784.21
128,Delta Flights,Lake Robertberg,East Michaelburgh,2024-11-20 04:58:16,2024-11-20 06:23:16,85,414.99
129,Gamma Air,South Roger,West Jeffreyview,2024-05-23 10:14:44,2024-05-23 18:41:44,507,1381.95
130,Gamma Air,West Jeffreyview,New Adrienne,2024-12-25 00:14:33,2024-12-25 08:47:33,513,1383.1
131,Delta Flights,West Jasonshire,West Michaelstad,2024-07-19 02:12:42,2024-07-19 09:16:42,424,1317.8
132,Air Alpha,West Jeffreyview,South Dustin,2024-04-17 21:08:27,2024-04-18 02:42:27,334,1179.97
133,Gamma Air,East Thomasville,South Dustin,2024-08-29 16:17:52,2024-08-29 22:20:52,363,1371.91
134,Beta Airlines,New Valerie,Jasonside,2024-04-09 06:40:27,2024-04-09 12:05:27,325,1050.7
135,Beta Airlines,Jesusville,West Jeffreyview,2024-07-17 01:26:44,2024-07-17 09:51:44,505,212.0
136,Delta Flights,Jesusville,Lake Leah,2024-12-29 20:42:41,2024-12-30 03:19:41,397,820.53
137,Air Alpha,Brianmouth,East Michaelburgh,2024-09-22 11:16:15,2024-09-22 20:48:15,572,973.24
138,Beta Airlines,Jasonside,Garciafurt,2024-12-31 09:21:55,2024-12-31 10:53:55,92,1222.47
139,Beta Airlines,Jasonside,West Jasonshire,2024-09-18 12:47:01,2024-09-18 22:01:01,554,447.76
