flight_id,airline,departure,arrival,departure_time,arrival_time,duration_minutes,price
1,Gamma Air,North Shannon,Lake Aliciamouth,2024-12-14 06:10:52,2024-12-14 15:49:52,579,801.55
2,Beta Airlines,New Courtney,Kristenborough,2024-03-11 16:30:03,2024-03-12 00:23:03,473,804.37
3,Gamma Air,Tracystad,Arnoldstad,2024-12-02 13:52:14,2024-12-02 16:54:14,182,681.77
4,Gamma Air,Tracystad,Port Tammy,2024-06-16 18:13:58,2024-06-17 03:44:58,571,875.43
5,Air Alpha,South Stephanie,Port Tammy,2024-12-02 05:33:32,2024-12-02 06:38:32,65,724.6
6,Delta Flights,Leburgh,Port Tammy,2024-07-12 01:16:09,2024-07-12 10:18:09,542,300.82
7,Delta Flights,Andersonburgh,East Mitchellmouth,2024-03-11 15:06:25,2024-03-11 19:53:25,287,463.5
8,Delta Flights,East Jamesview,Arnoldstad,2024-08-11 07:21:03,2024-08-11 17:17:03,596,1269.57
9,Beta Airlines,Andersonburgh,Lake Brookeborough,2024-03-15 12:10:41,2024-03-15 14:51:41,161,996.34
10,Gamma Air,Arnoldstad,Kristenborough,2024-08-21 15:45:20,2024-08-21 19:43:20,238,62.34
11,Air Alpha,Kristenborough,Lake Aliciamouth,2025-01-29 02:20:13,2025-01-29 03:30:13,70,1142.36
12,Beta Airlines,North Matthewfort,Jamesbury,2024-03-08 08:10:42,2024-03-08 13:53:42,343,890.91
13,Delta Flights,East Jamesview,Blakechester,2024-09-26 20:56:31,2024-09-27 05:25:31,509,922.86
14,Delta Flights,Kristenborough,Andersonburgh,2024-02-24 09:00:18,2024-02-24 16:53:18,473,313.89
15,Delta Flights,North Matthewfort,Lake Brookeborough,2024-10-13 09:12:03,2024-10-13 10:16:03,64,1234.11
16,Gamma Air,Lake Aliciamouth,North Matthewfort,2024-11-30 18:43:17,2024-12-01 00:34:17,351,873.39
17,Gamma Air,Andersonburgh,North Matthewfort,2024-11-05 09:05:30,2024-11-05 10:55:30,110,323.16
18,Air Alpha,East Jamesview,Walterville,2025-01-16 02:48:34,2025-01-16 11:07:34,499,353.66
19,Delta Flights,East Jamesview,Blakechester,2024-10-06 22:09:11,2024-10-07 03:57:11,348,973.21
20,Air Alpha,Port Tammy,Jamesbury,2025-01-20 07:14:15,2025-01-20 16:39:15,565,1120.72
21,Delta Flights,North Shannon,Andersonburgh,2024-07-08 13:11:51,2024-07-08 18:08:51,297,1092.24
22,Air Alpha,Walterville,North Tracy,2024-11-22 12:16:14,2024-11-22 14:34:14,138,174.54
23,Delta Flights,North Matthewfort,Arnoldstad,2024-05-04 00:45:56,2024-05-04 08:38:56,473,130.02
24,Beta Airlines,Arnoldstad,New Courtney,2024-10-30 19:37:26,2024-10-31 02:07:26,390,1198.21
25,Delta Flights,Port Tammy,Andersonburgh,2024-10-15 16:47:07,2024-10-15 19:42:07,175,1388.92
26,Gamma Air,Lake Brookeborough,Leburgh,2024-07-03 10:27:11,2024-07-03 13:26:11,179,1378.47
27,Air Alpha,Tracystad,Walterville,2024-12-10 03:51:21,2024-12-10 07:41:21,230,1493.75
28,Air Alpha,Walterville,Tracystad,2024-11-20 04:47:21,2024-11-20 10:44:21,357,882.12
29,Air Alpha,North Tracy,North Matthewfort,2024-12-29 23:50:04,2024-12-30 09:08:04,558,1015.53
30,Beta Airlines,Maryside,Lake Aliciamouth,2024-07-06 05:48:11,2024-07-06 15:45:11,597,368.5
31,Beta Airlines,New Courtney,Blakechester,2024-11-20 15:31:47,2024-11-20 21:23:47,352,1059.01
32,Delta Flights,Walterville,Tracystad,2024-07-15 20:36:40,2024-07-16 06:16:40,580,1448.09
33,Air Alpha,Lake Brookeborough,Arnoldstad,2024-03-14 12:47:17,2024-03-14 14:12:17,85,86.19
34,Delta Flights,East Mitchellmouth,New Kimberlybury,2024-10-08 23:41:37,2024-10-09 02:59:37,198,593.41
35,Beta Airlines,Lake Aliciamouth,Maryside,2024-05-23 19:22:58,2024-05-24 04:06:58,524,1023.95
36,Beta Airlines,Kristenborough,Port Tammy,2024-06-22 13:14:27,2024-06-22 20:16:27,422,480.01
37,Delta Flights,Arnoldstad,Kristenborough,2024-02-27 04:38:53,2024-02-27 06:42:53,124,584.61
38,Gamma Air,Lake Brookeborough,New Courtney,2024-05-21 20:05:44,2024-05-21 22:27:44,142,1381.43
39,Gamma Air,Andersonburgh,Lake Aliciamouth,2024-12-02 06:56:25,2024-12-02 12:19:25,323,1152.28
40,Beta Airlines,Lake Brookeborough,North Matthewfort,2024-09-30 06:09:11,2024-09-30 12:05:11,356,306.25
41,Delta Flights,Walterville,Arnoldstad,2025-02-10 02:10:02,2025-02-10 11:50:02,580,942.78
42,Beta Airlines,New Kimberlybury,Jamesbury,2024-07-17 13:39:57,2024-07-17 15:22:57,103,1265.98
43,Air Alpha,South Stephanie,East Mitchellmouth,2024-04-19 15:31:11,2024-04-19 23:30:11,479,406.27
44,Air Alpha,Port Tammy,Maryside,2024-02-29 23:34:55,2024-03-01 06:48:55,434,1177.5
45,Beta Airlines,Arnoldstad,Port Tammy,2024-04-25 14:38:32,2024-04-25 15:59:32,81,823.51
46,Beta Airlines,North Matthewfort,Blakechester,2024-10-22 17:05:04,2024-10-22 23:32:04,387,488.82
47,Beta Airlines,Andersonburgh,North Tracy,2024-04-02 14:25:26,2024-04-02 18:12:26,227,644.93
48,Air Alpha,Andersonburgh,East Mitchellmouth,2025-01-21 03:27:34,2025-01-21 07:06:34,219,181.22
49,Delta Flights,Tracystad,Leburgh,2024-03-18 06:25:57,2024-03-18 14:47:57,502,963.08
50,Air Alpha,Port Tammy,Arnoldstad,2024-12-05 02:08:19,2024-12-05 04:41:19,153,593.64
51,Delta Flights,Maryside,East Mitchellmouth,2024-06-19 05:28:09,2024-06-19 11:28:09,360,735.01
52,Gamma Air,North Matthewfort,East Jamesview,2024-06-21 09:50:50,2024-06-21 18:24:50,514,105.95
53,Delta Flights,North Tracy,New Kimberlybury,2024-07-25 10:00:03,2024-07-25 14:26:03,266,865.18
54,Air Alpha,East Jamesview,Jamesbury,2024-02-20 03:56:14,2024-02-20 10:08:14,372,533.31
55,Air Alpha,Blakechester,North Matthewfort,2024-05-03 01:05:24,2024-05-03 02:42:24,97,1271.62
56,Delta Flights,Jamesbury,Lake Aliciamouth,2024-06-28 15:56:13,2024-06-28 23:20:13,444,564.83
57,Beta Airlines,New Courtney,Jamesbury,2024-07-25 21:37:54,2024-07-26 06:57:54,560,711.91
58,Air Alpha,Lake Aliciamouth,South Stephanie,2024-06-22 17:10:58,2024-06-22 21:35:58,265,1441.84
59,Air Alpha,Lake Brookeborough,Arnoldstad,2024-08-11 17:06:30,2024-08-12 00:20:30,434,560.65
60,Gamma Air,North Tracy,Jamesbury,2024-12-28 08:25:46,2024-12-28 17:42:46,557,1241.03
61,Air Alpha,Port Tammy,Blakechester,2024-10-05 16:59:55,2024-10-05 19:15:55,136,1269.31
62,Gamma Air,Andersonburgh,Lake Brookeborough,2024-12-29 19:40:42,2024-12-30 01:53:42,373,1332.87
63,Air Alpha,Port Tammy,Jamesbury,2024-04-16 07:12:01,2024-04-16 09:11:01,119,845.13
64,Gamma Air,North Matthewfort,Lake Brookeborough,2024-07-28 20:39:55,2024-07-28 22:14:55,95,711.69
65,Air Alpha,Jamesbury,East Mitchellmouth,2024-11-18 22:14:13,2024-11-19 07:58:13,584,1162.7
66,Beta Airlines,New Courtney,Tracystad,2024-12-21 22:39:13,2024-12-22 06:46:13,487,1121.52
67,Gamma Air,North Shannon,Leburgh,2024-06-22 12:31:48,2024-06-22 19:02:48,391,384.74
68,Gamma Air,Maryside,East Mitchellmouth,2024-08-18 20:29:30,2024-08-19 05:30:30,541,673.59
69,Air Alpha,Lake Brookeborough,New Kimberlybury,2024-05-16 04:56:12,2024-05-16 12:49:12,473,538.07
70,Gamma Air,North Tracy,East Jamesview,2024-04-15 07:20:57,2024-04-15 12:14:57,294,696.41
71,Air Alpha,South Stephanie,Lake Aliciamouth,2024-06-04 12:18:47,2024-06-04 14:07:47,109,1177.51
72,Delta Flights,Maryside,New Kimberlybury,2024-06-06 14:14:01,2024-06-06 21:04:01,410,821.41
73,Gamma Air,Tracystad,East Mitchellmouth,2024-06-17 14:07:33,2024-06-17 17:06:33,179,1279.82
74,Delta Flights,North Shannon,New Kimberlybury,2024-08-27 07:06:57,2024-08-27 15:05:57,479,1297.09
75,Air Alpha,East Jamesview,Tracystad,2024-04-15 15:23:44,2024-04-16 01:00:44,577,726.28
76,Delta Flights,Maryside,Port Tammy,2024-03-07 05:07:04,2024-03-07 07:28:04,141,504.77
77,Beta Airlines,Kristenborough,Andersonburgh,2024-08-02 20:05:51,2024-08-03 03:05:51,420,1036.13
78,Gamma Air,Kristenborough,Arnoldstad,2024-07-23 20:41:41,2024-07-24 02:13:41,332,373.29
79,Beta Airlines,Maryside,Leburgh,2024-06-22 07:58:22,2024-06-22 09:42:22,104,1217.86
80,Beta Airlines,Port Tammy,Jamesbury,2025-01-07 08:37:58,2025-01-07 13:09:58,272,579.66
81,Gamma Air,Lake Aliciamouth,Walterville,2024-04-23 02:05:52,2024-04-23 03:20:52,75,1063.65
82,Gamma Air,North Matthewfort,East Mitchellmouth,2024-09-14 13:49:38,2024-09-14 17:52:38,243,1143.52
83,Gamma Air,Jamesbury,Andersonburgh,2024-06-28 05:40:53,2024-06-28 07:52:53,132,1280.11
84,Gamma Air,Leburgh,Arnoldstad,2024-06-29 08:27:15,2024-06-29 18:27:15,600,324.72
85,Gamma Air,New Courtney,Maryside,2024-07-17 01:03:30,2024-07-17 04:59:30,236,88.9
86,Gamma Air,North Tracy,North Matthewfort,2024-07-14 17:31:13,2024-07-14 21:29:13,238,1064.38
87,Air Alpha,New Courtney,Kristenborough,2024-07-04 22:01:01,2024-07-05 02:50:01,289,319.86
88,Gamma Air,North Matthewfort,Jamesbury,2024-03-12 23:24:12,2024-03-13 05:58:12,394,161.86
89,Air Alpha,Jamesbury,Arnoldstad,2024-07-26 06:31:22,2024-07-26 14:19:22,468,1017.44
90,Gamma Air,North Tracy,East Mitchellmouth,2024-06-26 00:52:12,2024-06-26 01:52:12,60,1120.92
91,Gamma Air,Arnoldstad,North Shannon,2024-03-13 07:05:54,2024-03-13 15:08:54,483,923.82
92,Gamma Air,Walterville,Lake Aliciamouth,2024-10-31 20:42:16,2024-11-01 06:29:16,587,263.79
93,Air Alpha,East Mitchellmouth,Walterville,2024-09-21 15:10:15,2024-09-21 20:11:15,301,141.17
94,Gamma Air,Kristenborough,North Tracy,2024-05-06 17:54:49,2024-05-06 21:45:49,231,1337.85
95,Beta Airlines,Leburgh,Lake Brookeborough,2025-02-06 00:40:21,2025-02-06 03:57:21,197,1472.35
96,Delta Flights,North Tracy,New Courtney,2025-01-29 12:54:05,2025-01-29 22:14:05,560,70.36
97,Gamma Air,Walterville,South Stephanie,2025-01-01 01:34:33,2025-01-01 08:09:33,395,1218.28
98,Delta Flights,North Matthewfort,Arnoldstad,2024-06-24 19:43:23,2024-06-24 21:06:23,83,1007.7
99,Air Alpha,North Matthewfort,Arnoldstad,2024-11-19 06:45:40,2024-11-19 13:10:40,385,932.92
100,Delta Flights,Maryside,Blakechester,2024-09-21 17:22:52,2024-09-22 00:43:52,441,168.27
101,Beta Airlines,Leburgh,Walterville,2024-03-17 13:06:14,2024-03-17 18:04:14,298,168.32
102,Beta Airlines,Blakechester,Arnoldstad,2024-12-13 03:09:02,2024-12-13 09:44:02,395,1195.02
103,Gamma Air,East Jamesview,Maryside,2024-11-11 17:31:22,2024-11-11 20:17:22,166,1264.11
104,Gamma Air,Maryside,North Matthewfort,2024-04-02 01:29:00,2024-04-02 06:48:00,319,995.99
105,Delta Flights,Lake Brookeborough,Tracystad,2024-10-12 14:48:05,2024-10-12 23:30:05,522,553.58
106,Air Alpha,Maryside,New Kimberlybury,2024-08-01 06:39:30,2024-08-01 08:30:30,111,757.96
107,Beta Airlines,Andersonburgh,South Stephanie,2024-03-08 22:58:41,2024-03-09 02:00:41,182,1450.15
108,Delta Flights,North Tracy,Port Tammy,2024-12-30 04:59:22,2024-12-30 12:47:22,468,481.54
109,Air Alpha,New Kimberlybury,East Jamesview,2024-04-28 16:10:48,2024-04-28 18:49:48,159,1455.26
110,Air Alpha,New Kimberlybury,Kristenborough,2024-03-20 14:35:36,2024-03-20 19:47:36,312,884.46
111,Gamma Air,New Kimberlybury,Andersonburgh,2024-03-30 11:23:17,2024-03-30 16:33:17,310,277.03
112,Delta Flights,South Stephanie,Lake Brookeborough,2025-02-06 00:44:21,2025-02-06 03:53:21,189,978.03
113,Delta Flights,Blakechester,East Jamesview,2024-07-07 10:15:45,2024-07-07 14:26:45,251,1387.12
114,Beta Airlines,South Stephanie,Jamesbury,2024-03-12 07:13:19,2024-03-12 13:30:19,377,1481.9
115,Beta Airlines,Lake Brookeborough,Arnoldstad,2024-09-14 09:28:49,2024-09-14 11:00:49,92,1479.92
116,Air Alpha,South Stephanie,Blakechester,2024-02-25 22:25:38,2024-02-26 03:03:38,278,998.54
117,Delta Flights,New Courtney,Lake Aliciamouth,2024-09-08 09:29:55,2024-09-08 13:48:55,259,302.97
118,Gamma Air,Maryside,North Tracy,2024-12-16 08:57:27,2024-12-16 11:55:27,178,761.03
119,Gamma Air,East Mitchellmouth,Lake Brookeborough,2024-08-28 10:19:13,2024-08-28 17:36:13,437,1136.08
120,Gamma Air,North Shannon,Kristenborough,2024-04-10 05:37:11,2024-04-10 10:50:11,313,757.5
121,Delta Flights,Arnoldstad,Lake Brookeborough,2024-05-30 13:11:12,2024-05-30 16:14:12,183,1298.73
122,Delta Flights,Port Tammy,New Kimberlybury,2025-01-01 03:11:25,2025-01-01 08:26:25,315,387.85
123,Delta Flights,Walterville,East Jamesview,2024-07-11 11:43:22,2024-07-11 20:09:22,506,1142.62
124,Air Alpha,Maryside,Port Tammy,2024-08-28 04:00:24,2024-08-28 09:59:24,359,1341.03
125,Gamma Air,Leburgh,Walterville,2024-02-25 14:48:39,2024-02-25 15:57:39,69,331.45
126,Air Alpha,New Courtney,Tracystad,2024-07-26 11:32:33,2024-07-26 16:12:33,280,87.17
127,Air Alpha,Leburgh,Tracystad,2024-09-09 02:15:04,2024-09-09 09:03:04,408,796.52
128,Gamma Air,New Kimberlybury,North Tracy,2024-03-29 02:24:11,2024-03-29 05:05:11,161,730.99
129,Air Alpha,Lake Brookeborough,New Courtney,2024-12-11 21:50:37,2024-12-12 05:38:37,468,1337.79
130,Gamma Air,East Jamesview,Port Tammy,2024-11-10 17:38:14,2024-11-10 20:39:14,181,760.76
131,Gamma Air,New Kimberlybury,East Jamesview,2024-04-13 07:54:03,2024-04-13 09:31:03,97,456.18
132,Beta Airlines,Tracystad,Arnoldstad,2024-03-16 20:16:32,2024-03-17 00:53:32,277,217.17
133,Gamma Air,South Stephanie,Andersonburgh,2025-01-24 01:33:35,2025-01-24 03:37:35,124,1495.68
134,Gamma Air,Leburgh,Andersonburgh,2025-02-09 17:47:29,2025-02-09 22:21:29,274,294.79
135,Beta Airlines,Tracystad,North Shannon,2024-04-08 23:59:10,2024-04-09 04:04:10,245,1075.05
136,Delta Flights,Lake Aliciamouth,Port Tammy,2024-09-08 16:38:37,2024-09-08 21:23:37,285,626.87
137,Delta Flights,Leburgh,North Matthewfort,2024-10-08 12:13:52,2024-10-08 20:28:52,495,1196.42
138,Delta Flights,New Courtney,Kristenborough,2024-10-16 08:11:46,2024-10-16 13:28:46,317,225.37
139,Delta Flights,North Shannon,Kristenborough,2025-02-09 16:16:33,2025-02-09 22:09:33,353,501.55
140,Delta Flights,Port Tammy,Kristenborough,2024-07-09 09:25:12,2024-07-09 16:37:12,432,823.68
141,Gamma Air,North Shannon,Port Tammy,2024-05-11 14:58:15,2024-05-11 22:10:15,432,771.64
142,Air Alpha,South Stephanie,East Mitchellmouth,2024-10-16 18:42:52,2024-10-17 02:54:52,492,776.25
143,Beta Airlines,Andersonburgh,North Shannon,2024-08-29 22:20:25,2024-08-30 04:09:25,349,1113.88
144,Beta Airlines,New Kimberlybury,North Shannon,2024-05-09 01:42:36,2024-05-09 03:00:36,78,277.94
145,Beta Airlines,Maryside,North Tracy,2024-04-01 18:23:24,2024-04-02 01:06:24,403,677.31
