flight_id,airline,departure,arrival,departure_time,arrival_time,duration_minutes,price
1,Gamma Air,Deannaport,Jasonland,2024-04-11 03:27:30,2024-04-11 05:32:30,125,863.31
2,Beta Airlines,South Timothychester,Lake Stacy,2024-03-03 23:25:10,2024-03-04 05:27:10,362,690.73
3,Gamma Air,Shawnfurt,Murrayland,2024-08-25 21:09:41,2024-08-26 03:06:41,357,1138.36
4,Gamma Air,Shawnfurt,Christianbury,2025-01-31 17:16:48,2025-01-31 19:55:48,159,453.84
5,Delta Flights,Lake Stacy,North Cathy,2024-06-04 14:14:41,2024-06-04 15:29:41,75,723.52
6,Gamma Air,Shawnfurt,Deannaport,2024-07-08 02:02:58,2024-07-08 05:55:58,233,531.8
7,Gamma Air,Johnsontown,Vanessaport,2024-03-02 18:18:28,2024-03-02 23:55:28,337,204.58
8,Beta Airlines,Deannaport,Smithfurt,2024-11-10 03:03:31,2024-11-10 06:19:31,196,214.4
9,Beta Airlines,Jasonland,South Timothychester,2024-07-01 20:32:10,2024-07-01 23:26:10,174,1383.49
10,Beta Airlines,Davidport,Vanessaport,2024-08-15 14:46:55,2024-08-15 20:41:55,355,510.54
11,Delta Flights,Smithfurt,Sarahport,2025-01-16 19:04:51,2025-01-16 22:08:51,184,1148.35
12,Gamma Air,Sarahport,Smithfurt,2024-09-19 22:19:20,2024-09-20 03:24:20,305,214.22
13,Delta Flights,Lake Michael,Deannaport,2024-03-22 04:23:05,2024-03-22 12:06:05,463,950.62
14,Gamma Air,Sarahport,Shawnfurt,2025-01-12 00:07:06,2025-01-12 09:57:06,590,493.42
15,Gamma Air,Lake Michael,Christianbury,2025-01-23 17:57:07,2025-01-24 01:04:07,427,391.5
16,Air Alpha,East Jeffrey,Jasonland,2024-09-27 21:32:14,2024-09-28 06:11:14,519,1095.82
17,Air Alpha,Shawnfurt,Johnsontown,2024-10-27 23:34:01,2024-10-28 08:51:01,557,1398.15
18,Gamma Air,Connerville,Johnsontown,2024-08-17 18:47:04,2024-08-18 02:17:04,450,1040.97
19,Beta Airlines,Lake Michael,North Cathy,2024-06-19 07:59:22,2024-06-19 14:51:22,412,1009.83
20,Air Alpha,Lake Michael,Susanmouth,2024-10-13 04:42:33,2024-10-13 10:49:33,367,327.66
21,Beta Airlines,Susanmouth,North Cathy,2024-12-07 15:40:33,2024-12-07 21:07:33,327,1457.27
22,Beta Airlines,Shawnfurt,Murrayland,2024-09-29 04:24:48,2024-09-29 11:43:48,439,673.02
23,Beta Airlines,Murrayland,East Jeffrey,2024-12-08 19:45:04,2024-12-09 05:26:04,581,1355.49
24,Delta Flights,Jasonland,Deannaport,2024-06-17 10:46:30,2024-06-17 16:32:30,346,307.02
25,Delta Flights,Sarahport,South Timothychester,2024-06-23 23:26:34,2024-06-24 08:26:34,540,669.56
26,Air Alpha,Davidport,Vanessaport,2024-02-25 10:37:57,2024-02-25 13:31:57,174,381.22
27,Air Alpha,Lake Michael,Susanmouth,2024-12-24 15:02:23,2024-12-24 20:08:23,306,1333.76
28,Delta Flights,Alexisport,Lake Stacy,2024-06-09 13:45:32,2024-06-09 17:12:32,207,1366.13
29,Beta Airlines,Johnsontown,Shawnfurt,2025-01-16 17:08:48,2025-01-16 20:12:48,184,1326.7
30,Air Alpha,Lake Stacy,North Cathy,2024-10-06 13:23:11,2024-10-06 18:51:11,328,598.94
31,Delta Flights,East Jeffrey,Christianbury,2024-11-21 01:28:39,2024-11-21 09:03:39,455,404.94
32,Delta Flights,Vanessaport,Sarahport,2024-10-04 15:23:21,2024-10-04 16:47:21,84,72.47
33,Beta Airlines,Connerville,Christianbury,2024-03-13 13:46:07,2024-03-13 16:37:07,171,1012.93
34,Delta Flights,Obrienport,South Erinhaven,2024-02-28 15:55:26,2024-02-28 18:33:26,158,731.7
35,Gamma Air,South Timothychester,East Jeffrey,2024-11-16 04:54:20,2024-11-16 08:56:20,242,583.9
36,Delta Flights,Deannaport,Vanessaport,2024-06-27 01:02:49,2024-06-27 03:50:49,168,1302.24
37,Delta Flights,Christianbury,Connerville,2024-06-26 13:00:36,2024-06-26 21:25:36,505,94.12
38,Air Alpha,South Timothychester,Davidport,2024-10-17 05:14:50,2024-10-17 14:26:50,552,1287.81
39,Beta Airlines,South Timothychester,North Cathy,2024-04-27 02:32:21,2024-04-27 05:02:21,150,1320.17
40,Delta Flights,Davidport,Shawnfurt,2024-08-23 01:59:20,2024-08-23 10:05:20,486,177.38
41,Air Alpha,North Cathy,Shawnfurt,2024-08-01 22:18:53,2024-08-02 07:27:53,549,1246.17
42,Air Alpha,Murrayland,North Cathy,2024-06-25 23:38:17,2024-06-26 06:40:17,422,1461.27
43,Air Alpha,Shawnfurt,Smithfurt,2024-07-31 14:50:18,2024-07-31 17:23:18,153,1117.74
44,Gamma Air,Deannaport,Alexisport,2024-04-01 06:33:55,2024-04-01 10:39:55,246,884.08
45,Delta Flights,Johnsontown,South Erinhaven,2024-04-03 09:13:10,2024-04-03 18:07:10,534,1150.34
46,Air Alpha,Vanessaport,Deannaport,2024-07-28 13:57:17,2024-07-28 19:04:17,307,1468.29
47,Beta Airlines,Jasonland,Shawnfurt,2025-01-07 23:02:14,2025-01-08 01:28:14,146,618.77
48,Beta Airlines,Alexisport,South Erinhaven,2024-09-10 10:48:40,2024-09-10 17:55:40,427,273.34
49,Air Alpha,Davidport,Alexisport,2024-08-01 23:00:38,2024-08-02 00:53:38,113,733.7
50,Air Alpha,Johnsontown,Sarahport,2025-02-09 12:05:00,2025-02-09 20:25:00,500,1015.75
51,Beta Airlines,Susanmouth,Jasonland,2024-05-07 03:02:54,2024-05-07 04:10:54,68,1335.79
52,Beta Airlines,Jasonland,Connerville,2024-02-24 14:20:33,2024-02-24 15:36:33,76,1479.47
53,Delta Flights,Jasonland,East Jeffrey,2024-08-16 13:54:59,2024-08-16 20:46:59,412,758.21
54,Delta Flights,Johnsontown,Alexisport,2025-01-04 01:02:11,2025-01-04 04:46:11,224,1092.09
55,Air Alpha,South Erinhaven,Vanessaport,2025-01-27 19:22:03,2025-01-27 23:11:03,229,1321.23
56,Delta Flights,Smithfurt,South Timothychester,2024-09-21 14:12:42,2024-09-21 19:21:42,309,621.29
57,Gamma Air,Shawnfurt,Alexisport,2024-09-24 22:20:03,2024-09-25 06:46:03,506,507.39
58,Gamma Air,South Erinhaven,Lake Stacy,2024-08-30 03:10:46,2024-08-30 06:36:46,206,1191.63
59,Delta Flights,Shawnfurt,Sarahport,2024-10-08 04:18:48,2024-10-08 14:14:48,596,458.98
60,Air Alpha,South Erinhaven,Lake Michael,2025-01-27 17:53:02,2025-01-27 23:30:02,337,147.14
61,Air Alpha,Christianbury,Vanessaport,2024-10-07 21:10:17,2024-10-08 06:32:17,562,67.83
62,Air Alpha,Jasonland,Davidport,2024-12-24 12:41:55,2024-12-24 17:43:55,302,1426.6
63,Gamma Air,South Timothychester,Smithfurt,2024-09-12 15:24:26,2024-09-12 18:13:26,169,1099.83
64,Beta Airlines,Christianbury,Murrayland,2024-12-08 23:25:36,2024-12-09 09:18:36,593,203.54
65,Air Alpha,Murrayland,Sarahport,2024-12-10 10:32:27,2024-12-10 19:09:27,517,472.18
66,Delta Flights,Sarahport,Alexisport,2025-01-22 18:43:05,2025-01-23 00:09:05,326,1071.48
67,Delta Flights,Christianbury,Shawnfurt,2024-04-14 16:21:44,2024-04-14 17:45:44,84,805.27
68,Gamma Air,Susanmouth,Shawnfurt,2024-11-16 23:59:25,2024-11-17 01:42:25,103,1176.47
69,Delta Flights,Murrayland,Smithfurt,2024-10-20 11:08:54,2024-10-20 12:26:54,78,361.1
70,Gamma Air,South Timothychester,Vanessaport,2024-05-26 13:09:26,2024-05-26 15:06:26,117,304.21
71,Beta Airlines,Sarahport,South Erinhaven,2024-08-08 00:43:58,2024-08-08 09:49:58,546,570.28
72,Air Alpha,Obrienport,Shawnfurt,2024-08-12 16:40:51,2024-08-13 01:08:51,508,858.61
73,Gamma Air,Johnsontown,Davidport,2024-11-12 05:55:39,2024-11-12 15:32:39,577,987.38
74,Delta Flights,Vanessaport,Murrayland,2024-07-07 00:42:33,2024-07-07 02:59:33,137,315.25
75,Gamma Air,Jasonland,Murrayland,2024-08-05 11:58:07,2024-08-05 17:49:07,351,1033.12
76,Beta Airlines,Lake Stacy,Johnsontown,2024-08-10 23:20:47,2024-08-11 00:32:47,72,848.59
77,Beta Airlines,Murrayland,Deannaport,2024-08-03 20:07:45,2024-08-04 05:07:45,540,1317.58
78,Gamma Air,Davidport,Vanessaport,2024-09-29 18:13:19,2024-09-30 02:05:19,472,1341.51
79,Beta Airlines,Lake Stacy,Obrienport,2024-05-19 04:05:07,2024-05-19 11:04:07,419,1248.49
80,Air Alpha,Alexisport,Connerville,2024-04-22 15:26:03,2024-04-22 23:23:03,477,764.57
81,Beta Airlines,Alexisport,North Cathy,2024-10-03 03:24:11,2024-10-03 06:39:11,195,1154.81
82,Air Alpha,South Timothychester,Jasonland,2024-09-21 15:20:48,2024-09-21 22:22:48,422,495.57
83,Gamma Air,Sarahport,Alexisport,2025-01-15 19:49:30,2025-01-16 03:26:30,457,683.46
84,Beta Airlines,Johnsontown,Lake Michael,2024-02-26 21:49:30,2024-02-26 23:53:30,124,1333.56
85,Beta Airlines,Vanessaport,Christianbury,2024-08-11 19:17:53,2024-08-12 00:58:53,341,316.01
86,Gamma Air,South Erinhaven,Deannaport,2024-07-31 13:43:48,2024-07-31 17:50:48,247,474.81
87,Beta Airlines,Murrayland,Lake Michael,2024-05-18 16:39:59,2024-05-18 23:51:59,432,189.86
88,Air Alpha,Murrayland,Connerville,2024-12-06 15:16:08,2024-12-06 19:48:08,272,1140.14
89,Gamma Air,Lake Michael,Deannaport,2024-03-18 14:27:21,2024-03-18 18:06:21,219,1096.52
90,Delta Flights,Alexisport,South Erinhaven,2024-08-25 00:56:09,2024-08-25 09:18:09,502,1486.41
91,Delta Flights,Lake Stacy,North Cathy,2024-03-21 04:27:03,2024-03-21 13:13:03,526,1265.42
92,Gamma Air,Vanessaport,Deannaport,2024-11-23 16:12:21,2024-11-23 18:00:21,108,742.4
93,Delta Flights,Alexisport,Vanessaport,2024-03-10 08:38:58,2024-03-10 11:34:58,176,968.27
94,Delta Flights,Shawnfurt,Lake Stacy,2025-01-17 08:42:01,2025-01-17 13:52:01,310,501.28
95,Gamma Air,Christianbury,Davidport,2024-05-17 03:49:13,2024-05-17 09:04:13,315,725.14
96,Gamma Air,Jasonland,Obrienport,2024-09-23 04:37:30,2024-09-23 12:39:30,482,899.62
97,Delta Flights,South Erinhaven,Smithfurt,2025-01-23 12:59:04,2025-01-23 18:18:04,319,1033.33
98,Gamma Air,Johnsontown,South Timothychester,2024-06-11 04:36:01,2024-06-11 12:21:01,465,210.91
99,Delta Flights,Murrayland,Jasonland,2024-08-30 03:08:24,2024-08-30 05:20:24,132,563.35
100,Gamma Air,Murrayland,Lake Michael,2024-06-06 19:32:52,2024-06-07 00:59:52,327,1066.09
101,Delta Flights,Sarahport,North Cathy,2024-06-23 09:59:05,2024-06-23 14:50:05,291,1364.15
102,Beta Airlines,Davidport,South Timothychester,2024-09-18 17:20:22,2024-09-18 22:43:22,323,1367.62
103,Air Alpha,Shawnfurt,Obrienport,2024-04-05 19:39:45,2024-04-06 01:11:45,332,569.61
104,Air Alpha,Sarahport,Lake Stacy,2024-08-28 04:33:45,2024-08-28 05:56:45,83,912.29
105,Beta Airlines,Alexisport,Davidport,2024-06-24 14:29:13,2024-06-24 15:34:13,65,1475.03
106,Gamma Air,Jasonland,Susanmouth,2024-09-16 13:07:55,2024-09-16 15:36:55,149,639.63
107,Delta Flights,Shawnfurt,Davidport,2024-03-30 10:44:04,2024-03-30 20:28:04,584,1434.3
108,Beta Airlines,Vanessaport,North Cathy,2024-05-24 22:33:37,2024-05-25 02:16:37,223,1354.54
109,Delta Flights,North Cathy,Lake Michael,2024-04-21 05:04:09,2024-04-21 07:56:09,172,125.31
110,Delta Flights,North Cathy,Sarahport,2024-05-30 04:44:06,2024-05-30 05:59:06,75,516.88
111,Beta Airlines,Vanessaport,Sarahport,2024-07-16 12:07:34,2024-07-16 13:38:34,91,299.84
112,Beta Airlines,South Timothychester,Susanmouth,2024-10-07 04:34:07,2024-10-07 11:06:07,392,750.81
113,Gamma Air,Johnsontown,Murrayland,2024-02-22 23:58:06,2024-02-23 02:57:06,179,110.63
114,Air Alpha,North Cathy,Susanmouth,2024-03-06 07:09:41,2024-03-06 13:10:41,361,813.61
115,Beta Airlines,Sarahport,Lake Stacy,2024-08-20 17:49:53,2024-08-21 00:23:53,394,416.94
116,Air Alpha,Christianbury,Lake Michael,2024-09-25 21:51:56,2024-09-26 02:21:56,270,1275.61
117,Delta Flights,Shawnfurt,Jasonland,2024-10-28 05:09:16,2024-10-28 12:33:16,444,1074.43
118,Delta Flights,South Erinhaven,Alexisport,2024-02-27 19:25:07,2024-02-28 01:25:07,360,1279.69
119,Air Alpha,Lake Michael,South Timothychester,2024-08-10 21:54:07,2024-08-11 02:08:07,254,1129.16
120,Beta Airlines,North Cathy,Johnsontown,2024-02-25 23:10:23,2024-02-26 04:55:23,345,1270.2
121,Air Alpha,Davidport,North Cathy,2024-10-23 22:05:01,2024-10-24 02:02:01,237,1108.23
122,Delta Flights,Lake Michael,South Erinhaven,2024-07-18 11:36:22,2024-07-18 16:10:22,274,852.35
123,Gamma Air,Deannaport,Obrienport,2024-11-25 23:37:58,2024-11-26 07:50:58,493,1062.66
124,Air Alpha,Vanessaport,Johnsontown,2024-10-11 21:38:48,2024-10-12 01:42:48,244,934.23
125,Beta Airlines,Shawnfurt,Obrienport,2024-10-12 01:01:38,2024-10-12 07:55:38,414,418.22
126,Air Alpha,Christianbury,Alexisport,2024-06-24 18:49:05,2024-06-25 02:01:05,432,1355.0
127,Beta Airlines,Murrayland,Davidport,2024-05-13 05:27:43,2024-05-13 11:56:43,389,85.77
128,Delta Flights,Alexisport,South Erinhaven,2024-05-09 07:37:19,2024-05-09 09:15:19,98,140.17
129,Beta Airlines,Lake Michael,Murrayland,2024-07-03 01:29:19,2024-07-03 03:12:19,103,1203.61
130,Air Alpha,Deannaport,Smithfurt,2025-01-08 21:27:29,2025-01-09 03:21:29,354,240.7
131,Air Alpha,South Timothychester,Lake Stacy,2024-11-15 08:04:53,2024-11-15 13:15:53,311,713.28
132,Air Alpha,East Jeffrey,North Cathy,2024-06-13 14:08:03,2024-06-13 16:36:03,148,198.67
133,Air Alpha,Deannaport,Davidport,2024-11-14 16:41:08,2024-11-14 17:45:08,64,575.67
134,Beta Airlines,Christianbury,Davidport,2024-10-31 11:55:59,2024-10-31 20:21:59,506,66.18
135,Air Alpha,Lake Stacy,Jasonland,2025-01-08 04:18:34,2025-01-08 06:02:34,104,1152.25
136,Delta Flights,Vanessaport,South Erinhaven,2024-05-30 01:38:51,2024-05-30 08:10:51,392,419.42
137,Delta Flights,Sarahport,Christianbury,2024-06-26 21:29:45,2024-06-27 05:35:45,486,377.36
138,Gamma Air,Jasonland,Shawnfurt,2024-03-14 14:50:25,2024-03-14 23:32:25,522,267.88
139,Gamma Air,Alexisport,Jasonland,2024-11-20 10:27:47,2024-11-20 19:43:47,556,758.04
140,Delta Flights,Deannaport,Lake Michael,2024-12-31 16:50:06,2024-12-31 23:56:06,426,242.6
141,Gamma Air,Deannaport,South Timothychester,2024-12-31 20:36:05,2025-01-01 03:24:05,408,577.9
142,Air Alpha,Deannaport,Obrienport,2024-03-11 21:19:30,2024-03-11 23:40:30,141,166.92
143,Beta Airlines,Shawnfurt,Deannaport,2024-06-26 05:21:58,2024-06-26 06:23:58,62,335.96
144,Air Alpha,Johnsontown,Lake Stacy,2024-07-21 08:05:06,2024-07-21 12:20:06,255,920.74
145,Beta Airlines,Lake Stacy,Connerville,2024-05-27 12:28:36,2024-05-27 16:59:36,271,1286.14
146,Gamma Air,Johnsontown,Christianbury,2024-06-14 12:42:44,2024-06-14 16:17:44,215,424.77
