flight_id,airline,departure,arrival,departure_time,arrival_time,price
1,Beta Airlines,South Adam,Jamesstad,2024-03-01 00:34:42,2024-03-01 06:50:42,1427.34
2,Delta Flights,Lake Ruthfurt,Patrickside,2024-06-12 15:52:25,2024-06-12 21:54:25,837.03
3,Air Alpha,Patrickside,Jessicashire,2024-04-21 08:48:00,2024-04-21 12:21:00,123.29
4,Beta Airlines,Baileybury,Marcusberg,2024-12-13 22:38:40,2024-12-14 02:41:40,298.2
5,Beta Airlines,Jessicashire,East Reneeshire,2024-12-03 07:59:46,2024-12-03 14:11:46,1310.0
6,Beta Airlines,Sherylfort,Lake Ruthfurt,2024-03-28 08:34:18,2024-03-28 09:58:18,288.07
7,Gamma Air,Cynthiahaven,West Laura,2024-08-21 00:01:31,2024-08-21 04:06:31,1395.21
8,Air Alpha,Jessicashire,South Adam,2024-04-20 16:53:41,2024-04-21 01:23:41,279.86
9,Gamma Air,Lake Ruthfurt,Garciatown,2024-08-07 00:24:33,2024-08-07 02:52:33,1138.59
10,Air Alpha,North William,Lake Terri,2024-11-13 13:30:55,2024-11-13 21:11:55,1278.64
11,Delta Flights,South Adam,Scottberg,2024-06-14 11:58:14,2024-06-14 16:06:14,1478.49
12,Air Alpha,Scottberg,North William,2024-07-07 02:28:04,2024-07-07 09:50:04,774.82
13,Air Alpha,Jessicashire,North Leahmouth,2024-10-03 15:54:39,2024-10-03 19:29:39,498.68
14,Delta Flights,Sherylfort,Port Jacquelineshire,2024-09-21 13:57:35,2024-09-21 21:07:35,1218.91
15,Gamma Air,Garciatown,Lake Terri,2024-05-07 04:58:05,2024-05-07 07:12:05,1076.61
16,Gamma Air,Scottberg,Cynthiahaven,2024-02-20 09:01:36,2024-02-20 13:32:36,970.9
17,Beta Airlines,West Laura,Cynthiahaven,2024-12-03 18:15:04,2024-12-03 23:33:04,626.05
18,Beta Airlines,Cynthiahaven,Jamesstad,2024-05-19 07:22:10,2024-05-19 10:57:10,459.76
19,Delta Flights,Scottberg,East Reneeshire,2024-06-30 19:04:52,2024-07-01 04:34:52,726.72
20,Delta Flights,Scottberg,East Reneeshire,2024-04-13 21:09:53,2024-04-14 04:04:53,1208.17
21,Delta Flights,Millerborough,Ralphfort,2025-01-18 03:19:25,2025-01-18 05:47:25,559.13
22,Beta Airlines,Cynthiahaven,Lake Terri,2024-10-12 07:48:24,2024-10-12 17:24:24,984.69
23,Beta Airlines,Millerborough,Patrickside,2024-10-03 22:27:34,2024-10-04 03:39:34,529.05
24,Gamma Air,Baileybury,Sherylfort,2024-04-28 15:07:32,2024-04-29 00:00:32,815.97
25,Air Alpha,South Adam,North Leahmouth,2024-03-20 08:55:14,2024-03-20 16:09:14,1438.03
26,Delta Flights,West Laura,Marcusberg,2024-09-16 07:12:06,2024-09-16 12:40:06,448.95
27,Beta Airlines,Sherylfort,Baileybury,2024-10-27 13:02:26,2024-10-27 21:25:26,583.08
28,Beta Airlines,Lake Terri,Lake Ruthfurt,2024-04-25 07:50:57,2024-04-25 14:18:57,245.23
29,Air Alpha,Garciatown,West Laura,2024-06-22 00:34:17,2024-06-22 06:04:17,1151.14
30,Delta Flights,Port Jacquelineshire,Port Austinberg,2024-02-17 07:00:35,2024-02-17 12:42:35,1433.05
31,Delta Flights,Port Jacquelineshire,Scottberg,2024-11-02 18:38:11,2024-11-03 02:59:11,682.27
32,Air Alpha,Jamesstad,West Laura,2024-02-26 12:06:09,2024-02-26 14:34:09,281.72
33,Gamma Air,Marcusberg,Scottberg,2024-11-21 13:55:41,2024-11-21 17:15:41,1055.51
34,Air Alpha,Cynthiahaven,Marcusberg,2024-04-08 05:53:15,2024-04-08 14:41:15,1037.17
35,Delta Flights,North Leahmouth,Marcusberg,2024-03-13 01:25:52,2024-03-13 08:44:52,1469.32
36,Delta Flights,Scottberg,Cynthiahaven,2025-01-09 17:43:47,2025-01-09 19:24:47,767.35
37,Beta Airlines,Ralphfort,North Leahmouth,2024-09-21 07:57:57,2024-09-21 16:55:57,418.25
38,Gamma Air,North Leahmouth,Port Jacquelineshire,2024-07-04 09:27:02,2024-07-04 10:37:02,1416.59
39,Gamma Air,East Reneeshire,Garciatown,2024-10-03 02:58:40,2024-10-03 06:06:40,776.23
40,Delta Flights,Marcusberg,Lake Ruthfurt,2024-08-19 22:57:35,2024-08-20 05:15:35,1287.58
41,Delta Flights,Scottberg,Patrickside,2024-10-09 12:36:05,2024-10-09 22:25:05,368.37
42,Beta Airlines,Sherylfort,Port Austinberg,2024-10-02 20:06:13,2024-10-03 05:28:13,938.22
43,Delta Flights,Port Austinberg,Patrickside,2024-04-13 23:20:22,2024-04-14 04:21:22,189.25
44,Beta Airlines,South Adam,Lake Terri,2024-09-21 06:53:26,2024-09-21 16:43:26,1356.23
45,Air Alpha,South Adam,Port Austinberg,2024-03-05 11:43:01,2024-03-05 17:37:01,341.94
46,Air Alpha,Marcusberg,Lake Ruthfurt,2024-05-21 09:53:54,2024-05-21 13:06:54,516.69
47,Delta Flights,Garciatown,South Adam,2024-03-28 05:22:10,2024-03-28 12:32:10,351.03
48,Beta Airlines,North William,West Laura,2024-08-27 12:37:42,2024-08-27 17:19:42,491.2
49,Gamma Air,North William,South Adam,2024-08-25 06:28:20,2024-08-25 09:34:20,887.99
50,Gamma Air,Lake Terri,Marcusberg,2025-01-08 22:41:09,2025-01-09 08:07:09,1052.22
51,Delta Flights,Baileybury,East Reneeshire,2025-02-05 21:03:42,2025-02-05 23:02:42,781.17
52,Gamma Air,North William,Baileybury,2025-01-10 12:28:18,2025-01-10 16:36:18,676.64
53,Gamma Air,South Adam,Lake Terri,2024-07-16 13:30:17,2024-07-16 16:29:17,154.45
54,Gamma Air,Port Jacquelineshire,Sherylfort,2024-12-30 13:22:27,2024-12-30 21:45:27,375.22
55,Gamma Air,Lake Terri,Lake Ruthfurt,2024-10-08 14:45:17,2024-10-08 20:22:17,1000.21
56,Beta Airlines,Ralphfort,Cynthiahaven,2024-02-18 12:31:17,2024-02-18 20:33:17,407.34
57,Gamma Air,Port Austinberg,Lake Terri,2024-06-06 17:30:29,2024-06-07 01:16:29,664.82
58,Air Alpha,Ralphfort,Millerborough,2024-02-19 04:25:13,2024-02-19 08:22:13,1192.07
59,Beta Airlines,South Adam,Patrickside,2025-01-22 03:22:31,2025-01-22 12:15:31,1436.5
60,Gamma Air,Port Jacquelineshire,Millerborough,2024-10-09 20:56:43,2024-10-10 04:24:43,1398.07
61,Air Alpha,Baileybury,Scottberg,2024-09-25 17:27:32,2024-09-25 18:59:32,848.68
62,Gamma Air,Sherylfort,South Adam,2024-03-28 23:35:02,2024-03-29 04:56:02,420.97
63,Beta Airlines,South Adam,North William,2024-10-27 01:05:05,2024-10-27 07:18:05,248.88
64,Air Alpha,Baileybury,Patrickside,2024-10-18 14:45:36,2024-10-18 21:27:36,69.7
65,Delta Flights,North William,Ralphfort,2024-12-05 15:28:11,2024-12-05 19:22:11,753.58
66,Delta Flights,Jamesstad,Cynthiahaven,2024-03-24 21:06:08,2024-03-25 01:54:08,1121.27
67,Gamma Air,Cynthiahaven,Patrickside,2024-09-03 16:20:08,2024-09-03 20:14:08,124.46
68,Delta Flights,North Leahmouth,Scottberg,2025-02-10 14:37:49,2025-02-10 16:30:49,413.39
69,Delta Flights,Baileybury,Garciatown,2024-09-23 07:01:52,2024-09-23 10:25:52,786.68
70,Air Alpha,West Laura,Millerborough,2024-04-07 00:44:37,2024-04-07 04:43:37,182.19
71,Air Alpha,Cynthiahaven,Millerborough,2024-05-07 12:56:39,2024-05-07 16:29:39,1285.81
72,Gamma Air,Port Jacquelineshire,Cynthiahaven,2024-10-19 14:22:29,2024-10-19 21:52:29,728.89
73,Gamma Air,Sherylfort,Cynthiahaven,2024-05-25 03:51:20,2024-05-25 07:30:20,115.1
74,Beta Airlines,South Adam,Ralphfort,2024-10-16 15:52:43,2024-10-16 19:11:43,253.73
75,Gamma Air,Ralphfort,Jamesstad,2024-09-05 14:33:13,2024-09-05 21:20:13,581.71
76,Air Alpha,Marcusberg,Ralphfort,2024-06-28 22:40:32,2024-06-29 04:38:32,1174.96
77,Gamma Air,Sherylfort,Millerborough,2024-04-22 23:39:51,2024-04-23 05:33:51,460.54
78,Gamma Air,Jamesstad,Port Austinberg,2024-09-04 04:26:51,2024-09-04 10:07:51,1104.34
79,Beta Airlines,Baileybury,North Leahmouth,2024-02-20 19:35:19,2024-02-21 04:05:19,904.37
80,Air Alpha,Millerborough,Sherylfort,2024-02-17 17:58:44,2024-02-18 01:51:44,317.8
81,Air Alpha,Garciatown,Sherylfort,2024-08-29 21:57:35,2024-08-30 07:54:35,1347.73
82,Delta Flights,Lake Ruthfurt,Port Austinberg,2024-12-29 13:12:13,2024-12-29 17:17:13,165.64
83,Delta Flights,Baileybury,Jamesstad,2024-04-19 14:55:42,2024-04-19 17:52:42,114.64
84,Air Alpha,West Laura,Millerborough,2024-12-13 06:38:23,2024-12-13 12:43:23,1136.02
85,Air Alpha,Scottberg,Baileybury,2024-07-30 12:16:10,2024-07-30 21:50:10,810.18
86,Beta Airlines,Sherylfort,Lake Ruthfurt,2024-09-01 22:22:18,2024-09-02 02:07:18,597.82
87,Delta Flights,West Laura,Port Jacquelineshire,2024-08-15 20:20:46,2024-08-16 03:44:46,1425.76
88,Beta Airlines,Scottberg,Baileybury,2024-03-10 02:16:33,2024-03-10 08:23:33,874.21
89,Delta Flights,Garciatown,Jamesstad,2024-11-04 04:43:56,2024-11-04 05:52:56,1138.21
90,Beta Airlines,West Laura,South Adam,2025-02-02 00:24:48,2025-02-02 03:06:48,1155.36
91,Beta Airlines,North William,Garciatown,2024-08-30 01:23:13,2024-08-30 07:33:13,1451.41
92,Air Alpha,Cynthiahaven,Scottberg,2025-01-22 22:25:52,2025-01-23 00:04:52,1484.8
93,Air Alpha,Patrickside,Millerborough,2024-12-08 10:22:43,2024-12-08 19:14:43,230.74
94,Gamma Air,Jessicashire,Patrickside,2024-10-27 16:39:54,2024-10-27 22:39:54,306.11
95,Air Alpha,West Laura,Port Jacquelineshire,2025-01-27 02:38:05,2025-01-27 09:23:05,135.48
96,Delta Flights,Ralphfort,Sherylfort,2024-02-15 02:46:34,2024-02-15 08:03:34,354.12
97,Delta Flights,Port Austinberg,Lake Ruthfurt,2024-07-08 18:24:02,2024-07-09 02:22:02,624.98
98,Delta Flights,North William,Millerborough,2025-01-28 20:03:30,2025-01-28 22:07:30,1144.48
99,Delta Flights,Jamesstad,Sherylfort,2024-09-15 11:11:25,2024-09-15 18:59:25,1398.72
100,Delta Flights,Jamesstad,East Reneeshire,2024-03-12 22:54:03,2024-03-13 03:46:03,528.76
101,Delta Flights,South Adam,Garciatown,2024-03-09 10:26:37,2024-03-09 15:56:37,801.27
102,Gamma Air,Marcusberg,Baileybury,2024-10-11 03:18:33,2024-10-11 06:10:33,740.02
103,Air Alpha,Jessicashire,Lake Ruthfurt,2024-04-27 20:44:14,2024-04-28 01:17:14,1481.21
104,Gamma Air,East Reneeshire,Port Austinberg,2024-07-05 13:24:48,2024-07-05 18:50:48,251.67
105,Beta Airlines,Scottberg,Garciatown,2024-03-07 13:22:04,2024-03-07 22:11:04,903.79
106,Delta Flights,North William,Jessicashire,2024-10-30 23:19:33,2024-10-31 04:24:33,550.58
107,Delta Flights,Garciatown,Port Jacquelineshire,2024-11-29 01:26:31,2024-11-29 04:16:31,975.24
108,Delta Flights,Patrickside,Port Austinberg,2024-12-06 13:18:12,2024-12-06 16:38:12,1014.56
109,Delta Flights,Lake Terri,Baileybury,2025-01-08 12:15:48,2025-01-08 18:00:48,970.48
110,Air Alpha,Patrickside,Port Austinberg,2024-07-27 06:17:06,2024-07-27 11:43:06,1100.64
111,Gamma Air,Port Jacquelineshire,Lake Ruthfurt,2024-03-01 08:37:11,2024-03-01 12:33:11,325.93
112,Beta Airlines,Scottberg,Millerborough,2024-11-03 18:32:20,2024-11-04 04:26:20,929.48
113,Beta Airlines,Cynthiahaven,Jamesstad,2025-02-07 16:08:32,2025-02-08 01:39:32,1197.71
114,Air Alpha,Sherylfort,Scottberg,2024-04-21 10:06:19,2024-04-21 18:26:19,498.9
115,Delta Flights,North Leahmouth,Marcusberg,2024-11-05 18:20:24,2024-11-06 02:31:24,937.5
116,Gamma Air,Port Austinberg,Marcusberg,2024-03-01 06:43:39,2024-03-01 14:55:39,1186.16
117,Beta Airlines,North William,Ralphfort,2025-02-07 05:47:11,2025-02-07 06:54:11,781.68
118,Gamma Air,West Laura,Port Austinberg,2024-11-25 08:42:26,2024-11-25 14:24:26,247.48
119,Delta Flights,Sherylfort,Marcusberg,2024-04-24 16:21:53,2024-04-24 23:37:53,823.38
120,Gamma Air,Lake Terri,Ralphfort,2025-02-09 06:32:59,2025-02-09 08:38:59,338.16
121,Beta Airlines,Port Jacquelineshire,Millerborough,2024-07-20 20:03:52,2024-07-21 05:34:52,131.69
122,Gamma Air,Jamesstad,North William,2024-12-24 15:53:12,2024-12-24 21:31:12,720.23
123,Gamma Air,Sherylfort,North William,2024-09-13 23:00:47,2024-09-14 02:45:47,1251.73
124,Beta Airlines,West Laura,Port Austinberg,2025-01-12 11:40:11,2025-01-12 17:07:11,697.21
125,Beta Airlines,North William,South Adam,2024-10-21 08:42:27,2024-10-21 18:27:27,1005.6
126,Delta Flights,North William,Port Austinberg,2024-09-26 14:19:00,2024-09-26 21:51:00,59.89
127,Gamma Air,Millerborough,Lake Terri,2024-03-05 21:01:46,2024-03-06 00:18:46,1344.85
128,Air Alpha,North Leahmouth,South Adam,2024-12-24 19:28:13,2024-12-25 04:38:13,939.47
129,Delta Flights,Cynthiahaven,Lake Terri,2024-10-29 07:48:27,2024-10-29 12:53:27,108.91
130,Air Alpha,Lake Terri,North William,2024-04-05 15:39:02,2024-04-05 19:58:02,608.97
131,Delta Flights,Patrickside,Lake Ruthfurt,2024-03-31 11:03:14,2024-03-31 14:38:14,900.67
132,Air Alpha,Lake Terri,Port Jacquelineshire,2025-01-02 08:20:33,2025-01-02 10:55:33,432.63
133,Gamma Air,North Leahmouth,Scottberg,2024-07-17 02:52:57,2024-07-17 04:42:57,789.18
134,Air Alpha,Patrickside,South Adam,2024-08-02 14:16:41,2024-08-02 21:33:41,983.26
135,Delta Flights,North Leahmouth,Scottberg,2024-04-07 19:10:46,2024-04-07 22:00:46,749.41
136,Beta Airlines,North Leahmouth,Port Jacquelineshire,2024-09-21 05:06:02,2024-09-21 14:35:02,1092.61
137,Beta Airlines,Millerborough,Garciatown,2025-01-11 19:06:39,2025-01-12 04:58:39,1054.63
138,Beta Airlines,Patrickside,Lake Terri,2025-01-30 02:18:49,2025-01-30 10:15:49,1111.08
139,Gamma Air,West Laura,Millerborough,2024-08-28 01:45:51,2024-08-28 09:51:51,502.67
140,Air Alpha,Ralphfort,North Leahmouth,2024-11-09 20:28:50,2024-11-10 01:34:50,1181.22
141,Gamma Air,East Reneeshire,Sherylfort,2024-04-26 18:25:42,2024-04-26 23:46:42,414.87
142,Beta Airlines,Jamesstad,North Leahmouth,2024-12-02 18:22:07,2024-12-02 22:25:07,415.97
143,Gamma Air,Jessicashire,Marcusberg,2024-09-22 10:56:03,2024-09-22 17:11:03,970.66
