flight_id,airline,departure,arrival,departure_time,arrival_time,duration_minutes,price
1,Beta Airlines,Helentown,South Michael,2024-06-07 07:41:39,2024-06-07 10:24:39,163,1109.03
2,Delta Flights,Josephtown,Bentleychester,2024-08-29 19:54:36,2024-08-30 05:30:36,576,300.3
3,Beta Airlines,West Matthewfurt,Christinaport,2024-11-12 00:39:49,2024-11-12 08:42:49,483,929.66
4,Gamma Air,South Michael,East Loriport,2025-01-10 08:01:11,2025-01-10 14:50:11,409,580.67
5,Air Alpha,North Raymondstad,Josephtown,2024-07-07 06:38:24,2024-07-07 15:50:24,552,634.38
6,Beta Airlines,Millsland,Christinaport,2025-01-23 12:20:47,2025-01-23 21:25:47,545,727.61
7,Beta Airlines,Port Williechester,Millsland,2024-07-02 02:22:11,2024-07-02 10:23:11,481,780.03
8,Air Alpha,Millsland,Helentown,2024-05-20 01:10:35,2024-05-20 09:16:35,486,1162.1
9,Beta Airlines,Marktown,Josephtown,2024-09-18 11:48:09,2024-09-18 15:09:09,201,332.52
10,Gamma Air,West Terry,West Matthewfurt,2024-09-08 09:11:40,2024-09-08 11:34:40,143,614.47
11,Delta Flights,Brandonburgh,Christinaport,2024-11-16 15:43:26,2024-11-16 16:58:26,75,287.74
12,Delta Flights,East Loriport,Helentown,2024-08-24 00:57:32,2024-08-24 08:19:32,442,898.33
13,Delta Flights,Brandonburgh,Marktown,2024-11-06 10:41:38,2024-11-06 16:36:38,355,363.89
14,Gamma Air,Karlborough,Helentown,2024-04-05 06:59:10,2024-04-05 12:30:10,331,1276.21
15,Gamma Air,Powersmouth,North Maryview,2024-11-30 03:00:45,2024-11-30 06:31:45,211,1388.43
16,Air Alpha,Powersmouth,Hernandezhaven,2025-02-10 04:28:21,2025-02-10 09:11:21,283,678.46
17,Delta Flights,Donaldfurt,Powersmouth,2024-08-07 00:49:19,2024-08-07 06:38:19,349,153.42
18,Delta Flights,Josephtown,North Maryview,2025-02-03 07:33:24,2025-02-03 16:05:24,512,230.19
19,Beta Airlines,Powersmouth,East Loriport,2024-06-16 18:41:49,2024-06-16 20:23:49,102,1352.58
20,Gamma Air,Christinaport,West Terry,2024-02-27 14:04:51,2024-02-27 16:53:51,169,65.95
21,Delta Flights,Port Williechester,West Terry,2024-10-21 22:16:36,2024-10-22 02:39:36,263,1198.11
22,Beta Airlines,South Michael,New Mary,2024-12-16 13:37:00,2024-12-16 16:58:00,201,679.67
23,Gamma Air,West Matthewfurt,Powersmouth,2024-10-05 17:27:03,2024-10-06 00:51:03,444,1317.35
24,Delta Flights,Josephtown,Brandonburgh,2025-01-10 10:07:40,2025-01-10 14:24:40,257,699.65
25,Gamma Air,Christinaport,Hernandezhaven,2024-12-10 06:51:59,2024-12-10 15:38:59,527,1113.89
26,Delta Flights,Donaldfurt,Port Williechester,2024-08-13 21:16:01,2024-08-14 01:31:01,255,1317.73
27,Gamma Air,Powersmouth,West Terry,2024-10-27 04:23:59,2024-10-27 09:47:59,324,226.92
28,Gamma Air,Helentown,North Raymondstad,2025-02-07 09:13:33,2025-02-07 13:07:33,234,261.41
29,Beta Airlines,Brandonburgh,Bentleychester,2024-07-08 22:12:44,2024-07-08 23:38:44,86,881.01
30,Gamma Air,Karlborough,West Matthewfurt,2024-08-31 23:40:47,2024-09-01 03:55:47,255,1240.09
31,Beta Airlines,Millsland,Brandonburgh,2024-05-30 20:33:08,2024-05-31 01:31:08,298,178.37
32,Air Alpha,Port Williechester,Hernandezhaven,2024-09-26 11:15:57,2024-09-26 15:08:57,233,971.78
33,Gamma Air,New Thomas,West Matthewfurt,2024-04-01 20:31:23,2024-04-01 22:44:23,133,1459.43
34,Gamma Air,New Mary,Christinaport,2024-10-10 16:18:32,2024-10-10 17:54:32,96,585.34
35,Gamma Air,Bentleychester,East Loriport,2024-10-12 12:15:39,2024-10-12 20:31:39,496,1297.85
36,Air Alpha,Josephtown,West Terry,2024-06-30 17:10:00,2024-07-01 01:59:00,529,607.21
37,Beta Airlines,South Michael,Karlborough,2025-02-12 14:05:53,2025-02-12 17:09:53,184,208.43
38,Air Alpha,Hernandezhaven,Christinaport,2024-08-31 05:49:56,2024-08-31 13:04:56,435,508.33
39,Beta Airlines,Port Williechester,South Michael,2024-08-22 06:51:41,2024-08-22 14:28:41,457,981.96
40,Beta Airlines,Marktown,Hernandezhaven,2024-12-17 20:26:06,2024-12-18 04:44:06,498,590.94
41,Beta Airlines,South Michael,North Maryview,2025-01-28 06:11:01,2025-01-28 14:24:01,493,738.49
42,Air Alpha,Christinaport,Hernandezhaven,2024-04-27 07:41:21,2024-04-27 15:43:21,482,1117.98
43,Air Alpha,Helentown,Hernandezhaven,2025-01-23 21:49:44,2025-01-24 00:02:44,133,732.46
44,Delta Flights,East Loriport,Powersmouth,2024-06-24 01:22:52,2024-06-24 08:07:52,405,481.86
45,Beta Airlines,New Mary,Donaldfurt,2024-12-30 09:45:00,2024-12-30 17:07:00,442,172.39
46,Delta Flights,Josephtown,Hernandezhaven,2024-06-13 19:54:11,2024-06-14 05:32:11,578,718.61
47,Beta Airlines,Millsland,New Thomas,2024-09-08 05:35:19,2024-09-08 08:33:19,178,1246.85
48,Gamma Air,Hernandezhaven,Donaldfurt,2025-02-08 01:24:30,2025-02-08 09:38:30,494,435.45
49,Air Alpha,Hernandezhaven,Bentleychester,2024-03-01 19:30:15,2024-03-02 04:33:15,543,441.88
50,Delta Flights,Marktown,Bentleychester,2024-08-05 02:07:08,2024-08-05 08:25:08,378,502.64
51,Delta Flights,South Michael,Hernandezhaven,2024-06-20 17:28:04,2024-06-20 20:23:04,175,1369.27
52,Beta Airlines,New Thomas,Bentleychester,2025-01-12 23:49:21,2025-01-13 01:41:21,112,812.27
53,Beta Airlines,West Matthewfurt,Donaldfurt,2024-05-31 16:21:53,2024-05-31 17:50:53,89,879.55
54,Gamma Air,New Mary,Brandonburgh,2024-02-27 19:40:48,2024-02-28 04:47:48,547,1195.99
55,Gamma Air,Port Williechester,New Mary,2024-05-17 10:14:01,2024-05-17 14:59:01,285,736.57
56,Air Alpha,Port Williechester,Marktown,2024-05-21 18:25:16,2024-05-21 21:20:16,175,1294.12
57,Gamma Air,Christinaport,South Michael,2024-02-21 06:50:41,2024-02-21 07:52:41,62,325.11
58,Gamma Air,Helentown,South Michael,2024-10-06 23:21:43,2024-10-07 04:46:43,325,1394.27
59,Air Alpha,Port Williechester,New Mary,2024-10-14 01:37:24,2024-10-14 08:21:24,404,1210.99
60,Beta Airlines,Donaldfurt,Port Williechester,2024-08-04 16:41:17,2024-08-05 01:11:17,510,840.36
61,Gamma Air,Hernandezhaven,Donaldfurt,2024-05-04 01:03:20,2024-05-04 03:53:20,170,228.72
62,Beta Airlines,Helentown,Hernandezhaven,2025-01-15 02:39:30,2025-01-15 08:48:30,369,75.14
63,Air Alpha,Brandonburgh,East Loriport,2024-03-06 21:18:43,2024-03-07 05:31:43,493,371.46
64,Gamma Air,Bentleychester,West Matthewfurt,2024-11-11 17:26:53,2024-11-12 01:27:53,481,162.95
65,Gamma Air,Christinaport,Karlborough,2024-05-21 02:47:13,2024-05-21 12:36:13,589,124.44
66,Gamma Air,Donaldfurt,New Mary,2024-10-20 23:07:08,2024-10-21 06:23:08,436,1117.42
67,Air Alpha,Brandonburgh,Port Williechester,2024-04-15 08:36:12,2024-04-15 13:24:12,288,1113.73
68,Delta Flights,Marktown,New Thomas,2024-06-29 16:57:54,2024-06-30 00:14:54,437,1370.51
69,Beta Airlines,South Michael,West Terry,2024-09-04 03:41:44,2024-09-04 12:32:44,531,335.63
70,Beta Airlines,Brandonburgh,Donaldfurt,2024-08-31 23:27:06,2024-09-01 07:36:06,489,881.41
71,Delta Flights,Josephtown,Helentown,2024-04-01 19:54:39,2024-04-01 23:07:39,193,1133.8
72,Beta Airlines,Helentown,New Thomas,2024-08-28 03:09:21,2024-08-28 05:04:21,115,329.22
73,Air Alpha,Port Williechester,Karlborough,2024-06-26 03:15:49,2024-06-26 05:07:49,112,184.64
74,Gamma Air,Marktown,South Michael,2024-03-24 19:58:49,2024-03-24 21:36:49,98,681.67
75,Gamma Air,North Raymondstad,Brandonburgh,2024-03-24 04:37:49,2024-03-24 11:24:49,407,1420.79
76,Delta Flights,Christinaport,Brandonburgh,2024-06-27 00:46:30,2024-06-27 05:20:30,274,993.83
77,Beta Airlines,Brandonburgh,Karlborough,2024-03-18 05:22:25,2024-03-18 06:33:25,71,207.2
78,Delta Flights,Helentown,East Loriport,2024-10-02 02:54:03,2024-10-02 10:43:03,469,1133.49
79,Delta Flights,New Mary,Brandonburgh,2024-03-19 12:27:39,2024-03-19 18:35:39,368,499.5
80,Beta Airlines,West Terry,Port Williechester,2024-09-15 16:49:35,2024-09-16 02:23:35,574,1330.8
81,Air Alpha,Brandonburgh,Christinaport,2024-07-27 13:26:34,2024-07-27 17:11:34,225,189.25
82,Delta Flights,West Terry,Hernandezhaven,2024-04-25 17:36:34,2024-04-26 00:30:34,414,271.33
83,Gamma Air,Bentleychester,Millsland,2025-01-25 01:37:27,2025-01-25 03:24:27,107,437.24
84,Delta Flights,Josephtown,Millsland,2025-02-12 00:01:06,2025-02-12 02:09:06,128,1244.59
85,Beta Airlines,New Mary,Bentleychester,2024-04-06 12:26:11,2024-04-06 13:28:11,62,250.67
86,Delta Flights,West Matthewfurt,North Maryview,2025-02-09 18:56:42,2025-02-09 21:39:42,163,1491.34
87,Gamma Air,Millsland,Christinaport,2024-07-24 04:42:13,2024-07-24 10:37:13,355,1466.7
88,Delta Flights,New Mary,East Loriport,2024-07-07 05:12:57,2024-07-07 14:14:57,542,1096.07
89,Beta Airlines,Christinaport,North Maryview,2024-12-11 09:55:39,2024-12-11 12:32:39,157,1352.81
90,Beta Airlines,Millsland,West Terry,2024-10-07 20:46:49,2024-10-08 06:33:49,587,357.53
91,Air Alpha,West Matthewfurt,East Loriport,2024-09-09 18:20:49,2024-09-10 02:04:49,464,709.9
92,Air Alpha,Karlborough,Marktown,2024-06-26 11:10:22,2024-06-26 20:18:22,548,79.1
93,Gamma Air,North Raymondstad,New Mary,2024-05-07 18:20:32,2024-05-08 04:15:32,595,602.01
94,Gamma Air,North Maryview,Karlborough,2024-02-15 13:06:19,2024-02-15 15:31:19,145,1403.71
95,Gamma Air,Helentown,North Raymondstad,2024-07-22 10:57:51,2024-07-22 16:47:51,350,609.17
96,Delta Flights,Christinaport,West Matthewfurt,2025-01-24 12:16:15,2025-01-24 14:32:15,136,185.54
97,Beta Airlines,West Terry,Powersmouth,2025-01-28 07:18:32,2025-01-28 12:36:32,318,1045.08
98,Delta Flights,West Terry,Brandonburgh,2024-09-02 14:10:31,2024-09-02 18:01:31,231,750.61
99,Beta Airlines,Port Williechester,Josephtown,2024-07-04 21:09:28,2024-07-05 05:31:28,502,432.3
100,Delta Flights,Hernandezhaven,North Maryview,2024-12-24 19:18:30,2024-12-25 04:22:30,544,207.75
101,Air Alpha,West Terry,New Mary,2024-05-05 02:42:16,2024-05-05 04:50:16,128,1339.98
102,Gamma Air,Josephtown,Donaldfurt,2025-02-10 21:27:56,2025-02-10 23:54:56,147,987.76
103,Air Alpha,Brandonburgh,West Matthewfurt,2024-08-04 13:42:26,2024-08-04 20:57:26,435,967.98
104,Gamma Air,Brandonburgh,New Mary,2024-07-05 08:06:42,2024-07-05 14:52:42,406,1021.66
105,Delta Flights,South Michael,Brandonburgh,2024-05-12 05:24:46,2024-05-12 08:32:46,188,1399.18
106,Gamma Air,Hernandezhaven,New Mary,2024-09-28 17:17:31,2024-09-28 19:20:31,123,125.96
107,Delta Flights,North Raymondstad,West Terry,2024-02-26 20:57:57,2024-02-27 00:35:57,218,1179.55
108,Delta Flights,South Michael,New Mary,2024-10-29 12:42:53,2024-10-29 22:18:53,576,1256.62
109,Gamma Air,Christinaport,Millsland,2024-12-14 20:17:55,2024-12-15 03:06:55,409,300.43
110,Delta Flights,Hernandezhaven,Bentleychester,2024-06-23 21:26:46,2024-06-24 02:29:46,303,826.35
111,Gamma Air,Karlborough,East Loriport,2024-06-23 00:33:29,2024-06-23 05:18:29,285,350.3
112,Air Alpha,Brandonburgh,Millsland,2024-05-21 09:06:23,2024-05-21 12:53:23,227,89.38
