flight_id,airline,departure,arrival,departure_time,arrival_time,duration_minutes,price
1,Delta Flights,Nathanielport,Andradehaven,2024-10-09 20:50:55,2024-10-10 06:14:55,564,752.3
2,Beta Airlines,Cuevasberg,North Jodi,2024-05-11 19:48:56,2024-05-11 22:48:56,180,948.52
3,Beta Airlines,Andradehaven,North Carly,2024-12-25 05:01:45,2024-12-25 08:07:45,186,499.64
4,Air Alpha,Marialand,Andradehaven,2024-09-22 22:58:52,2024-09-23 04:38:52,340,922.55
5,Beta Airlines,Littleborough,Christianview,2024-08-05 09:03:58,2024-08-05 12:24:58,201,362.43
6,Delta Flights,Andradehaven,North Carly,2024-09-22 13:40:50,2024-09-22 19:23:50,343,118.72
7,Gamma Air,Cuevasberg,Port Matthewville,2025-01-07 16:13:37,2025-01-07 18:54:37,161,867.06
8,Gamma Air,North Jodi,Littleborough,2024-02-27 16:51:39,2024-02-28 01:45:39,534,1346.05
9,Delta Flights,Nathanielport,West Madisontown,2024-05-30 06:21:19,2024-05-30 16:18:19,597,1023.49
10,Air Alpha,Vanessaton,Littleborough,2024-11-01 09:14:05,2024-11-01 10:53:05,99,1172.72
11,Beta Airlines,North Carly,Annabury,2024-11-06 23:30:03,2024-11-07 02:41:03,191,1055.24
12,Gamma Air,Cuevasberg,Littleborough,2024-09-28 02:06:47,2024-09-28 04:26:47,140,64.15
13,Delta Flights,Matthewschester,West Ryan,2024-04-12 21:58:05,2024-04-13 04:50:05,412,1016.31
14,Gamma Air,Jameston,Mccartybury,2024-07-16 01:52:15,2024-07-16 10:32:15,520,1259.94
15,Beta Airlines,Vanessaton,West Ryan,2024-12-29 14:31:55,2024-12-29 17:37:55,186,1466.0
16,Air Alpha,Annabury,Andradehaven,2024-09-03 23:22:34,2024-09-04 07:48:34,506,253.85
17,Delta Flights,Cuevasberg,Wellsside,2024-09-28 22:48:59,2024-09-29 01:04:59,136,380.08
18,Beta Airlines,Timothybury,West Madisontown,2024-03-30 06:49:33,2024-03-30 09:59:33,190,415.44
19,Beta Airlines,Mccartybury,West Madisontown,2024-07-10 18:12:46,2024-07-10 23:28:46,316,1497.47
20,Beta Airlines,Cuevasberg,Littleborough,2024-04-29 06:07:53,2024-04-29 08:05:53,118,378.01
21,Air Alpha,Christianview,Cuevasberg,2024-06-08 09:23:14,2024-06-08 11:53:14,150,1254.93
22,Beta Airlines,Port Matthewville,Marialand,2025-02-10 16:23:04,2025-02-11 01:34:04,551,473.64
23,Delta Flights,Timothybury,Port Matthewville,2024-02-28 23:23:40,2024-02-29 01:21:40,118,149.38
24,Beta Airlines,Nathanielport,Wellsside,2024-10-05 08:40:22,2024-10-05 13:38:22,298,538.76
25,Air Alpha,Port Matthewville,Nathanielport,2024-04-29 02:16:42,2024-04-29 03:51:42,95,1379.19
26,Beta Airlines,Lake Jamesmouth,New Justin,2024-06-15 14:07:55,2024-06-15 16:17:55,130,857.71
27,Air Alpha,Annabury,Marialand,2024-02-18 02:13:25,2024-02-18 11:35:25,562,804.94
28,Delta Flights,Andradehaven,Vanessaton,2024-06-23 01:19:26,2024-06-23 04:32:26,193,1298.87
29,Gamma Air,West Madisontown,Marialand,2024-10-06 03:56:01,2024-10-06 05:15:01,79,131.07
30,Beta Airlines,North Carly,West Madisontown,2024-03-14 22:40:16,2024-03-15 08:09:16,569,119.68
31,Air Alpha,Andradehaven,Matthewschester,2024-03-03 20:08:34,2024-03-03 22:25:34,137,606.29
32,Gamma Air,West Ryan,Littleborough,2024-03-16 06:27:41,2024-03-16 14:07:41,460,991.73
33,Gamma Air,Port Matthewville,Christianview,2024-06-28 05:54:32,2024-06-28 10:57:32,303,1191.39
34,Delta Flights,West Ryan,New Justin,2025-01-08 22:25:03,2025-01-09 00:55:03,150,80.08
35,Beta Airlines,Timothybury,Nathanielport,2024-12-23 13:08:04,2024-12-23 16:41:04,213,1039.12
36,Beta Airlines,West Ryan,Wellsside,2024-12-04 22:33:06,2024-12-05 04:45:06,372,223.82
37,Gamma Air,Littleborough,Nathanielport,2024-12-18 00:33:19,2024-12-18 09:27:19,534,248.92
38,Beta Airlines,Mccartybury,Marialand,2024-09-08 19:25:07,2024-09-09 04:48:07,563,991.23
39,Beta Airlines,Matthewschester,Mccartybury,2024-06-18 15:01:02,2024-06-18 21:23:02,382,1072.99
40,Air Alpha,Port Matthewville,Matthewschester,2024-03-28 23:53:44,2024-03-29 02:53:44,180,1138.37
41,Delta Flights,North Carly,Lake Jamesmouth,2024-07-16 08:44:18,2024-07-16 14:32:18,348,309.68
42,Beta Airlines,Lake Jamesmouth,Port Matthewville,2024-02-13 23:40:16,2024-02-14 07:44:16,484,1110.3
43,Beta Airlines,West Ryan,Matthewschester,2024-09-17 14:20:28,2024-09-17 17:16:28,176,760.54
44,Delta Flights,North Jodi,Matthewschester,2024-06-29 00:03:33,2024-06-29 07:21:33,438,740.42
45,Beta Airlines,West Ryan,Vanessaton,2024-09-05 10:02:10,2024-09-05 13:44:10,222,260.01
46,Air Alpha,Lake Jamesmouth,Nathanielport,2024-12-26 02:49:46,2024-12-26 05:40:46,171,1094.41
47,Beta Airlines,Littleborough,Christianview,2024-07-05 00:41:56,2024-07-05 07:18:56,397,824.9
48,Gamma Air,West Madisontown,New Justin,2024-09-26 06:25:52,2024-09-26 12:07:52,342,364.87
49,Gamma Air,New Justin,Wellsside,2024-09-08 06:00:13,2024-09-08 13:14:13,434,322.55
50,Beta Airlines,West Ryan,Wellsside,2024-07-18 22:18:19,2024-07-19 03:04:19,286,1318.53
51,Gamma Air,Matthewschester,Mccartybury,2025-01-04 06:12:53,2025-01-04 12:41:53,389,976.08
52,Air Alpha,Littleborough,West Madisontown,2024-05-04 19:32:50,2024-05-04 22:22:50,170,941.97
53,Air Alpha,Timothybury,Matthewschester,2024-02-27 13:24:14,2024-02-27 22:04:14,520,265.48
54,Air Alpha,Lake Jamesmouth,Mccartybury,2025-02-03 16:07:05,2025-02-03 23:40:05,453,871.49
55,Beta Airlines,Timothybury,Andradehaven,2024-04-05 10:39:11,2024-04-05 17:09:11,390,1148.56
56,Delta Flights,Vanessaton,Port Matthewville,2024-12-23 17:02:47,2024-12-23 19:14:47,132,470.17
57,Gamma Air,Cuevasberg,Timothybury,2024-11-29 01:52:40,2024-11-29 08:21:40,389,1079.57
58,Delta Flights,Timothybury,Port Matthewville,2024-10-02 00:03:31,2024-10-02 09:01:31,538,293.89
59,Gamma Air,Wellsside,Andradehaven,2024-02-19 15:54:32,2024-02-20 00:58:32,544,160.77
60,Air Alpha,Cuevasberg,Matthewschester,2024-05-20 16:41:43,2024-05-21 01:42:43,541,1254.78
61,Beta Airlines,Marialand,Christianview,2024-11-22 09:54:32,2024-11-22 11:46:32,112,132.34
62,Gamma Air,Littleborough,Wellsside,2024-08-04 09:45:45,2024-08-04 19:30:45,585,1330.97
63,Delta Flights,Littleborough,New Justin,2024-03-28 09:48:30,2024-03-28 13:02:30,194,1306.6
64,Beta Airlines,Port Matthewville,Timothybury,2024-09-19 06:56:46,2024-09-19 10:23:46,207,838.46
65,Air Alpha,Timothybury,North Carly,2024-06-25 07:57:03,2024-06-25 12:17:03,260,1298.19
66,Air Alpha,Matthewschester,Andradehaven,2024-11-26 23:21:04,2024-11-27 06:13:04,412,393.5
67,Beta Airlines,Marialand,Christianview,2024-04-02 17:06:59,2024-04-02 23:40:59,394,970.99
68,Beta Airlines,Jameston,West Madisontown,2024-03-11 18:25:05,2024-03-11 22:44:05,259,909.5
69,Gamma Air,West Ryan,Annabury,2024-03-06 03:42:03,2024-03-06 05:54:03,132,1057.64
70,Gamma Air,Vanessaton,Lake Jamesmouth,2024-06-15 14:46:32,2024-06-15 20:12:32,326,440.17
71,Gamma Air,Christianview,Timothybury,2024-07-26 18:21:46,2024-07-26 20:30:46,129,880.24
72,Air Alpha,Wellsside,Andradehaven,2025-02-06 21:44:33,2025-02-06 23:19:33,95,215.47
73,Air Alpha,New Justin,Timothybury,2024-09-24 17:37:15,2024-09-25 01:21:15,464,237.89
74,Air Alpha,Annabury,North Jodi,2024-09-12 16:26:02,2024-09-13 02:12:02,586,1234.84
75,Gamma Air,Matthewschester,Lake Jamesmouth,2024-02-26 19:28:40,2024-02-27 04:35:40,547,969.22
76,Beta Airlines,Matthewschester,Port Matthewville,2024-02-17 14:02:56,2024-02-17 22:37:56,515,1092.23
77,Delta Flights,Littleborough,Port Matthewville,2024-03-09 05:25:36,2024-03-09 15:17:36,592,296.29
78,Beta Airlines,Lake Jamesmouth,Timothybury,2024-08-02 03:17:21,2024-08-02 11:56:21,519,947.24
79,Gamma Air,Cuevasberg,Marialand,2024-02-19 09:25:23,2024-02-19 16:07:23,402,219.84
80,Air Alpha,North Jodi,New Justin,2024-12-29 01:39:47,2024-12-29 10:25:47,526,1001.01
81,Beta Airlines,West Madisontown,West Ryan,2024-03-15 09:02:47,2024-03-15 10:37:47,95,1283.13
82,Delta Flights,North Carly,Nathanielport,2024-08-31 15:38:44,2024-08-31 18:23:44,165,1278.64
83,Air Alpha,Annabury,Littleborough,2025-02-02 22:58:50,2025-02-03 00:59:50,121,872.99
84,Beta Airlines,Vanessaton,Lake Jamesmouth,2024-10-04 10:09:35,2024-10-04 18:00:35,471,544.61
85,Air Alpha,North Jodi,Matthewschester,2024-07-31 11:40:42,2024-07-31 20:28:42,528,329.04
86,Beta Airlines,Port Matthewville,Littleborough,2024-07-28 07:41:34,2024-07-28 09:47:34,126,831.4
87,Air Alpha,West Ryan,Cuevasberg,2025-01-02 15:25:59,2025-01-02 18:50:59,205,76.5
88,Beta Airlines,Littleborough,Lake Jamesmouth,2024-05-24 02:44:54,2024-05-24 08:04:54,320,250.37
89,Gamma Air,Andradehaven,West Ryan,2024-09-11 22:48:15,2024-09-12 01:17:15,149,684.97
90,Delta Flights,Wellsside,West Ryan,2024-11-12 02:02:36,2024-11-12 03:47:36,105,178.32
91,Delta Flights,Nathanielport,North Carly,2024-07-04 14:50:48,2024-07-04 16:08:48,78,368.32
92,Delta Flights,Mccartybury,Nathanielport,2024-11-09 12:21:13,2024-11-09 18:20:13,359,997.4
93,Beta Airlines,Littleborough,Timothybury,2024-12-13 04:54:12,2024-12-13 14:47:12,593,370.55
94,Beta Airlines,Cuevasberg,Marialand,2024-05-15 18:52:13,2024-05-16 01:58:13,426,638.49
95,Gamma Air,Annabury,West Madisontown,2024-08-31 05:38:40,2024-08-31 13:16:40,458,769.48
96,Beta Airlines,Christianview,Lake Jamesmouth,2024-05-25 00:19:28,2024-05-25 05:27:28,308,712.59
97,Delta Flights,Cuevasberg,North Carly,2024-10-31 02:21:42,2024-10-31 06:10:42,229,107.08
98,Delta Flights,Matthewschester,Marialand,2024-10-27 08:27:30,2024-10-27 15:18:30,411,192.38
99,Delta Flights,Jameston,Lake Jamesmouth,2024-09-30 03:28:15,2024-09-30 06:45:15,197,1004.39
100,Gamma Air,New Justin,Mccartybury,2024-06-06 03:33:34,2024-06-06 08:54:34,321,548.86
101,Gamma Air,Christianview,Matthewschester,2024-10-28 05:14:04,2024-10-28 06:45:04,91,874.41
102,Beta Airlines,Nathanielport,North Jodi,2024-05-24 19:26:36,2024-05-25 03:51:36,505,65.3
103,Gamma Air,West Madisontown,Littleborough,2024-06-17 13:26:40,2024-06-17 20:48:40,442,121.79
104,Air Alpha,Andradehaven,Christianview,2024-12-01 14:05:41,2024-12-01 22:11:41,486,1029.69
105,Beta Airlines,West Madisontown,Christianview,2024-08-17 08:03:27,2024-08-17 17:17:27,554,112.12
106,Beta Airlines,Vanessaton,Annabury,2024-06-06 10:48:53,2024-06-06 14:54:53,246,1007.78
107,Air Alpha,Littleborough,West Madisontown,2024-07-18 13:04:17,2024-07-18 15:06:17,122,661.56
108,Delta Flights,Vanessaton,Mccartybury,2024-02-17 01:17:00,2024-02-17 03:10:00,113,815.71
109,Beta Airlines,Port Matthewville,Mccartybury,2025-01-11 20:52:44,2025-01-12 02:07:44,315,1004.27
110,Air Alpha,West Ryan,Littleborough,2025-01-01 14:41:21,2025-01-01 21:09:21,388,1491.64
111,Air Alpha,Littleborough,Nathanielport,2024-08-06 09:19:32,2024-08-06 17:55:32,516,1145.97
112,Air Alpha,Timothybury,Littleborough,2024-02-15 08:39:35,2024-02-15 18:33:35,594,957.83
113,Air Alpha,Jameston,Nathanielport,2024-05-30 20:39:11,2024-05-31 00:22:11,223,910.18
114,Gamma Air,Jameston,Matthewschester,2024-10-30 19:14:12,2024-10-31 03:54:12,520,916.67
115,Beta Airlines,Andradehaven,Jameston,2024-03-23 00:37:02,2024-03-23 03:03:02,146,1021.79
116,Air Alpha,West Ryan,Andradehaven,2024-04-19 08:47:41,2024-04-19 16:45:41,478,1134.91
117,Delta Flights,West Ryan,Vanessaton,2024-08-29 19:27:07,2024-08-29 23:59:07,272,1440.85
118,Air Alpha,Timothybury,Nathanielport,2025-02-09 21:08:29,2025-02-10 01:39:29,271,857.46
119,Air Alpha,North Jodi,New Justin,2024-05-18 05:25:23,2024-05-18 06:39:23,74,983.24
120,Beta Airlines,Wellsside,Nathanielport,2025-01-24 05:30:09,2025-01-24 12:23:09,413,977.89
121,Air Alpha,Mccartybury,Christianview,2024-02-27 04:52:42,2024-02-27 12:09:42,437,466.01
122,Delta Flights,North Jodi,North Carly,2024-10-07 06:47:24,2024-10-07 10:04:24,197,1019.14
123,Delta Flights,North Carly,Cuevasberg,2024-02-15 03:44:30,2024-02-15 12:13:30,509,1207.69
124,Gamma Air,Vanessaton,West Madisontown,2024-09-14 06:30:24,2024-09-14 15:51:24,561,631.58
125,Delta Flights,Jameston,Littleborough,2024-04-05 08:09:04,2024-04-05 15:34:04,445,551.37
126,Gamma Air,Wellsside,Timothybury,2024-11-16 09:37:46,2024-11-16 13:17:46,220,264.0
127,Beta Airlines,North Jodi,Matthewschester,2024-05-27 04:23:32,2024-05-27 06:48:32,145,262.85
128,Air Alpha,Andradehaven,Vanessaton,2024-08-31 01:46:26,2024-08-31 07:40:26,354,1394.8
129,Delta Flights,Lake Jamesmouth,Christianview,2024-03-08 20:38:00,2024-03-09 05:32:00,534,1463.46
