price,departure,airline,departure_time,flight_id,arrival,arrival_time
737.28,Zacharystad,Beta Airlines,2024-02-22 23:49:12,1,North Monicachester,2024-02-23 06:30:12
1385.38,Petersenstad,Delta Flights,2024-04-09 12:04:54,2,Thomasside,2024-04-09 13:42:54
1329.77,North Adrian,Air Alpha,2025-01-16 16:36:57,3,East Kaylee,2025-01-17 02:12:57
785.38,Petersenstad,Delta Flights,2024-03-31 14:27:21,4,North Gregorymouth,2024-03-31 19:33:21
545.3,West Ashleyborough,Gamma Air,2024-05-27 17:44:54,5,Hallmouth,2024-05-28 03:03:54
452.0,East Jameshaven,Delta Flights,2024-08-24 15:00:23,6,New Dianeside,2024-08-24 21:51:23
1386.39,Brianberg,Beta Airlines,2024-11-17 18:01:16,7,West Ashleyborough,2024-11-18 02:45:16
380.89,North Monicachester,Air Alpha,2024-10-15 02:03:15,8,East Jameshaven,2024-10-15 07:09:15
741.71,Wileystad,Gamma Air,2024-06-23 01:08:06,9,West Ashleyborough,2024-06-23 09:06:06
805.22,North Gregorymouth,Gamma Air,2024-10-01 09:50:13,10,New Dianeside,2024-10-01 13:44:13
1173.51,North Adrian,Beta Airlines,2024-02-16 12:32:45,11,Petersenstad,2024-02-16 17:46:45
325.5,South Michael,Delta Flights,2024-08-31 21:36:22,12,Harrisonstad,2024-08-31 23:53:22
253.85,Annaberg,Air Alpha,2024-10-13 22:10:47,13,North Adrian,2024-10-14 00:12:47
1130.92,Charlesside,Air Alpha,2024-11-05 18:00:05,14,Wileystad,2024-11-06 01:33:05
843.1,North Monicachester,Air Alpha,2024-05-23 04:21:20,15,South Michael,2024-05-23 06:00:20
1322.12,North Adrian,Beta Airlines,2024-11-25 23:08:45,16,West Ashleyborough,2024-11-26 06:27:45
884.62,Jennifertown,Delta Flights,2024-03-10 07:18:20,17,North Monicachester,2024-03-10 14:08:20
980.88,Petersenstad,Gamma Air,2024-12-31 06:41:25,18,North Monicachester,2024-12-31 14:16:25
1334.6,East Jameshaven,Delta Flights,2024-11-07 10:34:37,19,South Michael,2024-11-07 11:49:37
1181.13,West Ashleyborough,Air Alpha,2024-03-12 20:30:59,20,East Jameshaven,2024-03-13 02:04:59
1411.7,Annaberg,Delta Flights,2024-09-13 08:28:07,21,Hallmouth,2024-09-13 12:45:07
522.96,Hallmouth,Beta Airlines,2024-08-24 08:13:14,22,East Kaylee,2024-08-24 10:54:14
372.9,West Nathan,Gamma Air,2024-04-02 15:17:02,23,New Dianeside,2024-04-03 00:26:02
426.36,New Daniel,Gamma Air,2024-09-22 08:18:36,24,West Ashleyborough,2024-09-22 16:23:36
901.98,North Gregorymouth,Air Alpha,2024-08-31 00:56:36,25,New Daniel,2024-08-31 06:37:36
630.8,East Kaylee,Air Alpha,2024-04-01 15:44:54,26,Charlesside,2024-04-01 19:49:54
611.3,Thomasside,Delta Flights,2024-05-14 04:57:18,27,Jennifertown,2024-05-14 07:08:18
1249.74,Hallmouth,Beta Airlines,2024-02-23 13:59:37,28,West Ashleyborough,2024-02-23 21:54:37
872.15,Brianberg,Gamma Air,2024-04-30 15:42:10,29,West Ashleyborough,2024-04-30 18:32:10
1096.04,Annaberg,Gamma Air,2025-01-08 11:20:32,30,West Ashleyborough,2025-01-08 20:40:32
1485.05,Hallmouth,Beta Airlines,2024-05-04 21:18:51,31,West Ashleyborough,2024-05-05 01:40:51
1061.7,Jennifertown,Air Alpha,2025-01-26 09:26:55,32,Harrisonstad,2025-01-26 15:37:55
1124.09,Hallmouth,Beta Airlines,2024-09-07 09:30:46,33,Jennifertown,2024-09-07 11:11:46
1239.63,North Monicachester,Air Alpha,2024-03-07 00:10:57,34,Charlesside,2024-03-07 01:19:57
455.93,Wileystad,Gamma Air,2024-08-26 16:26:12,35,Zacharystad,2024-08-26 20:36:12
1359.47,Hallmouth,Beta Airlines,2024-05-29 17:32:32,36,West Ashleyborough,2024-05-29 21:48:32
214.52,Wileystad,Gamma Air,2024-02-23 10:11:03,37,Brianberg,2024-02-23 12:35:03
378.16,Brianberg,Beta Airlines,2024-11-11 03:28:54,38,West Ashleyborough,2024-11-11 05:42:54
1411.9,Charlesside,Beta Airlines,2024-10-04 17:38:18,39,Annaberg,2024-10-05 01:38:18
986.79,Zacharystad,Beta Airlines,2024-08-09 16:53:50,40,North Adrian,2024-08-10 00:28:50
402.31,Hallmouth,Beta Airlines,2024-10-19 21:05:32,41,West Nathan,2024-10-20 01:01:32
603.16,Annaberg,Gamma Air,2024-06-30 17:16:21,42,Charlesside,2024-06-30 21:02:21
193.14,Thomasside,Beta Airlines,2024-12-31 04:38:17,43,Jennifertown,2024-12-31 13:43:17
104.56,New Dianeside,Beta Airlines,2024-12-08 06:12:37,44,Thomasside,2024-12-08 09:33:37
1153.58,East Jameshaven,Air Alpha,2024-03-14 15:38:00,45,Wileystad,2024-03-14 22:29:00
1314.2,North Monicachester,Delta Flights,2024-04-09 08:15:55,46,Zacharystad,2024-04-09 15:13:55
1443.13,North Monicachester,Air Alpha,2025-02-12 16:45:23,47,Jennifertown,2025-02-12 18:46:23
70.92,Wileystad,Beta Airlines,2024-06-27 16:28:06,48,Hallmouth,2024-06-27 22:01:06
236.16,Annaberg,Beta Airlines,2024-06-06 21:04:53,49,North Monicachester,2024-06-07 04:38:53
1430.44,Wileystad,Gamma Air,2024-02-27 04:17:54,50,East Jameshaven,2024-02-27 06:03:54
1373.76,East Kaylee,Gamma Air,2024-07-19 22:07:35,51,North Monicachester,2024-07-20 01:33:35
405.27,Brianberg,Gamma Air,2024-08-25 20:02:05,52,West Ashleyborough,2024-08-26 05:39:05
1004.01,Wileystad,Air Alpha,2024-04-19 23:26:49,53,North Monicachester,2024-04-20 05:28:49
386.24,South Michael,Air Alpha,2024-08-16 15:12:16,54,Wileystad,2024-08-16 17:07:16
319.68,New Dianeside,Beta Airlines,2024-04-07 05:56:24,55,West Nathan,2024-04-07 13:19:24
604.24,West Ashleyborough,Air Alpha,2024-09-19 17:58:29,56,Wileystad,2024-09-19 21:24:29
172.25,South Michael,Gamma Air,2024-11-16 01:32:21,57,Charlesside,2024-11-16 04:18:21
609.88,East Jameshaven,Delta Flights,2024-02-15 02:58:07,58,Jennifertown,2024-02-15 06:32:07
1003.81,New Dianeside,Delta Flights,2024-07-07 20:13:16,59,Jennifertown,2024-07-08 05:38:16
895.04,Wileystad,Beta Airlines,2025-01-26 21:33:24,60,Jennifertown,2025-01-27 03:22:24
1220.92,Thomasside,Air Alpha,2024-04-20 19:47:27,61,West Ashleyborough,2024-04-21 05:07:27
1117.59,Jennifertown,Gamma Air,2024-04-08 16:21:07,62,West Nathan,2024-04-09 01:16:07
435.46,Jennifertown,Gamma Air,2024-08-29 22:24:15,63,West Nathan,2024-08-29 23:44:15
502.15,New Dianeside,Beta Airlines,2024-02-21 11:51:54,64,East Jameshaven,2024-02-21 16:06:54
504.74,Charlesside,Delta Flights,2024-04-10 12:29:55,65,West Nathan,2024-04-10 17:11:55
718.17,Jennifertown,Beta Airlines,2024-03-26 19:44:25,66,Brianberg,2024-03-27 02:20:25
1081.91,Petersenstad,Beta Airlines,2024-07-04 22:13:03,67,North Adrian,2024-07-05 03:00:03
523.41,East Kaylee,Gamma Air,2024-07-05 18:08:24,68,Annaberg,2024-07-05 19:53:24
714.94,West Nathan,Gamma Air,2024-03-10 04:01:19,69,Brianberg,2024-03-10 09:04:19
1244.96,New Dianeside,Beta Airlines,2024-06-08 10:55:01,70,Thomasside,2024-06-08 19:41:01
100.26,Jennifertown,Beta Airlines,2024-02-28 02:52:46,71,Brianberg,2024-02-28 09:31:46
1358.28,East Kaylee,Air Alpha,2024-09-06 14:13:26,72,Brianberg,2024-09-06 19:57:26
969.7,Harrisonstad,Air Alpha,2024-11-15 05:11:03,73,West Nathan,2024-11-15 09:01:03
1043.19,Brianberg,Beta Airlines,2024-03-23 22:53:50,74,East Kaylee,2024-03-24 04:53:50
374.76,West Ashleyborough,Delta Flights,2024-11-05 03:27:37,75,South Michael,2024-11-05 07:34:37
874.35,East Kaylee,Gamma Air,2025-01-20 08:37:17,76,Harrisonstad,2025-01-20 17:34:17
1401.17,South Michael,Beta Airlines,2024-11-06 04:52:36,77,North Monicachester,2024-11-06 06:41:36
1289.95,Charlesside,Gamma Air,2024-09-27 18:58:49,78,Petersenstad,2024-09-27 23:36:49
1496.05,Harrisonstad,Delta Flights,2024-03-29 22:41:33,79,New Dianeside,2024-03-30 06:14:33
581.91,Charlesside,Air Alpha,2024-11-18 19:16:25,80,Hallmouth,2024-11-18 22:06:25
580.58,East Kaylee,Beta Airlines,2024-09-13 14:47:13,81,New Daniel,2024-09-13 21:05:13
971.03,Wileystad,Beta Airlines,2025-01-28 09:52:41,82,Thomasside,2025-01-28 13:48:41
97.35,South Michael,Gamma Air,2025-01-15 18:55:02,83,Wileystad,2025-01-16 03:51:02
918.18,Harrisonstad,Gamma Air,2025-02-07 10:34:11,84,Hallmouth,2025-02-07 12:55:11
1338.84,Hallmouth,Air Alpha,2025-01-09 08:33:30,85,West Ashleyborough,2025-01-09 10:35:30
479.06,Annaberg,Gamma Air,2024-12-15 19:02:09,86,New Daniel,2024-12-15 23:24:09
499.14,Wileystad,Beta Airlines,2024-06-09 16:45:27,87,North Monicachester,2024-06-10 00:03:27
878.54,New Dianeside,Beta Airlines,2024-05-12 11:31:36,88,North Monicachester,2024-05-12 12:51:36
984.53,North Monicachester,Air Alpha,2024-03-22 22:25:11,89,Harrisonstad,2024-03-23 07:41:11
957.22,West Nathan,Beta Airlines,2024-11-28 17:39:10,90,Hallmouth,2024-11-28 23:41:10
1276.75,West Nathan,Air Alpha,2024-03-28 09:07:30,91,Harrisonstad,2024-03-28 14:16:30
328.41,Annaberg,Delta Flights,2024-10-12 23:23:54,92,East Kaylee,2024-10-13 09:00:54
1306.72,Brianberg,Gamma Air,2024-07-14 20:15:12,93,Wileystad,2024-07-14 21:22:12
1282.31,North Adrian,Air Alpha,2024-12-19 18:27:06,94,Hallmouth,2024-12-19 23:29:06
188.68,Hallmouth,Delta Flights,2024-06-30 20:35:45,95,Brianberg,2024-07-01 00:28:45
1316.64,Charlesside,Beta Airlines,2024-12-03 20:47:29,96,West Ashleyborough,2024-12-04 01:52:29
671.99,Harrisonstad,Beta Airlines,2024-04-14 18:20:30,97,West Nathan,2024-04-15 02:42:30
74.7,North Monicachester,Air Alpha,2025-01-24 13:54:11,98,Zacharystad,2025-01-24 15:24:11
1056.8,Thomasside,Beta Airlines,2024-03-17 06:06:22,99,Brianberg,2024-03-17 13:33:22
592.67,Zacharystad,Gamma Air,2024-05-26 14:59:44,100,East Jameshaven,2024-05-26 19:48:44
705.9,South Michael,Air Alpha,2024-03-23 15:02:49,101,West Ashleyborough,2024-03-23 18:56:49
55.92,North Gregorymouth,Gamma Air,2025-01-21 20:26:53,102,West Ashleyborough,2025-01-22 02:28:53
904.25,East Kaylee,Gamma Air,2024-09-15 22:28:29,103,West Ashleyborough,2024-09-16 08:04:29
187.0,Petersenstad,Beta Airlines,2024-08-07 15:08:25,104,Harrisonstad,2024-08-07 19:59:25
1062.45,Zacharystad,Delta Flights,2024-04-27 02:29:55,105,Hallmouth,2024-04-27 12:05:55
934.92,Zacharystad,Gamma Air,2025-01-14 10:03:13,106,North Adrian,2025-01-14 18:12:13
1269.99,East Kaylee,Beta Airlines,2024-05-09 04:58:12,107,New Daniel,2024-05-09 11:35:12
497.12,West Nathan,Delta Flights,2024-08-13 19:54:03,108,West Ashleyborough,2024-08-14 02:54:03
329.01,New Daniel,Beta Airlines,2025-01-12 06:56:27,109,Jennifertown,2025-01-12 14:58:27
1051.36,Zacharystad,Air Alpha,2024-02-25 11:18:22,110,Brianberg,2024-02-25 17:41:22
