doctor_name,patient_name,reason,appointment_date,APPOINTMENT ID,status
Jerry Hall,Benjamin Wright,Routine Exam,2025-02-12 23:31:01.356728,1,Cancelled
Lindsey Carpenter,Adam Estrada,Routine Exam,2025-02-12 23:32:36.854451,2,Completed
Caleb Berg,Curtis Tucker,Check-up,2025-02-12 23:33:55.973960,3,Cancelled
Tyler Walker,David Chan,Consultation,2025-02-12 23:29:04.857999,4,Cancelled
Dr. Maria Campbell MD,Kathryn Norton,Routine Exam,2025-02-12 23:29:39.544104,5,Completed
Samantha Wells,Lisa Abbott,Emergency,2025-02-12 23:28:51.966985,6,Scheduled
Michael Mccall,Rebecca Shaffer,Check-up,2025-02-12 23:29:18.020955,7,Completed
Shelby Barajas,Todd Miller,Consultation,2025-02-12 23:33:42.751905,8,Scheduled
Connor Cook,Courtney Taylor,Routine Exam,2025-02-12 23:31:18.989256,9,Scheduled
Lauren Powell,Adam Medina,Consultation,2025-02-12 23:33:05.627934,10,Scheduled
Christine Larson,Jesse Daniel,Check-up,2025-02-12 23:33:23.235930,11,Cancelled
Dr. Johnny Wood MD,Sean Brown,Check-up,2025-02-12 23:30:18.934066,12,Completed
Tiffany Guzman,Jared Miller,Check-up,2025-02-12 23:28:49.368484,13,Scheduled
Carl Taylor,Tracy Hines,Emergency,2025-02-12 23:30:52.475250,14,Scheduled
David Webb,Ryan Ewing,Emergency,2025-02-12 23:33:07.768939,15,Completed
Kenneth Chambers,Michael Delgado,Consultation,2025-02-12 23:30:03.676824,16,Cancelled
Crystal Bartlett,Cory Calderon,Follow-up,2025-02-12 23:28:27.935696,17,Scheduled
Shaun Pham,Bonnie Robertson MD,Consultation,2025-02-12 23:32:44.930206,18,Completed
Mr. Marc Burton,Matthew Greene,Consultation,2025-02-12 23:29:21.315549,19,Completed
Juan Cantrell,Erica Lee,Follow-up,2025-02-12 23:32:27.793074,20,Cancelled
Danielle Rocha,Kyle Weber,Consultation,2025-02-12 23:32:43.553811,21,Cancelled
Daniel Thomas,Kara Glass,Routine Exam,2025-02-12 23:29:20.751085,22,Scheduled
Eric Hammond,Adrian Cuevas,Emergency,2025-02-12 23:28:42.721615,23,Cancelled
Daniel Gonzalez,Vanessa Reyes,Routine Exam,2025-02-12 23:31:05.375630,24,Cancelled
Jessica Murphy,Ian Carlson,Consultation,2025-02-12 23:32:49.244360,25,Cancelled
Daniel Campbell,Steven Oliver,Routine Exam,2025-02-12 23:33:52.685993,26,Cancelled
Cheryl Freeman,Carol Caldwell,Check-up,2025-02-12 23:33:42.250355,27,Cancelled
Adrian Galloway,Terri Watson,Check-up,2025-02-12 23:30:42.578314,28,Completed
Robert Pruitt,Alicia Torres,Follow-up,2025-02-12 23:33:43.877630,29,Completed
George House,Bryce Maldonado,Emergency,2025-02-12 23:29:51.824224,30,Completed
Sarah Lee,Susan Le,Routine Exam,2025-02-12 23:32:47.339180,31,Completed
Tricia Sutton,Shannon Copeland,Emergency,2025-02-12 23:29:15.089319,32,Cancelled
Brianna Taylor,Daniel Cook,Follow-up,2025-02-12 23:29:20.718624,33,Completed
Glenda Robbins,Nicole Lewis,Consultation,2025-02-12 23:28:16.886147,34,Completed
Robin Travis,Ashley Mcdonald,Routine Exam,2025-02-12 23:28:27.892060,35,Scheduled
Christopher Soto,Eric Silva,Emergency,2025-02-12 23:28:54.451890,36,Completed
Allison Perez,Jacqueline Hunt,Routine Exam,2025-02-12 23:31:19.385165,37,Completed
Tara Moore,Dennis Carpenter,Consultation,2025-02-12 23:28:39.309866,38,Scheduled
Anthony Hawkins,William Manning,Check-up,2025-02-12 23:32:28.703676,39,Completed
Samantha Caldwell,John Smith,Routine Exam,2025-02-12 23:33:59.072701,40,Cancelled
Shawn Taylor,Mark Hunt,Follow-up,2025-02-12 23:32:07.463610,41,Cancelled
Leslie Myers,Christopher Carr,Follow-up,2025-02-12 23:33:48.299414,42,Cancelled
Jaime Craig,Monique Gonzalez,Consultation,2025-02-12 23:29:16.972044,43,Cancelled
Debbie Carlson,Ann Ware,Follow-up,2025-02-12 23:31:28.329856,44,Completed
Christine Snyder,Jack Hudson,Follow-up,2025-02-12 23:33:18.265494,45,Cancelled
Kenneth Allen,Lisa Castillo,Check-up,2025-02-12 23:30:04.393898,46,Completed
Antonio Wells,Jeffery Hall,Emergency,2025-02-12 23:33:09.934922,47,Scheduled
Matthew Robles,Brooke Morgan,Check-up,2025-02-12 23:33:35.316741,48,Cancelled
Daniel Baldwin,David Sanchez,Check-up,2025-02-12 23:33:33.368192,49,Completed
Aaron Summers,Taylor Fitzgerald,Follow-up,2025-02-12 23:29:01.180111,50,Completed
Victor Anderson,Kristen Robertson,Check-up,2025-02-12 23:29:57.353940,51,Cancelled
Angel Juarez,Kathleen Garcia,Emergency,2025-02-12 23:32:16.636208,52,Scheduled
Todd Chaney,Catherine Buck,Follow-up,2025-02-12 23:31:35.843492,53,Scheduled
Sandra Blake,Michelle Miller,Emergency,2025-02-12 23:29:02.250351,54,Cancelled
Lauren Gonzalez,Keith Fisher,Consultation,2025-02-12 23:30:42.761515,55,Cancelled
Victor Bright,Justin Harris,Check-up,2025-02-12 23:33:11.250070,56,Scheduled
Yolanda Butler,Courtney Burton,Routine Exam,2025-02-12 23:33:06.011867,57,Completed
Dan Calderon,Melissa Berry,Consultation,2025-02-12 23:28:21.290578,58,Scheduled
Donna Rogers,Tristan Murphy,Check-up,2025-02-12 23:28:59.388275,59,Scheduled
John Garcia,Herbert Lucas,Check-up,2025-02-12 23:32:41.894510,60,Completed
Jamie Edwards,Matthew White,Emergency,2025-02-12 23:29:41.207642,61,Completed
Barry Baker,Paul Cross,Check-up,2025-02-12 23:32:12.595066,62,Scheduled
Erik Miller,Stephen Horne,Check-up,2025-02-12 23:28:21.124838,63,Cancelled
Casey Collins,Kenneth Martin,Check-up,2025-02-12 23:31:18.557379,64,Completed
James Bauer,Teresa Smith,Routine Exam,2025-02-12 23:31:26.504267,65,Scheduled
Marisa Johnson,Kyle Garner,Routine Exam,2025-02-12 23:33:32.925260,66,Cancelled
Brian Crawford,Brittany Garcia,Follow-up,2025-02-12 23:30:56.858015,67,Scheduled
Mark Bowman,Darlene Dorsey,Emergency,2025-02-12 23:33:35.078974,68,Cancelled
Jacob Robinson,Deanna King,Emergency,2025-02-12 23:30:10.001712,69,Completed
Jacob Graham,Jeffery Porter,Emergency,2025-02-12 23:30:35.248361,70,Scheduled
Elizabeth Hill,Emily Jones,Routine Exam,2025-02-12 23:28:16.998924,71,Cancelled
Jane Nguyen,Wendy Scott,Follow-up,2025-02-12 23:33:44.706053,72,Cancelled
Lisa Taylor,Karen Reed,Emergency,2025-02-12 23:29:16.738701,73,Scheduled
Jennifer Erickson,Kelly Simmons,Emergency,2025-02-12 23:33:07.982178,74,Scheduled
David Pierce,Susan Figueroa,Routine Exam,2025-02-12 23:30:04.969233,75,Scheduled
Alex Mejia,Jenna Hernandez,Consultation,2025-02-12 23:31:43.910585,76,Cancelled
Randall Lowe,Joseph Perez DDS,Check-up,2025-02-12 23:31:05.781295,77,Scheduled
Jessica Cabrera,Christopher Chan,Follow-up,2025-02-12 23:28:38.957999,78,Cancelled
Lindsay Myers,James Lozano,Consultation,2025-02-12 23:33:45.319412,79,Completed
Wendy Hall,Timothy Miller,Check-up,2025-02-12 23:33:24.278030,80,Completed
Elizabeth Johnson,Brian Holmes,Emergency,2025-02-12 23:29:09.934747,81,Scheduled
Jeffrey Carr,Vicki Richardson,Check-up,2025-02-12 23:29:03.786436,82,Scheduled
Claire Moody,Timothy Strong,Emergency,2025-02-12 23:32:32.007068,83,Scheduled
April Aguirre,Joseph Koch,Follow-up,2025-02-12 23:32:37.178761,84,Completed
David Smith,Heather Henderson,Emergency,2025-02-12 23:28:33.900541,85,Completed
Alexandra King,Aaron Andersen,Emergency,2025-02-12 23:28:53.555010,86,Scheduled
Katelyn Lee,Richard Gregory,Check-up,2025-02-12 23:30:29.592323,87,Completed
Ariel Kelley,Danielle Baker,Routine Exam,2025-02-12 23:33:52.108697,88,Completed
Tara Potts,Natalie Kelly MD,Routine Exam,2025-02-12 23:33:13.933163,89,Scheduled
Thomas Smith,Sandra Duncan,Emergency,2025-02-12 23:33:44.330839,90,Cancelled
Terry Walker,Rachel Curry,Follow-up,2025-02-12 23:30:27.808949,91,Cancelled
Henry Macias,Rebecca Sanchez,Check-up,2025-02-12 23:33:58.574938,92,Completed
Karen Mcdaniel,Richard Martin,Routine Exam,2025-02-12 23:28:30.036923,93,Cancelled
Brittney Davis,Charles Gilbert,Routine Exam,2025-02-12 23:29:44.467123,94,Scheduled
Scott Flores,Matthew Williams,Check-up,2025-02-12 23:32:22.404360,95,Scheduled
Gregory Delgado,Jessica Osborn,Routine Exam,2025-02-12 23:31:12.237089,96,Cancelled
Margaret Dixon,Gabriel Burke,Routine Exam,2025-02-12 23:33:13.281530,97,Completed
Jeffrey Palmer,Shelby Harris,Emergency,2025-02-12 23:31:52.527685,98,Completed
Marcus Costa,Stephanie Thompson,Check-up,2025-02-12 23:31:56.915230,99,Scheduled
Joseph Gardner,Joshua Wolfe,Check-up,2025-02-12 23:31:54.943376,100,Cancelled
Robert Dorsey,Sheryl Johnson,Consultation,2025-02-12 23:31:54.514357,101,Cancelled
Ronald Smith,Brittany Johnston,Check-up,2025-02-12 23:29:31.556593,102,Completed
Vicki Douglas,Brandon Estes,Follow-up,2025-02-12 23:31:01.520739,103,Scheduled
Jennifer Weaver DDS,Kelly Yates,Emergency,2025-02-12 23:31:30.485994,104,Completed
Gina Turner,Joshua Brennan,Follow-up,2025-02-12 23:31:20.822676,105,Scheduled
Kevin Adams,Dwayne Mosley,Check-up,2025-02-12 23:30:21.523705,106,Scheduled
Erin Lane,Joshua Brock DDS,Consultation,2025-02-12 23:33:42.582544,107,Cancelled
Janet Coleman,Matthew Chapman,Routine Exam,2025-02-12 23:30:01.335711,108,Completed
Dawn Hobbs MD,Taylor Kim,Follow-up,2025-02-12 23:28:15.598248,109,Completed
Gregory Hanna,Rhonda Mahoney,Emergency,2025-02-12 23:32:49.182041,110,Completed
Nathaniel Whitehead,Kathy White,Emergency,2025-02-12 23:31:57.890394,111,Cancelled
Julia Dunn,Jay Jones,Emergency,2025-02-12 23:28:49.445875,112,Scheduled
Belinda Sanders,Alan Baker,Consultation,2025-02-12 23:31:50.299324,113,Scheduled
Shawn Gibson,Christy Dominguez,Routine Exam,2025-02-12 23:29:18.864690,114,Completed
Larry Brewer,Makayla Roberts,Emergency,2025-02-12 23:33:31.616910,115,Completed
Cody Spencer,Suzanne Jones,Follow-up,2025-02-12 23:33:08.810785,116,Scheduled
Shelby Campbell,Erica Cunningham,Emergency,2025-02-12 23:32:33.012748,117,Scheduled
Justin Williams,Robert Burgess,Check-up,2025-02-12 23:30:34.866072,118,Scheduled
John Ibarra,Brenda Leonard,Emergency,2025-02-12 23:30:55.135114,119,Cancelled
Brian Smith,Tonya Cox,Routine Exam,2025-02-12 23:29:32.087028,120,Cancelled
Caitlin Roth,Joe Boyd,Routine Exam,2025-02-12 23:33:49.466473,121,Completed
John Murray,Tina Gonzalez DVM,Consultation,2025-02-12 23:33:06.638069,122,Completed
Sarah Boyle,Stephanie Cole,Emergency,2025-02-12 23:30:35.900342,123,Completed
Isaac Garcia,Amanda Schneider,Follow-up,2025-02-12 23:31:26.115682,124,Completed
Kevin Clark,Theresa Castillo,Check-up,2025-02-12 23:34:01.677268,125,Scheduled
Bruce Willis,Cindy Burke,Check-up,2025-02-12 23:32:50.700298,126,Completed
Shannon Jones,Dan Terrell,Consultation,2025-02-12 23:32:41.037842,127,Scheduled
Juan Hall,Toni Thompson,Consultation,2025-02-12 23:31:37.158294,128,Scheduled
Tony Short,Jake Morris,Consultation,2025-02-12 23:28:35.808041,129,Cancelled
Matthew Lee,Heather Perry DVM,Follow-up,2025-02-12 23:31:48.179587,130,Scheduled
Jimmy Diaz,Michael Willis,Follow-up,2025-02-12 23:33:02.942679,131,Completed
Melissa Gross,Jaclyn Walker,Check-up,2025-02-12 23:31:59.334762,132,Completed
Christopher Blair,Kristin Young,Consultation,2025-02-12 23:28:40.563080,133,Cancelled
Miss Carolyn White,Janet Lee,Routine Exam,2025-02-12 23:30:01.803348,134,Scheduled
Lisa Snyder,Mr. Daniel Gonzalez,Check-up,2025-02-12 23:28:17.241681,135,Cancelled
Cynthia Ferrell,Melinda Villarreal,Emergency,2025-02-12 23:30:51.272772,136,Scheduled
Courtney Wallace,Justin Ford,Emergency,2025-02-12 23:33:23.724031,137,Scheduled
Frank Banks,Anna Zamora,Follow-up,2025-02-12 23:34:05.780652,138,Cancelled
Tina Cunningham,Fred Reed,Emergency,2025-02-12 23:29:01.773744,139,Cancelled
Joan Becker,Mark Vargas,Emergency,2025-02-12 23:32:00.584121,140,Cancelled
Roger Colon,Maria Evans,Follow-up,2025-02-12 23:32:55.665533,141,Scheduled
Jessica Hernandez,Valerie Cox,Check-up,2025-02-12 23:30:29.046937,142,Completed
Robert Nguyen,Colleen Jones,Consultation,2025-02-12 23:31:49.258305,143,Scheduled
Robin Medina,Terry Bell,Emergency,2025-02-12 23:31:26.494155,144,Cancelled
James Hill,Miss Veronica Nelson,Emergency,2025-02-12 23:28:41.895253,145,Scheduled
Ruth Anderson,Amanda Adams,Check-up,2025-02-12 23:34:05.726024,146,Cancelled
Amanda Stone,Hector Thomas,Follow-up,2025-02-12 23:33:31.934708,147,Completed
Natalie Brown,Darren Smith,Emergency,2025-02-12 23:33:18.969275,148,Cancelled
Peter Eaton,Amanda Ruiz,Check-up,2025-02-12 23:33:04.520249,149,Completed
Keith Mcclain,Catherine Johnson,Routine Exam,2025-02-12 23:33:39.533384,150,Cancelled
Jason Harrison,Tracy Robinson,Emergency,2025-02-12 23:31:08.310901,151,Cancelled
Stephen Jarvis,Timothy Strong,Routine Exam,2025-02-12 23:33:32.076821,152,Cancelled
Daniel Ramsey,Stephanie Kirk,Follow-up,2025-02-12 23:33:12.489057,153,Cancelled
