appointment_id,patient_name,doctor_name,appointment_date,reason,status
1,James Gonzalez,Jessica Browning,2025-02-12 23:34:13.698047,Check-up,Completed
2,Jesse Anderson,Malik Cortez,2025-02-12 23:32:22.198745,Check-up,Scheduled
3,Katelyn Page,Johnny Dalton,2025-02-12 23:29:42.722990,Routine Exam,Completed
4,Thomas Larson,Donna Bowen,2025-02-12 23:32:39.516790,Follow-up,Cancelled
5,John Garza,Nina Lewis,2025-02-12 23:32:14.219619,Check-up,Scheduled
6,Craig Farley,Kevin Green,2025-02-12 23:33:33.074315,Emergency,Completed
7,Christopher Stewart,Donald Rosario,2025-02-12 23:33:38.365265,Routine Exam,Scheduled
8,Diane Gordon,Patrick Tucker,2025-02-12 23:33:04.404620,Check-up,Scheduled
9,Michael Diaz DDS,Brenda Aguilar,2025-02-12 23:34:57.929569,Routine Exam,Scheduled
10,Richard Cummings,Gary Forbes,2025-02-12 23:32:44.977097,Routine Exam,Scheduled
11,Kevin Romero,Jessica Ramos,2025-02-12 23:30:59.293071,Consultation,Scheduled
12,Jennifer Andrews,Emily Pennington,2025-02-12 23:33:05.755371,Follow-up,Completed
13,Heather Reed PhD,Ana Perez,2025-02-12 23:31:26.690094,Consultation,Cancelled
14,Cynthia Gonzalez,Carlos Meyers,2025-02-12 23:30:25.231953,Check-up,Scheduled
15,Samantha Williams,Robert Lester,2025-02-12 23:31:47.052708,Consultation,Cancelled
16,Maria Orozco,Anthony Hayes,2025-02-12 23:34:29.928733,Follow-up,Scheduled
17,Kevin Scott,Jennifer Castillo,2025-02-12 23:32:43.028511,Consultation,Cancelled
18,Stephanie Nelson,Zachary Herrera,2025-02-12 23:34:08.670715,Consultation,Completed
19,Donna Townsend,Dawn Hatfield,2025-02-12 23:33:56.988106,Consultation,Completed
20,Jennifer Coleman,Heather Irwin,2025-02-12 23:32:44.052658,Follow-up,Completed
21,Anthony Reyes,Charles Mckinney,2025-02-12 23:34:43.946260,Follow-up,Scheduled
22,Timothy Bennett,Joe Carpenter,2025-02-12 23:34:19.374146,Routine Exam,Completed
23,Dr. David Ellis,Lisa Houston,2025-02-12 23:35:26.855338,Routine Exam,Cancelled
24,Emily Osborne,Jason Jones,2025-02-12 23:33:45.933664,Check-up,Completed
25,Joseph Ross,Christina Burke,2025-02-12 23:32:58.464854,Emergency,Cancelled
26,Raymond Delgado,Amanda Dodson,2025-02-12 23:32:08.796354,Emergency,Cancelled
27,Kelsey Stewart,Ray Black,2025-02-12 23:29:34.628530,Routine Exam,Cancelled
28,Dominique Stewart,Brooke Bell,2025-02-12 23:35:30.429420,Routine Exam,Cancelled
29,Antonio Tran,Andrew Faulkner,2025-02-12 23:29:44.004747,Consultation,Cancelled
30,Jennifer Murillo,Kristen Lowery,2025-02-12 23:32:21.162544,Consultation,Completed
31,Michael Nash,Devon Tucker,2025-02-12 23:32:31.744610,Check-up,Scheduled
32,Morgan Thomas,Jonathan Clark,2025-02-12 23:32:59.434473,Routine Exam,Cancelled
33,Martin Smith,Ashley Frazier,2025-02-12 23:31:45.925609,Routine Exam,Cancelled
34,James Roth DDS,Clayton Smith,2025-02-12 23:30:02.994568,Check-up,Cancelled
35,John Snyder,Dylan Charles,2025-02-12 23:31:48.629416,Emergency,Scheduled
36,Kevin Robinson,Danielle Hines,2025-02-12 23:32:54.784442,Emergency,Scheduled
37,Brady Yang,Darren Woods,2025-02-12 23:33:58.579429,Follow-up,Completed
38,Norman Roberts,Robert Macdonald,2025-02-12 23:32:46.726594,Routine Exam,Cancelled
39,Heather Hartman,Melissa Washington,2025-02-12 23:31:17.233821,Follow-up,Completed
40,Charles Davila,April Stevenson,2025-02-12 23:29:48.625483,Emergency,Completed
41,Brian Brown,William Velasquez,2025-02-12 23:34:19.007647,Routine Exam,Cancelled
42,Jeffrey Larson,Alexis Mccormick,2025-02-12 23:30:19.079551,Consultation,Completed
43,Leah Simmons MD,Mr. David Washington,2025-02-12 23:35:17.038212,Routine Exam,Cancelled
44,Jodi Bailey,Timothy Baker,2025-02-12 23:32:16.243425,Check-up,Cancelled
45,Nancy Patton,Jennifer Cherry,2025-02-12 23:31:02.950783,Consultation,Completed
46,Seth Bailey,Kristen Chapman,2025-02-12 23:32:46.097941,Routine Exam,Completed
47,Jeffrey Heath,Antonio Boone,2025-02-12 23:32:29.108539,Routine Exam,Scheduled
48,Amy Harris,Brittany Sutton,2025-02-12 23:30:56.318426,Consultation,Cancelled
49,Bethany Jackson,Stephanie Skinner,2025-02-12 23:33:29.320340,Check-up,Completed
50,Andrew Griffin,Lee Fuller,2025-02-12 23:33:01.072513,Consultation,Cancelled
51,John Howard,Brandon Roberts,2025-02-12 23:33:41.052871,Check-up,Completed
52,Barbara Campbell,Laurie Garner,2025-02-12 23:32:32.917778,Consultation,Cancelled
53,Timothy Cooper,Alexis Pruitt,2025-02-12 23:33:22.041519,Consultation,Completed
54,Diane Levine,Christopher Anthony,2025-02-12 23:29:39.041179,Follow-up,Completed
55,Jason Zavala,Brianna Davis,2025-02-12 23:30:28.888357,Emergency,Scheduled
56,Allison Ochoa,Albert Clark,2025-02-12 23:33:54.986069,Consultation,Scheduled
57,Melissa Barnes,Michael Watts,2025-02-12 23:30:41.245403,Emergency,Scheduled
58,Stephanie Burns,Sean Kennedy,2025-02-12 23:30:24.802974,Routine Exam,Completed
59,Teresa Miller,Alejandro Ross,2025-02-12 23:34:29.631391,Routine Exam,Cancelled
60,Donald Gibbs,Michael Watkins,2025-02-12 23:32:19.197729,Follow-up,Completed
61,David King,Matthew Ho,2025-02-12 23:33:51.687868,Follow-up,Completed
62,Joel Hicks,Javier Knight,2025-02-12 23:35:15.027993,Routine Exam,Cancelled
63,Krista Johnson,Michelle Lane,2025-02-12 23:34:36.860292,Check-up,Cancelled
64,Barbara Washington,Lauren Davis,2025-02-12 23:34:33.161856,Consultation,Completed
65,Ronald Mendoza,Andrew Duncan,2025-02-12 23:31:39.878078,Follow-up,Cancelled
66,Mrs. Monica Wilkins,Nicole Henry,2025-02-12 23:29:51.286315,Emergency,Cancelled
67,Brett Weiss,Carolyn Steele,2025-02-12 23:33:29.458166,Emergency,Completed
68,Julie Vega,Robert Mercado,2025-02-12 23:35:09.065039,Follow-up,Cancelled
69,David Lambert,Teresa King,2025-02-12 23:33:09.146605,Consultation,Cancelled
70,Jennifer Lee MD,Kim Shaw,2025-02-12 23:30:43.664706,Follow-up,Completed
71,Steven Allen,Amanda Frank,2025-02-12 23:34:16.547581,Consultation,Cancelled
72,Richard Wilson,John Richard,2025-02-12 23:33:00.104651,Check-up,Completed
73,Valerie Davis,Kathleen Davis,2025-02-12 23:31:13.506415,Routine Exam,Scheduled
74,Rhonda Middleton,Javier Chavez,2025-02-12 23:32:25.512583,Check-up,Completed
75,Kevin Smith,William Henry,2025-02-12 23:32:11.029620,Check-up,Scheduled
76,David Smith,Angela Andrews,2025-02-12 23:29:59.925240,Emergency,Scheduled
77,Mary Mills,Susan Brown,2025-02-12 23:35:26.945992,Emergency,Completed
78,Christina Mora,Jeremy Solis,2025-02-12 23:34:20.232206,Check-up,Scheduled
79,Brent Martinez,Kristen Smith,2025-02-12 23:30:46.717712,Emergency,Scheduled
80,Adam Brown,Anthony Perez,2025-02-12 23:35:00.185668,Routine Exam,Cancelled
81,Christopher Brown,Misty Frost,2025-02-12 23:33:46.186786,Routine Exam,Cancelled
82,Kathy Harper,Scott Alexander,2025-02-12 23:33:07.339254,Emergency,Cancelled
83,Diane Flowers MD,Marissa Douglas,2025-02-12 23:30:52.621157,Routine Exam,Completed
84,Ashley Miller,Robert Harris,2025-02-12 23:29:56.980358,Follow-up,Scheduled
85,Tony Warren,Robin Castro,2025-02-12 23:29:42.096354,Routine Exam,Completed
86,Meagan Thomas,Linda Gray,2025-02-12 23:31:30.616009,Follow-up,Cancelled
87,Amanda Schneider,Jessica Porter,2025-02-12 23:31:01.268386,Routine Exam,Completed
88,Molly Huff,Isaiah Malone,2025-02-12 23:30:38.730446,Routine Exam,Completed
89,Kelly Wade,Michelle Bell MD,2025-02-12 23:35:07.640059,Check-up,Cancelled
90,Robert Parker,Corey Johnson,2025-02-12 23:31:54.736140,Emergency,Cancelled
91,Denise Velez,Steven Mclaughlin,2025-02-12 23:30:55.746719,Emergency,Cancelled
92,Danielle Bell,Jacqueline Hill,2025-02-12 23:30:19.129930,Follow-up,Cancelled
93,Kimberly Matthews,David Herrera,2025-02-12 23:31:02.243832,Routine Exam,Completed
94,Riley Thompson,Bob Lopez,2025-02-12 23:32:10.307041,Routine Exam,Completed
95,Jocelyn Walsh,Roger Davidson,2025-02-12 23:34:15.660123,Consultation,Scheduled
96,Douglas Warner,Jennifer James,2025-02-12 23:29:41.639627,Follow-up,Cancelled
97,John Gutierrez,Michelle Price,2025-02-12 23:30:59.546866,Routine Exam,Scheduled
98,Mark Fuller,Keith Heath,2025-02-12 23:33:26.124745,Follow-up,Completed
99,Pamela Miller,Dr. Elizabeth Maldonado,2025-02-12 23:33:58.388913,Routine Exam,Completed
100,Jacqueline Lee,Mark Smith,2025-02-12 23:31:09.534190,Follow-up,Completed
101,Hannah Smith,Brittany Ortega,2025-02-12 23:33:06.570741,Routine Exam,Cancelled
102,Melinda Cooke,Amanda Mathis,2025-02-12 23:30:13.684630,Consultation,Completed
103,Erica Morales,Ronald Rogers,2025-02-12 23:31:34.002147,Routine Exam,Completed
104,Sean Sherman,Philip Wells,2025-02-12 23:31:09.671236,Consultation,Cancelled
105,John Valentine,Cesar Sullivan,2025-02-12 23:31:40.698554,Follow-up,Scheduled
106,Kyle Carlson,Matthew Keller,2025-02-12 23:29:53.150423,Check-up,Scheduled
107,Jason Hampton,Teresa Proctor,2025-02-12 23:30:08.281640,Emergency,Scheduled
108,Amber Lynch,Martha Rowe,2025-02-12 23:32:26.324125,Consultation,Completed
109,Susan Fox,Dwayne Dixon,2025-02-12 23:31:16.727393,Routine Exam,Completed
110,Eric Mays,Jason Mccoy,2025-02-12 23:34:01.079221,Routine Exam,Completed
111,Shari Reilly,Sydney Taylor,2025-02-12 23:32:05.221300,Consultation,Scheduled
112,David Franklin,Jacob Wong,2025-02-12 23:31:33.013824,Follow-up,Cancelled
113,Christopher Orozco,Ryan Barker,2025-02-12 23:31:48.016037,Emergency,Scheduled
114,William Castillo,Jamie West,2025-02-12 23:32:58.938184,Emergency,Completed
115,James Meyers,Tiffany Clark,2025-02-12 23:30:03.439583,Consultation,Scheduled
116,Michelle Brooks,Jeffrey Pierce,2025-02-12 23:31:23.919032,Consultation,Completed
117,Michael Stewart,Adrian Schwartz,2025-02-12 23:32:17.542722,Emergency,Cancelled
118,Corey Cook,Elizabeth Perkins,2025-02-12 23:30:49.790957,Check-up,Scheduled
119,Shawn York,Omar Cole MD,2025-02-12 23:30:45.523812,Follow-up,Completed
120,Peter Nelson,Steven Neal,2025-02-12 23:29:50.855136,Check-up,Cancelled
121,Juan Jordan,Whitney Moore,2025-02-12 23:33:28.516592,Follow-up,Completed
122,Amy Lucas,Sabrina Robinson,2025-02-12 23:32:49.465518,Routine Exam,Scheduled
123,Nicholas Little,James Brown,2025-02-12 23:33:27.942762,Follow-up,Completed
124,Austin Zamora,Heather Archer,2025-02-12 23:33:55.492100,Routine Exam,Completed
125,Daryl Jenkins,Dr. Antonio Graham,2025-02-12 23:34:07.645820,Check-up,Cancelled
126,Donald Mejia,Rodney Martin,2025-02-12 23:30:39.038650,Check-up,Completed
127,Laura Williams,Jamie Jordan,2025-02-12 23:35:10.419626,Emergency,Completed
128,Lori Calderon,Sheila Mccall,2025-02-12 23:35:27.027480,Check-up,Cancelled
129,Brian Miller,Matthew Nash,2025-02-12 23:30:13.775374,Follow-up,Scheduled
130,Julie Nicholson,Joshua Wilcox,2025-02-12 23:32:01.846414,Emergency,Cancelled
131,Victoria Walker,Richard Moore,2025-02-12 23:33:57.256356,Routine Exam,Completed
132,Donna Johnson,Joseph Mitchell,2025-02-12 23:35:17.438550,Emergency,Completed
133,Alan Nelson,Raymond Ramirez,2025-02-12 23:33:27.558115,Routine Exam,Scheduled
134,Mr. Kenneth Parker,Stephanie Hamilton,2025-02-12 23:35:30.151280,Consultation,Cancelled
135,Kenneth Thompson,Matthew Smith,2025-02-12 23:31:17.689464,Check-up,Completed
136,Joshua Soto,Darrell Caldwell,2025-02-12 23:34:14.414587,Emergency,Scheduled
137,Kristin Bautista,Shelby Rodriguez,2025-02-12 23:34:37.903916,Check-up,Scheduled
138,Mike Moore,Meghan Mccann,2025-02-12 23:33:19.554049,Check-up,Cancelled
139,Michael Richard,Nicole Richardson,2025-02-12 23:32:24.626376,Check-up,Cancelled
140,Jennifer Montoya,Autumn Wyatt,2025-02-12 23:33:53.074144,Emergency,Cancelled
141,Carlos Rodgers,Jacob Chen,2025-02-12 23:32:23.224655,Routine Exam,Scheduled
142,Chelsea Brown,Jean Ward,2025-02-12 23:30:20.054519,Check-up,Scheduled
143,Ian Sullivan,Diane Obrien,2025-02-12 23:34:19.370828,Follow-up,Cancelled
144,Carol Lopez,Shawn Li,2025-02-12 23:32:37.260823,Routine Exam,Cancelled
145,Anthony Bradley,Kristy Jenkins,2025-02-12 23:31:21.456692,Check-up,Scheduled
146,Stacey Jones,Dakota Williamson,2025-02-12 23:31:35.541166,Emergency,Scheduled
147,Kristina Ayers,Sara Schmidt,2025-02-12 23:31:31.966334,Consultation,Cancelled
148,Linda Mitchell,Daniel Chavez,2025-02-12 23:33:44.728850,Emergency,Completed
149,Melanie Gross,Elizabeth Rodriguez,2025-02-12 23:32:59.659941,Follow-up,Scheduled
150,Sheena Webb,Patricia Rodriguez,2025-02-12 23:31:01.705495,Consultation,Scheduled
151,Natalie Jones,Melinda Chapman,2025-02-12 23:35:02.839211,Emergency,Completed
152,Thomas Hooper,Joseph Frye,2025-02-12 23:33:17.647659,Emergency,Completed
153,Elizabeth Burns,Justin Smith,2025-02-12 23:35:15.698929,Check-up,Cancelled
154,Karen Garcia,Mr. David Hartman,2025-02-12 23:29:54.435701,Routine Exam,Completed
