appointment_id,patient_name,appointment_date,reason,status
1,Casey Taylor,2025-02-12 23:31:09.472969,Emergency,Cancelled
2,Jacob Scott,2025-02-12 23:30:14.530717,Consultation,Completed
3,Jessica Watts,2025-02-12 23:34:44.795707,Consultation,Cancelled
4,Robert Olson,2025-02-12 23:33:54.784343,Routine Exam,Cancelled
5,Chelsea Knight,2025-02-12 23:30:46.216990,Consultation,Completed
6,Tina Burgess,2025-02-12 23:34:30.161081,Follow-up,Cancelled
7,Pedro Hernandez,2025-02-12 23:31:19.034353,Consultation,Completed
8,Melissa Kim,2025-02-12 23:34:08.148329,Routine Exam,Scheduled
9,Melissa Hernandez,2025-02-12 23:31:23.575315,Follow-up,Scheduled
10,Jesus Hudson,2025-02-12 23:31:21.369440,Consultation,Cancelled
11,Ricardo Hale,2025-02-12 23:35:55.466172,Follow-up,Scheduled
12,Eric Dean,2025-02-12 23:34:36.765731,Routine Exam,Scheduled
13,Michael Nunez,2025-02-12 23:33:01.469238,Emergency,Cancelled
14,Tracy Green,2025-02-12 23:32:09.605530,Emergency,Completed
15,Elizabeth Dixon,2025-02-12 23:33:12.473707,Routine Exam,Cancelled
16,Danielle Ali,2025-02-12 23:34:06.566223,Routine Exam,Scheduled
17,Stephanie Jackson,2025-02-12 23:33:34.039843,Consultation,Scheduled
18,Kristen Armstrong,2025-02-12 23:35:17.606504,Follow-up,Scheduled
19,Debra Arellano,2025-02-12 23:32:34.143296,Follow-up,Cancelled
20,Joe Green,2025-02-12 23:30:05.456432,Check-up,Scheduled
21,Elizabeth Foster,2025-02-12 23:34:47.969023,Emergency,Completed
22,Aaron Friedman,2025-02-12 23:34:41.574932,Routine Exam,Completed
23,Kathleen Ortiz,2025-02-12 23:31:12.716644,Consultation,Scheduled
24,Mary Holland,2025-02-12 23:29:59.828080,Follow-up,Cancelled
25,Robert Jones,2025-02-12 23:33:01.251755,Routine Exam,Completed
26,Brandon Hodges,2025-02-12 23:32:20.165308,Check-up,Completed
27,Melissa Torres,2025-02-12 23:34:50.096573,Consultation,Cancelled
28,Brian Rhodes,2025-02-12 23:35:01.265520,Emergency,Cancelled
29,Valerie Hardy,2025-02-12 23:34:06.865083,Emergency,Cancelled
30,George Evans,2025-02-12 23:34:27.955154,Routine Exam,Completed
31,Brittany Mckinney,2025-02-12 23:33:57.176670,Follow-up,Completed
32,Michael Mendoza,2025-02-12 23:32:56.799128,Routine Exam,Completed
33,Cynthia Austin,2025-02-12 23:35:29.404522,Routine Exam,Completed
34,Alexander Burns,2025-02-12 23:33:08.549953,Routine Exam,Completed
35,Louis Berg,2025-02-12 23:33:04.528988,Check-up,Scheduled
36,Christine Smith,2025-02-12 23:35:50.386645,Check-up,Cancelled
37,David Porter,2025-02-12 23:35:30.946429,Consultation,Cancelled
38,Kevin Floyd,2025-02-12 23:31:22.440876,Follow-up,Cancelled
39,Gregory Campbell,2025-02-12 23:31:52.319656,Check-up,Cancelled
40,Amanda Powell,2025-02-12 23:34:35.491425,Check-up,Completed
41,Joshua Jones,2025-02-12 23:30:53.562387,Follow-up,Scheduled
42,Larry Floyd,2025-02-12 23:32:51.577736,Consultation,Cancelled
43,Bryan Diaz,2025-02-12 23:35:39.195231,Consultation,Completed
44,Christopher Stanley,2025-02-12 23:34:05.307864,Emergency,Cancelled
45,Nancy Johnson,2025-02-12 23:33:41.251304,Follow-up,Cancelled
46,Jason Townsend,2025-02-12 23:30:08.328206,Consultation,Scheduled
47,Linda Valencia,2025-02-12 23:31:43.124071,Follow-up,Cancelled
48,Kyle Delacruz,2025-02-12 23:33:46.813242,Check-up,Cancelled
49,James Singh,2025-02-12 23:34:51.706202,Consultation,Completed
50,Nicholas Mills,2025-02-12 23:34:24.823864,Consultation,Cancelled
51,Gary Larsen,2025-02-12 23:34:24.095980,Follow-up,Cancelled
52,Cory Hardin,2025-02-12 23:34:18.687859,Emergency,Cancelled
53,Joshua Frye,2025-02-12 23:32:35.094861,Emergency,Scheduled
54,Kathryn Solis,2025-02-12 23:31:06.199879,Check-up,Scheduled
55,Tammy Singh,2025-02-12 23:35:02.421075,Check-up,Completed
56,Wayne Barber,2025-02-12 23:32:54.916652,Follow-up,Cancelled
57,Anna Delacruz,2025-02-12 23:33:15.970053,Routine Exam,Cancelled
58,Tony Wilkinson,2025-02-12 23:33:24.090669,Check-up,Completed
59,Samuel Rogers,2025-02-12 23:31:43.057442,Check-up,Completed
60,Bradley Bell,2025-02-12 23:33:17.373361,Routine Exam,Scheduled
61,Destiny Miller,2025-02-12 23:35:55.267213,Emergency,Scheduled
62,Nicole Mccarty,2025-02-12 23:32:43.715724,Check-up,Scheduled
63,Anthony Lawson,2025-02-12 23:31:24.348568,Check-up,Completed
64,Paul Gomez,2025-02-12 23:32:24.842188,Emergency,Scheduled
65,Mr. Juan Simpson,2025-02-12 23:34:30.300382,Routine Exam,Scheduled
66,Morgan Brooks,2025-02-12 23:31:43.921145,Routine Exam,Scheduled
67,Tammy Pratt,2025-02-12 23:32:57.470088,Follow-up,Scheduled
68,Peter Bullock,2025-02-12 23:33:10.348434,Check-up,Cancelled
69,John Davis,2025-02-12 23:30:11.782020,Check-up,Scheduled
70,Crystal Edwards,2025-02-12 23:35:42.653507,Check-up,Scheduled
71,Nicholas Jones MD,2025-02-12 23:33:12.775852,Consultation,Completed
72,Caitlin Garner,2025-02-12 23:30:10.357262,Check-up,Scheduled
73,Jonathon Garcia,2025-02-12 23:30:42.976079,Consultation,Cancelled
74,Ross Parrish,2025-02-12 23:35:12.029887,Check-up,Cancelled
75,Ann Fox,2025-02-12 23:32:52.531978,Follow-up,Scheduled
76,Sara Cox,2025-02-12 23:35:12.811428,Consultation,Completed
77,John Turner,2025-02-12 23:33:17.306293,Check-up,Completed
78,Ashlee Jones,2025-02-12 23:32:38.808088,Follow-up,Completed
79,Bailey Flores,2025-02-12 23:30:25.703947,Follow-up,Completed
80,Sharon Harrison,2025-02-12 23:35:40.539183,Routine Exam,Scheduled
81,Teresa Wright,2025-02-12 23:34:49.006251,Consultation,Cancelled
82,Teresa Roberts,2025-02-12 23:33:39.018109,Check-up,Completed
83,James Chavez,2025-02-12 23:31:19.343720,Emergency,Scheduled
84,Shaun Burton,2025-02-12 23:34:03.152455,Check-up,Scheduled
85,Andrea Smith,2025-02-12 23:30:26.902422,Routine Exam,Completed
86,Amber Zimmerman,2025-02-12 23:34:47.508152,Routine Exam,Completed
87,Mary Martinez,2025-02-12 23:33:47.388011,Follow-up,Completed
88,James Pittman,2025-02-12 23:32:40.811198,Emergency,Cancelled
89,Sara Anderson,2025-02-12 23:34:06.483177,Emergency,Scheduled
90,Rose Long,2025-02-12 23:31:01.536925,Consultation,Scheduled
91,Elizabeth Shields,2025-02-12 23:31:18.604154,Follow-up,Completed
92,Lauren Garner,2025-02-12 23:31:40.115913,Consultation,Cancelled
93,Christian Simon,2025-02-12 23:31:32.406951,Routine Exam,Scheduled
94,Wesley Harrington,2025-02-12 23:34:39.480512,Consultation,Completed
95,Courtney Hopkins,2025-02-12 23:33:20.851763,Follow-up,Completed
96,William Sanchez,2025-02-12 23:30:50.676995,Consultation,Scheduled
97,Zachary Terrell,2025-02-12 23:35:28.955642,Routine Exam,Cancelled
98,Emily Heath,2025-02-12 23:30:25.514303,Routine Exam,Completed
99,Jeffrey Fox,2025-02-12 23:35:50.836115,Routine Exam,Cancelled
100,Terry Barnes,2025-02-12 23:34:44.033881,Routine Exam,Completed
101,George Stone,2025-02-12 23:35:06.419001,Routine Exam,Cancelled
102,Raymond Rivera,2025-02-12 23:32:11.727881,Routine Exam,Scheduled
103,Allen Savage,2025-02-12 23:33:26.900162,Check-up,Scheduled
104,Amy Hodges,2025-02-12 23:34:59.269403,Routine Exam,Cancelled
105,John Dougherty DDS,2025-02-12 23:30:54.501772,Routine Exam,Completed
106,Elizabeth Kane,2025-02-12 23:32:48.604184,Check-up,Cancelled
107,Suzanne Thomas,2025-02-12 23:35:15.478576,Emergency,Cancelled
108,Emily Hill,2025-02-12 23:31:21.090226,Emergency,Cancelled
109,Heather Holmes,2025-02-12 23:32:22.331751,Follow-up,Cancelled
110,Elizabeth Adams,2025-02-12 23:32:07.459956,Check-up,Cancelled
111,Ashley Turner,2025-02-12 23:34:54.840897,Consultation,Cancelled
112,Lauren Holland,2025-02-12 23:31:39.762152,Check-up,Cancelled
113,Samantha Williams,2025-02-12 23:31:18.132867,Routine Exam,Completed
114,Lisa Daniels,2025-02-12 23:30:15.755359,Follow-up,Completed
115,Robert Roberts,2025-02-12 23:35:19.226583,Follow-up,Completed
116,Carrie Mcbride,2025-02-12 23:30:23.486456,Follow-up,Completed
117,Michael Velasquez,2025-02-12 23:35:56.272295,Follow-up,Completed
118,Thomas Moore,2025-02-12 23:33:27.807282,Check-up,Scheduled
119,Angela Bryan,2025-02-12 23:31:53.900882,Routine Exam,Completed
120,Barbara Pierce,2025-02-12 23:31:59.826747,Consultation,Cancelled
121,Tammy Campbell,2025-02-12 23:31:33.292048,Follow-up,Completed
122,Jessica Arnold,2025-02-12 23:32:48.577747,Follow-up,Scheduled
123,Angela Mercado,2025-02-12 23:30:20.581410,Follow-up,Cancelled
124,William Morales,2025-02-12 23:31:44.488913,Check-up,Scheduled
125,Amanda Murillo,2025-02-12 23:34:02.583923,Consultation,Scheduled
126,Desiree Phillips,2025-02-12 23:32:10.103560,Follow-up,Scheduled
127,Jonathan Cruz,2025-02-12 23:34:22.938377,Routine Exam,Scheduled
128,Jesus Holloway,2025-02-12 23:34:54.410830,Follow-up,Scheduled
129,Michael Burns,2025-02-12 23:32:56.824359,Routine Exam,Scheduled
130,Sean Roth,2025-02-12 23:35:45.914453,Consultation,Completed
131,Darlene Powell,2025-02-12 23:32:30.516340,Emergency,Completed
132,Sean Stewart,2025-02-12 23:32:44.117910,Consultation,Completed
133,Nathan Young,2025-02-12 23:35:28.929557,Routine Exam,Cancelled
134,Julia Barron,2025-02-12 23:33:05.709396,Follow-up,Cancelled
