appointment_id,patient_name,doctor_name,appointment_date,reason,status
1,Michelle Olson,Raymond Murphy,2025-02-12 23:31:31.944866,Emergency,Cancelled
2,John Riley,Alicia Smith,2025-02-12 23:30:18.905622,Emergency,Completed
3,Barbara Browning,Kayla Cannon MD,2025-02-12 23:32:27.871142,Emergency,Scheduled
4,Andrea Chung MD,Manuel Thompson,2025-02-12 23:31:13.954579,Follow-up,Completed
5,Angela Hughes,Joe Mckay,2025-02-12 23:35:06.750533,Follow-up,Cancelled
6,Heather Vasquez,Benjamin Perkins,2025-02-12 23:32:58.361944,Routine Exam,Completed
7,Donna Deleon,Tammie Hughes,2025-02-12 23:30:54.524244,Emergency,Completed
8,Jordan Frye,Danielle Underwood,2025-02-12 23:32:19.492872,Emergency,Cancelled
9,Amy Johnson,Shawn Bowers,2025-02-12 23:31:48.089572,Follow-up,Scheduled
10,William Rhodes,Wesley Young,2025-02-12 23:31:27.610832,Emergency,Scheduled
11,Allen Knight,Sarah Lee,2025-02-12 23:32:09.489523,Consultation,Completed
12,Michael Crane,Barbara Hayes,2025-02-12 23:32:00.273233,Follow-up,Scheduled
13,Jose Brewer,Elijah Buchanan,2025-02-12 23:35:06.648416,Consultation,Cancelled
14,Andrew Day,Matthew Barnes,2025-02-12 23:35:09.593309,Routine Exam,Cancelled
15,Michael Bowman,James Lyons,2025-02-12 23:34:44.107055,Routine Exam,Completed
16,Mrs. Jessica Lane,Christopher Hernandez,2025-02-12 23:31:59.642690,Follow-up,Scheduled
17,Lori Taylor,Christina Perry,2025-02-12 23:35:32.225498,Check-up,Completed
18,Tyler Martin,Mary Lowery,2025-02-12 23:32:47.372597,Follow-up,Scheduled
19,Glenn Wu,Victoria Hanson,2025-02-12 23:34:00.236061,Routine Exam,Scheduled
20,Paul Briggs,Amber Jones,2025-02-12 23:34:44.758925,Consultation,Scheduled
21,Emily Chapman,Ruben Adkins,2025-02-12 23:33:42.819841,Follow-up,Completed
22,Jason Williams,Yolanda Benton,2025-02-12 23:35:01.868466,Consultation,Completed
23,Mike Mcmillan,Robert Morales,2025-02-12 23:31:47.280118,Routine Exam,Scheduled
24,Mr. Mark Craig,Melissa Mitchell,2025-02-12 23:29:58.406810,Consultation,Scheduled
25,Joseph Thompson,Mary Ward,2025-02-12 23:35:16.734370,Emergency,Scheduled
26,Michael Rivera III,Roberto Woodward,2025-02-12 23:33:05.815677,Check-up,Cancelled
27,Rick Page,Lisa Singh,2025-02-12 23:34:48.362916,Emergency,Cancelled
28,Nichole Hamilton,Catherine Mays,2025-02-12 23:35:09.673702,Check-up,Scheduled
29,Melanie Mack,Kelli Perez,2025-02-12 23:31:00.710012,Follow-up,Scheduled
30,Elizabeth Petersen,Brendan Murphy,2025-02-12 23:30:53.886893,Consultation,Completed
31,Dana Neal,Mrs. Lori Turner,2025-02-12 23:29:42.624999,Check-up,Completed
32,Brandon Jensen,Christina Gould,2025-02-12 23:30:05.919327,Consultation,Cancelled
33,Lacey Haynes,Ruth Wong,2025-02-12 23:35:11.574589,Routine Exam,Completed
34,John Mcintyre,Victoria Thomas,2025-02-12 23:30:58.522429,Follow-up,Completed
35,Molly Galloway,Tanner Wilson,2025-02-12 23:32:48.056796,Routine Exam,Cancelled
36,Robert Conrad,Christopher Orr,2025-02-12 23:32:14.834347,Routine Exam,Completed
37,Stephanie Blackburn,Todd Calderon,2025-02-12 23:34:29.045889,Check-up,Completed
38,Michelle Woods,Christina Espinoza,2025-02-12 23:34:10.588973,Emergency,Completed
39,Anna Horn,Lisa Campbell,2025-02-12 23:34:27.203841,Emergency,Scheduled
40,Carol Morrison,Heather Jones,2025-02-12 23:29:57.475594,Check-up,Cancelled
41,Mr. Robert Goodwin MD,Jessica Harris,2025-02-12 23:32:11.953354,Follow-up,Cancelled
42,Gregory Howell,Stephanie Rodriguez,2025-02-12 23:33:12.324917,Check-up,Scheduled
43,Robert Hernandez,Amanda Mcbride,2025-02-12 23:31:25.249378,Consultation,Cancelled
44,Sara Hernandez,Anthony Robbins,2025-02-12 23:33:23.512074,Follow-up,Scheduled
45,Sandra Lopez,Paul Gonzales,2025-02-12 23:30:55.770609,Consultation,Cancelled
46,Johnny Watson,Karen Mack,2025-02-12 23:31:00.275615,Consultation,Cancelled
47,Michelle Mack,Brett Christian,2025-02-12 23:30:50.888809,Check-up,Cancelled
48,Melissa Jackson,Mandy Brown,2025-02-12 23:29:49.327920,Follow-up,Completed
49,Mary Dominguez,Brianna Castillo,2025-02-12 23:32:41.906406,Follow-up,Scheduled
50,Michael Hernandez,Jessica Watson,2025-02-12 23:35:00.609783,Emergency,Cancelled
51,Thomas Brooks DDS,Joshua Smith,2025-02-12 23:30:34.063620,Emergency,Completed
52,Robert Cole,Amanda Heath,2025-02-12 23:30:21.710972,Check-up,Cancelled
53,Nicholas Anderson,Matthew Walker,2025-02-12 23:33:56.086701,Consultation,Completed
54,Jennifer Martinez,Alexis Jones,2025-02-12 23:31:51.092891,Check-up,Completed
55,Roger Roach,Joel Murray,2025-02-12 23:32:32.208131,Follow-up,Completed
56,Mr. William Caldwell PhD,Eric Fletcher,2025-02-12 23:31:30.477386,Emergency,Completed
57,Virginia Bryant,Vincent Herman,2025-02-12 23:30:54.442285,Emergency,Completed
58,Kelly Peterson,Christopher Smith,2025-02-12 23:35:28.436493,Check-up,Completed
59,Jeffrey Hancock,Amanda Williams,2025-02-12 23:34:23.585989,Consultation,Scheduled
60,Stephanie Wang,David Becker,2025-02-12 23:30:45.868906,Follow-up,Completed
61,Rhonda Sandoval,John Lawrence,2025-02-12 23:31:31.946691,Consultation,Cancelled
62,Taylor Martinez,Erin Collins,2025-02-12 23:33:22.734671,Consultation,Cancelled
63,Bryan Woods,Andrew Miranda,2025-02-12 23:34:13.573281,Emergency,Cancelled
64,Mary Washington,April Green,2025-02-12 23:32:07.808192,Emergency,Cancelled
65,Christopher Stephenson,Javier Miller,2025-02-12 23:35:38.494502,Follow-up,Scheduled
66,Robert Campbell,Peter Reyes,2025-02-12 23:32:44.565240,Emergency,Completed
67,Mark Thomas,Gregory Robinson,2025-02-12 23:31:01.105462,Routine Exam,Scheduled
68,Charles Johnson,Dawn Johnson,2025-02-12 23:32:58.829593,Consultation,Scheduled
69,Mia Hobbs,Tamara King,2025-02-12 23:34:03.235089,Routine Exam,Completed
70,Raymond Jackson,Tami Delacruz,2025-02-12 23:34:36.714444,Consultation,Cancelled
71,Chase Nelson,Danielle Robinson,2025-02-12 23:32:53.168476,Check-up,Cancelled
72,Joshua Mueller,Patricia Gonzalez,2025-02-12 23:33:33.237102,Emergency,Cancelled
73,Amanda Allen,Johnny Lewis,2025-02-12 23:35:02.507612,Routine Exam,Scheduled
74,David Mercer,Jared Taylor,2025-02-12 23:31:06.976285,Check-up,Scheduled
75,Joshua Dawson,Thomas Floyd,2025-02-12 23:30:14.957981,Routine Exam,Completed
76,Ernest Foster,Brittany Cherry,2025-02-12 23:31:21.519858,Check-up,Completed
77,Brian Ramirez,Andrew Clay,2025-02-12 23:31:42.944976,Emergency,Cancelled
78,Karen Mendez,Melissa Nash,2025-02-12 23:32:30.083238,Consultation,Scheduled
79,Dennis Manning,Janice Sullivan,2025-02-12 23:34:58.165304,Check-up,Completed
80,Carol Richardson,Kaitlyn Cruz,2025-02-12 23:35:08.615880,Emergency,Cancelled
81,Cassandra Green,Preston Richards,2025-02-12 23:35:03.737948,Consultation,Completed
82,Kimberly Robbins,Nicholas Colon,2025-02-12 23:34:01.209314,Follow-up,Completed
83,Samantha Morris,Sandra Fernandez,2025-02-12 23:30:10.352004,Consultation,Scheduled
84,Samantha Jones DVM,Bradley Fry,2025-02-12 23:31:06.068907,Follow-up,Cancelled
85,Jorge Thomas,Arthur Olsen,2025-02-12 23:35:15.826256,Routine Exam,Scheduled
86,Darius Rivas,Craig Bernard,2025-02-12 23:34:54.087212,Consultation,Scheduled
87,Nancy Hayes,Todd Hernandez,2025-02-12 23:34:34.996085,Emergency,Completed
88,Jeffrey Trujillo,Steven Spence,2025-02-12 23:31:11.087235,Follow-up,Cancelled
89,Heather Guerra,Rebecca Padilla,2025-02-12 23:32:14.612632,Emergency,Completed
90,Melissa Reilly,Wendy Pennington,2025-02-12 23:30:43.473774,Emergency,Scheduled
91,Maurice Anderson,Ronald Rodgers,2025-02-12 23:30:50.137401,Emergency,Cancelled
92,Carol Alvarez,Sherry Gillespie,2025-02-12 23:34:01.190755,Consultation,Scheduled
93,Katherine Orozco,Carolyn Johnson,2025-02-12 23:35:25.961968,Follow-up,Cancelled
94,Kayla Jimenez,Stephanie Vasquez,2025-02-12 23:31:32.141735,Emergency,Cancelled
95,Jason Hernandez,Bill Stanley,2025-02-12 23:34:43.236989,Follow-up,Scheduled
96,Francis Adams,Amber Kirby,2025-02-12 23:33:02.482063,Follow-up,Scheduled
97,Sarah Brown,John Watkins,2025-02-12 23:31:53.799367,Emergency,Cancelled
98,Jeffrey Pope,Charles Rogers,2025-02-12 23:32:56.638421,Routine Exam,Cancelled
99,Amanda Moses,Miguel Obrien,2025-02-12 23:30:43.637986,Routine Exam,Cancelled
100,Jeffrey Jones,Olivia Green,2025-02-12 23:32:59.109270,Emergency,Scheduled
101,Christian Morris,Dustin Thornton,2025-02-12 23:35:32.034417,Consultation,Completed
102,Michelle Monroe,Kelly Freeman,2025-02-12 23:31:46.011012,Check-up,Scheduled
103,Vanessa Parker,John Moore,2025-02-12 23:32:17.125201,Consultation,Completed
104,Katherine King,Charles Sanchez,2025-02-12 23:34:47.272989,Follow-up,Cancelled
105,Kevin Kennedy,Benjamin Ramos,2025-02-12 23:33:04.433389,Follow-up,Cancelled
106,Paige Morris,Samantha Hernandez,2025-02-12 23:33:07.859087,Check-up,Completed
107,Derek Young,Nichole Cochran,2025-02-12 23:31:13.862084,Follow-up,Completed
108,Rodney Downs,Russell Stephens,2025-02-12 23:30:07.096618,Check-up,Completed
109,Tina Hickman,Mariah Hernandez,2025-02-12 23:34:18.737366,Emergency,Scheduled
110,Randy Fry,Vincent Young,2025-02-12 23:30:11.919768,Consultation,Scheduled
111,Denise Jones,Jerry Lara,2025-02-12 23:32:53.805583,Emergency,Completed
112,Lisa Bell,Dylan Graves,2025-02-12 23:30:02.652483,Consultation,Cancelled
113,Anthony Casey,Jacob Wright,2025-02-12 23:29:55.049774,Follow-up,Completed
114,John Gibson,Tiffany Nelson,2025-02-12 23:34:29.228370,Routine Exam,Cancelled
115,Stephanie Bentley,Dominic Parker,2025-02-12 23:35:26.169516,Consultation,Cancelled
116,Brandon Brown,Jacob Smith,2025-02-12 23:31:40.485008,Consultation,Cancelled
117,Wesley Edwards,John Young,2025-02-12 23:31:25.124417,Consultation,Completed
118,Daniel Lopez,Jim Payne,2025-02-12 23:30:46.851141,Follow-up,Cancelled
119,Ryan Wang,Howard Boyd,2025-02-12 23:33:22.348776,Emergency,Completed
120,Shelby Chen,Shannon Scott,2025-02-12 23:33:14.268188,Routine Exam,Completed
121,Sean Ingram,Shane Rios,2025-02-12 23:33:31.789897,Consultation,Completed
122,Brian Brown,Christopher West,2025-02-12 23:31:31.887356,Follow-up,Scheduled
123,Michael Rice,Cheyenne Peters,2025-02-12 23:32:53.048398,Consultation,Completed
124,Katherine Martinez,Andrew Perez,2025-02-12 23:34:01.224537,Consultation,Completed
125,Anthony Davis,Raymond Jennings,2025-02-12 23:29:54.834400,Emergency,Cancelled
126,Travis Tanner,Joseph Brown,2025-02-12 23:31:03.189050,Consultation,Scheduled
127,Joseph Garcia,Jesse Moore,2025-02-12 23:32:03.362211,Emergency,Completed
128,Shelly Kim,Cynthia Porter DVM,2025-02-12 23:35:15.010364,Check-up,Scheduled
129,Nicholas Palmer,Miranda Davis,2025-02-12 23:35:24.849057,Check-up,Cancelled
130,Yolanda Morse,Jordan Harrington,2025-02-12 23:35:09.232841,Check-up,Completed
131,Tyler Cantu,Carrie Kemp,2025-02-12 23:33:08.293330,Consultation,Scheduled
132,Aaron Sanders,Kevin Li,2025-02-12 23:34:18.503179,Consultation,Completed
133,Bonnie Perez,Kathy Green,2025-02-12 23:33:48.815938,Check-up,Scheduled
134,Rebecca Sanchez,Justin Morrison,2025-02-12 23:35:35.685879,Emergency,Scheduled
135,Laura Torres,Jesse Garcia,2025-02-12 23:31:15.315538,Consultation,Cancelled
136,Rebecca Douglas,Dawn Nelson,2025-02-12 23:34:01.679370,Check-up,Scheduled
137,Alicia Wilson,Lisa White,2025-02-12 23:34:51.025155,Routine Exam,Cancelled
138,Christopher Thomas,Jeffrey Guerrero,2025-02-12 23:32:57.227827,Follow-up,Scheduled
