Appointment Id,patient_name,doctor_name,appointment_date,status
1,Mrs. Haley Roberts DVM,Linda Jones,2025-02-12 23:29:40.300924,Completed
2,Crystal Christensen,Donald Suarez,2025-02-12 23:33:51.136695,Cancelled
3,Annette Klein,Daniel Harper,2025-02-12 23:30:14.416000,Completed
4,Jason Walker,Christopher Brown,2025-02-12 23:30:53.912961,Scheduled
5,Phillip Carroll,James Smith,2025-02-12 23:34:19.490307,Scheduled
6,Benjamin Navarro,Joe Mckee,2025-02-12 23:30:56.855186,Scheduled
7,David Beard MD,Valerie Davis,2025-02-12 23:31:05.227609,Scheduled
8,Jessica Medina,Jeffrey Curry,2025-02-12 23:33:34.288625,Scheduled
9,Joshua Butler,Catherine Copeland,2025-02-12 23:28:57.669091,Completed
10,Victoria Todd,David Long,2025-02-12 23:28:39.836362,Completed
11,Cody Clarke,Brianna Sweeney,2025-02-12 23:28:47.623593,Completed
12,Pedro Wright,Kim Jacobson,2025-02-12 23:30:04.085306,Cancelled
13,Edward Rogers,Marissa Bauer,2025-02-12 23:29:16.433072,Cancelled
14,Melinda Riley,Amber Hamilton,2025-02-12 23:34:25.425076,Completed
15,Caleb Torres,Nancy Thomas,2025-02-12 23:31:18.468040,Completed
16,Lisa Sutton,Taylor Lee,2025-02-12 23:32:35.297865,Completed
17,Kathryn Williams,Christian Stewart,2025-02-12 23:31:37.364689,Cancelled
18,Darrell Mora,Elizabeth Newton,2025-02-12 23:33:08.250695,Completed
19,Eric Ellis,Victor Grant,2025-02-12 23:31:07.524751,Scheduled
20,Mary Moreno,David Johnson,2025-02-12 23:31:53.880215,Scheduled
21,David Zamora,Jennifer Mcgee,2025-02-12 23:29:35.324835,Scheduled
22,Amy Hansen,Mrs. Heather Solis,2025-02-12 23:30:13.221403,Cancelled
23,Mr. Philip Ferguson,Jason Blackwell,2025-02-12 23:31:08.057850,Completed
24,Elizabeth Shaw,Nicholas Donaldson,2025-02-12 23:30:51.005652,Completed
25,Derek Thompson,Michael Hess,2025-02-12 23:29:30.636741,Cancelled
26,Kimberly Martin,Alicia Mccall,2025-02-12 23:32:00.476716,Completed
27,Maria Singleton,Jason Chang,2025-02-12 23:29:17.841956,Scheduled
28,Crystal Burns,Victoria May,2025-02-12 23:30:28.896122,Completed
29,Ashley Fletcher,Megan Larson,2025-02-12 23:32:57.187772,Scheduled
30,Jason Fischer,Carla Thomas,2025-02-12 23:32:15.754548,Cancelled
31,Kevin King,Amanda Bowman,2025-02-12 23:34:00.736089,Cancelled
32,Seth Mason,Mary Ortiz,2025-02-12 23:32:06.529831,Completed
33,Jared Smith,Elizabeth Haynes,2025-02-12 23:31:52.367823,Scheduled
34,Kathy Moore,Brian Burton,2025-02-12 23:31:36.317354,Cancelled
35,Thomas Barrett,William Barnes,2025-02-12 23:34:17.064332,Cancelled
36,Melanie Watson,Richard Taylor,2025-02-12 23:30:26.864333,Cancelled
37,Scott Bolton,Taylor Watson,2025-02-12 23:31:25.858435,Cancelled
38,Veronica Warren,Susan Harrington,2025-02-12 23:32:25.007971,Cancelled
39,Priscilla Donovan,Annette Page,2025-02-12 23:29:11.067152,Cancelled
40,Nicholas Pierce,Ronald Smith,2025-02-12 23:30:45.537987,Scheduled
41,Heather Davis,Tonya Green,2025-02-12 23:33:37.598393,Scheduled
42,Samantha Daniels,Michael Serrano,2025-02-12 23:28:35.965346,Scheduled
43,Christopher Miller,Brett York,2025-02-12 23:29:13.858204,Scheduled
44,Kelsey Luna,Isaac Matthews,2025-02-12 23:33:52.672751,Cancelled
45,Evan Bennett,Anthony Caldwell,2025-02-12 23:30:55.532430,Cancelled
46,James Sweeney,Amber Gray,2025-02-12 23:33:27.501579,Completed
47,Kyle Golden,Randy Roberts,2025-02-12 23:31:08.766688,Scheduled
48,Dr. Bethany Davis MD,Bonnie Jennings,2025-02-12 23:29:05.584568,Completed
49,Julie Morgan,Emily Curtis,2025-02-12 23:30:17.549824,Scheduled
50,Christopher Burns,Dana Willis,2025-02-12 23:28:56.992262,Cancelled
51,Robert Perez,April Williams,2025-02-12 23:31:12.460154,Cancelled
52,Matthew Lopez,Julie Robinson,2025-02-12 23:32:10.798623,Scheduled
53,Mikayla Williamson,Clifford Lara,2025-02-12 23:29:13.211825,Cancelled
54,David Mclaughlin,Amanda Cervantes,2025-02-12 23:32:04.986810,Cancelled
55,Mitchell Kim,Morgan Gonzalez,2025-02-12 23:34:10.301427,Completed
56,Elizabeth Hutchinson,Juan Castaneda,2025-02-12 23:29:52.546314,Scheduled
57,Tiffany Bowen,Michaela Gonzales,2025-02-12 23:28:40.497670,Scheduled
58,Ivan Jackson,Michael Johnson,2025-02-12 23:30:23.465968,Cancelled
59,Andrew Ramirez,Colleen Hopkins,2025-02-12 23:32:30.615710,Cancelled
60,Sarah Tyler,Michael Ferguson,2025-02-12 23:31:56.312499,Scheduled
61,Jordan Avila,Justin Morris,2025-02-12 23:31:15.571571,Cancelled
62,Rebekah Huff,Katie Wood,2025-02-12 23:29:48.458389,Completed
63,Joseph Vincent,Miss Dana Hall DDS,2025-02-12 23:34:28.574527,Completed
64,Joseph Reese,Tiffany Mccoy,2025-02-12 23:30:49.187032,Scheduled
65,Tony Rios,Ashley Chavez,2025-02-12 23:34:34.479119,Completed
66,Ruben Flores,Zoe Oliver,2025-02-12 23:30:48.061144,Cancelled
67,Julie Lewis,John Jordan,2025-02-12 23:31:11.175083,Cancelled
68,Karen Miller,Clifford Johnson,2025-02-12 23:29:51.246274,Scheduled
69,Brandon Romero,Michelle Martin,2025-02-12 23:33:18.069306,Scheduled
70,Christopher Williams,Deborah Fisher,2025-02-12 23:31:24.864928,Completed
71,Mary Johnson,Latasha Nunez,2025-02-12 23:31:19.917245,Scheduled
72,Bryan Smith,Veronica Graham,2025-02-12 23:31:51.758408,Scheduled
73,Darrell Morgan,Danielle Davis,2025-02-12 23:30:14.088134,Scheduled
74,Sarah Byrd,Dawn Holmes,2025-02-12 23:33:32.758436,Cancelled
75,Eileen Taylor,Chad Jenkins,2025-02-12 23:31:17.932739,Cancelled
76,Karen George,Heather Tran,2025-02-12 23:33:31.493092,Cancelled
77,Christopher Marks,Jeremy Gibson,2025-02-12 23:32:58.369175,Cancelled
78,Frederick Bell,David Miller,2025-02-12 23:31:33.032461,Completed
79,Kelly Mack,Ricky Watson,2025-02-12 23:30:33.511630,Cancelled
80,Christine Washington,Felicia Smith,2025-02-12 23:33:50.312362,Completed
81,Carol Stewart,Robert Farmer,2025-02-12 23:31:16.739613,Cancelled
82,Timothy Miller,Wendy Moore,2025-02-12 23:28:39.613000,Completed
83,Mary Wolfe,Rachel Robinson,2025-02-12 23:29:52.748683,Cancelled
84,Tara Davis,Melissa Thomas,2025-02-12 23:33:30.458091,Completed
85,Mary Hodges,Trevor Gutierrez,2025-02-12 23:29:23.988512,Scheduled
86,Gregory Chen,Justin Cross,2025-02-12 23:32:40.758076,Scheduled
87,Laura Hebert,Amanda Estrada,2025-02-12 23:31:12.813801,Completed
88,Erik Benson,Cristina Walters,2025-02-12 23:29:48.746235,Completed
89,Katrina Miranda,Rodney Anderson,2025-02-12 23:34:15.725300,Cancelled
90,Sarah Harmon,Travis Barajas,2025-02-12 23:34:05.283498,Cancelled
91,Seth Mora,Krystal May,2025-02-12 23:32:55.703536,Cancelled
92,Miguel Klein,Brandi Lopez,2025-02-12 23:30:34.838266,Cancelled
93,Paul Cook,Carla Daugherty,2025-02-12 23:29:25.892606,Cancelled
94,Nathan Harrington,Corey Cordova,2025-02-12 23:30:23.650059,Completed
95,James Pope,Donald Hopkins,2025-02-12 23:32:20.815621,Scheduled
96,Steven Peterson,Kyle Ali,2025-02-12 23:33:34.084627,Completed
97,Nicole Eaton,Joseph Little,2025-02-12 23:30:13.953190,Completed
98,Dustin Martin,David Miller,2025-02-12 23:34:34.285125,Completed
99,Douglas Clark,Robert Fields,2025-02-12 23:28:38.717099,Cancelled
100,David Schultz,Samantha Owens,2025-02-12 23:31:43.118423,Completed
101,Daniel Williams,Brittany Reynolds,2025-02-12 23:34:09.617078,Scheduled
102,Claudia Mathews,Jessica Buckley,2025-02-12 23:33:09.609187,Cancelled
103,Curtis Griffith,Stephanie Wilson,2025-02-12 23:33:19.509164,Completed
104,Justin Contreras,Mary Franco,2025-02-12 23:32:02.697691,Scheduled
105,William Miller MD,Andrew Smith,2025-02-12 23:34:00.334264,Scheduled
106,Johnathan Ponce,Brooke Herman,2025-02-12 23:31:46.963289,Cancelled
107,Brian Moss,Charles Mendoza,2025-02-12 23:30:02.528453,Cancelled
108,Jennifer Knight,Ashlee Anderson,2025-02-12 23:32:48.851222,Cancelled
109,Jonathan Mccoy,Danielle Fields,2025-02-12 23:30:53.091825,Completed
110,Jodi Taylor,Lisa Maxwell,2025-02-12 23:29:03.629485,Completed
111,Jeffrey Lynch,Jennifer Jones,2025-02-12 23:33:40.245972,Completed
112,Amy Murphy,Olivia Shaw MD,2025-02-12 23:29:41.026212,Scheduled
113,Kaitlyn Espinoza,Cynthia Watts,2025-02-12 23:34:08.019817,Cancelled
114,Michael Cisneros,Michael Douglas,2025-02-12 23:29:44.063627,Scheduled
115,Joseph Stanley,Deborah Smith,2025-02-12 23:31:33.645995,Completed
116,Randy Martin,Tracy Smith,2025-02-12 23:29:01.108792,Cancelled
117,Jennifer Dean,Molly Green,2025-02-12 23:32:55.099343,Cancelled
118,William Patterson,Paige Liu,2025-02-12 23:29:19.918573,Completed
119,Carlos Terry,Brett Baxter,2025-02-12 23:33:04.673164,Cancelled
120,Jennifer Davis,Teresa Ford,2025-02-12 23:29:53.468296,Completed
121,Mrs. Jessica Smith,Latoya Collins,2025-02-12 23:33:23.670238,Cancelled
122,Jenny Walters DDS,Jeremiah Ingram,2025-02-12 23:30:32.977622,Completed
123,Aaron Brown MD,Kelly Smith,2025-02-12 23:30:35.823978,Scheduled
124,Christopher Bell,Kevin Shepherd,2025-02-12 23:28:54.583298,Cancelled
125,Jennifer Jones,Nicole Dyer,2025-02-12 23:28:57.008075,Completed
126,William Miller,Samantha Smith,2025-02-12 23:30:26.751398,Cancelled
127,Adrienne Williams,Brian Duran,2025-02-12 23:28:37.680151,Completed
128,Jessica Farmer,William Green,2025-02-12 23:32:33.415853,Scheduled
129,Gary Reese,Rhonda Greer,2025-02-12 23:31:12.444743,Cancelled
130,Jonathan Bowen,Connie Hughes,2025-02-12 23:30:44.338917,Completed
131,Stephanie Hooper,Nicholas Mathis,2025-02-12 23:29:59.057279,Completed
132,Anne Anderson,Jacob Carter,2025-02-12 23:31:12.945655,Cancelled
133,Jordan Phillips,Sophia Gonzales,2025-02-12 23:33:19.225675,Cancelled
134,Michelle Brown,William Cline,2025-02-12 23:29:09.676905,Scheduled
135,Jonathan Evans,Holly Glass,2025-02-12 23:30:03.256362,Completed
136,Diane Cervantes,James Lopez,2025-02-12 23:30:38.101593,Cancelled
137,Sarah Roberson,Brooke Smith,2025-02-12 23:34:17.653512,Scheduled
138,Joshua Carter,Sarah Berry,2025-02-12 23:32:31.247178,Completed
139,Charles Jones,Cynthia Campbell,2025-02-12 23:33:38.601239,Cancelled
140,Christopher Hanson,Anita Schultz,2025-02-12 23:30:31.342363,Scheduled
141,Jeremiah Brown,Katrina Reese,2025-02-12 23:29:59.141561,Scheduled
142,Christine Burns,Tyler Peterson,2025-02-12 23:33:04.156757,Scheduled
143,David Freeman,Michelle Garrison,2025-02-12 23:33:27.546774,Scheduled
144,Brian Small,Thomas Johnson,2025-02-12 23:30:16.374049,Scheduled
145,Johnny Howe,Mr. Craig Holmes,2025-02-12 23:31:56.298713,Completed
146,Julie Fowler MD,William Smith,2025-02-12 23:31:46.756881,Cancelled
147,Kelly Evans,Theresa Vaughan,2025-02-12 23:29:14.351078,Cancelled
148,Victoria Peterson,Lori Caldwell,2025-02-12 23:29:11.518163,Cancelled
149,Kevin Anderson,Andrea Pitts,2025-02-12 23:31:33.499922,Scheduled
150,Nathaniel Figueroa,Levi Duran,2025-02-12 23:31:49.547892,Scheduled
151,Kaylee House,Linda Johnson,2025-02-12 23:31:13.939277,Scheduled
152,Stephanie Williams,William Phelps,2025-02-12 23:31:24.794294,Completed
153,Timothy Chase,Alex Moore,2025-02-12 23:34:04.405782,Completed
154,Gregory Patton,Dr. Brian Baker,2025-02-12 23:29:48.044660,Scheduled
155,Leslie Johnson,Lisa Gomez,2025-02-12 23:30:26.415962,Completed
156,Linda Tate,Eric Herrera,2025-02-12 23:32:07.991297,Scheduled
157,Briana Cardenas,Joseph Greene,2025-02-12 23:33:03.540351,Cancelled
158,Jeffery Rodriguez,Michael Galvan,2025-02-12 23:32:08.537898,Scheduled
159,Pamela Gamble,Stanley Bender,2025-02-12 23:31:36.787336,Cancelled
