appointment_date,patient_name,doctor_name,status,appointment_id,reason
2025-02-12 23:33:15.691311,Andrew Rodriguez,Matthew Johnson,Scheduled,1,Emergency
2025-02-12 23:31:53.898368,Connor Jordan,Kathryn Long,Completed,2,Check-up
2025-02-12 23:30:49.966953,Zoe Jones,Katie Collins,Cancelled,3,Check-up
2025-02-12 23:32:35.375741,Taylor Gray,Andrea Morgan,Completed,4,Check-up
2025-02-12 23:31:27.347363,Martha Turner,Kayla Manning,Cancelled,5,Emergency
2025-02-12 23:30:36.354817,Sarah Johnson,Victor Moss,Completed,6,Check-up
2025-02-12 23:35:37.458150,Cody Ramirez,Kenneth Singh,Completed,7,Follow-up
2025-02-12 23:31:04.141437,Marissa Brown,Peter Gillespie,Scheduled,8,Emergency
2025-02-12 23:33:57.970408,Jason Anderson,Rebecca Fry,Scheduled,9,Routine Exam
2025-02-12 23:31:04.288784,Heather Sullivan,Bridget Garcia,Scheduled,10,Emergency
2025-02-12 23:31:03.109109,Jenna Garcia,Bobby Mccoy,Cancelled,11,Emergency
2025-02-12 23:30:35.480841,Erika Wood,Jessica Harris,Completed,12,Check-up
2025-02-12 23:35:33.160136,Elizabeth Walker,Bobby Gray,Completed,13,Check-up
2025-02-12 23:34:21.815176,Misty Green,Ricky Howard,Cancelled,14,Emergency
2025-02-12 23:33:39.222975,Kyle Walters,Andrea Fletcher,Scheduled,15,Emergency
2025-02-12 23:31:20.819041,John Lucas,Laura Saunders,Completed,16,Routine Exam
2025-02-12 23:34:50.018721,Matthew Owens,Albert Dodson,Cancelled,17,Emergency
2025-02-12 23:35:03.225489,Anthony Lutz,Nicole Miller,Completed,18,Check-up
2025-02-12 23:34:43.982570,Andre Rivera,Tristan Miranda,Completed,19,Check-up
2025-02-12 23:35:30.446594,Christine Wise MD,Rachel Martin,Cancelled,20,Emergency
2025-02-12 23:32:01.934331,Todd Chen,Kristi Walker,Cancelled,21,Check-up
2025-02-12 23:35:02.140671,Spencer Reed,Mark Massey,Scheduled,22,Emergency
2025-02-12 23:32:45.960445,Rachel Rhodes,Travis Ramos,Cancelled,23,Emergency
2025-02-12 23:33:09.683824,Tina Villanueva,Amanda Martinez,Scheduled,24,Check-up
2025-02-12 23:35:10.488746,Robin Alvarado,Allison Chen DVM,Scheduled,25,Consultation
2025-02-12 23:30:27.506560,Taylor Nelson,Luke Weber,Scheduled,26,Routine Exam
2025-02-12 23:35:12.551749,Martin Simpson,Sandra Underwood,Scheduled,27,Routine Exam
2025-02-12 23:34:15.886275,Jennifer Nixon,Richard Hill,Cancelled,28,Routine Exam
2025-02-12 23:35:10.455136,Shannon Baker,Jonathan Foley,Cancelled,29,Emergency
2025-02-12 23:31:54.981370,Jennifer Freeman,Anna Valentine,Cancelled,30,Emergency
2025-02-12 23:34:20.214915,Steven Barker,Jamie Sparks,Cancelled,31,Routine Exam
2025-02-12 23:32:48.954235,Arthur Reyes,Mary Fisher,Scheduled,32,Check-up
2025-02-12 23:30:19.890267,Daniel Harding,Stephanie Mcdonald,Cancelled,33,Follow-up
2025-02-12 23:34:06.114054,Angelica Jackson,Ashley Bishop,Completed,34,Emergency
2025-02-12 23:33:57.884147,Kathleen Castillo,Ronald King,Scheduled,35,Consultation
2025-02-12 23:33:08.388602,Daniel Hernandez,Traci Cox PhD,Cancelled,36,Emergency
2025-02-12 23:32:01.500730,Clinton Smith,Laurie Martin,Scheduled,37,Emergency
2025-02-12 23:32:14.445946,Andrea Barajas,Kimberly Smith,Completed,38,Check-up
2025-02-12 23:32:21.367242,Vanessa Garrett,Travis Taylor,Scheduled,39,Emergency
2025-02-12 23:35:22.321303,Mr. Daniel Jones,Chase Holmes,Cancelled,40,Follow-up
2025-02-12 23:30:37.436471,Jordan Carr,Monica Fletcher,Cancelled,41,Routine Exam
2025-02-12 23:30:08.556790,Raymond King,Jane Schmidt,Cancelled,42,Check-up
2025-02-12 23:29:57.369970,Jason Delacruz,Ryan Williams,Completed,43,Follow-up
2025-02-12 23:30:18.243085,Anna Ward,Carla Austin,Scheduled,44,Follow-up
2025-02-12 23:30:53.439062,Carrie Mcfarland,Brandon Reynolds,Cancelled,45,Emergency
2025-02-12 23:30:22.691005,Kristine Campbell,Melissa Anderson,Scheduled,46,Routine Exam
2025-02-12 23:34:55.199441,Natasha Rose,Jeffrey Levine,Completed,47,Follow-up
2025-02-12 23:35:37.668494,Sarah Gutierrez,Sharon Wagner,Completed,48,Consultation
2025-02-12 23:30:41.859290,Michaela Olson,Sandra Harper,Cancelled,49,Check-up
2025-02-12 23:33:31.591156,Leah Davenport,Sara Willis,Cancelled,50,Consultation
2025-02-12 23:33:55.832286,Chase Evans,Donald Miller,Completed,51,Routine Exam
2025-02-12 23:31:02.791428,Amanda Collier,Erica Maldonado,Scheduled,52,Follow-up
2025-02-12 23:31:32.517620,Terry Jones,Wesley Davis,Scheduled,53,Emergency
2025-02-12 23:32:25.231477,Michael Reid,Albert Moreno,Cancelled,54,Consultation
2025-02-12 23:34:41.166382,David White,Amy Lamb,Cancelled,55,Check-up
2025-02-12 23:32:20.687017,Stacey Thompson,Thomas Young MD,Scheduled,56,Emergency
2025-02-12 23:32:15.157431,Stephanie Franco,Benjamin Walker,Completed,57,Routine Exam
2025-02-12 23:35:37.183707,Lauren Moreno,Jodi Perez,Cancelled,58,Check-up
2025-02-12 23:35:40.962105,William Rowe,Jeremy Mcintosh,Completed,59,Check-up
2025-02-12 23:34:45.817309,Bryan Ortiz,Derrick Washington,Scheduled,60,Consultation
2025-02-12 23:32:00.464977,Sandra Ruiz,Brittany Campbell,Completed,61,Emergency
2025-02-12 23:31:56.946417,Paula Gibson,Sean Welch,Cancelled,62,Routine Exam
2025-02-12 23:29:52.994483,Brandon Rush,Maria Hopkins,Scheduled,63,Emergency
2025-02-12 23:32:38.826721,Robert Mills,John Richardson,Cancelled,64,Consultation
2025-02-12 23:30:43.775960,Maria Miller,Christopher Cardenas,Scheduled,65,Emergency
2025-02-12 23:31:43.608420,Megan Norman,Sean Silva,Scheduled,66,Emergency
2025-02-12 23:30:43.523850,Caitlin Snyder,Brandon Crawford,Cancelled,67,Follow-up
2025-02-12 23:33:34.461029,Danielle Hughes,Robert Snyder,Scheduled,68,Consultation
2025-02-12 23:31:11.929100,Sharon Hunt,Katherine House,Cancelled,69,Follow-up
2025-02-12 23:34:27.137814,Megan Obrien,Matthew Owen,Completed,70,Consultation
2025-02-12 23:34:32.296277,Michael Ho,Jeffrey Stevens,Cancelled,71,Check-up
2025-02-12 23:32:44.065110,Valerie Rogers,Barbara Lamb,Scheduled,72,Consultation
2025-02-12 23:31:31.047653,Jason James,Kathy Barajas,Cancelled,73,Check-up
2025-02-12 23:33:30.298628,Brandy Shaw,Ashley Brown,Cancelled,74,Routine Exam
2025-02-12 23:31:01.116121,Donna Taylor,Jennifer Stephens,Scheduled,75,Follow-up
2025-02-12 23:33:26.191333,Curtis Wise,Holly Turner,Cancelled,76,Emergency
2025-02-12 23:33:36.050904,Cindy Paul,Joseph Walter,Scheduled,77,Emergency
2025-02-12 23:33:03.321258,Erica Trevino,Eric Mccormick,Completed,78,Check-up
2025-02-12 23:34:52.774854,Laura Mercado,Laura Lucero,Completed,79,Emergency
2025-02-12 23:30:59.837569,Tyler Reyes,Madeline Collins,Scheduled,80,Follow-up
2025-02-12 23:34:44.867572,Samantha Weber,Tina Collins,Scheduled,81,Check-up
2025-02-12 23:33:22.620394,Kyle Ruiz,Alexis Hill,Completed,82,Consultation
2025-02-12 23:35:30.298699,David Hall,Brittany Wilson,Scheduled,83,Emergency
2025-02-12 23:35:00.769667,Carol Ford,Ashley Smith,Completed,84,Check-up
2025-02-12 23:30:39.358946,Douglas Johnson,Jill Smith,Completed,85,Emergency
2025-02-12 23:32:24.446506,Mary Williams,Olivia Stephenson,Completed,86,Follow-up
2025-02-12 23:31:51.047962,Laura Farrell,Jessica Carter,Cancelled,87,Check-up
2025-02-12 23:35:14.999850,Mr. Michael Smith,Sean Harris,Completed,88,Emergency
2025-02-12 23:34:15.295979,David Lee,Sean Brown,Scheduled,89,Routine Exam
2025-02-12 23:35:16.805154,Jeffrey Jordan,Lydia Gordon,Cancelled,90,Check-up
2025-02-12 23:30:34.656657,James Simmons,Gina Johnson,Scheduled,91,Check-up
2025-02-12 23:30:39.167486,Paige Obrien,Randy Craig,Scheduled,92,Consultation
2025-02-12 23:33:59.798967,Jennifer Patel,Sandra Daniel,Completed,93,Routine Exam
2025-02-12 23:31:40.378781,Steven Bass,Russell Reynolds,Cancelled,94,Routine Exam
2025-02-12 23:31:04.556668,Lisa Higgins,Nathan Carr,Scheduled,95,Emergency
2025-02-12 23:33:36.025481,David Wilson,Mary Roberts,Scheduled,96,Routine Exam
2025-02-12 23:34:37.365622,Michael Byrd,Michael Olsen,Cancelled,97,Routine Exam
2025-02-12 23:32:56.506922,Kayla Mccarty,Rhonda Coleman,Completed,98,Check-up
2025-02-12 23:32:39.697731,Lisa Henderson,James Jones,Cancelled,99,Follow-up
2025-02-12 23:32:56.625583,Allen Johnson,Christine Jones,Completed,100,Follow-up
2025-02-12 23:33:19.031952,Matthew Mcneil,Andrew Herman,Completed,101,Check-up
2025-02-12 23:34:10.728220,Matthew Mack,Jennifer Moore,Scheduled,102,Consultation
2025-02-12 23:34:27.382881,Linda Johnson,Angela Garcia,Cancelled,103,Check-up
2025-02-12 23:30:04.760832,Christopher Aguilar,Stephen Wilson,Cancelled,104,Follow-up
2025-02-12 23:31:29.747124,Deborah Holt,Andrew Howell,Cancelled,105,Consultation
2025-02-12 23:35:09.888506,Amber Martin,Kimberly Hansen,Scheduled,106,Check-up
2025-02-12 23:34:44.370343,Nathan Cole,Michelle Foley,Cancelled,107,Check-up
2025-02-12 23:31:59.429279,Steven Davis,Amy Hughes,Scheduled,108,Check-up
2025-02-12 23:31:13.868478,Monique Marshall,James Stewart,Scheduled,109,Emergency
2025-02-12 23:30:40.081607,Mr. Kenneth Johns,Ashley Trevino,Completed,110,Emergency
2025-02-12 23:33:02.318333,Jeffrey Turner,David Santos,Completed,111,Emergency
2025-02-12 23:34:41.602008,Leslie Wright,Daniel Allison,Cancelled,112,Check-up
2025-02-12 23:34:24.541526,Heather Boyd,Jennifer Gonzales,Completed,113,Consultation
2025-02-12 23:33:29.368096,Kevin Carey,Christine Gonzalez,Scheduled,114,Routine Exam
2025-02-12 23:33:40.302489,Marie Garcia,Denise Boyer,Cancelled,115,Consultation
2025-02-12 23:31:37.351150,Michael Robinson,Erin Stark,Scheduled,116,Check-up
2025-02-12 23:33:17.709700,Darryl Erickson,Jessica George,Completed,117,Routine Exam
2025-02-12 23:32:31.069707,Valerie White,William Molina,Completed,118,Check-up
2025-02-12 23:33:40.421905,Jenna Juarez,Rhonda Gallegos,Cancelled,119,Check-up
2025-02-12 23:29:51.389057,Eric Frey,Crystal Gomez,Scheduled,120,Emergency
2025-02-12 23:33:17.338680,Emily Cowan,Michelle Gonzalez,Cancelled,121,Emergency
2025-02-12 23:32:14.634679,Christopher Jones,Meredith Phelps,Scheduled,122,Follow-up
2025-02-12 23:29:51.708822,Lisa Kelly,William Kennedy,Cancelled,123,Consultation
2025-02-12 23:32:22.146817,Cheryl Jackson,Ricky Davidson,Completed,124,Routine Exam
2025-02-12 23:31:22.072553,Gabriel Douglas,Charles Diaz,Scheduled,125,Emergency
2025-02-12 23:31:10.324352,Paul Potts,Robert Huang,Cancelled,126,Consultation
2025-02-12 23:32:02.206591,Carlos Bishop,Sarah Orozco,Scheduled,127,Follow-up
2025-02-12 23:30:36.761317,Sandra Williams,Alicia Mckay,Completed,128,Check-up
2025-02-12 23:31:44.546149,James Haynes,Mary Snyder,Scheduled,129,Check-up
2025-02-12 23:33:21.481477,Michael Ortega,Martin Moore,Completed,130,Emergency
