appointment_id,patient_name,doctor_name,appointment_date,reason,status
1,Courtney Buchanan,Connie Bullock,2025-02-12 23:31:05.090577,Emergency,Completed
2,Sarah Turner,Jesus Rich,2025-02-12 23:33:33.338899,Routine Exam,Scheduled
3,Jesse Osborne,Maria Johnson,2025-02-12 23:33:37.399195,Follow-up,Cancelled
4,Jennifer Hart,Jamie Morgan,2025-02-12 23:30:02.670218,Consultation,Cancelled
5,Kelly Guzman,David Weber,2025-02-12 23:31:41.682258,Check-up,Cancelled
6,Amy Wong,Rhonda Matthews,2025-02-12 23:31:31.877951,Follow-up,Scheduled
7,Nancy Alexander,Brandy Roy,2025-02-12 23:29:58.860862,Check-up,Completed
8,Teresa Black,Michelle Murphy,2025-02-12 23:29:32.243379,Check-up,Cancelled
9,Julie Campbell,Robert Ross,2025-02-12 23:31:25.944081,Emergency,Cancelled
10,William Cisneros,Brooke Love,2025-02-12 23:29:51.242160,Follow-up,Completed
11,Frank Goodwin,Clayton Keller,2025-02-12 23:32:23.098237,Emergency,Cancelled
12,Kathy Bridges,Madeline Huang,2025-02-12 23:31:20.795298,Check-up,Completed
13,Tiffany Calderon,Elaine Good,2025-02-12 23:30:51.222361,Routine Exam,Scheduled
14,Brenda Soto,Samuel Meza,2025-02-12 23:29:53.505116,Emergency,Completed
15,Jeffrey Larson,Christy Mills,2025-02-12 23:29:26.408530,Follow-up,Completed
16,Geoffrey Morris,Thomas Davis,2025-02-12 23:32:34.164130,Emergency,Completed
17,Nicholas Medina,James Tran,2025-02-12 23:29:49.948931,Consultation,Scheduled
18,Beth Russell,Lee Martin,2025-02-12 23:29:43.399341,Routine Exam,Scheduled
19,Brenda Chase,Andrea Luna,2025-02-12 23:34:22.063433,Emergency,Completed
20,Kathryn Thornton,Katherine Dominguez,2025-02-12 23:34:17.639304,Check-up,Cancelled
21,William Johnson,Steven Glover,2025-02-12 23:30:57.694604,Emergency,Scheduled
22,Brianna Smith,Anthony Barron,2025-02-12 23:33:59.667399,Routine Exam,Cancelled
23,Larry Russell,Stacey Jackson,2025-02-12 23:31:18.688743,Follow-up,Completed
24,Alexander Huffman,Beverly Brock,2025-02-12 23:33:01.019299,Follow-up,Scheduled
25,Joseph Myers,Hannah Garcia,2025-02-12 23:34:08.195524,Emergency,Scheduled
26,Johnny Anderson,Jeffrey Hardy,2025-02-12 23:33:00.931755,Emergency,Cancelled
27,Beverly Barnes,Jesse Johnson,2025-02-12 23:30:50.074279,Consultation,Scheduled
28,Denise Olsen,Melissa Williams,2025-02-12 23:34:31.613378,Consultation,Scheduled
29,Lisa Hernandez,Melissa Madden,2025-02-12 23:29:01.333790,Check-up,Scheduled
30,Brian Riley,Maria Delacruz,2025-02-12 23:32:51.390335,Routine Exam,Cancelled
31,Kayla Wright,Sarah Matthews,2025-02-12 23:29:50.044534,Follow-up,Cancelled
32,Donna Wood,Steven Roberts,2025-02-12 23:31:28.813685,Consultation,Completed
33,Shelley Sanchez,Mary Burns,2025-02-12 23:31:04.067520,Routine Exam,Scheduled
34,Jacqueline Freeman,Michelle Mcintosh,2025-02-12 23:34:14.915790,Check-up,Cancelled
35,Cesar Page,Kelly Dunn,2025-02-12 23:33:47.638039,Check-up,Cancelled
36,Jacqueline Stevenson,Ashley Grant,2025-02-12 23:30:41.422224,Consultation,Cancelled
37,Kyle Scott,Christopher Nelson,2025-02-12 23:33:12.081908,Routine Exam,Scheduled
38,Martin Wilson,Devin Meadows,2025-02-12 23:30:40.850477,Check-up,Scheduled
39,Adrienne Cox,Kelly Frey,2025-02-12 23:33:01.347062,Emergency,Cancelled
40,Sara Grimes,Lisa Carpenter,2025-02-12 23:29:34.663236,Check-up,Completed
41,Miguel King,Terry Flores,2025-02-12 23:31:07.556130,Check-up,Completed
42,Andre Armstrong,Christina Tate,2025-02-12 23:33:09.010489,Consultation,Scheduled
43,Dr. Teresa Walker DDS,Michelle Garza,2025-02-12 23:34:14.236138,Consultation,Cancelled
44,Reginald Farley,Natalie Evans,2025-02-12 23:28:43.309860,Consultation,Completed
45,Amy Tapia,Kelly Lester,2025-02-12 23:29:20.419701,Emergency,Cancelled
46,Amy Underwood,Jade Knight,2025-02-12 23:29:01.046101,Check-up,Scheduled
47,Robert Howard,Ronald Hoffman,2025-02-12 23:28:33.265182,Consultation,Cancelled
48,Joseph Ellis,Maurice Mitchell,2025-02-12 23:29:40.121429,Emergency,Scheduled
49,Ernest Richards,Shirley Lozano,2025-02-12 23:32:22.841317,Consultation,Cancelled
50,Kimberly Green,Carolyn Martinez,2025-02-12 23:31:39.383437,Consultation,Cancelled
51,Jon Adams,Frederick Anderson,2025-02-12 23:30:56.878471,Check-up,Cancelled
52,Rick Duffy,Michelle Brown,2025-02-12 23:30:56.810364,Consultation,Completed
53,Brittany Roberson,Craig Horn,2025-02-12 23:29:28.623304,Follow-up,Cancelled
54,Tonya Brown,Stacey Wilson,2025-02-12 23:28:43.529080,Emergency,Completed
55,Hannah Burton,David Mason,2025-02-12 23:31:04.787202,Follow-up,Scheduled
56,Sarah Scott,Keith Henry,2025-02-12 23:30:14.337869,Emergency,Scheduled
57,Eduardo Davis,Juan Blair,2025-02-12 23:31:35.309047,Follow-up,Scheduled
58,Cynthia Hughes,Ashley Benitez,2025-02-12 23:29:43.746590,Routine Exam,Completed
59,Frank Snyder,Scott Cochran,2025-02-12 23:30:08.150061,Consultation,Completed
60,Paul Whitney,Sandra Bass,2025-02-12 23:30:51.513727,Consultation,Cancelled
61,Derrick Morris,Lauren Golden,2025-02-12 23:31:13.923088,Check-up,Completed
62,Sean Roman,Michael Wilson,2025-02-12 23:31:54.651949,Routine Exam,Completed
63,Jose Perez,Michelle Mendez,2025-02-12 23:30:59.498045,Emergency,Completed
64,Kim Singh,Lori Norman,2025-02-12 23:30:12.937151,Routine Exam,Cancelled
65,Nancy Mckinney,Darrell Garcia,2025-02-12 23:34:21.781663,Follow-up,Cancelled
66,Sherry Huffman,William Barton,2025-02-12 23:29:11.029602,Routine Exam,Scheduled
67,Danielle Shepard,Robert Carter,2025-02-12 23:32:49.286152,Check-up,Cancelled
68,Jason Tanner,David Perez,2025-02-12 23:31:39.475325,Routine Exam,Scheduled
69,Thomas Michael,Tanya White,2025-02-12 23:34:03.328766,Consultation,Scheduled
70,Keith Kim,Melissa Pearson,2025-02-12 23:32:19.018979,Consultation,Scheduled
71,Alyssa Simpson,Melinda Miller,2025-02-12 23:31:52.186902,Consultation,Completed
72,Michael Leonard,Dustin Morrow,2025-02-12 23:30:13.672329,Check-up,Scheduled
73,Vickie Ramsey,Angel Myers,2025-02-12 23:29:21.196553,Check-up,Cancelled
74,John Atkinson,Cameron Owens,2025-02-12 23:31:08.064884,Check-up,Cancelled
75,Joseph Flores,Alexis Tapia,2025-02-12 23:31:42.373398,Routine Exam,Cancelled
76,Jennifer Wright,Rickey Robinson,2025-02-12 23:29:20.986604,Routine Exam,Cancelled
77,Nancy Proctor,Kelly Garcia,2025-02-12 23:32:15.502520,Follow-up,Completed
78,Garrett Pope,Michael Graves,2025-02-12 23:33:38.453602,Routine Exam,Cancelled
79,Scott Fields,Denise Johnson,2025-02-12 23:34:18.023496,Emergency,Scheduled
80,Taylor Gray,Jennifer Mason,2025-02-12 23:34:19.385737,Emergency,Scheduled
81,Erik Roberson,Edward Taylor,2025-02-12 23:33:12.562281,Routine Exam,Scheduled
82,Joseph Miller,Morgan King,2025-02-12 23:32:05.065203,Emergency,Completed
83,Emily Contreras,David Lynn,2025-02-12 23:30:42.292350,Routine Exam,Cancelled
84,Heather Williams,Mrs. Jenna Hickman,2025-02-12 23:31:01.617158,Follow-up,Completed
85,Steven Jackson,Patricia Hensley,2025-02-12 23:33:35.898039,Emergency,Completed
86,Glen Alvarez,Darryl Craig,2025-02-12 23:33:00.407019,Emergency,Cancelled
87,Jennifer Davis,Andrea Wilson,2025-02-12 23:29:11.664153,Check-up,Cancelled
88,Anita Price,Erin Ellis,2025-02-12 23:31:43.349136,Follow-up,Scheduled
89,Robert Mccoy,Kelly Harris,2025-02-12 23:29:53.200158,Check-up,Cancelled
90,Monica Church,Charles Barnett,2025-02-12 23:30:25.869086,Follow-up,Completed
91,Joel Alvarado,Bruce Miller,2025-02-12 23:29:05.063094,Check-up,Scheduled
92,Keith Hall,Michael Barber,2025-02-12 23:29:15.523734,Consultation,Completed
93,Joseph Garcia,Angel Miller,2025-02-12 23:30:33.770317,Follow-up,Cancelled
94,Shawn Jordan,Jose Guzman,2025-02-12 23:29:27.222489,Emergency,Scheduled
95,Jessica Brooks,Gwendolyn Smith,2025-02-12 23:29:22.690405,Check-up,Cancelled
96,Kim Wheeler,Susan Wu,2025-02-12 23:29:45.866218,Emergency,Cancelled
97,Kenneth Smith,Molly Ramirez,2025-02-12 23:32:54.158854,Routine Exam,Completed
98,Anthony Reynolds,Terry Ward,2025-02-12 23:32:15.236488,Follow-up,Scheduled
99,Matthew Kaufman,Krista Mccormick,2025-02-12 23:30:30.088962,Routine Exam,Cancelled
100,Donna Wells,Arthur Jones,2025-02-12 23:30:21.514033,Emergency,Scheduled
101,Joseph Kennedy,Sean Taylor,2025-02-12 23:32:00.530677,Emergency,Cancelled
102,Natalie White,Mr. Edward Harris,2025-02-12 23:34:21.823740,Emergency,Completed
103,Matthew Duarte,Alicia Carter,2025-02-12 23:30:30.849813,Consultation,Scheduled
104,John Lozano,Robert Davis,2025-02-12 23:34:12.309473,Consultation,Cancelled
105,Lauren Vega,Brandi Marquez,2025-02-12 23:33:55.134749,Routine Exam,Scheduled
106,Cassandra Pena,Aaron Hernandez,2025-02-12 23:29:00.851815,Emergency,Cancelled
107,Alec Singh,Marc Mullen,2025-02-12 23:29:42.221797,Check-up,Cancelled
108,Kim Schwartz,Julie Wheeler,2025-02-12 23:30:25.420017,Follow-up,Scheduled
109,David Coleman,Sharon Merritt,2025-02-12 23:33:45.494282,Routine Exam,Completed
110,Kelli Goodman,Ashley Conner,2025-02-12 23:32:54.949411,Follow-up,Completed
111,Jonathan Doyle,Danielle Carrillo,2025-02-12 23:31:04.142355,Consultation,Completed
112,Cynthia Davis,Denise Miller,2025-02-12 23:31:51.366691,Consultation,Completed
113,Amy Parker,Jeremy Krause,2025-02-12 23:29:41.043858,Follow-up,Cancelled
114,Ricardo Rowland,Karen Garcia,2025-02-12 23:30:24.686081,Consultation,Cancelled
115,Julie Martin,Carl Snyder,2025-02-12 23:31:35.695331,Consultation,Completed
116,Evan Brock,Andrea Phillips,2025-02-12 23:28:56.289376,Emergency,Scheduled
117,Matthew Brooks,Sarah Mata,2025-02-12 23:31:01.923490,Check-up,Completed
118,Mary Johnson,Gabriel Conner,2025-02-12 23:32:07.133431,Check-up,Completed
119,Jake Merritt,Tyler Pineda,2025-02-12 23:29:18.873151,Emergency,Cancelled
120,Jason Riley,John Lloyd,2025-02-12 23:31:51.236049,Check-up,Completed
121,Casey Velazquez,Ronald Carter,2025-02-12 23:33:11.182919,Routine Exam,Completed
122,James Morris,Donald Warren,2025-02-12 23:32:04.251448,Routine Exam,Scheduled
123,Jennifer Ramirez,Jason Hunter,2025-02-12 23:28:50.130691,Routine Exam,Cancelled
124,Jason Shaw,Randy Jordan,2025-02-12 23:32:46.272311,Routine Exam,Scheduled
125,Bryan Smith,Jeanne Williamson,2025-02-12 23:32:09.039376,Emergency,Scheduled
126,David Smith,Michael Maldonado,2025-02-12 23:31:48.142147,Follow-up,Completed
127,Candice Williams,Brandon Fox,2025-02-12 23:30:55.739258,Consultation,Cancelled
128,James Nunez,Carmen Adams,2025-02-12 23:34:30.382990,Follow-up,Scheduled
129,Daniel Spencer,Corey Peterson,2025-02-12 23:29:39.096102,Emergency,Completed
130,Tonya Rivera,Rebecca Cohen,2025-02-12 23:32:37.097718,Check-up,Completed
131,James Grimes,Brian Nelson,2025-02-12 23:31:07.751585,Routine Exam,Completed
132,Stephanie Nelson,Michele Knight,2025-02-12 23:30:54.007209,Routine Exam,Scheduled
133,Michael Lowe,Marvin Gonzalez,2025-02-12 23:32:46.461976,Consultation,Scheduled
134,Danny Ho,Jason Anderson,2025-02-12 23:33:40.053753,Follow-up,Scheduled
135,Douglas Jimenez,Raymond Curtis,2025-02-12 23:31:58.907834,Check-up,Scheduled
136,James Soto,Mr. Adam Kelley Jr.,2025-02-12 23:34:11.166094,Routine Exam,Scheduled
137,Samantha Ayers,Billy Blair,2025-02-12 23:31:43.833060,Consultation,Scheduled
138,Michael Evans,Scott Fuller,2025-02-12 23:33:07.572676,Check-up,Cancelled
139,Arthur Castillo,Megan Baldwin,2025-02-12 23:32:39.165902,Consultation,Scheduled
140,Katelyn Eaton,Elizabeth Wolf,2025-02-12 23:28:59.309826,Check-up,Completed
141,Katherine Bray,Sheila Chavez,2025-02-12 23:30:51.348368,Follow-up,Scheduled
142,Matthew Young,Angela Johnson,2025-02-12 23:33:17.970707,Emergency,Cancelled
143,Dr. Keith Barnett PhD,Whitney Brooks,2025-02-12 23:30:58.961264,Check-up,Cancelled
