patient_id,name,age,gender,diagnosis,treatment,admission_date,discharge_date,doctor,insurance_provider
1,Laura Smith,36,Female,Hypertension,Therapy,2024-06-24,2024-07-10,Pamela Black,Kaiser Permanente
2,Brian Blake,61,Other,Depression,Medication,2023-05-20,2023-06-05,David Scott,Cigna
3,Christopher Newman,3,Male,Hypertension,Therapy,2023-10-03,2023-10-19,Jeffery Brooks,Aetna
4,Michelle Martinez,66,Female,Diabetes,Rehabilitation,2024-09-04,2024-09-24,Aaron Mcguire,Kaiser Permanente
5,Rachel Gomez,7,Male,Diabetes,Rehabilitation,2023-07-20,2023-08-14,Michael Golden Jr.,UnitedHealthcare
6,Jose Davis,6,Female,Flu,Medication,2024-12-12,2024-12-13,Luis Boyd,UnitedHealthcare
7,Jose Long,11,Female,Flu,Medication,2023-07-16,2023-07-26,Michele Conway,Cigna
8,Tammy Montoya,10,Female,Migraine,Therapy,2024-01-06,2024-01-27,Christopher Tucker,Kaiser Permanente
9,Jerry Hogan,62,Male,COVID-19,Observation,2023-03-01,2023-03-31,Lisa Wright,Blue Cross
10,Steven Morrow,18,Male,Allergy,Rehabilitation,2023-12-03,2023-12-04,Christina Smith,Kaiser Permanente
11,Elizabeth Mills,96,Female,Hypertension,Medication,2023-09-30,2023-10-17,Lucas Obrien,Blue Cross
12,Dr. Scott Castro,84,Male,Hypertension,Medication,2024-07-28,2024-08-02,Laura Hoffman,Blue Cross
13,Thomas Garcia,6,Other,Diabetes,Surgery,2025-01-06,2025-01-22,Gavin Carpenter,UnitedHealthcare
14,Jason Booth PhD,7,Other,Diabetes,Rehabilitation,2023-12-20,2023-12-31,Emily Werner,UnitedHealthcare
15,Megan Parker,41,Other,Allergy,Surgery,2024-05-22,2024-06-21,Jacob Bond,Blue Cross
16,Melissa Santana,53,Female,Flu,Rehabilitation,2024-11-02,2024-11-21,Natalie Lee,UnitedHealthcare
17,Hannah Boyd,60,Male,COVID-19,Therapy,2024-04-18,2024-05-07,Jennifer Fischer,Cigna
18,Meghan Adams,2,Other,Diabetes,Surgery,2023-03-25,2023-04-19,Leah Andrews,Blue Cross
19,Thomas Estes,0,Female,Diabetes,Therapy,2023-03-31,2023-04-28,Lindsay Horton,Kaiser Permanente
20,Christina Johnson,27,Male,Migraine,Surgery,2023-03-17,2023-04-16,Eric Nichols,UnitedHealthcare
21,Brandon Myers,26,Female,Flu,Medication,2024-06-06,2024-06-25,Sarah Meyer,Kaiser Permanente
22,Tim Glass,89,Male,COVID-19,Medication,2023-05-14,2023-06-08,Shannon Bonilla,UnitedHealthcare
23,Tina Turner,65,Male,Flu,Therapy,2025-01-26,2025-02-11,Amanda Andrews,Cigna
24,Donald Ramirez,58,Female,Arthritis,Medication,2024-05-26,2024-06-12,Tom Lyons,Kaiser Permanente
25,Jennifer Foster,26,Female,Hypertension,Medication,2023-07-06,2023-07-23,Stacy Murray,Aetna
26,Alan Moore,3,Other,COVID-19,Rehabilitation,2024-05-14,2024-06-05,Elizabeth Oliver,Aetna
27,Matthew Davis,5,Other,Migraine,Surgery,2023-04-05,2023-04-17,Emily Stark,Kaiser Permanente
28,Kelly Santos,35,Male,Hypertension,Rehabilitation,2023-12-04,2023-12-07,Stacy Mccarty,Cigna
29,Courtney Moore,65,Female,Flu,Surgery,2024-06-01,2024-06-03,Stephen Smith,Kaiser Permanente
30,Michaela Meza,65,Female,Migraine,Observation,2024-10-31,2024-11-06,Morgan Potts,Blue Cross
31,Chad Miller,16,Female,COVID-19,Observation,2023-03-21,2023-04-18,Joseph Brown,Cigna
32,Aaron Gray,32,Female,Diabetes,Surgery,2023-12-05,2023-12-10,Nicole Gibson,Cigna
33,Karen Barnett,18,Female,Depression,Surgery,2024-10-21,2024-10-31,April Pratt,UnitedHealthcare
34,Roger Odom,56,Other,Arthritis,Observation,2023-05-03,2023-05-09,Abigail Pierce,Blue Cross
35,Jonathan Porter,94,Female,Asthma,Observation,2024-09-14,2024-10-02,Barbara Fletcher,Kaiser Permanente
36,Stacey Jackson,28,Other,Migraine,Therapy,2024-02-27,2024-03-15,Richard Rogers,UnitedHealthcare
37,Brandon White,58,Female,Arthritis,Surgery,2024-11-01,2024-11-20,Tracey Valentine,Cigna
38,Brandon Baker,89,Female,Flu,Surgery,2024-11-15,2024-12-14,Jeffrey Hernandez,Kaiser Permanente
39,April Woods,83,Female,Diabetes,Observation,2024-11-14,2024-12-01,Brandy Thomas,Cigna
40,Jared Christensen,10,Male,Flu,Observation,2023-04-06,2023-04-29,Tyler Holloway,Kaiser Permanente
41,Craig Ryan,100,Other,Diabetes,Surgery,2023-02-28,2023-03-21,Joseph Martin,Aetna
42,Tina May,57,Female,Depression,Surgery,2023-04-26,2023-05-08,Robert Robertson,Aetna
43,Gail Harris,37,Other,Diabetes,Therapy,2024-08-08,2024-08-26,Joseph Miller,Aetna
44,Leah Sandoval,96,Female,Hypertension,Observation,2024-02-09,2024-02-25,Larry Guerrero,Aetna
45,Timothy Taylor,75,Other,Flu,Surgery,2024-06-21,2024-07-20,Christina Greene,Cigna
46,Jennifer Peterson,0,Female,Hypertension,Medication,2023-04-14,2023-05-08,Todd Adams,UnitedHealthcare
47,Sylvia Avery,46,Male,Allergy,Medication,2023-09-20,2023-10-14,Mitchell Bryant,UnitedHealthcare
48,Gregory Frederick,32,Other,Migraine,Observation,2024-07-10,2024-07-27,Thomas Valencia,UnitedHealthcare
49,Megan Hopkins,92,Other,Hypertension,Medication,2025-02-06,2025-03-04,Jeffery York,UnitedHealthcare
50,Clifford Hall,94,Female,Flu,Medication,2024-03-10,2024-04-05,Brandon Nguyen,Kaiser Permanente
51,Bonnie Wilkinson,44,Female,Hypertension,Rehabilitation,2023-07-14,2023-07-27,Christina Bautista,Cigna
52,Desiree Bauer,51,Male,Depression,Rehabilitation,2023-02-25,2023-03-27,Nicole Anderson,Aetna
53,Charles Adkins,0,Male,Asthma,Rehabilitation,2023-08-01,2023-08-23,Karen Bautista,Aetna
54,Dana Jones,48,Male,Arthritis,Medication,2024-10-22,2024-10-25,Sharon Johnson,Blue Cross
55,Stephen Hogan,78,Female,Asthma,Surgery,2024-10-26,2024-11-10,Curtis Wright Jr.,Cigna
56,Betty Allen,79,Female,Allergy,Therapy,2024-07-08,2024-07-29,William Hicks,Kaiser Permanente
57,Jose Riddle,1,Female,Flu,Medication,2025-02-07,2025-02-24,Carla Riley,Kaiser Permanente
58,Brian Travis,46,Male,Flu,Observation,2024-04-05,2024-04-21,Sandra Hernandez,Aetna
59,Elizabeth Edwards,90,Male,Diabetes,Therapy,2024-08-05,2024-09-04,Mario Carson,UnitedHealthcare
60,Peter Jones,71,Male,COVID-19,Rehabilitation,2023-12-04,2023-12-14,Diana Sweeney,Aetna
61,Ashley Jones,63,Male,Allergy,Surgery,2023-12-28,2023-12-30,Lindsey Wallace,Aetna
62,Jennifer Flores,54,Female,Allergy,Rehabilitation,2023-05-21,2023-06-09,Jessica Shaffer,UnitedHealthcare
63,Melissa Mack,1,Male,Diabetes,Rehabilitation,2024-06-13,2024-06-27,Barbara Flynn,Kaiser Permanente
64,Melissa Clark,23,Female,Diabetes,Surgery,2024-05-12,2024-05-27,Amy Wilcox DVM,UnitedHealthcare
65,Victoria Hanson,15,Female,Flu,Observation,2024-07-19,2024-08-16,Jennifer Johnson,Blue Cross
66,Laurie Larson,20,Male,Flu,Rehabilitation,2024-05-23,2024-06-19,Latoya Coleman,Kaiser Permanente
67,Lisa Gonzales,26,Male,Asthma,Observation,2023-11-12,2023-12-09,Christine Beltran,Aetna
68,Bethany Brennan,100,Female,COVID-19,Therapy,2023-10-30,2023-11-03,Jacqueline Fox,Blue Cross
69,Ashley Hernandez,5,Other,Flu,Rehabilitation,2023-10-07,2023-10-15,Brandon Potts,UnitedHealthcare
70,Nicholas Howard,60,Male,Diabetes,Observation,2024-12-24,2025-01-03,Laurie Robinson,UnitedHealthcare
71,Kelly Koch,37,Male,Hypertension,Observation,2024-05-20,2024-05-28,Joseph Hughes,Blue Cross
72,Cody Zhang,72,Other,Diabetes,Rehabilitation,2024-09-20,2024-10-11,Tyler Jenkins,Aetna
73,Gregory Fuller,74,Male,COVID-19,Observation,2024-04-06,2024-04-30,Carol Reyes,UnitedHealthcare
74,Sean Ford,27,Female,Depression,Therapy,2023-05-23,2023-06-22,Robert Hubbard,Blue Cross
75,Jason Hernandez DDS,68,Other,Hypertension,Medication,2023-04-26,2023-05-02,Dana Mack,Kaiser Permanente
76,Courtney Chaney,57,Female,Hypertension,Therapy,2024-09-28,2024-10-14,Nicholas King,Aetna
77,Troy Crosby,81,Male,COVID-19,Observation,2023-12-12,2023-12-24,Laura Humphrey,UnitedHealthcare
78,Rhonda Brown,27,Female,Hypertension,Rehabilitation,2024-04-02,2024-04-09,Shawn Williams,Cigna
79,Jesse Hensley,51,Female,Asthma,Rehabilitation,2023-10-08,2023-10-11,Kelly Lopez,UnitedHealthcare
80,Destiny Perez,4,Male,Depression,Rehabilitation,2024-11-09,2024-12-01,Carrie Bartlett,UnitedHealthcare
81,Megan Henderson,43,Female,Depression,Medication,2024-05-12,2024-05-30,Brandon Ballard,UnitedHealthcare
82,David Mcdonald,37,Other,Arthritis,Medication,2023-02-20,2023-03-07,Dennis Webb,UnitedHealthcare
83,Benjamin Petersen,34,Male,Asthma,Observation,2023-05-04,2023-05-27,Chase Peterson,Kaiser Permanente
84,Kyle Jones,62,Other,Asthma,Medication,2024-12-07,2025-01-01,Erin Nicholson,Blue Cross
85,Alison Patel,97,Male,Hypertension,Surgery,2024-03-06,2024-03-15,Benjamin King,Aetna
86,Kimberly Hart,55,Female,Migraine,Therapy,2024-05-10,2024-05-12,Tammy Hernandez,Kaiser Permanente
87,Renee Rodriguez,26,Female,Depression,Therapy,2024-01-29,2024-02-08,Stephanie Spence,UnitedHealthcare
88,Stephen Williams,51,Female,Diabetes,Observation,2023-12-16,2023-12-26,Shelly Harrison,Aetna
89,Nicole Johnson,90,Other,Asthma,Observation,2024-07-24,2024-08-12,Jennifer Myers,Aetna
90,Eric Burns,86,Other,Arthritis,Observation,2025-01-27,2025-02-23,Laura Meyer DDS,UnitedHealthcare
91,Stacie Rice,44,Female,Migraine,Rehabilitation,2023-05-14,2023-06-11,Melissa Pierce,Kaiser Permanente
92,Richard Carrillo,39,Male,Arthritis,Observation,2024-06-21,2024-06-22,Michelle Chung,Kaiser Permanente
93,Christopher Garza,51,Other,Depression,Surgery,2024-04-03,2024-05-03,Laurie Long,UnitedHealthcare
94,Christian Fisher,13,Male,Flu,Surgery,2023-08-22,2023-09-16,Mark Reynolds,Aetna
95,Aaron Cooper,13,Male,Migraine,Rehabilitation,2024-01-11,2024-01-24,Victor Brown,Kaiser Permanente
96,Keith Andersen,89,Female,Hypertension,Rehabilitation,2024-01-25,2024-01-30,Tracy Stuart,UnitedHealthcare
97,Elizabeth Smith,1,Other,Hypertension,Medication,2024-05-09,2024-05-24,Taylor Bailey,UnitedHealthcare
98,Elaine Young,15,Male,Arthritis,Therapy,2024-04-07,2024-04-25,James Lewis,Kaiser Permanente
99,Carol Butler,86,Other,Arthritis,Observation,2023-03-07,2023-03-21,Maria Higgins,Cigna
100,Lorraine Robles,9,Other,Arthritis,Rehabilitation,2023-09-18,2023-09-26,Toni Chavez,Blue Cross
101,Donald Wells,64,Male,Diabetes,Observation,2023-05-11,2023-05-29,Jeremy Barton,Aetna
102,Sandra Cabrera MD,88,Other,Depression,Rehabilitation,2023-08-17,2023-08-22,Christopher Mcdaniel,Aetna
103,Norma Mills,89,Other,Asthma,Surgery,2023-03-23,2023-04-02,Megan Warren,Kaiser Permanente
104,Richard Rivera,9,Female,Migraine,Medication,2025-01-26,2025-02-13,Kathy Gill,Cigna
105,Roy Barrera,10,Male,Arthritis,Observation,2023-10-10,2023-10-19,Andrew Parker,Kaiser Permanente
106,Andrea Mack,16,Female,Flu,Rehabilitation,2024-09-11,2024-09-20,Joel Ware,Aetna
107,Anna Brown,64,Female,COVID-19,Rehabilitation,2024-06-07,2024-06-12,Emily Nguyen,Aetna
108,Suzanne Lewis,98,Male,Flu,Surgery,2023-11-11,2023-11-18,Veronica Mccarthy,Aetna
109,Phillip Gay,47,Female,Diabetes,Observation,2023-12-27,2024-01-02,Matthew Hawkins,UnitedHealthcare
110,Robert Mullins,44,Other,Depression,Therapy,2023-07-07,2023-08-02,Kristina Friedman DVM,UnitedHealthcare
111,Michael Foster,32,Male,COVID-19,Medication,2024-01-17,2024-02-10,Amanda Cruz,Blue Cross
112,Debra Sullivan,28,Female,Flu,Surgery,2023-05-16,2023-05-19,Craig Beck,UnitedHealthcare
113,Travis Davis,43,Other,Hypertension,Rehabilitation,2024-09-17,2024-10-11,Angela Avila,Aetna
114,Rebecca Davis,91,Other,Asthma,Observation,2024-05-02,2024-05-28,Samantha Powell,UnitedHealthcare
115,Richard Wu,69,Other,Flu,Therapy,2023-07-25,2023-08-10,James White,UnitedHealthcare
116,Laura Santana,96,Other,Migraine,Rehabilitation,2024-09-01,2024-09-26,Melissa Wilson,Aetna
117,Dustin Lowe,5,Female,Arthritis,Surgery,2023-04-23,2023-05-21,Traci Rodriguez,Cigna
118,Julie Johnston,46,Female,Flu,Observation,2024-11-18,2024-11-23,Jason Solis,Cigna
119,Angela Alvarado,45,Other,Diabetes,Observation,2024-06-25,2024-07-13,Anthony Perry,Aetna
120,Carl Clayton,82,Female,Depression,Observation,2023-04-05,2023-05-04,Samuel Vasquez,Kaiser Permanente
121,Susan Watson,56,Male,Hypertension,Medication,2025-02-09,2025-03-03,Cynthia Johnson,UnitedHealthcare
122,Ryan Wise,93,Male,Arthritis,Rehabilitation,2023-03-03,2023-04-01,Carrie Travis,Cigna
123,Jose Jones MD,37,Other,COVID-19,Surgery,2024-11-26,2024-12-11,Helen Martin,Cigna
124,Lisa Black,61,Male,Migraine,Therapy,2024-10-20,2024-10-30,Preston Miles,Cigna
125,Michael Thompson,74,Other,Depression,Observation,2024-03-25,2024-03-31,Sherri Hardy,Cigna
126,John Williams,99,Male,COVID-19,Therapy,2024-12-07,2025-01-01,Rachel Rodriguez,Blue Cross
127,Shane Freeman,11,Male,Asthma,Observation,2023-06-24,2023-07-01,Savannah Johnson,Cigna
128,Yesenia Cooper,24,Male,Hypertension,Observation,2023-12-02,2023-12-29,Alison Miller,Blue Cross
129,Angela Wade,28,Female,Migraine,Observation,2024-03-02,2024-03-26,Jennifer Martin,Kaiser Permanente
130,Andrea Moore,43,Other,Asthma,Therapy,2025-01-21,2025-01-23,Angela Bennett,Aetna
131,Mary Campos,20,Female,Hypertension,Therapy,2024-04-05,2024-04-08,Antonio Martinez,Aetna
132,Jesus Wright,6,Female,Flu,Therapy,2023-02-21,2023-02-28,Holly Maldonado,UnitedHealthcare
133,Carla Johnson,18,Other,COVID-19,Medication,2024-06-03,2024-06-06,Michael Shepherd,Aetna
134,Tammy Ferguson,36,Female,Hypertension,Observation,2024-03-31,2024-04-29,William Bridges,Blue Cross
135,Anna Hall,52,Female,Hypertension,Therapy,2023-10-21,2023-11-19,Carlos Johns,Aetna
136,Alexander Rivas,20,Other,Arthritis,Therapy,2025-01-25,2025-02-09,Keith Knight,UnitedHealthcare
137,Lisa Sullivan,42,Female,Hypertension,Observation,2024-07-17,2024-07-26,Francisco Allen,Kaiser Permanente
138,Drew Ross,42,Male,Depression,Rehabilitation,2023-04-17,2023-04-29,Laura Randall,Blue Cross
139,Scott Peterson,6,Female,Allergy,Rehabilitation,2024-12-22,2025-01-08,Erica Fernandez,UnitedHealthcare
140,Andrew Sullivan,96,Male,Hypertension,Surgery,2025-02-09,2025-02-26,Tammy Flowers,Blue Cross
141,James Chung DVM,56,Other,Flu,Surgery,2023-12-13,2024-01-09,Stephen Williams,Cigna
142,Shannon Duran,66,Other,Migraine,Rehabilitation,2024-12-23,2025-01-18,Jacob Russo,UnitedHealthcare
143,Randy Perez,95,Male,Migraine,Rehabilitation,2024-03-25,2024-04-12,Sabrina Woods,UnitedHealthcare
144,Christopher Lee,4,Male,Hypertension,Therapy,2024-09-27,2024-10-14,Debra Hansen,Blue Cross
145,Sarah Daniels,92,Other,Flu,Therapy,2023-03-30,2023-04-18,Alex Johnson,UnitedHealthcare
146,Sarah Baker,63,Female,Arthritis,Surgery,2023-11-01,2023-11-10,Nicole Brown,Kaiser Permanente
147,Carrie Miller,44,Female,Migraine,Medication,2023-12-10,2024-01-01,Joseph Tyler,Cigna
148,Jeremiah Gonzalez,82,Other,Depression,Therapy,2023-02-21,2023-03-16,Carol Lee,Aetna
149,Kim Andrews,43,Female,Allergy,Therapy,2023-10-15,2023-11-01,Yolanda Rowe,Blue Cross
150,Elizabeth Flynn,22,Other,Flu,Therapy,2023-12-31,2024-01-02,Austin Harrison,Cigna
151,Bradley Williams,72,Female,Arthritis,Rehabilitation,2024-09-15,2024-09-20,Brenda Reilly,Cigna
152,James Perez,57,Male,Depression,Medication,2024-11-01,2024-11-15,Debra Graves,UnitedHealthcare
153,Gloria Johnson,64,Other,Arthritis,Medication,2023-11-23,2023-12-11,Tiffany Ford,Aetna
154,Melanie Bowman,65,Male,Arthritis,Rehabilitation,2023-05-08,2023-05-27,Christina Sweeney,Aetna
155,Ronald Miller,61,Female,Migraine,Medication,2023-09-24,2023-09-29,Kristin Berg,Cigna
156,Elizabeth Hill,23,Female,Asthma,Rehabilitation,2023-05-11,2023-06-04,Sara Middleton,Kaiser Permanente
157,Melissa Hardy,2,Female,Asthma,Observation,2023-04-14,2023-04-17,Craig Marquez,UnitedHealthcare
158,Jason Terry,30,Female,Diabetes,Rehabilitation,2024-07-20,2024-08-12,Sandra Benton,Cigna
159,Justin Martinez,18,Other,Diabetes,Surgery,2023-07-26,2023-08-10,Christopher Cross,UnitedHealthcare
160,Samuel Love,9,Other,Diabetes,Therapy,2024-11-01,2024-11-17,Cassandra Singleton,Cigna
161,Patrick Cisneros,80,Female,Depression,Observation,2023-09-30,2023-10-15,Alyssa Cooper,Blue Cross
162,Victoria Martinez,65,Male,Allergy,Observation,2024-04-03,2024-04-27,Christopher Wilson,Cigna
163,Laura Gutierrez,34,Other,Diabetes,Medication,2023-10-01,2023-10-24,Carla Brown,Kaiser Permanente
164,Laurie Anderson,56,Other,Hypertension,Rehabilitation,2024-11-04,2024-11-18,Jeremiah Dunn,Blue Cross
165,Curtis Curtis,90,Male,Arthritis,Medication,2023-04-13,2023-05-11,Ashley Martin,Blue Cross
166,Erin Bailey,62,Male,Asthma,Rehabilitation,2023-06-14,2023-07-10,Jennifer Joyce,Aetna
167,Christina Rodriguez,56,Other,Migraine,Observation,2023-07-04,2023-07-07,Julie Morgan,UnitedHealthcare
168,Cathy Williams,36,Female,Arthritis,Rehabilitation,2024-02-15,2024-02-29,Lisa Ortiz,Aetna
169,Christopher Choi,58,Other,Asthma,Rehabilitation,2023-03-19,2023-03-26,Katherine Crawford,UnitedHealthcare
170,Jennifer Allen,29,Female,Hypertension,Surgery,2023-11-08,2023-12-08,David Welch,Kaiser Permanente
171,Jordan Sawyer,49,Female,Asthma,Medication,2024-04-21,2024-04-25,Joshua King,Cigna
172,Sara Tapia,60,Other,Asthma,Rehabilitation,2024-07-09,2024-07-23,Alexander Kelly,Blue Cross
173,Martha Shaw,21,Female,Migraine,Rehabilitation,2023-07-12,2023-07-30,Joshua Parsons,UnitedHealthcare
174,Emma Roberts,7,Other,Hypertension,Surgery,2024-04-13,2024-05-04,Kim Andrews,UnitedHealthcare
175,Robert Jordan,0,Male,Hypertension,Therapy,2024-11-02,2024-11-20,John Delgado,Aetna
176,Lawrence Kelley,52,Female,Arthritis,Rehabilitation,2023-09-11,2023-09-15,Christopher Kim,Aetna
177,Karen Johnston,74,Other,Flu,Rehabilitation,2024-08-08,2024-08-19,Michael Ewing,UnitedHealthcare
178,David Mueller,17,Female,Asthma,Therapy,2024-08-27,2024-09-06,Amy Lamb,Blue Cross
179,Alicia Cooper DDS,85,Female,COVID-19,Therapy,2024-07-06,2024-08-05,Jorge Mcknight,Cigna
180,Dwayne Jackson,88,Male,Hypertension,Observation,2023-09-16,2023-09-21,Debra Lee,UnitedHealthcare
181,Lisa Rosario,90,Male,Arthritis,Observation,2024-07-26,2024-08-08,Carl Bell,Kaiser Permanente
182,Todd Thornton,41,Male,Diabetes,Surgery,2023-08-09,2023-08-14,Anne Nelson,Kaiser Permanente
183,Carlos Thompson,58,Female,Arthritis,Rehabilitation,2023-12-16,2023-12-22,Kayla Pena,Cigna
184,Shelley Patel,63,Other,Diabetes,Observation,2024-04-19,2024-05-16,Erin Gonzalez,Kaiser Permanente
185,Amy Clark,61,Other,Arthritis,Surgery,2025-02-11,2025-02-12,Eric Wagner,Cigna
186,Brandi Owens,4,Male,Asthma,Rehabilitation,2025-01-09,2025-01-29,Mark Beck,Kaiser Permanente
187,Amber Bowen,19,Male,Asthma,Rehabilitation,2023-07-16,2023-07-21,Kendra Harris,Aetna
188,Kristin Lopez,76,Male,Arthritis,Medication,2023-06-24,2023-07-18,Todd Singh,Cigna
189,Wanda Perez,37,Female,Migraine,Therapy,2023-09-03,2023-09-15,Charles Bailey,Aetna
190,Allison Hester,32,Female,Migraine,Surgery,2024-04-21,2024-05-20,Becky Woods,UnitedHealthcare
191,Sharon Ferguson,34,Male,Arthritis,Therapy,2024-07-22,2024-08-21,Larry Newman,Blue Cross
192,Mark Anderson,18,Female,Flu,Surgery,2023-12-16,2024-01-01,James Taylor,UnitedHealthcare
193,David Cabrera,51,Other,Arthritis,Medication,2023-08-15,2023-09-06,Allen Hodges,UnitedHealthcare
194,Stephanie Garcia,41,Male,Diabetes,Observation,2024-08-02,2024-08-16,Barbara Wilkins,Cigna
