patient_id,name,age,gender,diagnosis,treatment,admission_date,discharge_date,doctor,insurance_provider
1,Haley Brown,19,Male,Diabetes,Rehabilitation,2024-04-11,2024-04-15,Jeff Rodriguez,Blue Cross
2,Heather Blake,5,Female,Migraine,Rehabilitation,2023-03-08,2023-03-12,Kristen Park,Aetna
3,Elizabeth Reed,66,Female,Flu,Surgery,2023-04-23,2023-05-11,Matthew Martinez,Aetna
4,Laura Brown,81,Female,Migraine,Surgery,2024-10-09,2024-10-15,Kathleen Perez,Kaiser Permanente
5,Jeffrey Smith,43,Female,COVID-19,Medication,2023-10-09,2023-11-04,Emily Anderson,Kaiser Permanente
6,Brenda Sanchez,46,Male,Diabetes,Rehabilitation,2023-12-19,2024-01-06,Jeanette Adams,Kaiser Permanente
7,Jesus Mitchell,96,Male,Diabetes,Medication,2024-04-06,2024-05-04,Jacob Schroeder,Cigna
8,Rhonda Murphy,50,Female,Flu,Therapy,2023-11-04,2023-11-06,Tiffany Patterson,Kaiser Permanente
9,Teresa Hill,53,Other,Flu,Rehabilitation,2024-10-15,2024-10-30,Jennifer Hardy,Cigna
10,Molly Brewer,29,Other,Hypertension,Observation,2023-06-07,2023-07-01,Caroline Mayo,Cigna
11,Natalie Hardin,29,Male,Allergy,Medication,2024-11-16,2024-11-21,Bobby Harper,Aetna
12,Paul Sparks,89,Other,Hypertension,Observation,2024-10-04,2024-10-21,Rebecca Jones,Blue Cross
13,Anthony Cooke,43,Other,Asthma,Therapy,2023-12-11,2024-01-05,John Lee,Aetna
14,Brenda Rowe,67,Other,Flu,Therapy,2023-10-25,2023-11-16,Holly Russell,UnitedHealthcare
15,Sherry Holloway,48,Male,Arthritis,Surgery,2023-03-30,2023-03-31,Timothy Sanders,Blue Cross
16,Jeremy Larson,59,Other,Allergy,Medication,2023-04-08,2023-04-20,Steven Collins,Kaiser Permanente
17,Kendra Anderson,20,Other,Flu,Observation,2024-02-04,2024-02-06,Kristina Mcdonald MD,UnitedHealthcare
18,Todd Bennett,93,Other,Flu,Surgery,2023-06-02,2023-06-29,Maria Pierce,Kaiser Permanente
19,Kenneth Williams,55,Female,Arthritis,Rehabilitation,2025-01-26,2025-02-18,Paul Williams,Aetna
20,Pamela Hays,28,Other,Depression,Therapy,2023-08-12,2023-08-24,Deborah Roberts,Blue Cross
21,Wendy Harris,7,Female,Arthritis,Rehabilitation,2023-10-31,2023-11-21,Angela Davis,UnitedHealthcare
22,Yesenia Martin,20,Female,Migraine,Medication,2023-11-17,2023-12-13,James Williams,Kaiser Permanente
23,Tammy Pope,38,Other,Asthma,Surgery,2023-08-30,2023-09-29,Krista Cannon,Kaiser Permanente
24,Paige Mclaughlin,80,Other,Arthritis,Observation,2024-12-21,2024-12-29,Brenda Ochoa,Kaiser Permanente
25,Terri Thompson,33,Other,Migraine,Rehabilitation,2023-08-01,2023-08-06,Erin Miller,Blue Cross
26,Robert Mason,19,Other,Flu,Observation,2024-11-20,2024-12-18,John Garcia,Cigna
27,Anita Jones,9,Other,Asthma,Medication,2023-09-08,2023-10-07,Tonya Andrews,Aetna
28,Christopher Goodman,40,Other,Migraine,Rehabilitation,2024-08-11,2024-08-21,Monica Armstrong,UnitedHealthcare
29,Elizabeth Cox,42,Female,Hypertension,Therapy,2024-11-28,2024-12-16,Ryan Floyd,UnitedHealthcare
30,Victoria Jones,11,Male,Depression,Medication,2023-03-23,2023-04-22,Rebecca Li,Cigna
31,Joanna Shannon,17,Other,Allergy,Observation,2023-03-07,2023-03-09,Julia Williams,Aetna
32,Tiffany Roberts,4,Female,COVID-19,Surgery,2023-12-24,2024-01-14,Nathan Mills,UnitedHealthcare
33,Bernard Davis,23,Other,Hypertension,Therapy,2024-04-16,2024-04-24,Caitlin Cochran,UnitedHealthcare
34,Jessica Tucker,95,Other,Hypertension,Medication,2024-06-04,2024-06-23,Matthew Hernandez,Cigna
35,Tina Watkins,5,Female,Flu,Observation,2024-07-25,2024-08-06,Michael Mclaughlin,Blue Cross
36,Nicholas Torres,32,Other,Flu,Surgery,2024-11-27,2024-12-22,Tyler Gonzalez,Aetna
37,Paul Rodriguez,23,Female,Arthritis,Observation,2024-06-18,2024-07-13,Abigail Davis,UnitedHealthcare
38,Joshua Lopez,2,Other,Asthma,Surgery,2024-10-24,2024-10-25,Alexander Snow,Kaiser Permanente
39,Robin Wagner,11,Female,Depression,Medication,2024-05-27,2024-06-21,Thomas Alexander,Blue Cross
40,Brittney Allen,77,Male,Arthritis,Observation,2024-09-02,2024-09-12,Natalie Tucker,Blue Cross
41,David Tucker,96,Other,Depression,Medication,2023-11-19,2023-12-05,Wendy Johnson,Blue Cross
42,Tina Hamilton,74,Female,Migraine,Observation,2024-04-04,2024-04-05,Johnny Cortez,Cigna
43,Sheila Martinez,52,Male,COVID-19,Surgery,2023-07-04,2023-07-12,Brian Davis,Blue Cross
44,Daniel Becker,5,Other,Allergy,Therapy,2023-03-28,2023-04-23,Rhonda Ortiz,Cigna
45,Joseph Goodwin,13,Male,Migraine,Surgery,2023-08-09,2023-08-30,Deanna Swanson,UnitedHealthcare
46,Manuel White,56,Other,Hypertension,Surgery,2023-03-27,2023-04-26,Crystal Peterson,Blue Cross
47,Diana Heath,56,Male,Flu,Medication,2024-07-15,2024-07-21,Tonya Miller,Aetna
48,Eric Bird,5,Female,Diabetes,Medication,2024-01-18,2024-02-01,Alexandra Pollard,Cigna
49,Christina Edwards,69,Other,Hypertension,Observation,2023-12-07,2023-12-28,William Hinton,Kaiser Permanente
50,Amy Lewis,84,Other,Arthritis,Observation,2023-03-14,2023-03-21,Jodi Hines,Cigna
51,Michelle Hickman,16,Female,COVID-19,Surgery,2024-09-11,2024-09-24,Craig Wells,Aetna
52,Monica Reed,19,Female,Arthritis,Surgery,2023-05-04,2023-05-10,Pamela Pratt DVM,Blue Cross
53,Gloria Lane,2,Male,Asthma,Rehabilitation,2025-01-04,2025-01-31,Mary Estrada,Blue Cross
54,Anna Hamilton,5,Other,Arthritis,Medication,2024-10-02,2024-10-05,Kaylee Chase,Kaiser Permanente
55,Michael Hendricks,93,Other,Allergy,Rehabilitation,2024-11-01,2024-11-29,Martin Patel,UnitedHealthcare
56,Marcus Steele,56,Female,Diabetes,Medication,2023-06-14,2023-06-25,Thomas Gardner,Blue Cross
57,Aaron Smith,89,Female,Arthritis,Medication,2025-01-31,2025-02-07,Chelsea Brooks,Cigna
58,Patricia Gallagher,100,Female,Arthritis,Observation,2024-08-12,2024-08-13,Shannon Jackson,UnitedHealthcare
59,Gina Powell,46,Male,Asthma,Observation,2023-03-31,2023-04-18,Erica Simpson,Cigna
60,Danielle Fields,33,Female,Diabetes,Surgery,2023-07-07,2023-07-24,Brandon Wilson MD,Cigna
61,Amy Donaldson,73,Other,Flu,Surgery,2024-03-25,2024-04-05,Patricia Mack,Kaiser Permanente
62,Christopher Mitchell,19,Other,Flu,Therapy,2024-12-17,2025-01-09,Donna Rodriguez,UnitedHealthcare
63,Stephen Mcintyre,83,Male,COVID-19,Therapy,2024-02-26,2024-03-20,John Wiley,Aetna
64,Michael Hernandez,30,Male,Diabetes,Therapy,2023-05-27,2023-06-16,John Moore,Kaiser Permanente
65,Nicole Walsh,47,Female,Arthritis,Surgery,2023-07-18,2023-08-13,Rose Smith,Kaiser Permanente
66,Patrick Robles,81,Male,Hypertension,Rehabilitation,2024-02-19,2024-03-10,Jared Ward,Cigna
67,John Tran,44,Other,COVID-19,Medication,2025-02-11,2025-02-24,Alicia Thompson,Aetna
68,James Cameron,94,Other,Migraine,Surgery,2023-10-07,2023-10-20,Steven Peterson,Cigna
69,William Marks,72,Other,Arthritis,Therapy,2024-08-27,2024-09-25,Sarah Garcia,Aetna
70,David West,21,Female,COVID-19,Rehabilitation,2025-01-29,2025-02-11,Tyler Mueller,Kaiser Permanente
71,Timothy Pineda,78,Female,Allergy,Therapy,2024-08-02,2024-08-07,Nancy Andrews,Kaiser Permanente
72,Roy Morales,61,Male,Depression,Medication,2023-02-17,2023-03-10,Ashlee Smith DVM,Aetna
73,Gina Barrett,52,Female,Depression,Therapy,2024-10-13,2024-11-07,Nancy Nichols,Blue Cross
74,Jessica Nguyen,38,Male,Hypertension,Observation,2024-06-15,2024-06-24,Bobby Allen,UnitedHealthcare
75,Jacob Martinez,77,Female,Diabetes,Rehabilitation,2023-04-29,2023-05-01,Theresa Sandoval,Aetna
76,Edwin Perez,21,Male,Migraine,Surgery,2024-01-30,2024-02-23,Paula Brewer,Aetna
77,Thomas Cox,76,Male,Asthma,Therapy,2023-10-04,2023-10-15,Shirley Flores,Aetna
78,William Velazquez,79,Female,Arthritis,Medication,2024-10-29,2024-11-12,Ashley Wilson,Kaiser Permanente
79,Michele Martinez,42,Other,Asthma,Surgery,2023-09-27,2023-10-12,Leon Lopez,Kaiser Permanente
80,Duane Rivas Jr.,24,Male,Flu,Surgery,2024-11-02,2024-11-11,Erika Fritz,Blue Cross
81,Brendan Smith,63,Other,Depression,Observation,2024-05-16,2024-06-14,Amy Singh,Kaiser Permanente
82,Brian White,54,Male,Flu,Rehabilitation,2024-08-27,2024-09-12,Jennifer Roberts,Cigna
83,Misty Todd,76,Other,Allergy,Medication,2024-04-28,2024-05-21,Yvonne Wilson,Kaiser Permanente
84,Jordan Flores,93,Male,Arthritis,Surgery,2023-09-23,2023-09-30,Tammy Powell,Cigna
85,Karen Hicks,53,Other,Asthma,Therapy,2023-02-12,2023-02-16,Christina Finley,Blue Cross
86,Sarah Johnson,47,Male,Hypertension,Surgery,2023-04-08,2023-05-08,Frank Nelson,Blue Cross
87,Timothy Jensen,71,Male,Flu,Rehabilitation,2023-07-17,2023-08-10,Terrance Patel,UnitedHealthcare
88,Terri Chaney,62,Female,Migraine,Surgery,2024-04-05,2024-05-02,Joshua Keller PhD,Kaiser Permanente
89,Jesus Ortiz,43,Female,Depression,Therapy,2023-10-15,2023-10-26,Joanna Vazquez,Aetna
90,Elizabeth Sandoval,60,Other,Arthritis,Medication,2023-02-18,2023-03-16,Jeremy Martin,Aetna
91,Steven Walter,90,Male,Asthma,Surgery,2025-02-05,2025-02-24,Taylor Carlson,Kaiser Permanente
92,Pam Barnett,98,Male,Depression,Rehabilitation,2023-03-24,2023-04-08,Dylan Washington,Blue Cross
93,Leonard Ingram,43,Other,Arthritis,Medication,2024-07-28,2024-08-20,Jacob Sherman,Kaiser Permanente
94,Steven Hayden,41,Male,Hypertension,Medication,2025-01-15,2025-02-13,Luke Fox,Aetna
95,Heather Escobar,31,Other,Migraine,Medication,2023-11-11,2023-11-22,Jose Stevens,Kaiser Permanente
96,Tracy Perry,37,Other,Asthma,Medication,2023-04-10,2023-05-02,Trevor Flores,Cigna
97,Brittany Gonzalez,22,Other,Allergy,Surgery,2024-05-03,2024-05-25,Jeremy Holmes,Blue Cross
98,Travis English,69,Other,Migraine,Medication,2023-08-10,2023-08-12,James Martin,Blue Cross
99,Benjamin Coffey,65,Female,Hypertension,Surgery,2023-05-21,2023-06-09,Louis Russell,Kaiser Permanente
100,Joshua Obrien,91,Other,Hypertension,Observation,2023-06-13,2023-06-29,Edward Chambers,Aetna
101,Mr. Juan Washington DDS,59,Female,Allergy,Observation,2023-12-17,2024-01-10,Scott Peterson,Cigna
102,Christopher Clark,1,Other,Arthritis,Medication,2024-02-19,2024-03-12,Danielle Brown,Aetna
103,Kathleen Christian,74,Other,COVID-19,Medication,2023-04-23,2023-05-01,Justin Morrison,Cigna
104,Walter Robertson,80,Male,Arthritis,Observation,2023-06-01,2023-06-12,Judith Silva,Blue Cross
105,Eric Thompson,56,Female,Migraine,Therapy,2024-12-12,2025-01-05,Anthony Jackson,Kaiser Permanente
106,Claire Gray,8,Other,Arthritis,Observation,2024-12-09,2024-12-12,Aaron Williamson,Aetna
107,Derek Delacruz,81,Female,Arthritis,Medication,2023-07-31,2023-08-09,Heather Dunn,Aetna
108,Kyle Miller,65,Female,COVID-19,Therapy,2024-07-02,2024-07-10,Patrick Moore,UnitedHealthcare
109,Mark Hale,28,Male,Flu,Surgery,2024-02-11,2024-02-16,Latasha Frost,Cigna
110,Holly Smith,68,Male,Migraine,Rehabilitation,2023-06-19,2023-06-22,Kayla Morgan,UnitedHealthcare
111,Michael Meyer,1,Male,COVID-19,Therapy,2023-06-18,2023-07-18,Rodney Lamb,Cigna
112,Kristin Salazar,43,Male,COVID-19,Therapy,2025-02-05,2025-02-14,Deborah Ward,Kaiser Permanente
113,Ashley Shaw,28,Female,Migraine,Observation,2024-10-11,2024-11-09,Michelle Sims,Blue Cross
114,Candace Johnson,4,Female,Diabetes,Observation,2025-02-09,2025-03-06,Jonathan Gibbs,Blue Cross
115,Jason Morgan,83,Male,Migraine,Therapy,2024-05-15,2024-05-19,Lisa Hernandez,UnitedHealthcare
116,Eric Williams,19,Other,Hypertension,Observation,2023-07-29,2023-08-18,William Rios Jr.,Cigna
117,Dean Woods,65,Male,Asthma,Observation,2023-06-06,2023-06-27,Christina Nash,Aetna
118,John Bowen,25,Male,Depression,Medication,2023-07-03,2023-07-19,Christopher Rodriguez,Cigna
119,Dennis Hood,29,Female,Flu,Medication,2023-05-18,2023-06-10,Jacqueline Moss,Cigna
120,Patrick Campbell,28,Other,Hypertension,Therapy,2024-05-11,2024-05-30,Cameron Roman,Cigna
121,Carlos Booker,76,Female,Arthritis,Surgery,2024-04-21,2024-05-20,Michelle Lloyd,Blue Cross
122,Morgan Davis,32,Other,Asthma,Therapy,2024-09-23,2024-10-23,Jessica Bond,Blue Cross
123,John Castillo,53,Female,Flu,Observation,2024-03-16,2024-04-05,Michelle May,UnitedHealthcare
124,Tracy Mendez,50,Female,Arthritis,Observation,2023-07-13,2023-07-15,Robin Lee,Cigna
125,Susan Chung,90,Male,Depression,Surgery,2023-02-16,2023-02-20,Amanda Shields,Blue Cross
126,Ricardo Keller,16,Male,Allergy,Therapy,2025-01-11,2025-02-01,Ryan Baker,Blue Cross
127,Jonathan Gardner,46,Other,Arthritis,Rehabilitation,2023-12-02,2023-12-30,Jessica Ingram,Blue Cross
128,Andrea Hill,14,Other,Diabetes,Therapy,2023-06-02,2023-06-16,Adam Alvarado,UnitedHealthcare
129,Elizabeth Bell,89,Other,Flu,Rehabilitation,2023-09-19,2023-09-24,Samantha Oliver,Cigna
130,Crystal Collins,30,Male,Diabetes,Therapy,2023-07-11,2023-07-26,David Allison,Cigna
131,Tamara Wise,36,Other,Flu,Rehabilitation,2024-09-08,2024-10-07,Robert Hopkins,Blue Cross
132,Brian Tucker,65,Male,Arthritis,Therapy,2023-06-11,2023-06-12,Daniel Campbell,UnitedHealthcare
133,Keith Stuart,59,Male,Diabetes,Surgery,2024-12-03,2024-12-24,Dennis Doyle,Kaiser Permanente
134,Jason Leonard,34,Male,Migraine,Surgery,2024-01-12,2024-01-25,Lauren Olson,UnitedHealthcare
135,Adam Weiss,16,Male,Arthritis,Therapy,2024-05-30,2024-06-29,Scott Kim,Aetna
136,Christine Jenkins,42,Male,Asthma,Rehabilitation,2023-10-20,2023-10-21,Emma Hines,Aetna
137,Kendra Scott,80,Male,COVID-19,Observation,2024-02-04,2024-02-24,Kristina Weiss,Blue Cross
138,Krista Martin,76,Male,Depression,Rehabilitation,2024-08-21,2024-09-12,Ariel Torres,Blue Cross
139,Matthew Weaver,11,Male,Asthma,Therapy,2023-05-27,2023-06-26,Michael Bell,UnitedHealthcare
140,Taylor Johnson,52,Female,Hypertension,Rehabilitation,2023-03-26,2023-04-09,Brittany Johnson,Kaiser Permanente
141,Justin Rivera,90,Female,COVID-19,Surgery,2023-11-21,2023-12-21,Karen Simmons,Aetna
142,Lori Simpson,74,Other,Arthritis,Medication,2023-02-17,2023-03-06,Michael Logan,Kaiser Permanente
143,Jacob Glenn,45,Other,Asthma,Surgery,2024-04-18,2024-05-09,Heather Montgomery,Aetna
144,Melissa Marshall,71,Other,Migraine,Surgery,2023-11-04,2023-11-07,Wendy Obrien,Blue Cross
145,Andrea Sanchez,40,Female,Depression,Therapy,2023-08-18,2023-09-02,Misty Stewart,Blue Cross
146,Shaun Gibson,43,Female,Diabetes,Medication,2024-03-19,2024-04-18,Kevin Mcdaniel,Blue Cross
147,Nathan Hodge,42,Male,Hypertension,Observation,2024-03-17,2024-04-01,Todd Lawson,Cigna
148,John Simon,39,Male,Migraine,Medication,2023-12-24,2024-01-16,Kelli Norton,Cigna
149,Zachary Wilson,97,Female,Hypertension,Rehabilitation,2024-10-29,2024-11-11,Ebony Mayo,Cigna
150,Teresa Fields,12,Male,COVID-19,Observation,2023-07-01,2023-07-23,Carolyn Hoffman,Kaiser Permanente
151,Jessica Pruitt,42,Other,Asthma,Surgery,2023-11-25,2023-12-24,Tanner Little,Blue Cross
152,James Morgan,39,Other,Asthma,Medication,2024-11-27,2024-12-26,Emily Murphy,Aetna
153,Sean Hunter,98,Other,Flu,Medication,2023-11-26,2023-11-27,Victor Huang,Blue Cross
154,Tyler Johnson,5,Other,Arthritis,Rehabilitation,2024-04-23,2024-05-19,Christy Lindsey,Cigna
155,Madison Ross,40,Female,Hypertension,Observation,2024-07-14,2024-07-22,Kevin Smith,Cigna
156,Anne Alvarez,62,Male,Depression,Surgery,2023-08-31,2023-09-11,Sarah Johnson,Blue Cross
157,Erica Moon,65,Male,COVID-19,Surgery,2024-02-17,2024-03-02,Lisa Adams,UnitedHealthcare
158,John Andrews,20,Other,COVID-19,Surgery,2024-02-23,2024-03-16,Natalie King,Aetna
159,Colin Harris,16,Female,Flu,Therapy,2024-11-09,2024-11-29,Meghan Anderson PhD,UnitedHealthcare
160,Kelly Bautista,24,Other,Arthritis,Rehabilitation,2024-03-20,2024-04-16,Rodney Meadows,Blue Cross
161,Shawn Schaefer,68,Other,Hypertension,Therapy,2023-07-25,2023-08-09,Kelly Gonzalez,Aetna
162,Sarah Marquez,42,Male,Asthma,Therapy,2023-04-03,2023-04-15,Nicholas Woods,Cigna
163,Dennis Hernandez,15,Male,Asthma,Rehabilitation,2024-03-15,2024-04-09,Angela Hoffman,UnitedHealthcare
164,Chelsea Fields,0,Other,Diabetes,Rehabilitation,2023-08-11,2023-08-29,Janice Perry,Blue Cross
165,James Ross,55,Other,Arthritis,Surgery,2023-07-08,2023-07-20,Patrick Moore,Blue Cross
166,Cheyenne Harmon,3,Other,COVID-19,Observation,2024-03-02,2024-03-15,Robert Owen,Cigna
167,Dana Bean,17,Female,Diabetes,Surgery,2024-08-21,2024-08-26,Austin Phelps,Blue Cross
168,Keith Rodriguez,89,Male,Migraine,Surgery,2024-02-27,2024-03-19,Andrew King,Aetna
169,David Johnson,57,Female,Flu,Medication,2023-10-19,2023-11-09,Ryan Austin,UnitedHealthcare
170,Joseph Reynolds,62,Female,Arthritis,Surgery,2024-01-27,2024-02-08,Lori Miller,Cigna
171,Teresa Cochran,99,Male,Flu,Medication,2023-04-06,2023-04-29,Kimberly Lyons,Kaiser Permanente
172,Amanda Perez,99,Female,Depression,Medication,2024-10-31,2024-11-09,Michael Silva,Kaiser Permanente
173,Wesley Shah,62,Other,Hypertension,Therapy,2023-04-25,2023-05-10,Jamie Nguyen,Aetna
174,Charlotte Craig,96,Male,Flu,Observation,2025-01-03,2025-01-29,Miss Wanda Carpenter,Cigna
175,David Wilson,94,Female,Arthritis,Surgery,2023-11-18,2023-12-07,Julie Hale,Aetna
176,Emma Smith,45,Female,COVID-19,Medication,2023-02-23,2023-03-09,Melinda Peters,Kaiser Permanente
177,Edward Howard,86,Female,Hypertension,Therapy,2023-02-24,2023-03-05,Mrs. Heather Fuller,Cigna
178,Brenda Watkins,50,Female,Hypertension,Rehabilitation,2023-07-21,2023-07-23,Kaitlyn Scott,UnitedHealthcare
179,Lawrence Gomez,67,Male,Asthma,Therapy,2023-08-22,2023-08-24,Zachary Castro,Cigna
180,Jordan Franklin,62,Female,Depression,Therapy,2024-03-05,2024-03-26,Gina Marshall,UnitedHealthcare
181,Melissa Walsh DDS,53,Other,Asthma,Therapy,2023-05-23,2023-06-04,Michael Price,Aetna
182,Thomas Johnson,12,Male,Hypertension,Medication,2024-10-06,2024-10-18,Richard Rice,Cigna
183,Jacob Hart,54,Female,Migraine,Rehabilitation,2023-10-28,2023-11-20,Scott Ramirez,Kaiser Permanente
184,Sarah Wong,1,Female,Diabetes,Surgery,2024-03-06,2024-04-01,Justin King,Blue Cross
185,Bryan Carrillo,46,Other,Allergy,Surgery,2024-09-09,2024-09-26,Rickey Delacruz,UnitedHealthcare
186,Christopher Herrera,28,Female,Depression,Therapy,2024-02-12,2024-02-18,Karen Walker,Kaiser Permanente
187,Erin Mendez,33,Female,Flu,Observation,2024-03-13,2024-03-25,Anthony Osborn,Blue Cross
