patient_id,name,age,gender,diagnosis,treatment,admission_date,discharge_date,doctor,insurance_provider
1,Angela Davis,7,Female,Allergy,Therapy,2024-07-03,2024-07-20,Meagan Swanson,Aetna
2,Reginald Burnett,10,Female,Depression,Therapy,2024-11-29,2024-12-19,Stephen Lane,Kaiser Permanente
3,Nicholas Martinez,13,Other,Allergy,Surgery,2024-03-29,2024-04-01,Carrie Vargas,Blue Cross
4,Jeffrey Keller,28,Male,Asthma,Observation,2023-10-30,2023-11-10,James Oliver,Cigna
5,Randy Roberts,43,Male,Hypertension,Rehabilitation,2024-11-29,2024-12-12,Charles Duncan,Aetna
6,Jason Brooks,83,Other,Asthma,Therapy,2024-07-15,2024-08-02,Michael Mckee,Cigna
7,Samuel Herman,77,Female,COVID-19,Medication,2025-01-14,2025-01-25,Caitlin Conner,Kaiser Permanente
8,Kendra Morgan,13,Male,Hypertension,Rehabilitation,2024-11-19,2024-12-07,Ricky Velez,Kaiser Permanente
9,Douglas Bush,10,Male,COVID-19,Surgery,2023-03-03,2023-03-11,Kelly Alvarez,UnitedHealthcare
10,Heather Young,28,Male,Depression,Rehabilitation,2024-10-11,2024-10-14,Rebecca Solomon,UnitedHealthcare
11,Monica Hale,23,Female,Migraine,Medication,2024-01-27,2024-02-17,Elizabeth Lee,Kaiser Permanente
12,Donna Gonzalez,1,Female,Diabetes,Surgery,2023-07-31,2023-08-06,Susan Rodriguez,UnitedHealthcare
13,Michelle Fletcher,34,Male,Flu,Observation,2024-09-14,2024-10-05,Garrett Anderson,UnitedHealthcare
14,Tyler Hubbard,51,Other,Depression,Surgery,2023-12-29,2024-01-17,Christopher Romero,Kaiser Permanente
15,Jack Wright,69,Female,Allergy,Medication,2024-01-18,2024-01-30,Michael Smith,Kaiser Permanente
16,Wanda Chambers,37,Male,Asthma,Rehabilitation,2024-09-21,2024-10-04,Tracy Cooper,UnitedHealthcare
17,Brandon Trujillo,20,Female,Arthritis,Medication,2024-05-18,2024-05-24,Dustin May,Kaiser Permanente
18,Rebecca Alexander,49,Male,Asthma,Observation,2023-07-28,2023-08-08,Holly Finley,Kaiser Permanente
19,Kelsey Sanchez,88,Male,Depression,Observation,2023-05-27,2023-06-10,Christopher Watts,Cigna
20,James Campos MD,64,Male,Asthma,Therapy,2024-12-13,2024-12-20,Jacob Thomas,Cigna
21,Susan Austin,3,Female,Diabetes,Surgery,2024-05-24,2024-05-29,Pam Fuentes,Blue Cross
22,Amy Woods,88,Other,COVID-19,Surgery,2024-11-15,2024-11-17,Jonathon Anderson,Kaiser Permanente
23,Maria Brown,64,Other,Arthritis,Surgery,2024-01-22,2024-02-15,Veronica Mason,Blue Cross
24,Bryan Gonzalez,20,Male,Migraine,Surgery,2024-02-17,2024-02-18,Tracy Atkins,Cigna
25,James Robinson,74,Male,Hypertension,Therapy,2025-02-09,2025-02-28,William Warren,UnitedHealthcare
26,Jason Atkins,10,Other,Arthritis,Medication,2024-12-29,2025-01-01,Jane Lawson,Kaiser Permanente
27,Nicole Hawkins,94,Other,Hypertension,Rehabilitation,2024-09-09,2024-09-22,Belinda Woodard,Kaiser Permanente
28,Jacob Mason,20,Other,Diabetes,Observation,2024-09-12,2024-09-26,Haley Larson,Aetna
29,Roy Sanchez,24,Other,Asthma,Observation,2024-03-05,2024-04-04,Mark Miller,Kaiser Permanente
30,Chelsea King,4,Female,Flu,Surgery,2024-03-05,2024-03-06,Marissa Jackson,Cigna
31,David Lee,88,Other,Allergy,Rehabilitation,2023-09-26,2023-10-24,Lauren Morales,Kaiser Permanente
32,Jessica Williams,30,Female,Migraine,Medication,2024-04-10,2024-04-16,Patricia Wallace,Blue Cross
33,Nicholas Booker,53,Male,Hypertension,Rehabilitation,2023-09-05,2023-10-03,Amy Williams,Cigna
34,Christopher Miller,67,Female,Arthritis,Therapy,2023-09-19,2023-09-28,Nathan Lopez,Blue Cross
35,George Donaldson,84,Other,Depression,Rehabilitation,2023-06-14,2023-06-25,Wendy French,Kaiser Permanente
36,Anne James,6,Other,Hypertension,Therapy,2024-05-10,2024-06-05,Marissa Wiggins,Kaiser Permanente
37,Carrie Warren,31,Other,Arthritis,Rehabilitation,2024-05-25,2024-06-20,John Henderson,Kaiser Permanente
38,Daniel Gonzalez,33,Other,Hypertension,Therapy,2023-05-21,2023-06-13,Jackson Daniel,Kaiser Permanente
39,Shelly Neal,93,Female,Hypertension,Therapy,2023-05-04,2023-05-27,Daniel Brown,UnitedHealthcare
40,Mia Miller,87,Male,Asthma,Medication,2023-10-06,2023-10-07,Barbara Porter,Cigna
41,Monica Franco,20,Other,Hypertension,Rehabilitation,2024-11-13,2024-11-27,Dr. Richard Li,Kaiser Permanente
42,Savannah Reynolds,90,Male,Arthritis,Rehabilitation,2023-06-22,2023-07-15,Ronald Holden,Cigna
43,Patricia Larson,12,Female,Diabetes,Observation,2024-08-21,2024-09-04,Alyssa Hoffman,Blue Cross
44,Daniel Mendoza,20,Male,Flu,Medication,2023-09-04,2023-09-19,Molly Reid,Aetna
45,Robert Burch,32,Other,COVID-19,Medication,2023-11-04,2023-12-01,Margaret Scott,Blue Cross
46,Sarah Bryant,99,Female,Depression,Observation,2023-04-21,2023-04-24,Tiffany Castillo,Cigna
47,Destiny Green,90,Male,Flu,Surgery,2023-05-04,2023-05-13,Tracy Mckee,Aetna
48,Patricia Murray,41,Female,COVID-19,Rehabilitation,2023-12-21,2024-01-02,Charles Floyd,UnitedHealthcare
49,Alison Cain,42,Other,Flu,Rehabilitation,2023-05-10,2023-06-08,Jessica Jackson,Cigna
50,Isaac Johnson,50,Other,Arthritis,Surgery,2024-03-28,2024-04-04,Debra Miller,UnitedHealthcare
51,Barbara Joseph,100,Other,Allergy,Rehabilitation,2024-06-08,2024-07-03,Christine Norris,Cigna
52,Daniel Harris,1,Other,Flu,Rehabilitation,2024-06-26,2024-07-21,Virginia Ryan,Aetna
53,Stephanie Williams,79,Male,Diabetes,Rehabilitation,2023-09-20,2023-10-15,Joe Fisher,Blue Cross
54,Elizabeth Richardson,57,Male,COVID-19,Observation,2024-02-02,2024-02-12,Crystal Miller,Cigna
55,John Farrell,40,Male,Diabetes,Rehabilitation,2023-05-06,2023-05-17,Mary Donovan,Kaiser Permanente
56,Jonathan Gordon,44,Other,Diabetes,Rehabilitation,2024-07-21,2024-07-27,John Ortega,Kaiser Permanente
57,Krista Roberts,41,Female,Arthritis,Surgery,2024-10-16,2024-11-02,Kayla Shelton,Cigna
58,Lisa Coleman,56,Other,Hypertension,Rehabilitation,2023-03-17,2023-03-22,Patricia Patel,Kaiser Permanente
59,William Campbell,67,Female,Arthritis,Rehabilitation,2024-11-21,2024-12-15,Courtney Martin,Blue Cross
60,Casey Diaz MD,54,Male,Arthritis,Rehabilitation,2023-02-16,2023-03-13,Daniel Davis,Kaiser Permanente
61,Gregory Brown,48,Male,Flu,Surgery,2025-01-30,2025-02-07,John Cox,Kaiser Permanente
62,Andrew Booth,38,Other,COVID-19,Observation,2023-06-21,2023-07-09,Leslie Christensen,UnitedHealthcare
63,Nicole Burnett,18,Male,Hypertension,Observation,2023-11-03,2023-11-05,Michael Wilson,Aetna
64,Amanda Sloan,56,Female,Hypertension,Surgery,2023-11-27,2023-12-27,James Bradford,Aetna
65,Amber Baker,43,Male,Allergy,Rehabilitation,2024-12-10,2024-12-19,Kevin Williams,Blue Cross
66,Grace Wilson,55,Other,Hypertension,Rehabilitation,2024-06-08,2024-06-15,Terry Simmons,Cigna
67,Brandon Larsen,25,Female,Migraine,Medication,2023-05-08,2023-06-07,Monica Martin,Kaiser Permanente
68,Linda Padilla,49,Other,Allergy,Surgery,2024-04-06,2024-04-15,Kevin Matthews,Kaiser Permanente
69,Mckenzie Hughes,3,Female,Hypertension,Medication,2023-07-25,2023-08-06,Tonya Graham,Kaiser Permanente
70,John Kennedy,87,Other,Diabetes,Observation,2023-04-24,2023-04-27,Whitney Powell,UnitedHealthcare
71,Elizabeth Ballard,83,Other,Hypertension,Therapy,2023-02-15,2023-03-06,Elaine Anderson,UnitedHealthcare
72,Jonathan Harris,78,Other,Allergy,Surgery,2025-01-01,2025-01-10,Thomas Ward,Cigna
73,Veronica Bradford,47,Male,Migraine,Therapy,2024-02-09,2024-03-08,Penny Harmon,Blue Cross
74,Jeffrey Velasquez,77,Female,Allergy,Surgery,2024-09-14,2024-10-09,Tiffany Mcclain,Blue Cross
75,Megan Miller,79,Other,Asthma,Observation,2024-04-29,2024-05-26,Justin Thompson,Aetna
76,Thomas Hunter,60,Male,Diabetes,Surgery,2023-05-12,2023-05-24,Jeffrey Cunningham,Kaiser Permanente
77,David Turner,53,Female,Depression,Therapy,2023-03-21,2023-03-31,Jennifer Jones,Cigna
78,Earl Mays,11,Male,Flu,Observation,2023-03-03,2023-03-15,William Atkinson,Kaiser Permanente
79,Christine Simpson,13,Male,Asthma,Medication,2023-09-28,2023-10-25,Alexandra Delgado,UnitedHealthcare
80,Norma Gonzalez,56,Female,Asthma,Therapy,2024-03-27,2024-04-13,William Mitchell,Aetna
81,Katie Wright,77,Other,Depression,Therapy,2023-09-04,2023-09-13,Devon Ward,Blue Cross
82,Krista Morse,75,Male,Hypertension,Surgery,2023-03-11,2023-03-23,Matthew Larson,UnitedHealthcare
83,Casey Warren,74,Other,Arthritis,Medication,2024-01-20,2024-01-21,Audrey Moody,UnitedHealthcare
84,Tricia Hall,64,Female,Migraine,Therapy,2023-08-31,2023-09-01,Larry Barnes,UnitedHealthcare
85,Dustin Larson,0,Other,Allergy,Medication,2024-07-17,2024-08-16,Ashley Cox,Cigna
86,Teresa Smith,38,Female,Allergy,Observation,2023-10-02,2023-10-16,Tara Koch,Cigna
87,Walter Smith,95,Female,Flu,Observation,2024-07-28,2024-08-27,Denise Allen,Aetna
88,Anthony Gray,78,Other,Hypertension,Surgery,2023-10-06,2023-11-03,Ian Ewing,Blue Cross
89,Stacey Stephens,47,Male,COVID-19,Medication,2024-11-07,2024-11-25,Andrea Pittman,UnitedHealthcare
90,Tyler Davis,100,Female,Depression,Therapy,2024-10-14,2024-11-05,Dale Soto,UnitedHealthcare
91,Gina Lopez,26,Other,Migraine,Therapy,2024-09-16,2024-09-19,Michael Castillo,Kaiser Permanente
92,Melissa Mcknight,85,Male,Depression,Therapy,2024-09-28,2024-10-02,Brian Fisher,Blue Cross
93,Daniel Silva,0,Female,Depression,Surgery,2023-07-20,2023-08-18,Julia Fisher,UnitedHealthcare
94,Jeffrey Cook,69,Male,Arthritis,Surgery,2024-11-05,2024-12-01,Cameron Shaw,Aetna
95,Christopher Baker,35,Other,Depression,Observation,2024-07-06,2024-07-27,Nicole Bentley,Cigna
96,Juan Jennings,68,Other,Asthma,Medication,2023-08-22,2023-09-07,Kayla Carey,Aetna
97,Richard Frazier,56,Other,Allergy,Rehabilitation,2024-03-15,2024-04-08,Thomas Gonzalez,Blue Cross
98,Patricia Martinez,56,Male,COVID-19,Therapy,2024-07-01,2024-07-24,Tiffany Hernandez,Blue Cross
99,William Rios,74,Male,Migraine,Observation,2024-04-28,2024-05-20,Lori Fletcher,UnitedHealthcare
100,Rebecca Sanchez,15,Female,Diabetes,Medication,2023-07-10,2023-07-22,Bradley Solomon,UnitedHealthcare
101,Nicole Hunter,28,Other,Arthritis,Rehabilitation,2024-10-29,2024-11-12,John Gonzalez III,Aetna
102,David Floyd,82,Male,Arthritis,Observation,2024-03-04,2024-03-22,Dawn Williams,Cigna
103,Bruce Hayes,60,Female,Allergy,Surgery,2024-07-01,2024-07-19,Diane Barnett,Blue Cross
104,Michael Wagner,12,Female,Allergy,Surgery,2023-03-14,2023-03-17,Michele Reed,Blue Cross
105,Audrey Perry,28,Female,Depression,Therapy,2024-10-13,2024-10-18,Traci Fisher,UnitedHealthcare
106,Matthew Ramos,17,Other,COVID-19,Therapy,2023-04-21,2023-05-01,Monica Hamilton,UnitedHealthcare
107,Robert Gonzalez,42,Male,Arthritis,Observation,2025-01-03,2025-01-04,Jennifer Long,UnitedHealthcare
108,Christopher Carlson,11,Female,Migraine,Observation,2023-07-13,2023-08-07,Richard Rhodes,UnitedHealthcare
109,Kathy Castillo,54,Male,Asthma,Surgery,2024-10-08,2024-10-14,Theresa Graves,Blue Cross
110,Courtney Thompson,22,Other,Hypertension,Medication,2023-11-25,2023-12-09,Leslie Kennedy,Aetna
111,Bobby Moore,22,Male,Arthritis,Medication,2024-05-26,2024-06-22,Rebecca Morales,Cigna
112,Robert Walsh,44,Other,Arthritis,Observation,2024-07-17,2024-08-07,Samantha Mullins,Aetna
113,Justin Young,18,Other,Migraine,Observation,2024-10-18,2024-10-25,Mr. Dustin Knight,Aetna
114,Matthew Golden,87,Male,Asthma,Medication,2024-08-25,2024-09-16,Daniel Rhodes,Cigna
115,Michael Clayton,59,Male,Diabetes,Rehabilitation,2023-06-22,2023-06-25,Emily Fisher,Aetna
116,Christina Hawkins,29,Male,Hypertension,Surgery,2024-08-13,2024-08-16,Eric Watson,Kaiser Permanente
117,Thomas Wang,100,Male,Arthritis,Therapy,2024-01-14,2024-02-01,Bridget Brown,Kaiser Permanente
118,Katrina Aguirre,40,Male,Depression,Surgery,2023-08-17,2023-09-01,Julia Mathis,UnitedHealthcare
119,Kelly Hess,38,Male,Allergy,Observation,2024-02-23,2024-02-29,Henry Hunter,UnitedHealthcare
120,Leslie Johnson,46,Female,Asthma,Observation,2024-07-06,2024-07-18,Christina Brown,Blue Cross
121,Tara Cuevas,16,Other,Arthritis,Observation,2024-05-04,2024-05-27,Sara Patterson MD,UnitedHealthcare
122,Adriana Hahn,57,Other,Diabetes,Medication,2024-11-24,2024-12-13,Jacob Shea,UnitedHealthcare
123,Mike Phelps,36,Other,Allergy,Therapy,2024-01-08,2024-01-28,Jennifer Kennedy,Blue Cross
124,Justin Morris,64,Male,Asthma,Therapy,2024-01-01,2024-01-28,Willie Johnson,Kaiser Permanente
125,Jose Briggs,37,Male,Asthma,Observation,2024-06-23,2024-07-08,Angela Newman,Aetna
126,Brandon Sanders,100,Male,Depression,Observation,2024-11-09,2024-11-26,Kathy Williams,UnitedHealthcare
127,Stacy Malone,23,Female,COVID-19,Rehabilitation,2024-05-11,2024-05-17,Tiffany Garcia,Blue Cross
128,Lori Kim,28,Male,COVID-19,Therapy,2023-04-04,2023-04-19,James Thompson,Kaiser Permanente
129,Joseph Keith,0,Female,Migraine,Rehabilitation,2024-09-17,2024-09-18,Nicole West,UnitedHealthcare
130,Kevin Serrano,9,Female,Diabetes,Surgery,2024-08-10,2024-09-09,Jeremy Daugherty,Kaiser Permanente
131,Kelly Donovan,91,Male,Depression,Therapy,2024-10-02,2024-10-11,Miss Annette Roach DDS,Kaiser Permanente
132,Andre Ibarra,91,Male,Diabetes,Therapy,2023-06-02,2023-06-26,Ethan Stewart,Aetna
133,Lori Evans,96,Male,Arthritis,Surgery,2023-03-03,2023-03-27,Cassandra Payne,Aetna
134,Michelle Chen,9,Female,Migraine,Rehabilitation,2025-02-03,2025-02-07,Michelle Ingram,Cigna
135,Javier Booker,32,Female,Flu,Surgery,2024-12-31,2025-01-05,Ronald Pugh,Kaiser Permanente
136,Shane Riddle,99,Female,Migraine,Medication,2023-07-23,2023-08-01,James Banks,UnitedHealthcare
137,Brandi Duran,76,Other,Flu,Medication,2023-08-19,2023-09-10,Alec Hughes,Aetna
138,Christopher Lucas,76,Other,Hypertension,Rehabilitation,2023-12-30,2024-01-29,John Stanley,Kaiser Permanente
139,Paul White MD,62,Other,COVID-19,Observation,2023-06-12,2023-07-01,Cheryl Brown,Blue Cross
140,Shannon Golden,50,Female,Hypertension,Rehabilitation,2024-06-25,2024-07-06,Renee Leblanc,Kaiser Permanente
141,Jason Hernandez,67,Female,COVID-19,Therapy,2025-01-25,2025-01-27,Mathew Williams,UnitedHealthcare
142,Nicholas Johnson,64,Male,Allergy,Observation,2024-12-09,2024-12-10,David Phillips,Blue Cross
143,Carolyn Forbes,57,Male,Allergy,Rehabilitation,2023-07-18,2023-08-03,Sarah Lozano,Aetna
144,Laura Ross,64,Male,Migraine,Therapy,2024-09-13,2024-10-05,Joshua James,UnitedHealthcare
145,Jared Wiggins,62,Male,Flu,Medication,2024-01-19,2024-02-18,Garrett Sandoval,Cigna
146,Katelyn Yang,33,Female,Migraine,Rehabilitation,2023-05-04,2023-05-09,Valerie Reynolds,Kaiser Permanente
147,Monica Frazier,46,Male,Diabetes,Observation,2024-04-07,2024-04-12,Jordan Franklin,Kaiser Permanente
148,Monica Johnson,53,Other,Allergy,Observation,2025-02-05,2025-02-24,Taylor Coleman,Cigna
149,Tyler Henry,62,Other,Asthma,Rehabilitation,2024-02-07,2024-02-24,Alexis Harvey,Cigna
150,Matthew Nelson,61,Female,Flu,Surgery,2024-12-24,2025-01-09,Cody Newman,Cigna
151,George Turner,59,Other,Flu,Observation,2023-09-22,2023-10-17,Megan Phillips,Aetna
152,Tanya Walker,97,Male,Hypertension,Medication,2024-05-05,2024-05-06,Jessica Mcdowell,Aetna
153,Samuel Rose,46,Other,COVID-19,Observation,2024-12-10,2024-12-25,John Greene,Blue Cross
154,Martin Acevedo,35,Female,Arthritis,Therapy,2023-06-02,2023-06-28,Carol Holloway,Blue Cross
155,Eric Reed,56,Male,Flu,Surgery,2023-11-16,2023-11-22,Anna Mcmahon,Cigna
156,Gabriel Martinez,78,Male,Arthritis,Rehabilitation,2024-09-15,2024-09-28,Christie Brown,Blue Cross
157,Angela Bryant,81,Male,Allergy,Surgery,2023-12-27,2024-01-16,Steven Roman,Kaiser Permanente
158,Lauren Schroeder,49,Female,Diabetes,Surgery,2025-01-30,2025-02-26,Loretta Reyes,Kaiser Permanente
159,Valerie Gonzales,69,Female,Depression,Observation,2024-11-01,2024-11-20,Deborah Schmitt,Blue Cross
160,Beverly Smith,92,Other,COVID-19,Surgery,2024-08-30,2024-09-07,Joshua Sanders,Kaiser Permanente
161,Jane Rojas,7,Female,Depression,Therapy,2023-04-21,2023-05-03,Daniel Carroll,UnitedHealthcare
162,Anita Brown,66,Male,Asthma,Observation,2025-01-27,2025-02-10,John Contreras,UnitedHealthcare
163,Nicolas Riley,74,Female,Flu,Medication,2024-12-15,2025-01-02,Samantha Mitchell,Cigna
164,Cheryl Bush,78,Other,Diabetes,Observation,2023-12-13,2023-12-22,Kylie Hoover,Blue Cross
165,Anthony Lee,35,Male,Depression,Therapy,2024-02-20,2024-03-05,Benjamin Knight,Blue Cross
166,Makayla Johnson,18,Male,Arthritis,Surgery,2024-03-05,2024-03-26,Spencer Brown,Cigna
167,Debra Mcconnell,88,Male,COVID-19,Medication,2023-07-10,2023-08-01,Emily Davis,UnitedHealthcare
168,Alexis Allen,92,Male,Allergy,Medication,2023-06-08,2023-06-09,Micheal Mcdaniel,Blue Cross
169,Donna Walker,86,Other,Migraine,Rehabilitation,2024-01-17,2024-01-26,James White,Blue Cross
170,Amanda Thomas,4,Male,Allergy,Therapy,2023-12-13,2023-12-21,Sierra Johnson,Aetna
171,Robert Christensen,22,Male,Allergy,Rehabilitation,2024-02-15,2024-02-24,Andrea Johnson,Blue Cross
172,Ashley Hicks,87,Female,Arthritis,Therapy,2025-01-17,2025-01-31,Chelsea Odom,Cigna
173,Amanda Reese,47,Male,Diabetes,Rehabilitation,2024-06-25,2024-06-30,Phillip Ponce,Kaiser Permanente
174,Joseph Gomez,90,Male,Migraine,Rehabilitation,2023-11-13,2023-12-02,Alexander Koch,Aetna
175,Cameron Johnson,80,Female,Flu,Observation,2024-02-15,2024-03-07,Laura Grant,Aetna
176,Mr. James Bruce,42,Female,COVID-19,Surgery,2023-11-06,2023-12-06,Craig Hernandez,Blue Cross
177,Thomas Garcia,49,Male,Asthma,Surgery,2024-07-20,2024-08-18,Noah Brown,UnitedHealthcare
178,Harold Prince,82,Male,Depression,Medication,2024-01-18,2024-02-14,Connie Lee,Blue Cross
179,Mariah Burns,25,Female,Hypertension,Observation,2024-12-29,2025-01-28,David Brown,UnitedHealthcare
180,Keith Holmes,19,Other,Migraine,Medication,2025-02-06,2025-02-22,Melissa Thomas,Aetna
181,Ashley Rice,19,Male,Arthritis,Observation,2025-01-24,2025-02-02,Marissa Sutton,Blue Cross
182,Janet Anderson,7,Female,Allergy,Medication,2023-09-23,2023-09-24,Shaun Daniels,Blue Cross
183,Robert Bailey,42,Other,Depression,Rehabilitation,2024-06-16,2024-07-01,Dave Diaz,Cigna
184,Daniel Olson,75,Other,Migraine,Observation,2024-11-09,2024-11-22,Amber Moyer,UnitedHealthcare
185,Kimberly Cooper,17,Other,Migraine,Medication,2023-03-18,2023-03-25,Thomas Benjamin,Kaiser Permanente
186,Ronnie Horton,99,Male,Asthma,Rehabilitation,2024-04-04,2024-04-30,Diana Pena,Kaiser Permanente
187,Molly Prince,13,Female,Hypertension,Therapy,2024-03-09,2024-03-15,Kyle Morrison,UnitedHealthcare
188,Christopher Pruitt,1,Male,Asthma,Therapy,2024-06-13,2024-06-28,Casey Riddle,UnitedHealthcare
189,Dennis Smith,24,Female,Migraine,Rehabilitation,2024-08-10,2024-08-28,Julia Short,Cigna
190,Paul Whitney,82,Male,COVID-19,Therapy,2024-06-10,2024-07-05,Amber Cobb MD,Cigna
191,Tina Combs,33,Male,COVID-19,Therapy,2024-10-14,2024-10-25,Amanda Cruz,Kaiser Permanente
192,Sheila Mann,83,Other,COVID-19,Observation,2024-03-29,2024-04-07,Daisy Ryan,Cigna
193,Brian Aguirre,58,Female,Migraine,Surgery,2023-03-26,2023-04-08,Charles Brewer,Cigna
