patient_id,name,age,gender,diagnosis,treatment,admission_date,discharge_date,doctor,insurance_provider
1,Aaron Bailey,90,Other,Hypertension,Rehabilitation,2024-09-21,2024-09-28,Matthew Conner,Blue Cross
2,Shawn Hensley,71,Other,Diabetes,Rehabilitation,2024-03-23,2024-04-16,Theresa Jordan,UnitedHealthcare
3,Pam Perry,98,Male,Asthma,Medication,2024-06-16,2024-06-23,Susan Velez,Blue Cross
4,Charles Burgess,82,Female,Flu,Surgery,2023-10-14,2023-10-17,Samuel Dominguez,Blue Cross
5,Richard Smith,83,Male,Migraine,Rehabilitation,2023-02-16,2023-03-13,Brianna Griffin,Aetna
6,Amy Berry,52,Male,Hypertension,Rehabilitation,2024-06-08,2024-06-23,Caleb Hahn,Aetna
7,Lindsay Porter,1,Female,Flu,Surgery,2023-10-13,2023-10-22,Steven Oneal,Blue Cross
8,Catherine Henderson,34,Male,Migraine,Observation,2024-11-16,2024-12-03,Brandon Gonzales,Blue Cross
9,Erika Mccann,10,Other,Migraine,Rehabilitation,2023-07-04,2023-08-02,Katrina Armstrong,Aetna
10,Michelle Weaver,70,Other,Depression,Medication,2024-11-16,2024-12-10,Timothy Bell,Kaiser Permanente
11,Richard Benson,51,Male,Asthma,Observation,2024-03-17,2024-04-14,Michael Franklin,UnitedHealthcare
12,Mrs. Kylie Buchanan,81,Other,Depression,Therapy,2023-04-17,2023-04-22,Makayla Pope,Aetna
13,Emily Henderson,80,Female,Diabetes,Observation,2023-08-19,2023-09-10,Hunter Moore,Aetna
14,James Wilkinson,60,Male,Migraine,Observation,2023-10-09,2023-11-02,Ms. Paige Villegas,Blue Cross
15,Jennifer Mckee,33,Other,Asthma,Therapy,2024-10-22,2024-10-28,Anthony Washington,Kaiser Permanente
16,Jeremy Collins,78,Male,Allergy,Observation,2024-12-03,2024-12-11,Sarah Cobb,Kaiser Permanente
17,Eric Shaw,47,Female,Asthma,Medication,2024-10-05,2024-10-17,Kelly Torres,Kaiser Permanente
18,Joshua Henderson,29,Other,Asthma,Surgery,2023-05-23,2023-06-04,Dr. Cynthia Hamilton DDS,UnitedHealthcare
19,Jason Randall,43,Other,Asthma,Medication,2024-05-11,2024-05-12,Eric Chase,Blue Cross
20,Dakota Evans,19,Female,Migraine,Medication,2024-12-14,2024-12-29,George Brooks,Cigna
21,Austin Tran,2,Other,Hypertension,Surgery,2023-06-26,2023-07-02,Elijah Hahn,Aetna
22,Taylor Curtis DDS,97,Female,Asthma,Observation,2024-04-16,2024-05-04,Dennis Montgomery,Aetna
23,Amy Smith,40,Female,Asthma,Observation,2024-07-23,2024-08-16,Eric Lopez,Kaiser Permanente
24,Eduardo Ponce,98,Male,Migraine,Observation,2024-05-26,2024-06-05,Jason Gray,UnitedHealthcare
25,Kimberly Santiago,31,Other,Asthma,Medication,2024-09-16,2024-09-19,Mr. Evan Reyes,Blue Cross
26,Ryan Wilkerson,52,Female,Hypertension,Rehabilitation,2024-10-02,2024-10-16,Joy Klein,Cigna
27,Joshua Macdonald,34,Other,Flu,Surgery,2023-11-11,2023-11-12,Shannon Williams,Blue Cross
28,Daniel Burgess,79,Male,Flu,Medication,2024-08-13,2024-08-19,Sharon Phillips,UnitedHealthcare
29,Alexander Cross,50,Other,Migraine,Medication,2024-10-12,2024-10-13,Amanda Martinez,Aetna
30,Wendy Robertson,17,Female,Asthma,Rehabilitation,2024-07-01,2024-07-07,Brianna Garcia,Cigna
31,Taylor Wilkerson,68,Other,Depression,Medication,2023-08-22,2023-09-09,Steven Bean,Blue Cross
32,Jose Dunn,50,Female,Flu,Therapy,2023-05-13,2023-05-17,William Michael,Blue Cross
33,Francisco Jones,37,Female,Hypertension,Observation,2024-04-16,2024-05-13,John Carr,Blue Cross
34,Troy Jackson,90,Other,Allergy,Therapy,2024-02-20,2024-02-25,Stephanie Thomas,UnitedHealthcare
35,Bianca Taylor,52,Other,Allergy,Medication,2023-02-13,2023-02-21,Kimberly Stone,Blue Cross
36,Tara Good,79,Female,Hypertension,Medication,2023-07-02,2023-07-27,Caroline Ellis,UnitedHealthcare
37,Paige Williams,39,Male,Diabetes,Medication,2025-01-20,2025-01-29,Holly Green,Blue Cross
38,Kevin Hernandez,35,Other,COVID-19,Observation,2024-01-16,2024-02-02,Anthony Turner,Kaiser Permanente
39,Cathy Villarreal,96,Other,Flu,Medication,2024-06-05,2024-06-25,Janet Fisher,Aetna
40,Shane Jordan,49,Male,COVID-19,Therapy,2024-08-19,2024-09-05,Ronald Meza,Cigna
41,Lisa Haley,69,Male,Flu,Rehabilitation,2023-07-13,2023-07-14,Terry Fields,Cigna
42,Anthony Perez,36,Other,Migraine,Rehabilitation,2024-09-25,2024-10-03,Teresa Burton,UnitedHealthcare
43,Sierra Kennedy,64,Male,Arthritis,Medication,2023-10-09,2023-10-10,William Taylor,Kaiser Permanente
44,Daniel Snyder,9,Other,Flu,Medication,2023-08-23,2023-09-20,Virginia Jacobs,UnitedHealthcare
45,Mr. Brian Garcia,8,Female,Hypertension,Surgery,2024-09-13,2024-09-29,Jeremy Douglas,Cigna
46,Cynthia Vega,97,Other,Arthritis,Observation,2024-10-19,2024-11-16,Brian Hale,Cigna
47,Sarah Lee,6,Female,Allergy,Surgery,2023-11-30,2023-12-27,Carolyn Sandoval,Kaiser Permanente
48,Kimberly Gonzales,74,Female,Depression,Observation,2024-05-17,2024-05-28,Ricky Clark,Cigna
49,Adam Woods,92,Female,COVID-19,Rehabilitation,2024-05-09,2024-05-18,Thomas Gibson,UnitedHealthcare
50,Sarah Walker,77,Other,Asthma,Surgery,2023-05-11,2023-05-21,Hunter Miller,Blue Cross
51,Ashley Wright,56,Male,Arthritis,Surgery,2025-01-16,2025-01-24,Melinda Johnson,UnitedHealthcare
52,Haley Smith,17,Male,Arthritis,Surgery,2024-05-10,2024-05-22,Brittany Burns,Kaiser Permanente
53,James Allison,10,Female,Diabetes,Observation,2024-07-28,2024-08-16,Ashley Brown,Blue Cross
54,Tonya Martin,88,Other,Diabetes,Surgery,2023-09-29,2023-10-17,Bobby Webb,Blue Cross
55,Terry Johnson,2,Other,Allergy,Observation,2024-07-11,2024-07-23,Karen Rhodes,Aetna
56,John Nguyen,48,Female,Asthma,Observation,2023-08-18,2023-09-11,Brenda Dixon,UnitedHealthcare
57,Crystal Anderson,18,Other,Asthma,Surgery,2023-08-18,2023-09-07,Luke Brown,Cigna
58,Kayla Williams,90,Male,Diabetes,Rehabilitation,2023-03-17,2023-04-14,Cindy Douglas,Blue Cross
59,Michael Robinson,2,Other,Depression,Therapy,2023-12-07,2023-12-22,Lori Jacobson,Blue Cross
60,Tara Gilbert,3,Female,Depression,Surgery,2024-12-11,2025-01-04,David Matthews,UnitedHealthcare
61,Hannah Boyd,1,Female,Migraine,Medication,2023-05-16,2023-06-15,Anne Peterson,Cigna
62,Laura Wright,53,Male,Migraine,Observation,2024-10-19,2024-11-05,Sue Mata,UnitedHealthcare
63,Matthew Miller,65,Male,Flu,Surgery,2024-08-01,2024-08-25,Mark Miller,Aetna
64,Richard Martinez,2,Female,Flu,Medication,2023-10-08,2023-10-18,Sarah Morgan,Aetna
65,Dawn Myers,66,Female,Flu,Observation,2023-06-27,2023-07-16,Adam Howard,UnitedHealthcare
66,Amber Bates,82,Other,Flu,Rehabilitation,2024-05-29,2024-06-01,Rhonda Lawson,Blue Cross
67,Amanda Atkins,66,Female,COVID-19,Therapy,2024-02-27,2024-03-22,Sandy Smith MD,UnitedHealthcare
68,Cynthia Gill,82,Male,Asthma,Observation,2023-11-14,2023-12-08,Nancy Rodriguez,UnitedHealthcare
69,Kelly Mccarthy,4,Female,COVID-19,Observation,2023-10-14,2023-10-16,Tammy Moore,UnitedHealthcare
70,Kimberly Taylor,65,Female,Migraine,Therapy,2024-01-14,2024-01-23,Amanda Harris,Kaiser Permanente
71,Stephen Nguyen,59,Other,Hypertension,Rehabilitation,2025-01-19,2025-02-13,Olivia Johnson DDS,Blue Cross
72,Christine Murphy,61,Female,Migraine,Rehabilitation,2023-06-08,2023-06-19,James Myers,Blue Cross
73,Amanda Conrad,89,Male,Allergy,Surgery,2023-05-21,2023-06-18,Andrew Hall,UnitedHealthcare
74,Craig English,60,Female,Arthritis,Rehabilitation,2023-04-20,2023-04-28,Alexis Rodriguez,Aetna
75,Haley Jackson,65,Female,Asthma,Medication,2024-10-04,2024-10-15,Maria Brown,UnitedHealthcare
76,Thomas Tyler,77,Other,Hypertension,Therapy,2024-12-05,2024-12-17,John Ford,Kaiser Permanente
77,Cole Baker,13,Other,Migraine,Surgery,2023-05-05,2023-05-11,Mark Morgan,Aetna
78,Ronald Sandoval,18,Male,Hypertension,Rehabilitation,2024-02-18,2024-02-23,Amy Peterson,Cigna
79,Crystal Reed,2,Male,Allergy,Medication,2023-12-04,2024-01-02,Timothy Conner,Cigna
80,Brandon Carlson,56,Other,Hypertension,Rehabilitation,2024-12-24,2025-01-06,Jaclyn Kerr,Aetna
81,Charles Drake,96,Other,Hypertension,Rehabilitation,2023-12-18,2024-01-05,Nancy Richardson,Aetna
82,Dominic Lindsey,21,Male,Migraine,Surgery,2024-03-07,2024-03-14,Mark Johnson,Kaiser Permanente
83,Amanda Rivera,14,Female,Allergy,Therapy,2024-02-02,2024-02-10,Jonathan Willis,Kaiser Permanente
84,Mark George,35,Male,Arthritis,Observation,2024-07-18,2024-07-23,Summer Cox,Aetna
85,Erin Garcia,8,Female,Allergy,Observation,2025-01-20,2025-01-28,Chad Harris,Aetna
86,Jesse Williams,36,Other,Depression,Therapy,2024-11-14,2024-12-08,Shannon Martin,Aetna
87,Randall Oconnor,45,Other,Flu,Therapy,2023-03-23,2023-03-28,Jeremy Graham,Cigna
88,Benjamin Cohen,46,Male,Flu,Rehabilitation,2024-12-15,2025-01-10,Linda Vaughn,Cigna
89,Austin Montes,24,Female,Arthritis,Observation,2023-12-31,2024-01-02,Sabrina Rivera,Aetna
90,Alexandra Neal,42,Other,Diabetes,Medication,2023-03-06,2023-03-10,Richard Jones,UnitedHealthcare
91,Daniel Hooper,11,Male,Allergy,Medication,2023-05-21,2023-06-17,Madison Ruiz,Blue Cross
92,Sharon Fitzgerald,80,Other,Asthma,Observation,2025-01-08,2025-01-15,Dalton Diaz,Blue Cross
93,Tabitha Chambers,25,Other,Hypertension,Rehabilitation,2023-11-29,2023-12-06,Jennifer Miller,Blue Cross
94,Jennifer Hunt,61,Male,Hypertension,Rehabilitation,2023-11-25,2023-12-16,Shawn Spence,Aetna
95,Paul Galloway,42,Female,Arthritis,Observation,2023-05-02,2023-06-01,Elizabeth Anderson,Kaiser Permanente
96,Barbara Scott,83,Male,Flu,Rehabilitation,2023-12-01,2023-12-24,Lisa Villanueva,UnitedHealthcare
97,Rachel Schroeder,55,Female,Arthritis,Medication,2023-03-17,2023-04-14,Emily Frederick,Cigna
98,Virginia Clark,55,Female,Hypertension,Observation,2024-05-07,2024-05-27,Alex Harvey,Cigna
99,Mr. Scott Velazquez,55,Other,Diabetes,Medication,2025-01-20,2025-01-22,Sydney Roth MD,Kaiser Permanente
100,Jason Munoz,9,Other,Asthma,Observation,2023-08-08,2023-08-28,Robert Wise,Kaiser Permanente
101,Mathew Cook,0,Male,Migraine,Observation,2023-09-02,2023-09-12,Brian Garza,Aetna
102,William Green,9,Other,Migraine,Rehabilitation,2024-02-18,2024-02-26,Catherine Avery,Aetna
103,Robert Brown,31,Female,Depression,Medication,2024-07-28,2024-08-06,Katrina Hernandez,Blue Cross
104,Mrs. Sherry Oneal,0,Female,Asthma,Observation,2025-01-18,2025-01-29,Timothy White,UnitedHealthcare
105,Jessica Myers,54,Male,Arthritis,Medication,2024-12-25,2025-01-09,Christina Bowen,UnitedHealthcare
106,Mary Vasquez,59,Male,Allergy,Observation,2024-08-27,2024-09-15,Timothy Gregory,Aetna
107,Alexandria Oliver,6,Female,Migraine,Rehabilitation,2023-08-20,2023-09-09,Timothy Bernard,Blue Cross
108,Haley Dougherty,72,Male,Flu,Medication,2023-08-25,2023-09-23,Nicole Powell,Kaiser Permanente
109,Danielle Thomas,25,Female,Diabetes,Rehabilitation,2023-08-07,2023-08-10,Jennifer Newman,UnitedHealthcare
110,Samantha Gonzalez,30,Other,Hypertension,Medication,2024-02-20,2024-03-03,Brian Harris,Kaiser Permanente
111,Patrick Saunders,79,Male,Flu,Surgery,2024-01-09,2024-01-29,Caitlyn Anderson,UnitedHealthcare
112,Christopher Burton,14,Other,Flu,Rehabilitation,2023-04-25,2023-05-04,Amber Myers,Cigna
113,Brandon Wilson,35,Female,Hypertension,Rehabilitation,2024-10-25,2024-11-19,Elizabeth Ochoa,Blue Cross
114,Tiffany Baker,25,Other,Depression,Rehabilitation,2023-02-25,2023-03-16,Stephen Brown,UnitedHealthcare
115,Elizabeth Jones,95,Female,Hypertension,Observation,2024-12-15,2024-12-27,Sherry Guerrero,Blue Cross
116,Christopher Smith MD,73,Male,Hypertension,Therapy,2024-11-13,2024-11-23,Mark Johnson,Blue Cross
117,Andrea Maxwell,41,Male,Depression,Rehabilitation,2023-10-22,2023-11-02,Ashley Cook,Kaiser Permanente
118,Robert Hayes,42,Male,Asthma,Medication,2023-07-26,2023-08-14,David Thompson,Kaiser Permanente
119,Cheryl Gardner,6,Other,Allergy,Rehabilitation,2023-09-02,2023-09-26,Tina Dudley,Aetna
120,James Carlson,6,Other,Arthritis,Surgery,2024-01-04,2024-02-03,Jane Bush,Cigna
121,Erin Peck,87,Male,Diabetes,Rehabilitation,2024-02-18,2024-03-14,Jennifer Davis,Cigna
122,Steven Powell,72,Other,Flu,Medication,2025-01-28,2025-02-04,Craig Miller,Kaiser Permanente
123,Michael Williams,70,Female,Diabetes,Observation,2024-06-04,2024-06-25,Mark Preston,Aetna
124,Kristie Luna,8,Male,COVID-19,Surgery,2023-10-02,2023-10-23,Jennifer Fletcher,Kaiser Permanente
125,Mr. Christopher Baker,59,Male,Asthma,Medication,2024-11-19,2024-12-16,Candace Young,Kaiser Permanente
126,Betty Williams,95,Other,Asthma,Rehabilitation,2024-05-08,2024-06-05,Jason Smith,UnitedHealthcare
127,Michael Quinn,45,Male,Diabetes,Rehabilitation,2024-11-10,2024-11-28,Erica Campbell,Kaiser Permanente
128,Rita Thomas,18,Male,Arthritis,Therapy,2024-10-07,2024-10-16,Michelle Roberts,Cigna
129,Travis Cowan,93,Female,Migraine,Therapy,2023-02-15,2023-02-19,Gerald Thompson,Aetna
130,Bryan Myers,16,Female,Asthma,Therapy,2023-11-12,2023-11-30,Desiree Clark,Aetna
131,Haley Costa,66,Female,COVID-19,Rehabilitation,2024-05-18,2024-06-06,Victoria Caldwell,Cigna
132,Angela Greene,19,Male,Hypertension,Observation,2024-11-29,2024-12-11,Brenda Bray,Cigna
133,Travis Scott,74,Other,Diabetes,Observation,2024-07-29,2024-08-10,Beverly Doyle,Kaiser Permanente
134,William Evans,64,Male,Diabetes,Surgery,2025-01-08,2025-02-07,Hannah Torres,Kaiser Permanente
135,Heather Fields,32,Other,Allergy,Rehabilitation,2023-12-22,2024-01-09,Andrew Terry,Kaiser Permanente
136,Jordan Cook,15,Female,Arthritis,Therapy,2024-07-04,2024-07-10,Caroline Bennett,Aetna
137,Olivia Haney,21,Other,Diabetes,Surgery,2023-09-11,2023-09-29,Deborah Lopez,Aetna
138,Emma Mills,51,Male,Flu,Rehabilitation,2025-01-25,2025-02-11,Justin Mcdowell,Blue Cross
139,Julie Stevens,29,Female,Diabetes,Therapy,2023-03-10,2023-03-26,Angela Gomez,Aetna
140,Regina Haas,9,Female,Arthritis,Rehabilitation,2023-02-25,2023-03-13,Michelle Wallace,Kaiser Permanente
141,Mark Vega,93,Female,Migraine,Therapy,2023-04-26,2023-05-14,Sarah Hill,Kaiser Permanente
142,Lisa Walker,0,Other,Arthritis,Surgery,2023-09-19,2023-09-22,Scott Allen,Blue Cross
143,Heather Powell,53,Male,Migraine,Observation,2024-04-15,2024-05-09,Jacqueline Goodman,Blue Cross
144,Rachael Vang,48,Other,Depression,Therapy,2023-10-23,2023-11-03,Patricia Bray,Blue Cross
145,Joshua Patterson,90,Other,COVID-19,Medication,2023-04-19,2023-05-15,Ashley Rogers,UnitedHealthcare
146,Patrick Peters,83,Male,Flu,Observation,2024-11-18,2024-12-01,Crystal Davis,Aetna
147,Rebecca Hubbard,2,Other,Diabetes,Therapy,2023-05-12,2023-05-28,Karen Hernandez,Kaiser Permanente
148,Rebecca Bowen,45,Other,Allergy,Surgery,2023-06-16,2023-07-16,Paige Baker,Cigna
149,Scott Howell,19,Female,Asthma,Therapy,2024-07-06,2024-07-07,Wanda Torres,Kaiser Permanente
150,Misty Bennett,59,Male,Arthritis,Rehabilitation,2025-01-09,2025-02-04,Matthew Thomas,UnitedHealthcare
151,Reginald Houston,45,Male,Depression,Surgery,2023-06-14,2023-07-07,Miguel Grant,Kaiser Permanente
152,Emily Kim,57,Male,Arthritis,Medication,2023-09-04,2023-09-17,Amy Sandoval,Cigna
153,Lisa Ho,11,Female,Migraine,Medication,2023-04-27,2023-05-22,Adam Turner,UnitedHealthcare
154,Joseph Ortiz,51,Female,Arthritis,Therapy,2024-10-24,2024-11-12,John Armstrong,Kaiser Permanente
155,Heather Bailey,19,Male,Depression,Surgery,2023-12-24,2023-12-26,Carolyn Rowe,Kaiser Permanente
156,Zachary Marshall,57,Female,Hypertension,Observation,2023-06-06,2023-06-09,Sean Johnson,Kaiser Permanente
157,Angelica Griffin,49,Female,Depression,Surgery,2024-04-12,2024-04-22,Michael Duke,Cigna
158,Shelley Johnson,77,Other,Flu,Rehabilitation,2024-12-17,2025-01-12,Kathy Robinson,Cigna
159,Eric Dickson,97,Female,Migraine,Surgery,2024-04-30,2024-05-01,Lawrence Mercado,UnitedHealthcare
160,Shawn Perez,16,Female,Flu,Rehabilitation,2024-10-06,2024-10-17,Jennifer Newman,Kaiser Permanente
161,Randy Anderson,100,Female,Hypertension,Medication,2024-12-03,2024-12-24,Eric Choi,Kaiser Permanente
162,Adam Le,13,Female,Migraine,Rehabilitation,2024-01-24,2024-01-31,Gregory Vance,Aetna
163,Patricia West,71,Other,Diabetes,Therapy,2024-12-26,2025-01-12,Laura Reed,Blue Cross
164,Christian Vaughan,76,Other,Asthma,Therapy,2024-11-07,2024-11-20,Jennifer Leblanc,Aetna
165,Vickie Meyers MD,27,Male,Asthma,Medication,2023-11-12,2023-11-25,Brooke Meadows,UnitedHealthcare
166,Sarah Clements,71,Other,Depression,Surgery,2024-03-30,2024-04-28,Rachel Hammond,Blue Cross
167,Robert Johnson,74,Female,Flu,Medication,2024-08-07,2024-08-17,Miguel Gibbs,Cigna
168,George James,44,Male,Flu,Surgery,2023-04-10,2023-04-28,Robert Morris,Cigna
169,Erica Crawford,0,Female,Asthma,Rehabilitation,2023-07-12,2023-08-08,Heather Turner,Aetna
170,Jeffrey Nolan,10,Female,COVID-19,Rehabilitation,2024-01-21,2024-01-27,Jennifer King,Blue Cross
171,Nicholas Pierce,79,Male,Depression,Medication,2024-08-30,2024-09-20,Katherine Turner,Kaiser Permanente
172,Thomas Sullivan,66,Other,Migraine,Surgery,2024-11-14,2024-11-29,Robert Howard,Blue Cross
173,Jessica Ferguson,22,Male,COVID-19,Surgery,2023-04-24,2023-04-29,Nancy Campbell DVM,Aetna
174,Debbie Lee,76,Male,Hypertension,Rehabilitation,2024-01-15,2024-02-07,Kimberly Bowers,Cigna
175,Elizabeth Morgan,29,Other,Migraine,Therapy,2023-10-24,2023-11-08,Joe Webb,Kaiser Permanente
176,Rebecca Rodriguez,1,Female,Diabetes,Observation,2024-10-07,2024-10-09,Michael Kim,Cigna
177,Rachel Cameron,11,Female,Migraine,Medication,2024-09-19,2024-10-03,William Edwards Jr.,Aetna
178,Kimberly Brooks,73,Male,Hypertension,Therapy,2023-06-14,2023-07-14,Robert Fitzgerald,UnitedHealthcare
179,Nathan Mccarthy,80,Other,Depression,Surgery,2024-09-28,2024-10-18,Adam Davila,Aetna
180,Sara Brown,46,Male,Hypertension,Medication,2023-08-30,2023-09-17,Michael Boone,Aetna
181,Stephanie Owens,33,Other,Asthma,Rehabilitation,2024-09-03,2024-09-19,Kelly Chavez,Kaiser Permanente
182,Joseph Ray,2,Male,Allergy,Therapy,2024-12-11,2025-01-03,Lisa Morgan,Cigna
183,Christine Haas,0,Other,Depression,Rehabilitation,2024-01-17,2024-02-06,Julian Holder,Kaiser Permanente
184,Katie Cox,17,Other,Hypertension,Medication,2023-12-23,2023-12-31,James Espinoza,Kaiser Permanente
185,Tammie Roy,87,Male,Asthma,Surgery,2024-09-23,2024-10-17,Julia Farley,UnitedHealthcare
186,Tammy Zhang,47,Female,Arthritis,Rehabilitation,2024-10-08,2024-10-30,Robin Thomas,Blue Cross
187,Nichole Davis,7,Male,Allergy,Surgery,2023-09-05,2023-09-19,Andrew Rivera,Aetna
188,Troy Barnes,60,Male,Hypertension,Observation,2024-01-05,2024-01-11,Bob Miller,Blue Cross
189,Monica Watts,6,Other,Asthma,Rehabilitation,2023-09-29,2023-10-12,Calvin Baker,UnitedHealthcare
190,Ryan Hicks,93,Other,Diabetes,Rehabilitation,2023-10-22,2023-10-23,Lisa Hunt,Aetna
191,Laura Anderson,40,Female,Arthritis,Surgery,2024-01-27,2024-02-13,Joe Floyd,UnitedHealthcare
192,Brian Jackson,89,Female,Diabetes,Therapy,2023-08-08,2023-08-18,Cassidy Mclean,Aetna
193,Donald Barnes,51,Female,Migraine,Observation,2024-12-06,2024-12-18,Cynthia Bailey,Aetna
194,Kathryn Hodge,50,Other,Hypertension,Surgery,2023-08-30,2023-09-29,Brandon Stevens,Cigna
195,Evelyn Butler,89,Female,Allergy,Medication,2023-08-16,2023-08-21,Sean Calderon,Cigna
196,Tina Hall,36,Female,COVID-19,Medication,2024-05-06,2024-06-04,Daniel Williams,Aetna
