patient_id,name,age,gender,diagnosis,treatment,admission_date,discharge_date,DOCTOR,insurance_provider
1,Zachary Wright,25,Male,Diabetes,Surgery,2024-09-02,2024-09-22,Carolyn Roberson,Kaiser Permanente
2,Krista Turner,44,Other,Depression,Surgery,2023-12-11,2024-01-10,Karen Terry,Aetna
3,Erica Mann,38,Other,Asthma,Rehabilitation,2023-04-18,2023-05-02,Laura Lambert,Kaiser Permanente
4,Jason Garcia,24,Female,Diabetes,Rehabilitation,2024-08-11,2024-08-28,Jennifer Harris,Cigna
5,Nicholas Cook,8,Male,Flu,Surgery,2024-06-21,2024-07-08,Sheila Parrish,Kaiser Permanente
6,Michael Mckee,52,Other,Diabetes,Observation,2023-06-05,2023-06-22,Timothy Anderson,Aetna
7,Taylor Ross,44,Female,Arthritis,Medication,2024-08-15,2024-09-12,Carly Stone,Aetna
8,Taylor Schmidt,37,Other,Diabetes,Medication,2024-04-16,2024-04-23,Kyle Santiago,Aetna
9,Lisa Oneill,79,Male,Depression,Rehabilitation,2024-07-20,2024-08-16,Amy Herrera,Kaiser Permanente
10,Jeffrey Elliott,37,Male,Hypertension,Rehabilitation,2023-04-28,2023-05-18,Daisy Perry,Kaiser Permanente
11,Jennifer Flores,28,Other,Arthritis,Therapy,2024-01-26,2024-02-18,William Garcia,UnitedHealthcare
12,Jennifer Harris,19,Male,COVID-19,Rehabilitation,2024-07-11,2024-07-24,Christopher Garcia,Cigna
13,Jack Dominguez,54,Other,Flu,Medication,2023-09-22,2023-10-21,Mark Chapman Jr.,Aetna
14,Michael Watkins,44,Male,COVID-19,Medication,2023-03-08,2023-03-27,Amy Gonzalez,UnitedHealthcare
15,Sarah Melendez,19,Female,Depression,Surgery,2023-03-23,2023-04-10,Kaitlyn Gomez,Cigna
16,Kelly Chaney,42,Other,Hypertension,Medication,2023-03-16,2023-04-13,Thomas Hicks,Aetna
17,Douglas Ruiz,90,Female,Hypertension,Observation,2023-10-14,2023-11-08,Frank Carr,UnitedHealthcare
18,Andrew Fields,11,Other,Arthritis,Therapy,2023-08-25,2023-08-27,Alex Barton,Blue Cross
19,Nicholas Brown,61,Female,Diabetes,Medication,2023-10-19,2023-10-30,James Johnson,Aetna
20,Richard King,8,Other,Arthritis,Therapy,2023-02-16,2023-02-20,Heidi Graves,UnitedHealthcare
21,Sheri Daniel,78,Female,Allergy,Therapy,2023-09-15,2023-09-30,Chad Garrett,Cigna
22,Kathryn Wagner,92,Male,Diabetes,Rehabilitation,2024-07-18,2024-08-12,Jesus Haney,UnitedHealthcare
23,Darlene Bryant,29,Male,Migraine,Medication,2024-01-19,2024-02-12,Mark Wilcox,Kaiser Permanente
24,Amy Pena,96,Male,Allergy,Medication,2024-08-01,2024-08-02,Jessica Johnson,Aetna
25,Sean Coleman,9,Male,Asthma,Observation,2024-11-21,2024-12-06,Jordan Jackson,UnitedHealthcare
26,Christopher Avila,24,Other,Flu,Observation,2024-12-13,2025-01-11,Kari Gilbert,UnitedHealthcare
27,Eric Howe,26,Female,Hypertension,Medication,2023-03-29,2023-04-05,Amy Barrera,UnitedHealthcare
28,Jeff Petersen,47,Male,Allergy,Rehabilitation,2023-06-27,2023-07-15,Robert Lee MD,Aetna
29,Michael May,1,Female,Arthritis,Observation,2023-12-15,2023-12-29,Lindsay Zhang,Kaiser Permanente
30,Katrina Jenkins,33,Other,Asthma,Medication,2024-12-21,2025-01-09,John Smith,Cigna
31,Dr. Maria Brown MD,46,Other,Arthritis,Observation,2023-09-19,2023-10-18,Joseph Kelly,Cigna
32,Kelly Smith,24,Other,Allergy,Rehabilitation,2024-04-11,2024-04-28,Samantha Taylor,Blue Cross
33,Steven Woods,29,Other,Migraine,Observation,2023-06-23,2023-07-22,Amber Delacruz,UnitedHealthcare
34,Cole Phillips,37,Female,Depression,Rehabilitation,2024-03-18,2024-04-02,Sarah Holmes,Kaiser Permanente
35,Darren Morales,34,Male,Allergy,Surgery,2025-01-16,2025-02-14,Matthew Riley,UnitedHealthcare
36,Paul Alvarez,47,Other,Diabetes,Therapy,2024-03-16,2024-04-03,George Moody,Cigna
37,Tara Lam,27,Other,Flu,Medication,2024-04-27,2024-05-13,Vicki Estrada,UnitedHealthcare
38,Amber Mercado,10,Female,Arthritis,Medication,2023-08-25,2023-09-15,Richard Barton,Aetna
39,Deanna Wells,85,Female,Migraine,Observation,2023-10-14,2023-10-18,Charlene Strickland,Aetna
40,Sydney Kelley,50,Female,COVID-19,Surgery,2024-12-08,2025-01-03,Allison Kelley,UnitedHealthcare
41,Michael Dickerson,28,Other,Allergy,Therapy,2023-03-21,2023-03-31,Pamela Dunn,Aetna
42,Kathy Sullivan,17,Male,COVID-19,Surgery,2024-06-21,2024-07-06,Samantha Salinas,Cigna
43,Steven Brewer,83,Male,COVID-19,Medication,2024-08-31,2024-09-29,Mrs. Kristine Murphy,Aetna
44,Nancy Thompson,84,Male,Hypertension,Therapy,2024-11-20,2024-12-08,Anita Torres,UnitedHealthcare
45,Teresa Knox,83,Other,COVID-19,Therapy,2023-06-28,2023-07-12,Vanessa Davis,Aetna
46,Jason Ford,41,Other,Migraine,Therapy,2025-01-29,2025-02-02,Robert Frost,Kaiser Permanente
47,Patrick Patterson,41,Female,Migraine,Surgery,2023-10-21,2023-11-12,Joe Mccullough,Aetna
48,Zachary Clark,40,Female,Depression,Medication,2023-12-17,2023-12-18,Karen Torres,Kaiser Permanente
49,Scott Robinson,53,Other,Hypertension,Medication,2025-01-06,2025-01-28,Carl Vargas,Blue Cross
50,Jonathan Mckinney,49,Male,Depression,Observation,2024-07-27,2024-08-05,Eric Soto,Kaiser Permanente
51,Andre Casey,39,Male,Depression,Observation,2024-09-04,2024-09-07,Sheri Young,Kaiser Permanente
52,Carly Martinez,55,Other,Depression,Surgery,2024-06-14,2024-06-18,Victoria Holland,Cigna
53,Amy Pope,81,Other,Diabetes,Observation,2024-08-01,2024-08-12,Kenneth Holloway,Kaiser Permanente
54,Amy Graham,19,Male,Hypertension,Therapy,2023-07-21,2023-08-04,Ryan Cobb,UnitedHealthcare
55,Joe Fowler,57,Other,Arthritis,Therapy,2024-04-13,2024-04-22,Jerry Harmon,Blue Cross
56,Ryan Baker,80,Female,Hypertension,Rehabilitation,2023-11-10,2023-11-25,Adam Davis,Blue Cross
57,Adriana Baker,8,Female,Allergy,Therapy,2023-12-10,2023-12-19,Daniel Wilson,Aetna
58,William Hernandez,78,Male,Asthma,Rehabilitation,2024-06-11,2024-06-20,Steven Wiggins,Kaiser Permanente
59,Jeremy Sanders,12,Male,COVID-19,Rehabilitation,2023-03-14,2023-03-24,Jennifer Williams,Blue Cross
60,Rachel Gardner,32,Male,Allergy,Medication,2024-12-09,2024-12-26,Chad Jackson,UnitedHealthcare
61,Kristine Turner,59,Other,Depression,Observation,2023-05-11,2023-05-21,Martin Berg,UnitedHealthcare
62,Kenneth Terry,75,Other,Flu,Rehabilitation,2024-06-23,2024-06-29,Danielle Wagner,Blue Cross
63,Richard Walker,37,Other,Migraine,Surgery,2024-08-30,2024-09-11,Jennifer Hunt,Cigna
64,Lauren Gutierrez,35,Male,COVID-19,Observation,2023-10-10,2023-11-04,Pamela Carpenter MD,Cigna
65,David Carter,13,Female,Hypertension,Rehabilitation,2024-05-09,2024-05-15,Erin Miller,Blue Cross
66,Tammy Schultz,56,Female,COVID-19,Medication,2024-09-11,2024-09-20,Philip Campbell,Cigna
67,Michael Savage,17,Other,Allergy,Medication,2023-10-30,2023-11-21,Amanda Gonzalez,Blue Cross
68,Traci Weber,42,Female,COVID-19,Observation,2024-07-05,2024-07-15,John Vasquez,Cigna
69,Christopher Howard,9,Female,Depression,Rehabilitation,2024-12-02,2024-12-25,Robert Carney,UnitedHealthcare
70,Michael Mclaughlin,54,Other,Asthma,Therapy,2024-05-24,2024-06-08,Linda Fisher,UnitedHealthcare
71,Jason Washington,84,Other,COVID-19,Observation,2023-06-24,2023-06-29,Robert Shaffer,Kaiser Permanente
72,Gregory Mason,52,Male,Asthma,Observation,2024-03-23,2024-04-12,Terry Alexander,UnitedHealthcare
73,Michelle Adams,7,Female,Migraine,Rehabilitation,2025-01-01,2025-01-30,Susan Holland,Kaiser Permanente
74,Alexandria Acevedo,47,Female,COVID-19,Medication,2024-03-06,2024-04-01,Alice Beck,Blue Cross
75,Hailey Hickman,7,Female,Flu,Therapy,2023-04-18,2023-04-23,Natasha Potts,Kaiser Permanente
76,Ashley King,72,Other,Diabetes,Surgery,2024-05-07,2024-05-16,Andrew Taylor,Aetna
77,Calvin Mays,58,Female,Hypertension,Therapy,2023-02-12,2023-02-24,Heather Thompson,UnitedHealthcare
78,Paula Ali,1,Female,Flu,Rehabilitation,2023-12-26,2024-01-05,Joshua Jones,Kaiser Permanente
79,Bryan Hunter,1,Other,Hypertension,Medication,2024-09-23,2024-09-24,Eric Gonzalez,UnitedHealthcare
80,David Myers,68,Other,COVID-19,Observation,2024-07-28,2024-07-31,Travis Alvarez,Blue Cross
81,Carl Moore,10,Other,Asthma,Rehabilitation,2024-04-23,2024-05-15,Tara Glass,Aetna
82,Lisa Boone,94,Female,Arthritis,Surgery,2024-10-27,2024-11-11,Diana Jackson,UnitedHealthcare
83,Richard Hudson,54,Other,COVID-19,Medication,2023-09-17,2023-10-02,Jared Vargas,Cigna
84,Michael Oconnell,55,Female,Asthma,Therapy,2024-03-27,2024-04-01,Michael Evans,UnitedHealthcare
85,Jennifer Hughes,62,Other,Asthma,Surgery,2024-12-22,2025-01-15,Danielle Smith,UnitedHealthcare
86,John Morse,60,Female,COVID-19,Rehabilitation,2024-09-08,2024-10-02,Brian Mack,Blue Cross
87,Ashley Coleman,35,Female,COVID-19,Observation,2023-10-15,2023-10-16,Joseph Wilson,UnitedHealthcare
88,Spencer Henderson,2,Male,COVID-19,Surgery,2024-02-17,2024-02-24,Loretta Woods,Blue Cross
89,Ralph Gomez,93,Female,Diabetes,Surgery,2023-03-05,2023-04-01,Debra Williams,Cigna
90,Kevin Bridges,87,Other,Diabetes,Therapy,2024-02-27,2024-03-19,Mr. Derrick Nguyen DVM,Aetna
91,Aaron French,47,Female,Diabetes,Surgery,2023-07-08,2023-07-09,James Cook,Blue Cross
92,Alexa Carlson,72,Other,Flu,Observation,2024-11-06,2024-12-06,Sandra Moore,Cigna
93,Amy Webb,76,Male,Asthma,Medication,2024-04-12,2024-05-08,Christine Kim,Blue Cross
94,Jocelyn Golden,28,Male,Depression,Observation,2023-06-28,2023-07-06,Justin Lawrence,Blue Cross
95,Kristina Robinson,92,Male,Hypertension,Therapy,2024-06-09,2024-06-15,Sonia Harvey,Kaiser Permanente
96,Tiffany Perez,11,Female,Arthritis,Rehabilitation,2025-01-03,2025-01-25,Eric Oconnell,Aetna
97,Karen Carter,99,Male,Depression,Rehabilitation,2024-11-15,2024-12-12,Joshua Gentry,Aetna
98,Carlos Lucero,42,Male,Asthma,Therapy,2024-08-03,2024-08-04,Joanna Bailey,UnitedHealthcare
99,Christine Johnson DVM,68,Male,Allergy,Observation,2024-04-10,2024-04-12,Courtney Wong,Aetna
100,Robert Alvarado,72,Female,Migraine,Therapy,2024-10-15,2024-10-18,Randy Cain,UnitedHealthcare
101,Tammie White,64,Other,Flu,Therapy,2023-11-30,2023-12-12,Kevin Hayes,Cigna
102,Kelli Lowe,37,Other,Diabetes,Surgery,2023-03-22,2023-04-19,John Berry,Cigna
103,Rebekah White,91,Other,Allergy,Observation,2023-11-20,2023-12-14,Daniel Moreno,UnitedHealthcare
104,Daniel Glover,89,Other,Allergy,Surgery,2023-04-08,2023-05-04,Susan King,UnitedHealthcare
105,Wayne Russo,62,Male,Allergy,Medication,2024-05-14,2024-05-18,Daniel Smith,Cigna
106,Dr. Eric Copeland,6,Male,Depression,Therapy,2024-10-31,2024-11-14,Dawn Gibson,Cigna
107,Alison Burns MD,87,Male,Asthma,Observation,2023-11-26,2023-12-26,James Love,Cigna
108,Christopher Hopkins,3,Female,Depression,Observation,2024-12-08,2024-12-12,Jacob Harris Jr.,Aetna
109,David Smith,53,Other,Flu,Surgery,2025-01-27,2025-02-13,Amanda Brown,Kaiser Permanente
110,Russell Winters,87,Female,Flu,Rehabilitation,2024-03-18,2024-04-12,Deanna Smith,Aetna
111,Shawn Gibbs,12,Other,Flu,Surgery,2023-11-16,2023-11-17,Kyle Blevins MD,Cigna
112,Shirley Tate,23,Male,Flu,Therapy,2023-03-01,2023-03-07,Nicole Berry,Kaiser Permanente
113,Amanda Jackson,77,Other,Arthritis,Rehabilitation,2023-06-16,2023-06-23,Henry Hahn,Kaiser Permanente
114,Justin Moore,93,Other,COVID-19,Medication,2024-12-19,2025-01-06,Theresa Turner,UnitedHealthcare
115,Shawn Baker,69,Male,COVID-19,Therapy,2024-01-19,2024-02-13,Sheila Boyd,Cigna
116,Jacob Terrell,73,Female,Allergy,Observation,2024-04-11,2024-04-20,Eric Lopez,Blue Cross
117,William Morris,48,Female,Hypertension,Therapy,2023-04-05,2023-04-07,Dr. John Castro,UnitedHealthcare
118,Monica Barber,97,Male,Arthritis,Observation,2024-11-09,2024-11-11,Christian Hood,Aetna
119,Brian Pineda,94,Female,Allergy,Surgery,2024-11-22,2024-12-15,Lauren Gonzalez,Blue Cross
120,Tracy Villanueva,71,Male,Depression,Surgery,2024-06-09,2024-06-12,Aimee Marsh,Kaiser Permanente
121,Sheila Ryan,66,Female,COVID-19,Observation,2024-05-15,2024-05-22,Rebecca Lopez,UnitedHealthcare
122,Renee Wells,79,Male,Depression,Medication,2023-08-10,2023-08-21,Dr. David Lane,Blue Cross
123,Benjamin Patterson,20,Male,Migraine,Medication,2024-02-18,2024-03-16,Jennifer Young,Kaiser Permanente
124,Manuel Davis,29,Other,Hypertension,Medication,2024-12-24,2025-01-08,Barbara Hernandez,Cigna
125,John Carter,77,Other,Migraine,Observation,2025-02-07,2025-02-26,Randy Fisher,Aetna
126,Jennifer White,97,Male,Arthritis,Medication,2024-01-26,2024-02-10,Jason Barker,Cigna
127,Jennifer Woods,92,Other,Flu,Medication,2024-05-15,2024-05-19,Amanda Ewing,Aetna
128,Nicholas Elliott,64,Female,Asthma,Observation,2024-07-10,2024-07-15,Lisa Delgado,Kaiser Permanente
129,Elizabeth Robertson,43,Male,Asthma,Medication,2023-10-01,2023-10-06,Renee Newton,Kaiser Permanente
130,Miss Michelle Prince MD,41,Female,Diabetes,Medication,2024-01-16,2024-01-20,Tommy Carrillo,Kaiser Permanente
131,Elizabeth Martin,87,Male,Migraine,Observation,2024-12-25,2025-01-08,Holly Collins,Cigna
132,Joshua West,48,Female,Depression,Surgery,2023-06-13,2023-06-24,Joseph Barron,UnitedHealthcare
133,Michael Byrd,80,Male,Migraine,Observation,2023-07-19,2023-08-16,Tony Bennett,Cigna
134,Eduardo Burton,43,Other,Hypertension,Surgery,2023-05-25,2023-06-23,Sarah Pierce,Aetna
135,Jessica Ellis,73,Female,Diabetes,Therapy,2023-03-18,2023-04-16,Melissa Durham,Blue Cross
136,Michael Elliott,53,Female,Arthritis,Surgery,2024-09-07,2024-09-17,Angel Ross,Aetna
137,Joshua Schultz,96,Other,Allergy,Therapy,2023-12-28,2024-01-11,Charles Tapia,Blue Cross
138,Marvin Jackson,26,Female,Allergy,Rehabilitation,2024-08-11,2024-08-24,Lacey Macias,Kaiser Permanente
139,Jessica Palmer,68,Female,COVID-19,Medication,2024-04-29,2024-05-26,Briana Jarvis,Aetna
140,Joseph Sanders,17,Other,Arthritis,Rehabilitation,2024-07-12,2024-07-30,Crystal Hunt,Kaiser Permanente
141,Katie Smith,19,Female,Allergy,Observation,2024-01-10,2024-02-03,Jason Romero,Cigna
142,Christine Travis,90,Male,Depression,Surgery,2024-05-20,2024-05-21,Sandra Garcia,Aetna
143,Jeffrey Best,21,Other,Flu,Therapy,2024-06-30,2024-07-28,Erica Garcia,UnitedHealthcare
144,Sara Reese,59,Female,Migraine,Observation,2024-09-19,2024-09-28,Matthew Simmons,Cigna
145,Jeffrey Martinez,8,Other,Depression,Therapy,2024-09-21,2024-10-19,Randy Hartman,Kaiser Permanente
146,Ryan Boyd,94,Other,Flu,Surgery,2024-05-28,2024-06-05,Justin Fleming,Kaiser Permanente
147,Terry Meyer,18,Other,Depression,Rehabilitation,2023-11-10,2023-11-16,Christine Shelton,Blue Cross
148,Brianna Estrada,43,Male,Migraine,Medication,2023-03-28,2023-04-26,Brent Short,Blue Cross
149,Mary Becker,78,Male,Depression,Observation,2023-12-14,2024-01-06,Christopher Cunningham,Blue Cross
150,Lynn Freeman,35,Other,Hypertension,Therapy,2023-12-25,2024-01-05,Mark Kennedy,Kaiser Permanente
151,Rhonda Evans,14,Other,Asthma,Observation,2024-08-13,2024-08-18,Chad Carpenter,UnitedHealthcare
152,Julia King,92,Other,Asthma,Observation,2024-02-18,2024-03-11,Richard Steele,Cigna
153,David Haynes,96,Female,Migraine,Rehabilitation,2023-07-30,2023-08-14,Brandon Walker,Cigna
154,Timothy Smith,0,Other,Depression,Therapy,2023-05-12,2023-06-01,David Herman,Blue Cross
155,Natalie Richard,60,Male,COVID-19,Observation,2023-02-22,2023-03-14,Holly Johnson,UnitedHealthcare
156,Mark Dixon,61,Other,Arthritis,Rehabilitation,2024-01-20,2024-02-01,Christopher Evans,Cigna
157,Vanessa Graves,44,Other,Allergy,Therapy,2023-04-28,2023-05-28,Joshua Keller,Blue Cross
158,Alexis Thomas,65,Other,Allergy,Surgery,2023-10-26,2023-11-22,Frank Davis,Aetna
159,Eugene Trujillo,99,Female,Depression,Observation,2023-07-03,2023-07-04,Anna Frederick,UnitedHealthcare
160,Tyler Allen,54,Female,Depression,Medication,2024-07-22,2024-08-16,Amanda Price,Kaiser Permanente
161,Cristian Wilkins,93,Other,Allergy,Therapy,2024-11-23,2024-12-20,Nancy Howell,Kaiser Permanente
162,Stefanie Petty,93,Other,Diabetes,Surgery,2023-07-06,2023-08-01,Maria Hahn,Cigna
163,Keith Santana,76,Female,Diabetes,Surgery,2024-04-09,2024-04-15,Joy Perry,Cigna
164,Lisa Rogers,47,Female,Allergy,Rehabilitation,2023-04-15,2023-05-10,Joseph Simpson,Blue Cross
165,Jennifer Lopez,24,Female,Allergy,Therapy,2023-09-26,2023-10-11,Angela Rangel,Kaiser Permanente
166,Gregory Kline,65,Female,Hypertension,Rehabilitation,2023-08-13,2023-09-03,Mary Schwartz,Blue Cross
167,Linda Garner DDS,47,Male,Flu,Medication,2024-12-31,2025-01-29,Dawn Wilson,UnitedHealthcare
168,Matthew Davis,83,Male,Arthritis,Rehabilitation,2023-12-28,2024-01-01,Donald Myers,Kaiser Permanente
169,Jocelyn Williams,51,Other,Migraine,Medication,2024-09-26,2024-10-17,Jerry Wood,UnitedHealthcare
170,Ashley Duncan,66,Other,Depression,Rehabilitation,2023-08-12,2023-08-23,Kelly Welch,UnitedHealthcare
171,Jeffrey Williams,6,Female,Allergy,Observation,2024-05-23,2024-06-17,Melissa Scott,Cigna
172,Alejandro Oliver,76,Female,Allergy,Rehabilitation,2024-03-01,2024-03-28,Raymond Williams,Kaiser Permanente
173,Eric Garcia,52,Other,Hypertension,Therapy,2023-05-07,2023-05-26,Ashley Flynn,Cigna
174,Alexander Johnson,90,Other,Flu,Therapy,2023-07-07,2023-07-17,Samantha Murphy,Aetna
175,Robert Green,37,Male,Allergy,Therapy,2024-07-06,2024-07-08,Cheryl Martin,Blue Cross
176,Wesley Ramirez,58,Male,Flu,Medication,2024-04-14,2024-04-24,Thomas Clark,Kaiser Permanente
177,Jason Long,39,Other,Asthma,Surgery,2024-05-14,2024-05-17,Jordan Dawson,UnitedHealthcare
178,Brenda Collins,0,Other,Depression,Medication,2024-03-24,2024-04-09,Gary Wright,Cigna
179,Matthew Colon,83,Other,Diabetes,Therapy,2023-02-16,2023-03-06,Robert Avila,Cigna
180,Earl Cohen,98,Male,Arthritis,Rehabilitation,2023-03-11,2023-04-05,Rodney Rogers,Aetna
181,Dawn Yang,13,Female,COVID-19,Surgery,2023-12-01,2023-12-16,Nicholas Rodriguez,Kaiser Permanente
182,Jordan Smith,14,Other,Arthritis,Observation,2023-07-08,2023-07-09,Joseph Pearson,Blue Cross
183,Joseph Johnson DDS,22,Male,Allergy,Observation,2023-04-13,2023-04-14,Tracy Smith,Blue Cross
184,Raymond Hughes,68,Male,COVID-19,Rehabilitation,2024-04-27,2024-05-16,Laura Stewart,UnitedHealthcare
185,James Medina,51,Male,Flu,Rehabilitation,2024-02-02,2024-02-10,Brittany Pearson,UnitedHealthcare
186,Ryan Lewis,90,Male,Hypertension,Observation,2024-06-13,2024-07-05,Virginia Graves,UnitedHealthcare
187,Ann Diaz,78,Other,Asthma,Therapy,2024-01-26,2024-02-17,Wanda Webster,Blue Cross
188,Sarah Ewing,94,Other,Asthma,Therapy,2023-10-02,2023-10-18,David Weber MD,UnitedHealthcare
189,Rose Lewis,4,Other,Allergy,Surgery,2023-04-06,2023-04-21,Mary Neal,Cigna
190,Jessica Lopez,0,Male,Migraine,Rehabilitation,2024-08-05,2024-08-22,Mr. Alex Edwards MD,UnitedHealthcare
