patient_id,name,age,gender,diagnosis,treatment,admission_date,discharge_date,doctor,insurance_provider
1,Ronald Swanson,28,Male,Hypertension,Rehabilitation,2024-05-12,2024-06-06,Tyler Adkins,Blue Cross
2,Brenda Larson,80,Male,Depression,Rehabilitation,2023-03-31,2023-04-09,Margaret Cervantes,Aetna
3,James Meadows,43,Male,Depression,Observation,2024-02-05,2024-02-08,Maria Wilson,Cigna
4,Katrina Holden,89,Other,Depression,Observation,2023-11-04,2023-11-11,Chris Wilson,Blue Cross
5,Brandi Cole,51,Male,Migraine,Therapy,2023-07-04,2023-07-19,Zachary Robinson,Blue Cross
6,Jasmine Simmons,39,Male,Diabetes,Rehabilitation,2024-09-10,2024-09-30,Michael Moon,Blue Cross
7,Colton Braun,59,Female,Allergy,Surgery,2024-12-09,2024-12-20,Ashley Nguyen,Aetna
8,Jessica Medina,22,Male,Arthritis,Observation,2024-04-13,2024-04-24,Victoria Jones,Cigna
9,Lori Tucker,67,Female,COVID-19,Surgery,2023-10-30,2023-11-04,Brandon Rowe,Aetna
10,Michael Strong,30,Other,Flu,Observation,2024-04-18,2024-04-27,Wendy Burgess,UnitedHealthcare
11,Brent Lewis,51,Male,Allergy,Observation,2023-10-18,2023-10-31,William Bell,Kaiser Permanente
12,Justin Adams,8,Other,Depression,Therapy,2023-10-24,2023-10-26,Courtney Thompson,Blue Cross
13,Sara Higgins,37,Female,COVID-19,Surgery,2024-09-07,2024-09-23,Larry Lee,UnitedHealthcare
14,Tiffany Reynolds,34,Male,Allergy,Surgery,2024-11-04,2024-11-18,Jeffrey Smith,Kaiser Permanente
15,Dakota Perry,61,Female,Allergy,Therapy,2023-10-20,2023-10-29,Brian Klein,UnitedHealthcare
16,Melissa Potter,28,Male,Hypertension,Therapy,2024-02-13,2024-02-27,Danny Joyce,Kaiser Permanente
17,Anthony Martin,84,Other,Depression,Therapy,2024-10-23,2024-11-09,Nicholas Dean,Blue Cross
18,Amanda Hudson,81,Male,Arthritis,Therapy,2024-09-14,2024-09-18,Nicole Frederick,Aetna
19,Dillon Simmons,1,Male,Migraine,Medication,2023-06-11,2023-07-03,Dean Carrillo,Blue Cross
20,Anthony Leonard,58,Other,Arthritis,Medication,2023-06-23,2023-07-20,Joshua Fuentes,Cigna
21,Jessica Adkins,43,Male,Flu,Medication,2024-12-10,2024-12-25,Maureen Morgan,Aetna
22,Anna Castro,84,Other,Arthritis,Therapy,2023-12-04,2023-12-10,Sandra Bridges,Blue Cross
23,Casey Wood,43,Female,COVID-19,Medication,2023-11-17,2023-12-06,Steven Lewis,Kaiser Permanente
24,Jessica Bonilla,11,Male,COVID-19,Therapy,2024-09-04,2024-09-16,Vanessa Baldwin,Kaiser Permanente
25,John Grimes Jr.,98,Male,Allergy,Therapy,2023-10-31,2023-11-25,Eric Newman,UnitedHealthcare
26,Tyler Woodard,45,Other,Allergy,Medication,2024-06-13,2024-07-07,Hunter Humphrey,Cigna
27,Richard Richmond,59,Female,COVID-19,Medication,2023-12-03,2023-12-04,Brittany Thompson,Aetna
28,Alan Lewis,10,Female,Diabetes,Rehabilitation,2023-10-09,2023-10-22,Emily Wong,Cigna
29,Dustin Hernandez,77,Female,Asthma,Therapy,2023-12-07,2023-12-21,Nicole Evans,UnitedHealthcare
30,Hannah Wiggins,98,Male,Hypertension,Medication,2023-07-01,2023-07-02,Heather Madden,Cigna
31,Tammy Boyd,85,Male,Flu,Medication,2025-02-04,2025-02-19,Ruth Lee,Cigna
32,Nathan Juarez,28,Male,Flu,Therapy,2024-04-28,2024-05-24,Jessica Lee,Aetna
33,Andrea Mathis,80,Female,Allergy,Medication,2024-02-28,2024-03-20,Sean Gutierrez,Aetna
34,Michael Delacruz,100,Other,Hypertension,Surgery,2024-11-27,2024-12-14,Linda Burns,UnitedHealthcare
35,Bryan Reese,12,Other,Hypertension,Medication,2024-07-01,2024-07-19,Anthony Brown,Aetna
36,Thomas Richardson,0,Female,Depression,Therapy,2023-05-03,2023-05-04,Meagan Snow,Blue Cross
37,Hector Cox,23,Male,Hypertension,Rehabilitation,2024-02-27,2024-03-15,Richard Ramirez,Blue Cross
38,Alexis Wilson,55,Other,Arthritis,Observation,2024-02-28,2024-03-03,Brent Martin,Kaiser Permanente
39,Courtney Wilkinson,38,Male,Flu,Medication,2023-04-19,2023-04-23,Michael Smith,Aetna
40,Dustin Thomas,45,Female,Migraine,Rehabilitation,2024-07-27,2024-08-24,Cynthia Curry,Blue Cross
41,Thomas Chavez,11,Female,Flu,Observation,2023-12-09,2023-12-23,Michelle Hudson,UnitedHealthcare
42,Richard Page,68,Male,COVID-19,Rehabilitation,2023-03-13,2023-04-12,David Hall,Kaiser Permanente
43,Laura Smith,47,Male,Asthma,Therapy,2023-05-20,2023-05-29,Yesenia Rogers,Cigna
44,Benjamin Robinson,83,Female,Asthma,Observation,2024-05-17,2024-06-04,Tonya Lewis,UnitedHealthcare
45,Carlos Mullins,94,Other,COVID-19,Therapy,2024-09-27,2024-10-24,Justin Moreno Jr.,Blue Cross
46,Toni Garner,66,Female,Flu,Rehabilitation,2024-06-13,2024-07-01,Zachary Rowland,Cigna
47,Patricia Huynh,5,Other,Flu,Rehabilitation,2023-12-25,2024-01-18,Manuel Brown,Blue Cross
48,Brenda Rosales,98,Male,Hypertension,Therapy,2024-11-23,2024-12-10,John Gonzales,Blue Cross
49,Jacqueline Hill,29,Male,Depression,Surgery,2023-04-18,2023-04-28,Lisa Douglas,Aetna
50,Henry Obrien,71,Other,Allergy,Observation,2024-11-01,2024-11-08,Sylvia Thompson,UnitedHealthcare
51,Maria Patel,54,Other,Migraine,Rehabilitation,2023-08-16,2023-08-29,Jacob Bruce,Blue Cross
52,Latasha Garcia DDS,53,Female,COVID-19,Surgery,2024-11-12,2024-11-30,Joel Mcconnell,Blue Cross
53,Robert Stafford,45,Male,Arthritis,Surgery,2023-11-12,2023-11-18,Timothy Parker,Cigna
54,Brooke Stephenson,31,Male,Depression,Surgery,2023-12-05,2023-12-26,David Brown,Blue Cross
55,Steven Mitchell,63,Male,Asthma,Observation,2024-09-10,2024-10-01,Amy Thompson,Cigna
56,Daniel Gonzalez,29,Male,COVID-19,Rehabilitation,2023-05-29,2023-06-07,Jacob Jones,UnitedHealthcare
57,Jennifer Reid MD,95,Female,Arthritis,Rehabilitation,2024-03-15,2024-03-18,Veronica Adams,Aetna
58,John Tucker,65,Male,Migraine,Therapy,2024-11-06,2024-11-16,Richard Jones,Aetna
59,Heather Taylor,63,Female,Depression,Rehabilitation,2023-12-03,2023-12-17,Matthew Quinn,UnitedHealthcare
60,Jessica Bond,22,Male,Arthritis,Rehabilitation,2024-05-19,2024-05-25,James Lynch,Aetna
61,Richard Rodriguez,28,Female,Flu,Observation,2024-03-05,2024-03-25,Natalie Wilkinson,Kaiser Permanente
62,Charles Martinez,48,Male,Migraine,Rehabilitation,2024-03-18,2024-04-02,Anna Callahan,Cigna
63,Natalie Oliver,91,Other,Flu,Surgery,2023-05-05,2023-05-21,Lynn Mclaughlin,UnitedHealthcare
64,Melissa Mcguire,12,Male,Asthma,Medication,2023-09-24,2023-10-07,Micheal Patton,UnitedHealthcare
65,Mr. Robert Walker,30,Male,Asthma,Therapy,2023-03-19,2023-03-28,Nicole Brown,Aetna
66,Mr. Paul Beasley,56,Female,COVID-19,Medication,2023-08-11,2023-08-23,Anthony Hernandez,UnitedHealthcare
67,Dr. Nicole Melton,75,Male,Depression,Observation,2023-09-01,2023-09-07,Michael Avila,UnitedHealthcare
68,Bradley Mccormick,46,Other,Flu,Therapy,2024-12-21,2025-01-12,Catherine Baldwin,Cigna
69,Erin Wells,29,Male,Hypertension,Rehabilitation,2024-02-21,2024-02-24,Nathaniel Smith,UnitedHealthcare
70,Lawrence Martinez,78,Other,Migraine,Therapy,2024-10-28,2024-11-22,Joyce Ramos,UnitedHealthcare
71,Micheal Arroyo,42,Male,Allergy,Surgery,2024-12-09,2024-12-29,Edward Dillon,Aetna
72,Jorge Blake,58,Male,Asthma,Rehabilitation,2023-08-06,2023-08-19,Brian Lopez,Aetna
73,Chelsea Castro,86,Other,Asthma,Observation,2024-12-04,2024-12-27,Elizabeth Vega,Kaiser Permanente
74,Daniel Ryan,32,Male,Allergy,Surgery,2024-05-22,2024-06-01,Jennifer Hamilton,UnitedHealthcare
75,Oscar Ferguson,62,Female,Depression,Medication,2024-11-29,2024-12-10,Dr. Pamela Johnson,Cigna
76,Ann Kramer,11,Male,Flu,Surgery,2023-10-17,2023-11-12,Kyle Wagner,Blue Cross
77,Philip Miller,86,Male,Allergy,Medication,2023-11-14,2023-12-08,Amanda Lee,Cigna
78,Daniel Randall,79,Other,Arthritis,Therapy,2023-12-15,2024-01-12,Nicole Robinson,Kaiser Permanente
79,Allison Fisher,59,Male,Depression,Medication,2023-11-21,2023-12-19,Alyssa Scott,Aetna
80,Joe Sharp,87,Male,Flu,Therapy,2024-09-19,2024-10-14,Taylor Buchanan,Kaiser Permanente
81,Matthew Roberts,31,Male,Migraine,Medication,2024-07-18,2024-08-09,Rodney Brown,UnitedHealthcare
82,Lindsay Martinez,51,Female,Depression,Surgery,2023-02-18,2023-02-24,Wendy Gallegos,Blue Cross
83,Carla Smith,86,Other,Flu,Observation,2023-12-23,2024-01-21,Marie Tyler,Blue Cross
84,Amy Diaz,92,Other,Flu,Medication,2023-03-21,2023-04-08,Eileen Munoz,Blue Cross
85,Jessica Garcia,100,Male,Diabetes,Rehabilitation,2024-02-11,2024-03-03,Vanessa Williams,UnitedHealthcare
86,Scott Barber,71,Male,Depression,Surgery,2023-06-26,2023-06-27,Anna Mcgee,Aetna
87,Jennifer Taylor,8,Other,Diabetes,Surgery,2024-07-01,2024-07-26,James Smith,Cigna
88,Jacob Garrett,95,Male,Depression,Medication,2023-06-18,2023-07-05,Steven Jones Jr.,Blue Cross
89,Rebecca Bishop,98,Other,Diabetes,Observation,2023-10-19,2023-11-09,Brandon Horton,UnitedHealthcare
90,David Price,28,Other,COVID-19,Observation,2023-07-30,2023-08-01,Anna Austin,Aetna
91,Laura Sanford,24,Other,Migraine,Surgery,2023-11-22,2023-11-28,Louis Washington,UnitedHealthcare
92,Charles Johnson,34,Other,Migraine,Rehabilitation,2024-01-18,2024-01-23,Amanda Johnson,Cigna
93,Matthew Collins,66,Female,Hypertension,Surgery,2023-03-28,2023-03-30,Terry Montoya,Cigna
94,Anthony Doyle,61,Male,Migraine,Observation,2025-01-05,2025-01-20,Jamie Obrien,Cigna
95,Walter Brown,59,Other,Flu,Therapy,2023-05-26,2023-06-03,Amber Carter,Kaiser Permanente
96,Sara Ingram,18,Male,Diabetes,Surgery,2024-05-13,2024-05-25,Christopher Harding,UnitedHealthcare
97,Sandra Roberts,62,Male,Allergy,Rehabilitation,2024-01-09,2024-01-10,Caleb Holmes,Kaiser Permanente
98,Sergio Clark,42,Female,Allergy,Surgery,2023-09-15,2023-10-06,Michael Ramsey,UnitedHealthcare
99,Samantha Cross,1,Female,Flu,Rehabilitation,2023-06-28,2023-07-02,Monica Alexander,Cigna
100,Douglas Carr,82,Male,Allergy,Observation,2024-03-24,2024-04-01,Amanda Diaz,UnitedHealthcare
101,Sharon Harper,0,Male,Allergy,Medication,2023-06-16,2023-07-13,Michelle Fuller,Blue Cross
102,April Ortiz,79,Male,Migraine,Rehabilitation,2025-01-16,2025-02-12,Ricky Adams,Blue Cross
103,Daniel Hill,91,Male,COVID-19,Rehabilitation,2024-11-20,2024-12-13,Bonnie Lopez,Cigna
104,Seth Gallagher,44,Female,Diabetes,Rehabilitation,2023-04-25,2023-05-08,Mitchell Garcia,Cigna
105,Michael Haney,54,Other,Asthma,Medication,2024-11-13,2024-12-04,Molly Dean,UnitedHealthcare
106,Jeffrey Miller,13,Other,Migraine,Surgery,2024-11-28,2024-12-15,Linda Griffin,Aetna
107,Jeffery Harris,74,Male,Arthritis,Surgery,2023-04-24,2023-05-17,Joseph Gardner III,Blue Cross
108,Sherry Dudley,38,Female,Flu,Observation,2023-09-10,2023-09-13,Beth Taylor,Aetna
109,Bianca Lopez,47,Male,Depression,Surgery,2023-11-30,2023-12-24,Molly Price,Aetna
110,Kelly Lawson,4,Male,Migraine,Surgery,2023-02-13,2023-03-10,Gary Rogers,Blue Cross
111,Stephen Johnson,100,Male,Allergy,Observation,2024-09-25,2024-10-25,Kendra Green,Cigna
112,Matthew Price,40,Other,Depression,Therapy,2023-11-16,2023-12-09,Jake Lopez,UnitedHealthcare
113,Mary Weber,65,Female,Migraine,Therapy,2024-04-02,2024-04-22,Jessica Johnson,Aetna
114,Kelly Rivera,3,Male,Depression,Rehabilitation,2025-01-17,2025-02-10,Courtney Williams MD,Kaiser Permanente
115,Robert Lawson,84,Male,Migraine,Medication,2024-02-21,2024-03-05,Amy Velasquez,Cigna
116,Jesse Lee,43,Male,Allergy,Observation,2024-10-19,2024-11-15,Jill Malone,UnitedHealthcare
117,Lindsay Murray,4,Male,Hypertension,Rehabilitation,2024-10-12,2024-10-14,Ryan Murphy,UnitedHealthcare
118,Robert Brewer,35,Male,Hypertension,Observation,2023-04-26,2023-05-02,Michelle Smith,Aetna
119,Barbara James,8,Male,Flu,Therapy,2024-04-28,2024-05-07,Jacob Long,Kaiser Permanente
120,Katherine Bailey,53,Other,Migraine,Rehabilitation,2023-03-14,2023-03-31,Jorge Clark,Kaiser Permanente
121,Larry Johnson,96,Other,Asthma,Surgery,2023-11-17,2023-12-11,Brenda Mata,UnitedHealthcare
122,Mr. Mike Long,6,Other,Arthritis,Medication,2023-03-02,2023-03-12,Brenda Gillespie,Kaiser Permanente
123,Kenneth Wall,56,Other,COVID-19,Medication,2024-12-03,2024-12-07,Franklin Guerrero,Cigna
124,Abigail Dickson,7,Female,Arthritis,Surgery,2025-02-09,2025-02-16,Eduardo Sanders,Aetna
125,Bryan Ramirez,26,Male,COVID-19,Observation,2023-10-15,2023-10-23,David Roman,UnitedHealthcare
126,Jessica Tran,72,Female,Flu,Rehabilitation,2025-01-18,2025-01-28,Peter Moss,Cigna
127,Cynthia Austin,66,Female,Asthma,Observation,2024-05-06,2024-05-22,George Leonard,Aetna
128,Emily Rodriguez MD,42,Male,COVID-19,Rehabilitation,2023-11-04,2023-11-16,Ryan Fischer,Blue Cross
129,Christopher Glover,71,Female,Depression,Observation,2023-07-08,2023-07-28,Deborah Morris,Blue Cross
130,Michael Taylor,20,Male,Flu,Observation,2023-08-04,2023-08-21,Ronald Torres,Blue Cross
131,John Frey,25,Other,Hypertension,Rehabilitation,2024-03-02,2024-03-25,Benjamin Parrish,Blue Cross
132,Lisa Patton,64,Male,Migraine,Rehabilitation,2024-02-18,2024-02-27,Julie Gamble,UnitedHealthcare
133,Damon Larson,80,Female,Depression,Observation,2024-04-15,2024-05-13,Kenneth Barker,UnitedHealthcare
134,Jonathan Pruitt PhD,97,Female,Hypertension,Therapy,2023-09-08,2023-09-25,Natalie Beard,Kaiser Permanente
135,Robert Jenkins,40,Male,Depression,Surgery,2024-11-23,2024-12-19,Gloria Medina,UnitedHealthcare
136,Randall Anderson,71,Male,Diabetes,Surgery,2023-04-08,2023-05-01,Nicholas Robinson,UnitedHealthcare
137,Vicki Stanton,90,Male,Hypertension,Medication,2024-05-31,2024-06-22,Kimberly Compton,Cigna
138,Savannah Rodriguez,65,Female,Depression,Surgery,2025-01-09,2025-01-30,Krystal Cooper,Kaiser Permanente
139,Samuel Barnes,69,Other,Hypertension,Surgery,2025-01-11,2025-01-18,Craig Jackson,Cigna
140,Ryan White,75,Male,Asthma,Observation,2023-06-28,2023-07-04,Rose Robertson,Kaiser Permanente
141,Deanna Burns,68,Other,Asthma,Observation,2024-12-15,2025-01-04,Miguel Wright,Blue Cross
142,Christopher Patel,17,Female,Flu,Therapy,2024-03-26,2024-04-12,Christopher Lynch,Aetna
143,Cindy Galvan,0,Female,Migraine,Observation,2024-11-24,2024-12-19,Alec Johnson,Cigna
144,Curtis Martinez,33,Male,Allergy,Rehabilitation,2023-08-06,2023-08-07,Rachel Hensley,UnitedHealthcare
145,Sarah Jackson,96,Other,Arthritis,Rehabilitation,2024-02-14,2024-02-20,Michael Robinson,UnitedHealthcare
146,Anthony Obrien,40,Male,Flu,Observation,2023-04-10,2023-04-11,Jacob Martin,Aetna
147,Maria Rodriguez,97,Other,Flu,Therapy,2023-07-19,2023-08-05,James Mccarthy,UnitedHealthcare
148,Lisa Ortiz,61,Female,Allergy,Rehabilitation,2024-01-31,2024-02-21,Richard Newton,Kaiser Permanente
149,Rachel Austin,17,Male,Allergy,Observation,2023-10-01,2023-10-03,Kenneth Vance,Aetna
150,Dawn Hancock,90,Female,Migraine,Observation,2024-08-26,2024-09-21,Michelle Henderson,Kaiser Permanente
151,Claudia Bradley,8,Female,COVID-19,Therapy,2024-01-20,2024-01-23,Ryan Mcbride,Aetna
152,Amanda Wade,87,Female,Allergy,Rehabilitation,2024-04-19,2024-05-06,Shannon Sutton,Kaiser Permanente
153,Erica Nguyen DVM,88,Other,Depression,Medication,2023-04-07,2023-04-19,Alexandra Moody,Aetna
154,Alexandra Gray,87,Male,Hypertension,Rehabilitation,2024-07-13,2024-08-10,Daniel Jacobs,Cigna
155,Nicole Barker,41,Other,Hypertension,Rehabilitation,2025-02-11,2025-02-15,Victor Wood,UnitedHealthcare
