patient_id,name,age,gender,diagnosis,treatment,admission_date,discharge_date,doctor,insurance_provider
1,Kari Wilson,73,Male,Hypertension,Therapy,2024-03-27,2024-03-31,Abigail Martinez,Cigna
2,Meagan Larson,19,Male,Arthritis,Observation,2024-08-23,2024-09-02,Richard Thomas,Cigna
3,Douglas Hopkins,70,Other,COVID-19,Rehabilitation,2023-12-07,2023-12-27,Alexandra Holland,Aetna
4,Alex Sanders,98,Male,Flu,Observation,2024-04-19,2024-05-06,Darrell Hughes,Kaiser Permanente
5,Christian George,43,Male,COVID-19,Rehabilitation,2024-03-06,2024-03-26,Ms. Latoya Bailey,UnitedHealthcare
6,Lisa Scott,18,Female,Flu,Medication,2023-03-24,2023-04-20,Tamara Marshall,UnitedHealthcare
7,Olivia Lowe,94,Female,Flu,Medication,2023-03-13,2023-04-12,Sharon Thompson,Aetna
8,Tracy Joseph,45,Other,Depression,Rehabilitation,2024-03-20,2024-03-27,Deborah Reid,Kaiser Permanente
9,Joe Shah,23,Male,Diabetes,Surgery,2024-10-24,2024-11-23,Tonya Thompson,Blue Cross
10,Jennifer Mitchell,78,Female,Allergy,Medication,2023-06-01,2023-06-08,Bethany Nolan,Cigna
11,Daniel Bell,46,Male,Allergy,Surgery,2023-07-12,2023-08-07,Richard Bennett,Cigna
12,Emily Smith,61,Male,Depression,Medication,2024-02-15,2024-02-29,Corey Smith,Cigna
13,Jacqueline Lopez,31,Other,Allergy,Medication,2023-11-06,2023-11-26,Nicolas Anderson,Cigna
14,Matthew Daniels,68,Other,Allergy,Rehabilitation,2023-12-21,2023-12-26,Kristy Peterson,UnitedHealthcare
15,Chelsea Fletcher,53,Male,Arthritis,Therapy,2023-06-12,2023-06-22,Jared Thomas,UnitedHealthcare
16,Lisa Jones,18,Male,Migraine,Surgery,2024-02-03,2024-02-07,Timothy Clark,Blue Cross
17,Darrell Garcia,73,Other,Hypertension,Therapy,2023-02-26,2023-03-13,Renee Ward,Blue Cross
18,Lauren Gonzalez,64,Female,Arthritis,Rehabilitation,2024-10-02,2024-10-31,Jessica Donovan,Aetna
19,James Mcintyre,67,Other,Migraine,Rehabilitation,2024-05-20,2024-06-11,Lori Lyons,Blue Cross
20,Cheryl Acosta,88,Female,Depression,Medication,2024-05-16,2024-06-13,Brian Edwards,Kaiser Permanente
21,Brittany Herrera,68,Other,Diabetes,Medication,2023-07-16,2023-08-01,Zachary Shaw,Cigna
22,Danny Goodman,29,Other,Arthritis,Therapy,2023-02-18,2023-02-20,Chelsea Greene,Kaiser Permanente
23,Christina Barber,55,Male,Arthritis,Therapy,2024-03-14,2024-04-12,Morgan Singh,Blue Cross
24,Dillon Wilson,56,Male,Depression,Observation,2024-09-27,2024-10-25,Walter Casey,Blue Cross
25,Michelle Singh,100,Female,Asthma,Surgery,2023-10-29,2023-11-12,Ariana Rios,Blue Cross
26,Tony Smith,39,Female,Arthritis,Medication,2023-02-27,2023-03-20,Michael Turner,Cigna
27,Christopher Koch,68,Female,COVID-19,Therapy,2024-10-10,2024-11-04,Margaret Morris,Kaiser Permanente
28,Lori Brown,75,Other,Flu,Therapy,2024-02-22,2024-02-27,Amanda Robbins,Aetna
29,Marissa Cain,66,Other,COVID-19,Surgery,2023-07-13,2023-08-10,Johnny Morrow,UnitedHealthcare
30,Ashlee Hartman,42,Other,Migraine,Rehabilitation,2024-10-11,2024-10-28,Laura Norris,Blue Cross
31,Charlene Snyder,81,Male,COVID-19,Medication,2024-07-13,2024-07-23,Joseph Holmes,UnitedHealthcare
32,Samuel Thomas MD,20,Female,Depression,Observation,2024-12-21,2025-01-08,Caitlin Vaughan,Aetna
33,Daniel Lopez,92,Female,Hypertension,Medication,2024-01-13,2024-01-25,Rebecca Anthony,Cigna
34,Amber Hernandez,88,Female,Hypertension,Rehabilitation,2024-05-10,2024-05-30,Michelle Evans,Aetna
35,Taylor Hart,65,Male,Flu,Surgery,2024-11-11,2024-11-19,Tracey Dean,Blue Cross
36,Christopher Fuller,18,Male,Flu,Observation,2024-05-05,2024-05-18,Mr. Mark Yoder MD,Blue Cross
37,Ronald Anderson,12,Other,Allergy,Therapy,2024-11-15,2024-12-11,Corey Clark,Aetna
38,Leslie Kelly,1,Other,Asthma,Medication,2024-03-25,2024-03-26,Marissa Lee,Cigna
39,Sean Sandoval,73,Female,Diabetes,Surgery,2023-12-15,2023-12-22,Adam Mayer,Kaiser Permanente
40,Todd Cole,18,Female,Migraine,Therapy,2024-01-30,2024-02-17,Valerie Johnson,Cigna
41,Brian Ramirez,14,Male,Diabetes,Therapy,2024-07-04,2024-08-01,Jennifer Robbins,UnitedHealthcare
42,Anthony Harrington,78,Male,Arthritis,Rehabilitation,2024-11-26,2024-12-19,Timothy Kelley,Cigna
43,Kaitlyn Crawford,83,Male,Depression,Surgery,2024-06-25,2024-07-18,Anne Cohen,Aetna
44,James Cardenas,44,Female,Allergy,Therapy,2024-01-15,2024-02-06,Stanley Hernandez,Kaiser Permanente
45,Brittany Smith,35,Male,Asthma,Surgery,2024-11-24,2024-12-14,David Webb,Cigna
46,Allen Garza,88,Other,Hypertension,Therapy,2023-06-20,2023-07-08,David Santiago,Kaiser Permanente
47,Joseph Smith,100,Other,Depression,Surgery,2023-07-26,2023-08-21,Shannon Gonzalez,Aetna
48,Jeremy Martin,1,Other,Asthma,Surgery,2023-09-12,2023-09-22,Robert Miller,Kaiser Permanente
49,Amanda Johnson,97,Female,Flu,Medication,2023-02-13,2023-02-27,John Snyder,Aetna
50,Nicole Carroll,95,Other,Allergy,Medication,2024-09-18,2024-09-22,Ann Williams,Aetna
51,Mr. Joseph Eaton,9,Other,Depression,Medication,2024-12-06,2024-12-07,Caleb Brown,Blue Cross
52,Michaela Gardner,39,Male,Asthma,Rehabilitation,2023-11-17,2023-11-19,Brenda Poole,Aetna
53,Ethan Johnson,29,Female,Asthma,Medication,2024-12-08,2024-12-25,Brenda Ochoa,Aetna
54,Johnathan Smith,6,Male,Migraine,Surgery,2024-07-17,2024-07-28,David Johns,Cigna
55,Jennifer Fox,94,Male,Diabetes,Therapy,2024-01-02,2024-01-18,David Koch,Kaiser Permanente
56,James Franco,7,Other,COVID-19,Rehabilitation,2023-05-02,2023-05-27,Joseph Jackson MD,Cigna
57,Thomas Mack,13,Female,Flu,Observation,2023-03-17,2023-03-29,Kevin Palmer,Blue Cross
58,Gregory Martinez,29,Female,Hypertension,Therapy,2024-04-04,2024-04-27,Dr. Cody Mcintosh,Blue Cross
59,Mark Lindsey,73,Male,Asthma,Medication,2024-02-08,2024-02-10,Cynthia May,Kaiser Permanente
60,Peter Combs,89,Other,Arthritis,Observation,2024-02-29,2024-03-07,Patricia Brown,UnitedHealthcare
61,Wesley Chapman,67,Other,COVID-19,Observation,2023-07-02,2023-07-03,Betty Jimenez,Kaiser Permanente
62,Megan Jarvis,11,Other,Allergy,Rehabilitation,2023-11-11,2023-11-20,Jonathan Murray,UnitedHealthcare
63,Susan Hernandez,24,Other,Asthma,Surgery,2023-12-14,2024-01-01,Thomas Thompson,UnitedHealthcare
64,Beth Quinn,8,Other,Allergy,Surgery,2023-04-12,2023-04-13,Cynthia Pratt,Blue Cross
65,Maria Lawson,75,Female,Migraine,Medication,2024-09-25,2024-10-06,Grant Massey,Kaiser Permanente
66,Jonathan Jones,26,Other,Hypertension,Therapy,2024-12-15,2024-12-18,Joshua Payne,Kaiser Permanente
67,James Bell,42,Other,Diabetes,Observation,2024-12-24,2024-12-25,Mary Rangel,Aetna
68,John Martin,52,Female,Flu,Surgery,2024-09-06,2024-09-27,Jessica Tucker,Kaiser Permanente
69,Kevin Williams,11,Female,Hypertension,Surgery,2024-12-17,2024-12-28,Kerri Bell,Aetna
70,Henry Villegas,41,Male,Depression,Rehabilitation,2024-01-13,2024-02-09,Priscilla Johnson,Blue Cross
71,Daniel Irwin,18,Female,Diabetes,Rehabilitation,2023-12-06,2024-01-01,Maurice Contreras,Blue Cross
72,Jeffrey Burns,93,Male,Allergy,Observation,2024-09-12,2024-10-07,Cynthia Hernandez,Cigna
73,Jennifer King,24,Female,Hypertension,Therapy,2025-01-04,2025-01-15,Stephanie Martinez,Blue Cross
74,Brandon Kim,12,Male,Flu,Observation,2023-12-29,2024-01-24,Kristen Lee,UnitedHealthcare
75,Robert Morrison,97,Male,Diabetes,Surgery,2024-11-10,2024-11-27,Timothy Anderson,Aetna
76,Michael Whitehead,87,Female,Arthritis,Surgery,2023-06-10,2023-06-13,Anthony Jackson,Blue Cross
77,Garrett White,5,Female,Hypertension,Rehabilitation,2025-01-03,2025-01-08,Cody Baird,UnitedHealthcare
78,Allison Duarte,8,Female,COVID-19,Rehabilitation,2023-04-05,2023-04-21,Henry Coffey,Kaiser Permanente
79,Laurie Jacobs,27,Other,Migraine,Observation,2023-09-26,2023-10-13,Steven Bush,UnitedHealthcare
80,Patricia Cummings,14,Other,Arthritis,Surgery,2023-07-22,2023-08-06,Mary Williams,Aetna
81,Alan Lewis,89,Other,Flu,Surgery,2024-09-02,2024-10-01,Robin Benjamin,UnitedHealthcare
82,Ann Barnes,85,Other,COVID-19,Rehabilitation,2024-11-14,2024-11-19,Brianna Mathews,Cigna
83,Phillip Roy,82,Other,Hypertension,Rehabilitation,2024-09-21,2024-09-26,Sherry Wilkerson,Aetna
84,Theresa Flynn,15,Male,Arthritis,Surgery,2024-08-10,2024-09-03,Joseph Chambers,Blue Cross
85,Vernon Chavez,37,Other,Depression,Surgery,2023-11-28,2023-12-23,Amanda Henson,Aetna
86,Nicole Green,61,Female,Asthma,Surgery,2024-11-25,2024-12-10,Cody Nichols,Blue Cross
87,Michael Serrano,86,Male,Allergy,Therapy,2025-01-27,2025-02-18,Michelle Ellis,Cigna
88,Amanda Garcia,42,Female,Depression,Observation,2024-04-07,2024-05-06,Brent Jones,Cigna
89,Kayla Brown,26,Other,Hypertension,Therapy,2024-06-09,2024-07-03,James Barry,Blue Cross
90,Wendy Hall,16,Male,Asthma,Therapy,2023-07-30,2023-08-07,Kayla Branch,Cigna
91,Anthony Peterson,66,Male,COVID-19,Therapy,2023-09-23,2023-10-11,James Kelly,Blue Cross
92,Frank Olsen,33,Female,Asthma,Therapy,2023-08-04,2023-08-24,Deborah Morgan,Kaiser Permanente
93,Michael Huff,36,Other,COVID-19,Observation,2023-10-05,2023-10-26,Lisa Dickson,Aetna
94,Jerry Edwards,86,Male,Migraine,Rehabilitation,2025-02-08,2025-03-10,Kimberly Bennett,Cigna
95,Scott Gray,97,Male,Migraine,Therapy,2024-07-04,2024-07-24,Tony Collins,Aetna
96,Lisa Barker,76,Male,Flu,Therapy,2024-12-10,2024-12-17,Christopher Stevenson,Cigna
97,Ryan Osborne,95,Female,Flu,Medication,2023-07-12,2023-08-03,Courtney Foster,Blue Cross
98,Heather Shea,77,Other,Depression,Therapy,2024-12-12,2024-12-19,Maria Harrell,Kaiser Permanente
99,Mrs. Tina Thomas MD,56,Female,Flu,Surgery,2023-04-29,2023-05-22,Monique Dougherty,UnitedHealthcare
100,Nicole Miller,72,Other,Asthma,Rehabilitation,2023-02-14,2023-02-15,Samantha Perez,UnitedHealthcare
101,Jonathan Clayton,66,Male,Migraine,Surgery,2024-03-22,2024-04-05,Michael Hodges,Aetna
102,Amanda Kelly,53,Male,Migraine,Observation,2023-08-26,2023-09-21,David Anderson,Aetna
103,Katherine Wright,22,Other,Diabetes,Surgery,2023-03-04,2023-03-12,Miguel Young,UnitedHealthcare
104,Jamie Gutierrez,91,Female,Allergy,Medication,2023-06-19,2023-07-06,Joseph Compton,Blue Cross
105,Lisa Jacobs,72,Male,Flu,Surgery,2024-11-18,2024-12-17,Anthony Scott,Kaiser Permanente
106,Natalie Rich MD,43,Female,Diabetes,Medication,2024-06-24,2024-07-02,Melissa Richards,Cigna
107,Steve Abbott,9,Male,Depression,Medication,2023-04-05,2023-04-24,Brian Davis,Kaiser Permanente
108,Eileen White,12,Other,Flu,Surgery,2024-10-24,2024-11-19,Susan Elliott,Kaiser Permanente
109,Bob Richardson,42,Female,Flu,Surgery,2024-12-13,2024-12-25,Charles Day,Blue Cross
110,Stephanie Olsen,6,Female,Arthritis,Medication,2024-05-09,2024-05-17,Amber Spence,Blue Cross
111,Elizabeth Burns,63,Female,Migraine,Medication,2023-02-19,2023-03-10,Brooke Lopez,Blue Cross
112,Vanessa Melendez,40,Male,Depression,Medication,2023-05-04,2023-05-25,Norman Moore,Cigna
113,Brian Brown,61,Male,Arthritis,Medication,2024-12-27,2025-01-22,William Cook,UnitedHealthcare
114,Daniel Thompson,24,Male,Asthma,Surgery,2024-08-24,2024-09-20,Mark Wallace,Blue Cross
115,Brenda Williams,8,Other,Arthritis,Observation,2023-12-11,2024-01-06,Thomas Ramos,Kaiser Permanente
116,Gail Sanders,31,Male,Asthma,Observation,2024-09-27,2024-10-08,Rhonda Willis,Cigna
117,Alexandra Lane,5,Other,Diabetes,Medication,2023-07-19,2023-08-13,William Rivera,Aetna
118,David Holt,39,Other,Hypertension,Observation,2024-03-28,2024-04-05,Tammy Giles,Aetna
119,Patricia Mitchell,62,Male,Flu,Rehabilitation,2024-09-02,2024-09-16,Melissa Sampson,Blue Cross
120,Tracy Le,93,Female,Asthma,Therapy,2024-11-08,2024-11-12,Eric Mccoy,Blue Cross
121,Daniel Bond,73,Female,Arthritis,Observation,2023-07-15,2023-07-17,Leah Smith,Kaiser Permanente
122,Billy Hall,85,Other,Depression,Observation,2023-12-24,2024-01-03,Jennifer Clay,UnitedHealthcare
123,Melissa Zamora,75,Other,Migraine,Therapy,2024-05-08,2024-05-17,David Lewis MD,Cigna
124,Laurie Friedman,71,Female,Flu,Medication,2024-11-02,2024-11-25,Sherry Mccoy,UnitedHealthcare
125,Vanessa Vega,98,Female,Depression,Rehabilitation,2024-11-14,2024-11-27,Erica Larson,Aetna
126,Nicholas Crane,31,Female,Flu,Medication,2024-07-06,2024-07-17,April Lopez,Aetna
127,Kristina Rogers,27,Male,Arthritis,Rehabilitation,2024-03-27,2024-03-29,Timothy Martin,Cigna
128,Elizabeth Green,48,Other,Arthritis,Medication,2023-09-21,2023-10-02,Joseph Mccann,Cigna
129,Brandon Simon,20,Female,COVID-19,Therapy,2024-10-08,2024-10-16,Amy Franklin,UnitedHealthcare
130,Jose Smith,1,Other,Depression,Observation,2024-11-05,2024-11-23,Gina Herrera,Kaiser Permanente
131,Katelyn Braun,38,Male,Arthritis,Medication,2024-01-30,2024-02-26,Lauren Smith,Blue Cross
132,Laura Le,29,Female,Flu,Surgery,2023-09-25,2023-10-18,Adrian White PhD,Cigna
133,Matthew Guzman,4,Other,Migraine,Rehabilitation,2024-09-10,2024-09-27,Katherine Butler,Blue Cross
134,Norman Love,72,Male,Depression,Observation,2023-11-02,2023-11-15,Matthew Montgomery,Blue Cross
135,Tammy Shepherd,36,Female,Hypertension,Medication,2023-08-15,2023-09-12,David Munoz,Kaiser Permanente
136,Margaret Jefferson,49,Male,COVID-19,Observation,2024-03-10,2024-03-19,Edward Edwards,Blue Cross
137,Theresa Chapman,100,Female,Arthritis,Surgery,2024-09-02,2024-09-06,James Ellison,Cigna
138,Jonathan Espinoza,79,Other,Allergy,Rehabilitation,2023-06-29,2023-07-28,Juan Graham,Blue Cross
139,Michael Dixon,88,Male,COVID-19,Medication,2024-10-12,2024-11-07,Stephanie Wilson,Cigna
140,Michael Brown,31,Male,Allergy,Surgery,2023-08-04,2023-09-02,Jessica Young,Kaiser Permanente
141,Patricia Riley,54,Female,COVID-19,Surgery,2024-04-06,2024-04-20,Amanda Sutton,Blue Cross
142,David Johnson,39,Other,Hypertension,Rehabilitation,2024-10-13,2024-10-17,Michael Smith,Aetna
143,Devon Castro,20,Other,Migraine,Surgery,2025-01-24,2025-02-21,John Flores Jr.,Blue Cross
144,Jacob Smith,25,Female,Asthma,Therapy,2024-03-15,2024-03-17,Robert Barnes,Cigna
145,Monica Ramirez,10,Female,Allergy,Rehabilitation,2023-11-10,2023-11-27,Laurie Payne,Cigna
146,Bryan Evans,69,Other,Asthma,Surgery,2023-03-08,2023-03-14,Christopher Ortiz,Blue Cross
147,Lauren Kirby,16,Other,Hypertension,Medication,2024-08-23,2024-09-02,Stuart Griffin,Blue Cross
148,Dennis George,60,Other,Flu,Medication,2023-04-08,2023-04-16,David Flores,Blue Cross
149,Darius Valenzuela DVM,22,Male,Arthritis,Rehabilitation,2023-04-26,2023-04-30,Michelle Thomas,Blue Cross
150,Rodney Macias,85,Female,Arthritis,Rehabilitation,2023-06-19,2023-06-26,Susan Jackson,Kaiser Permanente
151,John Eaton,68,Female,Hypertension,Therapy,2023-08-17,2023-08-18,Jon Herring,Aetna
152,Brian Cameron,31,Other,Diabetes,Rehabilitation,2023-06-17,2023-07-05,Rachel Larson,Kaiser Permanente
153,Jeff Smith,19,Female,COVID-19,Medication,2023-12-17,2024-01-01,Pamela Bryan,Aetna
154,David Chambers,77,Other,Asthma,Observation,2023-08-03,2023-08-15,Brett Jones,Blue Cross
155,Margaret Reyes,83,Other,Diabetes,Surgery,2024-01-11,2024-02-01,Kelly Johnson,Cigna
156,Andrew Benson,17,Female,Flu,Surgery,2023-05-18,2023-06-01,Robert Park,Blue Cross
157,Jerry Taylor,62,Other,Depression,Surgery,2023-05-05,2023-05-06,Tim Salazar,Cigna
158,Kylie Smith,92,Male,Migraine,Medication,2023-07-11,2023-07-26,Jessica Wilson,Kaiser Permanente
159,Samantha Casey,2,Female,Diabetes,Medication,2023-11-03,2023-11-06,Denise Black,Blue Cross
160,Maria Perry,2,Female,Depression,Surgery,2023-08-23,2023-08-26,Melissa Banks,Blue Cross
161,Stephanie Miller,8,Other,Asthma,Surgery,2023-08-23,2023-08-26,Rhonda Carter,Cigna
162,Christine Massey,24,Female,Migraine,Observation,2023-05-09,2023-06-05,Patrick Bryant,Kaiser Permanente
163,James Garrett,31,Male,Depression,Therapy,2024-04-30,2024-05-01,Andrea Ingram,Blue Cross
