patient_id,name,age,gender,diagnosis,treatment,admission_date,discharge_date,doctor,insurance_provider
1,Jason Hart,71,Male,Asthma,Medication,2024-04-21,2024-04-28,Anna Luna,Kaiser Permanente
2,Dana Rose,65,Male,Depression,Medication,2023-09-03,2023-09-16,Peter Warner,Cigna
3,Tammy Whitney,31,Other,COVID-19,Surgery,2024-07-14,2024-08-10,Chloe Austin,Aetna
4,William Mcfarland,13,Male,Asthma,Observation,2024-08-11,2024-09-04,Kenneth Campbell,Cigna
5,Jesse Davis,80,Male,Flu,Medication,2024-01-06,2024-01-28,Connor Russell,Blue Cross
6,Cynthia Matthews,60,Female,Arthritis,Surgery,2024-01-07,2024-01-10,Kara Humphrey,Cigna
7,Deanna Ali,61,Other,Diabetes,Surgery,2023-12-18,2024-01-12,Ryan Bennett,Aetna
8,Tiffany Acosta MD,58,Other,Flu,Rehabilitation,2024-09-13,2024-09-22,Mark Ward,Aetna
9,Michelle Jones,92,Other,Diabetes,Observation,2024-01-03,2024-01-13,Jessica Page,Cigna
10,Stephanie Ward,62,Other,Asthma,Observation,2024-08-15,2024-09-07,Lisa Rivera,Aetna
11,Christina Lopez DVM,16,Other,Diabetes,Observation,2023-05-24,2023-06-05,Edward Cunningham,UnitedHealthcare
12,John Wagner,73,Male,COVID-19,Surgery,2023-04-26,2023-05-04,Samuel Simon,Blue Cross
13,David Smith,18,Female,Allergy,Therapy,2024-06-24,2024-07-15,Dawn Campbell,Cigna
14,William Becker,45,Other,Depression,Rehabilitation,2024-08-12,2024-09-10,Veronica Paul,Cigna
15,Sarah Ramirez,12,Male,Arthritis,Rehabilitation,2023-05-31,2023-06-08,Daniel Fischer,Kaiser Permanente
16,Edward Flowers,4,Male,Allergy,Rehabilitation,2024-12-11,2025-01-08,Melissa Allen,Blue Cross
17,Terry Cox,21,Female,Arthritis,Surgery,2024-08-29,2024-09-21,Anthony Burton,Blue Cross
18,Maria Blackwell,19,Female,Migraine,Observation,2023-12-01,2023-12-29,Michelle Le,UnitedHealthcare
19,Julie Cooper,3,Male,Flu,Surgery,2023-07-28,2023-08-26,Cassidy Bell,Blue Cross
20,Cynthia Young,0,Male,COVID-19,Observation,2023-09-22,2023-10-10,Jasmine Grant,Aetna
21,Rachael Stout,42,Other,Depression,Therapy,2023-04-13,2023-04-29,Kelli Ross,Blue Cross
22,Tami Cross,28,Female,Diabetes,Observation,2023-12-08,2023-12-20,Justin Martin,UnitedHealthcare
23,Jenna Huffman,33,Male,Flu,Medication,2024-06-12,2024-06-21,Jessica Lewis,Aetna
24,Karen Smith,71,Female,Allergy,Therapy,2024-09-14,2024-09-20,Katherine Delgado,Blue Cross
25,Jessica Andrews,57,Male,Diabetes,Therapy,2024-07-11,2024-08-03,Jimmy Fischer,UnitedHealthcare
26,Robin Goodman,87,Female,Depression,Rehabilitation,2023-04-28,2023-05-23,Shelby Hernandez,Kaiser Permanente
27,Matthew Roach,83,Other,Flu,Surgery,2023-04-14,2023-05-02,Veronica Wells,Kaiser Permanente
28,Peter Powell,64,Female,Flu,Medication,2023-10-12,2023-10-28,Sara Knight,Blue Cross
29,Gary Mejia,49,Female,Asthma,Surgery,2023-08-08,2023-08-16,Angela Donaldson,UnitedHealthcare
30,Joseph Alexander,30,Other,Allergy,Surgery,2023-12-28,2024-01-06,Charles Cole,Cigna
31,Joseph Floyd,30,Other,Flu,Therapy,2023-09-09,2023-09-18,Christina Barber,UnitedHealthcare
32,Anna Jones,63,Other,Migraine,Medication,2024-10-28,2024-11-05,Michael Silva,Cigna
33,David Butler,14,Male,Allergy,Observation,2024-05-04,2024-05-23,Jeffrey Wilson,Aetna
34,Dennis Kennedy,60,Male,Migraine,Rehabilitation,2023-10-29,2023-11-12,Amanda Singleton,Aetna
35,Jennifer Moore,53,Female,Diabetes,Medication,2024-11-19,2024-12-13,Kathy Wilson MD,Blue Cross
36,Sophia Rodriguez,27,Other,Migraine,Rehabilitation,2023-06-12,2023-07-02,Barbara Montgomery,UnitedHealthcare
37,Christopher Callahan,61,Female,Depression,Surgery,2024-03-16,2024-03-30,Jamie Frost,Aetna
38,Rachel Smith,10,Male,Diabetes,Observation,2024-04-17,2024-05-13,Tanya Hall,UnitedHealthcare
39,Cynthia Kim,23,Male,Allergy,Observation,2024-11-02,2024-11-03,Greg Phillips,Kaiser Permanente
40,Jamie Burns,50,Male,Allergy,Medication,2023-09-27,2023-10-13,Lisa Ruiz,UnitedHealthcare
41,Tara Atkinson,17,Female,COVID-19,Medication,2023-07-27,2023-08-08,Patricia Davis,Aetna
42,Dean Smith,27,Male,Diabetes,Rehabilitation,2023-07-26,2023-07-30,Brandon Schwartz,Kaiser Permanente
43,Erin Shepard,100,Male,Asthma,Medication,2024-05-18,2024-05-21,Cassandra Cruz,Blue Cross
44,Cynthia Cross,12,Female,Depression,Observation,2024-11-22,2024-11-29,Charles Stokes,UnitedHealthcare
45,Shawn Warner,19,Female,Allergy,Therapy,2024-01-16,2024-02-08,Michelle Cordova,Aetna
46,Zachary Christian,33,Other,Asthma,Surgery,2023-09-10,2023-09-16,Sara Warren,Aetna
47,John Perez,83,Male,Diabetes,Therapy,2024-05-14,2024-05-23,Lisa Hawkins,Kaiser Permanente
48,Stephanie Lee,45,Other,Migraine,Surgery,2023-08-29,2023-09-03,Catherine Richards,UnitedHealthcare
49,Michael Strong,27,Other,Arthritis,Observation,2023-10-29,2023-11-02,Ashley Benson,UnitedHealthcare
50,William Ibarra,98,Female,Diabetes,Medication,2024-02-27,2024-03-16,Elizabeth Kim,Kaiser Permanente
51,Joshua Hernandez,45,Male,Allergy,Medication,2023-05-24,2023-06-15,Luis Moore,UnitedHealthcare
52,Mr. Joshua Garcia,62,Female,Migraine,Therapy,2025-01-01,2025-01-26,Kelly Solis,Kaiser Permanente
53,Wesley Harris,22,Other,Hypertension,Surgery,2023-09-08,2023-09-13,John Vasquez,Kaiser Permanente
54,Virginia Carr,31,Other,Diabetes,Surgery,2023-11-30,2023-12-28,Michelle Mercado,Cigna
55,Ethan Rollins,13,Male,Hypertension,Therapy,2023-07-08,2023-07-13,Drew Cain,Cigna
56,Cindy Logan,0,Female,Flu,Medication,2024-09-09,2024-10-03,Joshua Davis,Cigna
57,Angela Ramirez,29,Other,Flu,Observation,2024-04-13,2024-04-30,Phyllis Robles,Aetna
58,Jonathon Herman,57,Female,Allergy,Rehabilitation,2024-11-10,2024-11-18,William Walker,Aetna
59,Brian Coffey,74,Male,Diabetes,Surgery,2023-05-04,2023-06-03,Cameron Contreras,Aetna
60,Veronica Carson,90,Female,Migraine,Medication,2024-01-21,2024-01-30,Gary Simmons,Aetna
61,Matthew Gonzales,85,Male,Flu,Rehabilitation,2024-12-29,2025-01-01,Robert Rodriguez,Blue Cross
62,Jessica Taylor,37,Other,Depression,Surgery,2023-12-16,2024-01-14,Andrew Owen,Kaiser Permanente
63,Lindsay Carpenter,34,Female,COVID-19,Medication,2024-06-07,2024-06-20,Laura Kim,Blue Cross
64,Kyle Watts,41,Other,Depression,Rehabilitation,2023-06-25,2023-07-12,Lauren Rios,Aetna
65,Tiffany Christensen,25,Other,Arthritis,Observation,2024-12-02,2024-12-18,Joe Cole,Aetna
66,Patricia Rodriguez,8,Male,Depression,Observation,2024-01-22,2024-01-30,Jamie Ware,Kaiser Permanente
67,Michelle Spence,83,Other,Hypertension,Medication,2024-12-24,2024-12-27,Rita Gutierrez,Blue Cross
68,Amy Krueger,16,Male,Allergy,Rehabilitation,2025-01-30,2025-02-07,Michele Hinton,UnitedHealthcare
69,Jacqueline Harmon,13,Female,Flu,Medication,2024-07-30,2024-08-27,Kevin Moore,Blue Cross
70,Larry Hernandez,11,Other,Hypertension,Therapy,2024-01-16,2024-01-19,Ashley Barrett,Aetna
71,Larry Richardson,16,Other,Depression,Rehabilitation,2023-11-10,2023-12-01,Michael Price,UnitedHealthcare
72,Monica Hill,80,Female,Hypertension,Surgery,2024-03-02,2024-03-29,Heather Lester,UnitedHealthcare
73,Dalton Ramirez,93,Other,Depression,Surgery,2023-11-18,2023-12-12,Brian Daniel,Kaiser Permanente
74,Alexandria Jensen,35,Other,Diabetes,Medication,2024-01-23,2024-02-15,Steve Vance,Blue Cross
75,Benjamin Allen,82,Female,Allergy,Rehabilitation,2023-12-26,2024-01-24,Karen White,UnitedHealthcare
76,Glenn Kramer,82,Male,Hypertension,Surgery,2023-03-03,2023-03-10,Timothy Clark,Kaiser Permanente
77,Joseph Mcdowell,3,Other,Migraine,Medication,2025-01-15,2025-02-14,Amy Thornton,Blue Cross
78,Kevin Lewis,40,Female,Asthma,Rehabilitation,2024-06-24,2024-07-02,Travis Perkins,Cigna
79,Grace Walker,28,Female,Allergy,Rehabilitation,2023-05-06,2023-06-03,Catherine Oconnor,Kaiser Permanente
80,Angelica Smith,7,Female,Flu,Therapy,2024-05-19,2024-05-24,Karen Ponce,Kaiser Permanente
81,Kimberly Smith,95,Other,Allergy,Medication,2024-02-16,2024-03-10,Catherine Barnes,Blue Cross
82,Alisha Wright,39,Other,Asthma,Therapy,2024-11-19,2024-12-06,Kimberly Richardson,Cigna
83,Jeremy Bradley,31,Female,Hypertension,Rehabilitation,2024-07-12,2024-08-03,Richard Smith,Blue Cross
84,Alexander Brown,68,Male,Migraine,Observation,2024-11-22,2024-11-28,Ray Gillespie,Aetna
85,Ricardo Rodriguez,81,Male,Hypertension,Surgery,2023-02-19,2023-02-26,Kevin Smith,Aetna
86,Christine Jones,81,Female,Allergy,Surgery,2023-07-27,2023-08-08,Lisa Wilson,Cigna
87,Antonio Hart,50,Female,Depression,Therapy,2023-03-18,2023-04-03,Nicholas Nielsen,Cigna
88,Scott Herrera,16,Male,Depression,Rehabilitation,2024-11-12,2024-12-08,Jennifer White,UnitedHealthcare
89,Kristy Hogan,34,Other,Diabetes,Medication,2023-10-31,2023-11-17,Erin Goodwin,Blue Cross
90,Sue Brown,12,Other,Depression,Therapy,2024-07-20,2024-07-23,David Norris,UnitedHealthcare
91,Richard Richards,43,Male,Arthritis,Surgery,2023-08-11,2023-09-02,Sandra Martinez,Kaiser Permanente
92,Michelle Stone,78,Male,Allergy,Therapy,2023-11-09,2023-12-09,Lacey Miranda,Aetna
93,Julie Randall,37,Female,Allergy,Rehabilitation,2024-05-19,2024-06-10,Derek Alvarado,UnitedHealthcare
94,Andrew Keith,69,Other,Diabetes,Rehabilitation,2024-08-22,2024-09-09,Andrew Young,Cigna
95,Jacqueline Blackwell,99,Male,Asthma,Therapy,2024-07-05,2024-07-10,Tara Roberts,Cigna
96,Pamela Davis,61,Other,COVID-19,Rehabilitation,2024-07-18,2024-08-12,Jessica Murphy,Kaiser Permanente
97,Cynthia Alvarado,8,Female,Asthma,Therapy,2024-09-21,2024-09-26,Tracy Olson,UnitedHealthcare
98,Thomas Rodriguez,15,Male,Allergy,Observation,2024-02-06,2024-02-23,Beverly Mason,UnitedHealthcare
99,Jason Bautista,82,Male,Migraine,Rehabilitation,2024-05-07,2024-05-15,Angelica Johnson,Blue Cross
100,Jessica Phelps,12,Other,Asthma,Observation,2024-05-13,2024-06-03,Jacob Miles,Blue Cross
101,Brandon Rios,20,Male,Hypertension,Therapy,2023-09-01,2023-09-19,George Wilson,Kaiser Permanente
102,Hannah Hayes,5,Female,Arthritis,Rehabilitation,2023-09-23,2023-10-23,David Goodman,Cigna
103,Sarah Ramos,93,Female,Diabetes,Observation,2024-12-25,2025-01-03,Troy Greene,Cigna
104,Kevin Morris,11,Other,Hypertension,Rehabilitation,2024-12-05,2024-12-29,David Gates,Aetna
105,Stacy White,41,Male,Diabetes,Rehabilitation,2023-07-31,2023-08-20,Robert Martin,Kaiser Permanente
106,Katelyn Vaughn,58,Female,Hypertension,Medication,2023-10-15,2023-11-07,Adam Barnes,Cigna
107,Lawrence Mueller,14,Male,Migraine,Surgery,2023-03-21,2023-04-06,Wendy Cook,Cigna
108,Curtis Gray,75,Other,Diabetes,Medication,2024-02-01,2024-03-02,Ruben Sanchez,Blue Cross
109,Leslie Wright,12,Female,Hypertension,Therapy,2023-06-24,2023-07-06,Michelle Sweeney MD,Cigna
110,Tara Singh,51,Other,COVID-19,Surgery,2024-06-23,2024-07-20,Shaun Watson,Cigna
111,Debra Chavez,61,Female,Asthma,Therapy,2023-02-24,2023-03-14,Jason Andersen,Kaiser Permanente
112,Faith Brooks,23,Male,Allergy,Rehabilitation,2023-10-05,2023-10-22,Joseph Lane,Kaiser Permanente
113,Kenneth Gomez,84,Male,Hypertension,Medication,2023-03-13,2023-03-26,Marissa Whitney,Blue Cross
114,Marc Gould,74,Other,Diabetes,Rehabilitation,2024-05-29,2024-06-21,Tracy Hale,Blue Cross
115,Steven Olson,50,Female,Allergy,Therapy,2023-09-21,2023-09-24,Christine Glover,Kaiser Permanente
116,Robert Coleman,96,Other,Allergy,Medication,2024-12-01,2024-12-15,Elizabeth Keith,Aetna
117,Cheryl Benitez,35,Other,Asthma,Observation,2024-08-04,2024-08-31,Kevin Fowler,Aetna
118,Miguel Woodard,75,Male,Migraine,Rehabilitation,2025-01-07,2025-01-21,Seth Miller,Blue Cross
119,Shannon Brown,90,Other,Migraine,Therapy,2024-10-01,2024-10-07,Jeremy Gordon,Blue Cross
120,Dana Day,25,Other,Depression,Therapy,2024-06-20,2024-06-29,Gary Sims,Aetna
121,Casey Reed,50,Male,Hypertension,Observation,2024-09-18,2024-09-22,Cheryl Brown,Cigna
122,Christopher Stewart,18,Male,Allergy,Surgery,2024-07-29,2024-08-28,Rebecca Barton,Aetna
123,Patrick Coleman,44,Male,COVID-19,Rehabilitation,2023-10-22,2023-11-19,Chase Lopez,UnitedHealthcare
124,John Blake,23,Female,COVID-19,Therapy,2023-12-27,2024-01-03,Christopher Garcia,Kaiser Permanente
125,Steve Willis,37,Other,Hypertension,Medication,2023-10-13,2023-11-05,Jennifer Gregory,Aetna
126,Justin Ramsey,5,Male,Allergy,Medication,2024-02-01,2024-02-14,John Gordon,Kaiser Permanente
127,Mary Kelly,76,Other,Migraine,Medication,2023-06-11,2023-07-02,Katherine Montes,Kaiser Permanente
128,Jacqueline Hayes,27,Other,Hypertension,Observation,2024-08-19,2024-09-02,Madison Miller,Aetna
129,Elizabeth Hernandez,42,Female,Diabetes,Therapy,2023-07-03,2023-07-07,Mr. John Ford,Blue Cross
130,Marcus Sanchez,96,Other,Arthritis,Observation,2023-04-24,2023-05-02,Taylor Barry,Kaiser Permanente
131,Lisa Price,68,Other,Diabetes,Rehabilitation,2023-12-08,2023-12-17,Ryan Ford,Aetna
132,Jennifer Taylor,48,Female,Allergy,Observation,2024-02-06,2024-02-16,Jasmine Arnold,UnitedHealthcare
133,James Sanders,36,Male,Asthma,Medication,2023-08-29,2023-09-10,Mary Young,Aetna
134,Mark Clark,62,Other,Arthritis,Observation,2024-05-13,2024-06-09,Jasmine Gould,Kaiser Permanente
135,Anthony Rodriguez,3,Female,Flu,Observation,2024-01-23,2024-01-31,John Hawkins,UnitedHealthcare
136,Andrew Bauer,38,Male,Diabetes,Therapy,2023-02-15,2023-03-13,Penny Moore,UnitedHealthcare
137,Crystal Johnson,59,Other,Arthritis,Observation,2023-10-23,2023-11-08,Paul Perry,Blue Cross
138,Andrew Ruiz,96,Other,Flu,Observation,2024-03-13,2024-03-19,Keith Bennett,Aetna
139,Jeanne Ashley,33,Male,Asthma,Medication,2025-01-18,2025-01-25,Laura Ortega,Aetna
140,Tiffany Joseph,51,Male,Migraine,Therapy,2024-11-07,2024-11-25,Jaime Grant,Aetna
141,Roy Mueller,26,Female,Migraine,Surgery,2023-07-01,2023-07-25,Michael Colon,UnitedHealthcare
142,Timothy Lopez,17,Female,Depression,Rehabilitation,2023-11-30,2023-12-28,Dorothy Duncan,Aetna
143,Richard Hamilton,53,Other,Hypertension,Medication,2024-06-04,2024-06-18,William Meyer,Cigna
144,John Wright,2,Male,Arthritis,Therapy,2024-05-18,2024-05-31,Alyssa Weaver,Aetna
145,Jerry Galloway,35,Female,Depression,Surgery,2024-06-08,2024-06-13,Kaitlyn Garrett,Kaiser Permanente
146,Oscar Wang,19,Male,COVID-19,Observation,2023-04-05,2023-04-21,Mrs. Karen Fernandez MD,UnitedHealthcare
147,Mary Lopez PhD,90,Female,Hypertension,Therapy,2024-10-14,2024-10-20,Joseph Schneider,Blue Cross
148,Desiree Russell,83,Female,Hypertension,Medication,2024-10-06,2024-10-26,Christopher Jordan,UnitedHealthcare
149,Tim Huynh,76,Other,Arthritis,Rehabilitation,2023-09-06,2023-09-17,Jenna Rodriguez,Cigna
150,Cheryl Hernandez,99,Male,Migraine,Surgery,2023-03-21,2023-03-31,Michael Stokes,Blue Cross
151,Barbara Finley,32,Other,Allergy,Medication,2024-02-28,2024-03-11,Jaime Kennedy,Cigna
152,Scott Shah,54,Other,Diabetes,Surgery,2024-04-29,2024-05-24,Steven Davis,Blue Cross
153,George Buchanan,59,Male,COVID-19,Observation,2023-06-13,2023-06-16,Marie Jacobs,UnitedHealthcare
154,Richard Mccarthy,80,Male,Flu,Surgery,2024-11-13,2024-11-19,Jennifer Meyer,UnitedHealthcare
155,Michael Cobb,11,Male,Allergy,Medication,2025-01-30,2025-02-09,Dave Brown,Cigna
156,Shannon Williams,90,Female,Allergy,Observation,2024-02-18,2024-02-29,Michael Nicholson,Kaiser Permanente
157,Karen Watson,32,Female,Allergy,Surgery,2023-08-10,2023-08-24,Megan Woods,Cigna
158,Evan Patel,57,Female,Asthma,Surgery,2024-07-03,2024-07-29,Brian Green,Aetna
159,Kelly Williams,96,Male,Flu,Rehabilitation,2023-07-14,2023-07-22,Kimberly Carr,UnitedHealthcare
160,Jose Williams,90,Other,Hypertension,Surgery,2023-11-16,2023-11-20,Matthew Nunez,Blue Cross
161,James Knight,28,Other,Arthritis,Rehabilitation,2024-05-17,2024-06-09,Mrs. Tanya Brown,UnitedHealthcare
162,Kenneth Smith,64,Other,Migraine,Observation,2024-12-03,2024-12-19,Amber Lopez,UnitedHealthcare
163,Caroline Graham,18,Female,Migraine,Medication,2023-11-27,2023-11-30,Suzanne Davidson,Aetna
164,Ana Bowman,40,Male,Migraine,Surgery,2024-08-23,2024-09-04,Karen Kerr,UnitedHealthcare
165,Ricky Walls,19,Female,Migraine,Observation,2025-01-15,2025-01-17,Anthony Johnson,Kaiser Permanente
166,Michael Graham,75,Female,Diabetes,Therapy,2024-10-01,2024-10-26,Brandy Gilbert,UnitedHealthcare
167,Joseph Grant,65,Male,Hypertension,Medication,2025-01-05,2025-02-04,Mitchell Lee,Aetna
168,Michele Lee,54,Male,Allergy,Surgery,2024-07-02,2024-07-20,William Black,Cigna
169,Christian Johnson,73,Male,Diabetes,Therapy,2023-03-09,2023-03-28,Robert Randall,Blue Cross
170,Rachel Frederick,13,Female,Flu,Rehabilitation,2023-03-27,2023-03-31,Alexander Haynes,Kaiser Permanente
171,Sean Stanton,38,Male,Depression,Surgery,2024-03-26,2024-04-02,Jeremy Allen,Cigna
172,Stephanie Robinson,77,Female,COVID-19,Medication,2024-08-03,2024-08-23,Lisa Davis,Kaiser Permanente
173,Crystal Campbell,2,Male,Flu,Surgery,2024-05-07,2024-05-22,Susan Gonzalez,Aetna
174,Ryan Obrien,68,Female,Asthma,Medication,2023-08-20,2023-09-10,Phillip Lyons,Blue Cross
175,Ashley Robinson,93,Female,Asthma,Rehabilitation,2023-02-14,2023-03-11,Tonya Hernandez,Aetna
176,Mary Peters,56,Other,COVID-19,Medication,2024-09-03,2024-09-05,Sharon Rivas,Kaiser Permanente
177,Kimberly Smith,66,Male,Migraine,Therapy,2023-04-26,2023-04-27,Nicole Hall,UnitedHealthcare
178,Peter Cross,22,Female,Allergy,Surgery,2024-08-02,2024-08-04,Charles Mccall,Blue Cross
179,Heather Schultz,14,Other,Allergy,Rehabilitation,2024-05-05,2024-05-07,Katrina Perry,Kaiser Permanente
180,Lauren Smith,0,Other,Hypertension,Rehabilitation,2024-07-08,2024-07-17,Craig Vasquez,Aetna
181,Katherine Valencia,6,Male,COVID-19,Observation,2024-12-30,2025-01-19,Jeffrey Smith,Aetna
182,Lisa Klein,80,Male,Depression,Medication,2023-11-14,2023-12-06,Richard Pittman,Kaiser Permanente
183,David Walker PhD,2,Male,COVID-19,Medication,2024-03-01,2024-03-04,Angela Smith,Aetna
184,James Gonzalez,9,Other,Arthritis,Rehabilitation,2023-02-16,2023-03-10,Alexis Mcgee,Cigna
