product_id,category,price,stock
1,Sports,37.35,24
2,Toys,193.19,17
3,Clothing,77.52,53
4,Books,132.65,47
5,Toys,8.74,46
6,Clothing,190.15,33
7,Home,216.66,100
8,Toys,208.46,28
9,Toys,99.46,85
10,Sports,7.95,64
11,Home,8.9,27
12,Books,173.86,37
13,Clothing,141.21,100
14,Sports,43.52,29
15,Sports,178.72,16
16,Home,123.61,71
17,Books,159.72,37
18,Sports,54.7,11
19,Toys,134.81,63
20,Home,186.18,20
21,Home,193.85,8
22,Books,119.55,31
23,Sports,108.69,64
24,Electronics,190.23,59
25,Home,103.11,79
26,Home,184.53,80
27,Toys,67.31,68
28,Sports,157.37,66
29,Electronics,259.29,30
30,Books,26.03,60
31,Home,248.12,40
32,Sports,89.91,29
33,Sports,190.71,27
34,Books,25.47,59
35,Home,179.85,15
36,Books,156.32,54
37,Clothing,192.19,26
38,Toys,7.83,71
39,Clothing,295.12,95
40,Home,77.42,61
41,Sports,276.25,33
42,Clothing,290.74,66
43,Sports,81.12,40
44,Toys,231.75,54
45,Electronics,47.37,4
46,Clothing,87.36,66
47,Clothing,288.88,94
48,Toys,74.52,37
49,Electronics,8.35,8
50,Clothing,5.93,47
51,Toys,27.44,68
52,Books,160.34,52
53,Clothing,298.32,76
54,Home,151.58,71
55,Home,149.61,19
56,Books,205.82,14
57,Home,21.62,49
58,Clothing,48.01,19
59,Home,60.42,57
60,Home,101.52,70
61,Sports,241.17,32
62,Clothing,226.25,43
63,Toys,110.07,58
64,Clothing,5.17,74
65,Clothing,273.7,29
66,Sports,78.19,74
67,Sports,57.98,25
68,Clothing,44.35,96
69,Electronics,292.91,2
70,Books,115.33,33
71,Electronics,242.38,12
72,Home,149.37,68
73,Books,153.5,26
74,Clothing,216.5,83
75,Books,165.92,74
76,Books,154.71,16
77,Books,7.11,11
78,Sports,42.23,60
79,Electronics,17.29,14
80,Home,29.58,22
81,Home,104.36,93
82,Toys,118.01,44
83,Toys,51.0,76
84,Home,79.01,53
85,Home,9.41,85
86,Toys,168.39,43
87,Clothing,272.12,20
88,Sports,39.51,48
89,Books,19.87,91
90,Sports,263.56,37
91,Books,215.96,25
92,Books,268.95,25
93,Toys,19.45,78
94,Books,185.35,53
95,Books,289.52,8
96,Electronics,178.96,64
97,Toys,70.64,29
98,Clothing,132.37,5
99,Home,194.49,89
100,Toys,212.69,46
101,Clothing,223.82,41
102,Electronics,139.92,78
103,Books,268.26,59
104,Toys,43.61,47
105,Sports,262.31,14
106,Home,93.61,37
107,Sports,100.21,60
108,Clothing,98.61,18
109,Sports,51.18,21
110,Electronics,145.26,68
111,Sports,142.11,96
112,Electronics,223.89,1
113,Toys,213.32,34
114,Home,214.77,25
115,Toys,257.59,23
116,Electronics,43.96,9
117,Home,124.27,90
118,Electronics,200.63,50
119,Clothing,128.02,5
120,Toys,12.99,52
121,Home,99.27,31
122,Sports,5.56,28
123,Home,99.06,88
124,Toys,228.6,12
125,Electronics,116.9,45
126,Books,227.2,52
127,Sports,59.76,71
128,Home,284.93,86
129,Books,38.19,7
130,Books,120.31,99
131,Toys,9.54,28
132,Books,104.56,52
133,Home,82.91,23
134,Books,87.45,32
135,Books,98.53,15
136,Toys,133.68,82
137,Toys,259.84,67
138,Sports,175.4,84
139,Books,161.98,6
140,Home,25.79,91
141,Books,95.08,18
142,Clothing,276.06,93
143,Electronics,31.44,50
144,Electronics,131.01,8
145,Books,139.87,55
146,Books,88.99,49
147,Clothing,125.99,10
148,Sports,107.42,75
149,Clothing,24.45,45
150,Electronics,16.53,12
151,Clothing,284.82,49
152,Clothing,195.15,4
153,Home,62.0,50
154,Clothing,192.9,77
155,Sports,203.23,22
156,Sports,237.44,38
157,Clothing,298.84,77
158,Books,145.42,41
159,Home,162.73,13
160,Sports,191.8,53
161,Sports,200.6,2
162,Electronics,167.79,8
163,Home,89.13,68
164,Clothing,123.49,90
165,Sports,240.53,17
166,Home,175.57,9
167,Books,10.49,63
168,Home,68.47,98
169,Toys,163.38,76
170,Clothing,283.13,79
171,Electronics,226.63,13
172,Electronics,247.54,74
173,Home,132.31,32
174,Home,126.8,55
175,Sports,186.95,20
176,Toys,24.4,72
177,Toys,147.36,0
178,Home,71.76,17
179,Books,183.49,28
180,Clothing,23.25,94
181,Electronics,265.57,71
182,Sports,45.09,55
183,Clothing,12.91,33
184,Toys,248.07,84
185,Books,21.17,50
186,Clothing,63.35,75
187,Books,169.56,8
188,Toys,165.8,36
189,Clothing,175.92,46
190,Toys,46.32,37
191,Toys,66.47,24
192,Home,66.53,30
193,Sports,168.48,73
194,Home,5.75,98
195,Electronics,297.12,15
196,Home,64.18,53
197,Books,106.49,59
198,Electronics,8.97,87
199,Books,249.35,89
200,Electronics,249.39,71
201,Home,144.59,63
202,Books,149.36,50
203,Sports,270.06,24
204,Clothing,87.08,44
205,Books,204.13,23
206,Clothing,218.16,61
