product_id,product_name,category,price,stock
1,With,Sports,192.14,54
2,Store,Toys,298.33,35
3,Strategy,Books,235.69,87
4,Poor,Books,141.09,74
5,You,Books,93.51,79
6,Level,Toys,163.56,20
7,Answer,Books,210.44,92
8,Card,Clothing,268.69,66
9,Simply,Clothing,287.61,64
10,Agree,Electronics,36.63,87
11,Wish,Sports,165.89,91
12,Billion,Books,97.31,38
13,First,Toys,57.52,51
14,Girl,Toys,138.61,28
15,Require,Books,80.41,22
16,Might,Sports,173.22,75
17,Himself,Books,73.33,65
18,South,Sports,104.05,6
19,Economy,Books,118.53,90
20,Campaign,Toys,30.27,21
21,Report,Electronics,140.22,64
22,News,Books,290.82,27
23,Figure,Home,26.54,18
24,Nation,Electronics,160.79,75
25,Play,Sports,23.52,61
26,Move,Toys,28.99,23
27,Himself,Sports,141.93,77
28,Strategy,Electronics,264.36,97
29,Also,Books,157.03,96
30,Affect,Toys,122.35,49
31,Effect,Home,215.91,2
32,Of,Books,295.05,98
33,Nothing,Sports,95.93,43
34,Impact,Sports,222.05,38
35,Behind,Electronics,245.41,61
36,Analysis,Electronics,233.0,15
37,Run,Clothing,162.76,25
38,To,Home,275.81,42
39,Way,Sports,254.27,68
40,Stop,Books,270.96,28
41,Because,Books,138.28,71
42,Development,Books,74.99,99
43,Compare,Books,285.89,38
44,Energy,Toys,270.1,3
45,Family,Electronics,223.95,24
46,Cut,Sports,83.34,35
47,Through,Electronics,161.02,45
48,Thank,Books,66.8,78
49,Relationship,Toys,13.78,89
50,Learn,Sports,59.21,6
51,Tv,Sports,158.93,50
52,Cost,Sports,171.73,42
53,Agree,Sports,289.15,72
54,Beautiful,Sports,10.53,26
55,Style,Electronics,141.67,42
56,Hold,Toys,161.74,38
57,Television,Clothing,41.19,76
58,Product,Home,67.81,67
59,Accept,Toys,112.12,69
60,Skin,Clothing,288.65,84
61,Film,Toys,145.47,51
62,Same,Sports,277.07,48
63,Understand,Sports,247.67,0
64,Near,Books,177.77,42
65,Baby,Sports,116.43,95
66,Not,Books,82.83,28
67,Choose,Toys,211.72,17
68,Finally,Books,244.06,7
69,Building,Toys,217.34,89
70,To,Toys,271.55,36
71,Investment,Home,136.28,99
72,Idea,Electronics,50.77,40
73,Share,Toys,218.04,0
74,History,Books,44.14,57
75,Low,Electronics,135.32,43
76,Pressure,Books,122.07,28
77,Third,Books,132.04,86
78,Bed,Toys,186.3,11
79,Marriage,Sports,210.51,79
80,Similar,Clothing,101.3,4
81,Success,Electronics,227.75,48
82,Determine,Electronics,178.04,28
83,Allow,Books,120.76,53
84,Market,Books,188.88,94
85,Worry,Sports,148.38,94
86,Material,Clothing,15.23,15
87,Artist,Toys,272.9,12
88,Staff,Toys,78.36,59
89,Over,Books,20.4,2
90,Enough,Home,83.3,96
91,Media,Home,54.78,94
92,Before,Clothing,204.57,50
93,Last,Clothing,39.75,79
94,Office,Home,124.4,24
95,Rather,Home,192.93,67
96,Claim,Clothing,84.76,64
97,Discussion,Books,249.54,51
98,Add,Sports,143.81,58
99,Next,Clothing,37.83,49
100,Hit,Clothing,296.23,7
101,Economic,Electronics,279.69,28
102,Nation,Books,280.8,59
103,Hour,Home,129.31,28
104,College,Sports,159.07,48
105,Central,Clothing,90.87,24
106,Say,Books,169.74,87
107,Trouble,Clothing,163.44,75
108,Or,Toys,256.69,99
109,Under,Home,242.49,42
110,Seat,Books,294.1,72
111,Argue,Sports,246.67,42
112,Relationship,Toys,203.85,51
113,Player,Electronics,196.01,53
114,One,Clothing,91.38,45
115,Manage,Electronics,285.16,33
116,Seek,Home,117.64,55
117,Art,Toys,33.12,80
118,Hotel,Home,218.14,15
119,Feel,Clothing,188.27,43
120,Receive,Toys,100.37,11
121,Serious,Electronics,238.13,21
122,Rock,Electronics,104.99,87
123,Rate,Sports,274.1,17
124,Interesting,Books,118.81,86
125,Very,Home,199.81,76
126,Recent,Clothing,65.14,86
127,Difficult,Electronics,231.99,34
128,Yes,Electronics,291.1,95
129,Similar,Clothing,79.31,0
130,Three,Books,31.3,4
131,No,Home,88.19,47
132,Two,Sports,75.57,99
133,Career,Sports,137.95,73
134,Environment,Books,9.84,69
135,Away,Clothing,89.72,15
136,Leader,Books,250.31,13
137,Thing,Home,69.18,16
138,Indicate,Clothing,173.24,65
139,Assume,Sports,234.35,23
140,Star,Electronics,75.25,59
141,Weight,Electronics,247.33,68
142,Letter,Clothing,236.31,50
143,Ball,Toys,47.99,76
144,Cultural,Toys,241.39,41
145,Fast,Clothing,270.3,57
146,Question,Books,181.2,77
147,Energy,Sports,199.05,68
148,Hundred,Home,193.14,19
149,Note,Books,265.71,93
150,Next,Toys,210.12,64
151,Usually,Electronics,148.92,5
152,That,Home,132.53,72
153,Executive,Home,43.7,72
154,White,Sports,277.41,8
155,Business,Books,90.22,6
156,Million,Clothing,40.38,31
157,Treat,Clothing,170.93,11
158,Modern,Electronics,295.97,62
159,Specific,Toys,133.51,64
160,Heavy,Sports,257.74,32
161,Source,Books,103.8,60
162,Activity,Sports,47.66,29
163,Society,Toys,245.76,6
164,Enough,Sports,123.98,0
165,Whose,Toys,33.91,100
166,Bank,Home,168.56,37
167,Few,Home,269.84,27
168,Drop,Electronics,255.22,58
169,Back,Home,182.98,1
170,Analysis,Home,258.56,83
171,Work,Electronics,33.03,84
172,Fill,Books,114.46,18
173,Let,Home,242.07,10
174,Half,Clothing,129.35,55
175,Speech,Clothing,207.07,8
176,Message,Toys,194.1,100
177,Nice,Electronics,184.91,65
178,Specific,Electronics,211.9,52
179,Fear,Electronics,77.52,77
180,Voice,Clothing,8.86,83
181,Be,Sports,125.9,1
182,Special,Clothing,274.42,73
183,Nature,Toys,259.54,13
184,Assume,Electronics,91.1,58
185,Project,Sports,293.36,14
186,Affect,Toys,53.21,97
