product_id,product_name,category,price,stock
1,Education,Home,116.7,44
2,Fall,Electronics,25.0,41
3,Local,Books,231.1,67
4,Certain,Sports,148.67,94
5,Unit,Home,63.59,27
6,Itself,Clothing,291.04,28
7,Around,Sports,252.98,71
8,Cultural,Sports,94.7,24
9,Job,Clothing,14.35,27
10,Contain,Electronics,227.46,77
11,Quality,Sports,123.01,35
12,Quality,Clothing,65.89,49
13,Fast,Electronics,30.76,48
14,Serious,Sports,125.24,36
15,School,Toys,147.21,48
16,Myself,Clothing,285.93,32
17,Whose,Toys,278.6,34
18,Choice,Home,257.36,84
19,Today,Electronics,170.95,84
20,Within,Clothing,123.18,49
21,Future,Sports,181.46,57
22,Bad,Electronics,270.18,18
23,Analysis,Electronics,187.42,63
24,Name,Books,239.67,0
25,Media,Toys,19.17,28
26,Seat,Sports,107.85,14
27,Four,Books,78.32,68
28,Western,Sports,173.26,51
29,To,Electronics,284.82,79
30,Consumer,Home,150.75,29
31,Tend,Home,147.26,5
32,Here,Books,149.1,23
33,For,Books,12.81,83
34,Degree,Clothing,63.04,42
35,American,Electronics,142.68,80
36,Decide,Home,191.81,53
37,Pressure,Sports,130.75,57
38,Have,Sports,25.51,56
39,Glass,Toys,178.07,75
40,Husband,Clothing,196.8,43
41,Bed,Clothing,90.77,34
42,See,Sports,119.91,54
43,She,Books,137.6,14
44,Because,Home,184.44,20
45,Deep,Sports,227.54,19
46,Himself,Electronics,204.1,39
47,Focus,Electronics,232.04,24
48,Build,Clothing,216.65,89
49,I,Electronics,84.94,56
50,Rich,Home,287.9,100
51,Evidence,Sports,84.91,35
52,Work,Electronics,36.97,7
53,Economy,Sports,239.04,10
54,Country,Home,73.0,85
55,Item,Electronics,158.23,17
56,Finally,Clothing,193.28,75
57,With,Sports,247.76,55
58,Result,Sports,276.58,85
59,Parent,Clothing,34.62,19
60,Hospital,Toys,225.75,95
61,Southern,Toys,149.34,85
62,Grow,Sports,206.18,74
63,Someone,Electronics,196.4,96
64,Structure,Home,137.76,38
65,Look,Home,115.49,9
66,Focus,Home,140.97,17
67,Technology,Electronics,234.05,31
68,It,Home,134.37,28
69,Yeah,Home,249.25,73
70,Democrat,Toys,286.37,68
71,Recently,Toys,27.53,11
72,Pay,Books,29.61,17
73,Issue,Electronics,64.53,57
74,Describe,Sports,288.09,92
75,Above,Toys,176.81,43
76,Along,Electronics,62.93,79
77,Lawyer,Electronics,153.96,41
78,Student,Books,243.9,91
79,General,Books,12.43,90
80,Participant,Books,284.54,62
81,Your,Toys,10.63,3
82,Tonight,Sports,283.85,33
83,Lot,Electronics,296.58,56
84,Officer,Electronics,286.17,99
85,Company,Electronics,176.47,78
86,Able,Books,150.21,43
87,Entire,Toys,271.88,70
88,Clearly,Clothing,59.49,3
89,Gun,Home,163.25,65
90,According,Toys,29.85,39
91,Bag,Books,242.36,54
92,Yeah,Toys,100.48,86
93,Our,Electronics,146.04,23
94,Sea,Sports,86.44,55
95,Foreign,Books,162.77,5
96,Language,Electronics,212.41,95
97,Including,Electronics,147.14,96
98,Really,Toys,219.35,81
99,Director,Toys,275.7,88
100,Expert,Books,284.15,20
101,Buy,Home,10.87,64
102,Someone,Electronics,171.02,41
103,Democrat,Toys,253.0,54
104,Three,Clothing,153.93,31
105,They,Clothing,79.18,4
106,Late,Home,117.42,47
107,Performance,Electronics,113.24,65
108,Condition,Clothing,241.84,64
109,Trial,Toys,214.11,49
110,Animal,Clothing,50.72,26
111,Recently,Clothing,269.21,85
112,Risk,Clothing,283.04,82
113,Class,Home,296.82,19
114,Budget,Home,20.03,54
115,Summer,Electronics,125.26,9
116,Stay,Home,148.2,42
117,Story,Books,41.34,66
118,Fast,Toys,283.61,34
119,Pay,Clothing,61.75,34
120,First,Toys,136.26,67
121,Position,Books,273.35,87
122,Various,Home,14.06,48
123,Between,Books,118.43,35
124,Interview,Toys,134.13,35
125,True,Clothing,84.3,21
126,Modern,Electronics,263.36,79
127,Bring,Electronics,25.88,37
128,Project,Books,37.13,28
129,Purpose,Clothing,55.4,69
130,Himself,Clothing,254.78,40
131,Collection,Home,244.83,15
132,Use,Books,94.31,97
133,Whole,Sports,34.34,5
134,Price,Books,68.09,4
135,Instead,Clothing,201.74,30
136,Will,Home,293.92,52
137,Military,Sports,169.04,63
138,Green,Books,274.66,35
139,Morning,Books,283.4,39
140,Dog,Toys,5.3,63
141,Knowledge,Home,277.26,80
142,Administration,Home,65.53,17
143,Production,Electronics,261.13,52
144,Star,Electronics,129.66,54
145,Sell,Clothing,59.79,100
146,Tv,Sports,273.46,24
147,Of,Electronics,245.27,47
148,Design,Home,41.2,36
149,Blood,Sports,133.57,94
150,Yourself,Electronics,275.09,81
151,Tell,Electronics,139.48,21
152,Report,Clothing,260.34,21
153,A,Electronics,274.45,11
154,Important,Toys,158.49,1
155,Medical,Electronics,225.5,98
156,Opportunity,Books,294.96,68
157,Officer,Clothing,229.06,45
158,Heart,Home,120.52,50
159,Ground,Home,206.4,69
160,It,Electronics,59.64,27
161,Writer,Clothing,64.94,74
162,Age,Books,172.69,70
163,Statement,Books,141.71,81
164,Scientist,Clothing,216.04,80
165,Blue,Electronics,77.78,100
166,Cell,Books,295.63,22
167,Gas,Clothing,126.56,81
168,Everybody,Toys,18.01,8
169,Past,Sports,59.9,65
170,Commercial,Toys,72.44,48
171,Wall,Clothing,236.62,68
172,Low,Clothing,118.67,41
173,Enter,Clothing,23.99,45
174,Per,Clothing,39.75,31
175,Take,Clothing,251.48,77
176,Pull,Books,91.77,1
177,Perhaps,Books,53.96,15
178,Black,Clothing,279.33,7
179,Until,Sports,55.63,83
180,Affect,Toys,214.83,0
181,Structure,Home,18.29,94
182,Dream,Books,288.85,28
183,Tend,Books,283.4,45
184,Cut,Electronics,206.2,89
185,Story,Toys,254.11,16
186,Spring,Toys,266.95,32
187,Affect,Sports,113.04,99
188,Consider,Sports,231.43,98
189,Operation,Electronics,177.38,45
190,Area,Electronics,195.98,66
191,Improve,Books,220.91,25
192,Feeling,Electronics,206.27,16
193,Red,Clothing,24.71,65
194,Television,Toys,81.25,87
195,Economic,Electronics,48.35,83
196,Difficult,Home,237.75,19
197,Deal,Home,150.52,51
198,Player,Books,73.06,87
199,Call,Books,233.14,42
200,Ten,Electronics,295.64,71
201,Inside,Books,147.58,18
202,Provide,Toys,30.86,49
203,Move,Home,225.1,39
204,Story,Home,39.46,87
205,Turn,Sports,45.3,32
206,Fly,Books,97.99,16
207,Value,Toys,206.12,86
208,Pattern,Home,127.37,44
209,Maybe,Toys,234.68,38
