stock,product_id,category,product_name,price
72,1,Electronics,Prevent,156.78
18,2,Home,Down,119.49
63,3,Clothing,Interest,217.86
77,4,Toys,Show,181.31
80,5,Home,Identify,64.97
1,6,Electronics,Low,104.68
89,7,Sports,Sign,54.03
67,8,Books,Someone,272.0
93,9,Sports,Ready,264.98
55,10,Sports,Character,194.87
99,11,Clothing,Move,79.25
63,12,Toys,Cut,117.66
23,13,Toys,Base,72.6
42,14,Books,Third,298.04
65,15,Toys,After,215.65
47,16,Books,Issue,131.0
63,17,Sports,Medical,35.02
72,18,Home,Food,127.11
91,19,Toys,Investment,67.14
65,20,Electronics,Check,75.91
50,21,Clothing,Former,262.15
42,22,Sports,Thus,267.09
96,23,Electronics,This,59.76
11,24,Clothing,Its,149.13
63,25,Sports,Special,135.47
64,26,Toys,Key,150.49
13,27,Clothing,Rest,167.22
69,28,Toys,Understand,148.47
8,29,Home,Force,32.33
80,30,Books,Push,86.4
4,31,Books,Half,207.98
57,32,Sports,They,12.37
36,33,Clothing,Instead,274.13
69,34,Sports,Focus,136.7
49,35,Books,Writer,186.48
85,36,Home,School,104.13
53,37,Sports,Long,129.84
60,38,Toys,Four,136.44
89,39,Clothing,Radio,17.91
99,40,Home,Garden,179.66
57,41,Electronics,Piece,59.21
41,42,Books,Couple,54.51
99,43,Clothing,Low,274.32
21,44,Electronics,See,105.89
32,45,Electronics,Others,204.0
8,46,Clothing,Then,286.72
10,47,Clothing,Discover,141.61
7,48,Toys,Scientist,133.07
88,49,Toys,Body,202.48
34,50,Clothing,Shake,130.49
58,51,Sports,Left,12.31
13,52,Books,By,99.46
97,53,Sports,Inside,5.63
24,54,Toys,Similar,74.6
35,55,Sports,Agent,238.24
97,56,Clothing,City,151.69
84,57,Clothing,Baby,226.86
78,58,Electronics,Have,223.92
85,59,Sports,Direction,160.26
63,60,Clothing,Owner,79.72
86,61,Clothing,Might,10.49
50,62,Clothing,Smile,103.08
53,63,Sports,Southern,117.56
92,64,Home,Service,233.49
49,65,Toys,Us,92.26
30,66,Sports,Both,236.44
50,67,Clothing,Travel,147.03
36,68,Home,Them,276.36
11,69,Electronics,President,255.28
22,70,Books,Account,185.17
11,71,Sports,Her,146.11
4,72,Electronics,Develop,90.61
7,73,Clothing,Else,255.16
35,74,Clothing,Close,222.66
90,75,Electronics,Indicate,10.73
14,76,Electronics,Option,69.63
2,77,Toys,Difficult,140.56
30,78,Books,These,130.93
33,79,Sports,Candidate,45.58
6,80,Sports,Step,62.2
94,81,Sports,Local,279.26
32,82,Toys,Rich,68.2
86,83,Sports,Too,14.87
90,84,Sports,Much,34.22
48,85,Books,Approach,215.37
57,86,Books,Wind,201.56
26,87,Books,Fire,274.58
44,88,Toys,Once,275.99
29,89,Home,Everyone,139.85
63,90,Electronics,Statement,113.5
61,91,Books,Picture,75.71
41,92,Home,Under,277.68
53,93,Electronics,Effort,6.48
43,94,Toys,Support,170.64
47,95,Books,Stock,204.65
69,96,Clothing,Business,14.17
32,97,Home,Identify,183.84
1,98,Home,Yes,214.15
57,99,Home,Hotel,79.38
99,100,Books,Moment,297.65
54,101,Electronics,Green,82.44
96,102,Electronics,Them,173.37
18,103,Books,Help,192.4
89,104,Toys,Traditional,181.33
49,105,Toys,Training,129.91
34,106,Sports,Place,149.75
51,107,Books,Almost,18.23
71,108,Sports,Free,199.49
15,109,Toys,Any,82.88
24,110,Home,Remember,99.2
58,111,Clothing,Without,45.96
70,112,Electronics,Just,122.74
41,113,Clothing,Door,20.79
36,114,Home,Smile,125.73
83,115,Electronics,Win,103.13
28,116,Clothing,Game,299.4
3,117,Clothing,Test,84.15
67,118,Electronics,Include,15.5
87,119,Toys,Later,164.11
19,120,Sports,Each,126.75
44,121,Electronics,Deep,237.53
5,122,Toys,Stuff,54.21
98,123,Toys,Tonight,38.64
49,124,Home,Detail,47.53
52,125,Toys,Apply,148.13
16,126,Electronics,Stop,214.64
61,127,Books,Military,128.04
76,128,Books,Pm,115.59
47,129,Toys,Bank,86.69
13,130,Clothing,Behind,222.22
72,131,Home,Just,51.02
54,132,Books,All,177.07
92,133,Home,Model,112.34
13,134,Sports,Entire,215.71
12,135,Books,Purpose,273.91
65,136,Home,Me,20.36
35,137,Electronics,Policy,241.66
0,138,Sports,Pull,107.21
34,139,Sports,Employee,130.13
35,140,Home,Recent,219.83
52,141,Home,Teacher,230.94
2,142,Clothing,Clearly,239.76
46,143,Sports,Wide,148.34
55,144,Toys,Two,249.29
44,145,Sports,Above,93.76
2,146,Books,Only,190.83
40,147,Toys,Answer,221.17
26,148,Sports,Type,288.24
99,149,Books,Financial,268.86
96,150,Books,Perform,221.06
37,151,Home,Mind,285.65
55,152,Books,Until,161.72
37,153,Books,Free,125.25
96,154,Clothing,Few,107.05
84,155,Home,Then,285.09
21,156,Toys,Claim,260.26
82,157,Home,Film,221.83
1,158,Clothing,Threat,218.0
26,159,Home,Charge,264.69
54,160,Sports,Security,134.65
18,161,Electronics,Size,148.3
11,162,Books,Thank,35.41
48,163,Toys,General,106.14
70,164,Sports,Themselves,115.86
97,165,Books,Center,190.63
40,166,Books,Interest,261.99
16,167,Home,Protect,220.16
22,168,Home,That,146.27
4,169,Clothing,Friend,10.09
64,170,Home,Own,241.37
65,171,Toys,Certainly,82.26
4,172,Toys,Peace,81.52
42,173,Clothing,Law,256.72
94,174,Home,Education,147.56
98,175,Home,Foot,279.54
6,176,Electronics,One,48.36
66,177,Home,Cup,211.55
22,178,Sports,Sort,211.56
13,179,Sports,Situation,102.88
32,180,Books,Store,259.13
1,181,Clothing,Yard,205.9
89,182,Books,Executive,18.1
40,183,Books,Seek,96.07
28,184,Electronics,Side,233.27
95,185,Home,Message,293.24
2,186,Toys,Experience,194.36
61,187,Sports,City,245.55
54,188,Electronics,Skill,243.94
86,189,Books,Individual,110.83
63,190,Electronics,Rule,187.35
95,191,Books,Page,285.37
19,192,Sports,Bank,139.95
72,193,Toys,Indeed,177.39
80,194,Home,Recent,132.04
80,195,Electronics,Record,197.0
39,196,Home,Piece,174.15
0,197,Home,New,45.46
16,198,Sports,Arm,91.09
56,199,Books,Future,40.48
79,200,Electronics,State,112.61
