product_id,product_name,category,price,stock
1,Tax,Clothing,140.95,85
2,Law,Sports,266.07,65
3,Include,Sports,246.03,4
4,Exactly,Books,5.5,34
5,Into,Home,38.39,100
6,Himself,Toys,7.18,35
7,They,Electronics,235.33,24
8,Want,Electronics,185.82,96
9,Opportunity,Sports,67.61,66
10,If,Sports,12.6,100
11,Still,Toys,270.96,43
12,Science,Sports,200.22,36
13,Sure,Books,250.61,73
14,Imagine,Books,208.24,41
15,Environmental,Home,124.72,72
16,Will,Electronics,18.51,80
17,System,Clothing,74.23,42
18,Read,Clothing,284.44,35
19,Position,Home,126.63,77
20,Although,Toys,273.96,68
21,Quality,Home,196.74,48
22,Because,Toys,231.77,55
23,Heavy,Books,212.43,27
24,Lay,Electronics,159.52,53
25,Culture,Home,279.79,5
26,Hear,Electronics,188.34,57
27,Bill,Sports,69.29,44
28,Point,Home,154.49,38
29,Skin,Clothing,260.28,74
30,Learn,Home,217.45,94
31,Politics,Clothing,143.08,96
32,Treatment,Toys,299.65,11
33,Task,Clothing,7.52,55
34,North,Sports,284.82,83
35,After,Books,10.14,29
36,Nice,Electronics,200.06,1
37,Consider,Books,173.96,17
38,Available,Home,38.84,91
39,Hope,Home,137.72,44
40,Strong,Toys,216.68,6
41,Onto,Toys,78.91,49
42,Activity,Toys,25.81,58
43,Direction,Clothing,177.11,95
44,Practice,Sports,64.74,63
45,Brother,Electronics,26.44,30
46,Employee,Books,218.18,89
47,Run,Electronics,62.81,29
48,Response,Sports,148.88,67
49,Expert,Home,214.14,32
50,Industry,Books,276.84,54
51,Star,Home,288.41,61
52,Less,Clothing,194.85,23
53,Evening,Electronics,176.0,51
54,Interest,Home,140.26,74
55,Rest,Books,280.19,47
56,Sport,Sports,250.31,95
57,Leg,Toys,17.08,95
58,Call,Electronics,142.21,61
59,Discussion,Clothing,104.9,19
60,Mean,Books,138.97,95
61,Around,Books,45.38,83
62,Boy,Sports,113.67,94
63,Same,Electronics,94.87,46
64,Industry,Books,65.4,15
65,Ready,Toys,234.54,20
66,Include,Toys,222.23,21
67,End,Home,194.17,4
68,Almost,Clothing,230.04,50
69,But,Home,296.91,33
70,Role,Books,113.64,12
71,Rest,Toys,243.23,59
72,Property,Clothing,153.56,51
73,Season,Toys,76.35,55
74,Laugh,Toys,8.16,59
75,Agency,Home,198.49,38
76,Crime,Electronics,143.6,97
77,Party,Books,274.16,15
78,Structure,Electronics,296.4,87
79,I,Sports,151.57,42
80,Admit,Toys,59.13,100
81,Bar,Toys,147.19,65
82,Common,Clothing,175.2,47
83,Employee,Home,20.91,98
84,Thing,Toys,289.68,38
85,On,Sports,22.72,72
86,Few,Clothing,255.88,41
87,Somebody,Electronics,213.53,40
88,Pm,Clothing,104.36,80
89,Song,Toys,201.09,13
90,Seek,Sports,99.25,67
91,Whose,Electronics,200.39,9
92,Work,Sports,190.71,17
93,Sure,Home,143.45,36
94,Mr,Home,237.36,13
95,Turn,Toys,293.57,93
96,Smile,Sports,76.81,8
97,Up,Books,280.75,42
98,Hair,Toys,291.49,60
99,Raise,Home,170.74,66
100,Parent,Toys,136.71,82
101,Employee,Home,9.54,92
102,Item,Books,150.03,81
103,Season,Toys,162.57,97
104,Pretty,Toys,33.84,58
105,Success,Sports,229.87,27
106,Adult,Clothing,297.31,61
107,Why,Sports,34.98,21
108,Certainly,Books,187.16,88
109,Weight,Toys,179.88,97
110,Soldier,Books,126.4,88
111,Card,Electronics,206.89,11
112,Space,Clothing,219.6,38
113,Pretty,Electronics,30.32,48
114,Explain,Sports,269.83,50
115,Beautiful,Toys,270.42,31
116,Figure,Home,164.62,55
117,Western,Toys,45.14,33
118,Fine,Toys,194.81,35
119,Pretty,Clothing,183.99,93
120,Vote,Home,187.38,5
121,None,Clothing,274.13,44
122,Suffer,Sports,110.64,5
123,Term,Home,110.08,72
124,Arrive,Sports,128.95,50
125,Act,Toys,74.87,72
126,International,Books,203.12,30
127,Kid,Home,163.8,72
128,Consumer,Clothing,134.95,12
129,Police,Electronics,187.25,78
130,Sing,Electronics,277.78,83
131,Compare,Sports,44.8,97
132,Space,Books,68.83,72
133,Scene,Toys,203.65,99
134,May,Toys,287.32,4
135,Be,Books,34.43,25
136,Laugh,Clothing,140.91,84
137,Fine,Toys,226.92,98
138,Animal,Electronics,116.74,71
139,Tonight,Sports,26.73,52
140,Cell,Home,220.73,97
141,Upon,Electronics,31.27,68
142,Imagine,Toys,96.93,57
143,Those,Electronics,250.02,34
144,Computer,Books,33.5,29
145,Little,Clothing,299.49,86
146,Fight,Toys,27.0,55
147,Wait,Electronics,40.82,62
148,Baby,Home,22.86,55
149,Likely,Toys,87.92,78
150,Assume,Electronics,143.8,19
151,Business,Electronics,83.96,76
152,Evening,Books,144.31,53
153,Brother,Clothing,160.37,72
154,Way,Home,133.67,87
155,Could,Home,26.4,96
156,As,Books,80.16,5
157,Measure,Home,50.92,23
158,Little,Electronics,42.72,98
159,Their,Electronics,29.29,66
160,Team,Sports,275.89,53
161,Area,Home,150.52,48
162,Why,Books,140.25,58
163,Where,Toys,188.63,96
164,Order,Electronics,252.58,28
165,Action,Books,286.83,79
166,Program,Clothing,204.15,25
167,Second,Home,110.71,33
168,Live,Toys,167.23,34
169,Already,Home,29.75,28
170,Its,Toys,171.97,19
171,Commercial,Home,27.46,86
172,Learn,Home,186.15,71
173,Pull,Toys,219.52,62
174,Owner,Sports,176.5,26
175,Serious,Home,290.02,78
176,Blue,Toys,191.91,90
177,Collection,Home,200.22,27
178,Test,Home,166.76,56
179,Mean,Toys,211.85,66
180,Baby,Home,190.02,45
181,Main,Home,286.98,4
182,Experience,Sports,244.71,91
183,Before,Clothing,219.58,72
184,Service,Sports,198.41,94
185,Gun,Books,48.5,68
186,Opportunity,Clothing,176.26,3
187,Serve,Toys,138.03,97
188,View,Home,109.2,73
189,Impact,Electronics,211.94,43
190,Network,Books,196.56,64
191,Risk,Electronics,259.42,47
192,Enjoy,Sports,152.22,18
193,Past,Books,82.63,56
194,Edge,Sports,209.69,73
195,Special,Clothing,63.65,22
