product_id,product_name,category,stock
1,Peace,Sports,2
2,Risk,Electronics,30
3,Operation,Books,83
4,Live,Clothing,55
5,Answer,Toys,4
6,Under,Home,92
7,Spring,Toys,29
8,Early,Electronics,63
9,In,Clothing,73
10,Two,Sports,92
11,Build,Electronics,40
12,Ability,Home,69
13,Human,Clothing,19
14,Place,Sports,93
15,Serious,Books,23
16,Page,Home,80
17,This,Electronics,68
18,Quite,Sports,44
19,Walk,Electronics,50
20,Market,Home,32
21,Special,Clothing,98
22,Beyond,Clothing,22
23,Process,Home,11
24,Quality,Books,40
25,South,Home,53
26,By,Electronics,65
27,Impact,Toys,37
28,Lead,Electronics,60
29,Analysis,Home,45
30,Give,Electronics,40
31,Reveal,Clothing,68
32,Follow,Home,41
33,Wife,Clothing,60
34,Floor,Home,0
35,Method,Toys,46
36,Same,Books,17
37,Various,Books,30
38,South,Sports,86
39,Science,Sports,45
40,Game,Electronics,10
41,Even,Clothing,97
42,Early,Books,97
43,Local,Books,25
44,Minute,Books,57
45,Pass,Toys,0
46,Call,Toys,43
47,Against,Electronics,9
48,Full,Sports,74
49,Network,Clothing,7
50,Already,Clothing,37
51,Win,Sports,94
52,Room,Home,27
53,Blood,Toys,62
54,Less,Electronics,33
55,Trade,Home,81
56,Laugh,Home,48
57,Defense,Sports,23
58,Make,Sports,40
59,Remember,Toys,33
60,War,Electronics,42
61,Whatever,Toys,37
62,Not,Sports,15
63,Yes,Sports,98
64,Process,Clothing,78
65,Parent,Toys,81
66,Home,Clothing,43
67,Himself,Home,45
68,Weight,Toys,61
69,Talk,Home,64
70,Lead,Electronics,33
71,Card,Clothing,62
72,Will,Sports,86
73,Class,Home,60
74,Many,Home,81
75,Left,Electronics,14
76,Season,Clothing,94
77,Strategy,Books,76
78,A,Toys,30
79,History,Sports,41
80,Sometimes,Books,89
81,Speech,Toys,66
82,Sister,Books,25
83,Total,Electronics,36
84,Position,Toys,60
85,Watch,Toys,35
86,Idea,Toys,20
87,Tough,Toys,13
88,White,Home,15
89,Mean,Electronics,95
90,Budget,Electronics,47
91,Glass,Clothing,13
92,Customer,Sports,67
93,Hold,Sports,58
94,Sure,Toys,43
95,Onto,Sports,82
96,Citizen,Electronics,72
97,Gun,Home,61
98,Leg,Home,17
99,Low,Clothing,99
100,Watch,Clothing,77
101,Soon,Electronics,90
102,Heavy,Sports,11
103,Dinner,Toys,15
104,Anything,Home,62
105,Safe,Toys,39
106,Manage,Clothing,7
107,Late,Sports,66
108,Stand,Electronics,7
109,Go,Home,23
110,Hit,Toys,90
111,Evidence,Electronics,5
112,Prevent,Clothing,31
113,Myself,Books,65
114,Allow,Sports,71
115,Concern,Sports,77
116,Thank,Toys,48
117,You,Books,44
118,Nor,Electronics,0
119,Of,Clothing,65
120,Level,Sports,92
121,Available,Sports,43
122,Reveal,Books,20
123,Miss,Books,53
124,Country,Electronics,52
125,City,Sports,42
126,Address,Books,7
127,Strong,Home,79
128,Church,Books,3
129,Lay,Home,26
130,Worker,Sports,37
131,Second,Clothing,99
132,Such,Home,71
133,Guess,Books,34
134,Democrat,Electronics,4
135,Almost,Clothing,99
136,Leg,Electronics,9
137,Case,Sports,66
138,Us,Home,36
139,Support,Clothing,2
140,Summer,Electronics,51
141,Almost,Electronics,77
142,Plan,Sports,39
143,East,Sports,87
144,Writer,Home,86
145,Too,Home,45
146,Must,Toys,100
147,Worker,Books,15
148,Include,Sports,63
149,Level,Books,24
150,If,Clothing,53
151,Write,Home,53
152,Year,Home,1
153,Not,Home,84
154,Car,Clothing,38
155,Study,Sports,48
156,Room,Electronics,85
157,Might,Books,0
158,Within,Electronics,15
159,Edge,Toys,17
160,More,Home,47
161,Heart,Books,27
162,Right,Home,52
163,Condition,Clothing,16
164,Local,Electronics,68
165,Talk,Home,33
166,Ball,Sports,67
167,Condition,Home,80
168,Glass,Home,39
169,Partner,Toys,46
170,New,Books,29
171,Final,Home,26
172,Not,Electronics,29
173,Base,Home,22
174,Drug,Books,68
175,Example,Toys,61
176,Right,Home,65
177,Usually,Electronics,44
178,Determine,Electronics,4
179,Though,Home,29
180,Some,Electronics,61
181,Rate,Clothing,19
182,Just,Books,4
183,Night,Sports,12
184,Woman,Sports,21
185,East,Electronics,56
186,Sing,Books,91
187,Great,Sports,36
188,Perhaps,Home,79
189,Enough,Toys,3
190,Early,Toys,100
191,Both,Books,10
