listing_id,address,city,state,zip,price,bedrooms,bathrooms,square_feet,listing_date,property_type
1,91914 Barbara Common Suite 996,West Donna,Alabama,48945,506794.92,2,3,2205,2023-12-01,House
2,165 Greer Vista Apt. 229,West Vanessastad,Minnesota,37508,498420.57,3,4,2468,2024-03-24,Apartment
3,95650 Philip Lodge Apt. 829,Wendyberg,West Virginia,52597,836853.07,5,1,2705,2023-08-29,House
4,3219 Meghan Creek Suite 093,North Sharon,Minnesota,23466,363964.22,1,2,2878,2024-03-01,House
5,41856 Freeman Rest Suite 300,Port Stacey,Hawaii,65470,899576.97,1,2,680,2024-06-07,Condo
6,2208 Edwards Lock Suite 544,Robertburgh,Missouri,62099,629746.05,1,3,4237,2024-11-16,House
7,5047 Arias Junction Suite 114,West Markshire,Mississippi,59280,314050.45,5,4,4876,2023-04-24,Apartment
8,0341 Luna Flat Apt. 489,Alyssaton,Iowa,12202,140830.08,5,4,4576,2024-01-14,Condo
9,6369 Norton Light Suite 426,Danielchester,New Mexico,32195,932639.2,4,1,1996,2024-02-15,Condo
10,675 Williams Ford,Joshuaville,Tennessee,24460,994382.8,5,1,3433,2023-05-26,Condo
11,3485 Cox Island Suite 520,Kevintown,Alaska,48467,334893.12,5,2,1359,2024-03-15,Condo
12,2865 Robinson Track,Lake Thomas,Michigan,22229,812401.52,3,3,3778,2025-01-03,Apartment
13,7394 Brian Street,Jacobbury,Nevada,28992,858104.56,3,4,1015,2025-02-01,Apartment
14,90901 Molina Bridge,Port Stephanie,South Carolina,37689,77710.44,2,2,4620,2023-12-23,Apartment
15,458 Troy Dam,Emilyfurt,Louisiana,96187,243518.14,4,3,2908,2024-10-14,House
16,1019 Patterson Island Suite 780,Andrewsberg,Texas,45998,600824.03,4,1,2486,2024-02-22,Apartment
17,350 Michael View Apt. 738,Lopezhaven,Oregon,86105,981274.0,5,4,4505,2023-06-01,Condo
18,7802 Gregory Dale,Allisonbury,Maine,75970,828600.2,5,3,4884,2024-04-16,Apartment
19,777 Adams Track,Carlamouth,California,22747,592839.99,5,3,2169,2024-08-05,Condo
20,76003 Martinez Canyon,Kingmouth,Virginia,63342,768113.35,1,1,909,2024-09-20,Apartment
21,29670 Jamie Ways,Laurieside,Connecticut,03061,155182.83,5,2,1311,2025-02-04,Apartment
22,25959 Felicia Junction,Lake Scottport,Wisconsin,31204,204372.57,3,4,2018,2024-03-06,House
23,72873 Brandon Green Apt. 691,Kirbyborough,Wisconsin,48728,280580.04,1,3,2826,2024-11-30,Apartment
24,2380 Linda Corner,Lake Tristan,Pennsylvania,58444,888091.77,4,4,4127,2024-09-06,House
25,650 Jamie Ways,Shaneborough,New Hampshire,30986,720698.89,1,1,3744,2024-07-20,House
26,3881 Bond Lodge,Lake Lucas,Missouri,80519,495462.86,3,4,2819,2023-05-23,Apartment
27,685 Valentine Light Apt. 106,New Caleb,North Dakota,61073,337378.57,3,4,3991,2024-04-17,Apartment
28,7517 Joseph Key,Jaredborough,Alaska,18791,110436.87,5,1,4207,2023-09-09,House
29,158 Payne Pike,Adamview,New Mexico,95684,245253.02,1,2,1655,2023-02-27,Condo
30,815 Carlos Way,Ashleystad,Wyoming,32812,976480.71,2,3,2102,2023-09-26,Apartment
31,0861 Palmer Drive,East Meredith,Vermont,66779,956801.14,5,1,4843,2025-01-07,Apartment
32,2490 Wallace Expressway,East Corey,Ohio,55262,822439.5,4,3,2422,2023-10-26,Apartment
33,8878 Robert Plains Suite 839,Wilkinsonland,Indiana,02733,683934.85,5,4,4017,2023-02-16,House
34,258 Jacob Fort,East Robinberg,California,06685,485075.21,3,4,2585,2023-03-09,House
35,80665 Stephanie Islands Apt. 192,Wolfchester,Maine,47143,442885.36,2,3,1171,2023-08-19,Apartment
36,8896 Paula Trace,Smithside,North Dakota,81319,870563.0,1,3,3024,2024-01-26,Condo
37,836 Combs Turnpike Suite 784,Tiffanyberg,Tennessee,96235,59902.69,3,1,1593,2024-11-22,House
38,7888 Nguyen Squares,West Stevenview,Rhode Island,11926,394708.16,5,2,3045,2024-06-16,House
39,917 Heidi Lodge,Lisaside,Idaho,44407,633957.28,5,3,2029,2023-07-24,House
40,38803 Miller Canyon,Richardburgh,Kansas,19149,882945.71,2,3,1029,2024-01-13,Apartment
41,8872 Elliott Street,Port Jack,Utah,69078,266079.87,1,4,4391,2024-08-19,Condo
42,722 Leah Orchard Apt. 789,New Johnport,Rhode Island,56073,491630.89,1,1,829,2024-06-02,House
43,090 Smith Turnpike Apt. 263,Lake Paulton,Montana,56596,472235.1,3,3,696,2023-12-01,House
44,51728 Joyce Rue Apt. 244,Danielfurt,Delaware,04638,974361.11,5,3,2807,2024-10-23,Condo
45,6259 Anthony Squares,East Pamelamouth,Illinois,86387,77243.59,4,2,3982,2024-09-29,Apartment
46,139 Castro Street Suite 944,East Wendyside,Missouri,63948,723783.07,3,1,2183,2024-10-23,Condo
47,72133 Cassandra Corner Suite 491,Nicholasburgh,Arkansas,05653,531916.92,3,3,3285,2023-04-27,House
48,7481 Christine Corners,Stephaniemouth,New Mexico,28042,127825.44,3,2,4063,2023-05-01,Apartment
49,3396 Smith Roads,Robinchester,Texas,25193,896970.76,1,2,4865,2024-05-23,Condo
50,210 Nicholas Views Apt. 195,Reillychester,Connecticut,45568,517655.61,3,2,4525,2024-03-15,Condo
51,30964 Hooper Lock Suite 193,West Eric,West Virginia,62165,515086.12,3,1,1825,2024-03-12,House
52,97644 Joseph Valley Apt. 650,New Gloriashire,Michigan,89007,877768.83,4,4,718,2023-11-08,House
53,00242 Callahan Motorway Apt. 594,North Josephbury,Idaho,17743,269587.95,2,4,574,2024-06-01,Condo
54,840 Kimberly Stream,Johnsonside,Montana,07667,839922.15,1,3,3193,2023-05-10,House
55,75810 Clements Road Suite 469,Rodriguezside,Oregon,66047,72606.5,1,2,2996,2024-01-03,House
56,507 Erica Causeway,South Veronica,Connecticut,87761,199033.66,4,2,3939,2023-03-30,Condo
57,4448 Connie Glens,East Michael,New Hampshire,97997,488420.04,2,4,3788,2023-03-22,Condo
58,6682 Nichols Groves Suite 398,Edwardshaven,Kansas,40187,642029.36,1,1,4951,2023-04-19,House
59,7381 Robert Station Apt. 121,Lake Tonya,South Carolina,97122,523879.12,4,3,1108,2023-04-30,Apartment
60,985 Melissa Cape Suite 100,Smithton,North Carolina,97745,735285.81,4,2,3576,2024-07-12,Apartment
61,2275 Rachel Station,West Jesseburgh,Arizona,64400,51039.03,3,4,729,2025-02-01,Condo
62,23820 Jose Trail Apt. 892,East Alyssaland,Kentucky,57944,368336.38,3,2,1379,2023-03-15,Condo
63,589 Knight Bypass,Jeremymouth,Kansas,05532,272048.8,4,3,3011,2025-02-04,House
64,0617 Oliver Turnpike,Christineborough,Idaho,13103,937703.49,1,2,1592,2024-12-04,Apartment
65,3552 Farrell Drive Apt. 470,North Jenniferbury,Oregon,00505,240215.75,2,2,1548,2023-08-25,Condo
66,99680 Jennifer Burgs,Hannahside,Minnesota,19111,184385.46,1,4,3715,2024-02-09,Apartment
67,2804 Clark Parks Apt. 119,East John,Rhode Island,95645,857943.97,3,4,777,2024-06-30,Condo
68,234 Pamela Land,Randyberg,Washington,18561,439682.55,5,4,1536,2024-10-13,Condo
69,643 Steven Lodge Suite 381,East Lauraborough,Illinois,54730,133858.98,2,2,1533,2024-01-31,House
70,4889 Freeman Spur,East Maryview,Alabama,41719,962286.7,4,1,1432,2024-07-13,House
71,87998 Erin Pines,Justinland,North Carolina,17647,329976.68,5,4,3429,2023-02-25,Apartment
72,69374 Travis Lane,East Briantown,Connecticut,36996,476026.04,4,1,2817,2024-06-08,Apartment
73,080 Aguirre Courts Suite 261,Wellsmouth,Alabama,61356,471358.08,1,1,3877,2024-01-22,Condo
74,8679 Nunez Island Suite 609,Huntborough,Minnesota,57370,392349.52,2,1,4784,2023-09-30,Condo
75,4164 Taylor Street,Jacksonborough,Indiana,73972,423624.13,4,2,3540,2023-11-28,Apartment
76,4933 Thomas Isle,Myersborough,Delaware,26866,790746.76,1,2,4362,2023-06-16,House
77,84424 Johnson Square,Joditown,Minnesota,46425,720611.16,4,2,2982,2024-03-22,Condo
78,8353 Dunn Creek Apt. 812,New Robert,Oregon,64039,473295.13,3,3,2572,2023-07-08,Condo
79,98231 Claudia Port,Newmanbury,Arizona,54541,643377.41,3,3,2114,2024-03-15,House
80,51586 Edwards Station,Careystad,Wisconsin,97125,456307.87,2,3,3089,2023-10-31,Condo
81,2112 Espinoza Curve Apt. 008,West Rayburgh,West Virginia,69068,996806.94,1,4,1791,2024-11-29,Apartment
82,0870 Cynthia Trace,Solomonshire,North Dakota,76596,696919.41,4,1,2241,2023-10-24,Apartment
83,33516 Velez Stravenue,South Sara,Texas,98143,968490.79,1,3,1370,2023-08-10,Apartment
84,411 William Manor Apt. 247,Ramirezshire,South Carolina,03517,503754.25,5,1,1486,2023-07-07,House
85,187 Julie Mill Apt. 131,Port Jennifer,California,07970,534741.29,1,4,3475,2023-06-30,Condo
86,78358 Moore Field Apt. 324,Garnertown,Hawaii,40651,618153.7,4,4,4160,2023-02-21,Apartment
87,8747 John Ford Suite 742,New Tracyburgh,South Dakota,55076,607832.03,1,1,1068,2024-01-12,Apartment
88,5235 Hancock Wall Suite 201,North Donnachester,Wyoming,91557,505625.1,3,2,2246,2023-07-17,Condo
89,767 Samantha Squares Apt. 028,Klineton,Pennsylvania,73047,561224.19,5,3,3079,2025-01-20,Apartment
90,7558 Castro Passage,South Ryan,Oklahoma,92007,295174.54,3,3,878,2024-12-28,Condo
91,40827 Brenda Port Suite 652,Smithfurt,Maryland,33612,532585.23,4,4,2020,2024-05-25,Apartment
92,379 Miller Villages Apt. 311,East Jonathan,Virginia,94949,570783.87,4,2,3058,2023-02-26,House
93,45382 Thomas Shoals Suite 949,South Shane,North Dakota,63684,612246.74,1,2,3636,2023-09-27,House
94,1280 Rasmussen Locks,North Amyborough,South Carolina,42598,123415.31,4,4,3436,2023-06-10,House
95,782 Robin Underpass,Strongchester,Alabama,15283,596264.4,1,4,4735,2024-01-28,Condo
96,0309 Armstrong Knolls,Mcculloughberg,Arizona,90158,924009.48,3,2,4798,2024-08-20,Condo
97,0031 Brown Cove,Mikaylaland,Iowa,04425,478533.76,4,1,3062,2024-10-04,House
98,503 Davis Center Apt. 872,Lake Angelfort,New Jersey,16866,845452.62,3,2,3081,2024-06-25,Apartment
99,21672 Jordan Village,Ramoston,Maryland,38964,362717.64,5,4,1731,2023-06-07,House
100,812 Mckee Knolls Apt. 612,Amandaton,South Carolina,46742,723670.53,3,3,3471,2023-07-23,Condo
101,141 Jason Walk Apt. 074,Lake Garrett,Mississippi,30736,455158.15,2,1,4230,2023-03-06,Apartment
102,98537 Nguyen Drives,Meyerfort,Kentucky,20910,113220.51,1,3,2645,2023-11-29,Apartment
103,48936 Shaun Harbor Apt. 757,New William,Illinois,36335,413468.28,3,1,3785,2024-01-08,House
104,69567 Sheila Grove,Sheilafort,Michigan,21775,540083.04,3,4,4725,2023-10-02,Condo
105,25986 Hopkins Roads,Nicholasview,Oklahoma,25136,619742.06,3,3,4984,2024-08-11,House
106,21562 Collier Junction Apt. 668,Woodwardfort,Hawaii,00791,446403.33,1,3,2810,2024-04-16,Apartment
107,4032 Johnny Lock,Lake Eddie,Rhode Island,10971,359478.26,5,1,2159,2023-04-27,House
108,5821 Sheppard Garden Apt. 885,New William,Delaware,89489,384978.22,4,3,632,2024-11-10,Condo
109,576 Dawn Harbor,Troyshire,Massachusetts,83332,81659.31,2,1,3260,2024-06-26,Apartment
110,6738 Martin Roads Apt. 602,Cynthiafort,Vermont,10563,710213.82,1,1,4684,2024-03-12,Apartment
111,4382 Owens Bridge,East Aaronside,Nebraska,54253,646303.22,3,1,4057,2024-02-04,House
112,2112 Smith Union Apt. 005,Ronaldburgh,Washington,00862,831745.74,1,4,546,2024-07-29,Apartment
113,108 Veronica Shores Apt. 272,Amberton,Nevada,62778,438098.85,1,2,2567,2024-03-10,Condo
114,1447 Michael Hill,New Michelle,Texas,03020,102375.17,4,3,2720,2024-02-16,House
115,518 Christine Oval,East Richardberg,California,70941,110557.1,2,1,3462,2023-02-14,Apartment
116,2848 Mark Underpass,New Johnhaven,Vermont,02278,242005.26,4,3,612,2024-05-21,Apartment
117,7746 Miller Key Apt. 461,South Jo,Arkansas,01031,290533.48,5,2,2806,2023-07-13,Condo
118,94670 Wade Curve,North Maryberg,Maryland,53045,913971.9,1,3,4966,2024-04-27,Condo
119,0903 Campbell Mountain,West Paul,Ohio,50988,409149.53,5,4,1017,2023-07-15,House
120,67620 Brewer Lodge,Lowefurt,Utah,80863,205133.1,4,1,3126,2024-02-25,House
121,9787 Daniel Groves Apt. 371,South Josemouth,Ohio,62818,311158.35,5,1,1751,2023-11-29,Apartment
122,3365 Barbara Neck Apt. 453,Vasquezview,Arizona,66505,844183.58,5,4,1333,2024-09-03,House
123,465 Miller Oval,West Lindahaven,Louisiana,95786,266501.81,1,2,1281,2023-04-06,Apartment
124,43652 Christy Garden Apt. 932,Caldwellborough,Wisconsin,54725,203987.51,3,2,3854,2023-12-20,House
125,5165 Diaz Square Suite 329,East Heather,Louisiana,56678,474592.82,5,4,4869,2024-07-16,Apartment
126,90383 Michael Greens Apt. 058,East Derekview,Oregon,19067,813036.27,3,4,1725,2023-06-09,House
127,24803 Ramirez Stream,North Anthony,Wisconsin,25286,881903.92,2,1,4662,2024-11-06,Condo
128,9301 Jones Mall Suite 713,East Briana,Illinois,40327,484048.99,1,3,782,2024-12-19,House
129,99935 Ramirez Tunnel,Port Mariaview,Louisiana,84128,156543.45,1,2,2267,2024-05-31,House
130,183 Jessica Fort,Lake Aprilborough,Maryland,29422,495560.76,5,2,837,2023-11-07,Apartment
131,2011 Mcdowell Burgs Apt. 571,Drakeland,Virginia,59285,177018.79,5,2,4824,2023-12-14,Condo
132,52829 Scott Light,West Dianabury,Indiana,10081,275991.69,3,1,1800,2023-11-25,Apartment
133,90862 Thompson Shores Suite 840,North Joshua,Kentucky,37496,474729.63,1,2,3416,2024-08-30,Apartment
134,015 Heather Locks Suite 213,Powellmouth,Nevada,47606,659581.4,2,4,998,2024-10-12,Condo
135,3526 Gibson Expressway Apt. 103,West Joshua,Tennessee,52243,331596.16,1,4,922,2023-11-07,Condo
136,36295 Keith Station,West Donna,Nevada,33343,374207.68,2,4,1584,2025-02-03,Condo
137,4057 Walker Place,Victoriachester,Illinois,84329,866004.57,1,4,4860,2023-02-27,Apartment
138,59944 Travis Freeway,Jeffersonbury,California,85110,430818.37,3,4,4626,2024-01-22,House
139,2258 Foster Knoll,Coxborough,Iowa,69410,107900.31,4,3,1462,2023-08-04,Condo
140,14270 Jordan Village,Danielmouth,Ohio,02928,98678.1,5,1,4848,2024-01-09,Condo
141,2137 Shaffer Pass Suite 226,Port Johnville,Rhode Island,73523,746189.01,2,4,4936,2024-10-28,Apartment
142,5644 Fitzgerald Spurs,Lake Kristen,Georgia,13858,682705.26,3,3,2301,2023-04-18,Apartment
143,680 Briana Glen Apt. 489,Millerland,California,13913,687710.9,1,4,4607,2024-06-06,Condo
144,325 Hughes Center Suite 588,Keithside,Hawaii,96410,888458.91,3,4,4663,2024-07-09,Apartment
145,9810 Marissa Gateway Apt. 786,North Mariahaven,Rhode Island,99407,440250.59,3,2,2268,2023-09-11,House
146,529 Evans Spring Apt. 202,South Kellishire,Alaska,46886,402676.81,1,1,4386,2024-11-25,Apartment
147,885 Jeffrey Station Suite 841,Port Hannah,Maryland,34119,135277.1,1,2,3010,2024-02-03,Apartment
