listing_id,address,city,state,zip,price,bedrooms,bathrooms,SQUARE FEET,property_type
1,01327 Nichole Highway,Port Laura,Texas,14614,895942.65,4,1,4349,Condo
2,6517 Palmer Track,Angietown,Kentucky,98298,241818.48,5,3,4989,House
3,96815 Horne Court,Laurenhaven,Mississippi,30344,844828.37,5,1,2325,Apartment
4,47500 Christopher Knolls,Lake Brittneyton,Maryland,30382,105822.38,2,3,944,House
5,5574 Natasha Camp Apt. 701,East Danielfort,North Dakota,56278,656915.23,2,3,2068,Condo
6,77498 Stephen Branch Apt. 519,Bowmanchester,New Hampshire,16509,932840.88,4,4,2988,Apartment
7,319 Perez Run Apt. 825,Port Laura,Illinois,84407,121143.29,2,1,3273,Apartment
8,11737 Andrew Meadow,Crystalport,Rhode Island,76387,410685.03,1,4,3063,Apartment
9,3818 Melissa Locks Apt. 455,West Marcusburgh,Nebraska,37723,883728.46,4,4,1579,Condo
10,4033 Robinson Row Suite 096,Port Amytown,New Mexico,57503,139621.8,4,1,3720,Apartment
11,139 Espinoza Well Apt. 560,Port Eugenemouth,Rhode Island,78730,411238.99,4,2,3175,Apartment
12,596 Brandon River Suite 376,Woodtown,North Carolina,35527,86739.01,5,3,2729,Apartment
13,1131 Linda Gardens,Port Alyssa,West Virginia,42027,152297.72,4,3,1364,Apartment
14,194 Julia Vista,South Brianburgh,Kentucky,70073,932217.47,2,1,2596,Condo
15,1808 Reed Street,Jamesfort,Utah,49683,367242.94,4,3,3691,Condo
16,45609 Joseph Run,Jonesborough,Vermont,06677,561622.08,2,3,1406,House
17,8716 Cox Mall,Matthewfurt,Nebraska,03707,263916.65,5,1,2548,Condo
18,1384 David Orchard,Mcintoshmouth,Massachusetts,38423,102922.04,2,2,1196,Condo
19,5802 Christian Glen,East Toddside,California,59140,211711.6,3,2,2633,Apartment
20,1323 Allison Park,Davidshire,Kentucky,75189,379978.07,1,3,4322,House
21,49031 Strickland Divide,East Todd,Illinois,64360,893517.02,4,3,1481,Condo
22,4230 Palmer Skyway Apt. 572,North Susan,Oklahoma,17321,111022.48,2,2,769,Condo
23,160 Le Overpass Suite 377,Lake Michelle,Washington,09195,894173.46,4,1,4227,Condo
24,5426 Jason Lock,North Christopherchester,Tennessee,40273,406017.34,5,1,3144,Condo
25,5689 Drake Fall Suite 745,West Meganstad,Maryland,27228,384678.59,1,4,1023,House
26,72845 Joshua Locks,East Andrewport,Delaware,05282,585978.23,1,2,4803,Apartment
27,2803 Alexander Manor Suite 158,Port Anita,Oregon,15899,52260.0,1,2,2885,Condo
28,20925 Klein Estates,Samuelshire,Indiana,98865,929831.91,2,4,2641,House
29,9603 Jose Fields,Nathanielberg,Idaho,93068,482340.47,2,2,2465,Apartment
30,2764 Blake Island Suite 576,North Shelley,Nebraska,30308,93135.68,1,1,1802,Condo
31,75335 Aaron Rue Suite 357,Tonyamouth,Alabama,20215,508174.52,1,2,2860,Condo
32,54820 Hutchinson Ports Suite 476,West Joelburgh,Kentucky,37457,279113.08,5,2,4756,House
33,1231 Estes Wells Suite 136,Lake Franciscoville,South Carolina,85389,396365.64,4,3,3721,Condo
34,2528 Sally Forks,New Christopherstad,South Dakota,27137,124617.57,4,1,3049,Condo
35,998 Hubbard Ferry,Chadshire,Missouri,84565,50255.21,5,2,1426,Apartment
36,530 John Stravenue,North Austinmouth,Maine,10815,626073.62,1,4,2766,Condo
37,20126 Collins Points,Lewisview,Hawaii,19889,744173.74,5,1,805,House
38,44480 Davis Rue Apt. 095,Edwardsstad,Kentucky,34178,771877.54,2,4,1442,Condo
39,215 Duke Shore,Lake Barbara,Kentucky,52112,769327.28,3,4,2248,Apartment
40,1445 Contreras Mountains Apt. 398,New Alexandra,Oregon,37834,862570.61,5,2,3855,House
41,03456 Hinton Parks Apt. 516,Mariamouth,West Virginia,00700,878061.89,4,4,4142,House
42,79500 Ramirez Path,South Brandyborough,Nebraska,67300,741786.85,2,4,3596,Condo
43,2757 Sierra Meadows Suite 481,Washingtonside,Connecticut,97759,386169.28,5,3,4161,Apartment
44,6041 Hill Drive,North Mollyside,New Jersey,59286,455051.76,4,2,3976,Apartment
45,02232 Ray Crossing Suite 209,Suzanneland,Illinois,58710,948337.58,4,3,1108,Apartment
46,2612 Young Hollow,East Susanhaven,Kansas,81848,320787.84,2,1,1672,Apartment
47,277 Williams Alley,Port Marieland,Vermont,60231,381099.67,4,1,1181,Condo
48,649 Snyder Mill,West Anthony,Alabama,25766,299948.99,5,3,1658,House
49,0611 Cody Run,Laurenfurt,Washington,23048,177081.36,2,4,3459,House
50,6470 Glover Forge Apt. 355,Robintown,Vermont,43171,703464.97,3,2,925,Apartment
51,917 Mejia Ranch Suite 846,New Richard,South Dakota,31123,469681.33,4,3,4999,Condo
52,3134 Williams Garden,South Robert,Ohio,06568,868760.07,1,4,3202,Condo
53,565 James Center Apt. 965,Lake Adam,Georgia,26905,866062.75,1,4,2409,Condo
54,428 Evans Lights,South Michaelmouth,Pennsylvania,95164,466694.18,4,1,2090,Apartment
55,7128 Bell Walk,Kramerville,Rhode Island,05575,267196.24,5,1,4409,Apartment
56,550 Christopher Meadows,West Eric,Pennsylvania,12511,440135.01,2,1,1456,House
57,1081 Amanda Flats Suite 961,Port Nicholasview,North Dakota,45861,531137.66,5,3,1279,House
58,241 Judith Curve Suite 733,Port Paul,Pennsylvania,49002,876421.45,5,1,2857,House
59,76938 Michael Forge,West Benjaminmouth,Wisconsin,42141,508246.97,4,3,1822,House
60,5239 Ward Radial Apt. 000,Lake Harry,California,51011,414947.04,1,4,3696,Condo
61,95334 Connie Court Suite 192,West Richardburgh,Montana,05191,164293.35,5,3,608,Apartment
62,916 Joshua Springs Suite 886,Lewisport,West Virginia,56019,712540.78,4,1,3028,Apartment
63,6706 Taylor Manors,Ritachester,Massachusetts,41692,314475.95,3,4,2613,Apartment
64,71763 Edward Springs,East Annestad,South Dakota,17110,497090.82,4,2,2537,House
65,766 Holt Dale,South Chelseaside,Arizona,44689,911414.16,1,4,4105,House
66,296 Brittany Harbor,Adamsberg,Arizona,74001,779573.14,3,1,2368,Apartment
67,6682 Maria Roads,Leeside,Indiana,90086,108607.48,4,2,3848,House
68,31028 Rachel Burg Suite 172,Bauerchester,North Carolina,80135,251493.86,3,4,818,Apartment
69,3103 Campbell Island Apt. 244,Perezstad,Tennessee,63772,338414.91,1,4,1047,Condo
70,42848 Alvarez Wells Suite 985,Kevinstad,Oklahoma,29371,661605.93,4,4,634,House
71,3537 Julia Pass,Miachester,Louisiana,34876,936215.4,3,3,2324,Condo
72,2312 Lauren Glens Suite 306,Christopherfurt,New Mexico,71370,165236.97,3,3,2084,House
73,646 Thompson Coves,Lake Dianefurt,Vermont,74415,78462.58,3,3,2127,Condo
74,8336 Lori Isle,Jessicashire,South Dakota,66918,711837.89,4,1,4084,Condo
75,4033 Kelly Mountain Suite 706,Rogerchester,Rhode Island,56949,538565.39,2,1,1605,Apartment
76,827 Walters Stream Apt. 314,Tylermouth,Alaska,04268,593874.09,3,4,505,Condo
77,606 Lauren Hills Suite 344,North Jack,Indiana,54329,250280.6,3,3,2265,Apartment
78,325 Daniel Curve Apt. 828,New Gregoryton,Indiana,98167,590243.33,4,1,2438,House
79,329 Derek Inlet,Jeremyville,Georgia,98944,831413.19,1,1,2116,House
80,069 John Bridge Suite 709,Williambury,Maine,14754,200276.56,3,3,2250,Apartment
81,7511 Hannah Forks Suite 123,Port Kathleen,California,37870,288664.62,2,1,4115,Apartment
82,3268 Jonathan Haven Apt. 574,Isabellafort,Louisiana,91825,490781.96,4,3,3225,House
83,15673 Carol Street,Smithhaven,Delaware,28339,761649.03,3,1,4796,Apartment
84,5311 Gerald Shoals,Lake Kevin,North Dakota,82049,556822.94,4,1,1439,Condo
85,22390 Keith Mall,Roblesshire,Connecticut,13334,986877.48,4,1,1870,House
86,6584 Perry Flat Apt. 925,Andrewview,Wyoming,12277,135244.88,1,4,719,Condo
87,24904 Silva Drive Suite 615,Hansonport,Louisiana,35178,63095.32,2,1,1114,Apartment
88,26234 Bennett Manors Apt. 566,Port Chris,Kentucky,66739,887816.09,5,2,619,Condo
89,11107 Eric Pines Suite 893,New Dianeland,Maine,55845,103425.58,5,4,4214,Apartment
90,38999 Ray Forges Suite 468,West Anthony,Hawaii,98626,729623.03,4,4,1755,Condo
91,322 Christina Extensions,North Dustin,Maine,01452,705155.64,1,4,4905,House
92,513 Franklin Trace,New Jeremymouth,Minnesota,49848,411368.69,1,4,1962,Condo
93,09866 Andersen Trace,Lewisland,New Jersey,57989,631256.29,5,1,4870,Apartment
94,40934 Thomas Village Apt. 111,Lake Johnland,Illinois,25592,824593.35,5,2,2474,Apartment
95,055 Nicole Groves Suite 477,Maldonadoside,Texas,13342,408404.62,2,4,3837,Condo
96,9309 Roth Centers Suite 582,New Richard,Washington,34591,99388.4,3,3,2754,House
97,86341 Elizabeth Walks Apt. 812,New Austinstad,Hawaii,36385,679302.65,2,4,1671,House
98,5068 Wu Pike Suite 085,Boydton,Maine,77036,910285.41,2,4,3064,Condo
99,22951 Michael Falls,Andrewville,Colorado,13575,541308.65,3,1,2127,House
100,79983 Spencer Glens,Jessicabury,Utah,74070,430179.57,3,4,1767,Apartment
101,282 Bautista Underpass Suite 399,New Trevor,Wyoming,29721,631076.39,3,2,3373,House
102,324 Denise Lane Suite 700,Griffithville,Alaska,12304,617838.23,5,4,2169,Apartment
103,3032 Bird Ford Suite 408,Port Jeremiahstad,Idaho,97290,430695.09,2,4,1818,House
104,130 Tina Ford,Port Kristophershire,Missouri,48979,437083.38,3,1,961,Apartment
105,66251 Sandra Parks,Jamiehaven,Arizona,28351,790485.57,3,2,904,Apartment
106,29418 Hayes Villages Suite 657,Port Michele,South Carolina,03317,157985.77,1,2,1058,House
107,4739 Martha Junctions,Lake Jessicaton,Pennsylvania,11026,218207.34,3,4,1821,Condo
108,5639 Elizabeth Light,New Gwendolyn,Idaho,22138,556642.46,2,4,4085,Apartment
109,830 Jasmine Fort,Lake Michaelmouth,Wyoming,26809,293835.19,4,1,1009,Apartment
110,50657 Joshua Burgs,Jennifertown,Florida,87338,165235.44,5,4,4226,Condo
111,871 John Lock Apt. 442,Josephhaven,Connecticut,20453,985131.38,5,2,4553,House
112,145 Wilson Flats Suite 477,East Jeffrey,Iowa,88300,918745.49,2,3,1905,House
113,4131 Kevin Squares Suite 574,Danielmouth,Oklahoma,38221,159870.46,5,2,1523,House
114,0372 Wilson Union,West Dannymouth,Vermont,24208,763961.85,3,2,1906,Condo
115,9824 Lynch Ports,Lake Alejandrohaven,New Hampshire,62500,745921.04,4,3,1028,Condo
116,75585 Debbie Tunnel,Bryanville,Indiana,69808,784197.36,3,4,3707,Condo
117,880 Jaime Curve Suite 367,Bryanbury,Massachusetts,11556,739417.83,1,1,1961,Apartment
118,535 Albert Islands,Olivermouth,Montana,08386,196379.56,4,4,1487,Apartment
119,27870 Clark Crescent Suite 968,Cummingsland,North Carolina,54708,510538.34,2,3,1809,Condo
