listing_id,address,city,state,zip,price,bedrooms,bathrooms,square_feet,listing_date,property_type
1,790 Sanchez Row,West Michaelburgh,Nebraska,88978,752599.37,4,1,2148,2024-12-06,House
2,412 Victoria Pass,Port Matthewchester,Arizona,13019,664820.18,4,2,718,2023-07-24,House
3,2351 Alan Mountain Apt. 203,Stevensonhaven,Oklahoma,79453,275765.03,3,1,837,2024-09-17,Condo
4,312 Carlson Roads,Hallville,Connecticut,42568,187601.19,2,4,3699,2023-09-09,Apartment
5,81531 Owens Inlet Suite 519,Jeanettetown,Delaware,65381,567280.97,5,4,3172,2024-09-03,Condo
6,388 Landry Courts,Morsehaven,Kentucky,76434,619714.33,5,2,2891,2024-05-02,House
7,7975 Dawn Hills Suite 464,Coxstad,New Jersey,58975,475428.38,1,4,3258,2024-10-24,House
8,6306 Tara Alley,Lake Tracie,New York,80775,328822.92,3,2,2288,2024-10-15,Condo
9,914 Melissa Valley Apt. 339,New Lisabury,Arkansas,70195,355125.3,3,3,4357,2023-12-12,Apartment
10,2302 Johnny Summit,Stoneton,New Mexico,21459,233796.41,4,1,1373,2024-09-20,Apartment
11,75237 Bethany Lodge,Mcgeeton,Illinois,59958,120234.65,2,2,2129,2023-07-01,Apartment
12,9703 Bryan Via,Tommyland,Maine,01088,930467.18,2,1,2871,2023-07-02,House
13,9851 Dudley Street Suite 818,Ruizmouth,California,53769,316173.5,1,4,2802,2024-01-16,Apartment
14,66333 Rachael Shore Apt. 448,Mullenfort,Rhode Island,95715,376092.52,3,2,626,2024-01-24,Condo
15,31251 Caldwell Crescent Suite 163,Ashleyside,Illinois,92411,105844.53,5,3,4332,2024-05-15,House
16,777 Tammy Junction,East Joseph,Arizona,16505,505562.5,4,2,2434,2024-12-01,Condo
17,25978 Jonathan Ford Suite 383,Port Alexandra,Oregon,52372,719913.6,3,4,3644,2023-08-18,House
18,91257 Sean Views Apt. 019,Stephanieville,North Carolina,51559,435668.03,4,1,1058,2024-02-18,House
19,67822 Burke Mountains,Curtismouth,Alabama,11253,936527.03,5,2,4844,2024-07-01,Apartment
20,28587 Edward Summit Apt. 709,New Jenniferton,North Dakota,69037,192635.42,1,3,3105,2024-09-17,House
21,751 Stewart Isle Suite 035,South Marymouth,Delaware,59552,248659.45,2,3,1047,2023-10-22,Apartment
22,285 Williams Rue,Amyville,Oklahoma,92029,351569.95,4,1,3728,2025-02-02,Condo
23,564 Rodriguez Fords Apt. 949,New David,Iowa,75250,445252.49,4,1,709,2024-06-23,Apartment
24,871 Singh Well Apt. 655,New Yvonnetown,New Jersey,35895,790812.36,1,2,4765,2024-08-16,House
25,84754 Roger Ports Suite 656,North Eric,Alabama,04866,509751.5,3,1,993,2023-02-19,Condo
26,9174 Nelson Islands Suite 140,New Arthur,Montana,42452,127174.15,2,3,4200,2025-01-05,House
27,8411 Perez Ramp Suite 756,Toddport,Rhode Island,25986,462311.3,1,2,3820,2025-01-19,Apartment
28,14368 Ryan Plaza,North Deannaburgh,Vermont,81603,880628.66,4,2,915,2024-04-02,Apartment
29,632 Santiago Skyway Apt. 201,West Victor,Oregon,97842,210648.84,4,4,1187,2024-03-01,Condo
30,59737 Hannah Circles,Port Sethville,Wisconsin,48264,993995.15,5,4,3820,2023-07-16,Apartment
31,69578 Nichols Terrace Apt. 188,Millerbury,Alaska,46651,743461.68,3,3,2661,2023-05-15,Apartment
32,4970 Katherine Center Apt. 401,West Heather,Connecticut,68158,91459.73,5,2,2301,2023-12-09,House
33,32667 Schneider Burgs,East Sandra,Indiana,31053,416729.44,1,4,2194,2023-10-17,House
34,48607 David Ramp,Carlstad,Maine,95186,557751.41,1,2,666,2024-08-14,House
35,15540 Tammie Path,Angelafort,Hawaii,02328,676720.06,1,3,1298,2024-05-25,Apartment
36,2711 Cook Mills,Kevinside,Wyoming,86059,355669.0,3,2,3176,2024-01-26,Condo
37,8195 Montgomery Terrace,East Joseph,Ohio,26658,539426.34,1,4,4970,2024-06-01,Condo
38,33393 Mata Pines Apt. 921,Ponceborough,Colorado,28189,383646.31,5,1,1258,2024-09-10,Condo
39,9150 Julia Land Suite 395,North Kimberly,Alaska,10794,166286.01,2,2,4272,2023-06-12,Condo
40,191 James Walks Suite 187,Huntton,Texas,42819,801033.73,1,1,1796,2024-05-20,Condo
41,810 Kimberly Mill Suite 588,Larsonfort,Wisconsin,61943,315250.81,3,2,1056,2023-07-14,Apartment
42,738 Reyes Manors,Lake Victoria,Mississippi,67823,496370.82,1,3,3685,2024-02-23,Apartment
43,414 Fernandez Squares,Lake Erik,Wyoming,12067,765750.38,1,3,3364,2023-10-07,House
44,8485 Tony Turnpike Suite 435,Christopherbury,Wyoming,43014,786672.84,1,3,702,2023-12-28,House
45,97032 Brady Street,South Victoria,Wisconsin,51075,677516.51,4,2,1658,2024-07-17,House
46,25482 Amber Ports,New Steveton,Indiana,41735,70133.87,5,4,4913,2024-01-15,Apartment
47,602 Brown Falls Apt. 406,North Loganborough,Texas,60632,926853.59,3,2,3877,2023-11-16,Condo
48,98330 Joshua Trail,Andrewtown,North Carolina,57683,655686.59,4,1,782,2023-03-08,Condo
49,5974 Kari Spring,South Amanda,Wyoming,83107,698627.86,2,3,4345,2024-02-21,Apartment
50,4685 Brown Hills Suite 475,Lake Anthonytown,Nevada,08270,700315.12,4,4,1569,2024-04-24,House
51,19969 Aguilar Corners,Port Alexander,Alaska,94706,442292.39,5,3,3374,2024-07-02,House
52,1167 Phillip Unions Suite 150,New Christopher,Massachusetts,75729,203935.88,3,4,1473,2023-11-21,House
53,099 Barbara Rue Suite 369,Ericbury,Delaware,05700,263262.98,4,4,4563,2025-01-25,Condo
54,0733 Erica Motorway,Josephview,Oregon,85699,504371.56,5,2,4434,2023-06-30,Apartment
55,50765 Kelli Skyway Apt. 183,Martinmouth,Louisiana,57128,113729.76,5,3,1884,2023-11-23,Apartment
56,0737 Hall Track,Lucasside,Illinois,28937,224306.44,4,3,3232,2025-01-26,House
57,804 Audrey Cape,Lake Johnton,Illinois,31380,834413.16,4,3,1643,2024-01-23,Condo
58,99938 David Viaduct,Grayfort,New Jersey,58815,200306.89,3,3,4761,2023-03-10,House
59,6925 Marc Streets Suite 678,Robertsshire,Kansas,21858,645486.69,4,2,772,2023-09-26,Condo
60,2791 Moody Streets,Dannyport,Pennsylvania,08434,101723.74,3,2,3498,2025-01-15,Apartment
61,2369 Barrett Isle,South Nancyland,Idaho,41218,861232.73,2,3,4397,2024-05-22,Apartment
62,086 Lopez Crest,Coxland,Hawaii,92718,399891.54,3,4,852,2024-04-17,House
63,243 Mary Streets Suite 221,Evansland,Florida,17649,384938.81,4,4,4625,2024-09-21,Apartment
64,837 Mcgrath Viaduct,South Hailey,Idaho,69081,445745.58,4,1,4687,2024-11-04,House
65,38917 Wallace Plains Apt. 902,Markland,Arizona,51980,716343.38,3,1,686,2024-12-19,Condo
66,835 Matthew Cape,Davisborough,Oklahoma,08334,871005.19,1,2,3033,2024-06-24,House
67,7735 Haley Rapid,Taraborough,Vermont,82758,408301.47,5,3,3877,2024-06-04,Condo
68,0747 Jeremy Ridges,North Laurahaven,Georgia,41084,542566.36,5,2,4584,2023-11-02,Apartment
69,701 Amanda Mill,Robertside,West Virginia,13958,192651.98,5,2,4107,2023-03-23,Apartment
70,955 Allen Inlet Apt. 328,East Desiree,West Virginia,86390,795294.53,1,4,1982,2025-02-11,House
71,823 Garcia Common,Boydmouth,Kentucky,66693,407280.67,5,3,4424,2025-02-07,House
72,67355 Lisa Camp,East Joshuaport,Arizona,88138,470364.95,4,2,4623,2025-01-28,House
73,82079 Brian Ferry Suite 646,Timothyview,Oklahoma,95457,111947.03,2,4,2050,2024-04-11,Apartment
74,0886 Jeffrey Mill,South Ann,Oklahoma,63072,101099.8,3,2,1795,2023-03-29,Apartment
75,65879 Monica Orchard,Lisaview,Wyoming,45563,371676.38,1,1,2543,2023-05-09,Apartment
76,96642 Craig Port,Vasquezhaven,Louisiana,34856,141727.37,2,1,1147,2023-11-30,House
77,96057 Susan Run Suite 365,West Darren,Nevada,91962,297603.83,2,1,3664,2023-12-17,House
78,283 Castro Rue Apt. 126,Lake Sheliafort,Colorado,89514,346541.4,2,1,3551,2024-02-03,Condo
79,20695 Sutton Fords Apt. 603,Port Toddstad,Arizona,50676,486668.1,5,1,4610,2023-03-15,Condo
80,6469 Elliott Dam,Sharpton,North Dakota,17962,621971.08,2,3,4854,2024-12-24,Condo
81,8292 Scott Valley Suite 970,Chanport,Florida,20505,925652.0,3,3,838,2023-11-25,Condo
82,2453 Alexis Trafficway Apt. 715,South Susan,Mississippi,17643,92746.65,1,3,4224,2023-08-08,Apartment
83,76366 Alexander Knolls,Lake Gregory,Ohio,84876,482745.87,1,1,4889,2024-11-26,House
84,4049 Chris Underpass Suite 304,Lake Danielport,Tennessee,64312,364492.68,2,3,3955,2023-02-23,Condo
85,4902 Scott Knoll Suite 831,Connieberg,West Virginia,65116,649452.22,1,2,2162,2023-04-05,House
86,969 Julie Harbor Apt. 217,South Brenda,Arkansas,24241,999639.35,4,3,3426,2024-10-02,Apartment
87,108 Elizabeth Canyon,Port Angela,Indiana,99292,100162.05,5,3,847,2023-06-19,Condo
88,75861 Graham Light Suite 938,West Shelly,Indiana,34228,589920.65,4,4,1384,2024-03-08,House
89,654 Jay Key Suite 045,South Cynthiaport,Michigan,16932,836241.32,2,2,1608,2023-06-08,Apartment
90,851 Sara Fork Apt. 069,Port William,Pennsylvania,30940,946820.19,5,2,3100,2024-10-02,Apartment
91,36433 Hernandez Way,Lake Kevinfurt,Michigan,03568,747255.7,3,3,1199,2023-06-02,Condo
92,727 Smith Pine,Woodsview,Virginia,29640,838521.49,2,2,4581,2024-09-04,Apartment
93,1046 Jeremy Roads Apt. 107,South Daniel,Missouri,54191,732189.98,3,4,4811,2024-09-20,Apartment
94,015 Alejandro Lake,New Davidville,Wyoming,44135,604702.43,5,1,4088,2024-11-06,House
95,38235 Smith Route Apt. 135,New Shirleystad,Alabama,35034,405247.24,3,2,2398,2023-08-07,House
96,534 Mark Drive Suite 496,East Craig,Nebraska,43563,472645.86,1,1,4667,2023-07-27,Condo
97,6513 Roberto Flats Suite 616,East Erin,Mississippi,44570,144856.47,5,3,4274,2024-01-08,House
98,66961 Simon Mountain,Lake Amybury,Maryland,82176,395816.28,4,4,4606,2024-06-12,Apartment
99,24880 Grant Curve,Lake Adrianfort,New Mexico,89459,740117.57,3,1,820,2025-01-05,House
100,0271 Espinoza Orchard,Cookburgh,Alabama,94378,916146.09,3,3,3946,2024-01-27,Apartment
101,69430 Cox Parkway,Foxmouth,Idaho,78461,99040.07,1,4,4321,2024-03-09,Condo
102,599 Michael Gateway,Lake Maryville,Virginia,65320,853240.91,4,4,810,2023-03-02,Condo
103,537 Lopez Dale,New Christopherville,Alabama,89895,141147.5,1,2,3652,2024-09-26,House
104,678 Andrea Cliff Apt. 593,New Samantha,Connecticut,22208,180248.82,1,2,3475,2023-10-09,Condo
105,093 Becker Unions Suite 326,Salinasmouth,Washington,32554,647938.47,3,4,3037,2023-02-26,House
106,8260 Christine Views,Lake Heathershire,New Hampshire,69677,870867.37,4,3,1128,2023-06-17,House
107,630 Jeremy View,Mcknightfurt,Hawaii,95362,937101.41,3,3,1943,2024-08-25,House
108,1682 Philip Plains,Lake Thomashaven,Louisiana,53215,549094.85,2,4,3551,2024-09-01,House
109,78825 Elliott Loop Suite 579,Port Spencer,Hawaii,26970,826631.65,4,3,2107,2024-08-06,Condo
110,508 Mooney Stravenue Suite 322,New Cheryl,California,99787,327265.59,3,3,2607,2023-05-14,Apartment
111,987 Carmen Hill Apt. 683,East Paul,Vermont,05494,770736.75,2,1,3883,2024-09-15,Apartment
112,5784 Nicole Ports Apt. 431,New Amandatown,Louisiana,75290,165041.38,5,2,1527,2023-05-20,Apartment
113,657 Harrington Greens,Nelsonberg,Montana,88054,879004.58,3,1,2761,2024-10-14,Apartment
114,7218 Torres Isle,North Wesleyfort,Arizona,98299,188819.73,5,1,4357,2023-08-18,Apartment
115,128 Jack Camp,Georgeton,Wisconsin,81546,900698.06,3,4,4012,2024-04-04,Condo
116,678 David Run,Dustinmouth,Indiana,13832,380771.49,4,4,4933,2024-07-29,House
117,4243 Raven Meadows,Brettberg,Oklahoma,60763,984577.82,3,4,4594,2024-02-21,Apartment
118,689 Munoz Throughway,Port Nathan,Vermont,35450,814001.99,5,3,1283,2023-05-22,Condo
119,334 Ellis Club,New Gerald,Montana,42718,999747.82,2,4,2190,2023-08-27,Apartment
120,5253 Karen Isle,New Joseph,Kentucky,35041,370945.66,5,1,1254,2023-05-08,Condo
121,49746 Hubbard Plain Apt. 919,West Mark,Georgia,18734,269400.72,2,1,4570,2023-03-07,House
122,76352 Amy Heights,New Donald,Maryland,24138,751037.24,5,4,546,2023-11-14,House
123,01951 Nicholas Rapid,Bradleymouth,Alaska,23076,109629.25,3,1,1750,2023-06-15,Apartment
124,201 Kevin Mountains,Wandaberg,Alaska,79850,349392.54,3,2,2992,2023-05-07,Condo
125,72715 Flowers Branch Apt. 958,South Gregoryton,Illinois,99266,328832.38,5,2,4717,2024-06-01,Condo
126,999 Price Cove,North Kellyview,North Dakota,99165,373337.25,5,2,3909,2024-09-24,Apartment
127,4367 Jimmy Cliff,Lake Lisaburgh,Kansas,31483,630155.87,1,1,749,2024-10-28,Apartment
128,63402 Rachel Unions,Anthonybury,Utah,93749,497729.47,3,4,2776,2023-09-01,Condo
129,845 Winters Prairie Suite 408,Kevinmouth,North Dakota,46807,62497.43,5,4,614,2023-11-11,House
130,943 Michelle Fields Suite 323,Simpsonbury,North Carolina,45693,698242.43,1,4,3465,2023-05-02,Condo
