listing_id,address,city,state,zip,price,bedrooms,bathrooms,square_feet,listing_date,property_type
1,61577 Haynes Ramp,West Alexisburgh,Alabama,44637,295719.92,5,1,4973,2024-02-05,Condo
2,363 Aaron Coves Suite 254,Stacyview,Idaho,34916,599274.01,1,1,1879,2024-10-22,Apartment
3,5438 Julie Ramp,Lake Jennaview,Maine,43303,660152.08,3,2,1119,2024-03-12,Apartment
4,880 Schmidt Locks,North Susan,Ohio,76176,732694.97,1,2,4296,2024-11-29,Condo
5,03169 Dennis Extensions,Christinamouth,Minnesota,74399,323337.95,4,2,1643,2025-01-25,Apartment
6,5452 Lisa Isle Apt. 616,Lake Lauraside,Tennessee,28424,550175.16,4,1,1032,2023-07-22,Condo
7,5646 Johnson Field Apt. 519,West Christophertown,Louisiana,58342,461164.55,4,3,2992,2023-12-16,Apartment
8,01866 Michael Turnpike Apt. 917,Franklinborough,Nevada,67723,273976.71,5,4,2655,2023-04-04,House
9,311 Jennifer Pines Suite 212,Justinberg,Ohio,72695,966970.1,2,4,4464,2023-04-22,Condo
10,0712 Catherine View Suite 653,South Carrie,Connecticut,20357,288177.56,5,4,2821,2023-12-04,Apartment
11,40921 Curtis Canyon,West Rose,California,84258,71259.11,2,4,3234,2024-08-03,House
12,238 Dudley Loop Suite 874,South Amandabury,Rhode Island,84630,864719.42,5,4,679,2023-03-24,Apartment
13,90227 Nelson Grove Apt. 131,Callahanton,Washington,33399,460303.4,4,1,2404,2023-03-29,Apartment
14,609 Mark Greens Suite 109,Williamsport,Massachusetts,21292,740072.12,5,3,4408,2024-05-23,Condo
15,43169 William Estates Apt. 053,Phillipsstad,Kansas,19182,989071.42,4,1,2056,2024-10-29,Apartment
16,28815 Chavez Place,Beverlychester,Minnesota,52557,724292.36,5,4,4997,2024-08-09,Apartment
17,95493 Cole Trail Apt. 622,Williamsonshire,West Virginia,32373,90636.05,5,2,3180,2023-09-15,Apartment
18,490 Oconnell Road,Jacksonstad,Mississippi,98874,160562.63,4,2,4352,2023-08-29,Apartment
19,5246 Alexandra Path,Nicoleberg,Idaho,22713,745137.5,5,4,1255,2024-02-27,Apartment
20,15617 Michelle Estates,West William,Montana,31376,385344.12,1,2,1747,2023-06-13,House
21,07519 Smith Trail,New Davidmouth,Michigan,32161,789105.64,4,4,573,2024-05-05,Condo
22,24614 Megan Island Apt. 625,West Guy,New Jersey,30647,742907.37,5,1,1064,2023-12-14,House
23,3809 Tyrone Ferry,Chrisview,New York,70669,197199.24,4,2,4915,2024-05-26,Apartment
24,80690 Hernandez Island,Sandrafort,Pennsylvania,64348,338531.78,2,4,3905,2025-02-08,Condo
25,132 Burke Mountains Suite 871,West Micheleport,New Hampshire,62798,595555.95,4,2,1530,2025-02-11,Apartment
26,1141 Gilmore Crossing,Lake Jennifer,Nevada,90850,472121.45,1,3,2725,2024-03-30,Condo
27,8986 Holmes Canyon,Port Alex,Oregon,52462,741427.45,5,4,944,2025-01-12,House
28,1956 Stacy Port,Port Reginaldmouth,Wisconsin,03351,327837.51,3,3,986,2024-04-19,Apartment
29,22301 Washington Unions,North Alyssa,Maryland,24948,894098.54,4,3,4157,2024-07-23,Apartment
30,138 Griffin Ways Suite 650,Howellstad,Colorado,74995,384470.19,1,4,3305,2024-11-28,Condo
31,2448 Gonzalez Mission,North Jared,Massachusetts,59704,915948.86,1,1,3370,2024-06-23,House
32,84034 Jessica Causeway,Lake Terribury,Wisconsin,30130,685490.76,2,1,1975,2023-09-30,Apartment
33,067 Cox Overpass,Lake Tricia,South Dakota,35879,308571.5,1,1,4841,2023-03-30,Apartment
34,42655 Eric Summit,Manuelmouth,North Carolina,88168,611206.59,2,4,3886,2023-05-14,Apartment
35,86063 Franklin Throughway Apt. 813,North Nicholas,Arkansas,71591,936202.21,5,4,3837,2023-08-27,Condo
36,191 Patricia Skyway Suite 181,Tiffanymouth,Mississippi,84057,528119.75,2,3,3165,2024-09-16,Apartment
37,81310 Zamora Path Apt. 726,Sandrafort,Alabama,43535,551267.82,1,1,1553,2023-06-30,House
38,0575 Peter Mountain,Lake Jill,New Hampshire,76068,444038.67,3,3,3686,2024-08-17,House
39,981 Reed Shoals,North Jamesview,Hawaii,96060,955621.26,1,4,4352,2024-12-04,Condo
40,7945 Reid Cape Suite 731,Gregoryshire,Maine,19173,471956.13,4,1,4908,2024-10-01,Condo
41,472 William Valleys Suite 882,West Jennifer,New York,95382,372330.8,5,1,2034,2023-09-30,House
42,89486 Megan Branch,South Richard,Nebraska,30562,597505.0,4,1,2427,2023-11-17,Apartment
43,0755 Ruiz Orchard Suite 804,Diazside,Iowa,33906,899544.63,3,2,3341,2024-05-22,Condo
44,0299 Harper Mews,Rhondamouth,Delaware,93791,664907.74,4,1,2407,2024-12-29,Condo
45,6191 Carolyn Canyon,Williamland,Wisconsin,34753,268221.15,1,3,1520,2024-12-17,House
46,3352 Randy Mission,North Lindaton,Mississippi,52263,850745.35,3,2,1413,2023-07-24,Apartment
47,65522 Patricia Street Suite 975,West Shirley,Massachusetts,63676,579735.36,3,3,2067,2024-06-26,House
48,739 Martin Park,New Deborah,Nevada,84986,649159.22,5,1,4184,2023-05-18,Condo
49,722 Ashley Orchard Suite 361,Fostertown,Minnesota,71906,492654.83,4,2,3281,2023-12-24,Apartment
50,731 Tracie Light,Georgeside,Oklahoma,84463,454926.56,5,3,1393,2023-03-06,House
51,24881 Sarah Views,Derekmouth,California,04795,664359.47,4,2,1656,2024-07-11,Condo
52,72479 Jeanne Flats,Christopherville,Michigan,66822,431896.77,2,1,3517,2024-05-12,Apartment
53,45905 Eric Avenue,West Valeriehaven,Kansas,10240,327024.33,4,2,2991,2024-07-02,House
54,38132 Emily Springs,West Audreychester,Pennsylvania,20651,788258.58,5,1,2431,2024-12-18,Condo
55,53283 Kimberly Terrace,Garciaburgh,Nevada,59175,858644.2,5,3,3363,2024-12-03,House
56,73746 Randy Junction Suite 994,Whitakertown,Tennessee,64200,730566.18,5,3,3092,2023-08-10,Apartment
57,8265 Brandt Haven,North Michael,Kentucky,13509,709121.71,1,3,1134,2024-06-13,Apartment
58,8692 Perez Isle Apt. 905,Danielleside,Virginia,88947,130208.81,1,1,3116,2024-01-03,House
59,3558 Johnson Freeway Apt. 730,Stefaniestad,Oregon,62880,972919.74,5,1,910,2023-05-19,Apartment
60,10644 Jennifer Turnpike,Mathewston,South Dakota,82336,285613.12,1,4,3475,2023-05-30,House
61,50914 Jeffrey Crescent,West Jerry,New Jersey,96134,183329.8,3,3,1646,2024-09-07,Condo
62,0609 Tammy Squares,Herrington,New Mexico,55801,802693.97,3,2,1089,2024-12-07,Condo
63,6125 Ashley Dale Apt. 971,East Richardside,Texas,72654,502714.59,4,2,4551,2023-04-25,House
64,09925 Elizabeth Overpass Apt. 281,New Marissa,Florida,43436,253240.05,4,4,3142,2024-04-26,House
65,265 Jason Spurs Suite 001,Collinsland,Iowa,43808,952846.59,2,1,3202,2023-10-03,Apartment
66,1681 Barbara Court Suite 909,Ericastad,Ohio,48706,545513.25,4,2,3391,2023-07-12,Apartment
67,981 Carmen Throughway,Caitlinville,Nebraska,34095,426151.1,2,3,3324,2023-07-12,Condo
68,776 Lindsey Gateway,Freemanshire,Arkansas,72572,535422.02,3,4,935,2024-12-14,House
69,56497 Garrett Ridge Apt. 901,Michelletown,Washington,83678,943738.77,3,2,2442,2024-08-27,Apartment
70,353 Craig Tunnel,Christineland,Maryland,07036,72730.45,5,3,2500,2023-09-21,House
71,01170 Roger Corner,Port Nancy,Kansas,70222,744553.91,3,2,4076,2023-05-15,Apartment
72,2569 Brandon Burg Suite 407,Andersonview,Missouri,08682,999061.92,3,1,1505,2024-01-16,Apartment
73,1955 Riley Lane,Masonstad,Missouri,67908,420549.75,5,3,3434,2024-03-03,Condo
74,6948 Zamora Alley,Pattersonmouth,Florida,59981,734819.76,2,1,4576,2024-01-16,House
75,176 Morgan Ports Apt. 804,Kennethborough,Texas,55865,365684.24,3,1,3188,2023-12-09,House
76,0552 Christopher Crossroad,New Robert,Michigan,68320,132558.94,1,3,2892,2024-12-31,Condo
77,881 Perez Forges Apt. 342,New Nicole,Alaska,27737,952201.87,2,3,1244,2024-12-06,Condo
78,3517 Amy Trail,North Christian,Georgia,78662,725589.41,2,4,4125,2023-06-02,House
79,6131 Ross River,Ryanland,Pennsylvania,51477,600295.26,5,2,1346,2024-02-21,Apartment
80,0936 Hogan Lights Apt. 168,Kimmouth,Vermont,58326,466461.93,1,3,2705,2023-05-21,Condo
81,42638 Williams Cove,Lake Elizabethmouth,North Carolina,08171,427517.39,3,4,655,2023-02-13,Apartment
82,789 Daniel Canyon,Port Amanda,New Hampshire,10311,862958.19,2,2,1773,2025-01-23,House
83,881 Wilkerson Mission Apt. 530,North Oscar,Maine,81802,801530.99,5,2,4346,2024-11-30,Condo
84,78451 Jesus Springs,South Aaronfort,Wyoming,89692,850134.32,1,2,2926,2023-09-12,Condo
85,0786 Joseph Common,West Carolinefurt,Pennsylvania,00935,646654.1,1,4,4913,2023-06-09,Apartment
86,902 Derek Gardens,New Jamieberg,Idaho,71060,949967.63,5,3,4831,2024-01-10,House
87,2739 Jeffrey Place Apt. 718,Hodgemouth,Hawaii,24574,164225.15,2,2,2922,2024-10-26,House
88,5773 Trevor Field Suite 084,Matthewmouth,Tennessee,39888,904010.64,5,2,1346,2023-10-13,Condo
89,388 Monica Stravenue Apt. 739,Benjaminborough,Nebraska,79233,994749.32,1,1,1182,2024-11-29,Condo
90,2426 Rebecca Valleys,Lake Jacobland,Michigan,95337,239616.09,5,2,4445,2023-12-04,House
91,310 Patricia Street Suite 618,Port Laura,Georgia,45515,406420.89,5,4,1920,2023-08-27,House
92,6994 Russell Parkways,Tamaratown,New York,47809,369772.58,3,2,2845,2023-04-29,Apartment
93,8767 Kenneth Street Suite 175,West Patricia,Vermont,47380,567257.94,1,3,4953,2023-04-08,House
94,1613 Robert Fields Suite 242,North Maryburgh,Maine,43273,490549.56,5,2,1916,2024-08-11,Condo
95,28581 Boyer Forks,Hendersonberg,Arkansas,59703,565620.78,3,2,4707,2024-11-11,Condo
96,5233 Mclaughlin Divide,West John,Oklahoma,06944,694548.59,3,4,833,2024-12-26,House
97,373 Mark Islands,South Noah,South Dakota,90079,716578.52,4,2,1594,2024-10-22,House
98,784 Robert Skyway,Port Jordanview,Alaska,91127,823672.21,2,2,2057,2024-12-11,House
99,1401 Jesus Tunnel,Christinachester,Ohio,31151,488622.67,5,2,1927,2023-11-09,Condo
100,849 Arias Drive,Luisfurt,Nebraska,67803,863257.81,3,4,3422,2023-08-05,Condo
101,3543 Kristin Landing Apt. 376,Roberttown,Nebraska,30344,209742.13,4,3,3946,2023-12-22,House
102,901 Michael Meadows Apt. 543,Mckinneyview,Mississippi,85137,772065.02,4,4,4633,2023-03-10,Apartment
103,0481 Nicole Cliffs Apt. 593,West Williamchester,Connecticut,15064,754437.36,1,3,3486,2024-10-31,Condo
104,8272 Cruz Track,North Kimberly,Tennessee,22134,585575.83,1,3,4593,2024-06-29,House
105,3967 James Trace,Port Wesleytown,Illinois,35375,535277.8,4,3,4337,2025-01-19,Apartment
106,0244 George Estates,West Andrewland,Montana,33854,380971.06,2,2,2247,2023-06-01,House
107,30976 Barbara Route,North Richardberg,Virginia,24560,271003.88,4,2,1455,2023-07-02,Condo
108,613 Carson Gardens Apt. 922,South Danielbury,California,96433,571719.06,5,4,3233,2024-07-17,House
109,63088 Washington Meadows,Gabrielleberg,Idaho,36729,602394.03,4,3,2095,2023-03-17,Condo
110,854 Keith Falls,Timothyshire,California,49538,369321.79,3,3,4333,2023-12-22,House
111,1744 Salas Field,Scottside,Colorado,72614,372862.43,4,2,3072,2023-04-06,House
112,13782 Snyder Village Apt. 203,Lake Timothymouth,Ohio,83721,124702.7,1,2,531,2023-12-21,House
