listing_id,address,city,state,zip,price,bedrooms,bathrooms,square_feet,listing_date,property_type
1,270 James Court,Lake Ashley,New York,38841,542315.88,1,1,3435,2025-02-03,House
2,139 Bianca Village,Walkerberg,Rhode Island,81145,735556.11,3,2,1968,2023-07-27,Condo
3,1158 Drew Brooks Suite 772,Port Nicholas,Wyoming,83025,339270.62,2,1,4276,2024-12-27,Condo
4,7219 Todd Avenue,Reedshire,Oklahoma,98951,107064.09,5,4,1503,2023-10-27,Apartment
5,8646 Harris Throughway Apt. 395,Port Brianfort,Tennessee,05549,994249.72,2,3,4140,2023-08-15,Condo
6,256 Douglas Dale Suite 576,Stewarttown,Kentucky,12583,101100.72,5,1,4556,2024-03-13,Condo
7,190 Mcgee Center Suite 998,Moranmouth,Louisiana,79906,316288.38,2,3,1042,2024-09-21,Condo
8,5065 Henson Coves,Stephenmouth,Nebraska,98407,790795.91,2,1,2145,2024-03-25,House
9,713 Gary Mountain,Zacharyhaven,Nevada,08910,50293.74,3,4,3743,2023-05-05,Condo
10,61750 Sanchez Mount,Robinsonchester,Maine,36794,67071.49,3,2,2482,2023-02-14,Apartment
11,90295 Solomon Track Suite 938,Rollinsmouth,Wyoming,28994,585032.78,3,3,3250,2024-09-22,Apartment
12,56406 Karen Mountains Apt. 650,South Alejandrohaven,Iowa,83191,683062.76,5,1,1463,2024-08-19,House
13,98178 Thompson Causeway Suite 669,Annchester,Hawaii,26231,284387.76,1,3,1714,2024-02-07,Condo
14,65399 Michelle Manors,Josephstad,North Dakota,03189,554298.94,2,4,2931,2024-04-04,Condo
15,17684 Elizabeth Plain,Rhondafurt,Indiana,45117,551244.76,3,2,4670,2024-09-26,House
16,2839 Morgan Islands Apt. 767,West Christopher,Illinois,53709,604984.55,4,1,2986,2023-02-22,Condo
17,9468 Bradley Mission Apt. 835,Jeromeport,Oregon,58315,988898.39,5,3,553,2023-09-02,Condo
18,89529 Alison Branch,East Chase,Connecticut,95293,276779.42,1,4,3699,2024-02-15,Condo
19,803 Michelle Ranch Suite 773,South Kelly,Nebraska,25565,378045.14,1,2,2920,2023-09-19,House
20,7990 Kevin View,Harrisburgh,Maine,52104,81089.83,4,1,4757,2024-08-20,Condo
21,429 Crawford River,Lake Sheila,Montana,95558,632216.29,2,1,3207,2023-04-01,Apartment
22,64723 Griffin Lights,South Robertport,Arkansas,04387,906247.6,4,1,2131,2023-06-30,House
23,86992 Dudley Isle Suite 061,Ashleyfort,Georgia,07775,439329.81,3,2,3233,2024-10-03,Apartment
24,33054 Moss Ridge,North Veronicaside,Alaska,61808,830635.52,3,2,2067,2024-11-09,Apartment
25,2723 Marks Harbor,Campbellville,Pennsylvania,66711,361888.27,3,2,2997,2023-06-16,House
26,9290 Spencer Road Apt. 855,Hillville,New Hampshire,00720,904721.89,5,2,4316,2024-07-05,Apartment
27,7072 William Shoals,Nicholsshire,Minnesota,53273,841689.15,2,3,4776,2023-04-21,Apartment
28,462 Caldwell Trafficway,North Megan,West Virginia,86555,623241.85,5,1,4841,2023-12-09,Apartment
29,5123 Glenda Course Suite 286,Jeffreybury,Oregon,09196,112121.92,2,2,669,2023-08-24,Apartment
30,58972 George Dam,New Jamestown,Tennessee,92772,566589.67,5,3,724,2024-07-06,Apartment
31,54862 Brandon Throughway Apt. 721,Joshuaside,Wisconsin,96906,339113.26,5,3,4645,2023-04-26,House
32,050 Stevens Port,Lewishaven,Arizona,73896,760890.49,1,3,3642,2023-02-27,Condo
33,483 Butler Pike,Whitakerside,Virginia,50147,64606.22,3,2,2133,2023-10-24,Condo
34,1529 Anderson Mission,Myerstown,Utah,11386,365496.51,2,2,682,2023-09-15,Condo
35,410 Sanchez Springs Apt. 149,North Michaelmouth,Missouri,19453,97980.19,4,1,4246,2023-09-29,Condo
36,1620 Nunez Trail Apt. 133,North Jessica,Arkansas,55062,690265.67,1,4,3709,2025-01-10,Apartment
37,2281 Laura Loaf Suite 002,West Christopherton,Tennessee,68435,97777.27,5,1,1649,2024-04-19,House
38,85344 Lisa Hills Suite 035,Greenfurt,New Hampshire,26378,426480.64,2,1,1746,2023-08-01,Apartment
39,49448 Mary Inlet Suite 729,Brownbury,Texas,56264,698510.22,1,4,4619,2024-04-30,Condo
40,590 Moore Square Apt. 499,North Michaelton,Louisiana,95827,728386.23,5,2,2203,2024-12-15,Apartment
41,2351 Roach Grove,Novakhaven,Minnesota,67766,732597.46,3,2,1777,2024-04-02,House
42,0891 Monica Station,Holtstad,Missouri,67020,185695.89,4,2,2887,2024-08-28,Condo
43,814 Kenneth Trail Apt. 455,North Fernandoside,Arizona,56254,866755.94,5,4,4551,2024-06-08,House
44,488 Jones Trace,East Nancyport,Wisconsin,25550,465704.08,3,3,2217,2023-05-02,Condo
45,52103 Cheyenne Radial Suite 060,East Danielle,Arkansas,30824,858101.55,2,4,1862,2024-01-19,Condo
46,66687 Butler Bypass Apt. 210,Pereztown,New Mexico,76146,908583.66,4,4,1872,2025-01-15,House
47,637 Michael Pike Suite 370,Amyland,California,97633,816234.84,1,2,2733,2025-01-16,Apartment
48,60663 Waters Terrace,West Richard,Maryland,62874,905573.21,5,4,3907,2023-04-05,House
49,922 Ramirez Route,Anthonyland,Alaska,12412,338659.57,4,3,2189,2023-04-25,Condo
50,578 Sarah Lake Apt. 441,North Tiffany,Kansas,52662,321847.79,1,2,870,2024-04-11,Apartment
51,44600 Cortez Landing Apt. 411,Edwardshire,Massachusetts,06620,139636.79,5,3,3292,2025-01-03,Apartment
52,7731 Serrano Roads,Mcfarlandhaven,California,46585,398692.12,5,2,1869,2023-06-16,Apartment
53,306 Alison Shores,East William,North Dakota,75795,941707.27,1,2,4006,2025-01-23,Condo
54,8843 Briana Knoll,Taylorborough,Connecticut,69831,776447.83,4,3,3113,2023-04-03,Condo
55,98378 Theresa Drive,New Todd,California,13755,712359.75,4,2,2109,2024-07-21,Apartment
56,4742 Frank Drive Suite 855,East Jamesside,New Hampshire,78540,593965.9,3,1,3204,2024-02-27,Apartment
57,46713 Valerie Fields Suite 533,Port Danielview,Minnesota,59623,130452.81,3,4,3070,2024-08-18,House
58,5252 James Field Suite 439,Wilsonbury,South Dakota,18528,977429.2,1,3,2690,2024-03-09,Condo
59,81648 Tamara Rapid Suite 403,North Karenborough,Utah,29796,221589.75,3,3,4991,2024-05-07,Condo
60,0278 Michael Station,Davisburgh,Connecticut,17347,681681.03,1,2,2294,2024-03-24,House
61,3878 Jennifer Isle,Jenniferberg,Pennsylvania,68551,465375.06,1,3,3910,2024-11-28,Condo
62,043 Joshua Turnpike,West Andrewchester,Virginia,49429,97211.18,5,1,1404,2025-01-01,Condo
63,0622 Gibbs Brook Suite 460,Port Timothy,Pennsylvania,05659,489054.11,3,3,3628,2024-03-03,Condo
64,990 Mathis Courts,North Jasonchester,Michigan,37011,260636.49,2,2,2659,2023-12-30,Condo
65,511 Hendricks Road,Sandrachester,Kansas,82618,876629.23,5,1,3315,2023-05-02,House
66,175 Gregory Hollow Suite 180,North Howard,North Carolina,30888,442249.99,3,4,2038,2024-06-22,Apartment
67,1719 Miller Hollow Apt. 202,Colemanton,Indiana,18397,373226.94,4,4,4852,2023-06-16,House
68,59583 Emily Motorway,East Hollyburgh,Vermont,59266,817075.42,5,4,1930,2024-05-31,Apartment
69,935 Bryce Viaduct Suite 588,Andreafort,Illinois,42075,557692.04,2,2,2542,2023-03-25,House
70,161 Vaughan Creek,Lake Stephaniemouth,Virginia,73835,439817.05,1,3,3255,2024-07-09,Condo
71,33302 Smith Harbors,North Keithview,Delaware,64283,425041.24,2,3,2347,2023-02-14,Condo
72,38601 Kayla Route Apt. 630,Robertsonport,North Dakota,55406,281144.09,2,2,3053,2024-06-13,House
73,3908 Tonya Hills Suite 963,Port Darrell,Alabama,06341,223254.46,3,4,1501,2023-08-19,House
74,9592 Miller Lake,Port Timothyhaven,New Jersey,88013,165550.36,2,4,3147,2023-08-19,House
75,284 Thompson Fort,East Karenberg,Minnesota,29151,647857.48,4,3,3421,2024-09-30,Condo
76,6262 Mcknight Inlet,Lindseymouth,Alabama,10838,840578.77,5,4,765,2023-07-30,Apartment
77,65444 Jocelyn Ridge,Scottton,Arkansas,64670,258305.0,2,2,4107,2024-09-20,Apartment
78,10731 Denise Underpass,Crystalside,Mississippi,39228,86370.04,1,4,989,2025-01-02,House
79,128 Cortez Burg,East Chaseport,Nebraska,54668,392460.22,3,2,1529,2023-12-27,Apartment
80,628 Johnson Brook,Maryburgh,California,97253,956018.83,3,3,939,2024-05-07,Condo
81,14908 Johnny Forges Apt. 550,New Patricialand,Florida,80266,257077.44,5,1,2310,2024-08-22,Condo
82,246 Danielle Well Suite 643,South Tracy,Montana,50678,790676.47,2,1,935,2023-02-18,Apartment
83,6257 Williams Motorway,West Suzanne,Michigan,01311,76694.51,5,3,2467,2023-02-24,House
84,446 Walker Divide,East Breanna,Alaska,57769,626943.54,1,1,3805,2024-12-17,Condo
85,33788 Joy Motorway,Port Shawn,Hawaii,09016,416000.2,3,4,4100,2024-09-25,Apartment
86,2689 Rivera Route Suite 925,South Emilyland,Wyoming,31367,606398.36,2,2,2662,2023-03-13,Condo
87,766 Joshua Bridge Suite 038,North Kathyberg,Washington,04583,483114.95,2,2,4910,2024-09-04,Condo
88,7412 Ellis Ports Suite 916,East Sarahton,Washington,06241,55359.64,5,3,3020,2024-08-22,Condo
89,351 Dawson Mews Suite 956,Port Pamela,Idaho,05913,301275.15,4,3,4365,2023-09-14,House
90,68146 Davis Neck Apt. 309,Robertside,Nevada,77498,639859.9,5,1,1263,2023-07-10,Apartment
91,109 Riddle Ville,Port Shawn,Idaho,80854,102701.61,5,2,946,2024-02-27,Condo
92,4291 Elizabeth Isle,Montoyaberg,North Carolina,17070,195559.6,1,2,3829,2023-06-23,House
93,07847 Jon Hills Suite 941,Caldwellview,Idaho,24775,728413.42,4,2,4435,2024-03-02,Apartment
94,6568 Sanders Mountain,Lake William,West Virginia,60495,259797.58,1,3,4478,2024-03-21,Condo
95,086 Johnson Park Suite 529,Smithfort,Pennsylvania,68940,231135.89,1,1,2995,2023-04-08,Apartment
96,62904 Harris Falls Apt. 002,Campbellport,West Virginia,97766,957131.61,2,1,4375,2024-11-20,Condo
97,008 Brewer Hollow Apt. 188,New Johnmouth,Arizona,29905,770331.42,1,3,2256,2024-03-18,House
98,675 Ricky Junction Suite 236,New Susan,Maryland,80456,320986.18,3,2,1906,2024-09-24,Condo
99,03989 Natasha Island,Hernandezburgh,Delaware,37336,440254.06,2,4,1789,2024-09-27,House
100,91811 Stacey Burgs,Jeffreyland,South Carolina,10683,233688.41,5,2,4913,2024-08-24,Condo
101,4743 Carney Via,Kimberlyton,Utah,59435,587934.27,3,1,2393,2023-11-07,Condo
102,3214 Horton Well Apt. 913,East William,North Dakota,15060,359993.65,4,4,2701,2023-05-27,Condo
103,3366 Christina Harbors Suite 700,Port Dominiquefort,Wisconsin,10970,932567.13,2,1,2656,2023-06-13,Apartment
104,778 Thomas Spur Suite 470,East Rodney,Nebraska,29967,875603.59,2,2,3006,2023-10-31,House
105,8875 Bradley Plains Apt. 644,Harmonshire,Vermont,52256,856802.41,2,4,1669,2024-04-01,Condo
106,39779 Fernandez Plains Apt. 931,Samanthaberg,Oklahoma,81488,317776.08,4,1,4134,2023-05-31,House
107,084 Reyes Union,Jessebury,South Carolina,29551,382845.73,1,2,4191,2023-09-05,Apartment
108,5320 Lisa Lakes,Nelsonland,Indiana,86708,152231.01,2,1,2261,2024-07-26,Apartment
109,912 Patel Courts Apt. 297,Kellytown,Oklahoma,15912,573427.29,3,4,3911,2023-03-25,House
110,5550 Heather Roads Apt. 690,Jasonburgh,Kansas,44741,521211.9,4,2,3284,2023-02-25,House
111,1547 Cooper Burg,Chavezmouth,Georgia,66793,506367.61,5,1,3742,2023-12-04,House
112,789 Katrina Route Apt. 637,Nicholsville,Alaska,92194,988290.6,4,3,2010,2023-10-01,Condo
113,88547 Davis Ports Apt. 625,West Greggville,Vermont,04252,761135.27,5,4,2376,2023-08-21,Condo
114,266 Davidson Greens,Lake Josemouth,Hawaii,45663,518580.01,1,4,1799,2023-03-31,Apartment
115,18997 Thomas Rue Suite 563,West Mirandaport,Kansas,56447,867986.11,1,4,3400,2024-03-26,House
116,193 Hayes Summit,Sherryborough,Idaho,03348,748997.11,3,4,536,2024-09-25,House
117,1389 Andrew Green Suite 764,South Maria,Wisconsin,75407,979097.63,5,4,1851,2024-07-26,Condo
118,3597 Kimberly Field,South Aaronmouth,Washington,01550,300947.86,2,2,3683,2023-05-19,House
119,940 Julian Grove,Brandonchester,Maine,94002,422349.23,3,2,4007,2023-10-27,Condo
120,54996 Rivera Stravenue Suite 064,South Sarahchester,Michigan,35347,156923.74,4,3,842,2023-08-04,Condo
121,26264 Kathleen Track,East Juanburgh,Utah,21108,268845.8,1,2,3399,2023-02-12,House
122,75589 Smith Fords Apt. 457,New Robert,North Carolina,38505,561193.77,4,4,986,2023-05-29,House
123,580 Chung Valleys Apt. 332,New Austintown,Delaware,20088,955832.22,5,2,2949,2023-05-11,Condo
124,7868 Johnson View,Lake Mollyland,Mississippi,71974,136843.75,4,1,4282,2024-08-17,House
125,1728 Katherine Tunnel Suite 307,East Tamarachester,North Carolina,24661,890719.2,2,3,3544,2023-12-02,Condo
126,07063 Taylor Extensions,New Eric,Ohio,85833,529863.0,2,4,4175,2025-01-02,Condo
127,665 Brooks Pike,New Richardport,Missouri,83314,96515.64,4,1,4091,2023-02-16,House
128,642 Tyler Trafficway,Port Karenport,Maine,26024,782496.34,2,1,3543,2024-11-30,Condo
129,67973 Katherine Street Apt. 196,Sandrastad,Rhode Island,47592,562567.22,5,2,3177,2023-02-16,House
130,5762 Ronald View,Port Brian,Kansas,60652,168040.14,5,4,4316,2024-09-01,House
131,063 Vega Meadows,East Gwendolyn,Arkansas,71616,330429.53,5,2,1228,2024-10-28,Apartment
132,868 Adam Canyon Suite 197,Sharpshire,Washington,91340,570786.37,4,4,723,2024-01-03,Apartment
133,62334 Arnold Trace Apt. 506,Murphyhaven,North Dakota,42732,707513.17,2,3,1197,2024-01-28,Apartment
134,14117 Steven Prairie,Cynthiaborough,Vermont,52873,540866.43,4,1,4796,2024-04-08,Apartment
135,20178 Jones Heights,Kellyfort,Oregon,77193,662052.74,4,2,929,2024-02-18,Apartment
136,1350 Riley Highway Apt. 805,Josephchester,New Hampshire,72782,171181.41,2,4,1253,2023-12-07,House
