zip,bathrooms,address,listing_date,listing_id,city,square_feet,bedrooms,state,price,property_type
61954,4,5991 Fowler Way Suite 803,2024-12-02,1,Ramosport,3503,1,Ohio,698723.38,Condo
34587,2,96696 Stephen Corner,2024-04-04,2,Smithport,894,4,Wyoming,571030.06,House
07978,2,871 Ayala Via Apt. 122,2024-02-28,3,Angelamouth,2534,4,Vermont,614302.51,Condo
17717,2,9536 Klein Vista,2024-06-15,4,Hutchinsontown,3956,2,South Carolina,308729.58,House
69608,3,937 Phillips Harbor,2024-08-25,5,Butlerchester,4475,5,Illinois,538395.69,Condo
73054,4,10015 Brenda Ford Suite 533,2024-05-18,6,South Matthewborough,807,4,Nebraska,98905.96,House
90720,1,8181 Ortiz Junction,2024-10-29,7,Port Donna,4983,4,South Dakota,672790.47,Apartment
92708,3,749 Faulkner Parkways,2024-07-21,8,South Robertberg,765,4,Ohio,282174.74,House
36478,1,746 Michael Heights Apt. 516,2024-05-11,9,East Meganmouth,3495,5,Mississippi,111965.77,House
19948,3,66352 Kristen Turnpike,2024-05-04,10,Port Sherriville,2847,2,New York,384721.91,Condo
96116,2,7268 Allen Passage,2025-02-09,11,Amandashire,2374,3,Mississippi,821679.88,Apartment
51039,3,07840 Chen Ford,2023-11-12,12,South Michael,4505,5,Mississippi,656223.77,House
51455,2,7749 Ashley Extensions,2023-04-17,13,South Teresa,2014,2,North Dakota,60783.58,Apartment
68237,1,387 Anderson Crescent Apt. 929,2023-07-19,14,Taylorside,2516,4,Nebraska,901365.34,Apartment
75075,3,2564 Lowery Rest Apt. 465,2024-11-01,15,Port Lee,4926,1,Kansas,580215.99,Apartment
38342,3,019 Regina Forks,2024-07-02,16,North Bryanborough,891,5,North Dakota,393123.76,Condo
03209,4,371 Fernandez Cape Suite 376,2025-01-01,17,East Amy,1819,4,Michigan,345237.15,Apartment
69239,3,36533 Corey Grove,2023-03-27,18,Thomasfurt,2158,4,Colorado,857773.17,House
42661,4,869 Rodriguez Dam Suite 345,2024-02-24,19,Port Heatherhaven,1787,3,Texas,808110.46,Condo
38439,2,04109 Martinez Mall Apt. 021,2024-05-19,20,Andreamouth,4670,4,Louisiana,226535.08,Condo
82041,2,6863 Bryant View,2024-02-04,21,South Randy,3497,4,Kansas,137568.43,Apartment
24950,2,38027 David Prairie,2024-02-28,22,New Chelsea,2680,5,Pennsylvania,729548.82,Condo
64575,3,8791 Ruben Forges Apt. 814,2023-04-26,23,North Nicoleshire,2592,4,Mississippi,409947.73,Condo
37437,3,55135 Tina Greens Apt. 199,2024-08-01,24,Port Johnberg,3332,3,Montana,410241.84,House
11467,2,91054 Owen Burg Suite 937,2024-03-14,25,South Michelleborough,2131,5,Arizona,793673.3,Apartment
13951,1,56779 Jillian Run,2024-07-12,26,Port Philipshire,3229,1,Vermont,804469.4,Condo
83581,2,96469 Charles Circles Apt. 370,2024-01-30,27,Mercadoshire,4501,2,Oregon,891008.04,Apartment
44503,4,479 Rodriguez Via,2023-04-14,28,Amyshire,3173,2,Georgia,598297.55,Condo
27634,2,498 Thomas Oval Apt. 320,2024-08-08,29,Danielleview,4977,1,Connecticut,199943.3,Apartment
43077,1,744 Smith Village,2023-10-26,30,Kristinaview,4792,5,Pennsylvania,358530.88,Apartment
17084,4,585 Gomez Park Suite 779,2023-09-14,31,Wagnerstad,2178,5,Nebraska,553283.79,Apartment
48219,3,450 Powers Ville,2023-12-11,32,Philipport,4995,5,South Dakota,92000.04,House
93421,3,9123 Olson Branch,2024-04-13,33,South Thomas,3602,3,Missouri,326564.64,Apartment
36537,2,4776 Blake Stream,2024-08-08,34,Port Davidport,3894,2,Florida,873846.81,House
18032,4,649 Jay Circles,2023-02-17,35,Kellyton,4295,2,Alaska,617531.93,Condo
32594,4,5439 William Ferry,2023-10-22,36,Port Dariusfurt,3393,3,Wyoming,342580.58,Condo
70328,2,8944 Peter Spring,2023-05-11,37,Angelatown,2214,4,Utah,728049.83,House
40813,4,35707 Hebert Stream Suite 314,2023-05-22,38,New Melissa,2541,4,Utah,301330.3,House
24221,2,376 Jensen Heights Apt. 671,2024-05-04,39,North Andrew,1442,2,Indiana,581067.04,House
11129,3,08765 Jody Grove,2023-05-03,40,Fitzpatrickhaven,1290,4,Oklahoma,281010.1,House
88912,2,5688 Michael Light,2024-11-12,41,Gardnerton,3320,5,Hawaii,114685.03,House
19561,4,48218 Bowers Flat Suite 264,2025-01-01,42,Sheashire,3484,3,Maryland,60829.38,Apartment
88832,1,417 Hill Manor,2023-11-20,43,Davidsonhaven,2232,2,Wyoming,527538.87,House
89664,3,62628 Raymond Hills Apt. 603,2024-01-22,44,Reynoldshaven,1040,4,Georgia,418824.28,Apartment
86422,3,5004 Todd Mills Suite 739,2023-03-17,45,Jamestown,3690,1,Delaware,89540.51,Apartment
94199,1,3539 Angela Manor Suite 248,2024-10-06,46,Lake Robert,3521,3,Florida,425517.26,Condo
88837,2,30027 Watkins Parkways Suite 151,2023-11-27,47,Jamesmouth,1120,5,Vermont,338297.1,Apartment
75993,3,9565 Joseph Springs,2024-10-25,48,South Timothy,2889,2,Mississippi,686348.06,Apartment
19104,2,1690 Christopher Square,2023-12-08,49,Andrewport,3482,1,Idaho,209941.72,House
96514,4,711 Thomas Locks Suite 615,2023-02-14,50,Denisefort,3284,3,Minnesota,632246.89,Condo
51985,2,21456 Derek Circles Suite 326,2024-03-15,51,Port Antonio,4862,2,Montana,388490.57,House
84207,3,6609 Ramos Vista,2023-04-22,52,Thomasview,1074,5,Utah,81490.44,Condo
37780,4,2237 Brooke Cove,2024-09-21,53,North Ebonyshire,1951,3,California,834558.5,Apartment
30470,1,073 Michael Land,2023-03-25,54,New Cassandraville,4765,3,Vermont,127685.26,Condo
45293,2,01189 Macdonald Forest Suite 884,2024-03-23,55,Blackville,4194,5,West Virginia,897901.19,House
00975,3,929 Alexandra Circles Apt. 694,2024-01-31,56,Hubbardville,514,5,South Dakota,285909.3,House
64696,1,5308 Morrow Walk,2024-01-25,57,Gibsonfurt,983,5,Tennessee,363330.95,Condo
46432,4,2573 Cooper Fort Apt. 602,2025-01-01,58,West Elizabeth,1494,1,Texas,930047.72,Condo
76457,4,95774 Joe Loop,2024-11-01,59,Langside,2438,2,New Mexico,850081.57,Condo
91420,4,16469 Elizabeth Way,2023-03-09,60,New Frank,1678,2,Kansas,364213.86,Apartment
63839,4,116 Baldwin Ford Suite 769,2023-07-01,61,Beckchester,4879,4,Maryland,93991.91,Condo
34730,3,3475 Alexis Mountain Apt. 642,2023-06-08,62,South Jameston,2713,5,New Hampshire,416658.63,House
62956,2,094 Aguilar Square Suite 927,2023-04-26,63,Saundersburgh,1145,4,Mississippi,219024.12,House
70979,1,4161 Russell Junctions,2023-12-09,64,Josephville,2366,4,Wyoming,151316.31,House
77265,2,3051 Holly Keys Apt. 224,2023-07-26,65,Bakerview,4898,5,Iowa,751602.78,House
60947,1,121 Devin Extension Suite 196,2023-07-15,66,Adriennestad,3215,3,North Carolina,238619.93,House
72668,2,521 Martinez Rapids,2025-01-16,67,East Samuelstad,4249,5,Indiana,321693.55,House
94999,4,070 Jenkins Isle,2023-11-06,68,Joshuabury,1261,3,Illinois,759762.58,House
21552,4,30921 Eric Squares,2024-01-25,69,South Ryanhaven,4124,5,Tennessee,233071.09,Condo
63981,1,876 Joel Valleys,2023-05-30,70,Kellymouth,3119,3,Montana,790653.08,Apartment
20411,4,778 Brown Corner Apt. 573,2023-08-31,71,Peterbury,2527,5,Minnesota,664718.85,House
53565,4,696 Chambers Inlet,2024-07-06,72,Samanthamouth,708,3,West Virginia,493883.27,Apartment
03752,3,837 Stephanie Estates,2024-07-14,73,New Gracehaven,3642,1,Alabama,693958.91,Apartment
01509,2,2905 Robles Freeway Suite 303,2024-01-15,74,Arnoldfurt,4723,2,Massachusetts,171769.22,House
09712,2,20936 Mitchell Common Suite 308,2024-03-29,75,New Roger,3491,5,Wisconsin,446176.0,Apartment
17538,3,854 Boyd Skyway,2024-08-27,76,West Kelly,874,1,New Jersey,83959.77,Condo
93402,4,036 Tran Center,2024-03-16,77,West Rebecca,4540,5,Hawaii,458865.19,Apartment
63333,1,99582 Kelsey Summit Apt. 853,2023-05-15,78,South Jose,3449,4,Kansas,612771.89,Condo
92959,4,3957 Kennedy Green,2024-06-18,79,South Alyssaville,1968,1,Michigan,750242.23,Apartment
73427,1,57386 Carr Spring,2023-02-23,80,Daniellehaven,1408,4,Colorado,490807.08,House
33102,1,964 Gross Extension,2024-11-15,81,Johnsonville,1846,3,Colorado,108894.4,House
81718,4,393 Matthew Spur,2023-12-25,82,Michaelchester,503,5,Minnesota,701381.12,Condo
00997,3,1398 Hailey Lane Suite 113,2023-10-07,83,South Andrewbury,4635,2,Tennessee,130831.11,Condo
99220,3,0540 James Falls Apt. 401,2023-10-14,84,Andersonshire,2868,4,Tennessee,880293.63,House
07601,4,36537 Vargas Crossroad,2024-06-19,85,Thomasfort,3574,5,Kentucky,783694.01,Condo
32128,4,66952 Brown Hills Apt. 261,2023-07-18,86,South Stephanieland,1250,3,Missouri,358629.28,Apartment
26590,1,80805 Rhonda Causeway Suite 260,2023-08-16,87,New Michael,1943,1,California,958822.08,Apartment
52609,2,500 Bond Road Suite 027,2024-06-10,88,South Nathanview,4886,1,Arizona,880092.16,House
62944,3,4161 Aguilar Crest Apt. 277,2023-12-20,89,Owenschester,1601,2,New Jersey,367262.28,Apartment
57318,3,59780 Victoria Throughway Apt. 658,2024-09-11,90,Lopezville,4875,1,Hawaii,373482.94,Apartment
62578,3,078 Daniel Parkways,2024-12-08,91,Tracymouth,786,4,Iowa,494307.13,Condo
65831,4,067 Pearson Falls,2024-04-05,92,North Allison,3609,1,New Jersey,427680.23,Condo
87818,2,846 Jeffery Course Apt. 290,2025-01-14,93,Tammyside,2741,2,Wisconsin,109310.28,Condo
86279,1,35064 Johnson Green,2023-07-14,94,New Faith,2951,3,Tennessee,948437.27,House
55263,1,898 Hill Shore,2023-05-22,95,Pierceton,1910,1,North Dakota,374013.78,House
77419,3,9777 Robinson Trace Suite 848,2024-04-23,96,South Davidshire,4752,1,Missouri,991377.1,House
80785,2,598 Amanda Lock Suite 995,2023-04-10,97,Jacobfurt,3116,4,Hawaii,783611.56,Apartment
65958,3,063 Kerri Highway Apt. 821,2023-02-14,98,New Keith,543,3,Iowa,475521.48,Condo
28594,4,07934 Reynolds Turnpike,2024-12-10,99,Mendezton,714,3,Colorado,766002.9,House
12770,4,1390 Dawn Tunnel,2024-03-12,100,Adamfort,3439,2,Minnesota,669659.09,Apartment
14239,2,794 Peck Pass,2024-08-22,101,Andersonhaven,1598,4,Illinois,750576.35,House
18385,1,01156 Melissa Gardens,2024-10-23,102,Port Benjamin,4857,1,Pennsylvania,555054.56,Condo
20040,3,45713 Chaney Mountain,2023-08-19,103,Amandashire,4421,3,New Hampshire,565429.09,House
01808,3,520 Stanley Skyway,2024-09-03,104,Port Anthonyside,4614,3,Montana,144054.24,House
94798,1,795 Michael Squares Apt. 044,2024-11-09,105,Williamston,2470,3,Illinois,651947.0,House
41826,2,7192 Cody Grove,2024-05-14,106,Jacobtown,3421,5,Kentucky,458889.74,Apartment
74945,3,5589 Lindsey Park Apt. 986,2024-12-26,107,Knightburgh,3877,4,North Dakota,659222.28,House
68383,4,102 Little Springs,2023-02-16,108,Douglasside,3344,1,Utah,732207.48,Condo
91196,4,15429 Watson Valleys Apt. 820,2023-05-24,109,Melanieborough,4169,3,Hawaii,586483.56,House
90397,2,519 Kenneth Spur Apt. 773,2024-12-17,110,New Jessica,2893,1,Kentucky,348374.05,Apartment
02239,2,17001 Macias Pass Suite 363,2024-03-04,111,Simmonsfurt,660,2,Delaware,277536.83,Condo
37106,3,7927 Michaela Fall,2023-04-11,112,New Calebshire,2549,4,Tennessee,645600.26,Apartment
26410,1,938 Morrow Springs,2023-11-14,113,Ibarrafort,1021,3,Wisconsin,966279.14,Condo
21024,3,30753 Charles Station,2023-07-06,114,Harveymouth,583,5,New Hampshire,568721.55,Apartment
49839,4,1304 Laura Plaza,2023-10-19,115,Contrerasstad,1010,2,New York,968703.07,House
71646,1,293 Brian Springs,2024-01-22,116,North Johnbury,2929,2,Wyoming,540875.75,Condo
60410,3,470 Thompson Club,2023-10-27,117,Marthaton,3169,3,Alaska,153380.6,House
17008,3,298 Kirby Track Apt. 363,2023-08-25,118,Woodwardview,4415,4,Tennessee,922241.82,Condo
69226,2,60975 Lauren Passage,2024-12-10,119,Tinaburgh,3432,4,Alaska,814964.33,House
07712,1,7490 Linda Path Suite 665,2023-11-17,120,South Benjaminshire,4949,2,Alaska,185684.83,House
77344,2,5766 West Trail Suite 584,2023-10-04,121,Perezborough,2245,4,New York,888511.8,House
51776,2,8133 Chad Row Apt. 467,2023-05-12,122,Lake Andreafort,2519,3,Wyoming,286432.86,House
68216,1,4158 Ayers Forges Apt. 420,2024-07-24,123,South Jackbury,4272,5,Maryland,921547.85,Condo
87382,1,07937 Martinez Parks,2023-11-26,124,Hughesbury,1077,5,Mississippi,965311.48,Apartment
67829,1,1772 Ronald Road,2024-10-06,125,Port Danielchester,4141,1,Montana,421060.43,House
42013,3,57633 Vanessa Meadow,2023-05-22,126,Priceborough,4533,5,Maryland,853502.09,Apartment
84792,3,0454 Aguirre Pines Apt. 504,2023-03-11,127,Priceview,1305,2,New Mexico,318293.51,Condo
80765,4,3589 Steven Land Apt. 626,2024-03-09,128,Port Joelmouth,1756,2,North Dakota,744152.53,Apartment
06322,1,059 Lane Motorway Suite 741,2023-12-27,129,Josephport,3818,4,Colorado,527709.67,Condo
55810,1,185 Brown Manor,2024-03-28,130,Leeview,1190,5,Colorado,575112.02,Condo
74875,3,024 Hubbard Highway,2025-02-07,131,Kerryville,2451,2,Nevada,866318.73,Condo
82680,1,9734 Aaron Loaf,2023-11-22,132,North Saraview,1791,1,South Dakota,181554.2,Apartment
12818,4,104 Rodgers Mills Apt. 099,2024-06-09,133,West Timothy,695,1,Arizona,293755.21,Apartment
91974,3,599 Emily Course,2023-09-11,134,Lake Rachelville,570,1,New York,59576.82,House
63220,4,70831 Tanner Harbor,2023-06-17,135,New Helenville,4778,1,Nevada,362647.51,Apartment
49992,3,24111 Duran Common Suite 420,2023-06-18,136,North Nicole,4047,3,Arizona,989781.37,Apartment
12451,4,4199 Douglas Lakes Suite 398,2023-02-22,137,Willisland,4349,5,Montana,368732.14,Apartment
33091,1,01824 Hamilton Circle,2023-09-26,138,South Audreyville,998,4,South Carolina,709831.62,House
21461,4,0526 Martinez Knolls Apt. 791,2024-05-02,139,Adamsfort,2616,2,Missouri,757252.56,Apartment
20962,3,274 Lin Forge,2024-05-28,140,Hallbury,2270,4,Indiana,277749.0,Condo
87346,1,491 Snow Keys,2023-03-25,141,South Darren,1299,5,Idaho,946183.75,Apartment
55621,3,266 Michael Road,2023-05-20,142,Lake Ericport,3645,5,Nebraska,622069.59,House
96872,3,22263 Johnson Fields,2023-06-09,143,Mcculloughbury,3373,1,Nevada,83318.79,Condo
35156,1,8050 Hester Divide Apt. 277,2023-10-05,144,Riversland,4168,1,Wyoming,623158.7,Condo
