listing_id,address,city,state,zip,price,bedrooms,bathrooms,square_feet,listing_date,property_type
1,843 French Circle Apt. 738,Kristinamouth,Oregon,89908,55395.7,4,4,1468,2024-09-02,Apartment
2,46298 Jerry Crossroad,Woodsview,Missouri,07944,623564.66,3,1,3311,2024-12-20,Apartment
3,0047 Johnson Spring Apt. 796,Bushstad,Utah,97664,60399.07,2,2,4986,2023-10-31,Condo
4,762 Perry Estates,Walkerside,Rhode Island,19580,675996.53,4,4,3101,2024-07-15,Condo
5,60345 Patricia Ramp Apt. 163,East Josephstad,Kentucky,34140,825211.91,3,4,3267,2023-03-01,Condo
6,4644 Richardson Cove Suite 570,Robertstown,Alaska,17969,937462.53,4,1,4269,2024-08-03,Condo
7,16924 Tracey Villages,Meganshire,Minnesota,65281,280447.2,4,3,2289,2023-08-27,House
8,537 Newman Lodge Apt. 168,North Eric,Washington,60667,129638.97,1,3,918,2023-07-23,Apartment
9,817 Jensen Underpass,Sheilamouth,Wisconsin,16958,880698.86,5,1,1486,2023-05-31,House
10,8653 Lambert Union,North Gregoryfurt,California,83444,944149.16,5,4,3084,2025-01-12,Condo
11,063 Jacqueline Passage,New Chad,Rhode Island,01938,366554.32,4,2,1345,2024-06-25,Condo
12,71019 Humphrey Parkways Apt. 359,Gomezburgh,Alaska,57988,734744.42,3,2,3120,2025-01-13,Apartment
13,2288 Wilson Motorway,Forbesland,Georgia,43474,752532.57,5,1,1118,2024-12-06,Condo
14,7965 Todd Street,West Jennifer,Oregon,27519,468922.7,5,4,1512,2023-05-01,Condo
15,80053 Kevin Hills,North Amanda,Florida,58414,269338.66,5,1,2690,2023-07-13,House
16,951 Reed Meadow Apt. 254,Edwardberg,New Mexico,02089,390568.81,3,1,4410,2023-04-11,Apartment
17,3671 Elliott Lakes,North Shane,Vermont,42008,347116.96,5,1,753,2024-08-08,House
18,2557 Roberson Bypass,Donaldborough,Nevada,11181,636015.93,4,3,3614,2023-11-16,Apartment
19,72919 Alicia Club,New Nicoleshire,Florida,36123,618941.72,4,2,3132,2023-11-16,Apartment
20,2148 Campbell Dam Apt. 927,Port Anthony,Delaware,62186,848698.65,2,3,2030,2023-06-13,Condo
21,728 Flores Overpass Apt. 525,New Traceyton,Texas,24113,529768.16,1,1,961,2024-09-05,Condo
22,4490 King Fords,Hillhaven,North Carolina,69165,301258.61,3,4,1476,2023-08-25,House
23,823 Hill Drives,West Heather,Wisconsin,43940,318555.78,3,2,2735,2024-11-30,Condo
24,230 Bird Court,South Nicholas,Wyoming,78405,525569.36,1,1,954,2025-01-22,Apartment
25,1516 Boyd Ranch,Jackville,Tennessee,18678,372332.69,5,3,3847,2023-12-17,House
26,6620 Steve Point,Daleport,Connecticut,36823,496236.24,5,2,3024,2023-10-31,House
27,645 Guerra Corner,South Kenneth,Maine,96288,642435.33,5,4,4243,2024-02-03,Condo
28,3405 Kevin Trace,Lake Christina,Vermont,42054,815749.15,3,1,3128,2023-09-11,House
29,90039 Mike Junction,Joshuaville,Illinois,12893,542902.26,2,4,3273,2023-04-26,House
30,64113 Stephen Trail,Virginiamouth,Nevada,32509,329781.67,4,2,4384,2024-12-01,Apartment
31,8853 Walker Groves Apt. 884,East Jesse,Arizona,21973,760344.3,4,2,4290,2023-07-16,Apartment
32,26402 Keith Union,North Robert,Wisconsin,27421,108568.8,5,3,696,2024-06-03,Apartment
33,0562 Spencer Keys Suite 706,West Alicia,New York,43646,598561.44,1,2,2438,2024-04-09,Condo
34,9806 Brandon Locks,East Brianview,Ohio,51787,604635.65,5,2,1313,2024-05-01,House
35,87431 Frey Stravenue Apt. 527,West Amystad,Colorado,87830,283168.34,2,1,2447,2024-12-26,House
36,82962 Thomas Shoals Suite 097,Lake Jessica,Colorado,60844,295400.44,3,3,1493,2024-02-04,House
37,549 Garcia Avenue,Glennmouth,Ohio,77338,433372.86,2,4,1830,2024-12-05,Condo
38,2512 Joseph Squares Suite 807,Ericchester,Oregon,99214,426560.49,5,1,4829,2024-01-14,Apartment
39,80934 Alicia Springs,Courtneyborough,Delaware,82281,866878.85,3,1,4195,2025-02-11,Apartment
40,9332 Morris Ville Apt. 540,Katieville,Rhode Island,26066,493208.03,5,3,3571,2024-04-20,Apartment
41,12784 Robert Square Suite 448,West Rebecca,Indiana,68333,285261.48,1,3,1627,2024-03-08,Condo
42,506 Paul Loop,Pittmanton,Arizona,48201,948321.74,2,3,3232,2024-03-13,Condo
43,9565 Johnson Springs Apt. 243,Lake Victoria,South Carolina,25437,496817.93,4,3,2240,2023-06-28,Apartment
44,89234 Lewis Mountains,Marthaville,Washington,04318,805673.06,5,4,3793,2024-10-02,Apartment
45,894 Jared Plains,Port Dennisberg,Utah,24649,112751.95,4,1,2284,2024-04-21,House
46,03847 Brown Rapids Apt. 828,East Wanda,Montana,60242,321209.24,2,4,1385,2023-07-18,House
47,89106 Romero Court,South Jillian,Connecticut,25134,485398.69,4,3,2947,2023-10-18,Apartment
48,621 Linda Brooks Apt. 275,Leahton,North Carolina,46689,81223.71,2,4,4300,2024-05-25,House
49,1219 Case Views Apt. 601,Jenniferton,North Dakota,56332,417376.2,4,3,2225,2024-07-22,House
50,012 Whitehead Meadow,West Lynn,Indiana,01539,831109.29,2,4,3816,2024-01-29,Condo
51,4372 Albert Rapid Suite 253,Debraborough,Arkansas,11863,715027.84,5,2,1313,2023-11-07,Condo
52,2332 Clark Creek Apt. 960,South Heatherfort,Alaska,38057,242817.67,3,3,4514,2023-05-25,Condo
53,5276 Mueller Mission,Christopherside,South Carolina,43320,284743.86,5,2,3426,2025-01-12,Apartment
54,7769 Robin Flat Apt. 357,West Zacharybury,Rhode Island,38204,155282.25,5,2,3937,2023-11-18,Apartment
55,446 Stephanie Gardens Apt. 666,West Matthewview,Utah,60395,482337.28,2,1,770,2024-01-23,House
56,5126 Tyler Island Apt. 827,Dennisville,Arkansas,92752,607862.89,2,3,4368,2023-07-18,House
57,29839 John Trail,Leahton,Massachusetts,37905,691514.89,1,2,2632,2024-01-06,Condo
58,7366 James Lodge,Emilyhaven,Arizona,57680,654171.59,4,4,946,2023-10-23,House
59,55709 Stafford Mission,West Nathanside,Oklahoma,88737,889990.85,2,1,1566,2024-11-03,Apartment
60,1546 Contreras Pine,Riddlehaven,Nebraska,11719,946973.7,2,2,803,2024-11-27,Apartment
61,21252 Sierra Meadows Suite 479,East Gabriel,Oregon,40481,925931.09,1,3,2115,2023-03-12,Apartment
62,3131 Caitlin Lake,Kochchester,Utah,16273,481165.97,4,3,3321,2023-04-02,House
63,36095 Brendan Point,New Donaldmouth,Mississippi,40672,530419.73,3,2,1803,2023-11-19,House
64,030 Smith Fort Suite 839,New Anitahaven,New Hampshire,25970,252678.39,3,1,964,2024-12-30,Condo
65,58311 Doyle Mall Apt. 983,Ronaldstad,Iowa,58805,321144.49,1,4,641,2024-02-11,House
66,414 Johnson Mount,Christianborough,Rhode Island,10219,575042.52,1,4,2491,2023-03-12,Apartment
67,880 Fields Burg,Robinfort,Tennessee,92913,912821.42,2,1,1222,2024-11-15,Condo
68,91499 Thompson Terrace,Doyleview,Ohio,44842,304059.99,3,2,987,2023-03-27,Apartment
69,6378 Williams Garden Suite 239,Andersonview,Arizona,05052,405308.51,5,1,4736,2023-09-15,Condo
70,199 Austin Club,North Jonathan,Kansas,08604,778406.65,2,1,1399,2024-04-29,Apartment
71,795 Cooper Alley,New Roberthaven,Kentucky,67076,129524.66,1,2,1875,2024-11-17,Apartment
72,1240 Stanley Fields,Jacquelineville,Virginia,69355,110778.63,1,1,1407,2024-03-21,Apartment
73,848 Jessica Skyway Apt. 051,West Samantha,Iowa,13437,257900.36,4,2,2870,2023-04-08,Apartment
74,035 Mary Unions Suite 850,New Amyborough,Tennessee,07436,566225.28,3,1,1743,2023-08-22,Apartment
75,588 Contreras Passage Apt. 855,South Johntown,Maine,88950,808984.48,3,2,4001,2023-12-08,Condo
76,314 Cortez Causeway,Jordanfort,Maine,98174,550489.69,1,2,2984,2023-12-18,Condo
77,6640 Jones Walk Apt. 012,Rebeccamouth,Connecticut,52350,968113.53,1,1,2268,2024-07-25,House
78,140 Rodriguez Motorway,Port Ritafort,Missouri,76050,342290.74,3,4,504,2025-01-13,Apartment
79,0532 Karla Locks Apt. 622,Port Arthurchester,Kansas,25556,816629.18,3,2,3977,2024-07-27,House
80,798 Velasquez Key,South Melissastad,New Hampshire,38726,769109.07,5,1,4867,2025-02-02,Apartment
81,646 Courtney Fork Suite 514,Kathrynfurt,Hawaii,61707,469928.32,4,3,1190,2024-01-21,House
82,40851 Kelly Land,Victorville,South Carolina,33205,726781.45,3,4,4401,2023-12-08,House
83,047 Potter Drives Suite 165,Ronaldland,Illinois,80859,493743.39,3,3,3279,2024-05-31,House
84,59742 Erin Neck,New Carolynfurt,California,90088,708274.57,4,2,3349,2024-01-25,House
85,6793 Matthew Crossing,South Victoriamouth,Tennessee,72104,718775.35,5,2,2909,2024-08-31,Condo
86,009 Ryan Village Suite 494,Lake Rachel,South Dakota,16493,57733.11,2,3,2387,2023-09-25,Apartment
87,5338 Anderson Fields Apt. 375,Sampsonmouth,Texas,54763,979259.58,1,3,4429,2023-11-06,Apartment
88,77350 Michael Square,Marystad,Arizona,83483,79355.73,3,1,1013,2024-11-11,Apartment
89,388 Robert Turnpike,Maryfort,Virginia,24288,111859.03,3,1,3279,2024-11-27,House
90,6592 Johnson Ranch Apt. 230,Kimberlyfurt,Virginia,60396,324521.09,1,1,1331,2023-09-11,House
91,1135 White Greens Apt. 117,Port Parkertown,Utah,09181,536482.08,2,1,3683,2023-08-02,House
92,439 Janice Corner,Taylorside,North Carolina,76383,865718.52,3,3,4985,2023-06-13,Condo
93,37229 Oneal Mountain,Josehaven,North Dakota,17405,652556.53,3,2,3315,2023-10-07,Apartment
94,0959 Gavin Forges,South John,North Carolina,07359,130224.81,4,1,2263,2024-10-18,House
95,2986 Samuel Tunnel,East Johnshire,Vermont,44889,544888.54,1,1,2630,2023-10-27,Condo
96,2807 Heather Harbors Apt. 619,Kevinside,Hawaii,49241,248249.47,5,3,694,2024-12-02,Condo
97,3872 Kelly Centers Suite 212,Donaldberg,New Mexico,46302,397725.82,4,3,1770,2025-02-10,Condo
98,37749 Travis Park,West Lauren,Texas,18387,935441.56,5,2,2077,2024-06-30,Condo
99,7939 Dixon Track,Danielhaven,Tennessee,44464,265754.0,2,2,624,2025-02-04,Condo
100,6236 Brooks Bridge,West Kayla,West Virginia,27499,509789.99,5,1,4949,2023-07-30,Condo
101,54380 Steven Ridge,Harristown,Arkansas,28994,793808.98,2,1,4273,2025-02-11,Apartment
102,37006 Eric Circle,Alexanderfort,Utah,57935,776998.01,4,2,596,2024-01-14,House
103,5255 Karen Spring Suite 386,Thompsonview,Wisconsin,55161,379450.61,1,3,2272,2024-09-03,House
104,7709 Walter Drives,Ashleyburgh,Delaware,66687,557334.33,2,2,2258,2023-11-13,Apartment
105,6024 Welch Drive Suite 455,East Anthony,Kansas,75813,168671.74,5,1,4142,2023-11-10,House
106,0127 Williams Port,Port Michealfort,Wyoming,61398,284775.53,5,4,887,2023-11-08,House
107,363 Wright Streets,West Jamesburgh,Minnesota,88744,469027.39,1,3,1548,2024-10-25,House
108,564 James Alley Suite 707,Port Lisafurt,Nebraska,37105,601481.0,1,1,2480,2024-07-16,House
109,069 Bryant Skyway,Victoriamouth,Maine,21714,238780.84,5,1,2736,2023-10-04,Apartment
110,78114 Heather Knolls,Millerchester,Maryland,06637,978405.83,3,2,1261,2024-01-02,House
111,98167 James Lake,Bondland,Tennessee,11591,249477.03,1,1,3642,2023-10-16,Condo
112,06598 Thompson Square,South Sherri,Indiana,62549,296439.77,1,3,2003,2024-12-24,Apartment
113,7805 Blackburn Lights,New Kimberlyview,Missouri,23427,571056.25,4,4,2944,2023-08-13,Condo
114,4957 Kelley Spur,Mcdowellfort,Michigan,48525,224312.93,4,3,3097,2024-11-25,Condo
115,60066 Golden Wells Apt. 665,Ruizburgh,Georgia,79063,139619.59,1,4,4164,2023-04-03,House
116,1735 Long Place,Knoxtown,New Hampshire,26516,656811.91,5,3,3062,2023-11-01,Apartment
117,15965 Brianna Vista Apt. 795,Angelport,Illinois,86642,826567.62,5,1,2961,2024-12-06,Apartment
118,229 Juan Haven Suite 935,North Maria,Maine,32468,498940.55,5,3,1066,2023-02-24,Apartment
119,14132 Bush Mountain Suite 740,North Jenniferberg,Pennsylvania,27252,318125.05,4,2,4445,2023-03-06,House
120,2936 Rogers Place Apt. 606,Michaelbury,Virginia,94514,857709.13,4,2,4253,2024-11-20,Apartment
121,4997 Daniel Gateway Suite 117,Whiteborough,Kentucky,91674,716867.68,4,1,1436,2023-04-04,House
122,72283 Erin Inlet Apt. 771,North Hunter,Alabama,24197,896870.52,2,4,1435,2023-03-09,Apartment
123,7948 Sarah Underpass Apt. 116,Estradatown,North Carolina,41321,751774.94,2,3,1307,2023-04-10,Apartment
124,84096 Katherine Branch,Thomasland,Colorado,61537,311127.78,3,3,1618,2024-09-28,Condo
125,1721 Lam Run Apt. 262,New Alison,Wisconsin,37070,569972.15,5,3,1159,2024-05-20,Condo
126,61512 Jerry Manors,Deckerside,New York,96322,644495.45,4,1,2149,2024-07-01,Apartment
127,92470 Wallace River,North Michael,Connecticut,78102,627883.19,2,3,4212,2023-03-26,House
128,932 Christopher Corners Suite 024,South Christophermouth,South Carolina,72928,200396.4,3,1,4017,2024-06-14,House
129,270 Sutton Parkways Apt. 158,East Sherry,Minnesota,82297,538460.81,2,1,4782,2024-09-21,House
130,3539 Danielle Row Suite 780,Maryborough,Washington,90149,102940.96,5,4,1834,2023-04-16,Condo
131,864 Castillo Roads,Charlesfort,Mississippi,57015,833080.05,3,1,2007,2024-08-02,Apartment
132,7311 Jamie Stream Suite 950,Timothyburgh,Vermont,60359,688248.57,3,3,2105,2023-02-22,House
133,96281 Christopher Pike Suite 470,South Lorraine,Washington,19232,142546.15,1,2,3133,2025-02-10,House
134,1980 Jacob Station Apt. 653,North Rodney,Rhode Island,85351,766851.89,5,4,2325,2023-06-03,Apartment
135,0531 Michael Summit Suite 276,Jessicastad,Oregon,19743,432858.28,2,3,612,2024-10-28,Condo
136,7177 Daniels Island,Murphyview,Alaska,64078,704697.74,4,3,1174,2023-11-08,House
137,715 Allen Points,New Samanthatown,Maine,39513,59663.54,2,2,1950,2024-12-08,Condo
138,860 Sims Port Apt. 483,Floresshire,Texas,32762,449018.37,3,3,1082,2024-12-05,Condo
139,12749 Barnes Road Suite 012,Aliciaside,Montana,75129,458192.88,3,4,637,2024-11-13,Apartment
140,382 Thomas Passage Apt. 115,Jonesville,Indiana,05026,946807.71,2,2,707,2024-02-14,Apartment
141,272 Bowman Heights Suite 405,East Kathrynmouth,New Hampshire,55894,567378.78,3,4,1968,2024-11-28,Apartment
142,751 Parker Rue,Ortizmouth,Oklahoma,29879,706683.17,2,4,1107,2024-09-19,Apartment
143,107 Alex Mountains,Johnsonton,Alaska,99463,589868.89,4,3,3154,2024-04-13,House
144,41396 Brian Glens Suite 304,Vaughnstad,Florida,66195,757207.92,4,4,515,2024-10-31,Apartment
145,90414 Hall Burgs,Johnnyshire,Iowa,25398,823931.56,1,3,3006,2024-09-06,Condo
