restaurant_name,review_id,cuisine,city,review_date,review_score
Jones-Cochran,1,Mexican,Lake Reginald,2024-06-06,3.9
"Turner, Casey and Smith",2,Mexican,West Bobbyside,2024-11-10,1.2
"Harris, Stevens and Campbell",3,Chinese,Ronaldton,2024-03-17,4.4
Rodriguez-Parrish,4,Japanese,Davischester,2024-04-13,3.6
Lewis and Sons,5,Chinese,West Charles,2024-08-30,4.5
Cook-Williams,6,Chinese,Hartview,2024-11-05,3.9
Navarro LLC,7,Chinese,North Maria,2024-03-23,1.1
Stanley PLC,8,Japanese,Rossmouth,2025-01-20,4.7
"Jones, Martin and Hood",9,Japanese,Fieldstown,2024-11-30,1.6
Hill Inc,10,Italian,East Lauratown,2024-06-08,3.5
"Stark, Cooper and Walker",11,Indian,Samuelborough,2024-12-10,3.3
Shannon and Sons,12,Chinese,East Austintown,2024-09-21,2.4
Peterson Group,13,Chinese,East Johnfort,2024-05-21,4.8
Smith-Kelley,14,Japanese,West Christopher,2024-07-23,4.6
Burch-Jimenez,15,Japanese,Angelaberg,2024-06-04,4.6
Reid LLC,16,Mexican,Davismouth,2024-03-21,4.2
"Fuentes, Yates and Irwin",17,Chinese,East Christinaview,2024-04-15,3.1
"Ortiz, Allen and West",18,Mexican,Petersonhaven,2024-03-27,1.7
Brewer LLC,19,Italian,Pachecohaven,2024-02-14,3.5
"Gomez, Bell and Patterson",20,Italian,East Ashley,2024-07-31,3.3
"Brown, Owens and Greene",21,Mexican,South Latoyaview,2024-12-05,2.5
Rangel-Hill,22,Japanese,Gutierrezmouth,2024-06-21,2.2
"Brown, Martinez and Walker",23,Japanese,West Walter,2024-08-09,1.1
Miller-Cook,24,Mexican,Timothyfurt,2024-07-11,3.8
Rich-Swanson,25,Mexican,Butlerside,2024-06-18,1.3
Pace-Roman,26,Mexican,Camposmouth,2024-09-18,2.5
Garcia Inc,27,Indian,New Shannon,2024-11-23,3.4
Allison Group,28,Japanese,New Annettemouth,2024-10-09,2.1
Miller PLC,29,Chinese,New Susan,2024-12-13,2.8
"Sanchez, Andrews and Elliott",30,Japanese,Fieldsshire,2024-11-04,1.4
Pitts and Sons,31,Mexican,Jasonmouth,2024-12-14,4.3
Carpenter-Williamson,32,Japanese,Lake Alyssafurt,2024-04-11,3.8
Douglas-Klein,33,American,Port Emilyberg,2024-12-03,1.1
Crawford-Jones,34,American,West Joshua,2024-11-28,4.3
Black-Perkins,35,Indian,Port Elizabeth,2025-01-20,3.9
Lewis-Smith,36,Mexican,North Jamesmouth,2024-12-06,2.7
Jordan LLC,37,Mexican,West Lisa,2024-08-22,3.8
Moss Group,38,Italian,East Christina,2024-08-08,4.4
Everett LLC,39,Indian,Kennethbury,2024-06-25,3.7
Gibson-Coleman,40,Italian,North Keithhaven,2024-05-03,1.2
Schmidt Group,41,Mexican,Andreahaven,2024-10-17,4.3
Gordon-Martinez,42,Mexican,Ginamouth,2024-05-23,2.3
Mercado PLC,43,American,Romanborough,2024-04-30,4.1
Jefferson PLC,44,Japanese,Jenkinshaven,2024-10-15,3.9
"Moore, Weber and Dawson",45,Italian,Kimfurt,2024-04-17,1.8
"Smith, Williams and Francis",46,Chinese,Ronaldside,2024-11-14,4.2
"Perez, Gonzales and Giles",47,Mexican,New Jessicafort,2024-02-27,1.6
Sosa Ltd,48,Indian,New Shelly,2025-01-16,4.4
"Compton, Cook and Gonzalez",49,Indian,Port Kevin,2024-05-16,1.6
Thompson-Miller,50,Indian,Johnstown,2024-03-23,4.9
Velazquez-Rodriguez,51,Chinese,South Luke,2024-08-04,5.0
"Turner, Holmes and Mitchell",52,Japanese,Romerostad,2024-04-23,4.2
"Hale, Hall and Carter",53,American,West Christinafort,2024-03-09,2.6
"Wall, Russell and Vasquez",54,American,North Charles,2024-07-13,3.6
"Brown, Smith and Alvarez",55,Japanese,South Leslie,2024-06-24,1.9
"Watkins, Rogers and Williams",56,Chinese,Lake Ritafurt,2024-10-15,1.7
Grimes-Stein,57,Indian,East Julianfurt,2025-01-04,3.2
Thompson-Rogers,58,Mexican,Ayalamouth,2025-01-21,1.4
Jones Inc,59,Italian,Dyerbury,2024-04-06,4.0
Lowery-House,60,Chinese,Smithchester,2024-04-15,3.7
Pineda-Hicks,61,American,New Matthewfort,2024-03-09,4.2
Perry-Brown,62,American,Gutierrezchester,2025-01-14,4.0
"Peters, Rosales and King",63,Indian,Jenniferfort,2024-05-27,1.4
Carter-Braun,64,Mexican,South Sarahtown,2025-02-08,3.8
King Ltd,65,American,North Jeffreymouth,2024-07-30,4.4
Mendoza PLC,66,Italian,West Chelseyside,2024-08-11,1.6
Lee Group,67,Italian,Estradaville,2024-06-02,1.3
Jenkins Group,68,American,North Katelyn,2024-11-26,1.8
"Kidd, Marshall and Ortiz",69,Italian,Davischester,2024-12-16,4.4
Graham and Sons,70,Japanese,New Cynthiaville,2024-07-01,3.0
Benson-Blevins,71,Italian,South Denise,2024-09-16,3.7
Sutton-Ross,72,Japanese,Eddieshire,2024-05-02,4.8
"Hall, Austin and Hernandez",73,Italian,South Jeantown,2024-12-16,4.3
Erickson Group,74,American,North Adrienne,2024-02-15,2.2
Frye PLC,75,Mexican,Schroedertown,2024-12-01,2.4
"Brown, Walker and Vasquez",76,Mexican,Port Michael,2024-06-06,2.4
"Faulkner, Jimenez and Kennedy",77,Mexican,South Robert,2025-01-06,1.7
Andrade-Perry,78,Chinese,Lake Lisafort,2025-01-06,4.6
"Allen, King and Cook",79,Indian,Kleinshire,2024-08-15,1.7
"Alvarez, Ruiz and Ortega",80,Mexican,Bethfort,2024-03-30,3.4
Benson PLC,81,Indian,New Teresamouth,2025-01-16,3.1
Wallace PLC,82,Indian,Halltown,2024-05-20,2.6
"Robles, Wright and James",83,Mexican,Garciamouth,2024-12-05,1.7
"Fischer, Salazar and Patterson",84,Japanese,North Angela,2024-02-26,3.4
Ingram-Butler,85,Japanese,South Stevenborough,2024-10-20,4.4
Carroll Group,86,Indian,West Richard,2024-05-30,3.1
Wilson-Collins,87,Chinese,East Richard,2025-01-30,3.7
Kennedy Inc,88,Indian,Caldwellville,2024-07-26,2.4
Davidson Ltd,89,Mexican,Piercebury,2024-05-12,1.9
Walker LLC,90,American,Lake Baileymouth,2024-08-23,3.0
Henry-Cole,91,Indian,Brownfort,2024-06-27,4.9
Wilson LLC,92,Italian,Mcdanielstad,2025-01-24,2.3
Nelson PLC,93,American,New Angela,2024-07-22,4.5
"Phillips, Mendoza and Wilkerson",94,Italian,Michaelmouth,2025-01-04,1.3
Vega Group,95,Chinese,Liuview,2024-05-12,1.2
Thompson LLC,96,Japanese,Wilsonbury,2024-12-31,3.9
Moore-Mccarthy,97,American,Brooksville,2024-04-22,3.7
Lewis Inc,98,American,Jenniferstad,2024-03-16,4.5
Martin Inc,99,Italian,Taylorburgh,2024-09-06,3.1
Everett-Ward,100,American,West Jamesland,2024-10-17,4.5
Strong-Duncan,101,American,South Christopherfort,2025-01-10,2.4
"Harris, Henry and Mckinney",102,Mexican,Willietown,2024-03-22,4.3
"Miller, Gomez and Bradley",103,Japanese,Kathrynshire,2024-09-23,2.2
"Taylor, Herring and Lopez",104,Chinese,Harryfort,2024-04-02,2.2
"Nelson, Cox and West",105,American,Sloanfort,2024-08-23,2.0
"Price, Mcdonald and Williams",106,Japanese,Hollowayberg,2024-08-09,3.4
Russell-Anthony,107,Indian,South Toni,2024-06-17,3.4
Mcknight-Blackwell,108,Italian,Nicolechester,2024-04-25,1.2
Wiley Group,109,Indian,New Ericfurt,2024-05-03,4.9
"Smith, Miller and Blankenship",110,Italian,Samuelview,2024-03-28,3.0
Wheeler LLC,111,Chinese,East Kevinfurt,2025-01-19,2.2
Gamble-Sims,112,Italian,Tanyaburgh,2024-02-16,1.8
Harris Ltd,113,American,East Kennethmouth,2024-12-17,2.7
Thompson-Herman,114,Italian,Willisland,2024-05-30,1.2
Reese LLC,115,Indian,Lake Melody,2024-04-06,2.8
Benjamin-Nguyen,116,American,Lake Juliaborough,2024-10-25,4.4
Bell and Sons,117,Chinese,South Aprilmouth,2024-04-10,4.6
Pugh Ltd,118,American,Ramirezville,2024-05-08,1.6
"Green, Glover and Wright",119,Chinese,Travismouth,2024-08-22,1.4
"Gallagher, Patton and Valdez",120,Mexican,Port Andreaside,2024-10-07,3.7
Reynolds LLC,121,Japanese,Port Lori,2024-03-01,1.7
Santiago-Ward,122,Japanese,West Sarah,2024-10-30,2.4
"Jones, Green and Brooks",123,Italian,Port Jenniferbury,2024-02-14,4.2
"Yates, Espinoza and Burnett",124,Italian,West Josephton,2024-10-01,4.8
Robertson PLC,125,Chinese,South Joshua,2024-03-23,4.3
Mcdonald and Sons,126,Indian,Mirandaburgh,2024-10-02,4.4
Howe and Sons,127,Japanese,Port Nathan,2024-04-02,4.0
"Michael, Oliver and Contreras",128,Japanese,Noahton,2024-05-09,4.4
Acevedo-Fernandez,129,Indian,Christopherville,2024-06-26,2.4
Turner-Willis,130,American,South Brittany,2025-02-03,3.2
"Hester, Phillips and Smith",131,Italian,North Makayla,2024-04-11,4.3
Taylor Inc,132,Chinese,Kaylastad,2024-12-02,4.5
Kim and Sons,133,American,Nicholasville,2024-10-12,1.9
Ford LLC,134,Chinese,Jacquelinefurt,2024-09-27,1.6
Hart PLC,135,Indian,West Nicole,2024-04-05,3.4
Glover-Chapman,136,Mexican,Nelsonport,2024-04-18,4.1
Hardy LLC,137,American,New Amy,2024-10-24,3.7
"Travis, Walsh and Johnson",138,Japanese,East Nathanborough,2024-12-29,2.0
Booth Inc,139,American,New Ericport,2024-02-16,1.7
Frank Group,140,Italian,Port Jessicaborough,2024-04-23,2.0
Gill PLC,141,Mexican,Salazartown,2024-09-30,2.8
Bradley-Horton,142,Italian,West Timothy,2024-03-19,4.8
"Cortez, Hernandez and Short",143,Indian,South Jamieshire,2024-08-16,2.1
Reilly-Gardner,144,Indian,Lake Leslie,2024-10-15,1.4
Jarvis Ltd,145,Japanese,Patrickchester,2024-06-08,1.6
"Watson, Meadows and Berry",146,Italian,Elizabethfurt,2024-10-02,1.4
"Benton, Bond and Davis",147,Mexican,East Joseton,2024-09-10,3.2
Henry PLC,148,American,North Michael,2024-11-03,3.8
Brown-Ellis,149,Japanese,South Patriciaport,2024-12-10,4.0
"Rodriguez, Stein and Sandoval",150,Japanese,Lake Phillip,2024-11-18,4.7
Sampson-Cooper,151,Japanese,New Gary,2025-01-17,1.8
Johnson Inc,152,American,Port Adambury,2024-07-26,1.4
Cunningham-Frey,153,Indian,Jacksonshire,2024-03-25,1.7
"Allen, Williams and Hall",154,Indian,East Sabrinaland,2024-05-31,1.4
Hill-Kelley,155,Mexican,New Michaelmouth,2024-06-18,3.0
"Crawford, Green and Johnston",156,Japanese,Port Theresa,2025-01-01,2.2
"York, Patel and Ellis",157,Italian,Robinsonburgh,2024-09-24,3.1
Walsh Ltd,158,Italian,Lake Elizabeth,2024-03-06,3.8
"Daugherty, Ramirez and Bowman",159,Mexican,Port Leonview,2024-08-15,2.2
