review_id,city,cuisine,review_score,review_date
1,Campbellton,Chinese,3.8,2024-04-16
2,Port Michealland,Chinese,4.4,2024-12-13
3,Jessicafurt,Indian,1.2,2024-12-26
4,Maryton,Italian,2.7,2025-01-07
5,Montgomeryberg,Italian,2.6,2025-01-11
6,Shannonchester,Italian,4.5,2024-12-26
7,South Andrewside,American,1.2,2024-02-12
8,South Annette,Japanese,2.7,2024-03-30
9,East Melissa,American,3.9,2024-07-25
10,North Anthonyville,Italian,3.9,2024-07-25
11,Maytown,American,2.8,2024-07-10
12,Lake Dawn,Japanese,3.9,2024-06-16
13,New Donna,Chinese,4.5,2024-07-07
14,Smallhaven,Chinese,4.9,2024-08-16
15,Troyberg,Indian,1.6,2024-05-29
16,Ramirezland,American,4.8,2024-05-17
17,Nancyville,Indian,1.3,2024-12-03
18,Duncanland,Indian,2.3,2024-12-27
19,East Melissaview,Italian,4.5,2024-09-14
20,West Dustinhaven,Italian,4.6,2024-07-08
21,North Justin,Italian,2.0,2024-03-13
22,North Brettfurt,Italian,3.5,2024-02-28
23,New Meganborough,Indian,1.6,2024-09-27
24,Lake Wendyhaven,Chinese,3.6,2024-09-07
25,Garciafort,Indian,1.3,2025-01-05
26,New Thomasbury,Japanese,1.0,2024-08-11
27,South Stacey,Indian,2.7,2024-04-01
28,Millerborough,Japanese,2.1,2024-11-27
29,Lake Zacharyside,American,4.9,2024-02-25
30,North Ricky,Italian,3.5,2024-11-18
31,Port Amy,American,1.4,2024-02-12
32,West Matthew,Japanese,3.1,2024-03-22
33,East David,Mexican,3.7,2024-07-13
34,South Aarontown,Chinese,3.0,2025-01-22
35,North Mitchellchester,American,2.7,2024-02-29
36,West Jasonbury,American,1.7,2024-11-09
37,Port Angelaland,Japanese,3.9,2024-11-09
38,Port Robert,Mexican,3.8,2024-02-22
39,Bellstad,Japanese,4.2,2025-01-13
40,West Ritashire,Indian,1.3,2025-01-14
41,North Kellyville,Chinese,3.4,2024-08-22
42,South Candace,Indian,2.8,2024-08-24
43,West Jameston,Mexican,3.7,2024-04-26
44,Abigailbury,American,2.6,2024-02-24
45,Alexanderbury,Chinese,5.0,2025-01-27
46,North Dennisbury,Indian,4.4,2024-06-26
47,Palmerton,Chinese,1.3,2024-07-22
48,East Laura,Japanese,3.6,2024-08-12
49,Elizabethshire,Italian,1.8,2024-09-19
50,West Ashleyburgh,Indian,4.3,2024-09-21
51,South Laura,Mexican,2.2,2024-10-19
52,West Anthonyburgh,American,3.9,2024-05-20
53,New Michaelfurt,Italian,2.4,2025-02-01
54,Adamville,American,1.5,2024-10-22
55,West Mark,Chinese,2.7,2024-12-29
56,East Carrie,Japanese,4.5,2024-08-27
57,New Frankview,Indian,3.2,2024-04-20
58,Smithland,Chinese,2.6,2024-11-17
59,Thompsonside,Mexican,1.1,2024-12-16
60,Gonzalesborough,Mexican,1.3,2024-02-12
61,Lake Michaelland,American,4.5,2024-04-25
62,West Sarahchester,Indian,2.7,2024-10-06
63,New James,Chinese,1.2,2024-08-13
64,Lake Bradleyport,Chinese,2.7,2024-05-23
65,South Anthony,Mexican,3.2,2025-01-21
66,New Bradley,Italian,5.0,2024-11-24
67,Fisherhaven,Japanese,3.6,2024-09-26
68,Billport,American,4.1,2024-12-28
69,Kimburgh,Mexican,2.7,2024-11-06
70,North John,Italian,2.7,2024-04-30
71,Gonzalezport,Chinese,5.0,2024-10-20
72,Davidport,Japanese,2.7,2024-11-02
73,Henryburgh,Chinese,1.2,2024-09-15
74,Wilsonborough,Mexican,4.8,2024-04-16
75,Whitebury,Japanese,3.3,2024-12-18
76,East Drewland,Italian,1.5,2025-02-06
77,Smallhaven,Japanese,4.4,2024-08-07
78,Port Michaelshire,Indian,1.0,2024-09-09
79,Taylorfurt,Mexican,5.0,2024-05-03
80,Deannaborough,Indian,3.6,2024-06-30
81,Lake Joshuafurt,Chinese,2.2,2025-01-30
82,Port Patrick,Indian,3.6,2024-12-13
83,North Rogershire,Chinese,1.9,2024-05-17
84,South Melanie,Mexican,2.3,2024-11-11
85,Lake Jayfurt,Chinese,3.3,2024-07-11
86,Holmesfurt,Chinese,1.7,2025-01-08
87,Howardhaven,Mexican,4.5,2024-04-08
88,West Danielburgh,Japanese,1.5,2025-01-23
89,Lake Wesleymouth,Japanese,2.9,2024-09-23
90,Frostshire,Japanese,4.5,2024-06-26
91,North Joelmouth,Italian,3.6,2024-12-17
92,Brownmouth,Indian,2.4,2024-04-23
93,South John,American,3.7,2024-12-05
94,Benjaminmouth,Indian,3.6,2024-04-10
95,West Luisborough,Mexican,2.5,2024-04-29
96,West Richardmouth,Italian,4.1,2024-02-22
97,Lake Joseph,Italian,1.6,2024-05-21
98,North Christianview,American,3.9,2024-07-23
99,Birdburgh,Italian,1.2,2025-01-09
100,West Samuel,Japanese,4.8,2024-07-16
101,Michaelville,American,4.3,2024-02-28
102,East Michaelland,Italian,4.7,2024-08-29
103,South Melissahaven,Japanese,4.6,2024-09-12
104,Rodriguezberg,American,1.4,2024-11-16
105,Fowlerview,Japanese,3.6,2024-03-12
106,Thompsonshire,Indian,1.8,2024-03-19
107,Christophertown,Mexican,2.1,2024-05-14
108,Johnview,Italian,4.7,2024-12-26
109,Courtneyhaven,Mexican,3.0,2024-12-23
110,Lake Amyburgh,American,2.8,2024-04-18
111,Brianside,Indian,3.6,2024-09-05
112,North Kristenfort,American,1.9,2025-01-27
113,Colleenchester,Italian,2.0,2024-07-13
114,Port Brenda,Indian,1.2,2024-12-13
115,Lauramouth,Japanese,2.9,2024-06-07
116,West Kaitlinfurt,American,2.8,2024-08-02
117,Port Michael,Italian,4.3,2025-02-10
118,Port Kennethview,Chinese,4.6,2024-09-16
119,Jamiemouth,American,4.3,2024-05-13
120,Lawrencemouth,Mexican,1.4,2024-10-07
121,South Ashley,Chinese,2.1,2024-04-20
122,South Catherine,Chinese,1.1,2024-12-30
123,Jeremiahfurt,Indian,1.6,2024-02-29
