review_id,restaurant_name,city,cuisine,review_score,review_date
1,"Castro, Jones and Oconnor",Jeremyfort,Chinese,1.6,2024-10-24
2,"Meyers, Williams and Adams",New Vanessa,Chinese,4.9,2024-05-16
3,"Martinez, Hart and Berry",New Chelseaberg,Japanese,3.7,2025-01-25
4,Moore-Long,Heatherside,Japanese,4.0,2024-10-02
5,Owens and Sons,Collinstown,Italian,2.2,2024-09-11
6,Cline-Vaughn,Lanechester,Mexican,1.1,2024-09-06
7,Ramirez and Sons,New Curtisport,American,1.7,2024-07-19
8,Bradley-Gonzales,East Teresahaven,Chinese,2.0,2024-05-15
9,"Cooper, Powell and Williams",Tiffanyton,Indian,3.1,2024-02-29
10,Webb and Sons,Cobbbury,American,2.0,2024-09-24
11,"Tyler, King and Shaffer",Petersonside,Italian,4.6,2024-05-04
12,"Smith, Watson and Wilson",Trujilloside,Chinese,4.3,2024-12-14
13,Skinner Group,Phillipsstad,Mexican,1.4,2024-10-17
14,Newton-Harris,Brandonport,Indian,4.7,2024-06-29
15,Vasquez-Benson,Lake Jeffreytown,American,2.1,2024-03-27
16,"Thompson, Joseph and Camacho",Michaeltown,American,2.4,2024-04-20
17,Owen-Stephenson,New Victoriachester,Japanese,1.1,2024-08-03
18,Perez Group,Joshuastad,Japanese,4.4,2024-06-27
19,"Wilson, Hudson and Johnson",Grayshire,American,1.8,2024-05-09
20,Morris-Hansen,Jasonbury,Chinese,2.9,2024-12-02
21,Myers-Lee,West Jonathanstad,American,1.2,2024-10-22
22,Combs-Thomas,Salazarchester,American,4.8,2024-05-11
23,Jordan Group,North Christopherborough,American,1.3,2024-02-27
24,"Porter, Sanchez and Johnson",Johnville,American,3.1,2024-04-21
25,Green-Diaz,Port Amandahaven,Japanese,1.3,2025-01-31
26,Salinas-Mcdaniel,West Robertobury,Japanese,4.3,2024-08-05
27,Newman-Valdez,New Jean,Japanese,1.2,2024-02-21
28,Lambert Group,South Paul,Indian,2.3,2024-11-14
29,"Reed, Schmidt and Martin",West Kaitlyn,Japanese,3.6,2024-03-06
30,Mays Ltd,Ginaton,Japanese,3.9,2024-04-20
31,Thompson and Sons,Port Judy,Indian,3.5,2024-07-29
32,Dominguez-Blair,Williamsonhaven,Mexican,3.2,2024-10-30
33,Larson and Sons,South Sharon,Indian,4.4,2024-03-10
34,Fuentes Group,Jasonport,Chinese,3.4,2024-12-03
35,Chapman-Morris,East Marymouth,Indian,4.1,2024-02-16
36,Fleming-Howard,Brettton,Mexican,2.8,2024-11-12
37,Warren Inc,South Jimmy,Mexican,3.7,2024-08-03
38,Freeman LLC,Spencerstad,Italian,1.3,2024-03-03
39,Quinn PLC,West Jessica,Chinese,2.2,2025-01-02
40,Williams-Kim,Rayville,Indian,4.8,2024-02-12
41,Chambers Group,Olivermouth,Chinese,1.7,2024-04-24
42,Taylor-Tucker,New Johnny,American,1.8,2025-02-05
43,Dyer Inc,Maldonadofurt,Mexican,2.8,2024-06-12
44,Ibarra-Simmons,Davisville,Japanese,4.7,2024-09-19
45,Kennedy-Elliott,Keithbury,Indian,1.5,2024-04-01
46,Gamble-Vega,Alexanderhaven,Chinese,4.6,2024-12-09
47,Huerta Ltd,Port Michael,Italian,1.9,2024-06-12
48,Gross LLC,South Christopher,Italian,3.9,2024-12-30
49,York-Anderson,East Sarahfort,Indian,2.1,2024-04-08
50,Young Ltd,East James,Indian,4.9,2024-12-02
51,Waters LLC,Joshuatown,Chinese,1.0,2024-10-15
52,Edwards-Smith,South Scott,Mexican,4.6,2024-02-25
53,"Walker, Ramos and Freeman",Lake Lauren,American,2.3,2024-09-22
54,Wilkins-Wilcox,New Ashleymouth,Mexican,4.4,2024-04-28
55,Henry-Allen,Port Rachael,Italian,4.0,2024-05-27
56,Scott Group,North Brianton,Indian,1.5,2024-05-13
57,Brewer PLC,West Derrick,American,4.0,2024-02-22
58,Green Ltd,Smithfort,Italian,3.1,2024-08-31
59,Carter-Murphy,Michaelchester,American,1.5,2024-07-15
60,Butler LLC,West Kimberlyside,Mexican,1.8,2024-11-10
61,Mcfarland Group,East Jeremyshire,Japanese,1.1,2024-02-15
62,"Scott, Schultz and Harris",Port Tammyport,Indian,3.1,2024-08-09
63,Robbins-Whitaker,Monicaville,American,2.5,2025-01-06
64,Wilcox LLC,North Tracimouth,Mexican,3.0,2024-03-24
65,Wright LLC,Lake Emily,Mexican,1.1,2024-03-02
66,"Wu, Marshall and Smith",Caseyfort,Chinese,2.2,2024-05-01
67,"Parker, Torres and Spears",Phamstad,Italian,2.7,2024-05-02
68,Johnston-Sims,Jimmyland,Indian,3.1,2025-01-10
69,Taylor-Smith,Port Patrickside,Japanese,4.9,2024-12-24
70,Gonzalez-Branch,Phyllisfurt,Italian,3.6,2024-02-13
71,Brooks LLC,New Nicole,Japanese,4.2,2024-11-29
72,Gibson and Sons,New Tiffany,Mexican,1.9,2024-09-03
73,Poole Ltd,Chavezport,Italian,1.8,2024-04-13
74,Collier LLC,North Jenniferburgh,Chinese,3.3,2024-05-01
75,Montes-Park,North Tylerland,Japanese,2.7,2024-07-19
76,"Johnson, Harris and Mcgee",South Brittany,Italian,2.9,2024-10-31
77,Byrd Inc,Perezmouth,Japanese,1.6,2024-08-03
78,"Wright, Moody and Martin",Port Rogerchester,Mexican,3.8,2024-09-24
79,Ortiz-Daniels,Mariobury,Chinese,3.7,2024-12-04
80,Riggs and Sons,South Emilyfurt,Chinese,2.2,2024-08-02
81,"Davis, Warner and Grant",Jenniferborough,Mexican,4.7,2024-11-12
82,Evans LLC,East Lindsey,Italian,3.7,2024-08-13
83,"Solomon, Le and Montes",North Coryland,Indian,2.0,2024-12-30
84,"Cantrell, Goodman and Garcia",Stuartville,Italian,1.2,2024-11-13
85,Gutierrez Inc,Donnaburgh,Chinese,1.1,2024-05-05
86,Fuller Group,Lake Jillshire,Mexican,2.9,2024-12-06
87,Allen-Harris,Davidmouth,Italian,4.8,2024-04-18
88,"Hartman, Parks and Brown",North Nicoleberg,Japanese,2.2,2024-09-10
89,"Jackson, Fernandez and Gregory",Josephshire,Chinese,1.3,2024-12-19
90,"Newton, Walker and Parker",Lake Brian,American,4.3,2024-08-01
91,Young-Thomas,Katherinetown,Italian,5.0,2024-06-25
92,Rodriguez Ltd,Aliciatown,Indian,4.8,2024-05-20
93,Guerrero-Parker,New Benjaminstad,Chinese,1.2,2024-02-15
94,Mckee Ltd,Port Michaelbury,Japanese,1.5,2024-09-16
95,"Davis, Torres and Jones",Hendersonport,Italian,1.3,2024-12-16
96,Freeman Group,Ronaldport,Mexican,3.1,2024-05-04
97,Carey-Ramirez,West Robertborough,Italian,4.9,2024-10-16
98,"Gray, Soto and Wilkinson",Jamieview,Mexican,4.7,2024-09-09
99,Nunez Group,West Bethany,Chinese,3.7,2024-11-10
100,"Vaughn, Campbell and Carney",Lake Debrastad,Mexican,1.3,2024-06-10
101,Walker-Odom,East Donnachester,American,4.2,2024-03-26
102,"Shields, Walker and Freeman",Lake Brandy,Chinese,4.5,2024-10-12
103,Morris Group,Powellburgh,Italian,2.9,2024-10-14
104,"Warner, Terry and Smith",Port Kimberly,Chinese,3.6,2024-11-25
105,Pope-Moore,Jonmouth,Italian,4.6,2024-08-22
106,"Frank, Hoffman and Conner",Sanchezshire,Japanese,4.4,2024-02-16
107,York Group,South Susan,Mexican,4.2,2024-04-23
108,"Hess, Marks and Mueller",Lake Rogerfort,Mexican,4.9,2024-03-12
109,Allen LLC,Danielton,Indian,1.1,2024-11-26
110,"Patel, Middleton and Mckenzie",Nancystad,Italian,1.3,2024-05-22
111,"Murphy, Brown and Miller",Lake Michael,Mexican,2.0,2025-01-13
112,"Soto, Harris and Johnson",Johnsontown,Italian,3.0,2024-12-11
113,Roberts-Ramirez,New Joshualand,American,2.4,2024-12-27
114,"Williams, Weber and Watkins",Williamsside,Chinese,2.3,2024-07-28
115,"Webb, Crawford and Palmer",Brucefurt,Japanese,3.2,2024-02-24
116,Walker Ltd,East Rebecca,Japanese,2.6,2024-03-29
117,Johnson and Sons,Port Jacobstad,Indian,2.4,2024-09-10
118,Lopez-Rowland,Lake Jamesville,American,4.0,2024-10-01
119,Frye Inc,West Tony,Indian,1.1,2024-08-01
120,"Marshall, Baker and Higgins",Russellview,Chinese,2.8,2024-05-20
121,Martinez Group,Joshuafort,Mexican,2.8,2024-05-22
122,"Ortiz, Fitzgerald and Cortez",Murillomouth,Chinese,3.8,2024-02-19
123,Galvan-Smith,West Jennifershire,Italian,2.3,2024-06-13
124,Schultz-Rodgers,Lawsonberg,Japanese,2.4,2024-11-05
125,Howe and Sons,Adamview,Mexican,1.4,2024-10-27
126,Roman LLC,Amyland,Indian,1.9,2024-07-26
127,Kelley-Rivera,East Scott,Chinese,2.9,2024-07-21
128,Swanson-Wong,Port Monica,Indian,3.9,2025-01-10
129,Hernandez Group,Baldwinchester,Japanese,2.5,2024-10-18
