review_id,restaurant_name,city,cuisine,review_score,review_date
1,"Mendoza, Myers and Johnson",Denniston,Mexican,3.1,2024-06-08
2,Nguyen PLC,Reevesstad,American,2.6,2024-02-28
3,Bradford-Martinez,Howellside,Indian,3.0,2025-01-10
4,"Bell, Ewing and Johnson",Everettchester,Mexican,3.4,2024-04-05
5,"Davis, Watts and Collins",South Jasmine,Italian,1.7,2024-09-28
6,Campos-Mcfarland,Port Scottfort,Italian,3.3,2024-10-23
7,"Curry, Moore and Stone",North Mary,Italian,4.1,2024-05-05
8,Moreno LLC,Port Richard,Chinese,1.4,2024-10-06
9,Bonilla PLC,South Raymondchester,Mexican,3.1,2025-01-15
10,"Hernandez, Cole and Santos",Robinmouth,Mexican,1.5,2024-10-14
11,Soto-Vincent,Brownhaven,Japanese,1.1,2024-06-17
12,Lopez PLC,Lake Cathy,Indian,4.0,2024-05-27
13,Contreras Group,Christensenbury,Mexican,4.4,2024-06-23
14,York PLC,Port Brendaton,Italian,2.9,2024-11-09
15,Macdonald-Brown,New Willie,Mexican,4.0,2024-06-08
16,Bryant Ltd,Port Toddtown,American,2.5,2024-10-25
17,"Crawford, Rice and Everett",Richardfort,Japanese,1.1,2024-03-04
18,"Austin, Garcia and Weaver",Atkinsborough,Mexican,3.7,2024-05-10
19,Swanson-Jensen,Lake Anthony,Mexican,3.8,2024-03-03
20,Lopez-Martinez,North Christina,Chinese,2.0,2024-10-25
21,Kemp Inc,Port Robertburgh,Japanese,1.3,2024-06-11
22,Kennedy-Smith,Port Theresa,Chinese,2.2,2024-09-08
23,"Grant, Barnett and Hill",Grayville,Italian,4.1,2024-06-10
24,"Glover, Duke and Hill",New Kristinside,Mexican,2.2,2024-07-19
25,"Smith, Williams and Brown",Nathanielview,Chinese,2.0,2024-10-10
26,Fischer-Lee,West Lynn,Mexican,1.6,2024-11-20
27,Cantrell Group,New Sandra,Mexican,4.6,2024-12-26
28,"Anderson, Harris and Turner",South Karenshire,Japanese,3.4,2024-09-15
29,Stevens Group,Katiebury,American,3.0,2024-03-23
30,"Foster, Cruz and Miller",Norrisfort,Japanese,4.0,2024-12-18
31,"Johnson, Barber and Gonzalez",West Gabrielstad,Chinese,3.5,2024-05-12
32,Bowen-Hodges,Griffithchester,American,3.1,2024-03-12
33,"Santos, Walker and Wright",Port Scott,Indian,2.5,2024-02-22
34,Joseph-Allen,Kirkborough,Japanese,3.1,2024-12-13
35,"Wolfe, Ray and Davis",Singhborough,Japanese,2.4,2024-08-29
36,Lewis Ltd,Lake Jacobstad,American,3.0,2024-05-06
37,"Williams, Guerra and Young",Maureenbury,Indian,3.6,2024-04-19
38,Moore Inc,Cherylhaven,Chinese,3.5,2024-05-15
39,Ruiz Group,Lawsonberg,Indian,4.6,2024-11-21
40,"Smith, Hoover and Thompson",South Kyleburgh,Japanese,3.1,2024-08-19
41,"Gilmore, Sawyer and Sherman",Ortizhaven,Japanese,4.2,2024-07-11
42,Miller Inc,Port Aaronport,Indian,2.0,2024-12-28
43,"Miller, Johnson and Lawson",East Reginachester,Japanese,1.4,2024-03-17
44,Walker-Horton,Monicamouth,Chinese,2.9,2024-05-04
45,Oneill LLC,East Jaredstad,American,4.3,2024-04-24
46,Rogers Inc,East Saraville,Japanese,4.9,2024-06-20
47,Gallagher Inc,North Traceytown,Italian,3.1,2024-03-31
48,"Hill, Taylor and Guzman",Edwardsbury,Mexican,1.6,2025-01-08
49,"Moore, Wagner and Cortez",Port Peter,Mexican,2.0,2024-02-24
50,Vasquez LLC,Clarkton,Japanese,4.1,2025-02-09
51,Tanner PLC,Gloriashire,Mexican,3.1,2024-06-13
52,"Cook, Garcia and Palmer",West Ebony,Indian,1.4,2025-01-30
53,Farmer-Klein,Stoneport,Indian,3.6,2024-05-05
54,Williams LLC,Carterstad,Japanese,3.0,2024-06-04
55,Young PLC,Peterville,Indian,4.7,2024-04-03
56,Rodriguez PLC,Lake Edward,Japanese,1.3,2025-01-29
57,Watson-Cantrell,New Ronaldport,Indian,3.7,2024-05-13
58,Rice Group,South Nicolasside,Italian,4.9,2024-04-22
59,"Newman, Marshall and Smith",West Kayla,Chinese,3.6,2024-06-10
60,"Hill, Pena and Johnson",Rebeccamouth,American,2.3,2024-12-05
61,Garcia Ltd,Davidside,Chinese,1.8,2024-10-15
62,Bauer and Sons,Port Erika,Mexican,4.1,2024-11-23
63,"Greene, Palmer and Smith",Port Christopher,Japanese,2.4,2025-01-12
64,"Hall, Palmer and Fitzpatrick",Stewartfurt,Chinese,2.3,2024-03-02
65,Farley LLC,Tanyafort,Italian,4.7,2024-09-10
66,Martin-Ashley,South Jenniferton,Chinese,2.3,2024-07-05
67,Lane PLC,Georgeport,Japanese,3.9,2024-06-29
68,Little-Cruz,Denisebury,Italian,3.2,2024-11-17
69,"Obrien, James and Townsend",Jessemouth,Chinese,1.2,2024-08-19
70,Williams-Turner,Thompsonberg,Japanese,4.2,2025-01-31
71,Lewis-Smith,Robinsonland,Indian,4.7,2024-04-20
72,Burnett PLC,Bateshaven,Italian,1.1,2024-04-25
73,Brewer-Alvarez,South Brittanyland,Mexican,4.2,2024-09-04
74,Strong Group,New Gregorystad,American,3.4,2024-08-29
75,"Green, Owens and Rivas",Dennisfurt,American,3.9,2024-02-25
76,"Mcdonald, Miller and Smith",Lake Frederickfort,Indian,4.7,2024-03-24
77,"Reyes, Forbes and Stewart",Morganfort,Italian,1.9,2024-03-01
78,Villanueva-Atkinson,Adkinsberg,Mexican,4.8,2024-08-06
79,"Garza, Peterson and Campbell",North John,Japanese,4.1,2024-12-19
80,Long-Livingston,New Bonnie,Indian,2.2,2024-08-20
81,"Castro, Morales and Parker",North Daniellebury,American,2.9,2024-10-27
82,"Rocha, Rivera and Fuller",Stevenshire,Mexican,2.5,2024-04-10
83,"Newton, Brennan and Kelley",Campbelltown,Japanese,4.4,2024-05-18
84,"Reed, Ross and Curry",Martinezstad,American,1.4,2024-11-01
85,Gibbs Group,Bryanside,Italian,3.1,2024-04-06
86,"Carroll, Marquez and Peters",Davidside,Mexican,1.3,2024-12-02
87,Haas-Haley,New Christopher,Indian,1.8,2024-09-27
88,Jones-Lawrence,Johnsonchester,Japanese,3.3,2024-06-30
89,Hancock-Powell,Everettton,American,4.1,2024-08-09
90,Smith PLC,Pachecoville,Chinese,4.2,2024-04-01
91,Mccoy Ltd,Frankchester,Chinese,1.9,2024-07-20
92,Quinn-Moore,Johnsonfort,Chinese,4.6,2024-07-29
93,Chambers Group,Gilbertstad,Indian,4.7,2024-05-14
94,Hess LLC,Kylefurt,Mexican,1.3,2024-06-21
95,"Clark, Parker and Burgess",Patriciaport,Chinese,4.0,2024-03-10
96,Reese-Smith,Christophertown,Japanese,2.4,2025-02-06
97,Pollard LLC,East Timothystad,American,3.8,2024-09-01
98,"Hunt, Shannon and George",Johnside,Mexican,4.9,2024-06-22
99,Walls Group,Williamton,Japanese,3.9,2024-04-13
100,"Gibbs, Davis and Giles",North Tiffany,Italian,3.9,2024-03-15
101,Lopez Group,Christinemouth,Italian,4.9,2024-04-05
102,Meyer Group,Yvonneport,Mexican,2.4,2024-11-02
103,Lyons-Barnes,South Ashley,Indian,4.7,2024-08-03
104,"Webb, Salinas and Farley",Murphyview,Japanese,4.6,2024-10-07
105,Vargas-Orr,Adamsmouth,Chinese,3.2,2025-01-03
106,Kim-Doyle,Dunnville,American,1.4,2024-10-07
107,"Hurley, Harris and Ray",East Jonathanton,Indian,1.8,2024-10-26
108,"Weaver, Arroyo and Davis",Lake Barbarahaven,Italian,4.3,2025-01-24
109,Moore LLC,North Michelle,Mexican,2.0,2024-02-13
110,"Singleton, Johnson and Cole",Johnsonton,Chinese,1.0,2024-09-27
111,Martinez-Bates,Baileyport,Italian,3.7,2024-08-20
112,Alexander-Graves,West Courtney,Chinese,3.9,2024-08-19
113,"Hogan, Stewart and Hall",North Maryport,Italian,3.7,2024-02-28
114,Gray PLC,West Jenna,Chinese,3.5,2024-04-25
115,Henry-Flores,New Patrickborough,American,3.7,2024-03-23
116,"Barnes, Ayers and Kennedy",Port Elizabethchester,Chinese,1.3,2024-07-30
117,Carson PLC,Jeffreyhaven,American,1.7,2024-03-16
118,"Carter, White and Richards",Lake Saraberg,Mexican,4.2,2024-04-22
119,Phillips-Simmons,Weaverstad,Mexican,3.8,2024-11-11
120,Gonzalez-Gonzalez,Vincentport,Japanese,3.6,2024-06-10
121,Torres LLC,South Kendra,Mexican,1.9,2024-10-24
122,Barnes PLC,West Sandrabury,American,2.9,2024-11-09
123,"Martinez, Brown and Middleton",South Bradley,Indian,3.1,2024-04-23
124,Evans-Martinez,Port Javier,Mexican,2.6,2024-04-17
125,"Valentine, Adams and Macdonald",Wintersland,Italian,1.2,2024-10-15
126,"Mitchell, Johnson and King",East Thomas,Indian,1.5,2024-07-26
127,Brown Inc,East William,Japanese,3.9,2024-12-29
128,"Sullivan, Shepherd and Robinson",Lake Mckenziemouth,Mexican,1.0,2024-03-12
129,Hall-Howell,Lake Shelleyberg,Japanese,3.1,2024-09-18
130,Williams-Stone,Mcintyreshire,Mexican,4.9,2024-08-04
131,"Perry, Bell and Mitchell",Courtneyshire,Italian,3.3,2024-09-06
132,"Ali, Mckinney and Jones",Rodriguezberg,Indian,1.3,2024-11-08
133,Perez-Mills,East Stevenmouth,Mexican,4.3,2024-06-19
134,Suarez-Berry,Port Heather,Mexican,1.3,2024-09-23
135,"Curtis, Delgado and Shaw",Lake Williammouth,Mexican,4.8,2024-02-25
136,"Fischer, Davidson and Phillips",Emilymouth,American,4.6,2024-07-20
137,Jordan-Hanna,Steventon,Indian,1.9,2024-06-26
138,Butler-Mitchell,Petersside,Chinese,4.8,2024-12-25
