review_id,restaurant_name,city,cuisine,review_score,review_date
1,Hampton Group,Sarahbury,Italian,2.8,2024-06-09
2,Avila PLC,North Michaelchester,Indian,3.5,2024-03-08
3,"White, Waters and Arnold",Kingtown,Japanese,2.0,2024-11-27
4,Patterson Group,North Danaberg,Mexican,1.1,2024-07-08
5,Moore PLC,Allentown,Italian,4.3,2024-05-06
6,Moore-Swanson,Port Andrew,Indian,1.4,2024-07-02
7,Barnes and Sons,North Tamara,Mexican,3.4,2024-09-28
8,"Thompson, Edwards and Garza",Middletonbury,American,1.9,2024-10-30
9,Smith LLC,East Kristin,Mexican,3.1,2024-09-24
10,Zavala Group,Woodston,American,4.3,2024-08-21
11,"Maynard, Davis and Delacruz",Laurachester,Indian,2.6,2024-05-22
12,Harris LLC,North Royton,American,1.0,2024-11-05
13,Anderson and Sons,Lake Jason,Chinese,1.9,2024-09-02
14,Weaver Group,South Leonard,American,3.7,2024-12-04
15,Schultz-King,Jessicamouth,Japanese,1.7,2024-12-06
16,Lopez-May,Hayesfort,Italian,1.8,2024-06-24
17,Kelly-Castro,West Richard,Mexican,1.6,2024-02-14
18,"Santos, Bennett and Hall",Lake Victor,Italian,1.4,2024-10-27
19,"Shaffer, Haley and Carroll",South Markshire,Mexican,3.1,2025-01-21
20,"King, Smith and Carlson",East Robertberg,Italian,3.8,2024-12-21
21,Morton PLC,Oliverview,Indian,2.5,2024-04-23
22,"Barron, Davis and Schroeder",North Mark,Mexican,1.1,2024-09-12
23,Hawkins-Martinez,East Peterville,American,3.2,2024-09-02
24,"Church, Gonzalez and Jones",West Gregory,Mexican,2.9,2024-04-12
25,Parker Ltd,Richmondland,Italian,1.5,2024-11-20
26,Reynolds-Dalton,Brianbury,Indian,3.9,2024-08-20
27,Simon Inc,Welchburgh,Indian,3.6,2024-04-22
28,Lawrence and Sons,Christineview,Italian,2.1,2024-04-09
29,Hughes-Gutierrez,Ericview,American,3.8,2024-02-26
30,Cole-Chapman,Hughesberg,Italian,2.6,2024-04-01
31,Price PLC,Lake Paulmouth,Mexican,3.1,2024-12-17
32,Manning-York,West Alejandroview,Italian,1.2,2024-07-27
33,Smith Ltd,Beverlyberg,Japanese,2.8,2024-02-26
34,Kelly Ltd,Erinmouth,Chinese,4.6,2024-06-17
35,"Gould, Owens and Hughes",Wilcoxhaven,Mexican,2.0,2024-12-14
36,Reese-Schwartz,Smithberg,Italian,3.2,2024-12-10
37,"Wood, David and Sanders",South Juanport,Mexican,2.2,2024-03-22
38,"Harrison, Atkins and Porter",New Chris,Mexican,3.1,2024-10-07
39,Munoz-Joseph,West Davidchester,Chinese,2.3,2024-08-19
40,Mclean Ltd,West Charleston,Japanese,4.1,2025-01-30
41,"Evans, Diaz and King",Sanderstown,Chinese,3.0,2024-06-23
42,Miranda Inc,Ashleyton,Chinese,4.2,2024-06-14
43,White and Sons,Castillohaven,Japanese,4.2,2024-03-15
44,Jenkins-Tucker,North Thomas,Italian,4.2,2024-09-05
45,Roberson-Watson,Port Jeanchester,Chinese,4.9,2024-11-24
46,Garza and Sons,Jimenezberg,Chinese,1.7,2024-12-11
47,Smith and Sons,Kimberlyville,Mexican,1.4,2024-10-26
48,Fox PLC,Port Brittany,Indian,2.6,2025-02-05
49,Bean and Sons,Jacquelinefurt,Chinese,4.5,2025-01-17
50,Hughes Ltd,Matthewchester,Japanese,4.3,2025-01-26
51,"Shepherd, Weeks and George",East Tony,Chinese,1.4,2025-01-11
52,Christian Ltd,Lake George,Indian,1.4,2025-02-02
53,Lloyd-Powers,New Brandon,American,1.4,2024-06-17
54,Jackson-Murray,Martinezberg,Indian,3.9,2024-07-22
55,Perez Group,New Ann,American,2.8,2024-07-31
56,Boyle Ltd,Johnsonmouth,Mexican,4.2,2024-09-24
57,"Fernandez, Hernandez and Valencia",Port Michaelhaven,American,4.2,2024-03-25
58,Rivera Ltd,West Patrickview,Mexican,3.1,2024-08-19
59,"Martinez, Thompson and Wallace",Powellburgh,Japanese,2.8,2024-12-01
60,"James, Hall and Hall",Warrenview,Indian,4.8,2024-05-03
61,Hall and Sons,New Lauramouth,Chinese,2.0,2024-02-20
62,"Pena, Hamilton and Huang",East Paul,Italian,2.8,2024-11-19
63,Ruiz-Powell,Chenmouth,American,3.1,2024-04-30
64,"Harper, Chavez and Parker",Robertfort,Chinese,3.1,2025-02-09
65,Smith-Jones,Hillview,Japanese,1.1,2024-03-14
66,"French, Powers and Williams",West Robin,Chinese,1.0,2024-11-09
67,Simpson-Watson,Vanessamouth,Indian,1.4,2024-08-19
68,Hardin Ltd,Lake Aprilshire,Japanese,1.9,2024-12-06
69,"Smith, Anderson and Kelley",Lake Rodneyburgh,Italian,1.6,2024-04-04
70,Garcia-Jackson,Nicolasfurt,Japanese,1.6,2024-06-18
71,Wheeler-Guzman,Smithport,Indian,2.7,2024-06-14
72,"Clark, Wilson and Johnson",East Dawn,Indian,4.0,2024-11-27
73,"Meza, Johnson and Knapp",Johnstad,Indian,2.2,2024-04-12
74,Nelson-Johnson,West Debrafort,Indian,2.3,2024-06-29
75,Allen LLC,Pittmanton,Japanese,1.9,2024-08-28
76,Jimenez Group,New Michael,American,2.6,2024-10-14
77,Crawford Ltd,New Tammy,Japanese,3.2,2024-03-29
78,Blanchard-Hart,New Harryshire,Mexican,2.0,2024-05-25
79,Evans Group,Lake Amy,Chinese,4.3,2024-11-26
80,Dean-Rich,Collinsborough,American,3.5,2024-11-09
81,Mckay Group,Chaneyfort,Italian,3.4,2024-11-30
82,Johnson-Herrera,Danielchester,Indian,1.8,2024-12-05
83,Gordon LLC,New Andrewshire,Chinese,3.8,2024-03-20
84,Hayes-Martinez,Dawnfurt,Japanese,1.7,2024-05-11
85,"Pearson, Shelton and Evans",North Justin,Japanese,2.6,2024-08-01
86,"Fowler, Miller and Avila",South Philip,Mexican,1.3,2024-09-01
87,Koch Inc,South Margaret,Mexican,4.6,2024-12-17
88,Roberts Ltd,Lake Brooke,Italian,2.0,2024-08-06
89,Zuniga Inc,Kathleenborough,Mexican,1.7,2024-10-26
90,White-Taylor,Port Rachel,Indian,3.5,2025-02-04
91,"Kelly, Smith and Lowe",New Joshuachester,Italian,2.4,2024-12-20
92,"Mcdowell, Maxwell and Ross",South Lisa,American,4.8,2024-11-08
93,"Wagner, Davenport and Butler",Evansmouth,Japanese,3.3,2024-05-09
94,Barron-Salazar,Adrianmouth,American,4.4,2024-04-23
95,"Mills, Hunt and Brown",South John,Japanese,1.2,2024-11-27
96,Nelson-Wade,Tammyshire,Chinese,3.2,2024-05-26
97,Fernandez LLC,Lopezland,Italian,2.8,2024-11-30
98,Rodriguez PLC,South Christopher,Mexican,3.6,2024-09-13
99,Woods Inc,Hartland,Mexican,2.9,2024-07-20
100,"Porter, Hodges and Flynn",North Nathan,Mexican,4.1,2024-03-20
101,"Ford, Hunt and Gonzales",Washingtonstad,Indian,1.3,2024-12-03
102,Walker-Hall,Seanstad,Indian,2.9,2024-12-29
103,Cook-Ramirez,Jonathanburgh,Mexican,3.3,2024-11-26
104,Torres-King,East William,Japanese,4.6,2024-06-17
105,"Townsend, Green and Keller",New Mary,Mexican,2.0,2024-10-08
106,Bass and Sons,Austinview,Chinese,1.6,2024-07-08
107,"Bean, Ramirez and Mullins",North Diamond,Chinese,1.2,2024-03-16
108,"Ibarra, Waller and Gomez",Downstown,Japanese,2.5,2024-05-18
109,Cortez-Crawford,Angelamouth,Japanese,1.9,2024-05-17
110,Morrison LLC,Karafurt,Italian,3.0,2024-06-22
111,"Carlson, Duncan and Rivera",Josephbury,Chinese,1.5,2024-05-22
112,Nelson Inc,Port Michael,Indian,4.7,2024-08-24
113,"Barnes, Mason and Delgado",Wilsonland,Indian,3.8,2025-01-09
114,Gibson-Craig,Ronaldshire,Chinese,4.2,2025-02-02
115,Odom-Hart,Flowersfort,Indian,4.3,2024-12-12
116,"Riley, Stafford and Guzman",West Ryanview,Japanese,4.0,2024-12-06
117,Johnson-Smith,East Jacob,Mexican,1.9,2024-02-18
118,Rivers-Todd,Lauraview,Japanese,1.5,2024-06-20
119,"Lucas, Thornton and James",South Steven,American,4.2,2024-07-09
120,"Howard, Johnson and Brown",Stantonbury,Mexican,1.5,2024-06-23
121,"Espinoza, Patterson and Jordan",Lake Johnfort,Italian,1.9,2024-05-14
122,"Brown, Tucker and Jordan",Edwardsstad,Chinese,1.7,2024-05-11
123,Frank-Castillo,Royshire,Indian,2.1,2024-08-23
124,"Brock, Lee and Carlson",South Angelica,Italian,3.4,2024-11-19
125,Roman PLC,Tylershire,American,3.9,2024-04-04
126,Fritz and Sons,North Brittanyberg,Japanese,2.2,2024-05-15
127,"Morris, Myers and Phillips",Lake Paulmouth,Chinese,3.0,2024-08-22
128,Collins-Yang,Gonzalezchester,Indian,4.8,2024-04-11
129,Fernandez LLC,Port Elizabethside,Indian,4.0,2024-12-30
130,Harris PLC,West Courtneyside,Italian,4.8,2024-04-30
131,Crawford-Gonzalez,East Keith,Mexican,3.4,2025-01-11
132,"Thompson, Henderson and Jones",Lake Ryan,Indian,4.9,2024-08-25
133,Cunningham-Schmidt,West Michaelberg,Chinese,2.9,2024-12-15
134,Cantu LLC,Lake Paigeborough,Mexican,4.3,2024-07-19
135,Solomon-Lee,Port Ernest,Mexican,2.3,2024-09-08
136,Turner-Barnes,Lake Kathrynside,Mexican,2.3,2024-09-15
137,Huber LLC,South Stephen,Mexican,1.2,2025-01-28
138,Pham Inc,South Robertville,Chinese,2.8,2024-12-22
139,"Mathis, Mitchell and Byrd",Cherylview,Indian,2.6,2024-05-12
140,Johnson Inc,Lake Douglastown,Italian,1.3,2025-01-31
141,Garcia Ltd,Port Joeview,Italian,2.1,2024-03-08
142,Kidd Group,Allenland,American,2.4,2024-07-20
143,Russell Ltd,New Lori,Japanese,4.1,2025-01-21
144,"Best, Hanson and Singh",New Carol,Italian,4.8,2025-01-02
145,"Smith, Guerra and Joyce",Hoodport,Mexican,2.4,2024-03-28
146,"Cole, Scott and Strong",East Charles,American,1.7,2025-01-30
147,Brown-Taylor,East Nathan,Italian,2.9,2024-02-27
148,"Lowery, Lewis and Ruiz",Lake Lisashire,Italian,4.7,2024-06-02
149,"Small, Sanders and Smith",Andersonfurt,Japanese,3.5,2024-05-22
150,Adkins-Brown,Lake Melissa,Indian,3.0,2024-06-23
151,Nichols PLC,West David,Chinese,3.2,2024-05-25
152,Rodriguez PLC,Janetshire,Mexican,4.4,2024-07-27
153,Wilson Group,Chavezview,Indian,3.9,2025-01-28
154,"Barton, Hunt and Evans",West Davidstad,Indian,4.0,2024-11-21
155,Barker PLC,Lake Ebony,Italian,3.0,2024-07-14
156,"Le, Nash and Glenn",Ginaborough,Chinese,3.5,2025-01-09
157,Richardson Inc,East David,Japanese,1.1,2024-04-24
