review_id,restaurant_name,city,cuisine,review_score,review_date
1,Wade-Foley,East Jacob,Mexican,4.1,2024-12-30
2,"Giles, Clark and Lara",New Benjamin,Indian,1.2,2024-04-20
3,"Clements, Rodriguez and Yoder",North Joseph,American,4.5,2024-03-05
4,"Riley, Foster and Horne",West Williambury,American,1.8,2024-03-11
5,Flynn-Dixon,Lake Davidbury,Italian,4.2,2024-03-03
6,"Graham, Murray and Berger",New Michaelville,Chinese,1.3,2024-06-25
7,Brooks Ltd,East Michaelbury,Indian,1.5,2024-09-25
8,Duke PLC,Brendaview,Italian,3.9,2024-12-29
9,"Juarez, Price and Hardy",Adamton,American,4.2,2024-05-08
10,"Boyd, Ingram and Brown",East Ericfort,Italian,2.7,2024-10-20
11,Mclaughlin-Smith,Lake Tina,Indian,1.2,2025-01-12
12,"Brown, Lewis and Pham",Smithport,Mexican,4.3,2024-03-30
13,Ayala-Robinson,Port Michael,Chinese,5.0,2024-02-13
14,Mccormick Ltd,Lake Benjaminside,Mexican,2.4,2024-07-09
15,Lane Inc,Davidville,American,4.1,2024-08-01
16,"Goodwin, George and White",Lake Jessicaberg,Japanese,3.3,2024-12-24
17,"Wilson, Wells and Riley",Norrismouth,Italian,1.6,2024-06-23
18,"Morris, Weaver and Nelson",South Gerald,Indian,3.9,2024-05-19
19,"Hanna, Rivas and Munoz",Mitchellland,American,2.8,2025-01-16
20,Perez Ltd,Shannonmouth,Indian,4.3,2024-02-20
21,Taylor-Mendez,West Susan,American,3.1,2024-11-21
22,"Evans, Morris and Cooper",Maryport,Japanese,2.9,2024-12-24
23,Mcintosh and Sons,East Kevin,Indian,1.3,2024-07-16
24,"Mathews, Carpenter and Gentry",Thompsontown,Mexican,1.5,2024-02-29
25,Carlson-Lambert,South Matthewshire,Mexican,4.5,2025-01-13
26,"Lin, Greene and Reyes",Angelicafort,Japanese,3.9,2024-07-21
27,Thomas-Beasley,Port David,Chinese,1.1,2024-12-02
28,Conley-Martin,Crystalport,American,5.0,2024-02-24
29,Dorsey LLC,Meganmouth,Mexican,3.5,2024-10-20
30,"Mccormick, Smith and Sanchez",South Richardport,Chinese,3.6,2024-04-24
31,"Wilkerson, Rodriguez and Jones",Port Brandytown,Chinese,5.0,2024-07-24
32,Beard-Brown,Lake Andreaport,Mexican,1.8,2024-12-16
33,Marsh PLC,South Matthewburgh,American,2.2,2025-01-08
34,Harding-Williams,North Daniellefort,Mexican,4.5,2024-05-03
35,"Davis, Morris and Mason",Christopherburgh,Chinese,3.1,2024-12-11
36,Wise-Thornton,Jaredtown,Japanese,2.7,2024-11-06
37,"Summers, Alvarado and Woods",North Sarahbury,American,2.2,2025-02-08
38,Rodriguez-Mcgee,Griffithport,American,2.0,2024-12-23
39,Hendrix and Sons,Jonborough,Indian,3.4,2024-03-04
40,Robbins-Ochoa,East Jasonside,Japanese,1.7,2024-04-24
41,Flores-Spence,Sandraville,Italian,3.8,2024-08-21
42,"Taylor, Pittman and Gonzalez",Steinview,Japanese,3.9,2024-11-18
43,"Flores, Johns and Sanchez",Port Austin,Italian,3.9,2024-09-19
44,"Francis, Hunt and Harris",New Joanne,Mexican,2.0,2025-01-12
45,Ross-Lane,Mendezstad,Chinese,4.9,2024-06-11
46,Lee-Ramirez,Lake Richard,Mexican,3.3,2024-04-15
47,Thornton Ltd,Brandonville,American,4.6,2024-11-08
48,"Ramirez, Arellano and Soto",East Jesse,American,1.5,2024-06-08
49,"Burns, Finley and Evans",Evanshaven,Chinese,4.6,2024-04-23
50,Edwards Ltd,Christiantown,Chinese,2.9,2024-07-22
51,"Hunt, Martinez and Brown",Thomaschester,Indian,2.1,2024-04-28
52,Stanley Ltd,Richardview,Japanese,3.2,2024-12-17
53,Cain-Reynolds,Port Amy,Indian,3.0,2024-05-20
54,Jones Ltd,Jeffreyberg,Mexican,1.4,2024-05-02
55,"Johnson, Smith and Foster",Nicholasberg,Italian,2.3,2024-07-04
56,"Walton, Dean and Chen",Markhaven,Chinese,3.8,2024-12-12
57,Reeves Group,Williambury,American,1.9,2024-04-01
58,Ortega Ltd,East Lindsey,Chinese,2.3,2024-12-04
59,Ramirez-Callahan,North Sarah,Mexican,1.3,2024-03-02
60,"Chan, Young and Murphy",Charleschester,Italian,3.8,2024-04-09
61,"Hall, Matthews and Andrade",West Sandra,Italian,2.2,2024-10-28
62,Foley-Bautista,South Jonathanfort,Indian,3.6,2024-07-26
63,Hancock and Sons,Lesliemouth,Italian,1.7,2024-06-26
64,Krause-Keller,Curtisstad,Italian,2.3,2025-01-06
65,"Jennings, Taylor and Munoz",Port Jason,Mexican,3.4,2024-09-27
66,Patel PLC,South Richard,Indian,2.9,2024-08-13
67,Jefferson PLC,New Chris,Chinese,3.2,2024-06-07
68,Moore PLC,Port Samuelmouth,Mexican,1.7,2024-11-10
69,"Macdonald, Snyder and Hall",Reginafort,Japanese,4.2,2024-06-24
70,Gardner and Sons,South Christopherfort,Indian,4.3,2024-08-08
71,Pope-Morris,Lake Ashleyport,Indian,4.9,2025-01-16
72,Cook Group,West Danieltown,Mexican,1.5,2024-09-28
73,"Nichols, Guerrero and Jackson",Burnsmouth,American,4.4,2024-09-04
74,Cooke-Ball,Smithmouth,Italian,4.5,2024-05-02
75,"Kelly, Johnson and Morales",Donaldmouth,Mexican,3.3,2024-05-22
76,Lewis-Merritt,Josephborough,Japanese,3.1,2024-07-03
77,Lyons-Thornton,North Angelaport,Japanese,4.2,2025-01-25
78,Stone-Schneider,Petershire,American,3.5,2024-07-06
79,Richards LLC,Alexanderville,American,3.0,2024-03-10
80,Wilkinson-Kerr,East Isabella,Mexican,2.5,2024-10-08
81,Cook-Brown,Sonyamouth,Indian,2.0,2024-03-08
82,Bell Group,North William,American,4.8,2024-06-08
83,"Spencer, Richardson and Parrish",East Kevin,Italian,1.9,2024-11-27
84,Wood-Pace,North Susantown,Mexican,4.0,2024-10-16
85,"Gutierrez, Price and Wilson",Sullivanville,Mexican,4.4,2024-05-28
86,Coleman-Hubbard,Reidland,Chinese,4.1,2024-04-30
87,"Bridges, Graves and Davis",New David,Japanese,2.1,2024-09-29
88,"Smith, Barnett and Clark",Averyport,American,2.2,2024-04-14
89,"Walsh, Williams and Dominguez",Serranoside,Italian,2.3,2024-04-06
90,Alvarado PLC,South Julie,Japanese,2.6,2024-10-01
91,"Wiggins, Fuentes and Moore",East Crystal,Chinese,4.6,2025-01-07
92,Payne Ltd,Glennton,Italian,4.7,2024-08-16
93,Watson-Martinez,Jamesville,Indian,5.0,2024-02-20
94,Torres-Pace,Kimberlyborough,Mexican,3.2,2025-01-03
95,"Molina, Ferguson and Evans",Torreston,American,1.6,2024-02-17
96,Davenport-Thomas,South Davidhaven,Japanese,3.0,2024-12-26
97,"Jackson, Jordan and Mueller",Erikafurt,Mexican,2.2,2024-05-25
98,"Howard, Hunter and Jenkins",New Kellyland,Indian,3.3,2024-03-23
99,Rios Group,Joshualand,Indian,2.8,2024-09-18
100,"Brown, Gonzalez and Hunt",North Christina,Mexican,4.0,2024-03-29
101,Steele Group,Port Gabrielleland,Japanese,1.3,2024-06-30
102,"Stewart, Hunter and Higgins",East Julia,Chinese,1.1,2024-06-01
103,Gonzales Inc,Martinmouth,Indian,3.0,2024-10-03
104,"Gilbert, Taylor and Hoffman",Heathershire,Indian,4.9,2024-05-10
105,Jones and Sons,Luisland,Italian,3.9,2024-06-28
106,Clark LLC,South Deborah,American,4.4,2024-06-08
107,Smith LLC,Smithhaven,Japanese,2.1,2024-02-21
108,Hill-Bailey,Christophertown,Italian,3.8,2024-06-30
109,"Walker, Weiss and House",Raystad,Mexican,2.2,2024-11-10
110,"Park, Peters and Mays",East Ronaldfurt,Chinese,1.6,2025-02-05
111,"Rivera, Padilla and Harris",Kimberlyside,Mexican,4.5,2024-11-23
112,Elliott Inc,North Kathleen,Chinese,4.0,2024-11-22
113,Larson and Sons,Phillipsside,Mexican,3.4,2025-01-17
114,Johnson-Gross,Erictown,Italian,2.1,2024-12-01
115,"Dean, Dorsey and Mcgrath",Brittanyland,Mexican,4.7,2024-05-18
116,Brown-Brown,West Elizabethchester,American,2.7,2025-01-13
117,"Green, Herring and Kelley",Tammystad,Japanese,2.4,2024-08-12
118,Martinez-Schultz,Kevinshire,Mexican,2.7,2024-10-28
119,Wiggins-Conley,Cynthiaside,Indian,1.5,2024-09-14
120,"Patel, Clark and Lin",South Jamesstad,American,4.8,2024-05-29
121,Leblanc-Reed,New Ethan,Indian,3.3,2024-08-23
122,"Hernandez, Garcia and Wells",Port Michelle,American,1.0,2024-07-03
123,Jacobs Group,New Valerieberg,Mexican,3.0,2024-04-22
124,Hensley Inc,Sandersshire,Chinese,1.4,2024-09-28
125,Henry Inc,West Danielhaven,Indian,3.5,2024-07-14
126,Huang and Sons,New Christie,American,2.9,2024-07-04
127,Henry-Savage,South Andrew,Chinese,3.7,2024-12-04
128,Lawrence PLC,New Joshua,Chinese,2.7,2024-12-28
129,"Patterson, Cummings and Bond",Rebeccahaven,Japanese,3.9,2024-05-03
130,Patterson LLC,Harrisview,Chinese,1.9,2024-05-23
