review_id,restaurant_name,city,cuisine,review_score,review_date
1,Wallace-Lee,North Ashlee,Chinese,1.7,2024-06-01
2,Espinoza-Cox,Royburgh,Italian,4.1,2024-11-20
3,Martinez Inc,Bishopchester,American,3.3,2024-10-27
4,Smith Ltd,Lake Jonview,Chinese,4.1,2024-05-22
5,"Howard, Garcia and Freeman",East Jamesbury,American,2.4,2024-11-21
6,Briggs Group,Jeffersonfurt,American,4.1,2024-05-22
7,Watts Inc,East Annette,Italian,4.5,2024-04-02
8,Stafford LLC,South Tommy,American,2.6,2025-01-28
9,Holder LLC,North Anna,American,3.8,2024-08-24
10,Henry and Sons,North Jennifer,Japanese,2.2,2024-11-12
11,Lewis Group,Lake Joshua,Indian,1.8,2024-12-30
12,Harris Group,South Richard,Japanese,5.0,2024-10-09
13,"Baker, Knight and English",Lanefort,Japanese,2.7,2024-05-02
14,Carson LLC,Gordonbury,Italian,1.5,2024-08-23
15,"Miller, Williams and Rojas",Leblancchester,Chinese,2.7,2025-01-26
16,Martinez LLC,Lake Allison,Indian,1.2,2024-04-04
17,"Kim, Griffin and Jones",East Frankshire,Italian,4.4,2024-08-31
18,"Burns, Stewart and Williams",Brittanyfort,American,3.6,2024-03-31
19,"Nguyen, Smith and Walton",Fowlerhaven,Chinese,3.3,2024-11-18
20,Wagner PLC,East Amy,Mexican,4.3,2024-07-20
21,"Pratt, Gibbs and Velazquez",Gonzalesfort,American,4.7,2024-10-06
22,"Cook, Rodriguez and Fowler",Robertfort,Japanese,1.5,2024-10-21
23,"Hawkins, Reilly and Fleming",New Donnaburgh,Japanese,2.5,2024-09-17
24,Golden LLC,Harrisonport,Mexican,1.3,2024-08-04
25,Smith-Hogan,North Kimberly,Chinese,3.7,2024-12-06
26,Rivera-Olson,Angelahaven,American,1.4,2024-03-07
27,"Yang, Stephenson and Parker",Jennifershire,Indian,1.4,2024-12-08
28,"Smith, Carpenter and Jackson",Port Rachelton,Italian,1.3,2024-10-16
29,"Morris, Simpson and Gonzales",East Monicaville,American,4.7,2024-12-20
30,Murphy LLC,South Leslie,Mexican,2.8,2025-01-02
31,Boone-Black,Jonathanside,Indian,4.4,2024-03-20
32,Hutchinson PLC,Lopezstad,Italian,4.7,2025-01-13
33,Howe-Hunter,Tammyhaven,Mexican,4.3,2024-04-12
34,"Morton, Davis and Perkins",Russellchester,Italian,4.3,2024-02-16
35,"Williams, Wagner and Miller",New Aliceton,Mexican,2.5,2024-11-04
36,Edwards LLC,Kylemouth,Italian,1.9,2024-06-28
37,Ewing Ltd,Snyderburgh,Mexican,1.2,2024-03-12
38,Clark-Jones,Thomasland,Japanese,4.0,2024-10-20
39,Black Ltd,Moodyport,Mexican,3.8,2024-10-05
40,"Buchanan, Hobbs and Powell",East Nicholas,Mexican,4.9,2024-08-19
41,Christensen LLC,Kristenview,American,3.7,2024-06-08
42,"Hill, Ford and White",Dorseyville,Indian,4.1,2024-08-12
43,Barnes and Sons,New Loriton,Italian,1.4,2024-05-30
44,Shah-Mcfarland,West Debbie,Mexican,3.1,2025-01-11
45,Martin and Sons,Jacksonfort,Italian,3.9,2024-07-23
46,"Chavez, Serrano and Dawson",Lake Todd,Mexican,4.7,2024-07-09
47,Wilson LLC,Craigland,Indian,3.7,2024-11-02
48,Mason PLC,Kendrafurt,American,3.8,2024-06-30
49,Pearson Inc,Silvastad,Japanese,4.5,2024-08-31
50,Johnson LLC,Samanthaborough,Italian,3.1,2024-11-12
51,Melendez Inc,Claystad,Italian,4.4,2024-02-20
52,Schmidt-Williams,Lake Josephview,Japanese,3.6,2024-06-08
53,"Williams, Smith and Allen",Lake Mary,Italian,1.7,2024-08-13
54,Miller Inc,Lowemouth,American,4.6,2024-05-02
55,Murphy-Gordon,Port Jasonfort,Japanese,4.0,2024-04-18
56,Hicks-Padilla,Lake Jillianfurt,American,3.4,2024-12-10
57,"Hudson, Lynch and Jacobson",North Marissa,Chinese,4.3,2024-04-12
58,"Garcia, Hughes and Jimenez",Port Carriefurt,American,4.9,2024-07-12
59,Myers-White,North Alejandro,Chinese,4.1,2024-10-01
60,"Cortez, Thompson and Salazar",Samanthamouth,Mexican,3.2,2024-08-07
61,Campbell Group,Brendaview,Chinese,2.3,2024-06-18
62,Rivera-Taylor,West Brandonhaven,Chinese,2.8,2025-01-23
63,Jordan Inc,Joseview,Mexican,3.1,2024-10-27
64,"Briggs, Jones and Rollins",South Vernon,Japanese,2.8,2024-09-12
65,Sosa-Gilmore,Smithberg,Japanese,2.2,2024-10-30
66,"Foster, Russo and Simpson",East Stephanieberg,Chinese,4.0,2024-06-20
67,White Ltd,Port Sarah,Indian,3.5,2025-01-16
68,Thompson PLC,West Meganmouth,Chinese,2.8,2024-04-04
69,Erickson-Vaughn,Fosterborough,Indian,2.3,2024-03-10
70,Smith-Mathis,West Adam,Italian,3.0,2024-07-04
71,Jackson-Armstrong,Danielfurt,Indian,1.8,2024-05-13
72,Fowler-Patel,New Jamesmouth,American,3.0,2024-12-10
73,Johnson and Sons,Lake Beth,Italian,3.0,2024-07-09
74,Pacheco-Johnson,Port Kristen,Indian,3.7,2024-06-26
75,"Williams, Miller and Hernandez",Matthewton,Indian,1.8,2024-02-15
76,Sweeney-Castillo,Christinemouth,Italian,2.2,2024-05-24
77,"Summers, Robertson and Fisher",Warrenchester,Italian,4.7,2024-09-07
78,"George, Kim and Rice",Gonzalestown,Mexican,3.3,2024-09-29
79,"Larson, Murray and Coleman",North Nicoleview,American,2.6,2024-06-27
80,Garner-Rodgers,Elizabethton,American,3.6,2024-03-01
81,Roth PLC,South Jessica,Chinese,2.9,2024-10-30
82,Stone Ltd,Ellenbury,Mexican,4.4,2024-04-17
83,Cooper Inc,West Mark,Mexican,4.3,2024-05-31
84,Hill Inc,North Ashley,Mexican,5.0,2025-01-04
85,"Wilson, Brewer and Garrett",Haneyport,Indian,4.4,2025-01-20
86,Zuniga LLC,Luisport,Chinese,1.8,2024-09-11
87,"Henry, Gutierrez and Campbell",East Raymond,Japanese,2.0,2024-08-11
88,Hall-Proctor,Lisabury,Italian,2.1,2024-07-27
89,Walker LLC,Brownside,Indian,2.4,2024-09-07
90,"White, Lane and Davis",North Sheila,Japanese,3.1,2024-12-19
91,Pearson and Sons,Lake Marktown,Chinese,2.4,2025-01-03
92,Sanchez PLC,Ericborough,Japanese,1.8,2024-12-06
93,Anderson-Nguyen,West Matthew,American,3.2,2024-07-10
94,"Gray, Rivas and Stein",Samuelfort,Italian,2.2,2024-06-08
95,Roberts Group,Michelestad,Italian,2.3,2024-12-21
96,"Floyd, Simmons and Mathis",South Michelleland,American,2.2,2024-11-08
97,"Howard, Lawrence and Castro",Sullivanbury,Japanese,3.5,2024-06-13
98,Browning-Morgan,Port Monicaburgh,Italian,1.3,2025-02-08
99,"Cole, Jackson and Holloway",Longburgh,Japanese,2.9,2024-10-27
100,Keller and Sons,Lake Melinda,Chinese,1.8,2024-12-30
101,Simpson Ltd,Josephton,Mexican,4.2,2024-10-17
102,Mack LLC,South Shawn,Chinese,4.9,2024-06-29
103,"Graves, Stephenson and Jenkins",Lake Joel,Chinese,4.2,2024-04-17
104,Matthews-Mccann,West Danielmouth,Chinese,1.2,2024-04-04
105,"Delgado, Turner and Moore",South Hannahburgh,Japanese,4.5,2024-09-15
106,"Ford, Huang and Gonzalez",Benjaminton,American,3.5,2024-03-02
107,Thompson Inc,Millerborough,Italian,1.8,2025-02-03
108,Garza-Tucker,Jamesburgh,Mexican,1.6,2024-12-24
109,"Fitzpatrick, Benson and Mathews",North Jessica,Indian,2.0,2024-12-01
110,"Hall, Hughes and May",Lunaberg,Indian,1.0,2024-02-21
111,"Santos, Wallace and Richards",Sarahmouth,Indian,2.2,2024-03-20
112,Dawson-Jackson,Deannaland,Chinese,4.6,2024-06-03
113,Webster-Maxwell,New Stephanieside,Italian,1.6,2024-10-26
114,Mcdonald Inc,Erinburgh,Mexican,1.0,2024-07-08
115,"Brown, Sharp and Nguyen",East Stacey,Chinese,1.2,2024-11-22
116,"Anderson, Rodriguez and Hayes",Amberton,Chinese,1.1,2024-06-14
117,"Crawford, Fleming and Boyd",Port Gabrielmouth,American,2.2,2024-11-18
118,Evans Inc,Wilsonville,Indian,4.4,2024-11-02
119,Evans-Green,Garyborough,Chinese,1.6,2024-11-07
120,Garcia PLC,North Natalie,Italian,5.0,2024-06-24
121,Powell-Willis,Williamborough,Mexican,2.2,2024-02-21
122,Hodge PLC,East Joseshire,American,3.7,2025-01-23
123,"Jones, Higgins and Bolton",Brownland,American,3.1,2024-11-25
124,"Mckinney, Medina and Gutierrez",North Kevinstad,Indian,3.9,2024-08-03
125,"Wilson, Morrow and Schneider",New Andrewborough,American,3.4,2025-01-11
126,Williamson-Palmer,West Danaside,Italian,4.9,2024-12-11
127,"Edwards, Johnson and Wolf",Boydton,Indian,2.0,2024-04-17
128,"Jackson, Gonzales and Hardy",North John,Japanese,4.9,2025-01-05
129,"Jackson, Stevenson and Watson",Joannport,Japanese,1.9,2024-10-05
130,Foster Ltd,Jacobshire,Chinese,1.2,2024-03-12
131,Soto-Bennett,Danahaven,Mexican,2.9,2024-09-18
132,"Hopkins, Torres and Silva",Port Barbaraburgh,Mexican,1.9,2024-12-06
133,Scott and Sons,East Ericaton,Chinese,1.2,2024-09-20
134,Lee-Banks,Martinland,Japanese,3.0,2024-05-20
135,Logan-Brown,Howardbury,American,4.0,2024-04-29
136,Hensley-Montgomery,Lozanofort,Japanese,3.7,2024-04-20
137,Bennett PLC,Rebekahland,Chinese,1.0,2024-06-13
138,Ward Ltd,East Karenburgh,Mexican,4.2,2024-06-27
139,Buck-Rogers,Jeffreyfurt,American,4.0,2025-02-09
140,Ayala-Harrison,Peterstown,Indian,3.4,2024-12-17
141,"Rowland, Hunt and Lyons",West Karen,Indian,1.6,2024-04-19
142,Williams Inc,New Julia,Chinese,4.2,2024-07-07
143,Acevedo-Green,Port Shawnaport,Japanese,3.1,2024-11-24
144,Gray-Ferrell,Tinaburgh,Chinese,1.4,2024-06-02
145,Thomas PLC,South Crystalport,Chinese,4.3,2024-12-13
146,"Anderson, Soto and Mccann",Taylorstad,American,4.5,2025-01-18
147,"David, Pratt and Scott",Moorehaven,Chinese,2.0,2024-12-15
