review_id,restaurant_name,city,cuisine,review_score,review_date
1,Johnson-Montgomery,West Laurenmouth,American,2.1,2024-04-10
2,Smith-Wagner,Khanmouth,Indian,2.4,2025-01-25
3,Rodriguez Group,West Matthewborough,Mexican,3.3,2024-11-30
4,Brown-Howell,Hallport,American,2.1,2024-06-20
5,Perry-Carr,New Laura,Japanese,3.1,2024-09-26
6,"Wilson, King and Ferrell",Mcintyreville,Italian,4.1,2024-09-19
7,Young Inc,Lake Jessicaberg,Chinese,2.0,2024-11-22
8,Hancock-Young,Kevinton,Indian,1.0,2024-10-01
9,"Green, Carpenter and Cole",West Kara,Chinese,3.8,2024-10-19
10,"Graham, Sanchez and Collins",Tonyaton,Mexican,2.8,2024-08-30
11,"Shaffer, Rios and Williams",New Joshuaborough,Italian,3.0,2024-04-28
12,"Davis, Oconnor and Ramos",North Graceberg,Chinese,4.0,2024-12-31
13,Delgado-Wagner,Nicoleborough,Indian,3.8,2024-02-22
14,Wright-Edwards,Matthewton,Italian,1.3,2025-01-03
15,"Berg, Peterson and Newton",Robertbury,Mexican,4.7,2024-08-27
16,Adams and Sons,Garrettchester,American,4.2,2025-02-07
17,"Cortez, Erickson and Guzman",Lake Lauraville,Mexican,2.7,2024-12-31
18,"Freeman, Bowers and Leonard",New Thomas,Italian,4.7,2024-04-27
19,"Jarvis, Davis and Hernandez",South Rhonda,Japanese,3.9,2024-09-12
20,Woods Group,North Gregory,Chinese,3.1,2024-03-20
21,Richards-Knapp,Port Rebeccabury,Japanese,3.1,2024-05-29
22,Curtis LLC,Riversport,Mexican,4.1,2024-07-05
23,Brown-Adams,New Alexandraside,Italian,2.6,2024-04-14
24,"Maldonado, Brown and Jones",Paulfurt,Mexican,5.0,2024-03-18
25,Marshall-White,Smithside,Mexican,3.1,2024-05-28
26,"Ramos, Cline and Vasquez",Port Teresafort,Indian,3.9,2024-12-11
27,"Harris, Monroe and Moore",Hendrickschester,Italian,1.9,2024-10-28
28,"Sanchez, Choi and Rodgers",Lake Antonio,Mexican,1.4,2024-05-10
29,Cross Ltd,East Jeffrey,Chinese,2.4,2024-03-13
30,Powell-Thomas,West Ryan,Italian,2.6,2024-04-01
31,Salazar-Miller,Margaretville,Mexican,3.4,2024-04-15
32,Webb PLC,Conleystad,Japanese,2.0,2024-06-17
33,Walker Group,Phillipsborough,Chinese,1.8,2024-07-14
34,"Thornton, White and Osborne",South Crystal,Italian,3.8,2024-06-08
35,Floyd Ltd,Port Juliaside,Japanese,1.7,2024-07-13
36,Carey-Armstrong,Harristown,Japanese,2.3,2025-02-08
37,Castaneda-Chambers,West Aliceville,Italian,4.2,2024-05-04
38,Baker PLC,West Samanthashire,Chinese,3.2,2024-02-28
39,Johnson and Sons,West Karen,Mexican,3.3,2024-06-29
40,Leonard and Sons,Port Josephstad,Indian,2.1,2024-06-19
41,"Brooks, Holmes and Palmer",Josephside,American,4.5,2024-05-24
42,Moore LLC,East Garyfurt,Indian,1.8,2024-12-21
43,Nichols-Deleon,South Christophershire,Japanese,3.4,2024-08-26
44,Cantu Group,East Dustinmouth,American,1.9,2024-03-10
45,Bell-Olsen,North Jessica,Italian,4.2,2024-05-25
46,Butler-Johnson,Jenniferhaven,Mexican,3.4,2024-12-31
47,Perez-Armstrong,Johnshire,Chinese,2.3,2024-07-10
48,"Carter, Clark and Brooks",West Thomas,American,4.3,2024-07-09
49,"Olsen, Barry and Moore",Christopherstad,American,1.5,2024-07-21
50,Simon-Waters,North Christopherside,Indian,3.5,2025-01-29
51,Walker-Campbell,Port Samuelland,Japanese,2.2,2024-03-06
52,"Rios, Martinez and Miller",Staffordport,Mexican,3.6,2024-06-06
53,Henderson Ltd,South Laurenfurt,American,2.7,2024-11-06
54,"Jordan, Murray and Valdez",Marthaton,Chinese,4.6,2024-11-01
55,"Wright, Sanchez and Nelson",Wheelermouth,Indian,1.3,2024-05-10
56,Tran Group,Jessicaborough,Italian,3.0,2024-08-09
57,Fernandez-Davidson,Robertmouth,Indian,2.2,2024-07-05
58,Bauer and Sons,Port James,Chinese,2.2,2024-10-09
59,King-Johnson,Strongstad,Indian,3.9,2024-11-24
60,Carroll Ltd,East Whitneyport,Japanese,2.5,2025-01-15
61,Kim-Rodriguez,Abbottfort,Italian,2.6,2024-05-14
62,Joseph-Weaver,Lake Adammouth,Italian,4.3,2024-08-20
63,Barnett PLC,Port Bryan,Italian,3.5,2024-11-22
64,"Jackson, Pennington and King",Brandonstad,Indian,3.5,2024-06-11
65,Smith-Knapp,East Tarachester,Chinese,2.0,2024-09-16
66,"Mcdaniel, Gibbs and Jones",West Robert,Japanese,3.9,2024-07-19
67,"Dawson, Lucas and Adkins",Comptonfort,Japanese,5.0,2024-05-02
68,Sanford-Burton,New David,Mexican,2.6,2024-12-13
69,Smith-Ramos,Jessicaton,American,4.1,2024-12-19
70,Williams LLC,Port Jeffreyview,Mexican,4.7,2025-01-13
71,Lambert-Williams,Rodriguezchester,Indian,1.8,2024-04-08
72,Fisher-Williams,Piercemouth,Japanese,3.9,2024-09-04
73,"Hobbs, Nguyen and Taylor",Thomaston,Mexican,3.8,2024-02-18
74,Rivera LLC,Andrewchester,Mexican,2.0,2024-08-25
75,"Greene, Wong and Wilson",New Adambury,Indian,1.9,2024-08-19
76,"Diaz, Miller and Perry",Thompsonborough,Mexican,4.9,2024-04-08
77,Thornton and Sons,Richardfurt,Indian,3.6,2024-10-22
78,Allen-Nguyen,Singhport,American,1.6,2025-01-05
79,Lee LLC,East Travis,American,1.3,2024-05-14
80,Martinez PLC,Port Katiemouth,Japanese,4.4,2024-10-28
81,Leonard Inc,Tammyshire,Indian,4.6,2024-12-18
82,Gray PLC,North Maryview,American,4.7,2025-01-01
83,Tran and Sons,West Rogerfurt,Japanese,4.3,2024-07-23
84,Coleman-Martinez,New Tracy,Mexican,2.0,2024-06-30
85,Bender-Mccarty,Cynthiaville,Chinese,4.5,2024-08-28
86,Torres-Mason,Port Rodney,Mexican,1.9,2024-06-21
87,Boyd PLC,Sherrifort,American,4.0,2025-02-01
88,"Salas, Bond and Cole",Hermanhaven,Mexican,4.0,2024-02-15
89,"Johnson, Cruz and Little",Port Heather,Chinese,3.5,2024-12-24
90,Maldonado PLC,North Charles,Japanese,1.2,2024-10-25
91,Alexander-Gonzalez,East Paige,Japanese,1.3,2024-08-29
92,Moreno Inc,Hobbsville,American,3.4,2024-02-19
93,"Moore, Matthews and Williams",Spearsstad,Italian,3.8,2024-03-14
94,Marshall Inc,West Lisa,Indian,4.7,2024-09-11
95,Mccoy-Wilkins,South Valerieberg,Indian,3.7,2024-05-09
96,Duran Group,Allenfort,Indian,3.0,2024-04-28
97,"Mathews, Rowe and Green",Emilychester,Japanese,1.7,2024-05-07
98,Walker-Hill,Jamesview,Chinese,3.6,2024-04-14
99,Serrano-Mccoy,Lake Summerstad,Italian,4.4,2024-12-23
100,"Figueroa, Wright and Martin",Amandaberg,Chinese,2.2,2025-01-23
101,Thompson Group,South Brandon,Mexican,3.7,2024-07-22
102,Johnston-Santana,East Michele,American,2.7,2024-11-26
103,"Carter, Carson and Johnson",Rodriguezstad,American,1.7,2024-02-19
104,"Edwards, Atkins and Park",Emilyfurt,American,4.2,2024-05-08
105,"Stuart, Edwards and Shaffer",Port Cindyfurt,Chinese,2.3,2024-10-12
106,Rivera Group,North Bettymouth,American,1.8,2024-07-28
107,Harrison PLC,Kathrynbury,Italian,2.1,2024-10-22
108,"Arnold, Hoffman and Martin",Smithstad,American,4.3,2025-02-11
109,Ford Inc,Jaimebury,Chinese,2.0,2025-02-03
110,"Wells, Snow and Roberson",Johnsonfort,Japanese,3.5,2024-11-23
111,"Hughes, Mckinney and Becker",East Jonathan,Chinese,3.7,2024-04-27
112,Mason PLC,Port Tonyland,Italian,3.1,2024-09-17
113,White Group,Gordonberg,Italian,3.9,2024-03-29
114,Clark-Coleman,East Robin,American,1.2,2024-10-02
115,Baker Group,New Micheleland,American,2.8,2024-06-14
116,"Mcdonald, Fields and Harding",Parrishchester,American,1.4,2024-09-30
117,"Jacobs, Aguilar and Tran",Phillipsside,American,2.5,2024-06-03
118,Cherry Inc,Sandovalport,American,2.0,2025-02-01
119,Rodgers Group,Howellburgh,Italian,3.4,2024-06-13
120,"Curry, Bowman and Williams",Lake Madeline,Chinese,4.1,2024-06-11
121,Green-Johnson,Port Ronaldmouth,Mexican,4.7,2024-07-08
122,Johnson-Gross,South Sarah,Italian,4.1,2024-10-10
123,"Anderson, Ortiz and Combs",Mercedesfort,Italian,3.1,2024-04-23
124,Bennett-Graves,Lake Karen,Mexican,3.5,2024-11-06
125,"Horn, Middleton and Phillips",North Kim,Indian,3.7,2024-04-11
126,"Jones, Mcpherson and Turner",Toddland,Indian,3.5,2024-11-03
127,"Pruitt, Murray and Myers",Chaseview,American,2.6,2024-03-06
128,Wilson-Salazar,Cynthiastad,American,2.2,2025-01-14
129,Andrade-Mcgee,Mcdanielville,Mexican,4.6,2024-10-11
130,Cruz-Yang,East Jeff,American,3.9,2024-08-29
131,"Castillo, Walker and Martinez",Fletchermouth,Chinese,4.6,2024-06-16
132,"Ruiz, Miller and Griffin",West Michaeltown,Chinese,1.9,2024-02-28
133,Hendrix PLC,Tonyside,American,1.5,2024-05-05
134,"Bass, Coleman and Webb",South Patricia,Chinese,1.9,2025-02-06
135,Clarke Ltd,North Michael,Japanese,3.5,2025-02-06
136,Klein and Sons,New Ashleyburgh,Italian,1.2,2024-11-15
137,Smith and Sons,Joton,Japanese,4.2,2024-10-20
138,"Sutton, Lloyd and Benson",Andrewview,Japanese,1.3,2024-05-27
139,Dennis-Daniels,New Jose,Japanese,4.9,2024-07-02
140,Wood LLC,West Samanthastad,Italian,2.3,2024-02-16
141,Flores-Nguyen,Harrischester,Indian,4.0,2025-01-15
142,"Walker, Johnson and Coleman",South Linda,Indian,3.9,2024-11-28
143,Green-Gallagher,North William,Indian,1.6,2024-05-17
144,Weiss Group,Lambchester,American,2.9,2024-11-03
145,"Houston, Roach and Joyce",Cuevashaven,Mexican,4.2,2024-02-29
146,"Turner, Herring and Foley",Michaeltown,Indian,3.8,2024-07-28
147,"Ruiz, Stewart and Martin",New Crystalmouth,Chinese,1.6,2024-02-28
148,"Andrews, Johnston and Coleman",North Kim,Indian,4.2,2024-04-25
149,Lewis LLC,New Kendra,Chinese,1.0,2024-12-24
150,"Bates, Perkins and Parsons",West Billville,Japanese,2.2,2024-07-15
151,Jones-Stephens,Armstrongborough,Indian,3.8,2025-01-25
