Item Id,item_name,category,quantity,price,restock_date
1,Already Early,Toys,43,14.31,2025-02-11
2,Item There,Toys,67,452.11,2025-02-11
3,Item Pressure,Grocery,26,164.4,2025-02-11
4,Detail Usually,Electronics,171,481.53,2025-02-11
5,Message Travel,Home,140,50.09,2025-02-11
6,Well Light,Home,100,145.33,2025-02-11
7,Husband Line,Clothing,70,212.5,2025-02-11
8,Watch Page,Home,14,324.02,2025-02-11
9,According Wear,Home,179,358.1,2025-02-11
10,Community Consumer,Home,148,236.01,2025-02-11
11,Edge Thank,Clothing,160,38.68,2025-02-11
12,North Culture,Electronics,67,93.01,2025-02-11
13,Amount Me,Grocery,95,450.82,2025-02-11
14,Able Natural,Grocery,176,101.15,2025-02-11
15,Be Score,Grocery,132,7.16,2025-02-11
16,Probably End,Grocery,77,331.5,2025-02-11
17,Recently Help,Sports,57,124.32,2025-02-11
18,Seven Hospital,Grocery,15,326.05,2025-02-11
19,One Strong,Home,143,421.03,2025-02-11
20,Reality Without,Home,134,208.78,2025-02-11
21,Executive Rich,Home,41,177.68,2025-02-11
22,Even Information,Electronics,93,295.91,2025-02-11
23,Particularly Amount,Sports,102,497.03,2025-02-11
24,Wide Mr,Electronics,9,473.15,2025-02-11
25,Project Job,Toys,66,345.53,2025-02-11
26,Determine Gas,Clothing,165,268.96,2025-02-11
27,Left Magazine,Home,36,272.91,2025-02-11
28,Include There,Sports,169,224.14,2025-02-11
29,Within While,Home,163,353.89,2025-02-11
30,With Add,Electronics,184,378.77,2025-02-11
31,Many Head,Home,121,254.8,2025-02-11
32,If Response,Electronics,67,45.63,2025-02-11
33,Away Campaign,Home,150,304.62,2025-02-11
34,Do I,Toys,133,303.53,2025-02-11
35,Indicate Than,Sports,139,341.99,2025-02-11
36,Him Enough,Toys,145,267.22,2025-02-11
37,Whether Fast,Sports,187,458.01,2025-02-11
38,Daughter Attorney,Electronics,200,210.78,2025-02-11
39,Attention Our,Home,78,102.18,2025-02-11
40,Despite Less,Home,12,258.21,2025-02-11
41,Authority Other,Clothing,155,137.27,2025-02-11
42,Resource Become,Home,38,476.26,2025-02-11
43,Region Theory,Grocery,3,61.23,2025-02-11
44,Produce Two,Toys,68,205.09,2025-02-11
45,Card Each,Toys,99,477.71,2025-02-11
46,Already Life,Home,68,360.67,2025-02-11
47,Catch Democratic,Grocery,186,17.31,2025-02-11
48,Fall Part,Grocery,116,246.53,2025-02-11
49,Exactly Analysis,Toys,188,157.51,2025-02-11
50,Answer Not,Toys,80,412.93,2025-02-11
51,Seek Always,Toys,182,11.49,2025-02-11
52,Road Conference,Sports,36,430.09,2025-02-11
53,Dinner Compare,Electronics,157,10.88,2025-02-11
54,Customer Sometimes,Electronics,116,213.2,2025-02-11
55,Full Miss,Home,136,496.59,2025-02-11
56,Range My,Sports,134,296.43,2025-02-11
57,Ever Dinner,Toys,132,333.16,2025-02-11
58,View Measure,Grocery,167,26.49,2025-02-11
59,Program Sign,Sports,62,365.96,2025-02-11
60,Officer Field,Clothing,176,287.49,2025-02-11
61,Go Bar,Grocery,81,23.51,2025-02-11
62,Understand Require,Sports,87,272.67,2025-02-11
63,From Care,Toys,136,194.47,2025-02-11
64,Pattern Glass,Grocery,103,463.39,2025-02-11
65,Late Art,Grocery,181,51.05,2025-02-11
66,Campaign Skin,Home,175,436.13,2025-02-11
67,Behind South,Clothing,136,451.9,2025-02-11
68,Skill Attack,Electronics,7,376.75,2025-02-11
69,Current Rate,Toys,116,476.61,2025-02-11
70,Act Technology,Clothing,84,231.92,2025-02-11
71,Card Clear,Grocery,102,3.16,2025-02-11
72,Big Anything,Home,116,110.75,2025-02-11
73,Discuss Response,Home,183,347.27,2025-02-11
74,Well Shake,Sports,70,28.48,2025-02-11
75,Approach Finally,Toys,195,193.98,2025-02-11
76,Begin Pattern,Grocery,24,464.53,2025-02-11
77,Talk Tough,Home,102,479.17,2025-02-11
78,Call Congress,Toys,104,10.13,2025-02-11
79,Movement Carry,Home,34,95.15,2025-02-11
80,Remain Debate,Electronics,128,236.16,2025-02-11
81,Meet Yes,Grocery,42,349.38,2025-02-11
82,Step As,Clothing,130,484.43,2025-02-11
83,Since Follow,Sports,87,211.35,2025-02-11
84,Road These,Electronics,174,275.15,2025-02-11
85,Player Population,Home,162,487.3,2025-02-11
86,Good Adult,Toys,110,113.6,2025-02-11
87,Much Language,Grocery,168,141.07,2025-02-11
88,Pm Cut,Toys,23,202.63,2025-02-11
89,Response Democrat,Home,120,134.96,2025-02-11
90,Account Again,Electronics,169,370.34,2025-02-11
91,And Along,Grocery,61,128.13,2025-02-11
92,Interest Tend,Toys,144,474.79,2025-02-11
93,Network Choose,Electronics,31,227.14,2025-02-11
94,Stay Finally,Toys,25,292.15,2025-02-11
95,Sea Tough,Grocery,111,278.73,2025-02-11
96,Common Course,Sports,64,299.05,2025-02-11
97,Recently Standard,Grocery,170,130.08,2025-02-11
98,Together Too,Sports,70,53.1,2025-02-11
99,Attention Sister,Grocery,159,489.25,2025-02-11
100,Class Final,Clothing,5,239.44,2025-02-11
101,Indicate Listen,Grocery,105,470.58,2025-02-11
102,Contain Want,Sports,60,302.9,2025-02-11
103,Type Above,Toys,18,482.59,2025-02-11
104,Case Capital,Clothing,152,126.83,2025-02-11
105,Party Say,Home,82,59.69,2025-02-11
106,Only Teacher,Clothing,78,203.48,2025-02-11
107,Student Bill,Clothing,25,282.69,2025-02-11
108,Card Imagine,Sports,12,151.17,2025-02-11
109,His Decide,Electronics,187,398.69,2025-02-11
110,Available Business,Grocery,139,231.87,2025-02-11
111,Interview Art,Electronics,162,499.4,2025-02-11
112,Itself Form,Clothing,162,439.45,2025-02-11
113,Space Kitchen,Home,13,264.33,2025-02-11
114,Hospital All,Toys,200,308.91,2025-02-11
115,Owner Approach,Toys,92,181.09,2025-02-11
116,Them Group,Home,172,97.67,2025-02-11
117,Report Ground,Toys,73,272.42,2025-02-11
118,Reach Coach,Clothing,137,418.59,2025-02-11
119,Follow Reach,Home,178,216.0,2025-02-11
120,Fund Spring,Home,162,350.96,2025-02-11
121,Education Teacher,Toys,145,471.08,2025-02-11
122,Road World,Electronics,200,311.25,2025-02-11
123,Her Like,Grocery,12,61.75,2025-02-11
124,Probably Citizen,Toys,82,208.19,2025-02-11
125,Thus Plan,Home,141,230.2,2025-02-11
126,Sound Pm,Electronics,175,473.69,2025-02-11
127,Nearly Raise,Grocery,121,317.34,2025-02-11
128,Left Method,Home,116,366.54,2025-02-11
129,Attack Financial,Grocery,157,452.0,2025-02-11
130,Dog Never,Clothing,48,11.9,2025-02-11
131,Sister Social,Home,80,101.81,2025-02-11
132,Rule Late,Electronics,19,379.26,2025-02-11
133,Contain Science,Toys,102,270.58,2025-02-11
134,Good Seven,Clothing,161,330.75,2025-02-11
135,Decide Performance,Electronics,136,479.23,2025-02-11
136,Listen Guy,Clothing,175,242.05,2025-02-11
137,His Store,Grocery,96,27.61,2025-02-11
138,Officer Real,Clothing,71,224.5,2025-02-11
