quantity,restock_date,item_name,category,price,item_id
11,2025-02-11,Yourself Recognize,Grocery,130.16,1
74,2025-02-11,Network Can,Grocery,13.52,2
126,2025-02-11,Rich Simple,Grocery,52.25,3
178,2025-02-11,Unit Enough,Sports,383.1,4
148,2025-02-11,Middle Among,Grocery,465.5,5
69,2025-02-11,Animal Which,Electronics,293.75,6
104,2025-02-11,Whatever That,Toys,101.59,7
91,2025-02-11,At Camera,Clothing,30.98,8
85,2025-02-11,Quickly Hotel,Grocery,105.36,9
186,2025-02-11,Prepare Network,Home,396.75,10
135,2025-02-11,Music Address,Sports,70.6,11
143,2025-02-11,Him Apply,Toys,343.04,12
18,2025-02-11,Image Lead,Electronics,215.49,13
35,2025-02-11,Crime After,Sports,460.91,14
39,2025-02-11,Early Land,Grocery,291.35,15
189,2025-02-11,Cultural National,Electronics,452.68,16
46,2025-02-11,Choice Exactly,Toys,296.88,17
2,2025-02-11,Everybody Force,Toys,247.62,18
13,2025-02-11,Evidence Pm,Electronics,22.79,19
90,2025-02-11,Recognize Structure,Electronics,255.79,20
78,2025-02-11,Street Born,Grocery,471.81,21
176,2025-02-11,Term Teacher,Grocery,438.74,22
115,2025-02-11,Of A,Home,2.09,23
47,2025-02-11,Mean Gun,Home,201.5,24
45,2025-02-11,Hundred Have,Electronics,335.75,25
103,2025-02-11,Buy Bit,Clothing,287.58,26
138,2025-02-11,Write Cause,Sports,401.65,27
169,2025-02-11,Art Number,Grocery,312.1,28
14,2025-02-11,Here You,Clothing,205.74,29
121,2025-02-11,Wear Business,Grocery,109.89,30
159,2025-02-11,Kitchen Your,Grocery,220.11,31
67,2025-02-11,Think Coach,Grocery,499.1,32
22,2025-02-11,Network Discuss,Home,96.79,33
161,2025-02-11,Firm News,Home,50.78,34
171,2025-02-11,Way Everything,Toys,415.67,35
154,2025-02-11,Play Improve,Toys,321.23,36
83,2025-02-11,Mother So,Sports,11.2,37
200,2025-02-11,Prove What,Grocery,145.1,38
151,2025-02-11,Together Write,Home,346.52,39
36,2025-02-11,Claim Magazine,Sports,190.59,40
34,2025-02-11,Person Nature,Toys,149.0,41
61,2025-02-11,Air Loss,Toys,490.66,42
163,2025-02-11,Expert Pass,Clothing,103.89,43
63,2025-02-11,These Do,Sports,127.76,44
133,2025-02-11,Step Including,Toys,437.4,45
178,2025-02-11,Draw Your,Home,109.13,46
8,2025-02-11,Clear Manager,Sports,477.23,47
55,2025-02-11,North Why,Grocery,374.67,48
25,2025-02-11,Last Such,Clothing,354.54,49
18,2025-02-11,Air Visit,Sports,228.0,50
24,2025-02-11,List Child,Grocery,426.81,51
45,2025-02-11,Idea Though,Clothing,409.98,52
7,2025-02-11,Too Deal,Sports,239.43,53
31,2025-02-11,Institution Choice,Electronics,161.11,54
178,2025-02-11,Front Surface,Electronics,339.36,55
22,2025-02-11,Western Artist,Clothing,298.49,56
7,2025-02-11,Every Significant,Grocery,217.98,57
102,2025-02-11,Purpose Almost,Sports,157.0,58
139,2025-02-11,Politics Arrive,Toys,206.07,59
100,2025-02-11,Yeah Song,Electronics,241.56,60
71,2025-02-11,Receive Save,Toys,340.25,61
170,2025-02-11,Meet Type,Toys,478.69,62
97,2025-02-11,Per Eight,Grocery,258.26,63
128,2025-02-11,Hand Week,Grocery,282.85,64
44,2025-02-11,Research Resource,Electronics,476.95,65
97,2025-02-11,Evidence Common,Grocery,254.41,66
72,2025-02-11,Protect Despite,Sports,221.05,67
130,2025-02-11,Try Decision,Electronics,24.19,68
143,2025-02-11,Dog Attorney,Home,24.01,69
77,2025-02-11,Social Action,Sports,239.53,70
92,2025-02-11,Community Bed,Toys,345.4,71
134,2025-02-11,Participant Democratic,Clothing,53.67,72
38,2025-02-11,Blue May,Clothing,393.36,73
154,2025-02-11,Poor Enough,Sports,218.89,74
197,2025-02-11,Test Feel,Sports,308.62,75
143,2025-02-11,Between Early,Clothing,398.21,76
114,2025-02-11,Think None,Clothing,482.53,77
72,2025-02-11,Mr Best,Grocery,337.9,78
170,2025-02-11,Young Threat,Toys,356.35,79
147,2025-02-11,Chance Kind,Home,244.92,80
3,2025-02-11,Require Be,Electronics,109.35,81
9,2025-02-11,Not There,Electronics,83.08,82
158,2025-02-11,Later Wrong,Toys,51.82,83
139,2025-02-11,Summer Mother,Home,10.52,84
112,2025-02-11,Fire Democratic,Electronics,429.19,85
107,2025-02-11,Item Thus,Electronics,55.2,86
79,2025-02-11,Beautiful Return,Toys,370.93,87
76,2025-02-11,College Would,Home,139.92,88
150,2025-02-11,No Current,Home,63.3,89
140,2025-02-11,Everything Star,Electronics,135.41,90
44,2025-02-11,Customer Positive,Grocery,290.95,91
103,2025-02-11,Because Move,Clothing,307.82,92
171,2025-02-11,Yeah Knowledge,Home,61.53,93
127,2025-02-11,Threat Career,Grocery,160.66,94
71,2025-02-11,Attention Role,Grocery,468.25,95
197,2025-02-11,Others Me,Sports,248.9,96
135,2025-02-11,For Mention,Clothing,18.27,97
57,2025-02-11,Treat Image,Grocery,249.17,98
57,2025-02-11,Cup Hour,Electronics,437.49,99
197,2025-02-11,Sit Go,Clothing,358.41,100
20,2025-02-11,Stage Player,Electronics,243.9,101
41,2025-02-11,Nor Can,Clothing,490.74,102
46,2025-02-11,Write Garden,Home,148.84,103
7,2025-02-11,Cause Cup,Grocery,168.91,104
64,2025-02-11,Responsibility Degree,Home,453.96,105
177,2025-02-11,Something Crime,Sports,410.65,106
76,2025-02-11,Concern Including,Home,355.61,107
49,2025-02-11,Leader Blue,Grocery,127.05,108
80,2025-02-11,Election Less,Clothing,183.29,109
105,2025-02-11,Become Do,Electronics,469.55,110
169,2025-02-11,Down Quickly,Electronics,69.75,111
165,2025-02-11,Indeed Pay,Grocery,156.62,112
81,2025-02-11,Fire Increase,Grocery,446.33,113
108,2025-02-11,Tough Raise,Sports,360.43,114
63,2025-02-11,Hit Listen,Grocery,177.78,115
147,2025-02-11,Her Key,Home,383.56,116
88,2025-02-11,Need World,Electronics,492.09,117
130,2025-02-11,Still Maintain,Clothing,301.24,118
116,2025-02-11,Television Couple,Grocery,496.96,119
16,2025-02-11,Cause All,Sports,169.6,120
48,2025-02-11,Doctor Western,Clothing,287.73,121
134,2025-02-11,Whatever Everybody,Toys,452.19,122
115,2025-02-11,Air Scene,Sports,334.18,123
82,2025-02-11,Or Common,Grocery,214.39,124
101,2025-02-11,You Economy,Clothing,47.0,125
174,2025-02-11,Church Yard,Clothing,248.18,126
