item_id,item_name,category,quantity,price,restock_date
1,Wonder Clear,Toys,115,348.91,2025-02-11
2,Military Nearly,Toys,83,336.02,2025-02-11
3,Leg Street,Clothing,38,392.4,2025-02-11
4,May Live,Grocery,15,338.76,2025-02-11
5,Onto Run,Electronics,101,413.32,2025-02-11
6,Despite Body,Clothing,85,160.49,2025-02-11
7,Meeting Effort,Sports,192,490.04,2025-02-11
8,Kind Commercial,Grocery,63,341.97,2025-02-11
9,Music Generation,Toys,122,256.0,2025-02-11
10,Happen Indeed,Toys,97,158.46,2025-02-11
11,Instead Enter,Sports,150,192.02,2025-02-11
12,Show With,Toys,21,76.1,2025-02-11
13,Morning Keep,Toys,189,398.89,2025-02-11
14,Point Eat,Electronics,108,114.64,2025-02-11
15,Again Help,Electronics,97,329.11,2025-02-11
16,Process Which,Electronics,158,216.2,2025-02-11
17,Through Morning,Electronics,109,63.03,2025-02-11
18,Discuss Would,Toys,138,19.25,2025-02-11
19,Picture Step,Clothing,27,88.27,2025-02-11
20,Resource Old,Electronics,195,124.85,2025-02-11
21,Question Similar,Sports,194,173.85,2025-02-11
22,Difference Coach,Grocery,43,188.83,2025-02-11
23,Employee Level,Toys,2,258.23,2025-02-11
24,American Animal,Grocery,172,156.6,2025-02-11
25,Activity Today,Electronics,183,143.15,2025-02-11
26,Be Cover,Grocery,167,193.45,2025-02-11
27,Whose Pull,Home,22,304.13,2025-02-11
28,Word Worry,Home,160,40.91,2025-02-11
29,Idea Four,Home,19,327.71,2025-02-11
30,Risk Positive,Home,24,218.1,2025-02-11
31,Congress Agree,Home,126,98.7,2025-02-11
32,Institution One,Clothing,73,434.69,2025-02-11
33,Picture Room,Home,198,170.59,2025-02-11
34,People Organization,Sports,45,291.42,2025-02-11
35,Economic Why,Home,9,208.17,2025-02-11
36,A Interesting,Electronics,81,57.18,2025-02-11
37,Fire Interest,Sports,38,224.59,2025-02-11
38,Leave Thus,Grocery,77,331.81,2025-02-11
39,Structure Positive,Electronics,95,131.19,2025-02-11
40,Executive Table,Sports,18,338.98,2025-02-11
41,Owner Yes,Electronics,103,407.39,2025-02-11
42,Line Accept,Grocery,83,434.25,2025-02-11
43,Risk Together,Toys,157,477.9,2025-02-11
44,Color Base,Home,46,414.44,2025-02-11
45,Type Win,Grocery,89,273.63,2025-02-11
46,Son Nor,Sports,66,482.43,2025-02-11
47,Voice Beautiful,Home,34,30.74,2025-02-11
48,Why Center,Home,2,424.75,2025-02-11
49,Pick Recent,Electronics,96,231.49,2025-02-11
50,Decision Job,Clothing,125,66.17,2025-02-11
51,Bar Public,Electronics,47,114.77,2025-02-11
52,Price Imagine,Sports,164,98.33,2025-02-11
53,View Lot,Toys,38,211.39,2025-02-11
54,Move Skin,Home,79,477.96,2025-02-11
55,While Call,Clothing,112,181.26,2025-02-11
56,Buy Baby,Sports,102,178.31,2025-02-11
57,Hot Interview,Home,147,307.17,2025-02-11
58,Recent His,Sports,2,53.33,2025-02-11
59,White Arrive,Toys,67,90.14,2025-02-11
60,Career Kitchen,Grocery,14,91.21,2025-02-11
61,Window Bring,Home,85,271.06,2025-02-11
62,Maintain Determine,Home,150,96.88,2025-02-11
63,Opportunity Republican,Sports,21,18.91,2025-02-11
64,Executive Family,Sports,198,305.85,2025-02-11
65,Plant Clearly,Electronics,94,204.2,2025-02-11
66,Give Agent,Electronics,34,355.97,2025-02-11
67,Often Child,Clothing,1,54.79,2025-02-11
68,Where Soon,Electronics,186,424.91,2025-02-11
69,State Identify,Clothing,14,477.73,2025-02-11
70,Know Success,Toys,174,396.92,2025-02-11
71,Sister Position,Toys,160,189.2,2025-02-11
72,Gun Nor,Toys,99,265.03,2025-02-11
73,Daughter The,Sports,158,430.64,2025-02-11
74,Kid Then,Clothing,22,69.45,2025-02-11
75,Total Create,Sports,123,377.38,2025-02-11
76,Plant Forget,Toys,65,381.46,2025-02-11
77,Increase Education,Sports,184,186.75,2025-02-11
78,Probably Much,Home,66,140.19,2025-02-11
79,Cultural Information,Grocery,182,355.36,2025-02-11
80,Forward Itself,Grocery,156,247.92,2025-02-11
81,Run Model,Electronics,73,328.7,2025-02-11
82,Sport Morning,Grocery,127,160.13,2025-02-11
83,Start Series,Clothing,63,257.5,2025-02-11
84,Practice Continue,Electronics,188,156.32,2025-02-11
85,Animal Three,Home,184,194.52,2025-02-11
86,Power Force,Sports,154,26.86,2025-02-11
87,Leader Economy,Grocery,142,165.95,2025-02-11
88,Candidate Study,Sports,25,103.86,2025-02-11
89,Brother Political,Toys,180,236.09,2025-02-11
90,Claim Some,Toys,9,304.46,2025-02-11
91,Woman True,Sports,41,176.36,2025-02-11
92,Model Base,Home,116,103.16,2025-02-11
93,Meeting Reduce,Home,198,52.0,2025-02-11
94,Idea Sometimes,Clothing,114,350.07,2025-02-11
95,Rock Collection,Electronics,84,462.95,2025-02-11
96,High Total,Sports,139,251.76,2025-02-11
97,Manage Worry,Toys,57,272.03,2025-02-11
98,Low Later,Toys,125,256.98,2025-02-11
99,Network Rise,Grocery,64,189.44,2025-02-11
100,Summer Land,Clothing,101,362.61,2025-02-11
101,Mention Bar,Clothing,101,165.42,2025-02-11
102,Answer Card,Grocery,63,190.5,2025-02-11
103,What Tax,Home,98,293.79,2025-02-11
104,However Support,Home,22,392.79,2025-02-11
105,Seek Her,Home,42,41.7,2025-02-11
106,Mention Office,Electronics,145,422.84,2025-02-11
107,Show Than,Sports,90,246.19,2025-02-11
108,Quite Type,Toys,144,468.6,2025-02-11
109,Voice Card,Clothing,31,282.99,2025-02-11
110,Rise Occur,Clothing,137,372.04,2025-02-11
111,Them Others,Toys,100,134.37,2025-02-11
112,Artist Wide,Clothing,109,334.57,2025-02-11
113,International Where,Clothing,113,165.19,2025-02-11
114,Foreign To,Toys,120,208.47,2025-02-11
115,Fire Control,Home,57,80.3,2025-02-11
116,Or Tonight,Electronics,88,297.61,2025-02-11
117,Could Mrs,Sports,136,125.8,2025-02-11
118,Meeting Behavior,Sports,168,245.18,2025-02-11
119,Matter Beautiful,Grocery,121,43.64,2025-02-11
120,Sport Likely,Grocery,180,97.11,2025-02-11
121,Here Cover,Home,143,74.39,2025-02-11
122,Skill Event,Clothing,62,303.6,2025-02-11
123,His Company,Toys,171,419.15,2025-02-11
124,Stage Girl,Grocery,111,289.01,2025-02-11
125,Future Prepare,Sports,145,120.33,2025-02-11
126,Any Door,Electronics,91,298.18,2025-02-11
127,After Left,Toys,138,165.37,2025-02-11
128,Memory Day,Electronics,182,312.03,2025-02-11
129,Fast Station,Sports,132,53.27,2025-02-11
130,Apply Mouth,Toys,167,257.43,2025-02-11
131,Simply Heart,Toys,62,203.29,2025-02-11
132,Area Mother,Electronics,131,346.23,2025-02-11
133,Want White,Grocery,27,372.81,2025-02-11
134,Day Best,Toys,3,353.65,2025-02-11
135,Option Network,Grocery,176,71.83,2025-02-11
136,Style Threat,Electronics,82,341.18,2025-02-11
137,Resource Page,Grocery,130,473.75,2025-02-11
138,Trial Start,Toys,61,189.94,2025-02-11
