item_id,item_name,category,quantity,price,restock_date
1,Record Trip,Clothing,2,287.06,2025-02-11
2,Simply Unit,Grocery,194,427.82,2025-02-11
3,Read Else,Sports,138,461.46,2025-02-11
4,Guess Including,Toys,187,71.69,2025-02-11
5,Gun Mind,Electronics,27,125.18,2025-02-11
6,Small Without,Clothing,121,270.83,2025-02-11
7,Firm Maybe,Grocery,178,372.82,2025-02-11
8,Thought Conference,Grocery,105,396.61,2025-02-11
9,Rate Report,Home,7,16.01,2025-02-11
10,Walk Per,Grocery,70,164.32,2025-02-11
11,Its Call,Home,5,361.23,2025-02-11
12,Available Report,Sports,102,239.5,2025-02-11
13,Road Much,Electronics,73,440.16,2025-02-11
14,Small Stand,Electronics,119,427.83,2025-02-11
15,Process Clearly,Sports,72,145.62,2025-02-11
16,What Maybe,Toys,195,363.42,2025-02-11
17,Bring Surface,Grocery,108,341.62,2025-02-11
18,Organization Sport,Clothing,27,355.35,2025-02-11
19,Officer Unit,Home,170,128.93,2025-02-11
20,North Carry,Home,111,76.42,2025-02-11
21,Language Provide,Clothing,36,431.93,2025-02-11
22,Within New,Clothing,39,211.81,2025-02-11
23,Agency Fill,Electronics,6,16.27,2025-02-11
24,Offer Crime,Toys,122,155.05,2025-02-11
25,Recently Special,Electronics,193,496.79,2025-02-11
26,Officer Television,Sports,154,317.37,2025-02-11
27,Play Show,Clothing,35,420.46,2025-02-11
28,Across Money,Sports,82,454.5,2025-02-11
29,Smile Ready,Electronics,68,281.88,2025-02-11
30,Tv Hospital,Electronics,117,361.13,2025-02-11
31,Sort Begin,Electronics,115,459.38,2025-02-11
32,Which Size,Electronics,9,80.59,2025-02-11
33,Ability Safe,Sports,109,245.42,2025-02-11
34,Western Administration,Grocery,35,178.2,2025-02-11
35,Old Race,Home,130,238.61,2025-02-11
36,Rock Stay,Clothing,93,482.72,2025-02-11
37,Attack Too,Toys,165,342.44,2025-02-11
38,Morning Fill,Sports,190,370.29,2025-02-11
39,Cell Must,Electronics,117,111.87,2025-02-11
40,Member Person,Toys,94,145.67,2025-02-11
41,If Someone,Grocery,174,294.41,2025-02-11
42,Senior Positive,Sports,87,59.24,2025-02-11
43,Cover Bar,Electronics,139,350.42,2025-02-11
44,Money Situation,Grocery,187,210.53,2025-02-11
45,Art Various,Grocery,112,498.9,2025-02-11
46,Beat Gun,Toys,154,78.04,2025-02-11
47,Forget Best,Clothing,6,163.55,2025-02-11
48,Just Surface,Toys,113,47.97,2025-02-11
49,Discussion Food,Toys,37,110.69,2025-02-11
50,Drop Bring,Home,16,177.95,2025-02-11
51,Purpose Half,Toys,189,363.41,2025-02-11
52,Skin Ahead,Toys,29,466.04,2025-02-11
53,Himself Agency,Toys,171,191.29,2025-02-11
54,Gas Serious,Toys,171,218.23,2025-02-11
55,Final Southern,Electronics,138,208.77,2025-02-11
56,Tell Boy,Sports,28,361.88,2025-02-11
57,Space Listen,Sports,1,293.05,2025-02-11
58,Identify Write,Home,73,450.09,2025-02-11
59,Agree Fish,Sports,102,161.87,2025-02-11
60,Heart If,Electronics,153,403.01,2025-02-11
61,Speech Condition,Sports,126,360.9,2025-02-11
62,Return Number,Sports,125,403.67,2025-02-11
63,Member Practice,Sports,63,447.03,2025-02-11
64,It Participant,Clothing,146,329.06,2025-02-11
65,Truth Upon,Grocery,121,145.58,2025-02-11
66,College Cause,Sports,12,295.44,2025-02-11
67,Wait Apply,Electronics,85,262.29,2025-02-11
68,Affect Memory,Electronics,46,61.64,2025-02-11
69,Piece See,Toys,135,323.07,2025-02-11
70,Piece Water,Home,45,94.44,2025-02-11
71,Late Employee,Clothing,175,430.73,2025-02-11
72,Sell Since,Home,177,430.26,2025-02-11
73,Style Focus,Grocery,92,495.55,2025-02-11
74,Without Relationship,Electronics,18,426.42,2025-02-11
75,Stage Old,Home,68,437.38,2025-02-11
76,Might Challenge,Sports,67,186.52,2025-02-11
77,Away Wait,Sports,73,212.42,2025-02-11
78,Player The,Clothing,86,62.4,2025-02-11
79,Industry So,Home,24,5.02,2025-02-11
80,Approach Very,Electronics,52,50.8,2025-02-11
81,Treatment I,Grocery,189,293.94,2025-02-11
82,Arrive Her,Sports,149,149.67,2025-02-11
83,Will Grow,Electronics,48,140.46,2025-02-11
84,Gun Worry,Toys,52,360.7,2025-02-11
85,Per Box,Clothing,136,206.1,2025-02-11
86,Benefit Against,Toys,165,12.95,2025-02-11
87,Chance Necessary,Toys,30,33.51,2025-02-11
88,Control His,Electronics,199,99.74,2025-02-11
89,Network Bed,Clothing,48,124.61,2025-02-11
90,Stage Process,Electronics,187,251.2,2025-02-11
91,Rather Fund,Electronics,159,174.83,2025-02-11
92,Into Apply,Toys,46,1.78,2025-02-11
93,Take Skill,Home,21,300.96,2025-02-11
94,Age Both,Clothing,157,213.5,2025-02-11
95,Source Step,Electronics,29,188.66,2025-02-11
96,Local May,Grocery,189,413.18,2025-02-11
97,Nice Foreign,Toys,45,219.61,2025-02-11
98,Young Itself,Electronics,118,240.44,2025-02-11
99,Middle Return,Electronics,4,312.36,2025-02-11
100,Even Fill,Toys,38,443.9,2025-02-11
101,Anyone Approach,Home,63,91.55,2025-02-11
102,Blood Move,Home,179,20.61,2025-02-11
103,Sing Seem,Grocery,11,99.31,2025-02-11
104,Determine Yet,Grocery,112,120.88,2025-02-11
105,Decide Rock,Electronics,40,284.44,2025-02-11
106,Article Address,Toys,18,89.88,2025-02-11
107,If War,Clothing,157,18.58,2025-02-11
108,Fast Yes,Clothing,3,323.1,2025-02-11
109,First Personal,Sports,47,57.53,2025-02-11
110,Join Beyond,Sports,130,473.48,2025-02-11
111,Smile Reveal,Home,189,245.76,2025-02-11
112,Place Everyone,Clothing,81,239.47,2025-02-11
113,Prove Despite,Toys,140,237.09,2025-02-11
114,Seat Between,Home,170,148.9,2025-02-11
115,Movie Upon,Clothing,117,223.44,2025-02-11
116,Hit Technology,Sports,80,355.02,2025-02-11
117,Finally Let,Toys,112,55.9,2025-02-11
118,Yard Agent,Clothing,167,108.3,2025-02-11
119,Throughout Keep,Sports,36,30.0,2025-02-11
120,Clear Support,Toys,112,209.19,2025-02-11
121,Police Continue,Grocery,87,193.48,2025-02-11
122,Including Wide,Sports,188,71.06,2025-02-11
123,Value Politics,Electronics,137,204.43,2025-02-11
124,Present That,Toys,27,53.71,2025-02-11
125,Energy Buy,Sports,195,125.84,2025-02-11
