item_id,item_name,category,quantity,price
1,Newspaper Material,Home,32,346.5
2,Practice She,Grocery,86,128.36
3,Plan Son,Clothing,139,431.58
4,Participant Half,Home,102,345.69
5,Be Identify,Grocery,123,87.67
6,Claim Know,Home,97,467.54
7,Drive Response,Sports,64,320.33
8,Southern Offer,Home,132,402.72
9,Choose West,Home,172,259.47
10,State Especially,Home,175,448.03
11,Respond Guess,Sports,23,324.57
12,Attack Question,Toys,113,135.6
13,Could Traditional,Clothing,102,302.22
14,Truth Deep,Home,138,265.74
15,These Now,Home,4,230.12
16,Recognize Expert,Electronics,176,461.97
17,They Oil,Clothing,170,350.95
18,Task Minute,Grocery,158,161.62
19,Finally Production,Clothing,64,154.89
20,Last Though,Clothing,9,271.81
21,Name Them,Grocery,188,53.26
22,Fund Mind,Sports,143,317.42
23,Huge Economy,Electronics,72,178.07
24,Suddenly Add,Clothing,51,182.86
25,Language Challenge,Sports,151,274.85
26,List Loss,Grocery,188,491.97
27,Box Lose,Toys,47,494.73
28,Mr Hit,Sports,116,232.49
29,Card Think,Sports,64,85.88
30,Relate Film,Electronics,71,75.81
31,Factor Build,Electronics,135,96.4
32,Past Work,Sports,104,360.51
33,Beyond Wish,Electronics,84,54.16
34,Simple Quite,Electronics,125,366.68
35,Market Ahead,Clothing,98,452.61
36,Miss Also,Sports,44,225.48
37,Major Card,Grocery,172,226.88
38,Among Community,Toys,66,217.17
39,Member Can,Home,97,1.69
40,Page She,Home,16,67.42
41,Court Art,Sports,122,147.73
42,Quality Suddenly,Home,84,301.38
43,Act Recent,Electronics,89,394.45
44,Carry Short,Toys,96,488.91
45,Which Company,Electronics,5,262.71
46,Anything Question,Home,83,11.52
47,Leg Wonder,Electronics,68,26.01
48,Yourself Card,Electronics,178,466.37
49,Contain Month,Toys,6,207.01
50,Science Notice,Sports,4,122.29
51,Time Class,Sports,101,365.15
52,Area Necessary,Sports,143,260.27
53,Project Film,Sports,51,361.81
54,Understand Design,Grocery,79,250.8
55,Service Far,Clothing,142,10.81
56,Between Seek,Clothing,20,457.0
57,Whole Drug,Home,185,43.58
58,Draw Go,Home,193,392.16
59,Follow President,Sports,115,432.87
60,Ago Effort,Electronics,198,219.7
61,Rate Final,Electronics,105,325.91
62,Herself Position,Sports,37,179.0
63,Money Serve,Home,86,380.85
64,Population Able,Grocery,178,447.78
65,Close Return,Electronics,126,116.32
66,Bill Sister,Sports,3,70.75
67,End Think,Electronics,17,77.49
68,Staff Skill,Sports,149,401.83
69,You Listen,Electronics,184,302.79
70,Indeed Energy,Grocery,114,91.98
71,Military Wait,Home,159,137.38
72,Involve Lot,Electronics,25,269.38
73,Economy Nature,Home,88,37.98
74,Conference Management,Grocery,110,116.79
75,Cost Structure,Toys,179,430.04
76,Tree Morning,Home,125,480.37
77,Operation Environment,Toys,58,214.35
78,Husband Meeting,Grocery,16,327.53
79,Cover Research,Toys,103,321.64
80,Believe None,Sports,36,426.72
81,Born Learn,Toys,72,328.43
82,Until Pressure,Sports,192,63.6
83,Find Become,Electronics,193,429.23
84,Talk Enjoy,Toys,128,239.68
85,Meeting Yourself,Electronics,82,342.54
86,Seem Yes,Toys,130,258.8
87,Foot Rule,Clothing,141,292.52
88,Such Mother,Toys,51,335.12
89,Difficult Summer,Sports,22,464.44
90,Outside Relationship,Sports,98,50.2
91,Enter Career,Electronics,26,58.11
92,Month Such,Grocery,95,366.02
93,Interview Cup,Toys,186,221.3
94,Window Political,Electronics,171,160.76
95,Inside Care,Sports,153,220.96
96,West Quite,Clothing,25,371.0
97,South As,Sports,43,413.98
98,Everything Nearly,Electronics,18,350.92
99,Stage Who,Electronics,27,430.26
100,Head Executive,Toys,42,416.54
101,Beat Field,Toys,27,261.5
102,Create Right,Electronics,199,469.01
103,I Should,Electronics,194,215.16
104,Positive Thank,Home,170,137.45
105,Activity Child,Electronics,99,150.24
106,Use Since,Home,77,122.27
107,Tell Fill,Sports,123,225.41
108,When Democratic,Toys,175,48.9
109,Agent Run,Electronics,79,385.35
110,Least Of,Clothing,156,79.02
111,Campaign Better,Electronics,43,65.04
112,Growth Push,Sports,116,243.1
113,So Including,Clothing,30,40.18
114,Political Less,Grocery,183,282.68
115,Live Around,Sports,7,149.82
116,History Help,Clothing,152,492.84
117,Attack Source,Toys,110,352.0
118,People Lot,Electronics,118,369.98
119,Father Hold,Home,117,106.68
120,Position Sometimes,Sports,191,246.49
121,Street Take,Electronics,50,111.53
122,Hit Marriage,Home,107,21.95
123,Our Dream,Sports,191,494.03
124,Build Early,Clothing,46,412.88
125,Sure Along,Sports,132,210.7
126,So Maintain,Sports,150,39.04
127,Record Light,Toys,153,459.69
128,Wrong Information,Toys,30,426.39
129,Tend Economic,Toys,58,430.06
130,West Strategy,Grocery,163,253.24
131,At Democratic,Toys,153,355.17
132,Although Conference,Toys,42,233.18
133,Education Fish,Sports,127,342.07
134,Against Benefit,Home,67,204.23
135,Guess Writer,Home,125,275.27
136,Agreement Particularly,Home,108,2.69
137,Product Water,Electronics,32,82.32
138,Case Somebody,Toys,59,482.14
139,Fill Because,Home,172,366.66
140,Involve Two,Home,174,205.9
141,Inside Probably,Grocery,199,294.87
142,Themselves Attention,Sports,38,154.14
143,Newspaper Where,Toys,109,478.79
144,Young Maintain,Sports,168,118.84
145,Nice Six,Sports,173,231.09
146,Brother Writer,Clothing,10,63.68
147,Discuss Cut,Toys,27,53.78
148,Book Ground,Toys,115,432.61
149,Hundred Cultural,Electronics,32,74.28
150,Approach School,Grocery,198,432.66
151,Push Ask,Electronics,181,395.56
152,Yeah Only,Home,139,483.61
153,Bank Mean,Clothing,166,115.04
154,Meeting Determine,Sports,185,277.5
155,Air Of,Grocery,137,214.01
156,Me North,Sports,139,385.4
157,Project Two,Sports,35,323.57
158,Where Understand,Toys,16,277.17
