price,item_id,restock_date,item_name,category,quantity
431.83,1,2025-02-11,Feeling Source,Electronics,58
276.24,2,2025-02-11,However Stuff,Home,75
87.2,3,2025-02-11,Never Despite,Clothing,172
155.66,4,2025-02-11,Reason Culture,Home,15
422.05,5,2025-02-11,Order Benefit,Electronics,196
324.41,6,2025-02-11,Build Address,Sports,179
495.19,7,2025-02-11,Tv Professor,Home,60
496.76,8,2025-02-11,When Create,Sports,118
54.35,9,2025-02-11,Student Recently,Clothing,190
71.99,10,2025-02-11,Two Water,Grocery,47
434.13,11,2025-02-11,Article Maybe,Sports,31
400.2,12,2025-02-11,Why Say,Sports,148
109.26,13,2025-02-11,Himself Commercial,Toys,24
336.41,14,2025-02-11,Send Big,Grocery,135
394.34,15,2025-02-11,Unit Order,Grocery,49
492.43,16,2025-02-11,Region People,Toys,86
322.57,17,2025-02-11,Fish Rock,Toys,43
20.01,18,2025-02-11,Ten Material,Clothing,200
307.83,19,2025-02-11,Occur Short,Electronics,135
479.91,20,2025-02-11,Such Everything,Electronics,32
7.83,21,2025-02-11,Now Must,Sports,95
296.31,22,2025-02-11,Him Late,Toys,37
451.55,23,2025-02-11,Stay As,Clothing,65
227.32,24,2025-02-11,Individual Meeting,Clothing,103
283.09,25,2025-02-11,And Whether,Clothing,3
465.95,26,2025-02-11,High As,Sports,154
441.69,27,2025-02-11,Avoid Book,Sports,87
118.83,28,2025-02-11,Hope Serve,Grocery,149
448.37,29,2025-02-11,Adult Media,Toys,115
28.85,30,2025-02-11,Poor Heart,Clothing,168
447.08,31,2025-02-11,Tv Truth,Grocery,67
477.94,32,2025-02-11,Perhaps Our,Clothing,55
135.59,33,2025-02-11,Study Senior,Home,138
257.93,34,2025-02-11,Leave Position,Home,14
363.14,35,2025-02-11,Stand Because,Sports,50
480.73,36,2025-02-11,Central Rise,Sports,84
253.81,37,2025-02-11,Board Buy,Electronics,20
139.21,38,2025-02-11,Country True,Toys,41
495.21,39,2025-02-11,Lose Allow,Sports,21
311.16,40,2025-02-11,Fear Quickly,Clothing,147
377.81,41,2025-02-11,Rest Something,Toys,28
274.85,42,2025-02-11,Whether President,Electronics,152
189.52,43,2025-02-11,Dinner Conference,Clothing,135
211.35,44,2025-02-11,Success Top,Home,173
81.47,45,2025-02-11,Deal Bill,Home,45
408.13,46,2025-02-11,Soon Benefit,Toys,66
58.1,47,2025-02-11,Whole Different,Toys,151
63.98,48,2025-02-11,Wait Ago,Electronics,118
493.51,49,2025-02-11,Involve Culture,Grocery,4
97.98,50,2025-02-11,Long Take,Home,145
308.31,51,2025-02-11,Trade Try,Grocery,125
281.12,52,2025-02-11,Pressure People,Grocery,70
241.65,53,2025-02-11,Strategy Smile,Clothing,130
295.38,54,2025-02-11,Exactly Something,Toys,76
222.19,55,2025-02-11,Compare Window,Toys,123
254.97,56,2025-02-11,Loss Thing,Grocery,77
423.09,57,2025-02-11,More Turn,Clothing,197
56.35,58,2025-02-11,Region Easy,Toys,33
10.1,59,2025-02-11,Lay Word,Grocery,161
371.08,60,2025-02-11,Identify Matter,Sports,192
61.78,61,2025-02-11,Citizen Probably,Toys,184
18.27,62,2025-02-11,Worry Grow,Home,118
30.63,63,2025-02-11,Keep Field,Clothing,185
43.13,64,2025-02-11,Would Red,Clothing,155
175.04,65,2025-02-11,Parent Into,Sports,197
497.54,66,2025-02-11,Consider Choice,Sports,105
172.54,67,2025-02-11,Lead Choose,Toys,134
17.63,68,2025-02-11,Education Green,Sports,30
158.56,69,2025-02-11,Cover Yes,Clothing,7
140.61,70,2025-02-11,Whatever At,Grocery,44
15.7,71,2025-02-11,Government Base,Home,125
306.17,72,2025-02-11,Fire Debate,Home,160
268.3,73,2025-02-11,Nation Walk,Home,20
279.08,74,2025-02-11,Evening Why,Grocery,46
445.12,75,2025-02-11,Shoulder Leader,Grocery,165
33.93,76,2025-02-11,Full Chance,Sports,152
419.37,77,2025-02-11,Quite Agent,Toys,154
196.76,78,2025-02-11,Usually Develop,Grocery,76
430.3,79,2025-02-11,Law Participant,Toys,197
406.15,80,2025-02-11,Suddenly Billion,Toys,183
78.86,81,2025-02-11,White Article,Home,166
70.96,82,2025-02-11,Mr Late,Sports,86
35.25,83,2025-02-11,Usually Huge,Home,67
435.59,84,2025-02-11,Ever Opportunity,Sports,88
226.07,85,2025-02-11,Draw Agency,Home,146
429.65,86,2025-02-11,Government Bag,Sports,75
426.63,87,2025-02-11,Other Check,Home,4
309.31,88,2025-02-11,Town Yard,Electronics,200
322.65,89,2025-02-11,Either Financial,Sports,59
432.84,90,2025-02-11,Hundred Hotel,Home,18
164.95,91,2025-02-11,Address Reason,Electronics,58
203.51,92,2025-02-11,Offer Adult,Home,10
304.22,93,2025-02-11,Rise Where,Sports,25
158.12,94,2025-02-11,Health Southern,Clothing,131
265.3,95,2025-02-11,Plan Current,Electronics,7
376.77,96,2025-02-11,Nearly Cultural,Sports,70
25.96,97,2025-02-11,Fine Book,Grocery,109
32.64,98,2025-02-11,Benefit Visit,Clothing,25
102.64,99,2025-02-11,Teacher Manage,Sports,75
403.43,100,2025-02-11,Situation Agreement,Electronics,175
378.19,101,2025-02-11,Issue Catch,Home,120
149.96,102,2025-02-11,Thousand News,Sports,80
17.49,103,2025-02-11,Old Able,Home,60
134.88,104,2025-02-11,Total Close,Sports,48
247.93,105,2025-02-11,Take Defense,Toys,7
189.16,106,2025-02-11,Model Star,Sports,115
24.02,107,2025-02-11,Sign Hold,Sports,13
222.26,108,2025-02-11,Day Simple,Grocery,62
223.78,109,2025-02-11,School Because,Home,49
448.32,110,2025-02-11,Close Lay,Clothing,27
266.35,111,2025-02-11,Ok Special,Home,115
30.14,112,2025-02-11,Resource Standard,Electronics,89
76.32,113,2025-02-11,Kitchen According,Grocery,172
282.46,114,2025-02-11,Street Know,Toys,189
74.64,115,2025-02-11,Adult Pay,Grocery,91
82.04,116,2025-02-11,Drive Significant,Toys,79
170.05,117,2025-02-11,Red White,Electronics,108
313.65,118,2025-02-11,Trial International,Sports,6
315.03,119,2025-02-11,Each Radio,Grocery,113
301.41,120,2025-02-11,Newspaper The,Clothing,98
400.39,121,2025-02-11,Teach Since,Clothing,156
210.76,122,2025-02-11,Woman Modern,Home,87
172.46,123,2025-02-11,Audience Level,Grocery,108
95.34,124,2025-02-11,Leg Project,Home,165
304.55,125,2025-02-11,Pass Partner,Grocery,42
237.95,126,2025-02-11,City Successful,Home,192
371.28,127,2025-02-11,Act Station,Toys,11
56.59,128,2025-02-11,Front Bit,Home,190
195.17,129,2025-02-11,Available Shoulder,Sports,147
251.46,130,2025-02-11,Talk Place,Grocery,42
339.08,131,2025-02-11,Trip Star,Sports,17
353.74,132,2025-02-11,Who Growth,Electronics,83
342.44,133,2025-02-11,Arm Thought,Electronics,115
323.94,134,2025-02-11,Focus Question,Home,23
441.14,135,2025-02-11,Finish How,Grocery,147
135.6,136,2025-02-11,Project Agency,Home,74
206.17,137,2025-02-11,Building Medical,Home,67
12.49,138,2025-02-11,Federal Clearly,Toys,5
116.45,139,2025-02-11,Almost Indeed,Toys,29
497.45,140,2025-02-11,Soldier And,Clothing,73
224.27,141,2025-02-11,Couple House,Home,123
445.44,142,2025-02-11,Write Investment,Grocery,8
417.6,143,2025-02-11,Hard Receive,Sports,72
37.26,144,2025-02-11,Think Response,Toys,51
313.27,145,2025-02-11,Sit Different,Electronics,128
174.96,146,2025-02-11,Way Third,Sports,194
