category,price,item_id,quantity,item_name,restock_date
Toys,56.24,1,168,Statement Service,2025-02-11
Toys,352.9,2,140,Itself Stand,2025-02-11
Grocery,240.97,3,16,Allow Partner,2025-02-11
Home,188.3,4,78,Air Take,2025-02-11
Grocery,57.61,5,101,Worker Administration,2025-02-11
Home,483.82,6,15,Law Improve,2025-02-11
Grocery,437.08,7,163,Rate Reveal,2025-02-11
Toys,370.03,8,3,Cultural Fact,2025-02-11
Toys,371.92,9,95,Mother When,2025-02-11
Toys,68.74,10,152,Something Just,2025-02-11
Toys,20.25,11,120,Performance Less,2025-02-11
Electronics,142.48,12,73,Shoulder Art,2025-02-11
Sports,73.86,13,126,Near Concern,2025-02-11
Grocery,482.03,14,31,Of Ahead,2025-02-11
Toys,293.15,15,67,Tv Wait,2025-02-11
Toys,71.23,16,197,During Old,2025-02-11
Electronics,453.75,17,159,North Field,2025-02-11
Grocery,133.22,18,51,Close Surface,2025-02-11
Toys,326.69,19,168,Experience Grow,2025-02-11
Electronics,104.0,20,50,Other Well,2025-02-11
Toys,250.6,21,7,Movie Next,2025-02-11
Clothing,326.18,22,143,Common Option,2025-02-11
Toys,294.49,23,111,Month Western,2025-02-11
Home,8.93,24,5,Sea Computer,2025-02-11
Toys,233.68,25,134,Political Involve,2025-02-11
Clothing,399.03,26,36,Nearly Represent,2025-02-11
Clothing,152.08,27,130,Either That,2025-02-11
Clothing,62.24,28,61,Stock Computer,2025-02-11
Clothing,439.46,29,22,Action Well,2025-02-11
Clothing,406.64,30,153,Now Might,2025-02-11
Sports,467.1,31,194,Term Program,2025-02-11
Toys,7.63,32,138,Focus Even,2025-02-11
Clothing,145.52,33,161,Soon Often,2025-02-11
Toys,320.77,34,10,Security Blue,2025-02-11
Home,327.18,35,104,Employee Expect,2025-02-11
Home,489.5,36,16,Itself Drug,2025-02-11
Home,409.45,37,171,Moment Serve,2025-02-11
Electronics,384.64,38,50,Capital Character,2025-02-11
Grocery,169.43,39,79,Church Try,2025-02-11
Sports,483.14,40,145,Tree Lead,2025-02-11
Home,465.41,41,187,Try Remain,2025-02-11
Grocery,202.8,42,9,Senior Only,2025-02-11
Home,430.95,43,7,Speech Fear,2025-02-11
Electronics,315.35,44,192,Line Yard,2025-02-11
Toys,43.83,45,39,Tell According,2025-02-11
Clothing,494.24,46,166,Do There,2025-02-11
Clothing,108.24,47,154,Leader Alone,2025-02-11
Sports,117.01,48,16,Notice Left,2025-02-11
Toys,185.29,49,75,Energy Consumer,2025-02-11
Toys,83.95,50,69,Message Notice,2025-02-11
Clothing,409.57,51,25,These Statement,2025-02-11
Home,191.83,52,171,Right Step,2025-02-11
Home,450.26,53,23,Reveal Tree,2025-02-11
Toys,240.11,54,8,Many Find,2025-02-11
Clothing,493.05,55,71,Name Material,2025-02-11
Sports,277.49,56,159,His Check,2025-02-11
Sports,9.71,57,59,Her Simply,2025-02-11
Toys,344.46,58,186,Hold Make,2025-02-11
Clothing,403.51,59,171,Almost Treat,2025-02-11
Home,137.6,60,162,Garden Add,2025-02-11
Clothing,128.66,61,24,Tend Modern,2025-02-11
Grocery,291.01,62,108,Southern Voice,2025-02-11
Clothing,391.97,63,170,Sit Will,2025-02-11
Toys,259.75,64,150,Several Black,2025-02-11
Electronics,348.03,65,156,Cut Source,2025-02-11
Clothing,97.14,66,28,Cost Up,2025-02-11
Grocery,300.34,67,7,Land Hundred,2025-02-11
Grocery,390.99,68,115,Use Him,2025-02-11
Grocery,50.1,69,46,Popular Book,2025-02-11
Grocery,369.79,70,19,Glass Machine,2025-02-11
Sports,218.88,71,30,Conference Medical,2025-02-11
Home,425.07,72,181,Affect Test,2025-02-11
Grocery,328.5,73,106,Base Pattern,2025-02-11
Toys,198.46,74,39,Letter Modern,2025-02-11
Toys,343.33,75,36,Ever Concern,2025-02-11
Electronics,485.82,76,16,Provide Ball,2025-02-11
Sports,341.26,77,176,Issue Woman,2025-02-11
Toys,375.4,78,184,Fall Personal,2025-02-11
Clothing,146.7,79,38,Foreign Traditional,2025-02-11
Sports,160.14,80,10,Prove Industry,2025-02-11
Electronics,427.92,81,198,American Color,2025-02-11
Clothing,201.72,82,153,Suddenly Star,2025-02-11
Toys,9.21,83,14,For Employee,2025-02-11
Electronics,486.86,84,101,Simple View,2025-02-11
Sports,403.24,85,118,Guy Fear,2025-02-11
Clothing,240.39,86,176,Thus Ahead,2025-02-11
Home,312.1,87,35,Represent These,2025-02-11
Electronics,107.34,88,31,Public Defense,2025-02-11
Grocery,145.37,89,106,Those Page,2025-02-11
Clothing,124.27,90,89,Kind Single,2025-02-11
Electronics,385.01,91,154,Result Fly,2025-02-11
Grocery,196.25,92,27,Likely Trial,2025-02-11
Toys,367.42,93,48,Employee Place,2025-02-11
Toys,137.01,94,61,Lawyer Western,2025-02-11
Clothing,128.83,95,172,Public Mrs,2025-02-11
Toys,107.99,96,197,Start Letter,2025-02-11
Grocery,321.21,97,92,Wonder Grow,2025-02-11
Toys,313.04,98,121,Tonight Investment,2025-02-11
Clothing,70.55,99,171,Second Him,2025-02-11
Sports,207.65,100,180,Recent Money,2025-02-11
Grocery,122.26,101,136,Stop Worker,2025-02-11
Clothing,239.75,102,41,Attention Plant,2025-02-11
Home,371.03,103,4,Hold Alone,2025-02-11
Electronics,84.39,104,92,Suggest Sister,2025-02-11
Electronics,183.94,105,59,Clear Already,2025-02-11
Toys,366.61,106,199,Mission Republican,2025-02-11
Toys,407.56,107,56,Discussion Treat,2025-02-11
Grocery,3.07,108,156,Grow By,2025-02-11
Home,367.57,109,12,Wall Radio,2025-02-11
Clothing,316.57,110,157,Establish Edge,2025-02-11
Home,410.23,111,61,Line Computer,2025-02-11
Electronics,290.76,112,183,Job Half,2025-02-11
Electronics,11.23,113,20,Public Image,2025-02-11
Clothing,253.4,114,156,Family Simply,2025-02-11
Toys,186.24,115,12,Large Security,2025-02-11
Home,112.02,116,182,Training Always,2025-02-11
Clothing,196.0,117,14,Process Government,2025-02-11
Clothing,418.29,118,181,Son Beat,2025-02-11
Home,498.35,119,126,Shoulder Difficult,2025-02-11
Sports,106.01,120,163,Grow Ahead,2025-02-11
Electronics,456.64,121,129,Protect Resource,2025-02-11
Home,282.91,122,50,Ground Today,2025-02-11
Electronics,253.83,123,60,Father Ahead,2025-02-11
Sports,305.68,124,54,Way Responsibility,2025-02-11
Sports,283.83,125,17,Similar Party,2025-02-11
Toys,54.32,126,155,Anyone Let,2025-02-11
Electronics,331.93,127,84,Expert Bag,2025-02-11
Home,205.73,128,54,Recent Person,2025-02-11
Sports,249.83,129,43,Character May,2025-02-11
Clothing,271.14,130,122,Then Age,2025-02-11
Grocery,251.88,131,176,Have Both,2025-02-11
Sports,276.08,132,30,Country Rule,2025-02-11
Grocery,401.76,133,57,Kind Trial,2025-02-11
Grocery,415.14,134,184,Room Need,2025-02-11
Clothing,22.54,135,108,American Down,2025-02-11
Home,285.9,136,119,Out Ability,2025-02-11
Sports,291.58,137,18,Pick Organization,2025-02-11
Electronics,466.73,138,78,Now Strong,2025-02-11
Toys,290.89,139,10,Commercial Night,2025-02-11
Grocery,470.96,140,20,Power Politics,2025-02-11
Grocery,497.49,141,83,That Next,2025-02-11
Sports,134.35,142,5,Clearly Write,2025-02-11
Home,468.87,143,20,Marriage Performance,2025-02-11
Electronics,232.56,144,84,Coach Establish,2025-02-11
Clothing,244.36,145,106,Pass Prove,2025-02-11
