item_name,category,quantity,price,restock_date
Record Item,Grocery,139,182.74,2025-02-11
Bar State,Sports,67,314.16,2025-02-11
Response Event,Home,170,73.65,2025-02-11
Weight Require,Grocery,24,64.38,2025-02-11
Believe Price,Grocery,46,145.62,2025-02-11
Phone Sport,Toys,36,105.3,2025-02-11
Old Develop,Toys,133,217.13,2025-02-11
Turn Court,Electronics,123,407.54,2025-02-11
Dinner Many,Clothing,178,154.33,2025-02-11
Such Successful,Clothing,96,318.59,2025-02-11
Politics Book,Clothing,87,147.62,2025-02-11
Near Organization,Electronics,39,447.67,2025-02-11
Energy Church,Home,49,30.41,2025-02-11
History At,Grocery,63,415.08,2025-02-11
Newspaper North,Home,162,294.1,2025-02-11
Education Consumer,Grocery,58,108.18,2025-02-11
Work Sometimes,Grocery,114,344.22,2025-02-11
Focus Parent,Electronics,49,393.52,2025-02-11
Forward Mrs,Electronics,25,346.63,2025-02-11
Program Population,Clothing,133,10.41,2025-02-11
Strong Cause,Electronics,13,157.15,2025-02-11
Tell Keep,Home,31,496.48,2025-02-11
Young Dream,Electronics,126,266.18,2025-02-11
Around Smile,Electronics,195,44.73,2025-02-11
Improve Yeah,Grocery,68,341.51,2025-02-11
Direction Explain,Home,58,4.51,2025-02-11
Light Nation,Sports,3,105.98,2025-02-11
Push Forward,Clothing,37,292.81,2025-02-11
Scientist Responsibility,Clothing,103,419.76,2025-02-11
Throughout From,Home,55,181.92,2025-02-11
Interview Price,Home,53,132.99,2025-02-11
Ball Over,Toys,170,158.86,2025-02-11
Market Analysis,Electronics,124,377.89,2025-02-11
Me Effort,Toys,101,249.14,2025-02-11
Movement Various,Home,122,80.88,2025-02-11
Something Instead,Grocery,111,246.15,2025-02-11
Open Design,Home,21,234.08,2025-02-11
Dog Popular,Clothing,3,72.46,2025-02-11
Too Radio,Toys,102,386.52,2025-02-11
Institution Pressure,Electronics,181,175.27,2025-02-11
Sing Per,Sports,154,21.3,2025-02-11
Turn Offer,Electronics,97,29.06,2025-02-11
Entire Role,Grocery,33,329.43,2025-02-11
Theory Remain,Home,27,243.13,2025-02-11
House Share,Clothing,116,487.22,2025-02-11
Own Face,Electronics,109,336.73,2025-02-11
Lot Allow,Electronics,35,293.75,2025-02-11
Foreign Market,Grocery,167,73.74,2025-02-11
Detail Send,Toys,82,291.14,2025-02-11
Trouble Another,Sports,159,235.05,2025-02-11
Nice Century,Home,96,314.57,2025-02-11
Wear President,Grocery,126,327.35,2025-02-11
Manager Yes,Clothing,84,439.7,2025-02-11
Identify Room,Toys,33,63.45,2025-02-11
Close Home,Sports,22,483.64,2025-02-11
Spring Difference,Grocery,103,286.64,2025-02-11
Skill Attack,Home,198,128.1,2025-02-11
Trial Owner,Clothing,118,413.81,2025-02-11
Sometimes Work,Electronics,159,41.06,2025-02-11
Decision Protect,Sports,153,467.65,2025-02-11
Whether Public,Home,78,134.67,2025-02-11
Same Produce,Sports,155,44.85,2025-02-11
Image Bar,Sports,71,18.29,2025-02-11
Action Hand,Electronics,179,287.34,2025-02-11
Number Then,Home,105,407.81,2025-02-11
Simply East,Electronics,35,432.97,2025-02-11
Relationship Physical,Sports,83,3.52,2025-02-11
Ever Economic,Clothing,191,382.69,2025-02-11
Debate Term,Sports,123,453.58,2025-02-11
Certainly Growth,Toys,192,85.93,2025-02-11
Unit Model,Electronics,55,40.08,2025-02-11
Student Other,Toys,40,156.27,2025-02-11
Know Night,Toys,20,407.54,2025-02-11
Per Newspaper,Toys,37,204.11,2025-02-11
Him Million,Sports,116,450.25,2025-02-11
House Allow,Grocery,38,74.08,2025-02-11
Short Fund,Home,81,365.37,2025-02-11
Among Government,Home,24,336.02,2025-02-11
Dream Husband,Grocery,7,177.9,2025-02-11
Mrs Home,Electronics,71,75.87,2025-02-11
Administration Kid,Grocery,167,248.66,2025-02-11
Me Use,Toys,54,393.71,2025-02-11
Quickly Arrive,Toys,191,39.21,2025-02-11
Hear Close,Home,87,283.17,2025-02-11
Still Any,Toys,52,388.15,2025-02-11
Attention Second,Sports,174,19.68,2025-02-11
Scientist Tax,Sports,80,406.76,2025-02-11
Produce Number,Clothing,191,479.76,2025-02-11
Manager Past,Sports,25,478.47,2025-02-11
Become Debate,Toys,117,134.14,2025-02-11
Measure Military,Clothing,39,448.65,2025-02-11
Floor Minute,Electronics,198,308.03,2025-02-11
Several Small,Sports,194,216.04,2025-02-11
Necessary Fall,Toys,3,374.25,2025-02-11
Authority Edge,Clothing,96,36.09,2025-02-11
Both Inside,Toys,163,259.9,2025-02-11
Or Administration,Home,149,57.04,2025-02-11
Learn Far,Grocery,105,226.47,2025-02-11
Song Hot,Grocery,119,387.4,2025-02-11
Happen Thing,Clothing,53,489.48,2025-02-11
Challenge Pick,Electronics,4,346.9,2025-02-11
None Certainly,Toys,109,229.49,2025-02-11
Gas Choose,Electronics,153,495.57,2025-02-11
Someone Go,Sports,84,63.51,2025-02-11
Later Foreign,Sports,195,230.49,2025-02-11
Support Job,Grocery,86,325.68,2025-02-11
Involve Smile,Grocery,167,414.54,2025-02-11
Maintain Control,Toys,44,338.62,2025-02-11
Contain If,Toys,199,228.79,2025-02-11
Stock Make,Electronics,195,95.88,2025-02-11
Task Environmental,Toys,88,156.48,2025-02-11
Catch Nearly,Toys,118,35.27,2025-02-11
Democratic Will,Sports,49,352.32,2025-02-11
Note Evidence,Toys,93,252.9,2025-02-11
Of Often,Sports,121,395.51,2025-02-11
Represent Ground,Clothing,103,437.63,2025-02-11
Suggest Gas,Home,28,248.73,2025-02-11
Candidate Growth,Grocery,32,41.72,2025-02-11
Trip At,Electronics,76,461.55,2025-02-11
Wonder Break,Sports,162,159.58,2025-02-11
Leave Use,Sports,55,308.28,2025-02-11
Reality Talk,Electronics,101,404.19,2025-02-11
Peace Than,Home,9,478.36,2025-02-11
Similar Religious,Toys,152,123.27,2025-02-11
Study Thing,Home,173,348.13,2025-02-11
Reveal Life,Grocery,157,151.93,2025-02-11
Anyone Forget,Home,187,136.83,2025-02-11
Century Partner,Toys,19,114.78,2025-02-11
Any Anything,Home,144,339.29,2025-02-11
Total Newspaper,Toys,19,184.59,2025-02-11
Investment It,Home,108,124.62,2025-02-11
Detail Process,Grocery,117,165.65,2025-02-11
Scene Which,Clothing,160,193.74,2025-02-11
Moment Order,Toys,155,290.56,2025-02-11
Power Performance,Toys,67,475.61,2025-02-11
Without May,Home,90,136.31,2025-02-11
Measure Try,Sports,181,145.74,2025-02-11
Defense Man,Sports,131,373.8,2025-02-11
Save Wish,Home,157,277.88,2025-02-11
Skin Believe,Toys,87,16.47,2025-02-11
Sound Act,Toys,109,17.9,2025-02-11
Yourself Finish,Electronics,101,214.22,2025-02-11
Treatment Crime,Clothing,58,294.0,2025-02-11
Central Plant,Home,104,327.05,2025-02-11
Safe Fear,Sports,179,474.26,2025-02-11
Beyond Stay,Home,179,338.11,2025-02-11
Technology Live,Sports,11,228.71,2025-02-11
Particular Become,Clothing,154,179.76,2025-02-11
Rise Sport,Electronics,172,199.63,2025-02-11
Daughter Smile,Sports,90,272.26,2025-02-11
Among Game,Sports,54,157.88,2025-02-11
Much List,Clothing,86,411.03,2025-02-11
Worker Want,Home,66,308.0,2025-02-11
Leave Bad,Home,188,489.98,2025-02-11
Explain Deep,Electronics,197,182.55,2025-02-11
Yard Herself,Grocery,181,187.58,2025-02-11
Mention War,Clothing,32,319.64,2025-02-11
