item_id,item_name,category,quantity,price,restock_date
1,Center Sound,Toys,115,129.3,2025-02-11
2,As Purpose,Clothing,87,437.48,2025-02-11
3,Once Property,Home,165,221.89,2025-02-11
4,Candidate Trial,Electronics,27,379.61,2025-02-11
5,Painting Subject,Sports,86,23.85,2025-02-11
6,Decision Look,Clothing,57,42.06,2025-02-11
7,Age Onto,Sports,21,362.75,2025-02-11
8,Task Deep,Sports,23,381.4,2025-02-11
9,Task Bit,Grocery,190,458.87,2025-02-11
10,First As,Electronics,194,258.64,2025-02-11
11,Likely Drive,Toys,74,483.26,2025-02-11
12,Allow Well,Home,87,70.02,2025-02-11
13,Significant Include,Toys,139,396.9,2025-02-11
14,Girl Approach,Electronics,90,86.24,2025-02-11
15,Visit Own,Clothing,115,48.59,2025-02-11
16,Film Meeting,Toys,8,130.5,2025-02-11
17,Ok Oil,Grocery,34,64.95,2025-02-11
18,Kind Century,Clothing,82,60.79,2025-02-11
19,After Hot,Toys,69,9.49,2025-02-11
20,Positive Later,Home,128,289.66,2025-02-11
21,Bar Region,Home,67,259.66,2025-02-11
22,Loss Art,Clothing,68,309.4,2025-02-11
23,Life Mission,Sports,32,45.66,2025-02-11
24,Effect Training,Grocery,68,439.12,2025-02-11
25,Team He,Clothing,65,382.39,2025-02-11
26,Born Industry,Grocery,62,245.6,2025-02-11
27,Receive Now,Grocery,186,457.87,2025-02-11
28,Couple Seven,Clothing,188,133.35,2025-02-11
29,Use Few,Grocery,84,457.58,2025-02-11
30,Break Sit,Toys,25,20.72,2025-02-11
31,Event Suffer,Home,180,234.95,2025-02-11
32,Plan Throughout,Grocery,53,373.91,2025-02-11
33,Key Maintain,Grocery,24,274.71,2025-02-11
34,Organization Set,Clothing,190,402.16,2025-02-11
35,Attorney Yes,Toys,25,423.67,2025-02-11
36,Another Rule,Clothing,191,375.32,2025-02-11
37,Door Enter,Electronics,116,156.99,2025-02-11
38,Choose Bar,Home,58,277.08,2025-02-11
39,Fact Car,Clothing,7,117.74,2025-02-11
40,Service Identify,Home,59,277.05,2025-02-11
41,Present Above,Home,26,146.38,2025-02-11
42,Range Factor,Sports,102,412.21,2025-02-11
43,Clearly Quality,Electronics,43,79.64,2025-02-11
44,Mother Choose,Sports,85,488.57,2025-02-11
45,Company Serve,Sports,98,260.62,2025-02-11
46,Feel Few,Electronics,52,163.3,2025-02-11
47,Find Turn,Clothing,26,73.08,2025-02-11
48,Play News,Sports,99,261.04,2025-02-11
49,Series Anything,Toys,93,400.59,2025-02-11
50,Where Program,Home,159,143.23,2025-02-11
51,Pay Same,Electronics,160,239.89,2025-02-11
52,Dog Suddenly,Electronics,160,190.92,2025-02-11
53,Kind Threat,Sports,42,51.02,2025-02-11
54,Number Hotel,Grocery,135,443.87,2025-02-11
55,Into We,Toys,155,41.23,2025-02-11
56,Third Cost,Home,191,93.81,2025-02-11
57,Nice Week,Sports,65,321.69,2025-02-11
58,That Its,Home,99,239.5,2025-02-11
59,Wear Statement,Clothing,166,237.78,2025-02-11
60,Bring Pay,Toys,32,402.17,2025-02-11
61,How Score,Clothing,9,426.09,2025-02-11
62,Party Party,Electronics,22,36.4,2025-02-11
63,Feel Modern,Home,62,478.41,2025-02-11
64,Young Blood,Electronics,27,186.29,2025-02-11
65,Boy Stage,Clothing,36,10.92,2025-02-11
66,See Read,Sports,137,498.05,2025-02-11
67,Military Hot,Home,24,65.87,2025-02-11
68,North Contain,Toys,106,349.26,2025-02-11
69,Decision Take,Electronics,75,131.03,2025-02-11
70,Imagine Song,Grocery,166,396.31,2025-02-11
71,Dinner Phone,Home,56,483.31,2025-02-11
72,Movie Fire,Sports,76,419.81,2025-02-11
73,Tend Rich,Toys,4,197.3,2025-02-11
74,Television Director,Home,78,89.11,2025-02-11
75,Fund Value,Sports,9,459.55,2025-02-11
76,Fish Enough,Home,45,136.84,2025-02-11
77,Network Service,Sports,109,425.04,2025-02-11
78,Try Set,Grocery,69,302.04,2025-02-11
79,Challenge Record,Sports,174,108.16,2025-02-11
80,Responsibility Speech,Grocery,24,207.47,2025-02-11
81,Professional Grow,Sports,23,444.0,2025-02-11
82,Firm Method,Toys,105,495.91,2025-02-11
83,Matter National,Sports,47,364.97,2025-02-11
84,Kid Perform,Home,151,398.14,2025-02-11
85,Plan Price,Grocery,60,337.48,2025-02-11
86,Or However,Home,133,366.3,2025-02-11
87,Television Some,Clothing,10,42.09,2025-02-11
88,Number Our,Grocery,112,266.78,2025-02-11
89,Table Media,Clothing,170,436.79,2025-02-11
90,Person Certainly,Home,124,492.65,2025-02-11
91,Administration Sure,Clothing,3,439.38,2025-02-11
92,Provide Pass,Home,172,167.56,2025-02-11
93,To Against,Home,56,265.97,2025-02-11
94,Ago Watch,Electronics,119,456.23,2025-02-11
95,Like Explain,Sports,54,213.18,2025-02-11
96,Student Within,Home,120,129.05,2025-02-11
97,Before Bring,Home,94,152.66,2025-02-11
98,High Speech,Sports,112,389.87,2025-02-11
99,Send Rule,Sports,72,195.88,2025-02-11
100,Scene Truth,Clothing,66,197.79,2025-02-11
101,Employee Reflect,Home,70,45.2,2025-02-11
102,Bag Certainly,Toys,15,134.78,2025-02-11
103,Mean Important,Sports,192,45.77,2025-02-11
104,Health Recent,Sports,122,41.63,2025-02-11
105,Agency Interest,Sports,66,474.34,2025-02-11
106,Just Since,Home,172,2.44,2025-02-11
107,Central Develop,Home,4,233.23,2025-02-11
108,Give Skin,Home,78,304.02,2025-02-11
109,Person Rest,Toys,1,260.52,2025-02-11
110,Understand Case,Sports,68,9.37,2025-02-11
111,Perform There,Sports,9,366.55,2025-02-11
112,Reason Seem,Sports,79,285.96,2025-02-11
113,Discuss City,Home,180,151.74,2025-02-11
114,Instead Alone,Home,130,438.0,2025-02-11
115,Send Which,Grocery,34,155.6,2025-02-11
116,Difference Finish,Sports,148,231.1,2025-02-11
117,Memory Fear,Clothing,21,261.14,2025-02-11
118,Enter Strategy,Sports,174,270.97,2025-02-11
119,Current Consider,Electronics,1,178.01,2025-02-11
120,Develop Shake,Home,31,189.46,2025-02-11
121,Those Themselves,Grocery,82,344.34,2025-02-11
122,Claim Product,Toys,175,475.4,2025-02-11
123,Body Specific,Toys,171,76.32,2025-02-11
124,Car Eight,Clothing,13,144.39,2025-02-11
125,Eight Real,Clothing,160,281.09,2025-02-11
126,Mouth For,Sports,12,91.39,2025-02-11
127,Gun Democrat,Clothing,86,148.6,2025-02-11
128,Forward Today,Home,114,352.51,2025-02-11
129,Owner Group,Home,66,48.5,2025-02-11
130,Heavy Happy,Electronics,54,49.8,2025-02-11
131,Majority All,Clothing,21,279.46,2025-02-11
132,Get Tough,Grocery,173,266.16,2025-02-11
133,Could Establish,Clothing,90,162.79,2025-02-11
134,Behavior Deep,Clothing,167,358.05,2025-02-11
135,Finally Career,Toys,119,285.54,2025-02-11
136,Teacher Organization,Sports,97,363.08,2025-02-11
137,At Stock,Grocery,168,134.2,2025-02-11
138,Society Can,Home,188,102.0,2025-02-11
139,South School,Grocery,76,161.85,2025-02-11
140,History Good,Home,45,105.22,2025-02-11
141,Authority Especially,Clothing,191,168.97,2025-02-11
142,Become Third,Sports,173,306.22,2025-02-11
143,Lead Coach,Clothing,78,4.17,2025-02-11
144,Affect Across,Grocery,88,403.89,2025-02-11
145,Do Board,Toys,57,402.56,2025-02-11
146,Relate Many,Toys,112,259.68,2025-02-11
147,Policy Skill,Toys,152,210.4,2025-02-11
148,Night Model,Grocery,175,336.58,2025-02-11
149,Feel Travel,Home,60,209.17,2025-02-11
150,Girl Nor,Toys,153,141.85,2025-02-11
151,Over Dinner,Home,158,299.09,2025-02-11
152,Save Right,Home,182,134.86,2025-02-11
153,Unit Admit,Electronics,146,150.59,2025-02-11
154,Machine Society,Clothing,120,471.26,2025-02-11
155,Rule Under,Toys,118,429.08,2025-02-11
156,Become Adult,Grocery,15,219.44,2025-02-11
