item_id,item_name,CATEGORY,quantity,price,restock_date
1,Strong Drug,Sports,83,73.56,2025-02-11
2,Treatment Edge,Home,192,208.7,2025-02-11
3,Note Light,Toys,98,1.56,2025-02-11
4,Drive Claim,Home,80,411.4,2025-02-11
5,Eat Amount,Electronics,99,415.54,2025-02-11
6,Between Surface,Clothing,66,181.02,2025-02-11
7,Evidence Deal,Home,33,359.61,2025-02-11
8,Interest Treat,Home,47,77.33,2025-02-11
9,This Politics,Toys,22,485.84,2025-02-11
10,Already Begin,Grocery,30,22.16,2025-02-11
11,Feeling You,Grocery,5,264.43,2025-02-11
12,End Minute,Electronics,80,449.1,2025-02-11
13,Reveal School,Sports,151,145.53,2025-02-11
14,From Thought,Sports,53,254.33,2025-02-11
15,Pressure Prove,Sports,61,104.83,2025-02-11
16,Stand Term,Grocery,2,494.12,2025-02-11
17,Various Make,Electronics,91,25.41,2025-02-11
18,Book Stop,Toys,197,173.07,2025-02-11
19,Bed Nearly,Toys,39,67.77,2025-02-11
20,Talk Standard,Sports,66,403.77,2025-02-11
21,Offer Time,Toys,161,46.9,2025-02-11
22,Issue Director,Home,96,210.47,2025-02-11
23,Serious Security,Electronics,28,397.43,2025-02-11
24,Radio Very,Electronics,123,123.29,2025-02-11
25,Real Stay,Electronics,55,396.19,2025-02-11
26,Center Too,Sports,148,39.25,2025-02-11
27,Budget Say,Grocery,69,120.66,2025-02-11
28,Body Page,Clothing,83,134.2,2025-02-11
29,Interest Actually,Clothing,179,257.19,2025-02-11
30,Result Ability,Toys,116,346.76,2025-02-11
31,Rather Work,Clothing,14,220.5,2025-02-11
32,Crime Each,Home,79,314.62,2025-02-11
33,Beautiful Catch,Home,51,227.14,2025-02-11
34,Keep Against,Clothing,68,485.02,2025-02-11
35,Put Budget,Toys,66,360.81,2025-02-11
36,Record Kind,Grocery,187,103.28,2025-02-11
37,Citizen Officer,Toys,151,322.04,2025-02-11
38,So Those,Sports,184,81.05,2025-02-11
39,Action Play,Home,127,6.06,2025-02-11
40,Read Kind,Electronics,76,353.47,2025-02-11
41,Know Miss,Electronics,79,198.71,2025-02-11
42,Present Many,Clothing,63,192.73,2025-02-11
43,Station Government,Clothing,107,359.32,2025-02-11
44,Very Third,Toys,192,48.59,2025-02-11
45,Rock Try,Clothing,133,418.4,2025-02-11
46,Great Describe,Sports,114,408.39,2025-02-11
47,Physical Foreign,Clothing,41,88.57,2025-02-11
48,Choice Party,Electronics,67,10.76,2025-02-11
49,Fast Degree,Home,149,494.88,2025-02-11
50,Compare Very,Grocery,93,38.47,2025-02-11
51,Approach Decision,Grocery,21,11.49,2025-02-11
52,Care Skin,Toys,182,438.03,2025-02-11
53,Follow Exactly,Electronics,146,153.34,2025-02-11
54,Arm Not,Toys,84,338.78,2025-02-11
55,Present Chance,Electronics,16,126.14,2025-02-11
56,Then Marriage,Clothing,105,199.74,2025-02-11
57,Field General,Electronics,105,143.75,2025-02-11
58,Soldier Size,Toys,194,442.67,2025-02-11
59,Test Operation,Electronics,41,226.45,2025-02-11
60,On Ability,Sports,83,49.41,2025-02-11
61,Will Themselves,Clothing,134,217.53,2025-02-11
62,Book Note,Clothing,56,28.18,2025-02-11
63,Together Bit,Clothing,115,225.07,2025-02-11
64,Degree Deep,Home,35,278.01,2025-02-11
65,Difficult Apply,Clothing,98,320.91,2025-02-11
66,Give Never,Sports,80,238.12,2025-02-11
67,Reveal Teacher,Toys,130,13.83,2025-02-11
68,The Create,Grocery,82,293.43,2025-02-11
69,These Phone,Grocery,4,359.38,2025-02-11
70,Condition Conference,Electronics,151,202.07,2025-02-11
71,Size Defense,Clothing,96,126.15,2025-02-11
72,Team Order,Electronics,89,382.47,2025-02-11
73,Job Check,Grocery,13,111.75,2025-02-11
74,Actually I,Sports,176,23.6,2025-02-11
75,Child Put,Toys,49,115.12,2025-02-11
76,Prove Time,Sports,166,441.95,2025-02-11
77,Around Environment,Grocery,19,171.42,2025-02-11
78,Guy Time,Electronics,11,180.7,2025-02-11
79,Certainly Standard,Electronics,183,355.79,2025-02-11
80,Challenge Site,Sports,171,186.87,2025-02-11
81,Bit Add,Home,148,242.06,2025-02-11
82,Leader Direction,Toys,110,274.61,2025-02-11
83,Year Through,Clothing,16,407.05,2025-02-11
84,Open Effect,Home,184,170.63,2025-02-11
85,Economy Level,Home,59,159.09,2025-02-11
86,Into General,Grocery,104,304.43,2025-02-11
87,Research Fight,Toys,44,430.56,2025-02-11
88,Worker Good,Clothing,125,150.38,2025-02-11
89,Design It,Toys,77,196.31,2025-02-11
90,Western Do,Sports,175,142.06,2025-02-11
91,Mention Analysis,Toys,8,126.6,2025-02-11
92,Song Hand,Grocery,164,166.75,2025-02-11
93,Charge Father,Sports,71,2.75,2025-02-11
94,Method Under,Toys,41,78.35,2025-02-11
95,Property Even,Toys,34,325.1,2025-02-11
96,Later Reduce,Home,126,97.11,2025-02-11
97,Would Keep,Clothing,191,152.79,2025-02-11
98,Gun Give,Home,58,165.04,2025-02-11
99,Need Behavior,Sports,112,257.57,2025-02-11
100,Police Technology,Toys,162,267.17,2025-02-11
101,Player Pass,Toys,183,184.99,2025-02-11
102,His Like,Electronics,86,113.01,2025-02-11
103,Notice Perform,Sports,101,33.2,2025-02-11
104,Will Address,Toys,73,130.09,2025-02-11
105,Word Improve,Electronics,176,38.09,2025-02-11
106,Reduce Easy,Electronics,41,77.89,2025-02-11
107,Tree Tell,Home,163,232.69,2025-02-11
108,Continue Enjoy,Clothing,74,318.64,2025-02-11
109,Investment Range,Home,165,179.77,2025-02-11
110,Act Try,Clothing,61,246.94,2025-02-11
111,Financial Before,Toys,171,93.93,2025-02-11
112,Expect Push,Grocery,36,4.94,2025-02-11
113,From Whom,Home,164,264.73,2025-02-11
114,Environment Short,Home,131,429.92,2025-02-11
115,Clearly Mind,Grocery,21,210.03,2025-02-11
116,Trip Trial,Clothing,113,299.54,2025-02-11
117,Notice Level,Clothing,148,384.13,2025-02-11
118,Vote Production,Toys,177,188.02,2025-02-11
119,My Easy,Electronics,192,121.68,2025-02-11
120,Term Majority,Toys,194,347.58,2025-02-11
121,Agent Within,Toys,57,447.63,2025-02-11
122,Resource Study,Toys,170,334.51,2025-02-11
123,Exist Fear,Sports,84,238.97,2025-02-11
124,Force Give,Clothing,9,356.53,2025-02-11
125,Concern Election,Sports,171,80.72,2025-02-11
