quantity,item_name,price,category,item_id,restock_date
130,Television World,383.07,Sports,1,2025-02-11
122,Property Hospital,468.5,Sports,2,2025-02-11
189,Home Imagine,256.23,Toys,3,2025-02-11
113,Lay Personal,123.66,Home,4,2025-02-11
82,Scientist Air,251.4,Sports,5,2025-02-11
118,Grow Miss,432.56,Grocery,6,2025-02-11
141,Can Art,177.44,Home,7,2025-02-11
134,Republican Policy,397.9,Sports,8,2025-02-11
148,Agency Best,334.11,Grocery,9,2025-02-11
91,We Inside,144.37,Grocery,10,2025-02-11
6,Decision Would,167.93,Sports,11,2025-02-11
22,Stop Organization,52.25,Toys,12,2025-02-11
88,Personal Production,121.11,Electronics,13,2025-02-11
44,Happy Why,328.49,Grocery,14,2025-02-11
132,Form Seven,392.58,Sports,15,2025-02-11
61,Region Network,417.97,Grocery,16,2025-02-11
78,Remain Imagine,66.58,Toys,17,2025-02-11
93,Discuss Manager,452.25,Electronics,18,2025-02-11
140,Laugh Similar,128.89,Home,19,2025-02-11
69,Necessary Up,62.41,Clothing,20,2025-02-11
103,Wife Want,396.25,Electronics,21,2025-02-11
37,Front Nor,126.52,Electronics,22,2025-02-11
137,Really Back,396.65,Electronics,23,2025-02-11
170,Any Per,61.01,Grocery,24,2025-02-11
102,Follow Crime,151.82,Sports,25,2025-02-11
7,After Agent,303.96,Toys,26,2025-02-11
181,Coach Leave,219.45,Clothing,27,2025-02-11
103,While Employee,414.82,Toys,28,2025-02-11
95,Special Whom,446.16,Toys,29,2025-02-11
191,Mother May,124.57,Clothing,30,2025-02-11
81,Face Sign,44.41,Electronics,31,2025-02-11
132,Operation Wind,54.76,Toys,32,2025-02-11
166,Approach There,378.24,Electronics,33,2025-02-11
159,Debate Similar,233.09,Clothing,34,2025-02-11
143,Role Opportunity,360.24,Toys,35,2025-02-11
40,Pattern Want,42.25,Sports,36,2025-02-11
77,Bank Pull,220.05,Electronics,37,2025-02-11
87,Rich Believe,322.57,Clothing,38,2025-02-11
17,Finally Describe,97.55,Grocery,39,2025-02-11
40,Try Situation,57.84,Grocery,40,2025-02-11
127,Thought Decide,180.77,Electronics,41,2025-02-11
41,Expect Late,499.25,Electronics,42,2025-02-11
38,Grow Direction,353.54,Clothing,43,2025-02-11
159,Left Change,123.35,Home,44,2025-02-11
18,Itself Address,412.54,Grocery,45,2025-02-11
25,Tax Of,263.99,Clothing,46,2025-02-11
113,Accept Final,215.99,Toys,47,2025-02-11
45,Safe Know,465.8,Sports,48,2025-02-11
45,Six Trade,48.75,Grocery,49,2025-02-11
36,Page Eat,162.34,Clothing,50,2025-02-11
151,My Doctor,160.69,Clothing,51,2025-02-11
37,Partner Simple,104.94,Clothing,52,2025-02-11
111,Cold Safe,53.39,Grocery,53,2025-02-11
61,Direction Central,310.55,Clothing,54,2025-02-11
171,White Drive,408.7,Sports,55,2025-02-11
86,Address Century,411.63,Sports,56,2025-02-11
162,Five That,121.48,Electronics,57,2025-02-11
141,Space Discussion,73.59,Grocery,58,2025-02-11
148,Each Surface,364.6,Electronics,59,2025-02-11
19,Heart Develop,411.56,Sports,60,2025-02-11
22,Law Whole,141.41,Toys,61,2025-02-11
142,Quite West,422.75,Toys,62,2025-02-11
197,Answer Since,425.79,Electronics,63,2025-02-11
94,Certainly Institution,102.31,Toys,64,2025-02-11
33,Conference Or,475.72,Clothing,65,2025-02-11
199,Pattern Technology,285.85,Clothing,66,2025-02-11
24,Wind Trial,2.01,Home,67,2025-02-11
182,Article Third,340.81,Sports,68,2025-02-11
198,Card Among,296.46,Toys,69,2025-02-11
114,Across Receive,331.58,Electronics,70,2025-02-11
68,Agreement Again,339.22,Toys,71,2025-02-11
113,Dinner Wear,227.86,Clothing,72,2025-02-11
97,Same Organization,285.18,Grocery,73,2025-02-11
99,Seat Environmental,226.77,Toys,74,2025-02-11
164,Commercial Sometimes,134.25,Sports,75,2025-02-11
142,Republican Guess,493.89,Toys,76,2025-02-11
12,Whose Industry,223.99,Grocery,77,2025-02-11
138,More Certainly,356.31,Sports,78,2025-02-11
69,Condition Generation,189.06,Electronics,79,2025-02-11
46,Learn Already,234.27,Toys,80,2025-02-11
56,Certainly Particularly,295.44,Grocery,81,2025-02-11
56,Back Just,353.22,Toys,82,2025-02-11
129,Less First,282.37,Grocery,83,2025-02-11
153,Indeed Yes,491.41,Clothing,84,2025-02-11
46,Management Officer,298.26,Electronics,85,2025-02-11
177,Others Then,261.68,Electronics,86,2025-02-11
84,Three Fish,29.94,Sports,87,2025-02-11
175,Drug Well,307.37,Clothing,88,2025-02-11
113,Cup Success,251.21,Grocery,89,2025-02-11
27,Civil Task,310.15,Electronics,90,2025-02-11
162,Eye Apply,222.22,Home,91,2025-02-11
183,Media Friend,412.78,Sports,92,2025-02-11
108,Role Front,85.92,Sports,93,2025-02-11
54,Billion Join,38.6,Electronics,94,2025-02-11
94,Available According,365.23,Electronics,95,2025-02-11
24,Each Hundred,216.49,Home,96,2025-02-11
177,Magazine Picture,20.35,Sports,97,2025-02-11
198,Thus Less,115.81,Sports,98,2025-02-11
147,Until Fall,383.69,Sports,99,2025-02-11
81,Scene Race,277.8,Electronics,100,2025-02-11
21,Certain Born,103.04,Home,101,2025-02-11
175,Rock Will,203.68,Clothing,102,2025-02-11
119,Society Hard,359.49,Home,103,2025-02-11
131,Teacher However,460.31,Toys,104,2025-02-11
28,Baby Action,184.01,Clothing,105,2025-02-11
83,Statement Produce,9.55,Electronics,106,2025-02-11
55,Stop Compare,89.58,Toys,107,2025-02-11
147,Eye Inside,53.75,Sports,108,2025-02-11
192,Begin Nature,1.7,Grocery,109,2025-02-11
169,And Finally,23.04,Home,110,2025-02-11
106,Same Fast,312.91,Electronics,111,2025-02-11
183,Example City,361.43,Electronics,112,2025-02-11
74,Heavy Letter,430.85,Sports,113,2025-02-11
16,Nothing State,216.3,Grocery,114,2025-02-11
102,Source Half,122.28,Grocery,115,2025-02-11
131,Cultural Music,307.34,Home,116,2025-02-11
40,Treat Behavior,340.5,Electronics,117,2025-02-11
74,Available Animal,86.79,Toys,118,2025-02-11
98,Discuss Ask,194.23,Grocery,119,2025-02-11
127,Southern End,317.42,Toys,120,2025-02-11
152,We All,101.13,Sports,121,2025-02-11
164,Cover Newspaper,215.23,Sports,122,2025-02-11
95,Each Coach,107.92,Clothing,123,2025-02-11
199,Bit Perhaps,23.48,Grocery,124,2025-02-11
53,Picture Present,325.94,Toys,125,2025-02-11
35,Skin Themselves,180.8,Clothing,126,2025-02-11
24,Check Fast,419.86,Grocery,127,2025-02-11
71,Second Offer,100.71,Grocery,128,2025-02-11
140,Government Phone,181.6,Grocery,129,2025-02-11
14,Official Cultural,353.52,Toys,130,2025-02-11
161,Owner Live,230.95,Home,131,2025-02-11
72,Everything Dark,105.49,Home,132,2025-02-11
170,Tough Carry,356.86,Sports,133,2025-02-11
88,Face Room,184.62,Sports,134,2025-02-11
137,Land Range,21.17,Electronics,135,2025-02-11
155,As Particularly,373.63,Clothing,136,2025-02-11
60,Now Test,17.37,Grocery,137,2025-02-11
39,Will Something,382.46,Grocery,138,2025-02-11
159,From Upon,258.68,Sports,139,2025-02-11
108,Your Hope,279.39,Clothing,140,2025-02-11
