item_id,item_name,category,quantity,price,restock_date
1,He Indicate,Sports,151,206.24,2025-02-11
2,Sing Rock,Electronics,185,55.26,2025-02-11
3,Forget Quickly,Clothing,61,262.44,2025-02-11
4,Commercial Value,Home,114,406.95,2025-02-11
5,Laugh Baby,Toys,132,75.36,2025-02-11
6,Thousand Sister,Grocery,79,224.55,2025-02-11
7,Every Fund,Home,27,233.66,2025-02-11
8,Million May,Toys,166,395.32,2025-02-11
9,Remain Fast,Sports,179,405.45,2025-02-11
10,Movie Travel,Toys,81,348.65,2025-02-11
11,Question Writer,Grocery,120,438.14,2025-02-11
12,Age Everything,Grocery,124,433.24,2025-02-11
13,Before Material,Toys,124,199.43,2025-02-11
14,Glass Color,Clothing,159,224.34,2025-02-11
15,Often Congress,Toys,86,211.43,2025-02-11
16,Church Foreign,Grocery,79,8.72,2025-02-11
17,Reach Garden,Home,15,491.4,2025-02-11
18,Population Me,Sports,44,465.79,2025-02-11
19,Compare Air,Sports,143,131.2,2025-02-11
20,Nation Stock,Clothing,24,439.12,2025-02-11
21,Before Factor,Electronics,41,348.74,2025-02-11
22,Life Put,Toys,150,272.73,2025-02-11
23,Finally American,Electronics,134,104.3,2025-02-11
24,Season Language,Grocery,174,55.18,2025-02-11
25,Brother Short,Toys,103,105.52,2025-02-11
26,Voice Sort,Home,115,65.69,2025-02-11
27,Player Pass,Grocery,45,86.62,2025-02-11
28,Medical Spring,Grocery,100,24.85,2025-02-11
29,Husband Quality,Home,128,408.41,2025-02-11
30,Wife Career,Sports,161,240.74,2025-02-11
31,Surface Speak,Toys,132,339.96,2025-02-11
32,Form Dream,Home,180,255.38,2025-02-11
33,Media Author,Clothing,104,79.87,2025-02-11
34,Work Any,Clothing,124,305.28,2025-02-11
35,Middle Practice,Grocery,193,296.29,2025-02-11
36,Her Much,Electronics,51,479.0,2025-02-11
37,Final Tend,Clothing,122,410.87,2025-02-11
38,Cost Book,Grocery,96,115.88,2025-02-11
39,Pm Room,Toys,73,40.68,2025-02-11
40,Teach Drop,Clothing,81,431.59,2025-02-11
41,Eye A,Toys,139,116.28,2025-02-11
42,Manage Budget,Home,73,381.39,2025-02-11
43,Future Spend,Electronics,37,131.94,2025-02-11
44,Already Newspaper,Home,195,331.14,2025-02-11
45,Class Per,Grocery,35,234.91,2025-02-11
46,Experience Entire,Sports,5,398.53,2025-02-11
47,Wind Do,Grocery,143,369.0,2025-02-11
48,While Tonight,Electronics,126,447.01,2025-02-11
49,Little Think,Toys,18,334.77,2025-02-11
50,Always Across,Grocery,86,126.85,2025-02-11
51,Somebody Color,Grocery,170,104.43,2025-02-11
52,Station Series,Clothing,77,348.73,2025-02-11
53,Force Work,Toys,36,453.71,2025-02-11
54,Talk Quality,Clothing,153,481.86,2025-02-11
55,See Collection,Toys,191,491.84,2025-02-11
56,Turn Eye,Clothing,190,43.82,2025-02-11
57,Second Stuff,Sports,72,395.53,2025-02-11
58,And Today,Sports,166,432.55,2025-02-11
59,Once Drive,Clothing,134,372.1,2025-02-11
60,Down Institution,Grocery,137,5.39,2025-02-11
61,Rather Party,Clothing,168,275.87,2025-02-11
62,Enter Argue,Clothing,169,378.09,2025-02-11
63,Leave Single,Toys,24,476.35,2025-02-11
64,Enjoy Individual,Sports,198,300.03,2025-02-11
65,Property Require,Grocery,56,459.48,2025-02-11
66,Start State,Electronics,16,154.85,2025-02-11
67,Space Customer,Electronics,75,273.85,2025-02-11
68,Number Style,Sports,20,428.46,2025-02-11
69,Young Middle,Clothing,105,117.39,2025-02-11
70,Usually Year,Electronics,58,204.84,2025-02-11
71,Fear Thought,Grocery,170,400.21,2025-02-11
72,Wrong Various,Electronics,111,489.36,2025-02-11
73,Provide Structure,Sports,123,383.35,2025-02-11
74,Information Explain,Toys,149,62.65,2025-02-11
75,Standard Such,Sports,36,450.83,2025-02-11
76,Even Gas,Sports,98,96.7,2025-02-11
77,Individual Statement,Home,33,306.8,2025-02-11
78,Another My,Grocery,199,306.15,2025-02-11
79,Recognize Well,Home,154,209.39,2025-02-11
80,Conference Identify,Home,80,451.63,2025-02-11
81,Player Task,Toys,16,39.02,2025-02-11
82,Still To,Toys,159,380.13,2025-02-11
83,My Student,Grocery,62,329.95,2025-02-11
84,Wish Create,Electronics,167,5.56,2025-02-11
85,Send Site,Grocery,159,219.95,2025-02-11
86,Cut Expert,Sports,188,118.15,2025-02-11
87,Down Test,Home,129,236.21,2025-02-11
88,Become Fine,Grocery,19,231.48,2025-02-11
89,World Hair,Toys,187,426.92,2025-02-11
90,Along Radio,Grocery,126,101.89,2025-02-11
91,Manager Put,Clothing,25,410.15,2025-02-11
92,Truth Report,Toys,63,24.08,2025-02-11
93,Paper Near,Clothing,128,100.75,2025-02-11
94,Soldier Color,Electronics,32,499.79,2025-02-11
95,Night Tv,Toys,27,161.75,2025-02-11
96,Yes Family,Grocery,113,428.91,2025-02-11
97,Including Require,Toys,54,495.49,2025-02-11
98,See Against,Sports,76,81.19,2025-02-11
99,Two Teacher,Grocery,95,218.82,2025-02-11
100,Detail Late,Sports,121,55.27,2025-02-11
101,Imagine Per,Toys,31,50.33,2025-02-11
102,General Job,Home,73,437.89,2025-02-11
103,Far Key,Sports,187,60.05,2025-02-11
104,Game Put,Toys,52,282.57,2025-02-11
105,Seat Teach,Clothing,160,4.12,2025-02-11
106,Between Similar,Clothing,169,87.02,2025-02-11
107,Theory Available,Grocery,183,85.6,2025-02-11
108,Skin Scene,Toys,48,414.63,2025-02-11
109,Medical Both,Electronics,120,208.7,2025-02-11
110,Section Rule,Toys,23,149.61,2025-02-11
111,Would Fast,Toys,17,119.04,2025-02-11
112,List Executive,Home,183,468.43,2025-02-11
113,Share Heavy,Electronics,87,257.44,2025-02-11
