item_name,category,quantity,price,restock_date
Tv Change,Toys,35,4.31,2025-02-11
Close Ahead,Electronics,99,402.89,2025-02-11
Create Program,Grocery,133,71.49,2025-02-11
Lay Grow,Clothing,159,463.81,2025-02-11
Us Magazine,Grocery,10,96.24,2025-02-11
Study Force,Grocery,157,478.66,2025-02-11
Trial Easy,Clothing,60,313.97,2025-02-11
Add Staff,Home,139,135.67,2025-02-11
Result Decide,Sports,181,168.73,2025-02-11
Week It,Home,192,4.94,2025-02-11
Structure Professor,Electronics,106,295.39,2025-02-11
Once Local,Home,102,140.63,2025-02-11
Take Finish,Grocery,42,71.69,2025-02-11
Stage Do,Electronics,28,325.72,2025-02-11
Throw Likely,Electronics,110,22.48,2025-02-11
School Group,Home,132,310.52,2025-02-11
Catch Treatment,Clothing,79,476.65,2025-02-11
Already Good,Grocery,181,253.1,2025-02-11
Effect Probably,Grocery,11,343.27,2025-02-11
Anything Environmental,Electronics,4,403.1,2025-02-11
Brother Reduce,Sports,107,376.99,2025-02-11
Head Force,Clothing,192,420.68,2025-02-11
Health Billion,Electronics,12,89.86,2025-02-11
Course Evening,Toys,178,68.18,2025-02-11
Movie Tough,Sports,99,219.91,2025-02-11
While No,Grocery,54,301.86,2025-02-11
There Site,Clothing,88,105.25,2025-02-11
Me Anything,Electronics,37,479.04,2025-02-11
Well Human,Grocery,48,426.84,2025-02-11
Eight Wide,Grocery,52,320.49,2025-02-11
Perhaps Take,Clothing,91,409.23,2025-02-11
Girl Sense,Sports,147,184.95,2025-02-11
Campaign Concern,Home,38,192.55,2025-02-11
East Across,Home,6,197.66,2025-02-11
Seven Leg,Sports,41,464.62,2025-02-11
Break Later,Toys,109,440.97,2025-02-11
Wrong As,Electronics,175,493.74,2025-02-11
May American,Sports,126,279.98,2025-02-11
White Him,Grocery,175,404.1,2025-02-11
First Smile,Grocery,159,356.6,2025-02-11
Without This,Electronics,68,274.23,2025-02-11
Campaign Inside,Home,2,447.84,2025-02-11
Firm According,Grocery,166,440.28,2025-02-11
After Religious,Home,150,193.0,2025-02-11
Cover Arrive,Clothing,60,118.21,2025-02-11
Available Structure,Toys,187,269.72,2025-02-11
Word Talk,Electronics,99,14.94,2025-02-11
Back Fire,Sports,147,311.95,2025-02-11
Or Space,Clothing,176,28.12,2025-02-11
Price Sport,Home,179,105.4,2025-02-11
Exist Deep,Toys,115,423.07,2025-02-11
Better Identify,Clothing,197,227.38,2025-02-11
Add Century,Electronics,198,391.14,2025-02-11
Seat Sometimes,Home,6,3.46,2025-02-11
Imagine Nothing,Toys,19,85.23,2025-02-11
When Cover,Toys,179,100.69,2025-02-11
Manage Forget,Grocery,183,420.85,2025-02-11
Bank Decision,Electronics,63,498.94,2025-02-11
Rich Majority,Electronics,136,259.05,2025-02-11
Officer Shake,Sports,183,447.06,2025-02-11
Moment Travel,Grocery,191,65.94,2025-02-11
Black Majority,Home,79,15.83,2025-02-11
Music Amount,Home,7,127.79,2025-02-11
Push Mission,Clothing,153,157.49,2025-02-11
Enter Can,Clothing,191,426.39,2025-02-11
Wrong Enjoy,Home,53,488.99,2025-02-11
Reality Yard,Home,139,71.06,2025-02-11
Card Best,Electronics,99,36.08,2025-02-11
Hour Build,Sports,6,310.82,2025-02-11
Possible Money,Electronics,65,356.08,2025-02-11
Able Maintain,Toys,158,481.64,2025-02-11
Scene Break,Home,16,425.78,2025-02-11
Affect Feel,Sports,181,90.73,2025-02-11
Many Break,Grocery,120,416.69,2025-02-11
Teacher Wait,Clothing,197,84.46,2025-02-11
There Look,Home,187,369.8,2025-02-11
Tree Force,Clothing,38,257.07,2025-02-11
Culture Heart,Home,122,278.97,2025-02-11
Budget Second,Toys,80,338.63,2025-02-11
Remain Type,Toys,179,56.5,2025-02-11
Walk Stop,Toys,137,308.71,2025-02-11
Along Model,Home,15,53.81,2025-02-11
Garden Any,Home,28,423.0,2025-02-11
Want Strong,Home,168,357.75,2025-02-11
Head Prepare,Sports,174,352.37,2025-02-11
Indicate Worry,Sports,60,156.69,2025-02-11
Break Day,Home,170,358.76,2025-02-11
Attention Marriage,Clothing,182,488.22,2025-02-11
Only Ahead,Toys,131,426.82,2025-02-11
Traditional Whether,Toys,19,153.47,2025-02-11
None Allow,Sports,82,344.18,2025-02-11
Reveal Some,Sports,49,449.01,2025-02-11
Record He,Grocery,158,315.48,2025-02-11
Son Imagine,Home,26,421.43,2025-02-11
Mother Democrat,Sports,53,491.59,2025-02-11
Chance Good,Toys,13,113.28,2025-02-11
Here Recently,Sports,181,308.6,2025-02-11
Under Where,Toys,73,115.14,2025-02-11
Pay Her,Clothing,32,249.85,2025-02-11
Weight Young,Sports,126,66.15,2025-02-11
Site Action,Sports,147,23.62,2025-02-11
Military Identify,Toys,158,258.35,2025-02-11
Goal Use,Home,6,39.31,2025-02-11
Off Affect,Electronics,57,146.09,2025-02-11
Officer Beautiful,Sports,175,431.27,2025-02-11
You Second,Sports,94,69.98,2025-02-11
Human New,Toys,5,499.71,2025-02-11
Future Protect,Clothing,88,277.0,2025-02-11
Develop Music,Electronics,174,383.73,2025-02-11
Public Such,Clothing,112,39.82,2025-02-11
Letter Data,Home,105,126.58,2025-02-11
Century Pull,Home,177,157.04,2025-02-11
Live Movement,Clothing,190,361.17,2025-02-11
Citizen Argue,Electronics,185,449.43,2025-02-11
Final Something,Toys,154,305.52,2025-02-11
Agree Cold,Electronics,18,112.62,2025-02-11
Fact Space,Toys,59,186.49,2025-02-11
Glass Little,Grocery,81,423.68,2025-02-11
Class Pull,Home,19,354.02,2025-02-11
Television Skin,Home,114,340.68,2025-02-11
Power Tough,Electronics,104,335.34,2025-02-11
Agency Near,Home,158,168.58,2025-02-11
Several Report,Grocery,4,74.2,2025-02-11
Happy Event,Electronics,104,161.95,2025-02-11
Star Product,Home,57,354.2,2025-02-11
You Religious,Home,13,286.7,2025-02-11
Scientist Recent,Clothing,20,73.32,2025-02-11
Page For,Electronics,71,28.15,2025-02-11
Actually Which,Home,3,31.62,2025-02-11
Need Physical,Clothing,173,109.56,2025-02-11
Firm Him,Clothing,31,62.0,2025-02-11
Its Government,Toys,1,31.03,2025-02-11
Six Expert,Grocery,30,93.76,2025-02-11
Model Even,Electronics,146,165.4,2025-02-11
This Edge,Clothing,200,193.09,2025-02-11
Scene Effect,Home,78,252.12,2025-02-11
Ten Seven,Electronics,33,410.96,2025-02-11
Direction Administration,Electronics,32,431.01,2025-02-11
Fish Spend,Clothing,73,273.24,2025-02-11
Generation Wonder,Home,76,327.45,2025-02-11
Consumer Their,Electronics,1,293.26,2025-02-11
