item_id,item_name,category,quantity,price,Restock Date
1,Pull Follow,Grocery,98,386.92,2025-02-11
2,White Thus,Clothing,130,178.23,2025-02-11
3,Read Loss,Clothing,72,237.22,2025-02-11
4,Service Son,Electronics,141,5.41,2025-02-11
5,Blood High,Sports,195,337.38,2025-02-11
6,Truth Apply,Home,45,379.24,2025-02-11
7,Think Dream,Clothing,142,45.88,2025-02-11
8,Property Themselves,Electronics,155,358.79,2025-02-11
9,Matter Official,Electronics,14,432.98,2025-02-11
10,Fact Identify,Electronics,61,387.65,2025-02-11
11,Either Tonight,Grocery,169,251.1,2025-02-11
12,Risk Language,Clothing,148,464.45,2025-02-11
13,Around Less,Electronics,23,148.65,2025-02-11
14,Soon Serious,Toys,22,381.46,2025-02-11
15,Record Serious,Grocery,200,436.19,2025-02-11
16,Worry Sea,Clothing,116,110.74,2025-02-11
17,Structure Individual,Electronics,78,190.05,2025-02-11
18,Prove Pull,Clothing,176,347.56,2025-02-11
19,Give Plan,Clothing,124,155.33,2025-02-11
20,Want Fall,Sports,141,386.59,2025-02-11
21,Simple Involve,Toys,138,360.41,2025-02-11
22,Service Type,Clothing,28,297.44,2025-02-11
23,Actually Stuff,Sports,15,89.17,2025-02-11
24,Still Five,Sports,145,450.56,2025-02-11
25,Low Send,Electronics,195,176.28,2025-02-11
26,Especially Argue,Grocery,6,406.26,2025-02-11
27,Arrive Still,Sports,49,345.59,2025-02-11
28,Value Food,Electronics,128,300.71,2025-02-11
29,From Least,Sports,28,441.58,2025-02-11
30,Expect People,Electronics,199,411.58,2025-02-11
31,System There,Sports,145,35.03,2025-02-11
32,Future Front,Home,58,11.52,2025-02-11
33,Impact Big,Grocery,27,445.63,2025-02-11
34,Finally Mother,Toys,26,122.69,2025-02-11
35,Be Record,Clothing,130,197.97,2025-02-11
36,Play Worker,Home,62,55.92,2025-02-11
37,Discover Spring,Toys,139,362.11,2025-02-11
38,Fine His,Toys,114,491.6,2025-02-11
39,Pass Above,Grocery,87,179.47,2025-02-11
40,Lay Trip,Home,180,130.2,2025-02-11
41,Lead Learn,Toys,79,424.16,2025-02-11
42,Fall Doctor,Toys,96,283.93,2025-02-11
43,Skill Space,Clothing,146,54.29,2025-02-11
44,Age Republican,Electronics,96,436.42,2025-02-11
45,So Source,Sports,56,62.44,2025-02-11
46,Save Subject,Home,90,84.94,2025-02-11
47,Television Return,Sports,195,123.74,2025-02-11
48,Successful Win,Electronics,87,408.8,2025-02-11
49,Start To,Grocery,38,341.48,2025-02-11
50,View Recent,Sports,170,467.49,2025-02-11
51,Hour Lot,Grocery,166,416.87,2025-02-11
52,Hundred When,Home,152,225.33,2025-02-11
53,Really Across,Electronics,66,138.48,2025-02-11
54,Word Catch,Electronics,98,290.14,2025-02-11
55,Dog Artist,Electronics,159,286.89,2025-02-11
56,Single Own,Grocery,98,210.55,2025-02-11
57,May Matter,Electronics,187,194.68,2025-02-11
58,Collection Operation,Grocery,1,73.23,2025-02-11
59,Whose Moment,Clothing,109,487.54,2025-02-11
60,For Easy,Home,91,103.95,2025-02-11
61,Beautiful Difficult,Clothing,46,174.13,2025-02-11
62,Art Remain,Sports,141,55.14,2025-02-11
63,Education Design,Grocery,91,312.94,2025-02-11
64,Away Room,Grocery,137,335.69,2025-02-11
65,Set Available,Toys,160,165.68,2025-02-11
66,International Wife,Toys,71,405.17,2025-02-11
67,Conference Card,Home,124,74.48,2025-02-11
68,Quickly Power,Toys,144,438.66,2025-02-11
69,Just Rest,Grocery,194,283.73,2025-02-11
70,Put Into,Toys,161,487.03,2025-02-11
71,Likely Quite,Toys,66,392.36,2025-02-11
72,State Mind,Sports,141,150.95,2025-02-11
73,Son Lawyer,Electronics,109,390.25,2025-02-11
74,Box Strong,Grocery,58,196.96,2025-02-11
75,Without Reality,Toys,184,459.57,2025-02-11
76,Change Stuff,Sports,200,36.02,2025-02-11
77,Kitchen Hand,Sports,94,197.39,2025-02-11
78,Exist Here,Home,189,232.84,2025-02-11
79,Low Nothing,Sports,37,378.52,2025-02-11
80,Foreign Understand,Electronics,24,458.75,2025-02-11
81,Pattern Information,Toys,5,470.83,2025-02-11
82,Culture Body,Electronics,108,415.65,2025-02-11
83,Know Clear,Clothing,68,467.2,2025-02-11
84,Future Wide,Clothing,63,222.53,2025-02-11
85,Special Research,Grocery,144,335.57,2025-02-11
86,Relationship Especially,Grocery,145,46.33,2025-02-11
87,Sign Personal,Grocery,26,330.54,2025-02-11
88,Suddenly Cut,Electronics,175,446.82,2025-02-11
89,Watch Talk,Home,173,452.02,2025-02-11
90,Son Serve,Home,114,316.18,2025-02-11
91,Meet Station,Toys,30,341.16,2025-02-11
92,Along History,Grocery,125,307.28,2025-02-11
93,Look Actually,Electronics,145,123.99,2025-02-11
94,Nation Seek,Toys,80,34.88,2025-02-11
95,Lose More,Grocery,108,422.21,2025-02-11
96,Page Why,Sports,110,17.34,2025-02-11
97,Lay Inside,Clothing,33,165.56,2025-02-11
98,The Wonder,Clothing,188,373.31,2025-02-11
99,Rock People,Clothing,157,477.56,2025-02-11
100,Security Government,Electronics,151,322.0,2025-02-11
101,Free Difficult,Grocery,46,402.1,2025-02-11
102,Region Break,Grocery,48,177.83,2025-02-11
103,Up Break,Clothing,97,151.63,2025-02-11
104,Rock Common,Toys,15,299.15,2025-02-11
105,Foot Paper,Grocery,76,434.25,2025-02-11
106,Upon Role,Clothing,191,84.64,2025-02-11
107,Personal Blood,Grocery,163,474.94,2025-02-11
108,Seek More,Toys,95,285.84,2025-02-11
109,These Eat,Home,68,409.46,2025-02-11
110,Assume Threat,Grocery,71,368.05,2025-02-11
111,It Mission,Toys,53,213.21,2025-02-11
112,Those Town,Toys,36,187.49,2025-02-11
113,Best Front,Clothing,4,251.49,2025-02-11
114,Finally Time,Clothing,169,456.49,2025-02-11
115,Conference Source,Grocery,122,29.87,2025-02-11
116,Newspaper Team,Home,136,288.67,2025-02-11
117,Lawyer Piece,Toys,111,307.0,2025-02-11
118,Remain Career,Electronics,45,293.26,2025-02-11
119,Here Teach,Home,46,426.35,2025-02-11
120,Go He,Electronics,164,481.39,2025-02-11
121,Audience Western,Electronics,59,251.44,2025-02-11
122,Reason Eye,Sports,45,305.76,2025-02-11
123,Whether Than,Home,15,259.93,2025-02-11
124,View Speech,Clothing,22,302.26,2025-02-11
125,Usually Along,Electronics,23,24.14,2025-02-11
126,Occur Picture,Clothing,112,75.01,2025-02-11
127,Wish Late,Sports,173,260.62,2025-02-11
128,Chair History,Toys,133,384.36,2025-02-11
129,That Indeed,Clothing,28,455.83,2025-02-11
130,Carry Top,Home,147,325.52,2025-02-11
131,Yet Well,Sports,60,450.48,2025-02-11
132,Plant Short,Clothing,29,252.16,2025-02-11
133,Sign Son,Home,60,41.46,2025-02-11
134,Generation Feeling,Electronics,75,488.43,2025-02-11
135,Everyone Church,Grocery,185,59.81,2025-02-11
136,Democratic List,Sports,26,347.85,2025-02-11
137,Table Which,Sports,47,485.36,2025-02-11
138,Plan Series,Electronics,175,165.87,2025-02-11
139,Action Range,Toys,129,376.2,2025-02-11
140,What Party,Grocery,5,38.45,2025-02-11
141,What Sometimes,Toys,47,362.09,2025-02-11
142,Even Include,Home,168,110.63,2025-02-11
143,Happy However,Home,6,283.42,2025-02-11
144,Assume Model,Toys,189,218.92,2025-02-11
145,None Station,Clothing,111,6.7,2025-02-11
146,Up Final,Sports,61,476.99,2025-02-11
147,Your Mention,Home,113,275.25,2025-02-11
148,Artist Travel,Grocery,191,448.41,2025-02-11
149,Nature Within,Electronics,62,330.61,2025-02-11
150,Mouth Leader,Sports,40,480.56,2025-02-11
151,Look Should,Clothing,56,163.67,2025-02-11
152,Campaign Father,Clothing,29,184.27,2025-02-11
153,Hundred Store,Electronics,109,132.72,2025-02-11
154,Can Southern,Home,109,149.4,2025-02-11
155,Throw Before,Clothing,76,51.33,2025-02-11
156,Common Usually,Clothing,35,441.6,2025-02-11
157,Reduce Car,Toys,125,418.03,2025-02-11
158,Similar Painting,Sports,54,375.92,2025-02-11
159,Style Peace,Electronics,41,496.4,2025-02-11
