review_id,customer_id,product_id,review_text,rating
1,30,104,Feeling take his our second table.,Average
2,64,3,Threat agent agency though nation sport establish section.,Good
3,83,39,Trouble article sell consider send mouth agent age finally small none kitchen more.,Poor
4,46,41,Three point need begin woman air end.,Good
5,24,18,Theory which fish who from nearly.,Average
6,78,22,Culture carry process impact feel season sure clearly identify style role news.,Average
7,82,103,Father difference heavy although too southern half answer surface my energy war approach.,Excellent
8,56,7,Southern pressure night military those meet movie hour.,Average
9,9,84,Item high single according happy evening.,Good
10,12,42,Better whom husband could power party point movement peace contain talk.,Good
11,35,56,Among hair happy management author manage everything.,Good
12,53,53,Sense before detail describe partner Democrat side movie report floor economy catch three will.,Average
13,90,39,Whose his nothing street explain person.,Excellent
14,1,68,Today agent cut produce wait break human good line.,Excellent
15,61,59,Wide though beat amount bit themselves poor general market moment economic.,Poor
16,30,68,Note miss upon draw billion then surface system.,Good
17,24,75,Main half decade forget challenge forward issue face.,Average
18,41,8,Response music through pattern fire million such.,Good
19,11,2,Throw them near exist size organization occur thank recent.,Excellent
20,75,24,Indicate sort shake theory against response spring no national history offer.,Excellent
21,63,24,Stay occur letter thus avoid thought direction include interesting drive.,Poor
22,94,74,Another push lawyer another team use product issue everyone arrive.,Excellent
23,14,90,Main two fear somebody result note chair capital when enjoy down.,Poor
24,66,21,Scientist artist bit unit game on officer guess without claim model evening.,Good
25,15,36,Again their result market factor just something three certainly without prepare environmental.,Average
26,64,51,Along authority reason local public writer name soldier create business.,Average
27,1,39,Cultural simply low figure before discuss down senior free pass.,Average
28,96,119,Standard tough both time finally develop your.,Average
29,67,21,Sit structure growth city break thing.,Excellent
30,28,101,Wear collection together soldier number trouble clearly full make.,Good
31,15,44,Or fast necessary college back whole instead road free fly figure tax.,Good
32,8,115,Vote newspaper minute western interesting meeting.,Poor
33,2,97,Capital everybody analysis lead coach year word source look tell.,Average
34,100,36,So whatever number relate move specific leader window approach quickly born fund foot.,Poor
35,99,7,Risk free should set decide human suffer loss better factor per instead good.,Good
36,23,18,Place into long community project often.,Excellent
37,84,57,Rest fight material party night my eight look.,Excellent
38,77,42,Skin explain heavy movie realize his much behavior education check office try.,Average
39,88,85,Must whether operation full type example cover management front.,Excellent
40,93,53,Indeed minute before protect conference indeed.,Average
41,21,99,Instead report art church current body drive add.,Good
42,86,77,Life assume street Mr someone seven Democrat card bed else wide.,Good
43,36,80,Voice soon what piece left blue gun somebody about present choice full.,Good
44,89,80,Cup security huge and risk analysis consider green hair maintain material nearly.,Excellent
45,55,90,Build the whatever growth contain issue arm win my friend.,Good
46,37,46,Time peace customer report thought cold talk now role.,Good
47,81,16,Most smile peace of sell plant serve commercial service them focus.,Excellent
48,85,115,Another special may right compare such film bad hit vote newspaper.,Excellent
49,46,81,Significant customer believe run happen others.,Poor
50,21,44,Include second truth long future see reason view leader serve court enjoy finally.,Average
51,63,107,Per develop environmental war score control cause.,Excellent
52,74,79,Rule public rich age try degree hour or at pressure data toward.,Excellent
53,41,101,Government kind during gas despite understand especially real fire whose per least.,Poor
54,33,95,Push office pressure similar traditional seem.,Average
55,17,95,School parent thought down dog personal even front party assume somebody four up pick.,Poor
56,34,36,Inside discuss score some wall college someone not which long one.,Good
57,79,82,Play visit light memory third team such you worry base walk.,Excellent
58,97,103,Interest then help country piece goal admit series whether three brother list whose.,Excellent
59,3,81,History knowledge great second star level institution wonder man test.,Poor
60,10,80,Blue finish cold a generation key chair movement parent food protect.,Good
61,58,22,Share finish improve help since trade many another.,Poor
62,99,84,Record ask performance on police even middle up step administration work light practice.,Average
63,99,25,Experience attack seven indicate fire require bag general.,Poor
64,32,9,Fall clear season citizen hear kid skill simply.,Excellent
65,77,51,Yard because health everybody responsibility north rest seem yeah argue interest.,Excellent
66,83,97,Respond sense activity interview total federal through leader though position.,Average
67,44,82,Even south position never will level environment course south record cause white.,Average
68,69,60,Force work effect safe find move foot yourself.,Average
69,96,108,Side should skin smile foot national mother test environment government memory.,Average
70,14,112,Carry too specific quite cup during film place until stuff.,Average
71,48,64,Group he knowledge let science alone buy because state clear expert.,Average
72,82,97,Sing floor issue make animal right security draw practice world choice total low.,Average
73,75,46,Cover rest Democrat ground training language sometimes beyond up.,Excellent
74,65,9,Activity beat system name article reduce avoid as form begin professor scene.,Excellent
75,87,10,Lot issue after site generation benefit home population either never perform.,Excellent
76,2,64,Rise defense head president section doctor house series.,Average
77,88,119,Man last then citizen mother free nothing less area mean walk.,Poor
78,6,25,Future push chance college its population.,Excellent
79,48,70,Reach on serve value something exactly.,Average
80,1,73,People central star deal nearly yourself tree factor alone student rather lay.,Excellent
81,67,68,Statement director court either concern commercial still large car popular represent.,Poor
82,66,81,Ok character week environment team artist professional always must option the home first.,Poor
83,4,89,Seek front red camera quite capital simple education.,Poor
84,39,114,Glass entire personal gun sister whether provide natural enter general.,Good
85,98,89,To front boy edge majority involve.,Excellent
86,94,112,Often available physical security let maybe interest.,Excellent
87,92,94,System someone thus amount site consumer yes.,Excellent
88,27,19,Camera indeed court peace career goal son mind.,Excellent
89,38,51,To deal use friend rise central whole country public gun trip.,Excellent
90,28,114,Follow per enough establish support past prevent democratic hold green well again.,Good
91,6,83,Sell blood subject Republican he become.,Average
92,22,22,Heavy audience red us above church including free TV.,Good
93,52,16,Dark movie page officer method idea camera responsibility letter important.,Poor
94,96,95,Again top inside hope offer often pull thousand college.,Average
95,88,81,Rich wear these factor leader as picture five language give.,Poor
96,76,19,Gun follow address week back professor unit create rock.,Good
97,29,102,Against agree memory resource theory herself art at father head yourself.,Average
98,34,7,Could call put yourself very head matter return.,Poor
99,86,97,Science friend thus fear place this adult.,Average
100,12,18,Eight too just down evening area open however child many.,Average
101,16,94,Ask question social beautiful very say involve see though likely cup pretty first.,Poor
102,24,50,Reality product word focus weight fire foot shake different stock garden.,Excellent
103,96,4,Model present health market kind both million suggest yard somebody house.,Average
104,59,99,Building trial contain population other federal seem son despite realize.,Good
105,71,90,Behavior everything art leader by senior job anything develop get.,Good
106,90,45,Type determine director enough purpose once southern.,Poor
107,44,80,Appear local point I ten finish teach certain morning receive particular short.,Poor
108,4,1,Sport voice cost item five religious star relationship start set turn but.,Poor
109,30,83,Success everything tree part authority spring particularly gun.,Excellent
110,99,87,Front around part argue common western commercial.,Excellent
111,86,99,Walk indeed environment despite perhaps tonight audience their west hit.,Good
112,100,70,Positive drug city suffer put manager half thank dog production.,Excellent
113,98,37,Season themselves ability radio media early make trial moment would trade program.,Average
114,66,40,Somebody bed Republican pressure service each.,Good
115,27,67,Paper international build them role share green pull her contain hold.,Good
116,2,37,Picture painting best necessary professional reason work clearly keep student in should need.,Good
117,95,114,Once deal season often a court husband religious carry writer add security.,Excellent
118,4,40,Not about seven lot century sound agent health energy reduce.,Excellent
119,73,71,Side successful series measure share change seat.,Average
120,45,35,Recently Mr front my boy ago rest we dark what laugh out station.,Excellent
121,21,94,Week administration peace indicate against task hear foreign must where.,Poor
122,44,12,Sit still our able population work early figure environmental feel government change writer.,Good
123,1,69,Left watch enter likely director represent perhaps price according up.,Poor
124,54,82,Respond person purpose stock it produce attorney end computer necessary yourself cause.,Good
125,19,38,American story soldier seat production four direction ten.,Good
126,61,81,Player expect yeah truth cause nation if security author both political pull recently.,Poor
127,88,21,Would big building consider part site class.,Poor
128,45,56,Natural war benefit player feel without fund phone.,Poor
129,38,103,City security get teacher no lead letter throw town.,Poor
130,87,11,Mouth director past finish the ten whole during democratic indeed.,Excellent
131,47,54,Nearly prevent travel consumer success drug today child can federal.,Average
132,78,6,Although build strong budget ask go charge.,Good
133,71,109,Level very start service pretty step political around specific whom almost out according.,Excellent
134,31,29,Me himself teach teacher discussion begin someone suffer answer later imagine one.,Poor
135,23,88,Lay middle recognize imagine character seven hard her claim.,Average
136,16,29,Capital local back thought hotel through evening choose our begin.,Good
137,39,60,Check strong table Congress prepare Mrs better treatment more soldier soon.,Good
138,7,83,Popular address increase likely else body this inside.,Average
139,78,28,Dinner but resource east civil democratic not audience.,Good
140,50,73,Method over itself employee identify media daughter discussion here.,Average
141,95,73,Hour instead any crime campaign now husband thousand rock strategy probably section character.,Good
142,16,54,Least several figure close analysis world.,Poor
143,35,43,Help employee visit call bit choose.,Poor
144,60,120,Sport million through blood suggest see.,Excellent
145,63,3,Data dark back grow dark ok old though particular way fast person student.,Good
146,21,15,Finish cut rest though audience kind American day score read.,Average
147,87,109,Life election sound action large drop produce race.,Average
148,48,114,Range detail offer this player loss process political arrive.,Excellent
149,100,35,Impact consider set when step political human environmental property.,Good
150,94,49,Black first player sense Mrs writer job improve.,Good
151,66,9,Detail executive hotel chance letter official ago major certain because might.,Poor
152,6,13,Military knowledge hour five floor kitchen other bar off.,Poor
153,62,68,Candidate attention probably never ability east.,Good
154,54,76,Group community center office between cold no computer.,Excellent
155,70,96,Significant girl day security else sister ago.,Excellent
156,79,104,Manage fight present apply play ready hear teacher popular speech describe hospital.,Excellent
157,53,58,Since possible team level Mr across son recently language debate.,Poor
158,53,23,Difficult side number three low agreement down seek form person fund during.,Poor
159,8,44,Chance break last race shoulder author method blue fly never every.,Good
160,50,3,Question speak some in seek scene I.,Excellent
161,20,91,Seem serve could might different religious front image seat.,Average
162,94,18,Study before perhaps during floor serve of strong.,Poor
163,6,108,Modern us during gun year manage around story political home though international ten.,Poor
164,62,61,Tonight call significant parent the medical fight man fish themselves whether go.,Poor
165,86,76,Why money bad draw eat cultural group stage.,Poor
166,19,70,Station option production meet west concern clear thousand history speech especially.,Average
167,56,82,Worry message own reflect everybody matter not sea follow.,Good
168,92,94,Agency stop old up director camera onto everything point even suggest.,Average
169,65,41,Voice oil by certainly value bed do quickly up pressure.,Average
