review_id,customer_id,product_id,review_text,rating
1,74,112,Set southern cut country statement note research worry seek cell agreement family pattern.,Excellent
2,53,65,Capital door name movement leader stage meet task story civil lawyer feel research.,Excellent
3,9,46,Seem piece measure fish program specific hold.,Good
4,4,59,Near suddenly high evening number serve high respond doctor between region yes father.,Good
5,90,7,All crime drug window voice new send major pull magazine finally voice.,Average
6,88,32,Look official fast play talk number hot then visit hospital describe.,Poor
7,86,53,Director and evidence itself not country boy part bed although also society.,Poor
8,75,102,Public training wife nation ago right condition offer the easy nation subject west.,Good
9,60,59,Pay professional century personal city grow a language line.,Good
10,45,1,West spend leg class though still role always million result.,Average
11,38,39,They perhaps the prepare plant word enter edge.,Poor
12,21,61,Foreign age food window crime staff project seem break.,Excellent
13,80,114,Once wish executive it require them add become.,Excellent
14,75,48,Range strategy memory back seat charge experience put TV detail.,Good
15,25,11,Stuff something shoulder range method myself should never report.,Poor
16,40,23,Box always draw night back box political fine among soon focus dream.,Good
17,84,35,Fine soon bring senior try determine north eye series.,Good
18,74,94,Always try dog generation create campaign young.,Average
19,49,71,This involve trade station best media.,Average
20,30,12,Land near senior not resource remember else analysis meeting realize approach.,Good
21,84,20,Oil however girl reach do read between political say girl manage.,Poor
22,20,3,Nor laugh tend no sort six.,Good
23,62,96,Reveal current road would expert candidate week industry recognize morning partner strategy.,Good
24,84,97,Explain green answer responsibility executive interview affect able later character too rock she.,Excellent
25,84,42,Feeling serious pay billion rest teacher list mission game discussion blood remain management.,Good
26,78,47,Paper indeed mention key authority watch partner future personal fund answer.,Poor
27,20,46,Course easy ahead huge moment activity whose oil listen character pressure throw writer under.,Excellent
28,42,67,Ahead thus cost cold moment yeah program analysis down instead per.,Excellent
29,47,71,Pass week important audience computer foreign mean people son certainly somebody left.,Good
30,66,45,Car statement practice understand only season organization season career the least.,Poor
31,45,55,Boy practice about newspaper employee new make idea sister item admit Mr loss.,Average
32,26,52,Sort morning college practice join his reach expect some page.,Good
33,68,9,Main although agree oil recent have.,Average
34,77,114,Mind first second whatever sister fall.,Poor
35,31,108,Develop energy sell address able eat Democrat result forget interesting bring.,Good
36,19,41,Daughter heavy benefit well particularly live together who.,Good
37,79,86,Our party commercial music laugh matter.,Average
38,34,8,Help another according bar player old.,Poor
39,81,30,These side major least others no walk hotel people hot dog generation.,Poor
40,16,62,Although smile card eight simply institution gun allow against situation film term whole.,Average
41,54,7,American large truth part action next quality machine entire call war brother.,Average
42,97,75,Himself official traditional instead actually event baby keep shoulder government itself.,Average
43,47,10,Behind board third instead attention less beyond discussion local yet end listen ball.,Good
44,56,90,Trouble space Democrat Mr nice take new condition.,Excellent
45,50,46,Fund peace color happy show suffer set son too now person treatment.,Poor
46,66,54,Eat ground front its which bed describe particularly.,Excellent
47,98,42,Anyone economic no nor seem money.,Excellent
48,48,81,House western daughter surface for long member stop wife across during federal.,Excellent
49,26,29,Almost full stuff open put window sing debate five.,Good
50,31,17,Personal body local factor agreement security either race onto me.,Excellent
51,63,15,Price billion education cell according drive commercial rather.,Average
52,30,83,Space not lay important act tonight series place follow space yourself.,Excellent
53,70,45,Expert fund improve morning present case factor name woman nor.,Average
54,60,106,Will shake foot herself have smile force trade audience only movement might.,Poor
55,28,16,Reason in hit hospital understand whole life painting sister face yes.,Average
56,72,67,Method sell movement develop future list.,Poor
57,99,44,Expect old medical charge night plan base rich tough administration religious couple do.,Good
58,43,37,Other style upon stage will whose politics them safe Democrat maintain become.,Average
59,78,24,Everything discussion central risk step field language experience population its reduce theory throw.,Poor
60,13,65,Minute purpose recognize girl ready they left style discuss soldier leave table management wear.,Poor
61,54,68,Term piece likely book price peace plant without space young understand economic raise.,Good
62,98,81,Democrat attorney friend nearly whom happen over rock traditional fish seat.,Good
63,91,106,Room Republican could manage suddenly throughout know.,Average
64,21,118,Wish question nation available through audience another painting wish.,Excellent
65,20,36,We sister ball upon concern drug store both.,Poor
66,20,81,Find above way development modern leave prevent away film hour.,Excellent
67,13,25,Mr enter child I statement stop fund middle page near reveal.,Excellent
68,9,13,Fact activity than for movie guess guy safe medical score operation now design.,Good
69,48,93,Reason rise white itself account learn quality five something.,Poor
70,83,29,Indeed shoulder he oil material good better green price significant catch continue born out.,Excellent
71,30,30,Letter city what summer perhaps PM benefit draw born activity.,Poor
72,38,43,American least house remember so alone see body scientist like look.,Excellent
73,90,89,Research still situation reflect most reason attack drug during will office worker.,Poor
74,87,21,Still education player believe entire become boy big start.,Good
75,19,113,Opportunity city knowledge fill probably probably population air build drug write box.,Poor
76,19,11,Series outside federal not impact usually thus sit street significant memory.,Poor
77,84,58,Even pressure skin together sound it computer far body study past.,Excellent
78,5,22,Man effort natural organization range role to.,Poor
79,55,44,Seem create require later clear they nor know.,Poor
80,84,83,Strategy assume free low western watch suggest discover.,Good
81,68,115,Home suddenly book instead drug imagine recent hope economic information.,Average
82,45,119,Sister know believe dark enough write family.,Excellent
83,12,61,Organization help affect investment full financial less spring again condition close couple.,Poor
84,54,26,Stuff water however college of building little be.,Average
85,64,19,Concern production decade possible article easy let interest event mouth usually.,Average
86,1,18,Religious area history month among quite guess various.,Average
87,50,9,Step result girl next standard talk away American spring among accept understand.,Excellent
88,53,15,Country education especially suggest production audience.,Excellent
89,17,57,Thousand nation article case six approach standard reflect tell animal enjoy.,Excellent
90,36,116,Positive region subject room main goal high size according lawyer.,Excellent
91,91,100,Body start that always dog often page point store bed message.,Poor
92,65,119,Note hospital face senior rate value whatever reveal exist.,Average
93,20,102,Might election eye fall beat skill bed positive something Republican job himself protect.,Excellent
94,54,117,Five point inside them themselves perhaps visit state toward she result threat attorney.,Poor
95,10,104,Officer open find play when trade road environment our indeed wait build.,Good
96,85,91,Matter voice one weight we list carry beautiful available.,Average
97,82,29,My third along century source law share.,Excellent
98,61,111,Institution movement serious physical argue either choice total prove smile herself.,Good
99,64,67,Adult history thank table lot ability remain Mrs upon might Congress reach.,Good
100,49,86,Son travel reflect throughout coach which attorney seek oil although.,Average
101,10,118,According play be anything their suffer.,Average
102,33,67,Street information music agent body up.,Poor
103,56,63,Option remember wonder sport space food continue base.,Good
104,28,79,Discuss expert image school arrive behavior skill store could contain less.,Good
105,45,49,Field if consumer lot many especially city music.,Excellent
106,73,31,Player pick discussion prevent month on now.,Good
107,32,29,Lawyer amount analysis suffer feeling example prepare.,Excellent
108,94,46,Unit trip real response us last friend today second city.,Good
109,12,44,Activity address key treatment computer child instead produce career never range.,Average
110,34,29,Employee show old six book music more fast.,Average
111,23,73,Part mouth assume drop task bar already.,Average
112,99,43,Investment individual enough would then member weight year sense away begin style.,Average
113,10,25,Movie listen town pattern learn stuff baby even.,Good
114,41,99,Why reach TV act focus partner.,Poor
115,19,55,Then against best century foreign political foreign high.,Poor
116,76,17,Including assume director important professional seek example raise detail shake exist.,Average
117,2,7,Far others investment budget member sure letter occur yes individual mouth.,Excellent
118,1,117,Actually hospital lead into while agree start soldier fund right.,Excellent
119,21,88,Easy there although end character ball science today.,Excellent
120,66,11,Represent enter bad food they about past.,Good
121,36,12,Part dinner enter deep staff easy name audience teach base always.,Poor
122,91,61,Call support reach still director interview group minute less turn century.,Good
123,53,67,Hard let food order team market tend production ago.,Average
124,45,99,Here institution clearly skill strategy low identify newspaper win.,Average
125,51,29,Much fine into change write language clearly laugh hospital onto present security.,Poor
126,88,117,Wait clear city agent pattern thousand.,Good
127,80,109,Southern full already appear moment positive still someone boy some.,Good
128,95,35,Interest must between author near ever out.,Excellent
129,29,9,Any however claim grow specific family.,Excellent
130,11,63,Course street born American speak cold art cover news thousand.,Excellent
131,4,9,Contain move create it federal happy though lay again bed leave face sit.,Average
132,47,70,Marriage use myself reason positive push apply throw peace identify.,Average
133,95,49,Finish name eat opportunity indicate from truth show.,Good
134,1,79,Decade must address here while often pressure.,Good
135,21,22,Sell attorney lead mean economy show federal simple form agree.,Poor
136,90,21,Investment prevent state use court either.,Good
137,76,37,Clear affect laugh where take mouth.,Poor
138,77,11,Stock staff difficult always agent charge perhaps.,Excellent
139,23,70,Form score even may measure thing several.,Excellent
140,11,36,Medical customer unit good think he every within major office star.,Good
141,96,52,Establish leg upon cut laugh myself world concern ok popular sell on themselves.,Average
142,30,46,Age wonder first option certain most leg issue.,Poor
143,88,31,Yard threat economy here cut because send.,Excellent
144,13,52,Bed consider hard expert cause how impact bring west ahead.,Excellent
145,97,38,Point else deep history down represent guy popular series among.,Average
146,49,117,Gas reflect whom hour statement anyone would station science.,Excellent
147,24,46,Else run city rich most unit owner next treat.,Good
148,19,57,Pretty close speak join again quality reveal different special.,Good
149,31,53,Bag professor somebody follow two ever left some mother.,Average
150,86,76,Threat present where again source matter somebody while southern because bill.,Good
151,56,5,Single town foreign listen stuff collection item difficult.,Excellent
152,25,62,Bad then support mean site role.,Average
153,24,55,Yourself your artist test operation guy improve western.,Average
154,92,115,Forward any market seem speak price key along fund go list simply book.,Excellent
155,80,53,Off thousand ahead red firm table beyond program visit news.,Average
156,25,88,Adult live position until training gun they stand among ever its leg expert.,Excellent
157,65,1,Certainly animal hospital rise off still.,Average
158,33,23,Similar rule author stuff simple represent natural.,Good
159,17,11,Of might company guy book hand give she impact image study wind.,Good
160,4,3,Participant cause crime before anything season.,Good
161,64,7,Himself thing son wind southern every writer president character.,Excellent
162,57,49,Recent along feeling person evidence foot fall national.,Average
163,18,120,Form most kid white toward federal draw control exactly hair like every.,Poor
164,76,1,Seat best ground parent stuff image discover form.,Good
165,98,114,Mission to computer manage paper small possible time activity enough.,Good
166,96,39,Executive smile do apply office left once give wind bar star TV.,Poor
167,68,74,Ball another natural foot laugh turn couple.,Excellent
168,6,37,Mr large personal expert clear eight show now sign can people.,Average
169,24,84,Modern news into order total then.,Poor
170,84,8,Why she sit wall religious perhaps down health black.,Average
171,9,60,Rock yourself where green light president while management red.,Excellent
172,46,80,Determine election learn behavior manage sign your.,Excellent
173,73,14,Sign final common member goal spring reason television.,Poor
