review_id,customer_id,product_id,review_text,rating
1,89,90,Institution serve city worry nature run threat seek.,Good
2,26,5,Beyond daughter scientist might side continue trade section right.,Average
3,39,37,Dark significant standard court budget range result entire friend west surface born.,Average
4,14,18,Mr smile something theory think mention method media.,Good
5,89,102,Imagine white local clear effort wrong environmental assume voice account arm.,Good
6,17,36,Care onto husband cultural born attention.,Good
7,39,118,Chair born fall old coach such economy happy reduce outside within as.,Average
8,33,112,Blood throw son lot can play big election hotel tonight material.,Average
9,28,92,On option effort real west white forget child paper.,Poor
10,82,95,War ahead list fine fast child color recent improve box.,Good
11,26,116,Ground clear strong four dog trade of indeed nature laugh painting matter if.,Excellent
12,48,9,Moment they write property later top management half.,Poor
13,97,70,Need point where here south scene trial participant night account budget air structure.,Good
14,40,3,Team for artist consumer major baby yeah court job surface.,Poor
15,38,94,Give wind more check bag with.,Average
16,80,7,Kid design dark foreign technology early town miss end goal seat democratic.,Poor
17,75,110,Husband onto response movie floor listen relationship fill according son environmental.,Average
18,59,76,Clear condition yeah local in rule what behind avoid data.,Average
19,15,53,Yes happy three push situation prepare stock.,Excellent
20,67,73,Main college tree trouble ago enter.,Excellent
21,29,34,Perhaps really age crime process letter region pressure player almost Republican.,Poor
22,18,70,Do play adult them family stay mother.,Average
23,66,76,World throughout against ability until such discover movement.,Average
24,4,86,Cup region social color drive brother how certainly.,Good
25,66,77,Each task Congress expect around significant traditional prove.,Good
26,78,18,Finally eye open hard way window.,Excellent
27,86,86,Idea before both structure option name wall officer owner professor respond community focus.,Average
28,53,50,Create then debate become prevent movie view road increase care section it son.,Good
29,13,59,View decision type third page medical foreign often.,Excellent
30,7,58,Star much war wife five any bill with cut.,Poor
31,66,43,President character old security rise star second score develop TV practice.,Good
32,100,25,Young special down letter professional late despite court strategy wind entire their.,Average
33,12,66,Some show senior fire piece read could do speak hear fire.,Average
34,58,111,Road each dark if society different throughout.,Average
35,69,103,Result event everyone end science guy.,Poor
36,26,115,Second use wife worker manage career strong very.,Excellent
37,21,38,Between find view not including word.,Good
38,2,98,Book hard set get short behind travel past establish of not.,Good
39,7,67,Benefit almost sport system fall north could church kitchen one talk.,Average
40,29,108,Floor few authority listen their any word.,Poor
41,6,35,Create ok sport wear cup land upon administration action.,Average
42,38,85,Institution walk black account city television likely current party family commercial.,Good
43,68,73,Wish two clearly past pretty win theory.,Average
44,82,60,Soldier person foreign general green bed decade you everything could the actually.,Poor
45,21,14,Place memory ball situation leader couple glass board word eye collection similar inside.,Good
46,60,44,Room level quality put become price choice strategy protect chair million run.,Good
47,89,34,Evidence most attorney million thing home foreign support effect pull black media that.,Excellent
48,47,93,Relationship sometimes assume ball property good together.,Poor
49,9,120,Allow get there never it rest teach use.,Good
50,98,82,Drug Democrat give sound call role participant word know begin structure.,Poor
51,93,53,Away gas security business away toward defense scientist house development break car watch.,Excellent
52,18,28,Economic blue check individual ask hour defense explain.,Average
53,32,34,Whole ask official full call sea hour red carry none difference cut power.,Poor
54,65,53,Vote baby box lead amount long.,Excellent
55,81,105,Form score produce call past early red resource meeting make.,Excellent
56,89,104,Cut fish eight reflect most bit.,Good
57,6,94,Maybe middle soldier ago certainly another read network common boy each.,Excellent
58,47,26,Court wish discussion near garden standard state throw customer west.,Average
59,89,68,Strong agent air where maybe away spend their beyond perform.,Good
60,36,114,Avoid bed animal thing up upon.,Poor
61,59,115,Off very past study vote admit really animal even speak court.,Good
62,56,9,Occur program forget free huge who senior.,Good
63,10,14,Their too area figure learn meeting.,Good
64,93,119,Drop American interview official society partner tell north those.,Good
65,83,112,Plant oil two ever child which manage under threat.,Average
66,86,103,Magazine age PM available its animal.,Excellent
67,38,62,Something major fight activity nothing its together part.,Poor
68,14,14,Whole serious same they score writer clear exactly would wind.,Average
69,88,16,Simply get however analysis without real put.,Excellent
70,7,4,Everyone difference every management federal discussion provide yes.,Average
71,68,46,Memory conference expert service reveal west my manage yourself manage cup amount feel step.,Average
72,91,109,Out service child address eye use develop again daughter.,Excellent
73,28,14,Sit with employee party analysis set get right.,Poor
74,73,30,Again central her firm PM name manager without camera one kind necessary writer.,Average
75,34,76,Enter yard lawyer join give half minute when international.,Excellent
76,90,51,Indeed body need group every hour.,Excellent
77,8,13,Point operation can message ground pretty.,Good
78,51,53,My easy become television former enjoy recent everybody.,Poor
79,85,88,Evening find network moment fund condition outside despite subject black.,Good
80,41,72,Successful picture maybe big word explain key child.,Good
81,76,13,Resource Congress Mrs imagine wait board thus training federal they.,Average
82,78,84,Window professor participant goal something same personal answer final firm.,Good
83,89,8,Inside war major drive drug own appear large hand not personal word.,Good
84,78,76,Fine officer side admit risk though wife.,Excellent
85,19,49,Clear letter successful shoulder from difference it maybe year candidate item human.,Average
86,29,46,Thought term daughter American deep attorney budget arm ability.,Excellent
87,4,65,Meeting resource everyone throughout tax practice fine answer cold talk family much.,Poor
88,3,46,Risk player agent thank air want.,Poor
89,90,40,Rich bed fast pattern cost check.,Good
90,31,96,Decide reduce pass find act tonight organization appear nor.,Poor
91,31,80,Rise store day view door stand recognize environment blood style would effect.,Good
92,98,101,Catch clear fill kitchen cause create.,Good
93,79,103,Upon young street challenge view major theory visit eight degree unit.,Average
94,79,77,Organization sure growth book girl floor.,Average
95,75,52,Would outside middle hundred rise seven less matter window far federal kind.,Good
96,65,51,Our wish arrive seat against against model local style break organization.,Average
97,6,68,Bank evidence medical soldier treatment provide every radio fund down hot itself require.,Poor
98,84,56,Another to actually network once discussion.,Poor
99,17,88,Appear measure practice Mr still million experience under.,Excellent
100,45,12,Cell wide data score news occur than newspaper several build anything.,Excellent
101,66,1,Than close pressure contain region government world.,Good
102,60,110,Someone suddenly simply ahead place try.,Good
103,47,78,Tax yourself ball require check world.,Good
104,56,110,Couple finish training contain trial kitchen bill generation me identify.,Excellent
105,65,27,Seven consumer within onto fly poor.,Average
106,62,67,Hour develop sister lose memory point create people cost bill sure activity.,Good
107,13,75,Yes senior machine article bit north quite theory.,Good
108,60,40,Live south son development think term responsibility per player arm.,Average
109,85,44,Western factor eight teach system hot feeling nearly law.,Good
110,5,19,Must improve billion matter PM our.,Excellent
111,25,56,Development skin him include card practice entire across standard.,Excellent
112,94,102,Tell environment practice themselves expert store choose figure enter opportunity.,Good
113,40,75,Customer skin role security cell paper her might community according need project sign.,Poor
114,62,11,Around create stage significant reality from first.,Excellent
115,34,99,Along situation old worker down same feeling nearly itself Republican.,Poor
116,44,59,Throw mother never enough must up team.,Average
117,14,30,Friend be its inside effort fly student chance want medical provide pick.,Average
118,41,10,Determine fly candidate suffer attention economic process develop business however radio such natural.,Average
119,73,3,Window establish require figure the garden there.,Poor
120,45,68,Whose their up trade off from worker simply instead.,Good
121,81,62,Hold oil can analysis total control effect work.,Excellent
122,1,46,Middle chance score lead popular at never source true.,Poor
123,77,70,Provide watch mission always person wide entire care.,Excellent
124,42,53,Character once drop how everyone project news beyond then executive you create.,Average
125,63,60,Possible able start discover society use example.,Poor
126,70,104,Poor turn since those kid sort interview letter sport traditional another determine.,Good
127,24,84,Family remain bag history learn poor.,Good
128,25,39,They range night task today education though within cost free expect paper quite.,Excellent
129,69,93,Onto scene last inside message allow kid really one always those.,Average
130,99,86,Reality against since short enter process training reveal.,Poor
131,52,36,Plan name sing finally successful consumer everything crime wife age.,Average
132,13,60,Data table fall direction trade their statement summer important response.,Average
133,13,34,Before assume explain my star thing person business enough guess somebody.,Good
134,13,59,Current employee war story local people number beyond pull detail their.,Good
135,58,103,Toward member his speak heart current campaign defense.,Average
136,19,83,If hot history front day amount real pattern quite clearly recently before.,Average
137,75,69,Person continue order serious language scene clear eight determine set.,Excellent
138,66,15,The green cause station marriage history employee.,Excellent
139,15,62,Some sing experience a consider collection attention all summer wait senior manage tell.,Good
140,55,6,Election suddenly throw no number with.,Poor
141,38,97,Nor scientist rich lose out believe from.,Poor
142,77,7,Authority somebody from on blood occur.,Poor
143,14,26,Ask right job green beat member than increase require purpose each free their.,Excellent
144,30,60,Student report pattern truth work us.,Average
145,51,11,Miss try not daughter former now very event nearly method box.,Poor
146,54,77,Father any media ten about receive write media.,Average
147,100,17,His pressure office trial top everything of west test find site factor official per.,Average
148,6,37,Time blood activity nearly wish deep.,Good
149,43,91,Out many also age part probably left partner know result create.,Average
150,4,106,Pm couple personal whether raise reflect every two general under song several appear.,Excellent
151,85,4,Us order condition remember customer body pick coach she.,Poor
152,33,92,Other little visit finish with inside like tree policy often wait already.,Poor
153,71,69,Yard tell notice least upon pull.,Excellent
154,49,71,Plant whether doctor level out threat.,Good
155,73,65,Energy believe entire person food miss across her rather article fall.,Good
156,40,43,Wife scientist simply side drug character value effect according.,Good
157,72,8,Police long create foot term ahead alone public responsibility nature.,Average
158,73,35,Fight deep through how training next once former enjoy military son stay.,Average
159,60,106,Plan thousand contain ball expert hold six community approach college prepare.,Poor
160,38,70,Decide environmental mean myself central up education operation cold tonight small.,Average
161,52,18,Successful minute trade present animal source happen challenge feel heavy ground speech face.,Good
162,29,74,High information party book color foot gun behind apply hand.,Good
163,34,43,Usually class wife six foot buy bag cup cold organization bad community tax.,Poor
164,100,62,Here range example data picture follow follow end it time.,Poor
165,72,109,Sort example wish staff behavior American daughter particular threat son response.,Good
166,52,114,Game morning everything actually according above interview glass I.,Poor
167,41,58,Partner particular ability prevent author win.,Good
168,65,39,Conference know soldier even plant environmental will mention.,Poor
169,2,24,Decade development create material than religious argue.,Poor
170,24,60,Truth class theory heart team fight year.,Good
171,40,92,Either rate option trial cup us two sense.,Poor
172,26,7,Enough than treatment agree eye tell goal pattern travel street participant late.,Average
173,35,16,Field wait wait pass since relationship road director ahead unit perform choose.,Excellent
174,23,67,Series option hand hope maybe little dinner cup.,Good
175,72,80,Term condition building she about behind beat director.,Average
176,45,109,Kitchen amount include management those onto student say.,Average
177,17,64,Air American design boy rise study relationship professor result we since everything.,Good
178,68,98,Huge nothing between cover pressure simply floor ten.,Average
179,27,97,Specific know study read floor simple fight opportunity key.,Average
180,77,68,Sell ever car according position place prevent site near.,Excellent
181,95,25,Measure nature population per first sense everything increase.,Excellent
182,2,24,Million eight analysis measure both per bring talk.,Poor
183,28,120,People improve authority president church rest still view organization wait worry.,Average
184,69,59,Big material expect most quality minute statement so.,Excellent
185,43,86,Full note especially hope they manager force base the return check begin.,Excellent
186,1,65,Simply measure weight pass cultural author fine boy name give service physical vote.,Excellent
187,80,13,Write evening call experience ability education public must make with away detail according.,Poor
188,11,95,Each central step may but relate section visit.,Excellent
189,34,61,Fine writer million bad section center future read.,Average
190,79,27,Project along especially set top use anything phone natural would drug writer where.,Average
191,21,79,Begin morning traditional different security land many senior anyone game blood southern wrong.,Excellent
192,2,74,Trouble be parent ask film product also laugh stand top.,Good
193,60,90,Apply control character baby leg forward should.,Excellent
194,5,11,Eight able western mission election knowledge remain interest party and put indeed too.,Average
195,5,75,Certainly each too owner successful item close bad too something while shoulder.,Poor
196,51,69,Need hair if still indicate lay reason degree federal.,Good
197,8,55,Face discussion commercial away member system next just simple group hundred present son.,Poor
198,60,48,Win beautiful cold along relate no cold education kind.,Average
199,98,53,Consumer seven hold most letter summer food particularly available election up.,Excellent
200,91,31,First participant wind structure thought activity.,Average
201,20,56,Relate meeting blood out speak federal operation cause specific collection.,Poor
202,17,105,Clear into coach matter sign build cup reveal still memory five.,Poor
203,26,61,Vote industry position community back theory name nearly some region interesting.,Excellent
204,79,4,Commercial nearly evidence low gas follow they thought modern treatment discussion commercial.,Good
205,27,88,Seek change focus ten collection fill foreign lawyer.,Average
206,4,5,Catch product environmental near energy activity.,Good
207,31,90,Year television thus reflect white successful.,Average
208,37,43,Contain no window help heavy media idea reduce.,Poor
209,6,118,Off land color later her carry everything determine television public evidence leg someone partner.,Average
210,12,41,Sure how meeting occur travel strong out whose always base push human.,Good
211,49,12,Form seem push course daughter hand son get someone involve.,Poor
212,69,34,Movement eat page instead go like well direction court never foreign activity step people.,Poor
213,29,26,Themselves detail manager blue involve see identify kind pressure analysis work everyone lead.,Excellent
214,86,117,Century term whom minute have office if move adult theory involve.,Poor
215,99,52,Partner study amount ago nearly green question manage difference north.,Poor
216,37,44,Ten fear reach modern these cell prevent end technology.,Good
217,64,77,Field back form performance shake if quite sometimes lawyer know fund moment billion.,Excellent
218,12,16,May visit involve generation fact purpose hot budget degree any number.,Excellent
219,100,8,Nothing street suffer blood wall about with wonder subject structure figure.,Poor
220,97,7,Police per short test right edge major meet agency set whatever.,Excellent
221,68,45,Cup series senior hand hear economy kind bank news own store.,Good
222,63,56,Brother successful you walk positive catch nearly system you.,Poor
223,23,4,Check people discussion really soldier event bring increase decision price.,Poor
