review_id,customer_id,product_id,review_text,rating
1,16,8,There citizen prepare Republican create production fear smile.,Excellent
2,13,15,Voice west bar support floor edge policy then somebody security cultural remain.,Average
3,86,7,Western option car radio record then.,Excellent
4,61,75,Tend conference middle town about beautiful up arrive force.,Average
5,55,15,Note whose western evidence alone deep.,Average
6,39,67,Detail good Democrat none few magazine research.,Poor
7,82,73,Choice it require detail country issue design become minute.,Excellent
8,49,25,Maybe south employee remain hope dark second me yeah tonight.,Poor
9,83,17,Condition learn list attack remember eight voice responsibility such black.,Good
10,39,62,Sound gas then visit price economic social yet increase son western.,Excellent
11,35,118,Sister southern hope organization fire side walk why off.,Poor
12,53,9,Account Congress card imagine where none still town after pass floor power husband.,Average
13,25,25,Team something trade stop though green apply since drive assume.,Average
14,60,41,Quickly affect might drive husband wish anything including minute sort must.,Excellent
15,62,32,Environment others organization material beyond per catch their nearly final.,Excellent
16,16,41,Send detail base security specific piece shake job.,Poor
17,29,106,Enough challenge home once create fast.,Excellent
18,60,64,Listen air stuff size yes collection leg rather mean ground of.,Good
19,9,104,Detail north far carry subject modern member manager fly base one.,Poor
20,21,16,Control democratic run American exactly laugh relate early lose response up remain.,Average
21,64,114,Child now even simply table approach.,Excellent
22,18,20,But investment something few gas among.,Good
23,19,110,Thousand thank clear reveal almost stage car increase.,Poor
24,35,109,Street protect back right woman them approach kitchen hotel.,Excellent
25,33,75,Choose again cover expect much bag tend identify live.,Average
26,63,54,Bad central support health reason hand husband hand.,Average
27,47,42,Crime there matter just social your shake hotel wide feeling guy real staff million.,Poor
28,60,92,Several give section song here chair window outside return recently later seat thing.,Poor
29,60,107,Wide popular able relationship know level.,Poor
30,73,111,Hot special go thank general memory continue agency data watch change.,Excellent
31,90,111,Today might toward type color opportunity save generation share.,Excellent
32,93,10,Affect collection above call special alone road great outside American tell.,Excellent
33,16,106,Hit full issue artist expect assume cultural personal rest argue create example our.,Poor
34,75,2,Prevent feel take each call add action huge call TV sense avoid visit.,Average
35,79,105,Particular watch good cultural product half TV.,Excellent
36,67,46,There if oil hard land suggest including security training admit.,Average
37,15,42,Fly perform often only never high who attorney fall.,Average
38,88,37,Off involve street indeed eye turn key center water body spring find indicate.,Excellent
39,15,37,Assume indicate career center plant clearly southern heavy lawyer have table.,Excellent
40,71,66,Somebody remember certainly for say enjoy affect note better soon arm thank.,Excellent
41,25,15,Minute challenge economic wall Democrat your production stay.,Good
42,24,112,Open down could five head have behavior ball site million increase model.,Excellent
43,13,8,Tax activity choice play book long usually race.,Average
44,3,32,Choose young happy which someone bit enough quickly than research clearly television opportunity.,Good
45,40,101,Want per top trouble nearly owner relate soldier light type film Mr.,Good
46,82,77,Would play board summer group hotel sound century address military yourself.,Excellent
47,47,51,Affect ask he charge late cut from suggest.,Poor
48,10,74,Success generation full bar discuss everyone machine investment.,Good
49,77,17,Off modern market account not onto although much.,Poor
50,75,81,Body home region evening prevent magazine stuff effect girl least admit.,Poor
51,45,16,International country voice next value scientist Mr two tax stay newspaper positive bill.,Poor
52,69,68,Quality trouble in operation lose themselves half interest.,Average
53,53,91,Nature play responsibility be first control magazine eat power.,Poor
54,56,48,Personal certainly part beyond fall interest.,Good
55,43,106,Control letter prepare address any upon you manage modern second.,Excellent
56,8,40,Model occur large food generation assume star case interest.,Excellent
57,73,14,Less better gas significant important account job.,Average
58,24,99,Indeed read often administration say likely understand event such.,Average
59,76,92,City we ahead hot kitchen visit artist.,Good
60,79,18,Product sing art dream single work drive Democrat.,Good
61,55,95,Hundred although support understand building rest health civil open item particular voice Democrat.,Good
62,33,21,Clear society defense wife quickly condition claim voice personal structure my.,Average
63,57,8,Hold follow how now opportunity recognize contain several wonder.,Good
64,55,27,Nor sing star expert all military ball.,Good
65,20,113,Whose structure improve series Mr force even special decide series resource happy.,Good
66,43,65,Its east focus response their degree statement thus plant yard her.,Average
67,52,30,Child bit magazine age open key true talk somebody customer.,Excellent
68,30,51,Senior since myself close turn push local set majority.,Average
69,23,46,Only role PM mean feeling detail writer main need.,Excellent
70,64,42,Wrong fight nature tell author way.,Average
71,92,53,Owner the continue cold while certainly by sure clearly family you.,Excellent
72,11,44,Final police structure either save stage full trade.,Excellent
73,61,26,Price sing join goal interview particularly this far.,Average
74,27,74,Which opportunity agent her dark truth goal choice human.,Poor
75,69,103,Pretty opportunity natural risk now either spring too itself skin market.,Poor
76,49,22,Key improve understand choose yes coach nature participant attention road everybody none walk.,Poor
77,8,95,Rate few economy physical PM future president else nearly.,Poor
78,71,116,Apply easy more end political very central agency likely now include too.,Excellent
79,49,48,Station ask operation arrive require decide about ball.,Good
80,79,77,Pretty perhaps until so perhaps begin them later than.,Excellent
81,8,117,Dog instead perhaps say economy one gun have.,Average
82,61,2,Guess good much medical medical majority drug similar than teacher window because according.,Average
83,96,29,Reveal in education civil computer cell free feel support affect.,Good
84,35,93,Buy quickly father science everybody lose.,Poor
85,24,19,Order tough worry physical teacher billion should democratic community mouth room know fight.,Good
86,59,107,As action test assume minute relate option couple seem life.,Average
87,59,82,Perhaps treatment need walk present letter international.,Poor
88,88,62,Already work it soon east walk discussion scientist control race.,Poor
89,79,113,Inside really kid forget remember let our.,Good
90,27,69,Indicate believe finish owner foot night.,Excellent
91,23,93,Myself thing degree action finish collection whole man project among upon allow.,Good
92,71,78,View necessary require increase also age describe soon plant development author between data.,Excellent
93,52,44,Shoulder need bar anyone thus public.,Good
94,3,3,Across whatever daughter model mention various.,Good
95,16,25,Actually third course fill this help quickly quickly dark.,Average
96,19,93,Movie by Republican art short major.,Excellent
97,59,110,Strong south detail food add speech child head describe.,Average
98,91,78,Century begin peace conference great take rich.,Good
99,11,33,Fear represent trouble significant food stand expert read way hospital.,Excellent
100,21,91,Despite speak entire once professional around well price.,Good
101,89,62,Military get hospital meet factor positive his could act couple.,Excellent
102,5,74,As decade factor begin as side.,Good
103,8,38,Early break audience ahead billion though market protect trial investment very nature.,Poor
104,91,66,Director manage education staff his ball list I.,Average
105,97,98,Wide family miss often professional least worker drop along partner accept animal.,Excellent
106,71,76,Trial bad range federal image safe during million then now throw.,Good
107,67,81,White turn fact radio meeting yourself once piece explain role building.,Excellent
108,21,52,Live fight wear leg tonight name high conference end create five.,Average
109,58,111,Once us mission participant pretty person long in scientist PM news.,Excellent
110,67,106,Such do truth cold term situation leader catch watch under especially.,Good
111,24,91,Woman hour speech effect save treat.,Excellent
112,98,20,Book trip level six five response rest.,Poor
113,6,92,Design common provide audience main spend.,Average
114,22,10,Arrive another stop condition nice effect.,Good
115,4,30,Space paper mention hand order piece there animal reason firm lead.,Excellent
116,33,87,Federal media and finally provide lead single new student early end.,Average
117,87,73,While already leader pretty stop instead order a among fear throw beautiful why.,Good
118,6,91,Build second subject simply option coach doctor Democrat and.,Poor
119,23,89,Dog risk daughter degree throw edge state statement our method force.,Excellent
120,91,25,Know condition possible rest mouth Democrat in authority myself stop court address.,Poor
121,70,4,Fast human without security every without move summer service.,Excellent
122,49,55,Space former manager data third cup yet end treat.,Excellent
123,77,9,Already herself power image by majority issue north bed chance.,Poor
124,50,37,Several most full fly matter production nothing.,Poor
125,77,100,Less Mr home success nice their yard reality strong these minute simple.,Average
126,89,26,Age head tree probably ask dog former.,Poor
127,30,18,Approach she prevent green democratic understand court real sense fact mother require.,Excellent
128,66,42,Bag pull grow quite long most moment effect cover.,Average
129,84,16,Tv down those but case hotel today option power approach close onto.,Average
130,16,16,Note ball charge nearly agree second much stuff dinner.,Good
131,58,75,Involve hope she detail officer understand fall stuff concern.,Average
132,31,80,Drug involve eat forward member campaign protect move take his.,Poor
133,59,71,Exactly really per certain production specific care history.,Excellent
134,18,118,Board me poor senior west occur fear attack.,Poor
