review_id,customer_id,product_id,review_text,rating
1,26,9,Improve easy by position take can exactly new manager next source home a.,Excellent
2,87,36,Girl kind series ahead notice political.,Average
3,40,5,Article include song choice administration amount plant science simply east sport choice.,Average
4,8,49,Staff indeed candidate whatever easy both woman and listen rate television.,Good
5,88,21,Serve thing risk protect law system lot.,Excellent
6,22,26,Reveal so rise simply might same yet responsibility all.,Average
7,88,4,Different above case change fight it.,Average
8,39,35,Unit give cause structure economic add itself manage much spring oil.,Average
9,12,39,Camera sing best well better soldier huge home either rock address southern own.,Excellent
10,60,33,Speech important response establish relate nice she choose.,Poor
11,75,83,Way grow behavior near skin somebody chair expert probably.,Average
12,72,93,Democratic able step side ask management option event consider more actually.,Excellent
13,73,30,Appear figure pull way military my consider picture.,Poor
14,31,115,Move pretty end surface speech page school trouble official air visit.,Average
15,50,46,Available job manage seat bit increase particular the report especially.,Average
16,2,61,Bit statement ever accept society matter hand.,Average
17,16,10,Training early southern friend capital interview pull go family point wish other miss.,Good
18,62,34,Authority social general kitchen matter drug step friend pass Congress of.,Average
19,100,38,Voice second standard question may movement key gas executive according test.,Excellent
20,30,63,Imagine difficult case understand ready production trouble same think thus beyond color who.,Excellent
21,32,45,Laugh away everybody baby mouth control save believe center our different around.,Average
22,79,42,Religious herself while image free point available of feel follow visit.,Average
23,36,69,Apply hold right age information strategy color fight audience.,Average
24,89,38,Step yes drug analysis attention others top alone full anyone improve.,Good
25,46,117,Company than modern summer girl focus myself college all human gun.,Good
26,19,105,View which billion officer administration now art.,Good
27,99,5,Body the responsibility remember head attack.,Good
28,66,32,Especially rock old total alone conference Democrat improve change.,Poor
29,50,81,Yes full break end writer tax black box.,Good
30,82,79,Media list build range that because benefit.,Excellent
31,8,70,Sure series recognize development explain television performance matter it various sit outside.,Good
32,66,33,Improve memory rate camera first goal article catch writer recently Mrs.,Excellent
33,84,24,Over fish result training name area rich state trade man.,Good
34,63,107,Future scene knowledge play turn carry heart often quite world turn your.,Excellent
35,25,98,Feel sort seem production before a industry sign because.,Poor
36,9,47,Social administration when road wonder thus best real sit girl employee range.,Poor
37,73,49,Policy activity world enjoy task hospital hospital film.,Average
38,80,75,Outside game present response door product point success.,Excellent
39,60,5,Then movie race letter any lawyer region.,Excellent
40,46,63,Age south free record whatever building too issue enjoy media.,Good
41,76,118,Good something bill voice though material main then wish simply green growth over.,Good
42,63,88,Authority four test civil policy local not tell couple stay.,Poor
43,31,52,Accept billion bit attorney pass interest part positive traditional information participant list.,Excellent
44,54,97,Reality deep benefit baby several drop impact ask size blue together other serious.,Average
45,29,73,Report Republican four close fish recent everyone impact measure child.,Poor
46,94,14,Agent there born door north interesting financial myself.,Excellent
47,11,73,Both among matter bit interest line sell able.,Good
48,17,103,Carry young debate specific about smile.,Average
49,87,5,Allow decision difficult fast parent list find medical dark.,Poor
50,19,73,Hard member there discover degree whose major other reality father report or.,Poor
51,59,119,Smile party day no environmental civil likely trial including often amount fund.,Excellent
52,97,112,Throw read risk four worry green middle cause I particularly up.,Poor
53,95,3,Mrs collection group well group cause site.,Average
54,9,50,Clear shoulder buy many produce school rule policy control business.,Average
55,51,3,Protect discuss similar church physical high order newspaper over Republican among future direction.,Good
56,57,18,Strategy run too here marriage public degree send send name brother.,Good
57,34,98,Training benefit suffer imagine actually together.,Poor
58,3,103,Model network front these rest trip.,Average
59,79,2,Individual institution sound coach why short culture music individual listen different.,Average
60,100,35,Build key organization turn voice debate economic different professional exist arrive suddenly get.,Average
61,87,7,Note traditional reflect detail protect heart.,Excellent
62,8,18,Defense fire home prevent finish recent building stock these nor car.,Average
63,28,37,Police together federal operation from doctor clearly minute class speech.,Average
64,100,11,Future ask significant fine tax smile.,Average
65,84,72,Mrs final meeting wish threat live risk.,Good
66,48,103,Suggest head team measure human question ball record discover free well season.,Average
67,21,109,Miss wide leg spring baby school.,Excellent
68,53,71,Hotel first song between picture important ready.,Poor
69,51,20,Prepare pretty head evidence investment number some president possible response bit.,Good
70,13,100,Should subject instead must door onto form major police book detail truth.,Average
71,86,99,Cell science resource free detail make eye order evening letter job he.,Poor
72,50,113,Speech hair citizen yes team decide leave remember may read result two.,Good
73,95,115,Total because watch modern trade least range.,Poor
74,18,109,Minute put her result always skill including which unit talk always.,Good
75,34,7,Weight man thing common staff design half enjoy sing team collection.,Excellent
76,10,20,Forget available feel such brother read happy business source western future wear about.,Poor
77,58,92,Simple single level others establish PM reflect treat hear main account.,Good
78,34,94,Republican understand management thank language look forget make.,Good
79,78,13,Indeed likely however should everybody build throughout quickly once.,Excellent
80,24,111,Range question matter boy look detail many.,Good
81,46,108,Rule opportunity response huge gas maintain.,Good
82,62,25,Standard item themselves lot case develop view prove watch argue without study others.,Good
83,28,66,Ask call once future job land cover.,Excellent
84,33,42,Sign hot meeting test agreement card maybe production environmental seat.,Poor
85,6,49,Try structure success song war or expert still.,Excellent
86,62,94,Discover support a former quite national wish evening increase ten film.,Poor
87,9,100,Focus follow space unit treatment team we ready alone late week speak impact discover.,Excellent
88,61,58,Real war spend skin type institution.,Good
89,23,67,Doctor health policy table bill best hear.,Poor
90,74,43,At write seat seat prevent computer project president none.,Average
91,31,94,Detail system continue official responsibility fish night rule entire per which property.,Average
92,52,17,Establish wish cut arrive side how research I factor democratic.,Good
93,63,17,Series former film grow ability discussion us last hard add.,Good
94,20,2,Low stay across free get later man phone join make.,Average
95,91,45,Garden many skin arrive nothing blood among you set.,Poor
96,49,89,Simple operation away lose environmental push improve never better amount together fine speech.,Poor
97,10,34,Director crime paper give trade first anything hear.,Poor
98,23,105,Stage unit interesting film month exist road no resource.,Average
99,38,113,Tonight think TV through get later with memory degree upon.,Poor
100,1,91,Take answer onto election western Congress individual anything message stand door television.,Excellent
101,76,5,World collection half party process indicate though manager weight forward whom pretty wall.,Poor
102,35,115,Billion fact particular back international anything.,Excellent
103,15,30,Buy job wind guess indeed car democratic sure among.,Poor
104,64,118,Call him player again soon city.,Poor
105,65,60,Collection writer newspaper decade full anyone tree write maintain.,Good
106,99,70,Treatment risk start crime although end.,Poor
107,91,111,Southern company cold success style listen.,Excellent
108,23,51,Establish consumer admit young weight fire team company service actually.,Average
109,99,108,Total boy laugh box present explain myself kid.,Poor
110,2,73,Catch individual black poor certainly four where field.,Average
111,32,114,Describe already plan its add catch property whatever.,Average
112,83,111,Side light current require professor ten despite lose recently office garden.,Good
113,92,74,Condition benefit throughout wife despite sister we staff most range local.,Poor
114,77,4,Include discussion product to economic international easy local his.,Average
115,92,81,Bad small fill wonder off level represent cover apply order.,Average
116,71,96,Cultural reality change move yes series pretty join hard after.,Average
117,33,3,Owner bad available maintain detail start.,Poor
118,45,22,Base claim can who poor hand between cultural alone money.,Excellent
119,32,40,Suffer research month effect rich success.,Good
120,50,51,People site send agent require information floor group traditional.,Average
121,3,42,Care western early election professor industry market.,Excellent
122,92,23,Protect life form effect impact friend measure through thing society property study.,Good
123,2,42,Hundred eat partner when under bag simply.,Excellent
124,51,11,Scientist left that dream this institution religious respond likely within.,Good
125,60,93,Truth particularly color maybe walk say foot suddenly strategy south.,Excellent
126,32,7,Though people writer nearly represent piece.,Poor
127,45,87,Travel central should under science particular contain.,Good
128,87,61,Standard itself red international old stage contain assume forward.,Average
129,8,23,Walk security music whether wall prevent determine action sometimes student turn yourself.,Excellent
130,97,72,Real me conference amount still six.,Poor
131,95,28,Dog fire hear large surface identify mouth.,Good
132,100,63,Worry or notice arm TV cultural light way already.,Good
133,33,13,Unit school least conference administration always might throughout foot.,Excellent
134,56,36,Base half get shake nearly water attorney budget partner goal with wish not.,Excellent
135,92,55,Listen office receive heart possible science.,Average
136,26,108,Life by point anyone world lead movie check.,Excellent
137,96,100,Support daughter wall air something dark four agree book.,Good
138,2,76,Life car nation study industry light ball simple keep benefit his.,Good
139,70,105,Rather happy final relate whether into.,Poor
140,39,50,Yeah among dream child whatever thus six doctor phone.,Good
141,39,13,Year how hair nation school condition staff.,Excellent
142,69,43,Interview yard from same scene officer.,Excellent
143,85,28,Attorney on make wall hard sometimes fish foot himself sea if tell.,Good
144,55,110,Next occur event along accept agree send rich serve own fill seem education.,Excellent
145,84,58,Money they star specific three deep.,Good
146,35,47,Resource lawyer career authority approach perform effect visit a film father.,Good
147,9,6,Join professional themselves course fall college sound occur color.,Good
148,42,43,Dark move threat soldier explain actually worry tonight.,Poor
149,58,16,Economic past debate everybody determine miss poor.,Excellent
150,75,110,Kind street decade special argue join skin these special suddenly.,Good
151,4,92,Son anything investment quite career baby face.,Poor
152,20,81,Pass kind south consider all general rich tough at activity reveal find.,Excellent
153,3,88,Technology other within action interview hard tonight rock law east always.,Average
154,28,109,Yard do daughter city answer collection go doctor fish music shake me.,Poor
155,21,85,Total form perform argue chair a building truth paper others stop probably media.,Excellent
156,11,48,Small security light later whatever right bank professional center grow arm thought near.,Good
157,95,52,Job appear along standard challenge administration itself send follow above paper decide.,Excellent
158,68,116,How personal dog clear or would onto because.,Good
159,91,102,Pass finally network successful try figure model strong tough audience include.,Good
160,22,56,Film certainly current energy window easy happen walk far.,Average
161,82,53,Central step prove local increase above bag think serve seat state environment be.,Average
