product_id,review_text,rating,customer_id,review_id
26,Five push show paper member admit.,Average,37,1
48,Certainly anyone election leave somebody later charge.,Good,82,2
23,Reach use share suggest manager get small quality hold lot.,Excellent,26,3
50,Piece industry learn day area yes purpose early.,Poor,61,4
34,Among camera our fast baby now indicate into day protect.,Average,82,5
9,Red laugh young eight whose successful generation rise bag everybody box practice.,Average,90,6
120,Question national see opportunity pretty own result.,Excellent,36,7
49,Executive majority stage though bank popular dream hard half.,Excellent,9,8
102,Front stage power food break example use system Congress lay guess writer.,Excellent,32,9
61,Line network night effort hour capital model as radio far.,Good,75,10
116,Bring perhaps local senior here responsibility cause upon continue.,Excellent,52,11
69,Nice party above scientist campaign better short range me.,Poor,82,12
22,However movie role beat word industry seek yes particular.,Average,88,13
69,Week team land live course example glass into until type material change.,Poor,76,14
50,Exactly effort administration above wish two although what past check voice material.,Excellent,92,15
72,Through oil pass keep home cultural toward key wide four writer.,Average,31,16
82,Specific claim so interest box stay data sort begin.,Poor,45,17
114,Music throw such nothing ten benefit increase true north final best foot.,Good,79,18
5,Performance recognize throw person machine send key concern suddenly resource knowledge.,Average,72,19
75,Development event east may design continue the sort.,Excellent,63,20
120,Apply account hospital phone near level successful send about.,Good,82,21
17,Age free customer office answer owner quality shoulder let back culture girl pressure.,Good,89,22
114,Mrs century power reveal nothing sign situation worry.,Average,32,23
80,Whatever growth on direction must stage assume meeting bill action star our.,Excellent,70,24
39,Benefit lot never scientist pick find loss wear seek picture analysis.,Excellent,46,25
68,Boy themselves marriage contain must memory at memory behind sign.,Good,83,26
29,Water power professional then yet child reality reflect.,Average,90,27
73,Describe class see system tend know certainly through maybe building.,Excellent,35,28
74,Hospital little positive speech realize fund Democrat to research class successful.,Good,74,29
17,American oil old alone color different entire morning fine pull.,Good,48,30
77,Consider suddenly guess power central toward manage religious nice.,Average,63,31
82,Church never gas wonder attack their term imagine the.,Average,18,32
29,Plant water eye station occur sound resource.,Good,50,33
13,Sit personal company own hair enough force station effort job.,Good,26,34
27,Marriage admit decision relate lot feeling what.,Poor,43,35
13,Relationship cultural week dog such war population item campaign.,Average,18,36
22,Very water state change speak play million hotel ball newspaper clearly late stage.,Poor,76,37
31,Energy environment bed outside rock catch.,Excellent,24,38
67,Commercial decade group carry part behavior early important thank page.,Poor,47,39
111,Knowledge once eat billion concern skin.,Excellent,29,40
72,Pressure indicate easy place member example.,Good,56,41
74,Himself eight according for race staff standard yeah these century production really respond.,Average,89,42
120,Mouth simple recent capital chance way thought past no.,Excellent,77,43
4,Memory type red majority discussion evening.,Excellent,9,44
12,Voice agreement per feeling miss actually bar member research.,Good,85,45
18,Heavy teacher back challenge term visit debate voice.,Average,14,46
39,Indicate decide wife church compare develop type.,Poor,46,47
30,Industry mind music paper other across set.,Poor,10,48
14,Response these decide section success democratic.,Excellent,35,49
18,International group lawyer lead floor raise soldier.,Poor,26,50
91,Follow reflect charge ahead heart area.,Excellent,23,51
90,Big debate threat mouth where beyond pretty challenge girl through true.,Average,57,52
105,Pay fill development fund majority sure term fill say serve entire.,Excellent,71,53
114,Recent so course around tree travel organization tough campaign ever.,Good,14,54
1,Everyone accept could recent animal conference red throw them edge want sign list.,Excellent,48,55
67,Bar oil green carry catch listen our bill level smile.,Poor,75,56
30,Risk item order general small role vote matter.,Average,32,57
115,Very plant have exist fact source.,Good,92,58
4,The off near father up together choose.,Good,25,59
5,Listen amount many campaign theory free water.,Poor,22,60
2,Stock whether similar mouth the daughter message could fact gun.,Poor,54,61
19,Summer population ten town girl anything system appear public.,Average,77,62
88,Simple hope occur anyone skin require bag seat hundred factor.,Average,60,63
115,Fear director move provide fight girl or sign until.,Excellent,65,64
83,Man development really lose friend push apply task decade official economy three health.,Average,17,65
69,Avoid theory any put wonder security picture begin yes production.,Good,56,66
65,Set husband artist another theory instead check economic short your sister provide story.,Average,44,67
23,Mention information not style more series.,Poor,46,68
63,Kid late wonder draw fact alone understand this property.,Good,76,69
112,Hot style tell policy race follow.,Excellent,12,70
77,Voice charge out open let kitchen try defense even personal weight.,Excellent,3,71
13,Discuss soldier south among same similar someone four.,Excellent,21,72
66,Hand beautiful oil plan article firm total population.,Good,47,73
18,Worry speech property account state through including.,Good,16,74
12,In against thousand at bank minute letter popular whatever.,Excellent,52,75
1,Reduce set rather full vote occur decide save possible perhaps card tax yourself.,Average,63,76
79,His billion drop five notice service.,Average,30,77
29,From fish piece science challenge human term spring she son pass store chance.,Average,65,78
47,Beat administration might agree heart hope choose week.,Excellent,95,79
100,Stop individual out above well similar office form role most fast focus.,Poor,31,80
64,Follow play bill social provide return return.,Excellent,31,81
12,Morning assume sell past star statement.,Excellent,83,82
57,Security second bar clear American herself.,Poor,53,83
55,Close push fill treatment listen food right fly heavy others dream.,Good,73,84
7,We high player expert size much value.,Excellent,89,85
48,Necessary Mrs what paper meeting wall smile type those both but trade indicate.,Excellent,68,86
44,Star city imagine early art true industry edge after.,Poor,41,87
70,Environmental keep account decide control it garden exist.,Average,50,88
45,Standard however fund young certain away.,Average,1,89
62,Deep majority he never capital alone.,Good,98,90
70,Manage early cold traditional strategy yet clearly onto field energy provide analysis girl.,Average,58,91
93,Draw provide front ago fire major head on foot.,Excellent,36,92
17,Product me they career month design effort woman.,Excellent,85,93
66,Laugh wonder lead many spend drive without think measure bar traditional yet unit executive.,Excellent,76,94
83,Road rule usually story two guess assume half television financial.,Average,65,95
112,Appear among cut old difficult there bill myself suddenly common.,Poor,58,96
101,Pass town surface company cause medical customer sound onto foot issue again system.,Good,83,97
86,Degree senior here who institution wear suggest my wall people since force.,Good,94,98
31,Explain you senior white sell natural maintain.,Poor,44,99
84,Time senior occur him fight boy.,Good,42,100
110,Once market indeed particular total nature phone drug might.,Poor,63,101
78,Model relationship read strategy form day.,Average,72,102
116,Artist candidate guess business trial old range plant want person.,Good,23,103
54,Spring small common cause both machine short others challenge result show care success opportunity.,Average,58,104
104,Professional threat image stop hour dog remember mean dream miss hair drive per.,Poor,6,105
91,Improve child cell work population eat today.,Average,12,106
102,Do eight write tough shake particularly them beautiful nor.,Good,88,107
3,Near skin cell yourself his follow foot case stop both traditional.,Poor,94,108
26,Congress program administration generation foreign fill.,Good,27,109
1,Look type rest home day watch.,Excellent,75,110
95,Necessary star room make generation floor you floor.,Excellent,26,111
61,Energy truth forget response late gas determine Mr piece.,Good,16,112
77,Live ask particular point it former official region sort left ready case note.,Good,92,113
19,Such development writer painting picture history federal.,Poor,53,114
35,Into deal you remain medical soon discuss could feeling arrive.,Average,22,115
111,Art reason at both government boy those.,Average,57,116
82,Leader fast activity section although notice.,Good,53,117
98,Forget nice manage move cause idea color oil street must hundred him would.,Excellent,72,118
84,Each value mention make tree dinner peace stand.,Poor,86,119
1,I soldier threat southern how it direction change.,Poor,69,120
78,By north stock cover trip difference practice toward blue wait money change.,Excellent,45,121
87,Religious figure strong agree alone particularly early manage raise bank drop month speech doctor.,Excellent,48,122
77,Process yeah local begin glass Mr gas.,Excellent,57,123
49,Although center film month will situation can agency green however.,Good,16,124
30,Sister conference real continue miss event weight subject own body car certain.,Good,13,125
91,Book also bed team air there through commercial manager let there growth.,Good,97,126
8,Trip development short common certainly share central bar.,Average,57,127
33,Particularly big process loss room do down table shake available enjoy.,Average,8,128
95,What international decision cup animal news current audience.,Poor,29,129
1,Question ready to human under guess marriage then best nature board memory.,Excellent,6,130
5,Tree character play understand forget environment couple southern wife concern plant.,Poor,63,131
5,Under small others work coach field agency.,Excellent,6,132
111,Lead particularly same while animal generation military various price early.,Average,57,133
9,Whose interesting build maintain law from government blue thus stand writer bad.,Average,3,134
5,Her maintain indicate about response PM response.,Good,33,135
28,Free again discussion wait enough billion listen could.,Good,14,136
26,Part natural type concern piece establish yeah tell whatever.,Average,7,137
117,Case beautiful chair leader any evidence.,Good,79,138
74,Campaign born be bar ball red similar clear.,Good,86,139
111,Understand result they eye six magazine fine dream manager also case.,Poor,72,140
26,Computer type determine represent worker support stage far.,Good,97,141
56,Film often store million resource city month both major current.,Average,62,142
7,Company later glass role result everyone night check would.,Good,85,143
99,Cold daughter common husband themselves gas raise edge ever chair main.,Poor,83,144
10,Yard offer hard require among fly science no there else few know any.,Excellent,15,145
43,Process leave student skin yet move keep past race drive sea present.,Poor,53,146
15,Small radio various former old never back whom they series same.,Excellent,96,147
10,He leg morning figure town prove special second.,Excellent,35,148
45,Young still whole heavy kitchen require contain thank too baby democratic sell.,Poor,34,149
80,Area side hotel particularly that experience international five food.,Good,58,150
23,Above carry them author dark air total speak watch watch decision share these.,Good,25,151
36,Go door street city part child reality man carry billion.,Good,79,152
20,Believe fire customer watch appear true phone station mind.,Poor,63,153
25,Great where cut movie remember oil brother statement series.,Poor,12,154
4,Unit central get significant scientist house soldier easy student risk.,Excellent,88,155
11,Serve young east cover build hot positive.,Poor,58,156
118,Color our quickly week claim myself.,Good,88,157
92,Career debate contain together respond arrive knowledge great politics.,Average,30,158
37,Paper police light fire paper worker amount chair necessary.,Poor,67,159
5,Race ago fund glass plant hair.,Average,96,160
113,Level stage use town kind response.,Poor,97,161
25,Manager plant teach name response century result.,Good,40,162
29,History chance million account expect phone per security nor after sense table.,Average,23,163
102,Experience raise manage laugh couple middle anything environmental industry.,Good,33,164
2,Need rock positive suffer week me visit.,Poor,84,165
20,Similar one under TV production oil.,Average,83,166
89,Push together policy who what machine.,Average,75,167
38,Sometimes could environment receive wait protect picture against couple.,Good,3,168
84,Military agree relate bag ever door choice.,Good,59,169
120,Ball down end responsibility blood explain machine response cold resource live high place.,Average,8,170
40,Down upon baby amount area Congress thought.,Good,51,171
41,Answer line minute everybody should method.,Good,63,172
6,Phone will agree most mission key then so.,Poor,60,173
66,Ground effort agree a will simple training federal.,Good,70,174
55,Effort security design take easy culture.,Poor,92,175
53,Partner staff deep sense phone trouble.,Poor,82,176
12,Else financial out away agency decade.,Average,21,177
37,Word commercial family always activity article half lose admit bill company success participant.,Good,55,178
23,Receive return field somebody defense send.,Excellent,79,179
49,Card catch rise stage this free natural item kind when participant.,Excellent,79,180
8,Perhaps that lot mean step mother fear radio each others morning.,Poor,2,181
7,Culture have report marriage security turn almost nearly opportunity firm ten.,Average,46,182
102,Brother executive reveal my ever provide color week social already crime shake.,Good,62,183
60,Happen suddenly bag do job interest that control blue morning attention so democratic.,Average,3,184
53,Ground magazine billion test leg garden.,Good,73,185
20,Building minute experience ago feeling community network ability which.,Poor,17,186
15,Need where life account yard girl tough then.,Good,63,187
51,Although church from deal during question near lose floor audience wear.,Good,70,188
52,Think visit throw me toward in staff test off morning bill administration.,Good,88,189
52,Me international child generation time sea decide work upon smile threat world.,Poor,64,190
