review_id,customer_id,product_id,review_text,rating
1,36,43,Guess soon explain majority rise agree send product break why lose activity manage school.,Excellent
2,47,28,Relate close stock now book artist represent house.,Average
3,93,110,About set approach decide myself speech wrong foot fish next push take reduce.,Excellent
4,29,93,On where since anything certainly cause available suffer result develop where recognize structure.,Good
5,80,28,Issue network your available police only leader small suddenly daughter.,Excellent
6,80,100,Bill make government production me since music travel open agency.,Average
7,87,46,Firm area stay least born tell fall job exist structure continue method water.,Excellent
8,97,75,North region like example think old hair again often.,Excellent
9,67,101,Successful someone join direction nothing term she still director popular.,Poor
10,29,93,Before wind way cold writer individual never until.,Poor
11,5,95,Save western figure glass good standard skill rock close.,Excellent
12,64,65,Page discuss physical Mr type dog avoid himself step third only design serve.,Poor
13,7,102,Modern sea us set consider fight example fall wind society discuss present interesting.,Average
14,47,59,Soon day parent yes design whole nice consumer plant employee agency pay.,Poor
15,32,90,Themselves those read hard and such somebody they help low.,Poor
16,28,22,Imagine work whether nearly too rise.,Good
17,16,5,Part control degree very wall foot.,Average
18,46,7,They move data cut song possible affect such personal themselves fish this floor.,Excellent
19,31,102,Water more from political evidence simply commercial house production note.,Excellent
20,87,22,Also bit nation break successful necessary prevent sign more employee two office significant.,Poor
21,46,64,Parent alone stand leader they set yourself member rise follow traditional actually.,Excellent
22,71,62,Left total on friend finish open assume table.,Average
23,30,79,Fill everything successful American do land research area at.,Good
24,4,90,Capital contain director practice scientist century full simple alone else note exist.,Poor
25,1,1,Short certain door relate left lose.,Good
26,18,65,Avoid standard exist similar risk pull group church next.,Average
27,78,51,Night enough center fire somebody recently season sea much.,Good
28,30,90,Ball choose garden he military respond want often fine when call miss miss.,Poor
29,48,34,Join move couple fear responsibility of eye start bag in pick.,Average
30,9,60,Position sister help hand leave dinner north century again reality.,Poor
31,48,74,She task expect happy quality available soldier message century protect officer his task.,Average
32,23,85,Stage seat guy face owner investment.,Average
33,81,5,Benefit able understand live time news.,Average
34,67,42,Western pay quite nature quite child security above art crime.,Excellent
35,59,91,Serve draw top choose good court special start analysis enter.,Average
36,91,95,Wait food tell her prevent true democratic.,Average
37,23,103,Find development less cover number machine blood course decide occur score wall ground.,Excellent
38,36,80,So middle easy apply serious talk speech area.,Average
39,99,31,Say group walk find likely day individual personal current before recently report west.,Good
40,25,26,Want site now drop appear space foot feeling.,Poor
41,65,106,Nice take father finish case lose mind station trial civil nothing stock.,Poor
42,70,13,My defense cultural natural boy do.,Good
43,16,101,Pretty next sure sense season set sort way.,Average
44,99,49,Buy section view month central mission defense southern or policy theory.,Average
45,15,98,Pretty care Democrat direction game baby small gun wear both list among energy.,Average
46,17,75,Itself public game media upon loss allow house majority include.,Good
47,72,17,Dinner us attack test card then teach find movement.,Good
48,99,42,Impact energy someone step culture reveal full.,Good
49,24,106,At break open left explain community democratic.,Excellent
50,78,75,Stay enter create total here nature son radio pretty something green speech even.,Good
51,1,115,Cut shake age forget floor value material food begin by eight.,Poor
52,59,72,Election behavior window cost skill teacher ready the right rate phone walk.,Average
53,29,19,Wide worker director house peace spring hotel look meeting question because series.,Average
54,55,108,Peace discuss source room address right.,Poor
55,69,76,Rock stay rate enough threat could wear social half them.,Poor
56,9,90,Really receive let one until rest small size everyone.,Good
57,12,103,Board idea guess side pick billion.,Excellent
58,52,42,Because very democratic under then could doctor realize agency.,Excellent
59,52,31,Several certainly once health assume simple foreign test look.,Average
60,9,50,Summer heart street seven case water firm you live ten and.,Excellent
61,70,39,Use for science poor green civil under energy.,Excellent
62,23,31,Build firm likely call heart improve find.,Good
63,60,98,Support theory nation treat box participant threat environmental after resource worker individual coach.,Poor
64,45,57,Charge suddenly scientist year Democrat wrong.,Poor
65,100,74,Figure charge research region trip toward great method suggest manage everything purpose ever box.,Good
66,100,98,Can energy student care throw Republican perform industry share down.,Poor
67,14,63,Sing sing energy bill example at technology audience region reason also citizen nearly.,Excellent
68,100,80,Design free focus western place determine friend three feeling scientist skill structure.,Excellent
69,81,63,Exactly best soldier white available life institution suddenly officer scene article tax recent.,Poor
70,38,81,Line miss point data concern hair brother.,Average
71,15,48,Stand right through on almost customer detail none animal.,Excellent
72,17,107,Give west old knowledge increase language million.,Excellent
73,47,82,As over national study nature ten hit clear instead cultural.,Average
74,17,100,Goal buy on analysis future environmental court head.,Average
75,99,5,Million five say success source order type camera day same focus water himself.,Average
76,27,112,Race single major staff as create state yourself shake discuss entire instead scene.,Excellent
77,20,50,Explain watch various establish measure score.,Poor
78,35,72,Serve cut current of soon continue week on hit east subject.,Poor
79,58,38,Side look ten compare husband hear fill expert.,Excellent
80,33,82,Mouth including letter value always billion chance until small difficult.,Poor
81,25,5,Experience night lawyer involve floor process.,Good
82,91,102,Close these analysis day environment network assume.,Good
83,46,4,Probably start choose stand particular hot bad walk condition property culture way follow.,Excellent
84,49,2,You box thank almost task eight never everyone agent reduce run.,Poor
85,34,36,Special third soldier officer kitchen memory notice indicate local year top behind despite.,Poor
86,20,103,Example me more yet theory tell compare play appear manage.,Excellent
87,15,54,Instead none meeting close make bed by.,Poor
88,93,25,Full another indicate off leave picture federal morning.,Good
89,3,43,Raise rock risk place statement upon really power natural.,Average
90,33,16,Yet hit public prove middle some officer reveal artist west be success.,Good
91,22,111,Some enjoy so level win small time black kid.,Excellent
92,8,14,Run piece conference most wonder resource carry defense front church health.,Average
93,17,97,Business theory season story street tend us a force Congress fish maybe reveal.,Poor
94,80,34,Tonight through although wrong present her character record.,Good
95,38,57,Hand court direction until both reduce.,Poor
96,74,41,Play continue table high instead practice them form fill miss base.,Excellent
97,33,21,Public more doctor character suddenly real.,Excellent
98,41,24,Husband perhaps move experience record hospital analysis produce million instead purpose policy.,Poor
99,36,71,Success white clear what right better receive market candidate note.,Poor
100,54,115,Treat ok along cultural kid serious shoulder physical firm security evening.,Average
101,15,29,Various from trip all matter structure really state draw see marriage.,Good
102,18,2,Station let save force attention fire pull natural.,Excellent
103,54,116,Certain throw three her window her exist establish morning up peace might.,Excellent
104,62,70,Black site father meet sort early manager challenge education yeah clear since three.,Poor
105,70,7,Film economy book reality onto claim.,Poor
106,96,86,Size feeling leader part consumer issue court discover.,Good
107,54,33,Beautiful lead rate explain program after south feeling study million boy.,Poor
108,20,95,President trial statement cover west how usually whom.,Poor
109,23,16,Same then heart ever offer defense effort method board.,Poor
110,26,24,Stand add over will three mean interview painting know policy maintain game somebody.,Good
111,76,106,Smile industry brother population beat Democrat fly people.,Average
112,58,57,Put really science agent industry task year benefit exactly design.,Excellent
113,74,6,Floor sense benefit on food attention worry reach past.,Average
114,12,96,Again much test beyond purpose occur.,Good
115,2,101,Fine ready hotel six no within consider camera.,Excellent
116,90,15,Take performance early may fight standard town spring last.,Excellent
117,58,30,During floor summer only him herself election around including.,Excellent
118,43,23,Beyond newspaper note could resource question stage draw under article market candidate everything.,Good
119,6,23,Money party issue itself anything argue where decision.,Good
120,37,87,Agreement feeling do animal thousand natural husband set.,Average
121,83,26,Involve audience low information store old show.,Good
122,70,6,Manager table happen peace until respond.,Good
123,73,113,Seek might send concern growth admit guy could list family left.,Average
124,79,71,Everybody operation opportunity think list none.,Excellent
125,59,72,Especially design full agree beyond hand series figure miss dinner catch allow now.,Excellent
126,76,34,Save forget baby industry hear opportunity argue that help wall.,Average
127,57,104,Will mother employee for good process hand article stay score.,Good
128,82,6,Enough top final level seat recent real will meeting color behavior.,Average
129,1,76,Involve ready letter fight game feel eat listen system.,Average
130,75,72,Purpose cause affect or according box.,Poor
131,8,18,Right religious week must choose piece according worker throughout.,Poor
132,54,75,Themselves training into store color foreign level.,Excellent
133,87,105,Discover half week husband skin action thought.,Poor
134,67,120,Travel suddenly crime management home audience fight.,Good
135,22,27,Someone wind later summer protect through ever majority.,Good
136,80,40,I cultural growth brother west film reduce.,Average
137,40,53,Lawyer song impact speak level foreign police.,Excellent
138,37,47,Reflect full month east section rise movie Democrat three into identify just small.,Good
139,38,75,Development site two turn leader blood world young garden bag.,Poor
140,5,2,Citizen look suffer available power song town might return environmental clear.,Good
141,82,71,Similar all season someone media though also beautiful drive contain throughout move.,Average
142,75,114,Organization true table drug simply product west walk stay summer oil.,Excellent
143,86,55,Own staff trip shoulder analysis simple fight defense guess nor.,Excellent
144,22,99,Cover market course yard service cup nice shoulder guy open leader commercial floor.,Average
145,49,52,Finally they customer join bill task executive.,Excellent
146,28,34,World food marriage seem economic baby term story garden one leader again pay.,Good
147,42,61,Husband first investment strategy maybe rise boy share early remember.,Excellent
148,64,80,Service finish year can fact relationship job degree wish attention.,Poor
149,59,110,Today bank need five share month interest range yeah mention thank.,Average
150,28,89,Blue discuss operation day its season which along small require lead.,Good
151,2,92,There PM back become travel this month conference down person hand both debate professor.,Good
152,40,15,Kitchen within account rate become page beat too price factor another usually person.,Average
153,20,63,Top point lead turn reveal prevent.,Poor
154,37,11,Stand again both month really apply program attorney director.,Excellent
155,95,6,Today room effect stay game ago.,Excellent
156,27,99,Alone large clearly remember involve fight within organization order.,Poor
157,83,82,Room dog team policy probably check everything somebody program.,Excellent
158,50,47,Public senior positive whom rule hand chair policy through PM prepare happy pull.,Average
159,30,100,Just lose arm cause management Congress message own sell.,Average
160,50,87,Break task resource Mrs street positive feeling fight room claim office.,Excellent
161,26,32,At body pass just action sense project new court daughter.,Excellent
162,88,44,Order nor operation explain specific next.,Poor
163,76,69,Strong bed significant seek story may experience hold style eat.,Average
164,7,111,Protect eat reflect subject final general fear know nor.,Excellent
165,75,26,Pressure sport establish difference protect example nice road officer.,Good
166,53,3,Surface opportunity quality start bit whatever hotel share main center.,Average
167,3,41,Hair former him cold name stage west pick mission.,Good
168,55,99,Baby case type certainly suddenly memory idea somebody manager.,Excellent
169,3,7,Already significant best management office while.,Excellent
170,12,67,Decide rise day might clearly race appear until even against.,Good
171,50,79,Action over at young property could federal avoid radio attorney season tell lay.,Average
172,22,48,All remain cause explain still customer every themselves middle bank future standard.,Excellent
173,9,105,Home nice drop reason challenge push year commercial pretty president democratic church baby.,Average
174,10,86,Those discover color stay fund job.,Excellent
175,90,103,Wonder drive name item before head take president blue by gas TV point.,Excellent
176,7,28,Home back choice PM various TV provide nearly catch indicate.,Good
177,91,114,Rate adult song wrong sure society life draw class.,Good
178,30,43,Those table find week administration scientist available so war chair debate miss.,Average
179,18,23,Hot real find college quality design alone number forward.,Average
180,14,112,Cut off country ok begin I as.,Average
181,72,110,Section daughter account recently through yeah guy can relationship.,Average
182,16,23,Be beat show experience safe me glass very garden put next.,Good
183,74,33,Best north feel buy pass mention.,Poor
184,6,48,Culture nature station us case today where effect within continue.,Poor
185,61,86,Man talk expect perhaps evening painting.,Excellent
186,2,93,Perhaps memory energy thus such so.,Average
187,87,43,Success generation late current any affect again control guy.,Average
188,91,101,Reflect security peace energy leader page note same.,Poor
189,71,89,Feel suggest young also wear price important yourself discover front available scene side.,Poor
