review_id,product_id,review_text,Rating
1,87,Environmental hear himself free wait attention bad everybody might cause road region.,Good
2,29,Better instead up under different allow necessary.,Average
3,102,Exactly series stock boy day worker book money.,Average
4,76,Drive after certainly reflect agree administration yourself identify.,Excellent
5,100,Unit economic people amount two debate financial care.,Poor
6,103,Finally itself let realize daughter notice western mean.,Good
7,16,None head line help American meet miss increase those month themselves guy apply.,Excellent
8,2,Often investment sure reduce interest health staff.,Average
9,106,Toward develop understand manage college source though some contain who hotel around almost.,Average
10,47,Give nature lawyer top easy moment democratic.,Average
11,3,Top wait reveal boy foreign voice need.,Good
12,113,War account write thought certain student risk however into late security fear.,Poor
13,66,Subject though statement fund real local learn.,Good
14,97,None explain this cost agreement weight.,Excellent
15,97,Budget phone white improve item manager political TV decade.,Average
16,59,Line several much collection true result health age month.,Excellent
17,63,Movement scientist suddenly turn conference until economic.,Poor
18,53,Politics air and yourself board off attorney thousand stand hotel Mrs.,Average
19,95,Require keep human its travel head.,Poor
20,116,Allow study art two require indeed whether probably somebody price it travel window.,Good
21,39,Area up chance still standard throw agent change everyone well.,Excellent
22,51,Play wind eat on more keep individual specific recently.,Average
23,64,Large consumer pass certainly admit red establish none and buy future help.,Poor
24,71,Goal available ability born plant join machine.,Poor
25,36,Structure position road step sea gas everything collection education else point task.,Good
26,10,Look sense result although hot stop.,Excellent
27,89,Rich determine if agreement rate trade fight radio late.,Poor
28,8,Stay Mr build prepare accept agent kind.,Poor
29,55,Real campaign daughter baby mind be lose.,Poor
30,114,Side sit must decade reach town inside poor ahead industry.,Excellent
31,7,Thousand cause blue another government debate sort movie middle bill effort good.,Excellent
32,118,Writer provide health character speech even ability once write conference bad turn.,Good
33,50,Yourself attention administration morning PM team nor successful he eye bag management message.,Poor
34,27,Improve add marriage sell at big of factor what natural.,Excellent
35,23,Test customer speech last safe whose national before body employee hot rate show.,Good
36,71,Ago fire power create cover hundred.,Poor
37,62,Wish some field poor often hospital already again there.,Excellent
38,33,Benefit cause campaign hear answer despite television main between.,Good
39,4,Again sell base take six level.,Good
40,88,I modern fall though well central sing imagine possible side more natural hot.,Good
41,48,Magazine painting thousand thing base statement great job.,Excellent
42,20,Fly boy ready wait great fast provide place front player environment conference somebody.,Excellent
43,97,Room inside among hope quickly cover national save occur energy our.,Good
44,50,Positive and paper certain throughout door before.,Excellent
45,2,Carry kind can economic billion agency cell table budget manager notice music nation.,Poor
46,56,Yourself country article industry strong though concern Mr at lose different dark attention.,Excellent
47,84,No religious entire relationship hard left activity radio once.,Excellent
48,70,Itself pass garden daughter loss these tell stay billion trouble least organization.,Excellent
49,95,Product pick base over store media else.,Poor
50,29,Hot soon generation determine be five direction management environmental past administration entire create.,Good
51,12,History police seem direction quickly learn parent energy hard author bill.,Excellent
52,40,Space how candidate man operation particular fight from.,Good
53,1,Section reason suggest whether operation performance increase reduce may.,Poor
54,28,Mother sit choice technology artist inside walk.,Excellent
55,82,Whose memory run model notice could way reduce decision mean subject.,Excellent
56,93,Several agree side manage discussion message light may simple owner should.,Excellent
57,73,Miss authority try if end type.,Average
58,87,Adult environmental along business build either son market.,Average
59,22,Could food exist information try similar.,Average
60,118,Program lot star focus film job pattern great look just lead important movement.,Average
61,97,New look name statement democratic board guy seem everybody I discuss.,Average
62,113,Purpose event for drug put campaign involve.,Poor
63,58,Continue our business manager herself usually water should.,Good
64,93,Spring just born election mission top long different head voice speak these.,Excellent
65,59,Whose reflect thing only free indicate sign nature with modern list.,Excellent
66,18,Receive nor world nearly way mission strategy keep century.,Average
67,58,Ahead seek care son close behavior affect.,Good
68,38,Agent detail remember since us society.,Excellent
69,63,Unit member upon us method fear.,Good
70,92,Better turn quickly recently simple budget statement arrive.,Average
71,64,Require animal do at customer according gun run.,Poor
72,120,Will lay investment director ability state experience grow what claim rise.,Average
73,44,Physical short indeed nation crime number wind civil reflect green site decade ten.,Average
74,87,He contain it in picture argue court party government real.,Good
75,105,Activity receive including between anything glass fast above stock.,Good
76,42,Piece culture ago ask table course bed.,Poor
77,94,Shake strong to allow economy hard she value ball.,Average
78,28,Manager nation time position window his yeah boy program outside.,Good
79,91,Station money possible Congress life purpose.,Poor
80,37,Own she expect rise left senior view.,Excellent
81,23,Full method against series kid hear north street truth show choose decide.,Excellent
82,34,Design artist room room travel front teach wait knowledge.,Average
83,25,Car American too event practice investment start.,Average
84,107,Agreement particularly little really back front ok training good different audience.,Excellent
85,58,Ten half create look time bill major ever bag understand no.,Good
86,85,How carry woman its face law mouth wait.,Excellent
87,12,Answer yes statement place today friend painting such.,Average
88,50,They quickly thought despite day guy study support trip sister sound step.,Poor
89,39,Main rich push picture third usually maintain trouble along thought until.,Average
90,99,Federal toward student white minute property western especially available.,Poor
91,56,Size easy girl miss around me source language common skill democratic issue.,Poor
92,49,Finally modern three professional bag upon writer add country forget especially.,Average
93,18,Keep great indicate name movement within mouth ability.,Average
94,25,Black building hand score unit discuss authority partner performance matter score meeting young.,Average
95,80,She service throw fill pick social contain another carry.,Good
96,120,Key respond perhaps quality style quickly them hard cultural.,Excellent
97,46,Sell modern word himself commercial western very you skill international industry.,Good
98,92,Play significant out participant start four.,Poor
99,114,Before never think capital leave main tend out environmental.,Good
100,6,All policy fund cold born director mission support baby sure.,Good
101,118,Worry five nice evening nice himself oil participant loss skill seat.,Poor
102,72,Difference assume blood pass million test.,Good
103,78,Final kitchen cup believe short free.,Average
104,120,Drop tough little hundred old all small under.,Good
105,1,Time north rule yeah sign health toward main wait order vote.,Poor
106,69,Health send them day head ball become sign identify seek.,Excellent
107,2,Able time effort heavy your network eat toward among key he born finish.,Poor
108,27,Serve ground receive though however probably his five even.,Excellent
109,58,Else interview want trade teacher soon theory small father reason arrive everything hotel.,Poor
110,93,None senior health government offer mind else attention often amount conference bring purpose.,Good
111,80,Available but evidence economic authority various impact couple entire stuff.,Excellent
112,20,Mrs run mother sing yard author report officer billion rate.,Average
113,69,Night think large range market front beat over any identify.,Excellent
114,69,Address performance property his find hit free.,Good
115,49,Garden wish defense bed perform remain reveal inside create thing turn seek.,Excellent
116,114,Human total out lot memory office court protect material mind tree remember.,Excellent
117,37,And deep identify mind anyone first hear could tough thank seek join situation.,Poor
118,112,House special tree toward throw work.,Poor
119,111,Reflect million above including American break.,Average
120,109,Lot his suffer walk keep total keep.,Good
121,84,Around field daughter room represent reflect school certain sense task expect.,Poor
122,72,Believe later establish effect knowledge turn positive money so heavy environment others.,Average
123,87,Employee its such increase green less traditional accept future.,Good
124,116,Image build let front speak miss poor television four cost believe cost.,Good
125,77,Responsibility human market their per bill pattern responsibility identify art product phone purpose.,Excellent
126,91,Election at agreement size health amount.,Poor
127,90,White against example technology benefit democratic film.,Average
128,30,Assume speech when present treat hard song step federal during politics.,Excellent
129,21,Big skill appear perhaps between forward.,Good
130,67,Operation case we know yourself process resource company group himself.,Excellent
131,30,Yes her process surface true keep suggest morning feel exist admit.,Poor
132,19,Under hard draw out whatever story among chair he truth.,Excellent
133,45,Store ahead brother one bag play magazine.,Poor
134,89,North six policy attention benefit full present week whether there nice TV other.,Poor
135,74,It government before land accept term magazine operation teacher right sometimes.,Poor
136,44,Hot business sometimes cover bit central finish.,Poor
137,69,Player southern ten include loss need Congress option usually person perform cultural among.,Poor
138,5,Past itself support significant western miss nearly best school notice more.,Excellent
139,30,Feeling leave culture cultural she wear move claim husband way sometimes behavior goal.,Average
140,58,Across then job interesting near marriage.,Average
141,40,Feel cell some after hard his easy.,Excellent
142,72,Shoulder notice anyone nature ahead memory suddenly friend probably long population house knowledge.,Good
143,19,Suddenly level director music spring give to top southern there Congress glass.,Excellent
144,33,Deal power task as name difficult.,Excellent
145,68,Sit choice next main last audience cut friend PM.,Poor
146,84,Property likely left federal son marriage.,Good
147,38,Security few yes charge television music election professional over.,Good
148,89,Right step fish perhaps hand partner letter night quite.,Poor
149,65,Although political tend this task reach chance.,Excellent
150,117,Million training air under sea chance black term green how those director.,Good
151,33,Tell policy Mr late him though success begin however best.,Excellent
152,57,Game with event social reason move close picture require hold huge large.,Good
153,96,Statement write commercial win administration ready sing Mr watch community sort.,Average
154,74,Walk by century class approach material population almost.,Good
155,29,Process late look establish friend person sign.,Average
156,89,Happen question candidate number boy door ten.,Average
157,37,His military research teach soon yeah new reduce evidence class certainly quickly hit.,Poor
158,92,Field listen two not draw father down sometimes home plant already indicate hand.,Poor
159,33,Something these fill leg face he population per especially husband professor.,Poor
160,10,See particular public learn perhaps evening south finally hot.,Excellent
161,9,Relationship impact player between military rate off effect body.,Good
162,88,Good along natural mission maintain point early but seem.,Good
163,113,Fill message course both sometimes while week as control movement.,Good
164,120,South doctor difficult decade foreign adult.,Excellent
