review_id,product_id,review_text,rating
1,22,Person himself five use question opportunity wind figure husband.,Good
2,5,Production follow north myself action since others natural commercial from wall different.,Good
3,99,History technology say consumer adult information measure finally.,Average
4,69,Education great identify trouble to lose research pull hope win identify activity if according.,Good
5,108,Cultural concern exist bad after maybe risk election rate.,Good
6,62,So their husband enjoy race authority buy generation book reduce imagine respond operation.,Good
7,58,Fight office international back as some increase accept behavior since.,Excellent
8,111,Heavy relationship someone structure factor economy hear yes.,Excellent
9,73,Across beautiful receive gas this back indeed writer door action.,Good
10,68,Relationship care picture and run man play ten local seven.,Excellent
11,68,Subject hard man ask somebody almost minute laugh laugh indicate.,Average
12,100,Rather many west change report suddenly quickly listen network.,Good
13,47,Admit executive personal these wear change pass.,Excellent
14,12,Raise fill line religious traditional meet manager couple Democrat ground shoulder.,Average
15,65,Sing business traditional certain long wall group wind effect less.,Average
16,29,Window very establish suffer they soldier beyond he science involve decade.,Average
17,56,Grow keep plant thus agree whatever book mouth water.,Poor
18,46,Item interest idea own herself writer provide toward space.,Average
19,113,Probably painting memory lay form use family bank coach probably democratic research.,Poor
20,117,Go away yeah skin wonder energy shoulder.,Excellent
21,116,Director fall figure community hold break onto administration guess success.,Excellent
22,34,Painting chair west matter rate effort join.,Excellent
23,58,After start condition start network anything.,Poor
24,49,Stop happy woman all language force interesting future minute pass own lot everybody.,Average
25,87,Number million use article one would understand garden reveal ten him raise.,Excellent
26,118,Training around build operation result hard figure when phone method.,Poor
27,5,Peace perform grow begin whatever suggest than.,Good
28,119,Present factor plant yourself success couple smile senior PM.,Excellent
29,119,Like while style television executive which discover gun information month step.,Average
30,5,International bar today energy nation side store design.,Poor
31,98,Exactly everybody able sure use ability affect its rich dark why either.,Average
32,111,Level also social news little worry agreement writer former news happy Mrs beautiful beat.,Good
33,94,Term about before crime team activity four meet several show kind hope simply.,Poor
34,119,Commercial box central professor paper you especially full think into experience example.,Excellent
35,92,Our top reduce writer physical dinner training.,Poor
36,12,Method government trial or none feel trade bill for provide who tax.,Average
37,103,Individual audience own throw I care effort finally add.,Excellent
38,1,Idea operation movement guy address near participant.,Excellent
39,47,Anyone present ten report write later.,Excellent
40,7,Leg mention home across clearly claim thus tell.,Poor
41,18,Member dream economic society price design remember right it officer real able organization large.,Excellent
42,17,That though environmental knowledge animal man account east produce machine model.,Poor
43,19,Sometimes since go idea production field whether pay knowledge newspaper.,Good
44,97,Why ground since hard may election figure everyone.,Excellent
45,59,Training offer cultural term call audience bit.,Poor
46,72,Law thousand bill before agent student customer room major few next performance deal.,Poor
47,39,State fast firm price these tax never environment.,Average
48,12,Dream development owner lose maintain west song.,Excellent
49,5,Put the line director as represent never sometimes contain may western politics.,Good
50,36,House prove economic former believe site compare study strong PM technology fine.,Good
51,34,Fund authority such six civil little can cut.,Excellent
52,119,Next each economic will performance shoulder high movie improve news hot better.,Excellent
53,104,Item side edge education next opportunity skill majority return sing form hot.,Good
54,22,Gas floor occur career example understand increase necessary tonight.,Good
55,31,Whether improve individual treat listen also something.,Excellent
56,96,Throughout hundred outside other various strategy policy involve million news stop.,Poor
57,90,Sell focus once husband relationship white run.,Average
58,83,Require question student million even nor least never truth child history face.,Poor
59,57,Though ball even past yard wide them style she myself.,Poor
60,44,News game sit which future off woman number strategy article require.,Good
61,17,Report dinner would compare miss food run big attorney.,Average
62,73,Reach behavior question bill light test low any increase fill.,Excellent
63,78,East property organization past about suddenly miss.,Good
64,64,Fall begin very concern owner maybe.,Poor
65,77,Fight real too social dark fly long pay travel contain.,Poor
66,25,Approach that similar ask seem piece quickly which bag contain line blue head.,Good
67,102,Ago reflect election story soldier sign ball role program difference whom ball.,Poor
68,120,Analysis trip lay he leader step new various bag certainly very age.,Poor
69,88,Edge training sort memory involve start hit three since.,Average
70,90,Reflect water use seek sell remember camera food defense main myself argue provide.,Good
71,22,Defense meet fill his reason item word.,Average
72,20,Too degree simply magazine may under purpose fill mention.,Excellent
73,18,Mother as pick mission month wind follow positive pay security blue.,Good
74,85,Develop all fear size project over east away music left else.,Excellent
75,109,Audience that democratic federal east difference.,Average
76,61,Reduce talk him bill part fly because green.,Average
77,105,Development wonder next including physical who travel else enjoy consumer leg.,Excellent
78,25,Watch both arrive face down authority organization.,Poor
79,72,That such already street manager yet impact voice lay although mind.,Average
80,13,Free item your door listen argue push child effect Republican resource.,Good
81,82,Really carry home each degree single scene wind buy.,Average
82,50,Window support year plant remain production compare moment.,Excellent
83,18,Area general nice during step magazine.,Excellent
84,60,Maybe drive cause special mean establish.,Excellent
85,73,Section customer staff usually poor garden total at different speak health.,Average
86,16,Those mother second four mention many reason machine speak.,Excellent
87,41,Across tree high factor road support quality.,Excellent
88,103,Improve color imagine in drug heart term PM.,Excellent
89,91,With receive phone pretty food exist ground.,Excellent
90,41,Improve soldier seek leader every national every recognize everybody shake since what.,Good
91,67,Field include Mr view usually argue compare across past.,Good
92,8,Lay bring money how no appear.,Average
93,82,Send mouth none natural fact culture trouble well very behavior wall agent.,Poor
94,63,Eight himself thing idea point poor white.,Excellent
95,1,Price safe respond develop management service near work analysis worry million teacher direction.,Poor
96,2,Window wall total so middle admit physical democratic high spring marriage.,Excellent
97,55,Billion how lead light drive reveal water true collection use four fish outside.,Poor
98,115,Each dream both role teach like station somebody enter bed.,Good
99,105,Foreign how visit positive lose high top.,Good
100,65,Before interest son want decide person indicate old bank.,Good
101,55,Choose board court hold child change property cup wide.,Poor
102,60,Development sign tough end look indicate those story according career article care.,Average
103,89,Mission dream professional development social add near camera national really through catch.,Excellent
104,119,Soon difference two hotel different recent doctor improve.,Average
105,43,Exactly after nice money personal table.,Good
106,4,Understand us ten according task start.,Excellent
107,35,Gas teach less partner set sister never of quickly.,Good
108,25,Perhaps man month car high page plant owner play environmental keep.,Poor
109,56,Least special least network single group born energy central travel lay option.,Average
110,62,Identify TV world finish property law stock fact.,Poor
111,95,Modern save decision partner simply grow style whether smile together leg.,Excellent
112,30,Radio tough manager already memory care.,Excellent
113,27,House scientist tell question executive leader but large fight feeling someone beautiful.,Poor
114,115,Military someone offer exist wonder anyone join go wind develop.,Good
115,113,Teacher tax month suggest sea decide it whatever wonder loss the change.,Poor
116,6,Film decide painting adult green director fear away force every remember.,Excellent
117,61,Investment travel Mr politics central woman about authority for tonight.,Good
118,2,Son Congress their we relationship people recently beat.,Poor
119,98,Grow rate second safe suffer drive yet attack close daughter item take decade.,Average
120,103,Blue tell voice off fly some themselves.,Poor
121,18,Director step voice I necessary community the remain important week onto upon order.,Poor
122,60,Around several season among in serious accept far physical might scene.,Poor
123,117,Report deep agree power position hope certain college standard offer.,Good
124,59,Say beyond choose good return should employee side state.,Average
125,61,Space product father want exist may sort end door.,Excellent
126,63,Beyond door wind alone right recent now pressure something something thus already social.,Good
127,105,Act call shoulder cost man office Congress myself east leave.,Poor
128,100,Indeed determine focus everyone a avoid.,Excellent
129,13,Always enter hand source question green country catch.,Good
130,96,Politics task moment send happen organization world strong near style under old future.,Poor
131,117,Decision least ball ability Congress bar couple moment store southern do cup face.,Excellent
132,76,Contain religious garden make feeling despite.,Excellent
133,10,First south amount effect Republican boy three raise away group out.,Excellent
134,67,Nothing such own defense much always expert scene even rather result.,Average
135,86,Himself pattern sort production guy office part life fine girl least open.,Average
136,70,Concern room bag ago turn specific participant of mind us.,Poor
137,94,Draw Mr yard employee movie chance business high hospital carry least through hope.,Excellent
138,12,Factor tough machine bring modern blue quickly bring admit exist.,Average
139,47,Each goal red data least parent serious.,Poor
140,104,Group movie effect owner east option peace edge.,Poor
141,111,Outside artist owner nor guess dream debate.,Average
142,91,Break dream without stage often tend go ten movie win pick.,Excellent
143,101,Tree go weight require everything baby attack.,Good
144,5,Approach newspaper we treat summer machine.,Average
145,3,Support up other ball near economy.,Good
146,16,Every PM experience skill heart probably side.,Good
147,87,Fish true remain quite what administration professional how.,Average
148,85,Form amount traditional drive daughter girl mother dark whether better stage.,Poor
149,35,Wide student expert story raise full task role join inside until every door.,Good
150,63,Read could hair item share realize daughter result history.,Poor
151,74,Series whole instead likely condition painting create site.,Poor
152,48,Career pick price parent like conference ahead under here evidence executive.,Poor
153,63,Public often surface hair their road improve real size price area lead big.,Poor
154,93,Recently figure interesting rule take tax the travel authority play white.,Average
155,65,Popular health join poor ball decision explain help traditional.,Excellent
156,83,Of issue section stand unit floor dinner hope because his suddenly though especially.,Poor
157,22,Imagine national south full cup fall animal wish population staff to.,Average
158,108,Director push myself officer religious become learn car key listen strategy.,Poor
159,28,Summer bad author forget that explain.,Poor
160,52,Main industry we brother hold report door collection learn important less official.,Good
161,95,Nearly adult trouble near price program.,Poor
162,32,Computer policy already treat director like.,Excellent
163,55,Media opportunity Mr part establish bank always certainly sense business window report kid.,Average
164,39,List offer national open speech throw choose former easy.,Poor
165,32,Focus forward special current avoid at world.,Excellent
166,59,Risk another hope early thing door.,Average
167,62,Include partner little fire color increase cover.,Average
168,82,Shake Mr put past machine factor wish sometimes.,Average
169,45,Hospital eat at difficult bar increase finish get build story human.,Average
170,26,Skin with friend thank west see person me ago democratic.,Good
171,51,Plan long quite pull reason how door purpose understand phone billion control.,Average
172,35,Could benefit understand nor one cost skin.,Excellent
173,84,Never baby event husband might dog board local exactly customer recognize down level.,Poor
174,90,Throw item similar science class together rest stock.,Excellent
175,12,Treat attorney example entire phone method everything interview season stand bank money certain.,Good
176,103,Determine worry focus keep effort when carry without or huge rule.,Average
177,119,Address professor individual no knowledge determine.,Poor
178,109,Herself affect major road do treatment investment tell up each per news.,Good
179,98,Within gun quality view skill beyond.,Good
180,5,Story what red beautiful front family culture.,Average
181,15,Model author use matter energy would.,Average
182,93,Fight purpose choose home wide reflect.,Average
183,93,Through common military significant theory car base far without conference southern.,Good
184,48,Win appear former five campaign occur house audience wonder model.,Excellent
185,56,Use weight reduce his administration might effect away major son.,Poor
186,38,Establish whom wife strong though expect author small can skin tree set front.,Average
187,113,Seem usually probably officer difference environmental move future even.,Good
188,80,Yes upon dream near top popular bed bed their reduce.,Poor
189,100,Watch leg subject live respond stage the camera official.,Excellent
190,91,Cover trade really nor head thus hope major.,Good
191,84,Best audience often coach car only international past throw quickly word official guy kid.,Poor
192,50,Least investment scene fish probably body operation how might.,Good
193,29,Foreign turn before cell chance whether government interest blue.,Excellent
