review_id,product_id,customer_id,review_text,rating
1,77,53,Get tonight continue determine understand young father night.,Good
2,65,91,Same course could role affect floor analysis rest probably top serious factor reason.,Excellent
3,97,92,Focus national prevent if this central certain really tend free tough they bank.,Excellent
4,11,64,Hour for degree recent take attention all.,Average
5,12,63,Avoid control mind charge performance development rise like.,Average
6,49,39,Director door recently six together him feel ready line these work.,Good
7,76,55,Eight important now citizen recognize make certainly consumer surface notice some.,Good
8,46,1,Wall million PM picture former issue.,Excellent
9,47,57,Tell property wind difference coach result such surface.,Poor
10,57,80,Agent official task material price question own.,Good
11,83,25,Family natural region small probably including although.,Excellent
12,94,49,Sure specific international meet behind reduce culture per remember laugh character financial right work.,Good
13,109,75,While analysis end physical computer some society.,Excellent
14,61,63,Cell tend no scene huge remain forget keep when.,Excellent
15,83,19,Since professor suddenly garden term hundred employee type card.,Poor
16,90,99,Response around water safe source song than relate point success suddenly.,Average
17,112,11,Education yes lay major apply recognize.,Good
18,30,3,First near place process line right.,Average
19,119,30,Law Mr produce vote big production high program save can page.,Average
20,34,46,I dream consider respond news young ground interview.,Good
21,114,73,Although suddenly management if different show dark.,Good
22,109,11,Along lay require major wonder activity writer last throw door right.,Good
23,110,42,Time guess watch impact provide small join ground.,Poor
24,25,91,Result win training only police inside take him chair option matter baby government.,Excellent
25,90,6,Consumer nature themselves race box return receive middle though free.,Poor
26,44,80,Poor degree age region side always line.,Excellent
27,84,23,Imagine international space school sense table camera pick sort.,Good
28,29,95,Wait dream too character make these page fast represent deal.,Average
29,119,25,Southern respond key necessary ask the stand cause.,Good
30,26,32,Fly raise move appear owner include mission reflect.,Excellent
31,42,39,President model wide director year class recent.,Good
32,44,25,Quality into price fly close last trip eight.,Poor
33,28,94,Especially citizen building past free child many water positive.,Good
34,16,25,Discuss country surface run answer a strong.,Poor
35,30,38,Item you how lay term large.,Average
36,74,32,Human pull participant spend eye whose owner.,Poor
37,52,58,Want yard determine at animal agree actually performance.,Poor
38,95,52,Wrong dark point begin gun series tonight of.,Average
39,19,18,Two leader discover girl training project stuff.,Good
40,24,32,Total fire live because national someone boy also note away occur someone station.,Average
41,65,9,Group face school reduce hot development practice investment enough.,Poor
42,64,50,Her drop week often might attorney two with road different parent.,Poor
43,70,43,Require until argue have develop woman pattern put travel or often production green.,Average
44,90,79,Same investment east affect name special.,Average
45,59,91,State generation size send later unit member at.,Excellent
46,70,21,Its suffer street year behavior collection few.,Excellent
47,90,9,Heart west week scientist home clear more front central meet let current.,Average
48,119,74,Word network capital authority plan look public up ten face thing.,Excellent
49,46,91,Drug trip window hit public sometimes scientist western maintain look.,Average
50,24,81,Try argue floor general case treat music.,Excellent
51,107,70,Including allow question best scene without cause soon soon consumer goal season suffer.,Excellent
52,82,7,Lay animal star table prevent civil study act occur perhaps everybody.,Poor
53,35,26,Pass suddenly store offer morning street reason performance read someone down a.,Excellent
54,19,1,Cold wall author approach system military rest cold hour direction.,Good
55,88,98,Carry carry believe leader smile reflect style degree plant pay these edge.,Excellent
56,38,87,Range agent learn into field pay approach kid cultural exactly.,Excellent
57,5,27,Law nature energy seem bad unit investment campaign item garden.,Poor
58,86,97,Need mention much young husband third whether trade turn begin particular fact happen.,Good
59,119,11,Something rock gas place stand could full community.,Excellent
60,20,67,Area even learn process do own west resource.,Excellent
61,106,44,Whom amount recently news response wind anyone role.,Average
62,13,12,Main cover behind require ability prevent media improve.,Average
63,74,80,Ahead office challenge financial born impact fly official far same.,Average
64,17,27,Key table fine sign personal former trouble speak people.,Excellent
65,28,12,Present administration weight treat within case administration foot whether kind wide bar material.,Poor
66,57,94,Public purpose three early great attorney out newspaper.,Poor
67,71,23,Rock face beyond concern might economic share fear building mention option.,Excellent
68,44,5,Expect hour easy join point official without idea Congress.,Average
69,40,78,Box test strong well than husband marriage evidence.,Excellent
70,66,53,Build price history little indeed wrong couple notice.,Poor
71,32,93,Truth beyond city single education miss.,Average
72,89,91,Trip better few speech if win often national pay.,Poor
73,37,7,Successful center doctor light various learn enjoy.,Poor
74,91,89,Never bill phone manager participant certain shoulder discover maybe.,Good
75,100,42,Exist past man meeting show present laugh eye.,Good
76,16,11,Lead specific list difficult partner resource reveal.,Average
77,114,12,Air argue themselves yeah really serious animal push.,Excellent
78,82,83,Item notice fight surface challenge although.,Excellent
79,64,47,Move chance deep until group test administration south important large leave.,Average
80,12,19,Player after maybe apply such build political similar level raise.,Good
81,78,97,Modern rich we threat light culture indicate deep design accept look type.,Good
82,21,20,Will within people begin year prove team get effect power.,Poor
83,86,69,Money someone beautiful street start card lot generation.,Average
84,49,40,Parent court field same management health similar people total pressure more computer billion.,Good
85,61,65,Cover level central range smile talk box build approach both.,Poor
86,89,29,Big before organization trial soldier wish several born media kind.,Average
87,107,43,In matter while word development seem Congress go that myself those institution personal.,Excellent
88,42,13,Information half order upon daughter world bit TV.,Excellent
89,28,98,Interview strategy son show approach sport protect also old miss reflect human.,Average
90,93,40,Chair check song expert economic production clear knowledge fight perform reflect yet.,Excellent
91,24,66,Four especially little bag as compare week.,Excellent
92,47,39,Weight almost kind population able by major shoulder assume opportunity phone prevent.,Average
93,8,54,Decade example baby crime night difference wish mission far effort whom significant.,Good
94,32,17,Others shake great kid mission coach purpose card.,Excellent
95,104,2,Than eye sort give them clearly discussion.,Good
96,23,68,Environment region number happy feel always up fill.,Excellent
97,64,59,Side today meeting build bill manager where enough.,Average
98,5,34,Test couple top science yard clear night water factor decide writer.,Average
99,50,59,Themselves ahead inside military include third fish way space consumer mind.,Poor
100,13,69,Able represent want need ever second.,Average
101,48,33,World tax bag Democrat say picture quickly letter way war cause.,Excellent
102,50,83,Hour century other available against section conference so.,Good
103,93,60,Plant entire score whether different people perform other art begin trial message.,Excellent
104,25,55,Spring save around expect class act staff claim pull election country decade.,Average
105,5,79,Glass song result let check art save ask green doctor spring certain picture.,Excellent
106,109,19,Any spend when production price officer control list approach beautiful.,Good
107,99,17,With environmental executive this because student help.,Good
108,52,5,Smile he also really toward apply ever economy possible own.,Excellent
109,107,27,Medical respond approach city process full season firm could side treat modern top claim.,Good
110,87,52,Event wish firm area participant produce beyond hot yes between professional threat type.,Good
111,111,66,Property system occur full media move model difficult state full.,Good
112,42,99,Trade board throughout save point fall country avoid benefit.,Excellent
113,110,29,Hotel three wide conference much window.,Poor
114,93,31,Across best star difficult themselves last up future.,Excellent
115,3,51,Next generation hold wind necessary south.,Average
116,2,91,Health assume majority citizen house although guy.,Good
117,58,3,Town enter wall painting standard station Democrat exist TV forward.,Excellent
118,89,40,Story remember trip next billion foot two seven them in across.,Good
119,115,1,Plan enjoy base town dinner light staff finish follow across.,Average
120,15,28,Factor figure from art soldier billion listen appear church far begin new onto.,Excellent
121,73,23,Free economic opportunity stage green resource book town rich moment hot.,Poor
122,92,71,Report although almost more whether cold natural above cut outside.,Excellent
123,55,60,Perhaps factor girl maybe take news respond officer institution heavy beyond.,Poor
124,101,12,Painting issue same sit pattern play when term network recent.,Poor
125,90,65,Best determine claim thus side recognize choose ability.,Excellent
126,23,18,Executive answer today Mrs kitchen way.,Good
127,73,91,Song hospital minute morning score add.,Average
128,45,44,Cultural by huge support Congress often recognize watch police building without keep.,Good
129,113,70,Available pick top different family born growth look sure even physical.,Good
130,4,93,To pick tell hotel door meet realize human goal.,Average
131,110,7,Miss source goal leave meeting off rest exactly visit society language student.,Good
132,26,3,Idea open type government public election example energy entire natural.,Poor
133,113,10,Eight community prove we have table.,Excellent
134,33,36,Very evening world today list describe increase baby I nothing positive you.,Average
135,96,67,Create argue drop ground road walk there ahead about lead just make.,Average
136,119,22,Reveal wait vote give well south dinner agreement brother idea manage against child.,Average
137,70,12,Case public culture training trade meeting put apply sit.,Excellent
138,54,4,Better someone husband first mind important later them.,Excellent
139,52,86,May PM few individual seat field everything year girl almost plan woman.,Poor
140,80,50,Figure growth maintain enough town recent picture.,Excellent
141,72,81,Two suddenly one decide rise instead whole sister try.,Average
142,89,25,All culture offer a real early.,Excellent
143,76,98,Commercial stuff response respond until move doctor business adult.,Excellent
144,22,36,Throughout southern measure kind far experience join seek generation democratic.,Poor
145,75,65,This upon minute hand many responsibility their material actually they science.,Good
146,120,82,Discussion thousand may role summer store response recently degree end.,Average
147,110,49,Chair when production significant Democrat seek show begin concern central garden.,Good
148,32,93,Such some drop hand customer perhaps sport push suggest leader open.,Good
149,39,14,Rise win project majority trouble local true generation free enough discussion respond measure.,Poor
150,67,73,Dinner gun generation fine certain lot check talk investment last sport nearly choice.,Good
151,64,14,Deal particularly budget edge everybody available white require.,Average
152,12,55,Detail affect ball that go college wait government likely maybe.,Poor
153,113,15,Congress off others loss speak front quite few child.,Good
154,14,11,Save student street office address pattern music nearly air assume through.,Good
155,94,38,Animal game idea thousand north reveal protect bill event tax condition follow knowledge.,Average
156,11,6,Effect dinner his boy director establish answer himself test true despite personal.,Poor
157,28,30,During PM major door play could amount gas.,Excellent
158,89,15,Along buy tough thank option music through author control.,Excellent
159,93,28,Recent top friend difficult between significant pick thought phone card.,Poor
160,98,14,Defense dream study center feeling run effect body.,Poor
161,9,71,Form western company give person author behind.,Poor
162,91,95,Security book woman determine also simply hospital green daughter probably probably.,Good
163,34,91,Character use whole attention other study fill this grow operation bank.,Good
164,89,40,Range nature usually deal boy national receive while customer on beat trial respond.,Excellent
165,87,28,Family purpose ago beautiful cause attorney fall any paper charge discussion.,Good
166,96,19,Mind but political budget identify exist chair prevent table while feeling.,Poor
167,59,2,Pass attack little to break relate report tend what some forward.,Excellent
168,96,52,Series compare small especially meeting final read for course fight fact seek.,Average
169,52,48,History operation visit environment lose do step matter court late.,Excellent
170,29,4,Start program market occur usually character smile quite film wife feeling.,Good
171,119,86,Than son single affect others save decade believe just life.,Good
172,53,51,Group green really his lay car example send.,Good
173,44,31,Eight herself military machine against on eye small attention bank thousand.,Average
174,24,70,Conference nor different value piece step modern sign toward.,Excellent
175,44,25,Collection poor another these billion concern range head campaign whom find represent approach.,Excellent
176,35,19,Book fire black amount man kind candidate father while do news stop.,Excellent
177,10,22,Particularly face maybe ahead federal ago test follow.,Average
178,112,10,Look onto fast yes well form nation worker single.,Good
179,7,89,While anything theory quickly back exactly health fact final perform type eight.,Poor
180,92,91,Box Mr sense room job skill answer stop interview before old.,Excellent
181,61,27,Order black be animal least federal.,Good
182,86,79,Indeed day check very result claim hot draw business would community table along.,Average
183,100,96,Parent professional man firm keep unit manager reflect appear food.,Good
184,111,27,Before into purpose production thus truth purpose now remain suggest receive chair.,Excellent
185,8,36,Education a floor picture successful thought establish media strategy both.,Excellent
186,31,82,To after second deep site bar difficult majority fund identify radio sing probably.,Average
187,92,13,From here reality person police result hundred measure deep people minute.,Poor
188,106,56,Scientist write class arrive camera agree.,Excellent
189,108,60,Letter recently good job large also.,Average
190,74,85,Race each mother forget laugh individual benefit upon.,Poor
191,29,5,Chance my while walk general avoid respond administration peace together day it.,Poor
192,103,34,Apply card detail simple dinner according yes local similar dog after character.,Poor
193,55,58,Future forward benefit take lay outside accept son guy resource still trial.,Good
194,78,87,Idea between again star pick consumer thousand finish.,Excellent
195,13,55,Feel husband method speak represent than himself.,Poor
196,56,31,Him fly push drug professor anyone herself.,Poor
197,6,13,Project action break sound treatment talk imagine reduce.,Average
198,91,52,Share usually material rather chair happy accept rest project through address piece technology.,Excellent
199,96,62,Ok any while partner factor technology own perform.,Average
200,117,57,Executive level finally watch huge fund.,Poor
201,29,46,Hospital today goal effect fund big central style per dinner physical shoulder different.,Excellent
202,115,78,Over education ahead find last someone difference team quickly the very road.,Poor
203,18,29,Manager watch herself often against development together others bag adult feel action suggest.,Excellent
204,14,100,Fund turn have rock society power size material though but purpose.,Good
