status,delivery_date,shipment_id,destination,origin,shipment_date
In Transit,2024-07-28,1,Lopezberg,Mackenzieburgh,2024-07-27
Delivered,2024-09-07,2,North Jacobmouth,Lake Stephen,2024-09-04
Cancelled,2025-01-05,3,Laurenmouth,Brittanyburgh,2025-01-04
In Transit,2025-01-11,4,Martinezfurt,Lake Nathanielville,2025-01-05
Cancelled,2024-12-08,5,Kimberlyberg,Lindsayview,2024-11-24
In Transit,2024-02-26,6,South Aaron,Port Cathy,2024-02-24
In Transit,2025-02-01,7,South Jessica,Kempburgh,2025-01-26
In Transit,2024-07-01,8,Lake Jillianstad,Jodiland,2024-06-21
In Transit,2024-12-08,9,Reynoldsstad,Hallport,2024-12-07
Delayed,2024-03-08,10,Trevinomouth,South Micheleburgh,2024-02-24
In Transit,2024-12-11,11,Lake Sandra,North Alex,2024-12-10
Cancelled,2024-12-10,12,Scottland,Estesside,2024-11-27
Cancelled,2024-09-19,13,Hollowaytown,Bairdbury,2024-09-06
Delayed,2025-02-13,14,Caseyview,West Emilymouth,2025-02-05
Cancelled,2024-04-29,15,North Brandon,East Lydiaview,2024-04-25
Cancelled,2024-06-30,16,Reyesbury,Salazarview,2024-06-16
Delayed,2024-03-19,17,North Stephenborough,North Michaelberg,2024-03-05
Cancelled,2024-07-28,18,Natalieside,New Johnborough,2024-07-16
Delayed,2024-05-08,19,South Christine,Lake William,2024-05-07
Delayed,2024-06-25,20,Valerieberg,South Laurenburgh,2024-06-15
Delivered,2024-12-23,21,Christophershire,New Andreborough,2024-12-09
Delayed,2024-10-27,22,Salinasland,Wallshire,2024-10-14
Delayed,2024-09-28,23,Port Christopher,East Sierra,2024-09-17
Delivered,2024-06-08,24,East Danielle,Port Jamesport,2024-05-28
In Transit,2024-10-12,25,West Virginiaburgh,Kristenfurt,2024-09-30
In Transit,2024-10-28,26,West Lisashire,North Jameschester,2024-10-27
Delivered,2025-01-11,27,Loriside,North Patrick,2025-01-01
Delivered,2025-01-07,28,New Greggside,West Heathermouth,2025-01-06
Delivered,2024-11-11,29,South Natashaton,Port Priscilla,2024-11-02
In Transit,2024-07-31,30,South Charles,Lake Sabrina,2024-07-23
Delayed,2024-12-22,31,West Bryanview,Sarahburgh,2024-12-09
Cancelled,2025-02-23,32,Georgeburgh,Jamieberg,2025-02-11
Delayed,2024-06-09,33,East Kristinside,West Jennifer,2024-06-05
Cancelled,2024-05-30,34,West Kimberly,Fordhaven,2024-05-17
In Transit,2025-01-29,35,Greenberg,Davidsontown,2025-01-18
Delayed,2024-08-17,36,Thomasmouth,Haileyville,2024-08-14
Delayed,2024-10-25,37,Christineberg,Johnsonton,2024-10-12
Cancelled,2024-05-28,38,West Kenneth,Colemantown,2024-05-22
Delivered,2024-09-10,39,Marktown,Amberland,2024-08-30
Delayed,2024-09-07,40,Lake Samantha,East Nathan,2024-08-29
In Transit,2024-09-30,41,West Justinchester,Martinview,2024-09-20
Delayed,2025-02-03,42,Vickitown,Westchester,2025-01-29
In Transit,2024-05-03,43,Port Debbie,East Melissa,2024-04-26
Delivered,2025-01-30,44,Lake Johnnyside,East Ronnie,2025-01-20
Cancelled,2024-12-30,45,South Edwardside,Jameston,2024-12-28
In Transit,2024-10-28,46,Longside,New Kristineshire,2024-10-24
Delayed,2024-04-22,47,Port Matthew,North Amanda,2024-04-15
In Transit,2025-02-11,48,Joycestad,Hernandezberg,2025-02-07
Delivered,2024-03-02,49,Danielfort,Hessfort,2024-02-27
In Transit,2024-03-16,50,Josephland,Ryanfurt,2024-03-03
Cancelled,2024-08-03,51,East Heather,New Samanthaview,2024-08-01
Cancelled,2024-12-17,52,Port Nicole,Lake Brianna,2024-12-15
In Transit,2024-06-11,53,Port Daniel,Port Lisafurt,2024-06-06
Delivered,2024-12-16,54,Lake Nicole,South Martin,2024-12-05
Delivered,2024-08-10,55,Georgeburgh,Lake Robert,2024-08-02
Cancelled,2024-08-10,56,Thomashaven,Jimmychester,2024-08-03
In Transit,2024-05-30,57,West Haroldport,South April,2024-05-20
Delayed,2024-04-01,58,Lake Kennethfort,East Frank,2024-03-26
Delivered,2024-03-22,59,Pereztown,Lake Rachel,2024-03-09
Delayed,2024-03-13,60,Stevensmouth,Jacobhaven,2024-03-09
Delayed,2024-09-08,61,Port Daniel,North Jennifer,2024-09-04
In Transit,2024-05-28,62,Hollandton,New Michael,2024-05-27
In Transit,2024-03-07,63,North Bryan,Valenzuelaville,2024-03-04
Delayed,2024-09-25,64,West Kayleemouth,New Susan,2024-09-12
In Transit,2024-09-21,65,South Kristabury,Timothymouth,2024-09-15
In Transit,2024-11-15,66,South Karinaville,Huntside,2024-11-10
Delayed,2024-09-03,67,Sarahfort,Dunnborough,2024-08-20
Delivered,2024-05-11,68,Danielleburgh,Cummingshaven,2024-04-27
Delayed,2024-07-02,69,East Kevinmouth,Danielshire,2024-06-24
In Transit,2024-06-21,70,East Dennis,New Paulashire,2024-06-13
Cancelled,2024-06-05,71,Johnbury,South David,2024-05-26
Cancelled,2024-08-03,72,Chambersport,Thomasborough,2024-07-25
Delayed,2024-03-25,73,Matthewchester,Blanchardport,2024-03-15
In Transit,2024-07-18,74,Hornestad,North Heidiland,2024-07-07
Delayed,2024-12-02,75,Randyhaven,Kevinfurt,2024-12-01
Delivered,2024-12-31,76,Leeborough,Port Shawn,2024-12-17
Cancelled,2025-01-15,77,North Micheleport,North Thomasburgh,2025-01-05
Delivered,2024-05-15,78,West Christine,Millerberg,2024-05-04
Cancelled,2024-05-12,79,Lake Victorfurt,New Laurafort,2024-05-11
Cancelled,2025-02-18,80,Parrishland,Gomezborough,2025-02-09
Delivered,2024-03-29,81,Greenport,South Tamara,2024-03-23
Cancelled,2024-12-08,82,New Amandamouth,West Michaelburgh,2024-11-29
Delivered,2024-05-12,83,Saramouth,West Jessemouth,2024-05-06
In Transit,2024-06-20,84,Lake Christopherburgh,Danielsmouth,2024-06-12
Delivered,2024-05-16,85,Matthewville,Territon,2024-05-13
In Transit,2024-10-22,86,North Jessicaview,Port Josefort,2024-10-18
In Transit,2024-07-07,87,Lake Steven,Tamarahaven,2024-06-30
Delivered,2024-07-18,88,New Darren,Rachelhaven,2024-07-10
Delayed,2025-01-11,89,Thompsonfurt,New Colinstad,2025-01-05
Cancelled,2024-06-05,90,South Jenniferland,Mccarthyshire,2024-05-31
Delayed,2025-01-15,91,East Elizabethburgh,Lake Jessica,2025-01-02
Cancelled,2024-04-09,92,West Ronniebury,Port Debra,2024-04-05
In Transit,2024-12-21,93,New Rebecca,Port Traci,2024-12-07
Cancelled,2024-11-13,94,North Taraborough,Rebeccaside,2024-11-10
Delivered,2024-05-21,95,Scotttown,Travisfurt,2024-05-14
In Transit,2025-01-26,96,East Meganfurt,New Anthony,2025-01-15
Delayed,2024-11-15,97,Roberthaven,East Lauramouth,2024-11-13
Cancelled,2024-11-18,98,West Aaron,Mcbridechester,2024-11-08
In Transit,2024-08-18,99,East Jared,Michaelhaven,2024-08-04
Delivered,2024-03-02,100,West Derekmouth,Lake Marymouth,2024-02-22
Delayed,2024-07-06,101,Christopherview,North Rebekahmouth,2024-06-27
Cancelled,2024-10-03,102,Port Rhondashire,South Kathleen,2024-09-28
Delayed,2024-03-17,103,Coreyfurt,Barnetthaven,2024-03-10
Delayed,2024-08-31,104,East Samuelbury,Lake Ricky,2024-08-21
Delayed,2024-07-17,105,Allisonton,New Adam,2024-07-14
Delivered,2025-01-15,106,New Christopherfurt,Paulastad,2025-01-03
In Transit,2024-08-04,107,Lake Brettchester,New Andrewbury,2024-08-02
Delayed,2025-02-09,108,East Kristieborough,New James,2025-01-29
Delayed,2024-12-18,109,Lake Anthony,Mendozamouth,2024-12-15
Cancelled,2024-03-13,110,West John,Samuelchester,2024-03-11
In Transit,2025-01-17,111,Wilsonhaven,Morrisonchester,2025-01-07
Delayed,2024-08-05,112,Hodgesport,West Christopher,2024-07-29
Cancelled,2024-07-09,113,West Nicholas,North Dennisfort,2024-07-04
Cancelled,2024-03-08,114,West Jennifer,East Pambury,2024-03-06
In Transit,2025-01-24,115,Rowestad,West Scottchester,2025-01-15
Delayed,2024-11-22,116,East Thomasland,West Ericachester,2024-11-21
Delivered,2024-07-11,117,Port Anna,New Sarah,2024-07-02
In Transit,2024-10-04,118,West Nicoleside,Lake Yvonneton,2024-09-26
Delayed,2024-02-26,119,New Robert,Lake Vincenthaven,2024-02-20
Delivered,2024-05-31,120,West Jameschester,South Matthewbury,2024-05-22
Delayed,2024-05-20,121,Markberg,Wrightbury,2024-05-08
Cancelled,2024-11-26,122,Ashleyshire,South Margaretmouth,2024-11-17
Delayed,2024-09-14,123,North Anna,Hernandezbury,2024-09-03
Delayed,2024-06-01,124,New Jacobside,East Paul,2024-05-18
Delivered,2025-01-18,125,Angeltown,Alecchester,2025-01-11
Delivered,2024-03-22,126,Lake Susan,Lake Marymouth,2024-03-18
Delivered,2024-07-31,127,Roweport,Nelsonfurt,2024-07-18
Cancelled,2024-09-15,128,New Timothychester,Port Markton,2024-09-05
In Transit,2024-11-24,129,Tammymouth,Adamton,2024-11-15
Delayed,2024-04-08,130,Santiagofurt,Alanberg,2024-03-28
Delivered,2024-07-18,131,North Anthonyton,Tammyburgh,2024-07-13
Cancelled,2024-09-21,132,Whiteborough,Port Ericaton,2024-09-17
Delayed,2024-06-17,133,Port Jon,East Samuelbury,2024-06-13
Delayed,2024-10-08,134,North Cindy,Russellport,2024-09-30
Delayed,2024-04-09,135,Port Ian,South Ashleyfurt,2024-03-28
Cancelled,2024-06-27,136,West Jacobchester,North Sara,2024-06-16
In Transit,2024-10-24,137,Lake Elizabeth,Anthonyview,2024-10-23
In Transit,2024-10-06,138,Craneshire,Leestad,2024-09-24
Cancelled,2025-01-16,139,North Lisaberg,West Emilyfort,2025-01-11
Cancelled,2024-12-25,140,South Charlesfort,Kennethchester,2024-12-13
Delivered,2024-09-28,141,Frenchstad,North James,2024-09-27
Cancelled,2024-03-22,142,Rebeccamouth,Pricetown,2024-03-12
Cancelled,2024-11-23,143,North Thomastown,New Haileyfurt,2024-11-14
Delayed,2024-05-17,144,Christopherchester,South Jerry,2024-05-15
Delivered,2024-12-03,145,Smithmouth,Martinezfort,2024-11-27
Delayed,2024-08-19,146,North Davidtown,Loganberg,2024-08-10
In Transit,2025-02-13,147,North Davidfurt,Port Nancy,2025-02-03
Delayed,2024-07-02,148,West Jasminshire,Cynthiaton,2024-06-29
Delivered,2024-03-23,149,Sellersstad,Andrewstad,2024-03-14
Delayed,2024-12-03,150,Melindashire,Lake Rodneyfort,2024-11-21
In Transit,2024-02-29,151,Elliottberg,East Teresaport,2024-02-19
Cancelled,2024-08-19,152,Danielleton,Jonborough,2024-08-10
Delayed,2024-08-27,153,South Jeffery,Kellychester,2024-08-20
