shipment_id,origin,shipment_date,delivery_date,status
1,Williamland,2024-12-22,2025-01-04,Cancelled
2,Lake Andrea,2024-04-26,2024-05-07,Delayed
3,Smithburgh,2024-03-24,2024-03-25,Delivered
4,East Davidberg,2024-09-09,2024-09-13,Cancelled
5,Audreyview,2024-02-14,2024-02-21,In Transit
6,Gonzalezland,2024-09-26,2024-10-10,Delivered
7,West Meredith,2024-08-10,2024-08-16,Cancelled
8,South Alyssatown,2024-09-13,2024-09-14,Delivered
9,Port Thomasside,2024-05-24,2024-05-26,Delayed
10,New Lisa,2024-07-11,2024-07-20,Cancelled
11,East Eriktown,2024-12-22,2024-12-24,Cancelled
12,Lake Thomas,2024-06-12,2024-06-21,Cancelled
13,Jadefort,2024-07-28,2024-07-31,Cancelled
14,Jameschester,2024-10-10,2024-10-11,Delayed
15,West Brian,2024-07-14,2024-07-20,Cancelled
16,Port Christopher,2024-06-21,2024-06-29,Delivered
17,Codymouth,2024-11-16,2024-11-21,Cancelled
18,Alvareztown,2024-11-27,2024-11-29,Delivered
19,Joelchester,2024-09-01,2024-09-02,Delayed
20,West Ryanport,2024-03-06,2024-03-19,Delayed
21,East Rebeccaberg,2024-03-20,2024-04-03,Delivered
22,New Samantha,2024-12-05,2024-12-19,Delivered
23,Adamport,2024-08-14,2024-08-17,Delivered
24,Port Saraville,2024-09-01,2024-09-07,Delayed
25,North Karlberg,2024-10-11,2024-10-22,Delivered
26,Garrettburgh,2024-06-18,2024-06-25,Cancelled
27,Lake Kurtbury,2024-03-06,2024-03-11,Delayed
28,Walkermouth,2024-10-01,2024-10-07,Cancelled
29,South Joanna,2024-03-04,2024-03-16,Delayed
30,Michaelstad,2024-06-11,2024-06-25,Delivered
31,Port Justinbury,2024-04-25,2024-04-29,Cancelled
32,East Christine,2024-06-30,2024-07-06,Cancelled
33,Port Jessica,2024-05-08,2024-05-14,In Transit
34,Kathrynmouth,2024-02-28,2024-03-03,Cancelled
35,Georgeport,2024-07-31,2024-08-07,Cancelled
36,Burnsberg,2024-11-12,2024-11-16,Cancelled
37,Cindyborough,2025-01-21,2025-02-02,Cancelled
38,North Jessica,2024-07-28,2024-08-10,Delayed
39,East Donald,2024-11-12,2024-11-16,Delayed
40,Carrieland,2024-07-19,2024-07-24,Delayed
41,Ramosville,2025-01-30,2025-02-05,In Transit
42,Serranohaven,2024-10-04,2024-10-10,Delivered
43,Ryanmouth,2025-01-05,2025-01-16,Delivered
44,Stevenside,2024-06-13,2024-06-21,Cancelled
45,South Bill,2024-05-17,2024-05-22,In Transit
46,West Timothybury,2025-02-09,2025-02-23,In Transit
47,Billyborough,2024-07-06,2024-07-14,In Transit
48,North Patrickberg,2024-05-22,2024-05-28,In Transit
49,Robinsonfort,2024-08-25,2024-08-26,Delivered
50,Port Barbarabury,2024-06-09,2024-06-12,Delivered
51,Juliaport,2024-04-30,2024-05-13,In Transit
52,Brownside,2024-08-28,2024-08-31,In Transit
53,Melvinview,2024-09-23,2024-09-26,Delivered
54,Greertown,2024-04-19,2024-05-02,Delivered
55,West Valeriestad,2024-05-30,2024-06-10,Cancelled
56,Rileystad,2024-08-01,2024-08-15,In Transit
57,North Stephaniestad,2024-09-03,2024-09-10,In Transit
58,South Stephanie,2024-04-22,2024-04-24,Cancelled
59,Port Frankchester,2024-12-27,2025-01-03,In Transit
60,New Richard,2024-03-27,2024-04-04,In Transit
61,North Danielle,2024-03-17,2024-03-24,In Transit
62,Fordside,2024-04-13,2024-04-24,In Transit
63,Harrismouth,2024-12-08,2024-12-10,Delayed
64,Emmaside,2025-01-28,2025-02-01,Delivered
65,Duffyland,2024-11-16,2024-11-23,Delivered
66,Rachaelland,2024-11-24,2024-11-26,Cancelled
67,Davidsonport,2024-06-15,2024-06-23,Delayed
68,North Meganfort,2024-11-13,2024-11-18,Cancelled
69,Richmondburgh,2024-09-21,2024-10-01,Delivered
70,Franciscofort,2025-01-08,2025-01-13,In Transit
71,Port Randytown,2024-07-20,2024-07-24,Delayed
72,Port Lisa,2024-02-28,2024-03-02,Delayed
73,Davidfurt,2025-01-11,2025-01-13,Delivered
74,Brittanyport,2024-05-15,2024-05-22,Delayed
75,Alexanderton,2024-09-06,2024-09-18,Delayed
76,East Jared,2024-08-09,2024-08-21,In Transit
77,West Frankburgh,2024-06-25,2024-06-28,Delayed
78,Annaview,2024-02-26,2024-02-29,Cancelled
79,Petersenview,2024-12-25,2025-01-06,In Transit
80,North Tanyaville,2024-02-13,2024-02-21,In Transit
81,Lisafort,2024-10-09,2024-10-21,Delayed
82,Pachecoport,2024-08-30,2024-09-04,Delivered
83,South Jacobtown,2024-10-07,2024-10-13,Cancelled
84,Lake Robinville,2024-11-28,2024-12-08,Delivered
85,East Samanthafurt,2025-02-02,2025-02-11,Delivered
86,Pruittside,2024-09-23,2024-10-05,Delivered
87,West Douglas,2024-04-20,2024-04-29,In Transit
88,Sabrinatown,2024-10-08,2024-10-20,Delayed
89,Amandamouth,2024-03-02,2024-03-09,Delivered
90,Patelberg,2024-03-23,2024-04-05,Delivered
91,West Sean,2024-04-09,2024-04-20,Delivered
92,Boyerhaven,2024-04-21,2024-04-27,Cancelled
93,Ronaldmouth,2025-01-02,2025-01-03,Delayed
94,North Joshuastad,2024-11-22,2024-11-29,In Transit
95,Moorefurt,2024-12-31,2025-01-07,Delayed
96,New James,2024-08-10,2024-08-15,Delivered
97,Port Earlburgh,2025-02-07,2025-02-11,Delayed
98,Kevinland,2024-05-03,2024-05-12,Delivered
99,West Michael,2025-01-08,2025-01-22,In Transit
100,Stevensview,2024-07-01,2024-07-13,Delivered
101,South Allison,2024-12-10,2024-12-17,In Transit
102,Vanessaville,2024-05-17,2024-05-31,Cancelled
103,Gillstad,2024-04-11,2024-04-12,Cancelled
104,Chrisview,2024-07-17,2024-07-27,Delivered
105,Willieton,2024-03-18,2024-03-28,In Transit
106,Seanborough,2024-06-12,2024-06-21,Delivered
107,New Kristinborough,2024-12-28,2024-12-30,Delayed
108,New Cody,2024-12-13,2024-12-24,Delayed
109,Lake Brittany,2024-09-24,2024-09-29,In Transit
110,North Tamara,2024-07-04,2024-07-08,Delayed
111,East Davidside,2024-06-07,2024-06-08,In Transit
112,Johnsonfort,2025-02-08,2025-02-10,Delivered
113,Brownstad,2024-10-18,2024-10-19,In Transit
114,West Barry,2024-11-28,2024-11-30,Delivered
115,Port Joshuahaven,2024-03-16,2024-03-24,In Transit
116,Nicholasstad,2024-07-09,2024-07-15,Cancelled
117,Port Joshuabury,2025-01-06,2025-01-07,Cancelled
118,Ianland,2024-10-05,2024-10-16,In Transit
119,Pattonfurt,2024-11-20,2024-12-02,Delivered
120,Williamsside,2024-10-23,2024-10-27,Delayed
121,South Codymouth,2024-04-01,2024-04-11,Delivered
122,Fordhaven,2024-08-05,2024-08-12,Delayed
123,Houseside,2024-05-21,2024-06-04,Delayed
124,Tracybury,2024-10-08,2024-10-11,Cancelled
125,Kristiborough,2024-12-17,2024-12-26,Cancelled
126,Davisborough,2024-11-16,2024-11-20,Delivered
127,North Tyler,2024-10-25,2024-11-01,In Transit
128,North Darrell,2024-04-13,2024-04-18,Delayed
129,Alexanderbury,2024-07-15,2024-07-26,In Transit
130,Cohenberg,2024-04-16,2024-04-26,Delivered
131,Joanland,2024-08-05,2024-08-06,In Transit
132,Lake Sandrafort,2024-02-29,2024-03-11,In Transit
133,Aprilview,2024-05-26,2024-06-07,In Transit
134,Harveyshire,2024-09-20,2024-09-26,Delayed
135,Lake Tonyaland,2024-12-29,2024-12-31,Delivered
136,East Troyview,2024-10-30,2024-11-08,Delivered
137,Lake Michaelbury,2024-12-17,2024-12-28,Delivered
138,North Craig,2024-05-18,2024-05-23,Delayed
139,South Sarah,2024-03-25,2024-04-07,Delayed
140,Carterland,2024-10-20,2024-10-27,In Transit
141,Kristinebury,2024-10-21,2024-10-26,Delivered
142,Houstonstad,2024-09-19,2024-09-20,In Transit
143,Teresabury,2024-06-17,2024-06-26,Delivered
144,Stevenmouth,2024-04-19,2024-04-20,Delayed
145,Jonathanmouth,2024-08-20,2024-08-25,Cancelled
146,West Robertborough,2025-01-29,2025-01-31,Cancelled
147,Walterschester,2024-10-19,2024-10-28,Delivered
148,North Michael,2024-08-26,2024-09-05,Cancelled
149,Lake Jill,2024-11-22,2024-11-30,In Transit
150,East Micheal,2025-01-04,2025-01-13,In Transit
151,Seanland,2024-10-06,2024-10-15,In Transit
152,Lake Michaelaton,2024-10-15,2024-10-29,In Transit
153,West Michael,2024-09-21,2024-09-27,Delivered
154,North Angela,2024-02-12,2024-02-19,Delayed
155,East Davidton,2024-08-31,2024-09-14,Cancelled
156,Williamsstad,2025-02-07,2025-02-14,Delivered
157,Lake Erinport,2024-04-23,2024-04-27,Delivered
158,Browntown,2025-01-11,2025-01-23,Delayed
159,West Ana,2024-08-06,2024-08-11,In Transit
160,West Adrienne,2024-10-25,2024-11-05,Cancelled
161,Lake Rhonda,2025-01-11,2025-01-21,Delivered
162,Lindseybury,2024-03-16,2024-03-25,Delivered
163,South David,2024-12-11,2024-12-17,In Transit
164,Port Kimberlyfurt,2024-09-13,2024-09-18,Delivered
165,Port Jessica,2024-09-08,2024-09-13,Cancelled
166,Moralesfort,2024-11-11,2024-11-17,Delayed
167,Brettside,2024-06-23,2024-07-02,Delayed
168,Moodyfurt,2024-02-13,2024-02-19,In Transit
169,North Megan,2024-05-27,2024-06-07,Delayed
170,North Kathrynchester,2024-11-15,2024-11-24,Cancelled
171,New Ricky,2024-10-09,2024-10-11,Cancelled
