origin,destination,shipment_id,delivery_date,shipment_date,status
Georgeport,Paulaburgh,1,2024-06-07,2024-05-25,In Transit
West Stephanie,East Rachel,2,2024-12-06,2024-11-24,Cancelled
Paulastad,North Tonychester,3,2025-01-06,2025-01-02,Delivered
East Nathaniel,Mitchellland,4,2024-11-04,2024-10-22,Delayed
Michaelshire,West Michaelton,5,2024-05-27,2024-05-24,Cancelled
Timothystad,Port Ashley,6,2024-11-14,2024-11-12,Delivered
Mooretown,Goodwinberg,7,2024-09-10,2024-08-29,In Transit
Edwardsport,Port Bethanyland,8,2024-06-02,2024-05-23,In Transit
Jordanburgh,South Rachel,9,2025-01-29,2025-01-15,Cancelled
Scottville,Foxview,10,2025-01-18,2025-01-11,Delayed
Lake Jennifer,Nguyenhaven,11,2024-12-21,2024-12-14,Delivered
Kimberlymouth,Michelleland,12,2024-09-29,2024-09-15,Delayed
Jonesland,Crawfordland,13,2024-05-09,2024-04-30,Delivered
Christopherhaven,Phillipsburgh,14,2025-02-05,2025-01-29,Delivered
New Raymond,Mackside,15,2024-12-26,2024-12-17,Delivered
Javierville,West Stevehaven,16,2024-08-21,2024-08-08,Delivered
Lake Stephanieview,Murphychester,17,2024-04-08,2024-04-03,Delayed
Thompsonside,Kingfort,18,2024-06-12,2024-06-08,Cancelled
Turnerfort,New Cheryl,19,2024-03-06,2024-02-21,Delayed
Thomaschester,West Ashley,20,2024-06-05,2024-05-30,In Transit
East Jill,Lake Katherinechester,21,2025-02-14,2025-02-07,Cancelled
Cantrellstad,Jillianstad,22,2025-01-30,2025-01-28,Delayed
Sherritown,North Jennaland,23,2024-03-03,2024-02-29,In Transit
South Sonia,Santosborough,24,2024-09-04,2024-08-29,Delayed
Annetteville,South Jessicachester,25,2025-01-06,2025-01-02,Delivered
North Kimberly,New Alexandrafurt,26,2024-09-10,2024-09-04,Delivered
South Mark,Wiseburgh,27,2024-08-14,2024-08-06,In Transit
Saraport,North Misty,28,2024-08-21,2024-08-07,Delivered
Kellyport,Kennethfort,29,2024-06-05,2024-05-22,Delivered
North Joshuaport,Port Timothy,30,2024-10-30,2024-10-28,In Transit
Jenniferton,Port Emily,31,2024-07-27,2024-07-26,Cancelled
West Dorothy,Rodriguezmouth,32,2025-01-29,2025-01-18,Delivered
Fostermouth,Richardsonfurt,33,2024-12-14,2024-12-10,Delivered
Lynchbury,Nathanton,34,2024-02-25,2024-02-23,In Transit
Port Jillhaven,Kellyshire,35,2024-11-27,2024-11-14,Cancelled
Lake Angelaland,Hawkinsside,36,2024-07-01,2024-06-26,Cancelled
Fordfort,Smithtown,37,2024-07-27,2024-07-24,Cancelled
New Taylor,Kington,38,2024-06-19,2024-06-14,In Transit
South Nataliechester,Padillaborough,39,2024-10-14,2024-10-10,Delayed
North Michelleborough,Grayville,40,2024-08-05,2024-07-28,In Transit
Tammyhaven,East Sherrishire,41,2024-06-07,2024-05-26,In Transit
Carneyport,Port Nicholas,42,2024-11-10,2024-11-03,In Transit
Michaelburgh,North Sara,43,2024-05-26,2024-05-25,Delivered
East Heatherstad,Pamelahaven,44,2024-11-06,2024-10-28,Cancelled
Kennethview,Port Jasmine,45,2024-11-27,2024-11-24,Cancelled
New Karenland,Hernandezfort,46,2024-10-23,2024-10-17,Delayed
South Joanna,Jamiebury,47,2024-12-05,2024-11-28,Delayed
Richardshire,Williamston,48,2024-09-27,2024-09-26,Cancelled
Nancyside,Lake Kimberly,49,2024-10-10,2024-10-01,Cancelled
Coryton,West Terry,50,2024-08-18,2024-08-13,In Transit
Gracefort,Laurenview,51,2024-08-20,2024-08-07,Cancelled
South Eric,Andrewland,52,2024-03-07,2024-03-02,Delayed
Nathanville,West Josephport,53,2025-02-06,2025-02-03,Delivered
South Nicholas,Williamsstad,54,2024-06-05,2024-05-23,In Transit
Davidstad,South Jeffrey,55,2024-04-09,2024-03-27,Delayed
Zacharyborough,Franklinville,56,2024-11-14,2024-11-09,Cancelled
Wrightland,Scottside,57,2024-11-15,2024-11-02,In Transit
Port Eugene,Lake Hannahberg,58,2025-01-19,2025-01-12,Delivered
New Erinport,Josephstad,59,2024-05-20,2024-05-09,Delayed
Jefffort,Jonathanshire,60,2024-08-08,2024-07-31,Delivered
Ericksonstad,East Katherine,61,2024-06-02,2024-05-29,In Transit
Lake Cynthia,East Timothy,62,2024-10-26,2024-10-21,Delivered
East Danielville,Sandrachester,63,2024-07-14,2024-07-10,Cancelled
Jonesburgh,Autumnshire,64,2024-12-20,2024-12-17,Delivered
Allenborough,New Kimberlyton,65,2024-11-06,2024-10-27,Cancelled
Munozville,New Teresastad,66,2024-11-09,2024-11-01,Cancelled
Lauraberg,Smithhaven,67,2024-10-08,2024-10-04,Cancelled
West Cindyview,West Natalieside,68,2024-11-25,2024-11-16,Delayed
North William,Burgessberg,69,2025-01-22,2025-01-18,In Transit
East Ericaport,New Jonathan,70,2024-10-01,2024-09-24,Delivered
Lake Douglas,North Amber,71,2024-05-31,2024-05-19,Delivered
South Christopher,New David,72,2024-06-20,2024-06-06,Cancelled
Ellenville,Kirkshire,73,2024-03-12,2024-03-10,Delayed
Hayneshaven,Sarahberg,74,2024-12-21,2024-12-17,In Transit
West Jeffreystad,Anabury,75,2024-05-17,2024-05-04,Delivered
West Jordan,Cooleymouth,76,2024-12-23,2024-12-17,Delayed
Billchester,West Ronald,77,2024-08-27,2024-08-25,Delivered
Antoniobury,South James,78,2024-02-26,2024-02-12,Cancelled
Phillipsstad,Houstonshire,79,2024-09-27,2024-09-16,In Transit
Hortonfort,Port Thomasland,80,2024-10-24,2024-10-23,Delayed
Ashleystad,Carrolltown,81,2024-12-05,2024-11-22,Delayed
Port Michaelside,Nathanberg,82,2024-09-09,2024-09-08,In Transit
Mcbrideton,Gonzalesberg,83,2024-05-31,2024-05-24,In Transit
Kelleychester,Melissaview,84,2025-01-26,2025-01-14,Delayed
South Justinburgh,Dawnville,85,2024-09-16,2024-09-13,In Transit
South Melissa,Robertburgh,86,2024-03-22,2024-03-12,Delayed
Port Janet,Phillipsbury,87,2024-04-11,2024-03-29,Delivered
Carpenterhaven,South Jeremiah,88,2024-06-30,2024-06-24,Cancelled
Georgeborough,Gilberthaven,89,2024-06-01,2024-05-29,Delivered
West Charlesfort,Lake Jennifer,90,2024-06-11,2024-05-28,In Transit
North Darylport,North James,91,2024-06-13,2024-06-07,Cancelled
East Timothyfort,Roweborough,92,2024-10-05,2024-09-28,Delayed
Port Amandachester,West Tiffanyton,93,2024-10-03,2024-09-22,Delivered
North Alexanderbury,South Paulmouth,94,2024-02-24,2024-02-19,Cancelled
Lake Joshua,South Justinfurt,95,2024-10-26,2024-10-21,In Transit
East Scott,Brendaton,96,2024-12-17,2024-12-07,In Transit
Seanstad,Lake Caseymouth,97,2024-04-28,2024-04-26,Delayed
Erikton,South Eddie,98,2024-08-07,2024-08-02,Delivered
Nathanland,Smithtown,99,2024-11-10,2024-11-06,Cancelled
Port Rebecca,Port Kimberlyberg,100,2024-11-30,2024-11-18,Delivered
Nicholsland,South Timothyside,101,2024-03-06,2024-03-02,In Transit
North Deborahville,Dominicfort,102,2024-07-29,2024-07-23,Delayed
East Michael,West Olivia,103,2024-04-02,2024-03-30,Delivered
West Kyle,Morganmouth,104,2024-06-12,2024-06-09,Cancelled
Port Charlesfurt,Joseborough,105,2025-02-19,2025-02-09,Delivered
Garyburgh,South Danielville,106,2024-06-02,2024-05-19,Cancelled
Hallview,East Melissaville,107,2024-10-02,2024-09-26,Cancelled
New Stephanie,Smithburgh,108,2024-05-23,2024-05-13,Delivered
West Gabriel,Shortfort,109,2024-10-08,2024-10-04,Delivered
Mayotown,West Jennifermouth,110,2024-04-23,2024-04-21,Delivered
West Lisaport,Erikaville,111,2025-01-11,2025-01-06,Delayed
Annetteton,Cruzfort,112,2024-07-16,2024-07-07,In Transit
Millershire,Boltonberg,113,2024-12-27,2024-12-25,In Transit
New Brettburgh,Aaronmouth,114,2024-11-04,2024-10-26,Delayed
North Raymondmouth,Jonathanborough,115,2024-03-01,2024-02-26,Delayed
Williammouth,New Lisaberg,116,2024-04-11,2024-04-08,Cancelled
New Rebecca,Youngland,117,2025-02-14,2025-02-09,Delayed
East Ricardochester,Woodsburgh,118,2024-09-27,2024-09-16,Cancelled
Moonland,Emilyberg,119,2025-01-28,2025-01-25,In Transit
Jeremiahview,Cabreraberg,120,2024-11-26,2024-11-15,Delivered
East Elizabethbury,Randyland,121,2024-12-25,2024-12-22,Cancelled
Esparzaport,Port Suestad,122,2025-01-24,2025-01-15,Cancelled
South Amanda,Josephstad,123,2024-11-26,2024-11-17,Cancelled
Diazchester,New Aaron,124,2024-10-18,2024-10-13,Cancelled
North Kevin,Melissashire,125,2024-09-13,2024-09-01,Cancelled
Williamstad,Walkertown,126,2024-09-06,2024-08-24,Delivered
Greenemouth,Jaredtown,127,2024-02-21,2024-02-17,Delayed
Brianborough,Lake Brianport,128,2024-12-28,2024-12-27,Delayed
Robertshire,Morenofort,129,2024-03-31,2024-03-21,Delayed
Baldwinbury,Lake Melissa,130,2025-01-24,2025-01-19,Cancelled
West Matthew,Johnsonburgh,131,2025-02-16,2025-02-04,In Transit
Lake Terribury,Carterside,132,2024-05-26,2024-05-21,In Transit
Lake Tiffanyview,Walshbury,133,2024-05-21,2024-05-14,Cancelled
Huffmouth,Penaton,134,2025-02-20,2025-02-09,Delivered
North Catherineton,Port Tyler,135,2024-09-28,2024-09-16,In Transit
East Chelsea,North Racheltown,136,2025-01-21,2025-01-15,Delivered
East Sarahstad,Loribury,137,2024-06-17,2024-06-14,Delayed
Port Eric,Farmerton,138,2024-06-01,2024-05-19,Delivered
Caldwellchester,East Jillmouth,139,2025-01-19,2025-01-18,In Transit
Grossview,North John,140,2025-02-11,2025-02-04,Delayed
Port Elizabeth,Jefferyview,141,2025-01-13,2025-01-07,In Transit
South Jennifer,East Bethany,142,2024-09-25,2024-09-19,Delivered
East Jeremiah,East Jacobchester,143,2024-06-23,2024-06-17,Delayed
Port Nathan,Boyleton,144,2024-07-06,2024-06-29,Delivered
Port Catherine,West Jeffrey,145,2024-08-26,2024-08-22,In Transit
Kyleborough,New Michael,146,2024-09-28,2024-09-18,Delayed
Jonathanton,Paigeview,147,2024-05-17,2024-05-09,Cancelled
Mossport,Danielleberg,148,2024-07-30,2024-07-21,Delayed
Port Brittanymouth,Meganhaven,149,2024-03-21,2024-03-15,In Transit
Carrollborough,Luceroshire,150,2025-01-23,2025-01-15,Delivered
New Dennisfort,Christineburgh,151,2024-05-12,2024-04-29,In Transit
South Angelabury,Lake Lauren,152,2024-06-26,2024-06-22,Cancelled
North Brianchester,Ramirezfurt,153,2024-09-11,2024-08-28,In Transit
West Michelle,Sanchezville,154,2024-12-17,2024-12-05,In Transit
North Rachel,West Megan,155,2024-04-25,2024-04-21,In Transit
Jonathanburgh,Port James,156,2024-07-09,2024-07-04,In Transit
New Heather,East Ashleeberg,157,2024-07-19,2024-07-06,Delivered
