destination,origin,shipment_date,status,shipment_id,delivery_date
Smithbury,Lake Nicholasberg,2024-09-11,In Transit,1,2024-09-21
Larryview,Lake Meghanside,2024-02-13,Delivered,2,2024-02-27
Cardenasfurt,Sydneybury,2024-05-17,Delivered,3,2024-05-25
Alexanderton,New Carolyn,2024-11-08,Delayed,4,2024-11-13
Marthaborough,New Beth,2025-01-02,Delivered,5,2025-01-03
Cassandrachester,Laurenville,2024-09-25,In Transit,6,2024-10-06
New Gabrielle,Johnbury,2024-11-17,Delivered,7,2024-11-28
Underwoodview,Kimberlybury,2024-07-12,Delivered,8,2024-07-26
Bryanhaven,Burnsland,2024-02-25,Delivered,9,2024-02-29
Coreyville,Paigeview,2024-07-09,Cancelled,10,2024-07-16
East Robert,Grantborough,2024-07-19,Cancelled,11,2024-08-01
Kathrynmouth,New Sarah,2024-08-05,Cancelled,12,2024-08-13
East Nicolefort,Port Gina,2025-02-07,In Transit,13,2025-02-14
Lake Anthonyborough,Amyfurt,2024-08-20,Delayed,14,2024-09-02
Ruizside,West Davidberg,2024-03-30,Delayed,15,2024-04-07
Port Kimberlyburgh,Angelaview,2024-05-29,Delivered,16,2024-05-31
Keithburgh,Smithberg,2024-09-11,Cancelled,17,2024-09-18
South Sharon,Lake Lisa,2025-01-16,In Transit,18,2025-01-29
Lake Andreaborough,New Joshuaport,2024-04-17,Delayed,19,2024-04-19
Lake Lesliestad,West Alicia,2024-10-05,Delivered,20,2024-10-17
Kevinville,Banksberg,2024-05-02,In Transit,21,2024-05-12
Port Brandon,New Brandonbury,2024-11-09,Delayed,22,2024-11-18
Lake Dawn,Hensleyton,2024-02-22,Delivered,23,2024-03-03
Gabriellatown,Yolandaborough,2025-01-30,Delivered,24,2025-02-08
Michaelside,Taylormouth,2025-01-22,Cancelled,25,2025-01-28
Lake Mathewtown,Edwardport,2024-04-20,Delivered,26,2024-04-27
Harrisfort,Clintonmouth,2024-11-26,Cancelled,27,2024-12-04
North Brent,North Donnashire,2025-01-25,In Transit,28,2025-02-04
New Charles,Richardbury,2024-09-03,Delayed,29,2024-09-16
West Brandiberg,East Paulatown,2024-11-02,Delivered,30,2024-11-15
Port Matthew,Port Anthony,2025-02-03,Delivered,31,2025-02-08
Lowetown,Davidborough,2024-12-11,In Transit,32,2024-12-24
North Angelahaven,Port Jessicafort,2024-04-19,Cancelled,33,2024-04-27
New Timothy,Leport,2024-10-17,Delayed,34,2024-10-30
North Brittany,New Holly,2024-12-11,Delivered,35,2024-12-15
Davisshire,Morrisfurt,2024-09-17,Cancelled,36,2024-10-01
Melissaville,Rogersmouth,2024-03-02,Delivered,37,2024-03-10
Lake Johnberg,West Alisha,2024-03-03,In Transit,38,2024-03-10
West Angelaton,Brianberg,2024-09-29,In Transit,39,2024-10-07
Lake Carl,Millerfort,2024-04-25,Delayed,40,2024-05-03
East Mitchellville,East Blakemouth,2024-08-04,Delivered,41,2024-08-18
Amandaville,East Brian,2024-06-11,Delivered,42,2024-06-14
Rubioville,New Laurafort,2024-10-22,Cancelled,43,2024-11-04
North Davidfort,Lake Meagan,2024-02-20,Cancelled,44,2024-03-02
East Natalieton,South Andrea,2024-04-13,Delayed,45,2024-04-22
North Brian,New Marioshire,2024-09-17,In Transit,46,2024-09-18
Brownfort,Anthonyborough,2024-07-30,Delivered,47,2024-08-10
Michaelbury,South Nicholas,2024-06-17,In Transit,48,2024-06-30
Port Russellborough,Marybury,2024-09-19,Delivered,49,2024-10-02
South Jane,South Dannychester,2024-12-17,Delivered,50,2024-12-24
Jackieville,East Jeffreyberg,2024-04-09,Delivered,51,2024-04-17
Dannyberg,East Melanieland,2024-03-26,Cancelled,52,2024-03-27
North Kellie,Lake Virginia,2024-04-06,Cancelled,53,2024-04-15
South Sheilamouth,Schneiderhaven,2024-10-12,Delivered,54,2024-10-19
East Larryfort,Blankenshiptown,2025-01-23,Delayed,55,2025-02-06
South Evanton,Tylershire,2024-10-20,In Transit,56,2024-11-01
South Heather,New Jessicaview,2024-05-24,In Transit,57,2024-06-07
West Theresaton,Taylorport,2024-06-08,Delivered,58,2024-06-20
South Rachelton,West Michael,2025-01-23,Delivered,59,2025-02-02
Port Michael,Port Margaret,2024-02-28,Delivered,60,2024-03-02
North Rebecca,Josephhaven,2025-02-11,Delivered,61,2025-02-18
West Jameston,Leonardborough,2024-04-17,Delivered,62,2024-04-25
Johnsonton,Kristopherborough,2024-04-20,In Transit,63,2024-04-28
Weberside,Richardsland,2024-09-15,Delivered,64,2024-09-26
New Ericville,Hodgesburgh,2024-05-23,Delayed,65,2024-05-27
Samanthafort,New Robertbury,2024-08-14,Delayed,66,2024-08-17
South Karen,Lake Maria,2024-10-27,Delivered,67,2024-10-28
West Sean,Lake Kimberlychester,2024-04-22,Delivered,68,2024-05-02
North Travis,East Kathyland,2024-11-08,In Transit,69,2024-11-22
Michelleville,Vegaport,2024-06-19,In Transit,70,2024-06-25
East Kevin,Blackborough,2025-02-08,Delayed,71,2025-02-16
North Justinside,East Walter,2024-04-18,Delayed,72,2024-05-01
East Betty,New Lisa,2024-07-05,In Transit,73,2024-07-09
North Tyler,Lake Michelleton,2025-01-20,Cancelled,74,2025-02-01
Charlesside,West Donnaview,2024-05-20,In Transit,75,2024-06-03
Rebeccaburgh,Dianaborough,2024-10-27,Delivered,76,2024-11-05
Robertland,East Kristina,2024-11-12,Cancelled,77,2024-11-16
Port Bonnieland,Hernandezchester,2024-06-07,Delayed,78,2024-06-09
Courtneyton,Hinesmouth,2024-08-20,In Transit,79,2024-09-01
Moodymouth,Cantrelltown,2024-07-04,Cancelled,80,2024-07-17
North Stephenview,Heatherberg,2024-05-20,In Transit,81,2024-06-02
Nelsontown,West Jean,2024-05-05,In Transit,82,2024-05-07
West Katherineburgh,Lake Chadstad,2024-05-13,Delayed,83,2024-05-15
Port Michael,Millerport,2024-03-26,Delayed,84,2024-04-07
South Markville,West Amyhaven,2024-08-04,Delayed,85,2024-08-13
Kaitlynport,West Bradley,2024-05-19,Delivered,86,2024-05-28
Belindafort,Robertsport,2024-09-13,Delayed,87,2024-09-24
New Michelleburgh,Jamesborough,2024-02-20,Cancelled,88,2024-02-29
Kimberlyview,South Arthur,2024-06-15,Delivered,89,2024-06-29
North Donaldbury,Hooperberg,2024-09-01,In Transit,90,2024-09-14
North Zacharytown,Ericstad,2025-01-18,Delivered,91,2025-01-24
Lake Kevin,Ryanview,2024-11-15,Delayed,92,2024-11-25
Jamesmouth,Williamsport,2024-04-06,Cancelled,93,2024-04-07
Lake Sharonborough,Charlesburgh,2024-10-06,Delivered,94,2024-10-10
Samuelchester,Adrianmouth,2024-07-06,In Transit,95,2024-07-08
Tiffanystad,Sloanfurt,2024-08-21,In Transit,96,2024-09-02
New Jesseville,Jonesbury,2025-02-08,In Transit,97,2025-02-17
Timothybury,South Sarahaven,2024-05-15,Delivered,98,2024-05-20
Hillstad,Lake Kenneth,2024-09-08,Delivered,99,2024-09-19
New Darrellberg,Susanmouth,2024-09-15,In Transit,100,2024-09-28
Lake Lori,South Brianaburgh,2024-02-17,Cancelled,101,2024-02-24
Aliciaberg,West Paulaville,2024-04-02,Delayed,102,2024-04-13
Millerside,New Andrew,2024-12-14,Delayed,103,2024-12-22
New Amanda,Chenbury,2025-02-04,Delivered,104,2025-02-08
South Lisa,Dustinside,2024-12-09,In Transit,105,2024-12-13
New Michaelmouth,Port Deborahberg,2025-01-20,Delayed,106,2025-01-30
East Adamstad,Jonathanstad,2024-02-13,Delivered,107,2024-02-21
Port Shelleyborough,Wellsport,2024-09-02,Cancelled,108,2024-09-09
Griffinchester,Kimberlyborough,2025-01-19,Cancelled,109,2025-01-28
North Dustin,Davisshire,2024-08-05,In Transit,110,2024-08-12
Hannahstad,North Shannon,2024-02-15,Delayed,111,2024-02-19
Juliemouth,Russellside,2024-12-14,Delivered,112,2024-12-22
Angelaside,Joshuaborough,2024-12-10,Cancelled,113,2024-12-22
Erinbury,West Joseph,2025-01-05,Delivered,114,2025-01-09
Amberchester,Davisport,2025-01-16,Cancelled,115,2025-01-30
Shannonfurt,West Edward,2024-05-05,In Transit,116,2024-05-08
South Melissa,North Destinychester,2024-10-15,Cancelled,117,2024-10-22
Danielhaven,Lake Rickyport,2024-03-18,Delivered,118,2024-03-22
West Catherine,South Janet,2024-06-26,Delivered,119,2024-07-09
Port Amberhaven,Palmerfort,2024-04-03,Cancelled,120,2024-04-12
East Gregoryland,Gordonborough,2024-08-10,Delayed,121,2024-08-17
North Alicia,Victoriaville,2024-10-24,In Transit,122,2024-10-28
Burtontown,Port Mark,2024-08-20,Delivered,123,2024-08-25
Amyfurt,Rothland,2024-05-18,Cancelled,124,2024-05-24
North Justin,South Misty,2024-03-09,Delayed,125,2024-03-13
North Shelby,East Charlenefurt,2024-07-21,In Transit,126,2024-07-24
Rebeccaland,Cummingsside,2024-10-24,Delivered,127,2024-10-30
Kevinchester,Aguirreberg,2024-08-03,In Transit,128,2024-08-11
South Austin,Crawfordburgh,2024-04-28,Delivered,129,2024-05-01
New Rita,Port Joeburgh,2025-02-11,Delivered,130,2025-02-24
South Tanyabury,Stevenhaven,2024-06-08,Cancelled,131,2024-06-13
Robertton,New Erichaven,2024-08-19,Delivered,132,2024-08-31
South Thomas,Kennethchester,2025-01-04,Delayed,133,2025-01-08
Castanedafurt,Joshuastad,2024-03-03,Delivered,134,2024-03-14
Aguilarstad,Kennethmouth,2024-03-30,Delayed,135,2024-04-08
Michaeltown,Kimberlyland,2024-04-03,Delayed,136,2024-04-12
Riosfurt,Osbornetown,2025-02-05,Cancelled,137,2025-02-07
Arroyofort,West Scottview,2025-01-30,Delivered,138,2025-02-09
Dawntown,South Loribury,2024-07-06,In Transit,139,2024-07-14
Ramosshire,Jesseland,2024-08-28,Cancelled,140,2024-09-05
Mclaughlinfort,West Patrickland,2024-02-29,Delivered,141,2024-03-14
Thorntonborough,Collierside,2024-10-23,In Transit,142,2024-11-05
East Ashley,Rickyville,2024-04-10,Cancelled,143,2024-04-23
Jeffreyborough,Paulaville,2024-02-27,Delayed,144,2024-03-08
Vargasberg,East Patriciashire,2024-04-18,In Transit,145,2024-04-29
West Veronica,Nicholasland,2024-08-05,Delivered,146,2024-08-18
Mayport,Lake Henry,2024-05-15,Cancelled,147,2024-05-25
Melindaland,Russoberg,2024-12-20,In Transit,148,2024-12-22
South Amandahaven,West David,2024-07-27,In Transit,149,2024-08-04
Port Teresa,Ericfurt,2024-11-25,Cancelled,150,2024-12-03
East Chrisside,East Kaylatown,2025-02-06,Delayed,151,2025-02-18
Port Samanthaport,South Sherry,2025-02-08,Cancelled,152,2025-02-09
Aguilarhaven,New Debrabury,2024-10-13,Cancelled,153,2024-10-27
South Candice,West Kennethstad,2025-01-25,Cancelled,154,2025-02-01
West Timothy,South Robinshire,2024-04-18,Cancelled,155,2024-04-27
West Cody,East Kristen,2024-12-06,Delivered,156,2024-12-19
Lake Heatherbury,East Amyfort,2024-07-16,Delayed,157,2024-07-28
Port Morganton,South Joanna,2024-02-29,Delayed,158,2024-03-04
East Robertmouth,Aliceland,2024-10-18,Delivered,159,2024-10-21
Lauraton,Lake Andrew,2024-09-10,Delayed,160,2024-09-14
Port Lucasberg,Burgessmouth,2024-02-27,Delayed,161,2024-03-12
Johntown,Lake Geraldland,2024-12-05,Delivered,162,2024-12-15
Lake Joelshire,Bryanfort,2024-02-29,In Transit,163,2024-03-12
Lisaport,West Kennethport,2024-07-14,Cancelled,164,2024-07-23
Thomashaven,Mooretown,2024-08-02,Delayed,165,2024-08-06
Joshuamouth,Lake Jenniferton,2024-12-03,Cancelled,166,2024-12-05
Steeleburgh,Maddenbury,2024-05-03,Delayed,167,2024-05-13
West Scott,Mariatown,2024-04-20,In Transit,168,2024-04-29
Lake Tanner,Melissafurt,2024-07-22,Cancelled,169,2024-08-01
North Coreyville,Lake Thomas,2025-01-18,In Transit,170,2025-01-19
New Peterchester,Pruitttown,2024-11-12,Cancelled,171,2024-11-14
East Haley,Lake Melissa,2024-02-21,Delivered,172,2024-02-27
Davidchester,East Holly,2024-04-02,In Transit,173,2024-04-05
Kingville,Lawsontown,2025-01-13,Delivered,174,2025-01-15
Larryburgh,Allentown,2024-02-14,Delayed,175,2024-02-20
East Elizabeth,Ivanfurt,2024-11-15,Delayed,176,2024-11-27
South Kathleen,Garrettfurt,2024-07-20,Delivered,177,2024-08-03
Daniellefort,Garciaborough,2025-02-07,Cancelled,178,2025-02-12
