status,DESTINATION,origin,shipment_date,delivery_date,shipment_id
Delayed,Burtonview,West Kelly,2025-01-20,2025-01-23,1
In Transit,New Megan,Anthonymouth,2025-01-20,2025-02-02,2
Delayed,Port John,Watsonchester,2024-12-07,2024-12-11,3
Delayed,Lake Kendrashire,New Mark,2024-08-27,2024-09-08,4
Cancelled,Davidland,Craigfurt,2024-07-11,2024-07-14,5
Cancelled,Port Justin,Brandonfort,2024-05-17,2024-05-28,6
Delayed,Hammondfurt,Tammyhaven,2025-01-31,2025-02-02,7
Delivered,Sawyerbury,Kingberg,2024-11-29,2024-12-10,8
In Transit,West Wesley,Pierceview,2024-12-30,2024-12-31,9
Delivered,Barreraburgh,South Lauraside,2024-10-30,2024-11-05,10
In Transit,Silvafort,Fraziershire,2024-08-21,2024-08-28,11
Delayed,North Andrewville,North Victoria,2024-11-20,2024-12-04,12
Delivered,Lake Melissabury,Vargasberg,2024-08-28,2024-08-31,13
Cancelled,Port Anthonyburgh,Jonathanside,2024-08-05,2024-08-19,14
Delivered,Georgeside,North Jenniferhaven,2024-09-10,2024-09-22,15
Delayed,Cookefort,East Adam,2025-01-31,2025-02-03,16
Delivered,Lake Richardstad,Chadport,2024-10-31,2024-11-01,17
Delivered,Williamsburgh,South Toddfurt,2024-11-13,2024-11-24,18
Delivered,Zacharychester,South Sandra,2024-08-09,2024-08-18,19
Delivered,East Anthonyville,New Diana,2025-01-24,2025-02-03,20
In Transit,Port Jasmine,East David,2024-11-06,2024-11-19,21
Delivered,Stephaniestad,Hayleyland,2025-02-01,2025-02-08,22
Delayed,Leefort,Ramirezfort,2024-11-07,2024-11-21,23
In Transit,Charlesmouth,Brianmouth,2024-12-11,2024-12-13,24
Delivered,South Loganside,Port Richard,2024-10-11,2024-10-12,25
Delivered,Hickmanmouth,New Adrian,2024-11-07,2024-11-09,26
Delayed,East Patrickfurt,Lake Charles,2025-01-25,2025-01-28,27
Delivered,West Paul,Mendezside,2024-05-06,2024-05-17,28
Cancelled,Hamiltonstad,Coleside,2024-02-27,2024-03-01,29
Delivered,New Tyler,Ortizborough,2024-05-12,2024-05-16,30
Cancelled,New Mike,New Michael,2024-08-27,2024-08-31,31
Delivered,South Shannontown,Valeriefurt,2024-06-25,2024-06-29,32
In Transit,Jenniferberg,South Cynthiaview,2024-09-22,2024-09-24,33
Cancelled,Cherylmouth,Susanstad,2024-06-03,2024-06-16,34
In Transit,Emilyborough,North Logan,2024-03-04,2024-03-11,35
In Transit,Mcphersonhaven,Michelleberg,2025-02-01,2025-02-10,36
In Transit,East Gabriellamouth,Jonesburgh,2024-06-07,2024-06-18,37
Delivered,Flemingville,Patrickstad,2025-02-09,2025-02-18,38
Cancelled,Jasonburgh,Port Markville,2024-11-25,2024-12-06,39
In Transit,Lake Jessica,Blackbury,2024-12-27,2024-12-30,40
In Transit,Lauraberg,Turnerchester,2024-04-08,2024-04-19,41
Delayed,Michelleshire,New Garyview,2024-04-21,2024-05-04,42
Delayed,New Edward,Port Juanbury,2024-07-27,2024-08-01,43
Delayed,Taylorport,North Sarah,2024-09-11,2024-09-18,44
Cancelled,Catherineville,Hunterstad,2025-01-20,2025-01-22,45
Cancelled,Davidmouth,Howardfort,2024-03-22,2024-04-02,46
Delivered,New Mercedes,North Stephanieborough,2024-02-18,2024-02-23,47
Cancelled,South Erin,Sarahshire,2025-01-29,2025-02-05,48
Delayed,East Aaronview,Kristenfort,2024-03-02,2024-03-07,49
Cancelled,North Janet,Shortville,2025-01-28,2025-02-03,50
Delivered,Nicholasfurt,Lake Alexisland,2024-03-12,2024-03-22,51
Delayed,North Tammy,North Tammymouth,2024-09-07,2024-09-17,52
Delayed,Lake Lindsaybury,North Rebecca,2024-08-14,2024-08-22,53
Delivered,Barajashaven,New Brian,2025-01-19,2025-01-30,54
In Transit,Danahaven,Yatesstad,2024-11-20,2024-11-26,55
In Transit,South Joshuaton,Danielleview,2024-06-16,2024-06-17,56
In Transit,East Jasonport,Richardton,2024-06-04,2024-06-07,57
Cancelled,New Ricardo,New Eric,2024-10-25,2024-11-08,58
In Transit,Coxport,Lake Sean,2024-12-29,2025-01-10,59
In Transit,Robinsonmouth,Malloryshire,2024-11-22,2024-12-06,60
In Transit,Ricardotown,Penaland,2024-11-28,2024-11-30,61
Cancelled,South Joseph,North Phillipton,2024-08-20,2024-08-28,62
In Transit,Brownburgh,Catherinestad,2025-01-06,2025-01-12,63
In Transit,East Anthony,Hallton,2024-05-09,2024-05-23,64
Delivered,Erikamouth,New Joshuaview,2024-12-04,2024-12-16,65
Delayed,East Kaitlynland,West Jesseburgh,2024-09-03,2024-09-16,66
Delivered,Karenshire,South Lindaborough,2024-09-29,2024-10-09,67
Delivered,Port Haleystad,New Amberbury,2024-05-05,2024-05-17,68
Delayed,North Deborahtown,Julieshire,2024-12-27,2025-01-07,69
Delivered,Pennyshire,Nicoleberg,2024-05-20,2024-05-27,70
In Transit,East Donaldbury,Timothyberg,2025-02-02,2025-02-10,71
Delayed,Rodriguezfort,Davidmouth,2024-08-04,2024-08-09,72
In Transit,Kimberlyshire,West Destiny,2024-03-31,2024-04-05,73
Cancelled,Port Dawnburgh,Lake Taramouth,2024-11-15,2024-11-26,74
Delivered,Lake Kyletown,East Joshua,2024-05-24,2024-05-26,75
Delivered,Palmermouth,New Melissaberg,2024-03-24,2024-03-31,76
Delayed,North Bryan,Wellsside,2024-04-12,2024-04-23,77
Delivered,Haysmouth,Jamestown,2024-11-12,2024-11-24,78
Delayed,Johnstonstad,Amyside,2025-01-27,2025-02-05,79
In Transit,South Christophertown,Sanchezside,2024-04-13,2024-04-23,80
Delayed,Ramirezville,Moralesport,2024-04-25,2024-05-03,81
Delayed,Port Alishaberg,Adamstad,2024-09-23,2024-10-02,82
In Transit,West Stephen,East Maureen,2024-06-02,2024-06-15,83
Delayed,Middletonberg,Scottview,2024-08-26,2024-08-28,84
Cancelled,Fisherfort,Derekborough,2024-10-13,2024-10-16,85
Delayed,Spencerburgh,Summersburgh,2024-08-30,2024-09-07,86
Delivered,Port Robin,Tiffanymouth,2024-09-07,2024-09-08,87
Delivered,Kristinside,North Danielshire,2025-01-16,2025-01-26,88
In Transit,East Michellehaven,Port Theresa,2024-12-13,2024-12-25,89
Delivered,Thomaston,Rachelburgh,2024-08-11,2024-08-19,90
Cancelled,East Michelestad,Woodwardview,2024-12-19,2024-12-22,91
In Transit,West Madisonstad,Lake Susan,2024-08-06,2024-08-12,92
Delayed,Wilsonville,Brittanychester,2024-09-26,2024-10-07,93
Cancelled,Lake Davidview,South Andrew,2024-12-05,2024-12-11,94
Delayed,Austinshire,South Melissaview,2024-04-19,2024-04-23,95
Cancelled,West Coreyside,West Jeanette,2024-09-02,2024-09-09,96
Cancelled,Perezmouth,Avilastad,2024-12-24,2024-12-30,97
Delayed,East Robin,Huberville,2024-03-15,2024-03-18,98
Delivered,North Marcusport,Lake Katherine,2024-09-14,2024-09-20,99
Cancelled,Jonesberg,East Jacob,2024-11-26,2024-12-09,100
Delivered,New Melanieside,New Dianachester,2024-09-15,2024-09-16,101
Delivered,South Jacqueline,Camachostad,2024-04-17,2024-04-29,102
Cancelled,Lake Feliciaburgh,South Mark,2024-05-07,2024-05-16,103
Cancelled,Port Patriciaberg,Lake Leeton,2024-10-25,2024-10-27,104
Cancelled,Duaneberg,East April,2024-09-15,2024-09-16,105
Cancelled,Alexafurt,Bennettport,2024-08-02,2024-08-11,106
Delivered,Lake Hollyberg,New Heatherfurt,2024-12-18,2024-12-26,107
Delivered,West Yvonne,Catherineberg,2024-07-09,2024-07-15,108
Delivered,Johnnyton,Alyssaberg,2024-02-12,2024-02-22,109
In Transit,West Donald,North Mariaville,2024-04-06,2024-04-12,110
Cancelled,East Johnmouth,Jorgetown,2024-11-09,2024-11-22,111
Delayed,Pennytown,Shaneborough,2024-05-20,2024-05-26,112
Delayed,Lake Davidville,Lake Harryborough,2025-01-06,2025-01-17,113
In Transit,Shirleyland,New Robertshire,2024-08-12,2024-08-13,114
Cancelled,North Gregory,North Joseside,2025-02-04,2025-02-05,115
Cancelled,Lake Michael,Jenniferview,2024-04-10,2024-04-23,116
Cancelled,Port Stephanie,New Alyssafurt,2024-10-25,2024-11-01,117
Delayed,Lewisville,East Savannahtown,2024-03-12,2024-03-26,118
Cancelled,Wilsonport,Ginabury,2024-03-28,2024-04-11,119
Delayed,Carrville,South Jeffrey,2024-07-09,2024-07-18,120
Cancelled,Matthewshire,Lake Shelly,2024-11-21,2024-12-04,121
Cancelled,Danielchester,South Gregorytown,2024-08-04,2024-08-07,122
Delivered,Perezhaven,Rhondashire,2024-07-06,2024-07-09,123
Cancelled,New Emily,Kellyton,2024-09-17,2024-09-22,124
Delivered,Brentbury,Greenburgh,2024-10-30,2024-11-03,125
Delivered,Catherinetown,Kendrastad,2024-09-08,2024-09-21,126
Delivered,West Michaelmouth,Hansonport,2024-08-02,2024-08-03,127
Cancelled,Port Brenda,Leefort,2024-04-17,2024-04-27,128
Delayed,Lake Monique,Patrickberg,2024-11-09,2024-11-10,129
Cancelled,New Patricia,Port Darryl,2024-10-30,2024-11-10,130
Delayed,Johnsport,West Amybury,2024-08-05,2024-08-12,131
Delayed,Lake Sarahview,Kimside,2024-04-30,2024-05-12,132
Cancelled,Wendystad,West Lindseyton,2024-11-05,2024-11-15,133
In Transit,Bennettton,New Raymond,2025-01-14,2025-01-25,134
Cancelled,Ballville,Caldwellberg,2024-03-07,2024-03-15,135
Delivered,Jamesmouth,West Juanside,2024-04-09,2024-04-11,136
Cancelled,Lake Nathanland,Masseyside,2024-07-31,2024-08-14,137
Cancelled,South Stephanie,Whitehaven,2024-12-14,2024-12-26,138
In Transit,Hancockbury,Haleytown,2024-11-29,2024-12-02,139
Cancelled,New Brandonside,East Jenniferside,2025-02-05,2025-02-12,140
Delivered,New Jacob,Matthewstad,2024-07-20,2024-07-21,141
In Transit,Johnsonstad,Chasehaven,2024-02-26,2024-03-01,142
In Transit,West Dillonville,Perezfurt,2024-03-13,2024-03-24,143
Delivered,Lewisland,Hufffort,2025-01-04,2025-01-16,144
In Transit,East Carlos,Vegaton,2024-03-22,2024-03-28,145
Delayed,North Peter,Parkerstad,2024-03-16,2024-03-20,146
Delivered,New Daniel,West Adrian,2024-05-30,2024-06-01,147
Delayed,Warrenfurt,Grantfurt,2025-01-21,2025-02-01,148
Delivered,Cookmouth,Wallshire,2024-09-16,2024-09-27,149
In Transit,Lake Robin,Hallside,2024-05-09,2024-05-20,150
Delayed,Joshuamouth,Dylanfort,2024-08-17,2024-08-24,151
Delayed,Thomaschester,North Debra,2024-08-12,2024-08-24,152
Delayed,Port Kathy,Hancockberg,2024-03-05,2024-03-19,153
Delayed,North Tammymouth,East Teresa,2024-09-06,2024-09-18,154
In Transit,Ritterville,Johnfurt,2024-08-03,2024-08-07,155
In Transit,New Joshuaside,Wangbury,2024-12-27,2024-12-29,156
Delivered,Ianshire,New Alice,2024-10-25,2024-10-30,157
Cancelled,Lake Crystal,Houseberg,2025-01-15,2025-01-27,158
Delivered,Richardview,Dawsonshire,2025-01-22,2025-01-26,159
Delivered,Angelaport,New Steven,2024-05-03,2024-05-16,160
Cancelled,Teresahaven,East Manuel,2024-11-24,2024-12-03,161
Cancelled,East Samuelton,Penaview,2024-06-05,2024-06-11,162
In Transit,New Sarahhaven,Tylerbury,2024-06-10,2024-06-14,163
Delivered,Travismouth,Port Edwardshire,2024-06-23,2024-07-04,164
Delayed,North John,Port Peggyland,2024-04-13,2024-04-21,165
Cancelled,East Benjaminhaven,New Davidberg,2024-06-09,2024-06-18,166
Delayed,Port Jared,Millerburgh,2024-05-05,2024-05-18,167
In Transit,Port Timothy,Kathryntown,2024-07-25,2024-08-02,168
Delayed,Loriborough,Sherriburgh,2025-01-29,2025-02-09,169
In Transit,Alexismouth,Fosterland,2024-12-17,2024-12-19,170
