shipment_id,origin,destination,shipment_date,delivery_date,status
1,New Mia,East Kenneth,2024-12-01,2024-12-14,Cancelled
2,East Stephenside,Smithview,2024-12-23,2024-12-26,In Transit
3,North Robert,Luceroside,2025-01-06,2025-01-14,Cancelled
4,Danielport,Shawborough,2024-04-29,2024-05-08,Delayed
5,New Laura,Gordonstad,2024-06-14,2024-06-24,Delayed
6,Chanfurt,New Lisa,2024-04-30,2024-05-12,In Transit
7,Josebury,Janicefort,2024-12-14,2024-12-25,In Transit
8,South Travishaven,Johnville,2024-09-26,2024-10-03,Delayed
9,Port Stephanie,South Kevin,2025-01-31,2025-02-11,Cancelled
10,East Autumnton,Perezborough,2024-03-19,2024-03-25,Delivered
11,Ruizfort,New Kennethfurt,2024-08-07,2024-08-17,Delivered
12,Ryanshire,North Brenda,2024-06-29,2024-07-09,Delayed
13,Berryview,North Frank,2024-04-28,2024-05-01,Delayed
14,Josephbury,East Taylortown,2024-08-11,2024-08-16,In Transit
15,Jamesville,Jensenbury,2024-04-28,2024-05-06,Cancelled
16,South Shannon,Gomezbury,2025-01-01,2025-01-08,In Transit
17,Port Danielleside,Davisland,2024-02-26,2024-03-06,Delivered
18,South Victor,Port Erika,2024-04-04,2024-04-09,Delivered
19,West Victoriaview,Davidberg,2024-06-30,2024-07-02,Delivered
20,Kaylafort,Justinborough,2025-02-11,2025-02-19,In Transit
21,Nguyenport,Debraburgh,2024-07-02,2024-07-07,Cancelled
22,Weeksview,Garciabury,2024-07-10,2024-07-23,Delivered
23,Crossbury,Port Alexanderton,2024-06-29,2024-07-07,Delayed
24,Lake Catherine,Lake Barry,2024-03-30,2024-04-02,In Transit
25,Chandlerville,Rachelhaven,2024-07-05,2024-07-12,Delayed
26,Conwayfurt,Michaelport,2024-03-19,2024-03-22,In Transit
27,Flemingview,Pamelatown,2024-09-09,2024-09-22,Delivered
28,East James,Hollowaymouth,2024-11-09,2024-11-20,Cancelled
29,Jeffhaven,Abigailside,2024-06-19,2024-06-25,Cancelled
30,Gutierrezland,New Anna,2024-02-12,2024-02-20,In Transit
31,South Brandiport,Chambersview,2024-08-15,2024-08-29,Cancelled
32,Michaelstad,Laurenshire,2024-08-27,2024-09-03,Delivered
33,Michaelmouth,Watsonside,2025-01-07,2025-01-20,Delayed
34,Lawsonburgh,North Melissaview,2024-11-26,2024-12-03,In Transit
35,Port Vincent,East Nathanielborough,2024-06-05,2024-06-08,Cancelled
36,Port Thomasview,Port Nancychester,2024-11-19,2024-12-02,Delayed
37,Port Troystad,Nicholsonstad,2024-06-08,2024-06-19,In Transit
38,Gomezchester,Alexanderview,2024-03-31,2024-04-11,In Transit
39,Lindachester,East Aaron,2024-12-29,2025-01-03,Cancelled
40,Jessicaton,Deniseburgh,2024-10-13,2024-10-26,Delivered
41,West Jack,South Jason,2024-12-19,2024-12-28,In Transit
42,Andrewborough,Port Tiffanyborough,2024-07-18,2024-07-27,Delivered
43,Jenniferburgh,Nancyberg,2024-11-07,2024-11-12,In Transit
44,East Misty,South Denise,2024-03-27,2024-04-02,Delayed
45,Elizabethmouth,North Brianfort,2024-10-03,2024-10-10,Delayed
46,New Rebecca,Hunterland,2024-12-15,2024-12-22,Delivered
47,Robinsontown,Port Shawn,2024-05-05,2024-05-08,Cancelled
48,Freemanborough,West Natalie,2024-10-28,2024-10-29,Delivered
49,West Michael,South Tiffany,2024-09-02,2024-09-03,Cancelled
50,North Morganburgh,Port Samantha,2024-04-12,2024-04-17,Cancelled
51,West Morgantown,Cunninghamborough,2024-02-12,2024-02-24,Cancelled
52,New Donnabury,Port Stephanieland,2024-12-25,2025-01-03,In Transit
53,Laurafurt,Port Kevin,2024-03-18,2024-03-28,Delayed
54,West Melanie,Jenniferville,2024-07-31,2024-08-09,Cancelled
55,Klinemouth,Troymouth,2024-04-14,2024-04-22,Delayed
56,North Tamaramouth,Michelleport,2024-09-13,2024-09-22,Delivered
57,Dustinhaven,Amyton,2025-02-08,2025-02-20,In Transit
58,West Stevenmouth,North Michaelborough,2024-09-14,2024-09-19,Delayed
59,Maryside,Shaunview,2024-02-29,2024-03-03,Cancelled
60,South Jerryfurt,New Charles,2024-06-30,2024-07-07,Delayed
61,West Dawn,Villaside,2024-05-01,2024-05-10,Delivered
62,Lake Samantha,Tinaton,2025-01-17,2025-01-24,In Transit
63,East Lindsay,New Tyler,2024-03-16,2024-03-25,Delivered
64,Cynthiabury,Reevesville,2024-12-29,2025-01-02,Delivered
65,Lake Alanbury,Port Michaelmouth,2024-02-22,2024-02-25,In Transit
66,East Bianca,Port Ralph,2025-01-29,2025-01-30,Delayed
67,Lake Emilyberg,Lake Ginaborough,2024-05-18,2024-05-22,In Transit
68,Griffinhaven,Phelpsside,2024-03-02,2024-03-11,Delayed
69,Lake Jasonland,East Markchester,2024-03-29,2024-04-09,Cancelled
70,South Jeff,Lake Erin,2025-02-09,2025-02-18,Cancelled
71,Swansonfort,West Blake,2024-05-21,2024-05-31,Delivered
72,North Kimberly,Lake Grant,2024-09-22,2024-09-28,In Transit
73,Gonzalezton,Levymouth,2024-08-30,2024-09-11,Delivered
74,Alanfurt,Paulbury,2024-12-07,2024-12-17,Delivered
75,South Jessicaside,South Anne,2024-07-25,2024-08-04,Delivered
76,Scottland,Mcguireville,2024-07-23,2024-07-31,Cancelled
77,North Jose,Youngshire,2024-04-25,2024-05-07,Delayed
78,West Michelle,South Tammy,2024-04-15,2024-04-29,In Transit
79,Lake Shane,Santosport,2025-02-04,2025-02-11,Delivered
80,East Timothyfort,Kellyfort,2024-09-09,2024-09-18,Cancelled
81,North Jasmine,New Ronald,2024-03-28,2024-04-07,In Transit
82,Danielsview,Ayersberg,2024-12-03,2024-12-06,In Transit
83,South Emily,Catherinemouth,2025-01-07,2025-01-13,Delayed
84,Loweryberg,Moraleschester,2024-07-30,2024-08-07,In Transit
85,Port Jameschester,Lake James,2024-10-08,2024-10-21,Delayed
86,New Carlos,New Traceyview,2024-07-21,2024-08-03,Delayed
87,West Savannah,Tiffanyview,2024-08-21,2024-08-23,Cancelled
88,North Ronnie,South Michael,2024-12-10,2024-12-21,In Transit
89,New Charles,West Jake,2024-06-22,2024-06-24,Delivered
90,Lake Jennifer,Vincentville,2024-04-04,2024-04-06,Cancelled
91,West Lisaport,Barnettfort,2024-05-16,2024-05-19,Delivered
92,Lewisstad,Jeremyfort,2024-05-04,2024-05-16,In Transit
93,Rachelmouth,Johnsonfurt,2025-01-31,2025-02-05,Delivered
94,Rogerstad,Lake Sarahview,2024-05-13,2024-05-18,In Transit
95,Dianafurt,Charlesstad,2024-12-23,2024-12-29,Cancelled
96,Garrisonmouth,Troyburgh,2024-06-15,2024-06-23,In Transit
97,Garciaside,Kingchester,2024-05-29,2024-06-02,Cancelled
98,Campbellton,Parsonsside,2024-11-26,2024-11-30,Cancelled
99,West Kevin,Jonville,2024-04-02,2024-04-11,Delayed
100,Campbellchester,Port Susan,2024-10-20,2024-10-21,Cancelled
101,Port Charlesbury,Jermainemouth,2025-01-28,2025-02-10,In Transit
102,East Lauren,West Brian,2024-04-26,2024-05-08,Delayed
103,North Abigail,Brendafort,2025-02-07,2025-02-20,Delayed
104,West Matthew,Roberthaven,2024-09-09,2024-09-16,Delayed
105,New Bobbyview,Port Annside,2025-01-21,2025-01-23,In Transit
106,New Jasmine,Zunigaborough,2024-03-06,2024-03-08,Delayed
107,Lyonstown,Oconnorbury,2024-08-21,2024-08-31,Delayed
108,East Lisa,East Shaun,2024-10-24,2024-11-01,In Transit
109,Carterville,Markstad,2024-09-06,2024-09-12,In Transit
110,Port Michelle,East Seantown,2025-02-06,2025-02-07,Delivered
111,Gibsonmouth,Port Jessica,2024-07-04,2024-07-12,Cancelled
112,East Melinda,Port Brittany,2024-05-29,2024-05-30,In Transit
113,Guerreromouth,Lake Vanessa,2024-07-20,2024-07-29,In Transit
114,Moyerbury,North Staceybury,2024-07-07,2024-07-12,In Transit
115,Timothymouth,South Bradley,2024-09-03,2024-09-15,Delivered
116,Port Kelly,Davidbury,2024-09-19,2024-09-23,Delayed
117,South Morganstad,West Amandaland,2024-11-03,2024-11-06,In Transit
118,South Stacieberg,Charlesburgh,2025-01-01,2025-01-08,Delayed
119,West Nicole,Simpsontown,2024-09-29,2024-10-07,Delayed
120,Nicoleborough,Katieport,2024-06-20,2024-06-25,In Transit
121,Harrisonfurt,Matthewstad,2024-05-09,2024-05-11,Delivered
122,Port John,Hamiltonland,2024-10-13,2024-10-21,In Transit
123,Bryantville,South Christopher,2024-09-11,2024-09-12,In Transit
124,New Rhonda,South Sarah,2024-06-28,2024-07-01,Delayed
125,Patrickbury,South Kendramouth,2024-06-29,2024-07-11,Delivered
126,North Maryburgh,West Briannaport,2024-11-07,2024-11-14,Cancelled
127,Jenniferton,East Matthewview,2025-01-02,2025-01-05,Cancelled
128,Smithburgh,Michaelfurt,2025-01-23,2025-02-02,Delayed
129,West Davidview,Port Vincentmouth,2024-09-24,2024-09-25,Delayed
130,Scotttown,New Stephenhaven,2024-12-21,2024-12-26,Cancelled
131,Susanton,Leahmouth,2024-04-22,2024-05-02,Delivered
132,West Brentfurt,North Susanbury,2024-09-16,2024-09-29,In Transit
133,South Jeremyport,West Matthewland,2024-03-29,2024-03-31,Cancelled
134,Lake Manuelhaven,Kingshire,2024-03-01,2024-03-15,Delivered
135,Matthewtown,Torresland,2024-09-06,2024-09-14,Delayed
136,Santoshaven,Robinside,2024-04-03,2024-04-11,Cancelled
137,Melissabury,Port Shelly,2024-03-13,2024-03-17,Delayed
138,Johnstad,New Victoria,2025-01-24,2025-01-31,In Transit
139,New Erictown,Lake Christopher,2024-05-14,2024-05-24,In Transit
140,Port Timothy,Marshallmouth,2024-10-07,2024-10-13,Delivered
141,West Ashleychester,Smithfort,2024-02-28,2024-03-10,Delayed
142,Brandontown,North Natashafurt,2024-11-20,2024-12-02,Cancelled
143,Domingueztown,Smithbury,2024-03-14,2024-03-21,Delayed
144,Crystalbury,North Cameronview,2024-09-03,2024-09-09,Delivered
145,North Charlesville,Port Amandabury,2024-07-19,2024-07-21,Delivered
146,Foxmouth,Lake Lisa,2024-08-29,2024-09-12,Delayed
147,Wigginsburgh,Port Kyle,2024-09-20,2024-10-01,Delayed
148,East Leonard,Garciaview,2024-04-14,2024-04-15,Delivered
149,Joshuafort,Port Kenneth,2024-04-06,2024-04-12,Cancelled
150,New Kathleenberg,Nataliestad,2024-07-17,2024-07-25,In Transit
151,Englishborough,West Brianshire,2025-01-06,2025-01-08,Delayed
152,South Darrellshire,Nicolestad,2024-11-11,2024-11-25,Cancelled
153,New Jeffrey,South David,2024-09-18,2024-09-30,Cancelled
154,Gracebury,Taylorfort,2025-01-24,2025-02-04,Cancelled
