shipment_id,origin,destination,shipment_date,delivery_date,status
1,Santanahaven,North Peggymouth,2024-11-04,2024-11-09,In Transit
2,Lake Katherine,North Suzanne,2025-01-21,2025-01-22,Delivered
3,Kellyside,Lake Rebecca,2024-04-20,2024-04-25,Delivered
4,South Glennland,Peterfort,2024-07-09,2024-07-17,Delayed
5,Williamstad,Port Michaelshire,2024-11-23,2024-12-06,Delivered
6,Powellbury,New Amandaton,2024-10-18,2024-10-20,Delayed
7,Gibsonland,Lake Jennifer,2024-11-25,2024-12-08,Cancelled
8,Karenmouth,Brendaberg,2024-11-01,2024-11-04,In Transit
9,West Eric,North Aprilhaven,2024-07-01,2024-07-03,Delayed
10,New Jennifer,Lake Joanneburgh,2024-12-24,2024-12-31,Delivered
11,Collinsside,Port Katie,2024-11-17,2024-11-29,Cancelled
12,Rothside,Hodgesport,2024-12-09,2024-12-20,Delivered
13,Port Bridgetshire,Leahberg,2024-08-14,2024-08-20,In Transit
14,Port Jonview,Port Rebeccaborough,2024-11-17,2024-11-18,Cancelled
15,Taylortown,South Brandi,2024-02-24,2024-02-27,In Transit
16,New Thomasland,Emilyhaven,2024-04-08,2024-04-19,Delivered
17,West Patrick,West Catherinetown,2024-03-05,2024-03-10,In Transit
18,Jenniferhaven,New Danielle,2024-06-25,2024-07-02,Delayed
19,Lewisfort,Erinport,2024-09-23,2024-10-02,Cancelled
20,Ericmouth,Kennethstad,2024-07-16,2024-07-20,Cancelled
21,Mikaylamouth,New John,2024-03-08,2024-03-10,Delayed
22,West James,Bethanyside,2024-07-10,2024-07-19,Cancelled
23,Haroldtown,Port Stephanie,2025-02-03,2025-02-05,Cancelled
24,North Rachel,Lawrencebury,2024-08-08,2024-08-17,Cancelled
25,North Jessicastad,North Mark,2024-06-08,2024-06-19,Delayed
26,Alejandraland,New Andreaview,2024-09-24,2024-10-02,Delivered
27,Ericaberg,Marshallmouth,2024-05-08,2024-05-09,Delivered
28,East Georgeburgh,Armstrongmouth,2024-09-30,2024-10-05,Cancelled
29,South William,Larsonburgh,2024-04-29,2024-04-30,Delivered
30,Burnettbury,Coryborough,2024-09-05,2024-09-11,Delivered
31,Thompsonmouth,South Ryanland,2024-09-25,2024-10-01,Cancelled
32,West Katieland,Port Margarettown,2024-09-11,2024-09-21,Delivered
33,Taylorborough,New Wayne,2024-07-22,2024-07-27,In Transit
34,East Jamesfurt,Johnsonville,2024-06-23,2024-07-02,Delivered
35,North Kevin,Maldonadoville,2024-09-14,2024-09-17,Delayed
36,Barronview,East Jay,2024-04-09,2024-04-13,In Transit
37,North Samanthaville,Leeshire,2024-12-11,2024-12-13,Delivered
38,South Sergiotown,Jeffreymouth,2024-06-23,2024-07-03,Delayed
39,Prattland,Port Nicholas,2024-09-03,2024-09-12,In Transit
40,South Amandaside,Ernestchester,2024-11-07,2024-11-14,Delayed
41,Hernandezstad,Mckeebury,2024-09-02,2024-09-10,In Transit
42,South Shawn,Port Davidbury,2024-12-13,2024-12-15,Cancelled
43,South Sara,Jonathanmouth,2024-06-15,2024-06-20,Delayed
44,East Veronicaview,Hubbardberg,2024-07-01,2024-07-05,Delivered
45,East Vernonshire,North Jose,2024-04-20,2024-05-03,Delivered
46,Samuelburgh,North Jerome,2024-05-13,2024-05-15,Delayed
47,Port Bonnie,Gonzaleztown,2024-03-25,2024-03-29,Cancelled
48,Richardville,East Henry,2024-03-19,2024-04-01,Cancelled
49,Wolfemouth,Karinaton,2024-04-04,2024-04-15,Cancelled
50,Johnborough,West Brianshire,2024-12-08,2024-12-14,In Transit
51,Jacobsonfort,Lake Codyport,2024-06-05,2024-06-16,In Transit
52,Claudiamouth,Crawfordbury,2024-12-24,2025-01-04,Delayed
53,South Adamport,Christophertown,2024-05-09,2024-05-11,Cancelled
54,Gregorystad,North Kevinbury,2024-05-29,2024-06-06,Cancelled
55,Micheleville,Patriciaborough,2024-04-23,2024-05-03,Delivered
56,Lake Jamie,Masseyside,2024-10-02,2024-10-06,Delayed
57,New Hannah,East Tony,2024-11-04,2024-11-13,In Transit
58,Adamview,East Kimberlystad,2024-07-11,2024-07-21,Delivered
59,New Shane,South Michael,2024-04-12,2024-04-14,Delayed
60,Williamhaven,East Antoniohaven,2024-11-11,2024-11-12,In Transit
61,South Tonya,South Darren,2024-10-08,2024-10-11,Cancelled
62,South George,Bakertown,2025-01-03,2025-01-07,Delivered
63,East Brandon,Parkerport,2025-01-22,2025-01-30,In Transit
64,East Lisa,Marcoton,2024-08-29,2024-09-07,Delivered
65,West Steven,Christinaport,2025-01-12,2025-01-20,Delayed
66,Tamaramouth,Amyview,2025-01-15,2025-01-25,In Transit
67,North Samanthashire,North Samuel,2024-02-26,2024-03-03,Cancelled
68,North Charles,Lake Stephen,2024-03-13,2024-03-17,Cancelled
69,Lake Jamie,New Tyler,2024-10-07,2024-10-14,Delayed
70,Rayshire,Lake Jacob,2024-10-03,2024-10-05,In Transit
71,Stevenstad,Jeremyland,2024-04-11,2024-04-19,Delayed
72,Davidside,New Jamesstad,2024-03-05,2024-03-08,Delayed
73,Kristenfort,Villegasstad,2024-03-06,2024-03-07,Delayed
74,South Cassandra,South Stephanieborough,2024-12-01,2024-12-13,Cancelled
75,Lake Holly,Bonniestad,2024-12-03,2024-12-09,Cancelled
76,West Amandafort,Lawrenceburgh,2024-03-31,2024-04-08,In Transit
77,West Melissafurt,Mitchellhaven,2024-04-11,2024-04-12,In Transit
78,East Charleston,Lake Alexander,2024-10-13,2024-10-25,In Transit
79,Port Amandamouth,Port Kristin,2024-11-14,2024-11-24,In Transit
80,East Staceymouth,Chenmouth,2024-11-23,2024-11-26,Cancelled
81,Aguilarburgh,Thompsonchester,2024-09-09,2024-09-23,Delayed
82,Nelsonchester,Lake Taylorbury,2024-07-21,2024-07-25,Delivered
83,East Veronica,South Sandrastad,2024-05-08,2024-05-12,Cancelled
84,Petersonland,Elizabethchester,2024-06-29,2024-07-13,Cancelled
85,Whitebury,New Todd,2024-08-30,2024-09-04,Cancelled
86,New Dianeborough,Blackburgh,2024-05-09,2024-05-19,Delayed
87,East Staceyton,South Amy,2024-09-06,2024-09-07,Delivered
88,Cooperfurt,West Ericshire,2024-10-31,2024-11-08,Delayed
89,Longton,Mollyville,2025-01-09,2025-01-22,Delayed
90,West Eric,Galvanhaven,2024-04-13,2024-04-17,In Transit
91,North Williamburgh,Andersonside,2024-06-29,2024-07-08,Delivered
92,Gonzalezstad,New Kim,2024-04-05,2024-04-09,In Transit
93,East Christopher,Matthewmouth,2024-04-25,2024-05-04,Cancelled
94,Stephensontown,Benjaminfort,2024-10-19,2024-10-20,Delivered
95,Bakerburgh,Brennanmouth,2024-07-07,2024-07-20,Delayed
96,Morrisville,Hillland,2024-07-03,2024-07-05,Delayed
97,Johnbury,South Ashley,2024-11-27,2024-12-01,In Transit
98,Lorimouth,Lake Mary,2024-02-18,2024-02-25,Cancelled
99,Smithbury,Ramirezland,2024-03-16,2024-03-30,Delivered
100,Christopherport,Lorihaven,2024-11-10,2024-11-24,Delivered
101,East Dale,Michellechester,2024-07-14,2024-07-25,Delayed
102,Port Crystal,Andersontown,2024-07-21,2024-08-04,In Transit
103,North Michael,Caseyside,2024-03-25,2024-03-31,In Transit
104,Butlerfurt,Richardmouth,2024-10-03,2024-10-07,Cancelled
105,Lake Maria,Molinaland,2024-09-06,2024-09-12,Delayed
106,West Dennis,South Jeanneville,2024-04-27,2024-05-03,Delivered
107,Jacobville,South Sydney,2024-08-03,2024-08-06,Cancelled
108,Melanietown,Morristown,2024-09-26,2024-10-06,In Transit
109,North Bianca,Butlerberg,2024-07-20,2024-07-30,Delivered
110,Shawmouth,East Anthonyborough,2024-05-02,2024-05-06,Cancelled
111,Sotofort,New Ryan,2024-11-23,2024-12-04,Delivered
112,Lake Gabrielchester,Lake Brady,2025-02-11,2025-02-24,Delayed
113,Walterhaven,South Tamara,2025-01-22,2025-02-01,In Transit
114,East Cathy,Charlotteberg,2025-01-20,2025-01-28,Delivered
115,New Matthewhaven,Michaelfort,2024-12-08,2024-12-15,Delivered
116,New Jamesborough,New Johnhaven,2024-10-28,2024-10-31,Delayed
117,West Elizabeth,Rosemouth,2024-09-18,2024-09-24,In Transit
118,West Brian,Kristenfort,2025-01-08,2025-01-10,In Transit
119,Alejandraburgh,Kristinmouth,2025-01-27,2025-02-07,Cancelled
120,Craigton,East Michele,2024-04-14,2024-04-18,Cancelled
121,Cassandrabury,Nunezport,2024-07-22,2024-07-31,Cancelled
122,Underwoodfurt,Veronicaton,2024-02-20,2024-02-23,Delivered
123,Blackview,New Brittany,2024-06-21,2024-07-04,In Transit
124,New Heidiview,Raymondton,2024-08-25,2024-08-27,Delayed
125,Lewisport,New Brandonshire,2024-07-20,2024-07-21,Delivered
126,Graveschester,Jasmineburgh,2024-07-20,2024-07-23,In Transit
127,West Jim,East Susanberg,2024-02-25,2024-02-26,Delayed
128,Jasonville,Harriston,2024-11-28,2024-12-06,Delayed
129,West Kristin,New Walter,2024-12-14,2024-12-17,Delayed
130,Franklinton,New Christian,2024-03-05,2024-03-08,In Transit
131,West Michael,East Normanhaven,2024-03-17,2024-03-28,In Transit
132,New Marissa,Austinmouth,2024-03-01,2024-03-08,In Transit
133,New Amyberg,East Sandra,2024-04-19,2024-04-30,In Transit
134,North Hannah,Diazmouth,2024-12-18,2024-12-28,Cancelled
135,North Jennifer,Jacksonview,2024-05-13,2024-05-27,Delivered
136,East Jennifer,Alishire,2025-01-06,2025-01-14,In Transit
137,Mccarthystad,Andrewshire,2024-08-07,2024-08-17,In Transit
138,South Gary,Philipchester,2024-10-22,2024-10-27,Delivered
139,Ryanfurt,North Johnview,2024-03-06,2024-03-12,Cancelled
140,Lake Amyport,Jacksonberg,2024-12-16,2024-12-18,Delayed
141,Anthonyberg,Lake Jeremytown,2024-12-03,2024-12-04,Cancelled
142,Millerfurt,Guerrerotown,2024-02-28,2024-03-13,Delayed
143,Reeseberg,South Kevinbury,2024-04-20,2024-04-27,In Transit
144,Nicholasberg,New Philip,2024-04-18,2024-04-28,Delivered
145,Torresfort,Jordanview,2024-09-08,2024-09-15,Delayed
146,Charlesbury,New Christineview,2025-01-03,2025-01-06,Delayed
147,Jacquelinetown,Lake Bethside,2024-03-01,2024-03-13,In Transit
148,North Molly,Jessicashire,2024-03-18,2024-03-28,In Transit
149,Youngville,Lake Robertborough,2024-03-16,2024-03-17,Delayed
150,Valerieside,Ashleeside,2024-12-22,2025-01-01,In Transit
151,Port Kevin,Lake Shaunmouth,2024-08-10,2024-08-15,Cancelled
152,South Amanda,Savannahmouth,2024-11-18,2024-11-24,In Transit
153,North Kennethhaven,Port Angela,2024-06-17,2024-06-29,Delayed
154,Nelsonmouth,South Audrey,2024-07-31,2024-08-11,Cancelled
155,Lake Patrickland,Rasmussenshire,2025-01-08,2025-01-14,In Transit
156,North Sarah,Clintonview,2024-08-25,2024-08-27,Cancelled
157,Lake Stacyburgh,Lake Linda,2024-03-04,2024-03-05,Delivered
158,Tranfort,Benjaminbury,2024-10-22,2024-10-24,Delivered
159,West Brittany,Patriciabury,2024-03-13,2024-03-15,Delayed
160,Robertsonton,Nicoleview,2024-03-02,2024-03-12,Cancelled
161,North Kimberly,Gloverhaven,2024-07-12,2024-07-17,In Transit
162,Hollowaymouth,East Timothytown,2024-03-10,2024-03-19,Delivered
163,New Thomasshire,Lake Markside,2024-06-23,2024-06-26,Delayed
164,Port Donald,East Jeffreyborough,2024-12-05,2024-12-18,Delayed
165,North Brian,North Jason,2025-01-16,2025-01-26,In Transit
166,West Anthony,South Robertostad,2024-05-21,2024-05-22,In Transit
167,Diazville,North Melissamouth,2024-10-31,2024-11-13,Delayed
168,New Eileen,Schmidtmouth,2024-02-23,2024-03-05,Delayed
169,Dylanmouth,Tammyburgh,2024-05-30,2024-06-10,Delayed
170,Port Brian,Travisside,2024-11-17,2024-11-28,Cancelled
171,East Jessica,Kelseychester,2024-11-19,2024-11-28,Delayed
172,Vasquezview,Timothychester,2024-08-20,2024-09-02,In Transit
173,Dixonberg,Rebeccaburgh,2024-12-13,2024-12-26,In Transit
174,Port Amandaborough,North Cory,2024-05-31,2024-06-02,In Transit
175,Singletonburgh,West Shanemouth,2024-11-16,2024-11-20,Cancelled
