shipment_id,origin,shipment_date,delivery_date,status
1,New Michaelview,2024-08-21,2024-08-22,Delayed
2,Tapiatown,2024-03-20,2024-03-21,Delivered
3,Carpenterview,2024-07-27,2024-08-04,Delayed
4,New Christopher,2024-08-18,2024-08-21,Cancelled
5,Port Jason,2024-02-14,2024-02-23,Delayed
6,Rossfort,2024-09-29,2024-10-02,Delivered
7,Shirleyfurt,2025-01-16,2025-01-23,In Transit
8,Kennedyhaven,2024-02-21,2024-03-04,Delayed
9,Wolfmouth,2025-02-07,2025-02-09,Delivered
10,Lake Tinatown,2024-07-13,2024-07-15,In Transit
11,Lake Marcus,2024-11-20,2024-12-01,Cancelled
12,Schmidtbury,2024-11-13,2024-11-14,Delayed
13,North Nancy,2024-10-15,2024-10-19,Cancelled
14,East Kelly,2024-12-31,2025-01-07,Delivered
15,Port Ashleyside,2024-09-25,2024-10-01,Cancelled
16,Brewerchester,2025-01-07,2025-01-08,Delivered
17,Port Andreaview,2024-08-27,2024-09-05,Delayed
18,Evansport,2024-06-03,2024-06-14,Cancelled
19,Joelhaven,2024-04-01,2024-04-07,In Transit
20,Juanton,2024-12-09,2024-12-12,In Transit
21,East Christine,2025-01-02,2025-01-04,In Transit
22,Lake Mary,2024-12-11,2024-12-14,Cancelled
23,Angelahaven,2025-01-22,2025-01-30,Delivered
24,Taraton,2024-06-02,2024-06-11,Delivered
25,North Michaelburgh,2024-11-26,2024-11-27,Cancelled
26,South Rachel,2024-09-29,2024-10-07,Delayed
27,Jacksonport,2024-11-27,2024-11-30,Delayed
28,Campbellborough,2024-07-07,2024-07-18,Cancelled
29,Alvarezshire,2024-08-29,2024-09-02,Delivered
30,Jeffreytown,2024-11-12,2024-11-22,Delayed
31,Rodriguezfort,2024-06-26,2024-07-09,Cancelled
32,Brucestad,2024-03-02,2024-03-15,Delayed
33,North Victoria,2024-02-27,2024-03-04,In Transit
34,East Brittneyfurt,2024-07-31,2024-08-12,Delayed
35,New Paul,2024-12-11,2024-12-13,Delivered
36,Port Monicaburgh,2024-02-28,2024-03-13,Delayed
37,Lake Tiffany,2024-04-15,2024-04-16,In Transit
38,South Megan,2024-08-13,2024-08-15,In Transit
39,Garrettside,2024-07-28,2024-07-31,Cancelled
40,South Bobby,2024-05-22,2024-06-02,Delivered
41,New Benjaminshire,2024-02-28,2024-03-07,Delivered
42,South Brianfurt,2024-09-04,2024-09-08,Cancelled
43,Ashleyport,2024-04-19,2024-04-30,Cancelled
44,Jessicahaven,2024-09-26,2024-10-01,In Transit
45,Nelsonshire,2025-01-12,2025-01-20,Cancelled
46,Melvinburgh,2024-10-28,2024-11-07,In Transit
47,Port Steven,2024-10-10,2024-10-22,In Transit
48,Rogertown,2024-09-22,2024-10-03,Delayed
49,South Dustinburgh,2024-08-14,2024-08-17,In Transit
50,West Allen,2024-05-04,2024-05-08,Cancelled
51,Househaven,2024-11-01,2024-11-04,Delivered
52,South Josephmouth,2024-10-15,2024-10-20,Delayed
53,North Thomas,2024-06-23,2024-07-02,Delayed
54,Donaldborough,2024-08-02,2024-08-06,Cancelled
55,Thomasland,2024-05-24,2024-05-30,Delivered
56,Amytown,2024-10-15,2024-10-18,In Transit
57,Timothyville,2024-09-23,2024-10-05,Delivered
58,East Randyville,2025-02-09,2025-02-14,Cancelled
59,Heathershire,2025-01-20,2025-01-29,Delivered
60,Mathewsberg,2024-08-16,2024-08-28,Delivered
61,Wilsonchester,2024-07-18,2024-07-21,Delivered
62,Gabrielletown,2024-02-16,2024-02-23,Delayed
63,North Danielle,2024-06-21,2024-07-05,In Transit
64,Lake Erin,2024-07-11,2024-07-12,Delivered
65,Gordonmouth,2024-03-01,2024-03-03,Delivered
66,Smithbury,2024-07-17,2024-07-29,Delayed
67,Sharonstad,2025-01-07,2025-01-18,Cancelled
68,Christinaport,2024-05-05,2024-05-10,Delivered
69,East Kyle,2024-02-19,2024-03-01,Delivered
70,Tatestad,2024-12-13,2024-12-27,Delayed
71,Kimhaven,2024-04-07,2024-04-14,Cancelled
72,Barnetttown,2024-06-28,2024-07-05,Cancelled
73,Meyersside,2024-12-21,2025-01-02,Cancelled
74,Lake Jennifer,2024-08-26,2024-09-08,Cancelled
75,Shermanstad,2024-02-28,2024-02-29,In Transit
76,South Sharon,2024-08-29,2024-09-11,Cancelled
77,Bendershire,2024-07-05,2024-07-16,Cancelled
78,West Reneeshire,2024-07-08,2024-07-12,In Transit
79,Larsonchester,2024-05-12,2024-05-18,Delayed
80,South Stephanie,2025-01-01,2025-01-15,Cancelled
81,Lake Michaelport,2024-12-28,2025-01-07,In Transit
82,Tiffanyfurt,2024-10-04,2024-10-05,Cancelled
83,Josephshire,2024-11-06,2024-11-10,Cancelled
84,Ortegastad,2024-05-18,2024-05-31,Delivered
85,Keithbury,2024-09-27,2024-10-09,Cancelled
86,Tarashire,2025-01-10,2025-01-17,Delivered
87,New Ronald,2024-11-28,2024-12-03,In Transit
88,North Thomas,2024-05-27,2024-06-07,Delivered
89,Lake Timothy,2024-12-09,2024-12-17,Cancelled
90,Jamesborough,2024-05-25,2024-06-06,Delayed
91,Grosshaven,2024-04-17,2024-04-25,Cancelled
92,Boyerfort,2024-08-28,2024-09-06,Cancelled
93,East Isabellatown,2024-07-24,2024-07-31,Delayed
94,South Christian,2024-08-18,2024-08-20,Delivered
95,Morenoside,2024-10-15,2024-10-26,In Transit
96,Curryview,2024-08-01,2024-08-03,Cancelled
97,West Tammytown,2024-07-27,2024-08-09,In Transit
98,Farmerfort,2024-04-20,2024-04-23,Cancelled
99,Moraleshaven,2024-04-26,2024-05-03,Delivered
100,South Wesleychester,2024-02-18,2024-03-01,Delivered
101,Lake Paigeport,2024-08-06,2024-08-09,Cancelled
102,Horneton,2024-08-28,2024-09-02,In Transit
103,Lake Thomas,2024-08-28,2024-09-08,In Transit
104,Davisland,2024-06-04,2024-06-15,Cancelled
105,Turnerbury,2024-02-24,2024-03-01,Cancelled
106,Jacobston,2024-07-13,2024-07-27,Delayed
107,Lake Tami,2024-02-13,2024-02-20,Delivered
108,Mooreshire,2024-02-22,2024-02-26,Delivered
109,North Natalie,2024-09-08,2024-09-21,In Transit
110,West Kristaside,2024-09-14,2024-09-28,Cancelled
111,Melodyborough,2024-05-13,2024-05-14,Delivered
112,Zimmermanmouth,2024-07-30,2024-08-11,Delivered
113,Ashleymouth,2024-05-11,2024-05-13,In Transit
114,Youngfort,2024-06-24,2024-06-25,Delayed
115,Joshuashire,2024-03-05,2024-03-19,Cancelled
116,Pittmanmouth,2024-02-13,2024-02-27,Cancelled
117,Marthaview,2024-08-19,2024-08-20,Delayed
118,Port Renee,2024-11-17,2024-11-24,Cancelled
119,South Tamaraton,2024-07-30,2024-07-31,In Transit
120,East Christineton,2024-04-30,2024-05-12,Delayed
121,Savannahstad,2024-05-24,2024-05-29,In Transit
122,North Ashley,2024-08-04,2024-08-16,Cancelled
123,Emilychester,2025-01-01,2025-01-10,Delayed
124,New Aprilhaven,2024-03-18,2024-03-29,Delayed
125,Port Heatherchester,2025-01-16,2025-01-26,Delayed
126,Lake Robert,2025-02-06,2025-02-16,Cancelled
127,New Michaelshire,2024-05-22,2024-06-02,Delayed
128,Cooperland,2024-02-19,2024-02-27,In Transit
129,Chelseaburgh,2025-01-18,2025-01-31,Cancelled
130,Port Brenda,2024-11-22,2024-11-26,Delivered
131,East Dylan,2024-12-16,2024-12-17,Delayed
132,Russellville,2024-04-20,2024-04-24,Delivered
133,New Heatherland,2024-05-15,2024-05-16,In Transit
134,North Lisa,2024-05-13,2024-05-20,Delayed
135,Pattersonside,2024-07-26,2024-08-07,Delayed
136,Lake Brandy,2024-05-31,2024-06-12,Cancelled
137,Aaronmouth,2024-11-11,2024-11-22,Delivered
138,Herreraland,2024-08-11,2024-08-22,Delivered
139,Friedmanfort,2024-06-02,2024-06-16,Delivered
140,Port Coryport,2024-02-16,2024-02-22,In Transit
141,Garrettborough,2024-07-26,2024-07-28,In Transit
142,Powellview,2024-10-31,2024-11-01,Cancelled
143,South Stevenville,2025-01-07,2025-01-14,Delivered
144,Pattersonland,2024-10-26,2024-11-09,Delivered
145,Veronicaview,2024-08-31,2024-09-01,Delivered
146,Scottton,2024-10-17,2024-10-31,Delivered
147,South Joseph,2024-08-09,2024-08-23,Delivered
148,Anthonyfurt,2024-10-22,2024-11-01,Delayed
149,New Debraview,2024-03-01,2024-03-02,Delivered
