post_id,user_id,post_text,post_date,likes,shares,comments_count,post_category
1,553,Mrs agent state.,2024-04-29 01:12:05.960335,4859,760,258,Entertainment
2,90,Phone idea camera myself test.,2024-11-04 10:38:23.444911,3548,127,193,Personal
3,442,Traditional stay fight.,2024-03-15 22:08:58.105852,4834,774,302,Personal
4,590,Human site society of condition.,2024-05-16 10:08:37.319920,635,462,47,Personal
5,561,Claim care charge new day range.,2025-01-19 00:05:54.288330,1174,485,21,Personal
6,289,One treatment goal evidence growth recent suddenly property travel good get unit degree special.,2024-10-19 17:29:45.284598,2434,348,36,News
7,558,Movie respond toward range design my travel.,2024-11-11 01:36:56.712692,503,532,383,News
8,247,Five special reflect turn heart list gun.,2024-10-19 20:31:15.344517,4789,633,132,Entertainment
9,438,The green important at Mr information.,2025-01-14 19:43:46.443854,2873,138,110,Entertainment
10,970,Cut fast music air woman ok.,2024-12-05 22:23:33.554717,3983,863,438,News
11,40,Wife figure sign sell through huge interesting fund financial.,2024-12-19 05:22:31.447089,2923,519,321,Personal
12,605,Draw sometimes rock and camera remember might.,2024-10-24 22:52:36.591950,131,270,269,Entertainment
13,943,Human happen community discussion continue operation military plant respond would how production enter within natural brother money.,2024-12-08 13:15:10.394583,754,419,473,Personal
14,679,Quickly soon into will ok personal enter.,2024-06-04 11:56:07.848163,1622,5,34,Personal
15,182,Way about play add Mr.,2024-08-31 06:26:55.872838,4126,504,133,News
16,72,Seem decade get girl Mrs nice.,2024-11-03 09:11:44.390706,2504,335,471,News
17,451,Ground door theory although both involve house tend.,2024-06-17 13:45:26.082278,3758,558,445,News
18,391,This weight enter deal case herself.,2024-10-15 01:12:35.356734,1517,957,77,Personal
19,688,Eye ball could store admit apply not century PM police.,2024-12-22 08:57:24.870806,2664,274,111,Entertainment
20,735,Pull return TV at fish better eight seem above blood occur scene avoid party specific.,2024-08-08 18:38:26.203280,3288,183,196,News
21,27,Hand everyone heart yourself.,2024-09-29 04:54:48.497722,2717,137,184,Personal
22,916,Radio these prepare step serve exactly religious official.,2024-10-08 00:08:50.846711,3848,978,43,Entertainment
23,108,Become total ground final event close practice majority major.,2024-10-09 12:44:32.170600,3371,582,499,Personal
24,957,Street result himself change care sign may left.,2024-12-23 09:21:29.093828,2335,522,319,Entertainment
25,179,Simple popular way spend in operation recent.,2025-01-01 09:11:22.905113,3303,281,452,Personal
26,148,Run student community long difference.,2024-03-27 17:03:38.467923,3273,794,340,News
27,993,Fire PM you like realize game manage training song.,2024-11-18 22:59:57.244185,313,740,103,Entertainment
28,221,Four summer they structure finish become.,2024-10-25 17:08:04.241339,4954,711,336,Personal
29,386,Man half ten against matter mind.,2024-10-25 07:30:49.293342,3500,55,460,Entertainment
30,961,Change least two.,2024-08-05 00:40:29.815356,2519,187,182,Personal
31,467,Sometimes show indicate outside suggest professional appear would image others drug lawyer probably.,2024-10-03 15:45:25.766922,4810,514,433,News
32,114,Message but consider item tell write whom stock.,2024-09-06 20:07:14.053156,4093,247,110,Entertainment
33,770,Live myself say say as citizen article game.,2025-02-10 06:25:08.696253,1241,67,80,Personal
34,975,Use nor west take economy everyone address although game travel fill suggest her ability.,2024-06-10 07:37:19.538377,642,26,330,Personal
35,236,Perform win me.,2024-07-10 11:04:19.916764,3683,173,118,Personal
36,287,Great statement tell opportunity move spend evidence.,2025-01-12 02:34:52.746361,3794,569,380,Entertainment
37,47,Customer could company strong hand process voice prevent season surface successful try happy tough environment according.,2024-03-26 23:16:40.387011,4673,479,53,News
38,718,Simple against life any few at local others option.,2024-09-04 02:37:17.537479,4300,892,136,Entertainment
39,739,Very southern himself wish.,2024-08-11 13:09:39.104961,2556,956,115,News
40,717,Be evening change down successful.,2024-04-09 23:28:58.750288,155,948,298,Personal
41,780,Reality before memory begin guess stage both wall drug.,2024-05-02 14:43:14.689605,107,477,81,Personal
42,936,Animal door list American southern rest popular yard dark step argue now yourself.,2025-02-06 12:13:00.975300,3751,603,469,Personal
43,954,Very sea those interesting.,2024-07-02 14:27:40.452084,225,802,204,News
44,888,Fight talk ability professor arm interest expect fish concern.,2024-10-17 13:21:34.752668,4908,126,68,News
45,804,Language see miss example.,2024-11-11 17:54:26.893702,3221,730,133,News
46,231,Response price pattern sound always radio read education organization miss heart bed particular before with entire tell.,2024-05-24 20:58:55.012244,3645,626,294,Personal
47,739,Offer finally fight analysis oil open sell pick.,2024-09-12 15:37:14.944951,660,923,184,Entertainment
48,685,Goal agent show he.,2024-10-22 21:13:30.021708,4253,985,189,Entertainment
49,468,Method rate couple.,2024-07-17 02:59:14.227111,4418,742,164,Entertainment
50,425,Loss life thank age for even should although within increase protect clearly customer too truth lawyer each bank necessary.,2024-05-25 12:15:58.495287,4870,296,112,News
51,40,Have make service notice president fire.,2024-10-24 18:34:43.082903,189,481,288,Entertainment
52,250,Vote second born necessary store.,2024-06-05 08:53:39.688639,3495,627,273,News
53,650,Cultural after sit girl size improve reflect thought.,2024-10-28 19:02:30.687675,2066,312,178,Entertainment
54,544,Party oil share personal smile movement participant too color low life.,2024-07-16 10:51:24.636332,1238,501,270,Entertainment
55,202,Ability church image risk arrive manager answer assume item popular same group deep professor north.,2024-11-21 02:47:20.787803,3714,13,127,News
56,150,No body new we picture.,2025-01-04 15:21:13.827072,236,779,127,Entertainment
57,200,Oil act tax analysis magazine meeting car by score time boy natural yourself building great beautiful rule both.,2024-02-21 05:34:47.346515,4041,534,64,News
58,976,Year voice prevent president sit few room fire magazine artist especially door report where cold and.,2024-07-16 15:08:00.417906,1199,60,205,News
59,661,South writer her several particularly shake major.,2024-06-18 02:46:53.323681,3315,83,225,News
60,596,Which prove response ok name keep speak fact thousand order executive structure point.,2024-06-16 23:49:30.566117,643,333,349,Personal
61,17,Try current dark list how build edge collection.,2025-01-09 01:12:31.607803,1061,610,468,Personal
62,740,Fire investment structure gas kid artist note describe how look but speak.,2024-08-28 08:16:23.711390,418,152,478,Entertainment
63,683,Sell value everyone budget cultural effect again ability own born defense Congress state film pattern cultural body grow realize.,2024-07-19 19:42:09.659426,4293,490,188,News
64,729,When certain after head.,2024-03-29 12:28:20.329306,352,314,478,News
65,961,Later structure member together budget event letter home area.,2024-12-27 21:25:57.463034,926,537,3,Personal
66,217,Toward wide evidence onto sure common choose and his picture maintain later north out dark article himself.,2024-10-20 00:33:54.754470,2018,225,385,Personal
67,293,Friend magazine site mother.,2024-03-16 11:42:34.296428,2591,60,464,News
68,581,Medical chair agreement us enjoy himself us nothing.,2024-08-10 15:42:32.057785,2219,45,390,Entertainment
69,746,East public tonight.,2024-04-06 12:31:53.006170,3656,197,270,Personal
70,671,Improve start soon try strong.,2024-09-11 22:54:28.504019,3129,17,248,Personal
71,412,Culture public everything consumer general car none clear.,2024-05-18 13:51:08.161748,4445,937,348,Entertainment
72,308,Recently us source head party animal wait so skill.,2025-01-29 07:24:26.137957,3412,283,141,Personal
73,80,Same war argue key possible current tree skill.,2025-02-11 06:15:21.192478,701,499,175,Personal
74,143,Significant walk write specific.,2024-06-22 14:24:26.691018,936,254,392,Entertainment
75,629,Despite contain item smile care outside show.,2024-11-09 15:45:15.544188,1664,786,238,Personal
76,382,Operation than including meeting quickly next bad reflect us.,2024-10-23 05:18:42.749402,2920,296,191,Entertainment
77,363,Subject discover win whatever two.,2024-12-12 18:48:45.633682,994,237,400,News
78,774,Good accept without office help heart child hair be finally window action.,2024-05-08 12:35:14.236158,4616,746,91,Entertainment
79,428,Carry who parent rate although fish.,2024-04-02 20:31:20.904236,262,674,469,Personal
80,277,Fight pressure it act amount fill end.,2025-02-04 23:40:05.866430,2631,461,124,News
81,745,Beat value east stop teach look tough industry style.,2024-06-27 12:26:31.675519,3502,58,495,Personal
82,586,Without organization stay serious local probably speech per state.,2024-08-22 21:18:57.125377,4427,513,65,Personal
83,64,Song more difference by election defense indicate ago not determine special where what dark however heart building media.,2024-12-10 07:24:39.643513,3837,757,110,News
84,557,Visit game economy human between bar tell still from stand population she represent.,2024-07-04 17:57:39.866567,354,23,479,Personal
85,411,Movement level affect account hope especially system store set between partner candidate fly worry half.,2024-07-08 22:57:07.946590,299,180,52,Entertainment
86,367,Develop customer summer American cell away science easy sell join practice.,2025-02-05 05:11:17.547230,1521,264,321,Personal
87,548,Debate out physical himself my tend growth six Democrat support.,2024-10-18 22:38:27.880810,698,40,197,Personal
88,314,Threat cost win develop car name some yeah general watch travel coach affect suggest language.,2024-04-12 15:04:25.424590,3621,986,137,News
89,598,Area though exist move population much soldier interview full history without respond growth senior build.,2024-10-14 13:49:33.586674,429,954,498,Personal
90,639,Class full fear despite.,2024-11-19 04:19:52.640199,3924,586,405,Entertainment
91,961,Someone father arm perhaps into effort.,2024-07-31 05:30:15.396233,2686,755,361,Entertainment
92,628,Arm record indicate agree computer value.,2024-02-21 00:24:10.074322,4272,728,353,Personal
93,372,Some call blood mother often.,2024-11-19 00:47:46.385284,1212,949,386,Entertainment
94,269,Purpose seek game practice power else someone expert position south phone one section hit really.,2025-01-27 07:58:42.162768,2458,679,239,Entertainment
95,26,Summer live inside source list ago star factor without factor number.,2025-01-04 18:15:15.654157,2149,214,17,Personal
96,617,Guy from group safe woman practice admit model.,2024-12-20 22:24:59.696298,536,661,336,Entertainment
97,80,American write put treatment cold including magazine ground generation develop response home plant book agent Democrat.,2024-12-21 03:08:51.859840,3225,161,228,Personal
98,154,Sell act order we suggest concern two bad collection dog citizen order.,2024-11-25 17:33:17.416945,4109,124,187,News
99,241,Himself expect draw relationship office daughter produce simply student already tough feel example.,2024-12-11 17:19:55.291715,3858,178,238,Personal
100,913,Would also other knowledge owner need foot bring but do though former someone item appear we enough since film.,2024-12-28 17:57:17.116285,4436,941,495,Personal
101,78,Really you simply street happy line dinner pretty final reveal.,2024-05-05 14:04:34.145622,3612,45,364,Personal
102,637,Central beyond have consider prevent.,2024-11-30 12:39:48.544105,3688,797,240,Entertainment
103,889,We fire decide down true.,2025-01-15 00:21:25.853598,1285,828,270,Entertainment
104,936,Identify six focus into would use value water.,2024-10-08 14:56:49.353945,1180,963,481,Personal
105,94,End able agree effect catch character evidence quickly.,2024-09-04 04:36:40.056686,4299,807,111,Entertainment
106,934,Develop care figure mother.,2024-06-29 06:13:08.822072,4880,491,306,Entertainment
107,225,List positive agency pay computer police coach success modern.,2024-03-11 07:09:36.662485,3978,246,379,Personal
108,174,Interest administration well company my beyond serious gun because significant.,2024-07-22 09:25:03.377114,1203,751,317,News
109,900,His task her lawyer gun right different prepare interview someone detail new player generation put author about long majority.,2024-04-03 18:46:48.530270,4885,122,116,Entertainment
110,679,Wind low relate.,2024-05-17 08:23:37.739555,1803,752,473,Personal
111,950,Safe top believe condition plant its woman family ask.,2024-03-13 19:20:31.538974,3145,926,111,Personal
112,103,Difficult something instead sister discuss hold start per agency blood very have forward necessary former five.,2024-11-07 13:17:32.468552,3694,651,388,Entertainment
113,595,Market foreign treatment child prepare painting school.,2024-03-06 23:07:08.051300,4957,132,267,News
114,794,Seat exist force between president hit main stay.,2024-12-04 03:34:59.173793,3016,198,317,News
115,311,Carry land company until across off.,2025-01-18 19:23:29.482863,1790,759,20,Personal
116,739,Whole ground similar key so sense agent Mrs long send however brother.,2024-03-04 19:57:45.145120,2722,265,258,Personal
117,79,Soon go page push and police rate much statement sit project resource fire for usually hold.,2024-05-24 04:39:44.711459,3215,703,330,Entertainment
118,889,A enjoy owner sort walk method cut.,2024-04-16 16:50:03.475347,4546,829,64,Personal
119,641,Poor near road throughout center eye great get throughout tell before program it.,2024-12-28 22:36:34.435407,3822,357,499,News
120,513,Her matter north fall lot war sister next.,2024-09-14 03:15:00.712729,4236,213,495,Entertainment
121,209,Week idea bring book hair whom contain.,2024-06-08 08:21:57.835749,4667,785,194,Entertainment
122,135,Outside concern federal social.,2024-03-03 17:23:52.064828,2228,417,259,News
123,365,Particular machine practice protect very sit break career.,2024-06-22 19:04:26.459192,4104,435,453,Personal
124,129,Decision friend light suffer pattern.,2024-03-28 10:20:05.144824,4770,405,382,Entertainment
125,564,Shake maybe owner describe share your.,2025-02-10 03:25:16.661411,3255,672,379,Personal
126,799,Our nor administration past total nation blue occur treatment central modern large but treat finish card employee city out.,2024-03-30 04:06:27.403331,1630,567,313,Personal
127,917,Also west eat film couple perform red tough everyone little wait budget mean southern billion.,2024-10-22 13:55:41.724787,1862,408,431,News
128,808,Great meeting but stuff better group special ahead support well.,2024-11-16 05:46:28.171544,471,347,400,Personal
129,275,Like onto service pull mean occur spring water model opportunity that picture down pretty pick light green.,2024-02-16 09:59:07.045281,2916,248,373,News
130,173,Sure wish business.,2024-10-01 04:16:02.565321,23,718,294,Entertainment
131,457,Economic ready matter receive.,2024-12-23 02:31:11.205495,1895,457,149,Entertainment
132,917,Either modern big town network.,2024-10-01 08:35:22.216993,3313,860,163,Personal
133,878,Make begin through story year history gun none prove focus record.,2025-02-12 00:41:04.087502,133,815,335,News
134,6,Friend movie set west popular grow.,2024-11-08 06:47:12.200197,4995,200,205,News
135,787,Age thought station reduce once summer.,2024-09-15 18:58:47.284981,956,374,421,Entertainment
136,753,Public almost collection claim next weight wait.,2025-01-04 21:27:30.274846,4950,571,32,News
137,91,News far here owner other side.,2024-11-02 14:25:34.817394,1694,956,302,News
138,81,Describe job hair get however medical develop do floor surface far management.,2024-12-25 02:21:12.756878,4768,474,166,News
139,514,Response myself education child four since parent free manager argue against well arm.,2025-01-06 15:55:29.151056,2939,891,498,News
140,150,Such rather lead short throw day smile success tonight check technology why bag then determine agree.,2024-05-20 16:41:38.565716,2675,349,410,Entertainment
141,559,Significant white doctor I dark language politics pretty program officer age economy artist.,2025-01-29 09:06:43.838056,1413,953,90,Entertainment
142,773,Against particular dream song once science.,2024-03-20 18:43:08.229397,3282,706,176,Personal
143,358,Long place tough arrive occur choice provide meet technology whatever weight lead interview full resource.,2024-07-09 21:51:42.034405,2930,83,280,Personal
144,704,Cultural compare officer of whom candidate but claim west itself suffer.,2025-01-01 07:39:02.098699,2638,883,184,Entertainment
145,853,Low end security PM buy shake yes data involve majority must hour produce.,2024-04-28 22:36:00.762553,3513,73,488,Entertainment
146,194,Middle then while.,2024-10-31 07:19:35.222266,4977,803,0,Personal
147,319,Together activity language base suffer last general national.,2024-12-22 05:14:20.103930,919,46,24,Entertainment
148,494,Prevent never us use local help all something job sell fear wrong cost.,2024-05-07 17:27:51.224771,3993,632,213,News
149,234,Cold simple he unit where across together finish gun catch four voice these happen almost I certainly until heart.,2024-06-02 00:26:55.699098,2718,110,12,Entertainment
150,470,Security than level attack draw meet provide truth.,2024-04-02 13:03:08.519024,2352,150,331,Entertainment
151,943,Before best board baby your seat.,2024-10-03 00:29:54.224256,1850,322,42,Entertainment
152,94,Process over down pass audience family show kitchen leg real soldier election structure wear growth bring.,2024-03-05 18:07:43.763999,3474,413,178,News
153,496,Still onto eight share likely professor want buy town season food business huge glass.,2024-11-15 14:00:18.349133,2565,764,31,Personal
154,66,Wear reality plant involve ball community civil then summer green onto eat rest bar chance.,2024-06-16 12:15:38.083801,4025,352,360,Personal
155,615,Story middle position nature conference into real yet run rate clearly about similar situation.,2024-10-29 17:31:55.313293,3369,955,115,Personal
156,640,Coach floor head chair Democrat second seek forget out across adult front strong third back.,2024-09-16 20:41:12.519688,4930,537,321,Entertainment
157,266,Opportunity me several strong new dream.,2024-10-17 20:51:29.937258,4103,896,319,Entertainment
158,286,Situation once conference close despite south.,2024-09-15 00:14:32.752665,4306,921,142,Personal
159,195,Center which lot season skin entire.,2024-11-04 07:00:50.955081,497,600,37,Personal
160,493,Top back because shoulder put name present.,2024-06-29 00:14:33.491656,4548,221,44,Personal
161,979,Base third discussion expect knowledge executive benefit whether old team live west up hair political.,2024-12-28 22:25:08.883409,3179,504,161,Entertainment
162,740,Common none believe history mission center rather next man their off avoid.,2024-03-02 17:21:37.739509,1265,705,157,Personal
163,164,Weight no rate machine own coach wonder.,2024-10-28 18:32:41.346923,2765,542,51,Personal
164,369,Organization girl budget get positive partner language pass be each yourself ability nice.,2024-07-05 13:26:42.502995,1020,837,305,News
165,360,Marriage education continue single life truth dinner statement bring western process stock stage stop knowledge maybe him experience.,2024-03-10 06:06:32.415769,1440,265,143,Entertainment
166,807,Health sing go north enter under front certainly parent policy beautiful but.,2024-10-28 18:54:56.500451,512,687,210,Entertainment
167,1,Note reason ten account suggest impact theory look effect key.,2024-03-07 22:57:44.676818,3922,79,314,Entertainment
168,532,Recognize newspaper our trade perform present.,2024-12-02 00:15:43.834707,973,832,302,News
169,328,Along message your weight throughout final word.,2024-07-06 13:37:34.776844,801,32,167,News
170,848,Necessary fall democratic determine however wish win fill start painting claim wall.,2024-09-11 15:00:04.769856,4568,236,222,Personal
171,901,By rock structure hold.,2024-02-23 11:32:03.842398,262,87,261,News
172,592,Suffer myself where huge knowledge interest week late middle hold.,2024-06-29 09:50:26.527182,4326,922,278,News
