user_id,post_id,shares,post_date,comments_count,post_category,post_text,likes
317,1,564,2024-07-30 01:19:26.797139,395,Entertainment,True force feeling become build war program crime risk affect main left indicate mention perhaps.,4012
70,2,937,2024-07-24 04:01:18.703198,485,Entertainment,Too listen manage final meet practice full painting send think than wear growth leave.,1818
743,3,704,2024-03-15 10:17:03.021009,426,News,Behavior them our customer current treatment people boy say worry friend sound seven.,3792
10,4,378,2024-06-24 19:28:16.576852,236,Personal,Positive agree provide green tonight current yeah.,979
546,5,972,2025-01-19 12:46:26.262757,497,News,Upon person when do although let ok suddenly serious.,4043
388,6,449,2024-03-08 15:08:32.738066,275,News,Pressure light enough when way with save catch live.,2927
189,7,493,2024-11-20 08:11:11.987562,134,Entertainment,Song more especially increase question avoid.,961
392,8,614,2024-06-11 14:23:48.307516,23,Personal,Mother television mission offer guy oil.,452
936,9,904,2024-06-10 23:17:32.159520,165,Entertainment,Ready her generation happy carry end sit responsibility school after what popular.,3640
506,10,696,2024-06-16 11:35:34.587005,404,Personal,Couple production believe own difference challenge find.,1018
406,11,716,2024-03-17 11:33:04.874374,94,News,Environmental stuff history eye check candidate media else carry key possible.,3027
481,12,272,2024-04-20 17:23:35.799164,295,Entertainment,Box later situation important feeling charge I.,735
991,13,971,2024-07-10 15:44:48.358088,193,Personal,Enough determine strategy fight against young before table child under writer small lot.,470
597,14,440,2024-12-14 15:51:25.603500,232,News,Possible commercial stop know us stop kind huge.,2350
913,15,369,2024-04-23 13:36:42.406647,299,News,Research campaign election step hotel three war feeling black method.,2705
48,16,545,2024-03-07 20:11:26.450902,39,Personal,Arrive conference share situation turn top would network season suffer maintain.,857
494,17,454,2024-12-30 04:54:01.208794,48,Personal,Film by risk five former responsibility when total senior claim employee teacher lay.,2069
606,18,341,2024-09-19 01:53:01.405347,104,Personal,Enjoy dream form various bed hair in.,2474
858,19,334,2024-08-31 13:12:15.429403,144,News,Any community business world push audience day.,4539
49,20,669,2024-03-17 04:07:08.607095,10,Personal,Identify get unit.,4355
192,21,29,2025-02-03 00:07:44.418830,478,News,Expect always service feel above.,2141
30,22,601,2024-07-04 16:59:09.665135,434,Personal,Owner on floor chance bring kind too around evening prove seek east.,3342
170,23,581,2024-05-23 03:29:25.628302,97,Personal,Suddenly soon second great send not certainly expect news need once station.,1955
615,24,257,2024-03-05 22:50:22.551909,101,Personal,Machine society human full speak shoulder mention stuff ready spring argue main.,1522
196,25,155,2024-12-02 11:52:39.962836,189,Entertainment,Whatever hear wear rate great contain couple parent purpose.,4314
634,26,454,2024-10-28 16:58:58.868948,30,News,General daughter yet film including notice guy bed official gun central decision now from system make drug control third always want.,1789
605,27,881,2025-02-06 08:43:13.419222,283,Personal,Newspaper hair play pattern affect bill outside surface network very finally simply front plan foreign middle behavior.,762
881,28,83,2024-10-20 03:14:49.541420,430,News,Provide want may American vote generation.,4737
466,29,989,2024-05-09 10:17:31.483953,232,News,Degree production see significant spring rule contain we game recent.,365
81,30,480,2024-08-30 14:34:14.621803,7,News,Particular fire mind every paper black part state he well.,1401
980,31,27,2024-09-30 22:44:06.163738,245,Personal,Poor pressure difficult his church.,3008
538,32,690,2024-07-05 02:35:59.186629,216,News,Method community ground us leg defense product beat.,1427
653,33,817,2024-10-03 13:05:46.604500,48,Entertainment,Area light happen somebody real rather agreement view.,3586
77,34,464,2025-01-02 17:39:13.106516,299,News,Pm pattern usually term account international thank stop look.,564
983,35,279,2024-02-26 01:12:58.522524,139,Entertainment,Sort medical line ahead foreign true Democrat certainly record sense industry exactly.,3169
256,36,970,2024-10-17 02:02:02.679201,500,Entertainment,Skin as dark skin free spring pick television foot marriage exist.,3999
522,37,42,2024-03-11 03:04:23.355081,387,News,Several mind suffer itself work tonight group board remember pretty attorney reach star policy these.,4490
494,38,836,2024-05-28 12:33:54.648145,14,Personal,Environment within value physical development organization president conference part mention add.,4619
382,39,780,2024-06-12 13:33:47.015958,452,Entertainment,One American base official we reflect in let among stock country wind development benefit paper administration if develop various.,1483
632,40,580,2024-04-05 14:02:29.840554,390,Personal,Nearly staff happy him participant candidate available fish.,3369
680,41,652,2024-12-01 09:26:11.468257,362,Personal,Material effect full film east wall white.,818
138,42,216,2024-12-09 04:19:08.106026,52,Personal,Cause billion ability sort significant.,3491
151,43,105,2024-07-16 18:16:31.618289,283,Personal,Growth stand that national adult draw either.,2323
934,44,640,2024-08-24 03:26:58.988334,52,Entertainment,Reduce town believe image now.,176
38,45,468,2024-03-30 12:25:08.088371,199,Personal,More popular oil send bank.,4404
6,46,63,2024-07-21 18:37:33.600621,357,Entertainment,Indicate think go keep.,4121
762,47,196,2024-12-03 03:02:33.065717,43,Entertainment,Easy president smile cause fact often for line right option get.,103
594,48,652,2024-03-15 13:07:05.928273,485,Personal,Into recognize commercial enough prevent how history material owner.,3127
111,49,342,2024-08-01 13:14:51.537159,43,Personal,Soon newspaper yes letter think theory ahead push budget describe them.,579
193,50,978,2024-03-15 07:44:18.761127,74,Personal,Who benefit trouble investment operation leg break.,136
198,51,485,2024-11-19 04:11:39.750896,251,Personal,Food individual seem size draw race ago those moment simply line administration yard.,4023
75,52,852,2024-03-11 07:35:55.412237,195,News,Finally imagine service various fall today song yourself nor executive onto thing player.,1822
675,53,942,2024-06-24 06:49:52.615214,58,News,Because develop leg past close I put oil fine bank number economy.,3532
619,54,887,2024-06-06 14:16:58.610229,267,News,Open could or accept bar bit usually again building.,3195
624,55,415,2025-01-15 06:45:30.242475,332,Personal,Thought kind tend Republican traditional least attorney once.,3983
869,56,421,2024-06-09 02:37:53.606291,116,News,Skin unit scientist consumer.,3902
215,57,145,2024-05-05 16:00:36.383865,30,Personal,Outside sister industry help work available which add party to production expect close.,4007
190,58,778,2024-10-10 17:31:17.378726,476,Personal,At then that manager quality third.,2040
859,59,289,2025-01-25 14:02:33.647296,216,Entertainment,Less significant character for population discover give small make.,2345
139,60,141,2024-09-14 22:47:34.722121,383,News,Every forward full visit cell record dog indeed thing investment view.,3494
134,61,832,2024-07-04 00:39:42.164498,250,Personal,Collection include the difficult her pattern determine financial easy political ago door modern step.,4536
535,62,129,2024-07-07 01:12:38.718356,444,Entertainment,Southern church again affect.,2976
743,63,598,2025-02-06 17:21:42.184060,197,News,Indeed professional somebody its pull someone long.,899
52,64,817,2024-07-28 13:37:19.373108,181,Entertainment,Sometimes model board happen environmental say red end lawyer hold just movie lead all goal.,3801
967,65,361,2024-11-15 13:58:49.544161,325,News,Language develop decade rule among memory cover.,4218
381,66,619,2024-09-07 11:22:39.152806,252,News,Red item response interest nearly rest create radio eight.,1643
630,67,283,2025-01-16 20:42:36.309403,186,Personal,Race rather medical from list season serious population also maintain weight degree open reason page.,3565
812,68,84,2024-08-23 09:52:37.004368,167,News,Guy detail field operation day natural outside year research.,2255
810,69,467,2024-07-19 03:23:29.493388,165,Personal,Money sport teach so great.,3617
492,70,924,2024-03-04 19:04:11.811987,57,Entertainment,Friend concern the Mrs no cultural camera know information quite pass realize former.,4795
44,71,136,2024-04-01 08:51:36.227347,335,News,Among hotel future value although last protect claim note case.,141
545,72,394,2024-03-30 15:26:51.664981,475,Entertainment,Feel miss himself million begin economic treat trip ever business project loss ball color field ready similar bar.,1489
862,73,728,2024-04-17 16:54:56.218765,66,News,Wall himself career fall significant.,3355
832,74,446,2024-09-05 14:09:18.128785,182,Personal,Industry question international site traditional above travel seem teach avoid each.,4054
644,75,181,2024-07-01 06:59:01.700783,124,News,Hundred suggest someone month magazine commercial weight environmental whom door key pay car political call go from million final simple.,4921
592,76,759,2025-01-27 09:04:31.828047,306,Entertainment,Final establish develop own appear indeed.,971
842,77,366,2024-08-05 05:49:31.297542,234,Entertainment,Company share leg bit senior visit stand.,240
818,78,555,2024-07-01 10:09:11.714361,83,Personal,Morning turn fund very three pick available.,759
38,79,632,2024-08-18 04:28:01.331569,445,Entertainment,Ready house record hit himself forward often southern minute increase my probably dog.,707
946,80,17,2024-10-27 07:06:11.950515,409,Entertainment,Spend day true themselves mouth once red real school message fish great one.,486
96,81,549,2025-01-28 14:07:01.870720,256,News,More view team theory here cut hundred.,1598
585,82,894,2025-01-24 11:19:21.942999,232,News,Street back edge from certainly benefit protect.,3328
138,83,16,2025-01-21 00:59:58.985678,267,Entertainment,Dark real vote box hard.,4924
478,84,534,2024-03-16 04:46:31.111703,280,Personal,Woman break whole order concern nation trouble media mouth high.,3150
589,85,688,2024-07-23 20:06:29.988326,236,Personal,Them new already choice he itself under hit me.,4752
886,86,226,2025-01-14 10:56:59.347021,462,Entertainment,Itself fall himself whose own citizen wear which term cultural section.,2010
657,87,363,2024-04-28 05:39:29.996944,252,Personal,Across wind best smile radio expect technology shake.,4084
293,88,528,2024-06-25 03:02:54.909989,93,Personal,Manage Mrs college language camera yes have list southern.,3172
465,89,246,2024-05-18 05:31:56.409167,430,Personal,Describe ground special heart idea community.,1415
606,90,151,2024-10-08 16:12:25.779519,24,Entertainment,Rate throw lead from PM effort six.,3965
339,91,125,2024-11-11 16:19:31.452385,97,News,Fine site different tough kid teacher.,4494
335,92,680,2024-03-04 13:56:33.147835,415,Personal,Difference audience develop however even.,2221
6,93,996,2025-01-17 18:24:44.769045,144,News,Design fire turn network study movement.,4589
639,94,876,2024-04-03 20:18:15.992682,328,Personal,Research hope already behavior term investment.,611
908,95,976,2024-06-24 05:06:48.530311,426,Entertainment,Share positive indeed wind.,1383
450,96,279,2024-04-21 10:40:17.706314,479,News,Mean goal item myself price between tonight.,401
612,97,106,2024-03-11 21:11:06.200750,125,News,Ahead why billion argue term just imagine left smile occur.,1947
340,98,632,2024-07-14 23:10:24.351599,421,Entertainment,Maintain finally manager according large mean study policy.,2483
895,99,533,2024-06-03 04:48:01.295109,469,News,Push gun show bank economy themselves father start name tend recognize run size.,2669
533,100,806,2024-08-03 08:36:00.647393,158,Personal,Too sort sing care true free begin task four game.,4022
804,101,691,2024-03-13 06:01:56.506875,48,Personal,Individual deep data far century face shake win full true fill.,585
724,102,476,2024-10-20 03:46:40.494338,191,Personal,Find I soldier society style you mouth party discover character learn food.,114
827,103,256,2024-05-28 00:16:24.505566,2,News,Series social pull exactly agree with arm institution trade green thing sport nice you ten wish.,713
763,104,769,2024-03-19 04:12:24.528813,134,Entertainment,Country paper ahead list no four out mission reason.,993
428,105,487,2024-11-03 01:25:42.290203,98,News,Major go food medical might science represent agreement along light.,2070
947,106,980,2024-08-09 11:15:22.874352,466,News,Resource each boy third.,3637
288,107,605,2024-06-24 21:36:58.531172,218,News,Other writer teacher interview pick yet middle then range upon truth consider then rise section.,1662
278,108,290,2024-11-25 13:02:46.381712,54,Entertainment,Early product safe address next beautiful.,1636
123,109,506,2024-06-22 08:01:12.104385,119,Personal,Policy team purpose drop specific weight might over.,1084
535,110,526,2024-09-15 14:26:00.954849,59,News,Away believe catch from court sign ground possible goal beat return action.,4910
580,111,784,2025-01-05 18:56:57.984617,180,Entertainment,Low manager accept last before car sing sure price especially audience then how visit hard professional strategy.,1802
352,112,334,2024-08-28 10:46:27.236753,159,Entertainment,Box Congress Congress yeah cover easy street radio five none.,2063
536,113,844,2024-08-22 11:53:24.920421,77,Entertainment,Herself control how field these.,1717
331,114,924,2025-01-03 01:07:27.059557,407,Personal,Air fly only eat either land.,3460
334,115,964,2024-09-10 12:40:17.495677,365,News,Similar drive firm by quite until best.,3471
237,116,916,2024-03-28 17:54:29.129571,54,News,Argue time painting wish add cultural present level wear explain.,3562
68,117,822,2024-08-25 07:10:04.868777,131,Entertainment,Clearly suddenly benefit by entire face guess.,1043
397,118,343,2024-11-20 14:07:03.971207,258,Entertainment,Agent seat listen company third treat.,460
287,119,227,2024-05-06 17:27:32.744940,145,Personal,Air television speak determine under even final paper career majority operation beat.,2566
793,120,946,2024-08-06 19:55:24.442742,87,Entertainment,Second push kind produce professional build.,3107
351,121,68,2024-09-28 03:54:05.548950,317,News,Early determine standard career way tell.,1486
553,122,610,2024-09-29 14:05:14.593452,4,News,Space role own purpose mission a property director own about million investment.,2265
187,123,301,2024-06-19 15:25:23.132698,212,News,Simply do office science west material care wind follow forward money.,4195
386,124,13,2024-10-29 15:35:01.461848,223,Personal,Finish determine would own others consider in Republican computer.,2831
370,125,283,2024-11-28 13:51:43.997316,25,News,Place office red goal force less whether population five artist might.,2761
647,126,937,2024-08-23 06:52:26.039457,124,Personal,Upon moment recently both exist recent your million model American third.,1805
459,127,624,2024-08-14 15:54:42.185290,416,Personal,Account book compare check present source value.,277
587,128,130,2024-08-08 21:57:56.125192,185,Entertainment,Improve mean appear grow fact TV bar.,1381
151,129,542,2024-03-21 19:27:34.077384,38,Entertainment,Dinner church knowledge race control state as see court simply modern effect sometimes official many final.,334
478,130,560,2024-06-01 00:00:54.036454,457,Entertainment,Board turn store Congress senior bed government not.,2020
890,131,41,2025-01-25 16:45:47.125851,236,Personal,Any approach actually government rise player.,1427
53,132,735,2024-03-22 12:07:53.732190,248,Personal,Part around the couple customer believe mind source trip always design with when look official.,3482
809,133,822,2024-07-04 00:21:40.958915,265,Entertainment,Case also lay stock everybody.,1913
742,134,269,2024-12-15 18:31:07.392492,269,News,Health environmental tax body heavy week boy knowledge cause stock month administration north mother.,117
20,135,162,2024-09-01 12:37:59.062537,41,Entertainment,Development it focus training avoid strong believe over name.,3356
127,136,626,2024-10-25 21:18:05.802716,338,Entertainment,Growth meet say my trial but for.,2111
500,137,423,2024-07-31 23:17:48.600483,274,Personal,Cup finally option conference special early performance statement poor both question road national.,3996
629,138,874,2024-09-16 16:18:14.637499,60,Entertainment,Story knowledge laugh different beyond particular society short.,2521
282,139,259,2024-11-22 13:11:15.372422,186,Personal,Bag note door protect example like agree would before goal himself tree.,2036
399,140,254,2024-05-16 14:46:21.075886,36,Personal,Different official prepare responsibility seek wish whose positive note center save partner good some set.,2787
