post_id,user_id,post_text,post_date,likes,shares,Comments Count,post_category
1,75,Probably rich floor me history senior.,2024-06-30 04:56:27.924287,160,543,91,News
2,657,Contain defense meeting husband hard cultural final order true summer dream treat season deal.,2024-04-01 05:51:55.474278,1312,927,15,Entertainment
3,44,Traditional plan reduce rather class full investment get seek.,2024-09-03 13:52:16.608044,4253,444,434,Entertainment
4,306,Front return ahead especially set door successful push artist of.,2024-04-20 06:00:42.208817,3719,342,347,Entertainment
5,160,Region us development indeed religious time family notice later financial maybe.,2024-03-05 02:13:36.035336,2823,158,274,Personal
6,340,Voice today somebody bit medical your budget sport at.,2024-05-05 15:01:34.464754,4390,236,335,Entertainment
7,118,For without wait example about economic.,2024-09-23 03:34:56.534926,4982,222,265,Entertainment
8,878,Executive among away pass wall by forget happen college lawyer final democratic market help simply blood significant.,2024-03-15 12:17:02.073537,1369,854,38,Personal
9,695,Buy home prevent hand whose figure Mrs owner word treat interesting eight minute.,2024-03-17 10:23:35.755149,4124,519,314,News
10,660,Require section quality trip color over contain product behind camera seat last measure whole rest clearly.,2024-09-16 13:54:31.121544,390,792,75,Personal
11,335,City down yes sport parent generation.,2024-03-27 03:32:49.212605,3208,771,220,Personal
12,515,Option within red country him life when dream everyone TV player thing rate fund.,2024-12-06 06:16:31.265130,2060,95,415,News
13,513,Can low identify describe however behind city it task.,2025-01-28 14:11:05.353534,907,932,406,Personal
14,668,Learn nearly western defense recent each can pass appear world.,2024-09-05 13:39:40.642397,563,129,44,Personal
15,887,Audience people federal perhaps water ago age tell third social until.,2024-11-06 06:00:16.433187,3035,42,467,Personal
16,795,Despite everybody character help crime expect employee cause knowledge.,2024-03-20 01:46:44.665638,4319,761,470,Entertainment
17,208,Choice energy military job them design begin conference.,2024-05-22 19:21:10.223407,1821,207,117,Personal
18,263,Best commercial form short sort within worry dream to television possible family surface partner personal.,2024-07-04 07:49:51.560716,510,896,174,Personal
19,236,Card issue when include call look town cause fall single.,2024-03-23 01:26:48.885977,3625,202,61,News
20,820,Raise point article standard real prevent if evidence lead result later professional.,2024-12-31 02:44:19.785013,4366,339,140,Entertainment
21,679,Drive Republican military week protect city notice response charge.,2024-09-25 23:44:16.967127,4068,58,107,News
22,405,Cell sit need age product.,2024-10-15 17:37:28.527669,219,92,109,Entertainment
23,682,Add plant actually.,2024-03-01 23:48:52.741780,3001,116,187,Entertainment
24,208,Detail by million science see her window song crime data.,2024-06-12 14:35:36.939815,1787,594,485,News
25,494,Out compare ten fly next.,2024-11-24 19:56:11.884668,1702,496,497,Entertainment
26,171,Serious teach blue training remain recently join turn garden.,2024-10-22 23:14:23.582250,220,781,263,Entertainment
27,161,But every avoid also strong.,2024-11-17 11:52:23.816556,2050,238,178,Personal
28,232,Hard skill experience note model.,2024-10-23 08:52:39.934020,4098,949,132,Personal
29,826,Political guy bad sure use exactly.,2024-12-12 02:13:21.634241,132,774,280,News
30,127,Lot task final art win subject produce.,2024-03-17 14:09:10.216167,2915,122,424,Entertainment
31,691,Image any city learn population explain just discussion.,2024-03-05 00:41:17.472067,3500,27,245,Personal
32,630,Purpose plant enough million pick bad go expect back hear low.,2024-03-12 21:19:05.632329,4823,360,287,News
33,667,Young fund yet model understand board value page stay time.,2024-10-11 21:09:14.875104,1323,894,97,Personal
34,242,Campaign live offer goal course while office include region serious certain now around environmental remain popular.,2024-12-17 00:34:39.311268,2338,401,366,Entertainment
35,6,Sort often reveal situation part surface.,2024-10-15 18:30:02.432916,3126,814,437,Entertainment
36,957,Everyone military film purpose use trip item his local offer newspaper face.,2024-11-10 07:58:46.450952,2109,245,229,Entertainment
37,729,Put state recognize about in.,2025-01-08 05:19:32.052006,3611,613,318,News
38,578,Describe lead party car pattern fast image sister instead money imagine feel.,2024-08-04 08:52:29.474167,2309,0,125,Personal
39,651,On run six know north quickly once nature method likely magazine they natural.,2024-05-24 14:54:38.056614,4634,552,439,Entertainment
40,776,Artist where collection none ten.,2024-09-06 10:22:21.259872,3855,253,266,Personal
41,785,Still character western rich support court decide produce trouble and.,2024-07-25 02:20:09.355443,996,419,113,Entertainment
42,457,Personal rate want try various accept instead now.,2024-07-20 06:22:18.669052,2642,623,76,Personal
43,732,Blood coach into every look dream traditional spring old return option mind space cup baby system check forget.,2024-08-05 17:32:23.004431,1418,249,17,Entertainment
44,912,Street as line and world necessary guy hit particular cause.,2024-07-28 16:42:36.798776,4849,650,459,Entertainment
45,930,Short art tree hospital reflect discover trouble evidence near.,2024-04-01 01:03:00.847678,926,595,439,Entertainment
46,239,Enter hope sport draw add window wear exactly other reality left.,2024-02-19 20:46:35.195701,865,950,395,Personal
47,803,Feel reflect imagine machine way Republican.,2024-07-25 22:34:40.295326,2810,41,168,Entertainment
48,645,Financial truth dinner job least.,2025-01-08 05:16:59.520528,2019,952,198,News
49,785,Often class reduce star source.,2024-07-24 19:13:08.320128,2719,743,250,Personal
50,367,President computer enter economy team bar dog wide can southern skill major professor yourself medical loss.,2025-01-23 20:00:37.939414,2899,367,335,Entertainment
51,676,Test seven bank southern minute after think dog worry after effect account everything bring inside this.,2024-04-08 15:48:00.150151,665,356,253,Entertainment
52,515,Treatment bag ten key.,2024-03-21 18:32:21.128533,1544,995,80,Entertainment
53,102,Family investment might role better leg relate yard.,2024-03-10 23:25:16.903580,1981,527,253,Entertainment
54,798,Look break laugh allow listen spring.,2024-07-28 13:09:39.949017,4057,301,203,Personal
55,606,Performance present capital partner food worry type themselves sometimes even sister either say any.,2024-04-17 21:37:27.074765,4279,340,341,Entertainment
56,814,Relationship involve million wish list dark should expert use before friend.,2024-06-29 23:50:47.150451,2085,107,227,Entertainment
57,850,Half although manage should who home eight each yourself hair response approach break.,2024-10-22 18:19:40.991807,401,383,189,Personal
58,706,Themselves leave daughter wind Mr have drive somebody item.,2024-12-23 19:25:54.755378,4390,380,108,Personal
59,924,Responsibility check rule parent question culture.,2024-03-03 04:11:20.925179,2310,276,462,Entertainment
60,398,Sometimes need assume performance.,2025-01-29 00:48:23.575956,1877,50,195,Entertainment
61,42,Establish successful country there bit lay stuff whole group anyone water dog event front.,2024-08-28 12:04:22.954520,3081,572,406,News
62,304,Toward letter share all authority reach cost image final.,2025-02-07 05:50:55.339350,4698,631,115,Entertainment
63,297,Technology pressure meet mission season discuss fall force there though employee adult.,2025-01-28 02:00:00.904738,326,13,365,News
64,991,Mouth good better wonder writer manager over knowledge democratic final cell ball safe else executive.,2024-06-03 14:05:25.735894,717,898,120,Personal
65,470,Collection tonight yeah half position opportunity.,2024-05-20 00:21:22.239704,692,746,84,Personal
66,163,Real week office vote.,2024-10-04 03:09:29.167826,2585,445,344,News
67,143,Thank for company begin break effort.,2024-10-13 20:33:00.906729,1564,476,386,Personal
68,20,Discover security floor off food sometimes run out.,2024-10-09 14:33:16.954808,2392,687,173,Entertainment
69,658,Rather full enough poor six position agent candidate.,2024-11-03 07:06:52.186554,2578,861,382,News
70,157,Back police because Mrs.,2024-05-19 17:18:21.852013,4847,610,484,News
71,161,Smile stay agent range politics.,2024-10-25 05:04:00.001115,3178,266,209,Entertainment
72,138,Lawyer section evidence hard deep sure plant than camera answer hot writer institution bank.,2024-12-07 10:28:42.949138,4132,158,204,News
73,225,Light level until though should ahead light production hold.,2024-03-03 06:23:58.889373,1754,875,292,Entertainment
74,593,Least anything care opportunity concern here source he speak television father so Democrat evening good.,2024-06-24 13:56:06.031625,2447,901,337,News
75,482,Kind center strategy site.,2024-07-26 06:25:04.183024,3158,242,250,News
76,578,Move talk hair responsibility about so plant model level drop success.,2024-06-25 19:44:13.134914,4166,830,379,Entertainment
77,797,Above single seat get professional physical me sea test beyond rest person surface become make court item.,2024-02-28 00:11:50.492230,1612,248,386,News
78,621,Leader between someone wall.,2024-08-04 21:55:05.594142,2337,663,0,Personal
79,816,Decide myself sign chance rich wall light nature appear someone.,2024-10-20 02:30:49.617847,4256,129,100,News
80,769,Result professor draw prove body simple real.,2024-09-30 04:12:40.541111,1796,250,182,News
81,301,Speech nice positive finally region candidate result skin if skin stuff education argue.,2024-07-15 04:25:50.857105,359,626,342,News
82,748,Successful light situation research player support apply step real then step hit goal free join north place.,2024-09-02 03:25:06.601439,4377,898,287,News
83,717,Statement learn training among beautiful young city.,2024-06-01 00:08:21.075561,4163,782,11,Personal
84,886,Painting drop way.,2024-04-11 13:21:40.799577,4881,615,395,News
85,343,Worker yes check marriage defense.,2024-02-21 04:22:01.485720,484,46,355,News
86,118,Plan according we free else treatment.,2024-10-20 13:57:29.730743,2700,576,67,Entertainment
87,863,Policy magazine I memory daughter century agreement many.,2024-11-24 01:45:56.574252,442,199,273,News
88,148,Court human I then available argue discuss skin lead item offer also reflect.,2024-03-08 14:41:17.341850,3335,518,242,Personal
89,597,Attack always clear term relate central learn fund among without free detail.,2024-05-12 09:58:55.811895,2729,337,416,News
90,684,Number camera everyone the with every air population.,2025-01-29 15:13:12.614475,1620,108,133,Personal
91,529,Economy thousand his month tough difficult know actually involve wind former house.,2024-04-01 08:25:53.889971,2499,413,452,Personal
92,774,Service myself guess happen certain dog them modern free.,2024-05-19 00:29:33.785032,404,217,255,Personal
93,460,Group pressure lot the whatever sea without raise star war.,2024-03-22 10:24:48.437176,421,504,418,Entertainment
94,119,Peace last organization information system set produce training movie be.,2024-03-05 17:42:48.587794,2636,151,306,Personal
95,701,Step best firm hard in.,2024-09-12 00:55:52.065015,4332,734,377,Personal
96,83,Gun list suggest such by father hot.,2024-03-14 15:42:27.348088,511,279,301,News
97,230,Wear sign baby rather answer hundred recently media campaign government system product skill some.,2024-11-05 03:02:01.657971,1060,492,151,Personal
98,517,Those development growth paper well doctor entire tree business score cultural Democrat office why garden.,2024-04-23 08:32:45.228641,4422,859,345,News
99,738,Probably fight center language line list matter defense business meet product know traditional building clear actually west live.,2024-03-21 03:30:20.759945,3620,845,433,Personal
100,162,Such alone painting yourself someone option style culture less cost.,2024-12-16 11:11:46.021469,641,167,128,News
101,876,Event culture half raise door across training maintain candidate meet just full ask charge.,2024-10-27 20:23:15.057748,2,983,403,Personal
102,544,Professor international theory political social long deep relate memory account.,2024-07-17 06:41:41.267115,3736,118,392,Entertainment
103,615,Old south on main some paper particularly.,2024-09-02 21:46:35.085596,2327,991,118,News
104,413,Hot security but language performance parent happen campaign term various amount brother end probably identify sing day religious.,2024-10-07 01:33:14.620148,2159,708,360,Personal
105,82,Author page game total nation over magazine sister power begin always American plan wind our get happen affect.,2024-11-06 17:52:23.152666,917,155,294,Entertainment
106,827,Speech similar late today must nature than risk.,2024-05-21 05:36:25.594454,399,839,299,Entertainment
107,460,Total how president really police.,2024-05-12 03:41:43.127809,601,603,143,Personal
108,323,Bill to item meeting language key body.,2024-10-17 12:56:27.066337,740,54,379,News
109,373,Cultural report involve weight travel news blood minute fly discuss Mrs road information tend at summer future.,2024-07-10 23:42:55.076905,2976,882,143,Entertainment
110,394,Green meet yard happy boy feel send environment before college worry.,2024-07-16 23:16:29.341235,4086,473,29,News
111,975,Mission sign site yes owner research firm foot blue research century civil support them manage.,2024-03-21 16:54:19.864701,4652,62,56,News
