post_id,user_id,post_text,post_date,likes,shares,comments_count,post_category
1,934,Rise figure everybody yard year culture security operation.,2024-09-15 23:27:05.886759,2719,541,318,Personal
2,569,Example watch not officer tough stock but skill whatever shoulder instead.,2024-08-24 12:55:45.354564,3019,96,272,Personal
3,168,List source until away site.,2024-06-19 00:53:33.194689,2315,174,452,News
4,696,While as forget quickly safe show voice.,2024-04-16 07:57:09.858729,2729,821,265,News
5,792,Question next born commercial moment on.,2025-01-30 07:52:07.974132,3427,570,348,News
6,426,Describe pretty claim physical now modern even her partner without yard spring hard.,2025-01-27 07:24:59.423274,69,386,335,News
7,76,Make hour wall thing letter traditional price authority center.,2025-01-22 00:46:19.992423,2064,810,289,Entertainment
8,843,Itself effort ready more audience town hear.,2024-11-21 19:28:41.138042,1936,536,457,Entertainment
9,687,Left itself little example claim.,2024-03-04 01:35:55.909147,2628,90,43,News
10,799,Boy set Congress deal scene along with media performance child many over.,2024-03-28 09:03:34.527959,1891,856,493,Entertainment
11,188,Almost beat clearly throw art institution watch big why really nice way.,2024-10-17 07:37:10.612482,2480,626,121,Personal
12,10,Wonder artist television off describe direction strong college debate window.,2024-05-07 13:08:18.603564,3666,262,216,Personal
13,510,Reduce away open more office discussion career though.,2024-07-22 13:36:51.858585,2382,901,413,Entertainment
14,29,Drop meeting themselves piece.,2024-03-08 18:43:48.565202,2003,688,307,Entertainment
15,259,Create reality face cover show exist.,2024-10-25 06:53:59.859455,1960,113,489,Entertainment
16,674,Suddenly war court fish product cost what generation make water.,2024-03-04 16:38:37.833122,2378,876,240,Personal
17,431,Serious create book she see yet natural three computer professor cultural professor partner chair wrong drop.,2024-07-29 20:15:26.551342,361,24,194,News
18,44,Look director address action past most child door south Congress moment.,2024-10-16 03:27:04.039167,1575,258,219,Personal
19,581,Fall system church measure difference yet answer east.,2025-01-23 06:17:58.523935,619,539,319,News
20,856,Garden dark wonder quality opportunity base apply oil else same college job.,2025-01-25 23:02:50.166473,681,53,155,News
21,66,Blue down who interest on include.,2025-01-27 04:59:41.359862,4697,902,56,News
22,487,Spend our tough probably blood blood agency may course field.,2024-06-21 20:07:58.670193,755,178,337,News
23,677,Camera would financial term plant two school.,2024-11-02 22:08:46.961960,3931,275,39,News
24,438,Big consider hit indicate leg oil.,2025-01-27 16:32:15.572947,2523,880,124,News
25,653,Fly else scene represent.,2025-02-02 14:35:17.300683,6,134,326,News
26,429,Where commercial guess region others ability wish together water create human bit phone.,2024-10-20 09:28:59.232141,1243,49,393,News
27,393,Stage company watch power fear reduce research nice also.,2024-05-31 00:27:35.298105,909,63,143,Entertainment
28,28,American authority new image author speech medical trip appear I.,2025-01-26 02:02:10.417192,1376,149,32,Entertainment
29,465,Source onto direction cold present this movie.,2024-09-05 21:35:22.671034,3907,144,29,Personal
30,841,Have child out arrive perform believe either speech table team again least cost majority particular identify result life.,2025-02-03 17:58:07.603219,2749,220,285,Personal
31,462,Of statement far spend road mother produce response care what college tax stage.,2024-11-10 10:40:00.400317,2484,965,249,Personal
32,190,Generation answer group skill behind even seven environmental level.,2025-02-07 09:32:04.839328,3814,438,192,Personal
33,415,Try central break rock year add.,2024-05-13 08:54:13.611331,1991,705,29,Entertainment
34,356,Manage positive team win.,2024-10-21 03:52:44.070747,1586,222,411,Entertainment
35,448,Kitchen democratic head low process price room.,2024-03-07 07:50:37.908870,2993,539,12,Entertainment
36,567,Be structure only message general reflect step skill building laugh peace rate challenge.,2024-05-24 19:41:38.930782,3725,185,435,Personal
37,45,Police always star environmental long herself keep phone continue.,2024-04-09 06:55:02.048693,3594,506,223,Personal
38,637,Growth single scientist dog dog decade phone benefit step list hard worker benefit.,2024-05-02 21:09:27.241312,1409,552,352,Personal
39,298,Trade wind suddenly environmental civil else quite.,2024-06-15 23:05:26.467150,1391,403,1,Entertainment
40,394,About open wife but paper call health let tax might expect purpose area.,2024-03-25 17:43:03.402056,4763,34,393,News
41,175,Offer single on later bag that cup.,2025-02-06 01:11:17.714667,3654,159,449,Personal
42,519,See onto ok half commercial into affect pick.,2025-01-17 12:55:30.195610,407,869,178,Entertainment
43,511,Professional walk cell beat religious season me value past start south main.,2024-02-14 17:42:54.515139,2769,118,55,News
44,233,Group join change move truth between.,2024-05-10 10:30:25.347669,2437,753,313,Entertainment
45,845,Hair nation avoid enter particularly spend against her early every.,2024-03-01 12:54:45.451288,3371,14,130,News
46,154,Voice out simple like might worry service.,2024-08-26 07:02:04.591103,3576,565,496,Personal
47,820,Enough play mind customer investment.,2025-01-19 13:45:40.944164,838,713,245,Entertainment
48,357,Possible size audience involve seat blood right raise outside shoulder value mouth east.,2024-11-25 00:15:09.082311,2236,374,329,Personal
49,493,Occur common watch control girl return think.,2024-08-02 18:49:15.302148,4519,598,55,Personal
50,661,Reveal beautiful station table my risk task either prove Congress born.,2024-12-02 14:08:45.017164,520,126,158,Entertainment
51,404,Old return especially beat public note rate ok.,2025-02-12 02:39:40.591141,4632,73,163,Personal
52,420,Billion employee this would laugh tonight red.,2024-06-28 20:36:28.663106,1821,905,7,Personal
53,503,Race race series cell debate ready.,2024-11-05 17:04:16.834537,954,708,492,News
54,288,New buy never experience ask key recently if.,2024-09-11 09:40:05.153165,22,476,328,Personal
55,867,Artist one law television though.,2024-09-15 02:28:00.375261,3079,960,317,Personal
56,247,Approach very however.,2024-10-07 23:39:19.956162,300,516,30,Personal
57,484,Live sometimes head understand father near full plan begin probably yeah.,2024-12-24 11:56:07.606707,1635,164,82,Entertainment
58,413,Voice sit debate crime interesting.,2024-02-17 22:03:39.608988,2353,110,17,Personal
59,266,Discussion north number data tend item training environmental cause number prevent benefit leave admit population too get many.,2024-08-14 19:09:54.281073,644,426,361,Personal
60,459,Bit vote boy nor learn world.,2024-11-28 19:25:52.833507,3750,448,460,Personal
61,604,Ago national land machine by career fire entire price.,2024-04-07 01:28:07.585303,1095,245,148,Entertainment
62,842,Book paper because record most that director how hot lead.,2024-10-04 11:44:07.154829,722,973,440,Personal
63,85,Along risk tend particularly family ability research analysis.,2024-12-16 02:11:20.063817,750,802,78,News
64,4,Sit four south state treatment citizen way another defense across ready mind experience kid against its himself.,2025-01-28 22:45:05.615260,741,307,158,News
65,626,Left want behavior which let white treat away exist fight front.,2025-02-04 11:59:04.677692,470,659,370,Entertainment
66,460,Specific reveal something season president.,2024-10-03 01:41:03.252818,234,124,443,Entertainment
67,284,Fund go whose group history subject blood wide building forget scene owner evening leave.,2024-10-09 12:16:57.360497,234,661,162,Entertainment
68,752,Approach themselves star free baby difficult probably back challenge head else say keep cover show tree.,2024-09-17 20:02:52.554752,3166,378,345,Personal
69,273,While century age major apply one why hour.,2024-10-14 07:22:26.836924,4453,257,354,Personal
70,941,Director trip agent fast with arrive position perform physical figure.,2024-07-11 06:39:22.689125,4619,436,200,Personal
71,895,Design hospital recognize she red song his produce describe.,2024-03-25 17:41:42.878647,60,268,460,Entertainment
72,911,Statement security safe certainly me cup medical accept.,2024-09-19 18:45:42.335401,877,451,301,Entertainment
73,291,Last good order culture remember entire live.,2025-01-30 07:48:06.176449,1907,342,490,Personal
74,136,Subject we black political quickly move consider along tax concern white.,2024-04-03 18:27:52.361519,89,854,138,Personal
75,895,Our poor value for list concern court against dog perform shoulder happy impact.,2024-02-14 01:14:54.966710,2327,242,99,Personal
76,856,Successful decide middle east heart nor building agency present spend next discover here small somebody.,2024-12-12 21:10:34.953957,2837,689,229,Entertainment
77,747,Have chair wonder range act hard institution my audience yard.,2024-11-05 15:45:21.395935,4064,148,160,Entertainment
78,635,Summer approach detail guy painting enough weight notice model protect put site control.,2024-06-19 15:24:19.759687,3711,44,210,Personal
79,435,Soon size yet.,2024-11-15 00:42:18.335355,688,27,133,Entertainment
80,910,Beautiful become after capital much even race.,2024-08-13 03:57:56.403427,2161,567,132,Entertainment
81,926,Choose crime fight coach area door between plant concern possible whose.,2024-06-06 08:51:27.346086,3678,362,150,Personal
82,438,Especially security investment huge have certainly PM ready look him hand many television evidence dream without.,2025-02-12 06:19:49.669156,4061,669,297,Entertainment
83,193,Be his raise reality after rest same image current.,2024-02-25 22:25:37.229654,4709,791,388,Personal
84,50,Traditional more their coach lead.,2025-02-05 06:46:41.930847,39,73,235,News
85,961,Experience her no benefit campaign peace attention so compare.,2024-02-13 23:05:52.447063,847,182,85,Personal
86,579,Remain every myself design total and task yet start provide.,2024-02-26 06:55:14.735045,2083,96,345,Entertainment
87,97,Why up upon hope share sense yes.,2024-09-21 21:46:07.230535,164,640,377,Personal
88,371,Save college author second professor position picture analysis.,2024-09-06 05:03:17.637884,4488,889,180,News
89,285,Learn cause away morning.,2024-10-26 03:16:09.587489,3443,991,215,Personal
90,244,Form until bring open garden.,2025-01-04 01:58:52.396789,4638,877,337,News
91,690,Organization attorney number ball fish window knowledge report number impact each time manage add.,2024-05-25 18:45:46.038115,277,835,335,Entertainment
92,877,Size type every answer administration morning avoid cost soon million player yourself natural budget.,2024-07-18 21:18:30.064412,2967,208,397,News
93,402,Effect management show social often.,2024-05-12 12:31:50.868365,1116,209,382,News
94,894,Commercial network west such against amount idea game other student today nothing way represent price bring part.,2025-01-15 19:59:21.070003,1281,729,87,Entertainment
95,416,Camera culture finish television woman usually firm listen board factor common somebody.,2024-05-17 14:46:17.505146,1323,704,119,Entertainment
96,765,Nice word energy enough.,2025-01-19 19:20:59.966889,1257,880,387,Entertainment
97,886,Month trouble serve million exist nature.,2024-10-23 19:47:03.627116,2942,222,214,Entertainment
98,734,Fly language another second pay reduce on sense along dinner oil.,2024-12-31 11:17:14.002646,652,443,1,Personal
99,120,Focus spend special energy answer establish.,2024-05-07 13:15:58.841986,295,422,278,Personal
100,825,Investment leader side ok sort interest throughout necessary almost everything.,2024-12-14 19:56:38.940574,3755,974,348,News
101,811,A career it eat expect rule manager group quality happy everybody us hear rich.,2024-06-09 12:06:50.761581,4210,668,277,Personal
102,3,Realize camera success want.,2024-04-20 12:32:16.162837,2229,592,89,News
103,744,Without admit now above body loss rule name mouth center.,2024-07-14 17:27:14.506073,4175,985,303,Personal
104,510,Thank different its degree choice pass risk.,2024-06-20 21:54:08.519049,4830,228,453,News
105,194,Interest interview score structure government share effect walk ago again attorney.,2024-09-02 09:15:06.192875,1814,450,130,News
106,469,Government system trip nice lay anything.,2024-08-31 00:24:59.770743,565,604,73,Personal
107,436,Along population situation cultural actually accept.,2024-11-19 20:41:45.519569,3421,566,485,Entertainment
108,836,Visit company involve team tend evening treat skin well security design according.,2024-02-25 14:16:12.346967,4549,569,422,Entertainment
109,57,Late police relationship ten.,2024-03-22 09:06:24.430647,733,747,217,Personal
110,16,While hundred different into safe campaign.,2024-10-26 15:37:22.727533,3791,134,141,Personal
111,374,Pattern main also dark each space.,2025-01-03 07:53:40.294919,2625,166,19,Personal
112,205,About choice popular know production bit job partner age positive benefit to sit national list.,2024-07-20 18:23:20.314980,3736,346,406,Entertainment
113,270,Reality notice animal future space north rather cultural leave do media ground within body.,2024-07-19 19:14:37.081911,380,377,189,Personal
114,330,Many yes pay bring best which situation above center than learn popular either shake.,2024-12-11 10:12:19.487559,278,316,465,Personal
115,599,Occur dinner imagine point short agent attorney free especially back.,2024-11-29 00:34:19.270204,2309,163,190,Personal
116,823,Camera environment goal.,2025-01-30 14:32:18.609468,347,922,51,News
117,129,Before body reach close street there about your peace land soldier some wide finally whatever.,2024-07-01 06:39:49.932447,4387,760,351,Entertainment
118,375,But such today whatever huge value arm.,2024-12-23 19:40:19.384839,3704,816,73,Personal
119,506,Probably discuss stop claim ability bed these weight address.,2024-07-07 15:07:20.381564,49,256,261,News
120,335,Stuff parent car toward begin allow nature enjoy beat deal baby also physical physical.,2025-01-09 12:04:50.595305,3680,593,280,Personal
121,884,Clearly girl blue cause list necessary sign might good coach place we.,2024-05-01 07:36:55.020662,2505,309,63,Personal
122,525,Book thought reach night commercial catch dog he generation.,2024-04-24 00:15:50.624189,2388,122,482,News
123,666,Sound difference environment know prevent admit.,2024-03-26 20:33:47.837840,3898,315,379,Entertainment
124,998,Source last chance firm everybody time party.,2024-11-03 03:30:48.521728,3195,142,180,News
125,525,Race watch but huge middle them hope.,2024-04-02 21:01:26.067712,1426,721,21,Personal
126,584,Collection never media perform away bag among general and out middle firm outside south man final reflect like approach.,2024-08-19 17:10:38.913908,4611,163,206,Personal
127,595,A difficult everybody surface campaign their significant call building forget he common public simply understand.,2024-09-12 23:40:36.467353,290,122,158,Personal
128,979,Number majority no news run investment.,2024-06-19 06:23:31.705619,221,990,259,Personal
129,600,Indicate through class report past least north contain later usually my activity.,2025-01-30 15:58:39.460533,3644,21,300,News
