post_id,post_text,user_id,post_date,comments_count,shares,post_category,likes
1,Half here agency entire others keep stop.,369,2025-01-03 16:50:35.177771,209,144,News,4296
2,Student do hope federal go me.,828,2024-02-28 14:46:00.899773,269,499,Entertainment,2175
3,Interview public treatment side message sometimes finally modern.,420,2024-11-17 19:30:18.083347,229,547,Entertainment,2169
4,Box population many poor own thus serve production.,774,2024-11-22 04:22:31.565388,239,227,Entertainment,4583
5,Rest total how service after religious argue arm find first music prove.,125,2024-08-30 04:53:36.978570,245,55,Entertainment,2912
6,Particular moment already picture.,991,2024-10-06 22:58:09.375102,136,766,Personal,1940
7,Glass tend others five PM study.,187,2024-10-05 12:45:13.296266,485,516,Entertainment,3224
8,Network start scene ask common.,824,2025-01-02 08:53:18.055555,27,730,Entertainment,2980
9,Door read board both citizen bring.,158,2024-08-16 21:20:12.408333,446,849,Personal,4837
10,Any factor high hard themselves visit involve because.,612,2024-02-27 21:38:48.230002,270,837,Personal,1679
11,Ready international both main task across forget put building thing turn knowledge space.,457,2024-03-28 04:04:55.438264,357,774,News,4148
12,Rise parent store every summer kid apply far interest hotel hope activity hair.,392,2024-05-23 12:06:19.115161,22,642,Entertainment,4162
13,Use practice whether daughter woman listen really build the bring interview course box after Congress type.,333,2024-05-15 10:14:19.059423,5,518,News,60
14,Send between bank believe three born.,251,2024-04-14 18:37:42.095105,96,415,News,4343
15,When could party argue benefit.,947,2024-12-29 03:12:36.396806,189,826,News,1602
16,Use within west article machine imagine.,503,2025-01-19 05:57:07.306096,75,500,Personal,911
17,They trial environment listen general bring hard result social.,665,2024-06-06 03:48:12.449844,212,225,Entertainment,441
18,Rock light road some evening try friend.,740,2024-03-06 07:46:31.591350,150,393,News,949
19,Past anyone into this the role local price establish describe television involve.,817,2024-11-11 12:00:32.814789,163,821,Personal,2771
20,Mind large improve teach talk where top night science determine question hair main near.,854,2024-06-26 05:27:51.099421,102,845,Entertainment,653
21,Focus drop evening from point century them information never participant.,947,2024-11-06 18:07:13.614851,409,684,Entertainment,126
22,Help single argue best.,189,2024-07-06 12:04:11.803592,374,566,News,2705
23,Social bank pick policy nearly range cold.,234,2024-12-27 17:25:04.251872,283,779,Personal,4249
24,Recently the against election edge interview he former research job family choose bill participant power along build information speech.,178,2024-07-07 01:02:42.893285,467,190,Entertainment,358
25,Movie north show appear area try these discussion although general weight attorney.,579,2024-02-18 05:27:40.682525,412,517,Personal,742
26,Attack huge father professional image race raise military cost card generation likely.,724,2024-05-08 09:41:03.254470,369,629,Personal,3093
27,Join something new really since cup finish wait policy.,928,2024-06-19 02:54:39.095639,451,546,Personal,4377
28,Friend one wish away thank support stage support charge base question.,883,2024-11-21 05:20:46.921604,77,407,Entertainment,4281
29,Know peace work kitchen fast stand it operation push require middle minute book.,242,2024-03-07 02:32:11.873731,46,145,News,2746
30,Third type four test practice appear bad bring across.,599,2024-12-12 09:58:39.810122,486,638,Entertainment,438
31,Their theory community entire letter investment.,467,2024-04-05 01:47:27.670083,217,805,Entertainment,4473
32,Let also watch store first as.,799,2024-10-05 20:56:49.270765,358,905,Entertainment,4207
33,Surface hour suggest simple.,756,2024-07-10 14:16:35.249250,65,282,Personal,4825
34,Successful right actually loss attention this mention report stage somebody somebody child pretty something share.,778,2024-09-19 16:03:03.403452,65,553,Personal,4019
35,Who woman deep almost country method.,520,2024-04-13 15:45:47.358347,344,112,Entertainment,2136
36,After marriage message might concern measure would six care which.,233,2024-10-03 23:38:35.441131,203,75,News,4512
37,Strategy against both way thousand air control budget area.,433,2024-05-27 15:01:14.187523,369,188,Entertainment,4548
38,Continue there government economic friend different option.,760,2024-09-30 10:44:40.480754,390,867,News,232
39,Stand or TV personal international former lot late career subject rather debate.,73,2024-08-11 19:10:01.488375,435,205,Entertainment,934
40,Maybe walk hotel tree term site race.,490,2024-06-12 13:37:06.266260,40,158,Personal,855
41,Keep whether ability seat in door.,647,2024-02-25 00:29:25.476477,214,128,News,4981
42,Laugh chance accept this experience manage nation body.,318,2024-04-28 06:15:42.440594,182,203,Entertainment,3546
43,Leave alone call call interest this maintain prevent himself relate simply probably high assume her audience during media staff.,898,2024-10-05 21:47:47.532059,96,804,News,4173
44,Start admit direction wind certainly month particularly easy stay administration tax must.,731,2024-06-19 08:44:25.605592,79,412,News,1872
45,Cost ball herself rather behavior under.,386,2025-01-10 20:27:53.081502,108,369,Personal,73
46,Reduce eight she current clearly.,366,2024-02-18 04:23:54.248508,349,175,Entertainment,1698
47,Trial kid better mouth.,927,2025-02-05 01:12:16.841571,4,20,Entertainment,1500
48,Successful effort report war yes him add third consider maintain discover dog cover it education data.,447,2024-09-03 05:17:43.457220,373,770,News,467
49,Public matter couple foreign leg shoulder.,396,2025-01-21 12:22:38.591892,270,562,Personal,4785
50,Develop deal wear own quite movement teacher rate behavior party.,353,2024-07-06 03:59:28.518767,229,799,Personal,3335
51,Think should join keep but program everybody fear.,890,2024-10-25 02:00:28.667439,280,817,Entertainment,798
52,Rate nor process couple fund exist discover relationship himself follow have itself approach scientist head card long.,995,2025-01-25 12:24:10.694625,258,883,Entertainment,2494
53,World themselves beautiful into Congress national couple character dog it leave seem discussion morning.,472,2025-01-11 14:42:18.957222,221,304,Personal,2715
54,Gun class week drug in try point expect six today important page.,404,2024-11-01 21:56:32.385671,221,269,Entertainment,422
55,Interesting support must certainly camera dark show consumer.,222,2024-09-27 03:37:30.525824,81,153,Personal,4256
56,Economy director school still growth cultural myself long finally perhaps third music everything pretty student voice.,863,2024-05-27 17:10:04.927953,211,522,Personal,2891
57,Method tend technology simple wait couple land story little.,16,2025-02-09 01:53:11.192006,410,546,Personal,2400
58,Actually current business treatment message office body window.,367,2024-06-10 11:28:24.304903,64,679,Entertainment,3475
59,Until hand trouble not enough few throughout hear physical a face rich future interview democratic energy center quickly.,920,2024-04-18 18:49:17.188825,403,683,Personal,3073
60,Subject positive art voice.,707,2024-06-17 10:02:31.434941,23,202,Personal,4292
61,Economic large information design ago option to read today manage understand move painting.,894,2024-12-18 20:47:27.357823,28,966,News,4199
62,Place successful cell player right five whom administration image sister create.,688,2024-08-06 21:05:03.882197,415,320,News,4825
63,Couple develop nearly per we teacher modern less doctor.,707,2024-12-12 04:18:19.206265,26,8,Personal,2176
64,Will present design break economy though who.,581,2024-03-04 04:08:12.220205,106,115,News,861
65,Smile key also fish hope why close safe service data person trial.,759,2024-03-21 18:38:19.400620,194,757,News,3072
66,Free when fund yourself discover.,805,2024-06-17 03:45:56.371822,146,354,Personal,761
67,Story create Congress future alone expert society avoid relationship arm difficult.,530,2025-01-04 00:14:28.669767,73,173,Entertainment,335
68,Statement enjoy management lead ever star prove kitchen authority class pull.,761,2024-02-15 03:44:08.134748,81,990,Entertainment,4513
69,Detail represent white sit really focus ok high heavy manage.,103,2025-02-06 11:45:55.794486,251,545,News,825
70,Two agency then beat son response seat effect analysis around cost song Congress south wear fire week it remain.,145,2024-12-22 05:50:05.527272,395,849,Personal,1761
71,Save young within fund account argue book agent.,905,2024-10-07 01:36:01.697498,128,139,Entertainment,291
72,Apply poor either school expect run real.,828,2024-10-07 17:37:39.048797,204,634,News,727
73,Point short month scientist possible administration low today.,644,2024-03-01 04:42:27.289055,310,164,Personal,2431
74,Back doctor itself upon not clearly investment none foot daughter drop price easy.,66,2024-04-08 16:32:42.535024,75,401,Personal,4860
75,Grow top bed low thank citizen site town avoid.,824,2024-10-01 09:21:58.679286,342,85,Personal,431
76,Soldier adult actually whether hear scientist discover instead attack.,165,2024-05-20 12:40:45.318799,24,806,News,2278
77,Design up letter day task not kitchen rock local continue animal.,377,2024-12-27 13:08:51.771200,178,289,Personal,1396
78,Carry talk year ask TV sound.,932,2025-01-23 14:56:38.809690,446,919,News,1841
79,Address receive center control name its voice remain crime bank voice subject raise.,192,2024-11-09 19:20:53.720096,161,991,Personal,229
80,Financial task product forward color author baby son word drop event.,71,2024-04-11 12:20:16.474424,466,754,Entertainment,4376
81,Right arrive figure determine whether strong raise mention.,262,2024-12-11 18:35:37.451714,22,777,Entertainment,3309
82,Whatever stop condition participant stock from accept answer carry tend teacher whose easy.,255,2024-08-19 03:03:50.242200,362,246,Personal,2521
83,Short ahead loss plan bill room conference material skill four through loss president.,978,2024-11-16 21:03:07.130556,0,304,Personal,3637
84,Course response cell mother series major rather exactly film election law treatment.,268,2024-12-03 03:15:10.756292,337,360,Personal,4033
85,Doctor suggest land staff senior then use every of plant blood player billion number environment well the may agency level.,246,2024-12-02 00:02:45.416208,468,650,News,2717
86,Rise education quite security begin bar foreign by American brother color particular down with certain.,562,2025-02-11 04:29:54.251274,203,623,Entertainment,2528
87,American service admit station to stand let area national both kitchen police institution sea look perhaps than.,768,2024-06-10 13:53:36.435486,66,944,News,1216
88,Minute stand pretty mind.,890,2024-03-25 08:23:41.906627,13,690,Personal,3753
89,Analysis east kid safe agency wide per follow about.,761,2024-11-06 15:58:02.254707,321,999,News,943
90,Simple their defense and positive seem against face child speak all tend board.,443,2024-03-04 05:51:08.638627,229,960,Entertainment,3269
91,Be show media group student employee.,262,2024-02-25 23:20:15.084467,227,103,News,1967
92,Represent decade something hold myself probably together unit.,422,2025-01-06 17:09:50.636077,442,209,News,786
93,Church few positive dinner drop rest fund second.,396,2024-05-17 17:57:13.478702,133,346,Entertainment,1562
94,Form once let cold identify page modern week tonight find cultural.,796,2024-04-13 11:08:26.411335,491,227,News,2591
95,Effect class again pick herself our general yet issue all.,657,2024-07-02 07:25:29.136431,412,1000,Personal,1779
96,Program technology forget research little whether each budget standard attack day.,978,2024-05-15 22:21:52.180398,122,706,Entertainment,4819
97,Listen approach interview public two.,561,2024-10-20 18:46:58.179975,377,906,Personal,3734
98,Lose true issue political policy though short or race style weight.,534,2024-08-30 11:07:16.030924,313,270,Entertainment,493
99,Personal guy people option woman.,523,2024-09-05 17:51:06.299717,6,802,Entertainment,4842
100,Shoulder share politics environment travel past thank baby off security media particularly relate traditional anything.,856,2024-09-11 12:18:16.218762,314,686,Personal,547
101,Job table address become because account age popular nor particular.,699,2024-07-22 23:49:42.342448,94,381,Personal,1103
102,Owner other finally fear wide her board poor small increase what impact ready cultural meeting majority local.,1000,2024-09-27 14:21:05.431306,323,993,Personal,1526
103,How mouth out be hair.,510,2024-12-21 19:51:17.434236,133,856,News,3507
104,Three be interview tax audience animal remember teach dinner.,62,2024-03-21 19:43:06.677780,176,54,Personal,3675
105,Situation staff eat him year free nothing place act.,352,2024-12-03 15:14:46.051320,231,903,News,1958
106,Their local artist realize large future rule policy.,675,2024-03-15 20:48:46.458219,182,404,Personal,271
107,Hope product old day establish college.,130,2024-02-17 05:49:40.621170,413,548,News,2357
108,Attention blood imagine pull then step suddenly finally conference paper.,131,2024-08-27 06:44:24.345181,302,192,News,611
109,Teach recognize sure free seat blood.,35,2024-05-31 11:47:08.910499,19,996,News,1101
110,Assume away technology center return when note be consider pass hair whom right laugh price conference face.,383,2024-07-01 08:04:43.737078,262,750,News,3900
111,Sit officer ahead less contain maintain wonder share look improve successful direction.,53,2024-04-26 22:17:23.950232,63,171,Personal,2355
112,His develop owner continue drop.,397,2024-11-28 15:52:35.941492,122,213,Personal,1069
113,Pattern candidate care scene meet common nation inside law.,823,2024-08-10 22:28:44.174582,250,790,Entertainment,2583
114,Trial bill office material decide memory central live land time size how baby.,131,2024-09-21 01:44:17.058312,370,935,News,4150
115,Successful half behind war himself stop police dog skill always now child.,835,2024-04-14 09:07:28.009915,46,171,Entertainment,2992
116,Billion analysis child behavior.,365,2024-05-22 19:05:10.582256,103,860,Entertainment,2652
117,Major employee majority.,325,2025-02-04 03:19:29.787345,374,226,Personal,1655
118,Hotel physical write region way forward away central crime.,466,2024-08-28 21:07:17.425009,176,743,Entertainment,3073
119,Just themselves task chair floor edge she woman successful performance new case.,578,2024-04-29 21:45:57.064461,56,210,News,1510
120,Space clearly use rest idea forget always would war news cell usually.,959,2025-01-31 04:22:32.321531,13,252,Entertainment,4890
121,Performance child how always apply.,44,2024-12-03 10:23:02.258219,483,689,Entertainment,2149
122,Crime majority stuff accept room third.,858,2024-12-01 10:16:24.520625,81,325,News,3641
123,Series morning eight.,577,2025-01-30 17:15:42.726031,376,826,News,689
124,Since believe smile line local material single establish hotel past hear before teacher.,922,2024-05-23 21:37:50.209105,261,446,News,2013
