post_id,user_id,post_text,post_date,likes,shares,comments_count,Post Category
1,242,Author success report Democrat personal drive true election mouth husband.,2024-04-12 20:57:15.334900,1715,67,371,Personal
2,515,Left authority top laugh rule such front none home doctor six itself art often.,2025-01-25 05:37:06.830485,1743,919,105,Personal
3,627,Difficult bar none sister member to trouble.,2024-06-01 22:13:14.352176,2549,806,342,News
4,213,Chance have tree wife across.,2024-07-28 16:43:34.542234,1332,551,322,Entertainment
5,849,Election radio practice artist call away near together different company.,2024-08-24 11:39:38.090752,2404,31,171,Personal
6,508,Rest up even can learn consumer interest pay heavy human film admit six.,2024-02-19 19:59:58.394886,2253,582,418,News
7,200,Father subject organization return help trouble continue already.,2024-05-24 17:17:38.929264,4054,365,177,Personal
8,700,Level reason learn knowledge card accept including.,2024-04-28 12:25:00.222628,1617,886,123,Personal
9,703,Identify capital hard cost rock base between Congress power opportunity none.,2024-03-26 10:58:29.113652,668,773,365,Entertainment
10,114,Lead long reduce Mrs research right meeting figure matter.,2024-03-14 12:56:24.497159,2018,775,210,Personal
11,88,Very series moment than run generation film newspaper leg.,2025-01-13 02:03:10.195863,3231,167,40,Personal
12,188,Action likely theory second camera population buy north friend election loss ahead use.,2024-02-21 13:55:05.653794,3857,847,43,News
13,481,Forward society herself population child blood consumer former number base treatment out ball parent behavior.,2024-08-16 17:28:10.172225,650,88,416,News
14,643,Shake finish large.,2024-03-20 23:08:06.092748,3553,944,382,Personal
15,539,Include way include stay gun face cut social listen financial.,2024-11-05 04:25:35.902339,4155,266,163,Personal
16,732,Get company both idea story blood several song pressure view economic amount section half.,2024-06-26 03:13:03.943280,4470,206,108,Entertainment
17,896,Decision know near third arm key economy person where either them give.,2024-08-01 11:22:30.569538,1196,877,162,Entertainment
18,242,Must type science gas instead story easy.,2024-03-13 13:25:10.388983,1085,563,358,News
19,47,Become country goal night vote song spring those ever.,2024-10-09 14:51:32.262228,1662,618,93,Personal
20,606,Computer long air manage remain.,2024-06-07 12:22:47.936109,1381,152,487,News
21,460,Maybe join future strong west early special begin car fish remain left.,2024-07-31 09:45:10.400834,2894,975,242,Personal
22,750,Newspaper early nation city become however one chance stay cell hotel simple act simple drug skin important apply.,2024-08-24 09:02:19.390606,4418,878,407,Personal
23,767,Sign what leg perform exist size.,2024-09-10 05:58:57.522653,4794,450,81,News
24,50,She remember design in away theory evidence table put everyone.,2024-08-30 23:58:13.840727,1522,265,103,News
25,609,Visit fund single anyone hand throw buy fact.,2024-07-20 22:04:13.494818,906,56,154,News
26,284,Sense agency court federal answer own team.,2024-09-19 19:53:27.350633,1763,596,466,News
27,258,Her simple interest wish choice oil bag bar down father question clear.,2024-03-08 12:15:35.230433,751,230,86,Entertainment
28,372,Case office yeah six manager trial generation senior available will all stop position.,2024-10-10 15:34:50.578651,3450,641,244,Personal
29,740,Service while best their pretty many suggest bar feeling size charge national.,2024-03-25 22:05:59.081755,4370,264,444,Personal
30,578,Market rule herself approach home action thus which range bad member several experience top happy nation majority.,2024-11-25 07:23:41.853888,422,484,129,Personal
31,686,Miss involve purpose ten bring newspaper receive.,2025-01-10 21:30:17.343363,3850,238,371,News
32,336,These happen trip cup grow car then every star half.,2024-03-07 23:33:36.785717,4318,829,286,News
33,796,Away example condition effect your city.,2024-06-17 07:54:21.921678,236,820,347,News
34,455,Bag together sometimes position thousand discussion.,2024-06-24 23:57:17.364018,3735,783,475,News
35,452,Rate color yet sell relationship area whom police structure eight work edge often computer back nature.,2024-11-14 08:22:51.842333,1495,125,357,Entertainment
36,24,Environment table personal man always difference will improve small civil class ok great.,2024-11-20 13:04:00.157917,4501,262,369,Entertainment
37,255,Cold able analysis space skill fast future mouth.,2024-10-10 03:40:04.337640,2964,693,14,News
38,145,From lay off always exactly southern market front different parent field.,2024-09-06 16:18:35.132697,3041,645,334,News
39,590,Work Mr person sport note party result past drive.,2024-11-28 01:05:32.397071,919,623,165,Personal
40,970,Yard nearly exactly street hope.,2024-10-01 10:55:08.511149,4014,884,437,News
41,750,Add meet evidence beyond admit realize.,2024-10-12 07:24:20.851259,3813,946,380,Personal
42,418,West seat board number billion former free success campaign.,2024-07-23 19:10:20.542806,2725,272,62,Entertainment
43,629,Be return beat according the half star rate race scientist knowledge.,2024-09-17 15:09:34.599226,699,174,73,Entertainment
44,677,Social investment hope last appear process company strategy right break church.,2024-06-07 21:21:57.556416,4691,663,285,Entertainment
45,226,Order live campaign part hit protect receive view maintain almost price.,2024-11-27 10:06:25.757400,503,546,73,Entertainment
46,314,Deal hit pull treatment while national soldier draw around.,2024-04-25 10:42:39.866209,3540,958,342,Entertainment
47,381,First continue arm current organization buy rock explain state tonight because me choice apply bank.,2024-11-17 11:20:55.609695,3773,302,302,Entertainment
48,599,Onto finish crime people especially maintain attack picture free accept through.,2024-12-24 18:47:33.385216,3508,531,478,News
49,356,Range leave agent once occur suffer former film say lawyer.,2024-12-19 02:11:29.195910,1476,2,179,News
50,306,Act yourself none little build poor particularly.,2024-10-10 17:55:45.968073,3372,397,358,Personal
51,804,Have stand leave yeah.,2025-01-14 09:43:42.160305,276,304,64,News
52,374,Watch lot home perform rich well contain war positive herself quickly leader manage card consumer employee fight part.,2024-11-09 14:53:11.452384,1606,160,27,Personal
53,90,Wife professor evening civil fund.,2024-04-19 20:25:28.474353,4087,213,83,Personal
54,928,Role none personal light.,2024-06-12 03:52:39.920152,586,466,38,Personal
55,413,Defense star newspaper base cost exactly open occur go some word education win.,2024-11-15 10:17:32.773226,2686,642,456,News
56,44,Well adult never.,2024-03-10 15:30:54.139759,532,597,301,Personal
57,498,Organization we when enjoy paper attack.,2024-10-29 06:50:52.245912,4860,46,376,News
58,37,Art movement cover almost garden challenge person girl carry thank blood stock professor dog someone.,2024-08-08 02:17:00.353628,4538,910,319,Personal
59,665,Character left notice benefit property seek analysis expect later seat couple forward sign how improve public consider.,2024-05-26 11:28:39.285599,3230,784,218,News
60,508,Represent manager treat guy player baby baby cold run cause race around drug let visit product.,2025-01-14 16:15:21.340037,731,123,402,News
61,457,Man black fast tend college economy east choice teacher reflect police music drop deep according now situation spring.,2024-06-28 23:42:47.458934,3633,174,472,Personal
62,24,Recently task any military civil general such difference.,2024-08-16 23:26:04.797897,4167,185,464,Entertainment
63,695,Near raise single him.,2024-04-20 07:36:28.081799,4491,307,415,News
64,429,Letter against civil important war believe effort fish.,2025-02-06 14:38:37.154933,3422,85,439,Personal
65,831,Adult respond wife loss also trade recently couple.,2024-05-11 08:24:29.408147,61,7,162,Entertainment
66,853,Seat situation front statement century name increase plant certain.,2025-01-20 07:14:42.288215,1953,546,14,Entertainment
67,271,Charge important crime quite season sell drug sort go career.,2024-07-29 00:40:28.039581,2025,930,123,Personal
68,853,Actually record table so pay instead east deep see easy increase challenge wear.,2024-08-16 14:26:45.655153,648,440,183,Entertainment
69,307,Everything around prepare wide can between cost.,2024-08-08 00:17:15.197454,1317,618,413,Entertainment
70,469,Even as none service land social four call information sell someone admit federal she.,2024-12-30 18:13:24.738103,2430,454,426,News
71,676,Form investment technology evening particularly painting fire address crime understand third every.,2024-08-09 04:41:02.857125,3269,729,486,Entertainment
72,416,Talk phone another suffer evidence stuff serve character today future door determine range.,2024-04-01 07:25:38.393660,1477,447,229,Personal
73,920,Pay act card school make next others meeting hair.,2024-05-25 21:42:30.642776,3842,625,276,Entertainment
74,653,Foot event quickly much cost great itself sort dark around may community year degree act dinner difficult either soldier.,2025-01-28 11:03:52.130620,233,862,481,Entertainment
75,325,Strategy skin program PM since act probably too individual history relationship.,2024-04-18 13:37:05.104435,3864,87,138,Personal
76,88,Stay during staff onto the dinner item view soldier.,2024-08-10 13:48:06.096935,2037,59,247,Entertainment
77,731,Each task or speech improve.,2024-09-15 04:54:19.980758,3797,699,135,Entertainment
78,760,Let across yeah reason wind poor become entire technology significant news listen concern.,2024-06-19 01:19:29.125906,2699,454,8,Personal
79,541,First thing which agency sing wide production yourself born big minute back social executive.,2024-05-10 20:13:12.505505,4421,450,301,News
80,515,Test involve consider behavior manager really drive performance risk player when nor.,2024-10-25 11:13:50.580986,463,609,381,Personal
81,728,Though property window us character speech quite happy.,2024-05-22 18:06:27.163725,2389,869,136,News
82,698,Represent necessary kid wind bag generation lose ahead life suggest.,2024-02-22 17:46:38.915078,576,552,399,News
83,141,Page poor remain about action mother late.,2024-07-26 23:46:45.950235,4631,115,204,News
84,972,Ahead help store rest heavy fact debate believe could risk military her six before government put article heavy break fall.,2025-01-01 21:30:54.332439,2440,623,105,Entertainment
85,29,Modern step dark throw authority item deal Republican sure thousand.,2024-11-22 05:05:10.086857,3885,39,210,Entertainment
86,798,Box daughter hold mouth simple black computer throughout always shake box low crime apply.,2025-01-09 19:20:37.014004,2380,19,102,Personal
87,184,Four music political instead public business happen point inside oil.,2024-06-03 06:46:50.801471,293,678,476,News
88,724,See grow always beat grow.,2025-01-13 13:37:27.878144,4572,345,68,Personal
89,952,Speech indicate possible behavior choose agent ok at morning both.,2024-06-09 00:59:41.845543,3859,178,422,Personal
90,419,His live young catch writer possible prepare.,2024-08-01 09:48:59.862933,1468,110,238,Entertainment
91,786,Security and instead article stop their term why certainly.,2024-05-22 20:55:48.585695,2095,557,133,News
92,865,Deep coach center serve.,2024-07-03 17:01:10.507820,4400,246,308,Entertainment
93,611,Move hundred few office.,2024-05-26 11:06:35.178642,3585,10,24,Entertainment
94,665,Third ball attorney current car attorney get pressure either speech election close second others administration local.,2024-08-04 13:28:40.395380,2068,989,153,Personal
95,427,Machine husband quite land receive along success financial.,2024-06-26 11:24:04.805718,2341,656,462,Entertainment
96,28,Time real economic piece article piece behind difficult dinner body reflect cut picture into high maybe development wind east.,2024-02-26 01:10:12.545571,437,361,146,News
97,687,Theory responsibility less true company everyone listen.,2024-09-09 19:14:25.553901,453,508,155,Entertainment
98,13,Mouth agent success article show them with another.,2024-02-22 18:38:24.704108,2190,901,70,Personal
99,590,He push right surface you draw character agreement strong agree.,2024-11-22 02:12:39.287540,4720,846,234,News
100,843,Ok number center indeed baby kind.,2024-10-16 22:47:43.578346,4541,639,220,Personal
101,647,Child art scene lot smile card.,2024-03-25 12:47:45.601758,838,70,378,News
102,680,Run whole visit within cup magazine example common crime.,2024-12-23 01:20:16.417713,4775,997,221,Personal
103,935,Structure theory help inside into question structure.,2024-09-13 07:24:16.094772,3196,608,417,Entertainment
104,135,Perform method discover last key member theory house move indicate must produce that four.,2024-04-15 22:46:44.891763,2861,824,139,Personal
105,643,Grow threat other consumer woman develop best industry.,2024-06-07 08:24:23.284398,484,788,310,Entertainment
106,761,The design court company factor our generation building order white likely.,2024-12-14 23:04:24.367350,3342,79,56,News
107,477,Hard city low television remember thus boy ask.,2024-05-31 03:53:35.363346,3864,198,347,News
108,257,Community yard house instead themselves business responsibility rock own son myself will adult his wish size how.,2024-04-24 03:37:37.770608,304,883,201,Entertainment
109,887,Civil long which cultural consider ever act require knowledge remain low approach whom cultural tonight check reason million true.,2024-10-22 19:11:01.288484,2676,529,420,News
110,260,Push bit describe industry fund those magazine political.,2024-12-11 13:57:57.475069,4265,887,21,Personal
111,443,Company woman federal kitchen task smile.,2025-01-04 03:04:42.286515,742,950,487,Entertainment
112,996,Eat Mr evidence.,2025-01-30 11:23:17.483942,4758,800,141,Entertainment
113,430,Hard tend sort story forget.,2024-07-11 20:45:27.908027,3300,792,489,Personal
114,144,Child six those where large force not and wrong represent single truth out power able people.,2024-05-24 17:45:01.834717,3351,572,445,News
115,556,Time ever rise across there collection way within.,2024-02-15 22:29:41.801502,1066,333,23,Personal
116,217,Lawyer under get every everything include player which bed college two finish.,2024-12-06 14:49:36.614402,3421,147,454,News
117,456,Might develop six end argue painting here culture present computer imagine.,2024-09-21 11:58:57.792791,1232,57,463,Entertainment
118,941,Indicate fall defense adult half stock certain body.,2024-10-20 04:48:23.076219,110,543,6,Personal
119,379,Meet allow woman company performance week soon way know base enter onto nation pretty.,2024-07-26 05:29:47.003429,1665,796,203,News
120,442,Day police out thousand within young feeling after usually.,2024-11-20 05:40:10.046539,2566,367,73,News
121,303,Success final management investment agreement seem attention break become gas financial must positive any.,2024-06-15 18:56:41.385505,211,865,468,Entertainment
122,129,Watch fire out sister occur experience any.,2024-08-21 21:52:58.443346,3383,251,37,Entertainment
123,441,Bill back will true enough group happen star little toward meet truth.,2024-03-09 12:00:13.163591,1821,385,302,Entertainment
124,654,Hot maintain student surface section task picture southern tend best dinner feeling interview sea stop perform real detail scene.,2024-06-05 14:55:17.291421,1355,220,6,Personal
125,548,Half hard value else record security section difficult traditional field help now into.,2025-01-24 02:56:14.520814,1039,966,338,News
126,157,Crime end start partner all mind organization also.,2024-08-15 12:49:31.363756,1923,542,339,Personal
127,622,Consider rock much respond stay positive after personal explain live side visit.,2024-09-13 17:43:28.397768,4862,403,75,Personal
128,411,Daughter style skin medical run design.,2024-06-28 19:40:53.189197,1373,753,19,Personal
129,270,Final the receive story science daughter Democrat occur.,2024-03-04 08:22:50.712712,3113,666,97,News
130,608,Final together husband data mouth break contain probably technology.,2024-10-15 00:19:06.322633,242,185,38,Entertainment
131,74,Generation pattern experience skin list lawyer four red.,2024-12-10 16:06:11.316060,2648,83,400,Personal
132,646,But different alone behind team.,2024-06-22 18:31:04.348221,1719,478,379,News
133,833,Cell half voice else build dark home common economy woman family.,2024-12-25 11:59:34.360132,4154,340,301,News
134,746,Fact hair road participant cause direction task no all teach back.,2024-04-11 08:10:01.803044,1829,602,4,Entertainment
135,974,Sound big sure or woman address start six result any time.,2024-08-28 15:52:33.486913,3430,940,310,Entertainment
136,206,Situation place sense long parent lawyer four our tend.,2024-12-30 10:16:05.506107,3163,32,261,Entertainment
137,927,Last skill career thousand poor consumer offer data hand quality one simple large let value development.,2024-07-07 00:11:32.119541,1572,747,122,Entertainment
138,409,Position natural police impact lay.,2024-06-14 17:38:18.673574,2131,86,220,News
139,469,Surface doctor choice explain building bit road build.,2024-04-05 15:29:08.644523,3159,812,287,Entertainment
140,403,Agency both season want bad now then strategy ahead try remain perform leader politics wide my friend for.,2024-08-07 01:40:07.824655,740,404,82,Entertainment
141,335,Field operation about close especially well information simple.,2024-09-21 23:29:28.379959,3786,599,113,Entertainment
142,463,Moment senior thus huge offer address record seek scientist treat class practice dark might certain use move country.,2024-05-09 20:46:13.482801,120,883,268,Personal
143,90,Clearly return mean step when southern computer.,2024-03-27 21:02:27.975048,4665,626,283,News
