likes,post_category,shares,post_date,user_id,post_id,comments_count,post_text
2326,Personal,399,2025-01-06 22:12:32.552791,973,1,279,Detail gun any newspaper I pattern sea also occur once ten move author garden.
3908,News,974,2024-03-06 05:41:24.777436,583,2,121,Alone east name hot.
2874,Entertainment,508,2025-01-17 02:45:15.470568,406,3,435,Maintain fast three why follow protect ground daughter manage also push research yeah beat.
3222,News,667,2024-11-04 19:40:34.508952,441,4,306,Watch style action our tax will.
4927,News,510,2024-12-20 00:16:30.832338,429,5,306,Rock way head perhaps clear life against anything activity foreign fish arrive find if.
446,Entertainment,79,2024-09-24 00:10:13.500588,119,6,118,Trade itself information energy appear also expect.
808,Personal,275,2024-03-05 19:19:52.264891,170,7,3,Take between late.
1522,News,857,2024-06-13 16:37:14.395171,291,8,156,Want turn provide off per culture.
4896,News,885,2024-03-21 05:29:50.137538,220,9,494,Message save read choose alone trip lot trip performance green scientist bit collection.
950,News,134,2024-05-31 22:58:54.385105,501,10,92,Lose try five raise order watch land population set find determine.
373,Entertainment,397,2024-04-26 08:14:16.781292,913,11,168,Skill probably the meet reflect modern many impact able join executive no.
595,Personal,214,2024-10-26 06:31:03.123938,389,12,184,Game reach herself increase through as police writer.
4700,Entertainment,412,2024-07-24 09:35:49.272986,873,13,227,Source we thousand own collection figure make continue summer end.
871,Entertainment,106,2024-12-12 17:08:26.976779,378,14,283,Head them best window social type medical along hospital talk.
2782,Entertainment,166,2024-04-11 08:47:41.400581,39,15,463,Southern forward organization contain.
3012,News,652,2025-01-28 01:45:26.329481,104,16,97,Only sing subject fill fear fast really kid among him simply worry professor civil rather.
3748,News,994,2024-09-29 14:33:15.957775,527,17,497,Direction detail admit then somebody north.
2710,Entertainment,925,2025-01-12 22:24:50.159891,396,18,64,Offer food easy anyone knowledge within author event kitchen federal film nation vote.
3431,News,635,2024-06-09 02:43:43.891104,675,19,377,Share single enjoy hear feeling daughter herself nature sell bed cost.
2816,News,83,2024-04-08 09:06:54.237944,258,20,266,Lose result everyone prepare ability note article wide budget simple administration fact significant debate deal mission.
3591,Entertainment,359,2024-07-19 01:34:18.300430,357,21,394,But couple ten.
1888,Entertainment,293,2024-09-27 01:19:25.925193,336,22,217,Return professor home floor drug meeting media fine.
786,Personal,420,2024-08-09 20:00:45.243367,713,23,404,Boy so quickly almost why bag military blood drop image fight tend side network security travel Mr.
3098,Entertainment,387,2024-09-01 16:32:46.334708,773,24,158,What trouble goal toward second experience far from ground.
4540,Entertainment,813,2024-09-13 00:47:40.842928,361,25,341,Year community little commercial claim point high possible store various join professional.
3136,Entertainment,56,2024-12-03 01:08:27.842757,22,26,174,Teacher upon can left hear.
3791,Personal,796,2024-10-06 04:19:45.633074,755,27,382,Live father it language than meeting several lay chair tonight.
2620,Personal,668,2024-07-31 02:05:01.630999,928,28,258,Ground talk believe wife machine as event within south stock benefit town level building man quickly after standard.
4156,Personal,727,2024-09-19 05:47:18.427522,659,29,224,Represent positive fact represent sing hair no state cover former discuss keep member score attorney no admit.
2338,News,771,2024-12-19 10:15:19.171780,221,30,404,Indicate avoid hotel other worker strategy goal responsibility organization anything.
440,Personal,12,2024-09-27 01:30:39.170979,32,31,102,Small option since age wide if president ball side approach crime candidate clear.
3409,Entertainment,633,2024-10-28 03:02:32.556179,757,32,260,Page amount north decision try these true friend list big.
643,Personal,862,2024-11-08 23:48:51.067730,329,33,16,Heavy energy already later indicate character easy lay enter strategy.
2506,Personal,463,2025-01-02 04:29:58.699663,811,34,449,Blue security data discussion technology until.
1352,Entertainment,85,2024-05-07 22:52:02.405324,882,35,10,Him control bank different house population run business goal make idea.
1843,Entertainment,224,2024-05-24 05:33:53.040231,639,36,133,Low bar life provide leader follow common never.
3148,News,917,2024-10-31 10:53:24.889514,904,37,15,Measure administration management hear increase home fast civil this city little we.
153,Personal,445,2025-02-09 08:53:32.977784,658,38,196,Case newspaper network.
4256,News,516,2024-06-12 14:06:16.170028,884,39,2,Pm mention either human relate present certain success vote executive.
1606,Personal,454,2024-07-24 12:49:35.497852,33,40,252,Wait all term TV politics.
1238,News,579,2024-11-14 07:06:38.525238,273,41,406,Practice modern west.
2300,Personal,897,2024-03-24 07:25:24.585670,443,42,130,North whatever thing air there easy nearly set law decision but their offer partner any will.
1942,Entertainment,546,2024-05-21 00:09:35.730277,179,43,251,Type size positive run tell shake notice record.
1899,News,481,2024-06-11 11:57:36.418274,130,44,38,Development produce me eight reveal interest.
4647,News,893,2024-09-10 17:59:16.472464,729,45,374,I better fund lot happen process.
1820,Personal,455,2024-05-01 07:50:46.584830,475,46,166,Recent accept general surface painting big director debate lay all leader movement son nearly.
3903,Personal,151,2024-07-27 10:36:46.275215,205,47,56,North box power and decision huge none base result.
4479,Entertainment,863,2024-09-18 11:36:00.574038,451,48,211,Time plan TV reason box smile face everything back.
3839,News,733,2024-03-26 16:58:36.790961,644,49,223,Time inside another exactly some result.
3020,News,815,2024-10-22 07:00:20.954170,440,50,178,Woman find none here large wrong their risk.
4735,Entertainment,713,2025-01-22 14:16:28.378358,244,51,437,Recent into out contain half.
2387,Personal,582,2024-09-24 13:02:40.115376,824,52,452,Prove president its name between.
2111,Entertainment,389,2024-09-28 10:54:58.568660,436,53,465,Main general wide travel.
3684,News,947,2024-03-25 04:18:59.271526,971,54,120,Life eat become themselves find less minute vote later leg crime enjoy.
3858,Personal,273,2024-04-22 20:11:46.667627,911,55,187,Dream bit manage else short wife government law idea center former happen dark wall feel system wife star soldier.
1583,Personal,53,2024-07-31 07:02:39.303658,812,56,133,Everyone skill day base join poor station matter.
685,Personal,675,2024-08-22 00:19:00.586503,23,57,463,Themselves might may indicate it happen store listen measure.
4675,News,487,2024-04-21 13:15:48.342522,704,58,297,Whatever final government meet success student may.
3312,News,389,2024-08-28 05:55:33.980186,415,59,131,Alone write understand body more past boy.
1531,Entertainment,540,2024-07-04 13:15:55.239238,680,60,201,Interview professor structure model safe TV report.
4757,Personal,333,2024-09-29 19:50:03.713477,634,61,479,Type wish stock impact center but stand reveal apply either ground financial.
4310,Personal,903,2024-11-15 19:53:52.942507,6,62,400,Prepare professor center part six fly quickly early often.
70,Personal,154,2024-10-10 12:04:50.255193,878,63,114,Water matter base later old agreement dog safe be once sound service senior room.
744,Entertainment,432,2024-06-07 23:45:58.379816,1000,64,36,Understand every focus reduce ever kind section father material.
1104,Entertainment,533,2024-04-01 14:06:32.086200,102,65,83,Example image may situation.
1019,News,514,2024-08-30 12:28:01.042379,414,66,38,Law since next church senior team result look.
1230,Personal,98,2024-09-15 06:41:44.212463,40,67,500,Issue class turn single writer outside risk give who television herself here media.
3892,News,546,2025-01-04 22:31:36.037465,723,68,420,Like while hope training into out western field remain throughout.
3144,News,884,2024-12-14 13:57:26.597769,452,69,194,Hospital thought man national want wrong new me other.
355,Entertainment,517,2024-06-13 02:44:05.342377,722,70,310,Few attention take language religious cut vote bring.
3427,News,835,2024-12-18 03:43:12.838997,148,71,416,Little describe bit party pull agree fight.
3819,Entertainment,770,2024-08-18 00:40:43.150806,956,72,196,Person such help choice traditional.
1757,News,460,2024-10-07 06:06:03.069366,975,73,228,Someone six option floor cost line baby thing both cup forward investment explain.
2189,News,531,2025-01-19 10:04:55.527189,464,74,173,Pull reality citizen individual.
947,Entertainment,431,2025-01-04 08:13:18.826139,896,75,483,It walk despite miss very agree lead trip law information test structure growth speech.
1059,News,229,2024-09-24 07:54:14.783487,827,76,87,Gas pressure there TV listen.
3162,News,114,2024-08-23 14:34:20.934499,80,77,299,Figure report none themselves finally consider wall good court garden family ok option language bill since fact.
4195,Personal,401,2024-08-09 08:40:46.908975,750,78,500,Local road give wear respond inside source yeah organization lose.
3419,Personal,713,2024-08-23 20:15:44.488394,745,79,1,Next trade culture form about sing ok few dinner official item a feel democratic sort mission manage.
128,News,547,2024-02-29 08:01:58.929240,118,80,471,Tonight include family recent part require page age draw college future player which world.
4965,Entertainment,521,2025-01-12 01:27:18.907332,540,81,330,Defense certain behavior tell fast factor sort she boy ten heart ready.
572,Personal,2,2024-06-21 01:42:57.793529,873,82,1,Book politics but significant suffer that too kind.
4681,News,675,2024-11-05 02:48:40.859507,620,83,90,Must describe contain heart group full actually pass catch.
2167,Personal,579,2024-06-22 20:00:24.697437,184,84,216,Seem trip indeed nearly serve prevent product change recognize actually store board entire road fire source fight federal.
3641,Personal,477,2024-06-07 11:44:58.228550,836,85,262,Exactly beautiful across hour network because possible exist simple financial.
3390,News,958,2024-05-04 14:45:39.696396,657,86,304,Those defense claim forward police way baby summer win decision threat.
249,Personal,531,2024-06-16 14:24:19.800715,708,87,69,Item somebody area impact stage though fund education perhaps agreement us myself.
1174,News,511,2024-12-17 09:55:16.463008,872,88,221,Religious power control event.
713,News,659,2024-07-01 06:58:30.923583,553,89,413,Stuff feel poor glass letter husband main friend manager affect home rich must knowledge she plan.
4099,Personal,860,2024-09-18 14:53:57.044320,459,90,146,Degree clear myself range laugh wall region they picture.
3817,News,966,2024-12-12 07:28:06.073873,259,91,211,Finish floor activity skin hold whose a deep grow agreement.
2477,Personal,954,2024-02-25 03:08:48.432300,168,92,273,Many relationship morning religious hard million event evidence message something night face college.
16,Personal,197,2024-04-30 10:24:36.691060,805,93,40,Perhaps hope wish prevent big conference kind kid customer from.
2175,News,470,2025-01-10 23:16:35.916440,35,94,380,Purpose already wall allow continue onto interest unit.
1845,News,105,2024-03-10 01:04:29.603295,898,95,250,Just film wish.
4558,Entertainment,369,2024-08-29 21:33:47.081572,99,96,413,Seat season window world everybody paper individual management.
2067,Entertainment,585,2024-08-29 06:41:11.254581,875,97,366,Painting wish drug there manager.
640,Entertainment,528,2024-04-25 21:35:48.375341,265,98,476,Hotel explain possible friend energy if light garden strategy.
2433,Entertainment,388,2024-08-19 06:39:25.453679,755,99,77,Defense ahead just require material know recently talk course short between traditional action.
186,Personal,707,2024-08-15 20:19:00.035469,616,100,407,Billion represent environment eat moment word computer work find own.
2843,Entertainment,293,2024-03-26 17:16:45.104100,779,101,27,That as director good need we spend trouble.
4858,Personal,441,2024-09-30 11:05:41.572233,709,102,161,Receive poor only senior a apply life visit dog artist responsibility assume.
1979,Entertainment,904,2025-01-10 18:46:31.796925,374,103,109,Nice owner when itself sea word defense call carry record center management score right tell.
4912,Entertainment,792,2024-09-22 09:14:24.945503,42,104,86,Factor save child use discover side gun expert.
93,Personal,659,2025-01-16 19:29:05.891765,331,105,303,Off rate contain citizen determine government now spring.
2880,News,530,2024-05-17 16:25:15.251950,363,106,170,Specific capital sign old finally idea street mother.
2842,News,865,2025-01-09 21:41:20.854455,966,107,499,Per what business account decide focus some special tax yet drive.
4689,Entertainment,305,2024-03-27 15:59:16.572646,819,108,286,Star somebody in truth find property job amount cover music assume.
793,Personal,571,2024-09-04 00:38:48.893111,522,109,167,Budget thus save establish blue reveal apply tough front.
3467,Personal,605,2024-06-22 01:19:33.853006,137,110,363,Agency available both once spring class health actually stock.
4193,Entertainment,806,2024-11-26 01:47:16.628638,859,111,187,Office culture early amount use lay prepare thought.
713,News,866,2024-12-09 01:27:47.354208,936,112,182,Month environmental image himself look media pretty expect major red nothing age expert ten toward quickly.
4060,News,519,2024-05-20 10:05:53.584206,626,113,395,Per red note drop particularly computer with law necessary.
25,News,949,2024-07-29 23:52:57.170942,423,114,404,Tough hospital policy compare health.
1941,Entertainment,55,2024-08-30 02:10:54.514623,352,115,442,Sing person of now enough reason break road behavior glass one itself surface west particular class.
1363,Personal,273,2024-09-21 03:40:03.183266,370,116,130,Dog building step usually power stage imagine measure.
4210,News,767,2024-04-15 03:40:45.210467,397,117,374,Statement garden note usually right beautiful line door senior game front carry message right that.
2076,Personal,626,2024-12-28 08:01:13.351781,971,118,482,Where such and bank case experience action if boy protect.
2929,Personal,862,2024-10-31 19:00:09.463925,707,119,176,Choice response evening trouble agreement happy day help growth beyond.
143,Personal,305,2024-10-29 16:12:28.220051,744,120,117,Well six evening worker affect see right professor.
802,Entertainment,48,2024-09-23 17:54:22.733274,244,121,328,Must financial she common message program day serve one.
332,Personal,880,2024-05-25 07:59:16.522444,151,122,381,Idea network least find perform indeed huge experience environment guess.
595,Entertainment,77,2024-02-23 05:28:12.386555,523,123,289,Present discover hotel special month also whatever news.
2637,Personal,178,2024-08-14 18:02:40.622741,540,124,306,Wife black woman service take magazine road cell.
2210,Personal,101,2024-05-06 06:18:03.774582,248,125,424,Two include woman although fly system pick performance rock month imagine forward employee.
3193,News,382,2024-06-19 20:35:12.019680,931,126,364,Area someone TV way care station.
2178,Personal,938,2024-08-25 14:06:52.126296,689,127,146,Occur town movement kitchen choice dinner.
1915,Personal,23,2024-08-20 11:25:23.172883,328,128,355,Film wind speech clearly establish military factor bar maybe reveal fill.
3365,Personal,483,2024-09-02 02:37:31.353935,374,129,59,Parent computer reduce wife might defense chance major for.
1198,Entertainment,739,2024-10-04 14:27:41.615279,801,130,67,Democrat wear never trip property room effort table thank.
4880,News,358,2024-09-07 16:13:16.982685,596,131,292,Summer actually whole east mouth test.
258,News,80,2024-03-27 23:54:51.502004,344,132,278,Him employee air often thing argue.
