post_id,user_id,post_text,post_date,likes,shares,comments_count,post_category
1,113,Poor entire now seat senior suggest cold respond front.,2024-07-16 04:38:23.754547,4297,156,312,Personal
2,378,Grow evening key term race everyone minute.,2024-09-23 03:08:48.602468,3846,572,315,Personal
3,161,Future meeting gas pull word red ground feeling art provide white crime institution.,2024-08-26 18:06:13.800380,4244,663,275,Personal
4,461,Land woman save control.,2024-04-10 20:20:19.336926,2203,798,76,Entertainment
5,767,Per nice however coach across theory student month program maintain picture leader.,2024-07-26 13:39:49.215171,1040,752,474,News
6,570,Major activity than number win stay while.,2025-01-03 22:00:53.207047,520,719,411,News
7,890,Away economic region American our situation south parent point or despite author.,2024-04-19 05:34:16.130989,4028,790,318,Personal
8,563,Control dinner international save himself answer risk whether practice popular.,2024-07-16 13:15:25.072949,4692,227,419,Entertainment
9,68,Authority important best court head interesting study north.,2024-10-27 08:22:25.071877,1733,875,456,Entertainment
10,794,Later field voice travel.,2024-05-11 01:01:14.600000,1590,484,182,Personal
11,994,Former form teach accept claim area occur dog film commercial marriage stuff bag.,2024-09-13 20:13:41.619907,3968,221,14,Entertainment
12,2,Hotel shake itself information notice.,2024-02-17 21:23:10.459157,207,352,486,Personal
13,430,Affect tax sister like though like light build chance myself smile.,2024-07-31 12:01:02.855778,828,715,487,Personal
14,774,Account they well make wonder second together necessary analysis.,2024-05-27 18:23:20.332359,4155,374,137,Entertainment
15,737,Street dog certain likely quite.,2025-01-19 17:19:17.090291,2666,510,201,Personal
16,498,Available push worker least fact ability early.,2024-06-07 23:54:08.536073,926,706,283,News
17,214,Toward win name note foot check control daughter on win bit black news develop happen American choice.,2024-03-23 11:21:28.302653,2922,525,21,News
18,480,Wide government water seem simply energy service activity foreign agreement notice nature worry first public travel.,2024-07-15 23:10:17.547874,3110,340,116,Personal
19,717,Ask recognize guy sure probably store sing college home.,2024-11-03 22:37:19.844018,3298,395,433,Personal
20,464,Feeling although himself compare discussion say ok run option.,2024-07-06 22:04:37.376041,1257,149,150,Entertainment
21,969,Necessary great guess above sister black business cover into learn impact ready station.,2025-01-02 21:19:00.240190,2419,481,500,Personal
22,566,Central once interesting glass loss assume various store middle type treat believe among.,2024-05-30 23:01:27.396734,3255,706,448,Personal
23,484,Tree information discussion little here light paper full rise.,2024-06-02 01:07:30.792603,213,93,97,News
24,12,Reveal glass reach authority single yes financial thought effect.,2025-01-12 14:49:15.211051,192,552,9,News
25,673,Structure fight research responsibility simple collection condition war.,2024-11-16 06:07:51.844656,1676,147,50,Personal
26,748,Seem modern hard seem.,2024-06-07 11:59:46.917588,3408,878,246,News
27,433,Fish different peace western keep lead recognize.,2024-12-06 12:00:58.103512,3540,509,36,Personal
28,191,Since any hot drop news fish tree not almost author center lose person what will fish pass.,2025-01-17 21:37:28.569139,2037,330,286,Personal
29,56,Group war here exist news series current allow seven less thus for detail build recently lead understand.,2025-01-21 23:04:24.895896,1969,934,500,Entertainment
30,147,Why door make position service positive lose science ability.,2024-07-11 09:24:17.464292,2642,937,417,Entertainment
31,410,Of necessary production analysis cost bar lead base time fight once represent good miss memory.,2024-04-23 01:01:17.337998,1462,350,4,Entertainment
32,266,Executive model open appear loss today give.,2024-07-27 10:47:43.360970,2724,325,319,Personal
33,715,Throughout game actually however animal clearly tree quickly call such most.,2024-05-25 20:38:40.749929,1093,461,2,Personal
34,185,Some both significant past name at even adult buy car doctor teacher.,2024-11-28 11:41:11.988802,1969,638,475,Entertainment
35,210,Black enter school crime miss idea away finally since end history marriage feeling development meet.,2024-10-27 11:04:22.446009,1061,585,155,Entertainment
36,230,Heavy story value agreement past believe social.,2024-03-03 16:00:17.893032,1636,133,369,News
37,800,Song effort building people another open.,2024-05-26 10:23:41.207459,77,730,379,Personal
38,862,About test sit officer so direction direction always rich decade but certainly station better religious hear.,2024-06-03 02:16:08.602798,7,76,57,Entertainment
39,838,Minute moment ability crime manage up would leader we.,2024-07-08 17:14:46.804397,1958,531,303,News
40,24,Mind people floor drive buy improve inside western deep everyone financial issue TV worry probably red PM decision check else.,2025-01-06 21:04:12.782843,4833,488,73,Personal
41,625,Of magazine sure north force nor community seat but talk compare care process understand.,2024-12-01 06:48:51.313996,3997,955,384,Entertainment
42,753,Risk person until.,2024-03-10 02:00:27.050049,3821,371,236,News
43,663,Moment cultural eye within again American them help wonder analysis.,2024-07-15 14:00:34.017464,4481,544,392,News
44,634,Word father instead shoulder compare analysis minute daughter politics look benefit edge along laugh data way option go.,2024-11-02 18:46:47.631491,4088,742,278,Personal
45,809,Financial rich general risk agency sport last long relationship report determine inside structure.,2024-10-24 16:27:31.234983,3863,685,412,News
46,219,History machine whom reason property almost door another seek century box only clearly add nature receive break.,2024-08-05 03:27:02.600610,396,775,200,News
47,595,Statement oil decide stage home face it everything word.,2024-05-02 12:47:41.514139,3440,801,341,Personal
48,96,Last often girl development matter bag happy happy ready window assume perform Mr resource and.,2024-08-16 10:49:51.378053,2366,0,65,Personal
49,486,Model listen town truth image miss way memory throughout party.,2024-07-09 14:15:05.938535,2142,827,470,News
50,942,Technology budget clearly half Mr save world rest thing about however.,2024-04-25 13:07:55.200557,4149,484,299,News
51,363,Fear we population movie memory medical value.,2024-09-19 01:36:39.764176,391,890,470,News
52,158,Onto machine eight politics campaign.,2024-10-29 09:32:29.811626,417,376,29,Personal
53,852,Industry war cold answer pressure certain question look who.,2024-03-03 07:34:08.905500,4628,839,38,Entertainment
54,848,Out structure discussion management a production tend instead usually alone suffer economic air.,2024-10-27 22:44:19.596991,30,979,89,News
55,946,Local body compare thing baby present bad level nation traditional more southern a.,2024-07-15 21:33:54.880946,4734,933,214,News
56,109,Power role authority training high street.,2024-09-20 07:21:42.207643,3131,352,328,Personal
57,65,Know small agree list show reveal behind treat remain also thus.,2025-01-24 16:36:18.776082,1816,629,130,News
58,687,Full soon reality serious set.,2024-06-16 03:49:45.982985,714,9,140,Personal
59,478,Whole company message.,2024-10-18 17:02:36.274173,1874,39,207,Entertainment
60,115,Something school sound education bed difference exactly sell themselves add.,2025-01-06 05:41:11.886180,3540,83,337,Entertainment
61,512,Simply government then majority.,2024-11-19 09:52:52.440758,916,438,48,Entertainment
62,505,After bring doctor bar environmental because red TV drug against stuff window officer feeling.,2024-05-20 19:18:15.059610,4698,995,20,Personal
63,600,Score nice perform decide especially let plan store film middle stay entire measure drop southern however cup center.,2024-05-20 17:03:24.875871,2916,976,355,News
64,352,Rise trade character physical kind beat.,2024-06-01 20:57:54.263568,4170,258,41,Personal
65,770,Me star at share music doctor condition contain arrive.,2025-02-05 06:01:51.738359,3148,367,200,News
66,106,Care owner TV individual make society.,2024-09-20 04:23:46.975040,1846,574,220,Personal
67,45,Never size base large win significant full far anyone on article ability attention send fall training suddenly.,2024-03-24 23:30:33.816737,2778,754,430,News
68,438,Magazine threat should hit leave share leave dinner training industry.,2024-11-16 06:23:34.671967,3586,387,389,Personal
69,672,Sister after toward oil each suggest only success perhaps certainly successful.,2024-11-06 16:27:22.279631,2277,932,318,Entertainment
70,463,Born item office alone bad purpose manage hear personal.,2024-05-21 06:38:56.000954,4757,789,424,Entertainment
71,634,Tough computer accept owner ten safe federal discover arm rule yes letter at paper kind.,2024-06-21 21:55:37.207432,4066,338,478,Entertainment
72,477,Method rest improve support mind value company interesting full large environment power bar happen read media order yard church.,2024-12-18 14:26:54.671086,3809,473,482,Entertainment
73,854,Opportunity talk world idea down policy opportunity several power thank time way media whether difficult boy certain use serve task.,2024-04-05 06:21:28.977234,1948,639,500,Personal
74,466,Far campaign side air behavior first which.,2024-09-19 02:01:02.605790,2718,644,195,Entertainment
75,721,Off kid beat any amount memory food quite spend bed son maybe price hair ever campaign worry.,2024-07-03 15:44:34.519335,2086,646,409,Entertainment
76,879,Industry blue often need sing war.,2024-03-23 15:49:41.902402,948,14,473,Entertainment
77,542,Who chair forget name.,2024-08-09 15:08:10.320438,508,161,87,Personal
78,683,Little interest forward center why agree.,2024-09-14 07:20:23.469483,4186,752,94,Entertainment
79,583,Information structure certain everybody peace own pretty see voice experience trial hear economic Republican chance region computer from manage.,2024-10-04 19:53:59.735280,1484,57,395,Personal
80,628,South trip interest.,2024-04-14 11:20:33.747045,1426,415,107,Entertainment
81,95,No even camera surface key feeling.,2024-05-31 00:15:12.859079,4585,160,189,Personal
82,38,Daughter national gun go fish if store most other step give nor here deal.,2024-05-10 02:44:12.096144,2680,908,351,Personal
83,27,Right discover size knowledge seem.,2024-09-21 13:39:42.266865,1396,547,59,Personal
84,592,Baby choice consider service election article.,2024-04-04 04:12:44.967165,4911,216,169,Personal
85,614,Simple along source also west ok next agreement cause recognize ok medical push no represent.,2024-10-17 23:48:55.346797,774,139,289,Personal
86,153,Because ability add generation page low summer sister build outside happen goal exist idea.,2024-08-04 00:50:09.810870,3875,521,266,Entertainment
87,956,Dream city good wrong other others thought again blood.,2024-11-13 15:59:33.075931,200,525,413,News
88,452,Difficult might performance owner there never.,2024-03-29 19:24:18.547046,3041,232,65,Entertainment
89,470,Price fear look detail material garden middle land find boy administration.,2025-02-07 04:57:40.580359,4241,372,238,Entertainment
90,218,Strategy quality throughout various five stand radio something science to ever treat per discussion listen same candidate impact anyone.,2024-11-04 22:01:04.879912,1786,6,65,News
91,297,Suddenly red approach resource president attorney big fund glass cup manage.,2024-05-14 02:26:36.471737,1343,302,407,Entertainment
92,590,Participant truth but expect area put box.,2024-06-28 09:52:40.950665,2194,792,27,Entertainment
93,686,Local he low also western knowledge hold design behind heart feeling also sell understand herself.,2024-09-25 10:54:20.626080,2804,107,190,Entertainment
94,534,Part notice news doctor else will represent natural boy to item brother course PM.,2024-08-31 19:59:46.147018,385,232,276,Personal
95,274,Prove I authority term wait say as trouble school rest agree cold agreement art.,2024-12-14 05:24:06.741630,3083,262,107,Personal
96,579,Now policy when cup bag report word new so future ok cell market opportunity.,2024-08-19 07:44:18.939788,636,397,308,Entertainment
97,509,Last fact never.,2024-10-12 10:45:57.820877,970,225,206,Personal
98,9,Him raise analysis somebody officer drop argue political voice just long everyone perhaps market think daughter radio check.,2024-08-05 04:26:56.928519,4320,589,152,News
99,725,Pressure president minute blood direction finally.,2025-02-11 22:11:21.394096,2164,356,317,Personal
100,678,Instead unit wait describe especially article positive may choose partner car boy.,2025-01-19 12:41:56.714393,985,350,289,Personal
101,762,Character accept support thing not soon gas.,2024-07-28 12:58:52.054476,1829,4,208,Entertainment
102,166,Player happy family.,2024-07-21 12:57:53.154621,1931,42,248,Personal
103,749,Meeting poor open list teacher visit say laugh act near natural arm author camera some today he.,2024-09-19 05:30:27.819643,3710,140,420,Personal
104,515,Also act which sell yet traditional.,2024-04-07 21:24:49.793145,2551,610,456,Entertainment
105,948,Dark tell office late could doctor over.,2024-02-24 00:57:14.244855,898,229,64,News
106,920,Usually specific eat within inside attack charge mean prepare former born.,2024-02-29 06:57:58.025687,4479,703,2,News
107,691,Deep sure from alone war number follow indeed too.,2024-03-23 06:44:35.854774,341,676,375,News
108,334,Edge service story want air push question bag focus turn land write raise.,2024-12-26 19:47:31.603818,3385,307,188,Personal
109,848,Most decide easy throughout clear send reveal.,2024-04-25 16:11:49.887719,2001,328,48,Personal
110,88,Total both just blue side.,2024-05-01 09:37:44.173431,457,774,362,News
111,223,Upon no minute human watch series record gas forward miss want yet less little.,2024-10-19 02:55:26.087815,1911,956,42,Personal
112,25,Whose above action go different herself local song allow seven top bed million.,2024-07-10 10:27:55.638871,4875,701,472,Personal
113,233,Name system against travel summer body attorney management every fast beyond student product against.,2024-09-05 01:58:13.611178,4967,42,435,Personal
114,113,Support son bed husband see capital stage pull per capital animal determine.,2024-04-23 05:27:21.501582,639,273,289,Personal
115,380,Kind somebody page dream.,2024-03-20 11:42:37.997367,809,693,317,News
116,582,Statement past realize baby that hear work occur.,2024-04-06 22:20:11.611117,2363,348,69,Entertainment
117,2,Image no every attorney continue medical short threat staff threat our new natural account choice yourself both across.,2024-09-05 10:55:36.633280,2625,403,243,News
118,147,Billion run decision account discuss.,2025-01-23 03:04:02.941244,2999,568,176,Entertainment
119,356,Vote the partner behind look main newspaper push many coach act myself during system this.,2024-06-21 07:02:58.658849,2412,895,484,News
120,980,Party some citizen final Congress happen few wide blood.,2024-12-30 14:03:02.449683,1275,243,349,Personal
121,750,Design partner support spend six ok so follow camera catch enjoy chair least positive throw rock.,2024-03-26 01:37:24.648620,2212,992,302,Personal
122,272,Maintain when senior professional.,2024-06-03 10:02:36.110847,1963,757,102,Entertainment
123,266,Standard design guess second community who national bar.,2024-11-28 04:51:27.039158,1091,997,309,Entertainment
124,212,Husband wear notice decide study brother above show safe factor heavy.,2024-09-30 04:44:49.641833,4396,552,366,Personal
125,731,Research leg write black hear hard be exist.,2024-12-24 05:29:22.425529,3605,962,82,Personal
126,985,Environment head production young seem believe article general yeah story three staff.,2025-01-03 06:44:37.436053,3380,483,338,News
127,862,Can about trade this one serious pay should.,2024-06-09 19:56:05.314970,3294,703,285,News
128,141,Participant deal miss scientist use bad section art issue there magazine candidate.,2024-08-25 23:45:26.591705,4974,454,66,Entertainment
129,41,Soon that finish while lot.,2024-07-04 02:23:23.176241,3914,742,160,Personal
130,122,Could memory stand draw itself happy PM guess environment.,2024-03-09 08:23:31.019169,1245,841,16,News
131,664,Day owner week it two per standard general be sister suddenly become worker suddenly there.,2024-11-09 12:15:33.135146,51,386,482,Personal
132,447,Throw group walk property group focus drop into summer.,2024-10-15 13:31:48.401277,58,498,196,News
133,359,Support eight article American sport along factor political reduce ability hit.,2024-11-29 00:59:48.146817,1891,413,290,Personal
134,512,Tax carry true.,2024-06-14 09:28:46.118020,3553,425,135,News
135,568,Imagine for do appear civil full return artist evening memory vote world share garden serve hospital present soon find.,2024-05-11 06:36:25.762805,1501,297,333,News
136,872,Street once face explain treatment.,2024-06-08 09:42:26.660577,1089,996,79,News
