post_id,user_id,POST TEXT,post_date,likes,shares,comments_count,post_category
1,858,Almost coach on during Mr small south.,2024-04-17 07:24:18.200912,4934,308,320,News
2,881,Here language argue design.,2024-10-18 12:34:52.033710,3784,77,423,News
3,447,Form rich head type myself of night list.,2024-03-12 14:15:19.620584,2231,913,490,News
4,22,Herself contain individual enjoy peace coach not force policy best available possible same.,2025-01-10 03:45:27.613482,2133,74,374,News
5,135,But bag toward into argue year sure human often certainly year day official region.,2024-04-29 23:27:32.857283,3149,887,319,Personal
6,288,To which behavior which federal.,2024-07-30 13:03:02.490275,3324,722,369,Entertainment
7,60,Much address figure low stand local.,2024-09-28 01:45:08.845107,4573,701,60,Personal
8,625,Important hour partner bag participant reach him close professor half almost friend woman spend purpose girl pass.,2024-09-17 09:00:49.615960,2949,412,65,News
9,770,Amount social Congress.,2024-05-09 09:51:30.172885,4215,819,57,News
10,734,As their win hospital force exactly generation free me.,2024-03-10 16:56:08.545372,2438,694,300,Entertainment
11,612,Within moment safe wish surface grow serious rock film true.,2024-09-23 03:08:00.940217,2330,342,70,Personal
12,776,Interview recent game protect various.,2024-03-21 13:29:19.293808,574,810,428,Entertainment
13,765,Class grow cause support entire when long help sense woman far most stop part use.,2024-08-15 01:43:31.028126,2946,151,499,News
14,213,And summer set its question entire artist wide four other part small meet director small.,2024-12-16 20:39:50.743026,4116,364,300,Personal
15,127,Reflect draw least worry require whose third.,2024-11-28 23:39:48.335369,4030,628,176,News
16,823,Magazine degree show Republican life only.,2024-03-14 21:41:23.992083,2191,699,490,Entertainment
17,113,Meeting nation feel top water sing worker sort huge word young dinner nation off yes leave wait answer value raise news.,2024-11-14 05:13:34.515026,540,256,81,News
18,601,Up TV statement responsibility grow four.,2024-09-27 16:17:37.584123,2448,680,47,Entertainment
19,106,Student week door fish bad real.,2024-03-21 09:22:59.665016,4631,726,24,Entertainment
20,794,Hot head need quickly report.,2024-06-10 14:50:22.178433,3315,701,439,Entertainment
21,615,Behavior just effort game drive tell avoid no.,2024-10-24 06:48:35.371109,3535,211,250,Personal
22,532,Crime keep clear official model.,2024-06-22 23:51:50.389354,3261,540,314,Personal
23,603,Ball traditional early still history rise.,2024-08-30 15:32:14.757969,2487,423,340,News
24,367,Approach available himself rather analysis model song young control threat.,2024-05-07 01:26:37.636681,3514,708,393,Personal
25,793,Beyond happy nation would raise attention one successful be but drug artist put meeting price.,2024-12-01 08:41:52.976459,2840,501,479,Entertainment
26,449,Can step lay friend eat natural page week kid individual heart she tell member most oil year article war.,2024-08-20 21:54:56.919549,4526,672,146,News
27,928,Home rate take decade.,2024-07-14 11:51:40.254463,612,182,326,Personal
28,702,Indeed economic design arrive each wish three test sea.,2024-03-26 06:54:38.509068,4677,206,359,Entertainment
29,937,Everyone turn mean program three necessary operation tonight yet bed a.,2024-10-20 08:58:50.999308,1307,768,125,Entertainment
30,838,Painting choose front feeling computer level full by shake ok more yeah dinner sometimes.,2024-08-19 14:57:08.032250,2773,891,7,News
31,783,Example cut bad beat professional reality professional.,2024-03-14 11:00:31.026944,1995,700,10,News
32,43,Science care draw cell ever property travel record sort commercial perform next across usually work.,2024-05-13 12:33:54.398808,4387,460,80,Personal
33,261,Interview nature sound son quite term test student explain interesting improve home.,2024-05-18 09:00:26.144642,867,210,91,News
34,879,Quality range station later measure control father ability analysis range perhaps edge be.,2024-09-27 16:44:57.935811,2997,693,391,Entertainment
35,834,Lead physical take father wonder hold help write off seem yet environment know power international successful.,2024-07-31 21:13:44.224571,285,820,119,Personal
36,867,Health nearly already bring start rather structure officer project they hit discuss.,2024-12-21 10:42:05.020132,4539,78,242,Personal
37,635,Respond fall game its myself fill concern maybe.,2024-03-04 06:25:54.778104,4116,838,112,Entertainment
38,173,Cold ago consumer paper machine.,2024-06-27 02:34:42.733168,1898,43,83,Personal
39,249,Dinner others cause alone memory break fall help member land.,2024-06-29 06:17:10.447207,4462,802,311,Personal
40,809,City side authority gas let buy scene.,2024-08-15 22:08:52.806248,3850,64,47,Personal
41,66,Live recent indicate table season.,2024-12-01 01:52:27.908522,4599,371,104,News
42,452,Possible myself of indeed kid tell like for stay four.,2024-10-14 05:28:13.669741,44,276,430,Entertainment
43,223,Value history property together chance now experience energy here poor various like.,2024-06-20 05:42:20.585075,2926,643,269,Personal
44,851,Themselves thus at people say remain as tough tell then industry Mrs success.,2024-10-05 08:14:39.595750,1420,566,341,News
45,927,Will treatment would around reality.,2024-05-14 10:58:00.306226,2969,919,82,Entertainment
46,81,Live author behind while simply course city.,2024-08-29 07:38:28.781477,455,539,390,News
47,722,Board stage position road food.,2024-07-27 01:05:27.493996,1102,545,378,Personal
48,307,Born just food career office stand baby wind agree visit.,2024-09-08 10:41:14.976790,3977,456,138,Personal
49,695,Use nation page service again good.,2025-01-24 20:37:39.853427,4107,457,50,Entertainment
50,197,Pretty by career cost that scientist money.,2024-10-19 21:00:07.749330,1655,876,210,Personal
51,136,Relate center prove fast produce.,2024-02-26 01:21:42.302177,3570,792,237,News
52,900,Mention music hospital easy.,2024-04-09 14:22:24.231888,1501,160,39,Personal
53,613,Religious box report pressure follow best.,2024-07-14 18:34:17.488883,1333,781,284,Entertainment
54,161,Perhaps better live enjoy number reason continue care class message.,2025-01-22 04:03:01.334180,2269,709,345,Entertainment
55,862,Buy movement well for both moment who.,2024-04-11 14:55:46.314823,2763,112,45,Entertainment
56,733,Affect entire mean safe himself after sound be.,2024-04-09 02:15:26.462941,4344,310,121,Personal
57,667,Director third during affect discover house.,2024-11-09 11:53:06.255511,2075,48,387,Entertainment
58,509,Development man red general current fine actually continue peace example.,2025-01-05 18:31:39.561055,383,543,431,Personal
59,655,Matter boy treat around late play debate term seem message.,2024-11-28 11:55:44.716965,1877,986,17,Personal
60,687,Later by their measure join late.,2024-08-15 07:30:37.085399,1111,270,264,News
61,55,Loss book have for piece school star movement want help street story.,2024-02-23 09:08:30.263932,2278,334,365,News
62,354,Have century him our early head base.,2024-05-20 22:06:19.895017,1005,67,161,Personal
63,94,Pick movement human lawyer election.,2024-03-20 11:25:31.236489,353,547,400,News
64,193,Interesting list remain brother difficult response.,2024-12-25 11:37:21.776742,246,443,495,Personal
65,506,Alone with recent blue perform military increase indeed.,2024-04-14 20:22:06.487589,4450,994,88,Entertainment
66,437,Only why site product short laugh.,2024-04-27 07:18:04.819198,4912,89,479,News
67,788,Argue no short never against get wind plant join gun common officer.,2024-08-01 15:13:10.069477,656,16,463,Entertainment
68,753,Rest word center everything fast break never remain.,2024-09-03 20:29:07.389315,3089,51,300,News
69,410,Value past either person a.,2024-05-27 09:38:49.683030,648,197,375,Personal
70,115,Drop build option land song wonder change word various from rate range where natural possible.,2024-06-23 16:03:23.788611,3400,220,91,Personal
71,624,Generation do instead believe.,2024-06-20 22:22:39.007808,880,841,97,Personal
72,215,Value much others number stay pick.,2024-09-12 23:12:54.800432,2120,278,343,News
73,934,Agency share drop at go role court become school TV third money true assume information marriage course eye behind.,2024-09-10 21:39:58.435096,4234,77,150,Personal
74,309,Assume will radio best claim.,2024-08-02 20:38:57.561418,800,902,374,Personal
75,188,Son despite other present me book civil once away a laugh look.,2025-02-12 10:05:03.724995,3586,215,232,News
76,563,Exactly describe me catch grow final.,2024-09-15 08:10:33.134517,4219,698,18,Personal
77,479,Have raise receive instead head.,2024-09-03 01:51:27.814419,4505,200,27,News
78,29,Usually goal still great.,2024-02-22 15:12:01.394770,4923,519,232,News
79,804,Machine road drive other expect budget close behavior evening reason.,2024-11-18 12:48:20.432392,2269,156,337,Entertainment
80,356,Few town would three your baby adult alone hair trade question glass.,2025-01-20 17:59:45.671109,4480,226,178,Personal
81,977,First in yard clear.,2024-10-13 10:56:11.801262,3527,779,282,News
82,624,Film throughout green investment different.,2024-03-12 00:52:42.040850,1322,134,31,Entertainment
83,721,Government big history letter worker necessary beat card lose wear.,2024-09-14 14:42:54.606605,2783,911,319,Personal
84,239,Tree special head fight form all four war whole board however simple high able tell.,2024-09-06 06:36:27.095811,1100,918,202,Entertainment
85,359,Plant director child effort these between.,2024-09-16 07:34:20.407250,84,390,455,Personal
86,328,Call course start military your manage war thus part myself democratic.,2024-11-17 14:20:44.024407,4608,813,7,Personal
87,43,Official gun machine whose fight.,2025-01-17 16:30:20.523393,822,929,286,News
88,442,Stand way future go look yard food everyone view administration reduce agent couple.,2025-01-30 07:15:49.568383,2848,554,1,Entertainment
89,364,College only yeah week gun rule continue.,2024-09-07 06:01:49.880365,3397,855,488,News
90,836,Fall region young seat deal never coach sort democratic computer guy real include call surface then director.,2024-06-10 07:25:43.266964,3819,683,380,News
91,889,Help firm many building real television music bar security audience.,2024-04-11 05:11:46.149398,4305,678,17,Entertainment
92,963,Appear education leader church join though mention.,2024-04-06 05:33:49.205720,3818,914,276,Personal
93,616,As strategy reach hotel wear speech view road.,2024-07-29 15:08:42.820948,2171,629,27,Entertainment
94,201,Plant very good training out skin kind.,2024-03-12 15:38:50.701985,1234,593,184,Personal
95,820,Seek trade find sing.,2024-05-12 13:12:59.545876,4627,532,468,Personal
96,340,Appear raise home beautiful over process show.,2025-01-13 04:00:00.202772,3623,135,434,News
97,34,Window federal brother age family realize why assume author hotel behind.,2024-02-18 08:02:34.677964,1447,474,142,News
98,198,Side west sign outside out individual international right matter small level cup glass campaign see national medical.,2024-07-22 17:25:52.155406,1382,484,241,News
99,851,Parent pay senior feeling however show central notice voice far him imagine firm.,2024-02-13 18:09:12.967553,1637,339,415,Entertainment
100,10,Choose suggest hospital actually relationship make them would issue chance compare.,2025-01-19 04:57:34.781975,243,705,109,Entertainment
101,79,Reason mean group card also.,2024-06-15 10:31:19.921422,2919,83,67,News
102,869,Student agent improve position seat recently.,2024-05-03 08:51:02.561852,4757,445,255,Personal
103,894,Century bill fall behavior feeling best away sea shake growth hundred call.,2024-05-31 21:14:54.771954,1638,199,495,News
104,865,Pressure debate the stock still improve your mission stay radio budget.,2024-04-06 14:45:57.164671,129,864,409,News
105,635,Economy despite less break theory population animal commercial against.,2024-09-13 07:28:43.272121,2179,873,309,News
106,314,Water few figure south process learn of instead mind.,2024-04-21 05:29:42.012197,1593,741,391,Personal
107,718,Require military both else.,2024-04-29 05:09:13.386938,2350,689,490,Personal
108,973,Wide final political big since his training already author the own describe ask father.,2025-01-19 15:00:29.673017,4372,703,353,News
109,764,Kitchen task material ability state there care your range water let.,2024-04-11 17:10:51.784172,3039,427,456,Personal
110,424,Especially story rate arm best important economic cup media past assume seek others industry top miss easy.,2024-11-11 13:50:08.369071,3651,362,101,Personal
111,269,Sell measure write physical exactly western wife.,2024-12-02 15:19:44.997908,3687,927,339,Entertainment
112,258,School follow listen Mrs nature house Republican network bar tax born area kitchen.,2025-02-09 21:06:45.432225,4663,715,235,News
113,545,See agree enough where change fund course technology health main remain economic itself trial make imagine would great.,2024-12-06 03:37:45.422790,3342,890,285,Entertainment
114,772,Main wait computer prevent police common control factor.,2024-10-08 10:34:03.781683,522,10,102,News
115,323,Bit quality represent society fine save address information political.,2024-10-03 10:00:02.470176,1504,53,375,Entertainment
116,27,Series half paper evidence have attack both remain.,2024-11-17 07:17:01.303143,3301,94,328,News
117,922,Blue add top cost six room this catch.,2025-01-22 05:17:24.658419,1325,508,441,News
118,28,Available note must can number operation often church strategy American.,2025-01-28 18:57:22.172442,3259,328,301,News
119,326,Send public vote prevent sea avoid effect plant fill rise worry light image over military director think national put important up.,2025-02-06 22:48:28.961145,4039,814,181,Entertainment
120,475,Walk security everything I home do customer why expect picture approach together smile.,2024-12-20 10:17:21.132496,1649,569,242,Personal
121,790,Before ready collection organization over edge left.,2025-02-03 16:42:56.328225,3880,793,350,Personal
122,513,Identify help town action cover me possible week reach.,2024-12-04 10:18:01.073374,3597,348,64,News
123,151,Toward reduce security agreement boy region skin probably.,2025-01-17 16:02:38.327019,4655,565,434,Personal
124,813,Behavior idea avoid ok business operation amount beyond Congress.,2024-12-26 21:36:48.156775,4339,493,462,Personal
125,434,Value city budget hit office piece his front put whole.,2024-07-26 09:54:50.337547,448,773,48,Personal
126,289,End she go kitchen accept high someone.,2024-12-17 23:58:38.184684,271,71,55,News
127,604,Statement often more boy trip ten crime bank hotel ready church.,2024-10-01 12:00:08.297297,2300,867,103,Personal
128,253,Child end thank among benefit cup them identify method notice large involve challenge international leader.,2024-08-19 18:13:50.189705,1330,180,361,Entertainment
129,41,Risk after report main property new name fine.,2024-02-24 02:00:59.548087,835,500,272,Personal
130,94,Growth as question fire sometimes social trouble.,2024-08-20 23:47:57.077093,1776,865,395,Personal
131,562,Side mention board almost by another class parent a clearly wait there health share media social young.,2024-08-17 18:44:22.656382,4082,130,72,News
132,570,Look teach child receive consider organization.,2024-10-30 05:04:19.621538,3552,712,409,Personal
133,674,Seat beat listen drop other way despite history up data.,2024-02-18 05:03:40.145538,1786,479,396,News
134,298,Mean our page this inside hear the future specific reason myself tree.,2024-04-26 13:10:42.178227,472,780,402,Personal
135,803,Moment better senior practice hit.,2025-01-23 21:07:03.412482,2708,853,178,Entertainment
136,240,Upon watch party represent.,2024-09-05 08:16:05.457512,2869,559,142,Personal
137,342,Data that weight our shoulder wonder.,2024-11-01 12:29:48.261938,1223,595,384,News
138,807,Long answer hope without dinner million what.,2024-10-18 17:05:48.625887,1606,129,407,Entertainment
139,282,Never feeling among address myself economy chance understand character worker.,2024-06-03 15:24:08.633863,1002,934,15,Entertainment
140,506,Improve particular vote difference measure debate business always management.,2024-07-21 14:39:56.457669,1548,190,16,Personal
141,606,Audience on present part fish service human suffer land.,2024-11-12 11:08:30.477497,2808,401,118,Entertainment
142,109,Theory card amount system trouble memory.,2024-09-08 11:43:16.822150,2455,176,310,News
143,677,Everyone data history choose success.,2024-08-19 01:21:28.994795,1686,126,451,Entertainment
144,878,Option tax simple available hope daughter middle huge position.,2024-06-05 14:04:05.552523,502,85,6,Personal
145,235,Authority environment consider from fine game team technology image seat.,2024-02-14 04:14:59.429446,506,456,152,News
146,807,Significant score peace season special building call environmental education.,2024-03-14 20:51:27.698809,3663,338,23,News
147,398,President floor meeting chance media yeah mention view former ever almost heart leg.,2025-01-03 12:43:19.654526,3070,92,498,News
148,985,Plant past yourself development challenge.,2024-07-29 20:06:10.299514,2283,947,255,Personal
149,316,Generation employee money really reveal.,2024-06-21 08:56:04.337313,2489,894,152,Personal
150,335,The show wife author food measure security watch dinner happen service store.,2024-07-30 21:05:43.752662,3846,696,98,Personal
151,913,Chair sign south black control true meeting ok.,2024-07-15 21:22:29.211020,3671,437,344,News
152,3,This door keep new vote administration sometimes boy indicate brother four somebody near possible law.,2024-06-29 01:42:50.735006,452,980,184,Entertainment
153,2,Answer hot value individual after off improve.,2024-06-24 05:35:39.613232,247,682,54,Personal
154,216,Together through market might social either why walk.,2024-05-15 00:40:20.649900,3273,306,353,Personal
155,85,Again foot national moment item occur edge financial yard company direction step president candidate decide marriage dinner might admit light.,2024-03-20 10:38:04.503781,4041,172,154,Entertainment
156,825,Scientist type coach nothing throw continue ten.,2025-01-26 19:10:01.184589,4419,644,372,Personal
157,112,Interesting early plant property even.,2024-06-06 06:55:26.714306,2901,10,369,Entertainment
158,107,Possible both door type really base.,2025-02-05 11:10:04.258361,1235,800,422,News
159,544,Return society green feeling available relationship.,2024-08-03 01:35:08.280494,1492,560,262,Entertainment
160,856,System poor service establish where kid arrive effect system east lot.,2024-11-14 02:24:36.028270,4921,32,10,News
161,274,Pretty often cost everything cell range space boy force.,2024-11-27 07:18:04.722372,3217,560,170,News
162,6,Yet when very book action kitchen hospital tough citizen this.,2024-09-25 08:54:48.327959,3106,574,191,News
163,383,Bad remember financial TV score man bar including.,2024-11-01 16:46:46.749203,3887,799,178,Entertainment
164,913,Reveal where still any feeling near participant finish use around thank near lose maintain drop option.,2024-08-01 16:27:08.583688,4025,536,229,Personal
165,780,Shake result look take less quite decide third itself.,2024-03-30 16:22:34.824546,1597,220,246,Entertainment
166,574,True just window window participant after happen computer every guess director.,2024-12-16 10:08:57.954341,3235,584,3,News
167,834,Leg public week lot whether.,2024-10-17 20:00:21.997005,1313,967,490,News
168,260,Doctor court fine as lot oil employee beat threat itself our spring dinner.,2024-08-06 06:34:20.101935,4783,970,59,News
169,288,Leader stand serious race seek.,2025-01-10 07:32:51.492956,149,86,161,News
170,580,Back her impact easy society top establish onto others community.,2025-01-09 08:50:34.785697,1538,142,296,Personal
171,452,Hair standard sure south view alone find college ball policy during impact special seven reduce citizen analysis TV would manage pressure.,2024-07-06 23:39:55.151810,3052,425,218,Personal
172,918,We general course mouth give form week magazine language country store.,2024-04-08 22:43:25.207112,4165,24,60,Entertainment
173,551,Degree ask best without teach job poor.,2024-09-01 21:24:22.187112,734,544,182,News
174,969,Everybody tough fear full place indicate idea attention.,2024-04-16 01:43:39.796509,4285,855,410,Entertainment
175,839,Traditional hour purpose choice although wonder require.,2024-06-23 15:56:58.533856,2293,589,217,Entertainment
176,707,Care light west most five necessary organization.,2024-10-24 11:22:19.832218,4920,522,239,Personal
177,586,Good concern help model reduce wait call strong floor area candidate performance.,2024-08-09 12:11:03.874666,2462,205,227,Personal
178,225,Spring open consumer.,2024-03-14 14:22:05.461217,4243,243,237,Entertainment
179,1,Capital certainly lot itself personal past edge hold value hold student art war piece system method.,2025-01-09 00:11:42.844240,3355,510,162,Personal
180,713,Mind without which behavior manager Congress.,2024-12-03 01:32:06.660217,4843,122,79,Personal
181,266,Town body do red song score.,2024-11-24 12:43:16.807731,41,21,362,Personal
182,44,Policy garden budget television early art professor set rate rise.,2024-11-04 17:42:30.802213,4390,224,351,News
183,722,Table hour including food wait group.,2024-04-15 03:58:58.041285,308,512,299,Personal
184,814,Loss week wonder fight thing four figure result market practice off news almost level head.,2024-09-09 07:28:05.019846,1229,627,32,Entertainment
185,799,Level only benefit final job quality.,2024-11-02 16:11:25.914750,1133,249,223,Entertainment
