match_id,team_home,team_away,score_home,score_away,league,match_date
1,AC Milan,Manchester United,3,3,Ligue 1,2024-02-29
2,Real Madrid,AC Milan,1,3,Ligue 1,2024-08-06
3,Real Madrid,Liverpool,3,4,Bundesliga,2024-07-02
4,AC Milan,Bayern Munich,2,5,Bundesliga,2024-08-31
5,Real Madrid,AC Milan,2,4,La Liga,2024-07-06
6,Manchester United,Bayern Munich,3,0,Serie A,2024-08-12
7,Bayern Munich,Barcelona,0,4,Ligue 1,2024-10-12
8,AC Milan,Liverpool,1,1,La Liga,2024-05-09
9,Barcelona,Bayern Munich,3,2,La Liga,2024-08-26
10,Liverpool,Barcelona,0,5,Premier League,2024-10-05
11,Barcelona,Bayern Munich,1,0,Ligue 1,2024-04-02
12,Bayern Munich,Liverpool,2,1,Ligue 1,2024-05-13
13,AC Milan,Real Madrid,5,2,Ligue 1,2024-04-07
14,Bayern Munich,Real Madrid,4,4,Premier League,2024-08-08
15,Bayern Munich,Liverpool,5,2,Ligue 1,2024-07-03
16,AC Milan,Real Madrid,0,1,Serie A,2024-12-19
17,Bayern Munich,Real Madrid,2,0,Ligue 1,2024-08-29
18,Real Madrid,Bayern Munich,1,0,Premier League,2024-04-25
19,Bayern Munich,AC Milan,3,4,Serie A,2024-10-17
20,Liverpool,AC Milan,5,2,Bundesliga,2024-04-24
21,AC Milan,Liverpool,3,1,Premier League,2024-08-19
22,Real Madrid,Liverpool,3,0,Serie A,2025-01-20
23,Barcelona,AC Milan,5,1,Bundesliga,2024-03-22
24,Real Madrid,AC Milan,5,4,Premier League,2024-03-07
25,Barcelona,Liverpool,5,3,Ligue 1,2024-04-27
26,Manchester United,Barcelona,1,5,Bundesliga,2024-04-13
27,Bayern Munich,Barcelona,5,0,La Liga,2024-09-21
28,Liverpool,Bayern Munich,2,3,Bundesliga,2024-10-01
29,Bayern Munich,Barcelona,2,4,Bundesliga,2024-05-07
30,Bayern Munich,Barcelona,4,0,Premier League,2024-03-24
31,AC Milan,Bayern Munich,4,5,Premier League,2024-02-14
32,Real Madrid,Barcelona,4,0,Bundesliga,2025-01-02
33,Barcelona,Real Madrid,4,1,Ligue 1,2024-07-19
34,Bayern Munich,AC Milan,2,3,Serie A,2024-07-19
35,Barcelona,Liverpool,4,2,Bundesliga,2024-11-30
36,Barcelona,AC Milan,0,0,Bundesliga,2024-06-26
37,Manchester United,Bayern Munich,5,2,Premier League,2024-04-12
38,Liverpool,AC Milan,5,3,Bundesliga,2024-09-29
39,Liverpool,Real Madrid,5,1,Bundesliga,2024-11-29
40,Barcelona,AC Milan,4,0,Bundesliga,2024-03-21
41,AC Milan,Barcelona,3,4,Ligue 1,2024-06-10
42,Bayern Munich,Liverpool,4,1,Bundesliga,2024-12-12
43,Bayern Munich,Barcelona,4,1,Ligue 1,2024-07-19
44,Real Madrid,Manchester United,5,0,Ligue 1,2024-08-16
45,Liverpool,Real Madrid,3,3,Ligue 1,2024-02-28
46,Manchester United,Barcelona,3,5,Premier League,2024-07-28
47,AC Milan,Barcelona,2,4,Serie A,2024-11-11
48,Real Madrid,Barcelona,3,3,Serie A,2024-11-27
49,Manchester United,AC Milan,0,0,Serie A,2024-02-22
50,Manchester United,Liverpool,5,2,Premier League,2024-05-12
51,AC Milan,Bayern Munich,2,0,La Liga,2025-02-07
52,Bayern Munich,Barcelona,2,5,Bundesliga,2024-03-05
53,Barcelona,Manchester United,2,2,Ligue 1,2025-01-12
54,Bayern Munich,Manchester United,0,3,Premier League,2024-09-22
55,Real Madrid,Manchester United,1,0,Premier League,2024-07-27
56,Liverpool,Barcelona,3,2,Bundesliga,2024-05-02
57,AC Milan,Manchester United,1,5,La Liga,2024-06-16
58,Manchester United,Real Madrid,3,2,Ligue 1,2024-03-14
59,Barcelona,AC Milan,2,1,Bundesliga,2024-05-26
60,Liverpool,Barcelona,1,1,Bundesliga,2025-01-07
61,Liverpool,Barcelona,2,2,Serie A,2024-03-04
62,Liverpool,Real Madrid,1,3,La Liga,2024-07-31
63,Barcelona,Bayern Munich,1,1,Serie A,2024-02-24
64,Manchester United,Real Madrid,3,3,Premier League,2024-03-08
65,AC Milan,Liverpool,3,4,La Liga,2024-06-07
66,Bayern Munich,Manchester United,2,2,Premier League,2024-02-27
67,AC Milan,Bayern Munich,1,3,La Liga,2024-10-29
68,Manchester United,Liverpool,4,3,La Liga,2024-03-11
69,Bayern Munich,Real Madrid,3,5,Premier League,2024-02-15
70,Bayern Munich,Real Madrid,3,4,La Liga,2024-03-04
71,Barcelona,AC Milan,0,3,Ligue 1,2024-05-12
72,Liverpool,Barcelona,2,1,Premier League,2024-07-28
73,Liverpool,Bayern Munich,4,3,La Liga,2024-03-01
74,Barcelona,AC Milan,2,4,Serie A,2024-05-24
75,Manchester United,Barcelona,4,0,Bundesliga,2024-05-17
76,Bayern Munich,Barcelona,3,3,La Liga,2024-12-21
77,Liverpool,Real Madrid,3,4,Ligue 1,2024-04-23
78,Barcelona,Liverpool,2,2,Bundesliga,2024-04-14
79,Manchester United,AC Milan,4,4,Serie A,2024-09-15
80,Real Madrid,Liverpool,4,3,Premier League,2024-11-03
81,Real Madrid,Manchester United,5,3,Ligue 1,2025-01-14
82,Barcelona,Bayern Munich,4,0,Serie A,2025-01-02
83,Real Madrid,AC Milan,1,3,Premier League,2024-12-05
84,Real Madrid,AC Milan,5,1,Ligue 1,2024-07-24
85,Real Madrid,Barcelona,1,5,Ligue 1,2024-04-22
86,AC Milan,Manchester United,0,2,La Liga,2024-10-11
87,Liverpool,Barcelona,2,0,La Liga,2024-05-06
88,Barcelona,AC Milan,4,5,Bundesliga,2024-05-26
89,AC Milan,Real Madrid,2,0,Bundesliga,2024-02-20
90,Bayern Munich,Liverpool,2,2,Premier League,2024-04-08
91,Manchester United,Liverpool,2,2,Ligue 1,2024-11-19
92,Real Madrid,Manchester United,3,5,Ligue 1,2024-09-15
93,Barcelona,Real Madrid,0,5,Premier League,2024-12-10
94,Real Madrid,Liverpool,2,2,Ligue 1,2024-10-29
95,Barcelona,AC Milan,5,1,Bundesliga,2025-01-19
96,Manchester United,Liverpool,2,0,Serie A,2024-04-08
97,Bayern Munich,Manchester United,2,1,Bundesliga,2024-11-04
98,Real Madrid,AC Milan,2,2,Bundesliga,2025-01-08
99,Manchester United,Bayern Munich,5,0,La Liga,2025-01-16
100,Barcelona,Bayern Munich,2,5,Premier League,2024-11-11
101,Manchester United,AC Milan,2,1,Premier League,2024-10-27
102,Liverpool,Real Madrid,1,4,La Liga,2024-07-05
103,Bayern Munich,AC Milan,4,4,Ligue 1,2024-07-15
104,AC Milan,Bayern Munich,5,3,Ligue 1,2024-07-04
105,Real Madrid,AC Milan,5,4,La Liga,2025-02-08
106,Liverpool,Barcelona,0,1,La Liga,2024-09-09
107,Real Madrid,AC Milan,0,2,Ligue 1,2024-04-01
108,Real Madrid,Barcelona,2,0,Premier League,2024-05-11
109,AC Milan,Bayern Munich,1,4,Bundesliga,2024-12-10
110,Liverpool,AC Milan,0,1,Bundesliga,2024-06-10
111,AC Milan,Manchester United,5,0,La Liga,2024-06-17
112,AC Milan,Liverpool,3,5,Premier League,2025-01-03
113,Manchester United,Liverpool,0,1,Bundesliga,2024-09-24
114,Real Madrid,Liverpool,4,4,Serie A,2025-01-29
115,Bayern Munich,AC Milan,5,5,La Liga,2024-10-10
116,Manchester United,Liverpool,2,3,Premier League,2024-11-06
117,Bayern Munich,Barcelona,5,0,Serie A,2025-01-28
118,Bayern Munich,Manchester United,1,3,Ligue 1,2024-09-14
119,Bayern Munich,Real Madrid,2,5,Ligue 1,2024-07-24
120,Manchester United,Barcelona,1,2,Premier League,2024-10-12
121,Barcelona,Real Madrid,1,3,Ligue 1,2024-02-22
122,Manchester United,Liverpool,2,3,Premier League,2024-09-04
123,Barcelona,Liverpool,3,1,Serie A,2024-12-17
124,Manchester United,Real Madrid,3,2,Ligue 1,2024-06-08
125,Real Madrid,Liverpool,2,0,Serie A,2024-04-11
126,Manchester United,Liverpool,4,4,Serie A,2025-02-08
127,Liverpool,Real Madrid,3,4,La Liga,2024-05-01
128,Barcelona,Real Madrid,0,0,Premier League,2024-10-29
129,Barcelona,Liverpool,5,0,La Liga,2024-04-22
130,Real Madrid,Bayern Munich,5,3,Premier League,2024-10-16
131,Real Madrid,Barcelona,0,0,La Liga,2024-03-08
132,Barcelona,Bayern Munich,5,3,Serie A,2025-01-06
133,Real Madrid,Liverpool,0,5,Bundesliga,2024-07-13
134,Manchester United,Bayern Munich,0,2,Bundesliga,2024-05-17
135,Manchester United,Real Madrid,2,5,La Liga,2024-11-10
136,Barcelona,AC Milan,2,1,Ligue 1,2024-08-21
137,Liverpool,Real Madrid,2,4,Ligue 1,2024-08-08
138,AC Milan,Real Madrid,5,2,Premier League,2024-09-20
139,Barcelona,AC Milan,5,3,Premier League,2024-03-13
