Match Id,team_home,team_away,score_home,score_away,league,match_date
1,Real Madrid,Manchester United,1,2,Bundesliga,2024-05-15
2,AC Milan,Liverpool,2,3,Premier League,2025-01-19
3,Barcelona,Manchester United,5,3,Bundesliga,2024-05-18
4,Bayern Munich,Manchester United,0,3,Premier League,2024-08-07
5,Barcelona,Liverpool,2,1,Ligue 1,2024-05-22
6,Liverpool,Bayern Munich,3,1,La Liga,2024-02-20
7,Bayern Munich,AC Milan,3,1,Bundesliga,2024-02-22
8,Barcelona,Real Madrid,4,4,Premier League,2024-06-23
9,Barcelona,Liverpool,2,2,Serie A,2024-07-25
10,Liverpool,Manchester United,1,1,Bundesliga,2024-11-12
11,Real Madrid,Bayern Munich,4,5,Serie A,2024-08-04
12,Barcelona,AC Milan,1,2,Ligue 1,2024-04-05
13,Liverpool,Manchester United,3,2,La Liga,2024-05-30
14,AC Milan,Bayern Munich,5,4,Serie A,2024-07-21
15,Manchester United,Liverpool,4,0,Serie A,2025-01-26
16,Bayern Munich,Manchester United,4,2,La Liga,2024-05-07
17,Real Madrid,Bayern Munich,5,5,Premier League,2024-10-14
18,Manchester United,Real Madrid,0,0,Premier League,2024-05-10
19,Manchester United,Liverpool,5,0,Ligue 1,2024-09-23
20,Barcelona,AC Milan,4,4,Premier League,2024-09-21
21,Liverpool,Manchester United,5,3,Serie A,2025-02-09
22,Bayern Munich,Real Madrid,3,3,Premier League,2024-03-20
23,Liverpool,Manchester United,0,5,Ligue 1,2024-10-30
24,AC Milan,Manchester United,0,3,Serie A,2024-07-14
25,Manchester United,Liverpool,4,2,Premier League,2024-07-07
26,Real Madrid,Bayern Munich,0,4,Ligue 1,2024-07-06
27,Bayern Munich,AC Milan,5,1,Bundesliga,2024-04-11
28,Real Madrid,Liverpool,0,4,Serie A,2024-07-13
29,Manchester United,Bayern Munich,1,5,Premier League,2024-10-15
30,AC Milan,Bayern Munich,1,2,Bundesliga,2025-01-28
31,AC Milan,Manchester United,0,4,Bundesliga,2024-12-26
32,Liverpool,Bayern Munich,1,0,La Liga,2024-05-21
33,Real Madrid,Manchester United,3,4,La Liga,2025-02-02
34,Manchester United,Bayern Munich,2,5,Ligue 1,2024-10-13
35,Barcelona,Manchester United,1,3,Bundesliga,2024-07-05
36,AC Milan,Manchester United,2,5,La Liga,2024-04-26
37,Barcelona,AC Milan,4,2,Serie A,2024-07-12
38,Manchester United,Liverpool,2,1,Premier League,2024-12-22
39,Manchester United,Barcelona,3,5,Serie A,2024-03-08
40,Bayern Munich,Barcelona,0,4,Ligue 1,2025-01-28
41,Barcelona,Manchester United,4,5,Serie A,2024-02-24
42,Barcelona,Bayern Munich,3,4,Bundesliga,2024-09-24
43,Liverpool,Real Madrid,3,2,Serie A,2024-10-14
44,Bayern Munich,AC Milan,4,5,Serie A,2024-02-15
45,Liverpool,Manchester United,2,3,La Liga,2024-10-08
46,Manchester United,Liverpool,3,3,Bundesliga,2024-08-06
47,Liverpool,Bayern Munich,3,3,La Liga,2024-06-15
48,Real Madrid,Barcelona,4,3,Bundesliga,2024-09-18
49,Bayern Munich,Barcelona,2,0,La Liga,2024-03-13
50,Bayern Munich,Liverpool,4,0,La Liga,2024-09-08
51,Bayern Munich,Manchester United,2,1,Bundesliga,2024-08-03
52,Barcelona,Bayern Munich,2,4,Serie A,2024-05-24
53,Real Madrid,Manchester United,0,0,Ligue 1,2024-03-29
54,Barcelona,Real Madrid,1,4,Ligue 1,2024-09-09
55,Barcelona,Manchester United,4,3,Premier League,2024-07-17
56,AC Milan,Liverpool,1,1,Premier League,2024-04-06
57,Bayern Munich,Real Madrid,4,4,Bundesliga,2024-10-03
58,Real Madrid,Barcelona,2,4,Premier League,2024-04-28
59,Liverpool,Real Madrid,5,3,Bundesliga,2024-12-25
60,Liverpool,Manchester United,4,1,La Liga,2024-04-12
61,Liverpool,Real Madrid,3,4,La Liga,2024-11-24
62,Real Madrid,AC Milan,3,3,Bundesliga,2024-08-30
63,Manchester United,Real Madrid,0,5,Premier League,2024-10-30
64,AC Milan,Bayern Munich,5,5,Serie A,2025-01-04
65,Real Madrid,Barcelona,2,5,La Liga,2024-05-16
66,Bayern Munich,Manchester United,5,1,Ligue 1,2024-10-05
67,AC Milan,Liverpool,3,0,Premier League,2025-02-06
68,AC Milan,Real Madrid,5,1,Ligue 1,2024-05-14
69,Real Madrid,Manchester United,2,4,Serie A,2024-03-16
70,Barcelona,Real Madrid,3,3,Serie A,2025-01-10
71,Liverpool,Bayern Munich,1,2,La Liga,2024-03-29
72,Liverpool,Real Madrid,4,3,La Liga,2024-10-24
73,Bayern Munich,AC Milan,3,5,La Liga,2024-05-22
74,AC Milan,Real Madrid,1,3,Serie A,2024-07-27
75,Manchester United,Barcelona,5,3,Ligue 1,2024-08-07
76,Manchester United,Barcelona,5,2,Premier League,2025-01-24
77,Real Madrid,Bayern Munich,5,4,Premier League,2024-10-14
78,Manchester United,Barcelona,5,2,Bundesliga,2024-07-20
79,Real Madrid,AC Milan,2,1,Bundesliga,2024-10-20
80,Bayern Munich,Barcelona,4,4,Bundesliga,2025-01-16
81,AC Milan,Real Madrid,2,1,Premier League,2025-01-06
82,Liverpool,Barcelona,2,0,Bundesliga,2024-10-30
83,Manchester United,AC Milan,5,1,Bundesliga,2024-07-12
84,AC Milan,Barcelona,2,1,Bundesliga,2024-12-06
85,Real Madrid,Barcelona,5,3,Serie A,2024-06-23
86,Barcelona,Manchester United,5,3,Ligue 1,2025-01-14
87,Manchester United,Real Madrid,1,0,Serie A,2024-02-29
88,AC Milan,Real Madrid,1,1,Ligue 1,2024-07-07
89,Bayern Munich,Manchester United,2,4,Ligue 1,2024-05-15
90,Manchester United,Real Madrid,5,0,Premier League,2024-08-25
91,Liverpool,Bayern Munich,5,4,Premier League,2024-12-11
92,Liverpool,Manchester United,2,0,Premier League,2025-01-03
93,Real Madrid,Liverpool,1,4,Ligue 1,2024-03-09
94,Barcelona,Liverpool,0,4,La Liga,2024-04-20
95,Real Madrid,Bayern Munich,3,4,Premier League,2025-01-26
96,Barcelona,AC Milan,0,3,La Liga,2024-11-06
97,Bayern Munich,Liverpool,4,3,La Liga,2024-11-18
98,Real Madrid,AC Milan,2,4,Bundesliga,2024-05-20
99,Liverpool,Bayern Munich,1,4,La Liga,2024-09-12
100,AC Milan,Manchester United,4,1,Bundesliga,2024-09-25
101,AC Milan,Bayern Munich,4,2,Ligue 1,2024-09-18
102,Barcelona,Real Madrid,1,3,Bundesliga,2024-09-06
103,Real Madrid,Liverpool,5,4,La Liga,2024-10-28
104,AC Milan,Barcelona,5,4,Serie A,2024-05-16
105,AC Milan,Barcelona,3,4,La Liga,2024-12-10
106,AC Milan,Bayern Munich,3,0,Ligue 1,2025-01-19
107,Manchester United,Barcelona,5,0,Serie A,2024-04-23
108,Manchester United,Bayern Munich,2,3,Ligue 1,2024-12-31
109,Manchester United,Barcelona,2,5,Bundesliga,2024-10-14
110,AC Milan,Barcelona,1,0,Premier League,2024-05-17
111,Manchester United,Real Madrid,5,5,Bundesliga,2024-02-29
112,AC Milan,Liverpool,2,2,Bundesliga,2024-03-19
113,AC Milan,Real Madrid,4,5,Bundesliga,2024-07-25
114,Manchester United,Real Madrid,5,2,Bundesliga,2024-07-26
115,AC Milan,Bayern Munich,0,3,Bundesliga,2024-10-11
116,Bayern Munich,AC Milan,4,4,Premier League,2024-11-27
117,AC Milan,Barcelona,2,4,Bundesliga,2024-07-09
118,Barcelona,Bayern Munich,5,2,Ligue 1,2024-08-06
119,Manchester United,AC Milan,4,1,Premier League,2024-09-04
120,Liverpool,Barcelona,1,0,Ligue 1,2024-09-10
121,Bayern Munich,Liverpool,0,1,Serie A,2024-08-20
122,Barcelona,Real Madrid,0,0,Serie A,2024-05-27
123,Real Madrid,Manchester United,4,3,Premier League,2024-04-18
124,Bayern Munich,Barcelona,4,1,Bundesliga,2024-07-31
125,Liverpool,Barcelona,0,0,La Liga,2024-08-02
126,Real Madrid,Bayern Munich,4,4,Bundesliga,2024-05-27
127,Bayern Munich,Barcelona,4,3,Ligue 1,2024-04-23
128,AC Milan,Liverpool,4,1,Premier League,2024-07-16
129,Liverpool,AC Milan,4,5,La Liga,2024-03-05
130,Liverpool,Bayern Munich,3,2,Ligue 1,2024-11-08
131,AC Milan,Barcelona,2,0,Serie A,2024-04-30
132,Liverpool,Real Madrid,2,5,La Liga,2024-12-27
133,Real Madrid,Bayern Munich,4,4,Bundesliga,2024-12-21
134,Liverpool,Bayern Munich,4,2,Serie A,2024-05-26
135,AC Milan,Bayern Munich,5,4,Bundesliga,2025-01-01
136,Manchester United,AC Milan,0,1,Premier League,2024-08-31
137,AC Milan,Bayern Munich,2,2,Ligue 1,2024-12-25
138,Bayern Munich,Manchester United,0,1,Bundesliga,2024-08-18
139,AC Milan,Barcelona,3,5,Premier League,2024-04-12
140,AC Milan,Real Madrid,3,0,Serie A,2025-02-06
141,Bayern Munich,Real Madrid,5,2,Ligue 1,2024-10-17
142,AC Milan,Real Madrid,3,5,Premier League,2024-11-04
143,Manchester United,Barcelona,4,1,La Liga,2024-04-22
144,Bayern Munich,Barcelona,4,3,Bundesliga,2024-02-17
145,Bayern Munich,Liverpool,2,2,Ligue 1,2024-07-17
146,Liverpool,Manchester United,3,0,Ligue 1,2025-02-05
147,Bayern Munich,AC Milan,1,3,Premier League,2024-11-28
148,Manchester United,Liverpool,3,5,Premier League,2024-06-08
149,AC Milan,Barcelona,4,4,Ligue 1,2024-08-25
150,Manchester United,AC Milan,1,4,La Liga,2024-06-26
151,Barcelona,AC Milan,4,5,Premier League,2024-05-06
152,Manchester United,AC Milan,3,1,Serie A,2024-06-26
153,Manchester United,Liverpool,1,0,Serie A,2024-11-08
