match_id,team_home,team_away,score_home,score_away,league,match_date
1,Manchester United,Real Madrid,4,2,Ligue 1,2024-05-24
2,Barcelona,Manchester United,1,1,Premier League,2024-12-23
3,Real Madrid,Bayern Munich,1,1,Serie A,2024-10-05
4,Barcelona,Real Madrid,2,2,Bundesliga,2024-10-31
5,Real Madrid,Manchester United,1,5,La Liga,2025-01-26
6,Real Madrid,Bayern Munich,5,4,Premier League,2024-04-21
7,Barcelona,Bayern Munich,1,1,Premier League,2024-12-26
8,Manchester United,Liverpool,2,5,Serie A,2024-12-13
9,Barcelona,Liverpool,0,0,Ligue 1,2024-12-18
10,Real Madrid,Manchester United,0,3,Serie A,2024-02-14
11,Real Madrid,Liverpool,4,4,Premier League,2024-12-17
12,Real Madrid,Barcelona,1,0,Bundesliga,2024-02-28
13,Barcelona,Real Madrid,1,1,Bundesliga,2024-12-30
14,Manchester United,Bayern Munich,3,2,Bundesliga,2024-09-13
15,Manchester United,Bayern Munich,0,3,Ligue 1,2024-08-08
16,Barcelona,Manchester United,0,3,Serie A,2024-05-01
17,Bayern Munich,AC Milan,4,5,Premier League,2024-03-06
18,Manchester United,Real Madrid,3,2,Bundesliga,2024-09-01
19,AC Milan,Manchester United,1,2,Premier League,2024-03-15
20,Liverpool,Manchester United,1,5,Premier League,2025-01-15
21,Liverpool,Manchester United,0,4,Bundesliga,2024-06-26
22,Barcelona,Bayern Munich,3,5,Premier League,2024-12-18
23,Bayern Munich,Liverpool,3,2,Premier League,2024-12-30
24,Manchester United,AC Milan,2,4,Serie A,2025-02-09
25,Manchester United,Real Madrid,0,5,La Liga,2024-12-15
26,AC Milan,Manchester United,2,5,La Liga,2024-09-22
27,Manchester United,Barcelona,2,2,Serie A,2024-03-20
28,AC Milan,Barcelona,2,3,Ligue 1,2024-04-21
29,Liverpool,AC Milan,0,2,La Liga,2024-04-04
30,Bayern Munich,AC Milan,0,5,La Liga,2024-10-17
31,Liverpool,Real Madrid,2,0,Premier League,2024-09-03
32,Manchester United,Barcelona,2,2,Premier League,2024-08-01
33,Barcelona,Manchester United,3,2,La Liga,2024-09-05
34,Liverpool,AC Milan,4,5,Serie A,2024-06-29
35,Barcelona,Liverpool,0,3,Bundesliga,2024-05-03
36,Real Madrid,Bayern Munich,3,3,Serie A,2024-09-23
37,Barcelona,Liverpool,3,4,La Liga,2024-07-17
38,Bayern Munich,Manchester United,5,3,Bundesliga,2024-05-10
39,Liverpool,Manchester United,1,5,Serie A,2024-10-23
40,AC Milan,Barcelona,2,0,La Liga,2025-01-14
41,Manchester United,Bayern Munich,1,5,Ligue 1,2024-08-09
42,Bayern Munich,Barcelona,0,4,Ligue 1,2024-10-04
43,Liverpool,Barcelona,4,4,Bundesliga,2024-05-18
44,Bayern Munich,Liverpool,3,4,Bundesliga,2024-09-08
45,Manchester United,Barcelona,3,3,La Liga,2024-10-13
46,Liverpool,Real Madrid,2,1,Bundesliga,2024-04-24
47,Barcelona,Real Madrid,0,4,Ligue 1,2025-01-03
48,Real Madrid,Liverpool,1,5,Ligue 1,2024-12-16
49,Bayern Munich,Manchester United,4,5,La Liga,2024-05-08
50,AC Milan,Liverpool,5,5,Bundesliga,2024-10-18
51,Barcelona,Liverpool,0,3,Bundesliga,2024-06-05
52,Manchester United,Real Madrid,2,4,Ligue 1,2024-09-23
53,Liverpool,Real Madrid,5,0,Ligue 1,2024-12-16
54,Manchester United,Liverpool,2,0,Serie A,2024-12-04
55,Manchester United,Barcelona,4,1,La Liga,2024-08-23
56,Bayern Munich,Barcelona,1,3,Ligue 1,2024-08-10
57,Liverpool,AC Milan,4,4,Premier League,2024-10-07
58,AC Milan,Manchester United,5,3,Ligue 1,2024-06-19
59,AC Milan,Barcelona,0,0,La Liga,2024-06-27
60,Manchester United,AC Milan,5,5,Serie A,2024-12-09
61,Liverpool,Real Madrid,0,2,Serie A,2024-02-23
62,Barcelona,AC Milan,2,4,Serie A,2025-01-23
63,Real Madrid,Bayern Munich,5,3,Bundesliga,2024-04-05
64,Liverpool,Manchester United,5,0,Ligue 1,2024-04-13
65,AC Milan,Barcelona,3,2,Bundesliga,2024-10-24
66,Manchester United,Real Madrid,2,5,Bundesliga,2024-07-18
67,Manchester United,Real Madrid,4,5,Bundesliga,2024-10-19
68,AC Milan,Barcelona,5,3,La Liga,2024-08-29
69,AC Milan,Bayern Munich,0,3,Ligue 1,2024-02-26
70,Manchester United,Liverpool,3,2,Serie A,2024-07-26
71,Barcelona,Real Madrid,5,4,Premier League,2024-07-20
72,Barcelona,Bayern Munich,5,2,Bundesliga,2024-09-12
73,Manchester United,AC Milan,2,5,Ligue 1,2024-08-18
74,Bayern Munich,Barcelona,0,1,Bundesliga,2025-01-31
75,Real Madrid,Barcelona,3,4,Premier League,2024-12-06
76,Manchester United,Real Madrid,3,4,Ligue 1,2024-12-31
77,Liverpool,Bayern Munich,2,2,La Liga,2025-01-18
78,Liverpool,AC Milan,3,5,Ligue 1,2024-12-19
79,Real Madrid,Barcelona,4,4,Premier League,2024-06-17
80,Bayern Munich,AC Milan,0,4,Ligue 1,2025-01-30
81,Barcelona,Liverpool,4,0,Serie A,2024-07-12
82,Liverpool,Bayern Munich,2,1,Ligue 1,2024-09-17
83,Liverpool,AC Milan,3,0,Bundesliga,2024-08-16
84,Real Madrid,Manchester United,2,3,Ligue 1,2024-09-11
85,Bayern Munich,Real Madrid,0,3,La Liga,2024-04-03
86,Bayern Munich,AC Milan,0,1,Premier League,2024-11-12
87,Real Madrid,Barcelona,3,2,Ligue 1,2024-10-22
88,Barcelona,Manchester United,5,3,Bundesliga,2024-07-22
89,Manchester United,Real Madrid,2,2,Ligue 1,2024-05-22
90,Liverpool,Barcelona,5,4,Ligue 1,2024-10-17
91,AC Milan,Liverpool,3,5,La Liga,2024-04-21
92,Liverpool,Bayern Munich,4,3,Bundesliga,2025-01-31
93,AC Milan,Manchester United,3,3,Bundesliga,2024-05-20
94,Manchester United,Real Madrid,0,2,Bundesliga,2024-03-16
95,Real Madrid,Bayern Munich,1,3,Serie A,2025-01-23
96,Manchester United,Barcelona,2,1,Ligue 1,2024-02-15
97,Liverpool,Manchester United,1,4,Bundesliga,2024-08-03
98,Manchester United,Real Madrid,0,5,Serie A,2024-04-01
99,Barcelona,Manchester United,1,3,Ligue 1,2024-05-04
100,Real Madrid,Manchester United,5,4,Ligue 1,2024-06-27
101,AC Milan,Liverpool,1,4,La Liga,2024-10-15
102,Manchester United,AC Milan,4,4,Bundesliga,2025-01-29
103,Bayern Munich,AC Milan,3,1,Bundesliga,2024-12-20
104,Manchester United,AC Milan,5,4,Premier League,2024-04-20
105,Bayern Munich,Liverpool,3,4,Premier League,2024-03-03
106,Liverpool,Barcelona,1,4,Bundesliga,2024-05-09
107,Barcelona,Bayern Munich,2,1,Serie A,2024-08-31
108,Real Madrid,Barcelona,5,3,Premier League,2024-09-07
109,Barcelona,AC Milan,4,4,Bundesliga,2024-12-17
110,Bayern Munich,Barcelona,4,1,Premier League,2024-02-16
111,Manchester United,Bayern Munich,3,2,La Liga,2024-06-21
112,Real Madrid,Liverpool,1,5,Bundesliga,2024-07-28
113,Bayern Munich,Liverpool,3,2,Premier League,2025-01-23
114,AC Milan,Manchester United,3,5,Serie A,2025-02-04
115,Bayern Munich,Liverpool,5,4,Bundesliga,2024-07-03
116,Manchester United,Liverpool,2,2,Serie A,2024-06-08
117,Barcelona,Bayern Munich,2,1,Serie A,2024-03-14
118,Real Madrid,Barcelona,4,4,La Liga,2024-02-29
119,Bayern Munich,AC Milan,3,3,Premier League,2024-07-07
120,Bayern Munich,AC Milan,1,2,Ligue 1,2024-02-13
121,Liverpool,Manchester United,4,3,La Liga,2024-05-19
122,Barcelona,Real Madrid,5,0,La Liga,2024-07-11
123,Liverpool,Barcelona,5,5,Premier League,2024-05-12
124,AC Milan,Real Madrid,3,4,La Liga,2024-09-16
125,AC Milan,Liverpool,2,3,Bundesliga,2024-08-08
126,Liverpool,Manchester United,5,2,Premier League,2024-08-25
127,Manchester United,Bayern Munich,1,3,Ligue 1,2024-03-27
128,Bayern Munich,AC Milan,1,2,La Liga,2024-09-28
129,Barcelona,Manchester United,0,3,La Liga,2025-02-07
130,AC Milan,Real Madrid,0,3,Ligue 1,2025-01-28
131,AC Milan,Barcelona,5,4,Bundesliga,2024-11-12
132,Manchester United,Liverpool,1,3,La Liga,2024-11-15
133,Liverpool,Barcelona,4,3,Ligue 1,2024-10-08
