match_id,team_home,team_away,score_home,score_away,league,match_date
1,Barcelona,Bayern Munich,4,2,La Liga,2024-12-05
2,AC Milan,Manchester United,2,0,La Liga,2024-09-01
3,Liverpool,Barcelona,2,5,La Liga,2024-04-24
4,Liverpool,Real Madrid,1,0,Premier League,2024-05-21
5,Manchester United,Real Madrid,2,3,Bundesliga,2024-02-18
6,AC Milan,Bayern Munich,1,1,Ligue 1,2024-08-14
7,Real Madrid,AC Milan,2,0,Premier League,2024-12-30
8,Bayern Munich,Manchester United,5,3,Premier League,2024-03-23
9,Liverpool,Bayern Munich,5,1,La Liga,2024-12-07
10,AC Milan,Real Madrid,1,2,Premier League,2024-11-24
11,Manchester United,Bayern Munich,1,0,La Liga,2024-12-03
12,AC Milan,Manchester United,0,1,Bundesliga,2024-04-16
13,Real Madrid,Manchester United,0,3,Serie A,2024-03-31
14,Bayern Munich,AC Milan,5,1,La Liga,2024-03-13
15,Liverpool,Real Madrid,5,0,Bundesliga,2024-04-09
16,Bayern Munich,Manchester United,4,4,Premier League,2024-04-09
17,Manchester United,AC Milan,3,3,Serie A,2024-03-12
18,Manchester United,Barcelona,3,4,Premier League,2024-05-24
19,Barcelona,Real Madrid,5,1,Serie A,2024-03-10
20,Barcelona,AC Milan,4,5,Bundesliga,2024-11-18
21,Liverpool,Bayern Munich,0,0,Ligue 1,2025-01-01
22,Liverpool,Manchester United,0,2,Bundesliga,2024-03-09
23,Real Madrid,Manchester United,0,3,La Liga,2024-02-23
24,Real Madrid,Manchester United,3,1,Premier League,2024-07-11
25,Barcelona,Bayern Munich,3,0,Bundesliga,2024-08-01
26,Manchester United,Real Madrid,1,5,Serie A,2024-09-22
27,Manchester United,Barcelona,1,3,Bundesliga,2024-05-26
28,Liverpool,Real Madrid,2,3,Ligue 1,2024-11-23
29,AC Milan,Barcelona,4,3,La Liga,2024-11-07
30,Barcelona,Manchester United,0,2,Premier League,2024-10-29
31,Bayern Munich,Liverpool,4,1,Bundesliga,2024-04-15
32,Manchester United,Barcelona,0,3,Serie A,2024-04-19
33,Manchester United,Liverpool,0,5,La Liga,2024-07-15
34,Manchester United,AC Milan,5,0,Premier League,2025-01-22
35,Bayern Munich,Manchester United,3,1,Serie A,2024-06-17
36,Real Madrid,Liverpool,0,2,Premier League,2024-07-28
37,Real Madrid,Liverpool,0,2,Serie A,2024-09-29
38,AC Milan,Real Madrid,4,0,La Liga,2024-07-24
39,Bayern Munich,Manchester United,1,4,Bundesliga,2024-03-18
40,Bayern Munich,Barcelona,2,4,Premier League,2024-10-04
41,Real Madrid,Bayern Munich,4,2,Bundesliga,2024-05-29
42,Bayern Munich,AC Milan,4,4,Serie A,2024-09-25
43,Bayern Munich,AC Milan,1,1,La Liga,2024-11-26
44,Barcelona,Bayern Munich,4,4,Premier League,2024-05-28
45,Manchester United,Real Madrid,1,1,Bundesliga,2024-04-19
46,Bayern Munich,Real Madrid,0,5,Bundesliga,2025-02-06
47,Manchester United,Barcelona,0,1,Premier League,2024-12-18
48,Manchester United,Bayern Munich,2,4,Serie A,2024-02-13
49,Liverpool,Manchester United,0,2,Ligue 1,2024-12-09
50,Barcelona,Bayern Munich,4,5,La Liga,2024-04-06
51,Liverpool,Barcelona,3,4,Ligue 1,2024-11-04
52,Manchester United,AC Milan,3,1,Serie A,2025-02-10
53,Liverpool,Manchester United,4,5,Ligue 1,2024-12-12
54,AC Milan,Real Madrid,5,3,Serie A,2024-12-27
55,Liverpool,Barcelona,1,2,Serie A,2024-10-09
56,AC Milan,Real Madrid,4,2,Serie A,2025-01-02
57,AC Milan,Barcelona,5,2,Bundesliga,2025-01-05
58,Bayern Munich,Manchester United,4,4,Premier League,2024-07-29
59,AC Milan,Real Madrid,3,0,La Liga,2024-03-08
60,Real Madrid,Bayern Munich,0,5,Bundesliga,2024-12-08
61,Manchester United,Barcelona,2,1,La Liga,2024-12-11
62,Manchester United,Barcelona,0,1,Serie A,2024-05-19
63,AC Milan,Bayern Munich,2,2,Serie A,2024-08-07
64,Real Madrid,Liverpool,4,0,Ligue 1,2024-03-02
65,AC Milan,Manchester United,1,5,Bundesliga,2024-11-09
66,Real Madrid,AC Milan,1,3,Ligue 1,2024-04-07
67,Real Madrid,AC Milan,4,2,Ligue 1,2024-12-31
68,Barcelona,AC Milan,1,2,Bundesliga,2024-04-18
69,Real Madrid,Liverpool,4,4,Ligue 1,2024-02-12
70,Manchester United,Real Madrid,0,0,Bundesliga,2024-07-14
71,Bayern Munich,Barcelona,3,1,Premier League,2024-04-23
72,Barcelona,AC Milan,1,0,Ligue 1,2024-12-12
73,Bayern Munich,Manchester United,2,2,Ligue 1,2024-07-02
74,Liverpool,Manchester United,3,0,La Liga,2024-07-13
75,Liverpool,Real Madrid,5,2,Premier League,2024-08-12
76,Real Madrid,Manchester United,4,5,La Liga,2024-06-18
77,AC Milan,Bayern Munich,5,5,Bundesliga,2024-07-30
78,Manchester United,Barcelona,1,2,Serie A,2024-03-23
79,Liverpool,Bayern Munich,5,1,La Liga,2024-05-01
80,Liverpool,Bayern Munich,3,0,La Liga,2024-08-22
81,AC Milan,Liverpool,0,3,Ligue 1,2024-09-22
82,Real Madrid,Bayern Munich,1,4,La Liga,2024-11-30
83,Bayern Munich,Real Madrid,0,2,Ligue 1,2024-12-23
84,Real Madrid,Bayern Munich,3,3,Ligue 1,2024-04-09
85,Manchester United,AC Milan,1,0,Serie A,2024-11-28
86,Barcelona,Liverpool,1,4,Ligue 1,2024-08-08
87,Liverpool,Bayern Munich,1,5,La Liga,2025-01-21
88,Real Madrid,Liverpool,2,1,Ligue 1,2024-04-01
89,Bayern Munich,Barcelona,0,5,Premier League,2024-05-06
90,Bayern Munich,Manchester United,0,1,Bundesliga,2024-03-24
91,Bayern Munich,Real Madrid,4,3,Serie A,2024-12-30
92,Barcelona,AC Milan,4,2,Ligue 1,2024-11-14
93,AC Milan,Liverpool,5,4,Premier League,2024-08-26
94,Manchester United,Liverpool,5,2,Premier League,2024-09-14
95,Bayern Munich,Liverpool,2,5,Bundesliga,2024-09-29
96,Manchester United,Bayern Munich,5,5,Ligue 1,2024-06-27
97,Bayern Munich,Barcelona,2,4,Ligue 1,2024-11-12
98,Real Madrid,Manchester United,4,2,La Liga,2024-10-10
99,AC Milan,Real Madrid,4,0,Bundesliga,2024-04-20
100,Bayern Munich,Manchester United,0,1,Ligue 1,2024-05-30
101,Barcelona,Liverpool,0,3,La Liga,2024-04-20
102,Liverpool,AC Milan,3,2,Premier League,2024-03-16
103,Manchester United,Bayern Munich,1,5,Ligue 1,2024-08-27
104,Real Madrid,AC Milan,2,5,Bundesliga,2024-12-11
105,Barcelona,Bayern Munich,1,1,Bundesliga,2024-04-22
106,Liverpool,AC Milan,3,2,Bundesliga,2025-01-18
107,Real Madrid,AC Milan,4,2,Serie A,2024-06-09
108,Manchester United,Barcelona,1,3,Premier League,2024-11-16
109,AC Milan,Real Madrid,0,3,Serie A,2025-01-21
110,Liverpool,Manchester United,0,4,Premier League,2024-10-30
111,AC Milan,Liverpool,4,1,Ligue 1,2024-09-30
