match_id,team_home,team_away,score_home,score_away,league,match_date
1,Manchester United,AC Milan,5,0,Premier League,2024-03-13
2,Bayern Munich,AC Milan,1,0,Premier League,2024-04-25
3,AC Milan,Manchester United,2,2,Serie A,2024-10-24
4,Real Madrid,Barcelona,1,4,La Liga,2024-04-13
5,AC Milan,Barcelona,5,3,Ligue 1,2024-12-27
6,Barcelona,Liverpool,1,5,Bundesliga,2024-12-11
7,Real Madrid,Bayern Munich,0,0,Serie A,2024-09-19
8,Manchester United,AC Milan,1,3,Ligue 1,2024-04-27
9,Barcelona,Manchester United,3,2,La Liga,2024-07-24
10,Real Madrid,Barcelona,4,2,Ligue 1,2024-02-22
11,Manchester United,Real Madrid,3,1,Premier League,2024-10-04
12,Manchester United,AC Milan,5,3,La Liga,2024-03-03
13,Barcelona,Real Madrid,0,0,La Liga,2024-03-04
14,AC Milan,Liverpool,3,4,Ligue 1,2024-12-07
15,Bayern Munich,Real Madrid,2,1,La Liga,2024-09-29
16,Liverpool,AC Milan,0,2,Ligue 1,2024-11-21
17,Real Madrid,AC Milan,1,2,Serie A,2025-01-01
18,Barcelona,Manchester United,4,3,Ligue 1,2024-09-06
19,Liverpool,Bayern Munich,4,1,Ligue 1,2024-12-22
20,Real Madrid,Barcelona,4,5,La Liga,2024-05-29
21,AC Milan,Real Madrid,0,0,Serie A,2024-03-09
22,Bayern Munich,Manchester United,5,2,Ligue 1,2025-01-27
23,Manchester United,Bayern Munich,0,5,Ligue 1,2025-02-01
24,Barcelona,Liverpool,2,2,Serie A,2024-10-05
25,Bayern Munich,Manchester United,0,2,Premier League,2024-05-03
26,Barcelona,Real Madrid,3,0,Premier League,2024-05-10
27,AC Milan,Barcelona,2,3,Serie A,2024-08-07
28,Liverpool,AC Milan,3,4,Premier League,2024-12-14
29,Barcelona,AC Milan,0,3,Serie A,2024-04-14
30,Bayern Munich,AC Milan,0,3,La Liga,2024-08-03
31,AC Milan,Liverpool,2,0,La Liga,2025-01-04
32,Real Madrid,AC Milan,1,4,Bundesliga,2024-06-08
33,Bayern Munich,Liverpool,2,5,La Liga,2024-05-06
34,AC Milan,Manchester United,3,1,Serie A,2024-07-02
35,Liverpool,Manchester United,5,0,Ligue 1,2024-10-09
36,Liverpool,Bayern Munich,3,2,Ligue 1,2025-01-17
37,AC Milan,Liverpool,2,2,Premier League,2024-12-03
38,AC Milan,Real Madrid,4,4,Ligue 1,2024-03-15
39,Real Madrid,Bayern Munich,3,2,Bundesliga,2024-09-16
40,Real Madrid,AC Milan,2,4,La Liga,2024-04-26
41,Manchester United,Real Madrid,2,1,Premier League,2024-12-10
42,Real Madrid,AC Milan,4,5,Bundesliga,2024-04-13
43,Bayern Munich,Liverpool,1,3,Ligue 1,2024-09-22
44,Manchester United,AC Milan,2,5,Bundesliga,2025-01-12
45,Real Madrid,Bayern Munich,4,1,La Liga,2024-04-29
46,Liverpool,Bayern Munich,2,1,Serie A,2024-12-13
47,Real Madrid,Liverpool,5,5,Ligue 1,2024-08-14
48,Manchester United,AC Milan,2,5,Ligue 1,2024-11-15
49,Bayern Munich,Barcelona,3,1,Ligue 1,2024-10-08
50,Real Madrid,AC Milan,1,4,Premier League,2024-06-24
51,Manchester United,AC Milan,0,2,La Liga,2024-11-12
52,AC Milan,Manchester United,0,2,Ligue 1,2024-06-05
53,Barcelona,Bayern Munich,2,1,La Liga,2024-10-10
54,Liverpool,AC Milan,2,1,Bundesliga,2024-08-04
55,AC Milan,Barcelona,4,0,Ligue 1,2024-09-08
56,AC Milan,Barcelona,2,5,Premier League,2024-11-25
57,Liverpool,Barcelona,5,1,Ligue 1,2024-08-29
58,Manchester United,Real Madrid,1,0,Ligue 1,2024-07-24
59,Bayern Munich,Liverpool,4,4,Serie A,2024-08-07
60,Real Madrid,Bayern Munich,0,2,Ligue 1,2024-10-07
61,AC Milan,Bayern Munich,2,0,Serie A,2024-12-26
62,Liverpool,Real Madrid,0,3,Bundesliga,2024-06-25
63,Manchester United,AC Milan,4,2,Premier League,2024-03-22
64,AC Milan,Manchester United,1,5,Serie A,2024-12-23
65,Bayern Munich,Real Madrid,4,3,La Liga,2024-08-17
66,Real Madrid,Bayern Munich,2,3,Bundesliga,2025-01-03
67,Bayern Munich,Real Madrid,2,1,La Liga,2024-04-05
68,Barcelona,Bayern Munich,3,4,Premier League,2024-06-02
69,Barcelona,Manchester United,0,1,La Liga,2024-06-18
70,Bayern Munich,Liverpool,2,1,Ligue 1,2025-01-23
71,AC Milan,Real Madrid,0,4,Premier League,2024-02-29
72,Liverpool,Manchester United,3,0,Serie A,2024-04-09
73,Real Madrid,Bayern Munich,4,5,Ligue 1,2024-07-18
74,Manchester United,Liverpool,4,2,Bundesliga,2024-09-24
75,AC Milan,Barcelona,4,0,Premier League,2024-04-21
76,Bayern Munich,Real Madrid,0,3,Premier League,2024-06-06
77,Liverpool,AC Milan,2,4,La Liga,2025-01-30
78,Real Madrid,Manchester United,3,3,Ligue 1,2024-04-11
79,Manchester United,Barcelona,1,0,Ligue 1,2025-01-21
80,Bayern Munich,Liverpool,2,3,Bundesliga,2024-09-28
81,AC Milan,Real Madrid,0,4,Ligue 1,2024-04-21
82,Bayern Munich,AC Milan,0,0,Ligue 1,2024-02-29
83,Bayern Munich,Manchester United,0,5,Ligue 1,2024-05-20
84,Barcelona,Manchester United,1,1,Ligue 1,2024-06-11
85,Barcelona,Manchester United,1,2,La Liga,2024-11-07
86,AC Milan,Real Madrid,0,2,Serie A,2024-11-04
87,Liverpool,AC Milan,2,4,Serie A,2024-07-22
88,Manchester United,Liverpool,3,1,Ligue 1,2024-11-08
89,AC Milan,Liverpool,5,4,Premier League,2024-11-01
90,AC Milan,Manchester United,5,2,Serie A,2024-12-10
91,Bayern Munich,Barcelona,0,4,Bundesliga,2024-03-04
92,Liverpool,Real Madrid,5,1,Premier League,2024-09-30
93,Real Madrid,Liverpool,4,3,Ligue 1,2024-09-01
94,Real Madrid,Manchester United,5,4,Premier League,2024-09-16
95,Manchester United,AC Milan,1,2,Bundesliga,2024-05-04
96,Liverpool,Real Madrid,4,3,Serie A,2024-09-29
97,AC Milan,Manchester United,2,2,Bundesliga,2024-02-13
98,AC Milan,Real Madrid,3,5,Bundesliga,2024-06-30
99,Bayern Munich,Manchester United,2,2,Serie A,2024-09-21
100,Bayern Munich,Manchester United,3,2,Serie A,2024-04-04
101,Manchester United,AC Milan,4,0,Serie A,2024-05-01
102,AC Milan,Barcelona,3,3,Serie A,2024-03-11
103,Barcelona,Real Madrid,1,1,Ligue 1,2024-04-26
104,Barcelona,Real Madrid,4,2,Bundesliga,2024-12-31
105,Liverpool,Barcelona,5,4,Bundesliga,2024-05-24
106,Manchester United,Bayern Munich,5,3,Bundesliga,2024-11-26
107,AC Milan,Real Madrid,5,2,Bundesliga,2024-07-03
108,Real Madrid,Liverpool,5,5,Premier League,2024-08-16
109,Manchester United,Real Madrid,0,3,Serie A,2024-06-23
110,Barcelona,Bayern Munich,4,0,Ligue 1,2024-03-03
111,Real Madrid,Barcelona,3,1,Ligue 1,2024-08-10
112,Real Madrid,Manchester United,1,0,Premier League,2024-03-15
113,Bayern Munich,Real Madrid,5,4,Premier League,2024-11-09
