match_id,team_home,team_away,SCORE HOME,score_away,league,match_date
1,Liverpool,Real Madrid,0,1,Serie A,2024-11-11
2,AC Milan,Real Madrid,5,4,Bundesliga,2024-09-05
3,Liverpool,Manchester United,3,0,Serie A,2025-01-26
4,AC Milan,Bayern Munich,3,0,Bundesliga,2024-02-22
5,AC Milan,Manchester United,4,0,Bundesliga,2024-05-10
6,Manchester United,Real Madrid,2,0,Bundesliga,2024-02-29
7,Barcelona,Manchester United,1,3,La Liga,2024-10-14
8,Bayern Munich,Real Madrid,1,4,Bundesliga,2024-06-16
9,Bayern Munich,AC Milan,2,5,Serie A,2024-12-29
10,Liverpool,Manchester United,3,3,Bundesliga,2024-03-03
11,Barcelona,Bayern Munich,2,5,La Liga,2024-06-07
12,Liverpool,Barcelona,3,4,Ligue 1,2024-07-25
13,Manchester United,Barcelona,0,4,La Liga,2024-02-12
14,AC Milan,Barcelona,4,2,Serie A,2024-08-14
15,Liverpool,Bayern Munich,1,4,Premier League,2025-02-10
16,AC Milan,Barcelona,5,3,Bundesliga,2024-07-25
17,Manchester United,AC Milan,3,1,La Liga,2024-11-06
18,AC Milan,Barcelona,1,1,La Liga,2024-08-03
19,Liverpool,Real Madrid,1,1,Premier League,2024-09-15
20,Manchester United,Bayern Munich,5,4,Premier League,2024-03-17
21,Real Madrid,Manchester United,5,0,Ligue 1,2025-02-01
22,Barcelona,Real Madrid,5,4,Ligue 1,2024-11-09
23,Manchester United,Barcelona,5,5,Ligue 1,2024-04-07
24,AC Milan,Bayern Munich,0,1,Serie A,2024-07-12
25,Liverpool,Manchester United,0,2,Ligue 1,2024-02-15
26,Real Madrid,AC Milan,0,3,Bundesliga,2024-10-29
27,Liverpool,AC Milan,0,3,Premier League,2024-06-25
28,Bayern Munich,Barcelona,4,3,La Liga,2025-01-14
29,Manchester United,AC Milan,4,2,La Liga,2024-04-14
30,AC Milan,Bayern Munich,5,5,Serie A,2024-07-06
31,Liverpool,Bayern Munich,3,4,Premier League,2024-07-12
32,Liverpool,AC Milan,1,0,Ligue 1,2024-05-10
33,Manchester United,Real Madrid,3,4,Serie A,2025-02-08
34,Bayern Munich,AC Milan,1,1,Bundesliga,2024-11-28
35,Barcelona,Manchester United,2,4,Ligue 1,2024-08-22
36,Manchester United,Barcelona,0,3,La Liga,2024-02-27
37,Real Madrid,Manchester United,2,3,Premier League,2024-03-12
38,Real Madrid,AC Milan,3,5,Bundesliga,2024-12-29
39,Bayern Munich,Real Madrid,4,4,Ligue 1,2024-05-16
40,Liverpool,AC Milan,5,0,Bundesliga,2024-06-09
41,Manchester United,Liverpool,1,3,Ligue 1,2024-07-18
42,Liverpool,AC Milan,0,1,Premier League,2024-07-25
43,Real Madrid,Barcelona,1,3,Ligue 1,2024-02-29
44,Manchester United,AC Milan,5,4,La Liga,2024-07-12
45,AC Milan,Liverpool,4,3,Serie A,2024-09-21
46,Real Madrid,Barcelona,2,4,Premier League,2024-11-29
47,Manchester United,Liverpool,5,5,La Liga,2024-09-19
48,Real Madrid,Bayern Munich,5,3,Ligue 1,2024-09-05
49,Liverpool,Real Madrid,1,4,La Liga,2024-04-14
50,Real Madrid,AC Milan,3,4,Ligue 1,2024-12-08
51,Bayern Munich,Real Madrid,1,2,Premier League,2024-11-25
52,Real Madrid,Manchester United,0,3,La Liga,2024-09-10
53,Real Madrid,Manchester United,4,4,Premier League,2024-12-27
54,Liverpool,Bayern Munich,0,1,Ligue 1,2024-04-14
55,Manchester United,Bayern Munich,5,1,Ligue 1,2024-07-26
56,Real Madrid,Bayern Munich,1,3,Ligue 1,2024-06-09
57,Bayern Munich,Manchester United,1,4,Bundesliga,2024-06-01
58,AC Milan,Real Madrid,3,3,La Liga,2024-04-23
59,Manchester United,Real Madrid,5,0,Premier League,2024-09-11
60,Manchester United,Bayern Munich,3,0,La Liga,2024-10-21
61,Real Madrid,AC Milan,1,1,Premier League,2025-01-31
62,AC Milan,Barcelona,4,2,Premier League,2024-10-03
63,Real Madrid,Bayern Munich,3,3,Serie A,2024-07-13
64,AC Milan,Bayern Munich,0,1,Ligue 1,2024-05-02
65,Real Madrid,Manchester United,1,3,Premier League,2024-12-08
66,Manchester United,Real Madrid,1,4,La Liga,2024-03-31
67,Liverpool,Manchester United,5,0,Premier League,2024-12-03
68,Manchester United,AC Milan,4,0,La Liga,2024-07-02
69,Barcelona,Real Madrid,5,5,La Liga,2024-07-17
70,Barcelona,AC Milan,5,1,La Liga,2024-08-05
71,AC Milan,Manchester United,5,0,Ligue 1,2024-03-14
72,AC Milan,Bayern Munich,2,3,Bundesliga,2024-09-04
73,Liverpool,Bayern Munich,2,1,Ligue 1,2024-03-24
74,Manchester United,Liverpool,4,1,Premier League,2024-04-12
75,Liverpool,Bayern Munich,3,0,Serie A,2024-10-29
76,Bayern Munich,AC Milan,0,5,Ligue 1,2024-03-27
77,Bayern Munich,Liverpool,2,5,La Liga,2024-05-21
78,Barcelona,Real Madrid,4,5,Serie A,2024-06-27
79,Bayern Munich,Real Madrid,1,0,Premier League,2024-03-18
80,AC Milan,Liverpool,3,3,Serie A,2024-03-20
81,Liverpool,Real Madrid,5,5,Ligue 1,2025-01-29
82,Bayern Munich,Barcelona,3,3,Bundesliga,2024-12-10
83,Barcelona,Real Madrid,4,1,Ligue 1,2024-06-02
84,Liverpool,Barcelona,5,5,Premier League,2024-10-31
85,Liverpool,AC Milan,3,4,Premier League,2024-11-18
86,AC Milan,Bayern Munich,5,1,La Liga,2024-10-07
87,Real Madrid,Barcelona,1,5,Ligue 1,2024-09-18
88,Bayern Munich,AC Milan,4,4,La Liga,2024-05-14
89,Bayern Munich,Real Madrid,5,3,Serie A,2024-10-10
90,Real Madrid,AC Milan,2,2,Ligue 1,2024-11-03
91,Real Madrid,AC Milan,2,4,Ligue 1,2024-10-30
92,Liverpool,Bayern Munich,4,3,Serie A,2024-10-18
93,Bayern Munich,Liverpool,4,3,Serie A,2025-01-15
94,Liverpool,Manchester United,2,4,Serie A,2024-06-14
95,Liverpool,Real Madrid,3,2,Bundesliga,2025-01-16
96,Real Madrid,Manchester United,1,3,Premier League,2024-07-20
97,Barcelona,Bayern Munich,3,5,Premier League,2024-05-04
98,Liverpool,Barcelona,4,0,Serie A,2024-02-25
99,Barcelona,Real Madrid,4,5,Serie A,2025-01-04
100,Bayern Munich,Real Madrid,5,1,Bundesliga,2024-02-17
101,AC Milan,Manchester United,4,4,Ligue 1,2024-05-06
102,Manchester United,Liverpool,4,2,Ligue 1,2024-03-13
103,Barcelona,AC Milan,4,4,Serie A,2024-02-15
104,Real Madrid,AC Milan,5,3,Bundesliga,2025-01-17
105,Bayern Munich,Real Madrid,5,1,Ligue 1,2024-04-29
106,Barcelona,Real Madrid,0,2,La Liga,2024-04-08
107,Real Madrid,Manchester United,0,5,Bundesliga,2024-10-01
108,AC Milan,Barcelona,0,4,Premier League,2024-08-26
109,Manchester United,Bayern Munich,0,5,Bundesliga,2024-08-11
110,Liverpool,Bayern Munich,2,3,Premier League,2024-09-21
111,Real Madrid,Liverpool,2,4,Bundesliga,2024-08-13
112,Manchester United,Liverpool,4,1,Ligue 1,2024-03-24
113,Manchester United,Real Madrid,4,3,Premier League,2024-05-25
114,Liverpool,Real Madrid,1,4,Serie A,2024-02-16
115,Liverpool,Manchester United,2,2,Ligue 1,2024-08-18
116,Bayern Munich,Barcelona,1,0,Premier League,2024-03-18
117,Barcelona,Manchester United,3,4,Serie A,2025-01-30
118,AC Milan,Manchester United,4,0,Serie A,2024-05-19
119,Bayern Munich,Liverpool,0,0,Bundesliga,2024-05-06
