match_id,team_home,team_away,score_home,league,Match Date
1,Liverpool,Barcelona,3,La Liga,2024-08-24
2,Real Madrid,Bayern Munich,0,Bundesliga,2024-02-20
3,Manchester United,Bayern Munich,5,La Liga,2024-08-17
4,Bayern Munich,Barcelona,2,Premier League,2025-01-23
5,Barcelona,Manchester United,1,Bundesliga,2025-01-27
6,Barcelona,Manchester United,2,Serie A,2024-11-14
7,Manchester United,Real Madrid,2,Ligue 1,2024-07-03
8,AC Milan,Real Madrid,3,Premier League,2024-06-24
9,Liverpool,Bayern Munich,1,Premier League,2024-10-12
10,Real Madrid,Bayern Munich,0,Premier League,2024-09-02
11,Liverpool,Barcelona,2,La Liga,2024-04-28
12,Manchester United,Liverpool,5,La Liga,2024-06-05
13,Liverpool,Manchester United,0,Premier League,2024-11-24
14,Manchester United,Real Madrid,0,Bundesliga,2024-11-30
15,Liverpool,Bayern Munich,2,Ligue 1,2024-08-20
16,Real Madrid,Bayern Munich,3,Premier League,2024-06-04
17,Manchester United,Liverpool,3,Ligue 1,2024-04-22
18,Bayern Munich,Manchester United,0,La Liga,2024-11-24
19,Barcelona,Real Madrid,4,Serie A,2025-01-16
20,AC Milan,Barcelona,1,Bundesliga,2025-01-26
21,Bayern Munich,AC Milan,1,Ligue 1,2024-06-15
22,Real Madrid,Barcelona,2,La Liga,2024-11-22
23,Bayern Munich,Liverpool,0,Bundesliga,2024-10-05
24,AC Milan,Real Madrid,0,Ligue 1,2025-01-20
25,Bayern Munich,Manchester United,5,La Liga,2024-11-22
26,Manchester United,AC Milan,4,Serie A,2024-11-21
27,Manchester United,AC Milan,5,Premier League,2024-09-13
28,Real Madrid,Liverpool,5,Serie A,2024-08-06
29,Barcelona,Manchester United,1,Serie A,2024-06-16
30,Bayern Munich,AC Milan,3,Ligue 1,2024-10-02
31,Bayern Munich,AC Milan,5,Premier League,2024-03-04
32,Real Madrid,Bayern Munich,3,Serie A,2025-01-08
33,Bayern Munich,Liverpool,4,Bundesliga,2024-02-17
34,AC Milan,Barcelona,3,Serie A,2024-08-25
35,Real Madrid,Liverpool,4,Serie A,2024-03-27
36,AC Milan,Real Madrid,0,Premier League,2025-01-16
37,AC Milan,Manchester United,5,La Liga,2024-04-19
38,Barcelona,Manchester United,4,Premier League,2025-01-01
39,Manchester United,Bayern Munich,4,Serie A,2024-02-26
40,Barcelona,Manchester United,2,Bundesliga,2024-07-11
41,Manchester United,Real Madrid,0,Premier League,2025-01-07
42,Barcelona,Manchester United,5,Ligue 1,2024-11-04
43,Manchester United,Liverpool,3,Premier League,2025-02-08
44,Liverpool,Real Madrid,3,Premier League,2024-11-24
45,Barcelona,Bayern Munich,1,Ligue 1,2024-11-08
46,Liverpool,Barcelona,4,La Liga,2024-06-09
47,Barcelona,Liverpool,1,Premier League,2024-05-30
48,Real Madrid,Bayern Munich,0,Premier League,2024-04-25
49,Manchester United,Barcelona,2,Ligue 1,2025-01-06
50,Manchester United,Liverpool,4,Serie A,2024-05-02
51,AC Milan,Barcelona,5,Premier League,2024-11-10
52,AC Milan,Barcelona,5,La Liga,2024-05-06
53,Barcelona,Liverpool,5,Serie A,2024-11-25
54,AC Milan,Manchester United,4,La Liga,2024-08-31
55,Real Madrid,Bayern Munich,2,Premier League,2024-08-06
56,Manchester United,Barcelona,2,La Liga,2024-11-18
57,Liverpool,AC Milan,4,Ligue 1,2024-02-15
58,Liverpool,Barcelona,0,Bundesliga,2024-06-19
59,Bayern Munich,Real Madrid,1,Serie A,2025-02-03
60,AC Milan,Real Madrid,2,La Liga,2025-01-27
61,Manchester United,AC Milan,0,Ligue 1,2024-08-23
62,Liverpool,Real Madrid,4,Serie A,2024-07-24
63,Barcelona,Bayern Munich,3,Premier League,2024-05-15
64,Barcelona,Manchester United,4,Ligue 1,2024-09-09
65,Bayern Munich,Manchester United,5,Premier League,2024-11-01
66,Barcelona,Liverpool,5,Serie A,2024-03-06
67,Barcelona,Manchester United,4,Ligue 1,2024-03-27
68,Real Madrid,Barcelona,5,Serie A,2024-07-05
69,Barcelona,Liverpool,0,Ligue 1,2024-06-01
70,AC Milan,Real Madrid,1,Premier League,2024-09-13
71,Barcelona,Real Madrid,2,La Liga,2024-03-21
72,Manchester United,Bayern Munich,1,Ligue 1,2025-01-04
73,Real Madrid,Liverpool,0,Bundesliga,2025-02-11
74,Barcelona,AC Milan,1,Serie A,2024-07-14
75,Manchester United,AC Milan,1,La Liga,2024-05-01
76,Manchester United,Real Madrid,2,Bundesliga,2024-05-26
77,Manchester United,AC Milan,1,Ligue 1,2024-09-29
78,Manchester United,AC Milan,2,Premier League,2024-09-25
79,AC Milan,Barcelona,5,Premier League,2024-11-01
80,Real Madrid,Manchester United,2,Bundesliga,2024-11-02
81,AC Milan,Real Madrid,5,La Liga,2024-03-09
82,Liverpool,Manchester United,5,Serie A,2024-12-24
83,Bayern Munich,Barcelona,1,Serie A,2024-02-20
84,Manchester United,Liverpool,4,Serie A,2025-01-10
85,Barcelona,Real Madrid,2,Bundesliga,2024-10-25
86,Real Madrid,AC Milan,0,Ligue 1,2024-12-24
87,AC Milan,Barcelona,3,Ligue 1,2024-03-03
88,Real Madrid,Liverpool,1,Serie A,2025-01-24
89,Bayern Munich,Real Madrid,5,Premier League,2024-10-13
90,Real Madrid,Manchester United,2,La Liga,2024-06-29
91,Manchester United,Barcelona,3,La Liga,2024-02-15
92,Manchester United,Bayern Munich,4,Bundesliga,2024-06-09
93,Liverpool,Manchester United,3,Serie A,2024-04-17
94,Manchester United,Bayern Munich,0,Bundesliga,2024-10-17
95,Real Madrid,Bayern Munich,2,Ligue 1,2024-04-21
96,Liverpool,Bayern Munich,2,Serie A,2024-06-25
97,Liverpool,Barcelona,3,Serie A,2024-03-18
98,Liverpool,Barcelona,2,Serie A,2024-07-07
99,Manchester United,Real Madrid,4,Serie A,2024-12-11
100,Barcelona,Manchester United,0,Bundesliga,2025-02-08
101,AC Milan,Liverpool,2,Premier League,2025-01-04
102,Liverpool,Manchester United,0,Premier League,2024-08-01
103,AC Milan,Real Madrid,2,Premier League,2025-01-15
104,Real Madrid,Barcelona,4,Bundesliga,2024-05-29
105,Barcelona,Manchester United,0,Premier League,2024-12-05
106,AC Milan,Barcelona,3,Ligue 1,2024-08-29
107,Bayern Munich,Real Madrid,0,Premier League,2024-04-24
108,Barcelona,Real Madrid,3,Premier League,2024-08-11
109,Manchester United,Liverpool,5,Bundesliga,2024-12-28
110,Manchester United,AC Milan,0,Serie A,2025-01-25
111,AC Milan,Liverpool,5,Premier League,2024-02-20
112,Bayern Munich,Real Madrid,1,Premier League,2024-05-07
113,Barcelona,AC Milan,0,Bundesliga,2024-06-30
114,Liverpool,AC Milan,0,Bundesliga,2024-02-23
115,Liverpool,Real Madrid,1,Serie A,2024-03-29
116,AC Milan,Barcelona,0,Ligue 1,2024-08-16
117,Real Madrid,AC Milan,1,Bundesliga,2025-02-11
118,Bayern Munich,Manchester United,4,Ligue 1,2024-08-03
119,AC Milan,Liverpool,1,Bundesliga,2024-07-25
120,Barcelona,Liverpool,1,Bundesliga,2024-05-08
121,Real Madrid,Barcelona,3,Ligue 1,2024-11-14
122,Liverpool,Real Madrid,5,Ligue 1,2024-10-10
123,AC Milan,Real Madrid,5,Serie A,2024-02-17
