student_id,name,age,gender,major,enrollment_date,gpa
1,Victoria Singleton,24,Female,History,2022-06-09,2.42
2,Erin Jones,30,Other,Biology,2022-11-17,3.54
3,Chad Gallegos,26,Male,Psychology,2023-04-14,2.5
4,Christopher Harrison,24,Female,Computer Science,2021-08-18,2.13
5,Troy Velasquez,26,Male,Biology,2022-02-26,3.86
6,Tiffany Porter,21,Female,Psychology,2024-07-31,3.03
7,Samantha Rubio,18,Other,Psychology,2022-01-25,2.73
8,Christine Houston,29,Male,Computer Science,2022-06-12,2.61
9,Nathaniel Robinson,28,Male,Biology,2023-03-29,3.55
10,Sonya Garcia,29,Female,Business,2021-10-17,3.86
11,Bryan Duncan,27,Female,Economics,2021-11-03,3.86
12,Kelly Rodriguez,29,Other,Computer Science,2022-12-03,2.81
13,Jennifer Cummings,29,Other,Computer Science,2024-05-16,2.41
14,Cathy Johnson,25,Other,Economics,2021-05-03,2.07
15,Daniel Mcdaniel,18,Female,Economics,2022-04-09,3.68
16,Samantha Ruiz,26,Male,Engineering,2023-09-09,3.07
17,Kelsey White,27,Other,Engineering,2021-05-14,3.14
18,Steven Dixon,25,Male,Economics,2024-06-13,2.8
19,Heather Ramirez,18,Male,History,2022-09-28,3.61
20,James Graham,23,Male,Engineering,2024-03-03,3.2
21,Tracy Cobb,26,Other,English,2024-10-22,2.27
22,Joseph Taylor,28,Other,Mathematics,2021-10-11,3.92
23,Jessica Novak,21,Other,Computer Science,2022-12-02,3.68
24,Jason Cohen,22,Other,Engineering,2024-02-14,3.94
25,Thomas Gibbs,20,Male,English,2022-12-07,3.16
26,Jesse Gregory,20,Other,History,2021-07-18,3.02
27,Richard Church,26,Female,Biology,2024-07-19,3.11
28,Mr. Scott Martin,25,Male,Biology,2021-11-06,2.32
29,Zachary Mullen,18,Female,Engineering,2022-12-11,3.59
30,Denise Valdez,26,Female,Computer Science,2022-04-12,2.84
31,Alexandra Caldwell,24,Male,Engineering,2024-09-12,3.54
32,Karl Gray,20,Other,Engineering,2022-11-16,3.8
33,Tyler Robinson,28,Female,Biology,2021-11-17,3.97
34,Tammy Larson,28,Female,English,2023-10-11,2.9
35,Ashley Cole,20,Other,Psychology,2024-05-22,2.51
36,Bradley Goodwin,27,Male,History,2023-07-26,3.36
37,Linda Jackson,25,Female,Engineering,2021-09-07,3.25
38,Eric Lewis,25,Male,English,2023-07-04,3.99
39,Bryan Kennedy,28,Other,Computer Science,2021-12-24,2.56
40,Curtis Wright MD,27,Female,Business,2024-04-08,2.72
41,Carlos Hall,20,Female,Mathematics,2022-12-08,2.58
42,Chelsea Johnson,19,Female,Psychology,2022-08-25,2.23
43,Corey Luna,29,Male,Economics,2024-05-03,3.27
44,Rachel Oliver PhD,26,Male,Psychology,2022-04-08,2.3
45,Kevin Smith,28,Other,Mathematics,2024-11-19,2.57
46,Jacqueline Williams,28,Female,Mathematics,2023-09-28,2.52
47,Tim Hensley,23,Other,History,2024-01-20,2.97
48,Sarah Ward,27,Female,Economics,2024-01-19,2.08
49,Crystal Duncan,26,Female,Economics,2023-05-02,2.09
50,Darin Romero,26,Female,Computer Science,2022-08-29,3.67
51,Ariel Phillips,25,Other,Business,2023-11-23,3.11
52,Brandi Taylor,26,Other,Business,2022-07-01,2.35
53,Brian Haney,27,Male,Computer Science,2022-06-05,3.23
54,Dylan Smith,29,Male,History,2021-04-17,3.37
55,Gabriel Mendoza,26,Other,Economics,2021-09-04,3.67
56,Eric Perkins,25,Female,Computer Science,2023-05-20,3.74
57,Janice Frye,19,Other,English,2022-04-18,2.28
58,Matthew Wheeler,27,Male,Biology,2024-11-27,2.99
59,Sharon Khan,18,Female,History,2023-04-18,2.77
60,Helen Campbell,21,Other,History,2021-09-17,3.44
61,Kristopher Porter,27,Male,Mathematics,2022-08-02,3.59
62,Brian Morrison,30,Other,Mathematics,2022-02-27,2.81
63,Todd Stevens,18,Female,Biology,2021-07-23,3.26
64,Daniel White,27,Male,Economics,2023-03-22,3.12
65,Jason Rice,18,Female,Economics,2022-12-04,3.3
66,Pamela Hernandez,18,Female,Engineering,2021-06-19,2.46
67,Courtney Wheeler,26,Other,Mathematics,2023-04-28,3.81
68,Theresa Beck,21,Other,English,2024-07-15,2.74
69,Mr. Troy Jenkins,20,Female,History,2022-05-06,2.88
70,Sabrina Barton,25,Male,Computer Science,2021-12-25,2.41
71,Tiffany Crosby,19,Female,Biology,2023-05-21,2.32
72,Rebecca Mcguire,18,Other,Computer Science,2024-08-31,4.0
73,Kelly Small,18,Other,Computer Science,2021-10-24,3.56
74,Ashley Stark,24,Other,Engineering,2024-12-02,3.55
75,Lisa Maldonado,21,Female,Mathematics,2021-02-19,2.9
76,Tammy Dalton,18,Other,Mathematics,2023-10-21,3.58
77,Jessica Howard,28,Female,Engineering,2022-11-23,3.27
78,Susan Hughes,18,Other,History,2024-03-30,3.39
79,Rachel Jones,25,Male,Economics,2022-05-20,2.48
80,James Haley,23,Male,English,2024-04-05,3.38
81,Anthony White,30,Female,Economics,2021-12-17,2.63
82,Mark Kennedy,19,Male,Economics,2023-08-16,3.63
83,Joshua Michael,27,Other,Computer Science,2022-04-28,2.91
84,George Smith,19,Other,Computer Science,2022-08-17,3.57
85,Donna Brown,28,Other,Psychology,2021-09-25,2.65
86,Gene Shah,18,Other,Psychology,2022-12-05,2.12
87,Amanda Nguyen,27,Female,Computer Science,2021-09-21,3.43
88,Bradley Ramirez,18,Male,Biology,2023-11-01,3.94
89,Melissa Russell,22,Other,English,2021-07-20,2.56
90,Patrick Wong,20,Female,Business,2022-12-02,2.14
91,Ryan Ortiz,19,Male,English,2025-02-01,2.32
92,Hannah Davis,21,Male,History,2021-12-24,2.12
93,Joe Brown,21,Male,Economics,2022-03-23,3.22
94,Tom Daniels,19,Other,Biology,2024-04-21,3.01
95,Christopher Johnson,28,Other,Psychology,2024-03-28,3.96
96,Pamela Aguilar,23,Other,Computer Science,2024-08-12,2.05
97,Diane Kerr,30,Male,Engineering,2024-02-24,3.03
98,Kristen Perez,26,Female,Computer Science,2022-11-17,3.17
99,Francis Petty,26,Male,English,2021-04-25,2.14
100,Ryan Lam,23,Male,Mathematics,2021-09-16,2.94
101,Breanna Robbins,21,Female,Computer Science,2021-06-10,2.33
102,Laura Kerr,24,Other,Economics,2024-05-19,3.27
103,Dr. Stephen Morris,23,Male,History,2022-12-21,3.53
104,Michelle Larsen,20,Female,Business,2023-12-25,2.69
105,Jessica Hester,28,Other,Computer Science,2023-06-03,2.43
106,Amy Donovan,19,Female,Computer Science,2022-10-04,3.76
107,Charles Erickson,30,Other,History,2023-01-25,2.79
108,Angela Higgins,27,Male,Mathematics,2024-08-30,2.96
109,Kevin Patel,24,Other,Business,2023-03-29,3.31
110,Claudia Scott,20,Other,Business,2023-09-24,3.33
111,Lauren Williamson,24,Male,Engineering,2024-09-15,3.97
112,Nicholas Cherry,23,Other,Business,2021-12-25,2.36
113,Mrs. Ashley Smith,29,Other,Biology,2021-08-19,3.09
114,Lacey Ryan,27,Male,Economics,2021-10-26,2.98
115,Debbie Collins,20,Other,History,2024-01-29,2.5
116,Michael Heath,27,Male,Mathematics,2021-08-08,2.26
117,Patricia Wall,22,Female,English,2023-05-24,2.81
118,William Garcia,26,Male,Business,2024-12-15,3.52
119,Gabrielle Garcia,19,Female,English,2022-08-09,3.68
120,Andrew Patton,20,Female,Psychology,2023-07-31,3.47
121,Christina Mccormick,22,Female,Psychology,2022-12-24,3.2
122,Michael Cooke,22,Other,Biology,2024-07-29,2.33
123,Katelyn Pugh,24,Other,Business,2023-03-29,3.09
124,Rachel Baker,23,Other,Business,2024-07-08,3.14
125,Thomas Alexander,24,Female,Business,2024-07-07,3.68
126,Curtis Thompson,20,Male,Economics,2021-09-08,2.71
127,Malik Williams,27,Male,Psychology,2023-05-27,3.86
128,Cole Briggs,23,Female,Biology,2025-01-19,3.52
129,Madison Gill,29,Male,Psychology,2024-03-03,2.92
130,Karen Eaton,19,Other,Business,2022-02-11,2.08
131,Kathleen Patterson,29,Male,Computer Science,2021-11-22,3.37
132,Connie Mccoy,19,Female,Mathematics,2021-08-24,2.27
133,Joseph Morton,22,Male,Engineering,2022-07-23,2.59
134,Jennifer Proctor,21,Other,Mathematics,2022-09-29,3.97
135,Cynthia Higgins DDS,26,Other,Biology,2021-03-27,3.21
136,Ashley Bentley,25,Other,History,2024-06-02,2.96
137,Clinton Evans,19,Other,Psychology,2022-06-13,3.73
138,Donald Vasquez,29,Male,Mathematics,2022-03-26,3.22
139,Angela Hill,18,Male,Biology,2023-08-26,2.39
140,Steven Sutton,19,Other,English,2023-09-25,2.83
141,Sandra Myers,23,Other,History,2024-02-15,3.88
142,John Perry,30,Female,Engineering,2021-11-27,2.73
143,Melissa Kaufman,29,Other,English,2021-08-11,2.58
144,Frank Martinez,19,Other,Biology,2024-07-22,2.3
145,Evelyn Gray,24,Male,Economics,2023-10-29,3.99
