student_id,name,age,gender,major,enrollment_date,gpa
1,Margaret Smith,25,Other,English,2024-12-13,2.5
2,Kimberly Roberts,19,Other,English,2023-08-08,2.87
3,Renee Norris,18,Female,Psychology,2024-10-21,3.72
4,Elizabeth Campbell,26,Female,Psychology,2023-08-28,3.19
5,Daniel Mills,30,Male,Psychology,2021-09-18,3.3
6,Russell Ross,26,Male,Psychology,2022-09-12,2.87
7,Michael Allen,30,Female,Economics,2022-12-03,2.93
8,Cody Guzman,26,Male,Engineering,2021-09-21,2.64
9,Cheryl Rush,25,Female,English,2024-12-26,2.74
10,Eric Patrick,19,Other,English,2023-10-02,2.52
11,Andrew Norman,29,Other,Economics,2021-09-21,3.48
12,Miss Lindsay Ryan,24,Female,English,2021-06-04,2.44
13,Angela Barnes,24,Other,Biology,2023-06-08,3.86
14,Anne Waters,20,Other,English,2024-12-03,3.95
15,Hector Ayala,18,Other,Psychology,2024-05-01,3.84
16,Troy Cannon,21,Male,Business,2022-02-07,3.3
17,Amy Vincent,24,Other,Psychology,2021-07-04,2.03
18,Benjamin Schwartz MD,29,Female,Economics,2022-03-27,3.7
19,Walter Gray,29,Female,Business,2025-01-14,3.6
20,Jeffrey Krueger,20,Female,Psychology,2022-05-10,3.32
21,Sarah Owens,25,Female,Economics,2021-07-26,3.08
22,Leslie Johnson,27,Other,Business,2021-09-27,3.65
23,Vicki Bell,24,Male,History,2022-06-12,2.97
24,Eric Becker,30,Other,English,2022-09-11,2.17
25,Brandy Wright,23,Other,Psychology,2022-09-10,3.31
26,Jason Collins,27,Female,Biology,2022-12-21,3.55
27,Daniel Anderson MD,21,Other,English,2022-12-20,3.51
28,Christopher White,27,Male,Psychology,2021-03-13,3.52
29,Bruce Suarez,22,Male,English,2023-10-02,2.01
30,Katherine Smith,28,Other,Biology,2023-07-18,2.27
31,Olivia Moore,30,Other,Biology,2021-03-15,3.66
32,Dale Singh Jr.,26,Female,Biology,2024-05-04,2.86
33,Patricia Adams,27,Male,Psychology,2024-11-16,2.1
34,Tanya Sanders,19,Other,History,2024-01-01,2.7
35,Karen Wade,25,Female,Economics,2021-05-28,3.58
36,Donna Phillips,25,Male,Computer Science,2021-12-01,2.77
37,John Odonnell,20,Other,Mathematics,2021-04-16,3.73
38,Levi Ferguson,25,Male,Biology,2021-12-24,2.19
39,Scott Wilson,29,Other,English,2023-09-02,2.74
40,Adam Moore,27,Other,Mathematics,2024-09-05,2.6
41,Tony Robinson,21,Female,Psychology,2021-05-13,3.03
42,Paula Frank,24,Other,History,2024-03-06,2.14
43,George Hubbard,19,Female,Mathematics,2023-10-08,2.18
44,Joseph Walters,24,Female,Psychology,2023-09-03,3.18
45,Ryan Peck DDS,28,Male,Mathematics,2023-07-25,2.18
46,Tracy Bonilla,21,Male,Mathematics,2021-07-09,2.56
47,James Bennett,28,Other,Psychology,2023-03-18,3.51
48,Dylan Mcintyre,23,Male,Economics,2024-03-16,3.16
49,Thomas Washington,25,Male,Engineering,2023-02-26,3.83
50,Antonio Floyd,23,Female,Biology,2021-11-04,3.14
51,Sherry Compton,27,Female,Computer Science,2024-05-28,2.34
52,Ashley Maynard,19,Male,Computer Science,2022-12-22,3.82
53,Christopher Lawson,20,Male,Mathematics,2023-03-07,2.65
54,Jenna Carter,23,Male,Psychology,2024-07-01,2.61
55,Connor Ramirez,25,Female,History,2021-02-20,2.64
56,Sheena Williams,26,Female,Biology,2022-12-28,3.21
57,Tyler Rogers,23,Other,Engineering,2021-03-16,2.21
58,Joseph Bailey,24,Other,Biology,2024-02-21,3.27
59,Brian White,21,Other,Business,2023-01-31,3.22
60,Joseph Hernandez,26,Male,History,2022-07-01,3.8
61,Richard Thompson,20,Female,English,2021-05-29,3.68
62,Samantha Evans,27,Other,History,2021-03-03,3.19
63,William Boyer,19,Male,Business,2021-07-24,3.47
64,Roy Decker,24,Male,Engineering,2023-12-28,3.75
65,Mary Marsh,19,Other,Engineering,2023-02-17,3.27
66,Jocelyn Williams,20,Female,Computer Science,2022-12-25,2.57
67,Aaron Woods,24,Male,Biology,2022-05-23,2.18
68,Anthony Marquez,25,Male,Biology,2024-11-02,2.5
69,Devon Evans II,19,Other,Mathematics,2022-04-21,3.47
70,Paul Taylor Jr.,25,Male,Computer Science,2022-11-01,2.68
71,Rachel Byrd,23,Other,Engineering,2022-08-21,2.88
72,Robert Davis,25,Female,Engineering,2024-10-20,2.03
73,Adam Brown,19,Female,English,2023-05-19,2.29
74,David Terrell,30,Male,Engineering,2022-11-16,2.33
75,Alexander Ortiz,22,Female,Biology,2022-12-09,3.16
76,Darrell Case,29,Male,History,2023-08-15,2.11
77,James Thomas,23,Male,Economics,2022-06-28,2.37
78,James Price,29,Other,Engineering,2023-01-13,3.4
79,Paul Carter,28,Female,English,2021-10-22,2.84
80,Crystal Leonard,19,Female,Business,2022-01-21,2.05
81,Edward Townsend,20,Male,History,2021-11-14,2.65
82,Cory Clark,30,Other,Engineering,2024-09-16,2.26
83,Jennifer Wright,21,Male,History,2022-07-07,2.68
84,Megan Frye,19,Other,Computer Science,2023-08-10,2.09
85,Ronald Patterson,29,Male,Psychology,2022-02-11,2.7
86,Christopher Martinez,29,Female,Computer Science,2022-10-14,2.38
87,Christopher Callahan,20,Female,Computer Science,2022-10-02,3.14
88,Jessica Thomas,28,Female,Psychology,2023-11-29,3.56
89,Joanna Rodriguez,25,Other,English,2022-07-09,3.97
90,Lawrence Green,27,Female,Psychology,2023-07-19,3.41
91,Rebecca Young,26,Female,Psychology,2021-05-21,3.23
92,Lisa Edwards,30,Female,Psychology,2023-06-10,2.91
93,Jerry Waller,28,Male,Economics,2021-12-14,2.44
94,Lydia James,27,Other,Biology,2022-04-05,2.08
95,Julia Meyer,23,Male,Economics,2024-06-01,2.4
96,Dr. David Clark,24,Other,Computer Science,2021-11-09,3.97
97,Christine Morgan,23,Male,English,2023-09-21,3.59
98,Troy Mitchell,26,Other,Biology,2022-06-23,3.47
99,Eric Salinas,19,Male,Biology,2021-02-12,3.39
100,Cameron Walsh,24,Female,Economics,2023-09-20,2.19
101,George May,23,Male,Computer Science,2022-09-09,2.11
102,Nathaniel Miller,21,Other,Psychology,2024-05-09,3.39
103,Joshua Young MD,20,Female,Psychology,2022-05-25,3.26
104,Olivia Rodriguez,20,Other,Economics,2022-02-07,2.28
105,Omar Jackson,18,Male,Engineering,2022-01-11,3.43
106,April Mcdaniel,18,Female,Biology,2023-01-22,2.21
107,Joseph Kelly,30,Other,Mathematics,2023-02-20,2.33
108,Andrew Martin,24,Female,Economics,2024-11-03,2.96
109,Jason Flynn,28,Male,Business,2024-01-09,2.32
110,Christopher Coleman,21,Other,Engineering,2024-05-22,2.54
111,Melissa Franklin,29,Other,Mathematics,2024-09-05,3.16
112,Amanda Green,19,Other,Biology,2021-10-31,2.37
113,Thomas Chan,25,Female,Psychology,2023-05-28,2.62
114,Samuel Velez,29,Male,Engineering,2021-10-13,2.22
115,Alicia Harrison,23,Male,History,2022-10-02,3.26
116,Cory Bell,20,Female,English,2021-12-18,3.1
117,Daniel Lowe,21,Female,Mathematics,2025-01-12,2.7
118,Anna Hayes,30,Female,English,2025-01-30,3.82
119,James Bowers,19,Other,Business,2021-09-19,3.89
120,James Cervantes,26,Other,Computer Science,2022-07-02,3.95
121,James Rios,22,Male,History,2024-01-11,2.53
122,Justin Turner,19,Female,Mathematics,2023-10-09,2.11
123,Sherri Kelley,26,Other,History,2021-06-26,3.82
124,Samuel Foster,21,Other,Economics,2024-01-13,3.17
125,Jeffrey Vaughn,26,Male,History,2021-03-17,3.29
126,Cynthia Ingram,26,Male,Economics,2024-02-10,3.63
127,Joshua Rivera,27,Male,Computer Science,2022-12-17,2.25
128,Christian Larson,24,Other,Economics,2023-10-30,2.47
129,Melinda Wang,29,Female,Engineering,2025-01-08,2.09
130,Jessica Allen,20,Other,Business,2024-12-07,2.21
131,Amanda Martinez,21,Female,Psychology,2021-12-04,2.47
132,Matthew Durham,23,Female,Biology,2024-04-15,2.01
133,Emily Moyer,26,Male,Computer Science,2023-09-02,2.6
134,Christopher Hernandez,19,Male,Economics,2022-09-07,2.16
