gpa,major,gender,name,age,student_id
2.64,Economics,Male,Robert Griffin,22,1
3.73,Engineering,Female,Mr. Ethan Green,24,2
3.76,Business,Other,Jeffrey Meyer,22,3
2.39,Business,Male,Charles Schmitt,18,4
3.53,English,Other,Jamie Freeman,29,5
2.81,Economics,Female,Bryan Diaz,22,6
3.15,Business,Male,Judy Baker,23,7
3.42,History,Male,David Ryan,23,8
2.35,Computer Science,Female,Jenna Medina,29,9
2.62,English,Other,Connor Peters,25,10
3.69,Economics,Male,Brian Key,28,11
3.62,Psychology,Female,Ricardo Campbell,20,12
2.38,Psychology,Male,Scott Kemp,19,13
2.27,English,Male,Richard Serrano,25,14
2.41,English,Other,Nicholas Taylor,30,15
3.66,Business,Male,Jason Wright,27,16
3.98,Biology,Other,John Martin,27,17
2.46,Business,Male,Angela Brown,25,18
3.33,Mathematics,Female,Stacie Garcia,21,19
2.75,Biology,Female,Richard Cox,29,20
3.34,Psychology,Male,Nathaniel Graves,28,21
3.59,Business,Other,Michael Singh,27,22
3.1,Mathematics,Female,James Ayala,22,23
3.77,Engineering,Other,Deborah Jacobs,26,24
3.21,Biology,Female,Daniel Fischer,24,25
2.66,History,Male,Lori Joseph,27,26
2.46,Economics,Other,Donald Taylor,30,27
2.06,Biology,Other,Debra Mack,28,28
3.19,Computer Science,Male,Philip Glover,27,29
2.86,Psychology,Male,Mrs. Ellen Edwards,25,30
2.9,Psychology,Female,Carolyn Green MD,25,31
2.26,Engineering,Female,Gerald House,19,32
3.87,English,Other,Jennifer Smith,27,33
3.89,Mathematics,Female,Thomas Horne,26,34
2.3,English,Other,Stephen Mitchell,30,35
2.92,Computer Science,Male,Jessica Jimenez,18,36
2.43,Business,Female,Amy Wong,22,37
2.28,Mathematics,Male,Monica Brock,19,38
2.78,Mathematics,Female,James Beard,22,39
2.02,Biology,Female,Thomas West,30,40
3.27,History,Male,John Meyer,20,41
2.46,Computer Science,Male,Mr. David Nguyen,18,42
3.92,English,Other,Hannah Williams,29,43
3.38,Engineering,Female,Joel Andrews,24,44
2.71,Computer Science,Female,Mrs. Sarah Harrell,26,45
2.18,Engineering,Female,Brianna Hammond,24,46
2.81,Business,Male,Jasmine Carson,18,47
3.63,Biology,Male,Rachel Henry,28,48
3.08,History,Other,Ethan Rodriguez,26,49
2.78,Psychology,Male,John Coleman,24,50
2.64,Computer Science,Female,Jack Novak,20,51
2.27,Psychology,Other,Carrie Lindsey,26,52
3.76,English,Female,Sierra Fuller,21,53
3.69,Biology,Other,Kristine Young,23,54
2.59,History,Female,Jasmine Martinez,24,55
2.8,Engineering,Other,Manuel Wiley,26,56
2.57,Economics,Other,Brenda Davidson,18,57
2.76,English,Female,Caleb Hancock,23,58
2.59,Biology,Male,Christina Graham,18,59
3.89,Psychology,Female,Elizabeth Villanueva,26,60
3.17,Mathematics,Other,Robert Patel,21,61
3.95,Mathematics,Female,Natalie Andrews,26,62
2.24,Biology,Male,John Thomas,28,63
2.77,Biology,Female,Kristina Patrick,27,64
2.72,Business,Other,Amber Sosa,22,65
3.81,Computer Science,Other,Thomas Friedman,23,66
2.65,Computer Science,Other,Teresa Robles,21,67
2.09,Economics,Female,Brittany Walker,26,68
2.58,Business,Male,Jordan Richardson,21,69
3.41,Mathematics,Other,Mary Mora,20,70
2.47,Computer Science,Other,Benjamin Davis,18,71
2.83,Computer Science,Other,Christina Hendrix,27,72
3.65,English,Other,Dr. Melissa Stevens DDS,28,73
2.69,Economics,Female,William Kramer,30,74
2.15,English,Other,Joshua Romero,28,75
3.81,Computer Science,Other,Jeffery Yoder,24,76
2.32,Computer Science,Male,Michael Herman,29,77
3.71,History,Other,Phillip Jordan,23,78
3.08,English,Male,Amanda Soto,29,79
3.75,History,Female,Lori Johnson,21,80
3.03,Engineering,Female,Tina Cannon,24,81
3.87,English,Female,Kim Robinson,24,82
3.18,Business,Female,Jerry Lambert,28,83
2.57,English,Other,Pamela Ibarra,26,84
2.18,Business,Other,Alan Steele,20,85
3.17,History,Male,Jeffery Singleton,26,86
2.41,Business,Other,Erin Hicks,27,87
2.39,Economics,Male,Jacqueline Roberts,24,88
2.84,English,Female,Heather Lopez,28,89
2.27,Psychology,Male,Jennifer Baker,29,90
2.23,Economics,Other,Philip Perry,26,91
3.04,Computer Science,Other,Dakota Perez,30,92
3.08,Business,Other,Jason Brown,24,93
2.12,Business,Female,Emily Washington,29,94
2.79,Computer Science,Female,Joseph Marks,24,95
3.75,Business,Male,Rebecca Rivera,27,96
2.48,Mathematics,Other,James Marshall,20,97
3.97,Business,Other,Leslie Diaz,22,98
3.62,English,Female,Andre Duffy,24,99
2.84,Economics,Female,Anita Smith,20,100
3.95,English,Male,Julie Neal,21,101
2.18,Economics,Other,Morgan Miller,18,102
2.12,Economics,Other,Matthew Fields II,19,103
3.36,English,Other,Raymond Graham,18,104
2.87,Economics,Other,Mr. Michael Morgan,30,105
3.6,Economics,Other,Charles Long,24,106
2.32,Psychology,Female,Jessica Green,19,107
2.58,Biology,Other,Steven Smith,29,108
2.05,Psychology,Other,Teresa Taylor,28,109
3.17,Engineering,Female,Michael Dean,20,110
3.8,Business,Female,Amanda Foster,20,111
2.55,Psychology,Other,John Smith,19,112
3.8,English,Other,Chelsea Valencia,22,113
3.29,Engineering,Female,Tamara Williams,26,114
3.62,Biology,Female,Michelle Hernandez,28,115
3.1,History,Other,Rachel Fields,22,116
3.01,English,Female,Kimberly Johns,19,117
2.09,Mathematics,Female,Daniel House,18,118
2.04,Economics,Other,Alexandra Clark,24,119
3.18,Engineering,Other,Jennifer Hernandez,22,120
2.25,Computer Science,Other,Maria Bush,19,121
3.88,Computer Science,Other,Cory Brown,23,122
3.18,Business,Female,Kevin Smith,24,123
2.27,Computer Science,Female,Elizabeth Hill,18,124
2.83,Engineering,Male,Andrea Young,20,125
2.81,Engineering,Female,Christian Smith,24,126
2.06,Computer Science,Male,Jamie Castillo,27,127
3.05,English,Male,Sarah Thomas,21,128
3.97,Biology,Female,Shawn Williams,24,129
3.25,History,Female,Kristin Rios,22,130
2.69,Mathematics,Female,Michael Johnson,21,131
2.97,English,Female,Brianna Hancock,20,132
3.94,Economics,Other,Rachel Martinez,29,133
2.61,Mathematics,Female,Christina Palmer,23,134
2.51,Engineering,Female,Jennifer Simpson,23,135
2.8,English,Female,Christine George,30,136
3.39,Biology,Other,Sarah Hall,29,137
3.54,Engineering,Female,Mr. David Davis Jr.,26,138
2.32,Mathematics,Other,Tracy Horn,26,139
2.85,Economics,Female,Margaret Hull,28,140
2.35,Biology,Female,Amanda Anderson,27,141
3.03,History,Male,Cynthia Gross,27,142
2.04,Economics,Female,Jeremy Brown,18,143
3.86,History,Male,Brandon Hansen,25,144
3.34,Economics,Male,William Lutz,25,145
2.65,Mathematics,Other,Michele Davenport,28,146
3.51,Business,Male,Timothy Alvarez,28,147
