student_id,name,age,gender,major,enrollment_date,gpa
1,Eric White,22,Other,History,2023-07-04,2.88
2,Michelle Bryant,28,Female,Business,2023-07-09,3.69
3,Mary Mcmahon,23,Male,Psychology,2022-06-14,2.15
4,Gary Fields,28,Female,Mathematics,2022-06-06,2.28
5,Jeffrey Mejia,26,Male,Business,2022-01-27,3.62
6,Breanna Hill,23,Other,Business,2023-06-24,3.39
7,Janet Vargas,22,Female,Computer Science,2022-07-02,3.4
8,Bonnie Fuller,30,Female,Economics,2022-09-01,2.36
9,Kyle Campos,29,Other,Engineering,2021-03-06,2.91
10,Rachel Bryant,22,Male,History,2024-09-09,2.56
11,Yvonne Davies,21,Female,Engineering,2021-07-25,3.61
12,Amy Wood,21,Female,Biology,2025-01-11,2.2
13,Ashley Sparks,29,Male,Psychology,2022-11-02,3.54
14,Duane Blanchard,27,Female,Computer Science,2024-06-11,3.67
15,Charles Carrillo,26,Other,Biology,2022-11-30,2.07
16,Phyllis Hernandez,26,Other,English,2024-01-17,2.81
17,Jordan Mcconnell,24,Female,Business,2023-01-19,2.46
18,Chad Ramirez,20,Other,Economics,2023-04-20,2.93
19,Jacqueline Hill,25,Male,Psychology,2023-05-09,2.7
20,Laura Little,25,Female,Business,2023-04-06,3.56
21,Edward Holder,25,Female,Biology,2024-01-10,2.51
22,Scott Bullock,18,Male,English,2023-12-17,2.37
23,Amanda Barr,28,Male,English,2024-05-13,3.22
24,Samantha Daniels,19,Male,Mathematics,2024-08-20,2.53
25,Dana Thompson,20,Male,Computer Science,2021-06-07,3.43
26,Christina Strickland,30,Female,History,2021-06-27,3.46
27,Donna Smith,27,Female,Computer Science,2022-08-12,2.41
28,Jennifer West,25,Male,Economics,2024-08-13,2.24
29,Karen Hudson,22,Male,Mathematics,2022-08-01,3.1
30,Madeline Hill,29,Other,Biology,2024-05-02,3.27
31,Mary Perry,28,Female,Mathematics,2023-01-10,2.41
32,Christopher Rodriguez,19,Female,Mathematics,2023-04-25,3.77
33,Ryan Brown,28,Female,Computer Science,2022-09-24,2.16
34,Kurt Berg,20,Male,Mathematics,2021-07-25,3.46
35,Melinda Smith,27,Other,Psychology,2022-04-02,3.99
36,Kevin Lopez,30,Female,Biology,2021-09-25,2.4
37,Douglas Farley,18,Male,History,2021-10-09,3.71
38,Carolyn Carney,23,Male,History,2021-09-28,2.69
39,Jeremy Johnson,25,Female,Business,2022-11-30,3.57
40,Cristian Morales,19,Female,Biology,2024-11-14,2.01
41,Mario Baker,23,Male,Engineering,2023-04-16,3.17
42,Joanna Bradley,22,Other,Engineering,2021-06-05,2.71
43,James Craig,26,Other,Computer Science,2024-07-07,3.79
44,Mike Salazar,30,Male,Mathematics,2022-05-11,3.49
45,Ryan Smith,28,Female,Biology,2022-04-23,3.58
46,David Walters,24,Other,English,2024-01-04,3.86
47,Joseph Solis,26,Male,Economics,2021-09-28,2.07
48,Erika Perez,29,Male,Economics,2023-02-23,2.16
49,Zachary Morgan,18,Female,Business,2023-02-05,3.77
50,Martin Curry,19,Female,Business,2022-12-17,2.91
51,Mark Valdez,28,Other,English,2023-07-26,2.35
52,Amber Johnson,26,Female,Business,2023-06-08,3.69
53,Jason Rivera,23,Male,Engineering,2024-06-15,2.59
54,Jessica Maxwell,24,Other,Business,2022-07-01,3.57
55,Makayla Suarez,21,Female,English,2023-11-09,2.45
56,Mark Hinton,20,Female,Psychology,2024-04-25,2.05
57,Jordan Harvey,29,Female,Mathematics,2021-04-25,3.0
58,Joshua Richmond,29,Female,English,2021-11-23,2.36
59,Mary Peterson,29,Male,English,2025-02-05,3.14
60,Jose Johnson,28,Other,Business,2022-02-09,3.73
61,Karen Downs,20,Male,English,2022-06-10,3.73
62,John Castillo,23,Other,Biology,2022-05-18,3.05
63,Zachary Richardson,23,Male,Economics,2024-02-23,3.73
64,Cory Edwards,24,Female,Psychology,2024-07-17,2.2
65,Michael Palmer,29,Female,Biology,2024-04-03,3.92
66,Jessica Stephenson,30,Male,Psychology,2024-02-15,3.91
67,Nicole Meyers,22,Other,Business,2024-11-26,3.93
68,Michael Lopez Jr.,18,Other,Biology,2022-08-25,3.23
69,Jennifer Miller,28,Male,English,2023-06-24,2.52
70,Savannah Murphy,29,Other,English,2024-10-01,3.09
71,Wendy Jennings,22,Male,Economics,2023-04-17,3.1
72,Robert Knapp,20,Other,Business,2024-05-16,3.02
73,John Reed,22,Other,Psychology,2024-08-17,2.22
74,Joseph Alexander,22,Female,Computer Science,2024-09-23,3.59
75,Teresa Kelly,25,Male,Psychology,2022-11-24,3.21
76,Monica Moore,18,Female,Business,2024-10-30,3.15
77,Brandon Anderson,21,Male,Mathematics,2024-11-28,3.43
78,Gregory Cochran,28,Male,Computer Science,2022-12-27,3.31
79,Rhonda Ray,29,Other,English,2023-11-25,3.04
80,Jordan Kelly,30,Male,Business,2021-11-10,3.46
81,Brandon Atkinson,22,Male,Mathematics,2021-06-04,3.07
82,Anthony Dennis,24,Male,Biology,2024-08-26,2.38
83,Elizabeth Bass,27,Other,Biology,2024-07-03,3.16
84,Joshua Garner,25,Male,Psychology,2023-01-13,3.71
85,Mr. Brandon Jones,26,Other,English,2024-05-21,3.43
86,Christopher Baker,24,Male,Psychology,2021-09-06,2.36
87,Charles Jenkins,26,Other,Biology,2023-06-13,3.58
88,Heidi Hopkins,19,Other,English,2023-04-15,3.54
89,Emily Davis,22,Male,Engineering,2025-01-30,2.87
90,Sarah Keller,18,Male,Engineering,2024-10-22,2.89
91,Kaitlyn Richard,20,Male,Engineering,2024-12-26,3.65
92,Rachel Farmer,27,Male,Economics,2022-07-20,2.8
93,Kenneth Holland,19,Female,Mathematics,2023-03-18,3.38
94,Taylor West,21,Male,Mathematics,2021-04-16,2.12
95,Katie Moore,25,Other,Business,2024-01-17,2.76
96,Tyler Hall,29,Other,Biology,2023-01-10,2.75
97,Eric Alexander,30,Other,Computer Science,2022-02-05,2.71
98,Justin Brock,19,Other,Biology,2023-07-16,3.05
99,Katelyn Jackson MD,22,Female,English,2021-11-17,2.77
100,Mrs. Sylvia Jackson,29,Male,History,2022-10-02,2.55
101,Billy Myers DDS,30,Female,Business,2023-04-11,2.26
102,Kyle Riley,29,Female,Computer Science,2023-10-11,2.98
103,Teresa Ruiz,28,Other,History,2023-01-17,2.6
104,Candace Patterson,23,Other,English,2023-03-16,2.24
105,Ryan Curtis,20,Female,History,2021-05-02,2.1
106,Christopher Rodriguez,27,Male,Computer Science,2024-10-07,2.3
107,Deanna Garcia,22,Other,Economics,2022-09-21,3.37
108,Tamara Murphy,20,Male,Psychology,2023-02-21,2.51
109,Molly Patton,25,Male,Economics,2022-11-01,2.49
110,Eric Ramirez,22,Male,Computer Science,2022-10-27,3.89
111,David Perry,30,Female,Psychology,2023-01-03,3.8
112,Cassandra Parker,23,Other,English,2022-08-10,3.54
113,Joseph Hartman,20,Female,Business,2023-07-18,3.38
114,Franklin Sharp,30,Male,Engineering,2024-11-11,3.93
115,Emily Griffith,21,Male,History,2023-06-08,2.08
116,Barbara Barnes DVM,18,Other,Business,2021-10-31,2.89
117,Stephen Carter,24,Male,Engineering,2022-09-27,2.18
118,Leslie Chavez,27,Male,Biology,2023-05-17,2.97
119,Keith Becker,26,Other,Engineering,2023-05-07,3.18
120,Aaron Delacruz,20,Male,Business,2023-03-07,3.87
121,Matthew Obrien,25,Male,History,2021-04-26,2.56
122,Rebecca Moody,23,Other,Engineering,2022-01-27,3.89
123,Bryan Smith,25,Other,Mathematics,2022-09-15,3.05
124,Nicole Stevenson,24,Other,Psychology,2024-08-28,3.3
125,Jacob Colon,27,Other,Economics,2023-10-31,2.01
126,Tracy Pierce,29,Other,English,2021-11-11,2.36
127,Bryan Garza,30,Male,Computer Science,2023-03-23,2.17
128,Brandon Gonzalez,30,Female,Biology,2021-04-25,3.0
129,Lynn Peterson,24,Other,Psychology,2024-04-11,3.3
130,Allison James,23,Other,Economics,2021-05-18,2.48
131,Elizabeth Farmer,30,Male,Computer Science,2024-01-13,2.23
132,Samantha Cole,23,Male,History,2024-05-02,3.36
133,Melissa Roberts,27,Other,Psychology,2023-05-24,2.6
134,Kimberly Richmond,24,Female,Economics,2024-07-04,2.99
135,Peter Harrell,27,Male,Mathematics,2021-06-01,2.65
136,Mark Marquez,25,Other,English,2022-09-12,2.04
137,Dylan Chang,19,Male,Psychology,2022-02-27,3.87
138,Maria Burke,20,Female,Psychology,2021-04-06,2.25
139,Corey Perez,22,Other,Mathematics,2023-12-07,3.1
140,Jacqueline Vega,29,Male,Computer Science,2021-10-26,2.06
141,Zachary Pierce,30,Male,Biology,2021-02-22,3.87
142,Stephen Hunt,21,Male,Economics,2024-12-03,2.48
143,Richard Rios,26,Male,History,2022-04-02,3.11
144,Troy White,30,Other,Economics,2021-11-13,2.43
145,Aaron Lee,30,Female,Mathematics,2021-06-26,3.27
