age,student_id,enrollment_date,major,name,gender,gpa
20,1,2021-03-09,English,Sherry Garcia,Male,3.76
23,2,2023-11-02,Biology,Michelle Clayton,Male,2.22
27,3,2021-09-08,History,Cheryl Mcclain,Female,4.0
30,4,2021-07-02,Engineering,Scott Lawrence,Female,3.47
24,5,2021-02-23,Economics,Mrs. Mary Rodriguez,Female,3.3
25,6,2022-08-01,Economics,Teresa Ellis,Male,2.85
19,7,2021-09-28,Mathematics,Isaac Bass,Other,2.82
30,8,2023-05-11,Biology,William Harris,Female,3.72
28,9,2022-11-25,Engineering,Alan Peck,Female,3.71
20,10,2022-01-26,Computer Science,Kevin Solomon,Female,2.86
22,11,2021-07-05,English,Rodney Sutton,Female,3.43
18,12,2021-07-20,Computer Science,Sheryl Whitaker,Female,2.68
21,13,2024-03-17,History,Kristina Cruz,Other,2.74
18,14,2022-08-18,Psychology,Sabrina Murphy,Male,2.75
23,15,2024-04-27,Computer Science,Ryan Morgan,Other,3.02
23,16,2023-11-07,Engineering,Dr. Stacy Jefferson,Other,3.97
26,17,2023-02-01,Biology,Carrie Sosa,Female,3.97
20,18,2025-01-15,Engineering,Jennifer Smith,Other,3.19
29,19,2024-08-11,Mathematics,Mrs. Laura Flores,Other,3.26
26,20,2021-04-23,Mathematics,Rhonda Sheppard,Other,2.01
18,21,2025-01-05,Psychology,Benjamin Rosario,Other,3.21
26,22,2022-11-28,Business,Jessica Davis,Female,3.12
19,23,2022-04-20,Engineering,Daniel Welch,Male,3.36
22,24,2021-03-04,Computer Science,Colin Rodriguez,Female,2.96
25,25,2023-03-03,Computer Science,Wayne Lopez,Female,3.98
20,26,2024-02-08,Psychology,Paul Benjamin,Male,2.15
22,27,2021-10-18,Mathematics,Kyle Harding,Male,3.54
18,28,2023-12-06,Psychology,Brandon Mejia,Other,3.97
23,29,2021-03-22,Engineering,Nathan Tucker,Other,3.07
22,30,2021-05-13,Engineering,Carl Brown,Male,3.49
23,31,2024-02-15,Business,Courtney Johnson,Female,3.93
30,32,2024-06-14,Business,Cynthia Bowman,Female,2.65
28,33,2023-10-15,History,Mary Phillips,Other,2.72
27,34,2025-01-19,Psychology,Courtney Rowe,Female,2.58
23,35,2021-05-06,Biology,Heather Wilkins,Other,2.74
29,36,2021-10-31,Biology,Michael Gonzalez,Female,2.74
24,37,2024-03-30,Psychology,Laura Mills,Other,3.31
27,38,2024-01-07,English,Katrina Nguyen,Female,2.11
27,39,2022-03-08,Computer Science,Ricky Oliver,Male,3.98
20,40,2024-05-12,Engineering,Mark Richards,Other,2.14
29,41,2021-03-18,Engineering,Dennis Randall,Female,2.04
24,42,2021-06-21,Psychology,James Clarke,Other,2.95
24,43,2021-03-25,Biology,David Willis,Other,3.01
20,44,2024-05-13,Mathematics,Molly Delacruz,Female,2.81
27,45,2023-05-20,Biology,Benjamin Vasquez,Female,3.69
27,46,2023-04-02,Computer Science,Lauren Thompson,Other,2.8
28,47,2023-06-10,Engineering,Jennifer Lutz,Male,2.38
23,48,2022-12-01,Business,Michelle Zavala,Female,2.35
23,49,2023-09-19,Psychology,Laura Ayers,Male,3.73
23,50,2024-04-16,Psychology,Jonathan Anderson,Female,3.97
20,51,2022-09-04,Business,Samantha Holt,Male,3.95
23,52,2022-09-22,Economics,Mr. Jeffrey Padilla MD,Male,2.15
24,53,2022-07-10,Business,Deborah Myers,Other,2.03
23,54,2023-10-12,Economics,John Ward,Female,2.48
29,55,2024-03-01,History,Kristy Thomas,Other,2.69
19,56,2024-06-09,Economics,Jonathan Harper,Female,2.52
20,57,2022-10-06,Computer Science,Holly Grimes,Male,2.18
23,58,2021-09-11,Business,Carolyn Gregory,Male,3.26
29,59,2022-08-08,English,Richard Shaw,Female,3.57
25,60,2023-06-12,Economics,Tony Lynch,Other,3.21
30,61,2023-10-11,Business,Robert Patterson,Other,3.94
23,62,2022-06-29,Biology,Jessica Lucas,Male,3.27
25,63,2022-01-29,Computer Science,Frances Harmon,Other,3.98
28,64,2024-03-28,Mathematics,Elizabeth Mitchell,Other,2.08
22,65,2023-11-28,Business,Scott Arellano,Female,2.79
25,66,2021-09-22,Mathematics,Holly Dawson,Other,3.44
27,67,2021-06-14,Economics,Christopher Shepherd,Other,2.56
24,68,2022-05-01,English,Dwayne Rosario,Female,2.12
28,69,2024-04-25,Biology,Angela Jackson,Female,2.48
29,70,2023-11-04,History,Megan Scott,Other,3.39
18,71,2021-09-30,Computer Science,Patricia Williams,Other,3.92
23,72,2021-08-19,Mathematics,Linda Brown,Male,3.43
28,73,2023-01-15,Psychology,Kayla Mathews,Male,3.17
18,74,2022-04-28,Business,Amy Cooper,Other,3.71
21,75,2021-04-16,Computer Science,Jonathan Taylor,Male,2.15
19,76,2023-10-07,Economics,Jessica Smith,Female,2.15
24,77,2024-10-28,History,Robert Roberts,Female,2.34
19,78,2021-06-15,History,Laura Petersen,Female,3.16
26,79,2022-02-22,Computer Science,Shaun Harrison,Male,3.45
29,80,2023-04-11,Mathematics,Sandra Patel,Other,2.47
18,81,2024-08-10,History,Kristopher Jones,Female,2.54
30,82,2023-08-04,History,Ronald Mccarthy,Female,2.85
30,83,2023-09-19,Biology,Carol Franklin,Male,2.84
30,84,2023-11-03,Mathematics,Jason Gordon,Other,3.93
22,85,2023-04-19,Psychology,Larry Harris,Male,2.87
30,86,2023-04-19,English,William Floyd,Female,2.68
24,87,2024-05-23,Computer Science,Barry Mendez,Other,3.49
26,88,2022-05-16,English,Deborah Garrison,Female,2.73
22,89,2024-07-23,Psychology,Joshua Watson,Other,2.05
18,90,2021-05-16,Computer Science,Shannon Lewis MD,Male,3.79
30,91,2021-03-02,Biology,Suzanne Simmons,Female,2.43
21,92,2023-07-06,Engineering,Cory Coleman,Male,3.19
30,93,2023-09-17,Psychology,Diana Knight,Male,3.6
18,94,2023-05-07,History,James Wilkinson,Male,3.87
19,95,2023-06-15,Economics,David Henderson,Female,2.76
23,96,2021-08-26,History,Timothy Greer,Female,3.32
26,97,2024-03-26,Mathematics,James Henderson,Female,3.84
29,98,2024-05-02,Engineering,Vanessa Young,Female,3.11
30,99,2021-12-02,Engineering,Alyssa Jackson,Other,2.84
24,100,2021-10-13,Psychology,Robert Edwards,Male,2.49
18,101,2023-04-20,Computer Science,Sarah Schmidt,Male,2.26
29,102,2021-05-10,History,Melissa Ortega,Other,2.28
21,103,2024-10-24,English,Kaitlyn Romero,Female,3.58
22,104,2024-07-11,Business,Melissa Jimenez,Other,2.73
24,105,2022-06-10,Biology,Amanda Brown,Other,3.1
24,106,2024-08-25,Computer Science,Joshua Johnson,Female,3.41
18,107,2022-02-18,Biology,Karen Flores,Other,2.69
21,108,2022-06-30,Economics,Johnny Henry,Other,3.34
23,109,2021-11-06,Psychology,Zachary Garcia,Other,2.27
25,110,2022-11-07,Engineering,Sara Perez,Female,2.75
27,111,2021-08-17,Biology,Steve Flores,Male,2.75
24,112,2021-08-13,Business,Kimberly Gomez,Female,3.76
30,113,2022-09-20,Business,Christina Mckay,Male,3.3
20,114,2023-08-26,Engineering,Linda Jones,Male,3.19
28,115,2023-10-23,Psychology,Sharon Romero,Female,2.5
29,116,2022-04-27,Economics,Ryan White,Male,3.2
23,117,2021-05-19,History,Patricia Johnson,Other,2.93
26,118,2021-05-01,Business,Amy Nelson,Female,2.96
29,119,2021-02-22,Psychology,Dr. Jill Collier,Female,3.98
30,120,2023-02-14,Business,Dawn Wu,Other,3.17
20,121,2021-05-17,Biology,Alan Stuart,Male,3.45
28,122,2021-07-27,Engineering,Roy Fitzgerald,Male,2.03
25,123,2024-11-02,English,Jeffrey Park,Female,2.33
25,124,2021-04-20,Computer Science,Christy Fisher,Female,2.58
24,125,2024-05-06,English,Anne Miller,Female,2.14
26,126,2021-11-14,English,Gerald White,Other,2.37
20,127,2021-04-17,Computer Science,Katherine Harrison,Other,3.66
22,128,2023-07-14,Economics,Marie Gomez,Other,2.77
21,129,2024-01-08,Psychology,Jesse Long,Female,3.55
22,130,2021-09-16,Computer Science,Lance Galvan,Other,3.74
19,131,2023-04-08,Economics,Jorge Houston,Male,2.71
27,132,2022-07-23,Engineering,Brian Calhoun,Male,2.01
28,133,2024-09-21,Engineering,Michelle Melendez,Other,2.35
28,134,2022-01-22,Mathematics,Brooke Jones,Male,3.24
24,135,2022-11-04,English,Suzanne Khan,Male,3.47
26,136,2022-02-28,Psychology,Haley Lawrence,Female,2.51
28,137,2021-06-06,Mathematics,John Pena,Male,3.8
22,138,2024-10-18,English,Richard Mitchell,Other,2.88
21,139,2022-05-30,Psychology,Edward Doyle,Other,2.85
24,140,2023-04-05,History,Katherine Mcdaniel,Other,2.25
28,141,2024-09-21,Psychology,Frederick Lewis,Male,3.81
24,142,2023-04-18,Biology,Dr. Michael Wright,Male,3.38
27,143,2023-02-05,English,Elizabeth Beasley,Female,2.31
