student_id,name,age,gender,major,enrollment_date,gpa
1,Jessica Dodson,23,Female,Mathematics,2021-05-21,2.48
2,Miranda Anderson,23,Male,Economics,2021-07-11,2.09
3,Melissa Luna,18,Other,Economics,2024-03-05,2.41
4,Erica Mckinney,18,Male,History,2023-02-25,2.84
5,Leslie King,25,Other,Engineering,2024-08-15,3.42
6,Amy Scott,20,Female,Biology,2022-06-14,2.24
7,Cindy Branch,19,Female,History,2023-05-05,2.75
8,Nicole Garcia,25,Other,Engineering,2022-09-27,3.66
9,Kyle Martinez,25,Male,Computer Science,2022-06-11,2.96
10,Mary Schmidt,26,Female,Mathematics,2022-09-22,2.01
11,Sheena Turner,28,Other,Biology,2022-12-22,2.87
12,Anna Williams,24,Other,English,2024-05-20,2.18
13,Jonathan Martinez,25,Other,Economics,2024-04-27,3.24
14,Maria Mann,28,Male,Mathematics,2022-08-16,2.99
15,Scott Price,26,Male,History,2021-03-17,2.64
16,Julie Oconnell,30,Female,Computer Science,2023-05-27,3.82
17,Dawn Bauer,25,Male,Economics,2021-10-09,2.71
18,Amy White,28,Male,Psychology,2021-11-14,3.43
19,Kristen Young,24,Male,Psychology,2024-06-05,2.43
20,Jonathan Sweeney,25,Other,Economics,2024-08-16,3.39
21,Lance Miller,20,Other,English,2024-06-01,3.14
22,Jon Schultz,30,Other,History,2022-05-25,3.56
23,Nathaniel Hampton,26,Other,Psychology,2024-11-03,3.05
24,Michele Coffey,21,Female,Business,2023-03-21,2.51
25,Wesley Hayes,18,Female,Business,2024-05-11,3.03
26,Sean Houston,20,Other,Computer Science,2024-09-12,3.15
27,Kathleen Lewis,23,Other,Economics,2021-05-14,2.06
28,Amy Jimenez,28,Other,English,2024-05-09,2.92
29,Stephanie Young,27,Female,Engineering,2021-08-23,3.4
30,Allison Gates,21,Male,Economics,2022-09-03,3.53
31,Daniel Miller,26,Female,Mathematics,2023-08-13,3.38
32,Kenneth Diaz,25,Female,History,2023-08-08,3.47
33,Thomas Graves,26,Female,Engineering,2021-11-24,2.48
34,Danielle Thomas,23,Female,Computer Science,2025-01-04,3.56
35,Kevin Rogers,19,Other,Psychology,2021-09-27,2.76
36,Kelly Kim,21,Male,History,2021-07-05,2.56
37,David Macias,27,Male,English,2022-07-19,3.21
38,Mary Hall,26,Female,Psychology,2024-05-12,2.25
39,Stephanie Miranda,19,Female,Biology,2023-11-27,3.34
40,Desiree Winters,23,Other,History,2023-03-29,3.17
41,Joseph Parrish,24,Female,Business,2023-10-09,2.12
42,Barry Wilson,27,Female,History,2023-01-09,3.78
43,Rodney Ferguson MD,22,Male,Engineering,2024-08-07,2.44
44,Tracey Jackson,30,Female,History,2023-09-11,2.61
45,Kevin Clark,28,Female,Economics,2023-04-29,2.66
46,Nathan White,25,Other,Economics,2021-06-26,3.51
47,Elizabeth Mitchell,30,Other,Mathematics,2021-09-08,3.02
48,Samuel Cohen II,19,Other,Business,2024-11-29,3.22
49,Kenneth Perry,18,Female,Engineering,2023-11-26,2.65
50,Ronald Murray,25,Male,Psychology,2024-06-28,3.26
51,Kenneth Rodriguez,30,Male,History,2021-03-17,3.19
52,John Mann,19,Male,English,2022-01-09,2.89
53,Angela Rodriguez,21,Other,English,2024-03-31,3.65
54,Elizabeth Ramirez,30,Other,Psychology,2023-03-14,3.56
55,Robert Martinez,25,Male,Biology,2023-12-05,2.3
56,Timothy Wheeler,22,Other,Business,2024-12-05,2.02
57,David Martin,24,Other,Business,2021-05-19,2.76
58,John Allen,24,Male,English,2022-08-13,3.38
59,Melvin Hall,28,Other,Computer Science,2021-10-25,3.58
60,Edwin Shepard,24,Other,English,2024-09-20,3.03
61,Wanda Martinez,22,Female,Engineering,2021-10-14,3.22
62,Jeffrey Robinson,30,Female,Computer Science,2024-01-20,2.42
63,Diana Austin,19,Male,Engineering,2024-07-07,2.47
64,William Lee,18,Male,History,2024-10-02,3.66
65,Matthew Nolan,19,Female,Mathematics,2021-06-21,3.01
66,Maureen Baker,26,Female,Economics,2021-10-03,3.55
67,Keith Brown,19,Other,Business,2023-02-09,2.11
68,Julie Huynh,20,Female,Economics,2022-04-23,3.27
69,Jason Richardson,21,Female,English,2024-06-23,3.55
70,Erin Miller,29,Other,Biology,2023-01-20,3.7
71,Donald Kelly,28,Male,English,2022-04-08,2.5
72,Kristina Rodriguez,19,Male,Computer Science,2023-02-24,3.62
73,Clayton Sanchez,29,Male,Business,2024-04-13,3.53
74,Claire Hernandez,26,Other,Economics,2021-07-07,2.09
75,Kelly Ho,27,Male,Business,2021-10-10,2.23
76,Barbara Glover,19,Female,Economics,2023-04-16,2.26
77,Christian Chavez,27,Other,Business,2023-11-09,2.97
78,Alfred Russell,22,Male,Mathematics,2022-07-05,2.93
79,Rebecca Montes,21,Other,Mathematics,2023-05-18,2.08
80,Christopher Johnson,22,Female,History,2023-11-24,3.52
81,Robert Soto,25,Other,Economics,2023-01-27,3.02
82,Austin Pham,27,Male,English,2022-01-24,3.59
83,Shawn Shaffer,30,Other,Computer Science,2023-11-08,3.67
84,Miss Amy Cox,27,Other,Engineering,2023-06-28,3.26
85,Amanda Beck,19,Male,History,2023-10-05,3.58
86,Tamara Gonzalez,22,Other,Psychology,2021-06-12,3.56
87,Mary Barrett,30,Male,Computer Science,2024-07-10,2.31
88,Michelle Meyers,19,Other,Economics,2021-04-25,3.11
89,Lance Caldwell,29,Female,Mathematics,2024-03-01,3.23
90,Kristi Clark,20,Female,Biology,2022-04-18,3.29
91,Christopher Rowe,23,Other,Computer Science,2024-10-28,3.05
92,Tonya Clark,28,Other,Economics,2023-01-08,2.2
93,Shawn Berry,24,Male,Economics,2023-04-27,2.34
94,Charles Russell,28,Other,Mathematics,2023-02-12,2.25
95,Diane Manning,27,Female,Computer Science,2022-08-17,3.17
96,Christina Martinez,28,Other,English,2023-09-11,2.43
97,Tony Williams,23,Female,Engineering,2023-08-02,3.38
98,Raymond Velasquez,23,Male,Engineering,2023-11-28,2.77
99,Bobby Walsh,28,Other,Business,2021-08-30,2.8
100,Taylor Marshall,26,Other,Computer Science,2024-07-06,3.76
101,Amber Hernandez,24,Male,Mathematics,2023-10-12,2.83
102,Samantha Jenkins,28,Female,Economics,2022-02-23,3.73
103,Vincent Campbell,27,Female,Biology,2024-09-24,3.63
104,Elizabeth Maldonado,28,Male,Mathematics,2023-11-06,2.07
105,Timothy Carpenter,22,Other,Biology,2021-11-29,2.35
106,Deborah Hansen,26,Other,Biology,2024-08-26,2.73
107,William Pugh,25,Male,Mathematics,2022-06-06,2.14
108,Jeffery Hill,27,Other,Business,2022-12-14,2.92
109,Laura Lucas,24,Male,History,2024-11-03,2.55
110,Maria Frost,19,Other,History,2023-05-02,2.13
111,Rachel Warren,28,Male,Business,2021-05-03,3.44
112,Rachel Bass,24,Female,Engineering,2024-10-12,3.58
113,Jennifer Wilkinson,25,Female,Engineering,2024-11-11,3.63
114,Jeremy Rodriguez,29,Male,Economics,2023-08-08,2.13
115,David Davis,24,Female,Business,2021-03-13,2.43
116,Miguel Lopez,19,Male,Business,2021-06-05,3.32
117,Richard Frey,19,Male,Computer Science,2024-09-13,3.05
118,Eric Hernandez,26,Male,Psychology,2023-03-08,2.46
119,Alicia Howell,29,Male,Mathematics,2022-02-19,2.63
120,Laura Walker,30,Male,English,2022-10-23,3.31
121,Joshua Hunt,19,Other,English,2021-10-02,3.87
122,William Daniels,20,Other,Biology,2024-01-31,3.61
123,Kathryn Mueller,26,Other,Economics,2024-12-17,2.4
124,Tiffany Valdez,19,Other,Computer Science,2023-11-19,2.65
125,April Rich,29,Male,English,2021-12-15,2.26
126,Heather Wyatt,19,Male,Engineering,2022-02-24,3.12
127,Catherine Woods,20,Male,Business,2021-09-02,2.86
128,Kayla Sanford,29,Male,Computer Science,2023-07-27,3.66
129,Gary Bartlett,28,Male,Biology,2021-12-30,2.36
130,Dr. Jennifer Reyes,24,Male,Mathematics,2023-07-12,3.82
131,Marcus Andrade,22,Male,Business,2021-12-05,3.81
132,Jacob May,27,Male,History,2024-04-16,3.59
133,James Nguyen,19,Male,Engineering,2021-09-16,3.14
134,Randy Bauer,30,Female,Economics,2022-05-02,2.92
135,Heather Crawford,27,Female,History,2022-10-15,2.9
136,Kayla Green,18,Male,Psychology,2021-08-23,2.55
137,Margaret Walker,20,Other,Engineering,2024-07-21,3.76
138,Alexander Sampson,30,Male,Economics,2023-09-16,3.34
139,Timothy Johnson,22,Male,Biology,2024-02-06,2.67
140,Charles Diaz,23,Female,Biology,2023-10-30,3.15
