student_id,name,age,gender,major,enrollment_date,gpa
1,Terry Mullins,20,Female,Economics,2024-12-17,3.7
2,Adam Bolton,24,Female,Computer Science,2021-04-06,2.22
3,Mr. Aaron Allen,24,Female,Psychology,2023-02-13,3.25
4,Sara Sanchez,25,Male,History,2022-02-24,3.27
5,Christian Lee,22,Male,English,2022-09-25,2.26
6,Jesus Silva,30,Other,Business,2021-11-14,3.33
7,David Braun,20,Other,Engineering,2022-08-12,3.63
8,Adrian Hawkins,24,Male,Biology,2023-12-15,3.6
9,Catherine Burch,19,Male,History,2021-08-14,3.62
10,Theresa Torres,28,Other,History,2021-11-25,2.37
11,Raven Holland,19,Other,Computer Science,2023-01-03,2.68
12,Scott Cox,26,Other,Biology,2022-04-28,3.69
13,Nicole Robinson,30,Female,History,2021-10-10,2.53
14,Alison Young,23,Female,Engineering,2023-05-15,3.67
15,Aaron Rodriguez,18,Other,English,2023-10-07,2.27
16,Wendy Kelley,21,Female,Biology,2024-09-15,3.76
17,Susan Turner,28,Other,Engineering,2021-07-07,3.71
18,Michael Mccoy,20,Female,History,2021-07-06,2.33
19,Marcus Parsons,28,Female,Business,2024-10-19,2.29
20,Whitney Pruitt,20,Female,Economics,2023-06-18,3.42
21,Christopher Norman,18,Male,Business,2024-04-21,3.36
22,David Massey,20,Male,Business,2022-08-16,2.79
23,Gregory Turner,18,Other,Engineering,2023-08-21,3.76
24,Jeffrey Lee,30,Male,Biology,2024-11-10,2.5
25,Jackie Harrell,18,Male,Biology,2024-01-04,2.19
26,Ronald Garner,22,Other,Economics,2022-10-30,3.18
27,Judy Brown,26,Male,Business,2024-02-17,3.39
28,Darryl Rivers,22,Other,Mathematics,2024-12-26,2.89
29,Linda Rice,26,Other,Business,2024-04-05,3.23
30,Victor Shepherd,24,Male,Economics,2021-05-23,2.87
31,Lawrence Reese,27,Other,Biology,2021-10-19,2.61
32,Mark Myers,19,Male,Mathematics,2024-08-11,3.87
33,Rhonda Vega,24,Female,Psychology,2023-05-21,3.13
34,Johnathan Martin,30,Other,Psychology,2022-01-19,2.58
35,Bruce Blake,27,Female,Economics,2024-10-06,2.6
36,Peter Pruitt,20,Male,Computer Science,2025-01-07,3.74
37,Denise Walker,26,Other,Psychology,2024-02-04,2.56
38,David Gaines,27,Male,Engineering,2021-09-14,2.79
39,Charles Young,30,Male,History,2022-01-07,2.47
40,Cynthia Washington,23,Male,Biology,2021-07-16,3.61
41,Cathy Mays,28,Male,Mathematics,2024-07-31,3.27
42,Donald Heath,20,Female,Psychology,2022-03-29,2.09
43,Gabrielle Davis,28,Male,Economics,2024-02-04,3.05
44,Raymond Olsen,26,Male,Computer Science,2022-12-22,2.41
45,John Jackson,29,Male,Biology,2023-02-12,3.83
46,Bruce Martin,25,Male,Mathematics,2024-02-25,2.6
47,Breanna Lamb,19,Female,Biology,2022-07-22,3.07
48,Lindsey Lewis,29,Female,Psychology,2022-09-21,3.56
49,Aaron Chambers,20,Female,Mathematics,2023-11-28,2.86
50,Pamela Mitchell,25,Female,Mathematics,2024-04-17,3.6
51,Jeffrey Martin,21,Male,History,2022-12-08,3.79
52,William Jones,21,Female,Computer Science,2022-09-16,3.57
53,Thomas Riley,29,Other,Psychology,2023-05-20,3.69
54,Thomas Leblanc,18,Male,Computer Science,2021-12-13,2.6
55,Stephen Ward,29,Female,Mathematics,2022-10-23,2.91
56,Andrew Yang,19,Female,Business,2021-04-28,3.09
57,Paul Lee,18,Male,Mathematics,2021-09-29,2.6
58,Deborah Clark,22,Other,English,2023-05-31,3.46
59,Shelly Jones,26,Other,Psychology,2024-10-27,2.53
60,James Love,18,Male,English,2021-04-28,3.19
61,Dustin Watkins,25,Female,Psychology,2024-01-14,2.96
62,Douglas Roberts,21,Female,History,2023-08-06,3.86
63,Kristin Davis,18,Other,Mathematics,2022-08-24,3.38
64,Terry Patterson,20,Male,Business,2022-06-06,2.08
65,Mark Hebert,18,Female,Computer Science,2021-12-21,2.87
66,Robert Townsend,20,Male,History,2024-11-24,2.74
67,Keith Smith,28,Male,Psychology,2021-09-19,2.36
68,Juan Green,21,Other,History,2021-11-05,2.9
69,Katherine Bennett,20,Female,Engineering,2024-09-06,3.05
70,Frederick Hardin,20,Female,Biology,2024-05-10,2.61
71,James Shaffer,21,Other,Mathematics,2021-10-28,3.8
72,Maria Terrell MD,23,Male,Psychology,2024-07-16,3.64
73,Richard Bruce,24,Female,Computer Science,2023-03-26,3.63
74,Victor Lopez,20,Male,Psychology,2023-05-05,3.8
75,Luis Kaiser,25,Female,Engineering,2021-03-09,2.93
76,Gerald Estrada,29,Male,History,2023-10-08,2.45
77,Nicholas Wu,23,Female,English,2022-11-16,3.27
78,Anthony Diaz,24,Other,Computer Science,2021-03-11,2.87
79,John Lynch,22,Other,Economics,2021-10-04,2.73
80,Mitchell Leblanc,20,Other,Economics,2022-11-18,2.74
81,Carolyn Robinson,30,Male,Computer Science,2022-05-29,3.21
82,Jaime Schneider,27,Female,Mathematics,2021-05-20,2.14
83,Robert Brooks,29,Female,Economics,2021-06-15,2.15
84,Kayla Hurley,29,Male,Computer Science,2022-12-07,3.14
85,Patricia Massey,19,Male,Biology,2023-07-26,2.13
86,William Scott,18,Female,Psychology,2024-05-22,3.61
87,Sergio Prince,20,Female,Biology,2022-11-10,3.02
88,Samantha Campbell,20,Male,Economics,2022-03-11,3.59
89,Amanda Parker,23,Male,English,2023-12-12,3.67
90,Sandra Harrell,18,Male,Economics,2023-08-13,2.28
91,Gregory Combs,28,Male,Economics,2023-10-03,3.59
92,Kevin Anderson,30,Female,Biology,2024-01-20,3.2
93,Thomas Rios,20,Female,English,2023-07-17,2.96
94,Steven Palmer,19,Other,Mathematics,2024-04-23,2.57
95,Alec Mccullough,18,Male,Psychology,2022-10-15,2.08
96,Catherine Harrell,21,Female,Economics,2023-01-08,3.3
97,Kyle Cruz,30,Male,Biology,2021-02-24,2.14
98,Robert Smith,29,Female,Economics,2021-10-25,3.56
99,Shari Perry,30,Female,English,2021-11-20,3.64
100,James Roberts,28,Female,Economics,2023-06-19,3.88
101,Tabitha Martinez,20,Other,History,2025-02-10,3.83
102,David Brown,24,Other,Mathematics,2023-05-17,3.91
103,Thomas King,21,Other,Economics,2023-09-04,2.85
104,Carl Little,21,Male,Mathematics,2024-12-31,2.69
105,Thomas Calhoun,28,Male,History,2024-03-23,2.16
106,Johnny Garza,26,Other,Mathematics,2023-10-27,3.07
107,Stephanie Gomez,20,Female,Engineering,2024-05-25,2.91
108,Melissa Vance,25,Male,Computer Science,2021-10-05,2.95
109,Adam Martin,24,Male,Computer Science,2024-06-17,3.03
110,Cody Griffin,27,Female,Economics,2021-10-02,2.3
111,Tiffany Chang,20,Female,Computer Science,2023-01-15,2.49
112,Ronald Cline,29,Male,History,2021-08-13,2.8
113,Erik Parker,18,Female,Computer Science,2021-07-07,3.19
114,Nicole Rodriguez,28,Other,Mathematics,2022-06-11,2.62
115,Erica Diaz,24,Female,Mathematics,2023-11-21,2.33
116,Kenneth Parker,21,Male,Biology,2023-07-07,3.53
117,Xavier Lambert,22,Other,Psychology,2024-06-23,3.2
118,Mr. John Stevenson,24,Other,Mathematics,2021-09-05,3.83
119,Nicholas Bryant,18,Other,Psychology,2021-04-18,2.95
120,Amber Alvarez,25,Male,English,2024-09-30,3.35
121,Emily Hardy,18,Male,Business,2021-10-24,3.14
122,Elizabeth Hutchinson,26,Male,Business,2023-03-06,2.16
123,Jordan Washington,20,Female,Economics,2024-09-30,2.32
124,Wanda May,28,Male,Biology,2023-05-30,2.9
125,Kristin Olson,26,Other,Engineering,2024-08-06,2.25
126,Linda Reeves,27,Male,History,2022-04-27,3.47
127,Cynthia Faulkner,26,Other,History,2023-05-29,2.23
128,Amanda Rice,25,Male,Engineering,2025-01-09,3.41
129,Bradley Chavez,25,Female,English,2023-07-18,3.98
130,Justin Daniel,28,Female,Engineering,2024-10-31,3.9
