name,age,gender,major,enrollment_date,gpa
George Jacobson,19,Female,Computer Science,2021-06-22,3.74
Stephanie Mayer,30,Female,History,2025-02-02,2.18
Joanne Parker,27,Female,English,2021-07-24,3.63
Brittany Reese,21,Female,Computer Science,2023-05-11,2.69
Carlos Lewis,19,Female,Engineering,2022-03-12,2.54
Tracy Cisneros,18,Female,Engineering,2022-12-22,3.36
Jennifer Beltran,24,Male,Computer Science,2024-09-01,3.95
Jessica Hunter,28,Male,English,2021-09-20,3.83
John Williams,20,Other,Mathematics,2023-04-05,4.0
Mr. Hunter Mcgrath,30,Other,Psychology,2021-03-07,3.15
Cameron Carlson,23,Female,Economics,2021-05-14,2.8
Christina West,25,Other,Mathematics,2023-06-19,3.67
Mark Mcclure,21,Male,English,2023-11-29,3.88
Lindsey Mitchell,25,Other,English,2022-02-08,2.48
Shannon Kelly,30,Female,Biology,2021-10-25,2.93
Mark Nunez,27,Female,Engineering,2024-09-06,2.73
Erika Allen,19,Male,Computer Science,2021-03-19,2.08
Donna Kelly,19,Male,History,2022-11-12,3.44
Chad Barnes,27,Male,Computer Science,2023-02-18,3.54
Keith Pugh,22,Other,Psychology,2022-11-09,2.41
Erin Brown MD,24,Other,Business,2023-09-04,3.48
Timothy Tran,29,Male,Biology,2023-12-04,2.27
Eric Thompson,24,Male,Engineering,2021-09-06,2.76
Gabrielle Jones,29,Other,Engineering,2021-04-03,2.23
Ashley Lewis,18,Male,Engineering,2024-08-20,3.18
Amber Mccoy,19,Male,Psychology,2021-11-18,2.96
Sean Moore,29,Male,History,2021-06-11,3.39
Andrea Henderson,28,Female,Psychology,2023-05-29,2.62
Scott Johnson,29,Other,Biology,2024-03-06,3.37
Gabrielle Baker,30,Male,Biology,2021-08-17,2.45
Justin Ferguson,27,Other,Economics,2022-07-27,3.86
Meredith White,22,Female,Biology,2024-12-04,2.33
Thomas Stokes MD,19,Female,Engineering,2023-08-05,2.37
Joe Castaneda,27,Female,Psychology,2024-05-03,3.86
Matthew Osborn,24,Female,Economics,2021-09-20,3.79
Whitney Jefferson,27,Other,Computer Science,2023-02-12,2.4
Frank Chase,20,Other,English,2023-08-16,3.38
William Orr,19,Male,History,2023-06-01,2.82
Tyler Parker,26,Male,Biology,2024-03-20,2.6
Jamie Byrd,26,Other,English,2022-03-06,2.38
Jill Fox,18,Other,Mathematics,2021-03-14,2.19
Andrea Flores,24,Other,Mathematics,2021-02-15,2.05
Michelle Wall,18,Female,Biology,2024-06-15,3.38
Ashley Wolfe,18,Male,History,2022-04-16,3.85
Amanda Smith,27,Other,Biology,2024-08-18,2.15
Eric Miller,24,Male,Business,2022-10-22,2.24
Tyler Martin,21,Female,Biology,2024-04-22,2.06
Marvin Hardy,18,Other,History,2023-05-04,3.01
Patrick Brown,22,Female,Biology,2024-10-05,3.79
Lisa Adams,21,Male,Business,2021-05-30,3.13
Heather Murphy,21,Female,Engineering,2025-01-31,2.53
Stacy Campbell,19,Other,Engineering,2022-11-24,3.97
Traci Ross,22,Male,Mathematics,2023-05-18,3.53
James Moon,19,Other,Economics,2024-12-18,3.05
Kyle Finley,25,Other,History,2022-09-19,3.72
Mr. Aaron Lawson,29,Female,Psychology,2023-08-23,2.07
Amanda Willis,29,Other,Engineering,2021-05-13,2.62
Spencer Holloway,22,Male,Economics,2024-02-28,2.25
Jeremy Blair,25,Male,Psychology,2022-06-12,3.11
Kristen Manning,25,Female,Computer Science,2022-01-16,2.51
Laura Knox,26,Other,Business,2024-05-09,3.34
Luis Figueroa,26,Female,Engineering,2021-09-12,3.56
Leslie Price,25,Male,Biology,2023-10-13,2.21
Nicole Jackson,26,Female,Mathematics,2024-06-06,2.39
Elizabeth Smith,29,Female,Business,2022-02-05,2.07
Lawrence Smith,24,Other,Psychology,2023-07-27,3.01
Ann Dickerson,26,Other,Psychology,2024-08-06,3.58
Shannon Allison,19,Female,Engineering,2021-07-17,2.46
Brendan Collins,21,Male,Economics,2024-03-26,2.46
Kevin Montoya,18,Female,Computer Science,2021-12-09,2.05
Karen Mccarty,21,Female,History,2025-01-21,3.49
Justin Oconnor DDS,27,Female,Computer Science,2024-01-21,2.96
Mary Mills,30,Female,Biology,2024-03-26,2.57
Shawna Wilkins,28,Other,Business,2022-07-13,2.02
April Melendez,29,Female,Computer Science,2022-08-23,2.49
Pamela Barnes,27,Male,Psychology,2023-11-22,3.48
Heather Avery,26,Female,Economics,2022-12-29,2.96
Tina Taylor,20,Male,Business,2023-10-22,2.94
Peter Smith,26,Other,Mathematics,2021-06-08,2.81
Kimberly Torres,27,Male,English,2022-12-13,3.27
Robert Ferguson,26,Male,Engineering,2025-01-11,3.0
Angela Greene,24,Female,Mathematics,2021-12-05,3.89
Kenneth Thompson,20,Female,Business,2024-01-23,3.51
Terry Liu,21,Other,Biology,2023-03-13,2.08
Jon Kennedy,30,Female,History,2024-05-12,3.82
Kelly Martinez,25,Other,Economics,2021-08-02,3.8
Carrie Sullivan,30,Other,Mathematics,2024-01-24,3.6
Paul Tate,24,Other,History,2022-07-26,3.76
Mark Williams,20,Other,Mathematics,2022-08-25,3.74
Eric Rivers,23,Male,Mathematics,2024-05-27,2.46
Nicole Bradley,21,Male,Business,2023-02-07,3.61
Samantha Harris,30,Male,History,2021-12-12,2.48
David Todd,19,Female,English,2022-05-23,3.97
Adam Sanders,27,Female,Business,2022-11-11,2.86
Clinton Erickson,25,Other,Business,2023-09-09,3.84
Carlos Jones,27,Other,Business,2022-06-20,3.85
Dennis Cook,30,Female,Psychology,2024-11-24,2.67
Sheila Smith,30,Other,English,2024-01-13,3.05
Beverly Bradley,21,Male,Business,2021-07-20,3.57
Sara Richardson,28,Female,Business,2023-07-27,2.46
Stephanie Williams,22,Female,Business,2022-05-17,2.64
Tammy Tate,24,Female,Biology,2023-11-29,2.18
Austin Hill,19,Female,Biology,2024-03-31,2.98
Jennifer Foster,28,Male,Computer Science,2024-07-07,2.65
Laura Dyer,25,Male,English,2021-06-22,3.59
Courtney Horne,28,Other,Business,2024-09-02,2.0
Randy Booth,19,Male,Mathematics,2024-05-15,3.56
Michael Ware,18,Male,Computer Science,2021-07-17,2.9
William Campbell,26,Other,History,2022-08-31,2.22
Matthew Jackson,22,Female,History,2024-07-18,3.18
Teresa Lee,29,Male,Economics,2021-10-11,3.47
Michael Smith,30,Female,History,2023-09-10,2.87
Jeremiah Gutierrez,28,Male,History,2024-03-14,3.66
Emily Gibson,22,Female,Business,2024-03-04,3.65
Kim Patel,27,Male,Engineering,2024-06-30,3.35
Danielle Hunter,20,Female,Economics,2021-03-17,2.07
Jacob Mccarthy,26,Male,English,2021-02-24,2.66
Ronald Nelson,29,Male,Psychology,2022-03-21,2.58
Patrick Wallace,26,Female,History,2024-08-20,2.28
Lori Gibson,30,Male,Psychology,2023-06-08,3.16
Robert Lane,25,Other,Mathematics,2023-04-09,3.7
George Ruiz,26,Other,Computer Science,2023-11-10,2.39
Teresa May,20,Male,Psychology,2024-12-04,2.3
James Avery,27,Other,Engineering,2023-03-18,3.73
Eric Perry,23,Female,Business,2022-02-26,2.32
Erin Williams,21,Female,Biology,2024-02-01,3.59
Rebecca Collins,28,Male,Biology,2023-02-02,2.45
Robert Williams,19,Male,English,2024-05-29,3.8
Caitlin Huffman,21,Other,English,2021-05-05,2.46
Samuel Lewis,22,Female,Mathematics,2021-02-27,3.2
Terri Ellis,23,Female,Biology,2022-03-21,2.61
Cindy Baker,28,Male,History,2021-06-03,3.38
Heather Wilson,23,Female,Business,2022-05-31,2.46
Cassandra Scott,19,Other,Business,2024-03-24,2.4
Elizabeth Pierce DDS,22,Other,Economics,2023-07-18,3.64
Patrick Mullen,30,Male,History,2021-10-03,2.41
Richard Wright,29,Male,History,2022-08-15,2.1
Mr. Jonathan Ross,28,Female,Engineering,2022-07-06,3.19
Courtney Thomas,27,Male,Economics,2023-08-16,2.26
Austin Blackwell,24,Male,Computer Science,2024-05-12,3.19
Brandon Martin,30,Other,Economics,2021-08-17,2.68
