age,gender,major,student_id,enrollment_date,name,gpa
23,Female,English,1,2022-01-08,Vicki Jones,3.31
22,Female,Engineering,2,2024-01-30,Kevin Garcia,3.71
28,Other,Business,3,2023-12-02,Sarah Luna,3.19
27,Male,English,4,2024-01-06,James Acosta,3.84
30,Female,Psychology,5,2023-09-23,Elizabeth Payne,2.81
23,Male,Economics,6,2024-06-21,James Hammond,3.83
18,Male,Biology,7,2022-12-30,William Gordon,2.73
26,Female,Business,8,2023-09-27,Jennifer Simmons,3.03
24,Female,Mathematics,9,2023-08-17,Kristy Coleman,3.07
18,Other,Economics,10,2022-01-06,Kevin Fuentes,3.3
20,Female,Economics,11,2023-03-25,Alexis Cole,2.31
18,Female,Economics,12,2024-11-06,Kelly Bell,2.43
26,Other,History,13,2022-06-12,Sharon Boyle,3.76
26,Other,Psychology,14,2021-06-09,Kristy Austin,2.77
28,Female,Economics,15,2022-05-21,Jeffrey Keller,3.11
20,Male,Computer Science,16,2023-06-13,Angela Ramos,2.15
18,Other,Computer Science,17,2022-10-31,Beverly Mckenzie,3.82
18,Male,English,18,2021-10-28,Mary Castillo,3.58
24,Female,Mathematics,19,2023-04-19,Patrick Garcia,2.01
27,Male,Mathematics,20,2022-03-20,Andre Smith,2.73
30,Male,Engineering,21,2024-06-29,Evan Gomez,2.73
21,Female,Business,22,2021-05-04,Maria Hansen,3.29
22,Male,Mathematics,23,2023-08-19,Monique Zamora,2.23
21,Female,Computer Science,24,2023-03-04,Courtney Scott,3.79
26,Other,Business,25,2023-01-20,Jennifer Gordon,3.58
28,Male,Business,26,2025-02-02,Steven Price,2.73
30,Female,Economics,27,2022-02-04,Jason Rodriguez,3.92
19,Female,Economics,28,2023-07-07,Hayley Olson,3.96
28,Other,Mathematics,29,2021-04-21,Stephanie Morgan,3.52
18,Other,English,30,2021-05-11,Betty Fowler,3.36
25,Other,Business,31,2023-08-12,Joseph Frazier,3.73
28,Female,Economics,32,2024-11-18,Christopher Thomas,3.94
26,Other,History,33,2024-11-20,Lori Brown,3.35
24,Other,Economics,34,2024-10-23,Jennifer Rodriguez DDS,2.08
22,Other,Mathematics,35,2024-06-02,William Nichols,3.88
24,Male,History,36,2021-06-16,Gregory Prince,3.73
23,Male,Business,37,2023-09-12,Bob Meadows,3.29
30,Female,Mathematics,38,2023-07-17,David Grant,3.01
18,Male,English,39,2024-04-02,Frances Cook,3.53
28,Female,History,40,2024-08-17,Carlos Garrison,3.8
28,Female,Mathematics,41,2023-02-15,Candice Aguilar,2.29
19,Other,Computer Science,42,2022-12-23,Tyler Gates,3.57
19,Male,Business,43,2022-11-21,Angel Wade,3.33
24,Male,Psychology,44,2023-01-15,Richard Aguilar,2.02
22,Other,Business,45,2023-09-16,Joseph Shepherd,3.12
21,Male,History,46,2023-01-13,Daniel Johnson,3.65
20,Other,Economics,47,2021-04-28,David Smith,3.44
29,Female,Computer Science,48,2021-03-11,Chase Owen,2.61
30,Other,Business,49,2022-07-31,Michelle Johnson,2.68
24,Male,Biology,50,2022-12-02,Amanda Davis,3.0
28,Male,Economics,51,2022-10-08,Dwayne Richards,3.59
20,Female,Economics,52,2023-11-28,Brittany Martin,3.8
29,Other,Biology,53,2023-11-21,Jason Harris,3.5
26,Other,Psychology,54,2024-11-24,Amy Henry,3.65
24,Male,History,55,2024-03-12,Tiffany Neal,2.36
24,Male,History,56,2021-12-19,Robert Roach,3.81
19,Male,Mathematics,57,2023-04-26,David Wilson,3.86
27,Male,Mathematics,58,2021-11-02,Julian Reynolds,3.6
24,Female,Engineering,59,2021-04-14,Joshua Dorsey,2.63
30,Other,History,60,2023-03-18,Nicole Mcconnell,3.96
27,Male,Mathematics,61,2021-03-26,Mrs. Melissa Williams MD,2.32
23,Other,Business,62,2021-10-31,Katrina Clay,2.46
23,Other,Engineering,63,2023-01-24,Carol Contreras,3.31
22,Male,Computer Science,64,2023-01-17,Michael Foster,2.89
18,Male,Mathematics,65,2024-02-19,Roger Stanton,2.46
18,Female,Biology,66,2024-07-16,Andrea Chandler,2.44
24,Male,Business,67,2024-05-02,Arthur Weaver,3.31
24,Male,English,68,2021-08-15,Haley Williams,3.51
22,Other,Biology,69,2022-02-21,Willie Barnes,2.96
21,Male,Computer Science,70,2022-07-14,Jeffery Holloway,3.13
30,Male,Biology,71,2021-04-11,Mark Murray,3.01
22,Female,English,72,2025-01-09,Melody Barajas,2.82
22,Male,Engineering,73,2024-09-28,Charles Wright,2.65
19,Female,Engineering,74,2024-02-28,Patricia Ramirez,2.31
27,Female,History,75,2022-08-10,Lisa Roy,3.34
25,Female,Engineering,76,2022-10-20,Anthony Fischer,3.59
22,Male,Engineering,77,2024-07-04,Anthony Keller,3.8
28,Female,Biology,78,2023-08-21,Timothy Stanley,3.97
18,Male,Psychology,79,2024-10-17,Ralph Clark,3.02
18,Other,Biology,80,2023-12-24,Kim Garcia,3.22
30,Male,Engineering,81,2024-01-10,Lori Vance,2.83
23,Female,Business,82,2021-08-02,Paula Webb,2.43
22,Female,Biology,83,2023-03-30,Seth Williams,2.46
21,Male,Biology,84,2021-07-08,Brian Torres,2.76
28,Female,Psychology,85,2024-07-27,Sabrina Mclean,2.17
20,Other,Economics,86,2022-09-16,Patricia Gallegos,3.12
24,Male,Psychology,87,2022-01-17,Dustin Cabrera,2.37
28,Male,English,88,2021-12-09,Manuel Ryan,2.23
19,Male,Mathematics,89,2024-01-13,Kevin Booker,3.78
29,Male,Computer Science,90,2024-08-09,Breanna Watson,2.17
23,Other,Economics,91,2023-11-08,Jacob Little,3.34
23,Other,Economics,92,2023-09-06,Kaitlyn Walker,2.61
20,Female,Computer Science,93,2021-03-03,Robert Martinez,3.67
26,Female,Computer Science,94,2021-08-16,Joshua Chung,2.61
26,Other,History,95,2021-03-04,David Rhodes,3.82
19,Other,Business,96,2021-12-16,Colleen Yang,2.43
20,Other,Engineering,97,2021-07-06,John Wagner,3.43
22,Male,Psychology,98,2023-09-23,Angela Strickland,2.3
27,Female,Economics,99,2024-02-02,Mark Kim,2.32
30,Female,Engineering,100,2023-03-28,Michelle Clark,3.23
19,Male,Computer Science,101,2024-08-15,Nicole Wheeler,2.75
27,Female,Psychology,102,2023-01-05,Nicole Vasquez,2.81
26,Female,History,103,2021-11-11,Darryl Lewis,3.98
28,Male,History,104,2024-04-02,Michelle Gross,3.92
28,Female,Business,105,2022-12-03,Katherine Duarte,2.83
25,Female,English,106,2024-03-13,Amy Flores,3.04
24,Female,Psychology,107,2024-02-18,Mary Wade,2.7
20,Other,English,108,2025-02-08,Steven Cole,2.43
18,Other,English,109,2023-06-03,Michael Warren,3.04
26,Other,Business,110,2022-09-10,Jody Moore,3.68
26,Female,Mathematics,111,2021-07-23,Michael Myers,3.7
25,Other,Business,112,2022-07-26,James Hayden,2.31
20,Female,Biology,113,2022-02-10,Stephen Ruiz,2.52
26,Female,Psychology,114,2022-02-19,Jason Morris,2.8
29,Female,Psychology,115,2022-06-29,Amy Morgan,3.21
20,Other,History,116,2021-07-20,Michael Greer,3.58
23,Female,English,117,2023-05-11,Jacob Thomas,3.4
21,Male,Business,118,2024-02-07,Julian Flores,2.61
21,Other,Biology,119,2024-05-08,Barbara Shaw,3.53
29,Other,Computer Science,120,2024-01-14,Marie Mcdonald,2.99
26,Female,Business,121,2021-07-19,Christopher Welch,3.32
21,Female,Psychology,122,2024-07-18,Matthew Moreno,3.45
20,Male,Economics,123,2023-10-11,Jerome Reed,3.77
29,Other,Psychology,124,2024-07-17,Evelyn Hughes,3.25
30,Other,Business,125,2021-10-25,Denise Clark,3.78
24,Female,Biology,126,2023-04-29,Valerie Smith,2.55
23,Female,Mathematics,127,2023-06-24,Daniel Moore,2.08
26,Female,Psychology,128,2023-05-09,John Valdez,3.8
23,Male,Engineering,129,2021-11-02,Melissa Davila,2.12
19,Female,History,130,2024-03-02,Robert Davis,2.45
18,Male,History,131,2021-07-06,Willie Matthews,2.56
29,Male,History,132,2023-10-24,Denise Baker,2.76
21,Male,Biology,133,2021-02-12,Carrie Johnson,3.8
26,Female,Biology,134,2023-12-04,Robert Carter,3.0
27,Other,History,135,2024-10-15,Christopher Contreras,3.4
23,Female,Mathematics,136,2022-05-31,Pamela Rogers,2.69
22,Male,Psychology,137,2022-08-03,Amanda Snyder,3.68
29,Female,Computer Science,138,2023-09-06,Rachel Santos,2.68
21,Female,Psychology,139,2021-02-20,Jennifer Wilkins,3.16
23,Male,History,140,2021-07-09,Mark Gonzalez,3.52
29,Female,Mathematics,141,2023-12-08,Julian Lara,3.03
21,Other,Computer Science,142,2023-12-08,Lauren Ballard,3.42
23,Female,History,143,2021-12-07,Lisa Henderson,3.46
19,Other,History,144,2024-10-26,John Cook,3.77
20,Female,Computer Science,145,2023-08-05,Rebecca Conway,2.4
20,Other,Engineering,146,2021-05-06,Tammy Anderson,3.7
18,Other,English,147,2021-12-10,Jordan Powell,2.37
21,Other,English,148,2023-02-28,Pamela Duncan,3.92
