record_id,income,filing_date,name,taxpayer_id,tax_paid,status
1,110513.85,2024-04-20,Stacy Schroeder,692401981,35019.64,Rejected
2,126447.36,2024-03-11,Michelle Morales,850693128,16203.61,Pending
3,77855.65,2024-09-12,Renee Burke,484978146,16349.57,Audited
4,65028.67,2024-02-27,Brent Rivas,792066642,17363.0,Filed
5,83425.89,2024-03-02,Tammy Adkins,819354395,17253.84,Audited
6,101018.64,2024-12-04,Mathew Torres,590894656,39820.43,Filed
7,165266.7,2024-07-18,Douglas Bradford,989816007,22528.19,Filed
8,83133.15,2024-08-17,Shannon Willis,635640186,14844.5,Pending
9,70979.09,2024-09-30,Benjamin Price,602221670,8215.8,Audited
10,189557.44,2024-04-29,Martin Murillo,709293582,41959.57,Filed
11,87138.31,2024-10-31,Carla Morgan,322070417,18076.86,Filed
12,97713.35,2024-10-21,Don Williamson,335916363,15782.93,Rejected
13,176875.91,2024-08-09,William Johnson,313802168,65237.13,Filed
14,45229.75,2025-01-19,Daniel Hall,629588061,6250.08,Pending
15,172455.51,2024-05-02,Cathy Wallace,288948486,29894.29,Filed
16,187704.24,2024-02-12,Katherine Tate,196445214,71898.0,Rejected
17,32046.04,2025-02-06,Christopher Townsend,509284003,3264.64,Pending
18,62450.82,2024-08-29,Raymond Butler,780532514,23910.54,Pending
19,191701.88,2024-08-23,Danny Ward,981815743,41741.17,Filed
20,124154.57,2024-08-26,Alexander Downs,124897106,47004.86,Pending
21,134712.69,2024-10-15,Jeremiah Norman,226340804,32854.63,Pending
22,32038.17,2024-11-22,Jeffrey Martinez,979345288,7420.67,Filed
23,153438.53,2024-04-25,Michelle Knight,895798477,20174.53,Filed
24,68092.87,2024-10-14,Sharon Sherman,446501200,6968.03,Audited
25,33169.34,2024-11-18,Nicholas Brewer,273847729,9806.68,Audited
26,69621.49,2024-06-16,Sean Lane,476218697,24051.59,Filed
27,179187.27,2025-01-15,Maria Peterson,997845638,23649.76,Pending
28,119287.78,2024-08-08,Erica Martin,334312283,31183.34,Rejected
29,143050.14,2024-12-23,Brooke Miller,605552562,42564.61,Filed
30,37752.42,2024-07-04,Melissa Whitney,906026777,4678.73,Rejected
31,41392.04,2024-09-28,Jenny Shields,140172886,10282.78,Rejected
32,97538.17,2024-03-24,Kelly Smith,974552311,10150.43,Rejected
33,90468.04,2024-10-07,Tracy Henson,629030365,14098.44,Pending
34,90394.12,2024-11-24,Jonathan Wilson,223041984,26811.22,Rejected
35,93240.54,2024-04-04,Louis Walker,873609409,25615.54,Filed
36,43916.69,2024-05-04,Michael Bell,610980551,6445.05,Filed
37,70701.75,2024-11-04,Marissa Hanson,175365730,26391.58,Audited
38,122847.72,2024-10-24,Teresa Hawkins,437928989,33702.78,Pending
39,117616.73,2024-03-11,Michael Collier,121810942,43819.99,Audited
40,170397.01,2024-09-12,Dylan Johnson,412844272,33710.67,Rejected
41,94450.78,2024-06-30,Ivan Payne,267360170,9892.49,Audited
42,133135.32,2024-03-14,Devon Deleon,790482363,45842.62,Pending
43,33956.45,2024-03-26,Kristi Alexander,963685055,9207.19,Rejected
44,149061.24,2024-12-16,Dr. Andrea Burton,593117244,55521.74,Rejected
45,48980.25,2024-03-28,Sonya Ramirez,574609951,12318.7,Filed
46,76428.61,2025-02-03,Katherine Sullivan,520773502,18311.6,Rejected
47,113235.06,2024-11-21,Donald Johnson,390871529,36149.09,Pending
48,92624.39,2024-07-23,Sarah Rodriguez,705923455,35646.28,Filed
49,175813.13,2024-02-29,Marcus Taylor,969682148,48548.91,Pending
50,108177.27,2024-11-07,Sandra Jordan,444134646,27362.71,Audited
51,159898.82,2024-12-12,Reginald Case,423032870,43859.3,Filed
52,116427.0,2024-07-15,Dylan Lee,477371742,29838.44,Audited
53,81355.71,2024-11-24,Steven Abbott,843667806,30737.11,Rejected
54,148402.2,2024-03-03,Daniel Wallace,911197882,56239.99,Pending
55,199301.55,2024-09-14,Samantha Johnson,354307133,66815.22,Rejected
56,123249.34,2025-02-07,Joann Hicks,558505762,25774.56,Audited
57,62615.01,2024-10-22,Alexander Stephens,560997149,13509.96,Filed
58,122618.4,2024-11-01,Robert Henderson,864096118,43583.96,Audited
59,185353.78,2025-01-03,Daniel Lopez,628146497,67313.21,Filed
60,141581.51,2025-01-11,Paul Gonzalez,375088574,14363.48,Rejected
61,139364.26,2024-12-20,Karen Garcia,609350721,40558.75,Rejected
62,143169.11,2025-01-06,Anna Huff,813959346,43896.68,Pending
63,145343.41,2024-09-13,Luis Young,653944480,21526.76,Audited
64,173491.95,2024-05-25,Mary Jones,807183906,21733.92,Audited
65,127181.14,2025-02-01,Anthony Torres,115603277,24738.23,Audited
66,193818.3,2024-12-17,Becky Williams,669922853,74468.92,Pending
67,137167.21,2024-05-13,Nicholas Thompson,471799168,37791.04,Pending
68,62978.88,2024-12-17,Karen Sharp,203204027,11386.91,Rejected
69,111524.78,2024-10-30,Karen Butler,333665663,20572.81,Audited
70,32515.35,2024-11-01,Julie Day,493380697,12212.03,Audited
71,109662.07,2025-01-29,Ashley Macdonald,770269066,39679.67,Audited
72,173568.89,2024-08-15,John Ruiz,273805750,27763.93,Filed
73,89508.11,2024-03-27,Toni Harvey,349614746,31276.73,Audited
74,163176.52,2024-03-18,Benjamin Edwards,316544806,46878.68,Pending
75,74869.07,2024-11-13,Gabriel Herman,143746440,22442.32,Pending
76,108791.09,2024-11-26,Stacey Taylor,688577112,19194.86,Pending
77,162230.87,2024-05-22,Matthew Harvey,181786248,47268.14,Audited
78,128147.49,2024-02-12,Robert Duke MD,439203340,17871.06,Rejected
79,51532.95,2025-01-11,Katie Benitez,930689863,19868.42,Audited
80,51640.23,2024-07-31,Cheyenne Gonzalez,943780284,17613.51,Audited
81,182095.51,2025-02-01,Laura Schneider,196629235,32180.19,Filed
82,76051.58,2024-09-30,Brandon Jones,227266269,18532.22,Audited
83,144260.97,2024-04-22,Daniel Grant,391326897,38080.03,Audited
84,151317.99,2024-10-01,Ronald Owen,629570535,26698.25,Filed
85,182007.1,2024-02-26,Jeanette Herrera,214181237,19304.05,Filed
86,146768.44,2024-09-22,Nicholas Perez,831562156,45259.15,Rejected
87,168731.5,2024-09-17,Mr. Adrian Lopez,145373540,56023.45,Rejected
88,124458.02,2024-10-12,Dr. Michael Martinez,321172975,47162.21,Rejected
89,122264.79,2024-08-31,David Henderson,451445327,26160.95,Filed
90,91094.79,2025-02-02,Pamela Bryant,232861787,32789.08,Filed
91,195843.15,2024-07-22,Jordan Howell,375214478,20656.04,Audited
92,145481.45,2024-08-26,Brian Patton,461698256,28148.64,Filed
93,95376.09,2025-01-29,Tiffany Holder,667966268,23973.39,Pending
94,36354.31,2024-11-19,Courtney Herrera,412672379,11093.11,Rejected
95,118217.28,2024-09-02,Jonathan Mills,266700324,35872.91,Pending
96,50896.05,2024-12-17,Jason Olson,270477789,8085.33,Rejected
97,100468.27,2025-01-20,Jenny Castillo,915800802,32012.77,Rejected
98,129766.28,2024-07-31,Kenneth Ortega,652228696,17095.51,Audited
99,37711.63,2024-07-21,Spencer Smith,613145748,14605.73,Rejected
100,134841.22,2024-08-11,Robin Smith,816485731,40802.39,Filed
101,98447.91,2025-01-09,Dawn Erickson,329742901,29911.58,Pending
102,176374.0,2024-10-21,Brian Williams MD,198235080,65082.63,Audited
103,75698.03,2024-10-31,Taylor Rogers,294751716,15260.73,Pending
104,128975.93,2024-06-03,Julia Moss,892714789,17910.53,Filed
105,122778.51,2024-11-09,Tyler Silva,855423185,44125.02,Rejected
106,88297.97,2024-11-01,Cynthia Carlson,988017312,30081.26,Rejected
107,119368.59,2024-02-22,Caitlyn Lynch,273639870,46912.06,Rejected
108,131251.47,2024-07-25,Whitney Galvan,201389139,39653.07,Pending
109,32685.32,2024-09-19,Brandon Austin,103940217,11508.64,Audited
110,132904.08,2024-07-10,Holly Cooley,985724185,32836.73,Pending
111,132642.21,2024-07-02,William Carpenter,922030640,33807.11,Filed
112,61461.33,2024-03-20,Todd Flowers,953872167,23973.91,Filed
113,103208.51,2024-07-22,Sara Flores,759923438,26076.76,Audited
114,190492.96,2024-09-03,Darren Reyes,237526125,31761.16,Pending
115,86704.29,2024-07-07,Christopher Nunez Jr.,852546976,31821.42,Audited
116,70032.63,2024-07-29,Douglas Hanson,173480875,23059.58,Filed
117,103355.84,2024-09-05,Ronnie Romero,799005778,40910.72,Pending
118,175568.32,2024-10-26,Aaron Smith,731413674,23700.66,Filed
119,85844.71,2024-09-22,Jacob Woods,818153032,8686.33,Rejected
