record_id,taxpayer_id,name,income,tax_paid,filing_date,status
1,299125466,Kristen Gill,190176.3,73174.09,2024-07-17,Rejected
2,214720119,Gabrielle Thompson,83407.27,15154.79,2024-06-21,Audited
3,909400726,Christina Ramirez,65305.0,20172.07,2024-04-14,Audited
4,401188153,Beth Brown,44490.66,5976.94,2024-07-14,Rejected
5,694783357,Melissa Meyers,82859.47,21641.76,2024-11-02,Filed
6,748557884,Catherine Peck,184195.32,58431.09,2024-10-18,Rejected
7,438912754,Kevin Soto,70495.82,20247.9,2024-05-01,Filed
8,948720508,Juan Good,80340.34,21747.86,2024-08-22,Audited
9,904443310,Cory Benson,40808.42,12374.48,2024-09-23,Rejected
10,268599398,Ms. Jennifer Carroll,40416.74,15355.07,2024-03-19,Audited
11,766313707,Stephanie Crawford,105035.62,16594.26,2024-05-14,Pending
12,249328218,Taylor Estrada,93582.51,34337.79,2024-05-11,Pending
13,573286368,Zachary Frazier,118983.6,20636.51,2024-04-07,Rejected
14,263907842,Maurice Berry,50085.52,7394.15,2024-04-11,Filed
15,408563494,Morgan Chan,140385.54,16633.42,2024-12-03,Audited
16,648885240,Amanda Robertson,145859.98,51101.22,2024-09-19,Filed
17,262662124,Jessica Lewis,197138.12,68569.32,2024-02-25,Rejected
18,708370882,Daniel Anderson,133428.47,46305.84,2024-05-12,Audited
19,744565468,Charles Fuentes,57714.49,17184.98,2025-02-05,Pending
20,849780179,Samuel Anderson,193016.48,35516.97,2024-09-24,Audited
21,638409715,James Davis,174356.04,22588.36,2024-08-21,Audited
22,120074627,Charles Watts,111101.95,22562.68,2024-06-28,Filed
23,850933811,Maria Hanson,121090.05,35438.56,2024-08-05,Filed
24,849780368,Jennifer Nelson,133693.57,42701.83,2024-07-02,Filed
25,325480838,Jacob Yu,183774.69,70210.4,2024-10-24,Rejected
26,975760235,Christopher Smith,67556.2,7745.15,2024-07-07,Audited
27,176321877,Jennifer Barton,64322.28,11879.47,2024-11-26,Pending
28,857175115,Thomas Cook,159558.17,31530.44,2024-07-19,Audited
29,398667715,Mrs. Nicole Taylor,43688.31,8867.99,2024-04-19,Filed
30,890689220,Sarah Farley,136656.75,19491.91,2024-08-23,Filed
31,409725356,Alexis Garcia,43031.55,9449.54,2025-01-24,Rejected
32,542702851,Robert Bates,106801.56,23039.74,2024-04-07,Pending
33,663854972,Stacy Lopez,43434.98,5376.17,2024-10-22,Pending
34,510017420,Sarah Sanchez,70159.11,24838.4,2024-12-13,Pending
35,371034993,Jason Young,174331.86,52166.8,2024-08-20,Audited
36,637336694,Jessica Wiggins,108025.91,12192.0,2025-02-09,Pending
37,185958600,Jennifer Edwards,162697.88,20462.95,2024-07-28,Pending
38,278652709,Megan Mejia,110135.51,32291.77,2024-02-19,Rejected
39,630380614,Jeffrey Blankenship,169179.12,23190.0,2024-05-18,Filed
40,674014363,David Mooney,181933.8,23897.7,2024-12-12,Audited
41,697696813,Lauren Nielsen,117382.35,27053.29,2024-05-25,Pending
42,454706068,Christopher Brown,95685.03,28937.58,2024-03-19,Pending
43,278867455,Kelly Davis,87925.22,21262.57,2024-08-26,Filed
44,365826159,Roger White,147953.19,15311.88,2024-07-06,Audited
45,409234026,Daniel Perez,38732.31,6436.95,2025-01-11,Filed
46,365524863,Richard Sparks,174880.18,48353.45,2024-06-27,Pending
47,714470282,Terry Scott,188736.66,55985.92,2024-08-22,Rejected
48,884060227,Jacob Knapp,134304.71,35281.39,2024-05-09,Audited
49,530371024,Rebecca Taylor,198892.97,24865.59,2025-01-03,Pending
50,389961460,Christina Garner,85746.46,11599.88,2024-10-07,Pending
51,838391000,Madeline Blake,122887.4,16245.24,2024-12-08,Rejected
52,321194092,William Bell,116030.27,42950.69,2024-11-07,Pending
53,518065852,Patrick Lopez,166645.48,57280.8,2024-05-09,Pending
54,422135588,Wanda Odonnell,57775.22,18251.95,2024-11-12,Audited
55,369585380,Bryan Obrien,181526.01,50199.9,2024-04-18,Audited
56,403625034,Mary Pruitt,180429.14,38304.78,2024-09-07,Pending
57,205167616,Julie Kirby,70719.46,14275.21,2024-12-14,Filed
58,861300453,Mrs. Debbie Watson,148854.04,53346.91,2024-08-12,Audited
59,521340423,Brian Mendoza,51416.29,9972.0,2025-01-31,Rejected
60,342667263,Kimberly Dixon,59085.99,14034.32,2024-05-20,Pending
61,450479002,Lisa Logan,73416.37,17643.96,2024-06-05,Audited
62,599655676,Kimberly Ayala,63118.92,7704.42,2024-08-10,Rejected
63,553692934,Danielle Martin,197762.51,76161.78,2024-07-11,Audited
64,423219819,Walter White,109511.48,19955.95,2025-01-06,Rejected
65,291969123,Kimberly Bridges,113713.71,14211.78,2024-02-29,Audited
66,609080452,Mary Davis,58437.36,23217.07,2024-07-12,Filed
67,984367408,Craig Newman,74793.92,23992.74,2024-08-30,Filed
68,528959334,Carolyn Monroe,132730.21,38779.88,2024-05-03,Pending
69,961548203,Mariah Harrison,174214.85,35771.95,2024-02-29,Rejected
70,864213643,Deborah Campbell,192739.05,69831.23,2024-08-18,Pending
71,202407253,Michael Rodriguez,159472.01,30293.5,2024-03-26,Filed
72,751456408,James Hanson,80136.71,17843.26,2024-02-16,Pending
73,131280477,Gary Kelly,106430.45,16097.01,2024-03-19,Rejected
74,262385046,Stephanie West,169001.31,65721.13,2024-11-09,Rejected
75,890462761,Edward Bentley,106416.52,33669.83,2024-02-20,Pending
76,106023556,Mark Fox,111863.27,16370.09,2024-06-11,Audited
77,255985819,Leslie Montoya,103398.95,22288.0,2024-11-29,Filed
78,311093504,Daniel Vance,63492.9,24813.11,2024-07-30,Rejected
79,683035095,Dawn Burgess,129562.2,31546.54,2024-08-15,Rejected
80,188326305,Jason Johnson,188129.13,21804.83,2024-02-13,Filed
81,278034533,Janice Campbell,46265.2,11952.21,2024-04-20,Rejected
82,431920163,Mary Campbell,87877.31,11688.45,2024-03-24,Pending
83,553828195,Terry Mejia,171358.35,62819.15,2024-10-29,Rejected
84,749972076,Jennifer Pineda,194981.77,22283.88,2024-08-22,Rejected
85,858029017,Paul Edwards,171542.61,60370.88,2024-11-19,Audited
86,497112899,Dustin Guzman,92601.27,23764.31,2024-06-25,Filed
87,869158715,Aaron Lyons,196271.51,39574.67,2024-11-24,Filed
88,794848533,Amy Todd,75959.54,16899.46,2024-04-05,Rejected
89,949897880,Martin Gill,153570.85,49990.08,2024-06-25,Pending
90,250167860,Cheryl Guzman,80433.5,16558.25,2024-11-26,Rejected
91,528534920,Julie Cook,90054.69,34819.03,2024-08-08,Filed
92,302732603,Crystal Thompson,57477.69,8191.51,2024-11-28,Audited
93,282549766,Kayla Lara,104714.66,20591.19,2024-02-23,Pending
94,358379782,Ashley Campbell,81722.3,30695.45,2024-05-15,Pending
95,763675600,Cindy Moore,186472.37,39166.19,2024-08-20,Audited
96,607070397,Jeremy Glover,160464.55,18888.74,2024-06-14,Rejected
97,264803627,Matthew Hancock,59570.09,10240.66,2025-02-04,Filed
98,442021245,Tony Smith,155886.53,52244.44,2025-01-20,Filed
99,588404905,Melissa Cline,137942.23,39066.4,2024-06-09,Pending
100,325391339,Joseph Allen,93172.14,31323.03,2024-11-03,Pending
101,294074445,Kathleen Swanson,57366.55,6662.51,2024-02-28,Rejected
102,951878450,Kevin Russell,169715.18,57092.63,2025-01-09,Filed
103,729139711,Randy Torres,42215.75,5547.18,2024-12-21,Rejected
104,331884994,Tammie Nelson,135110.88,52028.54,2024-09-08,Audited
105,496223184,Benjamin Schwartz,111580.28,36793.96,2024-09-14,Rejected
106,187739371,Andrew Townsend,101853.17,26084.19,2024-02-13,Rejected
107,296383700,Jacob Powers,158350.12,21607.13,2024-06-18,Pending
108,418329358,Denise George,188149.25,53463.81,2024-06-19,Pending
109,665907882,Daniel Brown,188314.18,44470.45,2024-02-23,Filed
110,148252730,Scott Arroyo,100181.77,13458.61,2024-09-05,Pending
111,245896024,Angela Hudson,131614.3,23808.91,2024-02-20,Pending
112,903947933,Julia Terrell,39580.06,10444.28,2025-01-16,Pending
113,742516765,William Taylor,132436.21,36910.06,2025-01-08,Audited
114,446588553,Christopher Lopez,109918.27,33631.44,2024-12-19,Rejected
115,175792278,Nichole Hernandez,178394.48,36642.87,2024-06-23,Pending
116,327262754,Debbie Myers,99838.05,25141.17,2024-02-16,Rejected
117,844459502,Nicholas Sawyer,191796.29,49040.6,2024-09-04,Audited
