record_id,taxpayer_id,name,income,tax_paid,filing_date,STATUS
1,534556717,Dustin Vasquez,64560.0,15505.23,2024-04-05,Filed
2,374775348,Stacie Butler,164467.61,59280.66,2024-10-02,Audited
3,588000862,Catherine Padilla,122084.04,22512.17,2024-04-07,Pending
4,781849887,Marcus Rice,60325.93,13370.58,2025-01-14,Pending
5,790263829,Jeremy Harris Jr.,143767.65,19889.88,2024-12-31,Rejected
6,998237546,Laura Swanson,199484.69,40289.58,2024-09-16,Rejected
7,390386185,Autumn Lopez,71321.81,23208.59,2024-09-05,Audited
8,714989798,Angela Flores,139279.1,34937.56,2024-10-23,Audited
9,715127595,Lisa Robinson,85518.99,13401.35,2024-07-21,Audited
10,407742718,Lauren Wilson,152855.22,25751.94,2024-12-16,Rejected
11,735599547,Lindsay Le,191756.54,71576.21,2024-12-08,Rejected
12,746069206,Jesus Bennett,30078.43,12007.02,2025-01-05,Rejected
13,885780235,Charles Smith,182936.6,28187.42,2024-05-19,Pending
14,905367829,Robert Atkinson,53386.8,17547.47,2024-06-04,Rejected
15,452876287,Brenda Bowers,142200.25,39060.73,2024-08-27,Pending
16,459637895,Dustin Simpson,103540.13,21208.29,2024-04-27,Pending
17,881818137,Margaret Goodman,101330.01,32866.03,2025-01-11,Filed
18,836999957,Meghan Davis,88022.86,16706.45,2024-05-14,Filed
19,175710305,Mr. Joseph Stanley,193049.07,67332.65,2024-02-22,Audited
20,295867326,John Estrada,83598.33,11547.1,2024-05-20,Pending
21,699591817,Paula Hinton,93813.48,30306.81,2024-09-28,Pending
22,818971386,Brenda Arias,128591.23,42260.7,2024-03-25,Audited
23,655045534,Andrea Rodriguez,119182.88,43355.34,2024-09-26,Pending
24,959615506,Daniel Young,50876.27,8825.52,2024-07-09,Audited
25,188781373,Victoria Gray MD,183018.49,20457.82,2024-08-30,Audited
26,611224895,Connor Brown,194000.59,50964.89,2024-09-14,Audited
27,547017881,Bridget Ortiz,152122.03,31385.38,2024-02-27,Pending
28,327538727,Frank Brown,141764.55,21862.12,2024-11-15,Audited
29,959712437,Shannon Taylor,101289.44,22426.18,2024-03-02,Pending
30,192574008,Christopher Anderson,97914.51,24895.95,2024-06-24,Filed
31,713262664,Mrs. Anne Bennett,162647.46,32244.56,2024-10-20,Audited
32,354845425,Samuel Weaver,150514.64,28279.52,2024-05-21,Pending
33,874610129,Nicole Adams,60880.68,11941.58,2024-12-01,Rejected
34,438359548,Rachel Johnson,33285.03,5133.52,2025-01-09,Rejected
35,998792863,Patricia Gibson DDS,180730.14,58943.19,2024-08-16,Pending
36,922653270,Pamela Ellis,58261.56,14507.97,2024-04-19,Pending
37,540502718,Cynthia Weber,179516.51,37814.84,2024-10-20,Pending
38,819636884,Jamie Stanley,186026.33,38874.44,2024-05-03,Pending
39,299348087,Nicholas Henry,41338.92,12246.62,2024-09-19,Rejected
40,880826528,Jerry King,32371.35,7122.98,2024-03-17,Audited
41,890613043,Olivia Brown,92129.77,27906.54,2025-01-03,Pending
42,549937973,Timothy Winters,80804.16,25481.68,2024-08-12,Filed
43,443468708,Francisco Gill,100177.24,16987.06,2024-05-10,Pending
44,823244443,William Brown,101795.12,15411.9,2024-11-11,Pending
45,355310448,Nicholas Johnson,171490.63,60639.65,2024-07-31,Rejected
46,372401456,Kent Dominguez,179871.78,58343.19,2024-06-30,Rejected
47,178325909,Sheryl Benjamin,113675.05,13400.07,2024-03-19,Rejected
48,773120294,Walter Lindsey,73810.52,27267.29,2024-07-30,Filed
49,219180215,Maria Rivera,56176.15,17057.64,2024-02-15,Audited
50,222085508,Jessica Atkins,39905.63,7061.86,2024-02-21,Pending
51,526551343,Jonathan Woods,199936.11,74076.96,2024-11-05,Rejected
52,802107907,Christopher Kelley,62284.38,10225.46,2024-10-01,Audited
53,933272497,Anna Elliott,132589.33,49985.26,2024-07-06,Audited
54,198939420,Justin Martin,105659.42,32331.03,2024-11-29,Pending
55,757947589,Christopher Nixon,74163.69,27009.81,2024-10-29,Audited
56,536286063,Crystal Medina,137801.64,28964.96,2024-12-30,Audited
57,488912483,Steven Smith,33327.92,6846.05,2024-04-21,Rejected
58,483680550,Susan James,50208.68,10580.32,2024-07-17,Audited
59,889422856,Benjamin Thompson,99052.89,23961.72,2024-03-28,Audited
60,729340828,Jeffery Weber,39226.39,8143.6,2025-01-17,Rejected
61,821284928,Andrew Price,43357.27,7457.43,2024-12-11,Pending
62,353890313,Stephen Jones,131603.97,16606.03,2024-04-24,Rejected
63,683590212,Jackson Taylor,66107.45,25650.35,2024-07-29,Rejected
64,810846167,Tyler Nielsen,128370.84,28182.53,2024-11-22,Filed
65,449121171,Jorge Mcknight,115055.1,18277.01,2024-12-10,Pending
66,508308212,Andrew Allen,169414.64,65301.34,2024-11-29,Audited
67,295977539,Jason Sherman,64525.9,16482.83,2024-11-11,Rejected
68,217856221,Michael Shepard,81202.88,20839.05,2024-06-29,Rejected
69,285050360,Jocelyn Cox,61132.06,15181.82,2025-01-21,Audited
70,271403219,Jason Fitzpatrick,76537.49,14335.65,2024-09-27,Pending
71,837343528,Denise Giles,69115.28,21159.82,2024-10-17,Pending
72,651137907,Jacob Garcia,121226.51,25630.35,2024-10-09,Audited
73,569506113,Derek Harding,166723.64,42118.49,2024-05-24,Pending
74,487462217,Jason Gonzalez,34597.13,12451.25,2024-12-01,Filed
75,503286536,Theresa Torres,160736.27,37335.47,2024-12-12,Audited
76,179608625,Lawrence Yang,148408.93,35109.24,2024-12-10,Audited
77,805656028,Justin Lopez,144702.45,50641.8,2024-05-16,Pending
78,656178121,Kevin Cox,94383.86,31648.12,2024-03-09,Rejected
79,118537079,Daniel Medina,97324.14,10503.38,2024-09-18,Rejected
80,771587226,Michael Santiago,194368.53,56471.5,2024-11-02,Filed
81,824787296,Anthony Tran,164945.82,63298.1,2024-07-23,Pending
82,257647381,Jamie Bailey,164034.71,63889.77,2024-03-18,Audited
83,907890738,Kristine Wilson,50480.58,8292.84,2024-03-28,Pending
84,398849486,Angela Young,170542.71,50647.02,2024-04-27,Audited
85,663624879,James Ross,80273.37,31227.88,2025-01-19,Rejected
86,439552330,Victor Brown,146994.85,36627.47,2024-05-15,Audited
87,161300641,Joshua Thompson,75137.04,14894.92,2024-12-02,Audited
88,354956070,Melissa Sloan,96018.11,33223.51,2024-05-14,Pending
89,751569973,Samantha Blair,137047.47,36948.09,2024-06-17,Filed
90,857083869,Victor Craig,112464.22,11579.85,2024-06-14,Pending
91,323025169,Christopher Clark,169243.09,44030.64,2025-01-16,Filed
92,721366118,Patricia Johnson,56701.0,15780.47,2024-12-15,Filed
93,820262665,Shawn Hernandez,191502.87,59515.63,2024-03-14,Pending
94,103898300,Brendan Smith,161358.04,34948.0,2024-12-06,Filed
95,214290894,Kristy Jacobson,188934.8,39357.4,2024-09-27,Rejected
96,548726235,Cynthia Jones,120539.16,21435.75,2024-11-21,Rejected
97,884747579,Dustin Jones,114273.66,45419.75,2024-12-09,Pending
98,290374610,Travis Davila,38710.84,11788.68,2024-09-11,Pending
99,701748786,Patricia Jones,178250.94,57717.5,2024-03-20,Filed
100,175076402,Jeffery Sandoval,31566.03,7200.94,2024-10-10,Audited
101,700680129,John Farley,177508.97,25587.87,2024-11-25,Filed
102,858894531,Barbara Taylor,97279.98,38188.25,2024-06-14,Rejected
103,290091323,Rebecca Wells,136130.0,46633.43,2024-04-29,Filed
104,392194939,Amy Rogers,70224.2,9582.17,2024-06-24,Rejected
105,472504864,Tonya Rose,87952.83,21027.1,2024-09-02,Pending
106,933419756,Gina Ross,61677.05,18799.65,2024-06-19,Filed
107,582018059,Logan Watkins,138202.71,29057.85,2024-08-12,Pending
108,106977019,Dana Jennings,105160.58,11713.0,2024-04-22,Rejected
109,969649994,Anthony Rogers,60643.95,20187.85,2025-01-24,Audited
110,346578135,Victor Zavala,71042.63,14403.04,2025-01-12,Filed
111,468502656,Jordan Mitchell,36321.03,12793.74,2024-04-27,Filed
112,309640795,Nicholas Soto,40713.84,5051.32,2024-11-10,Rejected
113,655085722,Yvonne Ramirez,170963.28,51286.1,2025-01-29,Rejected
114,700829186,Brandon Whitehead,85712.2,22266.69,2025-01-16,Pending
115,359585400,Jeffery Hernandez,107604.34,12672.99,2024-06-03,Pending
116,127251403,Paul Wyatt,106154.89,33276.65,2024-11-04,Rejected
117,770270667,Jennifer Caldwell,47872.7,11200.94,2024-04-05,Filed
118,241789343,Dale Marshall,112893.12,38497.94,2024-09-08,Filed
119,269060420,James Hawkins,113215.67,31573.48,2024-08-23,Rejected
