record_id,taxpayer_id,name,income,tax_paid,status
1,846597746,Maria Mejia,51713.09,17523.63,Rejected
2,811833065,Russell Clark,34461.25,3773.05,Rejected
3,755129240,Madeline Winters,100950.51,22863.93,Rejected
4,611022367,John Swanson,120199.02,17237.49,Filed
5,234906730,Jenny Campos,181686.35,45506.46,Audited
6,582873215,Mike Aguilar,162609.71,40286.34,Audited
7,813323295,Dylan Johnston,169172.42,44099.43,Audited
8,552640217,Mark Scott,188709.3,22871.99,Audited
9,953756103,James Little,105371.06,15850.79,Audited
10,929386902,Karen Williams,84685.98,27827.15,Filed
11,665736886,Ronald Peters,107716.35,29352.12,Audited
12,976997852,Susan Rodriguez,50481.73,5613.93,Filed
13,267272187,Carrie Johnson,72960.73,17894.25,Pending
14,186825486,Shannon Robinson,171615.57,40867.19,Rejected
15,773748123,Mrs. Debra Parks,132824.53,43414.84,Rejected
16,143806818,Danielle Sanchez,139586.22,54153.1,Rejected
17,238129636,Michael Matthews,137035.14,34256.72,Filed
18,621182989,Roberta Cole,82226.17,28473.63,Filed
19,623827054,Alexander Duncan,165980.98,51720.67,Audited
20,491392208,Mark Hammond,154551.76,52267.44,Audited
21,878987770,Courtney Robinson,112295.47,33781.04,Rejected
22,979487616,Andrew Campbell,141791.83,30673.2,Pending
23,173211466,Alyssa Johnson,87421.65,9248.98,Pending
24,445317877,Karen Wagner,124878.75,21250.53,Pending
25,240055198,Zachary Collins,105664.99,30698.01,Audited
26,522365350,Kathryn Howard,194285.67,41687.57,Rejected
27,705611917,Doris Wallace,59190.58,17137.81,Pending
28,752130780,Laura Carlson,32334.96,9727.99,Rejected
29,157899558,Ryan Martin,54962.38,12591.68,Rejected
30,494928773,Christopher Sutton,131132.67,14701.24,Filed
31,700982570,Julie Woodard,35294.24,9312.2,Filed
32,514270758,Shawn Jackson,161846.95,24028.28,Pending
33,232364549,Megan Morris,31272.6,4519.16,Rejected
34,707243790,Justin Lucero,146976.16,57693.86,Pending
35,990016117,Mrs. Deborah Gomez,130562.12,31338.46,Rejected
36,284032366,Jeffrey Reeves,52764.96,20690.54,Rejected
37,770110371,Kimberly Martin,62865.66,12889.07,Pending
38,214069775,Joshua Morris,99358.65,37663.55,Filed
39,680240430,Laura Waller,110413.8,23184.23,Pending
40,634724801,Michael Edwards,180357.19,46635.05,Pending
41,756671424,David Brown,178595.02,27606.57,Rejected
42,465457950,Brianna Page,172701.32,50407.67,Rejected
43,651884421,Steven Smith,128611.64,40222.83,Pending
44,191940022,Brenda Kirby,92819.58,21948.72,Pending
45,539469520,Wendy Glass PhD,94710.96,29785.86,Rejected
46,499911674,Tina Turner,186056.65,58513.94,Pending
47,329996401,Abigail Dean,103337.78,33667.99,Audited
48,261583007,Paul Ramsey,129946.2,48827.17,Rejected
49,709762158,Zachary Wilson,168982.56,27856.71,Rejected
50,540492186,Danny Smith,127345.22,50873.77,Rejected
51,236214395,Shawn Rogers,36225.08,7115.12,Pending
52,718145670,Joshua Johnson,126338.53,48870.72,Pending
53,408721425,Cody King,81816.24,21039.43,Filed
54,293078934,Christopher Sutton,125347.82,48311.4,Rejected
55,282921907,Mrs. Carolyn Thomas DDS,127223.02,14472.01,Pending
56,773513584,Kayla Nelson,37178.55,9171.17,Audited
57,587803894,Jordan Yoder,59839.23,18542.9,Pending
58,700530578,Julie Fletcher,71343.46,28047.44,Pending
59,112748701,Matthew Hunt,158109.52,18372.74,Rejected
60,611860438,Kathleen Cruz,192539.88,30414.92,Rejected
61,438889937,Benjamin Swanson,114397.59,26129.33,Audited
62,358366671,Kelly Maldonado,70449.38,19188.19,Rejected
63,656123597,Jacob Landry,113921.51,31843.54,Pending
64,485875665,Diane Elliott,48698.81,13540.29,Audited
65,836674156,Megan White,32622.27,10423.24,Audited
66,651595565,Mario Jacobs,57970.86,14989.8,Audited
67,539029803,Mrs. Danielle Franco,100970.51,24433.31,Filed
68,384236573,Kathy Bolton,116338.92,27709.59,Filed
69,571159177,David Rivas,30112.44,3075.82,Audited
70,122582060,Amanda Ford,184036.25,32839.97,Audited
71,957512317,Julia Silva,42867.8,14380.52,Filed
72,749891870,Charles Atkins,196434.94,25625.44,Filed
73,624974314,Yvonne Dickerson,41502.86,9755.35,Filed
74,295980218,Stephanie Alvarez,184799.13,25611.78,Audited
75,917343449,Christine Johnson,130042.88,20849.81,Filed
76,895349395,Margaret Mercado,44222.87,7968.71,Pending
77,365371865,Crystal Martin,63060.55,7888.8,Pending
78,490111731,Crystal Pierce,99367.01,32625.56,Audited
79,662844415,Lori Rodriguez,30559.26,3764.5,Filed
80,465606829,Angela Jackson,195628.65,43140.5,Audited
81,752734136,Juan Cuevas,95268.83,31674.52,Audited
82,408863382,Brian Lloyd,40957.12,14978.16,Filed
83,473979206,Katie Crawford,55606.98,12408.91,Filed
84,685900020,Ryan Stuart,197327.38,43837.37,Audited
85,576945817,Marc White,183014.31,51063.1,Filed
86,738714954,Anthony Garcia,164008.22,16789.91,Rejected
87,283090809,Gabriel Leblanc,181755.86,42456.07,Rejected
88,865936354,Brad Robertson,55135.68,13138.83,Filed
89,473472637,Lori Davis,106596.57,22261.71,Filed
90,803995629,Nicholas Walker,181033.3,45896.89,Audited
91,659223909,Patricia Patton,89828.52,22290.63,Rejected
92,660967501,Brandi Richards,53364.39,20102.52,Pending
93,285294427,Shelly Oconnor,193649.63,44406.79,Filed
94,769832876,Wesley Martinez,48612.79,16480.14,Filed
95,190539774,Whitney Williams,88599.11,24411.1,Pending
96,125884291,Julian Perez,132968.42,28245.21,Pending
97,697787177,Michael Smith,138224.37,30261.08,Rejected
98,979707072,Jessica Mann,108819.04,11975.22,Rejected
99,897054674,Patrick Holloway,89176.83,15456.13,Pending
100,317291318,Nicole Taylor,99105.9,23289.59,Filed
101,637250294,Laura Davis,49374.96,10779.77,Rejected
102,141111227,Vicki Richardson,39348.8,15455.12,Audited
103,181970588,Charles Fitzgerald,178666.32,24424.7,Filed
104,107981118,Brianna Jones,156240.58,55707.99,Filed
105,672054979,Jessica Archer,58143.88,7528.56,Filed
106,268739893,Antonio Chambers,55756.21,12398.52,Audited
107,304692396,Jared Parrish,193146.81,38860.07,Filed
108,670230340,Sarah Davis,158232.55,42619.16,Audited
109,215574314,Beverly Russell,125962.31,17751.48,Audited
110,356754491,Brenda Mccormick,30515.54,10913.78,Pending
111,401054627,Amanda Glass,182124.38,26555.13,Filed
112,921976555,Austin Steele,173467.87,63439.48,Filed
