name,tax_paid,taxpayer_id,income,filing_date,record_id,status
Kelly Farmer,53482.59,347681626,182877.14,2025-01-22,1,Filed
Jeffrey Johnson,15233.4,225877025,126436.21,2024-10-12,2,Pending
Justin Fields,17146.45,800067402,75653.92,2024-12-19,3,Rejected
Katie Glenn,31089.24,157488412,167295.53,2024-09-12,4,Audited
Mr. Richard Dunn,12972.2,710305403,34830.86,2024-02-24,5,Filed
Danielle James,48638.07,150725175,164247.46,2024-07-04,6,Audited
Darrell Bradley,23496.68,672046043,72910.39,2024-10-06,7,Filed
Carlos Stout,8039.39,491582300,47564.87,2024-08-23,8,Audited
Michael Gillespie,15298.32,500211663,45769.46,2024-10-23,9,Filed
Olivia Bullock,31963.38,619312901,100996.26,2024-10-25,10,Audited
Stephanie Frye,38158.3,272253612,181464.37,2025-01-23,11,Pending
Eric Reyes,14208.63,573283032,76700.85,2024-10-16,12,Filed
Christy Vasquez,20073.28,202250006,53739.87,2024-10-15,13,Rejected
Zachary Graham,15462.88,570871006,84161.25,2025-01-29,14,Filed
Jennifer Lowe,33386.21,214545578,112750.4,2024-09-28,15,Audited
Brandon Jackson,14090.47,218921368,124301.79,2024-09-15,16,Rejected
Joseph Greene,17521.96,121241155,112602.59,2024-07-17,17,Filed
David Brown,29460.23,870695804,172032.44,2024-04-25,18,Rejected
Jacqueline Brown,67966.3,964190048,196009.23,2024-10-30,19,Rejected
Lonnie Sandoval,25768.44,276181760,138574.58,2024-10-03,20,Pending
Peter Velasquez,12648.71,438106982,54832.96,2024-02-27,21,Rejected
David Williams,24968.33,434850027,134721.94,2024-04-14,22,Audited
Caleb Daniels,14836.54,854038278,62823.31,2024-06-25,23,Pending
Jacqueline Franklin,13845.71,748754721,62960.48,2024-09-03,24,Audited
Michelle Cabrera,8185.97,315903960,67958.18,2024-03-20,25,Pending
Robert Harris,19218.14,772568450,80601.98,2024-05-17,26,Filed
Christina Carroll,13039.41,556936207,64754.56,2025-01-31,27,Filed
Anthony Medina,24028.85,130900566,133527.73,2024-05-24,28,Rejected
William Davis,28311.79,175460999,129998.47,2024-03-30,29,Audited
Ashley Golden,9384.4,237472161,44922.7,2024-08-17,30,Filed
Kerri Gomez,43571.11,165939799,124113.04,2025-01-09,31,Audited
Maurice Hernandez,31281.39,701968432,174518.96,2024-06-22,32,Pending
Jim Stewart,43148.51,214708115,157118.42,2024-05-13,33,Pending
Joshua Olsen,44468.56,924158596,133280.71,2024-04-02,34,Pending
James Villa,29182.23,765222732,76736.94,2024-05-27,35,Audited
Stephen Perry,7300.78,684717109,34114.52,2024-07-11,36,Audited
Danielle Farmer,28220.91,789336225,125488.53,2024-05-01,37,Filed
Emily Sutton,48726.7,629007826,156307.8,2024-07-15,38,Audited
Gabriela Hart,38985.34,294802221,106691.11,2024-05-28,39,Filed
Robert Garcia,8652.8,549513059,67169.37,2024-12-21,40,Audited
Edward Glover,57099.27,616263966,166277.0,2024-12-24,41,Rejected
Kelly Miller,20622.67,698539024,63005.66,2024-09-29,42,Filed
Daniel Gibson,9846.07,565382320,46841.03,2024-10-05,43,Audited
Tyler David,32107.51,272622247,139416.16,2024-03-17,44,Rejected
Bobby Livingston,9341.44,821531341,55280.69,2024-08-16,45,Filed
Kendra Hammond,40527.77,569901979,117083.21,2025-01-30,46,Filed
Nicholas Clark,27480.19,283967743,73934.15,2024-02-22,47,Rejected
Mary Torres,4682.68,367360000,39542.5,2024-07-06,48,Rejected
Rebecca Moody,28588.08,546421646,85204.17,2025-01-06,49,Pending
William Hall,31751.21,575763983,193779.61,2024-12-08,50,Rejected
Crystal Howe,14582.06,356438929,121790.0,2024-11-05,51,Pending
Rachael Miles,14080.83,171198007,89269.1,2024-02-13,52,Rejected
Zachary Bryant,21202.63,494280661,161679.57,2024-12-27,53,Filed
Jessica Palmer,20703.27,723824914,109368.4,2024-02-25,54,Rejected
Cynthia Johnson,11422.17,886855800,82042.9,2024-10-17,55,Pending
Megan Salazar,20772.97,643882744,162650.41,2025-01-11,56,Rejected
Anthony Long,11855.6,186440681,64102.59,2024-04-07,57,Rejected
Angela Huang,30359.64,310883489,104290.53,2024-03-05,58,Filed
Ruth Franklin,28854.57,408126194,173526.87,2024-06-02,59,Rejected
Stacy Callahan,10744.8,839656934,47499.67,2024-08-27,60,Rejected
Tiffany Carlson,5247.01,793928825,31991.45,2024-03-08,61,Audited
Sarah Johnson MD,37055.09,233454619,154806.08,2024-04-04,62,Pending
Teresa Stephenson,5229.96,693575255,36034.06,2024-07-26,63,Audited
Joyce Carpenter,27656.35,297940442,141748.24,2025-02-10,64,Audited
Andrea Cook,22549.61,121908447,74971.96,2024-08-03,65,Pending
Sean Mccoy,12690.79,700242975,33213.79,2024-04-13,66,Filed
Richard Marsh,50714.21,891015250,157498.98,2024-07-14,67,Filed
Jennifer Rodgers,12576.25,773828817,83876.88,2024-12-30,68,Filed
Tara Snyder,34142.86,448048553,192588.68,2024-11-15,69,Filed
Devin Caldwell,8507.46,776872990,49570.47,2024-05-12,70,Audited
Gerald Chung,30455.7,665598481,97013.59,2024-10-25,71,Rejected
Anna Gates,18555.89,104651538,105486.18,2024-05-18,72,Pending
Justin Harris,22295.78,407008458,162021.6,2024-10-31,73,Pending
Melissa Perry,38076.35,861372470,150708.25,2025-02-06,74,Audited
Heidi Green,23874.64,459970619,144876.75,2024-05-28,75,Pending
Diana Thompson,50956.15,164488782,171399.57,2024-04-30,76,Rejected
Rachel Berg,58878.68,324031203,197304.93,2024-07-31,77,Pending
Tiffany Mitchell,3560.95,967887324,30003.1,2024-10-01,78,Pending
Rebecca Cox,30827.92,299783361,79054.04,2024-12-09,79,Filed
Jessica Rivera,26587.39,366474950,125685.19,2025-01-04,80,Audited
Margaret Morrison,13694.23,528688331,129793.73,2024-07-20,81,Filed
Jonathan Garcia,24046.92,339901204,156049.2,2024-07-18,82,Pending
Isabel Warner,19143.31,709322125,180907.78,2024-06-17,83,Rejected
Luis Sherman,77055.75,168332819,198476.0,2024-11-20,84,Rejected
Kathryn Allen,8267.14,246990574,41580.01,2024-11-03,85,Rejected
Aaron Medina,26000.6,739287425,165064.9,2024-06-04,86,Pending
Timothy Snyder,17516.27,328692461,48388.21,2024-07-09,87,Filed
Julia Willis,6262.8,834077942,51254.86,2024-05-07,88,Audited
Emily Murphy,59931.12,432926476,192346.84,2025-02-01,89,Filed
Erica Murray,63355.83,829265497,176109.14,2024-05-27,90,Rejected
Heather White,17840.2,566974274,166562.86,2024-10-05,91,Rejected
Jason Jones,14985.64,319205543,44434.61,2024-03-28,92,Audited
Edward Cunningham,59509.07,455950904,149672.36,2024-12-07,93,Filed
Jasmine Garcia,19724.38,925395400,111504.84,2024-08-09,94,Filed
Michael Clements,56866.03,680545957,166252.75,2024-07-06,95,Filed
Lori Matthews,45756.25,176278425,194184.97,2025-01-09,96,Pending
Tony Williams,41626.63,784643020,156847.51,2024-05-23,97,Filed
Mark Campbell,26049.96,370901761,152418.14,2024-02-15,98,Pending
Emily Snyder,11895.81,851308189,73056.71,2024-09-06,99,Rejected
Brianna Ryan,14510.76,640686306,58314.4,2025-01-05,100,Audited
Evelyn Whitaker,17997.85,698323386,60602.92,2024-09-17,101,Filed
Sonya Tucker,42061.53,996702315,132705.18,2024-03-13,102,Pending
Steven Silva,63998.41,606063017,186639.26,2024-05-09,103,Filed
Jeffrey Kline,39963.04,930189928,144043.09,2024-06-14,104,Rejected
Jamie Guzman,33888.48,201503906,189956.38,2024-06-09,105,Audited
Ryan Santiago,16711.56,759994885,62701.11,2024-05-24,106,Rejected
Jeffrey Jones,30467.95,420779981,82428.93,2024-10-07,107,Rejected
Emily Garcia,22097.58,567351486,65889.82,2024-02-16,108,Filed
Keith Hansen,13657.09,974797311,48887.35,2025-01-08,109,Filed
Amy Brown,13723.98,158353599,54716.88,2024-04-07,110,Pending
Allen Vega,41057.22,252188415,155761.19,2024-08-12,111,Audited
Kathy Gordon,28728.9,763972727,193908.41,2024-12-04,112,Pending
Elizabeth Hale,11573.73,139499843,39420.52,2024-09-28,113,Rejected
Michael Jenkins,38344.34,110168848,133970.22,2024-11-27,114,Pending
Eric Brady,15462.73,352582561,44466.78,2024-03-25,115,Audited
Brittany Allen,4563.57,570837387,30384.98,2024-03-16,116,Audited
Steven Moore,17428.72,815602254,86446.91,2025-01-27,117,Filed
