transaction_id,account_id,transaction_date,transaction_type,amount,description
1,1735,2024-07-28,Debit,8028.98,While kid whose moment floor effect.
2,6658,2024-08-10,Credit,8693.13,Young understand keep view hot positive.
3,3210,2024-08-12,Debit,4543.61,Buy quite affect.
4,9082,2024-12-18,Debit,9668.51,Wind feel worker hotel expert.
5,6941,2025-02-05,Credit,6591.82,Information adult occur item scientist office consumer.
6,8509,2024-10-15,Credit,7888.91,Dark worry quality thank.
7,7197,2024-02-26,Debit,8942.32,Should collection material likely once.
8,8456,2024-08-27,Debit,3963.31,Development science four over describe.
9,5568,2025-01-07,Debit,4464.86,Season effect home side deep.
10,8725,2024-08-20,Debit,9562.28,A standard about bar.
11,1849,2024-10-03,Credit,5659.33,Meet free term arm purpose.
12,4364,2025-01-20,Credit,3846.08,Seek eat already from first cup.
13,8444,2024-10-06,Debit,1382.05,Edge yard family owner democratic region.
14,5688,2024-05-02,Credit,6514.15,High analysis writer major.
15,4152,2024-10-07,Credit,780.65,Offer beyond deal security economic act item.
16,4007,2024-10-31,Debit,1167.73,Speech all similar fund notice guess opportunity.
17,6047,2024-09-10,Credit,7785.27,Share career now fight think.
18,8491,2024-09-22,Debit,9665.44,Mean see several hold.
19,6149,2025-01-05,Debit,5230.45,Level another board relationship per word image.
20,8478,2024-04-05,Debit,7115.65,Language event place first behavior.
21,8472,2024-04-09,Credit,9553.51,Wrong factor player.
22,3350,2024-11-07,Credit,9327.9,Their black wear tree national then.
23,7522,2024-09-03,Debit,615.79,Fall suffer their from few leave.
24,4985,2024-12-04,Credit,6449.75,Almost various challenge ask cell see director.
25,8440,2024-09-09,Credit,7396.71,Reveal think available wait.
26,4280,2024-03-16,Credit,2909.4,While great of some church.
27,3661,2024-03-07,Credit,6782.22,Nice never opportunity in issue defense beat clear.
28,3906,2024-11-09,Debit,396.23,Law course under discussion seek interest control.
29,4701,2024-11-01,Debit,5302.56,Go hit decision heart finally upon down.
30,7607,2024-07-08,Debit,4895.34,Art evidence society section.
31,7617,2024-06-09,Debit,1441.27,Population traditional kid pick hospital social common left.
32,3682,2024-04-19,Credit,9715.15,Decade force recently though how.
33,3986,2024-10-12,Credit,7978.26,Spring Republican some behind mention dinner growth.
34,5181,2024-11-13,Debit,7170.33,Inside activity shoulder from word their difficult court.
35,4473,2024-11-05,Debit,9257.75,Professional cause girl figure important.
36,9652,2024-12-06,Debit,4070.18,Hold together drive appear identify.
37,3791,2024-11-07,Credit,1029.0,Reduce type hot art.
38,4892,2024-11-11,Credit,9535.04,Purpose wide each.
39,9290,2024-03-26,Debit,613.28,Including girl kid speak let past.
40,6000,2024-03-31,Debit,9752.02,Commercial light message enough minute themselves away.
41,5335,2024-05-03,Debit,5787.6,As maybe these upon coach worker.
42,3213,2024-04-22,Credit,9396.74,Individual air authority marriage after bad.
43,5710,2024-06-07,Debit,1969.39,Now thousand actually size throw doctor.
44,9103,2024-09-11,Debit,8901.49,Compare bar political nearly.
45,5367,2024-03-20,Debit,2731.89,Kind animal of year.
46,2802,2024-10-19,Debit,2439.7,Industry different someone every with we little.
47,4687,2024-10-16,Debit,7057.26,Hospital tree choose section cost stand.
48,7810,2024-10-04,Debit,946.04,Foreign main clear thought movement decision again me.
49,8992,2024-06-14,Debit,8157.77,Degree couple decide.
50,9523,2024-02-17,Debit,7832.11,Including dinner investment plant behind ready should paper.
51,9321,2024-10-28,Credit,6913.36,Move artist yes crime before early decision friend.
52,6640,2024-11-12,Credit,9950.66,Suddenly strong break system wide lose.
53,9496,2024-11-21,Credit,5176.27,Quality concern feel also activity position.
54,3186,2024-02-17,Credit,177.2,Piece girl let happen.
55,2130,2024-05-31,Debit,5167.81,Court remember experience write conference though.
56,9617,2024-10-04,Credit,4195.09,Agreement wish sort fly music.
57,9723,2024-08-16,Credit,9867.82,Though could our several pull same parent.
58,6141,2024-08-07,Credit,5636.69,Close word break chair success plan.
59,5232,2024-07-10,Credit,6926.21,Hard develop anyone.
60,4251,2024-12-15,Credit,3721.64,Affect human ball west.
61,6656,2024-09-16,Debit,8814.21,Stand operation answer debate court.
62,4359,2025-01-10,Credit,6889.61,Pay member we car training their listen others.
63,8164,2024-05-11,Credit,6585.81,Audience least seven item step.
64,3193,2025-02-08,Debit,8162.94,Heavy everybody know former.
65,3340,2025-01-21,Credit,8697.01,Carry goal whether size pretty certain.
66,2647,2024-09-14,Debit,2769.5,Senior necessary attention may people set knowledge.
67,7628,2024-07-18,Debit,9070.58,Relationship thus weight street.
68,1380,2024-05-01,Debit,342.36,Piece these responsibility indeed despite recent.
69,5163,2024-09-24,Debit,4808.72,Attention through policy check education.
70,6901,2024-05-11,Debit,9028.75,Each look career beat.
71,6657,2025-01-23,Debit,5977.61,Loss outside understand cell huge experience wish.
72,5020,2024-08-29,Credit,8127.7,Dog according despite identify decade but.
73,4614,2024-09-27,Debit,9937.48,Middle choose story.
74,2176,2024-02-26,Debit,1936.84,Increase certainly concern child if they us.
75,7892,2024-03-19,Credit,9346.51,Education area guy enter.
76,2326,2024-06-15,Debit,6800.15,Perform training method money ok form.
77,4272,2024-09-11,Credit,1538.34,Change street whole surface interview.
78,2982,2024-04-20,Debit,8673.55,Because coach affect local back contain visit but.
79,2548,2024-09-13,Credit,263.66,Loss simple able close.
80,3864,2025-01-25,Credit,6090.22,Discover collection purpose writer house.
81,5514,2024-08-01,Credit,9268.22,Fast little before today use.
82,9474,2024-03-06,Debit,8604.76,Gas quite page wait.
83,2667,2024-02-22,Debit,9876.31,Order relationship into important.
84,1418,2024-10-17,Debit,6214.44,After stay hit possible feel laugh.
85,8281,2024-04-20,Debit,9338.44,Environment itself over break clearly people stop.
86,2180,2024-09-24,Credit,2693.77,Daughter table sport read five.
87,2516,2024-06-01,Debit,2144.83,Pretty whose learn yet themselves can base.
88,5764,2024-04-03,Credit,1089.71,Material account memory study.
89,9825,2024-12-08,Credit,699.64,Doctor key together central certain benefit staff nor.
90,5014,2024-09-24,Debit,4816.36,Gas on they always.
91,1641,2025-01-16,Debit,1069.48,Travel weight always war child parent.
92,3895,2024-09-15,Credit,3643.77,History range toward with center hope.
93,8333,2024-11-17,Credit,4120.96,Responsibility way water reach leader.
94,7645,2024-06-25,Credit,9749.65,Member available top human couple party investment stand.
95,8748,2024-12-26,Debit,353.08,Nothing hot including nice lead.
96,4405,2024-07-31,Credit,5591.65,Run challenge talk first mean once.
97,4263,2024-11-19,Credit,2392.39,Production training money prepare size drop between.
98,1429,2024-07-30,Credit,3490.18,Goal economic town school professional.
99,3655,2024-09-22,Debit,6422.89,Mention far similar.
100,6889,2024-07-23,Credit,5954.67,Father drug dream wish final party school.
101,7646,2024-10-24,Credit,4459.03,Project a much or own once.
102,7313,2024-08-07,Debit,1461.24,Deep part ok test.
103,7653,2025-01-06,Debit,5911.71,Receive seat improve live.
104,3235,2024-04-22,Debit,3243.31,Hair figure professional second shoulder.
105,1711,2024-07-31,Credit,5034.07,Serve church respond suffer feel worker.
106,3050,2024-07-15,Debit,3269.67,Student interesting author southern green door history.
107,2636,2024-04-27,Debit,6908.51,Central worker push kind food production evidence land.
108,6114,2024-03-25,Credit,1285.33,Your down loss seat such.
109,9067,2024-03-14,Debit,458.67,Radio south but black positive they.
110,4943,2025-01-28,Credit,582.2,Certain its today baby our see out trial.
111,9138,2024-07-11,Credit,7638.56,Process live mother hotel technology more.
112,3167,2024-03-22,Debit,3721.32,Fly top couple realize camera condition those fight.
113,9254,2024-11-08,Credit,2442.21,Let poor tax growth look understand the.
114,6897,2024-04-21,Debit,5523.6,Charge two left sound wall early door.
115,3330,2024-06-02,Debit,3591.75,American crime base lot bill.
116,4868,2024-11-22,Debit,2456.12,Laugh card reveal threat.
117,2759,2025-01-21,Credit,4620.16,Continue important seven law toward.
118,3941,2025-01-27,Debit,6125.3,Foot continue Democrat energy heart while home.
119,4567,2024-04-11,Credit,3217.24,Girl run hundred foot quite star.
120,5540,2024-05-19,Debit,6179.61,Series voice per increase yeah will.
121,9963,2024-03-24,Credit,3092.44,Customer material whom hold sense lay reach.
122,7921,2024-10-01,Debit,6869.34,Trade agreement west agency.
123,5535,2025-01-12,Debit,6491.5,Money also live.
124,6978,2024-09-20,Debit,9641.43,Situation nor fall police daughter build.
125,5484,2024-02-26,Credit,9338.29,Support actually Congress source.
126,2092,2024-08-15,Debit,702.05,Thus either keep card price.
127,9345,2024-10-04,Credit,3316.37,Mission respond behind.
128,5622,2024-11-28,Credit,8995.26,May friend alone write pass.
129,8966,2024-12-12,Debit,5719.68,Child rate quite increase exist throughout.
130,8219,2025-02-03,Debit,4690.12,Per group friend race financial red order.
131,5734,2024-08-19,Credit,6103.84,Up outside owner space property.
132,6967,2025-01-07,Debit,7423.96,Nice friend war whom issue.
133,5662,2024-11-09,Debit,1269.28,Whose season drug customer sell.
134,2076,2025-01-25,Credit,1885.84,Few team blue again surface prepare alone.
135,3585,2024-05-07,Credit,4105.55,Avoid common easy floor discuss drop gas.
136,1081,2024-12-30,Credit,2370.49,Mrs film civil plan husband least field.
137,5824,2024-04-21,Debit,7916.4,Evidence our performance happen.
138,5232,2025-02-11,Credit,5927.36,Family argue describe writer edge.
139,9050,2024-05-04,Credit,4932.38,Meeting sit enough forget.
140,5357,2024-04-05,Debit,7167.7,Short begin remain education start town.
141,1782,2024-04-22,Debit,7743.88,Dinner feeling lot recognize site.
142,4267,2024-06-19,Debit,2582.41,Serve three thing go want who education.
143,3030,2024-10-25,Credit,9746.25,Among too our consumer section green sure.
144,3258,2024-10-21,Debit,2270.14,Store some military soon.
145,6284,2024-10-25,Debit,9568.14,Body so building.
146,1986,2024-09-07,Debit,4614.92,Forget identify walk team.
147,2196,2024-05-11,Debit,3222.77,Professor listen oil do.
148,7873,2025-01-12,Debit,1868.68,Politics blue town surface above color.
149,2718,2024-05-12,Credit,184.22,Deep plan man perhaps enjoy.
150,5596,2024-08-18,Debit,4842.2,Economy mention response ahead usually term.
151,3568,2024-02-21,Debit,2940.52,Impact take threat find value mother finish.
152,8209,2024-03-30,Debit,4688.64,Quickly teacher amount bring.
153,8813,2024-12-15,Debit,2947.66,Own television heavy cut.
154,4722,2024-09-02,Credit,3768.88,Sense fear among couple relate.
155,1238,2024-10-25,Debit,8701.33,Fast over help science the.
156,1527,2024-12-05,Debit,2482.59,Become charge evening serious include somebody eat.
157,3867,2024-04-01,Debit,159.02,Away truth president measure.
158,8803,2024-09-28,Debit,1297.43,Day official learn sound expert.
159,8233,2024-08-29,Credit,8598.59,Consider rest lead commercial yes.
160,4666,2024-07-20,Debit,3283.0,Enjoy third American though into per real.
161,6106,2024-11-17,Debit,1953.51,Decision these teach significant former certainly.
162,7375,2024-11-05,Debit,5927.08,Them true relate information.
163,6352,2024-11-06,Debit,2954.44,Congress receive consider energy.
164,8196,2024-05-09,Debit,9164.06,Learn beyond call sister seven responsibility cause.
165,7004,2024-11-26,Debit,6429.11,Save air four memory board above shoulder.
166,8310,2024-04-24,Debit,3871.57,Standard each include.
167,1075,2024-12-02,Credit,6479.65,Professional expect his whatever value break.
168,1813,2024-08-10,Credit,4617.99,Character hard inside ten rock provide.
169,1278,2024-11-01,Debit,8159.8,Responsibility who drug military former fire marriage.
170,6348,2024-12-29,Debit,5908.38,Stuff big place buy skill.
