transaction_id,account_id,transaction_type,amount,DESCRIPTION
1,6166,Credit,3839.43,Itself least population trip everyone.
2,6995,Debit,9347.96,Church teacher end.
3,2949,Credit,1317.27,Oil strategy record a five.
4,8619,Credit,195.47,Director like plan part turn.
5,2307,Debit,6705.14,Article entire detail short ten standard base kitchen.
6,2911,Credit,1266.18,Economy than that three lot pattern.
7,9179,Debit,5911.18,Plant third fact.
8,4842,Debit,5804.54,Price couple keep.
9,8451,Debit,4241.55,Land investment consumer.
10,2306,Debit,1551.74,Size thus draw something only.
11,6981,Debit,3209.68,Force actually my hard year remain image style.
12,9648,Credit,3686.26,Follow father country make.
13,7237,Credit,8203.15,End democratic character also.
14,9042,Credit,1196.93,Worker help eat he relationship idea trade.
15,8170,Credit,1581.7,Red enjoy spend growth success up nor tend.
16,5934,Credit,5104.97,Adult question final.
17,7630,Credit,3226.23,Would represent teach expect.
18,9488,Credit,344.52,Fall attack night need.
19,3771,Debit,6159.67,Until each human place group cause author market.
20,8453,Debit,6583.12,Billion across few.
21,9163,Credit,5593.32,Tv service social maybe subject.
22,9669,Credit,5515.28,Within room forward coach wind during yard either.
23,9648,Credit,2853.51,Condition perform large indicate everything.
24,9542,Credit,4047.27,Spend agent Republican.
25,2920,Debit,270.39,Occur strategy beautiful establish opportunity.
26,4024,Credit,1875.41,Behind car task study message.
27,2998,Debit,5963.01,Group between share street sort former.
28,2046,Credit,2324.96,Station manage doctor administration memory team head.
29,9755,Debit,2321.5,Five same very.
30,5682,Debit,4762.84,Professor kind car authority morning everything.
31,7997,Credit,907.83,Stand business easy floor land probably main.
32,6265,Credit,7349.11,Guess each truth site evening music.
33,8256,Credit,9619.99,Trip candidate throw bag improve notice action certain.
34,6799,Credit,6152.7,Owner almost ok early yet figure likely.
35,2300,Debit,1743.21,Party prepare not space.
36,2934,Debit,2989.3,Fish serve prove politics firm garden.
37,1068,Debit,9598.95,Chance performance expect difficult whom ball write.
38,1022,Credit,6508.39,Student owner situation much history.
39,5767,Credit,1105.18,Commercial call turn clear play leave.
40,2646,Debit,3328.43,Thousand tonight morning respond culture practice.
41,8225,Credit,8938.35,Range brother want and unit authority summer thing.
42,4089,Credit,2332.99,Place plant score partner.
43,4367,Credit,211.49,Garden book moment consider reality hope.
44,1745,Credit,7627.82,Because peace individual several.
45,3483,Debit,6619.29,Hot car into them without create.
46,2963,Credit,6865.88,Safe company reveal sit.
47,2876,Credit,5234.11,Some write three crime.
48,7974,Debit,7965.28,Know over dinner.
49,8245,Debit,4494.71,Believe region under issue fear.
50,5335,Credit,7268.72,Out watch art local.
51,3287,Credit,2103.64,Story option while drop.
52,2377,Credit,3652.35,Produce trial seven natural down least.
53,8326,Credit,2501.72,Memory term industry sport seek as.
54,5019,Debit,6934.64,Catch husband me.
55,4672,Credit,6955.56,Us among send need whatever ask.
56,4445,Debit,933.3,Food focus everything behavior him ask.
57,1737,Debit,9776.1,Beat someone my out purpose.
58,9366,Debit,4545.3,North consider hope reflect suddenly eat maybe.
59,4109,Debit,579.12,Politics develop school increase benefit teach simple.
60,4455,Debit,638.36,Seek daughter author song.
61,3169,Debit,711.66,Street tell street window.
62,3896,Debit,4478.34,Structure ask foreign day ago peace pull friend.
63,2624,Debit,7799.26,Ok join star summer.
64,5474,Debit,2151.45,Shake even white.
65,7851,Credit,3905.93,Popular start country field.
66,9632,Credit,5878.52,Difference to choice mission describe.
67,9899,Credit,5165.98,Either value clear.
68,3888,Debit,7591.94,Tell street science window.
69,1244,Credit,8224.23,Marriage resource need clear hot with avoid.
70,1476,Credit,8906.71,Ok rise imagine character federal study law.
71,7331,Debit,7308.13,Lose miss house leader think participant than.
72,3317,Credit,9379.82,Ten beyond out floor.
73,4857,Credit,7658.69,Head public authority safe.
74,5262,Credit,7244.46,Notice rule move perhaps final up.
75,5054,Credit,2354.93,Again blood society.
76,6828,Debit,5391.79,She design these case.
77,1533,Debit,6287.43,Series different simple easy three politics into.
78,7469,Credit,4849.4,Matter partner take everyone Democrat finish.
79,9263,Debit,1221.32,Head school history director hit Congress.
80,9076,Debit,2157.47,Cell rock image political any far development example.
81,3690,Credit,3913.67,Writer indicate whether.
82,1457,Debit,4474.01,Table measure new.
83,5463,Credit,5750.8,Service lose also actually occur mention as choice.
84,7206,Debit,8302.82,Fly value remain time item be.
85,4063,Credit,6815.25,His college country institution media draw production.
86,9227,Credit,8035.15,High likely investment again.
87,3084,Debit,2005.3,Treat east hot leader.
88,1306,Debit,6818.48,Attorney fear hand before among certainly.
89,1469,Credit,4059.46,Cell court quality.
90,8710,Debit,634.19,Point these color quite decade.
91,8465,Credit,381.76,Garden church pretty social record instead western.
92,3111,Debit,9893.24,Box value feeling their put.
93,2917,Debit,2753.84,Marriage listen remember dog guy.
94,4038,Debit,3459.39,Serve staff lose point they.
95,8382,Debit,7727.76,Office data room billion manager.
96,4397,Credit,5686.0,Happen computer partner natural guy.
97,1838,Credit,814.27,Explain between daughter just local.
98,9452,Credit,3081.56,Particularly benefit campaign arm president bar.
99,7977,Credit,1063.39,List eat speak light.
100,9951,Debit,7902.41,Third make stock money.
101,4536,Debit,4805.44,Picture partner send rather cup art movie market.
102,4982,Debit,4544.71,Through until significant.
103,9637,Debit,4802.01,Fact positive pull including.
104,5340,Debit,7055.8,Available future result.
105,1957,Credit,4284.12,Arrive arm man food probably so.
106,1496,Credit,4271.23,Century recent write seat.
107,6572,Credit,4708.25,West step receive alone make another account through.
108,1674,Credit,858.7,Pretty single writer.
109,9562,Credit,9679.84,No high radio should common deal difficult trade.
110,7125,Debit,4137.62,Big painting require improve.
111,9480,Debit,630.56,Firm box teach local hour town claim.
112,8316,Credit,1866.76,Chance feeling they range member organization visit.
113,6459,Credit,7645.73,Performance page girl travel part challenge several.
114,6469,Debit,6372.67,Thought break ahead challenge or worker.
115,1928,Credit,1913.93,Feel trade appear certain every network bank.
116,8030,Credit,5787.41,Wind early discussion add quality until individual.
117,8769,Debit,3106.33,Action audience meet policy try guess.
118,4841,Credit,7436.51,Send fear early attention could.
119,3929,Debit,5747.36,Per have image his ball.
120,3391,Credit,1818.99,Relationship I part blue medical actually.
121,5388,Credit,4192.59,Clear body argue president throughout star professor product.
122,7967,Credit,6261.09,Seek magazine their.
123,3748,Debit,6928.22,Behind society government miss.
124,3713,Debit,3380.8,Safe fly others contain full some chair.
125,1899,Debit,6389.88,Own because loss beyond between story personal.
126,7202,Debit,2495.53,Site great get represent technology investment him bank.
127,6477,Credit,5127.5,Medical threat take drug somebody know no.
128,2188,Credit,9987.64,Among democratic pass truth.
129,8429,Credit,706.6,Center cause before.
130,6936,Debit,9842.84,Floor receive despite.
131,4054,Credit,79.53,Together deal free laugh.
132,7401,Debit,4511.39,Standard meeting table yes I road she.
133,6554,Debit,5730.04,Table score dark book discussion.
134,5992,Debit,9339.49,Upon speak boy money direction.
135,5664,Debit,667.71,Stage anyone drop institution.
136,5599,Debit,441.62,Out nice this sometimes center.
137,9058,Credit,113.53,His attention suffer arrive hair to have may.
138,6985,Credit,6094.05,Medical high actually player sister.
139,8007,Credit,1508.21,Issue project analysis.
140,1483,Credit,5617.32,Give tell put cold might expert.
141,1681,Credit,8272.46,Bank capital represent sing couple job little.
142,1496,Debit,1222.97,To green will major seek to yes nation.
143,2114,Credit,9612.0,Job maybe truth station let never.
144,7707,Debit,7729.33,Write value me value tend.
145,5051,Credit,1839.72,Moment assume Mr fire along about us.
146,7640,Debit,9264.65,Tree blood do light entire successful consumer rise.
147,3702,Debit,8953.51,Relate I while them better another politics reality.
148,7850,Credit,7865.08,Whom will order particular position ahead.
149,9406,Credit,3883.76,Soon receive radio.
150,2569,Credit,3413.38,Hold apply their wide edge single.
151,3251,Credit,5394.94,Debate energy military gas either nothing politics.
152,6834,Debit,3221.09,Network find how room light star school.
153,1723,Debit,5524.28,Contain positive color exactly article simple draw fear.
154,8500,Credit,6877.54,Degree democratic realize picture.
155,1536,Credit,6234.78,Wife social minute community character actually three hair.
156,5576,Debit,262.46,Seem board type leg.
157,9915,Credit,8494.14,Dinner development public before matter hundred.
158,3985,Debit,5191.35,Mr guess nature affect compare.
159,5361,Debit,8583.54,Herself officer condition good teach address where.
160,5988,Debit,971.56,These fall indeed.
