transaction_id,account_id,transaction_date,transaction_type,amount,description
1,3811,2025-01-10,Credit,2693.1,After activity everything hot every statement.
2,2907,2024-12-24,Debit,4337.81,Which total standard them.
3,9290,2024-07-18,Debit,4861.63,Sport international film compare cost occur.
4,9553,2024-05-16,Credit,4975.24,Open mention look bed born.
5,2085,2024-11-28,Debit,1335.33,Military catch piece more image.
6,4535,2024-06-02,Credit,3472.5,Economy son run later.
7,2902,2025-01-31,Debit,8283.35,Carry ability project.
8,2390,2025-02-05,Credit,407.03,Event age national oil.
9,9312,2024-11-22,Debit,6437.06,Catch direction leave once individual very arrive ask.
10,6852,2024-04-20,Debit,6625.0,Suggest source child well significant could resource.
11,7871,2024-12-29,Credit,3100.21,Even decade final control writer rich anything guess.
12,6868,2024-07-10,Debit,850.76,Throw go strategy easy.
13,3279,2024-12-22,Debit,8417.37,Situation production gas structure matter reason.
14,9111,2024-07-26,Debit,7822.45,Return from key subject fill important pay.
15,6874,2024-07-23,Credit,3499.15,Speak improve discussion majority son ready.
16,7394,2024-09-01,Debit,6579.36,Thank man court tell wait instead born.
17,3710,2024-02-29,Credit,1355.39,Ahead arrive growth.
18,7765,2024-12-10,Credit,8168.68,Throw writer treatment necessary argue sense.
19,2188,2024-06-14,Debit,4838.33,Water foreign up mouth yeah structure many.
20,9219,2025-01-30,Credit,9526.92,Sound administration say her sure media.
21,9862,2024-04-04,Credit,5956.6,Seem only short particular.
22,5609,2025-01-30,Credit,2488.75,Compare night attorney heavy we crime fine.
23,5424,2024-10-30,Debit,1382.41,Three finish word dream win hope end.
24,5993,2025-01-08,Debit,1901.01,Attention case son wait.
25,4383,2024-03-15,Credit,3479.94,Hear eye account.
26,8111,2024-09-06,Credit,8774.61,Natural worker each old seat service.
27,5085,2025-01-14,Credit,3975.51,For skin pretty gun successful try.
28,3198,2024-09-23,Debit,1743.91,Part behind long entire story.
29,9306,2024-09-17,Credit,2200.7,Also still yes.
30,9190,2024-12-02,Credit,8607.43,True where gas free product.
31,1638,2025-01-23,Credit,1692.34,West return music guy maybe.
32,8990,2024-12-07,Debit,6071.68,We guess suffer local kitchen station.
33,5250,2024-07-23,Debit,8843.3,Her race new citizen.
34,8501,2024-12-25,Credit,6182.81,Key success usually speak environmental should sing change.
35,1260,2024-04-04,Debit,6845.23,Modern value truth risk.
36,4042,2024-12-14,Debit,540.72,Hundred them including final card body.
37,2207,2024-09-23,Credit,5743.4,Sort thousand easy music send.
38,5373,2024-05-11,Debit,2865.16,Executive dark identify if might hand.
39,2054,2024-09-28,Credit,9206.77,Choice decision store put dog century realize international.
40,5098,2025-01-21,Credit,7436.45,On day voice analysis choice authority.
41,3842,2024-09-26,Debit,7416.36,Happen study remember tax general area reality.
42,8394,2024-08-24,Debit,6514.55,First itself just expert movement strategy instead check.
43,4020,2024-11-23,Credit,3162.28,Example stay bring heart cup.
44,1230,2024-07-07,Credit,1775.99,Anyone forget really form.
45,8729,2024-10-01,Debit,5333.67,Stand turn forward marriage film beyond.
46,5433,2024-07-30,Debit,7595.11,Past world support catch compare against step attention.
47,2047,2024-11-23,Credit,5902.61,Guess citizen woman give past focus cold.
48,2620,2024-03-14,Credit,9649.98,High list include wife medical on.
49,7844,2024-06-18,Credit,2049.4,Drive big where.
50,4231,2024-07-19,Debit,3595.04,By race wide woman success could.
51,8993,2024-02-29,Debit,8773.43,Candidate anything save third mean crime.
52,4905,2024-08-04,Debit,9353.99,Somebody need finally trade.
53,6377,2024-08-24,Debit,2030.03,Dark dark letter news culture rule worker.
54,1127,2024-11-04,Debit,7888.32,Home indicate forget certainly sound clear give.
55,4160,2025-01-14,Debit,3353.47,Including song her outside.
56,9228,2024-03-01,Credit,709.83,Impact while old approach hit time arrive project.
57,1286,2025-02-09,Debit,8318.94,Man end by bring fear begin interesting sure.
58,7542,2024-02-13,Debit,9767.98,Order green show these any.
59,1804,2024-11-16,Credit,5706.89,Network admit possible hotel couple five performance.
60,3509,2024-07-05,Debit,7677.89,Color can area group nearly tough.
61,4118,2024-12-16,Credit,6340.04,Him candidate point talk would cut.
62,7993,2024-12-17,Debit,5558.74,Worker try born design city.
63,7043,2024-04-24,Debit,7511.33,Not think grow one.
64,2467,2024-08-14,Debit,3024.94,Feeling song send compare space speak particular.
65,5406,2024-05-04,Debit,455.34,And inside beyond ask by appear option.
66,5658,2024-04-16,Debit,1381.2,That eat mother south.
67,1048,2025-02-05,Credit,5559.11,And sister pay team lot kitchen within.
68,5811,2024-09-01,Credit,8852.58,Require tough everything hour job.
69,5064,2024-05-10,Debit,4224.37,Rest team defense statement east expect.
70,9774,2024-11-02,Credit,2694.21,Whole plan six against.
71,6495,2025-01-04,Debit,7410.86,Paper raise along pretty send.
72,3100,2024-02-18,Debit,278.15,Blue than data accept source economic.
73,5532,2024-12-04,Credit,5717.35,Whom his PM rest.
74,7726,2024-05-03,Debit,6453.0,Allow east paper happy despite.
75,6542,2024-07-01,Debit,7718.22,Technology blood money up happy rock hold imagine.
76,4787,2024-05-23,Debit,3351.4,Say term none own think.
77,8625,2024-05-01,Credit,7108.67,Kitchen experience mission reality.
78,6213,2024-08-30,Credit,1700.3,Opportunity trade hair important speech our put.
79,6165,2024-10-11,Credit,9896.14,While toward who.
80,9441,2024-06-13,Credit,5944.98,Popular debate budget.
81,7578,2025-01-22,Credit,2834.02,Buy foreign career later note arm.
82,1879,2024-08-17,Debit,6185.98,Kitchen give actually establish recent.
83,5641,2024-11-22,Debit,1985.88,Song coach well assume fact hotel house.
84,6662,2024-04-08,Credit,436.94,Evening west economy song quite natural.
85,7183,2024-09-27,Credit,8242.73,Performance far hour meet.
86,1882,2024-06-29,Credit,5873.96,Thing develop social stay name ground top.
87,8099,2024-11-06,Credit,4741.88,Return opportunity memory agent interesting defense avoid change.
88,6615,2024-08-28,Credit,6094.01,After finally far question.
89,9061,2024-06-20,Credit,3551.91,Including base travel machine.
90,9121,2024-05-18,Credit,5792.97,Teach performance everything hair yet new throughout.
91,8445,2024-11-08,Debit,7704.21,According sign financial throw provide field break.
92,8888,2024-10-03,Credit,3449.18,Well man him magazine.
93,2125,2024-06-08,Debit,4807.3,By quality high thought protect between front.
94,3488,2024-09-08,Credit,2772.27,After stock whatever use suggest true.
95,7307,2024-03-26,Debit,3801.33,Coach decision want attention natural respond who table.
96,8656,2024-05-23,Credit,8414.4,Approach specific political light wear want less especially.
97,1211,2024-08-13,Debit,2094.18,Health hold plan color professional.
98,3349,2025-01-01,Debit,6018.49,Special major happen paper act.
99,7527,2024-08-11,Credit,7370.4,Vote keep hear explain interesting myself current.
100,1771,2024-12-27,Debit,5839.45,Good notice federal help degree company forget environment.
101,8672,2024-03-17,Debit,5360.7,Send land particularly I during one once.
102,4155,2024-10-26,Credit,2825.79,Include generation understand cold especially anything mean.
103,5113,2024-07-18,Debit,741.66,Upon picture four without sport everything individual recognize.
104,7523,2024-07-11,Credit,7356.04,Heart probably seven oil go administration.
105,3633,2024-04-10,Credit,3018.33,Million well fund remember order form want.
106,5635,2024-08-16,Debit,2853.7,General billion dark thousand their matter money.
107,1051,2025-01-21,Debit,1987.76,Away consider may her religious investment number.
108,4756,2024-07-24,Credit,9324.48,Live peace road.
109,4989,2024-03-27,Credit,8199.21,Nor discover husband once.
110,8720,2024-08-15,Credit,4224.4,Smile something environment moment.
111,4611,2024-12-06,Credit,619.35,Pm run each hospital shake rule today.
112,6969,2024-08-16,Debit,7801.66,As imagine catch cause cold box really wait.
113,8161,2024-03-24,Credit,6123.9,Right throughout job task effort feeling short.
114,6777,2024-10-04,Credit,3742.0,Property capital deep media necessary compare leg.
115,5910,2025-01-11,Credit,809.42,Available decision Democrat program.
116,2400,2024-07-19,Debit,8764.46,Anything describe customer option make.
117,8435,2025-01-02,Debit,8729.53,Security red sort.
118,6508,2024-09-24,Credit,4819.07,Paper image now Mr.
119,1743,2024-10-20,Credit,6057.04,Church force cut huge.
120,5669,2024-03-15,Credit,4146.23,Tonight throughout and those return how.
121,7396,2024-04-10,Debit,9225.05,Talk argue important order risk attorney television.
122,9247,2024-04-21,Credit,8302.02,Evidence out support through.
123,3472,2024-03-06,Credit,9865.27,His you try really involve thousand firm ever.
124,9464,2024-05-17,Debit,5494.83,Executive center recently language left air health choice.
125,9794,2024-07-02,Debit,7414.78,Industry before brother money similar agree.
126,4884,2024-04-08,Debit,5119.89,Work lead attack hold wrong piece.
127,1595,2024-10-26,Debit,9868.99,Commercial chance process rate.
128,7958,2024-04-10,Debit,6687.45,Sometimes operation spend international happy writer when.
129,6128,2024-11-13,Debit,9821.0,Physical prove size board room challenge.
130,8739,2025-01-13,Debit,5095.22,Kitchen hair along.
131,5100,2024-09-14,Debit,6562.01,Alone season life build hot identify.
132,2638,2024-02-21,Debit,7794.68,Treatment however ahead so visit plan tend.
133,3840,2025-02-01,Credit,213.95,Religious what resource red get daughter different.
134,2718,2024-05-15,Debit,9718.14,Or cover her every thus same.
135,3023,2024-02-13,Credit,3754.15,Attorney well goal only education.
136,4495,2024-10-23,Debit,1099.73,Summer also soldier effect develop.
137,6286,2024-12-28,Debit,269.32,Opportunity during relationship suggest itself stage information.
138,2148,2024-06-16,Debit,6046.52,Institution affect black chair affect everybody soon three.
139,8390,2025-01-03,Debit,350.46,Cost walk inside current service city today seven.
140,9018,2024-03-01,Debit,4333.72,Instead career white stop world medical design.
141,4638,2024-07-04,Credit,6312.84,More then work fall question book life air.
142,8865,2025-02-05,Credit,6510.61,Read institution carry pull design lot.
143,3418,2024-09-10,Debit,3017.07,Kid deep recognize water issue.
144,6387,2024-08-28,Credit,7465.19,Read baby water summer.
145,1622,2025-02-02,Credit,4274.87,Son work again after beat already show.
146,4857,2024-10-01,Credit,8286.02,Practice event democratic sign remain expert.
147,2589,2024-12-14,Credit,5543.29,Cause hundred baby outside respond play.
148,6728,2024-10-13,Credit,8178.66,Dinner discover establish understand goal.
149,6186,2024-03-02,Debit,4903.65,Good time under sport strategy wide.
150,6574,2024-04-18,Credit,6534.28,Size many no treat life image clear.
151,8828,2024-11-25,Debit,7136.65,Coach individual century change example.
152,8825,2024-09-08,Debit,9993.76,Claim hot lay along.
153,8438,2024-12-04,Credit,1425.97,West heart town kid figure way season.
154,1307,2024-12-24,Debit,2723.0,Water cultural support final eye.
155,6873,2024-07-26,Debit,6518.51,Require leader behavior health above.
156,4851,2024-04-04,Credit,9838.22,Six order claim very test hair.
157,8973,2024-09-12,Credit,1028.17,Someone view eight even.
158,5297,2024-06-04,Credit,5439.43,Church window son threat involve suggest for.
159,2232,2024-06-09,Debit,867.84,Upon once despite yourself.
160,3214,2024-12-27,Debit,2936.37,Five sell job network out someone.
161,8197,2024-04-15,Credit,701.17,Town without able yeah big.
162,5622,2024-07-17,Credit,3270.17,Plan turn conference lawyer one.
163,7437,2024-10-24,Debit,4458.42,Win feel nothing space serious white.
164,4363,2024-03-19,Credit,4172.92,Boy market too low.
165,5568,2024-05-17,Debit,7185.56,Race successful discuss cover watch issue.
166,7341,2024-11-01,Credit,8933.58,Rather beat great station compare.
167,5545,2024-03-02,Debit,8899.54,Industry participant central concern.
168,8723,2024-06-15,Credit,4279.57,Soon forget no agreement daughter defense on.
169,8435,2024-10-14,Debit,4722.09,Four six give drug management dark glass.
170,7275,2024-06-07,Debit,8738.62,Free week people after.
171,1728,2024-06-03,Debit,3376.39,Money again different beautiful try sell war whole.
172,8046,2024-09-26,Debit,7665.88,Reach night various its.
