transaction_id,account_id,transaction_date,transaction_type,amount,description
1,2200,2024-08-24,Debit,1963.38,Concern report decision cause toward always admit.
2,4175,2024-08-15,Credit,446.54,Suddenly physical worry how yes whom number.
3,8935,2024-09-07,Debit,8987.1,Him least wide TV religious.
4,9375,2024-06-22,Credit,126.97,Within military easy but.
5,9946,2024-11-28,Credit,4680.43,Teach hit capital prevent.
6,7115,2024-09-05,Debit,4777.89,Reflect early whether what investment.
7,2564,2024-12-12,Debit,4506.13,Election cultural fill main listen.
8,5875,2024-12-16,Credit,8551.45,Although become firm customer eye leg.
9,8732,2025-01-15,Debit,8989.85,Yes newspaper administration suffer cold explain camera.
10,7372,2024-05-29,Debit,8299.0,American leader physical fact world.
11,1510,2024-08-25,Credit,2305.68,Paper yes finally window.
12,4912,2024-10-07,Debit,1914.36,Field light because standard.
13,3908,2024-03-09,Debit,2408.3,Rise me protect us black event toward consumer.
14,7694,2024-06-05,Credit,4717.66,Through top one down plan say force.
15,4813,2024-06-06,Debit,3262.95,Finally seat detail federal.
16,1193,2024-12-01,Debit,3269.72,They reveal how two expect management fish.
17,9205,2024-06-20,Debit,8880.57,Good democratic speak environment nearly also happy.
18,4640,2024-04-30,Credit,1853.81,True fly husband.
19,7336,2024-04-16,Debit,7541.1,Wife nearly spring need message decision.
20,7993,2024-03-04,Credit,4509.89,Always toward game thought much.
21,9044,2024-04-08,Credit,9958.92,Maybe do red.
22,6802,2024-03-04,Credit,7898.78,Eye teach provide land.
23,1875,2024-08-17,Debit,2953.02,Performance reality develop nice positive buy form.
24,1754,2024-11-10,Credit,8687.13,Radio thought present dream pretty body.
25,4256,2024-06-11,Credit,6126.4,It charge meeting town mission production wind.
26,5873,2024-03-25,Credit,6060.25,Power relationship current design adult.
27,7967,2024-04-10,Debit,579.99,Staff million eight picture.
28,5673,2024-10-29,Credit,4248.22,Recent avoid feeling.
29,5501,2024-04-12,Credit,5836.54,Study significant information determine above.
30,5799,2025-01-05,Credit,6481.35,Firm response across military get white able.
31,1313,2024-04-24,Debit,324.1,Wife inside leader later power bank why sense.
32,8652,2024-10-22,Debit,9117.11,Attention fight kind design.
33,8471,2024-05-09,Debit,8494.56,Cold understand action everyone eye professor health.
34,8191,2024-03-26,Credit,8781.36,Dark rule big other off talk.
35,6133,2024-03-05,Credit,2091.12,Drop drop face eight full air.
36,5949,2024-10-23,Credit,6294.03,Mouth feeling blood wear include.
37,4306,2024-12-01,Credit,4816.33,Difficult second lawyer loss those.
38,9977,2024-03-12,Credit,9687.24,Cover day street describe appear white rest sure.
39,9994,2024-11-09,Debit,105.95,Someone floor key deal me often.
40,3584,2024-11-21,Debit,5344.32,He must soon care best manage.
41,6325,2024-02-17,Credit,1589.43,Certain seek memory staff hear.
42,7578,2024-08-26,Debit,8236.38,Can may project maintain trade list sit.
43,5125,2024-06-29,Debit,9362.0,Put whom arm support player claim total.
44,9651,2024-08-23,Debit,8797.57,Interest now page car.
45,2107,2024-09-17,Credit,1821.06,Military state smile worry these security.
46,1484,2025-01-17,Credit,2389.36,In part song read recently something.
47,7590,2024-12-23,Debit,7561.08,Past bit impact.
48,4132,2024-05-31,Credit,8816.95,Matter walk color society yard personal push.
49,1532,2024-03-14,Credit,6125.57,Card military buy open officer.
50,2282,2024-05-12,Debit,9976.46,Issue whole young memory.
51,1359,2024-04-03,Credit,2484.29,Identify firm turn be.
52,1158,2024-08-01,Credit,2636.14,Opportunity south age cold land.
53,7034,2025-01-18,Credit,1219.71,Page finally body.
54,4020,2024-07-25,Credit,5894.21,Strong kid year allow up nice catch.
55,9435,2025-01-12,Credit,4456.94,Side fight easy business skin.
56,5323,2024-02-14,Credit,6058.05,Discuss safe spring family.
57,8766,2024-08-04,Credit,1014.61,Fund agent direction country themselves.
58,1386,2024-05-02,Debit,2664.51,Factor drop risk we.
59,9432,2024-09-23,Debit,3762.61,Someone it large soldier bar off explain.
60,1727,2024-11-05,Debit,4809.24,Good assume policy must wonder impact poor since.
61,4909,2024-05-05,Credit,181.04,Effort among student soon soon raise.
62,4814,2024-07-28,Credit,3849.58,Store hundred Democrat group official number.
63,9345,2024-05-29,Debit,2162.03,Practice economic ready me even significant.
64,7786,2024-05-21,Debit,8029.15,Authority party successful.
65,1990,2024-07-06,Credit,1821.95,Because show character court front.
66,4633,2024-03-28,Credit,3706.57,Town financial skin area next drop watch.
67,1861,2024-07-17,Credit,911.74,Adult similar hotel environment.
68,9243,2024-05-03,Debit,7963.55,Result guy can data federal catch.
69,6260,2024-04-04,Credit,9243.22,Sound pick together successful wife.
70,1875,2024-09-29,Debit,3535.92,Though successful throw.
71,9727,2024-12-29,Debit,8485.66,Know actually military law school city.
72,9742,2024-10-16,Credit,3949.88,More compare win behavior.
73,6090,2024-06-27,Credit,4917.93,Fill see I continue evening.
74,5971,2024-11-06,Credit,3959.08,Choose season themselves surface almost movie.
75,9986,2024-08-21,Debit,7731.56,Develop go part board movement than section his.
76,1780,2024-12-28,Credit,3317.36,Type structure cell wish fall.
77,6541,2024-10-19,Credit,1454.52,Blue least find bad fund develop actually pull.
78,5559,2024-10-21,Credit,2404.62,And hot create act recognize sit they.
79,2472,2024-11-15,Debit,8345.46,Meeting member soldier perform listen.
80,2595,2024-06-30,Debit,8893.3,Real behind break particularly create.
81,7676,2024-05-19,Credit,728.12,Political bad until director draw.
82,3061,2024-08-23,Debit,6999.81,Movie short certainly paper run benefit west who.
83,7955,2024-08-25,Credit,5532.2,Likely alone room forget doctor wall.
84,2492,2025-01-19,Debit,6275.5,Avoid bring discuss before.
85,6080,2024-05-11,Credit,1966.23,End student television whether activity western.
86,6670,2024-07-22,Credit,455.44,Each too box force.
87,1947,2024-10-21,Debit,4694.72,Window anything manage chance reflect.
88,5268,2024-11-25,Credit,939.74,Idea land morning thought.
89,5892,2024-08-26,Credit,500.05,Special task past wide.
90,5895,2024-06-26,Credit,9420.98,With piece energy run about fine.
91,3299,2024-04-14,Debit,5905.23,Bed Congress firm half.
92,9040,2024-02-13,Debit,8501.8,Man TV program environment sing race.
93,5515,2024-08-15,Credit,1666.07,Eat age example team.
94,7914,2024-08-21,Credit,3976.42,Environment at per none only.
95,3679,2024-07-15,Debit,2260.9,Experience box dark when example beautiful step.
96,7834,2024-10-16,Debit,5655.51,Who least dream fast evening.
97,2119,2024-12-31,Debit,6065.64,Firm Mrs food within move arrive keep.
98,7408,2024-10-20,Credit,8511.15,Myself get alone there meet.
99,3705,2024-07-28,Debit,8262.34,Play true machine peace.
100,7021,2025-01-17,Credit,7793.78,Explain trade option major little.
101,5222,2024-12-22,Debit,1038.06,Choice fall population.
102,9845,2024-02-27,Credit,5501.13,Suddenly see same president always.
103,4913,2024-09-21,Credit,4553.18,Far artist meeting go newspaper.
104,9998,2024-08-11,Debit,3069.59,Wind use market find decide voice.
105,4452,2024-02-27,Debit,3583.46,Mr protect court their father concern.
106,6136,2024-08-01,Credit,3313.46,Tv station new.
107,1747,2025-01-13,Debit,9697.4,Which than step become forward more perform.
108,2540,2024-07-11,Debit,5495.05,Research news weight skin scientist age father.
109,7679,2025-01-23,Debit,8120.23,Employee return side game authority yeah.
110,9340,2024-08-03,Credit,9083.46,Leave TV agent rock statement.
111,1472,2024-02-28,Debit,3955.53,Back continue matter some reflect of agency.
112,8629,2024-06-24,Debit,1653.07,Culture guy anything other nearly smile modern create.
113,3763,2024-12-21,Debit,3661.49,Way close responsibility among challenge you.
114,2915,2024-05-10,Credit,5693.29,Article difficult however such real.
115,5835,2024-08-03,Credit,8240.64,Item discussion run class food.
116,7478,2024-05-09,Debit,494.49,Class organization lawyer.
117,3281,2024-07-28,Debit,9676.61,Able reason short ball four.
118,2608,2024-10-04,Credit,3730.39,Quality situation drop listen drive thus.
119,9261,2024-02-27,Debit,5893.4,North term trip several summer job half.
120,3684,2024-12-09,Debit,5231.79,Carry nearly full.
121,7559,2024-09-13,Credit,7977.59,Sort move paper single.
122,9773,2024-12-23,Debit,6408.11,Special campaign step suddenly specific write central office.
123,4346,2024-08-04,Credit,7832.43,Cut figure else pressure later board those whose.
124,8473,2025-02-06,Credit,8566.52,Under attention dog win mother assume.
125,1264,2024-04-06,Debit,9132.23,Dream also result magazine third cold ready investment.
126,3490,2024-06-07,Debit,2830.65,Computer happen option.
127,5108,2024-07-29,Debit,9635.32,Range meeting American lead economy if.
128,4868,2024-03-23,Credit,4449.81,Admit human speech what.
