transaction_id,account_id,transaction_date,transaction_type,amount,description
1,4829,2024-04-03,Credit,5577.7,Ten foreign common look only those happy.
2,5572,2024-08-28,Credit,7688.29,Sell four performance forget.
3,4838,2025-01-02,Credit,7694.87,Attack apply light raise.
4,7929,2024-06-20,Debit,7647.34,Foot environmental consider.
5,8773,2024-05-09,Credit,569.53,Federal those specific another style though.
6,3721,2024-02-29,Debit,6337.69,Herself really pay consider.
7,2704,2025-01-17,Credit,6861.68,May score live edge Democrat our.
8,8119,2024-11-17,Credit,374.3,Society message interest real wide.
9,5422,2024-06-20,Credit,6527.42,Public his others figure none whole start.
10,9264,2024-08-27,Debit,1062.23,Wide story lay place where itself national.
11,1922,2024-11-03,Credit,8666.03,Face seek mind total set some oil include.
12,7584,2024-03-28,Credit,8524.36,Be play social doctor discuss instead money.
13,5789,2024-02-23,Credit,8582.05,Expert discuss report however.
14,4341,2024-10-07,Debit,9076.27,Land story look rock wide find.
15,1776,2024-10-28,Credit,9097.29,Now throughout speech mouth.
16,3245,2024-11-27,Credit,7250.81,Tree even building.
17,8136,2024-11-27,Debit,4748.68,Girl politics attack.
18,2079,2024-10-16,Credit,1326.04,Form respond if.
19,8791,2024-05-04,Debit,3135.32,Our true tell threat true forward decide.
20,4545,2024-06-13,Debit,8692.46,Build thought recent whom.
21,7291,2024-07-27,Debit,7556.95,Ask continue music maintain fund.
22,1923,2024-04-01,Credit,8927.76,Phone work center local red understand.
23,3741,2024-06-21,Debit,9662.7,Born final perform represent player reduce.
24,4871,2024-09-11,Debit,2497.3,Everyone and last stop.
25,1218,2024-12-05,Credit,4482.25,Black occur big probably.
26,8534,2025-01-11,Debit,5687.96,While issue sit benefit wonder upon.
27,6924,2024-12-30,Credit,3751.34,Now yeah cold oil yes kind.
28,3788,2024-07-14,Credit,437.53,Blood standard will trip everything.
29,2170,2024-08-23,Debit,5958.85,Same size voice.
30,7854,2024-03-12,Debit,8353.69,Behavior door area continue.
31,8386,2024-02-22,Debit,9108.55,Fire save third arrive past field challenge possible.
32,9667,2024-04-01,Credit,8503.62,Edge low least.
33,4789,2024-08-07,Credit,7727.07,Ask guy drop boy.
34,5253,2024-02-29,Debit,3654.68,Within develop value throw as.
35,3613,2025-02-02,Credit,9753.19,Area notice doctor another him.
36,6236,2024-10-28,Debit,8227.75,Recently series choice treatment.
37,7318,2024-09-09,Debit,8697.14,Member partner later heavy general former.
38,7803,2024-06-12,Debit,1695.93,Tonight then phone.
39,5444,2024-12-04,Credit,4744.34,Girl rate collection far the value.
40,7667,2024-07-18,Debit,3125.51,Bad help should live.
41,7031,2024-12-31,Credit,6031.23,Team return responsibility general authority government man.
42,4164,2025-01-23,Debit,3956.69,Some begin we concern.
43,3805,2025-01-18,Debit,7290.12,Word seem them energy low suggest show.
44,6170,2024-12-09,Credit,4415.6,Early now keep.
45,8107,2024-04-21,Debit,5177.86,Pick western fish part election mouth.
46,6298,2025-01-01,Debit,5702.67,Certain under eight form.
47,9474,2024-09-08,Debit,5447.25,Movie ok window.
48,5452,2024-07-27,Debit,5853.62,Development main almost sell.
49,8547,2024-10-19,Debit,1701.84,Buy support around its sister goal.
50,5820,2025-01-15,Debit,8751.66,Yard set church pretty this PM.
51,1243,2024-03-30,Credit,9410.24,Discussion left your wish none with.
52,7984,2024-09-04,Debit,190.03,Professional trouble fast report why shoulder.
53,1533,2024-06-10,Debit,652.23,Phone any it record available affect trip.
54,8756,2025-01-05,Debit,5929.49,Place international positive case store region.
55,9454,2024-08-03,Credit,3917.37,Respond case culture pick people unit.
56,7511,2024-11-21,Credit,837.0,Forward land military think short contain dream.
57,6205,2024-08-21,Credit,7985.62,Source nearly however I coach fact.
58,3014,2024-06-23,Credit,8871.1,Again yeah attack half continue.
59,4962,2025-02-07,Credit,313.24,Your hear point write.
60,6777,2024-09-14,Credit,4660.6,Do likely machine old list person.
61,2370,2024-04-18,Credit,3847.43,Away its current charge well decision have.
62,7640,2024-05-09,Debit,4825.17,Read game sport see view key bed future.
63,6345,2024-09-13,Debit,6628.48,Break pattern night against three or nature budget.
64,1720,2025-01-19,Credit,1514.77,Us size cup quickly safe at.
65,2053,2024-11-20,Debit,523.71,Such person federal send.
66,8613,2024-07-05,Credit,7323.78,You later could few military must budget job.
67,3471,2025-02-11,Credit,3199.46,Shake even response indicate decade into school.
68,1640,2024-10-08,Debit,8613.51,Few something often show there free write.
69,8521,2024-04-26,Debit,3672.78,Discover subject director customer real generation.
70,6076,2024-11-15,Credit,4442.92,Left I exactly mean back various apply.
71,1267,2024-12-31,Credit,7513.12,Cup edge go pressure late perhaps stand.
72,2552,2025-02-07,Debit,8512.71,Help but eye body well.
73,4450,2024-06-13,Debit,8611.46,Son director such per reason language tend.
74,4901,2024-11-03,Debit,9132.2,Determine event foot last arrive radio set.
75,8613,2024-03-28,Credit,105.93,Say election ready college whatever red region exist.
76,2721,2025-01-07,Debit,851.35,Old authority beat.
77,8241,2024-08-29,Debit,856.1,Red oil save movie though blood there.
78,7600,2024-06-22,Credit,770.66,Determine under child yard hair.
79,8249,2024-10-24,Debit,8374.92,Song line never clear.
80,5872,2024-12-21,Credit,6221.31,Leave majority peace perhaps agent thus population.
81,8419,2024-07-07,Credit,9891.23,Close line appear story out group nor.
82,3233,2024-11-17,Credit,4698.8,Budget describe tonight religious leg term center.
83,9865,2024-08-05,Credit,9560.3,Make play nice billion decision else behind.
84,7189,2024-02-15,Debit,3781.75,Summer hospital outside question prevent son.
85,7048,2024-10-16,Credit,6990.56,Still us very follow sister.
86,3013,2024-06-15,Credit,820.81,Now its apply season sign.
87,7159,2024-08-07,Debit,7784.12,Three drive tonight every national bill.
88,1799,2024-03-24,Credit,8271.82,Myself activity capital you everything over at.
89,8113,2024-08-24,Credit,4214.3,Range success nothing mind enough.
90,7367,2024-09-20,Credit,6964.27,Sign understand budget gas ready soldier.
91,9973,2025-02-03,Debit,8365.29,Dinner popular receive rise TV sound.
92,7822,2024-03-24,Credit,1523.37,Glass much treat cover close world.
93,4305,2025-01-22,Debit,5162.22,Tell Republican play recently community air avoid.
94,4747,2024-12-12,Debit,1515.74,Serious whose there focus around.
95,1360,2024-04-10,Debit,8230.19,Himself while result person decide entire.
96,9253,2024-12-01,Credit,9618.02,Camera understand democratic difficult serious check involve.
97,2970,2024-08-17,Debit,8371.01,Care community drive.
98,8730,2024-03-02,Credit,202.47,Section discuss idea garden able heavy.
99,2000,2025-01-31,Credit,6795.39,Something unit door animal hair affect order event.
100,1931,2024-03-20,Debit,7155.21,We deal spend behavior travel two analysis line.
101,9708,2024-06-26,Debit,5708.06,Home somebody visit material paper though.
102,7298,2024-05-07,Debit,9194.52,Watch half approach reason team bad.
103,3261,2024-08-26,Debit,6852.29,Institution along material same never movie.
104,5697,2024-09-19,Debit,6701.85,Heavy almost a federal his reveal long.
105,4281,2024-09-19,Debit,8401.66,Drive window around herself president play yeah.
106,7860,2025-01-10,Debit,7720.59,Argue and significant break we down drop.
107,3952,2024-07-06,Credit,8291.82,Write style outside surface ok garden student must.
108,8461,2024-09-19,Debit,872.66,Be able all play last build.
109,5116,2024-10-22,Debit,6524.48,Way young kind ago.
110,8356,2024-08-10,Debit,7194.7,Participant reveal anything student popular camera short gas.
111,1829,2025-02-01,Debit,74.69,Their your particularly air sport between military.
112,2018,2025-01-17,Credit,7361.65,Laugh fall whom suggest seat piece wind.
113,4814,2024-04-06,Debit,9436.18,Pm strong thought provide local analysis federal.
114,2765,2024-08-11,Credit,3418.13,Between coach world central these allow.
115,6566,2024-09-13,Debit,1573.86,Why cell kid general voice business performance.
116,8961,2024-10-30,Debit,7155.09,Final course five believe want culture ok.
117,7791,2024-06-30,Credit,423.68,Hotel democratic population inside her discussion.
118,7883,2025-02-01,Debit,4302.61,Analysis onto authority.
119,1601,2024-06-14,Debit,68.33,Artist color marriage bad.
120,1999,2024-06-28,Credit,9075.42,Trade thought impact know Democrat rule.
121,1033,2024-06-11,Credit,124.0,Site population run not.
122,2396,2024-03-08,Credit,8066.34,Guess benefit interview north determine something.
123,9837,2024-12-17,Debit,3832.77,Security according present trial computer.
124,6712,2024-12-25,Credit,3139.97,Network discover effect.
125,2637,2024-03-02,Credit,5400.84,People entire watch third worry have.
126,9974,2024-12-08,Debit,2202.37,Participant seat water perform organization.
127,7283,2024-04-16,Credit,175.55,Government them affect be nation draw especially.
128,1969,2024-08-18,Credit,7069.84,Scientist miss could phone.
129,1657,2024-09-01,Credit,2602.55,Through model themselves sign clear affect list.
130,6486,2024-06-11,Debit,1787.18,Per religious pattern consider.
131,8573,2024-05-06,Debit,5936.28,Throw quality drop majority series.
132,1130,2024-09-17,Debit,1149.32,Over west kid medical us appear.
133,2772,2024-07-24,Debit,314.83,Activity fact character collection type join easy result.
134,8146,2024-02-27,Debit,4601.74,Back suffer create.
135,3334,2024-07-02,Debit,6297.61,Case show forward I toward among.
136,2707,2024-09-13,Credit,964.36,Meeting middle service husband everybody.
