transaction_date,amount,transaction_id,account_id,transaction_type,description
2024-04-29,9390.39,1,3242,Debit,Game people home dinner out.
2025-01-27,7109.54,2,5474,Credit,Attack field house I.
2024-10-11,1154.81,3,4958,Credit,Should business whether.
2024-12-18,6941.4,4,6294,Credit,Early take shoulder detail understand really.
2024-04-05,1875.39,5,4975,Credit,Modern difference course.
2024-06-03,6977.23,6,7116,Credit,Him and nation recent.
2024-07-11,9815.55,7,7713,Debit,Garden general save behind.
2024-05-25,9025.15,8,7743,Credit,Interview college off seven.
2024-03-15,4243.77,9,4934,Debit,Street item close former.
2024-04-02,5046.37,10,2936,Credit,Daughter ahead within parent stop serve participant.
2024-03-17,2777.8,11,2746,Credit,Prove stuff follow ability.
2024-06-20,5387.81,12,2180,Debit,Into cup foot single put actually.
2024-11-14,8871.66,13,6242,Debit,Interview young charge by medical report if.
2024-03-14,6742.83,14,4616,Debit,Arrive subject range such almost despite ago.
2024-04-15,1554.63,15,3060,Credit,After smile be thousand by artist kind husband.
2024-12-15,222.11,16,6702,Credit,Skill brother task wrong charge according.
2024-04-21,6836.88,17,4096,Debit,Current much certainly say.
2024-10-05,6339.66,18,5905,Debit,Window eight along art cause prove by.
2024-04-16,5678.18,19,5835,Debit,Require life himself approach give.
2024-08-23,6056.24,20,5025,Credit,Born those around job.
2024-04-22,1174.0,21,1210,Credit,Personal fly above body leg where subject pull.
2024-10-05,5442.51,22,1217,Credit,Class movie general matter sit else.
2025-01-29,9935.29,23,6612,Debit,Hold third ground into total create phone you.
2024-05-18,2804.28,24,7268,Credit,Here any policy specific Mr player.
2024-03-17,7302.94,25,1512,Credit,Exist kitchen gas idea official.
2024-06-26,4664.27,26,6783,Debit,Political teach know should care available respond.
2024-02-28,4020.6,27,5620,Credit,Itself business gun couple.
2024-04-12,5984.25,28,4708,Debit,Thousand list participant.
2024-11-03,3268.07,29,3281,Credit,Shake answer room prevent capital.
2025-02-07,5403.42,30,6442,Debit,Case wonder stand treat.
2024-08-31,2638.54,31,5282,Credit,Create level authority scene discover accept stage.
2024-07-30,1211.38,32,2856,Debit,Fill large population pick himself or building draw.
2024-11-08,9317.7,33,6413,Credit,Chance rate star its relationship within bag.
2024-06-05,6801.7,34,5788,Credit,Prepare table nothing dream.
2024-12-05,771.45,35,4938,Credit,Bank step agreement.
2024-05-18,8250.82,36,7313,Credit,Must lead already share mind country produce set.
2024-04-06,7607.01,37,4359,Debit,Win pass run defense.
2024-08-10,9836.74,38,7124,Debit,Leader modern enjoy detail its road.
2024-04-17,9293.22,39,7010,Debit,Experience truth west especially daughter the good.
2024-11-23,1716.66,40,6468,Credit,Start decision left high.
2024-08-02,3502.43,41,3099,Credit,Include myself generation first front.
2024-03-03,5711.66,42,9397,Debit,Response customer miss learn radio save could despite.
2024-09-13,4992.37,43,7693,Credit,Report sometimes probably part wait fire.
2024-11-19,4555.67,44,4670,Credit,Support buy animal we challenge.
2025-01-23,2826.6,45,2276,Credit,Group general attention see.
2024-10-11,4069.19,46,3434,Credit,Join few American apply.
2024-10-21,9099.32,47,1455,Credit,Knowledge travel leg region tell leg development see.
2025-01-22,9971.86,48,1799,Debit,Authority cover air analysis spend.
2024-12-18,962.15,49,7608,Debit,Edge yourself identify model act whatever everybody.
2024-12-21,3480.52,50,6282,Debit,Call Democrat ability democratic discussion rise image.
2025-01-29,7816.1,51,8918,Debit,While real ok list man yourself environment.
2025-01-21,1834.42,52,5676,Credit,Yourself its gun.
2024-08-06,993.81,53,6155,Debit,Reach public thousand particularly parent necessary.
2024-07-15,1697.55,54,3648,Credit,Again most decide argue right mean data.
2024-12-03,938.64,55,3182,Credit,Fill difficult live us price board husband can.
2024-08-21,1787.29,56,7825,Credit,Various mission speak food.
2025-01-02,5026.21,57,9556,Debit,Film cup again small.
2024-07-31,6360.4,58,6476,Debit,Book material last long sea shoulder standard.
2024-11-13,3301.6,59,7343,Debit,Show bad difficult seven will.
2024-02-13,2530.03,60,1531,Credit,Discover establish condition face wrong.
2024-09-20,4925.56,61,3520,Debit,Hit ball term around tough.
2024-07-15,6101.03,62,6610,Credit,Send newspaper throughout throw deal.
2024-07-01,4776.14,63,2571,Credit,Pattern lay serious lead.
2024-03-22,8704.62,64,3489,Credit,Action ago morning.
2024-02-27,8990.82,65,1740,Debit,Direction figure I care.
2025-01-18,9545.84,66,7467,Debit,Vote trial too local college car.
2024-07-19,3612.04,67,4735,Debit,Character close low old imagine religious activity.
2024-11-03,9756.49,68,2645,Debit,Get head you order rich.
2025-01-20,6917.07,69,9496,Debit,Stuff option card too.
2024-05-04,4357.85,70,6712,Debit,Stock for majority example make year treatment.
2024-12-31,1555.59,71,2289,Debit,Body alone provide.
2024-03-13,9386.84,72,7471,Credit,Author west paper sport tree for.
2025-01-12,8078.39,73,2711,Debit,Pay foot laugh then they eye wife.
2024-06-17,6925.26,74,4119,Credit,None energy true.
2024-02-19,3879.61,75,4005,Credit,Cultural six international specific form but will.
2025-01-01,4186.71,76,1419,Credit,Television bank must agreement interview break church.
2024-12-17,5510.44,77,3148,Credit,Difficult drug among.
2024-11-23,4103.2,78,5234,Debit,Realize list find from speech protect quickly.
2024-03-13,3011.51,79,5691,Credit,Really become pick audience single almost still.
2024-06-23,7158.64,80,3276,Debit,Bar practice trial control provide.
2024-04-08,4697.05,81,1269,Credit,Offer until room turn place.
2025-01-14,1294.33,82,6340,Credit,Cost as product move.
2024-06-27,1743.62,83,3378,Debit,Store attorney the guy garden successful.
2024-06-24,8618.95,84,8489,Credit,Activity young loss outside well phone one.
2024-06-08,3272.89,85,1318,Credit,Enter product pressure best increase military recently.
2024-05-16,4430.29,86,9418,Debit,Western lead money data future music.
2024-08-07,2364.04,87,1023,Credit,Last report animal ask reveal participant.
2024-05-07,6630.56,88,7818,Credit,Across grow president generation.
2024-03-11,6071.57,89,6734,Credit,Expert picture put take.
2025-01-21,6927.47,90,7839,Credit,Resource bit account.
2024-10-14,7284.68,91,6917,Debit,Nation ball thus knowledge.
2024-08-10,1909.52,92,3087,Credit,Walk fine describe stage boy size.
2024-03-08,1757.47,93,5680,Debit,Quite open next environment sign knowledge marriage at.
2024-08-04,6135.45,94,1685,Credit,Owner get car already sense guess market particular.
2024-02-25,7054.37,95,8002,Debit,Finally special street several wife.
2024-11-11,6932.13,96,4594,Debit,Carry ready thousand American agree do stand.
2024-07-09,8899.21,97,1679,Debit,While hospital treatment assume clearly.
2025-01-24,9861.93,98,9439,Debit,Arrive page can open deep indicate.
2025-01-15,2861.55,99,7792,Credit,Only degree threat these treat model.
2024-02-21,7620.73,100,2106,Credit,Occur play clearly reduce security development decide.
2024-04-02,1740.5,101,4848,Credit,Buy tough artist discussion sign amount quickly.
2024-11-22,6920.55,102,5754,Credit,Before apply fear can anything.
2024-07-18,9996.82,103,5753,Debit,Last where sign down song so.
2024-06-28,911.22,104,4332,Debit,Only involve white under piece.
2024-05-15,4616.64,105,4403,Debit,Huge all power tonight.
2024-11-17,4647.12,106,9740,Credit,Allow new price generation point bring.
2024-06-22,7307.13,107,8206,Debit,Behavior everyone project month force.
2024-05-27,6455.45,108,1564,Credit,Rich wind character realize.
2024-07-01,9909.53,109,4875,Debit,Help control bit.
2024-12-05,7407.15,110,4197,Credit,Town tough TV easy above size card.
2024-07-19,3658.97,111,9718,Debit,Yourself indicate determine town bank sport.
2024-06-13,5498.72,112,3328,Debit,Build knowledge enter song.
2024-05-14,2277.61,113,6216,Debit,Notice clearly type short.
2024-08-22,4685.88,114,1065,Debit,Series total all.
2024-08-14,7926.22,115,9751,Debit,Tree traditional fall such movie air.
2024-10-03,9064.82,116,1453,Credit,Minute message energy wife arm.
2024-10-05,7053.9,117,8926,Credit,Woman in international would sure hundred today.
2024-11-02,677.66,118,3910,Credit,Language every charge drive town.
2024-07-10,2385.35,119,7189,Debit,Training accept event scientist produce remain.
2025-01-09,8736.43,120,3568,Credit,Its fly executive many.
2025-01-11,4113.63,121,1807,Debit,Finish who decide structure mean camera hope.
2024-08-07,7279.6,122,7791,Credit,Professional back order join stage.
2025-02-09,7091.6,123,2882,Debit,Magazine sound walk apply.
2024-09-25,4838.92,124,9091,Credit,Environment man writer forward training.
2024-08-25,1799.07,125,2319,Credit,Of focus table member popular dinner.
2024-05-31,7334.37,126,8932,Debit,Government might end throughout talk.
2024-10-07,9733.96,127,2400,Credit,Off listen know employee federal follow court.
2024-12-05,9718.59,128,4864,Debit,Author dinner day other million.
2024-10-11,6116.6,129,3429,Credit,Day as alone.
2024-07-18,5714.8,130,2125,Credit,Record officer them these man away family yes.
2024-05-09,4779.88,131,6029,Credit,Explain end discuss various than cost.
2024-02-26,9776.51,132,8320,Debit,Else both senior information difference.
2024-05-18,1430.83,133,1484,Debit,Practice mean pay perform bag financial short.
2025-01-21,5756.0,134,9354,Credit,Know read base happen.
2024-10-03,4579.27,135,4786,Debit,Significant bill special chair make item world.
2024-10-15,5717.69,136,6773,Credit,Eight special garden positive one dream bar take.
2024-08-19,6498.31,137,8694,Debit,Manager sometimes quickly attention develop charge.
2024-05-17,61.87,138,5762,Credit,Leader agency behavior shoulder someone.
2024-06-15,4059.16,139,4146,Debit,Message particularly herself class will white.
2024-04-25,9048.48,140,9053,Debit,Say church a section green north model.
2024-07-24,5400.67,141,3904,Debit,Travel peace follow behavior real.
2024-03-20,5553.49,142,4224,Debit,Today ball hand value admit class far.
2024-08-25,8635.08,143,1876,Debit,Vote for whatever theory everybody today.
2024-12-27,6359.67,144,9944,Credit,Democratic news hair science southern fast.
2024-07-12,915.61,145,2532,Credit,Part person career can note.
2024-12-29,9154.31,146,6262,Credit,Customer husband man glass population summer.
2024-07-04,5542.73,147,1002,Debit,Each form mission behind reveal major free.
2024-12-11,7079.68,148,1557,Credit,General radio open service open bad.
2024-08-20,4749.39,149,7067,Debit,Value tough explain.
2025-01-03,2654.66,150,6564,Debit,Their win factor parent bit indeed wish really.
2024-02-19,1650.66,151,3954,Debit,Site go although listen.
2024-10-26,2072.29,152,2501,Debit,Director throughout central all yourself game sort.
2024-09-10,7604.03,153,9253,Debit,Challenge there pay.
2025-01-31,7335.66,154,3929,Debit,Again huge event different toward identify.
2024-11-11,3744.43,155,7378,Debit,Consumer town art report prove memory.
2024-04-02,6856.53,156,2160,Credit,Field serve everybody.
2024-11-09,6417.05,157,5202,Debit,Hundred just check kid marriage.
2024-02-24,240.69,158,4749,Credit,Step peace reality public.
2025-01-31,9094.81,159,5808,Debit,Itself real someone reason coach son.
2024-03-23,632.17,160,3166,Debit,Result fish usually agent happen pass forward.
2024-03-05,4584.24,161,4266,Credit,Loss around contain address ago production message.
2024-04-06,7951.94,162,4021,Debit,News color behavior certainly.
2024-05-02,571.61,163,6770,Credit,Cold arm meet charge evidence.
2024-10-29,7612.01,164,4367,Debit,Even explain stage.
2024-12-24,2887.51,165,3692,Debit,Great here sign threat process.
2024-07-05,6296.11,166,9812,Credit,Opportunity box Mrs degree month exist.
2024-11-20,7782.82,167,2289,Debit,Everybody finish memory also new rate store.
2024-12-08,971.97,168,8882,Credit,Color child our financial sort executive establish whole.
2024-07-28,5147.79,169,3131,Debit,Fine show recent from line.
2024-05-18,399.25,170,9729,Credit,Eight myself get finish.
2024-11-10,3002.09,171,7245,Credit,Commercial spring there something seek performance.
2024-06-16,2479.62,172,5213,Debit,City focus life center.
2024-06-11,1828.5,173,5617,Credit,Could once less happy instead.
2025-02-11,2659.35,174,1900,Credit,Before new woman shake wonder protect ok.
2024-07-01,7134.58,175,3956,Credit,College economic line throw hard leg fall.
2024-09-28,5798.7,176,8942,Credit,At station player instead model claim summer.
2024-09-10,2373.25,177,5208,Credit,Decision culture book finally fire fund son.
2024-02-22,5118.1,178,2239,Credit,Include full want score.
2024-09-17,6733.65,179,5262,Debit,Per onto total off role.
2024-02-17,3383.45,180,8469,Credit,Commercial friend involve instead theory left.
2024-08-09,5707.43,181,2980,Credit,Area million against party phone.
2024-08-02,4238.04,182,7955,Credit,Star market the.
2024-12-12,8110.24,183,8541,Debit,Game when at.
2024-06-12,4102.36,184,2927,Credit,Where blood movement race seven election provide.
