registration_id,state,vehicle_type,make,model,registration_date
1,Texas,Van,Ford,Series 2,2024-12-11
2,Florida,Coupe,Nissan,Series 1,2024-03-20
3,Florida,Sedan,Nissan,Model Z,2021-07-29
4,Florida,Truck,Nissan,Model Z,2020-03-30
5,California,SUV,Chevrolet,Series 2,2022-07-31
6,Texas,Convertible,Toyota,Series 2,2024-11-30
7,California,Van,Chevrolet,Series 2,2022-09-15
8,Texas,SUV,Ford,Series 1,2020-03-29
9,Illinois,SUV,Toyota,Model X,2024-05-25
10,Texas,Van,Toyota,Model Y,2021-10-12
11,Florida,SUV,Honda,Model X,2023-07-25
12,Florida,Convertible,Ford,Model Y,2025-01-07
13,California,SUV,Toyota,Model X,2023-04-30
14,Texas,Convertible,Honda,Model X,2021-08-19
15,New York,Coupe,Chevrolet,Series 1,2021-03-25
16,New York,Coupe,Chevrolet,Series 2,2024-09-16
17,Illinois,Truck,Honda,Model X,2021-09-04
18,Florida,Coupe,Ford,Series 1,2024-04-27
19,Illinois,Sedan,Chevrolet,Model Y,2024-01-24
20,New York,Convertible,Nissan,Series 2,2024-07-31
21,California,Convertible,Toyota,Series 1,2020-06-27
22,Florida,Van,Honda,Model Z,2024-07-26
23,Illinois,Coupe,Ford,Series 1,2022-03-25
24,Texas,Van,Honda,Series 1,2022-09-07
25,Texas,Convertible,Nissan,Model X,2021-10-17
26,Illinois,Van,Toyota,Model X,2021-10-14
27,Texas,Van,Chevrolet,Model Y,2023-07-17
28,Florida,Van,Toyota,Series 2,2024-05-30
29,New York,Van,Chevrolet,Model Y,2020-08-01
30,Florida,Convertible,Toyota,Model Z,2021-03-13
31,California,SUV,Nissan,Model X,2020-05-26
32,California,Sedan,Nissan,Series 2,2022-10-05
33,California,Coupe,Ford,Series 2,2023-05-17
34,Illinois,Coupe,Nissan,Model X,2022-12-07
35,Texas,Coupe,Chevrolet,Model X,2022-05-03
36,New York,Convertible,Chevrolet,Series 1,2022-05-19
37,Texas,SUV,Ford,Model X,2024-04-07
38,California,SUV,Toyota,Model Z,2020-07-20
39,New York,Sedan,Nissan,Model X,2022-08-21
40,New York,Truck,Nissan,Model X,2024-08-04
41,California,Sedan,Nissan,Series 1,2021-12-03
42,Florida,Van,Chevrolet,Series 2,2024-04-04
43,New York,Coupe,Ford,Model X,2020-11-06
44,New York,Truck,Toyota,Model X,2023-06-18
45,Texas,Truck,Nissan,Series 1,2021-04-29
46,New York,Van,Chevrolet,Model Y,2024-01-26
47,Texas,Coupe,Nissan,Series 1,2023-04-29
48,California,Van,Ford,Model X,2020-08-02
49,New York,Sedan,Ford,Series 2,2023-05-04
50,New York,Sedan,Toyota,Model Z,2020-11-24
51,Texas,SUV,Chevrolet,Model X,2022-06-05
52,New York,Coupe,Nissan,Series 1,2022-02-13
53,Florida,Sedan,Chevrolet,Model Y,2021-09-28
54,Texas,Coupe,Ford,Model X,2021-06-18
55,Florida,Truck,Toyota,Series 2,2022-11-08
56,Texas,Coupe,Honda,Series 2,2023-01-04
57,Illinois,Van,Honda,Series 2,2021-04-19
58,California,Truck,Toyota,Model Z,2020-12-26
59,Texas,Convertible,Honda,Series 2,2023-11-21
60,Texas,SUV,Chevrolet,Model Y,2023-09-04
61,Illinois,SUV,Ford,Model X,2022-01-30
62,Florida,Coupe,Toyota,Model X,2024-03-26
63,California,Sedan,Chevrolet,Model X,2022-11-18
64,California,Sedan,Chevrolet,Series 2,2020-10-15
65,Texas,Sedan,Chevrolet,Model X,2024-02-08
66,New York,Coupe,Chevrolet,Model Z,2024-10-14
67,California,SUV,Ford,Series 2,2022-02-22
68,Florida,Convertible,Ford,Model Z,2021-11-19
69,California,Coupe,Honda,Series 2,2024-06-05
70,California,Convertible,Toyota,Model Z,2024-01-30
71,Illinois,Convertible,Honda,Model Z,2023-01-22
72,California,Van,Ford,Series 2,2021-04-11
73,Florida,Van,Ford,Model Z,2022-11-06
74,California,Sedan,Ford,Model X,2020-06-25
75,New York,Sedan,Chevrolet,Series 1,2021-04-18
76,California,SUV,Ford,Model Y,2021-04-15
77,Florida,Coupe,Ford,Model Z,2020-08-18
78,New York,Truck,Chevrolet,Series 2,2024-06-14
79,New York,Coupe,Chevrolet,Series 1,2023-05-13
80,New York,Convertible,Nissan,Model Y,2022-08-16
81,Texas,Coupe,Toyota,Model Z,2024-02-15
82,Illinois,Van,Ford,Model X,2023-05-02
83,Texas,Van,Toyota,Model Z,2022-12-12
84,Texas,Sedan,Honda,Model X,2022-08-06
85,Texas,Van,Toyota,Series 2,2023-10-14
86,Texas,Sedan,Toyota,Model Z,2022-03-31
87,Illinois,Coupe,Toyota,Series 2,2024-07-07
88,Illinois,Truck,Nissan,Model X,2023-07-24
89,Texas,Convertible,Nissan,Series 2,2021-12-31
90,New York,Truck,Nissan,Series 2,2020-08-29
91,Texas,Coupe,Honda,Model Z,2020-06-22
92,Illinois,Convertible,Honda,Model X,2022-11-26
93,Florida,Van,Chevrolet,Model Y,2022-09-19
94,Illinois,Truck,Ford,Series 1,2022-09-19
95,Illinois,Convertible,Toyota,Model X,2021-03-25
96,Florida,Convertible,Nissan,Series 2,2022-10-09
97,New York,Convertible,Chevrolet,Model Y,2024-07-17
98,Texas,Truck,Ford,Model Z,2023-04-15
99,Texas,Coupe,Honda,Series 2,2023-11-08
100,Florida,Sedan,Nissan,Series 2,2020-11-20
101,Illinois,Truck,Ford,Series 2,2022-01-29
102,Texas,SUV,Nissan,Model Y,2023-01-28
103,New York,Sedan,Chevrolet,Model Y,2020-02-18
104,California,Truck,Ford,Series 1,2024-09-18
105,Texas,SUV,Nissan,Series 2,2022-04-11
106,Florida,Truck,Honda,Model Z,2020-11-28
107,California,Van,Chevrolet,Model Z,2021-01-25
108,Florida,Convertible,Chevrolet,Series 1,2020-11-19
109,New York,SUV,Nissan,Series 2,2021-12-09
110,Illinois,Truck,Toyota,Model Z,2024-02-01
111,Florida,Sedan,Nissan,Model Y,2021-06-26
112,Florida,SUV,Ford,Model Y,2023-08-04
113,New York,Sedan,Nissan,Model Z,2024-10-04
114,Florida,Coupe,Chevrolet,Series 2,2023-03-09
115,Texas,Coupe,Toyota,Series 2,2021-10-18
116,California,Van,Honda,Model Y,2025-01-01
117,California,Truck,Nissan,Series 1,2020-03-01
118,California,SUV,Ford,Series 2,2025-02-02
119,Texas,Sedan,Ford,Model Z,2024-11-21
120,Texas,Sedan,Honda,Model Z,2020-02-24
121,Florida,Sedan,Ford,Series 1,2021-02-20
122,Florida,Sedan,Honda,Series 2,2020-12-03
123,Illinois,Truck,Ford,Model X,2021-09-29
124,Texas,Coupe,Ford,Series 2,2020-06-26
125,New York,SUV,Honda,Model Z,2021-04-25
126,Illinois,Truck,Nissan,Model X,2024-10-11
127,Illinois,Sedan,Chevrolet,Model Z,2020-03-11
128,Illinois,Truck,Ford,Series 2,2021-11-10
129,New York,Sedan,Ford,Model Z,2024-10-24
130,New York,Sedan,Nissan,Model X,2020-08-01
131,California,Convertible,Honda,Model Z,2024-02-09
132,Florida,Truck,Nissan,Model Y,2020-10-14
133,Florida,Coupe,Toyota,Model Z,2024-08-09
134,California,Convertible,Chevrolet,Model X,2020-04-15
135,Illinois,Van,Nissan,Series 1,2023-10-13
136,Illinois,Convertible,Nissan,Model X,2023-12-10
137,New York,Coupe,Honda,Series 2,2023-05-09
138,Texas,Convertible,Honda,Series 2,2023-05-24
139,Texas,Van,Ford,Series 2,2024-11-11
140,California,Sedan,Nissan,Model Y,2024-05-31
141,California,SUV,Toyota,Series 1,2024-01-13
142,Texas,Truck,Toyota,Series 1,2020-06-03
143,Illinois,SUV,Toyota,Model Z,2022-02-07
144,Illinois,Sedan,Ford,Series 1,2020-06-20
145,Florida,Van,Chevrolet,Series 2,2024-01-22
146,Texas,Coupe,Nissan,Series 1,2020-06-19
147,Texas,Convertible,Toyota,Series 2,2024-10-20
148,New York,Sedan,Honda,Series 1,2024-05-05
149,Florida,SUV,Toyota,Series 1,2023-05-14
150,Texas,Sedan,Honda,Series 1,2020-07-11
151,New York,Truck,Nissan,Model X,2022-08-29
152,California,Coupe,Chevrolet,Series 1,2020-10-12
153,Florida,Coupe,Chevrolet,Model Z,2022-10-23
154,Texas,Convertible,Chevrolet,Model Y,2024-09-02
155,California,Sedan,Chevrolet,Model X,2020-12-10
156,Florida,Convertible,Toyota,Series 1,2023-01-27
