registration_id,state,vehicle_type,make,model,registration_date
1,Florida,Van,Ford,Model Y,2022-07-14
2,Texas,Van,Nissan,Model X,2023-01-14
3,New York,Convertible,Nissan,Series 2,2022-04-24
4,New York,SUV,Nissan,Model Z,2024-11-19
5,Texas,Convertible,Toyota,Model Y,2021-01-05
6,Florida,Truck,Toyota,Model X,2024-08-25
7,Illinois,Convertible,Honda,Series 2,2022-02-24
8,New York,Truck,Toyota,Series 2,2024-11-29
9,Texas,Truck,Honda,Series 1,2023-05-16
10,Florida,Truck,Nissan,Model Y,2023-10-22
11,California,Coupe,Toyota,Series 1,2024-09-24
12,Texas,Coupe,Ford,Series 1,2024-09-15
13,California,Coupe,Ford,Model Z,2021-09-13
14,New York,Convertible,Nissan,Model X,2024-10-11
15,Florida,Coupe,Toyota,Series 2,2024-07-24
16,Illinois,Coupe,Ford,Series 1,2020-10-24
17,Texas,Van,Ford,Model X,2020-10-27
18,Illinois,Van,Ford,Model X,2023-03-13
19,Texas,Convertible,Honda,Model X,2024-12-30
20,Illinois,Truck,Honda,Model Z,2020-09-28
21,Texas,SUV,Ford,Model Y,2021-11-27
22,New York,Sedan,Nissan,Series 2,2025-01-23
23,California,Van,Toyota,Series 2,2020-03-09
24,New York,Truck,Toyota,Series 2,2024-12-04
25,Texas,Sedan,Toyota,Model Z,2022-02-24
26,California,Coupe,Toyota,Series 2,2021-11-09
27,Illinois,Truck,Toyota,Model X,2023-11-22
28,Florida,Truck,Ford,Model Y,2024-09-12
29,Texas,SUV,Nissan,Model X,2021-08-14
30,California,Truck,Honda,Model Z,2025-01-07
31,California,Convertible,Toyota,Model Z,2022-08-13
32,California,Coupe,Chevrolet,Model X,2022-06-24
33,New York,Convertible,Nissan,Model X,2020-12-15
34,Florida,Sedan,Honda,Series 2,2020-05-26
35,Florida,Coupe,Toyota,Series 1,2024-08-17
36,Florida,Coupe,Honda,Model Z,2024-04-13
37,Illinois,Convertible,Toyota,Series 2,2020-08-19
38,New York,Truck,Toyota,Series 2,2023-03-13
39,Florida,Sedan,Honda,Model X,2024-12-22
40,Florida,Sedan,Toyota,Model Y,2022-09-21
41,Illinois,Van,Honda,Model Z,2023-05-28
42,California,Sedan,Nissan,Series 1,2024-05-16
43,California,SUV,Honda,Series 1,2023-10-08
44,New York,Convertible,Honda,Model X,2023-12-25
45,Texas,Van,Honda,Model Y,2024-08-31
46,California,Truck,Toyota,Series 1,2022-03-29
47,Florida,Coupe,Honda,Series 2,2022-03-15
48,New York,SUV,Ford,Series 2,2021-09-06
49,Illinois,Truck,Nissan,Series 1,2023-07-23
50,Illinois,Sedan,Honda,Series 2,2023-05-25
51,Florida,SUV,Ford,Model Y,2024-09-04
52,Illinois,Sedan,Chevrolet,Model X,2021-10-26
53,Texas,Sedan,Toyota,Series 2,2020-06-01
54,Illinois,SUV,Nissan,Model Y,2023-04-04
55,California,Van,Chevrolet,Model Z,2020-03-09
56,New York,Van,Ford,Model Z,2020-06-09
57,California,Truck,Ford,Model X,2024-06-11
58,California,Van,Nissan,Series 1,2021-01-24
59,Florida,Sedan,Ford,Model Y,2024-12-24
60,Illinois,Coupe,Chevrolet,Series 2,2021-10-13
61,Florida,Coupe,Toyota,Model X,2022-05-10
62,Florida,Convertible,Ford,Series 2,2023-04-16
63,Florida,Convertible,Chevrolet,Series 1,2021-05-17
64,Illinois,Sedan,Toyota,Model X,2022-03-28
65,New York,Sedan,Honda,Model X,2020-05-01
66,Illinois,Van,Ford,Model X,2020-10-29
67,Illinois,Convertible,Ford,Model X,2023-01-17
68,California,Convertible,Ford,Series 2,2024-06-01
69,Illinois,SUV,Nissan,Series 2,2024-08-16
70,Florida,Truck,Chevrolet,Model X,2021-12-23
71,Florida,Van,Honda,Model X,2020-11-29
72,New York,Convertible,Honda,Series 1,2023-05-09
73,Florida,SUV,Nissan,Model X,2023-10-08
74,Texas,SUV,Toyota,Series 2,2020-06-28
75,Illinois,Convertible,Ford,Model Y,2023-02-27
76,Florida,Sedan,Honda,Model X,2021-09-17
77,Texas,Van,Toyota,Model Y,2022-06-30
78,Texas,Truck,Toyota,Model X,2023-07-18
79,New York,Van,Honda,Series 2,2023-12-25
80,Texas,SUV,Ford,Model X,2021-04-12
81,Florida,Truck,Honda,Series 1,2020-04-06
82,Florida,Truck,Ford,Model Z,2020-08-31
83,Texas,Truck,Nissan,Series 2,2021-04-23
84,Texas,Convertible,Chevrolet,Model Y,2022-10-16
85,Illinois,Coupe,Nissan,Model Z,2020-12-24
86,California,Truck,Nissan,Model X,2023-10-30
87,Texas,Van,Nissan,Series 1,2020-10-26
88,Illinois,SUV,Nissan,Series 2,2024-03-21
89,Texas,Van,Chevrolet,Series 1,2021-02-08
90,New York,Truck,Chevrolet,Series 2,2023-11-02
91,California,Truck,Ford,Series 1,2022-04-14
92,Florida,Van,Ford,Series 2,2021-03-22
93,Florida,SUV,Nissan,Model Y,2024-12-13
94,New York,Van,Nissan,Series 2,2021-02-03
95,Texas,SUV,Chevrolet,Model Z,2024-03-04
96,California,Truck,Chevrolet,Model Y,2020-11-09
97,Florida,Convertible,Toyota,Model Y,2024-08-18
98,Texas,Sedan,Ford,Series 2,2020-07-07
99,Illinois,SUV,Toyota,Model X,2022-11-15
100,Illinois,Coupe,Chevrolet,Series 1,2024-02-10
101,New York,Sedan,Toyota,Series 1,2020-07-23
102,Texas,SUV,Honda,Model X,2022-09-08
103,Florida,Truck,Nissan,Series 1,2021-12-11
104,Florida,Van,Nissan,Model X,2021-04-09
105,Texas,Van,Ford,Model Y,2024-02-07
106,California,Coupe,Nissan,Series 2,2020-04-03
107,Florida,SUV,Nissan,Series 1,2022-05-08
108,Florida,Van,Toyota,Model Y,2024-07-17
109,Texas,Convertible,Nissan,Model Z,2023-11-18
110,California,Van,Nissan,Model Y,2024-01-02
111,New York,Truck,Honda,Model Z,2024-06-16
112,Illinois,Sedan,Chevrolet,Model Z,2022-05-02
113,Texas,Coupe,Ford,Model Z,2020-10-19
114,New York,Truck,Honda,Model Y,2022-07-21
115,Texas,Van,Nissan,Model Z,2024-04-08
116,New York,Convertible,Toyota,Model Z,2022-02-11
117,New York,SUV,Nissan,Series 2,2024-12-10
118,New York,Sedan,Chevrolet,Model X,2020-03-08
119,Texas,SUV,Toyota,Series 1,2024-08-08
120,Texas,Sedan,Toyota,Series 1,2022-03-14
121,California,Truck,Ford,Model X,2021-06-07
122,California,Truck,Ford,Series 2,2022-03-27
123,Florida,SUV,Ford,Series 1,2022-02-25
124,Florida,Convertible,Ford,Model Y,2021-09-27
125,California,Van,Chevrolet,Series 2,2021-04-11
126,Florida,Sedan,Ford,Model X,2023-12-06
127,Texas,Van,Honda,Model Z,2024-10-10
