REGISTRATION ID,state,vehicle_type,make,model,registration_date
1,New York,Convertible,Nissan,Model Z,2020-03-29
2,Illinois,Van,Nissan,Model Z,2023-07-24
3,Texas,Coupe,Honda,Series 1,2023-07-10
4,Illinois,Convertible,Ford,Model X,2023-02-19
5,California,Truck,Toyota,Series 1,2022-10-17
6,New York,Sedan,Honda,Model Y,2022-11-16
7,California,Sedan,Toyota,Series 1,2023-05-20
8,Illinois,Truck,Nissan,Series 2,2024-03-07
9,Texas,Van,Nissan,Model Y,2023-10-18
10,Florida,SUV,Ford,Series 1,2024-02-09
11,Florida,Van,Nissan,Series 2,2022-09-05
12,Florida,Sedan,Toyota,Model X,2021-11-20
13,California,Convertible,Ford,Series 2,2025-02-04
14,Florida,Truck,Nissan,Model Y,2021-07-02
15,Florida,Sedan,Honda,Model Z,2020-11-01
16,New York,Truck,Honda,Series 1,2024-03-18
17,California,Van,Honda,Model Y,2024-03-31
18,Texas,Coupe,Chevrolet,Series 1,2020-02-26
19,New York,SUV,Honda,Model Y,2024-01-23
20,New York,SUV,Ford,Series 1,2022-06-27
21,New York,Van,Nissan,Model X,2024-01-25
22,Florida,Sedan,Chevrolet,Model Z,2024-09-05
23,Illinois,SUV,Chevrolet,Model X,2020-05-24
24,California,Van,Honda,Model X,2021-12-11
25,California,Van,Nissan,Model X,2023-02-27
26,New York,Van,Ford,Series 1,2024-05-23
27,New York,Coupe,Toyota,Model X,2020-11-16
28,Illinois,Coupe,Chevrolet,Model X,2025-01-31
29,Illinois,SUV,Chevrolet,Model Z,2023-05-20
30,Texas,SUV,Toyota,Series 1,2020-11-11
31,California,Sedan,Nissan,Model X,2022-08-25
32,Illinois,Truck,Toyota,Model X,2022-11-10
33,Texas,Convertible,Nissan,Series 2,2022-10-24
34,Florida,Convertible,Toyota,Series 1,2022-02-02
35,Texas,Convertible,Toyota,Model Y,2024-05-16
36,Florida,Coupe,Ford,Series 1,2022-11-15
37,California,Coupe,Nissan,Model Y,2022-02-17
38,California,Truck,Honda,Model Z,2023-10-05
39,New York,Van,Toyota,Model Y,2022-06-18
40,Texas,SUV,Honda,Model Z,2022-06-18
41,Illinois,SUV,Toyota,Model Y,2020-10-23
42,New York,Van,Toyota,Series 2,2023-08-27
43,Illinois,Coupe,Toyota,Model Z,2021-08-08
44,California,Convertible,Ford,Series 2,2021-05-07
45,Texas,Truck,Chevrolet,Series 1,2024-01-21
46,California,SUV,Ford,Model Z,2021-05-03
47,Texas,Sedan,Chevrolet,Model Z,2024-04-29
48,Texas,Convertible,Chevrolet,Series 1,2021-05-07
49,Florida,Coupe,Nissan,Model Z,2024-11-10
50,New York,Van,Honda,Series 2,2021-12-31
51,New York,Coupe,Nissan,Model Y,2020-04-03
52,Florida,Sedan,Chevrolet,Model Z,2021-11-05
53,Texas,SUV,Chevrolet,Model Z,2021-06-12
54,Texas,Convertible,Honda,Model X,2021-05-30
55,Texas,Sedan,Toyota,Series 1,2023-07-29
56,Illinois,Truck,Chevrolet,Series 1,2024-06-05
57,Florida,Sedan,Honda,Model Z,2020-07-20
58,Illinois,SUV,Nissan,Series 1,2024-09-15
59,California,Convertible,Nissan,Model Z,2022-09-17
60,Florida,Convertible,Chevrolet,Model Y,2024-12-10
61,California,Coupe,Honda,Model Y,2022-11-24
62,California,Sedan,Nissan,Model X,2025-01-11
63,California,Truck,Honda,Model Y,2025-02-11
64,Illinois,Truck,Toyota,Series 2,2024-01-07
65,California,Truck,Toyota,Series 2,2024-05-21
66,New York,Coupe,Nissan,Model X,2021-10-26
67,New York,Sedan,Chevrolet,Model X,2021-08-16
68,Florida,Coupe,Toyota,Model Y,2020-06-02
69,California,Sedan,Ford,Series 1,2021-01-15
70,New York,Sedan,Toyota,Series 1,2021-08-29
71,Illinois,Coupe,Chevrolet,Model X,2023-11-06
72,Texas,Coupe,Nissan,Series 1,2020-10-04
73,California,SUV,Honda,Series 2,2021-01-13
74,Florida,Coupe,Honda,Model X,2023-09-04
75,Illinois,SUV,Chevrolet,Model Y,2023-09-11
76,Illinois,Sedan,Chevrolet,Model Y,2021-02-25
77,New York,Truck,Nissan,Series 2,2020-06-15
78,Florida,Truck,Toyota,Model Z,2020-09-06
79,New York,Truck,Chevrolet,Series 1,2021-11-23
80,New York,Coupe,Toyota,Series 1,2022-06-05
81,California,SUV,Ford,Model X,2020-09-16
82,Texas,Convertible,Toyota,Series 2,2022-08-10
83,Florida,SUV,Honda,Model Z,2024-10-31
84,Texas,SUV,Toyota,Model Y,2023-03-20
85,Illinois,Truck,Ford,Series 1,2025-01-06
86,New York,SUV,Toyota,Model Z,2025-01-01
87,Texas,SUV,Ford,Series 1,2023-07-22
88,Illinois,SUV,Chevrolet,Series 1,2024-07-29
89,California,Convertible,Nissan,Model X,2020-08-25
90,Illinois,Convertible,Chevrolet,Model Y,2021-01-26
91,New York,Sedan,Nissan,Model Y,2021-12-10
92,Florida,Coupe,Honda,Series 1,2024-06-10
93,Texas,SUV,Nissan,Model X,2024-02-23
94,Texas,Van,Chevrolet,Model Z,2024-12-23
95,California,Coupe,Toyota,Model Y,2023-07-05
96,Florida,SUV,Ford,Model Y,2021-01-04
97,California,Sedan,Ford,Series 1,2023-12-19
98,New York,Coupe,Honda,Model Z,2024-02-11
99,Illinois,Coupe,Honda,Model Z,2021-04-16
100,Florida,Van,Toyota,Series 1,2024-01-15
101,California,Convertible,Honda,Model X,2024-01-21
102,Texas,Truck,Nissan,Model X,2023-03-26
103,California,Van,Toyota,Series 2,2022-04-22
104,California,Coupe,Nissan,Model Z,2022-03-11
105,California,Convertible,Honda,Series 1,2024-06-15
106,Florida,SUV,Chevrolet,Series 1,2020-08-09
107,California,Truck,Chevrolet,Model Z,2025-02-04
108,Florida,Sedan,Ford,Model Z,2023-04-21
109,California,SUV,Nissan,Series 2,2020-07-12
110,California,SUV,Toyota,Series 2,2022-08-23
111,Texas,Convertible,Nissan,Model Y,2020-12-18
112,Florida,Coupe,Ford,Model X,2023-04-02
113,Florida,Van,Toyota,Model Z,2020-03-22
114,New York,Sedan,Nissan,Series 1,2021-10-04
115,Illinois,Convertible,Chevrolet,Model Y,2021-05-12
116,Texas,Sedan,Chevrolet,Model X,2025-02-10
117,Illinois,SUV,Ford,Series 2,2023-02-17
118,Florida,Sedan,Toyota,Model Z,2021-10-02
119,Texas,Truck,Toyota,Series 1,2021-09-29
120,Illinois,SUV,Ford,Series 2,2021-03-26
121,Florida,Van,Nissan,Model X,2020-10-23
122,California,Coupe,Nissan,Model Y,2024-05-28
123,California,Convertible,Toyota,Series 2,2023-12-09
124,Florida,Truck,Chevrolet,Model X,2021-08-26
125,New York,Sedan,Honda,Model Y,2020-06-30
126,California,Coupe,Ford,Model Y,2020-03-25
127,Texas,Sedan,Ford,Model Z,2023-03-03
128,Florida,Truck,Ford,Series 1,2020-10-27
129,New York,Coupe,Ford,Series 1,2024-01-16
130,California,Sedan,Nissan,Model X,2021-10-07
131,Florida,Coupe,Toyota,Model X,2023-04-16
132,Texas,Truck,Chevrolet,Model Y,2020-11-30
133,Texas,Van,Ford,Model Y,2024-04-06
134,California,Truck,Ford,Model X,2020-05-04
135,Florida,Coupe,Toyota,Series 1,2023-11-27
136,Texas,Truck,Chevrolet,Series 1,2021-04-10
137,Florida,SUV,Ford,Series 1,2021-11-26
138,California,Truck,Ford,Series 2,2021-01-09
139,New York,Van,Ford,Model Y,2021-09-16
140,California,SUV,Toyota,Series 2,2021-03-24
141,Texas,SUV,Toyota,Series 2,2024-07-31
142,New York,Convertible,Chevrolet,Model X,2023-10-14
143,California,Convertible,Toyota,Model Z,2022-06-17
144,Florida,Coupe,Nissan,Model Y,2023-07-17
145,California,SUV,Chevrolet,Model Z,2021-07-28
146,New York,Convertible,Ford,Series 1,2021-08-11
147,California,SUV,Honda,Model X,2020-10-13
148,New York,Van,Honda,Series 1,2022-11-18
149,Illinois,SUV,Ford,Model Y,2025-01-05
150,Illinois,Truck,Toyota,Model X,2020-05-11
151,Texas,Truck,Ford,Series 1,2022-09-07
152,Texas,Van,Honda,Series 1,2023-07-08
153,New York,Sedan,Chevrolet,Model Y,2024-10-10
154,New York,Truck,Nissan,Model Y,2023-07-22
