registration_id,state,vehicle_type,make,model,registration_date
1,Florida,Coupe,Ford,Series 1,2024-10-26
2,Texas,Truck,Ford,Model X,2022-10-22
3,Texas,Sedan,Chevrolet,Model Y,2021-03-03
4,California,Sedan,Chevrolet,Series 2,2022-09-23
5,New York,Van,Chevrolet,Model Y,2021-06-25
6,Florida,Van,Honda,Model Y,2023-10-07
7,New York,Sedan,Chevrolet,Model Y,2021-12-23
8,California,Convertible,Toyota,Model X,2022-12-28
9,California,Coupe,Toyota,Series 1,2023-11-12
10,Illinois,Sedan,Ford,Model Z,2021-06-11
11,California,Coupe,Ford,Series 2,2023-08-22
12,Florida,SUV,Nissan,Model Y,2022-12-06
13,Illinois,SUV,Toyota,Model X,2023-08-25
14,New York,Convertible,Nissan,Series 1,2023-02-15
15,Illinois,Truck,Chevrolet,Model X,2024-07-18
16,Illinois,Truck,Honda,Model Y,2022-08-03
17,Florida,Van,Ford,Model X,2020-10-17
18,Illinois,Convertible,Chevrolet,Model Y,2020-08-23
19,Texas,Van,Chevrolet,Model X,2023-08-02
20,Florida,Van,Chevrolet,Model X,2021-12-08
21,California,Coupe,Ford,Model Y,2022-10-31
22,Florida,SUV,Nissan,Series 1,2021-06-30
23,Illinois,SUV,Honda,Model Y,2022-01-20
24,Florida,Sedan,Honda,Series 1,2020-09-11
25,New York,Coupe,Toyota,Model Y,2022-05-05
26,Illinois,SUV,Ford,Model Z,2020-03-23
27,Illinois,Convertible,Chevrolet,Series 1,2022-08-11
28,New York,Coupe,Nissan,Series 2,2021-07-15
29,New York,Convertible,Honda,Model X,2020-04-12
30,Florida,Convertible,Honda,Series 2,2021-09-12
31,New York,SUV,Toyota,Model Y,2023-05-27
32,California,Coupe,Ford,Model Z,2022-06-20
33,California,Convertible,Ford,Series 2,2023-04-06
34,Texas,SUV,Chevrolet,Series 1,2021-06-04
35,California,Coupe,Ford,Series 2,2020-04-27
36,Florida,Coupe,Nissan,Model Y,2023-10-23
37,Texas,SUV,Ford,Series 2,2024-04-09
38,California,Sedan,Chevrolet,Model X,2022-06-28
39,New York,Van,Chevrolet,Model Y,2024-01-28
40,Florida,Truck,Ford,Model Z,2024-09-30
41,Florida,Coupe,Nissan,Series 2,2020-10-13
42,Texas,Truck,Ford,Series 1,2024-02-16
43,New York,Van,Nissan,Series 2,2025-01-25
44,New York,Coupe,Honda,Model X,2020-06-23
45,New York,Van,Chevrolet,Model X,2023-03-04
46,Illinois,SUV,Toyota,Model X,2020-04-20
47,Texas,SUV,Honda,Series 1,2024-07-20
48,California,SUV,Nissan,Series 2,2024-06-18
49,Texas,Coupe,Ford,Model Y,2022-10-07
50,Texas,Convertible,Honda,Model Z,2022-12-05
51,Texas,Convertible,Chevrolet,Model Z,2023-08-05
52,Florida,Van,Ford,Series 2,2023-09-22
53,Illinois,Truck,Toyota,Model X,2024-08-01
54,New York,Coupe,Toyota,Model Z,2021-12-07
55,California,Coupe,Nissan,Model X,2022-11-12
56,Florida,SUV,Nissan,Series 2,2020-10-28
57,California,SUV,Honda,Model X,2024-09-13
58,New York,SUV,Ford,Model Y,2021-11-15
59,Florida,Coupe,Chevrolet,Model Z,2023-09-15
60,California,SUV,Honda,Model Y,2021-08-18
61,Texas,Van,Toyota,Model Z,2020-08-28
62,California,Truck,Honda,Series 1,2025-01-16
63,Texas,Van,Chevrolet,Model Z,2024-06-11
64,Illinois,Convertible,Honda,Model Y,2022-11-11
65,Florida,Convertible,Chevrolet,Series 1,2022-01-03
66,California,SUV,Nissan,Series 1,2022-04-15
67,New York,SUV,Toyota,Series 1,2020-11-17
68,New York,Truck,Chevrolet,Model Y,2022-10-27
69,Texas,Convertible,Nissan,Model Y,2022-01-27
70,Illinois,Coupe,Honda,Series 1,2024-05-16
71,California,Coupe,Honda,Model X,2024-04-17
72,California,Sedan,Ford,Series 1,2020-08-03
73,New York,Convertible,Ford,Series 2,2024-10-11
74,Florida,Van,Nissan,Model X,2023-09-28
75,Florida,Convertible,Nissan,Model Y,2022-11-27
76,Illinois,Van,Ford,Series 2,2024-08-18
77,California,SUV,Nissan,Model Y,2023-12-06
78,Texas,Sedan,Nissan,Model Y,2020-05-09
79,Illinois,Van,Toyota,Series 1,2022-05-06
80,Texas,Convertible,Chevrolet,Model Z,2020-10-12
81,California,Coupe,Honda,Series 1,2021-10-06
82,Illinois,Coupe,Ford,Series 1,2025-01-07
83,Texas,Convertible,Honda,Model Y,2020-08-24
84,Florida,SUV,Ford,Series 2,2020-08-13
85,Texas,Truck,Nissan,Series 1,2024-06-13
86,Florida,Truck,Toyota,Series 2,2023-07-14
87,New York,Sedan,Honda,Series 2,2021-04-11
88,California,Coupe,Honda,Model X,2020-08-29
89,Florida,Truck,Nissan,Model X,2024-06-28
90,Florida,Coupe,Ford,Model X,2024-03-02
91,Texas,Convertible,Nissan,Model Z,2024-11-17
92,Florida,Convertible,Toyota,Model X,2020-09-03
93,New York,SUV,Toyota,Model Y,2021-06-06
94,Florida,Van,Nissan,Model Z,2021-06-09
95,California,Sedan,Honda,Series 1,2020-03-15
96,Illinois,SUV,Ford,Model X,2021-09-19
97,Texas,SUV,Ford,Model Y,2024-12-21
98,California,Coupe,Ford,Series 1,2022-03-13
99,Florida,Convertible,Toyota,Model X,2021-10-16
100,New York,Coupe,Toyota,Series 2,2022-06-19
101,California,Convertible,Toyota,Model X,2024-12-24
102,New York,Van,Nissan,Model Y,2023-01-21
103,Illinois,Coupe,Toyota,Model Y,2022-04-15
104,Texas,Convertible,Ford,Series 2,2024-02-25
105,Texas,Truck,Toyota,Model X,2024-12-18
106,Texas,Truck,Chevrolet,Series 1,2021-05-19
107,Florida,Truck,Chevrolet,Series 2,2021-06-20
108,Texas,Convertible,Honda,Series 1,2023-10-27
109,California,Sedan,Honda,Model Z,2023-09-26
110,Texas,Convertible,Nissan,Model X,2024-05-05
111,Florida,Convertible,Chevrolet,Series 1,2021-10-07
112,New York,Convertible,Ford,Series 1,2021-05-12
113,California,Coupe,Toyota,Model Z,2022-08-08
114,Texas,Van,Ford,Model X,2024-10-19
115,Illinois,Truck,Ford,Model X,2021-11-20
116,Texas,Sedan,Ford,Model Z,2024-06-16
117,New York,SUV,Chevrolet,Series 2,2024-06-22
118,New York,Van,Ford,Model Z,2023-05-11
119,Texas,Sedan,Nissan,Model X,2023-10-11
120,New York,Truck,Honda,Model Y,2022-05-08
121,Florida,Coupe,Chevrolet,Model Y,2024-12-18
