registration_id,state,vehicle_type,make,model,registration_date
1,California,Van,Toyota,Model Z,2023-03-28
2,California,Convertible,Ford,Model X,2021-06-22
3,New York,Coupe,Honda,Model Z,2023-06-29
4,Illinois,Van,Honda,Series 2,2020-04-29
5,California,Coupe,Toyota,Model X,2021-02-17
6,California,Truck,Nissan,Series 2,2021-02-19
7,Illinois,Truck,Nissan,Series 2,2021-06-22
8,Texas,Convertible,Honda,Model Y,2021-04-14
9,California,Convertible,Nissan,Series 1,2023-02-05
10,California,Sedan,Ford,Model Z,2024-04-03
11,Illinois,Coupe,Toyota,Series 1,2023-10-18
12,Florida,Convertible,Toyota,Model Z,2020-10-17
13,Texas,Van,Ford,Series 1,2021-01-06
14,New York,Van,Toyota,Model Y,2022-10-05
15,New York,SUV,Chevrolet,Series 1,2021-04-04
16,California,Coupe,Toyota,Series 1,2020-04-22
17,New York,Sedan,Chevrolet,Series 2,2023-05-06
18,Florida,Convertible,Ford,Series 2,2020-10-12
19,Florida,SUV,Chevrolet,Model Z,2023-06-08
20,Illinois,Truck,Ford,Series 2,2022-09-09
21,New York,Van,Ford,Series 2,2020-09-12
22,Illinois,Sedan,Honda,Series 1,2020-11-26
23,Florida,Sedan,Honda,Model Y,2022-04-12
24,California,Truck,Honda,Model X,2023-12-09
25,Florida,Coupe,Chevrolet,Model Z,2023-06-20
26,New York,Truck,Honda,Series 2,2023-01-01
27,New York,Van,Chevrolet,Series 2,2022-03-03
28,Florida,Truck,Toyota,Series 2,2024-12-17
29,California,Coupe,Honda,Model Z,2022-07-13
30,Illinois,Coupe,Nissan,Model Y,2022-04-19
31,Texas,Convertible,Honda,Series 1,2022-06-12
32,Texas,Convertible,Nissan,Series 2,2021-04-18
33,California,Coupe,Nissan,Model Y,2021-08-04
34,Florida,SUV,Toyota,Series 2,2021-09-24
35,Texas,Coupe,Nissan,Series 1,2021-04-28
36,Illinois,SUV,Honda,Series 2,2020-03-25
37,Texas,Convertible,Honda,Model Z,2022-10-28
38,Florida,Truck,Ford,Model Z,2022-12-25
39,California,Convertible,Chevrolet,Model Z,2024-07-09
40,New York,Sedan,Toyota,Series 1,2021-03-31
41,Texas,Truck,Ford,Model Y,2023-07-24
42,Florida,Coupe,Honda,Series 1,2021-03-09
43,New York,Coupe,Ford,Model Y,2021-07-06
44,California,Truck,Ford,Model Y,2020-05-21
45,California,Truck,Chevrolet,Series 2,2020-08-27
46,Florida,Coupe,Ford,Model Z,2021-10-06
47,Texas,SUV,Toyota,Model X,2021-07-24
48,New York,Coupe,Nissan,Series 2,2023-10-08
49,Texas,Sedan,Nissan,Model Z,2022-06-26
50,New York,SUV,Chevrolet,Model X,2020-04-12
51,Florida,Van,Chevrolet,Model Y,2023-08-18
52,Florida,SUV,Honda,Model X,2024-07-28
53,Florida,Sedan,Ford,Model X,2022-09-12
54,Texas,Convertible,Ford,Model X,2023-06-14
55,Texas,Convertible,Nissan,Series 2,2022-11-23
56,New York,Truck,Nissan,Series 2,2024-01-08
57,New York,Coupe,Toyota,Model Y,2022-06-21
58,New York,Coupe,Honda,Model Y,2021-07-24
59,Illinois,Van,Toyota,Model Z,2020-05-08
60,Texas,Convertible,Toyota,Model Z,2024-05-20
61,Florida,Van,Ford,Model Z,2023-11-26
62,Florida,Convertible,Chevrolet,Model Z,2021-11-12
63,New York,Sedan,Nissan,Model Z,2023-06-08
64,New York,Van,Chevrolet,Series 1,2021-06-25
65,New York,Coupe,Chevrolet,Model Z,2023-08-08
66,California,Van,Ford,Model Y,2025-02-08
67,Illinois,Convertible,Toyota,Series 1,2021-10-09
68,Florida,Coupe,Toyota,Series 2,2025-01-12
69,New York,Coupe,Nissan,Model Z,2022-12-12
70,Texas,Coupe,Chevrolet,Model Y,2020-11-29
71,Illinois,Van,Nissan,Model X,2021-11-20
72,California,Convertible,Honda,Model Z,2021-11-02
73,Florida,Sedan,Chevrolet,Series 1,2024-01-03
74,California,Coupe,Nissan,Model Y,2025-01-19
75,Texas,Van,Ford,Model X,2021-05-09
76,New York,Convertible,Nissan,Series 2,2020-10-06
77,Texas,Convertible,Nissan,Series 1,2024-01-11
78,New York,Sedan,Nissan,Model Z,2023-05-02
79,New York,SUV,Ford,Model Y,2021-06-02
80,California,Convertible,Toyota,Model Y,2024-11-29
81,Texas,Convertible,Nissan,Model Y,2025-01-01
82,Florida,Coupe,Nissan,Series 1,2024-08-30
83,Florida,Van,Honda,Model Y,2024-07-29
84,New York,Van,Chevrolet,Series 1,2022-03-31
85,Texas,Coupe,Nissan,Model Y,2024-08-22
86,Illinois,Convertible,Ford,Model Z,2024-09-09
87,Florida,Truck,Nissan,Model X,2021-06-20
88,New York,Truck,Chevrolet,Model Y,2021-07-12
89,California,Truck,Ford,Series 1,2023-11-25
90,Texas,Sedan,Chevrolet,Model Z,2024-02-15
91,Texas,SUV,Nissan,Series 2,2023-04-02
92,California,SUV,Ford,Series 1,2022-12-07
93,Illinois,Truck,Ford,Model X,2023-11-16
94,Illinois,Sedan,Toyota,Series 2,2022-04-03
95,Illinois,Sedan,Ford,Model Y,2021-12-01
96,Illinois,Truck,Toyota,Model Z,2023-03-27
97,New York,Convertible,Nissan,Model Z,2020-10-31
98,New York,Van,Ford,Model X,2024-09-17
99,Texas,Convertible,Honda,Model X,2020-06-15
100,Illinois,Coupe,Toyota,Series 1,2022-02-28
101,Florida,Sedan,Chevrolet,Series 1,2023-08-24
102,Florida,Van,Chevrolet,Model Y,2024-01-24
103,Texas,Convertible,Nissan,Model X,2021-08-19
104,California,Sedan,Honda,Model X,2022-09-14
105,Texas,Van,Honda,Model Y,2024-03-16
106,California,Convertible,Toyota,Model Z,2021-12-06
107,Florida,SUV,Honda,Model Y,2022-03-24
108,California,Van,Ford,Series 1,2021-11-12
109,Texas,Sedan,Toyota,Series 1,2020-05-23
110,Florida,SUV,Ford,Model Y,2024-10-17
111,Illinois,Coupe,Toyota,Series 2,2021-08-23
112,New York,Van,Toyota,Model Z,2020-09-01
113,New York,Van,Honda,Model X,2025-01-14
114,Florida,Van,Chevrolet,Model Z,2022-08-18
115,Texas,Convertible,Chevrolet,Model Z,2020-02-12
116,Texas,Coupe,Toyota,Model Y,2021-08-28
117,California,Truck,Ford,Model X,2022-03-21
118,Illinois,SUV,Ford,Model Z,2024-08-16
119,Texas,Van,Nissan,Model Z,2022-06-18
120,Texas,Van,Nissan,Series 2,2024-06-04
121,Florida,Sedan,Toyota,Model X,2021-05-14
122,Florida,Convertible,Nissan,Series 1,2020-02-27
123,Illinois,SUV,Toyota,Model Z,2024-04-29
124,California,Coupe,Honda,Series 2,2023-01-03
125,Illinois,Van,Ford,Series 2,2023-07-20
126,Florida,Sedan,Nissan,Model X,2023-09-23
127,New York,Truck,Chevrolet,Model Y,2022-03-26
128,Florida,Sedan,Chevrolet,Series 2,2020-03-26
129,Texas,Van,Ford,Model Z,2020-12-27
130,Illinois,Van,Nissan,Model Z,2020-08-21
131,Illinois,Convertible,Chevrolet,Series 2,2020-05-29
132,Texas,Convertible,Toyota,Model X,2024-05-23
133,California,Sedan,Toyota,Model Z,2023-11-11
134,California,Van,Toyota,Model Z,2022-06-16
135,Illinois,Truck,Toyota,Model X,2023-02-10
136,Texas,SUV,Honda,Model Z,2020-11-22
137,Texas,Coupe,Chevrolet,Model Z,2020-05-30
138,New York,SUV,Toyota,Model Z,2024-10-30
139,Illinois,Van,Nissan,Series 1,2024-01-30
140,Florida,Sedan,Ford,Model X,2023-05-27
141,New York,SUV,Chevrolet,Series 1,2022-01-06
142,Florida,Convertible,Toyota,Model X,2021-09-20
143,California,Van,Nissan,Model Y,2023-01-30
144,Illinois,Convertible,Chevrolet,Model Y,2020-11-26
145,California,Convertible,Honda,Model X,2024-10-30
146,Illinois,Truck,Chevrolet,Model X,2021-05-24
147,Illinois,SUV,Ford,Model Z,2023-09-08
148,Illinois,SUV,Ford,Series 1,2023-12-07
149,Florida,Van,Toyota,Model X,2020-12-02
