registration_id,state,vehicle_type,make,model,registration_date
1,California,Sedan,Chevrolet,Model X,2023-11-17
2,Florida,Coupe,Chevrolet,Series 2,2024-10-16
3,Florida,Coupe,Toyota,Model X,2023-06-27
4,Texas,Van,Nissan,Series 1,2024-06-14
5,New York,Coupe,Honda,Model X,2020-10-15
6,Texas,Van,Chevrolet,Series 2,2023-06-13
7,Texas,Van,Honda,Model X,2022-12-12
8,New York,Sedan,Chevrolet,Series 1,2021-08-06
9,Florida,Convertible,Toyota,Series 1,2024-08-15
10,California,Coupe,Toyota,Series 2,2020-04-24
11,Illinois,SUV,Toyota,Model Y,2024-11-14
12,Florida,Coupe,Toyota,Model Y,2021-02-22
13,New York,Sedan,Nissan,Model Z,2021-12-09
14,Florida,Van,Ford,Model X,2023-06-05
15,Texas,Truck,Honda,Series 2,2021-09-27
16,Illinois,Van,Toyota,Model Z,2024-11-09
17,Florida,SUV,Ford,Model Y,2023-01-08
18,Texas,Van,Honda,Series 1,2024-12-11
19,Texas,Van,Ford,Series 2,2023-06-11
20,Illinois,SUV,Nissan,Series 2,2020-08-27
21,Florida,SUV,Nissan,Model Z,2023-11-25
22,Texas,Truck,Ford,Model X,2024-06-02
23,Florida,SUV,Ford,Model X,2022-02-26
24,Illinois,Van,Nissan,Series 2,2020-11-10
25,Illinois,Coupe,Chevrolet,Model Z,2020-10-29
26,California,Truck,Nissan,Model X,2021-03-25
27,Florida,Coupe,Honda,Model X,2023-12-29
28,New York,Van,Chevrolet,Model Y,2022-10-03
29,Illinois,Truck,Toyota,Model Y,2023-06-10
30,California,Van,Ford,Model X,2023-10-30
31,New York,Van,Toyota,Model Z,2021-02-09
32,Florida,Van,Honda,Model X,2023-10-14
33,Illinois,Coupe,Nissan,Model X,2022-05-26
34,New York,SUV,Toyota,Series 2,2024-08-02
35,Texas,Coupe,Chevrolet,Model X,2022-10-08
36,California,Van,Chevrolet,Model Z,2021-03-26
37,California,SUV,Toyota,Model Z,2023-02-23
38,Texas,Coupe,Toyota,Series 1,2024-03-20
39,Florida,SUV,Chevrolet,Series 2,2022-09-04
40,New York,Coupe,Chevrolet,Model Y,2021-02-10
41,Texas,Coupe,Nissan,Model Y,2024-10-15
42,Texas,SUV,Ford,Model X,2025-01-31
43,Illinois,Truck,Honda,Series 2,2020-07-31
44,New York,Van,Nissan,Series 2,2023-03-05
45,Florida,Van,Toyota,Model Z,2024-02-01
46,Illinois,Coupe,Nissan,Model Y,2023-11-24
47,Illinois,Van,Nissan,Series 1,2020-08-23
48,New York,Truck,Honda,Model X,2021-03-03
49,New York,Coupe,Nissan,Model X,2023-07-30
50,Florida,Truck,Ford,Series 1,2022-05-07
51,California,Sedan,Chevrolet,Model Y,2022-01-16
52,Illinois,Truck,Honda,Series 1,2022-09-09
53,New York,Truck,Toyota,Model Y,2023-03-11
54,Texas,Convertible,Chevrolet,Model X,2024-05-09
55,Texas,Truck,Honda,Model Z,2020-03-30
56,Texas,Sedan,Chevrolet,Model Z,2024-08-31
57,Illinois,Convertible,Chevrolet,Series 2,2022-07-13
58,Texas,SUV,Honda,Model Z,2024-07-01
59,Florida,Truck,Ford,Model Z,2024-08-02
60,Illinois,SUV,Honda,Series 2,2022-08-13
61,New York,Coupe,Nissan,Series 2,2020-06-19
62,New York,Convertible,Toyota,Model X,2020-08-28
63,Texas,Truck,Chevrolet,Model Y,2022-07-07
64,California,Truck,Honda,Series 2,2024-04-18
65,Texas,Van,Toyota,Series 2,2022-09-07
66,California,SUV,Chevrolet,Model Z,2024-02-29
67,California,Van,Toyota,Series 1,2025-02-11
68,Texas,SUV,Nissan,Series 2,2024-10-20
69,Illinois,Coupe,Honda,Model X,2020-06-25
70,Florida,Coupe,Honda,Model X,2022-10-29
71,Texas,Truck,Honda,Model Z,2022-07-07
72,Florida,SUV,Honda,Model Y,2022-06-26
73,California,Sedan,Chevrolet,Series 1,2022-10-10
74,New York,Coupe,Nissan,Series 1,2021-11-19
75,Illinois,Truck,Honda,Series 2,2020-08-20
76,New York,SUV,Chevrolet,Series 2,2021-01-22
77,Texas,Coupe,Ford,Model Z,2022-07-17
78,Illinois,Truck,Honda,Model X,2024-04-20
79,Illinois,Convertible,Honda,Model Z,2023-07-08
80,New York,Coupe,Ford,Series 2,2024-06-19
81,Illinois,Convertible,Nissan,Model Z,2021-09-01
82,California,Truck,Chevrolet,Model Z,2023-08-08
83,California,SUV,Chevrolet,Model Y,2023-10-05
84,Florida,Convertible,Chevrolet,Model X,2024-02-15
85,Illinois,Truck,Nissan,Model X,2023-09-17
86,Texas,SUV,Toyota,Series 1,2025-01-26
87,Texas,Convertible,Honda,Model Y,2024-08-19
88,Illinois,Sedan,Nissan,Series 1,2024-09-14
89,California,Sedan,Toyota,Model Y,2020-05-10
90,California,Van,Ford,Model Y,2025-01-10
91,California,Sedan,Ford,Series 2,2020-09-07
92,Florida,Convertible,Ford,Series 1,2021-08-01
93,California,Coupe,Honda,Model Z,2024-09-23
94,Florida,Sedan,Honda,Series 1,2023-01-27
95,Illinois,Truck,Ford,Series 2,2022-08-12
96,New York,Coupe,Ford,Series 1,2024-08-02
97,New York,Truck,Chevrolet,Series 1,2021-12-08
98,Texas,Sedan,Nissan,Series 1,2023-09-12
99,Illinois,Van,Honda,Series 1,2023-03-26
100,Florida,Sedan,Chevrolet,Model Z,2023-08-17
101,New York,Truck,Chevrolet,Model X,2024-11-27
102,Florida,Sedan,Toyota,Model Y,2024-01-06
103,Texas,Truck,Ford,Model X,2023-01-02
104,Texas,Truck,Chevrolet,Model Y,2021-05-14
105,Texas,Convertible,Toyota,Series 1,2020-03-31
106,Texas,Convertible,Honda,Series 2,2024-02-04
107,Illinois,Coupe,Ford,Model Z,2024-11-21
108,Florida,Truck,Nissan,Model Y,2021-10-24
109,Texas,SUV,Nissan,Model Z,2024-04-02
110,Illinois,Sedan,Ford,Series 1,2020-12-16
111,Texas,Convertible,Chevrolet,Model Y,2022-03-06
112,California,Convertible,Toyota,Series 2,2024-03-26
113,Texas,Van,Chevrolet,Model X,2025-01-28
114,New York,Coupe,Honda,Model X,2023-05-11
115,Florida,Van,Ford,Series 1,2020-04-13
116,Florida,Coupe,Ford,Model Z,2020-04-01
117,New York,SUV,Chevrolet,Model Z,2022-03-19
118,New York,Coupe,Toyota,Model X,2023-09-09
119,New York,Sedan,Honda,Series 2,2020-06-21
120,New York,Coupe,Ford,Model Z,2024-09-08
121,California,Sedan,Nissan,Model Y,2020-07-16
122,New York,Truck,Chevrolet,Model X,2024-06-12
123,Texas,Convertible,Toyota,Series 2,2021-05-06
124,New York,Convertible,Honda,Model Z,2021-09-16
125,New York,Coupe,Chevrolet,Model X,2021-03-04
126,New York,Sedan,Nissan,Series 2,2021-09-21
127,California,Coupe,Toyota,Series 1,2024-04-04
128,California,SUV,Nissan,Series 2,2023-07-21
129,Illinois,Van,Toyota,Model X,2022-12-23
130,New York,Coupe,Nissan,Series 2,2021-02-16
131,New York,Coupe,Nissan,Model Y,2023-01-15
132,New York,Coupe,Honda,Model Y,2020-12-26
133,Illinois,Convertible,Toyota,Series 1,2021-06-25
134,Florida,Truck,Ford,Model Z,2024-12-03
135,New York,Convertible,Nissan,Model X,2020-09-06
136,Illinois,SUV,Ford,Model Y,2023-11-29
137,Illinois,SUV,Nissan,Series 2,2022-10-27
138,New York,Coupe,Nissan,Series 2,2024-09-25
139,New York,SUV,Nissan,Model Y,2024-12-05
140,Texas,Truck,Honda,Model Y,2020-04-01
141,Texas,Truck,Ford,Series 1,2023-02-13
142,Texas,SUV,Toyota,Model Y,2020-08-12
143,California,SUV,Honda,Model Z,2021-10-16
144,Florida,SUV,Toyota,Model X,2024-10-05
145,New York,Sedan,Ford,Series 1,2023-02-03
146,Florida,SUV,Toyota,Model Z,2021-03-26
147,Texas,Sedan,Toyota,Series 2,2021-03-10
148,Florida,Convertible,Honda,Model X,2021-07-23
149,Illinois,Sedan,Chevrolet,Series 1,2023-08-25
150,Texas,Coupe,Ford,Series 2,2022-09-28
151,California,Coupe,Honda,Series 2,2023-05-17
152,Texas,Sedan,Nissan,Model X,2023-10-08
