report_id,city,temperature,humidity,wind_speed,REPORT DATE,weather_station
1,Port Michaelstad,14.4,51,19.1,2024-04-10,Station A
2,Johnburgh,14.4,22,12.1,2024-10-14,Station C
3,Johnshire,-4.8,83,8.5,2024-05-16,Station A
4,Nataliefurt,32.2,28,19.2,2024-07-24,Station A
5,North Danieltown,15.5,62,10.8,2024-07-24,Station A
6,Lake Samantha,11.0,50,9.4,2024-07-05,Station B
7,South Emilyland,3.2,52,7.9,2024-10-09,Station C
8,Pattersonland,3.1,57,2.6,2024-05-11,Station B
9,Williamsland,21.1,92,14.9,2024-04-03,Station C
10,Melissaview,35.2,47,6.5,2024-05-16,Station B
11,Port Jennifer,-0.4,42,8.3,2024-07-04,Station C
12,Ramirezton,-1.8,83,3.1,2024-12-22,Station A
13,South Anthonyland,6.8,67,9.3,2024-08-20,Station B
14,Stephensview,13.8,49,12.7,2024-04-29,Station A
15,East Markfort,12.3,92,17.5,2024-10-16,Station C
16,Wrightborough,18.9,97,5.8,2024-12-17,Station A
17,Delgadotown,27.5,20,1.6,2024-06-27,Station A
18,Meyertown,26.8,94,12.4,2024-06-05,Station A
19,Susanfort,12.1,88,6.7,2024-07-20,Station B
20,Jonesville,-4.0,17,7.4,2024-03-24,Station C
21,New Susan,21.7,41,19.5,2025-02-08,Station A
22,Christensentown,6.5,76,9.7,2024-07-11,Station A
23,Lake Natalie,21.7,49,8.3,2024-11-29,Station C
24,East Matthewhaven,15.4,77,15.7,2024-08-23,Station C
25,South Lucaschester,14.9,11,11.3,2025-02-01,Station A
26,Petersshire,36.0,40,17.6,2024-05-08,Station C
27,East Michaelshire,2.0,64,9.8,2024-11-03,Station C
28,Jacksontown,25.9,28,9.6,2024-09-29,Station A
29,Dunnview,13.1,42,16.2,2024-07-25,Station A
30,New Stevenhaven,32.7,18,4.8,2024-12-29,Station A
31,East Walterchester,21.3,51,6.4,2025-01-21,Station B
32,Alexanderbury,-2.3,41,2.4,2024-12-10,Station C
33,Williamsborough,12.0,66,3.0,2024-05-09,Station B
34,West Diana,18.2,30,12.1,2024-11-08,Station B
35,Janiceville,21.6,18,13.1,2024-10-10,Station C
36,Barajasberg,8.9,37,19.1,2024-09-02,Station A
37,Michaelville,2.9,52,1.2,2024-10-09,Station A
38,Port Kevinburgh,-9.7,43,11.0,2024-09-01,Station C
39,East Wesleyland,12.0,20,12.9,2025-01-31,Station B
40,North Heather,7.7,94,19.7,2024-08-30,Station C
41,Thomasmouth,27.4,32,10.3,2024-12-27,Station C
42,South Anthony,22.6,20,8.1,2024-08-26,Station B
43,Stonechester,19.9,62,2.6,2024-07-28,Station C
44,Brownstad,34.0,31,17.1,2024-12-07,Station A
45,Lake Ann,31.8,75,10.6,2024-12-18,Station B
46,Andrewside,-8.5,36,9.5,2024-10-02,Station C
47,Erikatown,10.0,12,16.3,2024-10-10,Station B
48,Johntown,23.0,25,10.2,2024-06-15,Station B
49,Avilaville,33.4,79,13.6,2024-09-02,Station A
50,North Maureen,-7.6,79,5.6,2025-01-17,Station B
51,Rileyside,-0.6,42,15.2,2024-08-27,Station B
52,East Cassandrachester,30.6,53,7.9,2024-03-24,Station B
53,Erikaburgh,22.4,80,9.0,2024-04-02,Station C
54,Wrightbury,30.0,51,13.8,2024-05-07,Station C
55,Julieburgh,39.7,60,18.9,2025-01-05,Station B
56,Stevefort,-5.9,18,13.9,2024-05-21,Station C
57,Christopherchester,17.3,83,15.8,2024-04-21,Station A
58,Lake Derek,18.5,93,15.4,2024-03-14,Station A
59,North Katherineberg,5.0,65,12.2,2024-10-05,Station B
60,Port Janeborough,39.4,67,0.1,2024-07-04,Station A
61,West Jodyburgh,-5.8,44,8.4,2025-01-01,Station A
62,Kellieview,16.1,97,10.5,2024-05-03,Station B
63,Davidfurt,25.4,95,2.8,2024-09-26,Station B
64,Walkerville,1.5,20,1.0,2024-09-11,Station C
65,West Rachael,18.0,65,10.2,2024-04-08,Station B
66,Jasonton,32.3,29,12.6,2024-05-18,Station C
67,Glennshire,13.3,43,15.3,2024-05-17,Station A
68,Scotttown,-6.8,50,16.8,2024-06-13,Station A
69,East Ashleytown,-5.8,60,9.2,2024-08-12,Station B
70,Marshallstad,33.9,91,3.5,2024-03-18,Station B
71,Rogersberg,16.1,96,4.2,2024-06-25,Station A
72,Ivanfort,28.2,70,11.9,2024-08-06,Station B
73,Brooksberg,11.6,41,2.3,2024-11-11,Station C
74,East Jamieshire,35.6,17,6.9,2024-08-31,Station B
75,Alexandriaberg,36.8,32,7.6,2024-08-11,Station C
76,North Crystalview,6.3,70,18.5,2024-09-12,Station A
77,Pricebury,26.0,13,18.4,2024-09-28,Station A
78,North Juanborough,37.0,61,17.3,2024-08-17,Station C
79,Carlosville,35.9,71,4.9,2024-03-21,Station B
80,Middletonborough,-3.6,43,5.3,2024-10-30,Station A
81,Davidport,35.1,30,6.7,2025-02-08,Station B
82,Charlesborough,12.0,31,12.5,2024-07-08,Station C
83,Perezbury,24.7,20,6.1,2025-02-09,Station B
84,South Cody,-4.2,24,16.8,2024-05-25,Station B
85,Georgeport,16.6,87,18.5,2024-11-12,Station A
86,New Sandraside,16.1,63,10.2,2024-11-13,Station C
87,East Craig,26.8,66,15.2,2024-06-01,Station B
88,Lake Paulport,-4.6,91,6.1,2024-09-04,Station C
89,Hintonberg,26.0,99,19.7,2024-06-19,Station B
90,Robertchester,-7.0,44,12.9,2024-11-03,Station B
91,South Nataliebury,17.9,64,6.9,2024-05-22,Station B
92,New Jennifer,7.2,76,1.0,2024-05-27,Station A
93,Maryview,-7.9,41,2.1,2025-01-11,Station C
94,Fitzgeraldton,10.9,35,2.4,2025-01-08,Station C
95,Lake Hunterchester,13.7,44,5.1,2024-11-20,Station B
96,South Micheleview,20.1,18,16.3,2024-07-01,Station A
97,New Mark,31.4,17,9.7,2024-04-28,Station A
98,Lake Luisshire,29.8,89,11.7,2024-09-14,Station C
99,East James,30.4,95,18.5,2025-02-06,Station C
100,Lake Vickifort,8.1,49,4.6,2024-04-23,Station C
101,New Natashaberg,38.1,88,2.3,2024-11-21,Station A
102,Jennifermouth,2.9,25,19.9,2024-06-11,Station A
103,Michealborough,17.1,80,19.9,2024-12-14,Station C
104,West Damon,29.9,39,19.2,2024-07-25,Station B
105,New Scott,-6.5,19,5.8,2024-10-12,Station A
106,South Paul,-4.1,82,5.9,2024-03-09,Station C
107,Rubiomouth,-4.5,58,3.9,2024-03-14,Station B
108,West Brian,16.1,27,3.6,2025-01-01,Station B
109,New Heathermouth,11.7,98,14.0,2024-05-07,Station C
110,Lake Amandaton,14.7,93,7.4,2024-08-06,Station C
111,Brianfurt,6.2,28,19.9,2024-11-08,Station A
