report_id,city,temperature,humidity,wind_speed,report_date,weather_station
1,West Jamesmouth,15.4,14,19.8,2024-06-18,Station C
2,Katherinemouth,17.9,55,9.1,2024-02-21,Station B
3,South Spencerbury,36.2,28,18.4,2024-06-23,Station C
4,Drakeland,6.1,97,18.9,2024-07-23,Station C
5,Josephburgh,20.7,49,11.2,2024-06-09,Station B
6,West Benjamin,9.7,56,18.3,2024-05-02,Station A
7,Christopherview,-7.9,86,16.1,2024-06-29,Station C
8,South Judithbury,-0.6,65,5.4,2024-09-07,Station A
9,Escobarview,8.2,99,2.8,2024-11-28,Station C
10,Cookton,18.8,45,16.5,2024-07-15,Station B
11,West Hannah,17.4,10,19.3,2025-01-06,Station A
12,Pierceburgh,26.3,29,9.5,2024-04-28,Station A
13,Harrisborough,10.3,86,11.4,2024-07-10,Station C
14,North Robertfort,16.4,36,6.0,2024-09-20,Station B
15,Ramostown,13.3,34,2.5,2024-11-13,Station A
16,Port Samantha,9.4,20,19.3,2024-03-25,Station C
17,West Michelle,32.0,56,8.3,2024-03-13,Station B
18,Jenkinsmouth,13.9,54,12.3,2024-03-24,Station A
19,North Anthonyburgh,-5.6,37,9.6,2024-11-01,Station C
20,Rothfurt,7.4,75,19.8,2025-01-02,Station C
21,Bergerfurt,35.7,12,11.0,2024-11-02,Station C
22,South Joshuaburgh,-2.6,55,4.2,2024-09-30,Station B
23,Tracyfort,-6.4,87,16.4,2024-04-22,Station A
24,South Cherylside,32.1,43,7.6,2025-01-16,Station C
25,North Joshua,31.9,77,3.1,2024-07-14,Station C
26,Christianmouth,36.9,17,10.2,2024-09-08,Station C
27,West Kiarachester,4.8,30,6.1,2024-04-05,Station C
28,Port David,20.0,34,18.5,2024-07-19,Station A
29,Michellebury,4.1,79,19.9,2025-02-10,Station A
30,Gutierrezport,-1.5,71,9.8,2024-10-15,Station C
31,Adrianaport,32.6,65,2.5,2024-02-23,Station C
32,Justinmouth,39.5,88,5.6,2024-08-27,Station A
33,North Christophershire,36.2,20,7.0,2024-09-06,Station A
34,East Brittany,32.9,18,19.0,2024-06-16,Station A
35,Davidside,32.6,45,16.6,2024-12-22,Station A
36,Adamsfurt,-1.9,86,8.6,2024-10-25,Station C
37,Port Vanessaport,-6.5,91,6.9,2024-10-11,Station C
38,Lake Tammy,2.6,14,16.2,2024-10-20,Station B
39,Jayside,29.7,61,0.8,2024-12-08,Station C
40,Grahamfurt,13.0,39,8.5,2024-02-21,Station A
41,Markville,-5.5,54,14.0,2024-03-28,Station B
42,Justinmouth,3.0,42,1.0,2024-09-12,Station B
43,Brittanyton,12.4,79,15.2,2024-07-16,Station A
44,West Nicoletown,18.7,25,3.6,2024-06-28,Station C
45,Port Barbaraton,-6.0,68,4.1,2024-03-26,Station A
46,West Bonnie,0.1,28,9.3,2024-10-10,Station B
47,East Debra,27.7,54,17.4,2024-07-18,Station A
48,East Charlesside,-8.7,90,4.4,2025-02-01,Station A
49,Lake Joan,28.8,58,8.7,2024-10-22,Station A
50,South Danielleland,-5.5,62,16.5,2024-08-30,Station B
51,New Robertfort,33.7,69,0.2,2024-02-23,Station B
52,Montesfort,22.6,38,19.6,2025-01-12,Station A
53,Dawnberg,6.2,94,1.6,2024-06-17,Station B
54,Shelleyland,33.2,68,14.0,2024-04-04,Station B
55,New Kenneth,32.4,87,5.4,2024-05-19,Station C
56,East Christopherhaven,0.8,84,0.6,2025-02-06,Station C
57,Port Jeffrey,-8.1,93,16.0,2024-07-11,Station B
58,East Beverly,38.7,35,10.5,2025-02-10,Station C
59,Garrettfort,24.0,36,8.7,2024-07-17,Station B
60,Careyburgh,-8.8,75,18.7,2024-08-31,Station A
61,Smithstad,32.1,46,12.3,2025-01-13,Station C
62,South Jennaport,0.0,27,11.2,2024-03-29,Station B
63,South Christopher,22.4,48,19.9,2024-08-10,Station A
64,Samuelton,7.2,86,9.4,2024-11-14,Station B
65,Nicholsview,27.7,86,16.4,2024-10-22,Station C
66,New Michelle,31.3,88,15.2,2024-09-09,Station B
67,Beverlyland,5.5,21,9.1,2024-02-22,Station C
68,North Johnton,-6.3,85,4.1,2024-08-01,Station C
69,Marctown,6.6,90,18.0,2024-12-13,Station C
70,New Larryshire,35.4,60,1.4,2024-10-05,Station C
71,Stephanieton,35.9,75,3.3,2024-07-10,Station C
72,North Allisonside,12.4,25,6.7,2024-05-03,Station A
73,North Joseph,2.4,64,15.6,2024-03-02,Station C
74,Floresland,25.8,58,13.1,2024-06-03,Station B
75,East Megan,19.1,71,7.5,2024-09-11,Station C
76,West Mariamouth,8.9,12,4.5,2024-09-12,Station B
77,Hunttown,31.3,76,12.7,2024-09-25,Station B
78,Stevenberg,-0.8,58,18.0,2024-11-04,Station A
79,Martinezside,35.2,43,15.0,2024-02-18,Station B
80,Noahside,16.0,89,11.2,2024-07-27,Station C
81,Jonathanberg,32.0,52,14.7,2024-04-23,Station C
82,Nicolestad,5.5,72,18.4,2024-10-15,Station B
83,Lake Scottbury,8.8,89,17.4,2024-07-04,Station C
84,North Veronicastad,22.9,36,15.5,2024-07-30,Station B
85,West Timothytown,6.6,44,18.9,2024-12-17,Station A
86,West Janet,18.5,40,11.8,2025-02-10,Station B
87,Lake Danielmouth,23.4,51,4.9,2024-02-15,Station A
88,Port Kent,35.6,89,18.6,2024-05-05,Station C
89,New Amanda,12.9,16,6.7,2024-03-25,Station A
90,Landryton,-1.1,53,18.2,2024-10-20,Station B
91,West Crystal,20.2,45,6.3,2024-06-20,Station A
92,Port Jeremy,29.2,72,6.3,2024-08-11,Station C
93,New Donnamouth,6.8,10,6.2,2024-05-12,Station A
94,East Mariatown,25.6,21,10.4,2024-12-20,Station C
95,Huntbury,28.1,11,19.1,2024-06-27,Station C
96,Solomonshire,14.9,73,15.1,2024-02-27,Station B
97,Caldwellborough,-2.7,40,5.9,2025-02-07,Station B
98,North Raymondburgh,15.3,52,10.3,2025-01-13,Station B
99,Gordonland,-4.6,58,15.4,2025-01-28,Station C
100,South Patriciashire,21.1,38,8.7,2024-08-09,Station A
101,Port Nicholas,-5.8,73,2.4,2024-08-09,Station C
102,South Alan,11.3,61,2.8,2024-02-16,Station B
103,Jesseside,14.6,75,15.4,2024-08-06,Station C
104,West Brianville,23.0,36,19.2,2024-11-23,Station C
105,Stevenchester,23.0,23,15.7,2024-04-10,Station C
106,East Davidfort,31.9,60,9.1,2025-02-01,Station A
107,New Alexis,7.3,40,2.1,2024-05-12,Station A
108,South Gregory,28.0,96,16.9,2024-11-25,Station C
109,Juliafort,20.4,14,12.8,2024-08-19,Station A
110,Port Jillton,31.3,100,13.5,2024-10-06,Station A
111,West Hannah,-7.4,69,10.2,2024-09-16,Station C
112,Susantown,4.1,57,4.0,2024-11-04,Station C
113,North Tara,17.2,56,11.9,2025-01-17,Station C
114,East Rebecca,30.4,38,18.4,2024-03-05,Station A
115,Wolffort,20.8,84,7.5,2024-08-13,Station A
116,Eddieshire,3.8,51,17.9,2024-11-29,Station C
117,Port Donald,11.1,43,2.6,2025-01-31,Station B
118,Hornefort,14.4,55,11.4,2024-12-20,Station C
119,North Stephanieside,-0.0,26,19.2,2024-12-09,Station A
120,West Crystal,33.5,32,1.5,2024-04-15,Station B
121,New Maria,21.3,24,3.6,2024-04-12,Station B
122,Lake Bryanview,-6.6,71,3.4,2024-12-01,Station A
123,West Sara,3.7,83,17.3,2024-10-23,Station C
124,Mcculloughfort,12.0,74,2.6,2024-10-21,Station B
125,East Victorside,39.9,26,7.7,2024-11-22,Station A
126,East Albert,19.3,10,8.0,2024-04-13,Station C
127,Joshuaborough,37.1,78,15.1,2024-08-27,Station B
128,West Terri,25.2,50,0.7,2024-04-15,Station C
129,Desireeview,-7.1,84,8.6,2024-08-23,Station C
130,North Ryanville,38.6,15,15.0,2024-04-25,Station C
131,West Amber,30.9,45,0.5,2024-08-13,Station C
132,Guerreroville,-5.7,24,18.8,2024-05-17,Station B
133,East Patricia,10.3,65,14.9,2024-06-30,Station A
134,East Lorrainebury,24.4,23,12.6,2024-04-12,Station A
135,Larahaven,32.6,30,7.4,2024-11-27,Station C
136,Ronaldton,-7.7,28,16.9,2024-08-04,Station A
137,Ramirezhaven,4.9,77,16.3,2024-08-12,Station A
138,East Johnbury,4.6,55,4.1,2024-02-15,Station C
139,Alvarezberg,18.4,33,14.0,2024-09-06,Station C
