report_id,city,temperature,humidity,wind_speed,report_date,weather_station
1,Aliciamouth,24.2,35,9.4,2024-06-20,Station B
2,Willismouth,34.2,63,12.1,2024-11-05,Station C
3,South Kathymouth,32.0,39,5.4,2024-06-01,Station A
4,Tinashire,30.8,28,15.2,2024-03-23,Station A
5,Port Elizabethmouth,25.7,78,10.1,2024-06-10,Station B
6,Scottberg,31.9,48,6.8,2024-12-21,Station C
7,Michaelborough,10.0,29,3.6,2024-12-02,Station A
8,Williamsport,-6.9,50,8.8,2024-09-14,Station B
9,Lake Edwardland,30.3,94,17.6,2024-10-15,Station B
10,Burnston,-8.5,94,7.9,2025-01-18,Station A
11,Dunntown,4.1,28,10.4,2024-11-10,Station B
12,North Wesleybury,24.6,62,6.9,2025-02-04,Station C
13,Mariaberg,-6.6,68,16.4,2024-11-11,Station A
14,Rickymouth,20.9,65,13.9,2025-01-30,Station A
15,Port Patrickside,34.5,85,0.8,2024-12-29,Station C
16,East Rhondashire,30.5,47,19.3,2024-06-19,Station B
17,West Adamport,10.4,71,13.6,2024-08-10,Station B
18,West Denise,19.6,77,10.6,2025-01-08,Station B
19,East Dariusfort,-6.7,12,9.5,2024-07-13,Station B
20,New Olivia,23.4,25,5.0,2024-06-18,Station B
21,West Charlestown,33.5,87,3.5,2025-01-02,Station A
22,Vanessamouth,23.4,58,1.5,2024-04-17,Station C
23,Christopherborough,26.6,70,5.2,2024-06-25,Station A
24,Lake Sheila,0.1,74,0.5,2024-11-18,Station A
25,Shawnville,5.1,42,14.8,2024-11-03,Station B
26,Barneschester,39.4,29,1.3,2024-08-24,Station A
27,East Williamfort,39.6,93,3.1,2024-08-10,Station C
28,Gabrielhaven,12.4,37,13.9,2024-10-13,Station C
29,New Erika,22.4,97,12.7,2024-12-16,Station C
30,Barrettview,31.7,36,8.0,2024-05-29,Station C
31,East Larrybury,9.7,60,9.8,2024-04-30,Station A
32,Monicaview,8.4,28,18.7,2025-01-06,Station B
33,Williamschester,-3.8,49,16.1,2025-01-21,Station A
34,Jenniferstad,19.2,72,14.0,2024-03-12,Station A
35,Port Susanside,39.7,45,12.3,2024-04-05,Station A
36,Lake Kimberly,-4.8,99,0.3,2024-10-09,Station B
37,Thomasborough,34.2,56,12.8,2025-01-15,Station C
38,Port Robert,-1.5,63,6.1,2024-09-11,Station C
39,New Anthony,-5.2,48,12.9,2024-07-04,Station A
40,West Johnfurt,27.8,55,0.8,2024-08-18,Station C
41,Port Debbie,24.1,89,4.2,2024-11-06,Station C
42,West Darryl,31.0,85,3.6,2024-10-05,Station B
43,Susanmouth,20.5,75,5.9,2024-04-20,Station C
44,Kathleenton,38.6,49,18.8,2024-11-22,Station C
45,Patrickborough,23.3,25,10.8,2024-06-24,Station A
46,Danaport,24.6,22,14.5,2024-06-24,Station C
47,South Nicholas,13.5,95,3.2,2024-06-08,Station C
48,West Marissa,3.2,33,5.1,2024-10-01,Station C
49,Lake Angela,40.0,99,10.0,2024-09-12,Station C
50,Smithshire,3.5,26,7.4,2024-06-07,Station A
51,Coxbury,-4.8,69,16.4,2024-11-19,Station C
52,Ronaldtown,1.7,29,17.2,2024-06-27,Station C
53,South Linda,30.7,52,7.7,2025-01-31,Station B
54,New Daniel,5.8,32,7.6,2025-02-06,Station C
55,Lake Jeffreyburgh,0.2,94,9.9,2024-12-19,Station A
56,Maryport,39.3,77,14.1,2025-01-09,Station C
57,Tylermouth,25.8,91,2.1,2024-04-25,Station A
58,Lake Lauren,-3.5,73,4.9,2025-01-25,Station C
59,New Austinton,7.0,36,19.5,2024-10-07,Station A
60,West Lindsay,23.7,17,16.7,2024-04-16,Station C
61,South Josephbury,9.4,99,17.8,2024-04-13,Station A
62,Matthewmouth,31.9,34,2.6,2024-06-16,Station A
63,Monicaberg,-8.9,65,15.4,2024-07-02,Station C
64,New Russell,26.6,54,12.3,2024-07-15,Station A
65,South Bethland,34.9,41,3.1,2024-08-07,Station C
66,Hawkinsstad,-6.5,83,8.1,2025-01-20,Station C
67,East Jason,35.5,39,12.8,2024-05-10,Station C
68,Johnsonstad,32.1,81,17.0,2024-07-03,Station A
69,Michaelburgh,0.3,16,0.5,2024-10-30,Station B
70,Bethanyland,-6.7,68,12.0,2024-04-08,Station A
71,Patelbury,26.8,71,17.2,2024-04-21,Station A
72,North Jasonshire,-8.6,73,6.0,2024-05-27,Station C
73,Rebeccaport,-5.9,73,9.1,2024-04-06,Station A
74,West Shawnberg,29.8,24,6.5,2024-08-08,Station C
75,Walkerhaven,-5.0,69,2.8,2024-02-25,Station A
76,South Shannon,22.8,59,17.7,2024-06-02,Station A
77,South Josephhaven,12.5,43,16.0,2024-05-11,Station B
78,North Cynthiaside,39.0,21,18.8,2025-01-27,Station B
79,Coxberg,9.4,22,11.1,2024-10-10,Station C
80,Alvarezfurt,10.8,74,3.9,2024-05-05,Station A
81,North Michael,-8.6,70,0.2,2024-07-08,Station C
82,Shannonhaven,-1.7,22,13.3,2024-03-01,Station A
83,Michaelborough,20.5,32,7.1,2024-02-12,Station C
84,Grahamfort,9.7,95,9.5,2024-07-16,Station B
85,South Amy,-1.3,79,7.2,2024-12-11,Station A
86,East Gregory,-9.3,78,14.2,2025-01-02,Station B
87,Browntown,35.3,97,6.4,2024-02-13,Station C
88,South Kathryn,25.0,57,3.2,2024-03-01,Station C
89,Lake Jessica,19.6,27,1.3,2024-05-21,Station B
90,Coffeybury,31.3,80,9.1,2024-03-01,Station C
91,Jennifermouth,-1.4,34,18.6,2024-11-02,Station A
92,New Steven,-6.8,74,10.3,2024-11-05,Station A
93,East Donaldville,31.5,49,13.0,2024-09-22,Station B
94,Danielmouth,24.5,32,0.1,2024-10-31,Station A
95,Hamiltonfurt,5.8,72,9.8,2024-04-07,Station A
96,North Edwintown,9.5,64,7.9,2024-08-03,Station B
97,Millsborough,-4.3,62,4.1,2024-11-16,Station A
98,South Matthewview,39.2,33,3.1,2024-06-11,Station C
99,Randolphton,37.2,96,5.3,2024-04-19,Station B
100,Dawnport,15.6,100,6.4,2024-09-07,Station A
101,South Elizabeth,5.1,99,4.0,2024-08-15,Station C
102,Hoganhaven,21.5,92,10.2,2024-07-10,Station B
103,East Mistyshire,39.2,68,15.6,2024-06-26,Station C
104,East Vanessafort,0.2,24,3.4,2024-06-22,Station C
105,Port Catherinestad,15.0,38,10.2,2025-01-31,Station C
106,Angelaborough,11.9,78,8.2,2025-01-24,Station A
107,North Richardstad,-9.9,26,4.4,2024-10-20,Station C
108,South Marissa,-1.0,86,6.1,2024-07-27,Station B
109,East Courtney,16.1,88,19.1,2024-09-08,Station C
110,Caitlynchester,12.4,26,7.2,2024-08-27,Station C
111,Johnsonborough,25.2,45,2.0,2024-06-08,Station A
112,Glennstad,27.8,16,0.6,2025-01-10,Station B
113,Grantbury,23.2,27,19.0,2024-11-12,Station C
114,North Richard,39.3,24,8.0,2024-09-18,Station B
115,Franciscohaven,33.4,63,3.5,2024-12-19,Station A
116,Port Georgefort,31.2,16,1.0,2024-07-28,Station A
117,Cruzchester,6.2,89,3.1,2024-12-23,Station A
118,East Briannachester,25.1,67,15.5,2024-07-24,Station B
119,South Sabrina,10.5,46,3.9,2024-02-26,Station A
120,Robertburgh,39.1,94,9.6,2024-07-04,Station A
121,South Vincentberg,18.7,43,6.7,2024-12-10,Station A
122,Baileyfort,37.7,16,18.1,2024-05-16,Station C
123,Williamsmouth,21.3,10,1.9,2024-02-29,Station B
124,Lauraborough,8.3,83,12.3,2024-05-09,Station B
125,South Randybury,31.5,44,13.1,2024-11-05,Station C
126,Montgomeryland,35.4,60,12.8,2024-04-06,Station C
127,Alisonhaven,3.7,52,11.1,2024-06-16,Station A
128,Riveraport,-2.5,90,3.5,2024-07-28,Station B
129,Jonesstad,35.6,53,4.4,2025-02-02,Station A
130,East Mario,11.6,69,14.6,2024-09-16,Station B
131,Abbottfurt,-6.9,16,19.5,2024-06-05,Station C
132,Hawkinshaven,15.4,28,7.9,2025-01-07,Station C
133,Chaveztown,15.0,29,10.2,2024-05-25,Station B
134,West Kimberly,16.0,37,5.6,2025-01-16,Station A
135,West Joseph,25.9,88,3.7,2024-09-17,Station A
136,Lake Jon,2.4,93,10.6,2024-10-21,Station C
137,Port Johnathan,-1.5,47,5.4,2024-10-18,Station C
138,Jacksonhaven,22.9,60,0.4,2024-10-06,Station C
139,West Shelly,29.1,14,10.7,2024-09-27,Station B
140,East Danielle,12.7,96,0.2,2025-02-08,Station A
141,South Toniton,38.8,44,17.0,2024-08-22,Station A
142,Kathytown,3.1,11,5.3,2024-08-17,Station C
143,Lake Darrylview,-1.3,63,10.1,2024-08-30,Station A
144,Ryanville,5.8,17,11.2,2024-04-22,Station B
145,Karenside,35.5,97,11.5,2024-09-16,Station C
146,East Scottberg,34.7,23,9.3,2024-05-05,Station C
147,West Lauraburgh,30.9,50,19.9,2024-10-31,Station A
148,Derrickmouth,28.0,14,14.7,2024-12-03,Station A
149,North Brenttown,23.6,20,2.7,2025-02-08,Station B
150,Port Patrickshire,8.0,48,0.9,2024-07-13,Station A
151,East Juliebury,-8.2,19,13.4,2024-03-21,Station A
152,Nelsontown,34.3,64,2.3,2024-05-18,Station C
153,Lake Meredithhaven,6.2,79,13.3,2024-04-28,Station B
154,North Jacquelinemouth,30.3,31,8.8,2024-10-13,Station A
155,Ryanhaven,25.9,35,17.3,2024-09-30,Station B
156,New Andrea,5.3,61,10.3,2024-04-20,Station A
157,Alexisview,-7.4,98,8.8,2024-09-18,Station A
158,Henryberg,-2.5,99,12.6,2024-08-29,Station C
159,Melendezville,33.5,46,12.9,2024-09-08,Station C
160,South Alanview,13.4,25,14.9,2024-07-18,Station C
161,South Anthonychester,19.4,11,16.5,2024-09-21,Station A
162,Wilsonton,36.1,23,12.0,2024-07-31,Station B
163,Chloeville,37.1,18,4.2,2025-02-04,Station B
164,South Joe,-8.1,24,5.8,2024-05-29,Station A
165,Lake Williamtown,7.6,88,16.8,2024-07-03,Station C
166,Spencertown,36.3,40,17.0,2024-04-14,Station B
167,Saraport,38.7,62,13.1,2024-11-27,Station A
168,Sydneyberg,13.2,68,13.7,2025-02-06,Station A
169,Lisabury,-1.4,64,2.2,2024-05-11,Station C
170,Port Sharonhaven,20.9,63,19.8,2024-05-10,Station C
171,North Elizabethchester,8.9,34,14.8,2024-12-01,Station B
172,Lake Cynthiachester,27.1,43,3.8,2024-12-06,Station A
173,Adamsport,24.4,85,17.3,2024-05-09,Station A
174,South Emily,23.6,38,15.1,2024-07-11,Station B
175,Lake Mariaside,20.4,11,1.7,2024-03-11,Station A
176,Lake Laura,32.5,58,3.3,2024-10-30,Station A
177,Crosbyland,1.5,26,5.3,2024-02-29,Station A
178,Drewville,13.3,55,0.3,2024-04-21,Station A
179,Ramirezport,15.5,23,6.6,2024-08-12,Station C
180,East Heather,11.6,27,5.6,2025-01-20,Station C
181,Hineston,31.6,20,9.8,2024-12-09,Station B
182,West Danielmouth,24.7,14,16.4,2024-04-25,Station B
183,North Christopher,-7.5,18,13.8,2024-10-02,Station C
184,Savagechester,-8.1,74,3.7,2024-11-20,Station A
185,East Rossfurt,-8.9,72,11.7,2025-01-13,Station B
186,Tracyfort,-0.9,77,9.9,2024-03-19,Station B
187,Port Rick,-5.5,55,10.7,2024-06-10,Station B
188,Kingview,30.6,33,18.7,2024-11-23,Station C
189,Port Patriciaberg,14.9,74,13.8,2024-07-04,Station B
190,Williamschester,3.0,12,6.0,2024-04-24,Station C
191,Lindaland,1.9,72,14.9,2024-06-12,Station A
192,New George,29.8,10,7.7,2024-02-29,Station B
193,Brookechester,1.0,13,1.0,2024-04-17,Station A
194,East Randallland,20.5,70,4.2,2024-03-07,Station B
195,Lake Michael,7.6,19,10.4,2024-10-19,Station A
