report_id,city,temperature,humidity,wind_speed,report_date,weather_station
1,Luisborough,-4.0,83,8.6,2024-07-11,Station B
2,South John,32.0,47,15.2,2025-02-09,Station B
3,Smithville,28.9,45,16.5,2024-08-24,Station B
4,West Victor,30.1,10,13.8,2025-01-17,Station A
5,Nathanchester,31.3,43,1.0,2024-11-23,Station A
6,Lake Justinville,22.0,97,0.3,2024-02-20,Station A
7,East Kaitlyn,2.2,73,9.2,2024-05-27,Station A
8,East Matthew,-1.9,89,7.5,2024-06-25,Station C
9,Janetfurt,37.5,62,8.9,2025-02-01,Station A
10,Fraziermouth,-9.5,39,3.8,2025-01-20,Station C
11,Fischerberg,-2.9,62,16.5,2024-11-26,Station C
12,Rogersburgh,-4.9,11,4.9,2025-01-21,Station B
13,West Christine,1.0,55,10.3,2024-12-05,Station B
14,Baileyton,32.4,59,6.7,2024-06-11,Station C
15,New Kyliefort,-5.3,71,11.6,2024-08-02,Station B
16,West Richard,-4.7,80,19.8,2024-03-18,Station C
17,Port Melissaville,-9.5,30,9.5,2024-12-16,Station C
18,New Gregorychester,19.1,95,12.8,2024-12-17,Station C
19,Port Bethside,1.7,87,13.8,2024-05-31,Station A
20,New Robert,13.4,44,7.7,2025-02-11,Station A
21,Sanchezburgh,31.7,80,12.4,2024-07-19,Station C
22,Lake Julianshire,8.5,13,16.0,2024-11-06,Station C
23,Stacyshire,6.7,71,19.0,2024-08-25,Station B
24,South Tanya,37.5,50,6.5,2024-06-21,Station A
25,Crystalbury,-5.0,28,5.1,2024-11-13,Station A
26,East Shawn,28.9,52,18.6,2024-12-08,Station A
27,Campbellmouth,6.8,100,15.9,2024-12-28,Station A
28,Markside,20.5,75,19.5,2024-08-13,Station C
29,Thompsonstad,9.5,93,15.6,2024-11-20,Station A
30,West Angelamouth,35.5,85,10.0,2024-06-06,Station A
31,New Nicholas,8.8,82,4.0,2024-06-25,Station A
32,New Tinashire,-1.0,23,4.3,2024-06-02,Station B
33,Baldwinside,-7.0,69,14.1,2024-05-11,Station C
34,Hensonport,34.0,26,3.3,2024-11-20,Station C
35,West Charlesside,-9.3,18,19.7,2024-10-13,Station C
36,Arthurfort,12.1,77,14.5,2024-09-17,Station B
37,South Jeremy,26.2,70,13.5,2024-11-01,Station A
38,Catherineville,-2.7,11,1.4,2024-08-21,Station A
39,Lake Amandachester,24.9,87,1.4,2025-01-28,Station C
40,Lake Joelshire,12.9,55,16.9,2024-11-14,Station A
41,Christinafort,22.8,63,17.3,2024-04-14,Station C
42,West Tommyview,-5.9,74,7.5,2024-11-25,Station A
43,Angelaport,36.4,65,19.0,2024-04-05,Station A
44,Ashleyfort,-9.6,52,7.0,2024-09-23,Station C
45,North William,-8.6,79,17.4,2025-01-11,Station A
46,Dawsonfort,2.7,88,13.3,2024-07-23,Station C
47,Angelaton,22.9,22,19.7,2024-08-31,Station C
48,West Andrewside,35.3,53,12.2,2024-05-30,Station B
49,Johnsonhaven,13.7,47,7.7,2024-10-20,Station C
50,Lake Melvin,14.6,64,14.1,2024-10-27,Station A
51,Christinahaven,29.6,96,15.2,2024-06-10,Station B
52,Ericborough,35.5,47,0.8,2024-06-26,Station C
53,Lake Wendyborough,15.8,54,8.4,2024-09-11,Station A
54,Brendanshire,5.0,80,19.7,2024-09-24,Station A
55,Kellyside,30.6,86,12.9,2024-08-09,Station B
56,East Charles,32.9,35,12.3,2024-11-24,Station A
57,Dixonstad,25.4,33,12.3,2025-01-05,Station A
58,Kennethport,22.2,19,11.6,2024-06-13,Station B
59,West Sherry,12.5,14,13.0,2024-02-23,Station A
60,Kelleyview,5.3,88,12.0,2024-10-29,Station A
61,Jacksonchester,17.1,57,16.3,2024-10-14,Station B
62,Port Tiffanyhaven,7.2,34,15.8,2025-01-05,Station B
63,Kaylashire,9.7,33,17.5,2024-10-31,Station A
64,West Christopher,9.2,84,19.9,2024-06-20,Station A
65,Munozbury,27.3,99,2.5,2024-10-29,Station A
66,Port Sherry,26.6,18,9.9,2024-05-04,Station A
67,Maysmouth,-8.4,58,19.1,2024-06-26,Station B
68,East Justinside,4.9,18,11.4,2024-07-14,Station B
69,West Rachelhaven,9.6,95,6.3,2024-03-12,Station C
70,New Thomasfort,-6.4,22,16.0,2024-12-19,Station A
71,Williamchester,14.9,67,11.9,2024-09-09,Station C
72,North Jeremyton,38.6,52,12.8,2024-12-04,Station A
73,Jonesbury,-7.3,52,7.3,2024-05-04,Station A
74,Paulland,15.3,77,17.2,2024-09-06,Station C
75,New Lindsey,0.7,71,13.2,2024-05-02,Station C
76,Kellyville,6.9,82,3.4,2024-03-09,Station C
77,Lanemouth,28.3,98,14.3,2024-06-03,Station A
78,Lake Josephville,14.0,45,9.6,2024-05-24,Station C
79,Fritzville,23.3,99,4.7,2024-03-11,Station A
80,Mercedestown,25.0,86,14.7,2024-06-06,Station C
81,West Deborahport,-2.1,22,13.6,2024-07-17,Station B
82,Matthewborough,35.4,59,12.0,2024-08-20,Station B
83,Lake Jacob,38.7,32,6.2,2024-03-28,Station C
84,New Sharonton,20.4,50,16.1,2024-07-24,Station B
85,North Christopher,9.6,87,4.3,2024-11-03,Station C
86,Hoffmanton,28.2,69,8.1,2024-09-07,Station B
87,North Erinburgh,-7.1,21,4.5,2024-05-26,Station A
88,Johnfurt,26.7,69,18.4,2024-12-25,Station A
89,Larrytown,-1.9,79,0.2,2024-12-13,Station C
90,Lake Kathleenbury,11.8,87,16.2,2024-07-21,Station A
91,Gonzalesstad,15.6,10,19.4,2024-03-27,Station C
92,East Jimmy,-8.5,41,6.5,2024-03-24,Station C
93,Smallmouth,23.5,73,15.7,2024-07-11,Station C
94,Lake Paigeton,27.6,80,18.3,2024-05-09,Station B
95,Hollowayview,21.4,62,14.0,2024-07-23,Station A
96,New Matthewstad,6.1,94,13.9,2024-10-10,Station A
97,Port Marissatown,19.1,30,7.9,2024-02-28,Station B
98,Mariafurt,33.5,30,6.7,2024-07-18,Station C
99,West Gloriaberg,27.5,29,11.0,2024-08-09,Station A
100,East Justinborough,28.5,35,13.0,2024-07-13,Station A
101,Lake Christianmouth,18.7,97,17.8,2024-09-05,Station B
102,Baileyton,5.4,13,4.5,2024-08-04,Station A
103,South Michelehaven,6.6,96,16.7,2024-12-21,Station A
104,West Guystad,-8.0,91,10.1,2024-07-15,Station C
105,Keithburgh,11.1,85,8.4,2025-01-31,Station C
106,New Dwayne,31.0,36,16.0,2024-03-12,Station A
107,Angelaburgh,1.4,67,2.4,2024-06-18,Station B
108,North Marcus,-0.8,76,12.4,2024-12-25,Station B
109,Owensland,-7.3,100,11.4,2024-03-11,Station A
110,Howemouth,30.6,19,17.1,2025-02-02,Station B
111,Millerberg,7.8,46,2.7,2024-11-16,Station B
112,Thomaschester,18.0,56,8.1,2024-11-06,Station C
113,Lake Carrieview,39.2,29,3.7,2024-05-04,Station C
114,East Scottshire,7.6,26,9.3,2024-09-18,Station C
115,South Julietown,35.7,74,15.9,2025-02-09,Station B
116,Joshuahaven,22.7,21,4.5,2024-04-03,Station B
117,Coxshire,35.3,64,1.9,2024-11-22,Station C
118,Tonyview,11.6,75,17.0,2024-12-29,Station A
119,East Nicholasmouth,21.0,32,3.6,2024-08-02,Station C
120,North Carolynshire,32.8,64,4.1,2024-05-26,Station A
121,West Joseph,2.5,27,16.1,2024-03-14,Station A
122,North David,-9.8,51,14.6,2025-01-13,Station B
123,North Briannafort,17.9,73,12.4,2024-10-15,Station C
124,Port Scottfort,20.1,20,19.1,2024-04-03,Station C
125,Michelleside,11.6,92,9.3,2024-09-08,Station A
126,Susanberg,29.9,34,6.6,2024-09-14,Station A
127,Kaufmanfurt,26.5,86,1.8,2024-03-28,Station B
128,New Sarahville,3.0,83,1.3,2024-10-15,Station B
129,Lake Rebecca,2.6,77,12.2,2024-07-21,Station B
130,North Tammie,3.2,15,6.0,2024-08-26,Station C
131,South Eileen,-2.0,87,9.3,2024-12-16,Station B
132,Josephchester,2.0,10,15.9,2024-12-24,Station A
133,Russelltown,25.7,21,9.1,2024-06-07,Station A
134,East Jenniferfort,5.7,67,18.0,2024-09-24,Station A
135,Zacharytown,23.0,20,3.3,2024-12-05,Station A
136,West Rhondabury,3.8,90,7.3,2024-08-27,Station C
137,Port Christy,40.0,89,2.9,2024-05-09,Station C
138,Port Kaitlyn,36.9,63,1.6,2025-01-15,Station B
139,Jacksonport,31.1,46,5.7,2024-05-01,Station A
140,South Marie,20.7,22,15.9,2024-06-06,Station B
141,Josephchester,-1.6,42,11.6,2024-06-10,Station A
142,Williamburgh,16.4,77,2.9,2024-07-28,Station C
143,Port Nancyport,28.6,50,10.8,2024-03-21,Station C
144,East Dalton,4.3,80,5.0,2024-07-26,Station C
145,Lake Johnfort,30.1,72,6.6,2025-02-09,Station B
146,South Madelinetown,2.1,39,2.3,2024-12-08,Station A
147,Nelsonchester,30.6,89,9.2,2024-05-13,Station C
148,Blaketown,30.8,65,0.6,2024-04-20,Station B
149,West Donnamouth,20.6,41,0.3,2024-11-27,Station C
150,Whitakerland,8.6,17,16.9,2024-12-10,Station A
151,Ashleyville,39.5,47,3.4,2024-11-02,Station C
152,Brianabury,34.0,47,13.1,2024-12-23,Station C
153,Lake Elizabethstad,32.8,35,15.6,2024-10-22,Station B
154,West Kimberly,-8.2,82,15.1,2024-06-21,Station C
155,South Madelinemouth,14.2,78,11.0,2024-04-08,Station C
156,Pamelaview,20.5,54,18.0,2024-10-27,Station B
157,Ellisfurt,39.3,81,8.6,2024-10-05,Station B
158,Timothyville,20.8,50,19.0,2024-04-03,Station B
159,Scottburgh,-2.0,19,3.4,2024-11-18,Station A
