report_id,city,temperature,humidity,wind_speed,report_date,weather_station
1,Reedberg,2.0,43,6.7,2025-01-13,Station A
2,Jeffreymouth,5.9,89,3.6,2025-02-10,Station C
3,West Rebecca,32.0,78,5.4,2025-02-07,Station A
4,New Peterton,-5.2,95,5.5,2024-09-17,Station B
5,Campbellmouth,0.3,91,14.8,2024-05-28,Station A
6,South Andreaville,19.1,29,14.8,2024-12-21,Station C
7,Smithshire,36.6,47,6.8,2024-11-14,Station B
8,North Mark,-1.9,22,8.0,2024-10-17,Station B
9,Jasonberg,18.0,24,13.9,2024-08-24,Station C
10,Matthewshire,2.4,69,1.8,2024-08-15,Station A
11,Austinchester,-8.9,94,3.0,2024-12-15,Station C
12,West Katherine,-1.8,52,18.8,2024-03-31,Station C
13,Edgarmouth,36.1,70,9.9,2024-07-13,Station C
14,West Janice,-0.9,33,8.7,2024-07-23,Station A
15,Rogerschester,16.4,84,13.1,2024-10-11,Station C
16,South Meghanberg,-1.8,74,7.0,2024-07-24,Station C
17,East Amanda,26.2,12,17.1,2024-04-01,Station C
18,Dodsonstad,22.5,62,11.4,2024-08-19,Station B
19,North Sarahberg,11.8,39,12.7,2024-05-04,Station A
20,New Dustinville,23.0,39,4.1,2024-09-07,Station A
21,East Vanessamouth,34.8,54,13.0,2024-12-13,Station A
22,West Jeffreyfurt,40.0,41,17.1,2024-06-10,Station A
23,Prattville,-2.3,93,3.0,2024-07-14,Station A
24,Smithshire,21.6,87,14.9,2024-02-23,Station B
25,Cherylshire,-7.3,25,3.8,2024-10-06,Station B
26,Danielshire,-7.8,93,18.4,2024-09-18,Station C
27,Port David,27.0,66,10.8,2024-03-15,Station C
28,South Thomasland,4.3,52,10.9,2024-07-27,Station A
29,Shellymouth,21.9,23,4.0,2024-02-26,Station A
30,West Sara,23.6,46,5.1,2024-08-13,Station A
31,Port Eric,27.4,42,13.1,2024-03-08,Station C
32,Brownview,31.6,34,19.1,2024-10-18,Station C
33,Murphyborough,38.1,26,0.0,2024-11-03,Station A
34,Arroyoview,14.6,75,14.7,2024-07-23,Station C
35,New Erica,2.7,33,15.6,2025-02-11,Station A
36,Loganshire,-3.2,43,2.0,2024-05-02,Station B
37,New Ericaton,-0.4,52,6.8,2024-08-02,Station B
38,Andrewmouth,24.7,59,15.4,2024-06-25,Station B
39,Kingstad,-3.9,76,2.0,2024-06-30,Station C
40,South Alexander,17.2,60,11.5,2024-10-12,Station C
41,New Davidmouth,37.6,49,4.2,2024-03-16,Station A
42,Guerreroport,-1.1,25,2.2,2024-06-27,Station B
43,East Ryanhaven,32.0,14,19.4,2024-07-08,Station C
44,North Johnview,-5.7,92,19.3,2024-12-12,Station A
45,Juarezchester,-8.5,60,3.0,2025-01-11,Station C
46,East Markport,30.4,82,15.8,2025-01-18,Station B
47,West Gordonchester,-6.2,70,1.3,2024-06-30,Station C
48,South Katherineborough,29.4,72,18.2,2024-10-30,Station B
49,Kathleenchester,24.3,69,17.5,2024-02-19,Station A
50,Kylemouth,6.7,48,18.2,2024-02-29,Station A
51,Acostashire,38.2,13,6.1,2024-10-25,Station C
52,South Robertbury,-8.2,100,9.2,2024-03-14,Station C
53,Richardsburgh,38.5,46,16.6,2024-02-27,Station A
54,Smithton,33.8,86,0.0,2024-11-05,Station C
55,Joshuaside,24.0,73,7.0,2024-12-24,Station B
56,Gillton,12.7,99,11.7,2024-05-10,Station A
57,Woodsside,-4.3,25,7.0,2024-05-27,Station C
58,Lake Troy,28.3,17,1.1,2025-02-11,Station C
59,North Elizabeth,37.3,44,12.1,2024-05-25,Station C
60,New Annberg,38.7,82,11.9,2024-05-10,Station B
61,New Darleneport,17.8,26,12.9,2024-12-23,Station C
62,North Pamela,32.1,75,3.3,2024-05-26,Station B
63,Lake Eric,-2.8,36,17.7,2024-06-21,Station C
64,Leahstad,20.7,47,17.8,2024-06-27,Station C
65,Careyville,7.0,43,3.5,2024-04-04,Station C
66,Charlesville,13.2,97,10.8,2024-04-09,Station A
67,Thomaschester,-3.4,88,5.4,2025-01-27,Station A
68,Cruzhaven,-7.6,18,4.4,2024-03-30,Station A
69,South Danielview,-9.8,36,7.8,2024-05-27,Station B
70,North Christina,-2.1,44,19.8,2024-07-28,Station A
71,Port Denise,36.9,86,2.5,2024-09-28,Station A
72,New Keithview,16.6,50,13.6,2024-09-04,Station A
73,West Chadshire,38.3,47,0.6,2024-10-10,Station C
74,Adkinsfort,30.0,86,3.9,2024-05-02,Station C
75,Simonview,7.1,97,13.6,2025-02-10,Station A
76,Port Kathrynbury,-4.9,30,12.9,2025-01-30,Station A
77,Cohenmouth,4.0,19,15.3,2024-12-07,Station A
78,Lake Kristin,3.0,70,14.9,2024-12-16,Station A
79,North Rogerberg,17.6,38,17.5,2024-04-07,Station B
80,Taylormouth,-7.6,24,13.2,2025-01-21,Station B
81,Lake Jennifer,28.4,34,12.2,2024-02-23,Station B
82,Port Andrea,29.1,94,3.3,2024-12-21,Station C
83,North Loriside,-7.3,84,6.4,2024-08-24,Station B
84,Port Jessica,18.5,60,12.9,2024-08-14,Station A
85,West Lisa,0.7,53,12.8,2024-12-17,Station A
86,Gomezland,16.6,17,12.2,2024-11-26,Station B
87,South Tonyafort,32.3,85,18.7,2024-09-02,Station C
88,Paulville,-4.0,19,3.7,2024-05-28,Station A
89,Novakhaven,37.9,70,19.4,2024-02-17,Station A
90,Michaelton,16.9,79,1.7,2024-06-03,Station B
91,Farmerland,-4.4,52,11.6,2024-06-21,Station A
92,Charlesport,-3.8,14,0.5,2024-04-23,Station B
93,Holmesmouth,14.1,93,3.8,2024-11-19,Station B
94,Port Johnton,-4.6,39,11.4,2024-09-25,Station C
95,Rebekahfurt,36.1,37,3.2,2024-05-18,Station C
96,Paulview,-0.8,64,13.9,2024-03-07,Station A
97,North Lindsayburgh,16.1,86,19.5,2024-10-27,Station B
98,Port Juan,26.9,30,3.2,2025-01-27,Station C
99,Port Michelleton,39.1,89,2.8,2024-04-24,Station C
100,Humphreybury,-3.0,30,18.6,2024-05-04,Station C
101,Garciaburgh,-8.3,75,7.7,2024-03-12,Station B
102,Payneborough,-1.9,24,15.3,2024-09-25,Station C
103,South Ian,-9.3,68,5.6,2024-07-30,Station A
104,Davidland,16.9,36,10.8,2024-12-13,Station C
105,Laurenberg,0.7,89,19.7,2025-01-20,Station B
106,Kennethside,20.4,24,5.0,2024-06-26,Station C
107,West Alexander,18.3,34,15.6,2024-08-23,Station A
108,Reyesshire,2.8,23,14.2,2024-06-04,Station B
109,North Sierrahaven,36.1,44,2.9,2024-03-12,Station B
110,Madisonbury,38.6,19,5.3,2024-11-03,Station B
111,Perezbury,22.3,92,9.8,2024-08-11,Station C
112,West Micheleberg,31.0,71,15.4,2025-01-20,Station B
113,New Aprilfurt,-6.9,11,16.2,2024-08-07,Station A
114,North Andrewport,-5.4,63,16.2,2024-03-09,Station C
115,Nicoleberg,38.5,93,11.8,2024-06-02,Station C
116,Miguelmouth,-0.4,72,16.0,2024-12-12,Station B
117,Lake Jeffrey,7.1,33,18.1,2024-08-12,Station B
118,Clarkmouth,-9.4,46,18.4,2024-12-16,Station C
119,Marioshire,16.1,89,18.0,2024-10-16,Station C
120,East Josephberg,-4.9,99,7.9,2024-06-23,Station A
121,Gabrielmouth,-6.0,47,16.9,2024-12-27,Station B
122,New Gregory,31.0,89,0.0,2024-02-27,Station C
123,West Lisa,20.9,36,16.2,2024-03-27,Station B
124,New Haroldberg,18.7,28,2.6,2024-03-01,Station A
125,North Joshua,39.8,42,7.7,2024-08-25,Station B
126,Justinborough,-7.8,97,10.5,2025-02-10,Station C
127,West Beverly,18.7,86,15.3,2024-07-21,Station C
128,South Scotthaven,-6.1,94,1.7,2025-01-19,Station C
129,Munozport,-4.3,71,9.4,2024-07-03,Station A
130,Samuelville,21.7,75,11.0,2024-10-19,Station C
131,Williamside,27.8,67,13.6,2024-11-28,Station B
132,Jonathanfort,14.1,36,11.2,2024-02-29,Station C
133,West Pamelaburgh,19.9,68,3.4,2024-11-25,Station A
134,Tarafurt,30.4,19,19.4,2024-05-12,Station C
135,Lake Peggy,22.1,58,1.4,2024-12-12,Station B
136,Lorrainefort,14.0,65,14.8,2025-01-28,Station C
137,East Victor,17.9,92,0.1,2024-07-12,Station A
138,Brandonberg,18.6,98,7.0,2024-03-24,Station B
139,Michelleshire,12.0,13,17.4,2024-03-10,Station B
140,South Jennifershire,-9.5,21,14.6,2024-09-06,Station B
141,Murraytown,37.4,95,19.6,2024-08-20,Station B
142,Richardmouth,13.6,92,17.4,2024-12-26,Station B
143,Martinezhaven,-9.8,36,11.4,2024-03-15,Station B
144,Harrelltown,34.7,72,4.8,2024-09-28,Station B
145,West Leahside,-4.0,41,15.0,2024-02-15,Station C
146,Michelleton,20.7,68,19.4,2024-09-16,Station A
147,Martinezport,18.5,30,3.9,2024-10-11,Station B
148,East Derrick,38.3,80,11.3,2024-07-02,Station A
149,Nathanstad,-6.3,58,6.2,2024-02-25,Station C
150,Wilsonbury,30.3,69,18.8,2024-08-12,Station B
151,Andrewsshire,10.8,82,5.9,2024-10-02,Station A
