report_id,city,temperature,humidity,wind_speed,report_date,weather_station
1,Lake Edward,39.4,51,1.2,2024-09-01,Station A
2,Henryberg,6.8,68,3.7,2024-06-18,Station C
3,Patrickville,-9.3,48,10.5,2024-02-27,Station A
4,South Jessicamouth,20.3,92,11.3,2024-07-09,Station B
5,Lake Ryan,20.5,55,8.8,2024-09-05,Station B
6,Holmesport,10.3,32,0.4,2024-07-11,Station A
7,Brownborough,14.1,33,10.7,2024-05-09,Station A
8,New Markmouth,10.0,38,17.6,2024-11-01,Station B
9,New Lisa,32.4,61,19.8,2024-07-31,Station A
10,Lake Jonathanbury,4.1,90,19.1,2024-05-22,Station B
11,Kochport,-1.2,17,1.7,2024-04-17,Station A
12,New Joshuafurt,2.3,61,19.2,2024-03-14,Station C
13,East Sarahmouth,0.7,47,9.0,2024-09-11,Station B
14,Port Sharonhaven,-7.3,29,9.6,2024-12-17,Station C
15,New Tamarafurt,-9.6,18,2.1,2024-10-02,Station B
16,North Andrew,-3.4,100,17.6,2024-02-24,Station C
17,New David,1.6,56,10.2,2024-08-18,Station C
18,Tammybury,10.1,29,10.5,2024-02-12,Station B
19,Brownberg,-9.8,12,5.8,2024-06-29,Station C
20,New Kimberly,-8.8,63,16.2,2024-08-23,Station C
21,Burgessfurt,14.4,24,16.8,2024-12-28,Station C
22,Rachelmouth,26.3,61,2.5,2024-10-27,Station B
23,North Jeffreyport,7.2,11,18.4,2024-09-14,Station B
24,West Kathleenshire,2.3,50,15.0,2024-04-23,Station A
25,South Aprilberg,10.5,69,19.2,2024-03-21,Station C
26,North Monica,24.0,79,1.8,2024-09-19,Station A
27,New Michelle,22.8,41,17.1,2024-10-24,Station A
28,New Angie,4.9,38,7.1,2024-06-29,Station A
29,Anthonyburgh,12.6,44,4.5,2025-01-04,Station C
30,Lake Adam,4.1,27,5.7,2024-05-29,Station A
31,West Tanner,10.9,21,15.4,2024-09-04,Station C
32,Jaredfurt,19.7,93,17.8,2024-12-17,Station C
33,East Bryanchester,16.7,16,12.9,2024-06-09,Station C
34,East Shane,12.0,100,12.6,2024-03-21,Station A
35,West Stephanieland,10.6,44,11.4,2024-07-13,Station A
36,Port Deanfurt,30.1,30,14.8,2025-01-06,Station B
37,Wolfland,5.0,81,1.4,2025-01-06,Station B
38,Harrisonburgh,38.8,27,14.4,2024-04-15,Station C
39,Jenniferbury,7.8,53,11.1,2024-03-03,Station C
40,Port Makayla,9.9,52,7.2,2024-09-01,Station B
41,East Angela,24.2,43,9.1,2024-05-12,Station B
42,New Maryfurt,5.1,48,16.4,2024-03-24,Station A
43,New Matthewport,16.0,13,2.1,2024-12-07,Station A
44,Weissmouth,4.3,81,2.1,2025-02-05,Station A
45,Suzannefort,-7.6,36,14.7,2024-11-27,Station A
46,Virginiabury,25.8,19,6.0,2024-02-12,Station B
47,Sarahborough,12.2,93,10.4,2024-09-04,Station A
48,Kellyhaven,14.2,100,9.8,2025-01-22,Station B
49,Lake Timothyborough,13.3,41,13.3,2024-06-22,Station C
50,Victoriafurt,15.4,97,5.4,2024-07-19,Station C
51,Anthonyville,-2.0,34,4.9,2024-06-02,Station A
52,New Christopherberg,4.5,94,2.8,2024-04-07,Station A
53,Michellefurt,23.7,54,15.5,2024-07-05,Station B
54,Erinstad,-3.3,58,1.3,2024-05-17,Station A
55,North Cynthiatown,-2.6,15,15.4,2024-03-08,Station B
56,Lake Danielland,26.6,50,7.1,2024-04-24,Station A
57,Robinsonshire,29.2,30,11.3,2024-07-26,Station A
58,East Susanland,32.6,88,2.4,2024-02-28,Station C
59,West Kathryn,28.6,32,8.5,2024-08-08,Station C
60,Walkermouth,-1.8,64,4.8,2024-03-01,Station C
61,Buchananview,-2.6,38,12.6,2024-10-27,Station A
62,Nicholsberg,6.9,76,4.2,2025-01-17,Station B
63,Smithburgh,23.4,53,3.5,2024-08-02,Station B
64,New Michael,24.4,95,18.1,2024-11-01,Station C
65,Bridgesberg,28.4,97,9.0,2024-02-24,Station C
66,Robertton,-6.6,14,3.9,2024-06-09,Station A
67,Brownmouth,-3.0,87,7.2,2024-12-30,Station C
68,South Tracyborough,2.7,65,14.0,2024-06-27,Station C
69,Port Jerryshire,22.8,77,3.1,2024-09-19,Station A
70,Perezshire,33.9,13,16.5,2024-03-06,Station B
71,Phelpsland,13.4,27,11.9,2024-05-29,Station A
72,Cannonborough,22.9,78,17.0,2025-01-13,Station A
73,Karafurt,38.6,24,6.6,2024-05-02,Station A
74,Whiteborough,-4.4,78,2.7,2024-03-17,Station B
75,Lake Ryan,-0.9,26,8.2,2024-12-07,Station B
76,South Brandy,15.2,29,12.4,2024-11-11,Station B
77,North Samantha,-9.8,96,6.7,2024-11-25,Station A
78,South Elizabethview,-5.4,31,8.0,2024-11-30,Station C
79,North Jenniferview,9.1,50,14.1,2024-02-16,Station A
80,Barkerport,15.1,54,13.8,2024-03-19,Station C
81,Annetteshire,1.8,49,3.3,2024-10-16,Station B
82,Maryborough,-2.9,97,8.8,2024-05-04,Station B
83,Hernandezchester,-8.6,97,0.1,2024-09-09,Station A
84,Perezshire,27.0,66,17.6,2024-07-10,Station C
85,Garciaport,31.8,47,11.7,2024-11-01,Station C
86,Lake Ronnie,15.4,76,15.5,2024-09-06,Station A
87,Port Laurafort,-7.0,43,0.8,2024-03-31,Station C
88,Port Michaelstad,-6.5,15,19.9,2024-02-19,Station C
89,Garyside,31.1,26,19.6,2024-05-19,Station C
90,East Billy,36.8,88,18.3,2024-03-14,Station B
91,North Christine,39.5,41,3.7,2024-03-31,Station A
92,Brandonstad,12.9,92,12.8,2025-01-08,Station C
93,East Marilynborough,22.2,43,10.3,2024-03-07,Station A
94,Lake Ryan,31.5,27,1.9,2025-01-01,Station A
95,Ramseyshire,37.7,21,0.1,2024-02-16,Station B
96,Jademouth,33.9,49,15.4,2024-02-13,Station B
97,Nicholshaven,35.5,48,8.3,2024-09-28,Station B
98,Benjaminburgh,25.9,76,1.1,2024-02-20,Station A
99,Lisamouth,-5.9,24,9.0,2025-01-02,Station A
100,South Jacobland,32.3,31,19.0,2025-01-13,Station A
101,Kristatown,17.5,81,18.6,2024-08-27,Station A
102,Port Mitchellland,24.1,48,17.5,2025-01-31,Station B
103,Pamelastad,8.0,37,16.1,2024-02-29,Station C
104,Rossland,38.3,29,5.7,2025-01-17,Station B
105,South Alexisberg,39.9,10,11.6,2024-02-26,Station C
106,Perryville,11.8,66,13.8,2024-10-01,Station C
107,Kelleyburgh,28.8,76,7.7,2024-06-09,Station A
108,Valdezberg,33.9,90,1.6,2024-08-27,Station C
109,Rickyland,4.1,73,11.1,2024-10-08,Station A
110,Lake Edward,15.9,44,19.5,2025-01-07,Station A
111,North Brianburgh,9.3,25,16.4,2024-05-17,Station C
112,Matthewland,36.0,20,7.3,2024-11-20,Station C
113,Burchmouth,10.4,64,17.1,2024-03-25,Station A
114,Morganchester,4.4,51,14.5,2025-01-18,Station C
115,Harrisberg,19.2,72,10.3,2024-03-12,Station B
116,Lake Thomas,4.4,56,5.5,2024-08-21,Station C
117,Lesterhaven,-7.4,61,2.9,2024-04-17,Station B
118,Barryburgh,9.3,85,8.4,2024-10-19,Station A
119,Bryanchester,36.5,87,17.4,2025-01-08,Station A
120,Port Tony,-4.5,98,15.6,2024-02-29,Station A
121,Hoodview,15.7,37,17.3,2025-02-03,Station B
122,Port Benjaminfurt,18.1,77,4.0,2024-12-23,Station B
123,East Michael,22.7,91,1.4,2024-05-05,Station C
124,West Paulberg,39.4,38,15.6,2024-04-29,Station A
125,North Joseph,11.1,76,13.0,2024-07-27,Station C
126,North Lynn,36.4,78,14.2,2024-10-09,Station C
127,Allenbury,28.2,28,5.0,2024-12-05,Station C
128,West Rebekahside,0.7,87,6.9,2024-03-25,Station C
129,Port Chadton,26.9,31,1.0,2024-06-03,Station A
130,South Matthew,18.2,64,18.9,2024-12-17,Station A
