account_id,customer_name,account_type,balance,opened_date,branch
1,David Wiley,Savings,39889.85,2022-09-02,Stevenville
2,Jeffrey West,Business,19604.41,2022-02-01,Lake Karenport
3,Thomas Jordan,Savings,76502.91,2020-02-15,Port Erik
4,Aaron Gardner,Checking,30484.05,2022-03-10,Lake Karenport
5,Eric Nicholson,Business,35523.74,2022-03-30,Stevenville
6,Shawn Armstrong,Savings,56180.91,2023-08-28,South Andreamouth
7,Michael Dean,Checking,99272.03,2023-07-21,South Julie
8,Adam Garza,Checking,15216.17,2023-05-31,Port Erik
9,Jennifer Jordan,Savings,52345.61,2020-10-31,Stewartmouth
10,Dylan Ramirez,Savings,96424.63,2020-10-27,West Clintontown
11,Steven Miller,Checking,44249.76,2020-10-01,Stevenville
12,Blake Dominguez,Business,33855.18,2020-03-15,Stewartmouth
13,Alex Arias,Business,47165.26,2021-12-24,West Clintontown
14,Dominic Zuniga,Savings,38219.19,2023-08-06,South Julie
15,Michelle Rivera,Business,64093.72,2020-08-08,Lake Karenport
16,Victor Perry,Savings,40614.8,2023-09-25,South Danielville
17,Aaron Miller,Savings,85965.84,2023-06-09,Stevenville
18,Michael King,Checking,55741.41,2020-12-01,West Clintontown
19,Aaron Hernandez,Checking,483.2,2021-01-03,Port Erik
20,Peggy Diaz,Savings,55326.1,2020-10-27,South Julie
21,Kevin Cordova,Business,22802.86,2022-06-25,West Clintontown
22,Patrick Noble,Checking,31744.03,2023-02-09,East Monica
23,Kevin Cross,Savings,75534.78,2023-10-27,South Andreamouth
24,Nicholas Spencer,Savings,84687.76,2022-02-23,Stevenville
25,Michael Stanley,Savings,87628.43,2021-10-25,South Andreamouth
26,Susan Good,Business,52939.35,2021-01-24,Lake Karenport
27,Edward Barnett,Business,96145.12,2022-12-10,West Clintontown
28,Jessica Ramos,Checking,10619.7,2023-04-13,Stewartmouth
29,Tina Lee,Checking,10280.33,2020-04-29,Lake Karenport
30,Roy Thomas,Checking,423.96,2021-11-16,South Julie
31,Wesley Ellis,Savings,20767.04,2021-10-04,South Julie
32,Jake Young,Business,23535.48,2022-12-18,East Lisaville
33,Heather Bowers,Business,22240.58,2022-09-14,South Andreamouth
34,Troy Brown,Checking,59565.18,2020-02-13,South Danielville
35,Joseph Anderson,Savings,44820.18,2022-08-11,East Monica
36,Megan Martin,Checking,34809.88,2023-10-19,West Clintontown
37,Amber Clarke,Business,21912.36,2022-05-01,Stewartmouth
38,Brandon Parker,Savings,34371.83,2021-06-17,Stewartmouth
39,Chad Snow,Business,66195.86,2021-03-08,South Julie
40,Bonnie Kennedy,Business,31732.31,2021-10-18,South Danielville
41,Robert Grimes,Checking,83538.09,2023-12-02,Stewartmouth
42,Ms. Patricia Peterson,Savings,20110.94,2021-06-23,East Monica
43,Christine Gray,Savings,48976.89,2021-11-03,South Andreamouth
44,Teresa Mejia,Business,99481.41,2020-05-16,East Monica
45,Stacie Reeves,Checking,75436.62,2022-03-24,South Andreamouth
46,Brandon Mercer,Savings,21341.68,2020-12-08,East Monica
47,Timothy Jackson,Business,80509.15,2020-02-24,East Lisaville
48,James Wilson,Savings,6631.35,2021-03-10,South Danielville
49,Seth Robinson,Savings,84388.27,2020-08-01,Port Erik
50,Anthony Scott,Savings,8147.96,2020-12-13,East Lisaville
51,Lisa Ryan,Business,71431.24,2022-12-01,Lake Karenport
52,Chelsea Martinez,Checking,20308.84,2023-07-16,South Julie
53,Natasha Conner,Savings,93872.89,2020-07-08,Port Erik
54,Cody Duffy,Savings,54172.91,2021-10-20,Stewartmouth
55,Joshua Dickson,Savings,40349.8,2021-07-28,South Danielville
56,Andrew Rice,Checking,71033.95,2021-03-05,South Julie
57,Mary Green,Business,55993.44,2020-06-04,West Clintontown
58,Travis Thompson,Savings,45874.15,2022-08-18,East Lisaville
59,James Navarro,Business,31880.8,2020-06-15,South Andreamouth
60,Dr. Cynthia Weiss,Business,93436.38,2020-12-15,Port Erik
61,Diana Key,Business,58773.68,2021-03-12,South Danielville
62,Kim Hill,Business,32975.89,2023-09-29,Stewartmouth
63,Barbara Davis,Savings,24612.23,2023-05-12,South Andreamouth
64,Steve Harding,Savings,18493.81,2021-07-20,Stevenville
65,Stephen Brown,Business,5985.39,2021-04-19,East Monica
66,David Avila,Business,89295.31,2023-09-25,Stewartmouth
67,Daisy Jackson,Savings,88562.92,2023-09-23,West Clintontown
68,Calvin Morales,Savings,18300.2,2021-07-31,East Monica
69,Ashley Rivera,Checking,94926.28,2021-08-19,South Danielville
70,Keith Duffy,Checking,23583.22,2023-03-30,South Andreamouth
71,Robin King,Business,61088.0,2023-01-17,South Danielville
72,Natalie Dunn,Savings,7189.32,2023-05-14,Stevenville
73,Michael Young,Checking,84881.35,2020-07-04,Port Erik
74,Brittney Nichols,Business,92529.96,2023-06-09,West Clintontown
75,Samuel Jenkins,Business,67813.61,2020-06-14,East Monica
76,Mark Davis,Checking,65825.58,2021-09-30,Stevenville
77,Ernest Bowers,Business,72078.24,2023-12-20,West Clintontown
78,April Pollard,Savings,89360.07,2022-02-04,West Clintontown
79,Alan Allen,Business,26371.92,2020-10-04,East Lisaville
80,Michelle Sanchez,Checking,97843.34,2022-09-10,South Danielville
81,Heidi Turner,Savings,82082.25,2022-08-11,East Lisaville
82,Meghan Christensen,Business,27737.1,2021-08-12,South Danielville
83,Ruben Jones,Savings,43743.36,2021-05-04,South Julie
84,Natasha Walker,Checking,36928.24,2021-09-24,Stewartmouth
85,Danielle Griffith,Savings,79720.05,2022-09-26,Port Erik
86,Mary Anderson,Savings,74039.73,2023-01-13,Lake Karenport
87,Chelsea Villegas,Checking,61885.52,2023-09-15,Stewartmouth
88,Barbara Velazquez,Checking,98504.27,2021-05-12,South Danielville
89,Jessica Campbell,Business,44945.81,2023-08-23,East Lisaville
90,Laura Johnson,Checking,11264.03,2023-06-14,South Julie
91,Janice Henderson,Business,33035.79,2021-02-01,East Monica
92,Robert Snyder,Checking,51431.33,2021-05-03,West Clintontown
93,James Russell,Business,21440.96,2023-08-05,South Andreamouth
94,Tim Taylor,Business,27388.1,2023-02-01,South Julie
95,Sarah Wilkins,Business,59949.67,2021-03-27,Lake Karenport
96,Steven Nguyen,Savings,81014.21,2020-05-26,East Lisaville
97,Barbara Mcfarland,Savings,47973.82,2022-11-19,East Lisaville
98,Willie Conner,Savings,14991.77,2021-03-16,East Lisaville
99,Denise Moore,Checking,36708.06,2021-01-19,South Danielville
100,Robin Kelly,Checking,80800.06,2023-12-18,Stewartmouth
101,Theresa Boyle DDS,Business,16434.86,2021-03-20,Lake Karenport
102,Matthew Wilkins,Business,36013.15,2023-02-24,East Lisaville
103,Matthew Mahoney,Checking,10405.31,2020-03-05,South Julie
104,William Garcia,Checking,87021.65,2022-06-25,South Julie
105,Tina Lyons,Business,47169.63,2023-05-20,West Clintontown
106,Stephanie Powers,Checking,55870.15,2023-04-18,South Danielville
107,Joshua Graves,Savings,69951.29,2021-12-15,South Andreamouth
108,Stephanie Morgan,Checking,17104.91,2023-05-20,South Julie
109,Joshua Rios,Checking,34510.83,2022-10-16,Port Erik
110,Karen May,Checking,16393.65,2020-06-14,East Lisaville
111,Michael Spears,Savings,86137.28,2020-05-31,South Andreamouth
112,Daniel Arroyo,Checking,93962.55,2020-12-25,East Lisaville
113,Eric Sosa,Business,51282.98,2021-10-30,East Monica
114,Jeremy Cooper,Business,48911.91,2022-06-20,Lake Karenport
115,Sean Marshall,Savings,10606.96,2022-10-31,Port Erik
116,Elizabeth Pena,Savings,34279.55,2022-09-19,Lake Karenport
117,Jamie Villa,Checking,68138.26,2023-12-05,East Monica
118,Rodney Lopez,Checking,65637.37,2020-07-01,East Monica
119,Paul Middleton,Checking,34756.65,2023-07-29,East Monica
120,Brian Harris,Checking,76523.67,2022-10-22,Stevenville
