account_id,customer_name,account_type,balance,opened_date,branch
1,Joanna Sweeney,Savings,40576.04,2024-01-28,Smithton
2,Antonio Clayton,Checking,19855.69,2022-10-13,North Lisaview
3,Allison Johnston,Savings,4979.2,2021-03-04,North Lisaview
4,Kristy Alvarez,Checking,18606.3,2020-04-28,South Melissamouth
5,Courtney Arnold,Checking,38877.13,2023-01-08,North Melissashire
6,Madison Roberts,Checking,53004.26,2020-12-01,North Erinside
7,Michelle Allen,Business,37172.24,2022-12-10,North Lisaview
8,Jonathan Johnson,Checking,3048.21,2021-02-26,North Erinside
9,Jessica Walker,Business,46157.84,2022-04-03,North Melissashire
10,Kim Lee,Business,13552.27,2023-11-21,North Melissashire
11,Stephanie Simpson,Business,74498.34,2023-11-14,North Erinside
12,Nathan Hart Jr.,Checking,56344.13,2022-02-05,East James
13,Andrew Rogers,Checking,94897.18,2021-05-09,South Melissamouth
14,Lisa Vasquez,Savings,56604.05,2021-05-17,South Melissamouth
15,John Obrien,Savings,6170.78,2020-08-03,New Julieland
16,Kathleen Cunningham,Savings,85473.7,2022-10-13,Jennifermouth
17,Patricia Robinson,Checking,78948.42,2020-03-07,Smithton
18,Andrew Nicholson,Business,97510.91,2020-03-16,New Julieland
19,John Mueller,Savings,84612.69,2023-04-02,North Lisaview
20,Gary Brown,Savings,72434.23,2023-11-08,Joannaland
21,Emily Collins,Savings,29750.8,2022-12-09,South Melissamouth
22,Vicki Conner,Savings,73739.43,2024-02-06,Smithton
23,Jared Ball,Checking,69215.65,2022-10-14,North Melissashire
24,Adam Pacheco II,Savings,24232.9,2022-02-23,Lake Kelly
25,Jennifer Sanchez,Business,28373.71,2020-12-08,New Julieland
26,Phillip Pacheco,Business,75722.73,2021-07-21,North Erinside
27,Michael Lutz,Business,7504.86,2022-06-02,New Julieland
28,Arthur Perez,Savings,60896.38,2022-05-06,North Melissashire
29,Gerald Gonzalez,Business,40621.03,2023-05-19,East James
30,Jonathan Livingston,Savings,18941.92,2023-10-25,Smithton
31,William Reyes,Business,77581.41,2020-09-18,Smithton
32,Lori Thomas,Savings,25036.58,2020-12-05,North Lisaview
33,Emily Gilmore,Savings,17613.08,2023-10-02,Joannaland
34,Shannon Goodman,Checking,99177.64,2024-02-04,North Lisaview
35,Jessica Horton,Checking,38849.88,2022-05-10,North Erinside
36,Michelle Castillo,Checking,46414.5,2022-03-04,Smithton
37,William Beltran,Savings,86308.15,2023-03-03,Jennifermouth
38,Joseph Holland,Checking,97156.63,2021-10-18,East James
39,Margaret Gallagher,Savings,88106.68,2021-11-19,East James
40,Hayley Rivera,Savings,88298.8,2020-04-09,South Melissamouth
41,Jacqueline Deleon,Business,52789.01,2022-08-22,New Julieland
42,Thomas Parsons,Savings,71127.57,2021-08-05,North Lisaview
43,Patricia Park,Checking,55821.41,2020-10-02,North Melissashire
44,Jason Bowman,Savings,20481.87,2021-07-25,Jennifermouth
45,Danielle Reed,Checking,29398.62,2021-12-04,South Melissamouth
46,Anthony Blackburn,Savings,6413.57,2023-04-16,South Melissamouth
47,Marc Greene,Savings,46589.27,2020-10-04,Joannaland
48,Tony Jackson,Checking,88897.2,2021-12-07,South Melissamouth
49,Nicholas Ward,Checking,7164.82,2022-07-22,North Melissashire
50,Erin Holden,Business,43711.84,2020-10-27,North Lisaview
51,Beth Watts,Business,73222.79,2021-11-12,East James
52,Michelle Pugh,Savings,6594.9,2023-07-21,North Erinside
53,Peter Cooke,Business,34635.53,2023-03-17,Jennifermouth
54,Dana Taylor,Business,69708.46,2021-11-10,Jennifermouth
55,Steven Thompson,Savings,72208.47,2022-11-07,North Erinside
56,Patrick Thomas,Checking,78602.2,2022-05-04,North Melissashire
57,Mary Mejia,Checking,20991.97,2021-08-11,Joannaland
58,Robert Sanchez,Checking,71645.11,2020-12-25,North Lisaview
59,Amy Berry,Savings,81813.9,2021-01-05,Lake Kelly
60,Annette Evans,Business,84283.11,2021-04-16,Smithton
61,Michael Camacho,Business,9050.01,2021-07-31,New Julieland
62,Mike Davis,Checking,73827.03,2023-10-25,Joannaland
63,Benjamin Roth,Business,22256.68,2023-10-10,Smithton
64,Albert Mccoy,Checking,75110.03,2020-10-01,New Julieland
65,Amy Williams,Checking,97182.7,2021-01-02,South Melissamouth
66,John Fernandez,Savings,9512.18,2020-04-28,North Melissashire
67,Adrian Wood,Checking,41757.37,2021-10-14,Jennifermouth
68,Jeremy Smith,Checking,79108.44,2023-06-14,Joannaland
69,Erica Rodriguez,Savings,90036.15,2022-05-25,Smithton
70,Peggy Hall,Business,53241.98,2023-09-22,North Melissashire
71,Darlene Myers,Checking,29629.45,2020-02-24,Jennifermouth
72,Gregory Ward,Checking,82162.26,2020-05-13,Smithton
73,Mary Mcdonald,Business,20621.38,2023-08-25,North Erinside
74,Kyle Solomon,Savings,44950.38,2020-12-03,Smithton
75,Kimberly Shepherd,Savings,31261.13,2020-05-04,Lake Kelly
76,Kyle Higgins,Savings,77096.11,2022-10-01,Jennifermouth
77,Troy Johnson,Checking,51571.37,2024-01-27,South Melissamouth
78,Nathan Finley,Savings,49189.29,2024-01-23,North Melissashire
79,Nathaniel Booker,Savings,48188.11,2023-06-28,Smithton
80,Michelle Jimenez,Business,40252.2,2020-07-05,North Melissashire
81,Sherry Jenkins,Checking,73086.1,2021-02-13,North Melissashire
82,Ashley Sullivan,Savings,6906.83,2020-05-29,South Melissamouth
83,Fred Simmons,Business,25983.58,2022-10-22,North Melissashire
84,Jasmine Burnett DDS,Checking,13761.18,2020-06-22,East James
85,Cameron Hampton,Checking,60390.7,2022-09-07,North Lisaview
86,David Davis DDS,Savings,61295.52,2020-11-30,Joannaland
87,Christopher Gaines,Checking,40031.14,2021-11-11,New Julieland
88,Audrey Palmer,Savings,85241.02,2021-02-04,South Melissamouth
89,Kevin Hernandez,Savings,57937.69,2023-03-30,East James
90,Michelle Rice,Savings,32324.93,2023-03-23,East James
91,Bobby Lewis,Checking,37723.6,2023-03-02,Lake Kelly
92,Debra Moran,Savings,76430.18,2021-02-20,East James
93,Christine Brown,Checking,91978.75,2021-11-25,North Melissashire
94,Justin Cameron,Savings,923.94,2022-12-18,East James
95,Kevin Singleton,Savings,22385.38,2023-11-17,East James
96,Robert Jones,Checking,92918.01,2023-12-23,Joannaland
97,Robert Lee,Savings,3482.46,2022-03-20,New Julieland
98,Victoria Norris,Checking,15834.03,2020-06-04,East James
99,James Ortega,Savings,89809.08,2022-11-25,Joannaland
100,Allen Lin,Savings,3760.14,2022-11-21,East James
101,Anita Reed,Savings,73542.17,2020-04-25,North Lisaview
102,Jaime Lopez,Checking,34593.45,2022-10-12,East James
103,Michael Henry,Business,49052.43,2020-09-19,North Melissashire
104,Jasmine Morales,Business,65485.05,2023-03-10,East James
105,Amanda Wagner,Checking,81779.31,2023-01-01,South Melissamouth
106,Amanda Carroll,Business,60868.61,2020-07-11,Joannaland
107,Emily Chavez,Savings,28761.97,2023-06-07,East James
108,Charles Montgomery,Checking,93859.23,2021-11-05,South Melissamouth
109,Katrina Dawson,Business,7378.96,2022-07-05,South Melissamouth
110,David Watson,Checking,86509.38,2021-08-17,South Melissamouth
111,Brian Long,Checking,16192.17,2022-03-04,Jennifermouth
112,Donald Chambers,Checking,79562.36,2020-06-29,North Melissashire
113,Amanda Gonzalez,Business,80974.79,2021-02-04,East James
114,Colleen Lee,Savings,30416.33,2020-05-06,North Erinside
115,Shelley Clark,Business,86126.16,2022-03-19,Jennifermouth
116,Mr. Patrick Cole,Business,32617.63,2023-03-26,New Julieland
117,Debra Ruiz,Savings,36831.49,2023-01-16,East James
118,Elizabeth Santana,Checking,5693.57,2023-03-03,North Erinside
119,Mr. Christian Mayo Jr.,Business,25145.33,2022-11-07,North Melissashire
120,Tracy Miller,Savings,96918.1,2020-05-24,East James
121,David Lopez,Savings,8030.11,2022-10-14,Smithton
122,Judy Hernandez,Savings,65463.86,2023-05-22,Smithton
123,Teresa George,Savings,61918.23,2024-02-11,East James
124,Oscar Thompson,Business,34359.44,2022-01-02,Joannaland
125,Mrs. Christine Clark,Business,34865.11,2024-01-10,East James
126,Teresa Anthony,Business,59092.43,2023-12-29,North Lisaview
127,Dr. Denise Fisher,Savings,72729.95,2020-03-09,New Julieland
128,Teresa Evans,Checking,92577.37,2022-03-26,Smithton
129,Natalie Johnson,Savings,29052.51,2023-12-30,North Melissashire
130,Andrew Jimenez,Business,89441.5,2020-05-02,Jennifermouth
131,Vincent Dawson,Savings,45630.33,2020-06-01,Lake Kelly
