account_id,customer_name,account_type,balance,opened_date,branch
1,Mrs. Jennifer Garcia,Checking,47970.89,2020-03-09,North Kimberlyville
2,Brian Clayton,Checking,55279.12,2022-07-04,North Kimberlyville
3,Philip Schaefer,Savings,69575.39,2023-05-18,West Jeanshire
4,Lindsey Mora,Savings,56489.83,2022-05-07,West Davidfurt
5,Barbara Buchanan,Business,34988.5,2020-06-20,East Aliciamouth
6,Michael Rice,Checking,70657.93,2023-11-26,South Johnburgh
7,Vicki Weaver,Checking,91437.1,2022-09-14,Mariachester
8,Dr. Rebecca Taylor,Business,15768.58,2022-07-24,Lake Tamiville
9,Shawn Henry,Business,26174.54,2023-02-26,North Kimberlyville
10,Julia Wilkins,Checking,6578.02,2023-09-29,North Kimberlyville
11,Karen Bowman,Savings,29269.69,2020-10-31,Shermantown
12,Sharon Vasquez,Savings,63491.62,2021-04-28,West Jeanshire
13,Eric Williams,Checking,6640.39,2023-12-10,East Aliciamouth
14,David Williams,Business,83115.25,2021-05-05,West Richardport
15,Zachary Tucker,Savings,75571.18,2021-07-14,West Richardport
16,Allison Moore,Savings,72971.36,2021-01-04,West Richardport
17,Mary Hunter,Checking,90403.68,2020-05-02,Lake Tamiville
18,Timothy Welch,Business,66807.09,2021-03-13,East Aliciamouth
19,Keith Castillo,Checking,98095.14,2020-10-21,West Jeanshire
20,Jean Goodwin,Checking,49675.4,2021-10-16,West Jeanshire
21,Jeffery Bell,Savings,80467.7,2020-02-23,Lake Tamiville
22,Ronald Harris,Checking,93252.29,2021-01-21,Shermantown
23,Kelsey Goodwin,Savings,72478.21,2023-02-12,South Johnburgh
24,Stephen Nelson,Business,41550.24,2022-01-06,South Johnburgh
25,Faith Brown,Savings,58906.28,2023-12-23,East Aliciamouth
26,Nancy Douglas,Checking,27892.35,2022-06-29,Mariachester
27,Eric Griffith,Checking,59242.57,2023-09-04,North Kimberlyville
28,Adam Rivera,Business,695.39,2020-05-10,North Kimberlyville
29,John Reed,Business,27368.54,2023-03-08,Mariachester
30,Robert Jones,Business,11490.84,2022-07-26,Mariachester
31,Natalie Miller,Savings,31554.94,2023-09-07,West Richardport
32,Jonathan Flores,Checking,61863.11,2023-09-19,West Jeanshire
33,Dennis Miller,Checking,58609.21,2021-05-20,West Richardport
34,Geoffrey Hughes,Savings,31062.64,2023-10-25,South Johnburgh
35,Sara Mcknight,Checking,50032.93,2021-04-06,South Johnburgh
36,Jon Wall DDS,Checking,52752.77,2021-10-30,North Kimberlyville
37,Maria Sawyer,Checking,70072.34,2023-07-30,North Kimberlyville
38,Stephanie Burns,Business,250.48,2023-09-13,South Johnburgh
39,Amanda Thomas,Business,90550.63,2022-04-07,Lake Tamiville
40,Tanya Owen,Savings,26496.33,2023-10-22,Shermantown
41,Stacy Mckee,Checking,8450.78,2023-07-05,West Richardport
42,Allison Johnson,Savings,5131.79,2021-08-24,East Aliciamouth
43,Brandi Reid,Savings,20432.6,2022-10-31,Shermantown
44,Brian Mejia,Business,28018.07,2020-09-30,North Kimberlyville
45,Angela Yang,Checking,34250.16,2023-11-07,West Davidfurt
46,James Caldwell,Business,41303.0,2021-06-02,West Richardport
47,Daniel Fernandez,Savings,33861.51,2023-06-25,South Johnburgh
48,Nicholas Krause,Savings,86950.58,2023-09-07,West Davidfurt
49,Ricky Johnson,Savings,92282.94,2022-05-14,North Kimberlyville
50,Michael Murillo,Checking,86501.19,2021-12-11,South Johnburgh
51,Mariah Walls,Checking,57072.69,2022-09-17,South Amandaview
52,Deanna Cordova,Savings,26977.57,2021-08-24,Mariachester
53,Ryan Harris,Business,83406.28,2021-04-19,West Jeanshire
54,Michael Miller,Savings,62353.89,2022-08-20,West Davidfurt
55,Julie Pham,Savings,39873.74,2022-04-24,Shermantown
56,Brian Burch,Checking,8957.02,2022-02-07,West Davidfurt
57,Juan Obrien,Business,84903.78,2021-08-07,North Kimberlyville
58,Alicia Zamora,Checking,82205.91,2022-03-25,Mariachester
59,Kimberly Rivas,Savings,70959.13,2022-05-20,West Richardport
60,Taylor White,Savings,34860.68,2022-02-26,Shermantown
61,Antonio Poole,Checking,30602.15,2024-01-04,South Amandaview
62,Jeffrey Butler,Savings,17365.25,2021-01-11,West Jeanshire
63,Cathy Davis,Savings,16900.21,2022-08-24,Lake Tamiville
64,Debra Green,Checking,18689.84,2023-01-07,Lake Tamiville
65,Travis Charles,Savings,24672.27,2020-11-16,West Davidfurt
66,Jade Porter,Business,5979.75,2021-08-24,West Richardport
67,Gregory Soto,Savings,60265.8,2021-02-28,West Jeanshire
68,Craig Blackburn,Savings,56816.36,2022-05-10,South Amandaview
69,Bill Lamb,Savings,60193.13,2020-03-24,South Johnburgh
70,Wesley Jackson,Checking,58868.55,2021-02-02,Shermantown
71,Desiree Lloyd,Business,40789.59,2020-07-10,East Aliciamouth
72,Andrew Schwartz,Business,72858.86,2021-10-31,West Davidfurt
73,Travis Parker,Checking,82784.77,2022-07-05,West Richardport
74,Lauren Gutierrez,Business,12426.39,2022-09-09,North Kimberlyville
75,Tammy Chavez,Savings,81230.11,2020-11-28,East Aliciamouth
76,Tom Watson,Business,18041.16,2020-12-02,South Amandaview
77,Sherry Small,Savings,82199.41,2023-06-02,Lake Tamiville
78,Shane Thomas,Checking,64453.02,2021-06-23,Shermantown
79,Cheryl Landry,Checking,88771.28,2021-08-02,North Kimberlyville
80,Ronnie Garcia,Checking,15784.29,2020-05-18,West Richardport
81,Matthew Williams,Business,98056.98,2021-11-20,North Kimberlyville
82,Sean Hall,Savings,51261.23,2023-03-27,East Aliciamouth
83,Jessica Forbes,Savings,54001.4,2020-03-02,Shermantown
84,Robert Mcguire,Business,16739.26,2023-09-15,West Davidfurt
85,Charles Grant,Checking,45735.77,2020-08-08,Lake Tamiville
86,Jeffery Davidson,Business,74613.14,2021-06-10,Mariachester
87,Elijah Fleming,Business,27423.77,2022-02-23,East Aliciamouth
88,Brian West II,Savings,78253.4,2022-11-17,South Johnburgh
89,Kathryn Brown,Checking,19280.85,2022-06-23,North Kimberlyville
90,Thomas Murphy,Savings,13502.62,2020-11-08,Lake Tamiville
91,Valerie Fleming,Business,91853.88,2022-06-04,West Richardport
92,Karen Salazar,Checking,68462.55,2022-04-08,Shermantown
93,Carla Thompson,Business,9561.9,2020-11-09,West Davidfurt
94,Karen Snyder,Checking,49364.13,2023-07-09,Shermantown
95,Karen Cooper,Checking,87580.35,2020-04-06,Lake Tamiville
96,Dr. Richard Turner,Checking,61327.85,2022-10-26,Lake Tamiville
97,Laura Castaneda,Business,55679.77,2023-09-02,Shermantown
98,Yvonne Williams,Checking,62754.64,2020-04-05,North Kimberlyville
99,Daniel Wilson,Business,17204.26,2023-03-17,East Aliciamouth
100,Mrs. Shelia Townsend MD,Business,28908.85,2024-01-12,Mariachester
101,Theresa Jones,Checking,82502.01,2022-01-07,North Kimberlyville
102,Gordon Contreras,Checking,85485.49,2023-04-05,East Aliciamouth
103,Kimberly Martin,Savings,96874.11,2022-12-02,Shermantown
104,Scott Vasquez,Checking,62052.04,2023-04-16,Shermantown
105,Mitchell Noble,Business,8485.62,2020-07-06,Lake Tamiville
106,Mary Garcia,Business,83379.72,2020-03-14,West Richardport
107,David Wilson,Savings,88310.51,2020-05-30,West Jeanshire
108,Robert Brown,Savings,80413.22,2024-01-20,South Amandaview
109,Kristina Guzman,Savings,51003.98,2022-01-01,Shermantown
110,Amanda Harris,Savings,56330.85,2023-11-18,West Jeanshire
111,Kendra Bailey,Savings,9550.14,2023-12-07,West Richardport
112,Karen Riley,Checking,12896.32,2020-03-24,Lake Tamiville
113,Troy Terry,Savings,24027.59,2023-01-27,Lake Tamiville
114,Deborah Fox,Savings,25572.28,2023-08-18,North Kimberlyville
115,Andrew Jones MD,Business,51977.25,2020-07-28,South Amandaview
116,Andres Riggs,Business,92466.97,2022-05-07,Mariachester
117,Mrs. Colleen Edwards,Business,18237.2,2022-09-18,South Johnburgh
118,Jennifer Robinson,Checking,76143.91,2021-05-31,West Jeanshire
119,Carly Jackson,Checking,72932.4,2023-08-18,West Richardport
120,Steven Carter,Savings,59962.17,2020-10-26,East Aliciamouth
121,Bryan Johnson,Checking,59579.44,2021-01-29,Lake Tamiville
122,Linda King,Checking,35839.99,2021-01-22,West Jeanshire
123,Sara Daniels,Savings,40014.12,2020-12-18,Lake Tamiville
124,Wendy Oliver,Checking,41159.06,2020-07-20,Lake Tamiville
125,Lisa Reyes,Checking,61343.55,2023-01-31,North Kimberlyville
126,Mary Williams,Savings,52591.4,2023-02-03,Mariachester
127,Brittany Norris,Savings,53935.95,2022-09-19,Shermantown
128,Stephanie Moore,Checking,74206.62,2022-10-06,South Amandaview
129,Patricia Webb,Business,45166.1,2023-06-20,West Jeanshire
130,Charles Fox,Savings,33936.91,2023-11-23,West Richardport
131,Erin West,Business,42737.98,2023-01-29,West Davidfurt
132,Jeremy Lewis,Checking,93903.69,2021-03-20,South Johnburgh
133,Mr. Shannon Arellano,Business,60369.23,2023-08-22,South Johnburgh
134,Kelly Reese,Business,83266.42,2022-07-25,West Jeanshire
135,Katrina Aguirre,Business,30378.01,2022-01-11,West Jeanshire
136,Rebecca Wilson,Savings,96349.66,2023-04-22,West Jeanshire
137,Chelsea Lopez,Checking,72615.4,2023-11-01,Mariachester
138,Kyle Figueroa,Business,84574.85,2021-04-15,South Amandaview
139,Tyler Carter,Business,99752.87,2020-05-23,West Jeanshire
140,Stephen Willis,Business,91354.05,2021-01-25,Shermantown
141,Heather Lee,Checking,6022.17,2023-08-07,Mariachester
142,Savannah Oneal,Checking,78304.76,2023-09-02,North Kimberlyville
143,Lisa Horne,Savings,80680.92,2020-05-20,West Richardport
144,Joseph Frederick,Checking,90080.17,2021-11-06,East Aliciamouth
145,Kenneth Watkins,Checking,8879.63,2021-09-18,North Kimberlyville
146,Diana Vasquez,Business,63047.07,2021-04-10,Lake Tamiville
