account_id,customer_name,account_type,balance,opened_date,branch
1,Tamara Mathews,Checking,63822.97,2020-08-29,Lake Jesseshire
2,Charles Weiss,Checking,3088.2,2023-11-01,East James
3,Marcus Benitez,Business,42502.42,2022-02-05,East Brandonton
4,Patricia Cook,Business,2535.27,2021-10-27,West Robert
5,Rebecca Welch,Business,75618.64,2023-10-02,Port Thomasfort
6,Robert Bartlett,Business,26686.81,2020-07-30,East Brandonton
7,Sharon Young,Savings,32146.37,2022-02-23,East Brandonton
8,Andrew Smith,Savings,94030.39,2022-10-03,West Robert
9,Taylor Pierce,Checking,72702.71,2023-01-10,Fryeshire
10,Michelle Nelson,Savings,43652.03,2021-04-11,Lake Jesseshire
11,Alvin Myers,Checking,31327.29,2021-05-28,Lake Jesseshire
12,Alec Gonzalez,Savings,15519.81,2022-01-08,Ericton
13,Ronald Fitzpatrick,Business,97200.57,2020-07-17,Valenciaview
14,Joel Powell,Checking,95552.29,2022-03-26,Port Thomasfort
15,Kyle Peters,Business,87498.55,2022-10-26,East Brandonton
16,Megan Thomas,Checking,34239.66,2023-12-09,East James
17,Joshua Williamson,Savings,51218.18,2022-06-17,Fryeshire
18,Latoya Malone,Checking,56070.41,2022-11-10,Ericton
19,Brenda Kaufman,Business,25248.02,2022-01-12,Lake Jesseshire
20,Kayla Craig,Business,83775.33,2022-06-04,East Katrinaville
21,Michael Brown MD,Savings,16018.43,2021-01-20,Ericton
22,Tiffany Fitzgerald,Checking,91539.91,2022-11-10,East Brandonton
23,John Lee,Business,10296.6,2020-12-30,Fryeshire
24,Justin Chaney,Checking,76338.86,2020-07-28,Ericton
25,Ray Greene,Business,24310.5,2020-05-19,West Robert
26,Ivan Nguyen,Business,8495.35,2023-03-27,Ericton
27,Christopher Smith,Checking,68252.55,2020-04-16,Ericton
28,Cole Garner,Savings,58193.66,2021-06-29,East Katrinaville
29,Alexis Griffin,Savings,24900.14,2020-11-20,Lake Jesseshire
30,Heather Foster,Business,24106.71,2021-11-16,West Robert
31,John Jones,Business,79398.81,2021-12-02,Valenciaview
32,Kenneth Cervantes,Business,70090.45,2023-08-29,Valenciaview
33,Mr. William Moore DDS,Checking,23692.51,2022-03-25,West Robert
34,Joseph Hernandez,Business,71806.47,2020-08-02,Ericton
35,Hailey Ballard,Business,49204.79,2023-11-19,Valenciaview
36,Peter King,Business,72242.13,2022-12-26,Lake Jesseshire
37,Michele Brady,Business,87218.03,2022-05-11,Fryeshire
38,Crystal Monroe,Savings,26562.45,2021-02-23,Sloanburgh
39,Jamie Wilson,Checking,40320.55,2022-10-14,Lake Jesseshire
40,Cheyenne Price,Business,89573.12,2022-11-21,West Robert
41,Nicole Smith,Checking,2678.73,2021-04-22,West Robert
42,Aaron Contreras,Business,49465.84,2021-10-23,Valenciaview
43,Dawn Sampson,Checking,76174.03,2022-05-04,Fryeshire
44,Sarah Potter,Checking,57919.52,2020-06-03,East James
45,James Stafford,Checking,62599.9,2023-02-13,East Brandonton
46,Shelley Malone,Business,34656.97,2023-10-21,Lake Jesseshire
47,Joseph Ballard,Checking,89908.56,2023-03-24,Lake Jesseshire
48,Kimberly Terrell,Business,42148.83,2022-09-10,Valenciaview
49,David Velasquez,Savings,42139.64,2022-02-05,East Katrinaville
50,Brian Hudson,Checking,9372.13,2020-06-22,East Katrinaville
51,Elaine Singh DVM,Savings,72560.06,2020-12-03,Ericton
52,Jodi James,Checking,67302.94,2022-06-20,Port Thomasfort
53,Julia Perez,Business,10648.97,2023-07-19,Valenciaview
54,James Delgado,Business,12394.59,2023-10-18,East Katrinaville
55,Sandra Ferguson,Savings,93263.95,2022-04-04,Sloanburgh
56,Joel Davila,Savings,37629.78,2021-01-19,Valenciaview
57,James Smith,Savings,55397.73,2023-06-26,Port Thomasfort
58,Mary Guerra,Savings,48520.26,2020-03-31,Sloanburgh
59,Mary Gonzalez,Business,52399.67,2021-02-23,West Robert
60,Joseph Cross,Savings,28640.5,2022-07-03,East James
61,Shawn Douglas,Checking,77628.9,2021-10-06,Valenciaview
62,Karen Marks,Business,34258.85,2023-11-23,Port Thomasfort
63,Daniel Love,Business,62088.18,2020-05-13,Sloanburgh
64,Dustin Ortiz PhD,Checking,83190.87,2021-05-07,Sloanburgh
65,Ashlee Kerr,Business,10683.84,2021-09-10,West Robert
66,Zachary Jones DDS,Savings,30178.55,2020-12-01,Lake Jesseshire
67,Debbie Gomez,Savings,72643.33,2020-07-31,East Brandonton
68,Evan Diaz,Business,5559.5,2023-05-04,Fryeshire
69,Wayne Fowler,Checking,27484.32,2020-03-21,Sloanburgh
70,Samantha Pitts,Savings,65092.56,2021-06-17,Sloanburgh
71,Diana Rogers,Business,15165.51,2022-12-22,Port Thomasfort
72,Cynthia Tate,Business,45358.44,2022-12-07,Sloanburgh
73,Tyler Thompson,Savings,52180.63,2021-03-04,East Brandonton
74,Paul Brown,Savings,59860.15,2021-11-23,Sloanburgh
75,Kurt Salazar,Business,41149.43,2023-05-17,Valenciaview
76,Daniel Holmes,Business,27803.44,2021-07-27,West Robert
77,Joshua White,Checking,55458.73,2024-01-13,Fryeshire
78,Gail Strong,Checking,43374.88,2020-03-30,Valenciaview
79,Joel Flores,Business,53208.07,2023-06-01,Ericton
80,Elizabeth Lutz,Savings,11929.47,2022-05-12,Port Thomasfort
81,Robert Mitchell,Savings,42698.82,2022-05-20,West Robert
82,Michael Morris,Savings,27491.68,2021-11-11,East James
83,Benjamin Larson,Checking,88985.74,2022-12-13,Ericton
84,Christopher Jones,Savings,72815.96,2023-04-25,East James
85,Joshua Villanueva,Checking,16685.67,2021-02-11,Lake Jesseshire
86,Susan Harris,Savings,3084.29,2023-09-20,Ericton
87,Peggy Boyer,Savings,41479.92,2020-04-01,East Brandonton
88,Amy Mcclain,Savings,84316.81,2020-04-10,Fryeshire
89,Kelly Diaz,Checking,42814.98,2020-05-21,Lake Jesseshire
90,Kenneth Long,Savings,51879.3,2023-07-05,Valenciaview
91,Jonathan Garcia,Savings,35854.48,2021-03-23,Valenciaview
92,Madison Turner,Checking,21773.28,2024-01-18,Lake Jesseshire
93,Paul Shelton,Checking,42102.79,2023-11-16,East James
94,Randy Nelson,Business,73471.94,2022-04-15,Lake Jesseshire
95,Alexis Potts,Savings,49614.19,2023-09-29,Sloanburgh
96,Jason Gutierrez,Savings,42752.0,2021-09-27,East Brandonton
97,Edward Lynch,Business,24205.16,2022-05-17,Fryeshire
98,Richard Taylor,Checking,40674.86,2021-05-06,Valenciaview
99,Frank Thomas,Business,59618.4,2021-09-07,Port Thomasfort
100,Timothy Clark,Business,41968.87,2024-01-14,East James
101,Natalie Li,Savings,42944.34,2022-03-25,Lake Jesseshire
102,Carrie Leon,Checking,41774.68,2021-02-14,Port Thomasfort
103,Joseph Rodriguez,Savings,43314.84,2020-08-14,East James
104,Jon Lane,Business,10387.43,2023-08-11,Valenciaview
105,Gloria Flores,Savings,53465.94,2020-10-14,West Robert
106,Leslie Thompson,Business,94306.59,2021-09-03,West Robert
107,Kimberly Wood,Savings,61724.48,2022-07-30,East Brandonton
108,Todd Guzman,Savings,59762.73,2023-12-16,Fryeshire
109,Joshua Reyes,Business,51892.78,2022-03-26,East Brandonton
110,Barry Oneill,Business,34327.28,2020-10-23,Port Thomasfort
111,Natalie Myers,Savings,3874.87,2021-07-03,Port Thomasfort
112,Garrett Miller,Business,64414.26,2022-09-22,East Brandonton
113,Ana Bowman,Checking,14216.35,2021-09-27,Sloanburgh
114,Cesar Martinez,Savings,23668.16,2021-06-11,Ericton
115,Logan Mitchell,Business,62774.92,2023-07-26,West Robert
116,Bonnie Brown,Savings,53595.85,2022-05-17,Valenciaview
117,Donald Gutierrez,Business,38847.32,2020-05-24,West Robert
118,Amy Brown,Business,95921.6,2021-05-19,Ericton
119,Derek Morris,Savings,37655.9,2020-07-15,East James
120,Brittany Montoya,Business,97252.52,2022-09-08,Fryeshire
121,Caroline Odom,Savings,44643.07,2021-07-16,East Brandonton
122,Evelyn Williams,Business,14698.55,2022-08-07,Fryeshire
123,Christopher Harris,Savings,88991.07,2021-09-28,Valenciaview
124,Anthony Nelson,Checking,38008.56,2023-08-28,East Katrinaville
125,Jacob Wright,Checking,52856.8,2021-04-18,Port Thomasfort
126,Hannah Gentry,Checking,48748.32,2020-04-17,East James
127,Melinda Acevedo,Savings,73291.87,2020-08-19,Fryeshire
128,Deanna Miller,Business,77197.15,2022-02-01,Lake Jesseshire
129,Andrew Little,Business,70409.26,2023-07-19,Valenciaview
130,Amanda Booth,Savings,60043.24,2023-10-14,Fryeshire
131,Erica Lambert,Savings,7744.27,2022-11-27,East Brandonton
