account_id,customer_name,account_type,balance,opened_date,branch
1,Brian Davis,Savings,74194.17,2021-05-31,Lake Ianside
2,Amber Villarreal,Checking,75160.17,2022-08-24,Allenmouth
3,David Wolfe,Business,36281.96,2020-09-22,Buckleyfurt
4,Tammy Thompson,Business,7419.36,2022-06-09,Amandafort
5,Brian Bartlett,Checking,74685.73,2022-08-09,Allenmouth
6,Adam Conrad,Checking,53541.92,2022-01-07,Watersview
7,Reginald Dominguez,Savings,58092.93,2020-11-29,Watersview
8,Jerry Burke,Savings,70964.85,2023-05-10,East Matthewville
9,Willie Smith,Savings,27698.77,2021-11-21,Amandafort
10,Donna Craig,Savings,44951.77,2020-12-21,Buckleyfurt
11,Amy Blankenship,Savings,53352.1,2022-09-13,East Matthewville
12,Francisco Jones,Savings,49990.51,2021-09-12,West Zachary
13,Carla Santiago,Business,62609.08,2022-04-12,Port Jasonfort
14,Samuel Acosta,Checking,18616.03,2021-05-12,Watersview
15,Jennifer Smith,Savings,95017.51,2021-02-14,Port Jasonfort
16,Karen Knight,Business,64669.63,2023-01-07,Rodriguezport
17,Teresa Butler,Business,46825.12,2022-02-09,West Zachary
18,Alexander Jimenez,Checking,1895.28,2023-05-16,Allenmouth
19,Jeremy Gordon,Checking,32054.77,2023-08-14,Port Jasonfort
20,Michael Allen,Business,8418.06,2022-09-13,Amandafort
21,Joseph Bauer,Checking,63921.75,2022-06-11,East Matthewville
22,Tina Evans,Savings,54925.84,2021-11-25,Buckleyfurt
23,Joanna Nunez,Business,95034.19,2022-02-27,West Zachary
24,Ashley Baker,Business,43219.45,2020-02-13,East Matthewville
25,Samuel Kirby,Savings,47163.27,2021-05-08,Watersview
26,Samantha Mendez,Savings,71585.86,2020-11-02,West Zachary
27,Jacob Horn,Savings,8605.39,2022-05-23,Watersview
28,Deborah Gutierrez,Savings,31290.91,2020-06-08,Rodriguezport
29,Samuel Smith,Savings,52877.02,2021-09-24,Lake Kevinburgh
30,Justin Moore,Business,10342.85,2021-06-10,Lake Kevinburgh
31,Lindsay Thompson,Savings,30656.57,2023-08-19,Buckleyfurt
32,Roberta Garcia,Savings,18745.5,2023-01-02,East Matthewville
33,Kimberly Chen,Checking,67004.72,2022-02-16,Lake Kevinburgh
34,Eric Lee,Checking,84264.19,2022-09-19,Lake Kevinburgh
35,Brandon Walker,Savings,4871.4,2022-02-09,Allenmouth
36,Ann Olsen,Business,82289.32,2020-10-14,East Matthewville
37,Mary Hoffman,Savings,40306.02,2022-02-27,West Zachary
38,Howard Reese,Checking,46828.53,2021-06-16,Port Jasonfort
39,Scott Barnes,Savings,22879.28,2021-04-13,Lake Ianside
40,Brian Skinner,Business,87068.16,2023-09-03,Lake Kevinburgh
41,Ryan Diaz,Savings,82569.46,2021-03-02,Allenmouth
42,Melanie Ayala,Savings,72793.44,2021-01-01,Amandafort
43,Thomas Murray,Business,51938.9,2022-02-25,Port Jasonfort
44,Nicole Davis,Business,17670.37,2020-11-09,Lake Ianside
45,Nichole Bailey,Savings,86643.72,2020-03-15,Rodriguezport
46,Kenneth Flores,Savings,48584.78,2023-07-19,West Zachary
47,Christina Collier,Savings,10353.25,2022-05-23,Amandafort
48,Stacy Taylor,Business,19683.33,2021-02-25,West Zachary
49,Laura Guerra,Savings,74322.61,2021-05-14,Allenmouth
50,Kyle Morgan,Savings,35779.29,2022-01-13,Amandafort
51,Brooke Acevedo,Checking,43956.73,2020-02-21,Watersview
52,Wendy Molina,Business,2524.55,2023-07-10,Buckleyfurt
53,Debbie Perez,Checking,88329.48,2023-05-06,Allenmouth
54,Miranda Eaton,Business,83333.11,2023-02-12,Allenmouth
55,David Mccall,Checking,5768.31,2023-08-20,Rodriguezport
56,Lauren Walls,Business,15745.18,2023-02-14,Amandafort
57,Lisa Oneal,Business,57907.18,2021-05-16,Rodriguezport
58,Nancy Baird,Business,293.64,2020-10-03,Watersview
59,Paul Williams,Savings,94942.85,2022-04-26,Allenmouth
60,Deborah Knight,Business,23497.64,2020-11-30,Port Jasonfort
61,Crystal Jones,Savings,26651.39,2020-10-31,Rodriguezport
62,Claire Stewart,Business,77521.48,2024-01-20,Amandafort
63,Taylor Hurley,Checking,23497.2,2022-09-24,Rodriguezport
64,Julia Blake,Checking,99099.16,2020-05-06,Lake Ianside
65,Troy Collins,Business,6359.15,2020-10-25,West Zachary
66,Jennifer Bennett,Business,8838.08,2021-10-20,Rodriguezport
67,Joann Anderson PhD,Business,78335.45,2023-03-27,Port Jasonfort
68,Sabrina Peck MD,Business,85261.08,2020-03-30,Port Jasonfort
69,Hunter Martinez,Savings,12826.52,2021-01-25,West Zachary
70,Carol Blair,Savings,46824.92,2022-06-30,East Matthewville
71,John Harrison,Checking,51088.41,2020-05-20,Lake Ianside
72,Carmen Garcia,Business,87404.43,2021-09-21,Buckleyfurt
73,Michael Parks,Checking,88177.8,2020-12-17,East Matthewville
74,Jessica Wise,Checking,54771.66,2020-09-20,Lake Kevinburgh
75,Michael Sanchez,Savings,76127.07,2022-03-17,Allenmouth
76,Jennifer Gonzalez,Savings,13609.4,2022-12-11,East Matthewville
77,Deanna Rice,Savings,60229.08,2021-08-18,Buckleyfurt
78,Evan Ho,Savings,96820.0,2022-05-22,Lake Kevinburgh
79,David Ramirez,Business,7928.52,2023-03-18,East Matthewville
80,Anthony Smith,Savings,26751.82,2022-10-29,Buckleyfurt
81,Steven Case,Checking,7900.08,2023-10-29,East Matthewville
82,Angela Mendez,Business,97006.78,2020-05-01,Lake Ianside
83,Alexis Nelson,Business,34843.44,2023-03-31,Allenmouth
84,Michael Adams,Business,83305.4,2023-08-19,Buckleyfurt
85,Catherine Moore,Checking,25518.58,2022-03-27,Amandafort
86,Rachel Weaver,Savings,61001.79,2023-05-05,Rodriguezport
87,Heather Kelly,Savings,37045.18,2020-10-02,Amandafort
88,Steven Jones,Savings,95364.21,2024-01-04,Port Jasonfort
89,Michael Bradley,Business,5073.37,2021-05-27,Allenmouth
90,Taylor Thornton,Savings,29503.23,2023-04-19,Lake Kevinburgh
91,Christina Morales,Savings,83223.32,2020-07-08,Watersview
92,Eric Williams,Checking,89759.19,2021-10-11,East Matthewville
93,Anna Brown,Checking,38826.88,2023-07-01,Rodriguezport
94,Jordan Hansen,Checking,44525.45,2023-12-08,Buckleyfurt
95,Amy Miller,Checking,10770.82,2022-02-15,Buckleyfurt
96,Kevin Hernandez,Checking,22538.16,2021-10-25,Allenmouth
97,Melissa Carter,Checking,53757.76,2022-09-03,Lake Kevinburgh
98,Kathleen Goodman,Checking,76316.83,2023-12-28,East Matthewville
99,Jason Dennis,Savings,91412.17,2020-09-16,Amandafort
100,Mark Hodge,Savings,8999.87,2020-05-29,Lake Kevinburgh
101,Joshua Page,Business,31432.9,2020-07-10,Buckleyfurt
102,Elizabeth Davenport DDS,Checking,50644.62,2020-04-18,Lake Kevinburgh
103,Zachary Wilson,Checking,49795.08,2023-05-20,Lake Kevinburgh
104,Mathew Morrison,Checking,65480.91,2022-01-09,Amandafort
105,Joshua Gross,Business,47353.83,2023-04-17,East Matthewville
106,Carlos Caldwell,Checking,87247.81,2022-12-29,Watersview
107,Sarah Coleman,Checking,94713.75,2021-06-24,Watersview
108,Erin King,Checking,95425.42,2022-08-28,Rodriguezport
109,Steven Krueger,Checking,77580.91,2020-02-20,Lake Kevinburgh
110,Angela Williams,Savings,69351.15,2023-03-04,Rodriguezport
111,Mercedes West,Savings,77975.97,2023-10-20,Amandafort
112,Travis Harrison,Savings,9930.05,2021-10-09,Lake Ianside
113,Eddie Turner,Savings,48127.82,2020-05-22,Watersview
114,Brittany Harris,Checking,70400.67,2020-05-04,Rodriguezport
115,Paula Robinson,Checking,86645.62,2023-03-05,Port Jasonfort
116,Jennifer Mcmahon,Savings,57554.89,2022-03-26,Lake Ianside
117,Brian Curry,Checking,14147.7,2023-08-12,Watersview
118,Christopher Peterson,Savings,71620.83,2023-02-05,Rodriguezport
119,Tiffany Sullivan,Business,67178.49,2023-11-07,Buckleyfurt
120,Michael Scott,Business,989.34,2022-07-06,Watersview
121,Nicole Wright,Checking,40788.43,2020-04-25,Buckleyfurt
122,George Krueger,Savings,63859.18,2022-02-16,Buckleyfurt
123,Ryan Smith,Checking,48738.66,2023-09-13,West Zachary
124,Yvette Smith,Business,41268.17,2021-07-21,Amandafort
125,Ashley Reid,Business,16638.02,2023-10-30,East Matthewville
126,Diane Thompson,Savings,55551.53,2021-12-05,Port Jasonfort
127,Aimee Roach DDS,Savings,67884.28,2021-09-17,Lake Kevinburgh
128,Scott Gray,Checking,99253.45,2022-03-27,Lake Ianside
129,Dwayne Tucker,Savings,85754.02,2022-10-29,Port Jasonfort
130,Stephanie Fox,Savings,30589.16,2020-07-09,West Zachary
131,Nathan Davis,Business,65939.77,2022-04-17,Allenmouth
132,Olivia Moore,Savings,15665.92,2021-03-06,Watersview
133,Juan Dean,Checking,88727.56,2020-06-14,West Zachary
134,Steven Yates,Savings,40708.19,2024-01-02,Lake Kevinburgh
135,Sarah Hunt,Checking,8880.19,2021-01-21,Port Jasonfort
136,Alexander Vasquez,Savings,33890.51,2021-07-04,Watersview
