account_id,customer_name,account_type,balance,Opened Date,branch
1,Sean Allen,Checking,45138.96,2021-04-28,Lake Lindaborough
2,Billy Taylor,Checking,43145.48,2022-03-30,Port Rachel
3,Michael Holmes,Checking,88414.38,2020-11-21,Lake Mckenziebury
4,Mark Williams,Savings,48320.25,2022-10-21,Suzanneton
5,Gabrielle Ramos,Savings,83849.34,2021-12-12,Lake Mckenziebury
6,Lisa Johnston,Savings,24297.69,2021-12-25,Lake Lindaborough
7,Taylor Green,Business,60238.23,2022-07-06,West Raymond
8,David Joseph,Savings,24835.96,2023-08-30,Suzanneton
9,Kayla Gray,Savings,80348.5,2021-07-17,Lake Lindaborough
10,Melody Garcia,Savings,73082.28,2022-02-07,Christyburgh
11,Stephen Juarez,Savings,50900.94,2022-04-19,Ethanside
12,Robert Wheeler,Savings,5997.3,2022-07-19,Christyburgh
13,Christopher Villarreal,Checking,75696.09,2024-01-05,Port Rachel
14,Laurie Dean,Checking,74902.21,2023-11-09,Suzanneton
15,Kristi Robinson,Checking,40386.8,2023-08-28,Suzanneton
16,Phillip Nichols,Checking,34932.28,2024-01-10,Port Rachel
17,John Robinson,Business,18627.16,2022-07-24,Suzanneton
18,Sheila Woodard,Checking,13548.35,2024-01-07,Jacksonland
19,Marissa Armstrong,Savings,29391.66,2020-08-01,Lake Lindaborough
20,Jacob Schneider,Checking,17239.95,2021-10-05,Ethanside
21,Christian Black,Savings,57115.92,2023-12-27,West Raymond
22,Jeremy Franco,Checking,81810.53,2022-03-05,Suzanneton
23,Charlene Thomas,Savings,28158.16,2023-08-28,Jacksonland
24,Jesse Stevens,Checking,69257.09,2023-03-06,Lake Mckenziebury
25,Eric Ortiz,Savings,80063.79,2022-10-28,Port Rachel
26,Angelica Aguilar,Checking,32070.1,2020-11-30,West Raymond
27,Jeffrey Sims,Savings,78958.15,2020-07-09,Jacksonland
28,Andrew Benson,Business,66809.08,2023-10-10,Lake Stephanie
29,April Lane,Business,74286.97,2022-08-21,Lake Mckenziebury
30,Scott Pierce,Savings,78221.19,2020-06-01,Suzanneton
31,Lori Cooper,Savings,11819.43,2020-05-14,Lake Mckenziebury
32,Michelle Avila,Savings,20561.82,2023-10-06,Ethanside
33,Anthony Franklin,Savings,25104.72,2021-01-04,Christyburgh
34,Kathryn Clark,Savings,50138.35,2021-11-01,Lake Lindaborough
35,Justin White DDS,Checking,45825.7,2021-01-18,Ethanside
36,Gerald Williams,Checking,76180.51,2023-05-15,Jacksonland
37,Eric Hernandez,Business,58513.84,2023-09-11,Ethanside
38,Jesse Schneider,Checking,71898.36,2022-06-14,Lake Lindaborough
39,Paul Hoffman,Business,82969.69,2023-04-30,Christyburgh
40,Paul Church,Checking,1747.45,2021-01-22,Lake Mckenziebury
41,Kimberly Rodriguez,Savings,86518.65,2021-05-23,Hammondside
42,Robert Thomas,Checking,93742.44,2021-08-27,Lake Mckenziebury
43,Leslie Lee,Checking,48670.58,2024-01-03,Suzanneton
44,Nathan Marshall,Savings,21722.32,2020-03-06,Lake Mckenziebury
45,Robert Morgan,Savings,91621.17,2023-09-08,West Raymond
46,Justin Moon,Checking,75516.64,2023-05-26,Jacksonland
47,Sharon Hernandez,Business,49939.62,2020-09-01,Lake Stephanie
48,Keith Mcmahon,Business,73011.03,2022-09-10,Jacksonland
49,David Tran,Business,75623.65,2020-10-09,Lake Mckenziebury
50,Rhonda Juarez,Savings,79518.83,2020-04-17,Hammondside
51,Derrick Christian,Savings,83605.24,2023-05-02,Lake Mckenziebury
52,Sarah Snow,Savings,8652.09,2023-09-19,Suzanneton
53,Mary Perkins,Checking,60972.25,2022-09-24,Christyburgh
54,Gordon Riley,Savings,29430.15,2023-04-13,Port Rachel
55,Jennifer Chen,Business,57001.19,2020-03-17,Hammondside
56,Yolanda Stone,Business,40547.5,2023-01-28,Lake Mckenziebury
57,Tiffany Beck,Savings,75761.62,2022-04-30,Lake Mckenziebury
58,Amy Hill,Checking,5186.4,2022-09-06,Lake Stephanie
59,Steven Kaiser,Business,94184.27,2020-09-02,Jacksonland
60,Rachel Wood,Business,98600.42,2020-06-16,Christyburgh
61,Adrienne Gonzalez,Savings,63019.83,2021-09-07,Port Rachel
62,William Mckinney,Savings,91414.59,2023-11-12,Jacksonland
63,Mr. Brandon Bennett,Savings,83599.59,2021-03-12,Port Rachel
64,Brandon Gray MD,Savings,71730.74,2020-06-24,Lake Lindaborough
65,Christine Thompson,Checking,52986.22,2023-04-26,Ethanside
66,Steven Dunn,Savings,43412.84,2020-05-31,West Raymond
67,Brandon Robinson,Business,25031.82,2020-12-19,Jacksonland
68,Christine Miller,Business,15214.85,2022-06-07,Ethanside
69,Wayne Herrera,Checking,73744.25,2022-04-03,Christyburgh
70,Brianna Carter,Checking,43382.64,2021-11-23,West Raymond
71,Mary Briggs,Business,93986.82,2022-09-03,Jacksonland
72,Jennifer Yates,Business,4611.97,2022-06-25,Suzanneton
73,Ann Bowman,Checking,43722.55,2022-09-20,West Raymond
74,Matthew Gomez,Savings,43671.85,2022-05-15,Ethanside
75,Mariah Scott,Checking,24203.93,2023-10-27,Port Rachel
76,Clayton Williams,Checking,71929.9,2020-07-07,West Raymond
77,Charles Navarro,Savings,66272.08,2022-04-11,Lake Mckenziebury
78,Erica Jackson,Business,4786.16,2022-10-04,West Raymond
79,Brittany Patel,Savings,46562.0,2020-11-30,Lake Stephanie
80,Mark Carr,Business,61238.86,2022-01-14,Lake Lindaborough
81,Todd Hernandez,Savings,83988.2,2022-07-29,Hammondside
82,Mrs. Sabrina Simmons,Checking,90524.64,2021-07-08,Suzanneton
83,Johnathan Bryan,Savings,39829.71,2020-02-28,Christyburgh
84,Amanda Reese,Savings,50818.46,2021-01-12,Hammondside
85,Allison Benton,Checking,61474.42,2022-02-14,Lake Lindaborough
86,Meagan Huang,Savings,44757.52,2022-06-02,Hammondside
87,Yvonne Prince,Business,18935.03,2021-07-28,Suzanneton
88,Catherine Grant,Business,31456.08,2021-02-03,West Raymond
89,Scott Carter,Checking,20399.29,2021-04-21,Lake Stephanie
90,Lindsay Taylor,Checking,42857.0,2023-10-24,Lake Stephanie
91,Derek Sandoval,Business,75797.19,2022-02-07,West Raymond
92,Michelle Robles,Business,76234.96,2023-07-26,Suzanneton
93,Madison Lewis,Savings,8395.22,2021-04-29,Suzanneton
94,Kimberly Camacho,Savings,43297.77,2022-11-05,Lake Lindaborough
95,Chelsea Sampson,Business,15579.52,2022-04-08,Hammondside
96,Tiffany Williams,Checking,76190.3,2021-04-04,Christyburgh
97,Jennifer Bell,Checking,52261.1,2023-03-20,West Raymond
98,Lisa Cox,Savings,15496.71,2023-06-09,Ethanside
99,Michael Watson,Business,94611.36,2023-06-14,Ethanside
100,Eric Foster,Checking,72905.92,2022-11-19,Lake Stephanie
101,Devon Bell,Business,84984.0,2022-11-28,Lake Stephanie
102,Paul Martin,Business,12726.08,2020-06-13,Lake Mckenziebury
103,Henry Henry,Savings,51290.45,2023-01-06,Ethanside
104,Danielle Randall,Checking,75846.55,2020-08-13,Lake Lindaborough
105,David Moore,Business,26369.93,2022-05-28,Christyburgh
106,Lisa Dillon,Business,45177.11,2022-01-31,Lake Stephanie
107,Charles Jackson,Business,9853.81,2020-11-20,Lake Stephanie
108,Laura Kelley,Savings,88414.89,2023-11-24,Jacksonland
109,Noah Robinson,Checking,71511.84,2021-08-14,Christyburgh
110,Malik Mora,Business,19307.98,2022-01-29,West Raymond
111,Terri Evans,Business,77316.21,2023-11-20,Jacksonland
112,Felicia Sanders,Checking,48371.52,2021-12-24,Hammondside
113,Gerald Lynch,Checking,15475.79,2023-05-11,West Raymond
114,Dylan Lee,Business,23525.59,2020-06-07,Jacksonland
115,Daniel Sexton,Savings,10355.32,2021-04-12,Suzanneton
116,Keith Fernandez,Business,18124.63,2022-06-14,Lake Mckenziebury
117,Jennifer Hines,Savings,5343.08,2022-09-25,Lake Lindaborough
118,Katherine Ross,Business,77785.57,2021-10-23,Ethanside
119,Douglas Chavez,Business,23143.84,2023-09-17,Hammondside
120,Heather Washington,Checking,3864.65,2020-08-05,Lake Lindaborough
121,Michelle Mills,Checking,42280.55,2020-02-12,Port Rachel
122,Andrew Randall,Business,95993.46,2020-05-07,Lake Mckenziebury
123,Samuel Cruz,Business,44083.95,2022-06-17,Jacksonland
124,Erika Combs,Savings,90717.84,2023-05-20,Hammondside
125,Monique West,Checking,77677.2,2022-02-28,Lake Lindaborough
126,Juan Turner,Business,30436.73,2021-06-28,Ethanside
127,Natalie Washington,Savings,45869.38,2023-03-21,Port Rachel
128,Douglas Stevens,Savings,81807.2,2021-05-14,Hammondside
129,Sarah Long,Savings,77613.53,2021-01-04,Christyburgh
130,Rebecca Allen,Savings,19809.35,2023-12-02,Christyburgh
131,Mark Johnson,Business,23009.41,2020-11-07,Christyburgh
132,Marie Campbell,Business,74799.85,2021-05-27,Lake Stephanie
133,Penny Rogers,Savings,69565.54,2020-09-06,Suzanneton
134,Kenneth Barton,Checking,67672.33,2022-06-08,Christyburgh
135,Michael Moore,Savings,93258.55,2023-08-16,Ethanside
136,David Mathis,Savings,63110.72,2023-08-26,Jacksonland
137,Jon Webb,Checking,42203.81,2023-12-03,Lake Lindaborough
138,Bruce Lopez,Checking,31715.65,2023-01-31,Lake Lindaborough
139,Kyle Wilkerson,Savings,10339.07,2023-08-17,West Raymond
140,Mr. Andrew Snow PhD,Business,63154.43,2023-12-03,Suzanneton
141,William Salas,Checking,13369.57,2020-08-13,Hammondside
142,Rachel Moore,Savings,825.91,2021-01-27,Christyburgh
