account_id,customer_name,account_type,balance,branch
1,Kimberly Armstrong,Business,62084.75,New Madisonview
2,Joseph Blair,Checking,75440.6,South Donnahaven
3,Glenn Barnes,Savings,19650.62,Singhburgh
4,Patricia Gallegos,Checking,41655.98,Singhburgh
5,Christine Lloyd,Savings,71107.32,New Madisonview
6,Jason Williams,Business,89453.52,Royhaven
7,Robert Humphrey,Business,46139.32,Royhaven
8,Todd Rivera,Business,87765.6,Royhaven
9,Kenneth Oconnor,Savings,23362.71,West Kimberly
10,Shelly Long,Checking,78821.33,North Davidland
11,Darrell Bennett,Business,82702.61,South Donnahaven
12,James Wilkinson,Savings,37603.35,Singhburgh
13,Christopher Brown,Savings,9078.28,New Madisonview
14,Sherry Bowman MD,Business,40110.21,North Davidland
15,Christie Vargas,Business,37547.66,West Kimberly
16,Tammy Baker,Business,4701.9,Schmidtland
17,Michael Johnson,Business,95442.75,New Madisonview
18,Sonia Smith,Savings,17126.32,New Michaelstad
19,Thomas Jackson,Checking,57481.44,Lake Nancy
20,Kristen Pacheco,Business,77245.45,Singhburgh
21,Sonya Nash,Checking,54107.78,New Michaelstad
22,Jonathan White DDS,Business,48359.92,South Donnahaven
23,Sarah Crawford,Checking,37257.38,West Keithborough
24,Meghan Patterson,Checking,64174.03,New Michaelstad
25,Kayla Drake,Business,40269.39,New Madisonview
26,Anthony Hall,Checking,60394.77,Royhaven
27,Melissa Hill,Business,80086.48,Singhburgh
28,Jessica Ferguson,Checking,2677.55,Royhaven
29,Shannon Lopez,Checking,34815.31,New Michaelstad
30,Charles West,Checking,27149.91,Lake Nancy
31,William Chapman,Business,51016.14,West Keithborough
32,Danielle Simmons,Checking,86998.6,West Keithborough
33,Michelle Gonzalez,Checking,91867.87,New Michaelstad
34,Michelle Burnett,Checking,89330.56,North Davidland
35,Michaela Reid,Checking,91364.96,West Keithborough
36,Allison Anderson,Business,46102.16,West Keithborough
37,Kevin Swanson,Savings,12575.2,West Keithborough
38,Noah Hamilton,Checking,2911.25,West Kimberly
39,Paul Ramirez,Checking,36313.6,South Donnahaven
40,Katie Jackson,Savings,51798.69,Lake Nancy
41,Joshua Smith,Savings,2341.73,West Kimberly
42,Veronica Fuller,Savings,77636.76,North Davidland
43,Jean White,Business,47581.13,West Keithborough
44,David Jones,Checking,66030.72,North Davidland
45,Jean Smith,Savings,46482.68,South Donnahaven
46,Brenda Morgan,Savings,45613.74,Singhburgh
47,Stephanie Moore,Checking,16644.01,South Donnahaven
48,Mary Valdez,Business,28692.29,North Davidland
49,Michelle Williamson,Checking,50226.8,North Davidland
50,Rebecca Tucker,Business,68003.46,Singhburgh
51,Gerald Sheppard,Business,75411.27,Royhaven
52,Katie Woods,Savings,9502.57,West Kimberly
53,Austin Hardy,Savings,41914.83,Royhaven
54,Laura Stanton,Savings,92435.12,North Davidland
55,Bradley Quinn,Checking,41895.79,Lake Nancy
56,Melissa Cooper,Checking,83115.62,Lake Nancy
57,Rachel Payne,Business,4444.72,Singhburgh
58,Johnathan Hoover,Savings,58635.59,Singhburgh
59,Pamela Mcgee,Checking,79198.18,Schmidtland
60,Linda Carter,Savings,32109.08,Lake Nancy
61,Cameron Harris,Business,47192.28,Royhaven
62,Mr. John Coffey Jr.,Savings,49647.15,North Davidland
63,Linda Gutierrez,Checking,55218.22,Lake Nancy
64,Lori Harris,Business,12600.1,New Michaelstad
65,Donald Martin,Savings,38007.29,Lake Nancy
66,Stacy Wise,Savings,82286.48,Royhaven
67,Karen Trevino,Savings,15983.21,Royhaven
68,Elaine Jackson MD,Checking,25577.56,South Donnahaven
69,Kimberly Gibbs,Savings,17685.02,West Kimberly
70,Kenneth Arias,Savings,55505.91,New Michaelstad
71,Ricky Lane,Savings,44807.29,West Kimberly
72,Faith Moore,Business,82787.05,North Davidland
73,John Singleton,Checking,64690.0,Schmidtland
74,Wesley Marsh,Savings,34902.29,New Michaelstad
75,Misty Sims,Savings,12916.12,West Kimberly
76,Donna Crane,Savings,98445.8,North Davidland
77,Noah Rodriguez,Savings,35911.07,West Keithborough
78,John Flores,Checking,6600.83,Royhaven
79,Daniel Alexander,Savings,9410.79,West Keithborough
80,Brad Campos,Checking,9002.71,West Kimberly
81,Mrs. Laura Parker MD,Business,37839.05,New Madisonview
82,Emma Price,Business,26121.67,North Davidland
83,Collin Castillo,Savings,35852.12,New Michaelstad
84,Robert White,Business,82737.34,New Madisonview
85,Thomas Oneal,Business,57286.03,Singhburgh
86,Holly Decker,Business,85633.25,Schmidtland
87,Sarah Scott,Checking,69540.97,West Kimberly
88,April Tran,Business,9017.24,South Donnahaven
89,Kristin Hernandez,Checking,60501.59,Lake Nancy
90,Daniel Thomas,Business,72234.91,North Davidland
91,Jason Dawson,Checking,63372.18,Lake Nancy
92,Jeffrey Wells,Savings,38903.75,New Madisonview
93,Martin Forbes,Checking,36499.98,Schmidtland
94,Sandra Boone,Checking,43043.29,Royhaven
95,Catherine Robinson,Checking,23832.41,West Kimberly
96,Denise Porter,Checking,81891.0,West Kimberly
97,Suzanne Holt,Checking,40131.42,North Davidland
98,Sonya Brewer,Checking,15648.39,Singhburgh
99,Melissa Zhang,Savings,76304.68,North Davidland
100,Patrick Ortiz,Checking,89618.1,Singhburgh
101,Lauren Johnson,Savings,51754.37,New Michaelstad
102,Gary Sandoval,Business,2555.44,Royhaven
103,Andre Obrien,Business,40184.58,Lake Nancy
104,Thomas Page,Business,25783.23,Lake Nancy
105,Elizabeth Vazquez,Business,63851.03,West Kimberly
106,Ryan Nelson,Business,71866.91,New Madisonview
107,Felicia Roberts,Business,8741.44,Singhburgh
108,James Raymond,Business,65654.68,West Kimberly
109,Joy Cooper,Checking,86821.47,New Madisonview
110,Robert Werner,Checking,27805.16,Royhaven
111,Ivan Santana,Savings,82016.22,Royhaven
112,Carlos Riddle,Checking,75074.87,West Kimberly
113,Angela Freeman,Savings,95829.03,New Michaelstad
114,Leslie Caldwell,Business,98317.8,Royhaven
115,Wendy Rhodes,Business,42254.79,West Kimberly
116,Patricia Murray,Business,84361.78,West Kimberly
117,Andrea Reyes,Business,9681.98,West Kimberly
118,James Cooper,Checking,94405.15,Singhburgh
119,Cindy Simmons,Business,75064.27,Singhburgh
120,Melissa Thomas,Savings,68615.64,West Kimberly
121,Kent Cook,Checking,73532.25,North Davidland
122,Frank Gonzales,Business,57702.1,Lake Nancy
123,Justin Edwards,Business,53598.68,Lake Nancy
124,Pamela Armstrong,Business,7369.06,Singhburgh
125,Bill Holloway,Checking,65979.09,West Keithborough
126,Diane Grant,Business,44310.46,West Keithborough
127,Ashley Fischer,Savings,47750.04,West Keithborough
128,Brittany Krause,Checking,50801.11,Schmidtland
129,Sarah Carter,Savings,56305.76,Singhburgh
130,Anthony Anthony,Savings,88405.42,South Donnahaven
131,Adam Martinez,Savings,94522.16,Schmidtland
132,Chad Cruz,Savings,16656.1,New Madisonview
133,Monica Hernandez,Savings,15419.55,New Michaelstad
134,Patricia Wiggins,Savings,85997.82,North Davidland
135,Elizabeth Buck,Checking,10566.64,West Kimberly
136,Karla Smith,Savings,11475.29,New Michaelstad
137,Joshua Gutierrez,Business,41330.76,North Davidland
138,Anthony Wells,Business,86362.61,North Davidland
139,Melinda Miller,Business,72711.66,Schmidtland
140,James Mitchell,Checking,53771.61,South Donnahaven
141,Michelle Lee,Savings,12549.3,Royhaven
142,Julie Hansen,Savings,99257.29,Schmidtland
143,John Blackburn,Checking,41782.59,South Donnahaven
144,Benjamin Diaz,Business,45597.82,New Madisonview
145,Anita Deleon,Checking,23683.72,Lake Nancy
146,John Solomon,Savings,55806.95,New Madisonview
147,Heather Norris,Checking,68138.83,New Madisonview
148,Leon Jimenez,Savings,44027.93,New Madisonview
149,Michelle Miller,Checking,10593.35,West Keithborough
150,Ian Mann,Checking,45780.88,Lake Nancy
151,Randy Flores,Business,85739.67,Singhburgh
152,Katie Thompson,Savings,41058.8,Schmidtland
153,Frank James,Checking,48839.26,North Davidland
154,Charles Jackson,Checking,82291.43,North Davidland
155,Phyllis Williams,Savings,86136.74,West Keithborough
156,Jennifer Newman,Savings,81390.58,New Michaelstad
157,Megan Carrillo,Savings,31232.06,West Kimberly
158,Alexander Robbins,Checking,21390.13,North Davidland
159,Samantha Montoya,Business,69392.81,Schmidtland
