customer_name,account_type,account_id,balance,branch
Mary Morrow,Savings,1,4345.36,West John
Zachary Marquez,Savings,2,93452.25,Lesliebury
Steven Davis,Checking,3,33810.18,North Keith
Kevin Hickman,Checking,4,92197.41,New Jessicaside
Kayla Nunez,Business,5,33177.98,Jonathanstad
Natalie Davis,Savings,6,19826.49,Port Joshua
Kimberly Jones,Checking,7,48895.86,West John
Erin Colon,Business,8,40515.61,Port Jessica
Charles Morrison,Savings,9,76754.0,Margarethaven
Yolanda Noble,Savings,10,16358.13,Wrightside
Ashley Hunter,Savings,11,40693.53,Williamborough
James Giles,Business,12,69175.35,Jonathanstad
David Keith,Savings,13,75119.73,Port Joshua
Kristin Phillips,Savings,14,84956.38,North Keith
Daniel Taylor,Savings,15,64195.95,North Keith
Amy Terry,Savings,16,58508.37,Port Jessica
Theodore Mcgee,Business,17,8492.31,Jonathanstad
Douglas Smith,Checking,18,1990.97,North Keith
Jesus May,Checking,19,47894.84,North Keith
Tiffany Campbell,Business,20,35344.64,Williamborough
Wesley Garcia,Checking,21,49532.02,Williamborough
Andrea Black,Savings,22,10314.33,Lesliebury
Richard Rogers,Business,23,72660.05,Port Jessica
Austin Shaw,Savings,24,73513.95,West John
Benjamin Caldwell,Checking,25,82815.94,Williamborough
Kayla Russell,Checking,26,4881.45,Williamborough
Sarah Gonzalez,Business,27,1048.44,Wrightside
Ricardo Anderson,Checking,28,52201.75,Margarethaven
Elizabeth Walker,Checking,29,16626.82,Lesliebury
Raven Lopez,Checking,30,39907.66,Margarethaven
Scott Porter,Checking,31,47464.22,Port Jessica
Christine Anderson,Business,32,60293.87,Wrightside
Kathy Chapman,Checking,33,46909.05,Williamborough
Stephanie Jones,Savings,34,26104.26,West John
Catherine Bullock,Checking,35,21033.75,Williamborough
Yesenia Hodge,Checking,36,10106.72,West John
Connie White,Savings,37,49171.93,Wrightside
Nancy Wiley,Business,38,19339.11,Margarethaven
Matthew Flores,Business,39,22244.84,North Keith
Peter Phillips,Checking,40,69175.73,Margarethaven
Jennifer Ferguson,Savings,41,59286.68,West John
Jason Williams,Savings,42,1368.0,Port Joshua
Beth Rodriguez,Checking,43,57933.54,New Jessicaside
David Trujillo,Savings,44,51373.73,Williamborough
Crystal Austin,Savings,45,62612.92,Wrightside
Mark Williams,Savings,46,99732.26,Margarethaven
Ronald Christian,Business,47,54194.76,Wrightside
Melanie Davis,Savings,48,342.0,Jonathanstad
Jennifer Pearson,Business,49,61001.55,North Keith
Mrs. Kristen Pratt,Business,50,51944.8,North Keith
Paul Scott,Checking,51,91450.87,New Jessicaside
Ryan Hernandez,Business,52,14390.33,Jonathanstad
Dale Mejia,Business,53,5728.2,Port Jessica
Tammy Moore,Checking,54,60309.73,Lesliebury
Mary Elliott,Savings,55,89984.58,Jonathanstad
Adam Moreno,Checking,56,69397.0,Jonathanstad
Laura Davis,Savings,57,5615.12,Jonathanstad
Sarah Underwood MD,Checking,58,30513.02,Lesliebury
Andrew Davila,Business,59,79613.15,Port Jessica
Sara Gilbert,Checking,60,92723.99,Port Joshua
Gary Savage,Savings,61,45700.3,Williamborough
Jason Gibson,Business,62,71927.46,Lesliebury
Jason Marshall,Checking,63,84059.27,Jonathanstad
Kayla Allen,Business,64,77111.81,North Keith
Brent Williams,Savings,65,50847.96,Margarethaven
Pamela Peters,Savings,66,26533.35,Lesliebury
Joann Parker,Business,67,36959.99,Jonathanstad
James Wilson,Savings,68,40045.63,Port Joshua
Barbara Rogers,Savings,69,9209.91,North Keith
Emily Bush,Business,70,20523.11,Wrightside
Sherri Cannon,Savings,71,19014.47,New Jessicaside
Mason Garcia,Checking,72,4264.59,Margarethaven
Carla Harrington,Business,73,55136.66,Jonathanstad
Kelly Walker,Checking,74,28634.99,Port Joshua
Tracey Young,Checking,75,17659.71,Wrightside
Matthew Yates,Business,76,31976.27,West John
Sara Black,Checking,77,27534.82,Wrightside
Clayton Arnold,Checking,78,8973.15,North Keith
Andrew Allen,Checking,79,61226.95,North Keith
Jerome Johnson,Checking,80,22895.44,Port Joshua
Rose Beck,Savings,81,28969.89,New Jessicaside
Emma Olsen,Business,82,47338.31,Lesliebury
Daniel Maldonado,Savings,83,61325.87,Jonathanstad
Jennifer Hopkins,Business,84,14409.35,North Keith
William Snyder,Checking,85,57285.48,Williamborough
Timothy Oconnor,Savings,86,8061.16,West John
Tracy Reed,Checking,87,86251.7,Williamborough
Heidi Smith,Savings,88,35825.46,New Jessicaside
Lisa Hoffman,Savings,89,82643.3,New Jessicaside
Connie Hurley,Savings,90,56680.63,Lesliebury
Joel Schroeder,Savings,91,56725.93,Port Jessica
Christian Robinson,Business,92,90730.79,Lesliebury
Anthony Campbell,Savings,93,99770.01,Wrightside
Nicole Russell,Business,94,32025.3,Margarethaven
Kathleen Miller,Checking,95,13500.02,New Jessicaside
Christopher Thomas,Business,96,95494.15,Margarethaven
Elizabeth Gilbert,Checking,97,3027.45,West John
Christopher Aguilar,Savings,98,92499.96,New Jessicaside
Jennifer Jacobs,Checking,99,13956.08,Wrightside
Gary Henry,Business,100,32728.56,Jonathanstad
Rachel Wagner,Checking,101,10529.87,Port Jessica
Eric Wong,Savings,102,30648.23,Port Jessica
Amber Johnson DDS,Checking,103,40502.3,Jonathanstad
Annette Cordova,Savings,104,89246.26,Port Joshua
Angela Simmons,Savings,105,52837.95,Port Joshua
Diana Rios,Savings,106,28713.4,West John
Kathleen Foley,Business,107,63469.53,Port Jessica
Kevin Gross,Savings,108,47983.8,Port Joshua
Sherry White,Checking,109,37402.22,New Jessicaside
Patricia Williams,Savings,110,2300.17,Jonathanstad
Janet Oliver,Savings,111,20483.1,Williamborough
Tiffany Allen,Savings,112,46662.11,Margarethaven
Alice Gonzales,Business,113,62215.33,Lesliebury
Kevin Oconnor,Business,114,43359.77,New Jessicaside
Craig Bryant,Checking,115,27960.87,New Jessicaside
Connor Hunter,Business,116,8147.42,Port Jessica
Bianca Hall,Business,117,91993.63,Wrightside
Eric Gaines,Checking,118,4498.01,Jonathanstad
Kristy White,Checking,119,86638.49,Margarethaven
Andrew Johnson,Business,120,33570.48,West John
Joshua Miles,Checking,121,48109.76,Wrightside
Karen Davis,Checking,122,20952.41,Margarethaven
Rebecca Smith,Checking,123,64801.28,Wrightside
William Richard,Savings,124,78261.08,West John
Laura Dodson,Business,125,34965.4,West John
Robert Tanner,Savings,126,8439.28,Jonathanstad
Crystal Wolfe,Business,127,36519.05,West John
Kevin Quinn,Savings,128,10454.17,Margarethaven
Jay Collier,Savings,129,15945.5,Port Joshua
Alan Martin,Checking,130,35720.83,West John
Lisa Jimenez MD,Checking,131,86894.1,Port Joshua
Jonathan Rosales,Checking,132,60085.69,Port Jessica
Tony Hunt,Checking,133,56551.52,New Jessicaside
Carla Wolfe,Checking,134,82723.56,Margarethaven
Kathy Green,Savings,135,56124.31,Port Jessica
Lauren Jimenez,Checking,136,20879.77,New Jessicaside
Dr. Jennifer Freeman MD,Savings,137,89900.35,Jonathanstad
Latasha Austin,Checking,138,7218.93,Williamborough
William Hernandez,Savings,139,49416.01,New Jessicaside
Briana Clayton,Savings,140,64445.06,Port Joshua
Erika Parker,Business,141,30772.47,Jonathanstad
Thomas Chapman,Checking,142,99886.16,Port Joshua
Erica Collins,Savings,143,51194.8,Port Jessica
Brandon Harris,Business,144,70633.39,New Jessicaside
Jacqueline Spencer,Checking,145,75536.76,New Jessicaside
Theresa Fleming,Business,146,73770.69,Port Joshua
Diane Whitaker,Savings,147,24181.94,North Keith
