account_id,customer_name,account_type,balance,opened_date,branch
1,Jennifer Romero,Savings,71568.61,2022-05-05,West Joseph
2,Joseph Lee,Checking,2994.04,2021-12-09,West Joseph
3,Daniel Phelps,Business,54136.32,2022-05-14,Perrystad
4,Steven Soto,Checking,93984.95,2020-06-19,Cynthiaberg
5,Vanessa Cooke,Savings,17357.46,2023-12-03,Perrystad
6,Cynthia Bright,Checking,4731.92,2021-08-04,Roblesmouth
7,Jennifer Bradley,Business,78319.75,2021-10-27,Roblesmouth
8,Dana Simmons,Checking,97643.04,2021-11-16,Cynthiaberg
9,Kenneth Ayers,Business,55057.91,2020-10-15,Scottside
10,Monica Cain,Savings,3953.98,2022-03-13,Lake Charles
11,Lisa Beasley,Savings,42688.03,2023-05-26,Amandafort
12,Amy Rios,Savings,82295.81,2021-01-24,Roblesmouth
13,Lauren Ryan,Business,33331.29,2020-12-01,Amandafort
14,Jonathan Jennings,Savings,88333.5,2020-09-05,Scottside
15,Stephen Atkinson,Checking,42713.15,2022-03-16,West Joseph
16,Tyrone Palmer,Checking,80430.32,2020-11-30,West Joseph
17,Matthew Campbell,Savings,18206.06,2024-01-13,Cynthiaberg
18,Joshua Gordon,Savings,11079.38,2021-06-30,Port Maryburgh
19,Cesar Morris,Business,87860.31,2024-01-21,Perrystad
20,Trevor Vargas,Savings,32218.6,2021-06-21,Amandafort
21,Ryan Anderson,Business,78685.13,2022-05-30,Kellytown
22,Melissa Cross,Checking,34122.45,2022-03-03,Roblesmouth
23,Jennifer Reyes,Business,67424.98,2022-06-25,Kellytown
24,Donna Erickson,Savings,59253.91,2021-03-06,Kellytown
25,Christina Pena,Business,87045.02,2022-11-05,Port Maryburgh
26,Julie Miller,Savings,90166.23,2021-01-06,Amandafort
27,Jessica Salinas,Savings,76116.61,2020-04-02,Kellytown
28,Patricia Perez,Business,70937.31,2020-05-16,Natalieberg
29,Linda Smith,Checking,45645.25,2022-11-26,Perrystad
30,Lisa Parsons,Checking,86624.14,2022-09-12,Scottside
31,John Cabrera,Checking,20056.25,2023-12-07,Scottside
32,Alexa Cole,Checking,9827.07,2022-09-07,Kellytown
33,Joseph Mason,Business,31465.15,2023-09-20,Scottside
34,Christine Conley,Business,68505.63,2023-07-26,Natalieberg
35,Alyssa Sanchez,Checking,19725.77,2021-10-04,West Joseph
36,Jared Glover,Checking,94281.98,2020-08-21,Roblesmouth
37,Michael Smith,Savings,48286.32,2021-08-12,Cynthiaberg
38,Luis Owens,Business,9998.11,2021-10-12,Perrystad
39,Melissa Allen,Checking,88184.04,2020-12-25,Natalieberg
40,Mary Richardson,Checking,6095.21,2023-12-11,Roblesmouth
41,Dr. Mackenzie Hahn,Checking,12046.69,2022-09-11,Roblesmouth
42,Crystal Nelson,Business,75106.69,2023-03-15,Port Maryburgh
43,James Nguyen,Business,2107.4,2020-11-16,Amandafort
44,Shelly Brown,Checking,36710.78,2022-11-29,Cynthiaberg
45,Kenneth Smith,Business,2038.34,2021-12-05,Amandafort
46,Erin Pena,Checking,84431.16,2022-05-17,Lake Charles
47,Dana Jenkins,Savings,28217.41,2022-04-07,West Joseph
48,Michael Downs,Business,92937.93,2024-02-03,Natalieberg
49,Hector Kramer,Checking,46096.79,2023-01-03,Roblesmouth
50,Jennifer Norton,Checking,38890.42,2022-03-14,Lake Charles
51,Brenda Andrews,Business,8074.07,2021-12-29,West Joseph
52,Michele Holt,Savings,18959.92,2022-10-17,Perrystad
53,Vanessa Rogers,Checking,25463.26,2023-09-20,Lake Charles
54,Anne Case,Savings,17853.77,2023-08-25,Roblesmouth
55,Anthony Allen,Savings,73291.93,2020-10-20,Natalieberg
56,Matthew Lopez,Business,77431.41,2023-06-06,Natalieberg
57,Michael Ortega,Checking,57395.3,2021-12-22,Cynthiaberg
58,William Conley,Savings,68486.46,2023-09-23,Roblesmouth
59,Terry Cooper,Savings,99772.01,2022-07-02,Scottside
60,Peter Colon,Checking,43092.11,2023-08-18,Amandafort
61,Charles Lloyd,Savings,34307.11,2020-07-29,Port Maryburgh
62,Tammy Santana MD,Savings,33353.38,2023-07-27,Roblesmouth
63,Samuel Bell,Savings,96086.11,2020-08-07,West Joseph
64,Christopher Dixon,Checking,88906.65,2020-02-28,Natalieberg
65,Jonathan Williams,Checking,8109.37,2020-03-05,Perrystad
66,Travis Davis,Savings,21315.81,2020-04-28,Lake Charles
67,Lisa Brown,Savings,56367.86,2021-06-04,West Joseph
68,Jessica Sullivan,Savings,27938.58,2021-12-07,Amandafort
69,Jennifer Kent,Business,69686.9,2022-03-02,Amandafort
70,Christine Jones,Checking,98688.07,2021-09-20,Perrystad
71,Bethany Lopez,Checking,44333.54,2022-07-15,Roblesmouth
72,Laura Moore,Business,60867.75,2020-06-01,Scottside
73,Melissa Simmons,Savings,77098.71,2024-01-11,Roblesmouth
74,Joshua Hubbard,Checking,45077.79,2021-04-27,Amandafort
75,Monica Neal,Savings,30586.95,2021-02-28,Lake Charles
76,Nicholas Gilbert,Checking,23120.59,2023-01-05,Amandafort
77,Donna Pugh,Checking,48471.22,2022-12-17,Perrystad
78,Kevin Bradley,Business,81327.11,2023-12-28,Lake Charles
79,Natalie Cook,Savings,6413.49,2022-08-17,Kellytown
80,Lisa Schmidt MD,Savings,31325.61,2020-10-03,Lake Charles
81,Mark Smith,Business,66092.99,2020-03-30,Scottside
82,Brandon Schmidt,Checking,72917.9,2024-01-03,Perrystad
83,Mia Vega,Business,68003.71,2021-06-24,Amandafort
84,Kaitlyn Holmes,Checking,27269.92,2020-04-04,Natalieberg
85,Mark Carpenter,Savings,69130.23,2021-01-23,Cynthiaberg
86,Frank Foster,Checking,2966.07,2022-05-13,Natalieberg
87,Katie Robbins,Savings,33524.68,2021-05-27,Amandafort
88,Bruce Lowe,Business,67996.72,2022-01-26,Amandafort
89,Curtis Gentry,Savings,89813.6,2022-12-25,Cynthiaberg
90,Douglas Harris,Business,29225.51,2021-03-14,Natalieberg
91,Mary Parsons,Checking,3580.35,2023-03-07,Roblesmouth
92,Shawn Todd,Savings,99820.08,2023-07-14,Port Maryburgh
93,Dylan Clark,Savings,19444.45,2021-03-04,Kellytown
94,Jordan Pearson,Business,98866.98,2022-06-17,Lake Charles
95,Maria Lawrence,Business,98679.34,2022-07-28,Amandafort
96,Summer Torres,Checking,84112.74,2023-05-21,Scottside
97,Kimberly Ferrell,Business,10186.57,2020-11-22,Kellytown
98,Matthew Villanueva,Business,94445.47,2022-10-27,Lake Charles
99,Evan Williams,Checking,41299.95,2021-01-27,Perrystad
100,Timothy Kennedy,Savings,9511.89,2023-08-06,Roblesmouth
101,Sarah Moss,Savings,34953.76,2022-05-11,Cynthiaberg
102,Larry Long,Business,75529.34,2020-03-27,Roblesmouth
103,Gary Gonzales,Savings,2223.31,2022-12-07,Amandafort
104,Peggy Hughes,Checking,52987.95,2023-09-11,West Joseph
105,Joanna Howard,Savings,68716.79,2020-11-28,Perrystad
106,Bruce Singh,Savings,16685.43,2022-01-17,Lake Charles
107,Kathleen Porter,Checking,87942.63,2024-01-10,Scottside
108,Denise Bradford,Checking,67026.71,2022-06-23,Lake Charles
109,Kelly Parrish,Business,92207.1,2020-03-08,Natalieberg
110,Thomas York,Checking,35356.05,2022-01-12,Amandafort
111,Joshua Smith,Savings,29436.54,2020-05-23,Port Maryburgh
112,Jeffrey Ramirez,Checking,42812.19,2022-09-02,Cynthiaberg
113,Diana Murphy,Savings,9123.95,2022-08-06,Lake Charles
114,Glenda Evans,Savings,84618.03,2020-10-09,Kellytown
115,Curtis Allen,Savings,40446.28,2021-05-22,Natalieberg
116,Richard Riley,Checking,45851.1,2023-01-29,Port Maryburgh
117,Bethany Atkinson,Business,23239.81,2023-05-19,West Joseph
118,Michael Nguyen,Savings,69179.35,2023-10-08,Kellytown
119,Elizabeth Miller,Business,87805.34,2022-01-07,Cynthiaberg
120,Jerry Bright,Savings,79491.84,2022-02-21,Perrystad
121,Christopher Edwards,Checking,30290.22,2021-11-17,Perrystad
122,Kenneth Young,Business,45089.25,2023-10-22,West Joseph
123,Kenneth Tucker,Checking,11916.66,2022-09-26,Port Maryburgh
124,Derek Dunn,Business,42765.06,2021-08-14,Scottside
125,Jeffrey Gutierrez,Savings,13321.51,2023-07-05,West Joseph
126,Phillip Mullins,Business,7047.6,2020-10-31,Roblesmouth
127,Taylor Randall,Savings,85583.08,2023-01-23,Roblesmouth
128,Billy Hatfield MD,Savings,77086.99,2020-11-04,West Joseph
129,Eric Brooks,Savings,82169.95,2020-05-30,Kellytown
130,Duane Collins,Checking,10248.22,2020-03-18,Lake Charles
131,Matthew Murphy,Business,64077.43,2023-03-27,Amandafort
132,Brad Reed,Business,67678.67,2020-04-30,West Joseph
133,Robert Hoffman,Business,78182.93,2021-05-08,Amandafort
134,Colleen Smith,Business,57045.11,2023-04-15,Lake Charles
135,Mariah Thompson,Savings,20378.64,2023-05-01,Cynthiaberg
136,Jesse Parker,Checking,14337.12,2023-03-26,West Joseph
137,Jamie Ballard,Checking,20174.4,2023-06-22,West Joseph
