CUSTOMER NAME,account_type,balance,opened_date,branch
Ronald Nelson,Business,17380.86,2021-03-04,West Danielle
Jose Mitchell,Savings,30909.8,2021-09-01,East Robertland
Donna Hernandez,Savings,72498.34,2020-10-25,Lake Alexisbury
Kyle Winters,Checking,74284.87,2023-03-12,East Robertland
Penny Valenzuela,Business,16233.49,2020-12-15,Jermaineview
Gabrielle Richardson,Business,73876.86,2021-03-21,North Billy
Tara Hall,Savings,45640.02,2020-09-22,West Danielle
Veronica Copeland,Business,81340.93,2023-03-23,Alexandramouth
Kathy Aguilar,Savings,65055.82,2021-09-12,North Billy
Billy Hayes,Savings,31348.17,2021-02-04,New Kevin
Kara Evans,Business,99914.27,2020-09-27,Jermaineview
Grant Lucero,Checking,43920.03,2020-05-14,Jermaineview
Sara May,Savings,90153.21,2022-08-15,West Danielle
Steven Long,Business,65980.46,2020-06-06,New Kevin
Marcus Burke,Savings,99425.89,2024-01-18,North Billy
Robert Wilson,Business,31455.97,2021-03-09,North Billy
Steven Smith,Checking,22336.67,2023-08-22,Lake Alexisbury
Kristen Johnson,Business,25435.07,2021-01-10,Jermaineview
Lisa Olsen,Business,65199.25,2020-10-29,South Nathanielville
Edward Andrews,Checking,93723.25,2024-01-11,Alexandramouth
Brooke Campbell,Checking,70371.93,2023-01-16,East Robertland
David Snow,Checking,83088.3,2020-06-11,Lake Alexisbury
April Rivers,Savings,9002.39,2022-10-21,Dianaville
Elijah Jones,Savings,44369.48,2023-02-14,South Nathanielville
Albert Nguyen,Business,26799.28,2020-04-20,South Nathanielville
Allison Figueroa,Checking,52500.15,2022-02-21,Debrafurt
Katie Castillo,Business,23000.46,2020-03-01,North Billy
Christine Reynolds,Business,39868.11,2023-09-23,Debrafurt
Danielle Harrison,Checking,41147.9,2020-06-20,Debrafurt
Harold Drake,Business,12729.33,2023-10-30,Jermaineview
Lisa Townsend,Checking,69317.96,2021-03-22,Alexandramouth
Kelsey Torres,Business,56580.19,2021-07-20,Lake Alexisbury
Charles Andrews,Savings,65808.45,2022-10-11,Dianaville
Paul Mullins,Checking,21681.75,2021-09-12,Lake Alexisbury
Pamela Stephenson,Savings,59095.03,2020-03-01,Debrafurt
Joseph Wright,Savings,6545.19,2021-04-10,Lake Alexisbury
Dalton Tucker,Savings,8376.6,2023-11-11,Debrafurt
Jennifer Turner,Savings,371.53,2020-03-18,East Robertland
Thomas Roberts,Business,95778.4,2022-06-28,New Kevin
Mary Martin,Checking,77409.6,2020-08-13,Alexandramouth
Andrew Richardson,Business,52666.53,2021-12-28,Alexandramouth
Robin Williams,Savings,93340.48,2020-07-05,West Danielle
Stephen Johnston,Business,32933.24,2023-04-09,Jermaineview
Kristen Gonzales,Checking,54080.84,2023-10-17,North Billy
Casey Brown,Checking,87551.29,2021-04-15,Debrafurt
Judy Mcgee,Savings,72509.33,2023-04-29,North Billy
Elizabeth Lamb,Savings,13942.12,2021-12-01,South Nathanielville
Melanie Dodson,Business,69979.35,2020-12-06,Alexandramouth
Alex Rodriguez,Savings,24306.74,2020-10-25,East Robertland
Mark Sanchez,Business,38667.32,2023-07-25,Debrafurt
Kevin Hamilton,Checking,94859.56,2021-06-30,North Billy
Micheal Porter,Checking,92232.07,2021-02-15,North Billy
Sandra Wright,Business,28562.25,2021-12-18,Alexandramouth
Tanya Larsen,Checking,83443.64,2020-10-06,Alexandramouth
Jorge Cruz,Checking,17589.74,2022-09-11,East Robertland
Kenneth Vazquez,Savings,36353.38,2020-08-31,New Kevin
Roger Grant,Business,16680.82,2023-09-03,East Robertland
Thomas Russell,Savings,31342.04,2021-09-22,West Danielle
Jimmy Brown,Business,65880.22,2020-10-09,Dianaville
Kevin Bowers,Savings,37698.48,2020-11-24,East Robertland
Keith Wilson,Checking,38565.03,2021-01-26,Lake Alexisbury
Tiffany Barnett,Business,77629.86,2020-04-25,East Robertland
Mark Russell,Business,33832.13,2023-02-09,Alexandramouth
Wendy Goodman,Checking,45482.0,2023-02-15,Alexandramouth
Roger Whitehead,Savings,69106.52,2020-02-14,Debrafurt
Nicole Cooper,Savings,13175.77,2021-09-02,Dianaville
Mr. Charles Carpenter III,Business,55616.11,2021-03-13,East Robertland
Sarah Walker,Checking,85346.49,2021-03-06,East Robertland
Dr. Gerald Browning,Savings,45436.11,2022-05-16,Lake Alexisbury
Sarah Hart,Savings,25036.29,2023-10-12,West Danielle
Gregory Jones,Checking,81238.27,2020-10-12,North Billy
Barbara Gould,Checking,38897.82,2020-05-23,New Kevin
Cindy Rivera,Savings,55461.73,2020-08-28,Alexandramouth
Barbara Sanford,Business,43279.82,2020-11-17,West Danielle
Tracy Thornton,Business,81558.94,2023-12-27,East Robertland
Ryan Mitchell,Business,26735.57,2022-02-13,Jermaineview
Joanna Williams,Business,82702.16,2021-12-15,North Billy
Shelia Drake,Business,8081.69,2021-09-20,New Kevin
Kenneth Pena,Business,62617.84,2023-10-28,Debrafurt
Antonio Ramirez,Savings,99435.42,2024-01-04,Dianaville
Cheyenne Ramirez,Savings,41888.83,2022-07-13,Debrafurt
Phillip Flores,Checking,56841.73,2023-01-15,Lake Alexisbury
Crystal Hernandez,Savings,81215.86,2023-11-30,East Robertland
Eric Johnson,Checking,22302.07,2022-11-27,North Billy
James Jordan,Business,76166.62,2021-07-19,Alexandramouth
Peter Peterson,Checking,33784.77,2022-05-25,East Robertland
Sandra Donovan,Savings,45864.23,2020-08-04,Lake Alexisbury
Mr. Brian Guzman,Business,26141.93,2020-07-10,Debrafurt
Jasmine Shea,Checking,16151.61,2024-01-20,South Nathanielville
Jose Torres,Business,99471.22,2020-12-14,New Kevin
Justin Thomas,Savings,83040.28,2023-11-03,West Danielle
Jessica Davis,Savings,44217.54,2021-07-03,Debrafurt
Michael Mitchell,Checking,91831.78,2024-01-01,North Billy
Mrs. Michelle Payne MD,Business,38690.18,2021-03-23,New Kevin
Raymond Hall,Business,55949.76,2022-07-25,Dianaville
Gloria Cooper,Savings,75631.76,2022-10-03,East Robertland
Jessica Mccormick,Checking,87039.35,2022-02-12,South Nathanielville
Lisa Powers,Savings,11235.78,2021-01-21,East Robertland
Andrea Stevens,Checking,22394.09,2023-11-01,Alexandramouth
Allen Garcia,Business,40562.28,2020-10-14,West Danielle
Craig Stanley,Savings,49961.0,2021-01-29,New Kevin
James Johnson,Checking,82339.87,2020-10-10,Jermaineview
Philip Ward,Business,72375.61,2021-12-01,New Kevin
Lindsey Thomas,Checking,55623.08,2023-08-30,Jermaineview
Jonathan Salazar,Checking,70253.24,2021-02-04,South Nathanielville
John Pugh,Business,32597.31,2020-10-22,North Billy
David Gibson,Checking,48032.26,2023-02-04,South Nathanielville
Thomas Baker,Business,5978.24,2023-03-20,Lake Alexisbury
Mindy Alexander,Savings,31115.25,2023-12-01,East Robertland
Shane Chen,Checking,76511.81,2023-10-16,West Danielle
Jacob Berry,Savings,94201.95,2021-05-10,Jermaineview
Pamela Anderson,Business,91773.5,2022-02-28,South Nathanielville
William Kelley,Business,86046.57,2020-08-17,West Danielle
Brian Armstrong,Checking,87105.35,2023-01-05,North Billy
Andrew Cameron,Checking,82814.96,2023-08-01,East Robertland
Kayla Bush,Business,1020.33,2022-06-23,East Robertland
Joe Owens,Savings,34726.79,2022-04-21,Dianaville
Jennifer Kennedy,Business,8129.55,2021-07-13,North Billy
John Long,Checking,44309.6,2021-01-30,North Billy
Brian Morales,Checking,68414.88,2023-09-05,Jermaineview
Cindy Davis,Checking,74675.13,2022-05-14,North Billy
Molly Odom,Checking,88804.61,2020-04-15,South Nathanielville
Randall Cain,Checking,65777.13,2021-10-12,New Kevin
Whitney Cherry,Savings,34493.65,2023-09-17,West Danielle
Stephanie Johnson,Checking,4405.31,2022-08-07,West Danielle
Craig Singh,Checking,11431.42,2023-12-05,Alexandramouth
Loretta Mcknight,Savings,26317.47,2023-01-27,South Nathanielville
Kathryn Byrd,Checking,13442.55,2021-10-29,Debrafurt
John Phillips,Checking,7065.78,2024-01-11,New Kevin
Jennifer Huber,Business,9840.91,2023-03-19,South Nathanielville
Alexander Smith,Savings,82938.53,2021-07-22,North Billy
Scott Kaiser,Business,48597.65,2023-08-09,Lake Alexisbury
Maurice Bush,Savings,25709.92,2021-07-22,New Kevin
Brian Weaver,Business,27715.38,2022-05-30,Debrafurt
Scott Hunter,Checking,74818.19,2020-03-14,West Danielle
John Stewart,Checking,22855.23,2020-04-03,East Robertland
Tammy Alexander,Checking,21049.47,2023-11-12,North Billy
Michelle Ramos,Checking,44040.49,2022-12-18,Alexandramouth
Alexis Wilkinson,Checking,58137.17,2021-03-04,Alexandramouth
Chris Fox,Savings,98272.26,2023-11-06,Jermaineview
Paul Gillespie,Business,56901.65,2022-10-10,Alexandramouth
Martin Myers,Checking,76618.8,2020-04-28,South Nathanielville
Angela Thomas,Business,60897.51,2021-03-24,Dianaville
Daniel Mckenzie,Savings,51952.76,2023-03-02,Lake Alexisbury
Hannah Jacobs,Checking,98228.66,2020-04-14,South Nathanielville
Lauren Huang,Savings,40250.87,2022-09-11,South Nathanielville
Joseph Callahan,Savings,17111.81,2020-12-19,Debrafurt
Franklin Fuller,Checking,15899.05,2023-11-19,North Billy
Dr. Kelly Nelson,Checking,22732.9,2022-12-23,East Robertland
Jerry Nelson,Checking,66914.66,2023-06-19,West Danielle
Valerie Burgess,Checking,81400.56,2021-03-12,Alexandramouth
