account_id,customer_name,account_type,balance,opened_date,branch
1,Philip Jensen,Savings,56773.61,2021-10-26,East Megan
2,Gregory Cox,Savings,32629.99,2020-03-01,North Tracy
3,Annette Clark,Savings,23313.53,2021-10-16,New Calvinberg
4,Alicia Baker,Checking,82160.68,2022-01-08,Taylormouth
5,Ethan Lee,Checking,14080.58,2020-07-19,Jonathanview
6,Sharon Harris DDS,Business,83568.89,2023-11-23,New Lisa
7,Benjamin Bowers,Business,70453.81,2021-01-28,New Lisa
8,Patricia Clark,Checking,11575.52,2021-05-31,South Cory
9,Nicole Noble,Business,13380.37,2022-08-01,New Calvinberg
10,Steven Brown,Business,8874.34,2022-03-13,New Lisa
11,Vickie Todd,Business,78553.74,2022-03-05,South Cory
12,Joshua Griffin,Savings,3883.98,2023-08-18,East Tylerchester
13,Jeffrey Robinson,Savings,82277.51,2021-09-23,Taylormouth
14,Kevin Reid,Savings,10171.16,2021-08-14,New Lisa
15,Whitney Martin,Business,9551.29,2022-10-25,East Megan
16,Andrew Kelly,Checking,169.93,2020-02-12,Taylormouth
17,Michael Horton,Checking,49376.59,2021-12-20,Lake Jenniferfort
18,Mark Mann,Business,49936.63,2021-06-21,Lake Jenniferfort
19,Andrew Sims,Business,47286.77,2022-10-21,New Lisa
20,Mark Johnson,Savings,25566.54,2021-03-20,East Tylerchester
21,Jennifer Smith,Savings,77785.97,2020-10-27,New Calvinberg
22,Donna Schultz,Savings,69277.86,2023-12-19,Jonathanview
23,Daniel Lee Jr.,Checking,936.15,2020-12-24,New Lisa
24,Jeremy Foster,Savings,36193.48,2020-11-17,Taylormouth
25,Abigail Gallegos,Business,97036.85,2021-09-21,New Calvinberg
26,Jackie Watson,Savings,46759.74,2021-11-23,Jonathanview
27,Ernest Smith,Savings,43399.16,2022-05-31,New Calvinberg
28,Crystal Wheeler,Checking,65879.64,2023-02-02,South Cory
29,Jeffrey Hall,Savings,62076.35,2020-07-03,Taylormouth
30,Joseph Potter,Savings,37764.04,2020-05-20,East Tylerchester
31,Leah Armstrong,Business,2802.63,2020-07-22,East Megan
32,Edward Steele,Business,19845.75,2023-11-11,New Calvinberg
33,Anne Huerta,Savings,28815.3,2022-04-11,East Megan
34,Richard Nguyen,Business,6291.79,2023-01-05,South Cory
35,Dr. Kathleen Huffman MD,Checking,34048.46,2021-04-24,New Calvinberg
36,Brittany Willis,Checking,57648.54,2021-06-12,South Cory
37,Daniel Gonzalez,Business,27092.96,2022-03-06,Lake Jenniferfort
38,Christopher Green,Checking,28628.49,2023-11-23,South Cory
39,Jennifer Larson,Checking,86959.3,2021-10-04,New Calvinberg
40,Brian Coffey,Business,62816.25,2020-07-15,Jonathanview
41,Charles Marshall,Savings,50290.87,2021-11-13,Lake Jenniferfort
42,Kyle Nguyen,Savings,14305.84,2023-06-20,South Cory
43,Christine Kane,Savings,24501.29,2020-08-31,New Calvinberg
44,John Smith,Business,56726.73,2020-05-01,Jonathanview
45,Kimberly Martin,Business,71335.64,2023-07-07,Taylormouth
46,Caleb Dominguez,Checking,8672.15,2023-04-23,Jonathanview
47,Catherine Romero,Checking,996.84,2022-12-08,New Calvinberg
48,Miss Erica Hughes,Business,94218.1,2020-02-18,East Megan
49,Tiffany Jackson,Business,19537.84,2020-04-14,Jonathanview
50,Amy Levine,Savings,14993.19,2020-02-29,North Tracy
51,William Neal,Savings,44191.42,2022-03-11,Jonathanview
52,Nicholas Ford,Savings,74398.28,2023-06-03,Taylormouth
53,Margaret Johnson,Checking,55325.36,2022-11-25,East Megan
54,Mariah Whitehead,Savings,92626.43,2021-02-08,Jonathanview
55,April Haynes,Checking,49040.74,2020-11-07,South Cory
56,Michael Taylor,Savings,30809.12,2020-11-11,East Megan
57,William Boyer,Business,24618.97,2023-04-01,Taylormouth
58,Joshua Wolf,Checking,98502.16,2022-11-01,New Calvinberg
59,Susan Marshall,Savings,40416.62,2023-09-04,Murphyport
60,Curtis West,Checking,86890.93,2020-04-05,North Tracy
61,Robert Clark,Checking,96845.8,2020-02-29,East Megan
62,Mrs. Melissa Martinez,Savings,48433.57,2020-06-26,Jonathanview
63,Kevin Harris,Business,35692.25,2021-06-09,New Calvinberg
64,Patricia Cardenas,Business,91871.28,2021-04-06,East Megan
65,Lisa Smith,Business,10745.25,2023-04-18,New Calvinberg
66,Mr. Scott Brown DDS,Checking,99518.39,2021-08-14,Murphyport
67,Michael Adams,Savings,88814.18,2022-01-19,Lake Jenniferfort
68,Ronald Roberts,Business,37348.7,2020-07-17,South Cory
69,Melissa Zuniga,Savings,622.66,2022-10-28,Lake Jenniferfort
70,Julia Ramsey,Business,65905.86,2023-05-05,Murphyport
71,Eric Wood,Business,23468.84,2023-10-21,East Megan
72,Steven Galloway,Business,38519.03,2020-02-17,South Cory
73,Jason Powell,Checking,49052.97,2020-10-30,New Calvinberg
74,Russell Michael,Business,66622.99,2021-10-06,East Tylerchester
75,Ashley King,Checking,71978.63,2020-04-27,Murphyport
76,Amanda Villanueva,Savings,1798.82,2023-02-15,New Calvinberg
77,Ashley Sheppard,Savings,26041.18,2021-03-08,East Megan
78,Kelly Pineda,Business,33015.32,2021-05-31,New Lisa
79,John Allen,Savings,17084.1,2023-11-04,East Megan
80,Sheila Johnson,Business,97829.05,2021-04-20,East Tylerchester
81,Joseph Cummings,Savings,38261.99,2022-01-22,North Tracy
82,Donna Goodwin,Savings,68797.69,2022-06-09,Lake Jenniferfort
83,Joshua Molina,Savings,42202.17,2021-02-09,Jonathanview
84,Samantha Marshall,Checking,2422.92,2021-10-08,North Tracy
85,Erica Jordan,Savings,3845.71,2022-04-24,Murphyport
86,Gregory Chase,Business,61820.7,2020-12-17,Taylormouth
87,Julie Clark,Savings,95762.4,2021-10-12,Murphyport
88,Connor Brown,Business,60745.91,2020-08-09,Jonathanview
89,Virginia Smith,Savings,63770.44,2022-07-19,South Cory
90,Christopher Dalton,Business,23803.97,2021-04-02,East Tylerchester
91,Erin Miller,Checking,92709.71,2022-09-20,New Calvinberg
92,Michele Bush,Checking,76298.68,2020-04-21,Murphyport
93,Brett Wong,Savings,588.88,2023-07-23,South Cory
94,Laura Taylor,Savings,82099.42,2023-03-28,Taylormouth
95,Bruce Wright,Checking,68972.42,2020-04-14,Jonathanview
96,Nichole Payne,Business,75377.21,2021-05-17,New Lisa
97,Valerie Lewis,Business,41964.77,2022-04-06,East Tylerchester
98,Michael Holland,Savings,78251.49,2021-05-07,East Megan
99,Becky Moore,Checking,66199.91,2023-03-02,North Tracy
100,Amy Jones,Checking,23631.0,2023-08-03,Murphyport
101,Kevin Knight,Savings,69513.33,2022-10-23,Lake Jenniferfort
102,Willie Perez,Savings,16922.73,2021-12-28,Lake Jenniferfort
103,Ashley Blackwell,Savings,29252.95,2022-01-05,Murphyport
104,Kristen George,Checking,79337.88,2023-01-04,New Lisa
105,Zachary Khan,Checking,95808.04,2022-10-17,Lake Jenniferfort
106,Michael Benton,Business,94522.75,2020-04-09,Taylormouth
107,Kelsey Mccarty,Business,73997.04,2020-07-08,New Calvinberg
108,Ms. Deanna Burns MD,Checking,38797.16,2020-06-03,East Tylerchester
109,Deborah Blake,Business,33909.4,2022-09-29,New Calvinberg
110,Bryce Brown,Checking,8968.88,2022-06-11,New Calvinberg
111,Maurice Santos,Business,55827.29,2020-03-15,South Cory
112,Ryan Johnson,Business,60372.01,2023-09-19,New Lisa
113,Jack Page,Business,78997.23,2022-08-08,North Tracy
114,Victor Dominguez,Savings,57760.09,2021-08-03,Taylormouth
115,Jennifer Davis,Savings,56390.43,2020-02-28,Murphyport
116,Margaret Richmond,Checking,60068.66,2021-03-31,Murphyport
117,Theresa Hodges,Checking,85178.39,2023-01-21,East Megan
118,Susan Rollins,Business,98366.16,2022-05-09,North Tracy
119,Robert Lawrence,Business,94075.63,2024-02-02,North Tracy
120,Leslie Perez,Business,69737.1,2023-04-28,New Lisa
121,Brittany Ellison,Checking,85853.25,2020-07-13,New Lisa
122,Albert Barber,Checking,16546.63,2020-06-28,Murphyport
123,Frank Gentry,Savings,37417.18,2023-03-30,Lake Jenniferfort
124,Karen Wilson,Checking,55355.81,2020-08-02,New Lisa
125,Brittney Gonzalez,Checking,71787.84,2023-05-28,East Megan
126,James Harper,Checking,22237.63,2023-04-08,New Lisa
127,Lisa Howell,Savings,17431.23,2023-06-18,Murphyport
128,Shane Olson,Business,51883.03,2021-09-29,East Megan
129,Jeffrey Johnson,Business,87936.25,2020-03-25,New Lisa
130,Joseph Hartman,Savings,45464.36,2021-06-28,East Tylerchester
131,Michael Carroll,Checking,93633.17,2024-01-19,North Tracy
132,Rebecca Myers,Savings,22067.21,2021-11-07,East Tylerchester
133,Alexander Cordova,Savings,67309.0,2023-04-18,Jonathanview
134,Anna Norris,Savings,9207.65,2020-08-24,New Lisa
135,Lauren Elliott,Business,36156.63,2022-08-20,Taylormouth
136,Douglas Carpenter,Business,77942.39,2020-07-24,North Tracy
137,Warren Zimmerman,Checking,87941.21,2023-11-12,North Tracy
138,Deborah Aguilar,Business,8858.78,2023-02-17,Murphyport
139,Paula Herrera,Savings,66680.05,2020-10-18,New Lisa
140,Andrew Miller,Business,34470.11,2022-01-10,Murphyport
141,Judith Robinson,Business,77423.79,2021-06-05,Murphyport
142,Brittany Hendrix,Savings,3345.35,2022-02-17,North Tracy
143,Maria Dickerson,Business,46351.79,2023-01-30,Murphyport
144,Brian Forbes,Business,27214.84,2023-05-09,Taylormouth
145,Allison Cruz,Checking,37749.08,2021-04-26,North Tracy
146,Christine Scott,Checking,5264.46,2021-02-18,Lake Jenniferfort
