account_id,customer_name,account_type,balance,opened_date,branch
1,Amanda Parker MD,Savings,58106.54,2021-12-10,Bonnieland
2,David Walton Jr.,Savings,14667.46,2022-03-31,Kingberg
3,Raymond Costa,Business,9659.3,2020-04-19,Harrisfort
4,Kevin Elliott,Business,3304.81,2022-10-01,Melissaview
5,Susan Stevens,Business,69931.9,2021-12-13,Lake Peter
6,Allen Marshall,Business,70323.96,2022-03-22,Melissaview
7,Stephanie Wiggins,Business,60137.37,2023-06-25,Kingberg
8,Dominic Meadows,Business,30914.41,2022-03-27,Cookhaven
9,Michael Mendoza,Business,22007.9,2024-02-05,Lake Peter
10,Michele Martin,Business,50450.98,2020-09-02,Melissaview
11,Jessica Smith,Business,30139.04,2022-08-28,Cartertown
12,Carrie Scott,Business,83287.9,2022-03-10,Cookhaven
13,Jacob Johnson,Checking,14150.57,2020-09-11,Lake Peter
14,Zachary Bryant,Checking,9913.72,2023-07-28,Cookhaven
15,Samantha Benson,Savings,48986.15,2023-12-21,Lake Peter
16,Amber Ortega,Checking,23402.2,2020-04-30,New Kathleenbury
17,Daniel Martin,Checking,67588.16,2023-07-01,Josephfurt
18,Vanessa Thompson,Checking,93965.49,2021-12-24,Nathanmouth
19,John Todd,Business,85101.75,2023-10-08,Lake Peter
20,Sheryl Rios,Savings,85619.98,2020-04-05,New Kathleenbury
21,Jessica Barker,Checking,11135.7,2021-09-26,Bonnieland
22,Mary Edwards,Savings,28655.25,2022-08-19,New Kathleenbury
23,Jason Smith,Savings,89228.72,2024-02-06,Harrisfort
24,Danielle Roberts,Savings,69842.2,2022-10-12,Lake Peter
25,James Ramirez,Business,61566.32,2022-07-12,Bonnieland
26,Hailey Diaz,Business,21823.73,2023-07-16,Nathanmouth
27,Pedro Gallegos,Business,29363.94,2022-06-07,New Kathleenbury
28,Michael George,Business,76812.3,2022-05-18,Cookhaven
29,Joshua Bryant,Checking,64659.66,2023-04-21,Lake Peter
30,Becky Reid,Checking,1273.97,2022-12-24,New Kathleenbury
31,Donna Martin DDS,Checking,43960.21,2022-01-30,Harrisfort
32,Mikayla Carr,Checking,29043.81,2020-03-01,Cookhaven
33,Tiffany Martinez,Business,85686.11,2022-07-19,Melissaview
34,Wendy Smith,Business,59272.27,2022-06-17,Nathanmouth
35,Jennifer Green,Savings,64257.17,2021-09-18,Melissaview
36,Michael Marshall,Checking,91527.21,2022-09-02,Lake Peter
37,Alexa Valenzuela,Checking,27087.87,2022-07-06,Lake Peter
38,Cynthia Mendoza,Business,23654.07,2021-10-25,Lake Peter
39,Elizabeth Stuart,Business,85671.04,2021-05-20,Cookhaven
40,Kim Ward,Business,76384.58,2022-02-22,Bonnieland
41,Mr. Gary Lowe,Checking,82796.29,2023-06-16,Kingberg
42,Brian Krause,Business,7473.19,2020-10-14,Harrisfort
43,William Haley,Checking,22280.57,2022-09-30,Harrisfort
44,Tiffany Baxter,Savings,50383.08,2021-04-08,Cartertown
45,Tracy Rodriguez,Savings,20175.82,2021-02-26,New Kathleenbury
46,Judy Mendez,Business,28796.94,2021-08-01,Cookhaven
47,Jose Sparks,Business,26489.29,2021-04-22,Kingberg
48,Sandra Hansen,Business,76004.87,2020-06-01,Harrisfort
49,David Harris,Checking,61359.19,2020-08-12,Josephfurt
50,Gabriel Moore,Business,66964.76,2021-07-06,Nathanmouth
51,Madeline Braun,Business,2369.45,2021-06-13,Kingberg
52,Isaac Smith,Checking,2461.05,2020-08-27,Cartertown
53,James Merritt,Business,93911.43,2021-01-23,Cookhaven
54,Adam Hall,Checking,42846.95,2023-09-11,Cookhaven
55,Christopher Larson,Business,88890.11,2022-10-07,Melissaview
56,Grant Porter,Checking,77219.73,2023-04-16,Kingberg
57,Selena Huang,Savings,21181.75,2021-04-30,Lake Peter
58,Edward Boyd,Checking,67125.69,2023-07-05,Bonnieland
59,Mary Garcia DVM,Business,96782.86,2022-03-01,Bonnieland
60,Savannah Mitchell,Business,81655.21,2021-09-01,Cartertown
61,Tara Morgan,Checking,97201.59,2022-03-25,Cartertown
62,Krystal Lewis,Savings,78815.44,2022-02-14,New Kathleenbury
63,Robert Rivera,Business,80977.34,2022-11-26,Melissaview
64,Matthew Hansen,Savings,7933.69,2022-09-25,Cartertown
65,Michelle Long,Business,82273.91,2023-09-09,Melissaview
66,William Newton,Checking,20385.33,2022-06-02,Kingberg
67,Mario Green,Savings,75433.5,2023-02-09,Lake Peter
68,Robert Hill,Business,59776.31,2021-11-07,Lake Peter
69,Matthew Ross,Business,12788.0,2024-02-07,Melissaview
70,Jesus Simpson,Business,88061.51,2022-12-03,Bonnieland
71,Raven Hobbs,Savings,15188.23,2021-10-20,Cookhaven
72,Angela Miller,Business,75296.11,2023-01-29,Lake Peter
73,Morgan Brooks,Savings,90559.47,2022-07-20,Bonnieland
74,Laurie Steele,Business,43000.43,2023-10-25,Josephfurt
75,Janet Hayes,Checking,7392.21,2024-01-06,Nathanmouth
76,Kevin Durham,Business,57118.64,2022-11-22,Bonnieland
77,Jose Miller,Savings,87709.53,2021-08-03,Josephfurt
78,Christie Cantu,Checking,49923.73,2022-12-29,Cartertown
79,Bonnie Roach,Savings,41587.72,2022-09-24,Kingberg
80,Alexandra Rodriguez,Savings,58094.38,2024-01-07,Nathanmouth
81,Ariel Lopez,Savings,14901.12,2021-11-10,Bonnieland
82,Alexander Payne,Business,75148.94,2023-05-09,Josephfurt
83,John Matthews,Business,60305.28,2022-02-17,Melissaview
84,Nicholas Jackson,Business,44275.37,2023-02-26,Melissaview
85,Jessica Terry,Checking,62891.85,2020-04-23,Kingberg
86,Jeffrey Lee,Business,79750.7,2022-10-20,Melissaview
87,Christopher Reed,Savings,72112.9,2022-04-08,New Kathleenbury
88,Theresa Graham,Business,89689.05,2023-02-14,Josephfurt
89,Jason Brown,Checking,92794.88,2020-08-14,Josephfurt
90,Stephanie Mccarty,Savings,82561.89,2021-05-01,Bonnieland
91,Mrs. Casey Kennedy DDS,Business,41236.55,2022-03-22,Cookhaven
92,Brandon Moore,Savings,56527.04,2020-03-20,Bonnieland
93,Thomas Rodgers,Checking,37759.85,2021-05-30,Josephfurt
94,Heather Haney,Business,74995.49,2021-08-28,Kingberg
95,Jenna King,Checking,16070.88,2021-10-03,Bonnieland
96,Sara Lewis,Business,71268.37,2022-05-10,Lake Peter
97,Gina Chan,Checking,7978.65,2020-03-09,Josephfurt
98,Grace Castillo,Business,84284.59,2023-11-02,Cookhaven
99,Mr. Shawn Jackson,Business,22018.86,2023-06-14,Josephfurt
100,Teresa Mitchell,Checking,4460.4,2023-06-29,New Kathleenbury
101,Michael Summers,Checking,64427.02,2021-09-03,Josephfurt
102,Katrina Spencer,Checking,85790.23,2020-11-21,Cartertown
103,Daniel Matthews,Business,97181.31,2020-07-03,Kingberg
104,Tara Marks,Business,16981.04,2021-01-24,Josephfurt
105,Brett Rogers,Business,76620.95,2022-05-15,Cookhaven
106,Michael Bishop,Business,63355.05,2023-08-18,Melissaview
107,Brian Goodman,Savings,96957.33,2024-01-08,Bonnieland
108,David Harris,Checking,35985.78,2022-03-19,Bonnieland
109,Tim Rogers,Savings,99678.83,2021-05-11,Cookhaven
110,Brandi Thomas,Business,84950.15,2021-10-05,Josephfurt
111,Nathan Schwartz,Business,79539.73,2023-06-27,Melissaview
112,Martin Reeves,Checking,72695.19,2021-02-20,Kingberg
113,Sandra Torres,Checking,58167.29,2023-02-02,Cookhaven
114,Mary Harmon,Business,52611.34,2020-06-28,Lake Peter
115,Lauren Williams,Savings,6442.35,2023-07-22,Melissaview
116,Gavin Hayden,Checking,42219.48,2021-06-12,New Kathleenbury
117,Kristina Zimmerman,Savings,14681.41,2020-03-02,Lake Peter
118,Justin Anderson,Business,1292.77,2020-08-01,Josephfurt
119,Megan Brooks,Savings,89796.73,2020-05-10,Melissaview
120,Katelyn Brown,Checking,75189.25,2022-08-06,Josephfurt
121,Ronald Mann,Business,96693.64,2021-01-05,Cartertown
