account_id,customer_name,account_type,balance,opened_date,branch
1,Catherine Woodard,Business,6426.82,2022-06-08,Lukeside
2,Cynthia Rodriguez,Business,95695.16,2023-01-24,Gallegosmouth
3,Sarah Roberts,Savings,55879.98,2020-11-05,Dixonstad
4,Samantha Anderson,Savings,58263.68,2020-03-05,Gallaghermouth
5,Nicholas Ruiz,Savings,95354.7,2021-06-23,Dixonstad
6,David Mckinney,Savings,89645.97,2020-07-01,Gallaghermouth
7,Laura Morrow,Business,97828.97,2021-11-07,Port Evelynmouth
8,Angela Douglas PhD,Business,56521.14,2022-10-04,Lukeside
9,Elizabeth Burton,Savings,87092.53,2022-08-13,Dixonstad
10,Suzanne Lee,Checking,17275.8,2023-10-20,New Robert
11,Thomas Ballard,Savings,56335.76,2021-07-23,North Josephton
12,Yolanda Gregory,Checking,33937.77,2023-03-10,North Anthonystad
13,Pamela Baldwin,Business,66757.98,2022-02-10,North Anthonystad
14,Frank Cox,Savings,30782.89,2020-12-19,Gallegosmouth
15,Kevin Wallace,Savings,37202.22,2022-09-11,Lukeside
16,Lynn Walton,Business,18242.73,2022-05-13,Lukeside
17,Matthew Campos,Savings,92496.07,2021-03-09,Lukeside
18,Amanda Taylor,Savings,88096.43,2022-06-29,Davischester
19,Emily Reynolds,Checking,52111.02,2022-11-14,South Zacharyland
20,Vanessa Burnett,Business,68114.45,2021-04-28,South Zacharyland
21,Kelly Barry,Business,71660.94,2021-12-22,Dixonstad
22,Jessica Horton,Checking,24574.76,2023-02-04,Lukeside
23,Raymond Reyes,Business,98874.43,2022-04-23,North Josephton
24,Hector Walton,Savings,16025.37,2021-12-08,North Anthonystad
25,Keith Cruz,Business,84738.78,2023-11-10,South Zacharyland
26,John Price,Business,78845.46,2023-10-17,North Anthonystad
27,Jackie Ayala,Checking,79039.98,2023-07-23,Gallegosmouth
28,Jonathon Durham,Business,77308.81,2023-04-05,Lukeside
29,Catherine Smith,Business,73883.78,2022-11-07,Davischester
30,Renee Douglas,Checking,80686.75,2022-03-12,North Josephton
31,Jessica Turner,Business,19534.41,2020-06-28,Lukeside
32,Johnny Rowe,Business,90597.74,2020-09-10,Davischester
33,Alex Bruce,Business,45709.88,2021-07-18,South Zacharyland
34,Derek Dickerson,Business,83876.88,2021-12-30,Gallaghermouth
35,Cheryl Riley,Business,7237.12,2022-03-04,Gallaghermouth
36,Lisa Garcia,Checking,54427.66,2021-09-28,Gallaghermouth
37,Kerry Anderson,Checking,121.4,2020-05-21,Gallaghermouth
38,Michael Reyes,Business,46367.71,2020-08-29,North Anthonystad
39,Deborah Wang,Savings,79069.96,2022-01-25,North Anthonystad
40,Kathleen Anderson,Checking,33809.02,2022-01-21,North Anthonystad
41,Joseph Hampton,Business,1773.91,2021-11-07,Gallaghermouth
42,Deborah Garcia,Business,88350.15,2023-04-08,Gallegosmouth
43,Mariah Garza,Savings,73613.59,2023-10-31,Port Evelynmouth
44,Robert Andersen,Savings,15477.54,2021-08-02,Davischester
45,Peggy Flores,Checking,44064.58,2021-08-31,North Josephton
46,Brittany Rivas,Checking,20109.58,2020-04-11,Dixonstad
47,Mary Bradshaw,Savings,65160.03,2021-04-16,Dixonstad
48,Brian Dunn,Savings,71078.52,2021-09-07,Lukeside
49,Clinton Moore,Checking,28675.43,2020-04-03,Gallegosmouth
50,Vanessa Bennett,Business,79280.62,2022-02-16,South Zacharyland
51,Katie Matthews,Business,64334.85,2021-05-03,Gallegosmouth
52,Thomas Gonzales,Business,39980.11,2022-03-10,North Josephton
53,Allen Mitchell,Checking,14840.37,2021-08-24,North Josephton
54,Danielle Sosa,Savings,56220.53,2023-07-01,Dixonstad
55,Teresa Mendez,Checking,16929.65,2023-07-10,New Robert
56,Jasmine Lane,Savings,65254.54,2022-01-16,North Josephton
57,Jennifer Clayton,Checking,38240.11,2020-10-19,Gallaghermouth
58,Sean Williams,Savings,69531.08,2023-03-11,New Robert
59,Jeremy Klein,Checking,56068.42,2022-11-12,Gallegosmouth
60,Nicole Walker,Checking,23255.44,2023-06-07,South Zacharyland
61,Danielle Smith,Savings,69314.35,2024-01-29,Lukeside
62,Lance Henry MD,Savings,44376.07,2021-04-10,North Josephton
63,Annette Williams,Savings,45471.35,2021-03-20,Gallegosmouth
64,Matthew Meyer,Savings,68223.06,2020-03-05,Davischester
65,Robert Lucas,Checking,56740.01,2023-11-02,New Robert
66,Hannah Lamb,Savings,45481.37,2020-03-29,North Josephton
67,Jeffrey Lynch,Checking,99734.63,2021-06-30,Lukeside
68,Karen Stone,Checking,88494.25,2020-04-30,New Robert
69,Debra Hall,Savings,64033.02,2022-05-01,Lukeside
70,Dawn Carr,Business,45334.11,2022-07-01,Dixonstad
71,Kelly Sellers,Savings,63770.95,2023-09-09,South Zacharyland
72,Brandon Edwards Jr.,Savings,59278.11,2021-05-28,Gallegosmouth
73,Benjamin Barnett Jr.,Business,76119.07,2020-02-17,Lukeside
74,James Duke,Business,93167.51,2022-11-22,Dixonstad
75,Jill Hamilton,Checking,8752.33,2022-12-23,North Josephton
76,Kimberly Richardson,Business,58387.55,2020-08-04,South Zacharyland
77,David Norton,Business,83258.03,2022-10-12,Dixonstad
78,Brian Quinn,Checking,12122.95,2021-06-19,Gallaghermouth
79,Jason Lane,Business,17094.68,2022-05-05,South Zacharyland
80,Matthew Griffin,Checking,71831.97,2022-10-13,Lukeside
81,Matthew Sawyer,Savings,88895.75,2023-02-18,Dixonstad
82,Kristi Owens,Savings,54319.32,2023-05-22,Dixonstad
83,Joshua Shields,Business,52185.63,2020-10-09,Gallaghermouth
84,Anthony Carter,Business,11492.98,2024-02-04,Lukeside
85,Amber Sparks,Checking,47158.2,2022-11-13,South Zacharyland
86,Carrie Sullivan,Checking,22815.02,2021-04-27,Gallegosmouth
87,Kimberly Anderson,Checking,30951.34,2021-08-22,South Zacharyland
88,Regina Hall,Checking,6839.68,2022-10-22,Gallegosmouth
89,Alisha Peck,Business,67859.84,2022-04-25,North Anthonystad
90,Brett Wong,Savings,94615.09,2022-01-06,North Anthonystad
91,Lisa Berry,Savings,47570.25,2023-10-07,South Zacharyland
92,Richard Moore,Checking,33801.16,2023-04-02,South Zacharyland
93,Gene Sosa,Business,21754.81,2021-01-10,South Zacharyland
94,Margaret Thornton,Business,91162.33,2023-10-02,North Anthonystad
95,Matthew Ballard,Savings,73469.86,2022-09-29,Gallaghermouth
96,Kyle Richardson,Business,15930.0,2022-07-18,New Robert
97,Rachel Ward,Business,99274.09,2020-05-13,Dixonstad
98,Joshua Holloway,Business,44412.21,2023-07-01,Davischester
99,Mikayla Tyler,Savings,56537.75,2021-03-09,Davischester
100,Colleen Hunter,Business,53226.0,2022-06-04,Gallegosmouth
101,Daniel Garza,Checking,99124.89,2021-12-24,Davischester
102,Jessica Rogers,Checking,33321.08,2020-09-13,South Zacharyland
103,Justin Sellers,Checking,49875.1,2020-04-18,North Josephton
104,Cody Burke,Business,61514.98,2023-10-10,Davischester
105,Laura Edwards,Savings,72744.1,2023-06-08,North Josephton
106,Amanda Miller,Savings,98429.41,2021-06-22,Dixonstad
107,Edwin Cooper,Business,57036.3,2022-10-19,South Zacharyland
108,Elizabeth Tran,Checking,19958.07,2023-12-12,Davischester
109,Paige Sawyer,Business,3222.0,2023-11-04,North Josephton
110,Barbara Jones,Business,83136.21,2020-11-21,Dixonstad
111,Ryan Brown,Business,20100.2,2023-02-20,Gallaghermouth
112,Mr. William Romero DDS,Savings,10420.47,2023-09-21,Dixonstad
113,Cesar Anderson,Checking,18592.44,2022-12-21,Gallegosmouth
114,Chad Villarreal,Checking,19016.71,2021-02-15,Davischester
