account_id,customer_name,account_type,balance,opened_date,branch
1,Raymond Brown,Business,96815.3,2022-08-30,Buckland
2,Linda Davis,Business,96207.5,2023-10-01,Scottfort
3,Janet Gibson,Business,40374.85,2021-06-15,South Allisonmouth
4,Michelle Simon,Checking,98782.27,2023-04-08,East Belindahaven
5,John Rogers,Checking,70445.35,2023-11-09,South Michael
6,Carlos Pena,Savings,26677.37,2022-07-18,Douglasside
7,Manuel Moore,Business,32108.3,2022-09-28,Buckland
8,Meghan Nguyen,Checking,18322.75,2023-12-01,South Michael
9,Autumn Johnson,Savings,40873.75,2020-06-30,South Michael
10,Michael Pitts,Checking,25427.73,2021-12-14,South Allisonmouth
11,Michael Blair,Savings,93936.88,2022-12-12,Douglasside
12,Michelle Wu,Savings,80604.24,2022-11-28,Bradleymouth
13,John Brown,Business,29453.16,2022-12-12,East Belindahaven
14,Lauren Miller,Checking,45356.95,2021-03-03,South Allisonmouth
15,Chase Wright,Business,90698.29,2021-05-19,Kathleenchester
16,Mark White,Checking,92919.75,2021-11-21,Kathleenchester
17,Emma Davis,Business,54966.18,2021-12-10,Kathleenchester
18,Martin Hutchinson,Business,96505.38,2021-01-14,Scottfort
19,Maria Coleman,Business,64316.71,2023-07-15,Bradleymouth
20,Ashley Zuniga,Savings,95945.52,2023-04-27,Darrenchester
21,Mark Wolfe,Checking,54209.17,2021-06-25,Bradleymouth
22,Michael Silva,Checking,79643.34,2022-01-16,Bradleymouth
23,Eric Wright,Business,59720.83,2023-07-30,Davisview
24,Joseph Duarte,Checking,80973.08,2020-06-19,Scottfort
25,Melissa Bush,Savings,56438.74,2023-05-19,East Belindahaven
26,Michael Weber,Checking,84232.85,2022-04-21,Douglasside
27,Shelby Martinez,Savings,3481.61,2020-04-06,Douglasside
28,Tracey Armstrong,Savings,76484.56,2022-03-29,South Michael
29,Danny Wood,Checking,17984.5,2023-04-28,Scottfort
30,Jamie Ryan,Checking,84541.08,2020-12-17,East Belindahaven
31,Sarah Dyer,Checking,1386.92,2022-05-25,Darrenchester
32,Randy Fisher,Business,75135.8,2020-09-09,East Belindahaven
33,Tracy Ho,Checking,39108.33,2022-02-12,Douglasside
34,Paul Bolton,Checking,11525.88,2021-03-17,Scottfort
35,Austin Spence,Checking,18960.22,2021-08-25,Darrenchester
36,Dennis Smith,Business,27085.82,2022-02-14,Scottfort
37,Melissa Tanner,Checking,26314.94,2023-03-08,Buckland
38,Wendy Randolph,Checking,55307.9,2022-04-30,East Belindahaven
39,Madison Carey,Savings,35656.62,2023-04-30,South Allisonmouth
40,Roy Mason,Business,73218.41,2023-07-18,Douglasside
41,Susan Graham,Checking,77883.33,2022-09-21,Bradleymouth
42,Jodi Myers,Checking,24427.16,2024-01-29,Kathleenchester
43,Nicole Everett,Savings,18858.13,2021-07-29,South Allisonmouth
44,Jennifer Bolton,Checking,92516.39,2020-08-02,Scottfort
45,Amanda Gutierrez,Business,24492.99,2020-07-22,South Allisonmouth
46,Chad Rodriguez,Checking,98703.91,2021-05-11,South Michael
47,Rachel Jackson,Savings,64165.42,2023-08-15,Davisview
48,Kelly Ruiz,Checking,51265.3,2022-10-29,East Belindahaven
49,Sarah Turner,Business,88866.44,2023-03-03,Scottfort
50,Robert Jones,Business,49396.92,2022-11-17,Scottfort
51,Jeremy Cannon,Business,83495.77,2022-04-13,Scottfort
52,Michael Moore,Checking,70751.72,2021-02-10,Douglasside
53,Ariel Johnson,Business,26695.74,2022-03-28,South Michael
54,Christopher Colon,Checking,77823.48,2022-09-11,South Allisonmouth
55,Valerie Willis,Business,8512.9,2022-02-04,Buckland
56,Isabel Villanueva,Business,17653.52,2023-03-06,East Belindahaven
57,Charles Cook,Checking,82395.83,2021-06-07,East Belindahaven
58,Samuel Davis,Business,63717.42,2020-08-13,Douglasside
59,Anita Gregory,Business,41600.77,2024-02-03,Davisview
60,Nicole Powell,Business,77896.3,2022-08-29,East Belindahaven
61,Carla Villarreal,Savings,98605.96,2022-10-26,Douglasside
62,Denise Hoover,Business,83982.24,2023-07-02,Douglasside
63,Timothy James,Business,95339.32,2022-08-21,Scottfort
64,Morgan Lopez,Checking,34845.83,2022-07-17,Scottfort
65,Laura Rodriguez,Checking,92872.31,2023-08-25,Bradleymouth
66,Brent Martin,Checking,41194.93,2020-07-28,Buckland
67,Kimberly Graham,Business,57913.35,2023-03-11,Darrenchester
68,Mario Oliver,Business,10787.39,2021-12-26,Darrenchester
69,John Martin,Savings,17597.59,2020-10-05,Douglasside
70,Madison Quinn,Checking,90617.42,2020-09-23,South Allisonmouth
71,Kaitlyn White,Savings,60753.99,2023-10-01,Scottfort
72,Ashley Smith,Checking,19791.13,2022-09-07,Douglasside
73,Gabriel Erickson,Savings,68146.16,2020-11-09,Kathleenchester
74,Kari Allison,Checking,13742.37,2022-02-10,Buckland
75,Debbie Briggs,Savings,87330.99,2020-09-11,Buckland
76,Matthew Walter,Savings,75384.48,2020-10-17,Davisview
77,Gabriel Stevenson,Checking,16062.58,2024-01-14,Kathleenchester
78,James Salazar,Savings,36525.62,2022-12-24,Davisview
79,Reginald Montgomery,Savings,99565.98,2022-11-02,East Belindahaven
80,John Vaughn,Business,50272.92,2022-02-22,South Allisonmouth
81,Timothy Joseph,Business,56994.09,2023-11-30,South Michael
82,Angela Salas,Checking,56697.69,2022-04-27,East Belindahaven
83,Brenda Haynes,Business,67824.63,2021-04-27,South Allisonmouth
84,Derek King,Checking,9669.59,2023-11-07,South Allisonmouth
85,Vanessa Cantu,Savings,33649.01,2021-04-20,Buckland
86,Cory Ibarra,Business,8538.06,2020-09-10,Davisview
87,Timothy Allen,Checking,42347.32,2021-03-05,East Belindahaven
88,Robert Simmons,Business,79826.18,2020-02-14,Darrenchester
89,Kayla Marshall,Savings,94666.45,2022-05-26,Buckland
90,Brianna Valdez,Checking,62950.31,2023-11-02,Douglasside
91,Sarah Bowman,Savings,49862.54,2023-05-03,Bradleymouth
92,Stacy Lopez,Business,67396.03,2023-06-25,Darrenchester
93,Dr. Kayla Crosby,Business,52140.34,2022-11-19,Davisview
94,John Smith,Business,41619.62,2020-12-10,Darrenchester
95,Robert Solis,Business,17745.86,2022-01-13,Scottfort
96,Donna Mullins,Savings,26210.54,2022-12-15,Douglasside
97,Casey Franklin,Business,49974.91,2022-12-25,Douglasside
98,Theresa Ochoa DVM,Business,85252.49,2023-04-24,Davisview
99,Victoria Turner,Savings,99565.3,2020-04-08,Scottfort
100,Joseph Mckay,Business,16161.38,2023-11-04,Darrenchester
101,Steven Green,Checking,70909.11,2024-01-25,Scottfort
102,Jane Davis,Checking,59087.28,2021-11-08,Buckland
103,Scott Allen,Checking,61255.69,2021-01-05,Buckland
104,Ian Mitchell,Savings,79947.65,2022-01-13,Scottfort
105,Joseph Melton,Business,28784.77,2023-07-20,South Allisonmouth
106,Samantha Bartlett,Business,99435.49,2020-04-03,Kathleenchester
107,Lindsey Ho,Business,71170.6,2021-05-29,Kathleenchester
108,Jorge Parker,Savings,325.84,2023-02-09,Bradleymouth
109,Wesley Hernandez,Checking,88032.03,2022-04-20,South Allisonmouth
110,Mary Brown,Business,26896.82,2021-05-10,Kathleenchester
111,Daniel Lewis,Business,41113.48,2020-09-11,Douglasside
112,Andrea Lopez,Checking,5736.36,2020-03-09,Darrenchester
113,Tanya Parker,Checking,6365.5,2022-12-07,Scottfort
114,Jennifer Wright,Savings,74424.82,2022-04-01,East Belindahaven
115,William Mcmahon,Savings,28392.89,2023-11-10,Darrenchester
116,Morgan Roman,Savings,82857.13,2020-05-15,Darrenchester
117,Jonathan Price,Checking,45105.11,2020-04-28,Kathleenchester
118,Keith Conner,Checking,68213.3,2023-03-04,South Michael
119,James Owen,Checking,59185.17,2022-11-06,Darrenchester
120,William Ramirez,Savings,23091.25,2023-08-19,Darrenchester
121,Andrew Hernandez,Savings,20457.61,2020-06-17,Bradleymouth
122,Aaron Camacho,Business,17564.68,2023-06-12,Kathleenchester
123,Tara Lee,Checking,97577.14,2021-06-28,Darrenchester
124,Matthew Ortega,Business,23411.58,2021-03-21,Davisview
125,Nicholas Leon,Checking,33430.17,2022-06-24,Bradleymouth
126,Hannah Lin,Business,48839.84,2023-11-29,Buckland
127,Cheryl Lawson,Business,82081.65,2022-07-15,East Belindahaven
128,Melissa Hanson,Savings,95530.64,2023-01-17,South Michael
129,Michael Vargas,Checking,43086.11,2020-07-19,South Allisonmouth
130,Robert Murillo,Business,91570.06,2021-06-15,Darrenchester
131,John Hess,Checking,13074.48,2020-09-11,South Michael
132,Mr. Timothy Sanders,Checking,83524.6,2021-06-07,Kathleenchester
133,Jessica Martinez,Business,52476.65,2020-03-22,Scottfort
134,Paula Henderson,Business,62453.26,2020-11-13,Kathleenchester
135,Brian Hall,Business,66215.58,2020-12-12,South Allisonmouth
136,Thomas Phelps,Savings,17817.44,2021-12-28,Davisview
137,Anthony Ho,Business,79738.23,2023-07-23,Kathleenchester
138,Judith Kim,Checking,3822.54,2024-01-23,Scottfort
139,Heather Murphy,Business,54634.29,2021-04-21,Davisview
140,Walter Hayes,Checking,6443.21,2020-11-18,Darrenchester
141,Deborah Smith,Savings,30310.43,2023-02-24,Davisview
142,Joe Baker,Checking,31871.21,2022-10-06,Douglasside
143,Mckenzie Collins,Checking,22783.41,2021-03-31,Scottfort
144,Gina Wheeler,Checking,31808.99,2020-10-16,Buckland
145,Aaron Dixon,Business,13903.22,2020-07-01,Darrenchester
146,Timothy Rogers,Business,66482.74,2022-11-09,Davisview
147,Victoria Weeks,Checking,2033.54,2021-04-28,East Belindahaven
148,Mary Burgess,Checking,88532.96,2021-02-22,South Allisonmouth
149,Alicia Miller,Savings,52490.58,2022-03-12,South Michael
150,Gabriella Osborn,Business,36326.49,2020-07-11,East Belindahaven
151,Derrick Rodriguez,Business,80668.08,2022-12-18,Kathleenchester
152,Adam Hernandez,Business,74703.65,2020-12-19,Darrenchester
153,Lisa Greene,Savings,81575.24,2022-07-07,Kathleenchester
154,Sara Martinez,Checking,22895.96,2020-05-01,Buckland
155,Joseph Hoffman,Business,44319.97,2023-09-20,Scottfort
156,Brian Austin,Checking,6117.97,2023-10-16,South Michael
157,Ian Wang,Savings,44165.27,2021-04-24,South Michael
158,Joshua Matthews,Checking,47641.9,2022-03-02,Bradleymouth
