account_id,customer_name,account_type,balance,opened_date,branch
1,Bobby Vincent,Business,96232.57,2021-05-02,South Christinamouth
2,Dr. Shane Edwards MD,Business,43761.31,2022-03-01,South Christinamouth
3,Elizabeth Hunter,Savings,30818.81,2022-11-25,Mathewsport
4,Madison Smith,Savings,18509.57,2023-10-20,East Anthony
5,Jessica Johnston,Business,17585.38,2023-07-09,New Margaretshire
6,Hayden Smith,Savings,38877.97,2021-10-28,Lake Laurie
7,Raymond Powell,Checking,75999.9,2021-12-21,Wyattchester
8,Kristin Smith,Savings,73104.8,2021-06-07,South Christinamouth
9,Danielle Brooks,Business,5090.84,2021-02-11,Lake Laurie
10,Patrick Wright,Checking,24198.08,2023-06-06,Lake Laurie
11,Jennifer Barry,Business,41561.15,2020-11-25,South Christinamouth
12,Jacob Jones,Business,65850.27,2024-02-07,New Elizabeth
13,Andrew Wolf,Checking,64140.48,2020-11-18,Lake Laurie
14,Sheila Lambert,Checking,71382.87,2020-02-20,Wyattchester
15,Kevin Garcia,Business,58377.88,2021-04-16,Kochland
16,Daniel Wilson,Savings,26035.75,2022-07-10,South Christinamouth
17,Alyssa Martin,Business,904.36,2023-10-06,Wyattchester
18,Anthony Fitzgerald,Checking,60642.79,2020-11-03,South Christinamouth
19,Laura Rodriguez,Business,19034.57,2020-03-08,Mathewsport
20,Kimberly Wade,Checking,67470.63,2023-04-15,West Juanhaven
21,Connor Smith,Savings,54084.29,2020-08-22,Wyattchester
22,Charles Brennan,Business,50661.25,2023-09-18,New Elizabeth
23,Sarah West,Savings,64908.63,2020-12-16,West Juanhaven
24,Amy Smith,Checking,63072.5,2021-11-13,West Juanhaven
25,Frederick Tyler,Business,75836.91,2020-07-31,Kochland
26,Jose Guzman,Savings,14854.3,2022-06-13,Kochland
27,Michael Robertson,Checking,13301.11,2022-03-07,South Amy
28,Erik Grant,Checking,15259.51,2020-03-22,New Elizabeth
29,Justin Mcmillan,Savings,89289.89,2022-12-07,Wyattchester
30,Katelyn Ortega,Business,39902.61,2021-10-16,South Christinamouth
31,Mary Berger,Checking,27841.9,2021-11-01,New Elizabeth
32,Jessica Harrison,Checking,77030.04,2023-11-28,East Anthony
33,Lisa Peters,Business,5916.43,2022-12-04,South Christinamouth
34,Jennifer Maddox,Savings,62633.51,2021-07-09,New Margaretshire
35,Nathan Smith,Business,47715.31,2022-05-31,Wyattchester
36,Summer Brown,Business,47944.92,2021-07-16,Kochland
37,Tammy Blanchard,Business,87307.0,2020-12-17,Lake Laurie
38,Christopher Duncan,Business,8467.1,2021-11-19,South Christinamouth
39,Kristina Cuevas,Checking,75297.03,2022-08-05,Kochland
40,Karen Nguyen,Checking,96496.55,2020-11-13,Wyattchester
41,Kayla Gallagher MD,Savings,89276.67,2020-11-16,South Amy
42,Michael Bradley,Savings,59509.95,2021-11-09,Mathewsport
43,David Sanchez,Savings,59840.3,2022-03-28,South Amy
44,Michael King,Savings,48375.63,2021-05-28,Mathewsport
45,Denise Thomas,Business,83059.98,2020-11-19,East Anthony
46,Emily Sutton,Savings,4964.89,2022-03-13,South Christinamouth
47,Lindsey Mckay,Business,62043.01,2023-12-10,West Juanhaven
48,Brittany Rice,Checking,5620.44,2022-05-26,New Margaretshire
49,Joshua Clark,Checking,38514.41,2023-07-24,South Christinamouth
50,Sarah Gay,Business,84652.01,2021-05-29,South Christinamouth
51,Emma Payne,Savings,57473.91,2022-07-06,New Margaretshire
52,Heather Carroll,Savings,96761.18,2021-01-04,New Elizabeth
53,Diane Reid,Business,61690.49,2023-05-16,Wyattchester
54,Matthew Warren,Savings,18440.69,2020-09-18,West Juanhaven
55,David Dixon DVM,Savings,70114.22,2020-08-21,South Christinamouth
56,Brenda Brown,Business,9722.8,2020-09-03,New Margaretshire
57,Amy Buckley,Checking,83279.67,2021-04-04,Wyattchester
58,Nicholas Williams,Savings,31635.55,2021-10-25,New Elizabeth
59,Mark Welch,Checking,19949.5,2021-08-01,Lake Laurie
60,Taylor Santana,Business,40386.07,2021-06-06,New Elizabeth
61,Michael Guerrero,Checking,75908.64,2020-03-23,East Anthony
62,Richard Atkins,Checking,13018.23,2024-01-11,New Margaretshire
63,Michael Jones,Business,99844.75,2022-03-02,Kochland
64,Sierra Dominguez,Business,39646.69,2021-02-12,Wyattchester
65,Sarah Vasquez,Savings,65251.57,2022-03-06,South Christinamouth
66,Cody Rivera,Checking,48340.73,2022-08-09,Lake Laurie
67,Kim Alvarez,Savings,5957.51,2022-10-08,Mathewsport
68,Jonathan Beck MD,Checking,39976.03,2022-10-22,South Christinamouth
69,Keith Stanley,Savings,2135.27,2023-09-29,New Margaretshire
70,Jeffrey Harris,Savings,35376.18,2022-08-21,Mathewsport
71,Shirley Moore,Business,63332.25,2023-05-08,Kochland
72,Sean Thompson,Checking,55737.58,2020-03-28,Mathewsport
73,Jonathan Bonilla,Checking,82054.54,2022-05-28,Kochland
74,Jason Long,Business,39298.73,2021-08-22,Mathewsport
75,Andrew Brown,Business,53014.91,2023-11-13,West Juanhaven
76,Rebecca Lin,Savings,17428.81,2022-04-22,West Juanhaven
77,Monique Charles,Business,52051.58,2022-09-03,Wyattchester
78,Jermaine Moreno,Savings,4447.92,2022-08-27,Mathewsport
79,Beverly Cruz,Business,96740.6,2022-04-20,Kochland
80,Julian Cobb,Savings,40818.5,2023-11-17,East Anthony
81,Andrew Gregory,Savings,4685.63,2023-02-01,Mathewsport
82,Courtney Riddle,Checking,71700.63,2023-05-22,Mathewsport
83,Brandi Wood,Savings,8099.36,2021-05-11,Wyattchester
84,Mark Harris,Savings,37196.92,2023-11-06,Kochland
85,Corey Hodges,Business,22719.53,2022-11-26,Wyattchester
86,Cynthia Wright,Business,32065.7,2020-05-24,New Margaretshire
87,Danielle Alvarado,Business,17012.28,2023-06-02,Wyattchester
88,Kevin Ritter,Business,66165.58,2023-04-19,West Juanhaven
89,Mark Williams,Checking,59338.92,2022-02-07,South Amy
90,Michelle Valencia,Savings,38513.43,2023-08-08,Wyattchester
91,Molly Mueller,Business,27530.11,2021-04-27,Wyattchester
92,Kelly Woodward,Business,26797.96,2021-08-07,Mathewsport
93,Joshua Baxter,Business,89143.78,2020-07-26,West Juanhaven
94,Rodney Mueller,Checking,22668.68,2021-09-24,South Amy
95,Charles Bruce,Business,96218.27,2020-09-17,Mathewsport
96,Benjamin Oconnor,Checking,56154.15,2022-05-26,East Anthony
97,Joseph Rodgers,Checking,73438.83,2021-04-09,Kochland
98,Edward Meyer,Business,99668.93,2022-03-26,South Christinamouth
99,Carla Wright,Business,71742.89,2024-02-01,South Christinamouth
100,Jill Blackwell,Savings,23762.71,2022-04-28,New Margaretshire
101,Renee Williams,Checking,54774.29,2022-10-18,Lake Laurie
102,Jamie Jones,Savings,62664.03,2020-06-20,Lake Laurie
103,Nichole Lee,Savings,98255.24,2023-09-17,West Juanhaven
104,Debbie Kelley,Savings,2126.44,2024-01-01,East Anthony
105,Maria Powell,Savings,36780.57,2023-06-03,New Elizabeth
106,Emily Pollard,Savings,28977.87,2020-10-16,Mathewsport
107,Taylor Howard,Checking,13560.15,2021-05-04,Mathewsport
108,Sonya Riggs,Checking,73037.84,2023-05-26,New Elizabeth
109,Kevin Avila,Checking,18572.84,2023-02-22,Kochland
110,Brian Santiago,Business,12467.35,2023-03-13,Lake Laurie
111,Oscar Hobbs,Business,40356.24,2023-04-11,West Juanhaven
112,Kristin Bradshaw,Business,26007.17,2020-03-25,Mathewsport
113,Mackenzie Dunn,Checking,14148.72,2021-01-12,East Anthony
114,Kelly Larson,Business,90715.23,2022-08-10,South Christinamouth
115,Kyle Martin,Business,72110.65,2023-10-23,New Margaretshire
116,Kathryn Lopez,Checking,62633.56,2020-03-21,East Anthony
117,William Howe,Savings,68740.19,2020-06-21,South Christinamouth
118,Julie Johnson,Savings,90511.01,2020-12-16,East Anthony
119,Perry Jackson,Savings,65931.78,2020-08-05,South Christinamouth
120,Lisa Ponce,Savings,7364.34,2023-01-19,Wyattchester
121,Patrick Case,Business,94623.83,2022-11-16,New Elizabeth
122,Barbara Fritz,Savings,49265.47,2021-03-05,Lake Laurie
123,Donna Drake,Business,82226.63,2023-04-23,New Elizabeth
124,Samuel Parker,Business,78341.82,2021-11-05,Wyattchester
125,Christopher Jensen,Savings,4221.38,2020-07-12,Wyattchester
126,Brittney Butler,Savings,76454.5,2024-02-08,West Juanhaven
127,Laurie Lester,Savings,92365.27,2023-06-07,Kochland
128,Matthew Lawrence,Savings,38733.47,2021-03-04,Wyattchester
129,Wendy Anderson,Checking,20687.98,2021-05-25,South Amy
130,Anthony May,Business,70881.81,2023-07-19,Kochland
131,Toni Rodriguez,Business,33227.06,2021-06-06,New Elizabeth
132,Curtis Barnett,Checking,75017.05,2023-12-02,New Elizabeth
133,Phillip Gardner,Savings,33158.06,2023-03-30,South Amy
134,Diana Howard,Checking,48723.22,2023-03-26,East Anthony
135,Javier Moore,Checking,50577.45,2021-07-20,West Juanhaven
136,Deborah Ashley,Savings,18359.19,2023-03-05,New Margaretshire
137,David Faulkner,Savings,767.3,2022-04-05,East Anthony
138,Zachary Baker,Checking,72749.78,2022-01-15,New Margaretshire
139,James Steele,Business,13462.72,2023-11-22,New Elizabeth
140,Johnny Garcia,Savings,28432.53,2021-02-01,New Margaretshire
141,Joann Morris,Savings,30497.94,2020-03-27,Kochland
142,Victor Schmidt,Business,91984.66,2023-06-29,Kochland
143,Tiffany Orozco,Savings,12879.84,2022-11-09,West Juanhaven
144,Cheryl Day,Savings,66976.28,2023-05-26,West Juanhaven
145,Kyle Flores,Business,4478.46,2023-12-11,Mathewsport
146,Mark Barnes,Business,36225.0,2021-12-25,South Amy
147,Shelia Williams,Checking,10644.88,2023-10-28,South Christinamouth
148,David Sanders,Checking,59618.85,2020-05-03,Wyattchester
149,Cheryl Gordon,Savings,93583.03,2021-02-20,Kochland
150,Tracy Jones,Business,1999.37,2020-10-01,South Amy
