account_id,customer_name,account_type,balance,opened_date,branch
1,John Gallegos,Savings,23371.96,2023-03-22,North Janet
2,April Brown,Checking,96245.72,2023-10-15,North Janet
3,Steven Thompson,Savings,50139.06,2023-08-31,Port Amybury
4,Jessica Kelley,Business,71823.55,2020-09-05,South Julie
5,Michael Dillon,Checking,37365.53,2022-08-24,Harpertown
6,Andrea Hess,Business,82024.16,2020-10-09,Larsonbury
7,Brett Morris,Checking,73086.44,2020-06-23,West Bryan
8,James Andrews,Checking,54882.66,2022-09-27,West Bryan
9,Christopher Garcia,Business,1704.25,2020-12-24,West Bryan
10,Michelle Richard,Savings,36566.26,2021-09-02,Port Amybury
11,Dustin Turner,Business,80703.6,2020-09-07,Tuckerfurt
12,Justin Becker,Savings,1829.09,2022-05-27,North Janet
13,Stephanie Juarez,Checking,55632.74,2020-12-19,North Janet
14,Erin Butler,Business,93261.08,2020-04-25,Harpertown
15,Amy Scott,Checking,82694.69,2022-03-03,Lake Thomas
16,Tamara Guzman,Business,74270.05,2020-08-17,Port Amybury
17,James Young,Checking,34616.02,2021-02-20,West Bryan
18,Jennifer Maldonado,Checking,80099.42,2021-11-05,West Bryan
19,Amanda Taylor,Business,4244.14,2020-11-29,Larsonbury
20,Kelly Schultz,Business,2101.17,2022-03-11,West Bryan
21,Christopher Saunders,Business,16929.44,2023-10-24,Lake Thomas
22,Brenda Cardenas,Savings,67772.15,2021-09-05,New Nancy
23,Paul Benitez,Business,93940.54,2023-03-29,Port Amybury
24,Julie Bates,Checking,19921.8,2020-03-07,West Bryan
25,Sarah Sherman,Checking,85441.04,2023-04-14,North Janet
26,Teresa Smith,Business,37017.31,2020-08-10,Harpertown
27,Larry Cook,Checking,27576.34,2021-01-20,Larsonbury
28,Joshua Martinez,Business,70877.36,2023-05-28,Jenniferburgh
29,Courtney Watson,Business,74995.76,2022-06-09,New Nancy
30,Antonio Perry,Checking,46134.24,2022-08-04,Lake Thomas
31,Willie Morris,Business,85949.6,2021-08-29,North Janet
32,Andrea White,Checking,88959.08,2021-11-26,Jenniferburgh
33,Richard Young,Checking,3965.59,2023-04-05,Larsonbury
34,Mr. Bryan Trevino MD,Business,60380.31,2020-07-13,Harpertown
35,Michael Warner,Checking,93611.24,2023-08-02,Harpertown
36,Barbara Nelson,Savings,53618.6,2023-08-21,West Bryan
37,Troy Nichols,Savings,41582.45,2022-07-08,Port Amybury
38,Kevin Carrillo,Checking,72867.91,2022-03-10,Lake Thomas
39,Michael White,Checking,93807.35,2023-09-25,Jenniferburgh
40,Maria Moore,Savings,40532.81,2020-07-15,Harpertown
41,Allison Garcia,Savings,87792.33,2021-10-12,Jenniferburgh
42,Amber Williams,Checking,83342.75,2022-06-03,West Bryan
43,Kimberly Prince,Savings,56181.83,2023-11-17,Harpertown
44,Ronald Hughes,Business,36147.31,2021-04-08,Tuckerfurt
45,Ruth Brown,Business,44724.14,2020-10-04,Port Amybury
46,Monica Mccann,Business,85269.96,2021-09-18,Tuckerfurt
47,Michael Green,Checking,19869.59,2020-08-03,New Nancy
48,Aaron Ward,Savings,61577.33,2024-01-04,Larsonbury
49,Nicole Harmon,Checking,39022.87,2022-01-14,Lake Thomas
50,Christopher Hall,Business,45229.61,2022-09-07,Larsonbury
51,Kristin Davis,Savings,36568.86,2020-06-28,North Janet
52,Kathleen Adams,Business,84339.42,2021-12-28,South Julie
53,Jaime Frost,Savings,22554.9,2020-03-24,Harpertown
54,Edwin Lee,Checking,8033.49,2020-04-21,North Janet
55,Jeffrey Owen,Savings,90616.84,2024-02-08,West Bryan
56,Brittany Webster,Checking,75895.0,2022-09-18,South Julie
57,Edward Peters,Business,84830.79,2022-02-14,New Nancy
58,Bonnie Harrison,Savings,71654.4,2020-02-17,Tuckerfurt
59,Brian Byrd,Business,41556.04,2020-06-30,Jenniferburgh
60,Sara Smith,Business,14026.09,2021-12-04,West Bryan
61,Jose Boyd,Savings,16432.08,2021-11-20,Tuckerfurt
62,Brian Mcmillan,Checking,63575.52,2020-12-07,Port Amybury
63,Matthew Ferrell,Savings,47302.81,2023-03-21,Jenniferburgh
64,Nicholas Graves,Business,69835.59,2023-05-22,South Julie
65,Laurie Martin,Business,93829.14,2022-04-26,North Janet
66,Curtis Perry,Business,52702.0,2020-06-27,Lake Thomas
67,Jon Johnson,Business,75558.42,2020-10-21,Lake Thomas
68,Lauren Maxwell,Business,35136.11,2022-05-21,North Janet
69,Mary Wallace,Checking,38362.23,2023-04-20,New Nancy
70,Adam Harding,Savings,88454.13,2023-04-03,Larsonbury
71,Cody Pitts,Business,46832.76,2022-04-30,Larsonbury
72,Roger Zimmerman,Business,66431.27,2021-01-18,South Julie
73,Joseph Rivera,Checking,5100.34,2022-11-27,Port Amybury
74,Billy Reyes,Checking,73750.51,2023-09-28,South Julie
75,Anthony Hansen,Business,80713.86,2021-12-21,Lake Thomas
76,Mrs. Jennifer Lee,Checking,62840.63,2021-01-16,Larsonbury
77,Jennifer Brown,Checking,24360.24,2021-08-23,South Julie
78,Pamela Sanchez,Business,43898.97,2022-11-20,New Nancy
79,Kelly Reid,Savings,75667.3,2022-11-01,West Bryan
80,Carlos Barnett,Checking,49209.97,2023-09-24,North Janet
81,Heather Andrade,Savings,21300.48,2021-10-06,Harpertown
82,Jennifer Golden,Business,52695.61,2021-04-12,South Julie
83,Robert Davenport,Business,41587.52,2022-01-21,South Julie
84,James Obrien,Savings,32921.7,2022-10-15,Tuckerfurt
85,Joseph Miller,Savings,92051.18,2023-04-26,Harpertown
86,Anthony Trujillo,Checking,60174.09,2022-04-15,South Julie
87,Joanna Young,Savings,87954.24,2023-04-18,Port Amybury
88,Penny Castillo,Checking,43957.95,2021-02-22,Port Amybury
89,Rachel Adams,Checking,30555.24,2021-10-06,Larsonbury
90,Margaret Lawrence,Business,79381.63,2022-03-05,Lake Thomas
91,Kevin Bond,Savings,53636.83,2021-10-20,Port Amybury
92,Daniel Hughes,Savings,31197.19,2022-04-01,Larsonbury
93,John Day,Business,19880.7,2021-11-19,Tuckerfurt
94,Cynthia Chapman,Checking,19143.1,2021-01-18,South Julie
95,Christopher Ross,Checking,89532.3,2020-04-04,South Julie
96,Nicholas Lam,Checking,12807.17,2022-07-09,West Bryan
97,Allison Diaz DDS,Savings,72297.84,2020-10-22,Larsonbury
98,Alicia James,Savings,61541.68,2021-03-22,Lake Thomas
99,Richard Love,Checking,60987.36,2021-12-15,Port Amybury
100,Jonathan Knapp,Business,56802.36,2020-02-18,New Nancy
101,Jason Walsh,Checking,18882.02,2022-01-31,North Janet
102,Michael Nelson,Savings,18469.49,2022-01-20,New Nancy
103,Jacob Vega,Business,43568.17,2023-08-26,West Bryan
104,Michelle Mccarthy,Checking,19902.28,2020-10-28,Larsonbury
105,Michele Green,Savings,71327.26,2021-03-13,New Nancy
106,Andrew Reynolds,Savings,73333.27,2020-08-29,West Bryan
107,Matthew Frank,Savings,62644.84,2023-05-16,Port Amybury
108,Pam Jackson,Business,51543.54,2020-11-27,Jenniferburgh
109,Victor Pearson,Savings,58761.39,2020-09-19,Lake Thomas
110,Peter David,Checking,51857.1,2022-04-08,Lake Thomas
111,Tonya Lam,Checking,82926.11,2022-01-28,Tuckerfurt
112,Heather Vaughan,Savings,54360.77,2021-08-30,Port Amybury
113,William Hart,Checking,27546.09,2021-01-28,Tuckerfurt
114,Terry Thomas,Checking,13101.59,2021-12-02,West Bryan
115,Summer Ponce,Business,97503.44,2022-04-20,Lake Thomas
116,Meredith Lee,Business,64907.45,2022-06-02,Larsonbury
117,William Reed,Business,90116.4,2020-12-22,West Bryan
118,Jordan Perez,Business,70966.21,2021-03-25,Lake Thomas
119,Brent Brown,Savings,53310.54,2021-02-15,Harpertown
120,Brandy Miller,Savings,67816.27,2022-01-17,Lake Thomas
121,Walter Foster,Savings,67947.38,2023-08-07,Port Amybury
122,Sheryl Ross,Savings,13384.14,2023-02-01,West Bryan
123,Eric Howard,Checking,87301.68,2022-12-19,Tuckerfurt
