sale_id,price,sale_date,copies_sold,genre,BOOK TITLE,author
1,16.52,2025-02-06,73,Sci-Fi,Clear take discussion.,Thomas Martin
2,49.21,2023-07-12,67,Biography,Beyond music building.,Jeffrey Galloway
3,48.58,2023-08-21,44,Non-Fiction,Mean want choice.,David Vazquez
4,35.72,2023-10-10,52,Fiction,Suddenly personal official.,Sandra Anderson
5,5.05,2023-07-31,43,Fiction,Tonight growth suddenly common.,Charles White
6,46.91,2024-06-14,98,Non-Fiction,Anyone treatment.,Victoria Perez
7,13.29,2024-06-14,96,Non-Fiction,Pattern owner.,Lisa Diaz
8,27.93,2024-04-05,44,Sci-Fi,Really push.,Andrea Cervantes
9,14.96,2023-10-04,60,Biography,Ball process report.,Louis David
10,47.96,2023-05-27,67,Mystery,Would spend.,Jennifer David
11,25.32,2023-10-06,51,Sci-Fi,Force same thousand.,Michelle Galvan
12,35.64,2024-04-11,87,Mystery,Name be.,James Cordova
13,42.99,2023-08-18,35,Mystery,His money why.,Kelly Rodriguez
14,37.35,2023-06-09,2,Fiction,Win certainly.,Tracy Hendricks
15,32.06,2023-08-16,59,Non-Fiction,Teach natural call.,Victoria Davis
16,19.92,2023-04-01,68,Fiction,Consumer never.,Michael Flores
17,47.57,2023-02-18,42,Sci-Fi,Leg worker be.,Kristin Roberts
18,34.12,2023-08-23,28,Non-Fiction,Resource sure seven.,Leslie Allison
19,47.62,2024-08-06,92,Fantasy,Senior early.,Paul Dudley
20,26.85,2024-06-11,19,Fantasy,Whole might air.,Allison Anderson
21,8.77,2023-04-13,34,Biography,Subject play traditional.,Anne Mills
22,26.45,2023-07-01,90,Mystery,Huge fear.,Bonnie Flores
23,24.24,2023-12-13,28,Biography,Account example nothing.,Amanda Jones
24,47.18,2023-08-06,36,Biography,Protect.,Jasmine Hill DVM
25,29.64,2024-05-17,10,Mystery,Debate air similar.,Jeffrey Roth
26,34.93,2023-05-22,27,Non-Fiction,Information themselves would.,Heather Jackson
27,28.18,2023-02-21,37,Sci-Fi,Thank.,Alvin Sullivan
28,7.26,2024-03-07,69,Non-Fiction,Various ability.,Tammy Hawkins
29,10.25,2023-07-20,87,Mystery,What.,Christopher Richardson
30,29.17,2024-06-19,72,Sci-Fi,Officer value.,Ruth Ray
31,36.74,2024-06-09,59,Fantasy,Director performance.,Megan Williams
32,34.55,2024-10-26,20,Mystery,Evening significant.,Elizabeth Johnson
33,30.73,2024-01-05,15,Biography,Require current.,Elizabeth Brown
34,8.56,2024-09-23,32,Fiction,Course song voice.,Travis Black
35,22.87,2024-02-08,40,Non-Fiction,Level around ahead trade.,John Mendoza
36,6.28,2024-01-09,88,Fantasy,Field civil.,Alicia Ramirez
37,16.62,2024-01-02,58,Sci-Fi,Fund building.,Antonio Garcia
38,31.87,2025-01-07,33,Sci-Fi,Education trip.,Amy Murray
39,14.05,2024-05-28,40,Fantasy,Few quality here institution.,Dr. Whitney Salazar MD
40,32.51,2024-09-08,30,Fiction,Expert ask.,Theresa Bailey
41,18.73,2025-01-10,90,Sci-Fi,Out grow.,Scott Mcgee
42,11.12,2024-03-31,97,Fiction,Onto professor hair.,Christian Reyes
43,47.22,2024-03-02,100,Non-Fiction,Lot husband close yet.,Joshua Martin
44,25.37,2024-06-19,84,Fantasy,Follow kid.,Beth Jones
45,12.42,2023-03-09,57,Fiction,Conference case.,Christopher Lane
46,48.52,2023-04-28,88,Non-Fiction,Exactly.,Kerry King
47,31.18,2023-08-11,11,Biography,Thus recent picture.,Laurie Vega
48,29.64,2024-05-30,23,Biography,To become.,Marc Chandler
49,43.83,2023-11-13,9,Fiction,Arm.,Jeremiah Hall
50,5.24,2024-09-29,37,Sci-Fi,Term interview through.,Michelle Wilson
51,47.1,2024-05-18,40,Fiction,Officer.,Suzanne Cunningham
52,35.3,2024-03-14,14,Mystery,Effect foreign help.,Caitlin Farmer
53,37.35,2024-05-06,96,Mystery,Impact challenge.,Kimberly Solis
54,32.57,2024-06-08,54,Sci-Fi,Admit part defense.,Christopher Jones
55,33.47,2024-05-15,100,Fiction,For official.,Jennifer Hunter
56,34.98,2023-03-09,96,Mystery,Forward tough.,Daniel Brady
57,19.14,2024-08-03,45,Mystery,Sure chance government early.,Robert Webb
58,5.31,2024-06-07,36,Non-Fiction,Garden single.,Jonathan Jensen
59,39.17,2023-12-27,47,Non-Fiction,Seek available.,Richard Carrillo Jr.
60,18.64,2024-02-04,79,Non-Fiction,Stop heart.,Julie Walton
61,35.15,2023-07-29,34,Biography,Concern owner.,Heather Ramirez
62,26.71,2024-02-08,50,Fantasy,Police actually.,Ethan Kelley
63,13.91,2023-12-23,62,Fantasy,Finally common.,Melissa Hughes
64,5.55,2024-05-22,30,Fiction,Lawyer parent author.,Sandra Montoya
65,48.24,2023-11-04,2,Mystery,Big food market.,Adam Mitchell
66,29.1,2023-04-01,86,Mystery,Decade story inside.,Jessica Reid
67,28.97,2024-01-03,34,Non-Fiction,Defense year.,Mitchell Burgess
68,30.62,2023-05-31,77,Fiction,Past difficult marriage.,Jordan Schmidt
69,33.82,2024-06-28,92,Biography,Safe.,Edward Willis
70,21.34,2025-02-04,52,Fiction,Understand administration us.,Cheryl Curtis
71,8.66,2024-07-25,77,Biography,Question senior argue.,Amber Cooper
72,49.75,2024-07-14,74,Biography,Only buy most.,Richard Patrick
73,14.01,2024-01-21,7,Mystery,Financial more.,Kevin Cameron
74,23.11,2023-11-09,24,Mystery,Line generation.,Heather Sanders
75,17.6,2025-02-10,70,Biography,Trouble structure save.,Grace Bell
76,49.86,2023-09-27,92,Mystery,Already local toward.,Brent Robinson
77,36.7,2024-11-30,92,Biography,Recently section travel.,Adam Rodgers
78,21.65,2024-04-23,75,Fiction,Or unit.,Mary Cruz
79,38.25,2023-11-12,32,Biography,Region paper together.,Elizabeth Richard
80,44.9,2023-04-17,80,Biography,Painting under.,Robert Stevens
81,18.39,2024-02-12,57,Fantasy,Loss suggest quite reflect.,Cindy Padilla
82,6.1,2023-05-25,51,Mystery,Recognize important.,Stephanie Romero
83,45.93,2023-03-10,8,Fantasy,Also between beat.,Jessica Matthews
84,45.0,2024-02-20,74,Fiction,Son radio.,Brian Schultz
85,48.79,2023-12-09,1,Sci-Fi,Billion tell song.,Jodi Maddox
86,33.45,2024-06-11,56,Fantasy,Amount six country.,Tiffany Mckay
87,43.26,2023-09-09,25,Fantasy,Management not president.,Dr. Andrew Carson Jr.
88,38.46,2023-11-16,23,Biography,Discover here option.,Melissa Anderson
89,35.54,2023-05-10,51,Biography,Manage must.,Joshua Stark
90,31.95,2024-05-24,65,Non-Fiction,Accept country.,Joshua Little
91,21.04,2023-09-20,5,Biography,Prepare college.,Jason Estes
92,39.94,2024-07-03,51,Sci-Fi,Sure once improve.,Daniel Lane
93,7.63,2023-12-16,58,Fiction,Current trip huge.,Lisa Bryan
94,12.18,2023-04-25,4,Non-Fiction,Boy after.,Nicholas Huff
95,11.56,2024-03-13,94,Fiction,Difficult role.,Jimmy Chambers
96,30.53,2024-06-08,49,Sci-Fi,None customer whole.,David Barron
97,40.55,2023-09-25,29,Biography,Like political key.,Ronald Aguilar
98,46.86,2024-12-07,21,Fiction,Other lot none.,Mr. Dustin Hernandez MD
99,20.1,2025-02-04,54,Sci-Fi,According always shake.,Katherine Perry
100,15.64,2024-08-11,58,Non-Fiction,Worry move.,Brittney Wilson
101,18.65,2023-12-09,49,Sci-Fi,Protect direction prove.,Rebecca Rivera
102,5.25,2024-07-28,45,Fantasy,Section.,Erin Harris
103,21.25,2025-02-05,59,Fiction,Know special.,Nancy Summers
104,41.39,2023-06-26,21,Fantasy,Relate bar.,Kathryn Leonard
105,43.32,2024-12-01,93,Fiction,Southern major discuss.,Danny Ward
106,26.07,2023-07-06,70,Fiction,Find spring moment.,Melanie Harrell
107,5.4,2024-08-27,16,Fantasy,Study grow.,Haley Williams
108,31.06,2023-06-12,11,Sci-Fi,Know professor value.,Jose Mendoza
109,16.83,2023-10-21,34,Fiction,Everything card.,Christopher Spencer
110,14.33,2024-09-28,44,Fantasy,Agency finally message.,Matthew Yang
111,44.37,2024-04-14,61,Sci-Fi,Production at capital.,Carrie Martinez
112,29.98,2024-07-22,32,Sci-Fi,Brother remain.,Diana Scott
113,35.53,2025-01-10,6,Biography,Bed drug.,Lacey Alvarez
114,21.97,2023-11-03,91,Sci-Fi,Become.,Valerie Garcia
115,17.83,2025-01-20,77,Sci-Fi,Authority entire how.,Amber Kane
116,14.06,2023-04-25,85,Sci-Fi,Concern method record involve.,Jesus Stein
117,30.68,2024-02-20,41,Non-Fiction,Money floor before act.,Gordon White
118,18.17,2024-02-20,51,Sci-Fi,Attention forward.,Juan Grant
119,26.36,2023-06-24,7,Sci-Fi,Cup American.,Dr. Patrick Butler
120,18.09,2025-01-14,76,Fantasy,Trial affect.,Ricardo Beltran
121,5.78,2023-07-06,39,Sci-Fi,Myself give.,Nicole Dominguez
122,45.22,2023-08-17,100,Non-Fiction,Soldier.,Andrew Mendoza
123,17.83,2024-03-21,39,Biography,Know right radio.,Ryan Chambers
124,49.35,2023-03-17,14,Sci-Fi,Let exactly eye.,Karen Fuller
125,13.74,2023-09-12,74,Biography,Executive admit.,Robert Coffey
126,44.97,2024-08-01,37,Fiction,Science can item.,Amanda Craig
127,14.9,2024-01-02,87,Fantasy,Road argue.,Kimberly Aguilar MD
128,40.48,2024-08-10,87,Non-Fiction,Cause himself.,Matthew Flores
129,37.27,2024-08-14,76,Mystery,Matter.,Brett Chapman
130,43.72,2023-05-13,8,Fiction,War.,Courtney Lewis DVM
