sale_id,book_title,author,GENRE,price,sale_date,copies_sold
1,Wall song.,Tiffany Mckinney,Sci-Fi,34.26,2024-07-19,69
2,Heart drug.,Kimberly Contreras,Mystery,27.25,2023-08-05,10
3,Daughter name.,Daniel Cooper,Fantasy,20.79,2024-08-02,76
4,Book happy economy.,Mr. Nathan Davenport,Non-Fiction,27.84,2024-03-13,57
5,Pick building treat back.,Sergio Gonzales,Mystery,15.15,2023-12-04,63
6,Cell everyone.,Katrina Pacheco,Non-Fiction,11.86,2023-03-23,50
7,Short have father.,Denise Trujillo,Non-Fiction,22.98,2024-05-19,16
8,Court effect.,Ricardo Jordan,Biography,10.95,2024-12-05,68
9,College Mrs.,William Johnson,Sci-Fi,6.29,2023-10-30,79
10,Evidence black.,Dean Patrick,Mystery,30.9,2024-04-09,3
11,Senior heart.,Teresa Martin,Fantasy,41.77,2024-12-07,69
12,Tv trial.,Angela Miles,Mystery,18.82,2023-07-10,54
13,Tree top guess.,Martin King Jr.,Sci-Fi,37.15,2024-01-15,6
14,Including military.,Anne Ibarra,Fantasy,19.43,2023-11-17,7
15,Budget activity.,Heather Kelly,Fantasy,12.18,2024-11-16,63
16,Various crime skin suggest.,Cody Williams,Fiction,45.03,2024-02-23,29
17,Get training.,Jacob Oconnor,Sci-Fi,38.74,2023-06-24,52
18,Adult affect.,Leslie Castillo MD,Fiction,9.21,2023-03-03,30
19,Later decide room.,Steven Fitzpatrick,Fantasy,39.68,2024-09-20,76
20,Sit ok sea.,Jennifer Heath,Biography,22.2,2024-06-26,46
21,Say side.,Rhonda Cole,Non-Fiction,14.48,2024-08-04,20
22,Future pick standard.,Matthew Cole,Non-Fiction,32.7,2024-05-22,71
23,Power less sit.,Robert Chambers,Mystery,44.01,2023-08-14,34
24,Size image move.,Veronica Rodriguez,Fantasy,18.07,2024-02-16,91
25,Protect after.,Victoria Nguyen,Biography,41.21,2024-01-14,16
26,Plan option.,Jesus Wood,Biography,42.62,2023-06-22,64
27,Right other group.,Roger Marshall MD,Non-Fiction,18.18,2023-07-21,71
28,Yourself bad.,Anne Miller,Sci-Fi,7.78,2025-01-12,97
29,Page oil study.,Brent Savage,Sci-Fi,47.12,2023-05-11,40
30,Remain despite chair.,Leslie Duncan,Fantasy,8.9,2025-01-22,23
31,Firm word.,Kim Foster,Mystery,17.05,2024-06-16,73
32,Threat guy car.,William Jones,Biography,33.64,2024-11-11,49
33,Between.,Kathy Shaw,Sci-Fi,47.23,2023-12-09,45
34,Two apply.,Cathy Richards,Biography,5.25,2023-07-01,35
35,Pull.,Ryan Whitney,Biography,5.5,2023-05-20,8
36,Floor artist follow.,Thomas Miller,Fiction,24.45,2023-06-23,67
37,At bank imagine deep.,Christopher Powell,Biography,46.15,2024-09-14,34
38,Visit run move.,Mr. Roberto Johnson,Mystery,20.25,2023-04-04,84
39,Ground lawyer important.,Christopher Jacobs,Biography,11.53,2024-07-06,66
40,Interest true.,Tammy Forbes,Non-Fiction,16.32,2024-02-15,18
41,Own edge.,Sharon Hernandez,Fiction,39.41,2023-04-02,16
42,Late.,Emily Jackson,Fiction,22.7,2024-11-28,69
43,Memory stage.,Kelly Campbell,Fiction,21.62,2023-06-04,4
44,So ago.,John Johnson,Sci-Fi,12.48,2024-07-27,10
45,Western third American.,Alicia Rodriguez,Biography,48.85,2023-02-24,92
46,Everybody along.,Alexander Adkins,Biography,42.03,2023-05-07,24
47,Truth eye age.,Dawn Baldwin,Biography,21.02,2024-07-20,22
48,Case future.,Matthew Madden,Non-Fiction,47.58,2024-10-16,7
49,Bad avoid writer.,Madison Ruiz,Mystery,26.16,2025-01-30,5
50,Pass purpose.,Howard Kline,Sci-Fi,15.02,2024-12-08,8
51,Act sport.,Douglas Williams,Biography,22.39,2024-05-05,47
52,Shake guy peace.,Manuel Phillips,Mystery,12.56,2024-05-04,12
53,Next fear other.,April Sosa,Sci-Fi,31.95,2023-09-09,87
54,Trade possible.,Melissa Marshall,Sci-Fi,10.25,2023-05-30,13
55,Clear lay.,Jake Lewis,Biography,30.55,2023-06-11,50
56,Individual reason read.,Amy Johnson,Fiction,21.34,2023-11-22,74
57,Some she.,Kathleen Pacheco,Biography,33.11,2024-02-24,13
58,Republican.,Michael Rhodes,Mystery,18.05,2023-12-23,68
59,Final.,Laura Thomas,Sci-Fi,36.34,2024-05-22,50
60,Letter street use.,Teresa Meyer,Fiction,20.61,2024-09-15,14
61,Throughout country.,Sheila Brown,Mystery,23.9,2023-05-06,10
62,Audience player discuss.,Dustin Oliver,Fantasy,32.56,2023-12-27,60
63,President.,Kimberly Russell,Mystery,24.39,2024-10-29,60
64,Will high.,Michelle Fox,Fiction,7.18,2025-01-19,81
65,Weight surface middle.,Anthony Tapia MD,Sci-Fi,46.2,2025-01-19,9
66,Drug sign want.,Brandi Andrews,Non-Fiction,25.66,2023-12-11,37
67,Lead hand.,Steven Garcia,Biography,48.21,2023-12-22,43
68,Sound record at.,John Williams,Non-Fiction,19.39,2023-12-30,76
69,Take according new finish.,Antonio Edwards,Fiction,35.8,2024-01-16,64
70,Author other almost into.,Carla Gardner,Non-Fiction,45.56,2023-10-08,100
71,Congress just seem.,Terry Shah,Non-Fiction,36.08,2023-06-07,68
72,Myself friend.,Dustin Christensen,Mystery,14.25,2023-11-06,44
73,Material for rise mouth.,Michelle Harper,Fiction,7.64,2025-02-07,60
74,Break certain.,Samantha Smith,Biography,26.48,2023-11-15,76
75,Drug environmental.,Heather Cannon,Biography,25.23,2024-05-11,39
76,Beautiful low represent see.,Jonathan Edwards,Mystery,8.91,2024-04-03,32
77,Policy century third recently.,Catherine Haley,Fantasy,6.62,2024-08-25,75
78,Art book the coach.,Hayley Alexander,Fiction,31.54,2023-06-04,91
79,Former seven.,Larry Cook,Fiction,20.17,2024-03-06,29
80,Hand investment.,Robert Peters,Fantasy,25.0,2024-06-08,86
81,Son prepare in.,Bradley Peterson,Mystery,18.36,2024-03-11,67
82,While center.,Miguel Nelson,Mystery,14.13,2025-01-16,19
83,Office later allow picture.,Brian Hall,Sci-Fi,40.81,2023-04-03,76
84,Continue building alone.,James Ray,Sci-Fi,21.3,2023-09-19,31
85,Indicate because pass.,Gregory Hoffman,Sci-Fi,31.24,2023-06-14,4
86,Political team represent.,Timothy Olsen,Biography,28.73,2024-11-13,100
87,Series for.,Thomas Strickland,Fiction,10.19,2023-07-10,77
88,Hand miss.,Kimberly Castillo,Sci-Fi,20.29,2024-10-14,13
89,Explain get.,David Price,Non-Fiction,32.11,2023-07-09,86
90,Draw true.,Charles Bowen,Sci-Fi,47.86,2023-04-02,52
91,Watch anything.,Christine Campbell,Sci-Fi,21.05,2023-02-19,65
92,War stand.,Richard Banks,Fantasy,21.58,2024-07-26,51
93,Study region feeling.,Debbie Villa,Sci-Fi,5.47,2024-12-17,85
94,Sport several a.,Isaac Cooke,Mystery,7.09,2024-09-13,69
95,Improve.,Valerie Bartlett DDS,Mystery,15.98,2024-01-08,66
96,Among ever ahead.,David Fry,Sci-Fi,6.1,2023-04-25,33
97,Soldier mind economy.,Carrie Lee,Mystery,24.43,2024-12-12,7
98,Foreign financial professor.,Carla Nelson,Fiction,42.72,2023-05-28,85
99,Training all.,Michael Mayer,Mystery,9.43,2024-02-01,90
100,Picture them career.,Trevor Anderson,Fiction,46.35,2024-04-12,47
101,War condition.,Kristina Stuart,Sci-Fi,22.26,2024-11-29,89
102,Throughout green.,Victoria Martin,Biography,15.07,2024-06-25,18
103,Plan mind.,Pamela Mccoy,Fiction,10.84,2024-03-14,87
104,Almost table.,Ryan Hamilton,Non-Fiction,30.68,2024-05-30,66
105,Forward practice central.,Loretta Jackson,Fiction,15.05,2024-06-22,73
106,Civil detail.,Debbie Bright,Non-Fiction,7.76,2025-01-15,4
107,Production crime soldier.,Melissa Garcia,Mystery,49.87,2023-06-18,41
108,Road bar.,Tara Fields,Sci-Fi,34.89,2023-06-30,42
109,Finally ahead miss.,Kelly Horton,Fiction,11.7,2023-11-12,40
110,Black will admit.,Angela Benjamin,Sci-Fi,6.25,2024-02-14,60
111,Tv need member.,Margaret James,Biography,13.82,2024-05-02,38
112,Majority usually.,Stephanie Smith,Fiction,46.36,2024-03-22,23
113,Room but opportunity.,Michael Garrett,Non-Fiction,24.42,2023-03-28,2
114,Hit house.,Angela Johns,Fiction,41.9,2024-08-20,5
115,Sense professional.,Laura Black,Biography,7.68,2024-08-17,3
116,Shoulder standard identify.,Marie Sexton,Biography,34.52,2024-03-03,49
117,Affect whole.,Melissa Villanueva,Mystery,13.92,2024-05-18,74
118,Responsibility huge nothing.,James David,Fantasy,37.29,2024-08-01,87
119,Number simply him.,John Stokes,Non-Fiction,17.44,2024-02-22,62
120,Wide finish let.,Matthew Powers,Non-Fiction,31.84,2024-04-18,96
121,Series.,Carla Nguyen,Fantasy,5.52,2023-08-24,34
122,Season across wish.,Matthew Miller,Biography,16.55,2024-05-15,94
123,Lead and relationship.,Michael Vega,Fantasy,21.76,2023-04-21,98
124,Community choice.,Sara Gill,Fiction,44.74,2023-12-30,78
125,Return now piece.,Sheila Cannon,Fantasy,43.81,2024-05-08,25
126,Toward result.,Lauren Walker,Sci-Fi,36.52,2024-09-05,41
127,Apply street.,Amber Jones,Fantasy,32.6,2023-05-22,40
128,Begin throughout treatment.,Megan Salazar,Biography,11.03,2023-12-03,60
129,Social may large.,Olivia Anderson,Mystery,8.93,2023-03-02,63
130,Clearly during toward.,Michele Leach,Fantasy,32.63,2023-09-08,49
131,Bad couple.,Ashley Mcdonald,Mystery,48.14,2023-11-15,77
132,History less goal.,Misty Vasquez,Fantasy,11.29,2023-04-14,70
133,Reach move southern.,Matthew Davis,Fantasy,8.34,2023-08-24,66
134,Society.,John Dodson,Fantasy,12.52,2024-12-22,33
135,Couple note.,Randy Harris,Mystery,42.61,2024-06-27,4
136,Control resource break.,Rebecca Cooper,Biography,34.03,2025-01-11,82
137,Up compare.,Thomas Walls,Fiction,13.9,2024-12-08,78
138,Argue everybody base now.,Megan Adams,Fantasy,24.87,2024-05-16,64
139,Any increase.,Levi Lopez,Non-Fiction,20.24,2023-09-07,15
140,Yourself lawyer.,Kimberly Long,Biography,30.66,2023-12-31,62
141,Enter forget stock.,Mrs. Connie Hogan,Sci-Fi,37.18,2023-04-10,71
142,Improve behavior.,Michael Sanchez,Non-Fiction,37.04,2024-01-11,5
143,Never interest.,Joshua Klein,Mystery,43.76,2023-02-19,34
144,Try west.,Scott Ramos,Fantasy,27.44,2023-11-09,76
145,Everyone risk.,Linda Davis,Biography,7.09,2024-04-07,7
146,Also once these.,Bruce Franklin,Biography,49.56,2025-02-04,51
147,Consider have view.,Thomas Miller,Biography,17.69,2024-12-03,93
148,Entire citizen.,Kayla Petersen,Fantasy,39.76,2024-04-02,56
149,Population so.,Faith Scott,Mystery,36.58,2023-05-23,36
