sale_id,book_title,author,genre,sale_date,copies_sold
1,Second painting speech.,Elizabeth Brown,Fiction,2024-08-20,81
2,Official effect.,Teresa Schwartz,Fantasy,2024-07-06,67
3,Modern gas.,Andrea Bush,Fantasy,2023-06-25,81
4,Produce.,Melissa Gallagher,Mystery,2024-11-30,45
5,Miss.,Janice Williams,Mystery,2023-12-28,46
6,Cause if.,Kathryn Wilcox,Fantasy,2024-06-04,62
7,Appear camera.,Richard Davies,Mystery,2024-03-28,55
8,Heart sure bag.,Danielle Martin,Non-Fiction,2024-04-23,8
9,Challenge course.,Veronica Sloan,Mystery,2024-02-25,48
10,Small table.,Timothy Bean,Non-Fiction,2024-11-14,95
11,Item decide.,Luke Mills,Fiction,2024-11-30,39
12,Never sure.,Jacob Ortega,Fiction,2023-10-09,75
13,Generation research.,Tom Jacobson,Biography,2023-07-20,9
14,Sometimes.,Jeremy Porter,Non-Fiction,2024-06-12,56
15,Who person.,Marc Yang,Fantasy,2023-05-16,1
16,Off structure card.,Karen Jackson,Sci-Fi,2024-04-15,3
17,Provide instead up amount.,Samantha Perkins,Mystery,2023-09-15,72
18,Product tree.,Michael Garcia,Sci-Fi,2024-10-15,41
19,Trade behind.,Jill Smith,Mystery,2023-08-06,1
20,Personal require.,Mr. George Stafford,Non-Fiction,2025-01-29,61
21,Suffer bit explain song.,Mary West,Fiction,2023-03-25,90
22,Trip citizen your think.,Sean Reeves,Fiction,2023-02-13,89
23,Article building right.,Edwin Ryan,Fiction,2023-06-17,60
24,Sit thank catch.,Jack Nash,Mystery,2023-07-01,7
25,Film provide.,Debra Chavez,Biography,2024-03-26,7
26,Describe approach.,Claire Smith,Mystery,2023-09-29,44
27,Drop support.,Alicia Dillon,Fantasy,2023-09-09,76
28,Thousand you.,Steven Castillo,Non-Fiction,2023-05-05,99
29,Treatment quality firm.,Melissa Rogers,Sci-Fi,2024-03-25,24
30,Trade race study.,Javier Richardson,Mystery,2023-10-26,53
31,Strategy sit son.,Amber Williams,Mystery,2023-10-16,31
32,Pay note.,Julia Jones,Fantasy,2023-12-22,51
33,Successful though dream.,Kelly Morales,Fantasy,2025-01-24,32
34,Member account TV.,Mr. Roy Lang,Fantasy,2023-10-09,78
35,Home organization suddenly.,David Kelly,Biography,2024-05-01,95
36,Stay feel land.,Steve Erickson,Sci-Fi,2023-09-09,31
37,Learn example knowledge.,Keith Reynolds,Biography,2024-04-24,60
38,Operation peace rock.,Wesley Berry,Mystery,2024-08-29,35
39,Wait new Congress.,Rose Campbell,Fiction,2024-03-10,38
40,Why western.,Andrea Horton,Non-Fiction,2023-12-23,5
41,Very alone career.,Shannon Sandoval,Sci-Fi,2024-12-19,98
42,Along free.,Theresa Boyd,Sci-Fi,2024-06-13,27
43,Finish else.,Mary Knight,Biography,2023-02-14,74
44,Popular seek.,Sandra Watts,Fiction,2023-10-23,70
45,Bed their clear some.,Lisa Johnson,Fantasy,2025-01-10,95
46,Throughout career.,Misty Johnson,Mystery,2024-12-01,56
47,Government can.,James Stewart,Fantasy,2024-10-31,6
48,Fear must piece.,Ashley Jarvis,Mystery,2024-11-22,27
49,Safe shoulder fill.,Bryan Castaneda,Fantasy,2023-11-26,82
50,Think.,Louis Hansen,Fiction,2023-06-17,10
51,Despite position amount.,Gregory Cabrera,Biography,2023-06-25,65
52,Watch general.,Robert Mitchell,Biography,2024-10-06,52
53,Or safe design what.,Dana Young,Biography,2024-03-12,26
54,College indicate level.,Terri Yoder,Mystery,2023-12-13,30
55,Beat enough throughout.,Kristin Rodriguez,Mystery,2024-04-15,45
56,Form bad give.,Jennifer Davis,Mystery,2024-03-09,94
57,Significant great.,Christopher Patel,Fiction,2024-03-15,93
58,Instead southern.,Alisha Mcdonald,Non-Fiction,2023-02-24,21
59,Save available.,Nathan Rivera,Fiction,2023-08-22,33
60,Situation our actually.,Brian Blackwell,Biography,2024-02-18,28
61,Collection partner.,Austin George,Fiction,2023-03-05,45
62,Son born fall however.,Matthew Greene,Biography,2023-12-21,8
63,Now role white.,Michael Rubio,Biography,2024-01-21,23
64,Attention in.,Randy Moore,Fiction,2023-06-30,28
65,Drug add make medical.,Dawn Schwartz,Sci-Fi,2025-01-24,35
66,Must under.,Cesar Mendez,Sci-Fi,2023-12-04,55
67,Same she.,Ariel Rios,Non-Fiction,2025-01-02,69
68,One green always will.,Howard Maldonado,Biography,2024-10-11,54
69,Should indeed.,Danielle Jones,Non-Fiction,2024-11-27,54
70,Whose note glass.,Sandra Russell,Biography,2023-08-01,37
71,Movement.,Kelli Davis,Fantasy,2024-02-25,58
72,Security stuff.,Kristy Lee,Fiction,2024-12-01,69
73,Add film.,Kim Ford,Mystery,2023-03-17,68
74,Wind.,Rose Williams,Fantasy,2023-04-21,67
75,To anything effect.,Vanessa May,Fiction,2025-01-03,59
76,Pm upon.,Judy Clark,Non-Fiction,2023-11-04,61
77,Foot wear.,Jason Nguyen,Biography,2023-07-15,44
78,Understand without.,Kayla Higgins MD,Fiction,2024-10-02,65
79,Identify summer generation.,Shelby Chung,Fiction,2024-10-16,91
80,Ten talk real.,Meghan Miller,Biography,2024-03-19,5
81,Traditional another letter.,Jennifer Jackson,Fantasy,2024-02-04,4
82,Partner trade.,Gwendolyn Medina,Fiction,2024-06-29,98
83,Offer when artist.,Mckenzie Black,Non-Fiction,2024-11-07,13
84,Area who past.,Erica Sanchez,Fiction,2023-08-11,28
85,Ability to over.,Jonathan Lee,Non-Fiction,2023-10-09,2
86,Evidence subject.,Alexis Phelps,Mystery,2024-01-09,64
87,Design only senior.,Bryan Simmons,Mystery,2023-10-31,58
88,Head order.,Whitney Johnson,Biography,2023-09-07,39
89,Meeting decision.,Kellie Bennett,Non-Fiction,2023-10-13,38
90,Grow leave seven.,Michael Jordan,Biography,2023-05-29,8
91,Feeling loss.,Brian Baker,Fantasy,2024-05-24,12
92,Record truth.,Jose Owen,Non-Fiction,2024-03-14,69
93,Start quite your.,Matthew Wilson,Non-Fiction,2024-05-11,27
94,Prove expect strong.,Miguel Randall,Fiction,2023-12-10,70
95,List north.,Matthew Barrett,Non-Fiction,2023-11-20,66
96,Everything build.,Sarah Wood,Fantasy,2023-08-08,44
97,Must soon.,David Owen,Sci-Fi,2023-08-06,88
98,Health society yourself.,Gina Wagner,Non-Fiction,2024-10-29,77
99,Store wide.,Karina Palmer,Fantasy,2024-01-18,75
100,Their second.,Traci Stokes,Biography,2025-02-06,23
101,Every plan.,Jennifer Jackson,Sci-Fi,2024-11-09,51
102,Itself concern direction.,Jacob Hoover,Fiction,2023-04-06,27
103,Throw.,Dr. Kenneth Andersen,Biography,2024-10-31,5
104,Imagine account.,Samuel Flores,Mystery,2023-04-13,29
105,New particularly experience day.,Kelly Clark,Fantasy,2024-07-19,93
106,Thank how.,Rhonda Moss,Sci-Fi,2023-05-01,100
107,Them defense only.,Monica White,Non-Fiction,2023-12-07,99
108,Card nation tree rise.,Peter Hunt,Sci-Fi,2024-10-08,82
109,Despite.,Robert Mccullough,Fantasy,2023-10-08,50
110,Election big husband.,Robert Fletcher,Fantasy,2023-10-01,21
111,Road late line.,Rodney Leblanc,Fantasy,2024-08-12,65
112,Movement economic.,Veronica Cook,Fiction,2024-04-17,99
113,Body star power.,Michelle Travis,Sci-Fi,2024-12-22,94
114,Suffer paper.,Stephanie Stewart,Fiction,2023-12-24,56
115,Body new degree.,Pamela Wells,Sci-Fi,2024-04-29,28
