sale_id,book_title,author,genre,price,sale_date,copies_sold
1,Partner apply represent.,Justin Parsons,Non-Fiction,45.81,2024-01-02,80
2,Training sea receive.,Julia Hawkins,Biography,10.56,2024-06-07,63
3,Yourself realize nice.,Robert Mendoza,Fantasy,44.88,2024-05-11,44
4,Return physical raise.,Daisy Pope,Biography,32.24,2023-03-29,76
5,Recognize seat.,Tracy Acosta,Sci-Fi,17.82,2024-02-29,19
6,Raise wonder.,Carrie Stevens,Non-Fiction,21.45,2025-01-09,79
7,While like summer.,Shannon Wilkins,Fantasy,7.5,2023-03-01,19
8,Hard year.,Julie Thompson,Fantasy,12.76,2024-06-06,29
9,Deal ask market.,Lauren Roy,Fantasy,20.39,2023-05-11,77
10,Risk policy.,Sean Murray,Mystery,23.75,2024-12-10,14
11,Remain marriage.,Diana Quinn,Sci-Fi,36.69,2024-10-20,35
12,Whose.,Peter Powers,Non-Fiction,19.8,2024-03-21,59
13,Visit attack.,Tommy Guzman,Mystery,16.59,2024-10-30,56
14,Response moment.,Austin Bean,Fiction,15.54,2024-04-01,26
15,Image daughter.,Peter Todd,Fantasy,32.56,2023-04-25,40
16,Born shake simply.,Laura Medina,Non-Fiction,40.87,2023-04-10,80
17,Exist they.,Susan Garcia,Fiction,13.09,2023-05-02,56
18,Because half.,Scott Bauer,Fiction,15.99,2025-01-23,16
19,Discussion cut.,James Lewis,Biography,12.62,2024-11-12,87
20,Travel tree.,Christopher Phillips,Mystery,36.95,2023-07-31,32
21,Mother beat window.,Kimberly Reyes,Non-Fiction,18.12,2024-02-20,63
22,Tend degree how for.,Lance Baker,Fantasy,20.56,2024-12-18,72
23,Reveal a example.,Kimberly Armstrong,Non-Fiction,29.11,2023-02-13,7
24,Concern authority.,Joseph Lara,Mystery,23.67,2024-12-05,45
25,Decide fast.,Ashley Miller,Fiction,35.88,2024-06-07,8
26,Cultural seven yard.,David Harris,Fantasy,35.52,2023-02-16,16
27,Three treat think.,Antonio Wilson,Fantasy,16.84,2024-07-20,7
28,Answer model.,Natasha Rogers,Fiction,13.48,2024-02-03,79
29,But window free.,April Hunt,Fantasy,19.25,2023-06-15,86
30,National change.,Adam Gonzalez,Mystery,6.21,2023-11-01,11
31,Minute account.,Tiffany West,Biography,34.29,2024-11-25,64
32,Wind.,Craig Stewart,Mystery,17.27,2023-03-06,15
33,Agent whether.,Laurie Sanders,Fantasy,8.76,2023-04-25,25
34,Particular pressure.,Isabel Mullins,Mystery,15.61,2023-08-08,27
35,Energy door.,Rachel Brown,Non-Fiction,25.18,2024-07-15,24
36,Themselves rate son.,Nicole Robinson,Mystery,45.03,2023-05-27,53
37,Part scene dream.,Emily Flores,Sci-Fi,38.84,2024-11-17,83
38,According thus study.,Sean Moore,Mystery,48.85,2024-05-12,33
39,Adult.,David Hodge,Fiction,20.1,2024-07-19,59
40,Despite alone.,Gina Carter,Fiction,19.23,2024-09-26,55
41,International best.,Wendy Medina,Fiction,20.71,2024-12-12,37
42,Part believe win edge.,Kristin Jackson,Biography,20.86,2024-07-15,76
43,Everything event build.,Jason Perez,Non-Fiction,19.36,2024-04-06,63
44,Up couple.,Matthew Tyler,Sci-Fi,32.12,2023-10-31,30
45,Policy staff open.,William Brown,Mystery,11.88,2024-08-27,16
46,Word only.,Lisa Chen,Fantasy,49.03,2023-10-23,88
47,Kid I perform.,Travis Bradshaw,Sci-Fi,45.55,2024-12-24,75
48,Institution market hit.,Erin Farley,Fantasy,49.97,2024-07-01,98
49,Effort him yes.,Stacy Knight,Non-Fiction,7.68,2024-09-06,89
50,Process close maintain.,Sean Taylor,Fiction,6.99,2024-08-18,92
51,Position hold.,Kyle Phillips,Fiction,14.5,2023-05-03,6
52,Expert firm threat.,Ricky Cook,Sci-Fi,10.06,2024-01-24,32
53,Thing war.,Brandon Hall,Non-Fiction,10.85,2024-02-27,14
54,Line evening treatment any.,Roy Ortiz,Sci-Fi,49.96,2023-10-04,8
55,House stage.,Julie Miller,Non-Fiction,13.83,2023-08-16,90
56,Stock talk ahead.,Christina Blake,Mystery,10.43,2024-10-26,46
57,Should value leg.,Pamela Spencer,Mystery,9.44,2024-10-23,97
58,Recognize put support once.,Paula Jones,Mystery,44.0,2024-11-29,21
59,Send store education.,Carol Walsh,Biography,17.75,2024-02-27,50
60,Such marriage.,Denise Thomas,Fiction,31.34,2024-01-11,20
61,Model meet serious.,Ralph Fernandez,Sci-Fi,39.01,2023-09-22,91
62,Threat theory.,Latoya Butler,Mystery,36.15,2024-04-07,41
63,Time event our.,Angela Jacobson,Fiction,23.67,2023-03-24,68
64,Or whatever.,John Gates,Biography,20.22,2023-09-10,92
65,Add hot.,Melinda Henderson,Sci-Fi,35.24,2024-08-29,45
66,Will because.,Arthur Mcdonald,Fiction,6.74,2023-03-08,52
67,Image teach.,Steven Perry,Biography,17.13,2024-01-26,61
68,Before.,James Simpson,Mystery,24.65,2024-03-18,73
69,Throw old others like.,Michelle Roberts,Non-Fiction,10.67,2024-08-03,88
70,Both glass lose.,Jessica Rosales,Sci-Fi,40.87,2024-06-22,45
71,Standard far wide something.,Nicole Austin,Biography,20.72,2024-07-05,50
72,Build book leg summer.,Ellen Ford,Fantasy,25.04,2024-01-29,86
73,Note green civil personal.,Christine Taylor,Fiction,43.26,2023-02-28,74
74,Summer.,Colton Morrison,Non-Fiction,10.15,2023-09-10,66
75,Assume feel.,Richard Reyes,Biography,41.65,2023-04-14,41
76,Cup operation.,Casey Gibson,Non-Fiction,9.28,2023-03-01,26
77,Word expect.,Phillip Jacobs,Fantasy,33.12,2024-12-06,79
78,Speak themselves.,Lauren Carr,Fantasy,38.5,2023-05-14,83
79,Black particular.,Ryan Leonard,Fantasy,35.21,2023-06-23,14
80,Democratic people.,Jessica Watkins,Biography,41.75,2024-01-11,15
81,Peace safe.,Anthony Norman,Biography,24.89,2024-07-07,81
82,Senior skin understand box.,Theresa Williams,Fiction,32.11,2024-02-24,62
83,Four media Democrat.,Jillian Marks,Biography,21.22,2023-07-25,33
84,Similar rock statement.,Tyrone Cunningham,Sci-Fi,37.14,2024-11-12,77
85,Car most man more.,Scott Thompson,Biography,22.73,2023-08-15,81
86,Media different up.,Kelly Jones,Biography,21.72,2024-06-21,90
87,Million Congress change.,Tina Cannon,Biography,17.84,2023-11-23,55
88,Serious she brother.,Daniel Vazquez,Fiction,38.95,2023-09-30,28
89,Project American within although.,Blake Tucker,Mystery,45.03,2024-03-26,6
90,Prove charge single.,Jennifer Martin,Mystery,10.27,2024-08-23,86
91,Mr no.,Janet Riggs,Fantasy,37.91,2025-02-01,86
92,Contain suddenly hard.,Mary Moore,Fiction,35.89,2024-07-03,1
93,Raise level.,Lauren Vaughn,Fiction,24.81,2024-12-08,68
94,Thought across.,George Thompson,Sci-Fi,42.37,2023-02-17,11
95,Institution Congress beyond order.,Timothy Moore,Biography,15.28,2023-09-17,14
96,From process plant.,Laura Gibbs,Non-Fiction,33.46,2024-08-22,56
97,Understand situation loss.,Joshua Foster,Non-Fiction,34.15,2024-11-06,71
98,Talk central.,Kevin Harrington,Fiction,43.19,2023-05-26,64
99,System off general.,Melissa Gamble,Mystery,36.41,2024-07-06,6
100,Believe site benefit.,Paul Villa,Non-Fiction,30.49,2024-10-07,100
101,Week road professional analysis.,Janet Martinez,Fantasy,13.22,2024-12-25,73
102,Determine organization.,Daniel Perez,Mystery,30.63,2025-01-17,46
103,Mean.,Adam Reyes,Sci-Fi,23.61,2023-09-03,59
104,Inside member attention.,Robert Austin,Mystery,15.42,2024-02-17,77
105,See day she.,Douglas Booker,Biography,13.55,2024-07-18,75
106,Difficult rate.,Shannon Cook,Mystery,29.34,2023-04-27,78
107,School begin national.,Lisa Bell,Biography,16.03,2024-09-24,58
108,Product.,Joseph Knight,Sci-Fi,16.38,2024-03-12,52
109,Book nothing.,Peter Pearson,Non-Fiction,20.23,2023-03-27,69
110,Skill low impact.,Cheryl Thornton,Non-Fiction,49.9,2023-12-22,21
111,Per billion.,Adam Hamilton,Non-Fiction,23.05,2023-02-22,98
