sale_id,book_title,author,genre,price,sale_date,copies_sold
1,Exist try.,Laura Tyler,Non-Fiction,48.93,2023-03-12,97
2,Father discover.,Steven Chapman,Mystery,45.91,2023-05-30,77
3,Lose success dark dark.,Leah Valdez,Fiction,11.07,2024-10-31,94
4,Stand behind general.,Monica Frederick,Fantasy,11.51,2023-02-16,89
5,Run east.,David Galloway,Fiction,48.46,2024-04-21,77
6,Seat production.,Kimberly Hernandez,Non-Fiction,24.3,2023-02-12,46
7,Machine.,Danielle Key,Fiction,8.17,2024-05-06,13
8,Marriage.,Lisa Gregory,Fantasy,47.01,2025-01-31,48
9,There energy admit.,Mr. Bradley Brown,Mystery,17.64,2024-04-22,63
10,To represent letter.,Katherine Owens,Non-Fiction,30.49,2023-06-27,44
11,Different why.,Benjamin Fritz,Mystery,7.43,2023-11-10,69
12,Kind rather least.,Matthew Alexander,Mystery,48.9,2024-09-24,76
13,Decide minute might.,Edward Gillespie,Fiction,45.19,2024-09-12,28
14,Early nice arm brother.,Mary Gross,Biography,39.4,2024-03-27,65
15,Address.,Jacqueline Moon,Sci-Fi,45.18,2024-08-05,42
16,Eight water certainly.,Morgan Watkins,Biography,32.96,2024-12-30,55
17,Study way player.,Meghan Alvarado,Fantasy,48.61,2023-04-13,84
18,Mission enough however those.,Christopher Gilbert,Sci-Fi,27.19,2023-11-08,7
19,Street wind front specific.,Karina Berger,Biography,12.41,2024-10-17,65
20,Address cup.,Brian Scott,Non-Fiction,19.2,2024-10-13,5
21,Person store.,Todd Orozco,Fiction,15.26,2024-02-06,98
22,Try much out.,Karen Knight,Mystery,46.83,2023-05-14,82
23,Eight.,Wendy Dixon,Biography,40.02,2023-12-23,62
24,Sound family camera.,Scott Norris,Biography,8.25,2024-08-16,81
25,Student month task.,Andrea Underwood,Fantasy,35.49,2023-11-16,89
26,Arm let large.,Carlos Taylor,Non-Fiction,11.98,2024-01-24,74
27,Among structure system.,Joseph Burton,Fiction,34.67,2024-05-12,68
28,Way long strong.,Craig Allen,Mystery,31.49,2023-03-20,73
29,Week wonder future.,Bobby Knox,Mystery,44.46,2023-10-22,2
30,Opportunity old.,Andrew Williams,Fantasy,32.4,2024-12-31,88
31,Site approach those.,Kathleen Pugh,Fiction,48.54,2023-10-12,97
32,Reality southern.,David Spencer,Non-Fiction,9.88,2024-11-21,100
33,Culture.,Christina Ryan,Non-Fiction,45.65,2025-02-09,56
34,Line identify foreign.,Jennifer Smith,Biography,34.7,2024-11-07,22
35,Financial us.,Nicholas Jones,Sci-Fi,21.95,2024-04-15,59
36,Economy explain few.,Dylan Gonzalez,Biography,38.36,2024-10-05,73
37,Garden could.,Michael Norman,Fantasy,34.34,2023-08-20,4
38,Race modern sense.,Ryan Evans,Mystery,35.85,2024-07-03,10
39,Bed Mr daughter benefit.,Melissa Rodriguez,Sci-Fi,46.35,2023-08-15,73
40,Late.,Tracy Carter,Sci-Fi,35.9,2024-02-16,69
41,Write buy happy.,Tamara Miller,Sci-Fi,40.29,2023-08-25,81
42,Live experience side.,William Ross DDS,Biography,47.98,2023-10-25,28
43,Business government floor.,Vanessa Ford,Sci-Fi,27.93,2024-06-07,33
44,News talk among sometimes.,Cesar Myers,Sci-Fi,40.02,2025-01-20,72
45,Will this.,Miss Ashley Sanders,Non-Fiction,13.87,2023-11-25,61
46,Ground conference provide spend.,Morgan Coleman,Non-Fiction,5.12,2025-01-23,71
47,Blue.,Zachary Jones,Non-Fiction,15.0,2023-07-31,31
48,Half sure clearly.,Stephanie Tapia,Fantasy,12.59,2024-11-02,66
49,No and able.,Greg Hopkins,Biography,47.28,2024-12-29,92
50,College several street.,Amanda Dunn,Biography,33.43,2024-07-21,15
51,Every hand something.,Shawn Nielsen,Fantasy,13.41,2023-06-12,83
52,Hour technology clearly.,Christina Santos,Non-Fiction,43.07,2024-02-09,69
53,Today expect.,Mary Kennedy,Fantasy,37.3,2024-11-21,18
54,Support hospital.,Christina Lee,Sci-Fi,19.75,2024-07-08,51
55,Teach year mean.,Samuel Knapp,Biography,42.01,2023-05-11,32
56,Low great.,Kristen Miller,Sci-Fi,13.17,2024-01-04,89
57,Family.,Vanessa Vaughan,Biography,39.71,2023-06-11,32
58,Save consumer particular.,Jacob Crosby PhD,Sci-Fi,19.17,2025-01-25,8
59,Against.,Heather Duncan,Biography,19.07,2024-12-23,4
60,Song learn ready.,Christopher Johnston,Fantasy,32.34,2023-02-12,22
61,Join interest.,Jonathan Valdez,Fiction,45.23,2024-02-06,36
62,Imagine next role.,Larry Weaver,Sci-Fi,27.96,2024-02-19,99
63,Blood quality.,Brian Hicks,Mystery,28.14,2024-04-09,4
64,Ready treat.,Edward Jones,Biography,14.08,2024-07-22,86
65,Board sure.,Sheri Marsh,Fiction,9.73,2023-04-20,13
66,Eight score.,Christopher Campbell,Mystery,13.64,2024-04-01,33
67,Certainly trouble.,Lori Martinez,Fantasy,13.6,2024-06-23,85
68,Discover situation up.,Donald Conley,Biography,18.44,2023-02-24,85
69,Environment arm.,Ashlee Steele,Sci-Fi,24.56,2023-02-21,16
70,Newspaper road big.,Christopher Maldonado,Fiction,45.57,2023-06-25,28
71,Use cold.,John Henderson,Biography,46.84,2023-04-21,89
72,Thought course not.,Patrick Young,Sci-Fi,31.43,2024-02-29,70
73,Major.,Rachel Campbell,Non-Fiction,37.31,2023-08-31,78
74,Foreign eat finally.,Philip Roberts,Non-Fiction,27.71,2023-09-26,91
75,Write before.,Jacqueline Clements,Sci-Fi,17.83,2023-12-31,44
76,Member different meet.,Mark Delacruz,Non-Fiction,28.12,2024-07-21,92
77,Well chair.,Julia Aguirre,Fantasy,36.38,2023-03-07,85
78,World suggest.,Kelly Johnson,Non-Fiction,19.8,2023-04-24,42
79,Hour town.,Steve Anderson,Non-Fiction,13.92,2023-11-23,29
80,History individual certain.,Matthew Lozano,Fiction,7.18,2023-02-22,96
81,Dream the author.,Edward Riley,Fantasy,32.2,2023-07-27,14
82,Senior course.,Kimberly Padilla,Fiction,15.08,2024-09-18,77
83,Already cell both.,Deanna Jackson,Fantasy,35.84,2023-03-21,64
84,Serve movie.,Douglas Campbell,Biography,18.64,2024-04-04,23
85,Nothing issue ground.,Timothy Salas,Biography,37.25,2023-02-22,72
86,Heart.,John Lang,Biography,16.18,2025-01-03,60
87,Industry better third.,William Williams,Biography,12.38,2023-09-01,69
88,Sign do worker.,Linda Jackson,Fiction,42.15,2024-05-31,68
89,Explain each prove.,Jake Taylor,Fiction,17.02,2024-03-23,10
90,Compare line during.,Shelly Lewis,Sci-Fi,14.97,2023-04-08,88
91,Close represent across.,Eric Martin,Mystery,30.45,2024-03-21,7
92,Condition follow protect.,Samuel Jackson,Non-Fiction,24.55,2024-05-21,22
93,Environmental put again.,Melanie Turner,Sci-Fi,49.57,2023-04-15,32
94,First hot two.,Elizabeth Weber,Fantasy,21.21,2023-06-05,24
95,Hundred side appear skin.,Sherry Patton,Sci-Fi,39.13,2023-06-18,68
96,Simple effect.,Kristy Johnson,Biography,19.27,2024-08-09,39
97,New image.,Jeremy Gibbs,Sci-Fi,5.32,2025-02-05,68
98,Range get.,Darin Chandler,Biography,29.64,2023-04-28,18
99,Traditional situation race.,Pamela Parsons,Non-Fiction,22.63,2023-04-03,48
100,Trade beautiful summer.,Michael Robinson,Non-Fiction,31.76,2024-01-09,92
101,Student without civil.,Heather Wagner,Fiction,49.19,2024-04-16,84
102,Third thousand age.,Nicholas Walton,Biography,44.29,2023-06-28,22
103,Yard capital American.,Anthony Rollins,Biography,49.54,2023-12-27,58
104,According east.,Terry Cummings,Biography,11.58,2023-03-01,27
105,Language example fall.,Elizabeth Drake,Non-Fiction,47.36,2023-08-27,68
106,Challenge.,John Mathews,Sci-Fi,48.79,2024-10-07,52
107,Pattern buy.,Thomas Mack,Sci-Fi,47.22,2023-09-14,13
108,Tv everyone somebody.,Amanda Aguilar,Biography,19.39,2024-03-05,29
109,Weight pull bill evidence.,Michael Haney,Biography,24.05,2023-08-21,59
110,Early toward.,Danielle Villanueva,Fiction,10.31,2023-05-18,66
111,Question bring true.,Alicia Wright,Fantasy,28.52,2025-01-18,43
112,Agreement few.,Catherine Christensen,Biography,45.76,2024-12-17,10
113,Everyone economic actually.,Rita Davis,Fantasy,19.78,2024-05-01,23
114,Wrong growth seek.,Tracy Johnson,Non-Fiction,32.65,2024-11-19,75
115,Certain society.,Jason Olson,Biography,27.85,2024-06-01,82
116,Mission value role.,Stephanie Harris,Mystery,29.01,2023-05-24,71
117,Pretty including.,Steve Lee,Fiction,10.49,2024-06-19,56
118,Apply blue mother.,Scott Roberts,Fantasy,41.28,2023-09-24,23
119,Experience media.,Karen Butler,Fiction,34.21,2024-11-28,96
120,Test usually so.,Nancy Mack,Biography,26.09,2024-05-31,93
121,North look official.,Jacqueline Jordan,Mystery,33.1,2024-05-02,32
122,Create government everything.,Paul Clark,Fiction,47.48,2023-10-11,7
123,Indicate prove friend.,William Nelson,Fantasy,44.36,2023-11-01,52
124,Theory apply particularly.,Teresa Stone,Biography,11.53,2025-02-03,55
125,Southern growth.,Vanessa Avery,Fantasy,23.36,2023-09-03,50
126,Send understand best.,Ruth Travis,Sci-Fi,38.64,2025-02-02,17
127,Town.,Jill Harrington,Sci-Fi,46.47,2025-01-22,23
128,Our shoulder.,Katelyn Martinez,Non-Fiction,17.32,2023-04-25,61
129,Talk play compare.,Jasmine Williamson,Sci-Fi,29.34,2024-12-23,61
130,Story true get.,James Davenport,Biography,31.37,2025-01-11,81
131,Board red daughter.,Jimmy Fernandez,Non-Fiction,26.06,2024-07-10,21
132,Into next.,Ashley Mclean,Fantasy,22.07,2023-04-12,5
133,Strong former.,Mrs. Pamela Rogers,Non-Fiction,15.66,2023-08-10,69
134,Have.,Michael Harris,Fantasy,47.54,2024-02-02,20
135,Event evidence month.,Jason Jackson,Biography,20.24,2024-09-07,94
136,Open.,Stephanie Sampson,Fantasy,42.39,2023-06-20,43
137,Never fact.,James Drake,Mystery,42.01,2024-10-17,51
138,North.,Lauren Powers,Mystery,33.83,2024-03-09,77
139,Factor.,Stephanie Marks,Fantasy,33.53,2024-10-27,8
140,Society.,Julie Taylor,Non-Fiction,32.14,2024-10-04,66
141,Believe resource speak.,Jennifer Walker,Fantasy,25.35,2023-05-25,45
142,Fear us.,Danielle Marshall,Mystery,36.86,2024-07-21,64
143,Vote final nation.,Edward Bennett,Sci-Fi,19.67,2023-07-25,48
144,Dinner two.,Cody Holmes,Fantasy,46.83,2023-10-22,20
