sale_id,book_title,author,genre,price,sale_date,copies_sold
1,See make open.,Mark Schmidt,Fantasy,22.77,2023-07-14,16
2,Sense trip ability.,Elizabeth Ponce,Fantasy,15.58,2023-11-19,61
3,Himself.,Jacob Olsen,Sci-Fi,26.99,2024-06-03,86
4,Stock style leader.,Matthew Clark,Non-Fiction,49.2,2024-07-12,27
5,Page.,Curtis Mccoy,Fiction,35.52,2024-04-06,83
6,Hundred record yeah action.,Brandy Meyer,Fantasy,12.37,2024-03-11,91
7,Argue seven.,Shannon Thompson,Sci-Fi,29.03,2023-06-03,96
8,Degree student single.,Autumn Davis,Non-Fiction,30.69,2025-01-07,74
9,Rest social customer.,Emily Williams,Fiction,26.03,2023-04-09,57
10,About at.,Dr. Carolyn Martinez,Sci-Fi,18.77,2024-09-20,69
11,Arm various.,Meagan West,Sci-Fi,20.54,2024-10-07,43
12,Sport consumer.,Jose Austin,Fantasy,24.92,2024-01-27,7
13,Baby information good.,Mark Woodard,Fiction,17.44,2024-03-25,48
14,Law article.,Ronald Frank,Fiction,24.47,2023-02-14,97
15,Father.,Todd Meza,Mystery,31.18,2024-12-29,94
16,Result try.,Teresa Bell,Fiction,20.7,2024-04-01,7
17,Under team.,Connie Adkins,Non-Fiction,10.73,2023-11-28,40
18,Physical admit.,Victoria Mcdonald,Sci-Fi,22.58,2024-11-01,90
19,Protect leader.,John Andrade,Non-Fiction,38.73,2024-09-22,70
20,Food month.,Barbara Forbes,Fiction,42.85,2023-04-12,94
21,Foot of.,Matthew Bennett,Mystery,43.87,2024-03-10,61
22,Station camera.,Michael Mcclain,Sci-Fi,9.74,2023-05-25,59
23,Mention but safe.,Laura Johnson,Non-Fiction,41.56,2023-10-30,41
24,Group system pull.,Sandra Lawson,Mystery,28.08,2024-04-10,3
25,Picture kitchen.,Alejandra Taylor,Sci-Fi,24.69,2023-11-20,40
26,Else listen anything.,Marc Howard,Sci-Fi,12.01,2024-04-26,83
27,Defense fire.,Veronica Smith,Fantasy,11.91,2023-06-21,30
28,Impact ready machine.,Collin Wilson,Non-Fiction,24.82,2024-11-25,28
29,Large he large.,David Dudley,Biography,20.73,2024-12-28,75
30,Position herself.,Stacey White,Mystery,38.06,2024-09-15,51
31,Whether.,Jeremy Dougherty,Fantasy,14.74,2023-09-13,65
32,Director cultural.,Joshua Tran,Sci-Fi,39.66,2023-11-29,7
33,Sign price decade.,Brian Blanchard,Biography,46.61,2023-08-02,50
34,Mr manager.,Jamie Wilson,Sci-Fi,38.29,2023-05-04,39
35,So pressure.,Aaron Turner,Non-Fiction,26.68,2024-09-25,6
36,Blue expert.,Elijah Bates,Mystery,32.9,2024-02-18,54
37,Culture spend beyond.,Greg Lopez,Sci-Fi,15.56,2024-12-27,99
38,Ready understand TV.,Gordon Martinez,Sci-Fi,9.12,2024-03-31,83
39,Than necessary else.,Jessica Sawyer,Fantasy,13.86,2023-04-08,60
40,Above half.,Brent Montgomery,Sci-Fi,12.77,2024-12-25,68
41,Well light foot.,Jason Jennings,Fiction,23.14,2024-11-12,96
42,Even mean.,Elizabeth Rivera,Mystery,9.05,2023-06-25,98
43,Prove thing.,Curtis Gallagher,Fiction,44.7,2024-06-11,79
44,Matter.,Mario Bray,Sci-Fi,43.37,2024-09-23,45
45,Tell local.,Amber Garcia,Fiction,12.41,2024-12-27,69
46,Soon last direction.,Noah Johnson,Biography,41.21,2025-01-31,84
47,Expect maintain.,Renee Davis,Mystery,36.22,2024-06-23,83
48,Month person.,Aaron Mejia,Fantasy,46.04,2024-03-03,53
49,Cold describe.,Kimberly Miller,Non-Fiction,38.38,2023-03-05,74
50,Middle fast quickly anyone.,April Luna,Fiction,46.07,2024-08-30,31
51,Different someone activity.,Joshua Sellers,Fiction,22.91,2023-07-03,25
52,Professor tend until.,Michael Stuart,Fantasy,41.68,2024-12-11,69
53,Politics party news.,Kenneth Daniels,Fiction,19.02,2024-09-12,65
54,Public treat dark.,Kenneth Haney,Fantasy,9.49,2024-05-01,1
55,Effort forget.,Ashlee Schroeder,Sci-Fi,37.56,2023-08-02,11
56,Miss approach.,Christopher Austin,Biography,7.3,2023-05-08,24
57,Vote commercial.,Beth Baker,Fiction,24.99,2024-01-10,20
58,Model wide.,Anthony Giles,Biography,5.65,2023-06-12,23
59,Red line leave.,Tamara Lopez,Mystery,14.19,2024-02-22,65
60,Simple store some.,Brooke Garrett,Biography,18.72,2024-01-23,9
61,Also ago.,Dale James,Mystery,48.24,2024-04-27,20
62,Compare same Mr.,Brandon Collins,Fantasy,15.8,2024-08-28,97
63,Time yourself training.,Mr. Allen Scott,Sci-Fi,32.51,2024-02-26,40
64,Cost.,Ashley Fernandez,Fantasy,41.65,2024-12-30,66
65,Successful program.,Edwin Flowers,Biography,31.69,2024-04-27,63
66,The property away record.,Joshua Allen,Biography,10.28,2025-01-04,64
67,Season professor reality maintain.,Shelly Stevens,Biography,31.59,2023-12-14,32
68,Just soldier.,Jacob Diaz,Non-Fiction,31.17,2023-05-10,8
69,Improve contain culture.,Melissa Johnson,Sci-Fi,39.26,2025-02-01,82
70,People.,Karen Colon,Sci-Fi,32.73,2024-02-29,84
71,Structure of challenge.,Rebecca Johnson,Non-Fiction,23.42,2023-05-12,90
72,Car fund modern.,Randall Coleman,Fiction,18.7,2023-08-28,67
73,Old.,Lisa Rodriguez,Fiction,10.38,2023-06-01,80
74,Live choice church.,Adam Gibson,Fantasy,40.19,2024-11-10,52
75,Expect which various.,Samantha Sellers,Fantasy,21.92,2023-02-12,83
76,Act pay note.,Aaron Garcia,Mystery,41.89,2023-05-05,9
77,Poor artist.,Janice Barr,Sci-Fi,35.2,2024-05-27,10
78,Large soon.,Derek Clarke,Fantasy,10.9,2023-06-28,94
79,Whether lay low.,William Benson,Biography,44.81,2023-04-04,60
80,Carry ago well.,Jane Perez,Fiction,8.5,2023-02-12,54
81,Involve school study discover.,Laura Bradley,Biography,7.41,2023-05-25,17
82,Within so ready book.,Deanna Collins,Sci-Fi,11.67,2024-05-13,99
83,Source take ago.,Amy Wallace,Sci-Fi,36.42,2024-11-06,88
84,View though role drive.,Kristine Ortega,Biography,18.59,2023-06-01,32
85,Without short them.,Mallory Morgan,Non-Fiction,35.4,2023-05-20,6
86,As simply life.,Stacy Huff,Biography,48.09,2023-12-17,79
87,Imagine scene light.,Ashley Nguyen,Mystery,44.55,2023-08-03,31
88,System me later.,Mark Smith,Mystery,21.77,2024-09-23,12
89,Question will.,Derek Robbins,Mystery,17.34,2023-02-18,77
90,Themselves position.,George Vega,Fiction,6.13,2023-02-19,25
91,Third pressure responsibility.,Sarah Garza,Mystery,15.58,2024-12-30,10
92,Teach his.,Brian Martinez,Biography,10.04,2024-02-14,56
93,Past officer.,Peggy Garcia,Mystery,12.38,2024-08-17,29
94,Light around.,Christopher Shah,Fiction,40.55,2023-07-05,1
95,Week laugh.,Matthew Torres,Fiction,45.5,2023-10-03,88
96,Single present but.,Melissa Kelly,Non-Fiction,31.72,2024-06-09,22
97,Per heavy.,David Campos,Fiction,32.0,2024-02-19,5
98,Skill.,Dennis Taylor,Mystery,44.26,2025-01-10,34
99,Need parent say.,Evan Williams,Fiction,25.13,2024-01-29,11
100,Parent space.,Beth Cameron,Non-Fiction,25.87,2024-01-11,52
101,Participant seem yeah.,Lindsay Barry,Mystery,35.35,2023-08-02,38
102,Cup anything result.,Evan Gonzalez,Biography,25.34,2023-09-23,79
103,Clearly crime language.,Laura Taylor,Non-Fiction,13.21,2025-01-13,32
104,Society street manager.,Andrew Rosales,Mystery,39.13,2024-12-22,7
105,Reveal five who.,Bailey Bailey,Fiction,15.63,2024-12-21,21
106,Training boy radio.,Emily Stone,Mystery,47.32,2024-03-09,12
107,Easy environment too.,Julia York,Non-Fiction,39.69,2024-02-13,63
108,Forget wrong project.,Mary Boone,Non-Fiction,30.25,2023-08-06,22
109,Well bank.,Christopher Davenport,Fiction,46.91,2024-10-10,72
110,Similar action could.,Adam Hurley,Sci-Fi,42.49,2025-01-20,8
111,Least gas.,Cole Clay,Fantasy,18.08,2024-03-30,51
112,Democrat stuff product.,Clayton Knight,Non-Fiction,17.56,2023-06-01,97
113,Table laugh little.,William Davis,Fiction,7.9,2024-10-03,89
114,Decide often explain like.,Patrick Woodard,Biography,30.53,2024-10-08,62
115,Staff avoid.,Barbara Holland,Sci-Fi,7.36,2024-10-18,2
116,Run hospital reach.,Devin Anderson,Biography,22.51,2024-04-14,18
117,Authority successful best.,Katelyn Stevens,Fiction,9.07,2023-03-31,18
118,Outside skill degree among.,David Henderson,Sci-Fi,28.87,2023-10-20,31
119,Within able when.,Steven Mayer,Sci-Fi,42.01,2023-08-29,2
120,Particularly.,Ashley Reed,Non-Fiction,9.88,2025-01-07,46
121,Wide growth.,Jason Morgan,Fiction,15.93,2023-03-14,86
122,Think door network.,Nicole Lewis,Sci-Fi,40.52,2023-06-20,19
123,Here whether more.,Brandy Harris,Biography,22.27,2024-05-14,48
124,She million her.,Dalton Garcia,Fiction,33.15,2023-12-21,25
125,Road leave cause machine.,Kyle Jimenez,Fantasy,17.72,2024-08-30,3
126,Shoulder sea.,Eric Myers,Fiction,34.45,2023-09-28,90
127,They social describe.,Cassidy Short,Biography,28.16,2023-04-17,86
128,Owner throughout.,Tina Estes,Fiction,22.26,2024-03-11,89
129,Instead force area.,Kristin Gutierrez,Biography,10.25,2023-09-13,94
130,Song seat possible.,Erica Evans,Sci-Fi,34.67,2023-05-19,36
131,Nearly region.,Vanessa Flowers,Biography,22.28,2024-02-11,80
