course_id,course_name,department,instructor,credits,semester
1,Intro to Your,Mathematics,Phillip Powell,3,Fall 2021
2,Intro to Relationship,Mathematics,Sean Mathews,1,Winter 2023
3,Intro to Student,Economics,Kelsey Sanchez,2,Fall 2018
4,Intro to Per,Biology,Stephen Mcdaniel,2,Winter 2018
5,Intro to Among,Mathematics,Joseph Warner,2,Summer 2020
6,Intro to Wall,Mathematics,Cynthia Kramer,2,Winter 2020
7,Intro to Start,Mathematics,Omar Martin,4,Fall 2021
8,Intro to Myself,Economics,Mr. Patrick Farmer,1,Spring 2023
9,Intro to Mother,Economics,Heather Harrison,2,Fall 2020
10,Intro to Exist,Physics,Michael Coleman,1,Spring 2021
11,Intro to Guy,Computer Science,Lawrence Bradley,2,Spring 2020
12,Intro to Yeah,Mathematics,Brian Garcia,2,Spring 2020
13,Intro to Remember,Economics,Natalie Young,5,Summer 2022
14,Intro to Allow,Biology,Alicia Miranda,2,Spring 2022
15,Intro to Factor,Economics,Katherine Garner,4,Spring 2020
16,Intro to Market,Computer Science,Jaime Rice,3,Summer 2021
17,Intro to Where,Mathematics,Kristina Moore,3,Spring 2023
18,Intro to Accept,Computer Science,Jeffrey Boone,1,Summer 2023
19,Intro to Close,History,Brenda Miller,5,Fall 2020
20,Intro to Family,Biology,Ruth Gilmore,1,Spring 2020
21,Intro to Debate,Computer Science,Laurie Moon,5,Summer 2023
22,Intro to Trouble,Economics,Timothy Roberts,3,Summer 2021
23,Intro to Foreign,Physics,Emma Ellis,3,Winter 2018
24,Intro to Conference,Mathematics,Ivan Mccoy,5,Fall 2021
25,Intro to Natural,History,John Rojas,2,Summer 2023
26,Intro to Play,Physics,Benjamin Ruiz,3,Winter 2021
27,Intro to Sport,Economics,Roy Young,2,Winter 2021
28,Intro to Film,Biology,Angela Adams,3,Winter 2019
29,Intro to Congress,Physics,John Jackson,4,Fall 2019
30,Intro to Difference,Computer Science,Matthew Moss,5,Spring 2022
31,Intro to Continue,Biology,Tracy Anderson,5,Summer 2019
32,Intro to Company,Computer Science,Ashley Christian,1,Fall 2019
33,Intro to Prove,Biology,Ruben Morgan,3,Summer 2018
34,Intro to Sometimes,Economics,Anne Watson,4,Spring 2022
35,Intro to Middle,Physics,Jennifer Hernandez,5,Winter 2022
36,Intro to Last,Physics,William Hernandez,2,Fall 2022
37,Intro to Television,Physics,Elizabeth Flores,1,Winter 2023
38,Intro to Evidence,Physics,Tara Hobbs,5,Spring 2020
39,Intro to Tv,History,Jose Roberts,1,Winter 2023
40,Intro to More,Computer Science,Robert Smith,3,Spring 2023
41,Intro to Much,Economics,Lisa Sullivan,1,Fall 2018
42,Intro to Writer,Physics,Brian Vaughn,4,Spring 2021
43,Intro to Will,Economics,Julie Little,1,Spring 2023
44,Intro to Player,Physics,Michael Evans,4,Fall 2018
45,Intro to Head,Biology,David Bradshaw,5,Summer 2021
46,Intro to Piece,Computer Science,Eddie Buchanan,5,Summer 2023
47,Intro to Build,History,Allen Bell,1,Spring 2018
48,Intro to Think,Economics,Maria Harding,3,Summer 2018
49,Intro to Final,History,Melissa Thompson,1,Spring 2019
50,Intro to Establish,Economics,Elaine Valdez,3,Summer 2021
51,Intro to Ability,Economics,William Bishop,4,Winter 2018
52,Intro to Stock,History,Ryan Greer,4,Winter 2022
53,Intro to Well,Computer Science,Michelle Thomas,3,Spring 2018
54,Intro to Try,Computer Science,Heather Sexton,2,Summer 2020
55,Intro to Up,Mathematics,Joshua Harper,5,Spring 2020
56,Intro to If,Physics,Cynthia Perry,4,Spring 2019
57,Intro to Court,Physics,Jennifer Newton,1,Winter 2019
58,Intro to Bag,Mathematics,Douglas Turner,2,Summer 2020
59,Intro to Rich,Physics,Susan Hawkins,1,Summer 2020
60,Intro to State,Computer Science,Elizabeth Martinez,1,Spring 2023
61,Intro to Strong,Computer Science,Laura Morris,4,Fall 2019
62,Intro to Financial,Economics,Elizabeth Liu,1,Winter 2019
63,Intro to Up,Computer Science,Mark Smith,5,Fall 2020
64,Intro to Society,Computer Science,Shawn Lamb,5,Spring 2023
65,Intro to Yard,Mathematics,Scott Raymond,2,Fall 2023
66,Intro to Ahead,Mathematics,Kristi Cole,4,Fall 2018
67,Intro to Although,History,Pamela Walsh,1,Summer 2019
68,Intro to Include,Biology,Emily Ross,4,Fall 2022
69,Intro to Poor,Biology,Joanna Murray,2,Winter 2022
70,Intro to That,Physics,Christian Moyer,1,Winter 2019
71,Intro to None,Computer Science,Jared Davis,5,Summer 2019
72,Intro to Talk,History,Julie Gomez,2,Winter 2023
73,Intro to Point,Physics,Anthony King,4,Winter 2018
74,Intro to Ten,Economics,Patricia Chapman,1,Fall 2019
75,Intro to Weight,Biology,Christopher Warren,2,Winter 2022
76,Intro to Challenge,Biology,Mark Padilla,1,Spring 2023
77,Intro to Have,Computer Science,Michael Craig,3,Fall 2022
78,Intro to Kind,Physics,Monica Miller,4,Fall 2019
79,Intro to Heart,Economics,Anne Mason,1,Winter 2021
80,Intro to History,Economics,Jesse Fisher,4,Winter 2022
81,Intro to Tree,Biology,Jenna Spencer,2,Spring 2021
82,Intro to Top,Mathematics,Cheryl Rose,1,Summer 2022
83,Intro to According,Economics,Danny Miller,3,Winter 2021
84,Intro to Network,Mathematics,Dr. Hannah Collins,4,Spring 2021
85,Intro to Move,Economics,Rodney Leblanc,5,Fall 2018
86,Intro to Law,Physics,Katie Cox,5,Fall 2021
87,Intro to Science,Economics,Sara Thompson,1,Summer 2019
88,Intro to Room,Economics,Meredith Thomas,1,Fall 2020
89,Intro to Strong,Computer Science,Karen Stephenson,2,Spring 2019
90,Intro to While,Physics,Aaron Farrell,4,Spring 2020
91,Intro to Over,Mathematics,Jean Thomas,5,Summer 2019
92,Intro to Half,Mathematics,Barbara Williams,1,Fall 2018
93,Intro to Four,Biology,Allen Gibson,1,Winter 2023
94,Intro to Stay,Computer Science,Shawn Wolf,4,Fall 2018
95,Intro to Quality,Physics,Karen Hughes,2,Summer 2023
96,Intro to Traditional,Economics,Thomas Molina,3,Spring 2023
97,Intro to Many,Biology,James Boyle,4,Fall 2018
98,Intro to Blood,Computer Science,Amanda Lopez,2,Summer 2018
99,Intro to Town,Economics,Ann Fischer,4,Spring 2020
100,Intro to Society,Economics,Michele Jenkins,5,Winter 2019
101,Intro to Attack,Physics,Janet Phillips,1,Fall 2020
102,Intro to Move,Computer Science,John Garcia,3,Summer 2021
103,Intro to Middle,History,Brian Wilkinson,1,Summer 2018
104,Intro to Artist,History,Robin Pacheco,2,Winter 2018
105,Intro to Bar,Economics,Michael Guzman,3,Summer 2019
106,Intro to Dark,Physics,Ruth Stevens,3,Summer 2020
107,Intro to Former,Biology,Robin Miranda,2,Summer 2022
108,Intro to Morning,Biology,Wendy Delacruz,2,Fall 2018
109,Intro to Turn,Biology,Gary Dunlap,5,Spring 2022
110,Intro to Field,Biology,Gabrielle Cobb,2,Winter 2019
