course_id,course_name,Department,instructor,credits,semester
1,Intro to Offer,Physics,Samuel Jackson,2,Winter 2021
2,Intro to Administration,History,Jennifer Sweeney,2,Spring 2022
3,Intro to Seem,Computer Science,Andre Curtis,2,Fall 2022
4,Intro to End,Mathematics,Christopher Lambert,3,Winter 2018
5,Intro to Order,Computer Science,John Ray,3,Fall 2022
6,Intro to Question,Economics,Geoffrey Mendoza,1,Winter 2022
7,Intro to Call,History,Jennifer Horton,2,Winter 2022
8,Intro to Single,History,Gary Howell,1,Winter 2020
9,Intro to Team,Computer Science,Ricky Kramer,1,Spring 2022
10,Intro to Personal,Economics,Stephanie Byrd,1,Fall 2021
11,Intro to Sit,Computer Science,Rachel Hull,3,Spring 2021
12,Intro to Financial,Computer Science,Jose Griffin,3,Fall 2023
13,Intro to Game,Mathematics,David Morgan,5,Winter 2021
14,Intro to Without,Physics,Tyler Parker,1,Spring 2023
15,Intro to Main,Computer Science,Allen Hendrix,1,Spring 2020
16,Intro to Statement,Mathematics,Travis Alvarez,4,Fall 2019
17,Intro to Lawyer,Mathematics,Richard Graham,5,Fall 2019
18,Intro to Goal,Physics,Nathan Rice,4,Winter 2018
19,Intro to Eye,Computer Science,Caleb Green,4,Winter 2020
20,Intro to Make,Physics,David Crawford,3,Winter 2019
21,Intro to Trip,History,Adam Hayes,1,Winter 2019
22,Intro to Work,Mathematics,Sara Ortega,2,Winter 2021
23,Intro to Wide,Computer Science,Christopher Taylor,3,Spring 2021
24,Intro to Investment,Economics,Brittney Cherry,5,Spring 2023
25,Intro to Likely,Mathematics,Robert Strickland,3,Summer 2022
26,Intro to Discussion,Physics,Rose Hendricks,2,Winter 2018
27,Intro to Customer,History,Allison Solis,5,Winter 2021
28,Intro to Sort,Computer Science,Felicia Zimmerman,4,Spring 2020
29,Intro to Hot,Biology,Cassidy Hoffman,3,Winter 2021
30,Intro to Behind,Mathematics,Meagan Clark,3,Spring 2020
31,Intro to Early,Mathematics,Edward Perez,5,Summer 2023
32,Intro to Exactly,Economics,Kimberly Schroeder,5,Summer 2021
33,Intro to Add,History,John Martinez,4,Fall 2020
34,Intro to Deal,Physics,Katelyn Lloyd,4,Spring 2019
35,Intro to Health,Physics,Tracy Mahoney,4,Summer 2022
36,Intro to Quite,Biology,Jennifer Carey,3,Winter 2021
37,Intro to Piece,History,Sarah Johnston,5,Fall 2018
38,Intro to Cut,Computer Science,Cindy Compton,5,Winter 2019
39,Intro to No,Mathematics,Matthew Ashley,5,Fall 2020
40,Intro to Sell,Physics,Joshua Lamb,3,Summer 2018
41,Intro to Poor,Economics,Timothy Johnston,2,Spring 2018
42,Intro to Marriage,Physics,Jacob Lawrence,4,Fall 2020
43,Intro to Cost,Economics,Kevin Tyler,3,Summer 2020
44,Intro to However,Biology,Kelly Wilson,4,Spring 2022
45,Intro to Politics,Physics,Jennifer Scott,2,Spring 2018
46,Intro to Firm,Economics,Nicole Rogers,2,Spring 2023
47,Intro to Nature,Computer Science,Victoria Sanchez,2,Fall 2020
48,Intro to Account,Biology,Nicole Escobar,3,Spring 2023
49,Intro to Get,Biology,Lori Murphy,4,Spring 2018
50,Intro to Area,Physics,Brianna Johnson,1,Winter 2022
51,Intro to Meeting,Mathematics,Lori Thornton,5,Fall 2022
52,Intro to Why,Computer Science,Joshua Harrison,4,Spring 2018
53,Intro to Feel,Economics,Miranda Davis,1,Summer 2023
54,Intro to Leg,Economics,David Sanchez,3,Winter 2018
55,Intro to They,Computer Science,Anthony Barron,3,Summer 2018
56,Intro to Someone,Physics,Sandra Hansen,4,Winter 2021
57,Intro to Cost,Biology,Jennifer French,5,Winter 2023
58,Intro to Section,Mathematics,Caroline Anderson,5,Fall 2021
59,Intro to Future,Computer Science,Kimberly Daniels,2,Fall 2021
60,Intro to Light,Computer Science,Sarah Ward,3,Spring 2018
61,Intro to Test,Computer Science,Alexandra Scott DVM,2,Spring 2023
62,Intro to Kid,Computer Science,Nicole Arias,2,Spring 2019
63,Intro to Painting,Biology,Angela Glover,5,Winter 2020
64,Intro to Common,Physics,Derrick Davis,3,Spring 2018
65,Intro to Dream,Economics,Diana Reynolds,4,Fall 2018
66,Intro to History,Physics,Jose Knapp,1,Winter 2020
67,Intro to Student,History,Marissa Shah,2,Winter 2019
68,Intro to Address,Biology,Kimberly Good,3,Fall 2018
69,Intro to Learn,Physics,Kelli Sanders,4,Fall 2023
70,Intro to Ever,Mathematics,Melissa Miller DDS,5,Winter 2018
71,Intro to Other,Biology,Kenneth White,2,Spring 2018
72,Intro to Professional,Physics,Eric Barnes,4,Winter 2023
73,Intro to Argue,Computer Science,Anthony Murray,5,Spring 2019
74,Intro to Leg,Computer Science,Tasha Guzman,5,Winter 2018
75,Intro to Throw,Biology,Alexander Hampton,2,Summer 2019
76,Intro to Learn,Mathematics,Annette Brewer,3,Fall 2021
77,Intro to Though,Physics,Theodore Dixon,2,Summer 2021
78,Intro to Into,Computer Science,Patricia Harris,5,Summer 2021
79,Intro to Movement,History,Bradley Stevens,4,Fall 2020
80,Intro to Each,Mathematics,Jacob Williams,4,Summer 2022
81,Intro to General,Biology,Robert Phillips,1,Spring 2020
82,Intro to Just,Physics,Paul Coleman,4,Winter 2022
83,Intro to Single,Economics,Patricia Petersen,3,Winter 2022
84,Intro to Wonder,Mathematics,Jeremy Miller,5,Fall 2020
85,Intro to Doctor,History,Charles Cruz,1,Summer 2023
86,Intro to Image,Physics,James Oneill,1,Fall 2022
87,Intro to Adult,Mathematics,Abigail Walker,3,Summer 2022
88,Intro to General,Biology,Mark Bryant,1,Spring 2023
89,Intro to Indicate,Mathematics,Corey Williams,5,Summer 2019
90,Intro to Meet,Mathematics,Mathew Jacobson,4,Spring 2018
91,Intro to Media,Physics,Brian Johnson,4,Summer 2023
92,Intro to Various,Mathematics,Melissa Clark,1,Summer 2022
93,Intro to Region,Economics,Matthew Pena,2,Fall 2019
94,Intro to Ready,Mathematics,Mark Donaldson,5,Summer 2020
95,Intro to Thank,Physics,Jessica Curtis,2,Spring 2023
96,Intro to Measure,Economics,Joshua Vazquez,2,Spring 2020
97,Intro to These,Physics,Kevin Norris,3,Winter 2023
98,Intro to View,Mathematics,Heather Ross,2,Winter 2021
99,Intro to Sign,Biology,Michael Owens,2,Summer 2019
100,Intro to Summer,Computer Science,Mason Donaldson,2,Winter 2019
101,Intro to Project,Biology,Brandon Alvarado,3,Summer 2021
102,Intro to Night,History,Kristy Brown,3,Winter 2018
103,Intro to Throw,Biology,Sharon Patel,4,Summer 2019
104,Intro to Cover,Mathematics,Samantha Morgan,4,Fall 2023
105,Intro to Tonight,Physics,Denise Herman,3,Winter 2021
106,Intro to Way,Computer Science,Mitchell Zamora,2,Fall 2018
107,Intro to Case,Physics,Austin Zimmerman,4,Summer 2023
108,Intro to Identify,Computer Science,Wesley Thomas,2,Summer 2020
109,Intro to Summer,Computer Science,George Strickland,2,Winter 2018
110,Intro to Language,Biology,Nicole Caldwell,4,Spring 2019
111,Intro to Idea,Computer Science,Lori Villanueva,1,Summer 2022
112,Intro to Prevent,Mathematics,Jacqueline Long,5,Fall 2023
113,Intro to Worry,Biology,Mrs. Natalie Martinez,1,Summer 2020
114,Intro to Focus,History,Frederick Clarke,5,Winter 2023
115,Intro to Water,Computer Science,Ruth Williams,4,Spring 2022
116,Intro to Buy,History,Michele Bryant,3,Summer 2020
117,Intro to Side,Physics,Kimberly Newman,4,Spring 2021
118,Intro to Think,Biology,Vickie Moran,3,Winter 2020
119,Intro to Happen,Mathematics,Keith Morton,2,Winter 2023
