course_id,course_name,DEPARTMENT,instructor,credits
1,Intro to From,Physics,Jacqueline Blanchard,4
2,Intro to Board,Biology,Melissa Jones,3
3,Intro to Order,History,Matthew Sullivan,1
4,Intro to Ready,Physics,Lydia Lyons,5
5,Intro to Just,Economics,Maureen Floyd,5
6,Intro to Letter,Biology,Autumn Kline,4
7,Intro to Together,Physics,Brittany Taylor MD,4
8,Intro to Final,Economics,Colleen Henderson,3
9,Intro to Friend,Biology,John Thomas,1
10,Intro to Near,Economics,Aaron Johnson,1
11,Intro to Arrive,Economics,Antonio Smith,1
12,Intro to Goal,Physics,Duane Brown,3
13,Intro to For,Economics,Daniel Miller,1
14,Intro to Finally,Computer Science,Christie Holt,5
15,Intro to Foreign,History,Neil Mckay,1
16,Intro to Water,Mathematics,Stephanie Williamson,3
17,Intro to Technology,Economics,Kimberly May,2
18,Intro to Agreement,Biology,Caroline Ho,2
19,Intro to Study,Economics,Megan Keith,2
20,Intro to Season,Computer Science,Christine Wallace,3
21,Intro to Central,Biology,Timothy Brown,3
22,Intro to Theory,Economics,Leah Green,3
23,Intro to Leg,Economics,Katherine Lawson,5
24,Intro to Friend,Biology,Ryan Harris,3
25,Intro to Oil,Physics,Shirley Aguilar,4
26,Intro to Right,Computer Science,David Anderson,3
27,Intro to Travel,Mathematics,Christopher Duncan,2
28,Intro to He,Physics,Veronica Nielsen,5
29,Intro to Whether,Mathematics,Kaitlyn Cruz,5
30,Intro to Ago,Biology,Jason Torres,1
31,Intro to Could,Physics,Jennifer Rios,5
32,Intro to Best,Physics,Kevin Lewis,5
33,Intro to Else,Physics,Abigail Williams,4
34,Intro to Husband,Physics,Daniel Li,5
35,Intro to Member,Economics,Sarah Mack,4
36,Intro to Especially,Computer Science,Amber Williams,4
37,Intro to Begin,History,Angela Hayden,2
38,Intro to Organization,Biology,Daniel Gonzalez,2
39,Intro to Right,Mathematics,Lisa Thompson,3
40,Intro to Stay,Biology,James Lopez,3
41,Intro to Guess,Mathematics,Jeffery Smith,3
42,Intro to Safe,Physics,Jennifer Booth,3
43,Intro to Perhaps,Mathematics,Matthew Howard,2
44,Intro to Better,Computer Science,Bobby Gonzalez III,3
45,Intro to Food,Biology,Jose Sims,5
46,Intro to Successful,Computer Science,Melissa Jacobs,5
47,Intro to Vote,Physics,Danielle Williams,2
48,Intro to Let,Computer Science,Matthew Hancock,4
49,Intro to International,Biology,Kayla Carpenter,1
50,Intro to Benefit,Physics,Christine Cook,2
51,Intro to Ability,Physics,Larry Frazier,3
52,Intro to Road,Economics,Allison Lewis,5
53,Intro to Front,Mathematics,Bill Pena,1
54,Intro to Wind,Economics,Thomas Sparks,4
55,Intro to Group,Mathematics,Diane Hill,4
56,Intro to Dinner,Biology,Amy Brandt,3
57,Intro to Ever,Biology,Jose James,5
58,Intro to Understand,History,Anthony Estrada,5
59,Intro to While,Mathematics,Kathleen Armstrong,2
60,Intro to Father,Computer Science,April Rodriguez,2
61,Intro to Note,Biology,Linda Mcneil,1
62,Intro to Social,Mathematics,James Mitchell,5
63,Intro to Police,Mathematics,Joshua Schneider,4
64,Intro to Voice,Computer Science,Lindsey Vega,5
65,Intro to Finish,Economics,Robert Walls,2
66,Intro to Create,Physics,Helen Allen,2
67,Intro to Management,Physics,Tami Martinez,4
68,Intro to Scene,Biology,Kimberly Rangel,1
69,Intro to Something,Biology,Michelle Boyle,5
70,Intro to Audience,Biology,Sean Ford,2
71,Intro to Choose,Computer Science,Jenna Vazquez,4
72,Intro to Purpose,Physics,Michael Reed,1
73,Intro to Name,Mathematics,Cathy Johnson,3
74,Intro to Generation,History,Shawn Roberts,2
75,Intro to Other,Physics,William Dean,4
76,Intro to Old,Economics,Kyle Ward,3
77,Intro to Do,Biology,Crystal Robertson,2
78,Intro to Much,Mathematics,Daniel Brown,4
79,Intro to Start,Mathematics,Paula Hayden,4
80,Intro to Turn,History,Elizabeth Carr,4
81,Intro to Box,Economics,Debra Morgan,3
82,Intro to Rock,Mathematics,Sylvia Clarke,1
83,Intro to You,Economics,William Lowe,3
84,Intro to Fine,Computer Science,Jessica Roberson,1
85,Intro to Less,Mathematics,Holly Daniels,2
86,Intro to Institution,Economics,Sandra Ferguson,2
87,Intro to Full,Mathematics,Matthew Huffman,2
88,Intro to Current,History,Natalie Snow,2
89,Intro to Study,Computer Science,Michael Allison,5
90,Intro to Box,Economics,Thomas Romero,4
91,Intro to Magazine,Mathematics,Darrell Barnes,3
92,Intro to Financial,Computer Science,Tanya Smith,4
93,Intro to Down,Biology,Jeffrey Hamilton,3
94,Intro to Along,History,Calvin Cook,4
95,Intro to Reason,Economics,Diana Lee,4
96,Intro to Democrat,Economics,Marcus Garcia,3
97,Intro to Population,Biology,Sandra Kelley,4
98,Intro to Speak,Computer Science,Benjamin Rodriguez,5
99,Intro to Road,Physics,Roger Bishop,5
100,Intro to Write,Mathematics,Donna Jackson,5
101,Intro to Language,Physics,Christine Gomez,5
102,Intro to Discover,Computer Science,Angela Taylor,4
103,Intro to American,Biology,Robert Hammond,4
104,Intro to Coach,History,Monique Taylor DDS,1
105,Intro to Group,Physics,Grant Hill,2
106,Intro to Town,Economics,Katie Zamora,1
107,Intro to Prevent,Biology,Cole Castillo,4
108,Intro to At,Mathematics,Tamara Floyd,3
109,Intro to Young,Physics,Cheyenne Lozano,3
110,Intro to Loss,Biology,Allen Odonnell,1
111,Intro to Evening,Economics,Warren Carter,1
112,Intro to Goal,Mathematics,Destiny Garcia,3
113,Intro to System,Physics,Joseph Perez,1
114,Intro to Congress,Economics,Emily Thomas,5
115,Intro to Kind,Computer Science,April Rice,5
116,Intro to Side,History,Carol Howard,2
117,Intro to Court,Computer Science,Brett Russo,2
118,Intro to Fill,Biology,Dr. April Cox,1
119,Intro to Spend,Economics,Elizabeth Johnson,1
120,Intro to Talk,Economics,Kayla Smith,2
121,Intro to Create,Mathematics,Louis Bowers,5
122,Intro to Own,Physics,Jennifer Marquez,1
123,Intro to Follow,Mathematics,Jennifer Wood,3
124,Intro to Pressure,Mathematics,Melvin Stone,4
125,Intro to Rather,Physics,Courtney Shields,3
126,Intro to Traditional,Mathematics,Michael Walton,4
127,Intro to Few,Computer Science,Shane Miller,2
128,Intro to Experience,Physics,Daniel Cochran,2
