course_id,course_name,department,instructor,CREDITS,semester
1,Intro to Tell,Biology,Jermaine Bates,1,Spring 2018
2,Intro to Event,Computer Science,Patricia Dudley,1,Summer 2021
3,Intro to Computer,Biology,Joy Beck,5,Fall 2022
4,Intro to Church,Physics,Patrick Martinez,2,Spring 2019
5,Intro to Listen,Economics,Michelle Medina,5,Spring 2023
6,Intro to Lose,Biology,Garrett Howard,4,Summer 2023
7,Intro to Still,Economics,Mitchell Walker,1,Winter 2022
8,Intro to Common,Economics,Mrs. Sarah Berry DDS,3,Fall 2022
9,Intro to Pattern,Economics,Douglas Jensen,5,Spring 2021
10,Intro to Share,Mathematics,Sean Moore,5,Summer 2020
11,Intro to Walk,Physics,Christopher Alvarado,3,Winter 2022
12,Intro to Reflect,Biology,Gary Campbell,5,Spring 2020
13,Intro to Develop,History,Justin Hughes,3,Summer 2022
14,Intro to Or,History,Dr. Mary Garcia,1,Fall 2019
15,Intro to Record,Biology,Trevor Taylor,1,Summer 2019
16,Intro to Wide,Biology,Eileen Fernandez,3,Winter 2018
17,Intro to Simply,Economics,Annette Woods,5,Spring 2022
18,Intro to Peace,Physics,Michael Dunlap,2,Summer 2021
19,Intro to Hotel,Mathematics,Tammy Cabrera,5,Spring 2020
20,Intro to Early,Mathematics,John Wilson,5,Winter 2018
21,Intro to Everyone,History,Andrea Miranda,2,Spring 2018
22,Intro to Bad,Economics,Jeffrey Kirk,2,Fall 2019
23,Intro to World,Physics,Tracy Flynn,3,Spring 2020
24,Intro to Since,Mathematics,Raymond Davis,2,Spring 2023
25,Intro to Part,Mathematics,Jimmy Giles,3,Spring 2023
26,Intro to Tough,Physics,William Long,2,Winter 2022
27,Intro to Visit,Physics,Michael Ross,3,Summer 2018
28,Intro to Like,Mathematics,Alexander Gentry,2,Summer 2018
29,Intro to Market,Biology,Mark Griffin,3,Summer 2022
30,Intro to Call,Mathematics,Brendan Patrick,4,Winter 2023
31,Intro to During,History,Bryce Wilson,2,Winter 2020
32,Intro to Point,Physics,Deborah Ramos,3,Spring 2021
33,Intro to Benefit,Physics,Victoria Williams,3,Spring 2018
34,Intro to Difficult,History,Tammy Lopez,3,Spring 2019
35,Intro to Southern,Mathematics,Cynthia Parks,3,Spring 2018
36,Intro to Member,Physics,Jason Stephens,4,Winter 2022
37,Intro to Enough,History,Stephen Burke,2,Summer 2019
38,Intro to Memory,History,Andrea Hansen,4,Summer 2019
39,Intro to Stay,Physics,Daniel Miller,3,Fall 2021
40,Intro to Gas,Biology,Chris Aguilar,1,Summer 2020
41,Intro to Hand,History,Phillip Fields,4,Spring 2019
42,Intro to Heart,Computer Science,James Bryan,2,Spring 2019
43,Intro to Ahead,Computer Science,Tony Smith,3,Spring 2021
44,Intro to Data,Economics,Antonio Jackson,5,Fall 2022
45,Intro to In,Biology,Charles Burke,1,Fall 2023
46,Intro to Management,Economics,Zachary Davis,1,Fall 2019
47,Intro to Strong,Biology,Rebecca Anderson,2,Winter 2022
48,Intro to Key,Economics,Danielle Graham,5,Fall 2022
49,Intro to Beyond,Computer Science,David Smith,2,Summer 2022
50,Intro to Challenge,Computer Science,William Rivera,5,Summer 2020
51,Intro to Window,Economics,Samantha Robinson,5,Spring 2018
52,Intro to Draw,Physics,Cindy Smith,4,Spring 2019
53,Intro to Environmental,History,David Thomas,2,Spring 2020
54,Intro to Job,History,Glenn Cox,5,Fall 2018
55,Intro to Us,Mathematics,Tony Rivera,4,Summer 2019
56,Intro to Attention,Mathematics,Dawn Glover,4,Winter 2019
57,Intro to Wonder,History,Kenneth Griffin,5,Summer 2021
58,Intro to Writer,Economics,James Garcia,1,Summer 2021
59,Intro to Offer,Biology,Melissa Richardson,5,Winter 2020
60,Intro to West,Physics,Tracy Vaughn,4,Winter 2020
61,Intro to Business,Computer Science,Joseph Ramsey,5,Spring 2021
62,Intro to Production,Mathematics,Jessica Tran,1,Fall 2019
63,Intro to Concern,Computer Science,Joel Hernandez,4,Summer 2018
64,Intro to Head,Computer Science,Cheyenne Thompson,2,Spring 2019
65,Intro to Audience,Mathematics,Elizabeth Daugherty,3,Spring 2018
66,Intro to Response,Computer Science,Lawrence Lewis,5,Fall 2023
67,Intro to Have,Mathematics,Andrea King,1,Winter 2018
68,Intro to Would,Biology,Audrey Salinas,4,Summer 2019
69,Intro to Large,Computer Science,Alicia Anderson,5,Winter 2019
70,Intro to Ever,Economics,Robert Mills,4,Summer 2020
71,Intro to Because,Computer Science,Michael Martin,4,Fall 2023
72,Intro to Sport,Economics,David Young,4,Spring 2022
73,Intro to Good,Computer Science,Andrew Lindsey,1,Winter 2018
74,Intro to Road,Mathematics,Zachary Deleon,5,Fall 2020
75,Intro to Above,Physics,Tina Welch,5,Spring 2022
76,Intro to Protect,Physics,Lori Jennings,3,Fall 2020
77,Intro to Whether,Computer Science,Jennifer Hampton,3,Summer 2018
78,Intro to Manage,Physics,Joy Guerrero,3,Spring 2019
79,Intro to Cup,Mathematics,Michael Mitchell,3,Summer 2021
80,Intro to Congress,Economics,Melissa Butler,2,Fall 2019
81,Intro to Blood,Biology,Terri Brown,1,Fall 2022
82,Intro to Spend,Economics,Christine Hill,2,Spring 2019
83,Intro to Mention,Computer Science,Kevin Williams,2,Fall 2021
84,Intro to Receive,Computer Science,Tony Thomas,3,Fall 2018
85,Intro to Off,Computer Science,Isabel Wilcox,1,Summer 2022
86,Intro to Another,Computer Science,Jonathan Oconnor,1,Spring 2023
87,Intro to Soon,History,Barbara Clark,5,Fall 2023
88,Intro to Range,Computer Science,Heather Thomas,5,Winter 2021
89,Intro to Positive,Computer Science,Mrs. Denise Blackburn,4,Fall 2022
90,Intro to Space,Biology,Kelly Meyer,1,Spring 2022
91,Intro to I,Economics,Teresa Perez,2,Summer 2019
92,Intro to Improve,Biology,Stephanie Graham,5,Winter 2020
93,Intro to Today,Economics,Kellie Cole,1,Summer 2019
94,Intro to Student,Biology,Gilbert Horton,1,Fall 2023
95,Intro to Main,Economics,Ashley Simpson,4,Summer 2022
96,Intro to Politics,Biology,Amy Davis,1,Fall 2018
97,Intro to Thank,Computer Science,Frederick Garcia,1,Winter 2021
98,Intro to Boy,Physics,Miss Tiffany Johnson,5,Summer 2021
99,Intro to Make,Mathematics,Eric Jenkins,1,Spring 2019
100,Intro to Ok,Physics,Andrea Adams,1,Winter 2018
101,Intro to Issue,Mathematics,Mrs. Jennifer Brown,5,Spring 2021
102,Intro to Car,Computer Science,Kenneth Bradley,3,Winter 2018
103,Intro to Nor,Biology,Brandon Mcmillan,5,Winter 2022
104,Intro to Natural,Physics,Heather Riley,3,Summer 2021
105,Intro to Within,History,Nicole Stephens,1,Winter 2023
106,Intro to Respond,History,Anna Carroll,2,Fall 2023
107,Intro to Too,Economics,Thomas Banks,1,Fall 2021
108,Intro to Mind,Mathematics,Joanna Vega,2,Winter 2021
109,Intro to Father,Biology,Ryan Rios,1,Summer 2020
110,Intro to Write,History,Emily Simmons,2,Spring 2022
111,Intro to Minute,Mathematics,Ryan Walker,2,Winter 2021
112,Intro to Its,Physics,Diana Williams,3,Spring 2022
113,Intro to Great,Physics,April Hester,3,Winter 2019
114,Intro to Sell,Physics,Jason Johnson,3,Summer 2018
115,Intro to Movie,Biology,Michael Garcia,1,Spring 2022
116,Intro to Successful,Computer Science,Bryan West,3,Fall 2022
117,Intro to Office,Economics,Shannon Gutierrez,3,Summer 2023
