course_id,course_name,department,instructor,credits,semester
1,Intro to Spend,Computer Science,Jeffrey Hill,3,Spring 2021
2,Intro to Provide,Mathematics,Dr. Matthew Serrano,2,Fall 2021
3,Intro to Necessary,Physics,Brian Jordan,2,Summer 2019
4,Intro to Write,Biology,Ricky Simmons,2,Fall 2018
5,Intro to Outside,Biology,Justin Graham,5,Summer 2019
6,Intro to Position,Mathematics,Amanda Warner,2,Spring 2019
7,Intro to Believe,Physics,Mary Cervantes,4,Spring 2022
8,Intro to Look,Mathematics,Kimberly Bender,3,Summer 2021
9,Intro to Baby,Biology,Tina Gonzalez,4,Summer 2019
10,Intro to Front,Biology,Austin Williams,2,Summer 2021
11,Intro to How,Mathematics,Mark Andersen,4,Summer 2022
12,Intro to Garden,Physics,Jose Baker,1,Winter 2023
13,Intro to Much,Economics,Michelle Villegas,2,Winter 2019
14,Intro to Same,Biology,Elizabeth Rose,3,Winter 2020
15,Intro to Risk,History,Scott Alvarez,1,Spring 2020
16,Intro to Most,Economics,Rhonda Campbell,4,Fall 2020
17,Intro to Western,Economics,Kenneth Monroe,4,Spring 2021
18,Intro to Officer,Mathematics,Bryan Rogers,5,Spring 2021
19,Intro to True,History,Mrs. Tina Ayers,5,Summer 2022
20,Intro to Fact,Physics,Kathryn Garcia,2,Summer 2021
21,Intro to Film,Economics,Edward White,4,Summer 2021
22,Intro to Final,Mathematics,James Fisher,4,Fall 2021
23,Intro to Gas,History,Alison Blackwell,4,Fall 2021
24,Intro to Per,History,Roy Flores,4,Spring 2022
25,Intro to Effort,Computer Science,David Gonzalez,5,Summer 2021
26,Intro to Send,Physics,Paula Wells,5,Winter 2022
27,Intro to By,Biology,Robert Bray,3,Summer 2023
28,Intro to Measure,Computer Science,Laura Taylor,5,Spring 2018
29,Intro to Republican,Biology,Donald Alexander,4,Winter 2018
30,Intro to One,Computer Science,Kyle Juarez,3,Spring 2020
31,Intro to Then,Computer Science,Hunter Gardner,1,Spring 2022
32,Intro to Interest,Physics,Rebecca Osborne,2,Winter 2018
33,Intro to Appear,Computer Science,Jennifer Gutierrez,5,Fall 2020
34,Intro to Church,Mathematics,Stephen Petty,3,Fall 2018
35,Intro to Defense,Economics,Daniel Vincent,3,Fall 2019
36,Intro to Look,History,Lisa Walton,3,Winter 2020
37,Intro to Show,Physics,Amber Harris,4,Fall 2021
38,Intro to Newspaper,Biology,Lauren Cherry,1,Spring 2021
39,Intro to Hand,Biology,Christina Jones,1,Winter 2021
40,Intro to Condition,Physics,Holly Carlson,1,Winter 2020
41,Intro to Notice,Physics,Julie Mckinney,4,Fall 2023
42,Intro to Pressure,Biology,Donald Perez,1,Winter 2023
43,Intro to Let,Mathematics,Lori Mills,5,Winter 2020
44,Intro to Site,History,Steven Williams,1,Summer 2021
45,Intro to Receive,Physics,Paula Stanley,2,Spring 2019
46,Intro to Truth,Mathematics,Susan Parker,3,Fall 2021
47,Intro to First,Computer Science,Jordan Chen,1,Spring 2019
48,Intro to Guess,History,Andrew Guzman,4,Spring 2022
49,Intro to Down,History,Dr. Evelyn Patton,1,Fall 2020
50,Intro to Bit,Economics,Amber Mitchell,4,Fall 2020
51,Intro to Great,Mathematics,Emily Knight,2,Fall 2023
52,Intro to Economy,History,Tina Rogers,2,Summer 2022
53,Intro to Under,Physics,Matthew Estrada,5,Winter 2021
54,Intro to Watch,Computer Science,Bailey Anderson,1,Summer 2021
55,Intro to Hot,Physics,John Smith,3,Summer 2018
56,Intro to Way,Physics,Cassidy Gray,5,Spring 2020
57,Intro to Range,Physics,Richard Martinez,2,Summer 2022
58,Intro to Prevent,Mathematics,Leah Williams,3,Winter 2018
59,Intro to Response,Mathematics,Billy Nelson,1,Spring 2021
60,Intro to Place,Mathematics,Heather Lee,5,Fall 2020
61,Intro to Under,Mathematics,Haley Ortiz,5,Spring 2019
62,Intro to Face,Physics,Dana Lyons,4,Fall 2022
63,Intro to Control,Physics,Charles Cruz,1,Fall 2023
64,Intro to Tough,Mathematics,Scott Ferguson,2,Spring 2022
65,Intro to Her,Biology,Angela Kelly,2,Summer 2019
66,Intro to Evidence,History,Tiffany Kelly,1,Spring 2022
67,Intro to Part,History,Brandy Shepherd,4,Winter 2023
68,Intro to Decade,Physics,Michael Powell,1,Fall 2020
69,Intro to Enough,History,Danielle Thomas,4,Fall 2021
70,Intro to Already,Mathematics,Sean Gibson,3,Fall 2021
71,Intro to Fear,History,Mark Jones,1,Winter 2019
72,Intro to Raise,Computer Science,John Smith,4,Fall 2023
73,Intro to Expect,Mathematics,David Kelly,3,Summer 2023
74,Intro to American,Computer Science,Travis Yates,4,Spring 2020
75,Intro to Gun,Biology,Erika Pace,4,Winter 2023
76,Intro to Prove,Economics,Michael Martinez,5,Summer 2019
77,Intro to Choose,Mathematics,Brianna Huff,4,Winter 2021
78,Intro to View,Computer Science,James Watts,5,Spring 2023
79,Intro to His,Physics,Briana Lee,2,Summer 2022
80,Intro to Often,Physics,Leah Hopkins,4,Fall 2021
81,Intro to Left,Economics,Michelle Solis,5,Spring 2021
82,Intro to Third,History,Amber Barry,5,Winter 2023
83,Intro to Parent,Physics,Brian Tapia,4,Fall 2021
84,Intro to Lot,Economics,Jeremy Reed,5,Summer 2022
85,Intro to Century,Physics,Henry Brooks,5,Spring 2023
86,Intro to Effort,Economics,Tammy Lester,5,Winter 2019
87,Intro to Physical,Mathematics,Leonard Moss,5,Spring 2020
88,Intro to Happy,Biology,Jeffrey Tapia,3,Spring 2018
89,Intro to Current,History,Robert Young,3,Fall 2021
90,Intro to New,Computer Science,Sarah Bond,5,Summer 2022
91,Intro to Suddenly,Physics,Claudia Rodriguez,5,Summer 2020
92,Intro to Red,Computer Science,Seth Jones,3,Winter 2021
93,Intro to Else,Mathematics,Alicia Johnson,2,Summer 2022
94,Intro to Born,Biology,Danny Norton,1,Fall 2020
95,Intro to Answer,Economics,Dustin Phillips,3,Summer 2020
96,Intro to Member,Physics,Christopher Chen,4,Spring 2023
97,Intro to Easy,Mathematics,Michael Bryant,4,Fall 2023
98,Intro to Strategy,Economics,Kelly Butler,3,Fall 2019
99,Intro to Final,Mathematics,John Mckinney,4,Summer 2020
100,Intro to Standard,Physics,Evelyn Mendez,5,Spring 2019
101,Intro to Successful,Mathematics,David Kim,3,Winter 2018
102,Intro to Save,History,Kevin Rivera,5,Summer 2019
103,Intro to Probably,Physics,Valerie Matthews,1,Winter 2023
104,Intro to In,Physics,Alexis Davis,4,Winter 2018
105,Intro to Alone,Biology,Brandy Hernandez,3,Spring 2022
106,Intro to Summer,Physics,Debbie Guzman,3,Spring 2020
107,Intro to Yet,Economics,Kevin Cole,2,Winter 2023
108,Intro to Outside,Physics,Elizabeth Torres,1,Fall 2019
109,Intro to Great,Economics,Jennifer Fernandez,4,Summer 2018
110,Intro to Involve,Mathematics,Cathy Gonzalez,4,Summer 2022
111,Intro to Protect,History,Autumn Anderson,2,Spring 2019
112,Intro to Alone,History,Dakota Sanders,3,Summer 2022
113,Intro to Present,History,Ashley Watson,1,Winter 2020
114,Intro to Term,Mathematics,Crystal Flynn,1,Spring 2022
115,Intro to Who,Physics,Kristina Johnson,2,Fall 2018
116,Intro to History,Biology,Robert Thompson,2,Spring 2022
