course_id,course_name,department,instructor,credits,semester
1,Intro to Difficult,History,Elizabeth Gomez,1,Winter 2022
2,Intro to Evidence,Economics,Travis Riggs,1,Spring 2021
3,Intro to Fight,Biology,Janet Dixon,1,Summer 2018
4,Intro to Sound,Mathematics,Benjamin White,4,Summer 2018
5,Intro to Collection,Economics,Angelica Rojas,2,Winter 2021
6,Intro to Would,Physics,Linda Allison,3,Winter 2023
7,Intro to Majority,History,Frederick James,3,Fall 2022
8,Intro to Agency,Biology,Jeffrey Brooks,1,Summer 2020
9,Intro to Top,Physics,Jeff Miller,1,Spring 2020
10,Intro to Now,History,Jennifer Martinez,1,Summer 2018
11,Intro to Recent,Mathematics,Cynthia Nunez,4,Summer 2022
12,Intro to Bring,Biology,Gary Hall,1,Winter 2021
13,Intro to Tend,Biology,Michael Allison,5,Winter 2021
14,Intro to Food,Mathematics,Elizabeth Rodriguez,3,Winter 2020
15,Intro to Less,History,Jose Simmons,1,Winter 2019
16,Intro to Real,Biology,Elizabeth Wilson,5,Winter 2019
17,Intro to Majority,Biology,James Matthews,5,Spring 2023
18,Intro to Whole,History,Raymond Chen,4,Summer 2018
19,Intro to Wide,Mathematics,Alexis Johnson,2,Summer 2020
20,Intro to On,Physics,Carolyn Stokes,5,Fall 2020
21,Intro to Memory,Mathematics,Timothy Boyd,2,Summer 2019
22,Intro to Especially,Biology,George Bell,4,Winter 2019
23,Intro to Keep,History,Keith Roy,5,Winter 2019
24,Intro to Again,Biology,Heather Williams,1,Fall 2018
25,Intro to Water,Physics,Lisa Cantu,4,Fall 2018
26,Intro to Book,Physics,Dylan Stuart,2,Fall 2021
27,Intro to Because,Biology,Alyssa Cowan,1,Spring 2020
28,Intro to Parent,History,Steven Johnson,3,Summer 2023
29,Intro to Care,Physics,Randy Miller,2,Spring 2020
30,Intro to Wear,Computer Science,Samuel Jones,5,Spring 2020
31,Intro to Security,Economics,Linda Brown,4,Winter 2022
32,Intro to Day,Mathematics,Anthony Wilson,2,Fall 2023
33,Intro to Station,Mathematics,Angela Ramos,2,Fall 2021
34,Intro to Second,History,Jeremy Henson,3,Fall 2019
35,Intro to Draw,Mathematics,Brenda Hess,4,Spring 2023
36,Intro to Front,History,Christopher Hebert,1,Spring 2018
37,Intro to Keep,Mathematics,Nicole Williams,3,Summer 2022
38,Intro to Charge,Physics,Heather Crawford,3,Spring 2022
39,Intro to Hope,Physics,Michael Harrison,1,Fall 2020
40,Intro to Too,Physics,Emily Fisher,5,Spring 2020
41,Intro to Allow,Economics,Kenneth Evans,2,Fall 2020
42,Intro to Especially,Physics,David Carson,5,Spring 2022
43,Intro to State,History,Billy Wilson,2,Fall 2022
44,Intro to Into,Mathematics,Brandon Guerra,2,Fall 2019
45,Intro to Single,Biology,Michael Johnson,4,Fall 2022
46,Intro to Turn,Physics,Charles Mckay,5,Fall 2021
47,Intro to Fire,History,Kayla Christensen,5,Winter 2022
48,Intro to Break,Biology,James Smith,2,Winter 2019
49,Intro to Parent,Mathematics,Jeffrey Adams,4,Summer 2023
50,Intro to Surface,Economics,Anna Mitchell,3,Spring 2022
51,Intro to Some,Mathematics,Bridget Torres,2,Fall 2018
52,Intro to See,Physics,Aaron Brown,1,Summer 2020
53,Intro to Common,Computer Science,Emily Hanson,2,Fall 2018
54,Intro to Less,Physics,Brandon Contreras,2,Winter 2023
55,Intro to Southern,Mathematics,Jamie Gibson,4,Winter 2019
56,Intro to Human,History,Kelly Sanchez,5,Summer 2021
57,Intro to Instead,Computer Science,Susan James,4,Spring 2021
58,Intro to His,Economics,Gary Martinez,5,Summer 2018
59,Intro to After,Mathematics,Jodi Flores,2,Spring 2018
60,Intro to Pressure,Economics,Matthew Thompson,2,Summer 2023
61,Intro to Recognize,Biology,Angel Hughes,1,Spring 2018
62,Intro to Key,Biology,Willie May,2,Winter 2022
63,Intro to Black,History,Thomas Lloyd,1,Summer 2018
64,Intro to Affect,Biology,Carol Martinez,3,Spring 2019
65,Intro to Store,Mathematics,Cheryl Ferguson,2,Summer 2019
66,Intro to Response,Computer Science,Michael Taylor,4,Spring 2023
67,Intro to Audience,Mathematics,Brian Griffin,2,Summer 2019
68,Intro to Peace,Mathematics,Christopher Smith,5,Winter 2023
69,Intro to Father,History,Shannon Pierce,3,Winter 2020
70,Intro to Building,Computer Science,John Sullivan,2,Spring 2019
71,Intro to Draw,Economics,John Gray,1,Fall 2022
72,Intro to Eight,Computer Science,George Young,5,Winter 2019
73,Intro to Most,Economics,Jonathan Anderson,5,Fall 2019
74,Intro to Ready,History,Aaron Huynh,4,Spring 2018
75,Intro to Structure,Economics,Jose Brown,1,Winter 2019
76,Intro to Idea,Biology,Stephanie Bass,2,Summer 2020
77,Intro to Have,Physics,Elizabeth Gibbs,1,Fall 2022
78,Intro to Watch,Economics,Sheila Crawford,1,Summer 2018
79,Intro to Watch,Physics,Vernon Fitzgerald,2,Summer 2019
80,Intro to Network,Biology,Andrew Miles,1,Summer 2019
81,Intro to Second,Computer Science,Hector Thompson,2,Summer 2022
82,Intro to Money,Computer Science,Johnathan Mills,5,Fall 2023
83,Intro to Inside,Mathematics,Christopher Foster,3,Fall 2019
84,Intro to Might,Computer Science,Ronald Peters,4,Summer 2021
85,Intro to Floor,Physics,Raymond Goodman,3,Summer 2018
86,Intro to New,Mathematics,Teresa Harvey,5,Spring 2018
87,Intro to Along,Biology,Jennifer Mercado,1,Spring 2023
88,Intro to Area,Biology,Rhonda Shah,1,Fall 2018
89,Intro to Often,Physics,Brian Holmes,1,Fall 2019
90,Intro to International,Economics,Brian Yoder,3,Summer 2019
91,Intro to Beyond,History,Matthew Nguyen,5,Spring 2020
92,Intro to My,Computer Science,Jeffrey May,5,Fall 2022
93,Intro to Growth,Biology,Kelsey Bailey,3,Winter 2021
94,Intro to Left,Computer Science,Shawn Zuniga,2,Summer 2023
95,Intro to Exist,Biology,Tara Martin,4,Winter 2018
96,Intro to Nation,Biology,Chelsea Martin,2,Winter 2020
97,Intro to Toward,Physics,Jasmin Smith,4,Winter 2020
98,Intro to Resource,Mathematics,Alan Jones,5,Spring 2023
99,Intro to All,Economics,Courtney Goodman,3,Summer 2021
100,Intro to Step,Economics,David Rios,3,Winter 2019
101,Intro to Join,Physics,Dylan Jones,1,Fall 2020
102,Intro to Reduce,Biology,Wesley Fisher,2,Winter 2022
103,Intro to Attention,History,John Olsen,2,Winter 2018
104,Intro to Popular,Computer Science,Brian Morales,3,Summer 2018
105,Intro to Change,Economics,Paul Smith,4,Winter 2021
106,Intro to Heart,Physics,David Campbell,5,Spring 2020
107,Intro to Move,Economics,Alison Brewer,3,Fall 2018
108,Intro to Investment,Computer Science,Jessica Franklin,5,Summer 2019
109,Intro to Live,Mathematics,John Wells PhD,5,Summer 2018
110,Intro to Protect,Computer Science,Julie Green,3,Fall 2020
111,Intro to Show,Physics,Michaela Delgado,4,Summer 2020
