crime_id,city,crime_type,reported_date,outcome
1,Herrerachester,Robbery,2024-03-29,Pending
2,Calderonland,Fraud,2024-06-02,Unsolved
3,Whitemouth,Theft,2024-09-26,Solved
4,New Allenfort,Vandalism,2024-09-29,Pending
5,Donaldstad,Robbery,2024-10-01,Pending
6,North Kyle,Burglary,2024-09-25,Solved
7,Teresatown,Theft,2024-05-18,Pending
8,Joneshaven,Burglary,2024-04-27,Unsolved
9,Johnsonside,Theft,2024-10-10,Arrest Made
10,Deborahborough,Robbery,2024-08-15,Arrest Made
11,East Michael,Vandalism,2024-03-29,Arrest Made
12,North Lindsey,Robbery,2024-12-05,Solved
13,North Carlfort,Theft,2024-04-12,Solved
14,North Marcia,Vandalism,2025-01-01,Pending
15,Port Olivia,Assault,2024-08-31,Pending
16,New Jeffborough,Theft,2024-04-19,Arrest Made
17,East Rodney,Vandalism,2024-12-17,Unsolved
18,Scottchester,Vandalism,2024-10-26,Arrest Made
19,Samuelberg,Robbery,2024-06-30,Pending
20,Moralesburgh,Burglary,2024-05-16,Arrest Made
21,North Shelby,Burglary,2024-10-24,Unsolved
22,Port Karen,Fraud,2024-12-14,Pending
23,Port Kathryn,Assault,2024-10-25,Arrest Made
24,South Alexanderland,Fraud,2024-04-13,Pending
25,Paigeshire,Vandalism,2024-12-28,Arrest Made
26,East Jason,Theft,2025-01-23,Arrest Made
27,Port Debra,Burglary,2024-11-01,Solved
28,Davidburgh,Theft,2024-07-03,Pending
29,West Lisa,Burglary,2024-05-16,Solved
30,Port Ronnie,Assault,2024-10-12,Pending
31,Rhondatown,Theft,2024-09-29,Unsolved
32,Rodneyfort,Fraud,2024-03-06,Unsolved
33,New Catherine,Burglary,2024-05-13,Arrest Made
34,South Samantha,Robbery,2024-02-26,Arrest Made
35,East Morgan,Robbery,2024-08-26,Arrest Made
36,Johnside,Burglary,2024-04-24,Unsolved
37,Calebfort,Fraud,2024-12-12,Pending
38,West Jacob,Theft,2024-08-31,Pending
39,Cruzstad,Vandalism,2024-12-13,Pending
40,Bushmouth,Burglary,2024-03-15,Pending
41,Scottview,Robbery,2024-08-08,Solved
42,South Stacey,Burglary,2025-01-18,Unsolved
43,Medinabury,Fraud,2024-07-26,Solved
44,East Joshuamouth,Assault,2024-07-30,Pending
45,Danielport,Robbery,2024-08-05,Unsolved
46,Nelsonchester,Fraud,2024-03-08,Arrest Made
47,Lake Nicole,Vandalism,2024-07-09,Arrest Made
48,Markfurt,Vandalism,2024-10-03,Unsolved
49,Danielfurt,Assault,2024-05-28,Arrest Made
50,Barnesfurt,Assault,2024-09-20,Unsolved
51,South Johnview,Fraud,2024-07-06,Solved
52,North Melissafurt,Fraud,2024-12-15,Arrest Made
53,South Debbieport,Vandalism,2024-05-10,Arrest Made
54,Rhodesside,Vandalism,2024-04-07,Solved
55,Mariaville,Assault,2024-02-26,Arrest Made
56,West Calebmouth,Robbery,2024-04-28,Pending
57,Port Linda,Vandalism,2024-06-29,Unsolved
58,Wumouth,Vandalism,2024-05-03,Arrest Made
59,Hillstad,Assault,2025-02-07,Solved
60,Emilybury,Burglary,2024-08-02,Pending
61,West Brian,Theft,2024-05-09,Solved
62,West Christinabury,Fraud,2024-07-16,Pending
63,West Taylorborough,Theft,2024-08-30,Unsolved
64,Lake Paul,Burglary,2024-07-06,Pending
65,Lake Joseph,Burglary,2025-02-09,Solved
66,Port Melindamouth,Robbery,2024-03-15,Solved
67,South Janetberg,Assault,2025-02-02,Pending
68,New Susan,Robbery,2024-07-03,Solved
69,Livingstonmouth,Fraud,2024-03-16,Solved
70,Christopherton,Theft,2024-04-05,Arrest Made
71,South Paul,Burglary,2024-07-13,Pending
72,South Cynthiaview,Theft,2024-09-22,Unsolved
73,Tonyberg,Assault,2024-09-24,Arrest Made
74,Donnabury,Burglary,2024-11-05,Unsolved
75,Lake Jeanburgh,Fraud,2024-05-17,Unsolved
76,Samanthaburgh,Fraud,2024-06-19,Arrest Made
77,Mooreport,Fraud,2024-04-26,Pending
78,Schneiderland,Burglary,2024-04-17,Pending
79,Port Joshua,Burglary,2024-07-18,Arrest Made
80,New Amyside,Robbery,2024-05-09,Arrest Made
81,Sandramouth,Robbery,2024-08-25,Solved
82,Joshuaborough,Theft,2024-09-21,Unsolved
83,Weissmouth,Assault,2024-10-07,Unsolved
84,Christopherton,Assault,2024-02-29,Arrest Made
85,Laurafort,Vandalism,2024-10-01,Pending
86,Port James,Robbery,2025-01-08,Pending
87,North Randy,Assault,2024-07-26,Solved
88,Williamland,Fraud,2025-02-01,Arrest Made
89,Jessicashire,Theft,2024-07-28,Unsolved
90,Suarezview,Robbery,2024-06-04,Arrest Made
91,Dixonfurt,Burglary,2024-12-23,Pending
92,East Jessica,Burglary,2025-02-09,Pending
93,Drewside,Theft,2024-05-17,Unsolved
94,Leachland,Vandalism,2024-11-03,Pending
95,New Richard,Vandalism,2025-01-10,Unsolved
96,Vanessafurt,Burglary,2024-04-02,Unsolved
97,Coryberg,Vandalism,2024-06-25,Solved
98,New David,Theft,2024-12-08,Arrest Made
99,West Sharonchester,Burglary,2025-01-20,Solved
100,West Larry,Fraud,2024-12-28,Unsolved
101,Jefferyhaven,Robbery,2024-02-17,Unsolved
102,West Rhondashire,Assault,2024-03-10,Solved
103,East Jessicaborough,Burglary,2025-01-20,Solved
104,Andreaborough,Vandalism,2024-11-06,Arrest Made
105,South Ralph,Assault,2024-04-09,Arrest Made
106,Lisaborough,Robbery,2024-06-05,Solved
107,East Emma,Theft,2024-06-27,Arrest Made
108,Doughertyshire,Assault,2024-12-13,Solved
109,Powellfort,Robbery,2024-11-17,Arrest Made
110,Williamchester,Robbery,2024-07-28,Pending
111,New Douglas,Fraud,2024-04-15,Solved
112,North John,Theft,2024-08-19,Arrest Made
113,Mirandaville,Vandalism,2024-03-11,Solved
114,Port Kaylaborough,Fraud,2024-05-15,Arrest Made
115,Jenniferfort,Assault,2024-10-03,Pending
116,Katrinaview,Burglary,2024-12-23,Pending
117,Port Christian,Robbery,2024-04-23,Solved
118,Jenniferburgh,Robbery,2024-06-22,Solved
119,Perezfurt,Vandalism,2024-11-29,Solved
