crime_id,crime_type,Reported Date,outcome
1,Assault,2024-12-15,Solved
2,Vandalism,2024-09-25,Solved
3,Robbery,2024-12-02,Pending
4,Fraud,2024-09-03,Solved
5,Robbery,2024-08-13,Pending
6,Vandalism,2024-03-01,Unsolved
7,Burglary,2024-02-20,Unsolved
8,Vandalism,2025-02-07,Pending
9,Assault,2024-03-14,Pending
10,Assault,2024-12-20,Unsolved
11,Robbery,2024-07-28,Pending
12,Assault,2025-01-26,Unsolved
13,Assault,2024-04-04,Arrest Made
14,Theft,2024-09-16,Solved
15,Burglary,2025-01-08,Unsolved
16,Assault,2025-01-12,Solved
17,Theft,2025-01-25,Solved
18,Assault,2024-07-31,Solved
19,Robbery,2024-02-16,Unsolved
20,Robbery,2024-08-04,Pending
21,Vandalism,2024-02-23,Solved
22,Fraud,2024-04-04,Solved
23,Assault,2024-04-15,Solved
24,Fraud,2024-09-29,Unsolved
25,Vandalism,2024-03-04,Pending
26,Theft,2024-08-26,Pending
27,Vandalism,2024-07-20,Solved
28,Burglary,2024-04-21,Arrest Made
29,Vandalism,2024-06-20,Solved
30,Robbery,2024-10-05,Arrest Made
31,Assault,2024-05-13,Pending
32,Theft,2024-11-19,Arrest Made
33,Burglary,2024-02-19,Unsolved
34,Vandalism,2024-11-11,Unsolved
35,Vandalism,2024-08-15,Solved
36,Vandalism,2024-07-11,Unsolved
37,Vandalism,2024-12-08,Solved
38,Robbery,2024-06-21,Solved
39,Burglary,2024-07-08,Pending
40,Burglary,2024-07-04,Pending
41,Assault,2024-10-27,Arrest Made
42,Robbery,2024-09-15,Arrest Made
43,Theft,2024-07-19,Pending
44,Assault,2024-09-02,Pending
45,Robbery,2024-10-06,Arrest Made
46,Theft,2024-03-06,Arrest Made
47,Fraud,2024-09-14,Arrest Made
48,Assault,2024-08-27,Unsolved
49,Theft,2024-07-19,Solved
50,Burglary,2024-03-09,Solved
51,Theft,2024-11-20,Arrest Made
52,Robbery,2024-11-14,Solved
53,Robbery,2024-04-03,Pending
54,Robbery,2024-06-04,Arrest Made
55,Fraud,2025-01-23,Solved
56,Fraud,2025-01-27,Pending
57,Vandalism,2024-03-31,Unsolved
58,Theft,2024-12-13,Unsolved
59,Vandalism,2024-07-23,Solved
60,Fraud,2024-04-08,Unsolved
61,Fraud,2024-03-15,Unsolved
62,Assault,2024-07-12,Arrest Made
63,Robbery,2024-04-29,Unsolved
64,Burglary,2025-02-02,Arrest Made
65,Vandalism,2024-11-18,Solved
66,Robbery,2024-11-28,Unsolved
67,Robbery,2024-06-22,Unsolved
68,Assault,2024-03-15,Solved
69,Burglary,2024-12-08,Unsolved
70,Robbery,2024-09-08,Pending
71,Robbery,2024-11-04,Pending
72,Fraud,2024-11-25,Solved
73,Fraud,2024-05-12,Unsolved
74,Fraud,2024-09-29,Unsolved
75,Burglary,2024-05-23,Solved
76,Assault,2024-06-08,Arrest Made
77,Robbery,2024-04-15,Arrest Made
78,Assault,2024-12-07,Unsolved
79,Theft,2024-05-17,Pending
80,Robbery,2024-07-03,Pending
81,Assault,2024-10-22,Pending
82,Robbery,2024-10-22,Arrest Made
83,Theft,2024-10-06,Solved
84,Burglary,2024-09-30,Arrest Made
85,Burglary,2025-01-10,Arrest Made
86,Assault,2024-05-22,Pending
87,Vandalism,2024-03-08,Solved
88,Burglary,2024-12-30,Arrest Made
89,Vandalism,2024-06-05,Solved
90,Fraud,2024-05-27,Pending
91,Fraud,2024-05-06,Solved
92,Vandalism,2024-05-16,Pending
93,Robbery,2024-05-20,Arrest Made
94,Robbery,2024-04-17,Pending
95,Vandalism,2024-02-28,Pending
96,Theft,2024-03-31,Arrest Made
97,Fraud,2024-07-22,Pending
98,Fraud,2024-09-03,Arrest Made
99,Burglary,2024-12-25,Unsolved
100,Fraud,2024-04-10,Arrest Made
101,Robbery,2024-06-19,Arrest Made
102,Burglary,2024-10-29,Arrest Made
103,Burglary,2024-03-10,Pending
104,Assault,2024-12-21,Solved
105,Theft,2024-04-21,Unsolved
106,Vandalism,2025-01-04,Pending
107,Theft,2024-12-22,Pending
108,Vandalism,2024-03-04,Pending
109,Assault,2025-01-12,Solved
110,Fraud,2025-01-24,Arrest Made
111,Assault,2024-07-08,Unsolved
112,Burglary,2024-05-22,Unsolved
113,Theft,2024-03-29,Unsolved
114,Assault,2024-04-30,Unsolved
115,Burglary,2024-12-17,Pending
116,Vandalism,2025-01-26,Solved
117,Vandalism,2024-05-14,Arrest Made
118,Vandalism,2024-02-26,Unsolved
119,Robbery,2024-08-08,Solved
120,Theft,2024-12-28,Pending
121,Robbery,2024-03-13,Unsolved
122,Theft,2024-04-16,Arrest Made
123,Burglary,2024-06-29,Arrest Made
124,Burglary,2024-06-21,Pending
125,Vandalism,2024-04-06,Arrest Made
126,Fraud,2024-04-30,Solved
127,Burglary,2024-04-11,Arrest Made
128,Assault,2025-01-06,Arrest Made
129,Burglary,2024-12-29,Unsolved
130,Theft,2024-09-09,Pending
131,Theft,2024-06-16,Solved
132,Fraud,2024-07-26,Unsolved
133,Vandalism,2024-02-24,Pending
134,Burglary,2024-04-23,Arrest Made
135,Vandalism,2025-01-12,Unsolved
136,Burglary,2024-02-19,Arrest Made
137,Burglary,2024-02-20,Pending
