crime_id,crime_type,reported_date,outcome
1,Fraud,2024-08-05,Solved
2,Fraud,2025-01-30,Solved
3,Fraud,2024-05-01,Unsolved
4,Theft,2024-12-27,Solved
5,Theft,2024-03-21,Pending
6,Robbery,2024-09-10,Pending
7,Vandalism,2024-03-26,Unsolved
8,Assault,2024-08-11,Pending
9,Vandalism,2024-10-05,Pending
10,Theft,2024-08-21,Unsolved
11,Vandalism,2024-02-28,Arrest Made
12,Fraud,2024-02-18,Pending
13,Fraud,2024-09-04,Arrest Made
14,Vandalism,2024-09-12,Solved
15,Fraud,2024-10-15,Solved
16,Fraud,2025-01-14,Solved
17,Theft,2024-03-16,Unsolved
18,Theft,2024-12-14,Unsolved
19,Robbery,2024-11-17,Pending
20,Fraud,2024-07-25,Unsolved
21,Fraud,2025-01-17,Solved
22,Vandalism,2024-08-29,Pending
23,Burglary,2024-08-21,Solved
24,Fraud,2024-02-16,Unsolved
25,Vandalism,2024-07-21,Unsolved
26,Vandalism,2024-06-07,Pending
27,Theft,2024-12-17,Arrest Made
28,Assault,2024-03-27,Unsolved
29,Burglary,2024-08-19,Unsolved
30,Burglary,2024-03-12,Pending
31,Fraud,2024-12-14,Unsolved
32,Robbery,2024-05-31,Unsolved
33,Robbery,2024-10-02,Solved
34,Vandalism,2024-09-19,Unsolved
35,Vandalism,2024-08-19,Pending
36,Vandalism,2024-06-10,Unsolved
37,Assault,2024-03-04,Pending
38,Robbery,2024-09-23,Solved
39,Theft,2024-08-12,Solved
40,Burglary,2024-08-29,Unsolved
41,Burglary,2024-11-15,Solved
42,Robbery,2025-01-25,Pending
43,Assault,2024-11-10,Solved
44,Theft,2024-07-29,Pending
45,Robbery,2024-06-17,Pending
46,Assault,2024-05-16,Pending
47,Fraud,2025-02-03,Solved
48,Robbery,2024-02-24,Solved
49,Robbery,2024-05-31,Solved
50,Theft,2024-05-27,Unsolved
51,Fraud,2024-10-22,Solved
52,Assault,2024-08-09,Pending
53,Assault,2025-01-02,Arrest Made
54,Theft,2024-12-14,Solved
55,Fraud,2024-03-12,Solved
56,Assault,2024-09-22,Unsolved
57,Vandalism,2024-07-26,Solved
58,Robbery,2024-05-29,Solved
59,Assault,2024-07-06,Arrest Made
60,Theft,2024-07-10,Solved
61,Burglary,2025-02-01,Solved
62,Assault,2024-03-19,Arrest Made
63,Burglary,2024-05-21,Unsolved
64,Vandalism,2024-05-01,Solved
65,Robbery,2024-04-28,Unsolved
66,Fraud,2024-10-28,Arrest Made
67,Vandalism,2024-03-05,Solved
68,Assault,2024-09-02,Solved
69,Burglary,2024-09-06,Pending
70,Robbery,2024-12-28,Solved
71,Fraud,2024-09-21,Pending
72,Theft,2024-08-10,Pending
73,Burglary,2024-02-28,Unsolved
74,Fraud,2024-02-17,Unsolved
75,Burglary,2024-11-22,Pending
76,Fraud,2024-12-27,Unsolved
77,Theft,2024-05-07,Solved
78,Fraud,2024-06-12,Solved
79,Vandalism,2024-05-15,Solved
80,Robbery,2024-05-12,Solved
81,Fraud,2024-03-23,Pending
82,Theft,2024-11-30,Pending
83,Robbery,2024-07-27,Arrest Made
84,Robbery,2024-07-30,Pending
85,Vandalism,2024-08-02,Unsolved
86,Vandalism,2024-06-10,Arrest Made
87,Assault,2024-12-19,Pending
88,Burglary,2024-10-19,Pending
89,Vandalism,2024-07-31,Arrest Made
90,Assault,2024-11-01,Arrest Made
91,Fraud,2024-10-08,Solved
92,Assault,2024-12-19,Pending
93,Robbery,2024-08-06,Arrest Made
94,Burglary,2025-01-29,Solved
95,Burglary,2024-06-13,Arrest Made
96,Assault,2024-10-28,Pending
97,Fraud,2024-05-11,Pending
98,Burglary,2024-09-27,Solved
99,Theft,2024-08-01,Solved
100,Robbery,2024-02-20,Arrest Made
101,Burglary,2024-10-07,Pending
102,Assault,2025-02-06,Pending
103,Burglary,2024-02-16,Unsolved
104,Burglary,2024-04-27,Pending
105,Assault,2024-07-02,Arrest Made
106,Fraud,2025-02-05,Solved
107,Assault,2024-07-08,Unsolved
108,Theft,2024-05-21,Pending
109,Fraud,2024-12-22,Pending
110,Fraud,2025-01-09,Pending
111,Burglary,2024-06-27,Pending
112,Assault,2024-07-18,Unsolved
113,Robbery,2024-12-24,Unsolved
114,Theft,2024-09-26,Arrest Made
115,Vandalism,2024-09-17,Solved
116,Theft,2024-06-26,Pending
117,Fraud,2024-02-20,Arrest Made
118,Theft,2024-10-03,Unsolved
119,Theft,2024-09-02,Unsolved
120,Theft,2024-05-19,Unsolved
121,Fraud,2024-11-25,Arrest Made
122,Vandalism,2024-08-05,Arrest Made
123,Theft,2024-07-13,Arrest Made
124,Robbery,2024-04-16,Pending
125,Robbery,2024-05-31,Unsolved
126,Assault,2024-08-30,Pending
127,Fraud,2024-04-22,Arrest Made
128,Robbery,2024-06-19,Unsolved
129,Vandalism,2024-08-29,Solved
130,Theft,2024-12-03,Arrest Made
131,Vandalism,2024-07-17,Arrest Made
132,Burglary,2024-06-08,Pending
133,Robbery,2024-07-21,Pending
134,Vandalism,2024-03-01,Arrest Made
135,Burglary,2024-04-16,Arrest Made
136,Assault,2024-02-14,Solved
137,Burglary,2024-11-26,Unsolved
138,Burglary,2024-04-14,Solved
139,Robbery,2024-11-03,Arrest Made
