crime_id,city,crime_type,reported_date,outcome
1,Johnview,Vandalism,2024-11-21,Arrest Made
2,East Paulview,Robbery,2024-10-13,Arrest Made
3,Port Annabury,Robbery,2024-06-20,Pending
4,East Kimberly,Burglary,2025-01-29,Unsolved
5,Jessicaborough,Theft,2025-01-22,Pending
6,South Shirleymouth,Burglary,2025-02-07,Arrest Made
7,Savageborough,Vandalism,2024-06-07,Solved
8,East Patriciaborough,Fraud,2024-10-07,Unsolved
9,South Amyport,Robbery,2024-04-21,Pending
10,Lake Ernest,Theft,2024-11-07,Solved
11,North Philip,Fraud,2024-12-04,Arrest Made
12,Lake Sharonstad,Theft,2024-10-10,Unsolved
13,Port Miranda,Theft,2024-06-04,Pending
14,Jaredstad,Fraud,2024-02-21,Pending
15,Reedberg,Robbery,2024-07-09,Solved
16,South Diane,Burglary,2024-11-01,Arrest Made
17,Carsonfort,Fraud,2024-11-10,Unsolved
18,Pricemouth,Fraud,2024-09-22,Solved
19,Zimmermanville,Fraud,2024-05-25,Arrest Made
20,Davidtown,Assault,2024-07-23,Unsolved
21,Port Toddland,Vandalism,2024-10-17,Pending
22,Montesberg,Theft,2024-03-07,Solved
23,Sarahmouth,Robbery,2024-06-29,Pending
24,Westside,Fraud,2024-07-16,Solved
25,East Dave,Theft,2024-09-16,Pending
26,Port Bethburgh,Assault,2025-01-22,Unsolved
27,Lake Darrellmouth,Burglary,2024-06-19,Solved
28,Hensonfurt,Robbery,2025-01-12,Unsolved
29,West Robertfort,Vandalism,2024-12-02,Pending
30,South Alec,Vandalism,2024-03-13,Pending
31,Westtown,Fraud,2024-09-21,Pending
32,Lake Loganstad,Theft,2024-09-13,Unsolved
33,New Pamelaville,Robbery,2024-08-14,Arrest Made
34,Andrewshire,Robbery,2024-06-21,Arrest Made
35,Port Amandatown,Theft,2024-03-27,Pending
36,Tracyport,Burglary,2025-02-09,Solved
37,Douglashaven,Fraud,2024-08-26,Unsolved
38,New Steven,Robbery,2024-08-28,Pending
39,Port Katherine,Assault,2024-06-30,Unsolved
40,Michelleside,Assault,2024-03-19,Unsolved
41,North Kristinashire,Robbery,2024-03-08,Solved
42,Alexandramouth,Assault,2024-09-27,Arrest Made
43,Lake Taylorville,Robbery,2024-07-28,Solved
44,Castroside,Robbery,2024-05-24,Solved
45,West Robert,Assault,2024-08-05,Solved
46,South Cassandrashire,Vandalism,2024-02-12,Arrest Made
47,Markburgh,Burglary,2024-06-25,Unsolved
48,Stevenborough,Fraud,2024-08-25,Unsolved
49,Rangelburgh,Robbery,2024-04-14,Arrest Made
50,East Richard,Assault,2024-05-04,Solved
51,Smithtown,Theft,2024-06-21,Solved
52,Lisamouth,Vandalism,2024-09-18,Solved
53,East Jeffreyborough,Burglary,2024-06-23,Solved
54,Fletcherhaven,Fraud,2024-04-15,Pending
55,Woodsstad,Fraud,2024-03-16,Unsolved
56,Charleshaven,Burglary,2025-02-01,Unsolved
57,South Henryshire,Assault,2024-10-05,Pending
58,Ronaldmouth,Robbery,2025-01-24,Unsolved
59,Bethland,Theft,2025-01-04,Pending
60,Lauraport,Theft,2024-12-29,Arrest Made
61,North Christinachester,Fraud,2024-04-19,Pending
62,Melissabury,Burglary,2024-11-20,Solved
63,Sandersfurt,Burglary,2024-04-03,Arrest Made
64,Lyonstown,Robbery,2024-10-01,Pending
65,Fostermouth,Robbery,2025-01-23,Pending
66,North Sarahstad,Burglary,2024-07-29,Solved
67,West John,Fraud,2024-06-08,Solved
68,East Ashleyton,Assault,2024-07-13,Unsolved
69,Arnoldland,Burglary,2024-03-28,Arrest Made
70,West Kellyshire,Burglary,2024-08-01,Unsolved
71,Torresport,Burglary,2024-02-26,Unsolved
72,Escobarside,Fraud,2024-07-02,Pending
73,Scottton,Theft,2025-02-02,Unsolved
74,West Richardmouth,Fraud,2025-02-10,Pending
75,New Robert,Burglary,2024-07-23,Pending
76,Bakerhaven,Assault,2024-11-22,Unsolved
77,Port Jonathanberg,Burglary,2024-02-29,Unsolved
78,Lake Charles,Theft,2024-02-24,Arrest Made
79,West Scott,Robbery,2024-07-22,Arrest Made
80,South Duaneshire,Burglary,2024-12-27,Solved
81,Adamport,Robbery,2024-11-02,Solved
82,South Jonathanborough,Assault,2024-12-14,Arrest Made
83,West Shannonbury,Theft,2024-08-09,Unsolved
84,Lake Kathryn,Burglary,2025-01-23,Arrest Made
85,Connieview,Vandalism,2024-04-10,Solved
86,Lake Robertton,Assault,2024-08-26,Solved
87,North Suzannefurt,Robbery,2024-03-01,Unsolved
88,New Sandramouth,Fraud,2024-04-03,Unsolved
89,Jamesmouth,Burglary,2024-02-14,Unsolved
90,New Gailfurt,Robbery,2024-10-29,Pending
91,Dicksonland,Theft,2024-10-14,Solved
92,Dianashire,Robbery,2024-04-06,Solved
93,East Paulfurt,Theft,2024-09-03,Arrest Made
94,Port Lawrence,Fraud,2024-08-06,Unsolved
95,Danielchester,Vandalism,2024-04-22,Pending
96,Gillville,Robbery,2024-10-08,Pending
97,West Lawrence,Burglary,2025-02-03,Pending
98,Janetburgh,Robbery,2024-09-29,Arrest Made
99,West Amber,Burglary,2025-01-26,Solved
100,West Victorberg,Burglary,2024-05-13,Pending
101,New Rebeccachester,Robbery,2025-01-02,Pending
102,North Amberville,Fraud,2024-07-03,Arrest Made
103,Dennischester,Theft,2024-04-05,Unsolved
104,Schultzshire,Burglary,2024-11-03,Pending
105,Brooksborough,Assault,2024-08-30,Pending
106,South Gabriellefort,Burglary,2024-08-03,Solved
107,Conwayberg,Theft,2024-10-22,Unsolved
108,Port Robyn,Vandalism,2024-05-05,Unsolved
109,Davidfurt,Burglary,2024-04-14,Pending
110,Lopezton,Fraud,2024-04-03,Solved
111,Seanville,Robbery,2024-06-19,Unsolved
112,Wesleybury,Theft,2025-02-02,Arrest Made
113,Shanemouth,Fraud,2024-12-10,Solved
114,East Kyle,Vandalism,2024-07-19,Arrest Made
115,Hudsonburgh,Vandalism,2024-10-17,Unsolved
116,Dariusport,Theft,2024-10-06,Unsolved
117,Martinton,Assault,2024-03-24,Arrest Made
118,Robinsonchester,Robbery,2024-03-14,Pending
119,Lake Chadville,Assault,2024-08-12,Arrest Made
120,East David,Robbery,2024-12-20,Arrest Made
121,Jamiemouth,Fraud,2024-02-16,Solved
122,Lake Sharonfurt,Robbery,2024-03-28,Arrest Made
123,Reevesstad,Fraud,2025-01-06,Unsolved
124,West Amyton,Theft,2024-08-29,Pending
125,Barajasview,Fraud,2024-06-11,Pending
126,Michaelhaven,Assault,2024-08-19,Unsolved
127,Jamesborough,Burglary,2025-01-28,Pending
128,Camachoton,Assault,2025-01-05,Pending
129,Kellychester,Fraud,2024-07-19,Arrest Made
130,Lake Stevenland,Fraud,2024-08-11,Pending
131,Joshuaton,Fraud,2024-04-05,Solved
132,Lake Tracyburgh,Assault,2024-03-16,Unsolved
133,Youngberg,Vandalism,2024-10-01,Arrest Made
134,Ericbury,Fraud,2024-09-16,Solved
135,Gibsonchester,Theft,2024-11-11,Unsolved
136,South Gregory,Fraud,2024-04-22,Solved
137,West Denise,Burglary,2024-10-16,Unsolved
138,Lake Alfred,Theft,2024-07-30,Unsolved
139,Carlosview,Assault,2024-10-08,Pending
140,Sarahshire,Assault,2024-11-03,Solved
141,Russellside,Theft,2024-12-25,Pending
142,West Jeffreyshire,Vandalism,2024-02-22,Pending
143,North Jonathon,Theft,2025-01-15,Solved
144,Deleonborough,Fraud,2024-08-28,Unsolved
145,New Matthew,Theft,2024-07-28,Arrest Made
146,Laurenside,Burglary,2024-10-12,Solved
147,Reeveshaven,Theft,2024-12-21,Solved
148,Lake Stephanieborough,Theft,2024-07-09,Unsolved
149,Dennisland,Vandalism,2024-08-04,Arrest Made
150,North Eric,Fraud,2024-12-22,Solved
151,Port Adam,Assault,2024-12-24,Arrest Made
