Crime Id,city,crime_type,reported_date
1,Thorntonshire,Assault,2024-09-24
2,East Dianeville,Vandalism,2024-09-05
3,Khanfort,Assault,2024-07-26
4,New Amandamouth,Fraud,2024-09-16
5,Floresfort,Fraud,2024-03-26
6,Lake Laurie,Theft,2024-03-18
7,Lake Nancy,Robbery,2024-02-26
8,North Elaineburgh,Assault,2024-03-31
9,Annahaven,Vandalism,2025-02-06
10,Jamesbury,Burglary,2025-01-27
11,East Antonio,Theft,2024-12-22
12,South Donna,Robbery,2024-11-07
13,Caitlynshire,Vandalism,2024-04-12
14,East Travisville,Theft,2024-12-22
15,East Robert,Vandalism,2024-02-22
16,Timothyfort,Burglary,2024-05-14
17,Whiteville,Burglary,2024-10-18
18,West Lori,Vandalism,2024-08-06
19,West Ricardo,Theft,2024-03-29
20,East Nicoleview,Robbery,2024-05-17
21,Cynthialand,Robbery,2024-02-26
22,East Grace,Vandalism,2024-05-11
23,Deanfurt,Burglary,2025-01-29
24,Nicoleborough,Theft,2024-05-17
25,Melissaview,Robbery,2025-01-29
26,New Candace,Assault,2024-07-26
27,Taylorborough,Theft,2024-07-14
28,Hollyside,Theft,2024-05-27
29,South Jenna,Vandalism,2024-11-04
30,Doylestad,Robbery,2024-08-05
31,Port Robert,Fraud,2024-12-04
32,Smithtown,Theft,2024-07-20
33,East Melissaland,Burglary,2024-07-29
34,New Shelby,Burglary,2024-06-09
35,Johnborough,Fraud,2024-07-01
36,Kurtshire,Theft,2024-10-08
37,Port Diana,Assault,2024-05-04
38,East Micheleport,Burglary,2024-02-23
39,Lake Michelle,Burglary,2024-11-04
40,Brentton,Robbery,2024-06-30
41,Leblancchester,Burglary,2024-09-29
42,Odonnellside,Vandalism,2025-01-08
43,West Kerry,Robbery,2024-06-19
44,Melissaport,Vandalism,2024-02-13
45,Joshuafort,Robbery,2024-10-30
46,East Jamiechester,Burglary,2025-01-29
47,Kelleyborough,Fraud,2024-11-26
48,New Sabrinatown,Vandalism,2024-06-28
49,Westberg,Vandalism,2024-10-23
50,Derekmouth,Fraud,2024-05-18
51,Parkerborough,Burglary,2024-07-11
52,Reidshire,Assault,2024-06-29
53,Garyview,Burglary,2024-08-26
54,New Pamelaland,Robbery,2024-10-23
55,North Monica,Vandalism,2024-11-04
56,Jacquelinehaven,Assault,2024-10-08
57,Lloydport,Burglary,2024-03-21
58,East Robert,Vandalism,2024-11-03
59,Christopherstad,Theft,2024-05-04
60,Jacquelineland,Robbery,2024-08-24
61,Jesusmouth,Robbery,2024-04-13
62,Dawnborough,Assault,2024-12-02
63,West Jeffrey,Theft,2024-09-17
64,Vasquezstad,Vandalism,2024-08-21
65,Lake Sara,Robbery,2024-12-03
66,Port Laurieton,Theft,2024-09-17
67,Lake Daniel,Burglary,2024-09-24
68,Pollardberg,Burglary,2025-01-21
69,New Judy,Burglary,2024-06-24
70,Nathanside,Vandalism,2024-07-22
71,Rangelmouth,Assault,2025-02-03
72,Timothyburgh,Vandalism,2024-08-13
73,Aaronshire,Vandalism,2024-04-29
74,Coxfort,Robbery,2024-11-03
75,South Kenneth,Fraud,2024-06-14
76,Coreyburgh,Theft,2025-01-26
77,North Christopherfort,Fraud,2025-01-07
78,Dunnhaven,Assault,2024-12-17
79,New Anthonyborough,Theft,2024-03-10
80,Lake Jessica,Robbery,2024-02-13
81,Kimberlyside,Vandalism,2024-08-11
82,Wallside,Robbery,2024-04-09
83,Blankenshipshire,Theft,2024-06-20
84,Jeremybury,Robbery,2025-01-05
85,Brandonborough,Vandalism,2024-10-18
86,New Brian,Assault,2025-01-10
87,New Dustinhaven,Burglary,2024-03-19
88,South Dawntown,Robbery,2024-03-18
89,West Juliebury,Robbery,2024-07-03
90,Blanchardmouth,Theft,2024-02-18
91,New Timothystad,Burglary,2024-06-19
92,New Jeffreyview,Robbery,2024-07-08
93,Dickersonhaven,Vandalism,2025-01-02
94,West Courtneybury,Assault,2024-09-11
95,Port Andrewstad,Vandalism,2024-04-26
96,Payneside,Assault,2024-08-13
97,West Jason,Burglary,2024-10-02
98,East Angela,Assault,2024-09-13
99,West Sarah,Burglary,2024-11-05
100,Brandonport,Burglary,2024-09-14
101,Stephenborough,Theft,2025-01-01
102,New Paula,Assault,2024-12-31
103,Pattersontown,Theft,2025-01-26
104,New Peterland,Theft,2024-07-05
105,North James,Burglary,2024-08-03
106,New Danielle,Assault,2024-09-15
107,Jonathanside,Fraud,2024-12-29
108,Jamesville,Robbery,2024-11-07
109,Rachelmouth,Fraud,2025-02-07
110,Kelseytown,Robbery,2024-09-29
111,East Samanthaton,Fraud,2025-02-07
112,East Bobbyside,Theft,2024-11-06
113,Parkerville,Assault,2024-09-04
114,North Vanessatown,Vandalism,2024-05-23
115,Bellhaven,Robbery,2024-10-20
116,Lake Kristin,Robbery,2024-04-11
117,Nathanfurt,Robbery,2025-02-10
118,Josephburgh,Robbery,2024-10-09
119,Port Jessica,Burglary,2024-11-09
120,West Douglasmouth,Robbery,2024-05-13
121,Pamborough,Assault,2024-03-28
122,Loveville,Burglary,2024-11-01
