crime_id,city,crime_type,reported_date,outcome
1,North Maryland,Theft,2024-08-10,Arrest Made
2,Deborahland,Robbery,2024-12-11,Unsolved
3,Cathytown,Assault,2024-07-29,Arrest Made
4,North Erin,Theft,2025-01-03,Pending
5,North Melodyburgh,Theft,2024-02-13,Solved
6,West Tammy,Vandalism,2024-04-30,Arrest Made
7,East Adam,Theft,2024-12-24,Arrest Made
8,Rhondastad,Theft,2024-12-22,Unsolved
9,Ryanville,Theft,2024-08-01,Pending
10,Ashleyberg,Robbery,2024-12-02,Solved
11,Port Stephenburgh,Burglary,2024-04-16,Arrest Made
12,Port Markmouth,Fraud,2024-06-03,Solved
13,West Christophermouth,Robbery,2024-11-01,Arrest Made
14,New Susan,Theft,2024-04-10,Arrest Made
15,West Alexa,Assault,2024-06-03,Pending
16,New Connorbury,Theft,2024-04-17,Solved
17,Deannaland,Vandalism,2025-02-11,Unsolved
18,Chapmanbury,Assault,2024-10-09,Unsolved
19,Michellemouth,Fraud,2024-11-18,Unsolved
20,Matthewberg,Vandalism,2025-02-02,Unsolved
21,Brianbury,Vandalism,2024-09-18,Unsolved
22,Mendozashire,Theft,2024-03-27,Arrest Made
23,Jacksonberg,Fraud,2024-11-24,Pending
24,West Diana,Robbery,2025-01-13,Unsolved
25,Sarahberg,Vandalism,2024-10-26,Solved
26,Millerberg,Vandalism,2024-03-16,Solved
27,Taylorstad,Theft,2025-01-06,Pending
28,New Jason,Theft,2024-05-02,Solved
29,Clarkmouth,Assault,2024-11-14,Pending
30,Cunninghammouth,Fraud,2024-07-04,Solved
31,Coreyville,Fraud,2024-10-11,Pending
32,Jonathantown,Vandalism,2024-03-16,Pending
33,Charlesside,Vandalism,2024-04-14,Arrest Made
34,South Rachelshire,Assault,2024-05-21,Arrest Made
35,Hollowaytown,Vandalism,2024-11-30,Pending
36,Carterport,Assault,2025-01-02,Arrest Made
37,Rogersport,Assault,2024-11-07,Solved
38,Beckerfort,Fraud,2024-12-07,Arrest Made
39,Anitamouth,Theft,2024-09-03,Solved
40,Lake Joseph,Burglary,2024-09-24,Unsolved
41,New Rebecca,Theft,2024-11-27,Pending
42,Juliahaven,Assault,2024-04-20,Pending
43,Michaelville,Burglary,2024-04-25,Arrest Made
44,South Lori,Theft,2024-08-29,Arrest Made
45,Lake Cherylmouth,Assault,2024-08-30,Unsolved
46,Lake Amanda,Robbery,2024-12-27,Unsolved
47,Laurenport,Assault,2024-05-29,Pending
48,South Keithfort,Robbery,2024-06-24,Solved
49,Luisstad,Fraud,2024-06-14,Pending
50,Tracifurt,Theft,2024-08-03,Solved
51,East Frank,Fraud,2024-09-09,Arrest Made
52,Wyattside,Theft,2024-07-14,Pending
53,Powersfurt,Vandalism,2024-03-08,Pending
54,West Elaineland,Theft,2024-12-17,Pending
55,Tracimouth,Theft,2024-11-21,Solved
56,Elizabethton,Fraud,2024-09-01,Solved
57,Christophertown,Fraud,2024-10-06,Unsolved
58,East Amy,Robbery,2024-10-06,Solved
59,Aaronborough,Vandalism,2025-01-17,Arrest Made
60,Carriechester,Robbery,2024-10-23,Solved
61,Paulshire,Robbery,2024-04-17,Arrest Made
62,Hensonberg,Assault,2024-04-15,Arrest Made
63,Mullinsview,Robbery,2024-04-27,Pending
64,Robertchester,Fraud,2024-09-04,Solved
65,Lake Miaburgh,Fraud,2024-08-27,Solved
66,Quinnland,Robbery,2024-08-09,Unsolved
67,Jenniferside,Assault,2024-05-11,Arrest Made
68,North Jodiview,Robbery,2024-08-30,Solved
69,Dustinview,Burglary,2024-06-20,Pending
70,West Steven,Burglary,2024-04-09,Unsolved
71,Clinehaven,Robbery,2025-02-09,Arrest Made
72,Campbellfort,Fraud,2024-02-26,Unsolved
73,New Mariaberg,Vandalism,2024-07-17,Pending
74,North Emily,Theft,2024-10-03,Arrest Made
75,Davidport,Vandalism,2024-02-23,Arrest Made
76,Christopherfort,Burglary,2024-10-31,Solved
77,West Garyburgh,Theft,2024-11-17,Arrest Made
78,East Kimshire,Vandalism,2024-11-02,Pending
79,Lake Melissastad,Robbery,2024-06-04,Pending
80,North Joyville,Assault,2025-01-25,Arrest Made
81,Timview,Theft,2024-05-01,Unsolved
82,Karenbury,Fraud,2024-03-13,Pending
83,Onealhaven,Fraud,2024-11-28,Solved
84,Lake Jessica,Assault,2025-01-26,Solved
85,East Georgeland,Fraud,2024-03-09,Arrest Made
86,North Diana,Vandalism,2024-12-01,Arrest Made
87,Amberview,Robbery,2024-04-23,Solved
88,Sotoview,Robbery,2025-01-25,Unsolved
89,Brittanymouth,Vandalism,2025-02-05,Arrest Made
90,East Jasminetown,Burglary,2024-05-01,Unsolved
91,East Paulside,Robbery,2024-08-17,Solved
92,Johnmouth,Fraud,2024-08-15,Arrest Made
93,West Diane,Robbery,2024-04-03,Arrest Made
94,South Kyle,Vandalism,2024-03-31,Solved
95,West Ryan,Burglary,2024-09-29,Arrest Made
96,Newmanchester,Assault,2024-12-27,Solved
97,Garciachester,Vandalism,2024-11-08,Unsolved
98,Robertland,Assault,2024-05-04,Solved
99,Wuport,Fraud,2024-03-28,Solved
100,North Amandaborough,Theft,2024-08-11,Unsolved
101,Wilcoxburgh,Burglary,2024-05-28,Solved
102,North Edward,Vandalism,2024-10-22,Pending
103,Larabury,Robbery,2024-04-24,Unsolved
104,Lake Gregorytown,Robbery,2024-03-29,Unsolved
105,Lake Rachel,Theft,2025-01-12,Arrest Made
106,East Gracebury,Fraud,2024-03-08,Solved
107,Hopkinsfort,Burglary,2025-02-02,Solved
108,Poncemouth,Theft,2024-11-23,Pending
109,Lake Lori,Vandalism,2024-12-30,Arrest Made
110,East Mary,Vandalism,2024-02-18,Arrest Made
111,Jamesfort,Theft,2024-06-02,Solved
112,Johnstonville,Robbery,2024-04-23,Solved
113,North Carlyshire,Theft,2025-02-05,Pending
114,West Jamesstad,Vandalism,2024-07-07,Unsolved
115,New Geoffreymouth,Assault,2024-10-21,Pending
116,Washingtontown,Fraud,2024-02-28,Arrest Made
117,Lake Christopher,Fraud,2024-04-07,Solved
118,Port Leah,Burglary,2024-12-13,Pending
119,West Jeffrey,Fraud,2024-05-17,Solved
120,Lake Sarahmouth,Burglary,2024-11-17,Arrest Made
121,Lake Danielbury,Fraud,2024-07-28,Pending
122,New Johnfort,Fraud,2024-11-17,Arrest Made
123,Priscillaville,Burglary,2024-05-01,Unsolved
124,Haleyfurt,Vandalism,2024-10-28,Solved
125,West Dominic,Assault,2024-03-15,Pending
126,New Carrieville,Vandalism,2024-03-09,Unsolved
127,Taylorton,Theft,2025-01-04,Pending
128,Fernandezton,Assault,2024-08-01,Arrest Made
129,East Todd,Theft,2024-10-03,Solved
130,South Michaeltown,Vandalism,2024-09-16,Arrest Made
131,North Juliaton,Assault,2024-11-05,Unsolved
132,Angelafurt,Assault,2025-02-01,Unsolved
133,Jenkinsborough,Vandalism,2024-08-30,Unsolved
134,Mcknightton,Burglary,2025-01-08,Arrest Made
135,South Kristenstad,Fraud,2024-11-29,Unsolved
136,Beckerton,Vandalism,2024-04-01,Unsolved
137,Caroltown,Burglary,2024-07-16,Arrest Made
138,Loriport,Theft,2025-01-30,Solved
139,Lake Roberttown,Vandalism,2024-04-02,Arrest Made
140,Michellehaven,Vandalism,2024-10-15,Solved
141,Davidside,Burglary,2024-06-10,Solved
