crime_id,city,crime_type,reported_date,outcome
1,Robertochester,Robbery,2025-01-26,Arrest Made
2,West Anthony,Assault,2024-05-19,Unsolved
3,Roberttown,Burglary,2024-09-26,Pending
4,Cherryville,Assault,2024-11-21,Arrest Made
5,Ricebury,Burglary,2024-04-25,Solved
6,Kevinburgh,Robbery,2024-03-18,Arrest Made
7,South Micheal,Theft,2024-05-21,Pending
8,Donnafurt,Burglary,2024-04-21,Arrest Made
9,Cooperbury,Fraud,2024-03-08,Solved
10,Lake Marytown,Vandalism,2024-06-15,Unsolved
11,New Sandrafurt,Assault,2024-10-26,Pending
12,Stricklandshire,Fraud,2024-08-20,Solved
13,Churchview,Assault,2025-01-05,Unsolved
14,West Elizabethhaven,Robbery,2024-12-01,Arrest Made
15,North Sarah,Robbery,2024-03-25,Arrest Made
16,North Jenna,Vandalism,2024-06-20,Unsolved
17,Burnsview,Burglary,2024-04-08,Arrest Made
18,Scottbury,Robbery,2024-10-26,Unsolved
19,Cooperville,Vandalism,2024-04-07,Solved
20,Kellybury,Fraud,2024-06-04,Unsolved
21,Ashleyland,Theft,2024-07-17,Solved
22,West Victoriaberg,Vandalism,2024-05-08,Arrest Made
23,East Nicole,Vandalism,2024-04-19,Unsolved
24,West Seanfort,Fraud,2025-02-06,Unsolved
25,Port Kristinshire,Vandalism,2024-07-19,Pending
26,Lake Meghanside,Fraud,2024-02-12,Arrest Made
27,South Eric,Burglary,2024-06-30,Arrest Made
28,New Deanna,Robbery,2024-03-28,Pending
29,Maldonadoborough,Robbery,2024-11-26,Pending
30,Brownchester,Burglary,2024-06-24,Solved
31,Lake Miranda,Theft,2025-01-27,Arrest Made
32,South Melaniebury,Assault,2024-08-25,Unsolved
33,New Tonyashire,Theft,2024-07-10,Solved
34,Melissaton,Robbery,2024-05-22,Arrest Made
35,Port Jill,Robbery,2025-01-12,Pending
36,North Stevemouth,Robbery,2024-08-28,Solved
37,Jenniferview,Fraud,2024-03-12,Arrest Made
38,South Ana,Burglary,2024-08-04,Unsolved
39,East Chelseafurt,Robbery,2024-05-01,Pending
40,Vasquezport,Assault,2024-05-16,Unsolved
41,New Alyssa,Theft,2024-11-26,Pending
42,Hannahside,Theft,2024-07-08,Pending
43,Sergiostad,Fraud,2024-04-09,Unsolved
44,Owensburgh,Burglary,2024-08-15,Arrest Made
45,Lisafurt,Burglary,2024-07-13,Arrest Made
46,Pamelastad,Assault,2024-07-11,Arrest Made
47,Dianetown,Assault,2024-10-15,Solved
48,Georgeborough,Fraud,2024-03-04,Unsolved
49,Laurashire,Theft,2025-01-22,Pending
50,Foxbury,Burglary,2024-07-06,Arrest Made
51,South Jessicaview,Vandalism,2025-01-07,Unsolved
52,Diazborough,Theft,2024-09-21,Arrest Made
53,New Michelle,Assault,2024-02-17,Unsolved
54,Millerview,Robbery,2024-07-23,Arrest Made
55,Lake Nicole,Assault,2024-10-08,Unsolved
56,Davidbury,Theft,2024-02-20,Arrest Made
57,Lake Jaimeshire,Burglary,2024-03-11,Arrest Made
58,East Lindsayview,Assault,2024-04-17,Unsolved
59,New Alanmouth,Fraud,2024-05-16,Arrest Made
60,South Wesleymouth,Assault,2025-01-04,Pending
61,West Joshuafort,Assault,2024-08-27,Pending
62,Johnsonburgh,Theft,2024-09-01,Unsolved
63,North Rebecca,Assault,2025-01-10,Pending
64,Jonesfort,Theft,2024-03-23,Pending
65,Andersonview,Robbery,2024-06-18,Pending
66,Schmidtborough,Theft,2024-12-20,Unsolved
67,Bradfordshire,Fraud,2024-10-20,Pending
68,Lake Paulton,Fraud,2025-01-13,Unsolved
69,North Jeffreyland,Assault,2024-12-12,Solved
70,Allisonborough,Burglary,2024-05-05,Pending
71,Barbarastad,Robbery,2024-03-04,Arrest Made
72,Marcusstad,Vandalism,2024-06-16,Pending
73,West Katelynfort,Theft,2024-05-13,Arrest Made
74,Lake Anna,Burglary,2024-03-31,Unsolved
75,Smithborough,Theft,2024-05-18,Arrest Made
76,North Renee,Assault,2024-06-05,Solved
77,New Joanna,Vandalism,2024-10-12,Arrest Made
78,Port Jennyville,Theft,2024-03-18,Unsolved
79,Shellymouth,Robbery,2024-08-09,Unsolved
80,North Maurice,Vandalism,2024-03-26,Arrest Made
81,New Trevor,Vandalism,2024-07-21,Pending
82,East Ryanberg,Theft,2024-06-24,Unsolved
83,Browntown,Fraud,2024-09-26,Solved
84,Port Mirandachester,Vandalism,2025-02-05,Solved
85,North Melissaside,Assault,2024-04-05,Unsolved
86,South Zachary,Theft,2024-12-17,Solved
87,Port Kevinton,Fraud,2024-08-16,Arrest Made
88,North Amanda,Fraud,2025-01-09,Arrest Made
89,Port Jennifermouth,Assault,2025-01-01,Pending
90,New Michael,Assault,2024-04-16,Unsolved
91,North Hannah,Burglary,2024-11-05,Unsolved
92,New Timothy,Fraud,2024-07-04,Pending
93,Garrettburgh,Burglary,2024-03-25,Pending
94,North Alexis,Assault,2024-12-28,Solved
95,West Cole,Theft,2024-06-07,Pending
96,South Erinchester,Fraud,2025-02-06,Solved
97,Morganside,Theft,2024-05-18,Arrest Made
98,South Jenniferfurt,Fraud,2024-03-26,Unsolved
99,Lake Sherri,Fraud,2024-10-05,Unsolved
100,Port Joannaland,Fraud,2024-08-04,Solved
101,Kinghaven,Burglary,2024-08-31,Pending
102,Oconnorton,Burglary,2025-01-05,Solved
103,Beckerburgh,Theft,2024-10-22,Unsolved
104,West Lisa,Theft,2024-10-08,Unsolved
105,Riverafurt,Robbery,2024-02-24,Arrest Made
106,Jenniferberg,Burglary,2024-12-11,Pending
107,Gayside,Vandalism,2024-06-08,Arrest Made
108,South Ronaldview,Vandalism,2024-07-06,Pending
109,Vazquezfurt,Burglary,2025-01-14,Solved
110,Kyleside,Robbery,2024-08-04,Arrest Made
111,South Alexander,Vandalism,2024-03-01,Arrest Made
112,Davidtown,Burglary,2025-01-10,Solved
113,East Nancyfurt,Vandalism,2025-01-06,Unsolved
114,Robertfurt,Vandalism,2024-10-25,Unsolved
115,Lake Sara,Assault,2024-03-30,Unsolved
116,Andreport,Theft,2024-05-20,Pending
117,Lake Julie,Theft,2024-06-14,Pending
118,New Kathleen,Robbery,2024-09-06,Pending
119,Thompsonberg,Fraud,2024-03-12,Unsolved
120,West James,Assault,2025-01-11,Unsolved
121,New Courtney,Vandalism,2024-02-22,Arrest Made
122,Austinmouth,Vandalism,2024-12-14,Pending
123,North Ryanport,Fraud,2024-04-30,Arrest Made
124,North Amy,Vandalism,2024-02-28,Solved
125,Richardberg,Burglary,2024-04-01,Pending
126,Ramirezfort,Assault,2025-02-03,Unsolved
127,Lake Sarah,Robbery,2024-12-09,Solved
128,West Kristopherville,Burglary,2024-12-05,Arrest Made
129,Port Karen,Robbery,2024-05-08,Arrest Made
130,East Michellemouth,Theft,2024-02-15,Solved
131,South Bradbury,Robbery,2024-07-27,Arrest Made
132,Phillipsport,Assault,2024-08-07,Unsolved
133,Morganhaven,Robbery,2024-08-19,Pending
134,Millerfurt,Theft,2024-08-05,Unsolved
135,Youngmouth,Theft,2024-11-06,Pending
136,Dominguezbury,Robbery,2024-10-19,Pending
137,Cherylview,Fraud,2024-12-18,Pending
138,Walterfurt,Burglary,2024-05-28,Unsolved
139,West Christinafurt,Assault,2024-07-08,Pending
140,West Scott,Robbery,2024-02-27,Solved
