crime_id,city,crime_type,reported_date
1,Mayerland,Theft,2025-01-28
2,Mooreberg,Burglary,2024-09-25
3,Lake Shelbymouth,Fraud,2024-11-13
4,New Darrell,Robbery,2024-03-03
5,Shepherdmouth,Assault,2024-02-19
6,South Joshua,Assault,2024-08-20
7,Wallbury,Burglary,2024-11-29
8,Burnettborough,Robbery,2024-11-28
9,South Leslie,Burglary,2024-02-25
10,Port Joycefurt,Assault,2024-04-15
11,Roachberg,Assault,2024-08-20
12,Sotomouth,Assault,2024-11-12
13,Andersonberg,Burglary,2025-02-09
14,Markborough,Burglary,2024-07-01
15,Gordonton,Fraud,2025-02-10
16,North Robert,Fraud,2024-11-22
17,New Shawnfurt,Assault,2024-04-26
18,East Toddville,Vandalism,2024-06-04
19,North Michael,Fraud,2024-08-10
20,Brownhaven,Burglary,2024-02-20
21,Stantonview,Fraud,2024-11-02
22,North Mary,Assault,2024-11-25
23,Angelaborough,Theft,2024-05-22
24,Lake Robertside,Theft,2024-08-18
25,Fernandezton,Burglary,2024-11-25
26,New Jeanland,Vandalism,2024-07-16
27,Webbshire,Assault,2024-04-09
28,Lake Paul,Robbery,2024-02-29
29,East Allen,Fraud,2024-11-11
30,South Christina,Burglary,2024-09-12
31,New Michellebury,Vandalism,2024-07-29
32,Stevenbury,Burglary,2024-05-01
33,Mayhaven,Assault,2025-02-04
34,Larsonfort,Burglary,2024-06-23
35,South Ronaldbury,Fraud,2024-11-14
36,Higginsshire,Theft,2024-05-16
37,Jenkinsfort,Vandalism,2024-07-10
38,Osbornefort,Vandalism,2024-10-13
39,Valdeztown,Fraud,2024-08-04
40,New John,Robbery,2024-08-22
41,New Ryanberg,Assault,2024-02-16
42,Andradeview,Burglary,2024-12-16
43,Stephenchester,Theft,2024-06-20
44,South Jenniferburgh,Fraud,2024-04-21
45,Port Mia,Fraud,2024-06-09
46,Hamiltonville,Vandalism,2024-07-18
47,North Suzanne,Theft,2024-12-15
48,Parkershire,Burglary,2024-02-21
49,Dianabury,Robbery,2024-08-30
50,Mirandaburgh,Robbery,2024-04-26
51,Lake Tarafort,Fraud,2025-01-24
52,East Derek,Assault,2025-01-21
53,West Danielside,Assault,2024-02-29
54,Melissashire,Fraud,2024-09-21
55,Richardchester,Vandalism,2024-05-01
56,West Lindafurt,Fraud,2024-03-15
57,Port Lisa,Vandalism,2024-09-12
58,Victoriaview,Fraud,2025-01-16
59,West Matthew,Burglary,2024-04-28
60,New Kellytown,Assault,2024-10-24
61,Andrewsmouth,Vandalism,2024-12-22
62,South Lori,Burglary,2024-06-27
63,Cherylfurt,Burglary,2024-11-01
64,South Martha,Theft,2024-06-29
65,New Cody,Assault,2024-07-29
66,Warnerfurt,Burglary,2024-12-24
67,Michelleside,Assault,2024-04-05
68,Lake Davidstad,Burglary,2024-12-13
69,Jonestown,Vandalism,2024-08-29
70,Kingfort,Assault,2024-11-13
71,Courtneyview,Fraud,2024-07-15
72,New Cheryl,Fraud,2024-07-21
73,Lake Allenbury,Fraud,2024-07-28
74,Bellport,Vandalism,2024-07-15
75,Brandtview,Robbery,2024-10-19
76,New Christopher,Assault,2024-11-06
77,Gilbertburgh,Theft,2024-02-22
78,New Amyland,Burglary,2024-02-22
79,Orrfort,Theft,2024-11-12
80,New Erinbury,Fraud,2024-12-25
81,Lake Jefferyfort,Robbery,2024-05-08
82,Port Toddfort,Vandalism,2025-01-28
83,North Sonyatown,Assault,2025-01-22
84,North Michellehaven,Theft,2024-05-26
85,New Marychester,Robbery,2024-05-01
86,Bethfurt,Fraud,2024-06-27
87,Lake Nicholas,Vandalism,2024-05-27
88,Port Davidtown,Burglary,2024-11-06
89,Melissachester,Robbery,2024-05-12
90,New Cheryl,Vandalism,2024-07-26
91,Whitechester,Fraud,2024-09-14
92,Mccormickview,Robbery,2024-10-22
93,East Johnchester,Burglary,2024-12-07
94,Kelleyport,Fraud,2024-07-19
95,Port Williamfort,Vandalism,2024-05-25
96,Port Rickyside,Vandalism,2024-03-22
97,New Katiechester,Assault,2024-02-26
98,New Lynnport,Vandalism,2024-05-24
99,Schmidtberg,Burglary,2025-01-26
100,Richardsonshire,Robbery,2024-06-10
101,Brandiville,Vandalism,2024-10-21
102,Port Samantha,Robbery,2024-12-20
103,West Aliciaborough,Burglary,2024-12-01
104,Hernandezside,Assault,2024-09-24
105,East Tinachester,Robbery,2024-12-02
106,Berryview,Fraud,2024-08-12
107,Martinhaven,Vandalism,2024-10-25
108,Moorefurt,Fraud,2024-05-31
109,Marshallmouth,Assault,2024-11-07
110,Lake Brian,Assault,2024-03-06
111,North Amanda,Vandalism,2024-02-25
112,East Teresa,Fraud,2024-07-05
113,Davidhaven,Fraud,2024-10-25
114,Julieside,Robbery,2024-03-15
115,Rodriguezberg,Vandalism,2025-01-26
116,West Ian,Assault,2024-02-21
117,Jonesfort,Burglary,2024-09-03
118,Port Erinfurt,Vandalism,2024-07-01
119,North Katherine,Burglary,2025-01-13
120,Coleport,Vandalism,2024-07-14
121,Lake Kathryntown,Assault,2024-12-28
122,Shawshire,Fraud,2024-03-02
123,Andersontown,Vandalism,2025-01-05
124,East Joshua,Robbery,2024-05-23
125,Rossmouth,Assault,2024-04-13
