crime_id,city,crime_type,reported_date,outcome
1,North Jeffrey,Assault,2024-11-29,Pending
2,East Jessica,Vandalism,2024-12-20,Pending
3,Smithhaven,Burglary,2024-06-20,Solved
4,Grantland,Assault,2024-03-02,Solved
5,Perryville,Assault,2024-08-22,Arrest Made
6,Port Stephanieshire,Robbery,2024-12-23,Arrest Made
7,Lake Danielhaven,Burglary,2024-10-13,Arrest Made
8,Williamsview,Theft,2024-05-03,Pending
9,Ericksonfurt,Theft,2024-05-01,Solved
10,West Laurie,Assault,2024-04-02,Arrest Made
11,South Joshua,Fraud,2024-12-27,Unsolved
12,Cynthiaport,Fraud,2024-04-17,Arrest Made
13,West Kari,Fraud,2024-06-07,Pending
14,North Melissaborough,Vandalism,2025-02-03,Arrest Made
15,New Debbietown,Fraud,2024-03-05,Arrest Made
16,Lake Shawnshire,Assault,2025-02-02,Unsolved
17,Lake Joshua,Theft,2024-11-29,Solved
18,North Anthony,Assault,2024-04-20,Arrest Made
19,Vincentside,Fraud,2025-01-09,Arrest Made
20,Knightview,Burglary,2024-04-03,Unsolved
21,Reyesmouth,Burglary,2024-04-21,Pending
22,South Patrickville,Robbery,2024-08-14,Pending
23,Pierceton,Burglary,2025-01-03,Arrest Made
24,East Jenny,Fraud,2024-04-08,Arrest Made
25,South Matthewborough,Theft,2025-01-16,Solved
26,Port Ericside,Assault,2024-10-02,Arrest Made
27,South Donnaburgh,Vandalism,2024-06-11,Solved
28,East William,Burglary,2024-12-10,Unsolved
29,Port Jamie,Robbery,2025-02-03,Solved
30,Walkerhaven,Vandalism,2024-12-30,Solved
31,Cynthiafurt,Theft,2024-04-23,Arrest Made
32,Loriport,Vandalism,2024-02-25,Pending
33,Port Curtis,Fraud,2024-05-18,Solved
34,West Mary,Vandalism,2024-03-08,Arrest Made
35,East Johnville,Vandalism,2024-05-28,Unsolved
36,Port Patrickshire,Assault,2024-06-25,Solved
37,Nicholasmouth,Vandalism,2024-08-06,Unsolved
38,Markberg,Burglary,2024-04-21,Pending
39,East Chelsea,Vandalism,2024-06-29,Pending
40,Lake Erin,Assault,2024-09-01,Solved
41,Colonberg,Vandalism,2024-04-09,Unsolved
42,Danielport,Vandalism,2025-02-11,Solved
43,Adamsfurt,Fraud,2024-10-15,Solved
44,New Jeffery,Vandalism,2024-03-13,Unsolved
45,Jodiville,Robbery,2024-08-22,Arrest Made
46,North Renee,Assault,2024-08-03,Arrest Made
47,New Seanborough,Fraud,2024-08-18,Unsolved
48,New Kathleen,Burglary,2024-12-07,Unsolved
49,North Brookemouth,Burglary,2024-02-13,Unsolved
50,West Pamela,Robbery,2024-11-21,Arrest Made
51,Wilkinsfort,Theft,2024-03-24,Solved
52,New Jessicaland,Burglary,2024-07-18,Pending
53,North Kevinhaven,Burglary,2024-09-02,Pending
54,New Alisha,Robbery,2024-05-16,Pending
55,New Jane,Fraud,2024-12-25,Pending
56,South Richard,Vandalism,2024-03-20,Solved
57,Davisstad,Fraud,2024-08-08,Solved
58,Charlesview,Burglary,2025-01-10,Pending
59,Port Geraldmouth,Assault,2024-12-22,Solved
60,Estesmouth,Fraud,2024-09-18,Pending
61,Reedton,Burglary,2025-02-10,Pending
62,North Brandon,Burglary,2024-10-07,Pending
63,Port Ambermouth,Robbery,2024-12-31,Unsolved
64,Johnfort,Theft,2024-11-29,Unsolved
65,Ebonyborough,Robbery,2024-09-12,Arrest Made
66,Lake Becky,Burglary,2024-03-30,Arrest Made
67,New Tracytown,Theft,2025-02-07,Unsolved
68,West Shari,Burglary,2024-02-21,Arrest Made
69,West Jason,Vandalism,2024-11-20,Solved
70,Jacksonfort,Theft,2024-08-06,Pending
71,West Reneeport,Vandalism,2024-08-27,Unsolved
72,Sarahfort,Vandalism,2024-03-16,Pending
73,East Paulfort,Burglary,2024-04-16,Arrest Made
74,Stevefurt,Theft,2024-03-31,Pending
75,Tranchester,Fraud,2024-12-21,Arrest Made
76,Janiceberg,Vandalism,2025-01-14,Pending
77,East Jason,Vandalism,2024-06-17,Pending
78,Robertshire,Assault,2024-07-09,Arrest Made
79,Lake Richardland,Robbery,2024-08-22,Pending
80,West Stevenshire,Burglary,2024-10-28,Pending
81,Karinashire,Assault,2024-06-25,Solved
82,New Rachel,Assault,2024-09-15,Arrest Made
83,Lake Robertview,Robbery,2024-10-18,Unsolved
84,North Sandrashire,Robbery,2024-04-04,Unsolved
85,New Valerietown,Vandalism,2024-04-12,Arrest Made
86,Ramirezland,Assault,2024-04-18,Unsolved
87,South Jamie,Robbery,2025-01-01,Arrest Made
88,Drakeburgh,Theft,2025-01-07,Unsolved
89,Acostashire,Theft,2025-01-01,Arrest Made
90,East Sarahside,Theft,2024-04-05,Arrest Made
91,South Lisahaven,Fraud,2024-11-04,Solved
92,Lake Michael,Theft,2024-09-22,Unsolved
93,West Marcmouth,Assault,2024-07-21,Arrest Made
94,Hendersonside,Assault,2024-09-06,Unsolved
95,Davisshire,Burglary,2024-09-15,Arrest Made
96,Amystad,Robbery,2024-03-28,Pending
97,Lake Christopher,Fraud,2024-05-25,Arrest Made
98,Port Jessica,Fraud,2024-03-14,Pending
99,New Davidfurt,Fraud,2024-12-28,Pending
100,New Jeffreytown,Theft,2024-06-15,Solved
101,Derrickville,Theft,2024-04-26,Unsolved
102,West Donnahaven,Theft,2024-05-02,Unsolved
103,Lake Jasmineshire,Vandalism,2024-05-20,Solved
104,North Kelly,Robbery,2024-04-05,Arrest Made
105,East Tricia,Assault,2025-02-10,Pending
106,Lake Gloria,Vandalism,2024-12-14,Unsolved
107,Jonshire,Fraud,2025-01-20,Arrest Made
108,Parkerstad,Theft,2024-07-12,Solved
109,Lake Christian,Theft,2024-11-08,Pending
110,Kristineton,Burglary,2024-09-01,Pending
111,Wilsonmouth,Robbery,2024-02-23,Pending
112,Nathanbury,Burglary,2024-02-28,Pending
113,Russofort,Robbery,2024-04-08,Arrest Made
114,West Christopher,Vandalism,2025-01-20,Arrest Made
115,North Keithchester,Assault,2024-05-23,Solved
116,Richardsonchester,Fraud,2025-01-21,Arrest Made
117,North Donald,Theft,2024-12-01,Solved
118,Lake Ernestborough,Burglary,2024-12-04,Pending
119,Port James,Burglary,2024-09-11,Unsolved
120,North Deannaton,Burglary,2025-02-03,Solved
121,Hernandezfurt,Assault,2024-04-19,Arrest Made
122,North Dannyland,Robbery,2025-01-31,Solved
123,North Davidmouth,Assault,2025-01-13,Unsolved
124,Lake Maryhaven,Vandalism,2024-05-15,Arrest Made
125,Santiagoshire,Fraud,2024-12-25,Pending
126,East Leonard,Robbery,2024-03-23,Pending
127,Williamchester,Burglary,2024-12-20,Arrest Made
128,Sotofurt,Fraud,2024-08-11,Unsolved
129,Daniellestad,Assault,2024-03-22,Arrest Made
130,Terrencetown,Fraud,2024-12-01,Unsolved
131,Andersonport,Theft,2024-03-12,Pending
132,Hoffmanchester,Assault,2024-09-16,Arrest Made
133,West Dorisstad,Assault,2024-07-28,Unsolved
134,South Kelsey,Theft,2024-05-14,Arrest Made
135,South James,Burglary,2025-01-20,Arrest Made
136,Smithview,Fraud,2024-11-15,Arrest Made
137,Johnsonfurt,Fraud,2024-11-02,Arrest Made
138,Sheilachester,Fraud,2025-02-04,Unsolved
139,Davidhaven,Assault,2024-05-26,Arrest Made
140,Matthewstad,Vandalism,2024-10-24,Arrest Made
141,Torresside,Vandalism,2025-01-22,Unsolved
142,Brownfort,Theft,2024-06-24,Solved
143,Brandonburgh,Assault,2024-06-02,Pending
144,Ayalaside,Fraud,2024-05-18,Pending
145,New Brandistad,Vandalism,2024-08-30,Solved
146,Gonzalezchester,Fraud,2024-07-12,Solved
147,Ericview,Assault,2024-03-28,Unsolved
148,New Charlesburgh,Burglary,2024-06-15,Solved
149,Port Cynthia,Robbery,2024-08-15,Pending
150,North Pamela,Theft,2024-05-28,Unsolved
