customer_id,name,phone,address,city,country
1,Audrey Marquez,+1-929-599-4002x8102,36975 Robert Landing,Philadelphia,USA
2,Laura Rodriguez,(476)227-8345,80615 Mcconnell Walk,Dallas,USA
3,Eric Jones,326.571.2641x77084,9307 Mark Summit,Dallas,USA
4,Ronald Mejia,424.287.9832x142,9867 Macdonald Turnpike,San Diego,USA
5,Julie Anderson,001-541-795-9762x38644,33310 Johnson Shoal Apt. 540,Chicago,USA
6,Rhonda Estrada,383.290.9324x15340,77669 Stephanie Street,New York,USA
7,Lisa Wheeler,971.840.9635,0663 Joseph Route Apt. 970,Chicago,USA
8,Natalie Skinner,001-911-408-6108x57852,53954 Hale Route,Chicago,USA
9,Pamela Anderson,308-958-8424x0401,48028 Stewart Highway Apt. 830,New York,USA
10,Debra Morgan,513.601.6496,691 White Coves Suite 650,New York,USA
11,Eugene Willis,+1-581-605-2752x51418,7844 Rodgers Pine Suite 553,San Jose,USA
12,Jacqueline Hoffman,001-506-662-5517,39075 Kelly Field Apt. 655,Houston,USA
13,Scott Martinez,(760)572-8736x70266,7040 Aguilar Point Apt. 034,Houston,USA
14,Karen Stewart,550.818.4952,3210 Reynolds Dam Apt. 298,San Jose,USA
15,Audrey Rodriguez,+1-371-566-3382x98804,319 Monique Extensions,New York,USA
16,David King,+1-758-532-3644,4395 Wilson Islands Suite 965,New York,USA
17,Sarah Joseph,+1-236-291-5719,0495 Alvarez Well,Dallas,USA
18,Johnathan Fields,001-266-508-2809x884,43113 Tracy Trafficway,Chicago,USA
19,Amanda Hayden,235.842.3295,693 Davis Orchard,Los Angeles,USA
20,Kimberly Kennedy,001-709-974-7106x1434,97634 Martinez Prairie Apt. 086,San Jose,USA
21,Alejandro Harris,(531)663-6704x61247,587 Sonya Throughway Apt. 370,San Jose,USA
22,Erik Johnson,600.931.0699x40723,96697 Huffman Trail Suite 118,Dallas,USA
23,Kerry Murray,+1-968-646-2228x601,196 Eric Islands Suite 166,Phoenix,USA
24,Suzanne Hurst,(469)370-4742,366 Kevin Brook Suite 010,New York,USA
25,Sarah Lester,+1-606-510-8257x9007,952 Gomez Valley,San Jose,USA
26,Leslie Thompson,001-884-466-0287x90385,090 Noble Islands Suite 344,San Jose,USA
27,Mark Sandoval,795-562-8734,16228 Mark Forks Apt. 492,New York,USA
28,Rebekah Barker,+1-312-931-7018x0856,740 Evan Drives Apt. 248,Phoenix,USA
29,Michaela Carter,298-339-7769x0931,0214 Sheena Plains Apt. 429,Dallas,USA
30,Victoria Smith,+1-713-816-7590x58832,698 Golden Crest Suite 372,Chicago,USA
31,Melvin Huang,(746)641-1087,9813 Bailey Freeway Suite 735,Dallas,USA
32,Jordan Barnes,001-892-771-6540x436,24106 Jason Landing,Phoenix,USA
33,Kevin Monroe,801.968.3927,7588 Dustin Lodge,New York,USA
34,Lydia Perry,386.313.5804,5415 Rodriguez Trafficway,San Jose,USA
35,Kimberly Jones,001-868-295-0531x94845,243 Wright Isle Suite 772,San Jose,USA
36,Kristy Maldonado,783.947.1072,6849 Lane Islands Suite 309,Philadelphia,USA
37,Robert Gill,001-368-482-4403x7825,163 Diaz Mission,Chicago,USA
38,Curtis Gonzalez,(693)799-4859x4572,14505 Samantha Viaduct,San Jose,USA
39,Lisa Newton,001-916-311-1536x04611,78667 Maria Club Apt. 107,Dallas,USA
40,Renee Sawyer,+1-677-471-4869x74887,59077 Karen Track,San Antonio,USA
41,Kristy Davidson,001-528-601-1152x0484,7284 Robin Crossroad,San Diego,USA
42,Jesse Mullins,(772)503-8612x7618,88445 Webster Shore,Philadelphia,USA
43,Elizabeth Richardson,806.423.3952,690 Booth Circle,Dallas,USA
44,Margaret Best,813.523.9340x495,62788 Hamilton Grove,Philadelphia,USA
45,Mr. Timothy Kramer,3689800806,45295 Prince River,Chicago,USA
46,Ronnie Brock,338.208.8487,08601 Corey Isle,San Diego,USA
47,Sandra Kennedy,+1-586-967-7756x0785,6400 Andrew Parkway,San Diego,USA
48,Peter Nunez,421-331-5129x2259,461 Nancy Ridges,San Antonio,USA
49,Jenna Riley,3286895588,912 Obrien Run Apt. 239,San Jose,USA
50,Bonnie Morgan,240-410-4700,86552 Anna Vista,New York,USA
51,Alexandra Miller,3699121085,6342 Dawn Port Apt. 446,Los Angeles,USA
52,Mr. Michael Harris,628.362.5714,928 Nancy Streets Apt. 751,Philadelphia,USA
53,Scott Watts PhD,+1-938-726-6932x5448,612 Aaron Terrace Apt. 064,New York,USA
54,Emily Gill,586.691.4007x16865,97496 Steven Vista Apt. 941,Philadelphia,USA
55,Kimberly Watson,722.834.6400x3230,5734 Perez Row Suite 398,Los Angeles,USA
56,Kelly Nelson,3059220572,89095 Williams Roads Suite 350,Phoenix,USA
57,Kathy Hernandez,(498)640-6965,1462 Keith Lane Suite 480,Dallas,USA
58,Jason Bush,+1-412-888-1103x8281,707 Wolfe Station Suite 686,Los Angeles,USA
59,Michael Fuller,+1-847-415-9195x890,3040 Michael Squares,Los Angeles,USA
60,Alexandra Lane,(732)887-0831x917,0331 Johnston Creek,New York,USA
61,David Adams DVM,759.339.2626x3385,388 Franco Extension Apt. 505,Philadelphia,USA
62,Sierra Whitney,555-762-2947x48666,555 David Shoal,New York,USA
63,Carolyn Mccarthy,(643)743-9885x7589,77299 Mccarthy Harbors Suite 610,San Diego,USA
64,Terry Jensen,919-200-7912x865,203 Joshua Club,San Jose,USA
65,Brandy King,+1-823-316-4938,25406 Mark Wells,Chicago,USA
66,Michael Patterson,(950)888-1376,600 Sanchez Branch Apt. 918,San Diego,USA
67,Gavin Rivera,218-912-0185,261 Susan Ford,New York,USA
68,Ashley Kerr,001-422-849-8199x88214,6485 Juarez Course,San Antonio,USA
69,Kimberly Smith,932-209-0510,6248 Michael Flat,Houston,USA
70,Kayla Stanley,001-503-488-8744x5368,063 Miller Court Apt. 660,Los Angeles,USA
71,Jennifer Conley,811-230-6685x9427,5152 Tonya Union,San Jose,USA
72,Carol Le,472.557.1024,1677 Tara Knolls Suite 829,New York,USA
73,Loretta Crawford,631-681-8230x9072,936 Diana Street Suite 792,Philadelphia,USA
74,Justin Cochran,(226)925-7336,890 Christopher Key Apt. 493,San Jose,USA
75,Sarah Foster,779.602.6640,652 Antonio Corner,Philadelphia,USA
76,Andrew Fitzgerald,752.986.4891x061,529 Hines Landing,San Diego,USA
77,Ana West,223.932.0368x9346,5626 Jake Divide,San Jose,USA
78,James Hunt,+1-570-452-1323x94231,18803 Mary Springs,Dallas,USA
79,Evelyn Turner,229.932.9108,1216 Sawyer Circles,Chicago,USA
80,Natalie Smith,826.205.7128x2960,8503 Kelsey Cliff Suite 056,Phoenix,USA
81,John Lynch,230-869-5278x384,46205 Sandra Islands Apt. 855,San Jose,USA
82,Robert Sanchez,330.577.3229x441,7984 Amanda Falls Suite 055,Los Angeles,USA
83,Katherine Gamble,+1-542-522-1489,686 Hunt Viaduct,San Diego,USA
84,Peter Stevens,(541)406-8205x2996,068 Krystal Station,San Diego,USA
85,Anne Chase,001-654-527-0606x6907,9427 Walker Motorway,San Diego,USA
86,Brittney Gordon,+1-970-752-7432x1438,84945 Jennifer Trace,New York,USA
87,Joshua Johnson,+1-379-693-1650x0088,230 Bruce Estates Apt. 683,San Jose,USA
88,Matthew Ashley,(223)622-5726x4531,026 Fritz Squares,Chicago,USA
89,James Edwards,+1-959-674-0998x6876,541 Tammy Course,Houston,USA
90,Paul Ayala,(778)710-4614x0887,7304 Garcia Flat Suite 019,Phoenix,USA
91,Ronald Cooke,(504)492-3543x298,7145 Ritter Wells Suite 957,Houston,USA
92,Darlene Smith,455.793.7333,20218 Carter Key Apt. 032,Phoenix,USA
93,Natalie Hernandez,+1-564-938-8094x5868,7416 Elizabeth Corners,San Diego,USA
94,Dr. Sheri Morales,489-643-1274,808 Johnson Plaza Suite 578,Chicago,USA
95,Angela Sanders,001-695-478-9581x92976,1945 Erickson Lake,San Antonio,USA
96,Theresa Palmer,+1-249-361-3813,29627 Cox Flat Apt. 265,Phoenix,USA
97,Chelsey Hernandez,224.958.1548x924,8966 Ross Forks,San Antonio,USA
98,Brian Parks,882.971.4819x700,95315 Gomez Neck,San Antonio,USA
99,Timothy Lewis,6934913873,0567 Matthew Prairie Suite 976,New York,USA
100,Alexander Washington,882.789.8645x49726,0734 Booker Harbors,Philadelphia,USA
101,Trevor Schwartz,(585)376-5449,1051 Kristen Inlet Suite 925,Phoenix,USA
102,Felicia Stevens,700-861-8020x679,6943 Steven Hollow Suite 129,Los Angeles,USA
103,Bradley Page,001-514-393-0128x263,163 Rachael Spring,Dallas,USA
104,Carmen Morales,+1-638-565-2771x531,3100 Andrew Parkways Apt. 653,Dallas,USA
105,William Buckley,+1-450-653-0968x67137,2686 Sanchez Hills Suite 118,Philadelphia,USA
106,Angela Haynes,956-314-0350x35735,60672 William Shoals,Dallas,USA
107,Vickie Hill,001-755-712-1386x292,214 Harris Squares,Phoenix,USA
108,Kathleen Riley,(729)566-5393,954 Donna Dam Suite 280,Los Angeles,USA
109,Nathan Burns,(571)503-3809,809 Dyer Street Suite 976,Phoenix,USA
110,Angela Bailey,268-272-6690x2378,81645 Swanson Stream,Los Angeles,USA
111,Susan Green,+1-387-933-3572x11974,19922 Gabriel Ranch Suite 928,San Jose,USA
112,Lori Diaz,830.714.6385x5419,92804 Annette Landing,San Antonio,USA
113,Joseph Hawkins PhD,851-880-3859,77231 Farley Knoll Suite 910,Chicago,USA
114,Jordan Martinez,001-221-580-1605x5914,4917 Denise Knoll,San Jose,USA
115,Amy Garner,(860)432-9346,0882 Shane Shoals Suite 100,San Antonio,USA
116,Zachary Smith,883.785.4810x15978,4490 Bruce Pass Apt. 892,San Jose,USA
117,Rebecca Gonzalez,9618154817,7622 Brandon Shoals,Philadelphia,USA
118,Kevin Benitez,508-876-9779x7669,096 Welch Unions Suite 292,Chicago,USA
119,Ann Brown,(839)886-9950,728 Smith Haven,New York,USA
120,Robert Hill,001-669-561-7117x393,978 Aguilar Underpass Apt. 459,Phoenix,USA
121,Michael Buck,276.853.3950x512,790 Theresa Drives,San Antonio,USA
122,Patrick Rice,+1-644-652-6349x93822,2794 Chelsea Mountains Suite 256,Los Angeles,USA
123,Christina Henderson,+1-247-442-1354x0593,286 Holmes Forks,Dallas,USA
124,Joel Rodriguez IV,+1-868-969-7232x56437,30018 Hernandez Lake Apt. 095,San Antonio,USA
125,Dennis Harris,444-640-5384,85246 Adkins Prairie,Philadelphia,USA
126,Tracy Martin,001-796-268-0743,719 Jennings Hills,Philadelphia,USA
127,Joyce Herrera,001-746-339-9934x145,17639 Johnny Pass,Chicago,USA
128,Thomas Wood,+1-747-901-7544x3103,95790 Lisa Ranch Apt. 451,Philadelphia,USA
129,Jamie Watson,586-449-7422x7858,042 Sutton Route,Houston,USA
130,Kevin Nelson,426-672-2250x181,01272 Carolyn Via Suite 447,Chicago,USA
131,Jennifer Johnson,(332)312-3397x6114,77346 Travis Highway Apt. 176,Los Angeles,USA
132,Jonathan Lewis,414.461.4117x5290,11384 Garcia Field,Chicago,USA
133,Denise Ford,001-533-868-3591x43405,230 Julie Lake,San Jose,USA
134,Jay Mcdonald,672-276-0802x07895,42201 Mclean Lakes,Dallas,USA
135,Michael Norton,585.292.4687,20602 Jimenez Cove Apt. 783,San Jose,USA
136,Olivia Bennett,273-801-9005x195,61150 Butler Lodge Apt. 756,Chicago,USA
137,Carla Gray,3812284935,065 Hicks Canyon Apt. 106,San Jose,USA
138,Aimee Santiago,4286478195,941 Jackson Heights Apt. 178,New York,USA
139,Veronica Griffin,001-870-404-7945x9980,8393 Kennedy Glen Suite 931,San Diego,USA
140,John Cameron,+1-927-991-3678x367,2042 Krause Well,San Diego,USA
141,Aaron Hayes,(937)565-5385,68258 Allen Gardens,Chicago,USA
142,Phyllis Ward,001-927-308-2576,854 Meagan Bypass,Dallas,USA
143,Tina Cooley,823.291.7234x04717,3824 Sarah Expressway Apt. 098,New York,USA
144,Angela Barrett,387.215.3872x7405,072 Dougherty Orchard,Philadelphia,USA
145,Jessica Thompson,(446)325-9067x3943,211 Catherine Court,San Jose,USA
146,Kevin Schaefer,308.243.8865x363,49556 Cox Expressway Apt. 321,Chicago,USA
147,David Norton,+1-714-341-8764x6121,451 Randy Street Suite 362,New York,USA
