customer_id,name,email,phone,address,city,country
1,Kayla Guerra,williamlittle@example.com,840-828-5425x1600,010 Daniel Fork Suite 883,Philadelphia,USA
2,Ashley Murphy,tlarson@example.com,945.896.5946x8134,167 Rogers Prairie Apt. 929,Houston,USA
3,Kevin Gould,hmooney@example.net,5029513931,994 Sabrina Mount,San Antonio,USA
4,Timothy Case,paul62@example.org,+1-215-648-2259x7524,8000 Evans Summit,Houston,USA
5,Phillip Douglas,fryekelsey@example.net,001-948-958-8452,307 Tammy Oval Suite 230,San Antonio,USA
6,Cassandra Hayes,shannon32@example.net,+1-599-897-4912x089,445 Smith Ridges,San Diego,USA
7,Jeff Hodges,angelabaker@example.org,914-270-9236x608,5247 Carrillo Hollow,Dallas,USA
8,Kristy Mejia,kristin97@example.net,+1-603-529-7452x3844,78920 Hannah Neck Suite 936,Los Angeles,USA
9,Jeremy Anderson,kimberlyalvarez@example.org,001-454-394-8659,687 Marissa Center Apt. 766,San Jose,USA
10,Alexandra Perry,clarkjose@example.org,001-243-951-1064x643,033 Higgins Points Apt. 969,Philadelphia,USA
11,Sean Hernandez,wendy58@example.net,(418)871-3529x60616,044 Kenneth Fall,San Diego,USA
12,Sabrina Dennis,elainemorales@example.net,+1-278-356-0884,2986 Cortez Springs Suite 174,San Antonio,USA
13,Lisa Pacheco,melissa22@example.com,001-809-835-3265x2383,61373 Timothy Turnpike Suite 383,New York,USA
14,Madison Cook,samueldunn@example.net,6486009960,531 Guerrero Court Suite 084,Dallas,USA
15,Caitlyn Chavez,davidwest@example.org,+1-754-237-0198x48914,676 Schneider Path Apt. 221,Houston,USA
16,Jennifer Stewart,phutchinson@example.org,001-893-937-3627x761,477 Kaufman Squares Suite 122,San Antonio,USA
17,Michele Green,scottreyes@example.com,(911)452-4126x95316,939 Amanda Walk,New York,USA
18,Dennis Smith,brianmacias@example.com,001-216-429-0295x608,4305 Lisa Skyway,Houston,USA
19,Alexis Ponce,thomasmaurice@example.org,3608641995,54257 Russo Heights Suite 523,Los Angeles,USA
20,Richard Walker,darlene47@example.org,7412317049,3890 Makayla Dale Apt. 628,Dallas,USA
21,Michael Vazquez,dianeblackwell@example.net,+1-456-313-3008x196,223 John Junctions Apt. 315,New York,USA
22,Tyler Powers,dturner@example.org,5415322667,56626 Janet Junctions,San Jose,USA
23,John Yoder,luis90@example.com,399.872.7686x74099,411 Micheal Ranch,San Diego,USA
24,David Carroll,michaelphillips@example.net,219-515-0893x4357,734 Derek Turnpike,New York,USA
25,Tracy Stewart,glennkatrina@example.org,729-718-7553,77564 Jones Fields Apt. 462,Phoenix,USA
26,Caroline Paul,kellytucker@example.net,+1-596-854-3640,69481 Julie Crossroad,Los Angeles,USA
27,Amanda Garrett,ashleystone@example.com,(571)969-5365x104,88024 Williams Stream,San Antonio,USA
28,Dwayne Hill,michaelcarpenter@example.org,+1-395-394-5856x604,974 Kristen Mountains Apt. 569,Dallas,USA
29,Eric Turner,johnsontimothy@example.org,001-535-865-7074,707 Andrea Trail,New York,USA
30,David Wilson,ericstewart@example.com,(431)894-0532x17759,19149 Wilson Highway,Los Angeles,USA
31,Jermaine Johnson,scottgarza@example.com,916.874.6700x8768,4280 Ariel Squares Apt. 023,New York,USA
32,Alexis Brock,lross@example.net,498-325-7278x739,0964 Jose Junction,Dallas,USA
33,Ashley Paul,kaitlinmclaughlin@example.com,972-793-9706x92668,144 Allen Mews,Los Angeles,USA
34,Meredith Vaughan,scottbarrett@example.com,214-932-0083x5659,31608 Lori Common Suite 935,Los Angeles,USA
35,Donna Carpenter,jason37@example.org,442.741.2324x42948,304 Elizabeth River Apt. 281,Philadelphia,USA
36,Mr. Tyler Bolton,rmarshall@example.org,+1-784-899-0997x9547,8098 Marisa Stream Suite 999,Dallas,USA
37,Andrew Myers,richardpayne@example.com,(572)794-2561x96170,8215 Justin Junctions Apt. 882,Phoenix,USA
38,Katie Koch,jharris@example.com,001-350-565-1842x91578,0777 Yu Gardens Apt. 613,Houston,USA
39,Carlos Hayes,aaronpowers@example.org,+1-396-408-7492x397,142 Cynthia Green,San Jose,USA
40,Nancy Reed,vhess@example.net,2858303402,54874 Mack Passage,Phoenix,USA
41,Terri Blankenship,pnielsen@example.net,(752)491-6988,0532 Wang Burg,New York,USA
42,Jason Lopez,olsonedward@example.net,(959)484-7945,2976 Seth Parkways Suite 777,New York,USA
43,Leonard Sims,jennifersteele@example.com,+1-515-619-0988x8170,9731 Collins Mount,Chicago,USA
44,Michael Houston,thomasanna@example.net,+1-916-218-2316x487,83219 James Squares Apt. 195,Houston,USA
45,Sonya Glover,jesus60@example.com,+1-700-722-4001x605,9964 Murphy Extension,Los Angeles,USA
46,Abigail Brown,ndavis@example.com,551-495-7807,1683 Peterson Forges,San Jose,USA
47,Kevin Mccullough,jprice@example.org,638-251-5479x15134,6190 Randy Ramp Suite 550,San Jose,USA
48,Gary Holloway,joneskrista@example.org,(828)789-3734,5963 Frank Radial,San Diego,USA
49,Christopher Carney,ahopkins@example.net,755-685-7776,465 Jerry Streets,San Jose,USA
50,Christina Allison,patriciadrake@example.org,383.888.0173x893,668 Fry Station,New York,USA
51,Tyler Moyer,donaldjones@example.org,472-409-7879,07034 Daniel Ports Apt. 136,Philadelphia,USA
52,Kimberly Zimmerman,jennifer27@example.com,6977258914,13662 Elliott Trace Suite 000,Dallas,USA
53,Dana Lindsey,ruiznicholas@example.org,(609)423-3974,171 Lawson Roads Suite 788,Houston,USA
54,Patrick Johnson Jr.,vrobinson@example.com,464-906-8793x04348,9155 Doyle Islands Suite 833,Los Angeles,USA
55,Jaime Matthews,dholt@example.org,+1-646-515-4674x3217,978 Lopez Vista Apt. 966,Chicago,USA
56,Wayne Moody,valerie95@example.com,896.547.9336,9457 Tracy Hill Apt. 514,Houston,USA
57,Luke Turner,morannicholas@example.org,+1-812-690-2194,24435 Wall Walk Apt. 219,San Jose,USA
58,Bethany Johnson,reginald96@example.org,5264364478,0045 Karen Road Apt. 539,Chicago,USA
59,Jennifer Cordova,ggoodwin@example.com,836.479.8870x946,040 Matthew Plain Suite 009,San Antonio,USA
60,Heather Clark,elizabethkelley@example.net,+1-515-494-0294,462 Smith Station,New York,USA
61,Jonathan Vaughan,sherrijohnson@example.com,852-595-3459,159 Liu Lake Suite 901,Chicago,USA
62,Caroline Jimenez,bushkyle@example.com,308.356.4785x949,639 Andrew Garden Suite 852,Los Angeles,USA
63,Michael Bennett,vmoore@example.net,441-518-7894,5297 Katrina Garden Apt. 400,New York,USA
64,Erica Brewer,ecarter@example.net,+1-547-713-8435x90537,458 Fisher Plaza,Dallas,USA
65,Nicholas Cook,stevekeller@example.org,001-261-935-4171,87487 Matthew Lodge Apt. 734,Chicago,USA
66,Edward Garcia,christopher15@example.com,542-525-1627,43592 Carly Expressway,Dallas,USA
67,Timothy Montoya,turnerlori@example.net,9088226355,04094 Davis Brooks Apt. 470,San Diego,USA
68,Amanda Smith,amyberry@example.com,(202)798-0925x076,00340 Gardner Garden Suite 581,Houston,USA
69,Jacob Sanchez,johnjackson@example.com,546.766.9520,154 Michelle Camp Suite 467,Phoenix,USA
70,Bryan Neal,john24@example.org,763-303-2390,27735 James Loaf Apt. 241,Houston,USA
71,Christopher Watkins,tylerfarrell@example.org,+1-451-478-5788x514,2216 George Passage,San Jose,USA
72,Lisa Carter,howardnicole@example.org,243-705-0464x19389,12201 Kathryn Islands Apt. 408,San Antonio,USA
73,Megan Lopez,murphymegan@example.org,(305)881-3561,1455 Amber Falls Apt. 864,Los Angeles,USA
74,Lauren Graves,daryl32@example.org,001-652-889-9282,728 Jeremy Mill,Dallas,USA
75,John Bernard,vcurry@example.org,001-242-393-9591x3761,44626 John Mission Suite 293,San Diego,USA
76,Craig Taylor,lmyers@example.org,001-940-654-5550,83108 Laura Falls,Los Angeles,USA
77,William Baker,abridges@example.com,739.446.8904,903 Stacy Centers,Los Angeles,USA
78,Noah Maldonado,upugh@example.net,719.457.2426x83806,6815 Reynolds Mall Suite 138,New York,USA
79,Raymond Rose,christopher97@example.org,396-429-7835x34549,7718 Lawson Prairie Suite 606,Houston,USA
80,Veronica Robinson,parkeramy@example.org,613-753-8003x00293,00674 Kathleen Rapid,San Antonio,USA
81,Dustin Paul,ruth02@example.org,206.481.1959x971,6373 Parker Path,San Antonio,USA
82,Caleb Short,fraziersarah@example.org,990.297.2059x09771,39954 Walker Meadows,Philadelphia,USA
83,Crystal Phillips,kristingarcia@example.com,+1-591-946-9821x05172,1489 Parrish Groves,Phoenix,USA
84,Gary Kim,howekyle@example.org,870-838-1029x9052,709 Andrea Keys Suite 449,Philadelphia,USA
85,Nancy Jones,sydneylarson@example.com,636-643-7489x40279,29427 Woodward Summit,Philadelphia,USA
86,April Barry,heatherglenn@example.net,692.207.0296x70628,757 Fox Causeway,Houston,USA
87,Kayla Carlson,stephanie29@example.com,001-363-558-8702x48082,2111 Sherman Mall,Dallas,USA
88,Pamela Turner,pamela70@example.org,458.313.0399x4280,885 Sarah Ways,Phoenix,USA
89,Ryan Mccall,mariacampbell@example.com,001-545-969-1716x69062,183 Wright Freeway,San Antonio,USA
90,Robert Sanchez MD,james87@example.org,746-726-8962x82599,355 Matthew Shoals Apt. 891,Houston,USA
91,Tammy Wright,nataliemitchell@example.org,(557)406-6382x31353,196 Chelsea Prairie Apt. 946,Chicago,USA
92,Brooke Hall,nancywatson@example.org,+1-272-390-7920,05963 William Cove Apt. 378,San Diego,USA
93,Ryan Harris,tammycowan@example.com,(537)801-3904x03288,268 Jack Gardens Suite 722,San Diego,USA
94,Beth Wall,kent77@example.com,001-601-708-1946x23923,660 Darren Crossing Suite 656,San Antonio,USA
95,Joshua Williams,troy62@example.com,(254)331-4190x2777,43970 Edwards Path,Phoenix,USA
96,Craig Waters,jonesjessica@example.com,797-817-4977,776 Johnson Springs Apt. 885,San Antonio,USA
97,Brooke Watkins,wtaylor@example.org,001-709-484-9969x403,383 Curtis Mills Apt. 106,San Diego,USA
98,Daniel Meyers,glenmoore@example.com,+1-581-839-0435,97183 Estrada Key,San Diego,USA
99,Jody Day,william61@example.com,377.355.0696x56306,66866 Rice Glen Apt. 773,San Diego,USA
100,Alexander Walton,jonesgregory@example.org,(964)209-6205x3669,9047 Emily Parkway,Chicago,USA
101,Christopher Barnes,william23@example.com,(532)530-4399x63314,854 Alexander Bridge,Los Angeles,USA
102,Robert Gibson,garcianatalie@example.com,+1-932-256-2033x5445,019 Christopher Springs Suite 950,San Antonio,USA
103,Mark Bailey,julierivera@example.net,668.590.8284x9509,710 Michelle Fork,San Jose,USA
104,Dana Goodman,brent46@example.com,001-910-325-3304,100 Simmons Streets Apt. 016,San Diego,USA
105,Lauren Perez,john20@example.org,3013606372,943 Elizabeth Road,San Diego,USA
106,Randall Ferguson,selenahernandez@example.com,897-545-6569,500 William Underpass,New York,USA
107,Courtney Snyder,johnsoncaitlin@example.com,615.542.7188x18568,6215 Michelle Gateway,Chicago,USA
108,Terri Stewart,reedashley@example.net,001-499-325-4358x91791,764 Lori Fields Apt. 915,Philadelphia,USA
109,Sara Lee,katrina75@example.com,(750)712-5655x963,077 Simmons Ranch,Los Angeles,USA
110,Benjamin Ramirez,courtney12@example.org,463-900-1297,146 Park Brooks,Phoenix,USA
111,Bradley Mccoy,angela17@example.net,001-913-637-7896x0280,7936 Foster Union,Los Angeles,USA
112,Kelly Brown,sheltonjohn@example.net,+1-440-781-5923,35367 Nicole Motorway,Philadelphia,USA
113,Jennifer Beard,gomezjessica@example.org,+1-273-997-9498x917,71240 Robert Road,San Antonio,USA
114,Melissa Warren,roy26@example.com,001-278-417-2682x257,384 Carolyn Cliff Suite 146,Chicago,USA
115,Jennifer Miranda,catherinefigueroa@example.com,(615)880-6482x97784,46655 Miller Crest Suite 121,San Antonio,USA
116,Scott Payne,benjamin75@example.com,9765786831,91227 Smith Points,New York,USA
117,Edward Hale,calvinwood@example.com,(941)584-1031,027 Holly Summit,San Antonio,USA
118,Nicole Mckenzie,jonesanthony@example.org,455.318.9324,174 Williams Prairie Suite 028,Phoenix,USA
119,Christopher Callahan,briancharles@example.net,331-476-6800,328 Vanessa Garden Suite 062,San Jose,USA
120,Brandon Farmer,christopher59@example.com,+1-872-210-9928x39689,39045 Nancy Run,Los Angeles,USA
121,Laurie Zimmerman,conniebarr@example.org,424.654.2986x15540,1850 Rice Unions Suite 700,Dallas,USA
122,Debra Williams,npadilla@example.org,463-802-9426x725,19148 Michael Plain,Dallas,USA
123,Catherine Calhoun,npeterson@example.org,(878)530-9373x71647,58974 Monica Isle,New York,USA
124,Erika Price,amartin@example.org,(247)243-0947x8395,277 Jonathan Field,San Antonio,USA
125,Tracy Miller,lisa15@example.org,5486709587,311 Shaw Fords Apt. 222,San Antonio,USA
126,Sara Reynolds,sheltoncharles@example.net,641-894-2070,83266 Daniel Throughway,Los Angeles,USA
127,Susan Maldonado,ohopkins@example.net,(506)957-1188x36325,14651 Murray Summit Suite 287,Phoenix,USA
128,Diane Bean,erica49@example.com,(903)626-4515,293 Catherine Street Apt. 547,San Diego,USA
129,Todd Rose,sheryllong@example.net,397.334.6352,31517 Mathew Inlet Apt. 012,Houston,USA
130,Christina Johnson,fhogan@example.net,240-266-8092x661,43295 Chase Dam Suite 251,New York,USA
131,Robin Reynolds,eric42@example.org,(311)548-9573,80525 Thomas Cliff Suite 528,Phoenix,USA
132,James Porter,angieschaefer@example.com,775-903-3151,897 Emily Via,Philadelphia,USA
133,Mark Flowers,yvonne58@example.org,677.737.9726x28692,6826 Hernandez Creek,Phoenix,USA
134,Kim Navarro,ghuff@example.net,870.598.8289x1473,9198 Carroll Lodge,San Antonio,USA
135,Haley Turner,mcintyreryan@example.org,+1-586-383-2548,59244 Angela Road Suite 970,Phoenix,USA
136,Leslie Willis,iwatson@example.net,+1-479-932-7080x560,37228 Peterson Ville Suite 049,Philadelphia,USA
137,Robert Johnson,douglasvaughn@example.com,831-434-9505x218,587 Jones Expressway,San Diego,USA
138,Anne Saunders,elizabeth48@example.com,633.201.6009x14463,830 Kaitlin Vista Apt. 197,Chicago,USA
139,Alicia Sherman,schwartzmitchell@example.com,424-371-6258x157,53466 Morris Meadows Apt. 670,Dallas,USA
140,Tracy Jones,newmanaaron@example.net,6556508908,546 Michael Parkways Suite 229,Dallas,USA
141,Amber Rodriguez,hoffmankelly@example.org,(353)799-3176,786 Robert Village,Chicago,USA
142,Carl Fields,kcarr@example.net,3532601775,963 Gibson Path,Philadelphia,USA
143,Charles Walker,mporter@example.org,001-914-399-4192x19765,491 Cynthia Plains Suite 376,New York,USA
144,Anthony Mendoza,robertprice@example.com,718.310.1304x20215,067 David Isle Apt. 391,Chicago,USA
145,Brenda Stevens,troy70@example.net,800.568.2172,42697 Weaver Isle Apt. 193,Houston,USA
146,William Morgan,rickychandler@example.net,820-574-1624x786,13738 Darryl Prairie,Los Angeles,USA
147,Lisa Williams,melissapugh@example.com,001-530-892-2639x3050,917 Thompson Trafficway,New York,USA
