customer_id,name,email,phone,address,city,country
1,Whitney Gaines,murraybrittany@example.net,453-478-5659,372 Melissa Views,New York,USA
2,Christine Thompson,gabrielleelliott@example.com,887.771.5651,2250 Johnson Route,San Jose,USA
3,Tanya Carlson,oscarnorton@example.org,001-941-894-3238x3915,3335 Fischer Mountains Apt. 165,Houston,USA
4,Olivia Cook,torresrebecca@example.com,995.981.7463x6259,24485 Richard Rapid,Phoenix,USA
5,John Francis,amber05@example.net,893.895.8983,734 Melanie Flats Apt. 002,Phoenix,USA
6,Corey Bowman,sharppatrick@example.com,001-220-670-2698x403,42189 Christopher Extensions,San Antonio,USA
7,Debra Baird,jacqueline90@example.net,(978)885-3379x7685,613 Scott Overpass,Los Angeles,USA
8,Christopher Davis,shaun89@example.net,7066707425,65327 Bell Shoals,Houston,USA
9,Cynthia Huber,downsdustin@example.com,+1-705-812-5133x71106,3222 Jackson Trace Suite 743,Philadelphia,USA
10,Vincent Stevens,paynechristina@example.org,001-942-372-0429x63487,591 James Plains,San Jose,USA
11,Kelly Torres,brentthompson@example.net,4293462637,5671 Edwards Dam,Los Angeles,USA
12,Fernando Cole,josephmichael@example.org,(969)753-9417x1775,317 Robert Trail,Los Angeles,USA
13,Barbara Skinner,rpalmer@example.net,(681)476-1398,74674 Keith Keys,San Antonio,USA
14,Alison Wright DVM,krose@example.net,506-571-0043,423 Mcdowell Expressway Apt. 008,Philadelphia,USA
15,Julie Delgado,yperez@example.net,+1-442-366-0153x86994,51604 Reid Corners Suite 011,San Antonio,USA
16,Betty Estrada,william59@example.org,001-910-854-2224x14404,2503 Kennedy Summit Suite 917,Chicago,USA
17,Sharon Oconnor,uthomas@example.net,+1-532-806-9752x02278,890 Christian Wells,Chicago,USA
18,Harold Pratt,kara57@example.com,5859873235,2768 Curtis Vista Suite 414,Phoenix,USA
19,Heather Salazar,vchang@example.com,(430)233-8499x91784,4464 Michael Street Apt. 435,Philadelphia,USA
20,Calvin Waters,alandry@example.com,001-937-513-0850x1781,9621 Michael Greens Suite 497,San Diego,USA
21,Rhonda Jones,andreawright@example.net,373-680-6969x70532,2796 Miller Canyon,San Jose,USA
22,Carl Villanueva,kennedyeric@example.net,001-351-228-3989,151 Curtis Forest,Philadelphia,USA
23,Jonathan Jones,courtney08@example.net,389-708-8211x6315,899 Victoria Cliffs Suite 930,Los Angeles,USA
24,Amy Summers,ipowers@example.net,001-564-985-8950x608,30531 Raymond Valleys Apt. 835,Houston,USA
25,Todd Lee,amandapotter@example.net,001-373-262-0088,36531 Karen Tunnel,Los Angeles,USA
26,Jessica Taylor,mark24@example.org,(572)429-9550,406 Sullivan Underpass Suite 729,San Jose,USA
27,Luis Lawrence,penny71@example.com,(395)451-2992x0851,5086 Robertson Views Suite 483,Houston,USA
28,Brianna Schneider,alisonmoreno@example.net,001-425-882-1052x273,9024 Smith Forge,Houston,USA
29,Sara Franklin,charles79@example.net,274-309-2904x6117,6036 Daniel Road,Chicago,USA
30,Hayden Frank,curtispalmer@example.com,959-814-8027x52709,1783 Joseph Rapids,San Jose,USA
31,Christine Pollard,karamiles@example.net,304-577-9213x81774,030 Zachary Overpass,Houston,USA
32,Christina Jackson,randy07@example.com,+1-474-700-5652x534,31654 Brittany Center Apt. 752,San Antonio,USA
33,Jamie Underwood,kjimenez@example.org,477-723-5855x902,1843 Taylor Islands Suite 026,Dallas,USA
34,Kevin Perez,annmiller@example.net,001-954-844-7002x9959,18993 Ochoa Mountain Suite 348,Phoenix,USA
35,Eric Small,nancyschneider@example.org,941-555-7611x3044,4536 Robinson Fields,Phoenix,USA
36,Brittany Novak,guerrasusan@example.org,001-486-936-8851x962,187 Alexander Courts Apt. 318,Dallas,USA
37,Alexander Nguyen,heather48@example.org,575.578.9395,517 Smith Parkways,New York,USA
38,Barbara Branch,lynn09@example.net,(262)451-1570,50707 Underwood Plains Apt. 529,Los Angeles,USA
39,Stephanie Matthews,debrapeterson@example.net,(642)833-6864x0598,470 Latoya Forge Apt. 176,San Jose,USA
40,Margaret Russell,gillkimberly@example.net,001-439-586-7806,301 Bates Extensions,Chicago,USA
41,Annette Campbell,hernandezjennifer@example.com,(980)540-3849,45891 Olsen Rapids,San Diego,USA
42,Seth West,tiffanyfitzgerald@example.com,+1-929-729-3337x376,9110 Green Rapids,Dallas,USA
43,Ryan Lopez,gregoryhale@example.com,882.688.2662,0261 Spencer Creek,New York,USA
44,Christina Williams,joseph80@example.net,+1-702-731-3435x197,7464 Nicholas Ridge,Los Angeles,USA
45,Amber King,jonesmary@example.net,826-951-9613,27366 Zachary Ferry Apt. 334,Philadelphia,USA
46,Melinda Gibson,fmatthews@example.net,+1-940-476-6670x712,7172 Alvarado Falls,Los Angeles,USA
47,Tammy Cox,wendyperez@example.net,654.620.4256x5116,93884 Luke Well,San Diego,USA
48,Jesse Santiago,xfisher@example.com,(956)879-9116x4458,981 John Dale,Houston,USA
49,Amanda Park,carla30@example.com,469-862-3041,122 Darrell Flat Apt. 188,San Antonio,USA
50,Kristin Gilmore,hnorman@example.org,+1-235-864-6205x9093,96345 Gardner Creek Suite 470,Chicago,USA
51,Jeffrey Weeks,rodneyhernandez@example.net,782-585-7797x2232,83599 Michael Unions Suite 994,New York,USA
52,Xavier Peck,howardcheryl@example.net,+1-493-444-4261x786,39393 Christine Plains,Los Angeles,USA
53,William Jones,robertrobles@example.com,+1-605-699-2146x25553,3085 Smith Centers,San Antonio,USA
54,Jared Nelson,dawn70@example.org,001-482-854-8347x37238,219 James Forge Apt. 609,Philadelphia,USA
55,Elizabeth Lozano,cmedina@example.org,001-861-506-6092x71972,5498 Sheryl Common Apt. 613,Chicago,USA
56,Matthew Stewart DDS,otrevino@example.org,768-402-0146,368 Phillips Burg,Philadelphia,USA
57,Joshua Johnson,pfrancis@example.com,833.466.1905,38204 Swanson Hollow,Los Angeles,USA
58,Sabrina Robinson,thahn@example.com,755.864.7380,08300 Bryan Haven Apt. 755,Los Angeles,USA
59,Matthew Reyes,kelseyjones@example.com,2183412315,96249 Jessica Gardens,Chicago,USA
60,Eric Torres,kimberly45@example.net,830.458.7828,358 Jeremy Underpass Apt. 273,Houston,USA
61,Geoffrey Oconnell,bmcknight@example.net,877-675-7669,61497 Brennan Ferry Suite 884,Chicago,USA
62,Tamara Sosa,fmeadows@example.org,847.337.7234x32515,3743 Williamson River,Los Angeles,USA
63,Ashley Tanner,guerrerorachel@example.net,+1-629-836-8603x7908,90561 Campbell Stravenue Apt. 104,Chicago,USA
64,Sharon Phillips,wardgary@example.com,877-999-3042x93692,23182 Carson Station,Los Angeles,USA
65,Nicole Davis,jaime57@example.org,(456)605-1042,707 Phillip Square,Los Angeles,USA
66,Tanya Avery,zavalabryan@example.org,(535)638-7558x129,192 King Springs Apt. 557,San Diego,USA
67,Gregory Murray,xbooker@example.org,463-860-0078,7712 Henry Rapids,San Diego,USA
68,Andrea Reed,bradley82@example.com,+1-760-354-5342x472,3760 Tyrone Trafficway Apt. 931,Dallas,USA
69,Kenneth Parks,jenniferibarra@example.com,001-555-780-2369x3208,162 Mark Terrace Suite 941,San Diego,USA
70,Heather Jackson,rogerskelsey@example.com,001-812-875-7962x0260,410 Dawson Locks Apt. 118,Philadelphia,USA
71,Bethany Schwartz,chapmanbradley@example.net,871-295-9576,178 Brown Views,New York,USA
72,Kimberly Glenn,beckytaylor@example.org,405.806.3021x4144,55797 Clark Springs Suite 608,New York,USA
73,Eduardo Lucas,cohendustin@example.org,506-417-5598x02432,6707 Jessica Street,Houston,USA
74,Phillip Diaz Jr.,palmerbilly@example.net,959-930-9222,62302 Young Mountain,Dallas,USA
75,Jessica George,calebbowers@example.org,+1-641-908-5440x93515,339 Farrell Gateway,Houston,USA
76,Derrick Bean,kevin76@example.com,(920)869-6981,115 Wallace Flats,Chicago,USA
77,Christian Jones,vmarshall@example.net,001-648-639-8065x35976,88456 Myers Valley Suite 404,Phoenix,USA
78,Laura Neal,joshua65@example.org,774-617-3946x90823,27680 Foster Springs,San Antonio,USA
79,Angela Cole,swansonelizabeth@example.com,837.523.3804,7786 Wolf Burgs,Phoenix,USA
80,Heather Wilson,samuel91@example.com,(325)229-0194x4772,355 Arellano Curve,Phoenix,USA
81,Mrs. Julie Byrd DVM,monroejohnny@example.com,(983)239-3574x03879,650 Kaitlin Crescent,Philadelphia,USA
82,Cameron Hernandez,gregorywashington@example.org,857.853.7114x1699,0507 Kimberly Lights,San Antonio,USA
83,Victor Bell,jenniferhansen@example.org,(728)670-5520x96502,35876 Barker Lock Suite 660,Chicago,USA
84,Charles Harrell,robertprice@example.net,001-809-998-3570,632 Jones Cove,Chicago,USA
85,Mark Marquez,qmoore@example.org,555.406.0123x24884,40502 Carolyn Estate,San Diego,USA
86,Louis Stevenson,jonesoscar@example.org,712-258-5155,3235 Parker Common,Philadelphia,USA
87,Tyler Smith,daughertygerald@example.com,(850)347-4500x1044,797 Carney Fork Suite 793,Dallas,USA
88,Vincent Hill,carrmeredith@example.org,463.359.2681x616,71123 William Prairie Apt. 976,Dallas,USA
89,Peggy Hunt,nicolebautista@example.org,902.316.6904x36116,6560 Matthew Lock,Philadelphia,USA
90,Tracy Lane,johnsonchristina@example.com,(407)437-2217x06260,9455 Shawn Island Suite 255,San Diego,USA
91,Katherine Williams,taylorangela@example.com,791-621-2820x5629,6898 Simpson Manors,San Diego,USA
92,Mrs. Erica Conner,bradleyross@example.net,(206)912-0367,119 Gomez Unions Suite 568,Los Angeles,USA
93,Walter Rivas,abenton@example.net,+1-375-500-5125x9556,47419 John Crossroad,San Antonio,USA
94,Madeline Griffin,michael05@example.org,001-545-605-4946x0183,052 Travis Ridge Apt. 084,San Antonio,USA
95,Brianna Duncan,bellalyssa@example.net,696-599-6886x468,90314 Sarah Drives Apt. 944,Chicago,USA
96,Jimmy Salazar,fisherwayne@example.net,824.264.8393x661,4701 Ramirez Canyon Apt. 842,Philadelphia,USA
97,Derek Miller,jkim@example.com,234.411.3077,25659 Frey Square Suite 011,San Antonio,USA
98,Allen Hooper,lmontoya@example.com,(295)622-4214x5685,55104 Martinez Parks Apt. 774,San Jose,USA
99,Henry Lee,renee24@example.net,425-930-0398x18246,931 Anna Center Suite 092,Houston,USA
100,Elizabeth Shields,debra11@example.net,(560)779-7634,29257 Susan Ramp Suite 381,Los Angeles,USA
101,Peter Ruiz,gibsonbruce@example.net,300.565.7272x759,21675 Vickie Glen Suite 066,San Jose,USA
102,Victoria Martinez,kimberly47@example.org,001-815-708-5701,970 Brad Throughway,Phoenix,USA
103,Mrs. Courtney Perkins,ahammond@example.org,356-372-3509,2846 Brian Curve Suite 668,San Jose,USA
104,Kayla Conner,courtneyswanson@example.org,+1-826-639-7253,61152 Roberts Lights,San Diego,USA
105,Alexandria Rivera,william88@example.com,273-400-5088,8166 Nicole Camp,Philadelphia,USA
106,James Jones,nmiller@example.com,972-702-2722,1036 Brent Meadows Suite 148,Chicago,USA
107,Jennifer Jensen,xibarra@example.com,001-317-526-8298x87631,9055 Amber Light Apt. 012,San Jose,USA
108,Charles Edwards,rking@example.org,868.541.6127x2618,013 Clarke Pike Apt. 181,San Jose,USA
109,Karen Atkins,lawsonteresa@example.org,874.647.0376,5015 Donaldson Knolls,Los Angeles,USA
110,Eric Clements,jacqueline91@example.org,+1-550-810-7642x1842,3516 Mcguire Rest,Philadelphia,USA
111,Mary Simpson,alexandra02@example.net,410.802.9896x1925,40446 Schaefer Pass Apt. 235,San Antonio,USA
112,Paul Carlson,jefferystout@example.com,933.792.7308x8764,105 Angela River,San Diego,USA
113,Sarah Lucas,bautistadavid@example.org,594-201-9678x867,3524 Gamble Villages,Houston,USA
114,Anne Blair,christine05@example.org,773-956-1099x5789,40600 Thompson Glen,San Antonio,USA
115,Emily Curtis,sancheztaylor@example.com,(208)449-1918,40086 Anthony Forges Apt. 833,New York,USA
116,Steve Cummings,aaronevans@example.org,420.582.5055x024,76042 Joseph Ports,Houston,USA
117,Denise Perkins,katherine27@example.net,961.523.5144x375,49355 Green Rapids Apt. 278,Phoenix,USA
118,Tammy Warner,mckinneydaniel@example.net,001-816-607-2854x101,7424 Kayla Lane Suite 377,San Jose,USA
119,Robert Carlson,iallen@example.com,+1-557-912-3547,436 Mills Turnpike Suite 136,San Antonio,USA
120,Timothy Dominguez,crystaljenkins@example.com,7229960391,12915 Castro Stream Suite 993,Philadelphia,USA
121,Rachel Roberson,kgordon@example.net,414-959-8386,075 Hooper Lights Apt. 734,Dallas,USA
122,Christopher Wilson,clinton13@example.org,3793346871,534 Scott Creek,New York,USA
123,Richard Bailey,wilsonlisa@example.org,370.216.0167,245 Stephenson Mountains Suite 455,Houston,USA
124,Ms. Sandra Jenkins MD,jacobcortez@example.org,206-502-0956x702,792 Phillips Fort Suite 939,San Jose,USA
125,Ashley Tran,tmann@example.net,263-257-6775x309,60301 David Squares Suite 870,San Jose,USA
126,Peter Stevens,zstewart@example.org,454.254.6201x718,3639 Walters Mission Apt. 582,Dallas,USA
127,Michael Garcia,kim57@example.net,(722)851-8045x5468,971 Davis Manors Suite 205,San Antonio,USA
128,Sandra Miller,lgates@example.com,661.505.0512x6466,019 Michael Crossroad,Philadelphia,USA
129,Matthew Garcia,christinaford@example.org,+1-270-507-8799,69681 Torres Expressway Suite 389,Chicago,USA
130,Michael Holloway,pughchris@example.net,+1-581-788-1404x1633,8871 Scott Shoal Apt. 091,Houston,USA
131,Lisa Allen,ymata@example.org,+1-535-582-9038x788,036 Mark Glen Suite 408,San Diego,USA
132,Robert Benton,hebertdavid@example.com,+1-459-426-8605,646 Johnson Union,Houston,USA
133,Kyle Zamora,abrown@example.net,(862)406-0186,5743 Sanchez Isle Apt. 535,Dallas,USA
134,Jake Butler,andrew96@example.com,836-453-3162x007,27522 Shelly Turnpike Apt. 489,San Antonio,USA
135,April Cruz,erios@example.org,552-263-7760x163,474 Miller Vista Suite 283,Houston,USA
136,Kyle Meyers,nsimmons@example.org,292.940.6760x210,9523 Gibbs Isle Apt. 973,Houston,USA
137,Kelsey Hernandez,pchan@example.org,001-868-489-9567x532,83790 Hendrix Crest,New York,USA
138,Abigail Frost,mahoneymichael@example.net,665-557-9040x99040,0533 Sanchez Locks Apt. 105,New York,USA
139,Daniel Hill,vasquezjames@example.org,481.636.9051,75711 Roberts Light Apt. 000,Houston,USA
140,Leslie Dean MD,carmen95@example.org,375-669-8605x17740,0497 Justin Trail,Dallas,USA
