customer_id,name,email,phone,address,city,country
1,Danielle Hernandez,markelliott@example.org,(576)462-5507x214,08499 Brian Turnpike Suite 572,Chicago,USA
2,Katherine Carr,jacob25@example.com,+1-511-733-1426x50126,11757 Anderson Harbors,San Diego,USA
3,Brandon Bates,robertwatson@example.com,357.466.4337,684 Chase Divide,San Antonio,USA
4,Andrew Vega,austin86@example.com,(494)735-3778,5254 Molina Trace,New York,USA
5,Richard Martin,lbeck@example.com,(852)417-5921,136 Wright Manor,San Jose,USA
6,Jeffrey Vaughn,karen21@example.com,5308362267,4693 Melissa Corners,San Diego,USA
7,Ryan Whitehead,gonzaleswilliam@example.com,+1-388-461-0015x7939,7325 Carpenter Vista Apt. 971,San Antonio,USA
8,David Chung,tsteele@example.net,318.641.7092x850,379 Matthew Pine Apt. 281,New York,USA
9,Juan Sawyer,johnallen@example.org,+1-630-854-5921,3103 Stokes Gateway,San Jose,USA
10,Kyle Scott,beverlyzimmerman@example.org,(761)539-1035x40733,67393 Morris Lodge Suite 788,Phoenix,USA
11,George Davis,ellen27@example.com,(448)790-3814x1827,02975 Harold Orchard,Chicago,USA
12,Linda Herrera,melissa56@example.com,(881)967-7018x204,0629 Donald Squares Apt. 706,San Antonio,USA
13,Kayla Hardin,fjones@example.com,(392)964-2709x02785,966 White Lane,Dallas,USA
14,Sandy Thompson,itrujillo@example.org,296.823.4237x6088,319 Amy Greens Apt. 219,New York,USA
15,Kimberly Frazier,courtney61@example.org,563-924-7772x5200,10130 Fisher Cove,Phoenix,USA
16,Austin Reese,brianna59@example.org,001-758-555-1611x44195,8631 Angela Freeway Apt. 811,Chicago,USA
17,Sherri Townsend,stewartjohn@example.org,(733)403-5911,47081 Robertson Cliffs Suite 544,Dallas,USA
18,Wayne Simmons,jmontgomery@example.net,861.862.6177,0825 Hall Corners,San Antonio,USA
19,Sonia Campbell,jstout@example.net,730.480.3120x651,12629 Grant Shore Apt. 699,Los Angeles,USA
20,Joshua Diaz,mccarthyselena@example.com,+1-604-302-0510x249,948 Ryan Cape Apt. 431,San Antonio,USA
21,Justin Monroe,ljones@example.net,5874246621,77911 Christopher Inlet,New York,USA
22,Shannon Bush,gary70@example.com,495-999-1626x6784,55164 Katherine Neck Suite 447,San Jose,USA
23,Melinda Berry MD,brianna98@example.org,861-277-0391x96183,1923 Christopher Track,New York,USA
24,William Harris,qfitzpatrick@example.net,968.419.9912,56588 Christensen Neck,Philadelphia,USA
25,Penny Thomas,williamsfrancisco@example.org,667-969-5922x766,540 Palmer Spring Suite 353,Dallas,USA
26,Colleen Clay,jwoodard@example.com,454.677.0794,4501 Walter Alley Suite 675,San Antonio,USA
27,Samuel Aguilar,samanthasmith@example.com,339-447-2976,573 Shannon Plain,San Diego,USA
28,Charles Henry,mariafarmer@example.com,+1-946-688-3011,5990 Wang Hill Suite 600,Dallas,USA
29,Pamela Howell,sophiaweiss@example.net,(556)279-2694x157,250 George Valley Apt. 916,Los Angeles,USA
30,Joe Miller,caitlinprice@example.net,760-602-0646x1575,3636 Hayden Mews,Dallas,USA
31,Christina Alvarez,donnascott@example.org,7847666593,930 Holly Mount Apt. 586,Philadelphia,USA
32,Ricky Castaneda,danielfriedman@example.net,(939)336-4729,60700 Edwards Squares Suite 812,Phoenix,USA
33,Emily Adams,saraholder@example.net,740-974-5744x9632,5238 Malone Trail,Dallas,USA
34,Jordan Martin,dunnbryan@example.com,4139535410,83427 Rodriguez Plains Suite 047,Dallas,USA
35,Brenda Castro,jennifer28@example.com,001-227-868-5399x97819,389 Sanford Inlet Suite 716,San Jose,USA
36,Dr. Allen Wilkerson,fieldshector@example.net,+1-689-850-0410x1778,039 Julie Tunnel,Houston,USA
37,Mark Torres,lopezronald@example.org,7908440407,29556 Harris Parkways,San Antonio,USA
38,Jaime Terrell,hudsonmary@example.net,+1-810-404-1546x188,1121 Kyle Gardens,New York,USA
39,Shannon Powell,carolyn71@example.org,(929)301-7093x855,107 Garcia Ridges Apt. 514,New York,USA
40,Jonathan Marshall,megan13@example.org,749-667-5768x204,866 Miller Pines,Dallas,USA
41,Stephanie Morgan,michellejohnson@example.org,297.927.0899x31308,84594 Laura Cape,San Antonio,USA
42,Brian Riggs,stanleyallison@example.org,+1-732-662-4264x711,75271 Melissa Forge Suite 887,Los Angeles,USA
43,Heather Neal,harrykelly@example.net,+1-651-257-5130x3423,9910 Bowman Walks,Philadelphia,USA
44,Courtney Roman,vblankenship@example.com,(983)953-9117x587,5954 Terri Track Suite 814,New York,USA
45,Sharon Whitehead,castillorobert@example.org,(761)465-1939x77608,05784 Nicholas Fields Suite 309,New York,USA
46,Cody Lee,brooke11@example.net,+1-458-931-5738x3867,7122 Mcdowell Corner Apt. 103,Los Angeles,USA
47,Daniel Thompson,valdezalexandria@example.com,821.507.9869x3586,3441 Sims Islands Apt. 821,San Jose,USA
48,Richard Hall,rodriguezdaniel@example.net,(785)820-2484x3840,2697 Denise Meadows,San Jose,USA
49,Henry Williams,beth38@example.com,975-479-0558,56492 David Course,San Antonio,USA
50,Amber Baldwin,kcook@example.com,+1-851-766-6708x103,7022 Lauren Forest Apt. 092,Dallas,USA
51,Diana Bernard,itravis@example.org,(492)209-1446,031 Clements Harbor Suite 857,San Antonio,USA
52,Ryan Carlson,qmunoz@example.org,811-507-9844,39534 Megan Motorway,San Antonio,USA
53,Reginald Sanchez,bsmith@example.net,6899589187,152 Joshua Pines Apt. 116,San Diego,USA
54,Jasmine Franklin,thompsoncassandra@example.net,+1-512-624-9453,386 Ana Fork Suite 901,New York,USA
55,James Meyer,haynesrhonda@example.com,(783)812-2907,96784 Smith Mountains Apt. 873,San Jose,USA
56,Shawn Miller,dclark@example.net,905-424-4385x7588,8190 Daniel Passage,Houston,USA
57,Misty Green,gsmith@example.org,(250)415-1323x278,79121 Sawyer Meadow,Dallas,USA
58,Christopher Andersen,dalton60@example.net,792-322-3752x8939,266 Nathaniel Squares Suite 011,Dallas,USA
59,Teresa Chapman,thomasthompson@example.net,001-954-938-2651,55871 Joseph Canyon,Philadelphia,USA
60,Andrew Frederick,lopezreginald@example.com,(488)707-3712x11229,36063 Amanda Springs Apt. 594,San Antonio,USA
61,Katrina Aguilar,ufrazier@example.org,001-824-547-9368,9258 Chen Manors Suite 513,Los Angeles,USA
62,Misty Meyers,reedmichele@example.org,891.592.3908,2153 Sara Dale Apt. 855,Chicago,USA
63,Douglas Graham,elynch@example.org,+1-452-265-9119,6992 Parker Squares Apt. 852,San Diego,USA
64,Matthew Castillo,kenneth46@example.com,733.338.3259x96040,49210 Palmer Village,New York,USA
65,Andrea Stafford,upena@example.net,001-642-578-7472,386 Ian Motorway Suite 010,Phoenix,USA
66,Rebecca Lyons,westerin@example.org,001-678-782-9042x12270,139 Sosa Springs Apt. 401,Phoenix,USA
67,William Hendrix,cperez@example.net,001-538-853-8847x7798,6141 Mcknight Streets Suite 315,San Jose,USA
68,Brenda Francis,pjohnson@example.net,+1-478-937-5739x1128,4956 Joseph Course,Dallas,USA
69,Elizabeth Ward,chriswalker@example.net,890.878.7690x46051,707 Paul Plaza,New York,USA
70,Steven Cruz,potteredward@example.com,001-471-993-9967,17560 Johnson Knolls Suite 591,Houston,USA
71,Francis Bryant,tammy37@example.org,001-847-400-0654x74060,26639 Vanessa Route Suite 117,San Antonio,USA
72,Debra Poole,luke11@example.org,280.673.5813,7950 Ochoa Via Apt. 743,Los Angeles,USA
73,Sean Perez,gkerr@example.com,995-609-7067x839,354 Evans Falls,Houston,USA
74,Ashlee Matthews,anthony15@example.net,8033896946,385 Nicholas Wall,San Jose,USA
75,Evelyn Gonzalez,amysweeney@example.com,+1-374-980-9485x0151,19983 Wendy Mill Apt. 700,Phoenix,USA
76,Thomas Hall,lreed@example.net,001-778-658-6307x681,4623 Delgado Lock,San Antonio,USA
77,Crystal Rivera,devin66@example.com,+1-856-782-6573x6654,12024 Patricia Keys Apt. 594,Chicago,USA
78,Joseph Hampton,brandihenderson@example.net,001-781-291-1056x4779,55811 Dylan Crossroad Suite 622,Los Angeles,USA
79,David Davila,robinsonmiguel@example.org,427-871-4483x06246,238 Stevens Valleys Suite 867,Philadelphia,USA
80,Kelly Wright,lisa13@example.net,(257)298-4920x7173,6628 Carney Mission,Dallas,USA
81,Johnathan Richmond,evansjeffrey@example.net,801.253.9379x24550,58820 Belinda Mountains Suite 603,Philadelphia,USA
82,Melissa Gill,omorgan@example.net,(627)946-5695x2045,5291 Brianna Walk Suite 817,Chicago,USA
83,John King,mperry@example.com,(783)309-8383x6933,25693 Jesse Crescent Apt. 134,New York,USA
84,Gerald Collins,christopher28@example.net,(267)622-3344x29605,17295 Crystal Isle,Houston,USA
85,John Townsend,emily32@example.com,527.601.7039x48488,21238 White Dam,New York,USA
86,Kenneth Mathis,danielbrown@example.net,358.589.8874x1497,26257 Hernandez Knolls Apt. 857,San Antonio,USA
87,Charles Thomas,spencerrobert@example.org,479.502.9726,329 Castillo Coves Apt. 255,Chicago,USA
88,George Thomas,tiffanylucas@example.net,+1-704-489-5684,486 Rebecca Trafficway Apt. 638,Phoenix,USA
89,Bruce Wagner,jordan78@example.net,+1-727-950-0859,217 Wagner Mills Suite 547,Los Angeles,USA
90,Roger Brown,fgriffin@example.com,3044431007,0202 Robinson Common Suite 972,Chicago,USA
91,Christine Moore,ronnie67@example.net,(637)959-8916x373,966 Alvarez Island Suite 793,San Jose,USA
92,Jill Hunter,griffinmelinda@example.org,(716)527-5935,180 Todd Mission,Los Angeles,USA
93,Michelle Shields,vazquezdawn@example.com,511.362.8969x232,96712 Fox Loaf Apt. 945,Dallas,USA
94,Rachel Kim,alex60@example.net,(432)538-5538x8301,570 Archer Cove Suite 083,Chicago,USA
95,Tyler Williams,chunt@example.org,(798)781-7406x06480,312 Mark Locks,Phoenix,USA
96,Elizabeth Gilbert,qbrown@example.org,+1-784-885-4013x04668,00384 Jordan Terrace,San Jose,USA
97,Steven Mccormick,steven93@example.com,(696)854-9605,48107 Heidi Ways,Philadelphia,USA
98,Karen Harris,sophia16@example.org,+1-282-978-6997x04575,9454 Lisa Plaza,Dallas,USA
99,Mr. Steven Diaz,rwaller@example.com,210-277-1412,5984 Franco Locks,Phoenix,USA
100,David Allen,markhenderson@example.org,318.524.7146,487 Ralph Forks,New York,USA
101,Brittany Wong,elijahanderson@example.net,001-588-650-0356x50854,015 Michael Groves,Houston,USA
102,Jacqueline Nichols,brianscott@example.com,404-791-9248x194,092 Green Springs,Chicago,USA
103,Joseph Ellis,ftucker@example.net,310.689.4289,721 Austin Plains Suite 073,San Antonio,USA
104,Roger Martin,heather76@example.com,575-515-4248,600 Jeremy Summit,Philadelphia,USA
105,Sylvia Reed,robert53@example.org,001-612-990-0709x09449,972 Bennett Motorway,Phoenix,USA
106,Elizabeth Sosa,joseford@example.net,826.987.9727x19509,89954 Smith Lock,Chicago,USA
107,Brian Mckinney,tinapitts@example.com,697.923.6602,077 Jean Shores Apt. 674,San Diego,USA
108,Mariah Spears,hansendonna@example.net,285-341-1365,7688 Chan Station Suite 473,Philadelphia,USA
109,Matthew Hicks,jessicafisher@example.net,669-654-5159x582,1578 Victor Drives,San Antonio,USA
110,Riley Kelley,brewertimothy@example.com,253.751.1623x726,7326 Quinn Canyon Apt. 902,Philadelphia,USA
111,Miguel Mccormick,jeremiahbaker@example.net,6227121159,3356 Young Mill Apt. 878,San Jose,USA
112,Jermaine Hanson,egriffin@example.com,800-419-9687x8460,180 Brown Hills Apt. 233,Dallas,USA
113,Deanna Adkins,gomezmary@example.net,7252034196,0892 Dawn Summit,Houston,USA
114,Jimmy Haley,mspencer@example.com,(809)627-4743x725,78163 Jodi Crescent,New York,USA
115,Casey Butler,waguilar@example.net,8633939475,2858 Jason Club Apt. 159,Houston,USA
116,Connor Salazar,ashleyvega@example.net,620.818.5876,787 Flores Forest Suite 249,Los Angeles,USA
117,Bryce Gates,ryan89@example.org,532.447.4146,3905 Hansen Light,Houston,USA
118,Phillip Watkins,matthew41@example.org,001-585-551-2472,1039 Jennifer Garden,Chicago,USA
119,Melinda Jones,princecharles@example.net,650-875-0075,33508 Lisa Locks,Houston,USA
120,Karen Ruiz,fieldssheri@example.org,001-412-945-1555x167,2141 Hunter Square Suite 577,Dallas,USA
121,Rebecca Johnson,orrlisa@example.org,237.740.8026,511 Teresa Harbor Suite 995,San Antonio,USA
122,Kerry Rogers,batesdennis@example.org,+1-338-317-4236x227,8708 Donovan Rest Apt. 235,Phoenix,USA
123,Cameron Ortega,qcollins@example.com,611.691.3569x642,5160 Angela Drive Apt. 358,Los Angeles,USA
124,Billy Stein,krose@example.com,906-553-5838x5130,46652 Guerrero Loaf,Phoenix,USA
125,Samantha Choi,hlopez@example.org,891.928.2630x17338,02521 Oscar Avenue,New York,USA
126,Steven Woods,cynthiawhitaker@example.net,948.905.3249,87512 Nelson Rapid,San Diego,USA
127,Stephanie Burgess,diazstephanie@example.net,894.503.9330x586,83567 Ashley Curve,Houston,USA
128,Matthew Tyler,danielblake@example.com,+1-645-789-1751x90646,95330 Rodgers Flat,San Antonio,USA
129,Katherine Brennan,anneallen@example.net,001-660-833-5352,854 Roman Extension,San Jose,USA
130,Michael Larson,gperry@example.org,001-437-249-3052x00093,97214 Mark Terrace,Dallas,USA
131,Tiffany Nicholson,russell63@example.com,+1-365-869-9742x382,9823 Pham Ford Suite 762,Chicago,USA
132,Vanessa Moreno,emily85@example.net,(340)528-7260x89176,846 Hale Street,San Jose,USA
