customer_id,name,email,Phone,address,city,country
1,Christopher Flores,matthewchurch@example.com,+1-264-519-6633x92776,58145 Luke Tunnel Suite 742,Dallas,USA
2,Jeffrey Perry,lhartman@example.org,001-599-890-9112x1031,769 Isabel Haven Suite 795,Dallas,USA
3,Jesse Yang,valenciajennifer@example.org,966-651-6457,3993 Jason Shoals Apt. 406,Houston,USA
4,Lori Singh,brianjohnson@example.net,+1-622-922-6966x35310,2847 Mahoney Falls,Dallas,USA
5,Christopher Kidd,estrong@example.com,(819)543-9699x87220,916 Ramos Land,Houston,USA
6,John Shaw,anthonycarter@example.net,289-556-9826,23168 John Divide Apt. 988,Los Angeles,USA
7,Mark Lopez,cmueller@example.net,221.500.5969,78498 Brooke Road,Chicago,USA
8,Deborah Castillo,cathy02@example.com,+1-974-804-4650x86763,3840 Theresa Ferry,Dallas,USA
9,Eric Andrews,laura72@example.com,325-596-6148,3188 Michelle Mission Suite 795,Houston,USA
10,Peter Hernandez,alexanderchristopher@example.com,001-439-409-8768x976,670 Patrick Neck Apt. 064,San Jose,USA
11,Jason Crosby,michellerice@example.org,596.409.9001,9159 Jones Field Suite 976,Los Angeles,USA
12,Ronnie Shaw,sheltonbailey@example.org,753.760.4231x52160,643 Alexis Isle,Chicago,USA
13,Misty Smith,cynthiakeller@example.net,6518215342,49396 Carter Turnpike Apt. 660,Phoenix,USA
14,Michael Chavez,tammy87@example.net,3599717550,55036 Macias Circles Apt. 235,Los Angeles,USA
15,Kristen Walters,ycardenas@example.net,(630)334-6487x04528,434 Orozco Parkway Apt. 118,San Jose,USA
16,Summer Hill,qochoa@example.net,(944)822-6074,387 Steven Streets Apt. 672,San Antonio,USA
17,Erica Ford,weaverscott@example.com,(315)422-0249x0444,06080 Katrina Village Suite 420,Phoenix,USA
18,Lisa Carlson,misty24@example.net,4113660557,41917 Ashley Bypass,San Jose,USA
19,Howard Rojas,foxrichard@example.com,736-632-5448,444 Donna Parkway Apt. 522,San Jose,USA
20,Rebecca Flores,brianrodriguez@example.net,219.766.3557x03488,3646 Sawyer Spurs Suite 972,New York,USA
21,Wendy Adams,christopher62@example.net,001-985-752-1652,505 Gilbert Pike Suite 660,Dallas,USA
22,Francisco Moore,sarmstrong@example.net,6372904637,049 Sarah Highway,Phoenix,USA
23,Stephen Reed,mchurch@example.com,790.959.6366x3436,6090 Jason Port Suite 691,Phoenix,USA
24,Briana Wright,richardbraun@example.com,(586)877-5639,224 Justin Radial,Dallas,USA
25,Kelly Collins,cmalone@example.net,217.598.0707x321,79341 Elizabeth Rapid,Houston,USA
26,Heather Crosby,christina23@example.net,+1-995-332-5843x18972,28746 Patel Extension,Los Angeles,USA
27,Kevin Williams,michelle55@example.net,001-776-636-0221,559 Ryan Causeway,Dallas,USA
28,Elizabeth Craig,smithjames@example.org,5645080257,065 Hunt Mountains Apt. 501,Los Angeles,USA
29,Erica Krueger,vickirichardson@example.org,+1-285-238-1695x472,19945 Connor Shoal,Phoenix,USA
30,Haley Smith,bergertamara@example.org,969-425-9412x500,567 Anita Spring Apt. 678,San Antonio,USA
31,Jennifer Barton,frankmatthew@example.net,+1-489-505-3690x56774,27789 Bradley Summit Apt. 748,San Antonio,USA
32,Jill Crawford,annamcconnell@example.net,+1-753-303-9279x979,2985 David Estate Suite 026,Philadelphia,USA
33,Caitlin Brown,mgraham@example.org,001-220-464-5297,790 Aaron Landing Suite 680,Dallas,USA
34,Alicia Joseph,devin06@example.net,275-315-1655x93312,4205 Mariah Stream,Phoenix,USA
35,Tracy Fry,lauren39@example.net,878.382.0730,05379 Gay Junction,San Jose,USA
36,Shannon Harrington,ramirezkevin@example.com,+1-465-993-8694x23181,759 Park Islands Suite 392,Chicago,USA
37,Tiffany Brooks,tracey12@example.net,891.242.1858x316,3412 Moore Walk,New York,USA
38,Michael Pierce,brodriguez@example.org,001-903-577-6455x7792,935 Mills Lakes,Philadelphia,USA
39,Mark Schultz,eturner@example.com,+1-818-239-6873x6317,868 Jenna Meadows,Los Angeles,USA
40,Mrs. Theresa Waters,lcrosby@example.com,(543)690-2226x301,558 Paul Harbors,San Antonio,USA
41,Amanda Perez,chavezjames@example.org,001-416-228-4087,7271 Davis Flats Suite 223,San Antonio,USA
42,Amanda Jackson,ethangarrett@example.net,286-751-5301x1329,989 Lindsey Rapid Apt. 027,San Jose,USA
43,Lydia Mayo,gharris@example.net,(307)565-9900,286 Morgan Lane Suite 793,Houston,USA
44,Mrs. Stephanie Li,anthonymendoza@example.org,(955)667-7282,6884 Martin Bridge,San Antonio,USA
45,Scott Hunter,bonniegeorge@example.com,727-487-6844x846,89292 Craig Junction,New York,USA
46,Dylan Anderson,mprice@example.com,+1-841-733-3912,28595 Joanna Roads,Dallas,USA
47,David Rodgers,ballarddanielle@example.com,474-365-0650x859,1506 Martha Radial,Phoenix,USA
48,Amy Hoffman,sabrina10@example.com,930.657.5508x30769,036 Melissa Freeway,San Jose,USA
49,Richard Mcknight,qyoung@example.com,+1-342-540-1728,7680 Garrett Trail,Philadelphia,USA
50,Donald Armstrong,maria57@example.org,+1-372-301-1149,876 Blankenship Divide Suite 780,Chicago,USA
51,Patricia Collins,spencerrollins@example.com,001-631-691-4004x916,677 Ricky Village,Dallas,USA
52,Bonnie Walker,aaronstanley@example.org,+1-891-820-0119x143,611 Taylor Stravenue,Houston,USA
53,Edward Wolfe,christopherblair@example.net,7805832746,6582 Catherine Corner Suite 632,Phoenix,USA
54,Jonathan Benson,floresdavid@example.org,6766286467,89716 Young Greens,Houston,USA
55,Keith Perez,whiteandrea@example.com,334.367.2625x9268,350 Flores Lane Apt. 155,San Jose,USA
56,Betty Carroll,frenchkevin@example.com,320-750-5154x1896,7861 Lynn Greens Suite 219,New York,USA
57,Andrew Roman,jamessanchez@example.com,387-346-6202x023,0419 Yesenia Ville Suite 868,Los Angeles,USA
58,Jamie Davila,rjones@example.org,3634827818,674 Carter Street Suite 018,San Diego,USA
59,Heather Munoz,tjames@example.net,391-593-1722x5816,5728 Cabrera Plaza Apt. 036,Philadelphia,USA
60,Alexander Olson,khess@example.net,474.291.5870x215,1344 Brady Station Apt. 459,San Antonio,USA
61,Michele Lawrence,frazierdanielle@example.org,+1-909-661-8026x2993,960 Rush Glen,San Antonio,USA
62,Jocelyn Maynard,lcarey@example.org,584-339-8284x980,117 Wesley Mountains Suite 535,Phoenix,USA
63,Matthew Swanson,waltershelly@example.com,638.389.7978x76521,29481 Daniel Fall,San Diego,USA
64,Lori Perez,nicole17@example.org,276-483-2680x84951,826 Carson Grove,Houston,USA
65,Connie Hodges,susan85@example.org,+1-361-289-5919x870,0669 Walton Land Apt. 649,San Jose,USA
66,Sarah Bryant,jwatkins@example.net,+1-230-757-2122,526 Foley Lock Suite 813,Chicago,USA
67,John Young,pking@example.net,(385)351-1976x43062,49033 Kim Ferry,Houston,USA
68,Timothy Baker,scottcarroll@example.org,859.570.6697x729,369 Gaines Parkway,San Antonio,USA
69,Jessica Powell,pwatson@example.org,872.263.8345,958 Curry Land,San Diego,USA
70,Katie Murray,craig23@example.com,286-841-0026x0276,151 Monique Stream,San Antonio,USA
71,Shannon Reese,lisa01@example.com,233.755.3813,9380 Kristopher Fords Apt. 080,Dallas,USA
72,Mr. Christopher Lowe III,mosleymichael@example.org,+1-376-340-6611x518,07135 Joseph Point,New York,USA
73,Mark Luna,ryan77@example.com,719-397-5666x3734,823 Melissa Court,San Antonio,USA
74,Megan Stuart,pmitchell@example.org,(561)592-6394x7221,345 Michael Ways,San Jose,USA
75,Jessica Griffith,phenson@example.com,(790)401-6622,41562 Le Circles Suite 205,Dallas,USA
76,Rebecca Alvarez,lewisveronica@example.org,337.594.6340x649,178 Morgan Harbors Suite 130,Chicago,USA
77,Bridget Martinez,richardstafford@example.com,001-248-918-1747x1794,0717 Brown Flat Apt. 726,Phoenix,USA
78,Mr. Gabriel Harper,grahamjohn@example.com,+1-268-525-6739x949,656 Wesley Crossroad Suite 970,San Diego,USA
79,Gerald Hernandez,christopherrodriguez@example.com,654.581.3427x84682,89179 Anthony Lights Apt. 066,Los Angeles,USA
80,Beth Campbell,lmaddox@example.org,(553)283-4551x865,7955 Johnson Villages Suite 337,Los Angeles,USA
81,Grace Hernandez,molinamelissa@example.com,766-986-7043x566,457 Walker Lakes,San Jose,USA
82,Ethan Mcclure,davisamy@example.org,4862736511,07832 Heidi Landing,Dallas,USA
83,Natasha French,wwest@example.net,+1-610-420-2538x71615,114 Michael Crossroad,Dallas,USA
84,Ronald Good,mcdowelljulie@example.net,480-641-7180x2946,34626 Nunez Terrace Apt. 900,Houston,USA
85,Donald Reid,phyllis92@example.org,(804)260-5544x49346,1561 Cassandra Overpass Apt. 100,Phoenix,USA
86,Jose Warner,jakewilliamson@example.net,(669)880-5205x413,592 Fletcher Stravenue,Phoenix,USA
87,Andrea King,seanbest@example.net,9859235932,446 George Creek,Dallas,USA
88,Thomas Boyle,rreyes@example.net,+1-840-540-7602x5427,31723 Brooks Lodge,San Diego,USA
89,Andrea Klein,matthewsjames@example.org,(759)757-8321x19687,3846 Wang Plains,San Jose,USA
90,Caitlin Smith,lisarobertson@example.com,+1-334-902-2764x35631,8821 Gates Square Suite 219,Philadelphia,USA
91,Nathaniel Noble,santosjustin@example.org,+1-801-722-2841x35167,09591 Maria Motorway Suite 001,Dallas,USA
92,Jason Casey,benjaminflores@example.com,2627242326,23529 Moss Glens,Los Angeles,USA
93,Sean Leon,bmccoy@example.com,781-303-9963x257,58563 Timothy Forest,Dallas,USA
94,Robert Costa DVM,angelica81@example.net,+1-767-592-1799x39640,80465 Jerome Road,San Antonio,USA
95,Brian Diaz,theresaking@example.org,(602)671-0093,1575 Sabrina Field,Houston,USA
96,Brianna Smith,choialexander@example.net,(206)259-2312x013,63883 Underwood Centers,Chicago,USA
97,Jimmy Bender,thomas50@example.org,(332)680-3219x47362,46980 Larson Prairie Apt. 809,San Jose,USA
98,Ryan Chandler,teresa03@example.org,920-695-4468x75757,12762 Chelsea Shoals Apt. 954,San Antonio,USA
99,Jason Robinson,baileymichael@example.net,764.630.8043x343,1543 Anderson Tunnel Suite 697,San Antonio,USA
100,Donna Johnson,huntsarah@example.com,001-201-614-4140x0081,67559 Lee Circle Apt. 577,Houston,USA
101,Erik Castro,campbelljessica@example.com,576.749.5755x288,126 Renee Trace,Phoenix,USA
102,John Smith,michael89@example.com,7252576424,90235 Johnson Neck Apt. 489,Houston,USA
103,Bradley Grant,cjones@example.net,780.411.1259,453 Sarah Manors Suite 826,San Diego,USA
104,Glenn Myers,raymondpope@example.com,797.792.7850x79105,9837 Taylor Island,Houston,USA
105,Crystal Mendoza,todd25@example.com,979.696.0720x7775,575 Julie Grove Suite 571,Dallas,USA
106,Rebecca Jensen,alexandra33@example.net,365-512-0172x11098,6999 Wayne Camp,San Diego,USA
107,Tina Greer,blackangelica@example.org,001-994-247-7082,081 William Course Apt. 244,Chicago,USA
108,Heidi Nelson,robertmiller@example.net,001-574-231-4804x99697,58488 Price Green,Houston,USA
109,Sarah Smith,zhangmisty@example.net,001-692-704-8629,9738 Martin Shores,New York,USA
110,Brian Lynch,woodsdawn@example.net,001-915-907-1866x01484,4844 Gabriel Prairie,Los Angeles,USA
111,Marisa Khan,sophiafox@example.org,+1-202-686-8872x301,9689 Schneider Landing Suite 510,San Jose,USA
112,Heidi Miller,daughertycynthia@example.org,512-232-3302x15682,83252 Contreras Mall Suite 220,San Antonio,USA
113,Shawn Wright,suttonsarah@example.net,+1-711-588-8688x738,524 Andrews Isle Suite 493,Philadelphia,USA
114,Timothy Winters,fishergabrielle@example.net,839-493-1545x7478,73176 Willis Station,New York,USA
115,Tracy Parker,ginaclay@example.com,(944)982-5151x14813,9332 Scott Curve,Phoenix,USA
116,Peter Taylor,walkerrenee@example.org,629.589.8712,13153 Stuart Ferry,New York,USA
117,Jenna Mccarthy,amber80@example.org,475-456-5433x5984,74436 Lopez Skyway Suite 446,Phoenix,USA
118,Edwin Hall,pfuentes@example.com,001-609-428-5435,2444 Jacqueline Meadow,Houston,USA
119,Suzanne Robles,barreraerica@example.org,7264612834,675 Miller Circles Suite 910,New York,USA
120,Michael Stevenson,sgardner@example.net,949.553.9010x5554,52552 Velazquez Manor,Chicago,USA
121,Kelly Nielsen,miguel12@example.com,+1-657-791-5536x96018,36051 Harris Rue Suite 623,San Diego,USA
122,Lori Perez,nicholaschapman@example.net,(876)652-8681,870 Aaron Shores,Chicago,USA
123,Joyce Wilson,bfrazier@example.org,(515)616-0681,18118 Shane Circles Suite 542,Houston,USA
124,Karen Ballard,morgansimmons@example.org,+1-299-246-5584x7395,8978 Mccormick Falls Suite 555,Los Angeles,USA
125,Bryce Nelson,tjohnson@example.com,922.257.5863x48428,5979 Moore Green,Philadelphia,USA
126,Amy Conner,brianwilliams@example.net,001-392-237-1015x204,199 Becky Locks Suite 181,Philadelphia,USA
127,Patrick Weber,wallacekatelyn@example.org,(614)200-5195x74770,787 Pamela Fall,Phoenix,USA
128,Steven Cruz,jholland@example.net,(445)480-6769,587 Johnny Stream,San Diego,USA
129,Patricia Logan,jonesdouglas@example.net,582-295-3635x929,0616 Pierce Avenue,Houston,USA
130,Diana Sims,devinmata@example.net,001-512-224-2224x888,1551 Chris Pike,San Diego,USA
131,Linda Riddle,linalexandra@example.com,813-589-0204x5311,30194 Mary Plains,San Jose,USA
132,John Powers,usmith@example.org,(622)298-9187,491 Carol Ford Suite 717,San Antonio,USA
133,Amy Sanchez,patrick89@example.com,3498634056,2947 Kyle Road Apt. 224,Houston,USA
134,Michelle Brown,xrose@example.net,452-946-8037x318,27340 Andrew Trail,San Diego,USA
