customer_id,name,email,phone,address,city,country
1,Susan Simon,joesimpson@example.com,881.549.5157x1143,495 Mercer Row,San Antonio,USA
2,Jeffrey Beck,patriciajohnson@example.com,217-708-9937x5313,117 Allison Port,Los Angeles,USA
3,Randy Thompson,christopher84@example.net,001-341-375-8988x306,1395 Bowen Keys,San Jose,USA
4,Linda Greer,eric27@example.com,001-894-240-8500x1747,05521 Brock Mountains Suite 276,New York,USA
5,Kevin Reeves Jr.,xdennis@example.org,965.245.0968x8806,662 William Squares Apt. 928,Chicago,USA
6,William Dixon,christophersmith@example.com,+1-567-788-0427x45448,576 Summers Pines Apt. 776,New York,USA
7,Bailey Mitchell,brooke58@example.com,(378)747-1144x6442,05252 Kyle Forge Suite 797,Phoenix,USA
8,Kelsey Lynn,timothy50@example.net,001-784-861-3185,708 Alexandra Well,Philadelphia,USA
9,Lisa Robinson,jamesmorris@example.com,422.322.8582x582,4047 Tina Keys Suite 360,New York,USA
10,Teresa Lawrence,joseph89@example.net,(991)567-1686x14329,1781 Steven Center,San Jose,USA
11,Laura Brown,annettejohnson@example.org,827.504.2835x6543,693 Smith Parks,San Diego,USA
12,Stephen Robinson,williamsdaniel@example.com,703.596.0742,21127 Ramirez Trail,Philadelphia,USA
13,Lawrence Blackwell,ryandestiny@example.net,(458)468-8667x29400,402 Julia Forks Apt. 578,Dallas,USA
14,Amy Wood,fpeters@example.com,706.973.6330x267,067 Kimberly Ports,Los Angeles,USA
15,Elizabeth Gibbs,lorraine01@example.net,(554)303-3209x2188,43833 Meyer Prairie,Phoenix,USA
16,Dr. Elizabeth Dawson,whenry@example.net,7445830010,5314 Robert Skyway,Los Angeles,USA
17,Bryan Mcfarland,odunn@example.org,(385)560-6694x3758,445 Chelsea Parkway,Los Angeles,USA
18,Kelly Elliott,carterrebecca@example.org,(529)743-9434,152 Davis Circle,Philadelphia,USA
19,Sarah Holt,coreygarcia@example.net,001-841-466-3074x6721,09899 Patterson Fords,Houston,USA
20,Marissa Murray,smithchristine@example.org,961.290.9100x3944,0349 Cathy Orchard,Los Angeles,USA
21,Daniel Kirk,stantonalyssa@example.org,(870)840-6197,9007 Turner Crossroad Suite 318,Chicago,USA
22,Martin Jackson,jharris@example.org,680-623-0102x391,24455 Baker Landing,San Antonio,USA
23,Ms. Monica Stevens,eric97@example.org,(992)603-0293,740 Walker Way Suite 465,Philadelphia,USA
24,Sandra Carlson,adam91@example.com,(861)903-6286,8071 Mills Glen Apt. 812,Los Angeles,USA
25,Edward Farrell,jerry34@example.org,460-307-1345x514,6798 Aaron Freeway Suite 947,San Jose,USA
26,Amanda Smith,veronica36@example.com,+1-273-921-6472x9167,45703 Brian Meadows Suite 399,Dallas,USA
27,Brandy Rhodes,shannonhunter@example.org,+1-477-210-2190x23158,331 Bryan Rapids Apt. 518,Phoenix,USA
28,Lisa Brown,chris44@example.com,001-830-703-2600x9317,940 Edward Forest Apt. 631,Dallas,USA
29,Kendra Tucker DDS,emilyhall@example.net,001-954-972-9819x858,477 Calhoun Station Apt. 569,Philadelphia,USA
30,Michelle Burns,davidpalmer@example.com,254-639-2662x85963,6599 Clark Field Suite 336,Houston,USA
31,Audrey Carroll,wesley83@example.org,001-615-946-0384x6125,966 Butler Turnpike Suite 806,San Diego,USA
32,Savannah Robinson,peterporter@example.net,9434577718,8229 Prince Valleys Suite 173,Houston,USA
33,Ryan Brown,tracy82@example.com,525-521-1257x077,97175 Short Fort Apt. 507,Houston,USA
34,Kenneth Smith,deanna73@example.org,834-343-8469x4497,05936 Ethan Drives,Houston,USA
35,Michelle Macias,matthew52@example.org,365-846-3321x3176,1658 Wade Radial,San Diego,USA
36,Cathy Evans,courtneygolden@example.com,(617)615-8057x93577,8771 Kelley Centers Apt. 768,Chicago,USA
37,Rebecca Young,heather67@example.com,763.918.0139,63979 Haley Park Apt. 566,San Diego,USA
38,Jason Lee,melissa15@example.net,001-991-479-0032x5108,56916 Yates Junction,Phoenix,USA
39,Alex Palmer,jonesbrian@example.net,001-644-313-9332x7226,55577 Thompson Shores Suite 010,Houston,USA
40,Oscar Jackson,thomasolson@example.org,+1-370-543-6447x23154,222 Thomas Row,New York,USA
41,William Greer,greenadam@example.org,(513)645-1966,0995 Harvey Drive Suite 090,New York,USA
42,Eric Phillips,christophersmith@example.org,916-829-7077,472 Guy Streets,San Antonio,USA
43,Amber Foster,vdoyle@example.net,4917067753,80205 Dwayne Manor Apt. 032,Houston,USA
44,Justin Kelley,qchambers@example.net,001-846-434-4451,305 Willis Creek Apt. 966,Chicago,USA
45,Shaun Cohen,bfox@example.org,001-839-307-8811,97421 Turner Spring,Houston,USA
46,Sheila Irwin,christopherfernandez@example.org,359.403.4181,37092 Vasquez Mountain Apt. 264,Philadelphia,USA
47,Sherry Pearson,harrelledward@example.org,(250)200-1715x2363,5190 Michael Glens,Dallas,USA
48,Jackson Sosa Jr.,nnguyen@example.com,2619794300,8297 Lindsey Mission,San Antonio,USA
49,Brandon Guzman,sarahbarton@example.org,576-941-2402x6758,96305 Brenda Stream Apt. 232,San Jose,USA
50,Gabriel Moody,erindiaz@example.net,564-918-0431,566 Lopez Square,New York,USA
51,Barbara Reyes,wongkatie@example.org,(987)682-4328x149,938 Taylor Pine,Phoenix,USA
52,Randall Rodriguez,stephanie35@example.org,438-677-1335x732,15299 Kimberly Corner Apt. 946,Los Angeles,USA
53,Kenneth Mata,lawrencenichole@example.org,(833)532-3281,060 Gray Trail Apt. 272,Philadelphia,USA
54,Matthew Brown,bonnie66@example.org,819.200.4616x567,177 Sean Corners Apt. 776,Houston,USA
55,Katelyn Brown,penaadam@example.net,001-698-706-4189x54322,223 Thomas Land Apt. 529,Phoenix,USA
56,Tiffany Jones,qandrade@example.net,(884)917-8103x89425,3888 Chen Road,Dallas,USA
57,Deanna Todd,michelleswanson@example.org,(709)837-9719x53755,490 Morgan Ridge,Phoenix,USA
58,Danielle Young,edwin97@example.org,(357)523-8849,7672 Gavin Squares,Chicago,USA
59,Kathleen Perez,kelly14@example.org,+1-358-493-4795x376,8513 Anthony Square Suite 333,San Antonio,USA
60,Connie Webb,espinozajudy@example.net,640-610-2401x42491,78534 Erik Drive,Los Angeles,USA
61,Miss Stefanie Hunter,vsparks@example.net,+1-415-289-2155x591,119 Heather Falls Suite 888,Los Angeles,USA
62,Nicholas Friedman,sarah94@example.com,330.252.2710x999,10562 Kerri Mountain,Phoenix,USA
63,Deborah Rodgers,callahanwesley@example.com,+1-748-265-6924,0711 Phillips Walk Suite 566,Chicago,USA
64,Stephanie Gardner,walkerryan@example.net,(219)288-5605x514,2476 James Roads Suite 038,Chicago,USA
65,Michael Glenn,leebrittany@example.net,+1-837-826-9665,5873 Chelsea Village,Chicago,USA
66,Travis Miller,barbermatthew@example.org,721-284-1144,69206 Ryan Crescent Suite 852,San Jose,USA
67,Christopher Gibson,jasonhuynh@example.org,001-497-563-4265x671,2518 Lewis Cliff,San Diego,USA
68,Kimberly Williams,michael47@example.net,843-678-1307x203,665 Anthony Pike Apt. 516,Chicago,USA
69,Brent Wolfe,scottjohnson@example.org,001-323-748-3355x42727,959 Emma Manor Suite 602,Dallas,USA
70,Emily Bowers,barbara76@example.org,001-381-939-3624,849 Wu Cape,Philadelphia,USA
71,Matthew Love,woodelizabeth@example.net,(339)630-3006,0859 Annette Knolls Apt. 902,Philadelphia,USA
72,Roger Pollard,deborahwilliams@example.com,+1-375-623-4748x00387,42029 Christina Corners Apt. 288,Phoenix,USA
73,Donna Lindsey,tonyroberts@example.com,+1-924-664-6877x3242,151 Stone Harbor,Houston,USA
74,Carol Gomez,masonjordan@example.com,001-589-242-7455x61775,192 Erica Passage Suite 297,Chicago,USA
75,Sarah Davis,deleonmark@example.org,212-808-0267x36528,4422 Hamilton Isle Apt. 293,Chicago,USA
76,Diana Jacobs,jamesphillips@example.com,3565748313,47248 Wilson Mission,San Diego,USA
77,Michael Gardner,robertthompson@example.com,+1-649-529-0245,693 Hood Village Apt. 614,Phoenix,USA
78,Steven Conway,coxhelen@example.net,+1-541-944-6174x807,54958 Norman Field Apt. 552,Houston,USA
79,Deanna Gillespie,stevenjensen@example.org,(913)436-9099,0991 King Ville Apt. 259,Dallas,USA
80,Michael Wilson,adrian45@example.net,001-232-340-8160x9261,217 Glenn River,New York,USA
81,Brian Bennett,jordanrichard@example.net,+1-871-718-8835x705,58350 Soto Pass,New York,USA
82,Michael Blackwell,juliecruz@example.net,275.913.1356,373 Ashley Radial,San Jose,USA
83,Paul White,josephramirez@example.com,902-364-2986,0219 Christine Rapids,San Antonio,USA
84,Brandon Shields,johnmay@example.com,001-803-526-9674x77561,52879 Debra Street Suite 208,Dallas,USA
85,Cindy Kennedy,dale20@example.net,972-747-1191x444,979 Nancy Inlet,San Diego,USA
86,Breanna Bentley,kpotter@example.net,639-602-7948x510,2740 Swanson Bridge,San Diego,USA
87,Christopher Newton,jessicalynch@example.org,+1-417-697-2079,58022 Gonzales Mills,San Jose,USA
88,Natalie Hinton,kevingrant@example.com,592.555.2149,652 Christopher Overpass Apt. 210,San Diego,USA
89,Erik Potter,leejessica@example.org,+1-483-640-9293x2759,54152 Brian Hill,Dallas,USA
90,Lydia Adams,williamsonjennifer@example.net,5958504463,891 Osborne Avenue Apt. 643,Dallas,USA
91,Amanda Thompson,april22@example.net,+1-600-922-5314x71586,995 Thomas Trail,Philadelphia,USA
92,Jared Pittman,williamsmichelle@example.net,001-246-276-7713,892 Michael Junction,New York,USA
93,Courtney Lewis,daniellefisher@example.org,+1-641-242-1858x99809,722 Amy Rapids,San Jose,USA
94,Terry Garcia,ksantos@example.org,551.927.8535x2013,176 Brooke Estate,San Diego,USA
95,Brittney Owens,mrush@example.com,305.942.4330,895 Johnson Throughway Suite 708,San Diego,USA
96,Brittany Li,smithalexander@example.com,(653)960-5065x7119,4108 Thompson Trail,San Antonio,USA
97,Miguel Walsh,floresdarren@example.net,001-950-317-2010x04110,642 Gloria Street Suite 772,Philadelphia,USA
98,Chelsea Smith,elijahzimmerman@example.com,001-554-323-2052x5471,810 Christian Knoll Apt. 176,Phoenix,USA
99,Sean Spence,christie55@example.com,(709)720-5177,394 Derek Camp Apt. 212,Dallas,USA
100,Monica Lopez,ievans@example.net,560-346-4153x9993,10742 Ortega Mall Apt. 611,Los Angeles,USA
101,Karina Williams,cwells@example.net,+1-901-344-2311x54538,880 Virginia Mills,Chicago,USA
102,Ashley Rodriguez,uflynn@example.net,889.971.4664,821 Bryant Station,New York,USA
103,Christina Davis,nicole33@example.org,321.325.1500,569 Benjamin Meadows,San Diego,USA
104,Kari Calhoun,kfisher@example.com,5172699057,93557 Smith Lakes,Houston,USA
105,Mark Cooper,samanthapatterson@example.org,001-695-575-6116,07505 Hart Stravenue,Los Angeles,USA
106,Allen Roberson MD,mary07@example.com,(767)990-5102x52281,581 Moore Rue,Philadelphia,USA
107,Kathleen Case,swilson@example.com,896.728.3927x6522,372 Matthew Tunnel,San Diego,USA
108,Carla Johnson,brenda62@example.org,+1-326-525-5414x38719,52470 Karl Coves Apt. 846,New York,USA
109,Scott Molina,moniquejordan@example.org,558.307.1219,6934 Jacob Ranch Apt. 529,Chicago,USA
110,Michelle Harvey,beverly19@example.net,901.300.9370x7616,879 James Island,San Jose,USA
111,Karen Bailey,charles84@example.org,404.826.9105,7560 Wheeler Harbors,New York,USA
112,Robert Butler,albert33@example.net,736.431.5450,25120 Nicole Shore,San Jose,USA
113,Suzanne Morris,huffmanmargaret@example.org,001-330-815-7801x85958,6226 Matthew Walks,New York,USA
114,Michael Ayers,rjohnson@example.org,870.570.0221,335 English Mountains,San Diego,USA
115,Brian Middleton,xsmith@example.net,001-224-940-2085x9738,809 Anita Wells,Dallas,USA
116,Austin Morrison,christine22@example.org,(962)628-8189x73260,0402 Robert Roads Apt. 890,Houston,USA
117,Meagan Salazar,xsmith@example.org,7886399605,385 Anna Mills Suite 442,San Diego,USA
118,Brenda Mcdonald,beckrichard@example.net,368-203-4883,31397 Bryan Circle Suite 026,New York,USA
119,David Castro,zscott@example.org,216-569-3978,6535 Rivera Drive,San Jose,USA
120,Jordan Garcia,lynnfigueroa@example.org,843-384-2952,3611 Rodriguez Creek Suite 454,Dallas,USA
121,Bethany Short,ramosmark@example.com,+1-438-478-4634x29675,3324 Jesus Common,San Jose,USA
122,Stephanie Delgado,jamesfrancis@example.net,988-480-2137,19977 Jason Wells Apt. 402,San Jose,USA
