email,employee_id,department,salary,name,phone
travis77@example.org,1,Sales,85796.83,Victor Santos,+1-398-615-9945x107
carlospoole@example.com,2,Sales,33092.67,Adrian Haley,+1-229-312-8889
nbell@example.net,3,Sales,97544.6,Melissa Morales,001-569-943-3829
griffinwilliam@example.com,4,Marketing,46300.85,Stephanie Robinson,+1-370-412-3457x58339
richardsonronald@example.com,5,Marketing,62067.76,William Silva,727-989-9087x8455
cclark@example.net,6,Sales,31360.83,Joshua Martin,671-981-8260x36824
emily43@example.com,7,Finance,63851.62,Dr. Jason Reyes,529.399.3076
bobby94@example.org,8,HR,32382.65,Cheyenne Chang,(874)711-3768
jennifermarshall@example.net,9,IT,52237.98,Diane Roberts,5812183270
moranlaurie@example.net,10,IT,43857.82,Douglas Hahn,488.386.8178x014
lindsey11@example.org,11,IT,60624.29,Travis Whitehead,3868655541
hoffmanruben@example.net,12,IT,72744.81,Hayley Kennedy,739-690-6542
edgar12@example.net,13,IT,78446.34,Rose Williams,+1-275-882-0579x513
hjohnson@example.net,14,IT,81237.4,Karen Cervantes,563-917-1709
riveramatthew@example.net,15,HR,68701.99,Janice Mays,(317)351-6791x18684
jennifer62@example.org,16,Sales,46277.32,Tyrone Pham,(486)226-4882
warderin@example.org,17,HR,93465.16,Thomas Mendez,2167725393
jason35@example.org,18,Sales,72817.75,Thomas Garcia,+1-250-585-0724x18696
ncook@example.org,19,IT,89988.88,Jeremy Long,427.811.5115
timothy37@example.org,20,Finance,90285.77,Caitlin Boyd,478-518-6972
jeff00@example.com,21,Sales,91900.92,Connor Evans,001-802-637-4110x2517
istokes@example.net,22,HR,92595.77,Denise Anthony,2414496306
michael21@example.org,23,Sales,75098.03,Monica Lewis,+1-926-960-8743x3009
jonathanmendez@example.org,24,IT,64025.21,Kristy Johnson,+1-614-450-7316
stephenmartinez@example.org,25,IT,42957.71,Sean Flores,582-307-6711
simpsonchristopher@example.net,26,Finance,88816.54,Margaret Stephens,745-247-7740
fpollard@example.org,27,HR,51621.43,William Clark,+1-581-910-5434x185
jkeller@example.org,28,Marketing,34489.92,Angela Harris,(921)742-5749
hintonjocelyn@example.org,29,IT,35452.92,Carolyn Gonzalez,9142554224
gharris@example.org,30,IT,69291.32,Bradley Conrad,901-656-8122x597
ramirezamanda@example.net,31,Sales,83037.68,Stephanie Hamilton,001-346-445-9227x9086
mjones@example.net,32,Finance,73751.32,John Lewis,001-631-957-6929x04554
cfisher@example.org,33,HR,48117.78,Tyler Simmons,(988)501-7531x5692
jeffreyanderson@example.com,34,HR,51137.01,Emily Mcdaniel,824-851-5787
stewartjames@example.com,35,Marketing,81573.67,Michelle Jones,228-927-6563
crystalfrye@example.net,36,HR,81386.61,Mr. Michael Harris,(292)227-4227
sonyasawyer@example.net,37,Finance,87404.54,Stephanie Stevens,001-755-923-3151x959
donald88@example.net,38,Marketing,49831.95,Amanda Simmons,604.329.9257x215
nicholas17@example.com,39,Marketing,44486.42,Mr. Aaron Davis,(446)757-0915x0702
lorimorris@example.com,40,Sales,81401.39,Matthew Alvarez,001-647-807-6733x766
tylerfisher@example.com,41,Sales,97998.58,John Hill,224.622.4277x871
wclements@example.org,42,Marketing,68958.28,Jessica Gillespie,3694625724
brandon92@example.org,43,Sales,80992.78,Keith Burgess,+1-948-939-9165x8643
xharris@example.net,44,HR,49285.22,Mrs. Patricia Wood,+1-714-676-6948
kevin01@example.com,45,Sales,88268.29,Amber Schroeder,(387)671-6350
taylor06@example.net,46,IT,74910.53,Mary Payne,(425)312-2246x8800
mmayo@example.org,47,Sales,35780.51,Joshua Smith,+1-444-232-1538x48108
ian18@example.com,48,IT,64637.49,Emily Campbell,+1-951-383-4262x1835
sabrinachaney@example.org,49,Finance,75925.33,Maria Smith,323-626-5933
vcastillo@example.org,50,Sales,76639.71,Christopher Johnson,440.555.9048x31486
kristin57@example.com,51,HR,39481.3,Ashley Brown,001-216-635-3740
ssmith@example.net,52,IT,63941.24,Jackson Weiss,(598)522-8713x3109
ayalajessica@example.org,53,IT,43492.49,David Hart,736-909-9835x22028
angela56@example.org,54,Marketing,87128.0,Donna Leach,(937)786-5380x03022
ericmoore@example.net,55,Finance,41289.85,Scott Nunez,001-992-376-7466
patriciamaldonado@example.com,56,HR,53989.88,Natalie Curry,+1-671-516-8137
ernest24@example.net,57,Sales,81874.88,Lauren Fernandez,+1-580-220-9577x653
elizabethberger@example.net,58,Finance,47382.35,John Henry,731.980.4775
ramirezjordan@example.org,59,Finance,39742.79,Tony Smith,291.310.8881
doyledean@example.com,60,HR,93127.86,Cristina Martin,842-633-7889x155
vnewton@example.net,61,Marketing,93775.36,Morgan Gomez,932.863.8570x7730
ashley37@example.net,62,HR,33880.77,Megan Barnes,236.679.4560
ruben49@example.org,63,Sales,89467.23,Phillip Brown,+1-560-998-5493
dwells@example.net,64,Sales,82181.38,Denise Hall,(283)297-9827
williammills@example.com,65,HR,64069.76,Allen Combs,001-330-290-3361
jessicabecker@example.org,66,IT,87401.72,Roberto Baker,(934)990-9643x4065
arobles@example.org,67,IT,84536.94,Christine Reed,001-899-816-0708x7488
vgreen@example.org,68,Marketing,49924.89,Elizabeth Bartlett,319.438.7560
kjohnson@example.net,69,Finance,52492.75,David Griffith,935.874.0855x67998
douglasjesse@example.net,70,IT,53621.24,Margaret Patterson,+1-393-578-4254
kennethbrown@example.org,71,IT,54531.77,Darin Austin,727-805-9229x730
toddhammond@example.org,72,Finance,59878.84,Michael Pham,001-780-545-6916x465
bakerbrian@example.com,73,Finance,49665.8,Edward Thompson,547.558.3960
carl85@example.org,74,Finance,87542.62,Alexandra Payne,251-387-2547x60507
lisamartin@example.org,75,Sales,37362.1,Roger Kelly,+1-482-739-5069x926
john23@example.net,76,Marketing,44294.28,James Medina,342.572.7827x1909
gregoryday@example.com,77,Sales,70086.1,John Richardson II,+1-550-298-9297
courtneyhernandez@example.net,78,Sales,53431.9,Amanda Nelson,302-747-3959
robert50@example.net,79,Finance,85211.34,Jennifer Holden,837.815.4627x56744
hoffmanricky@example.net,80,Sales,39324.74,Ashley Mccoy,+1-492-647-2241
deannacarroll@example.net,81,Sales,65758.33,George Hoffman,809-516-0861x5762
tracy90@example.org,82,Finance,84353.87,Katherine Wise,285.473.1238x2441
daniel90@example.net,83,HR,84824.58,Thomas Rodriguez,+1-876-456-4782
yuteresa@example.com,84,Finance,59805.62,Paul Davis,001-337-539-8518x0615
bharris@example.net,85,IT,65830.4,Janet Moreno,381.309.1625
justincharles@example.net,86,IT,94209.7,Monica Green,(622)463-7766x574
katelyn63@example.com,87,Marketing,40851.1,Christopher Anderson,001-319-545-5595x43405
charleskeller@example.net,88,IT,78348.0,Michael Wallace,(703)341-7170
jwilson@example.org,89,Marketing,76334.2,Benjamin Middleton,+1-758-239-2091x47672
leslierogers@example.net,90,Sales,45338.3,Mrs. Sharon Owens,875.204.9382
martinezrandy@example.net,91,Finance,66143.75,Megan Hall,001-883-675-0753
moorejacob@example.com,92,Marketing,32151.75,Katherine Hudson,+1-888-323-3251x92827
xscott@example.org,93,Sales,72629.08,Sean Melendez,212.200.2485
kayla02@example.com,94,HR,84553.68,Lori Smith,9413324707
shahn@example.net,95,Sales,61905.22,Kevin Hill,(967)277-9426
zwilliams@example.org,96,IT,56063.98,Tonya West,001-761-879-3727x532
lchase@example.net,97,Finance,88552.86,William Page,+1-428-903-8731x99335
timothymurphy@example.net,98,Sales,49725.92,Shelley Blanchard,+1-706-584-7785x169
rholmes@example.net,99,Finance,99144.53,Alicia Miller,+1-400-497-8937
clowe@example.org,100,Marketing,93351.93,Scott Lopez,912.257.6285x06935
michaelduncan@example.org,101,HR,72909.42,Robert Flores,520.755.4688
russell22@example.net,102,IT,73283.96,Abigail Bates,+1-342-807-7456
paulwalker@example.net,103,Sales,80340.71,Paula Adkins,+1-238-280-7323
collierkyle@example.org,104,Sales,32371.39,Tyler Khan,(306)562-1184x849
brendamartin@example.com,105,Finance,99727.62,Cheryl Gill,(666)310-8017x5318
marthaedwards@example.org,106,IT,57878.55,Keith Hill,9754600557
morrowjoy@example.net,107,Finance,43925.6,Frank Orr,001-340-701-4099
christopher49@example.org,108,Sales,64764.7,Laura Baker,6484112798
pmeza@example.org,109,IT,79183.35,Jennifer Harris,001-842-366-8290x57444
sharpkatherine@example.com,110,HR,67193.18,Nancy Robertson,(860)473-1363x68938
mjohnson@example.org,111,Sales,70150.26,Sarah Davis,+1-342-916-8545x35128
connie12@example.com,112,HR,40634.62,Jonathan Rivera,001-751-866-8171
garrettdaniel@example.net,113,Sales,49572.07,Jacob Scott,279-654-6632x0380
mmontgomery@example.net,114,Sales,87672.95,Stephanie Williamson,+1-807-942-0495x4133
jason31@example.net,115,Sales,31955.12,Steven Brandt,+1-701-732-0168x77481
cassandra06@example.net,116,Sales,63929.82,Caroline Hernandez,651-250-7520x5895
thomasfrederick@example.net,117,Finance,70593.98,Michelle Murphy,+1-705-425-6039x23485
sthomas@example.net,118,HR,79398.15,Rachel Mueller,001-328-902-6684x7232
vlee@example.com,119,Sales,30249.71,Paula Barnes,365-932-6225x142
rpacheco@example.org,120,Marketing,72028.28,Kimberly Zimmerman,298.224.1129
wcox@example.net,121,HR,70434.5,Sandra Duarte,490.475.6432
petersonkevin@example.net,122,IT,51257.3,Janet Wong,001-725-974-7899
kim56@example.org,123,HR,69881.86,Sara Allen,001-675-850-2930x44429
lydia15@example.net,124,HR,77373.73,Joshua Blankenship,553-383-7682
rubenreid@example.com,125,Marketing,70466.28,Victoria Evans,4136744304
oliviarodriguez@example.org,126,Marketing,32464.33,Adam Hernandez,+1-415-240-7468
michellefloyd@example.org,127,IT,65696.5,Dr. Sara Harris,+1-465-795-8998
curtismitchell@example.com,128,HR,76517.28,Mary Tapia,951-990-3409x7193
robertnixon@example.org,129,Finance,36718.54,Heather Malone,(233)920-2120x000
mathewslaura@example.net,130,Sales,79212.69,Audrey Smith,+1-928-881-2833x276
sara32@example.com,131,HR,58038.88,William Ochoa DDS,217-276-7270x6387
lawrence79@example.org,132,Marketing,86591.89,Ronald Berry,545.401.4100
yvettemoore@example.com,133,IT,63858.56,Justin Caldwell,667.860.7323x41174
charles33@example.net,134,Finance,43329.22,Kimberly Cannon,757.972.7257
banksmichael@example.org,135,HR,90291.46,Samantha Torres,235-251-8918x402
robertsdonald@example.com,136,Sales,57784.17,Derrick Jones,4339973463
lowetammy@example.net,137,Finance,75925.29,Edwin Snyder,(410)599-4602
byates@example.com,138,HR,89753.04,Richard Jimenez,394.725.5929x950
yorkmichael@example.net,139,Sales,38660.45,Shelly Golden,001-835-771-5803x228
