employee_id,name,email,phone,department,salary
1,Bryan Long,dlopez@example.net,895.418.3446x233,IT,52932.63
2,Debbie Silva,welchjacob@example.org,001-629-684-6987x7069,Sales,37197.78
3,Jason Burgess,tdaniel@example.org,(874)695-7554,IT,55389.39
4,Edward Bates,newmanbonnie@example.org,(462)249-6562,Sales,61360.59
5,Michelle Miller PhD,tommy74@example.net,485-694-8447x92999,Marketing,79347.04
6,Michael Lewis,thomasdonald@example.net,274-511-0955x0723,Sales,40449.72
7,Audrey Garrett,garyporter@example.org,223-407-5701x8285,Marketing,37358.23
8,David Moses,phamilton@example.net,001-899-561-4433x347,IT,76119.01
9,Mr. Anthony Leonard,combsmichelle@example.net,9534050992,IT,64563.64
10,Douglas Powell,cmurphy@example.com,+1-585-835-7984x5388,IT,37979.82
11,Gabriella Brooks,morenogary@example.org,001-704-650-8236,Sales,46280.78
12,Johnny Patterson,gwilliamson@example.net,581-966-8126,IT,85832.49
13,Alyssa Miller,michele04@example.com,704-981-1195,Marketing,58687.88
14,Patrick Miller,danielle75@example.org,698.320.8424,Sales,50171.12
15,Robert Rosario,oclark@example.com,732.412.0925,Marketing,30233.33
16,Emily Noble,angela03@example.com,605-715-8306x9994,Finance,54231.29
17,Lauren Walters,tyler45@example.net,001-638-513-8411x377,Finance,67017.27
18,Casey Carson,stricklandkrystal@example.org,(389)954-2289,Sales,67338.29
19,Alejandra Farmer,brianshelton@example.net,(842)266-5668x1668,Marketing,55502.09
20,Jodi Nelson,joann82@example.net,606.625.6515,Sales,60817.62
21,Jay Lynch,theodorescott@example.net,913.440.6775,IT,75441.62
22,Taylor Perez,matthewpineda@example.net,4859297553,Finance,41377.05
23,Stephen Jensen,hollandsharon@example.com,854.750.4512x97404,HR,81305.7
24,Kendra Hebert,sallyknapp@example.org,804.274.4696x794,Marketing,60430.3
25,Steven Greene,christianmcdowell@example.net,(292)256-9549x916,Marketing,72875.13
26,Anthony Gonzalez,sydney47@example.net,391-834-0225,HR,33080.06
27,Beverly Reyes,thomasdaniels@example.org,001-216-415-0046x05831,IT,80228.29
28,Wendy Cobb,normanpitts@example.org,808.441.7201,Finance,55741.82
29,Lori Ali,blakechristina@example.com,755.563.6449,Sales,61751.43
30,Crystal Owens,danielperez@example.com,+1-523-613-8051x53443,IT,84592.4
31,Rebecca Crosby,reyesnicole@example.com,001-786-602-5708x52375,IT,73074.49
32,Michael Quinn,qbrown@example.com,900-476-6522,Sales,46660.27
33,Marc Krueger,kaylacampbell@example.org,(731)467-2729,HR,84409.43
34,Olivia Parker,michael40@example.org,+1-554-257-9504x02567,IT,82104.49
35,Cory Carson,fergusonjay@example.org,+1-905-529-3909x773,IT,34212.89
36,Austin Downs,nathanielmiller@example.com,5473446474,Finance,46680.5
37,Joshua Alexander,martin88@example.com,210-291-8240x59275,Marketing,49877.09
38,Joseph Mendoza,jeremy51@example.com,291-509-6941x40781,Finance,60884.15
39,Nancy Smith,zjohnson@example.net,699.696.5912x61384,HR,30927.42
40,Matthew Hernandez,vanessa48@example.org,+1-331-533-8705,Sales,38801.43
41,Roger Gray,newtonjames@example.net,+1-630-286-4997x697,IT,86187.72
42,Natasha Dillon MD,diazstuart@example.org,451.504.1616x458,HR,53947.01
43,David Ruiz,lauren68@example.net,946.475.6307x96787,IT,54650.97
44,Dr. Christopher Franco DDS,montoyamark@example.org,674-901-0019x2962,Marketing,71242.06
45,Roger Mcgrath,laura59@example.com,977.272.1374x288,IT,31465.99
46,Michael Anderson,rossheather@example.net,+1-352-549-5895x030,Finance,37690.56
47,Casey Stark,kenneth72@example.com,(391)877-6059x6634,HR,61686.37
48,Krystal Meyer,hugheskatherine@example.net,(494)304-6751,IT,49502.58
49,Christopher Martin,jennifertaylor@example.com,359.708.8938,IT,75828.03
50,Brandon Walsh,yvonne04@example.com,695-481-9897x47100,Finance,43796.05
51,Kevin Cruz,rallen@example.com,729-667-5201,IT,53952.13
52,Sara Mccoy,holdennathan@example.com,001-390-549-7542x519,IT,50406.33
53,Howard Maldonado DVM,alexaperkins@example.net,001-532-490-4861x4124,Marketing,49075.42
54,Bobby Bauer,rmyers@example.net,792.646.2556,Sales,86655.91
55,Karen Robertson,jacobcampbell@example.net,9414495979,Finance,61812.88
56,Jesse Garcia,tsimmons@example.org,666.817.3579,HR,82366.1
57,Kimberly Hardy,james04@example.org,001-813-368-7132x81555,Finance,80000.71
58,Heather Phillips,johnsonkatherine@example.net,763-701-9761x297,Marketing,84832.22
59,Jessica Young,tracyward@example.net,5858546640,HR,52116.7
60,Danny Morales,courtney83@example.net,+1-484-300-9195,IT,82032.02
61,Judy Rojas,suareztaylor@example.org,3415579640,Marketing,48156.29
62,Cody Cook,mendezchristina@example.net,+1-241-882-8434x14589,Finance,78848.62
63,Garrett Fowler,kellylawrence@example.com,001-457-767-8599x3934,HR,68652.85
64,James Berry,wilsonbryan@example.com,522.585.2042x08168,Sales,72882.42
65,Tracy Gonzales,pamelavasquez@example.net,+1-340-310-4409x244,Sales,50319.14
66,Jacob Moore,pmiller@example.net,2026603032,IT,53630.39
67,Loretta Taylor,chapmanjeffrey@example.com,532.689.9646x717,IT,51904.05
68,Sharon Steele,simsjoshua@example.org,772-383-4437,IT,80986.57
69,Sarah Harding,bellis@example.net,001-389-357-5529x9573,HR,50896.3
70,Angela Rodriguez,egarner@example.org,394.455.3915,HR,83822.78
71,Gary Thompson,ronald64@example.org,575-256-4364x3331,Sales,79080.78
72,Kirk Harris,nmunoz@example.org,945-452-1138,IT,96998.8
73,Joyce George,lsmith@example.com,6415734697,Marketing,61923.74
74,Karen Thomas,gregoryramos@example.com,001-853-979-5728,HR,77253.3
75,Dr. Gary Mathews,nmyers@example.org,+1-870-648-6898x5909,Finance,60979.87
76,Brian Odom,coloncheryl@example.org,800.894.4261x381,IT,82547.94
77,Rachel Gonzalez,ricemorgan@example.net,(907)297-4654x55814,HR,98698.97
78,William Fowler,nicholasnavarro@example.com,(620)702-7318x1028,Marketing,69911.63
79,Roy Mann,rbeasley@example.com,820-850-9542x158,Marketing,66811.84
80,Kathryn Martin,zromero@example.org,(658)499-4240x66988,Sales,50759.51
81,Ashley Hill,tmarks@example.net,+1-853-700-6753x663,IT,87430.31
82,Sarah Martin,fergusonstacie@example.net,692.744.0676x4903,IT,37084.54
83,Christy Henson,paulhill@example.org,728.318.7103x71095,Finance,88931.14
84,Rebecca Herrera,amartinez@example.org,2026518342,HR,38175.2
85,Kevin Shepherd,lewissandra@example.org,928-889-4953,Marketing,34178.15
86,Eric Chavez,carolyn03@example.net,+1-276-322-2444x317,Sales,85661.38
87,Leah Collins,keith53@example.org,202-524-2447x385,Sales,53394.65
88,Alice Branch,kristin72@example.org,(676)692-7930x033,Marketing,82214.94
89,Paige Floyd,zhernandez@example.com,833-337-7032x1068,Marketing,84076.29
90,Tim Anderson,fross@example.com,795-739-4019,Sales,38131.13
91,Kelly Herman,dchaney@example.net,4168735410,Sales,87763.78
92,Michael Lopez,fwalker@example.net,426.913.1398x85350,Finance,48349.2
93,Devon Martinez,mooresarah@example.com,837-440-7478x70542,HR,80976.27
94,Cindy Aguilar,bakerrachel@example.org,516-329-7547x61268,HR,96259.95
95,Amanda Lopez,millsshannon@example.com,+1-584-622-1072,Finance,37881.17
96,Cindy Moore,burgessemily@example.net,749.534.9104,IT,82494.91
97,Jeffrey Ortiz,richardsonrebecca@example.net,552.838.3739,Finance,74616.51
98,Jeffrey Cooper Jr.,tracywilliams@example.com,278.879.0039,HR,87950.05
99,Angela Delacruz,john83@example.com,336-977-7545x119,Finance,67807.18
100,Dr. Adam Roberts,johnsonray@example.com,(639)806-4025x179,Sales,38354.58
101,Jessica Jones,umckinney@example.net,+1-798-489-0986x873,IT,48208.54
102,Joyce Osborne,carneydaniel@example.org,8006522209,IT,45002.66
103,Shannon Orr,orodriguez@example.com,(956)749-0116x369,Sales,92461.42
104,Casey Wright,dwatkins@example.org,+1-461-346-9613,Finance,98945.49
105,Dennis Bruce,robertwest@example.com,998-720-1874,Marketing,49440.59
106,Caitlin Holland,wmaldonado@example.net,6619835563,Finance,38923.58
107,Stephen Chung,laurencollins@example.com,+1-651-996-0013x74806,IT,58000.67
108,Manuel Mitchell,terri88@example.com,+1-820-505-4947x73276,Finance,97638.78
109,Alex Reyes,walkercharles@example.com,699.628.3174x209,HR,94670.74
110,Lisa Ochoa,jamiemoon@example.com,(250)796-7956x8219,HR,32948.18
111,Penny Roberts,wallacelisa@example.org,+1-335-339-9077x7347,Sales,66079.28
112,Roy Ochoa,tylertravis@example.net,8166917208,Marketing,61204.97
113,Eddie Long,rholmes@example.com,230-291-6290x3375,Marketing,45538.49
114,Laura Lewis,wilsonfred@example.org,+1-553-730-8659x2497,HR,31290.66
115,Timothy Gibson,michelleramirez@example.org,514-937-6510x720,Marketing,66897.24
116,Jacqueline Jones,wfernandez@example.com,+1-852-593-3804x64539,Finance,87535.9
117,Antonio Smith,kjackson@example.org,945.721.6805x1252,Sales,70846.42
118,Amber Alexander,wcole@example.net,(698)467-4608x02909,IT,52002.29
119,Brian Williams,sara40@example.org,6524786798,Finance,71789.26
120,Brandon Byrd,davidchristensen@example.org,(874)822-2476,IT,46236.88
121,Theresa Aguilar,middletonanna@example.org,001-711-353-6432x9998,Sales,54436.37
122,Eric Lang,staceymoore@example.com,+1-643-373-3743x4230,Sales,79081.99
123,Martin Payne,howellcraig@example.org,419.814.4777x53610,Marketing,33811.57
124,Sarah Wang,scott30@example.org,788.477.9532x206,IT,45350.55
125,Barbara Peterson,julie67@example.com,(353)771-9253,Sales,56776.06
126,Joseph French,patrickjames@example.org,773-997-3107,Sales,76539.41
127,Andrew Shelton,lisa72@example.org,358-527-4008x05620,Sales,35201.76
128,Richard Nichols,bradley76@example.com,888-739-8416,Sales,32673.28
129,Timothy Davis,abigail00@example.org,825-891-7871,HR,49045.31
130,Alexander Jackson,vmunoz@example.net,001-635-216-6203,Finance,96662.94
131,Adrian Gonzalez,rachel94@example.org,(443)726-7889x634,HR,42159.23
132,Travis Fitzpatrick,raymond13@example.com,762-800-0682x0924,Sales,61900.99
133,Linda Orr,bradley50@example.org,(755)862-2094x083,IT,32002.17
134,Scott Morgan,nicholasflores@example.com,726.626.5933x92981,IT,90242.32
135,Sharon Garcia,nicholasmyers@example.org,6235710414,Finance,79239.27
