name,email,phone,department,salary
Marie Stevens,lorettafoster@example.net,740-286-2326,HR,65933.95
Michael Smith,ptaylor@example.net,(361)783-3758x539,HR,71370.77
Christine Gonzalez,teresabrown@example.com,(383)423-9373x12638,IT,43721.0
Dennis Beard,alexandra95@example.com,924.646.0935,Sales,79354.05
Jay Franklin,brandon58@example.net,001-506-257-7909,HR,41725.8
Lori Richards,ksmith@example.org,+1-873-389-1160,HR,70658.51
Mary Mitchell,kennedyheather@example.net,889.470.2574,HR,41528.7
John Mason,rwilliamson@example.com,(886)830-8597x7682,IT,41373.09
Johnny Mason,dylanhunter@example.org,(545)942-2931,Finance,53142.04
Kristen Pierce,ramseyjacob@example.com,9773607062,Finance,42730.05
Stephen Smith,julie26@example.net,001-791-975-5896,IT,95224.47
Jordan Taylor,alexis11@example.com,521-747-5367,Finance,68130.91
Katherine Moore,robin73@example.org,+1-226-917-6481x5832,Finance,31121.12
Emily Terry,travissmith@example.net,+1-385-465-9666x981,HR,47173.94
Justin Ortiz,danielle10@example.com,988.981.1294x93337,HR,34168.79
Natasha Lee,lewiskathryn@example.org,376-849-6412x93684,HR,68961.65
Danielle Reed,georgesalazar@example.com,378-879-2411x27953,Finance,94344.57
Eric Johnson,bradshawrobert@example.org,739-961-8218x946,HR,64674.76
Angel Pitts,robinsonpeter@example.org,652-425-0057x52087,HR,54913.78
Heather Santiago,samuel86@example.com,972-629-3297x357,Sales,61713.5
Sheryl Smith,youngjose@example.com,465.974.9027x74690,HR,89932.84
David Jackson,veronicamurillo@example.com,+1-491-496-2015,Sales,87037.12
Alan Jefferson,felicia71@example.net,(877)852-5220x21042,IT,88013.73
Joshua Howell,dconway@example.net,204.899.1525x71542,Marketing,33225.49
Alex Martin,silvaemily@example.com,(566)827-6872x309,Finance,94807.0
Patricia Frank,jacobcalderon@example.net,001-483-907-6577,Finance,78636.39
Mark Anderson,valerie63@example.org,+1-620-870-8455x75633,Sales,88246.83
Alyssa Francis,wcarroll@example.net,4627946290,Marketing,54344.49
Andrew Jones,jamesgonzalez@example.net,705-504-0721,Sales,61392.79
Renee Le,pmanning@example.net,475-420-7243,HR,32304.98
Lacey Armstrong,crystal19@example.net,(740)333-6336,Finance,85818.7
Jennifer Ford,kiarasanders@example.net,9209061883,Finance,50684.99
Thomas Harris,jonescarl@example.com,773.589.9267,IT,77870.05
Aaron Rodriguez,thomas51@example.com,(967)750-3028,Finance,82003.25
Amber Phillips,brianna00@example.org,001-320-774-7909x12307,HR,70947.69
Edwin Lee,holly34@example.org,3093794123,IT,38137.87
Eugene Martinez,angelicahoffman@example.net,(778)639-1620x752,Marketing,88990.26
Brendan Steele,patricia81@example.com,961-837-0990x72301,IT,82398.47
Jeff Brady,joseph18@example.org,001-840-386-1851x2265,Finance,59174.19
William Hansen,michaelgonzalez@example.net,(264)360-1658,Marketing,96928.12
Alice Stevens,allenvirginia@example.com,993.713.5613x18755,IT,87370.75
Stephen Summers,sandra69@example.net,343.913.6969,HR,53751.41
Sherry Simpson,olivia89@example.net,(445)887-5238x85063,IT,94156.85
Cheryl Davis MD,mcleantami@example.org,8088725557,IT,31460.79
Kimberly Myers,jessicaforbes@example.com,001-813-432-5195x38978,HR,85698.23
Leonard Alvarez DDS,tammy36@example.net,819-411-0971,Marketing,76050.72
Jennifer Freeman,laura70@example.net,5194506423,IT,74333.03
Adam Wright,peterjohnson@example.net,375.717.6719x8602,IT,55203.02
Michael Salas,imartinez@example.org,(981)575-9007x8118,Marketing,36454.73
Ashley Mendez,joshuarichards@example.org,438.273.6099x029,Marketing,48837.51
Kenneth Woods,pattersondominique@example.com,423-593-0789x06163,Sales,58073.53
James Ortiz,alexandra45@example.org,001-215-979-0718x544,Marketing,83684.93
Laura Bell,bryanmelton@example.org,712-579-0200,Sales,70021.75
Brandon Allen,amber51@example.org,+1-821-998-5550x504,Marketing,45276.88
Michelle Cummings,michelelee@example.org,323.847.6979,Sales,55669.13
Miss Dawn Davis,john96@example.org,630.547.6713,Marketing,83802.84
Patricia Avila,larsonrobert@example.net,917-445-2205x5793,Marketing,35234.87
Andre Johnson,byrddeanna@example.com,(786)488-2862x534,IT,67367.97
Wesley George,richardprice@example.com,001-214-751-8603x258,HR,59613.97
Anthony Fritz,briansullivan@example.org,627.607.0485x11943,HR,80596.69
Jeremy Green,kevin54@example.com,259-723-0191,Finance,75362.94
Lucas Adams,kvincent@example.org,792.221.4033x3789,HR,45730.15
Gina Ballard,austincampbell@example.com,(910)915-1647x312,Finance,45326.41
Steven Farmer,newtonjulie@example.org,652-202-8421x2995,Marketing,46890.45
Mrs. Courtney Morris,lsmith@example.com,246.329.4890x96237,Sales,87667.91
Kevin Barber,barrettnicole@example.com,437-933-6218,Sales,68119.38
Tara Jackson,jessicahamilton@example.net,(894)413-1219x7317,Marketing,56296.73
Brenda Smith,james53@example.org,8137440826,IT,81515.43
Scott Rogers,wtaylor@example.com,580.310.9901x735,Sales,31358.75
Luke Lowe,clintoncollins@example.org,705-712-4777,IT,85694.0
Miguel Fisher,jacklee@example.net,(796)701-0697x85600,IT,89173.59
Samuel Bonilla,pholmes@example.com,001-269-948-3077,Finance,43779.62
Mary Anderson,lambertrobert@example.net,234.421.9395x00968,HR,33712.33
Jerry Williams,dominic36@example.org,2805076142,Sales,99825.93
Stephanie Mathews,millslauren@example.org,+1-396-747-9974x7549,Sales,45051.85
Michael Lucas,rodriguezmatthew@example.org,+1-712-589-0031,Sales,83488.61
Ryan Mcpherson,patrick01@example.net,690.470.9188x303,Marketing,52099.17
Lindsey Hatfield,hburnett@example.net,001-863-237-1604x127,IT,36107.22
Ashley Lynch,ksmith@example.com,785-391-1440,Marketing,68180.65
Ronald Mcdonald,michelle77@example.com,722-350-6536x5612,Finance,68350.62
Susan Guzman,jessica80@example.org,(802)811-8985x903,IT,47420.07
Vanessa Medina,hsuarez@example.com,001-301-992-7282x7269,HR,56132.52
Anne Meyer,erin00@example.net,(355)876-2712,Marketing,81318.13
Victoria Reyes,christopherpierce@example.org,296-833-4616x1516,IT,54948.77
Kenneth Petersen,bartonrebecca@example.com,715.334.4746,Finance,47448.67
Valerie Boyle,rcoleman@example.com,470.767.7911x22428,Finance,36167.57
Heather Dennis,brian89@example.com,241.862.9623x792,Marketing,94140.69
Chris Watts,markwyatt@example.com,429.343.5025x7216,Sales,30541.87
Jennifer Lloyd,john67@example.org,001-999-563-3793x0484,HR,58833.45
Andrew Webb,michelle79@example.net,8095263015,HR,31341.55
Edward Stewart DDS,elizabethgould@example.com,001-629-885-6357x54245,Sales,47338.67
Kenneth Oliver,justin83@example.org,(474)388-2853,Sales,80527.83
Brian Hogan,afox@example.net,429-265-4355,Finance,55713.32
Todd Ward,xolson@example.net,(544)825-8301x5868,IT,84953.76
Henry Weber,kevinsmith@example.net,+1-680-343-8081x51168,Sales,96390.61
Kristen Weiss,vdavis@example.com,(916)677-6219x903,Marketing,87066.57
Heidi Martinez,lucas48@example.com,(914)358-4969x24008,IT,38679.82
Sandra Johnson,paulsmith@example.com,760.761.4256x346,IT,44963.3
Valerie Rivera,marisasloan@example.com,273-612-6456,IT,31189.69
James Nguyen,sanchezdavid@example.com,928.486.4354,Finance,47541.86
Jonathan Carroll,cindy88@example.net,(469)234-0729x310,Marketing,70577.13
Daniel Blake,kelseygross@example.org,(770)238-1813x654,Sales,76870.82
Christopher Miller,williamsdaniel@example.com,481-382-0274x59503,IT,49750.78
Samantha Nelson,deannayoung@example.org,748.864.4847x46945,HR,94388.31
Jenna Miller,yangkerry@example.net,631.284.2960x1664,Marketing,96153.71
Michael Adams,jamesdana@example.com,610-528-5878x0066,Marketing,47640.54
Kathryn Carter,tkidd@example.com,907.313.7642x5222,IT,47948.84
Nicholas Martin,ipatel@example.net,2722571836,IT,45973.94
Kendra Gonzalez,joshuaholt@example.org,(566)297-6555,IT,99301.04
Regina Krueger,wgarza@example.net,312.211.2686x1031,Marketing,74508.0
Robert Guerrero,gonzalezchristy@example.com,(628)684-8028x863,Sales,47967.77
Christopher Vargas,houstonbarbara@example.org,911-835-4748x7393,Sales,54263.35
