employee_id,name,email,phone,department,Salary
1,Matthew James,casey00@example.com,(305)658-3023x81419,Marketing,61622.21
2,Jonathan Reynolds,williamsjennifer@example.com,743.687.7390x248,HR,38149.6
3,Heather Bradley,warrenking@example.net,354-774-1347x25041,IT,70598.13
4,Michael Conrad,diazjustin@example.com,001-458-256-1583x483,HR,92931.59
5,Rebecca Cruz,stephanieherrera@example.org,331.821.1295x874,Sales,30117.94
6,Caleb Boyd,romerocarol@example.org,+1-776-681-4479x6052,HR,43809.31
7,Robert Merritt,whitney34@example.com,621-461-9764x5502,IT,52436.66
8,Blake Stuart,benjamin30@example.net,589-965-4199x9669,Marketing,41546.72
9,Tyler Hamilton,theresabrown@example.org,376-689-9320,Marketing,53056.71
10,Melissa Duran,whitechristina@example.net,765.241.6922x13460,Marketing,74180.05
11,Natalie Mason,michael95@example.org,001-286-634-2777x1571,Finance,93743.55
12,Gina Mcguire,judy59@example.com,750-236-1735,Marketing,96096.08
13,Summer Macdonald,juliereeves@example.com,535.405.2701x45435,Sales,77712.51
14,Deanna Sanchez,joshuaashley@example.com,6082377387,Marketing,95701.47
15,Shirley Mitchell,slee@example.com,825.431.8592,IT,75292.75
16,Nathan Reed,joshua25@example.org,954-693-8534x61861,HR,52185.47
17,Jonathon Gutierrez,stephanie55@example.org,297-670-3258,Finance,87559.91
18,Pamela Olsen,michael17@example.net,+1-456-634-9014x00904,HR,50772.6
19,Thomas Jones,hsimmons@example.net,001-714-932-9312x448,Sales,58205.17
20,Eugene Wallace,laura83@example.net,919.910.0514x31461,Sales,40052.02
21,Andrew Smith,veronicaroberson@example.org,854-966-5018,HR,88153.2
22,William Monroe,mkelley@example.net,730-238-6906x17870,Sales,68186.47
23,Ronald Hall,christopher53@example.com,(982)883-2942x90753,IT,45061.62
24,Timothy Stewart,rodrigueztracy@example.com,(953)877-9544,Finance,95775.86
25,Julie Parker,halllindsay@example.net,306-270-5255x0092,HR,66297.52
26,Taylor Mosley,claytonvelasquez@example.com,(239)778-4306x952,Finance,43544.38
27,Erin Mccarthy,sandrayoung@example.net,994.439.4057,Marketing,77400.66
28,Lauren Hodge,jacksonronald@example.org,721.926.8190,Finance,34753.02
29,Jenna Smith,jamiebailey@example.org,001-321-730-4395,Finance,47286.62
30,Angel Bowman,perrytaylor@example.org,201-754-4889,Marketing,62203.23
31,Blake Lewis,ycross@example.com,(522)537-8036x6115,Sales,44445.84
32,Jason Reynolds,francissteven@example.org,001-638-432-0640x22990,IT,99887.88
33,Monica Maxwell,ashley61@example.com,6842412239,Sales,65472.63
34,Richard Wells,laura41@example.com,+1-258-291-8303x9250,HR,59131.14
35,Christopher Mahoney,morgankaren@example.org,001-413-943-1486,HR,47469.1
36,Kevin Nichols,ortegajonathan@example.org,837.763.4615,Sales,67211.73
37,Justin Hunter,nicholas80@example.net,408-929-4215x40000,Finance,71676.52
38,Joshua Jones,jphillips@example.net,001-286-890-1245,IT,78729.46
39,Lisa Oconnor,jessica91@example.org,001-513-893-1729x454,Sales,97557.5
40,Brianna Bentley,xhoffman@example.com,+1-523-338-2051x7246,IT,94196.39
41,April Pearson,pamela94@example.org,854.649.0714x595,HR,79261.45
42,Jill Hess,orrlisa@example.net,(963)495-1224,IT,33124.57
43,Stephanie Gallagher,kgallegos@example.com,(817)673-0786x3642,HR,86142.61
44,Robert Cruz,marypowell@example.net,(930)614-1063,Sales,67311.07
45,Kelly Wagner,ssloan@example.com,749-825-2774x0552,HR,35664.6
46,Jennifer Martinez,johnscott@example.net,+1-838-230-8735,Marketing,35153.51
47,Laura Werner,julie19@example.com,4318870809,HR,48199.94
48,Samantha Turner,cmorris@example.net,001-374-984-2796x50420,IT,92111.05
49,Jessica Bentley,xmason@example.org,001-890-909-0430,IT,63223.9
50,Lisa Cain,herickson@example.net,335-825-6982,Finance,48810.02
51,Sandra Camacho,gonzalezsara@example.com,(699)701-8877x85586,HR,66427.45
52,Sean Garcia,ccurtis@example.org,250-385-4496x1846,Finance,98260.18
53,Paul Rogers,yvonne56@example.net,780-947-2574x2887,IT,90966.48
54,James King,lisahughes@example.net,551-853-2800x5713,Sales,61340.23
55,Tracy Allen,dixonjason@example.net,+1-569-877-9082x860,Sales,68843.14
56,Sarah Shaw,tanyaunderwood@example.net,298-722-6100x51551,IT,60014.59
57,Michael Powers,gbradley@example.net,(953)240-5677,Finance,66096.28
58,Tracy Hoffman,howellkelly@example.com,(542)679-6872,Sales,85443.24
59,Nathan Powell,james52@example.org,462.813.0647x57862,Marketing,31285.85
60,Scott Jacobson,christinerogers@example.org,+1-334-472-7963x83074,Sales,97727.23
61,Leah Norton,pamelaolson@example.org,322-557-2246,Finance,91256.58
62,Stephanie Gallegos,xleblanc@example.org,+1-224-399-1518x434,HR,55090.9
63,James Glass,imassey@example.com,215.866.3138,Marketing,81368.08
64,John Lee,andrewbrown@example.net,2157719606,Finance,73664.82
65,Julia Holland,bruce31@example.org,577-309-6231x97674,IT,80945.78
66,Steven Travis,loriespinoza@example.com,(683)977-0317,HR,62450.39
67,Tamara Ross,dlewis@example.org,219.734.9754,Finance,81112.37
68,Jesse Rhodes,marthalopez@example.org,(244)451-5264x11205,Sales,94485.06
69,Nicole Braun,nescobar@example.org,776.980.3927x69629,HR,44454.4
70,Andrew Foster,probinson@example.com,001-809-436-5574,Sales,40161.41
71,Kim Hardin,dgonzalez@example.com,001-773-345-9423x733,Sales,36780.06
72,Christina Evans,zjackson@example.org,(848)669-5565,Sales,66461.79
73,Darren Wilson,robertslisa@example.org,(682)999-8034x00228,Sales,45267.68
74,Dylan Kennedy,michele22@example.com,375.643.5601,Finance,33054.54
75,Andrew Sanchez,hughesmichael@example.com,853-927-6218x512,Finance,96889.51
76,Michael Richmond,stephenwright@example.org,001-975-579-2613x97596,Finance,72889.02
77,Jennifer Giles,burkepatrick@example.net,(503)220-8611x6052,Marketing,82302.35
78,Jessica Long,bernard91@example.org,969-807-4691,Sales,64310.75
79,Kelly Landry,smithcory@example.net,814.829.5551,Sales,45077.06
80,Lori Gonzalez,rollinsbrian@example.com,001-362-703-7628,HR,79040.72
81,Jason Smith,mary69@example.com,001-793-506-0818x29054,Finance,34710.15
82,Scott Marshall,philip54@example.net,001-457-384-0075x4029,Marketing,86631.51
83,Elizabeth Ramos,emorris@example.com,7198906130,HR,44844.41
84,Lisa Smith,christopherlopez@example.com,+1-497-435-5979,HR,66448.65
85,Katie James,lisa75@example.org,(255)427-4224x4991,Marketing,39198.4
86,Amy Jones,marco62@example.com,+1-823-887-4348,Sales,47878.05
87,Sheila Clark,anthonyharper@example.org,(504)517-1720x3366,Marketing,51527.56
88,Adam Lin,rubenortiz@example.net,442.324.8433,Finance,71104.07
89,Michele Mendez,ucrane@example.org,404-661-0458x459,Marketing,44729.13
90,Donna Anderson,calderonmichael@example.org,640-565-7486x54822,Sales,61598.49
91,Mark Church,josevargas@example.com,5525872026,Finance,94259.06
92,Kyle Parsons,robertrodriguez@example.net,(862)983-4157,HR,38597.38
93,James Christian,walexander@example.com,328-879-4838x68790,HR,72851.52
94,Ryan Carroll,jessicamartin@example.org,(574)574-2612,HR,61224.42
95,Daniel Bennett,maynardjessica@example.net,001-208-842-9383,Marketing,55379.06
96,Jason House,watsondanielle@example.com,+1-272-374-8388x639,Finance,42508.23
97,Brandi Burch,batesjoan@example.com,8307331486,Sales,62259.95
98,Rhonda Perez,ehansen@example.org,(890)671-8923x0254,HR,65825.57
99,Jeff Adams,traceyking@example.com,261-457-2408,HR,67650.65
100,Anthony Patel,angelajohnson@example.com,(381)316-2918x9305,Marketing,66860.31
101,Michelle Wang,jennifer25@example.net,+1-511-901-6415,Marketing,77382.97
102,Sean Shaw,hlee@example.org,+1-250-959-9018x846,Marketing,42641.98
103,Harold Sampson,bakerlauren@example.net,321.710.3308x514,HR,51160.02
104,Katherine Bates,jorgegeorge@example.com,001-709-762-2828x45284,Sales,76886.65
105,Brandon Hicks,carrkara@example.net,448-529-2052,IT,89318.4
106,Thomas Peterson,owensemily@example.com,(275)317-7846,Sales,71079.58
107,Juan Doyle,justin41@example.net,291.665.4906x2851,Finance,47642.55
108,Terrence Cortez,joymurphy@example.org,253-234-2188,Sales,81242.39
109,Brian Lee,jessica39@example.net,946.346.1874x91459,Marketing,92563.88
110,Jill Greene,suebanks@example.org,001-598-962-0981x456,IT,87126.38
111,Kenneth Price,amy90@example.org,+1-319-219-2120x666,Finance,31444.39
112,Justin Pope,xdougherty@example.com,(240)941-9612x4226,Sales,59934.15
113,Laura Jackson,stevensjessica@example.com,783.658.9868x03859,IT,78688.68
114,Robin Stone,lovejames@example.org,+1-505-620-8256x471,Finance,48315.48
115,Nicholas Byrd,katherinetaylor@example.net,447-811-2256x09018,Sales,73894.14
116,Amanda Walker,becky02@example.org,666-949-6873,Marketing,52461.53
117,Abigail Sanchez,fparker@example.net,371-609-8587x695,Marketing,72024.98
118,Claire Smith,donnareeves@example.com,349-727-3505x358,HR,84728.28
119,Angelica Williamson,crossjennifer@example.com,808-433-6515x8506,Marketing,97437.77
120,Mrs. Ashlee Garcia,hernandezfelicia@example.org,001-218-650-3888x118,Marketing,37030.98
121,Patrick Kim,cwood@example.org,(673)877-4393x538,HR,77441.14
122,Samantha Hall,ujohnson@example.com,907.757.9716x2132,HR,39627.09
123,Carlos Williams,cholt@example.net,7044868730,Finance,95149.28
124,Carolyn Romero,lindsayperez@example.org,398-848-6889,Marketing,82535.69
125,Richard Edwards,rebecca82@example.org,(865)777-6842,HR,94046.19
126,Susan Mcdonald,stevejohnson@example.org,001-627-811-3712,Sales,80101.08
127,George Foster,dharris@example.com,712.868.5250x980,Marketing,62733.97
128,Daniel Weiss,aliciafrancis@example.com,2474308087,Sales,80783.96
129,David Sims,alexis45@example.net,450-840-5563x90222,IT,61376.92
130,Ryan Hancock,paigemays@example.com,001-703-544-4934,HR,85745.32
131,Donna Oconnor,frice@example.org,2934150357,HR,49167.16
132,Alexander Smith,nicholehickman@example.org,550-596-4633x193,IT,31065.35
133,Charles Deleon,mcdanielchristopher@example.net,(395)948-5036x70493,Sales,32452.47
134,Caleb Strickland,adamsvictor@example.net,744.219.0379x28379,IT,99718.07
135,Diane Conner,wrightkimberly@example.com,(897)528-7230x915,HR,49884.81
136,Courtney Johnson,jenningschristopher@example.org,971.249.4735x66306,IT,42855.02
137,Brian Johnston,hannahbutler@example.net,818.366.9365,HR,71730.57
138,Peter Velazquez DDS,valenciaryan@example.net,+1-952-283-2585x226,HR,60041.79
139,Linda Anderson,michellestuart@example.com,8037206189,HR,99793.96
140,Joseph Figueroa,stephanie80@example.com,001-891-794-8420,IT,70413.26
141,Aaron Ray,tinadavis@example.net,465.605.1176x0974,Marketing,58745.63
142,Hannah Ingram,brucenelson@example.org,499-907-8690x375,Marketing,45233.67
143,Lorraine Carrillo,bward@example.net,653-886-2711x7139,HR,87597.86
144,Melanie Barnes,parkerrobert@example.org,+1-867-720-1130x0451,Sales,99774.93
145,Samuel Chandler,matthew65@example.net,6256628025,HR,42150.58
146,Barry Allison,maria22@example.org,270.574.9900,IT,48776.67
147,Jeffrey Avila,johnturner@example.org,966-584-3752x0532,Sales,59083.87
148,Christopher Jordan,tannerbanks@example.org,214.457.9718,Sales,84830.99
