Employee Id,name,email,phone,department,salary
1,Steven Wolfe,jbrown@example.com,622-451-8713,HR,55727.84
2,Brittney Parker,boyletara@example.com,456-701-2798x8143,Marketing,98908.35
3,Emily Vaughn,raymond18@example.net,816-412-5706,IT,73943.41
4,Lindsay Lucas,kbaker@example.com,(209)754-6486x3690,HR,48255.11
5,Jenny Jackson,christianallen@example.org,664-550-6355x64171,Finance,61414.62
6,Jared Salazar PhD,amymendoza@example.org,477-267-3042x727,HR,73583.46
7,Christina Sparks,usmall@example.com,299-447-6490x461,Sales,31279.05
8,Michael Newman,jeffrey58@example.net,765.772.8439x2977,HR,43224.96
9,Deborah Henry,waltonjennifer@example.org,(223)723-5808x049,HR,46864.25
10,Nicholas Brady,nancyavila@example.net,618.402.4198x2341,Sales,73752.54
11,Joseph Wilson,aliciarobinson@example.com,339-339-7570x3932,IT,31092.52
12,Jessica Phillips,jeremy80@example.net,253.832.7935,Finance,57293.49
13,Daniel Roman,stephanie09@example.com,001-642-761-3814x0456,Sales,57461.45
14,Michael Larson,yoconnell@example.com,857-925-4915x61261,Finance,31330.97
15,Alexandria Torres,william84@example.org,001-282-688-6597x6323,Marketing,45731.47
16,Kristin Mclaughlin,thorntonelizabeth@example.com,231.900.4578,Marketing,96708.18
17,Chad Richards,erojas@example.com,+1-693-372-4946,Marketing,39728.29
18,Timothy Myers,johnmoore@example.org,+1-906-502-6942,IT,51205.52
19,Benjamin Delgado,mark01@example.com,+1-952-924-9767,Sales,43294.04
20,Nathaniel Foster,allenjennifer@example.org,+1-845-763-4401x599,HR,59762.15
21,Seth Richardson,jeffreychavez@example.net,263-643-7186x40021,IT,44991.04
22,April Miranda,dpowell@example.org,504-688-9870,Marketing,39978.22
23,Debra Diaz,mpacheco@example.com,940-761-8435,HR,72947.01
24,Dawn Stanley,zpotter@example.com,579-450-4368,Marketing,49005.66
25,Michael Robinson,james46@example.com,001-215-888-9007x31711,Marketing,39604.35
26,Peter Whitney,christopher50@example.com,217.795.4272x722,IT,40497.51
27,Laura Steele,wfuller@example.org,(869)450-2057x77979,HR,61797.78
28,Dana Carpenter,ablack@example.net,5048050379,HR,67477.24
29,Andrew Hernandez,harrisonmatthew@example.com,(932)256-5367,HR,57522.55
30,Alexis Flores,candacejones@example.net,(385)977-9257x1743,IT,93333.69
31,Dennis Walker,vrichardson@example.net,+1-720-607-2929x9848,Finance,49071.03
32,Theresa Bradley DDS,kristy29@example.org,243.970.7105x020,HR,61071.28
33,Natalie Martin,khubbard@example.org,001-512-855-5998x7750,Marketing,80924.78
34,Diana Herrera,bentleygregory@example.net,791-807-5756,Finance,59842.4
35,Vanessa Hansen,sabrinabentley@example.net,001-410-534-4780x481,Finance,65328.44
36,Matthew Reilly,brandon48@example.org,203-443-5432,Sales,74862.26
37,Danielle Bowman,richard39@example.org,611.326.5745,Marketing,95369.17
38,Ashley Berg,snyderkara@example.com,394.855.6446,HR,94427.73
39,Misty Brown,stephanie40@example.org,(283)294-0946x456,Sales,91874.12
40,Jesse Powell,emartin@example.com,001-402-237-5670x0163,IT,99664.75
41,Bonnie Randall,williamking@example.org,(406)598-8108,HR,85826.51
42,Jessica Mckinney,angela44@example.org,(896)302-3819x9941,Marketing,50842.28
43,April Crawford,kevin11@example.com,+1-729-906-3671x8022,Finance,69374.59
44,Eric Washington,webbcharles@example.org,+1-444-899-9112x327,IT,30773.81
45,Angela Baxter,sharon11@example.net,507-348-8583x07162,Finance,66884.96
46,Katrina Ward,matthew36@example.org,001-608-691-8249x6024,Marketing,83052.3
47,Lisa Cruz,yschmitt@example.net,+1-550-310-9293,IT,50708.35
48,Paula Rivera,emilyheath@example.com,(833)552-0937,Sales,61091.0
49,Desiree Melton,patriciaholden@example.net,(688)813-2001,Marketing,33561.45
50,Audrey Allen,amyduffy@example.net,477.338.2474x10685,Marketing,61874.69
51,Dustin Smith,laura84@example.com,(608)533-2724x473,HR,34202.73
52,Scott Olson,millerjacob@example.net,+1-827-532-6507x4084,IT,46620.93
53,Randy Perez,wjones@example.net,+1-645-858-7338x78614,Sales,92892.91
54,Mathew Mills,rogersimpson@example.net,001-642-335-6043x90268,Finance,35325.21
55,Danny Garcia,anna78@example.net,758-729-0913x4468,Marketing,92622.25
56,Jamie Humphrey,david88@example.org,407-549-7313x8310,IT,40751.29
57,Brianna Moss,zrojas@example.com,(230)599-1217x827,HR,35404.57
58,Sierra Fernandez,timothysmith@example.net,587.896.9510x2894,Marketing,46713.58
59,Brittany Rosales,joneskelly@example.net,001-850-318-1949x38458,Sales,69649.34
60,Brenda Ritter,daniellyons@example.net,+1-904-731-1806x75616,Sales,92699.87
61,Timothy Brown,roydavis@example.org,+1-435-793-5638,Finance,86563.46
62,Sandra Perez,bailey59@example.net,+1-914-974-0710x84896,Sales,60425.16
63,Jennifer Williams,grahamkyle@example.net,7845523955,Sales,53658.6
64,Brian Anderson,ldaniel@example.org,001-705-284-4683x974,Marketing,68667.49
65,Jennifer Bell,barry07@example.com,(875)520-5231,HR,49161.6
66,Andrew Yang,john65@example.org,001-360-495-5543x2007,Marketing,43368.72
67,Daniel Hall,xbates@example.org,(324)698-6456,Finance,50520.81
68,Diane Leblanc,qbrown@example.com,+1-623-405-8696,Marketing,85829.08
69,Zachary Davies,bmullins@example.org,518-209-7235x204,HR,97918.33
70,Christopher Gardner,dunnthomas@example.com,(882)474-1296x8032,IT,74483.71
71,Adriana Peters,hickmanmichael@example.com,383.308.7459x9744,HR,95617.56
72,Michele Ryan,megan34@example.net,001-948-392-3013x466,Marketing,76770.81
73,Jose Simpson,gonzalezchelsea@example.com,812-921-0873x995,Sales,94579.85
74,Shannon Copeland,robert81@example.net,(222)617-8760x720,Sales,43013.44
75,Donna Brown,jamie75@example.org,001-209-465-5455,Marketing,48460.92
76,Travis Cantrell,oarias@example.com,420-254-6206x85051,IT,99622.66
77,Pamela Mccormick,monicachen@example.com,001-751-625-7797x989,Finance,95362.09
78,Melissa Nelson,nwalsh@example.com,+1-451-994-6911x6208,Marketing,68924.74
79,Richard Sanders,jessica81@example.net,001-884-734-9502x82715,Finance,39862.51
80,Robert May,boydjohn@example.net,+1-673-686-1723x577,Finance,65859.63
81,Vincent Roberson,jonathan61@example.net,+1-857-557-6130,Finance,91404.66
82,Jerry Gomez,richardsoncassandra@example.com,001-967-443-7189x4766,IT,76152.49
83,Melissa Hall,zpalmer@example.net,790.358.7989x082,Marketing,52761.41
84,Haley Vasquez,lanefelicia@example.org,494.652.2184x52023,Marketing,68049.71
85,Anita Martinez,terry91@example.net,935.844.3118x1353,HR,72691.76
86,Richard Carroll,ssmith@example.net,(853)662-3648x118,HR,95076.25
87,Matthew Davis,travisjones@example.net,001-482-637-5097x926,Sales,71455.79
88,Amber Smith,rachelturner@example.com,211-458-5089x0913,HR,34783.0
89,Robin Chang,zguerrero@example.com,811.392.0988x3776,HR,51602.8
90,Alicia Bonilla,michael68@example.net,942.653.8498x489,Marketing,70934.91
91,Jessica Chen,donaldmcintosh@example.org,+1-339-287-0868x8163,Sales,76258.21
92,Danny Sanders,michelebates@example.com,(251)249-6647x3421,IT,59408.37
93,Barbara Brown,juanbridges@example.net,001-586-524-4331x89036,IT,74600.89
94,Kimberly Townsend,michellehoover@example.com,+1-309-716-6945x7438,IT,67639.58
95,Matthew Jimenez,goldenjohn@example.com,001-427-503-0587,IT,89808.2
96,Corey Miranda,powellchristopher@example.org,+1-785-454-8687,Marketing,58905.32
97,Brenda Lewis,lindasmith@example.net,001-958-305-2166x0666,Sales,30758.32
98,Beverly Robertson,margaretrobinson@example.org,883-460-6425x99782,HR,59343.28
99,Chad Scott,johnsondavid@example.org,566-851-8807,Marketing,62235.98
100,Michael Beard,farleyleah@example.com,+1-224-386-5275,Sales,68465.69
101,Sarah Knight,courtneywatson@example.net,+1-861-452-4504x6390,Finance,74889.65
102,Vincent Huffman,stewartdaryl@example.net,(577)423-1330,Sales,31625.85
103,Jason Martinez,tcoleman@example.net,777.389.0883x7210,Finance,82842.63
104,Andrew Perkins,torresdoris@example.com,+1-415-353-8466,Sales,52090.8
105,Jeffrey Beck,smithsarah@example.net,783.715.3652,IT,36452.85
106,Debbie Schmidt,bmarshall@example.net,859.526.3706x45504,Sales,36170.22
107,Ann Anderson,ericahubbard@example.org,+1-689-218-3864,Marketing,74680.1
108,Christian Watkins,maurice78@example.org,(540)657-1881x75221,Sales,63355.74
109,Amy Wilson,carriesteele@example.com,224.893.3156x39041,Sales,57650.47
110,Deanna Rivers,clarkamanda@example.net,001-250-919-7197x870,IT,85211.63
111,Joseph Thompson,agibson@example.org,(486)586-4343x7774,Sales,83691.63
112,Derrick Garcia,wnguyen@example.org,001-999-832-9269x97129,IT,96841.62
113,Kristen Cox,steven57@example.org,452-536-0723x8392,HR,87894.11
114,Timothy King,james85@example.org,+1-794-429-1483x832,HR,88147.43
115,Jasmin Snow,reedlori@example.net,751.581.9045x90679,Sales,85862.74
116,Michael Zhang,annebarker@example.net,001-327-297-2455x502,HR,62412.37
117,Andrea Johnson,lovematthew@example.org,674.784.9767x71751,HR,81653.04
118,Brianna Bradley,tconley@example.org,2065038727,Sales,48025.44
119,Frank Sanchez,kendra71@example.com,(347)206-6961,Marketing,81275.73
120,Denise Garza,jason40@example.com,(700)614-5527x908,IT,35067.86
121,Angela Gray,johnsoncole@example.com,402-415-5664x1034,Sales,64508.15
122,Michelle Farley,ryan64@example.net,329.908.1790,Finance,60300.84
123,Todd Gibson,zellis@example.net,597-394-8585x23104,IT,69794.16
124,Robert Campos,katiemcdaniel@example.org,+1-932-576-7452x17916,Marketing,89909.49
