email,name,department,salary,phone,employee_id
dscott@example.org,Robert Steele,Sales,86942.1,(295)277-8050x9466,1
micheal75@example.net,Kristen Welch,Finance,49776.53,+1-850-825-1193x1071,2
jessemayer@example.net,Virginia Mckenzie,HR,43358.75,996-522-8379x3156,3
ckeller@example.net,Mariah Wilson,Sales,68949.43,664.316.6644,4
sowens@example.net,Taylor Johnson,Marketing,66850.0,986.939.6329,5
carrollmichelle@example.org,Sabrina Clark,Marketing,90649.26,(733)406-6858,6
erin14@example.org,Michael Fritz,HR,93756.0,+1-923-847-0441x672,7
taylor57@example.com,Daniel Rios,HR,87705.61,(247)930-3968,8
tiffany58@example.net,Jennifer Waller,Sales,34265.82,475.798.7109x624,9
mwerner@example.net,Heather Martinez,HR,91408.93,810.876.2973x8670,10
xmoreno@example.net,Richard Smith,Finance,59876.72,726.311.1688x19159,11
louisbrown@example.net,Gabriel Moran,Marketing,60777.91,(957)768-3672,12
blanchardgina@example.com,Ryan Terry,IT,97924.81,+1-567-982-7819x95471,13
jonathanmendoza@example.com,Scott Gregory,HR,79606.88,980-217-0590x574,14
troy97@example.org,Steven Gonzales,Sales,51697.64,960-519-9683,15
timothyharvey@example.com,Javier Wilson,Sales,39532.34,401-754-8960,16
timothy65@example.org,Krystal Smith,Marketing,35066.84,(545)343-5703x028,17
davidmerritt@example.net,Dr. David Nolan,Finance,52230.38,001-775-374-5548,18
candice87@example.com,Luis Smith,Sales,34490.57,(436)989-9876,19
gloriaharper@example.net,Earl Mcmillan,Finance,32883.28,9773369578,20
pcole@example.com,Kevin Chavez,HR,57023.62,(669)644-0412x49892,21
grahambrittany@example.org,Jill Collins,Finance,48122.3,256-989-6989x02993,22
zchavez@example.net,Kathy Jensen,Sales,41703.33,+1-531-585-6529x896,23
pamela03@example.net,Kelly Smith,HR,92138.27,(825)853-2353,24
ericshepherd@example.net,Claudia Hammond,Finance,95993.84,001-461-556-6934,25
heather06@example.com,Jacob Baxter,Sales,70340.03,001-687-677-2350,26
andrea59@example.com,Michelle Williams,Sales,32957.26,778.634.7827x9752,27
schmittjoseph@example.org,Justin Lee,Marketing,45306.91,+1-335-287-3977x8360,28
ylane@example.net,Kimberly King,Sales,86322.2,422.582.3122x43688,29
daniel54@example.com,Robert Bryan,Finance,37869.14,(330)554-4552,30
boothsteven@example.org,Phillip Delgado,HR,47649.6,983.914.8378x634,31
teresaelliott@example.com,Glenn Larsen,HR,52236.67,246.563.4549x956,32
james73@example.org,Jason Wolfe,Finance,44540.95,(896)759-3903,33
derrickjones@example.org,Michele Jones,Sales,53235.03,+1-913-602-2211x593,34
dsanchez@example.org,Christina Lopez,Finance,83618.29,224-437-8252x1515,35
swhite@example.com,Cheryl Lawson,Marketing,81953.81,(452)243-0566x9839,36
alexanderrobert@example.net,James Melton,Marketing,44108.19,7898045971,37
halldonna@example.org,Thomas Rogers,IT,64982.52,+1-911-850-4387x2965,38
bmoore@example.net,John Randall,Marketing,80726.3,(621)646-7550,39
gaytimothy@example.net,Adam Barnett,Finance,90488.15,538.711.9845,40
billygutierrez@example.org,James Williams,Marketing,31409.37,001-937-575-3923x244,41
amy73@example.org,Jeffrey Martin,HR,54652.73,(665)866-1575,42
jeffrey28@example.org,Gary Novak,Finance,91072.79,468-583-9262x142,43
fsimmons@example.com,Christopher Oliver,HR,52239.03,(646)650-8273,44
bretttran@example.org,Alexis Flowers,Marketing,62097.41,528.693.1322,45
michael89@example.com,Jeffrey Clark,Sales,41685.76,6044688151,46
aowens@example.org,Michael Rodriguez,Finance,49177.17,888.683.5324,47
mooredavid@example.net,Brian Hickman,Marketing,98144.44,989-933-4908,48
angelasmall@example.net,Matthew Thornton,HR,44270.38,473.517.2044,49
vgonzalez@example.com,Jacqueline Smith,Sales,59894.95,(748)874-9558x4356,50
housechristina@example.net,Richard Ellis,Marketing,41459.14,(933)984-1122,51
chansen@example.org,Michele Doyle,Finance,65413.66,979.746.8801,52
lorijohnson@example.org,Ryan Archer,IT,99250.04,402.927.6875x223,53
suzanne98@example.org,Monica Holland,Sales,78342.52,(377)616-2142x2740,54
cassandramay@example.com,David Sanders,IT,94630.07,001-907-981-9615x85495,55
joshuahull@example.net,Jacqueline Zhang,Sales,31018.01,001-457-594-6047x08814,56
proberts@example.com,Pamela Smith,Finance,85808.13,513.857.0662x8909,57
williamsongabrielle@example.org,Alicia Ferguson,Finance,63774.61,+1-607-469-3614x269,58
lisaball@example.org,Alison Walker,Marketing,83445.32,3895620260,59
ybrown@example.net,Amanda Lucas,Finance,63728.27,589-938-5074,60
samanthalee@example.com,Abigail Reese,HR,62090.61,2776818311,61
garnermartha@example.org,Yvonne Cobb,IT,43478.96,(867)336-8725x621,62
jeffreysanchez@example.net,Michael Mayer,Sales,85986.32,497.984.1487x9426,63
ericajohnson@example.org,Emma Ray,Finance,92827.73,001-534-541-6717x5322,64
ltaylor@example.com,Michael Delgado,IT,58341.11,658-266-0721x18338,65
baileykaren@example.org,Richard Webb,Finance,48253.18,(502)942-2681x540,66
morriseric@example.org,Michael Gomez,IT,64443.47,(673)260-7268x931,67
browningcheryl@example.org,Monique Smith,Sales,40209.0,001-773-872-5425x65593,68
victorkidd@example.com,Angela Bartlett,Sales,45875.52,+1-916-316-5906,69
scott79@example.com,Amber Suarez,Finance,83558.29,+1-251-922-0617x66595,70
nancy29@example.org,Stephanie Ryan,HR,88782.73,001-975-402-1861x28606,71
ylong@example.org,Samuel Booth,HR,40342.69,(471)238-7607,72
yvonne56@example.net,Marc Greene,HR,73650.22,971.243.9631,73
lucasalicia@example.org,Kathy Downs,Finance,80112.47,001-820-424-7933x997,74
thorntonbrandon@example.net,Michael Bell,HR,75520.58,+1-346-522-7166x409,75
ubanks@example.com,Kimberly Rodriguez,Sales,50743.14,305-475-4363x1302,76
rebeccahoward@example.com,Rhonda Serrano,HR,83445.4,(670)449-2851,77
linda69@example.net,Hailey Stevens,IT,81389.65,574-755-5642x314,78
williamsmichael@example.com,Jennifer Wilson,Marketing,60036.87,487.730.5360x48619,79
ehaas@example.org,Debra Carter,HR,61906.87,939-368-4838x547,80
kelleymark@example.net,Lisa Mack,Marketing,55014.2,997-707-4980x144,81
martin94@example.com,Donald Coleman,IT,32039.15,001-850-786-2542x71612,82
paige98@example.net,Erica Gray,IT,43009.09,634.241.9863x40202,83
vasquezsandra@example.net,Mary Carter,Finance,50359.73,385-872-7034x92589,84
jonessharon@example.com,Elizabeth Allen,HR,73933.26,764.303.4648x142,85
andrew61@example.net,Melissa Snyder,Marketing,47747.99,001-464-741-4572,86
carterbrandi@example.com,Dawn Archer,IT,45013.96,708.211.0179,87
littlejonathan@example.net,Courtney Morrison,IT,59722.31,+1-527-476-1945,88
ecarr@example.org,Jessica Williams,HR,53526.52,001-655-779-0092x7044,89
mmyers@example.com,Mrs. Michele Gomez,IT,73148.67,350-477-8923,90
cabrerabrandon@example.net,Eric Swanson,Sales,95997.71,001-506-707-0235x876,91
ymcpherson@example.org,Michael Clayton,HR,58263.36,953.324.6913x888,92
reyesshannon@example.com,Jennifer Hendrix,IT,76338.83,451.639.9106x938,93
brockpam@example.net,Samantha Smith,Finance,49062.82,001-810-788-0255,94
pateljessica@example.org,Destiny Stewart,IT,82907.3,892-695-4933x0113,95
james97@example.net,Edwin Edwards,Marketing,37129.15,969-326-4636x947,96
steven89@example.net,Joseph Wilson,Sales,30277.82,(486)440-6223x8927,97
jeffreydyer@example.com,Dr. Dominique Hill MD,HR,56596.42,7464478157,98
umeyer@example.com,Charles Ford,IT,34502.58,296-519-8069x9289,99
darren40@example.org,Lucas Mendoza,Finance,42294.26,(203)426-1177,100
jennifer23@example.com,Aaron Bell,HR,56171.16,444-351-9175,101
nguyenjack@example.net,Troy Martinez,HR,96767.31,001-714-480-8760,102
alannelson@example.com,Timothy Gibson,HR,54728.49,3677683875,103
fosterbrittany@example.net,Brandon Gaines,Sales,82805.82,+1-524-550-4698x370,104
hartmanemily@example.net,Douglas Burgess,Sales,57310.9,9587321448,105
warnerjames@example.org,Denise Burnett,HR,57318.07,001-624-360-7138x3156,106
glen29@example.org,Shawn Anderson,HR,48886.88,771.392.9366x19110,107
lwaters@example.org,Corey Valentine,Finance,58878.12,2154493812,108
wendy16@example.com,Dillon Smith,Sales,32987.85,565-743-7604x202,109
russodale@example.org,Teresa Brooks,Marketing,74059.62,+1-543-349-8334,110
jessicarobinson@example.net,David Murphy,Sales,42851.37,(270)579-7220x6545,111
scottdavidson@example.net,William Miller,Marketing,87039.65,815.297.6415,112
evanseric@example.com,Lori Harmon,Finance,34137.1,345-502-0851x484,113
christianwilson@example.com,Gina Walker,Finance,95971.35,597-299-7819,114
westrebecca@example.org,James Cunningham,HR,75901.59,+1-470-650-8636,115
elin@example.com,Tyler Arias,Marketing,40148.52,877.542.8417,116
torreshannah@example.com,Johnathan Alexander,Sales,31930.77,720-881-3776,117
tylerduncan@example.org,Lance Barajas,Sales,78416.79,820-760-3190,118
johnsonjacob@example.com,Willie Mclean,IT,85915.09,001-344-933-1880x06589,119
aprildiaz@example.org,Emily Williams,Finance,83680.75,+1-526-538-7824x8247,120
vasquezkristin@example.org,Alejandra Jones,Marketing,43321.65,310.916.3905,121
michelle42@example.net,Miss Rebecca Reyes,Marketing,37312.96,(975)272-0507x05267,122
garciajohn@example.net,Todd Nolan,Sales,42944.0,(370)820-5265,123
sritter@example.org,Brett Wallace,HR,53332.18,(442)374-1675,124
zhangtyler@example.com,Sherry Lopez,Marketing,92459.49,(781)680-8882,125
steven63@example.org,Timothy Powell,HR,58110.88,001-359-613-1362x20955,126
adam34@example.net,Kathryn Ramos,Marketing,96344.58,685.284.3154,127
bwilson@example.com,Bradley Wheeler,IT,34306.77,+1-634-566-6155,128
piercedonald@example.net,Meghan Cherry,Finance,39838.57,(570)610-9458x281,129
rodney59@example.net,Stephanie Berry,IT,83852.57,+1-212-498-0757x03441,130
kari67@example.com,Debra Case,Sales,77246.64,(351)215-9331x7071,131
qjohnson@example.com,Antonio Davis,HR,52217.83,958.996.9923x91066,132
keithtimothy@example.com,Kathleen Montoya,Marketing,31426.09,412.460.0347x1009,133
michele55@example.net,Joshua Estrada,Finance,55046.21,+1-815-557-2781x348,134
