employee_id,name,EMAIL,phone,department,salary
1,Michael Kennedy,kyleleonard@example.net,(504)965-8281,HR,66887.73
2,Michael Poole,wigginsleon@example.net,+1-321-338-2516,HR,93251.68
3,Nicholas Madden,richardpayne@example.org,+1-236-917-1614,IT,52188.68
4,Angel Williams,laurahorton@example.com,001-328-731-7382x61865,HR,69067.68
5,Dr. Danielle Montgomery,bryanchristopher@example.org,928.885.1594x8953,HR,87900.12
6,Elizabeth Henderson,jasonduncan@example.com,+1-648-532-0524,Marketing,42494.25
7,Karen Hall,banksbrian@example.com,+1-827-558-6899x551,Marketing,38615.39
8,Christian King,allendavila@example.org,882-764-9504x021,Sales,75114.95
9,Molly Allen,jerome00@example.org,001-949-389-4762x76845,Sales,32138.12
10,Gabrielle Stafford,justinadams@example.org,670-638-4808,Marketing,34895.15
11,Laura Chen,connie49@example.net,(966)646-5452x1383,Finance,31219.75
12,Emily Maldonado,rpittman@example.com,001-297-683-0605,IT,56696.94
13,Tracy Guerrero,charlesmarsh@example.net,+1-241-599-1688x173,HR,64511.54
14,Maureen Baker,bennettdavid@example.com,416-626-4592x74601,Sales,46394.98
15,Rebecca King,jonathan03@example.net,(613)932-8073,Finance,98145.26
16,Cheryl Nielsen,lewisjane@example.com,3005002322,HR,78414.32
17,Kevin Bautista,brenda69@example.org,405-561-9530x3674,Finance,42128.92
18,Adam James,jesse34@example.com,+1-632-418-8399x6526,IT,61213.78
19,Phillip Lewis,lmiller@example.net,(849)957-4767x405,Marketing,98268.16
20,Matthew Bailey,donald84@example.org,(670)389-8205x7000,HR,78637.46
21,Courtney Phillips,parker54@example.com,(612)214-9314,Finance,80240.09
22,Amanda Williams,byrdjacob@example.com,001-493-281-5822x991,Sales,71207.19
23,Diane Thompson,lisasparks@example.org,888-705-8363x3408,Marketing,85318.65
24,Michael Kline,jenniferhenderson@example.com,+1-582-564-6651x65397,Finance,81787.83
25,Meagan Carroll,marie05@example.org,836.740.9500,Marketing,59069.8
26,Dr. Sarah Richard,hriddle@example.com,001-960-447-4686x1641,Sales,73157.0
27,Tonya Duncan,amandachoi@example.net,+1-631-942-0678x17362,IT,40595.94
28,Darren Villa,heidi43@example.org,826.846.6794,HR,89417.64
29,Joshua Wilson,annettemurphy@example.net,663-209-7492x26620,IT,67997.17
30,Joseph Thompson,johnstonandrea@example.org,365.366.0565,Finance,78275.61
31,Peggy Sanchez,ashley57@example.net,894.890.0290x2577,Finance,90406.69
32,Nicholas Dean,scott51@example.com,987.566.4685x3835,Marketing,76249.81
33,Brooke Wells,davidross@example.com,+1-773-776-5341x04050,HR,93293.42
34,John Coleman,maxwhitaker@example.net,(559)366-3901,Finance,52935.87
35,Matthew Rodriguez,bryanwilliams@example.com,001-241-688-0908x42260,Marketing,34528.45
36,James Williams PhD,millerjacqueline@example.org,(440)397-5024x53513,HR,94414.28
37,Dwayne Mason,nelsonkevin@example.net,4486491497,HR,46593.61
38,Miss Kelly Ingram,lscott@example.com,202-556-8086,HR,56262.19
39,Cody Perez,williamnguyen@example.net,001-897-575-4501x385,IT,39233.43
40,Nicholas Johnson,sullivantyler@example.com,999-675-7724x7995,Sales,75612.46
41,Jesus Manning,fgonzalez@example.net,(579)738-9277,Marketing,93084.47
42,Jeffrey Young,tyler94@example.net,001-594-944-7952x312,HR,76487.31
43,Christine Castaneda,mariacain@example.com,+1-334-605-5551,Marketing,36657.1
44,Mr. Anthony Castillo MD,phuff@example.net,5179979391,HR,92187.72
45,Mckenzie Walsh,joseph18@example.com,754.380.0187x720,Marketing,62441.76
46,Matthew Wilson,matthewwilkerson@example.net,8198300560,Finance,79600.75
47,Lisa Walsh,daniel80@example.com,837-373-9410,Finance,98648.36
48,Scott Buchanan,jessica19@example.net,001-670-391-4056x192,Marketing,70937.97
49,David Bradley,alejandro78@example.net,(918)987-3271x826,IT,55938.97
50,Annette Mcpherson,tgonzales@example.net,+1-565-683-1117x5178,Marketing,79670.04
51,Jonathan Lowe,dstewart@example.com,+1-924-890-3642x910,Finance,51821.13
52,Paul Marks,meghan84@example.net,001-602-373-3116x964,HR,64112.65
53,Amber Smith,stewartchristian@example.org,001-279-469-8198,Marketing,42873.48
54,Peter Drake,lisa21@example.org,593-978-4221x546,Finance,60508.15
55,Edward Salinas,wendyvasquez@example.org,(864)560-5729,Finance,31786.64
56,Brian Solis,melissa70@example.net,933.933.8054x795,Finance,91210.98
57,Phyllis Allen,willispaul@example.net,001-858-286-6446x38218,HR,97246.25
58,Jeff Kaufman,rblanchard@example.com,001-433-813-5214x2666,IT,30265.42
59,Mr. Thomas Harris,zjackson@example.org,+1-373-430-4339x7391,Sales,60300.82
60,Angela Bartlett,michael84@example.net,001-567-596-4624x52319,IT,57903.13
61,Edward Kent,michaelbrown@example.com,998-918-9137x404,Sales,40725.05
62,Richard Pena,colemanhaley@example.net,229-464-2585x43729,HR,78070.66
63,Nathan Pennington,anthonyharvey@example.net,001-736-286-4515x00381,HR,64739.46
64,Scott Lee,phelpsjessica@example.com,228.511.3004x89728,HR,63317.34
65,Christopher Goodman,ymaldonado@example.net,700.977.6542,IT,65737.44
66,Jennifer Dominguez,kirkapril@example.org,(863)578-2627x97054,Sales,96303.36
67,Amy Fernandez,amanda06@example.org,905.949.2838x11611,Sales,50987.19
68,Steven Ross,cameron95@example.com,001-593-458-5461x57526,IT,79499.86
69,Richard Haas,michellehernandez@example.com,(906)783-5470x4415,Sales,85060.25
70,Scott Thomas,scottscott@example.net,8272767388,IT,85688.61
71,Thomas Myers,alan83@example.org,(820)480-2474x736,Marketing,61268.95
72,James Watkins,heathercain@example.org,(830)916-6518x5678,Finance,57961.52
73,Evelyn Rodriguez,stephanie60@example.net,660-936-3197x972,Sales,90259.0
74,Scott Salas,christine22@example.org,+1-479-930-3990,HR,94537.07
75,Richard Lewis,haroldthomas@example.com,777.259.2069,Marketing,89450.86
76,Kelly Kennedy,gloriatucker@example.org,(516)305-4934x59009,IT,67289.47
77,Jennifer Baldwin,zimmermanmatthew@example.org,713-470-0995x904,Finance,68178.32
78,Joshua Wolf,hoffmanallison@example.org,(966)271-0116x040,Marketing,60818.6
79,John Robinson,michaelanderson@example.org,340-652-3068x71104,Finance,76386.65
80,Elizabeth Webster,maloneoscar@example.net,893-901-5201,HR,52463.73
81,Thomas Fowler,juan14@example.com,(852)397-9076,Marketing,66435.18
82,Spencer Jones,obrown@example.com,843-212-5384x909,IT,71835.04
83,Michael Hansen,hendersonlori@example.net,776-671-6805,Marketing,40473.65
84,Natalie Thompson,ryanshaun@example.com,+1-426-854-5768x39646,Sales,57382.19
85,Judy Powers,trevor06@example.net,(276)223-5750,Sales,70307.06
86,Harold Burgess,claychristine@example.org,647-244-4616,IT,78736.44
87,Diane Wolf,brownbobby@example.com,855-261-6755x82052,Marketing,91031.0
88,Christopher Daniel,turnerchristian@example.org,882.759.4986x20455,HR,70892.17
89,Richard Lopez,jacosta@example.net,2028507130,Finance,75144.9
90,Michael Daniels,debbielarson@example.net,408.550.6151x16553,Finance,52550.79
91,Lacey Nelson,leslie79@example.net,+1-637-859-3778x287,Finance,70894.06
92,Paul Hill,hbarber@example.com,493.204.8475x4407,Sales,61376.64
93,John Choi,sethroberts@example.com,+1-709-673-2369,IT,63429.4
94,Travis Melendez Jr.,taylor51@example.com,571-979-4473x21199,HR,56749.35
95,Richard Mccormick,ftaylor@example.net,+1-433-785-0266x40430,Marketing,90531.6
96,Jane Bowman,steven58@example.org,001-425-583-8846,IT,53134.2
97,David Adkins,gsullivan@example.net,943-477-8164x4745,IT,85640.42
98,Hector Hamilton,nkennedy@example.org,001-716-853-4030x664,Sales,91084.36
99,Cindy Padilla,christina76@example.net,001-446-258-1269x63973,Finance,87536.56
100,Arthur Moon,lhart@example.net,(340)871-6105,Sales,67695.53
101,Adriana Velazquez,madelinekerr@example.com,416.330.5323x8524,HR,44583.15
102,Riley Martinez,franklin11@example.org,+1-316-869-4428x202,Finance,71628.63
103,Benjamin Montoya,daviddouglas@example.com,+1-208-763-3722,Marketing,97406.67
104,Scott Edwards,lmorgan@example.org,001-470-888-4967,Sales,72130.27
105,Christina Simpson,qedwards@example.net,238.408.4260x9983,Marketing,32231.49
106,Mary Price,jeffreyjones@example.com,392-334-8626x39159,IT,45433.8
107,Sandra Walker,marykrueger@example.net,514-290-0170,Sales,95808.03
108,Carolyn Mason,wesley33@example.org,(447)551-9285x3280,HR,63600.9
109,Misty Adams,hlewis@example.net,001-397-551-0936,IT,97535.1
110,Justin Turner,vfox@example.com,421.275.9307x062,Finance,79448.79
111,Michael Davis,christina38@example.org,(915)680-9634,Marketing,95023.67
112,Rachel Perez,stevenherring@example.com,(860)252-1235x8647,Marketing,78793.77
113,Joanna Jimenez,cmoss@example.net,957.358.1764x4072,Marketing,92021.74
114,Albert Black,asims@example.org,(838)413-7498,Finance,75679.93
115,Andrea Cline,amoreno@example.org,419-380-8439x868,IT,86910.83
116,Jesse Gutierrez,qlutz@example.org,+1-851-611-4340,IT,60595.89
117,Patricia Mcbride,bennettsandra@example.com,677-809-0466x3040,Sales,69125.34
118,Micheal Smith,nancygraham@example.com,001-993-307-3233,HR,39562.55
119,Robert Ingram,christinehays@example.org,001-414-657-4193x2855,HR,40517.61
120,Carl Mosley,dawnhill@example.com,809.948.0179x153,Marketing,30113.65
