employee_id,email,phone,department,Salary
1,timothy89@example.net,(994)907-9236x13791,Sales,54987.02
2,joseph88@example.org,(463)602-3787x3549,Marketing,93722.19
3,rcole@example.net,533.522.7987x1570,Sales,53963.2
4,luke22@example.org,633.846.0396,IT,68931.65
5,autumnjohnson@example.net,240-446-7804x82744,HR,30433.74
6,schmittmonica@example.com,(216)328-0128,IT,58460.66
7,jacksonderek@example.com,918-616-9982x012,Marketing,72052.35
8,rhudson@example.com,+1-857-840-2453x767,Finance,93223.27
9,timothy46@example.org,001-293-642-8750x191,Marketing,46655.34
10,drew35@example.org,585.808.1733x1185,IT,85131.48
11,isabelpotter@example.com,+1-708-390-3007,Sales,57877.28
12,josephevans@example.org,001-380-777-8697x64461,Marketing,84545.4
13,schandler@example.com,001-732-886-8510x23342,IT,88464.24
14,lisa85@example.net,421-259-7018,HR,31838.18
15,julia25@example.org,+1-489-969-8278x862,Finance,75548.03
16,yvonnebrooks@example.net,001-314-373-2251x7561,Sales,42038.66
17,douglas19@example.net,+1-574-548-3877,Marketing,84024.2
18,joseph96@example.org,380.867.0170,HR,30131.35
19,amy66@example.org,+1-747-377-0132x938,Marketing,65481.3
20,adkinsgeorge@example.net,838-574-5810x419,Sales,87375.77
21,michaelbutler@example.org,2079854752,IT,63261.27
22,burnettmonique@example.com,627-812-5249x246,HR,85139.91
23,rodriguezalexander@example.org,417-282-7157x43183,Marketing,81429.75
24,mbenson@example.com,317.360.4081,Sales,91339.69
25,rayjoanne@example.com,4108209230,Marketing,45575.15
26,alexandrarodriguez@example.com,3128968906,Marketing,91977.98
27,april51@example.net,381.672.6890,Sales,86156.66
28,qodom@example.org,(927)255-4979,Finance,69585.2
29,robertmartin@example.net,289.688.3102x047,Sales,97735.11
30,trodriguez@example.org,+1-302-781-1597x91893,Finance,34173.01
31,patrick46@example.com,(351)523-6127x99597,Marketing,77105.78
32,wyork@example.org,882-993-9624,Finance,84847.09
33,david86@example.net,+1-658-819-0433x17196,Finance,34931.2
34,dlozano@example.org,311-227-5903x50783,Finance,61601.52
35,barbaramartin@example.net,+1-767-875-6086,Sales,68995.51
36,emilyjacobs@example.com,850-993-8547x0579,IT,41005.92
37,hharris@example.org,+1-609-705-3241x662,Marketing,84405.99
38,hansenelizabeth@example.org,001-867-833-9544x16577,IT,51666.47
39,adam01@example.net,001-897-783-2531x650,Sales,57474.76
40,adamwilliams@example.org,825-865-6386x92933,IT,62562.33
41,shannon21@example.org,001-803-589-0635x9576,Sales,83146.58
42,diazphillip@example.com,001-465-670-8930x1477,Sales,97126.75
43,hannah47@example.net,923-821-7543,Finance,49822.59
44,cindy47@example.org,272-491-6310x5149,IT,96750.49
45,erussell@example.org,5204440162,HR,94023.93
46,michaelbell@example.com,288.794.2389x9076,Sales,60099.5
47,pking@example.org,972.554.1824,HR,77538.06
48,antoniosimmons@example.net,702-732-0249x098,HR,53027.83
49,morenoedward@example.com,+1-823-416-1794,Finance,37231.12
50,jessica36@example.net,001-311-203-5822x5490,Finance,66416.41
51,danaharvey@example.net,898.492.5247x2278,HR,66504.23
52,reevessean@example.org,+1-572-723-3762,Finance,92242.3
53,ocox@example.net,2467391030,Marketing,93809.85
54,gonzalezclaudia@example.net,+1-717-424-7216x715,IT,67506.28
55,christine86@example.com,3777723860,Marketing,90072.08
56,rosalesdana@example.net,(463)852-3881x4851,Sales,36978.99
57,ibrown@example.org,7503122679,HR,58691.69
58,tylerdowns@example.org,(337)541-5720x146,Sales,98537.91
59,davidmcdaniel@example.org,(622)356-0584x236,Marketing,63644.9
60,ruben25@example.org,+1-767-360-2356,Finance,35575.72
61,louis43@example.com,417-336-2989x623,IT,62468.43
62,hailey53@example.com,(917)700-4471x118,Sales,88554.96
63,bbradley@example.com,3377648705,IT,31406.83
64,raymonddouglas@example.com,287-944-1988,Marketing,79345.88
65,johnespinoza@example.net,598-636-8499x84424,IT,42238.31
66,michelle37@example.com,(346)461-7661x979,Sales,58941.17
67,kelly45@example.net,+1-812-351-9811x7386,HR,78669.37
68,smithcraig@example.com,(335)758-3064,HR,34431.67
69,shaffermadeline@example.net,861-991-4833x51865,Sales,49384.38
70,armstrongdavid@example.net,631.699.2130x2354,IT,73651.33
71,michael98@example.org,7202504544,Finance,63639.48
72,todd77@example.com,(562)496-4130x778,IT,62582.87
73,curtisroth@example.com,001-989-881-3585,Finance,77200.57
74,scott89@example.org,(420)849-5366x3331,IT,38552.12
75,vanessa77@example.net,719-853-3950x107,HR,94535.84
76,kimberly56@example.net,250-492-6765,IT,46182.23
77,christopher09@example.com,701-989-8389,Marketing,95089.77
78,rodriguezlawrence@example.com,+1-772-920-6718x0217,Marketing,98831.31
79,ktaylor@example.com,+1-427-498-3752x253,Finance,89656.66
80,garciacory@example.com,861-501-4041x4359,IT,33337.13
81,dylanmccarty@example.org,(326)618-6547x9754,Marketing,48687.11
82,amyshah@example.org,(437)266-2155,IT,49746.82
83,bradley07@example.com,5683584184,Marketing,46997.29
84,vyoung@example.org,838.233.1456x8164,Marketing,85216.81
85,kevinmunoz@example.org,+1-889-811-3885x36454,HR,92175.92
86,flowersmelissa@example.org,(344)829-7527x47010,Finance,87658.98
87,robert27@example.com,746-298-9703,Sales,30091.27
88,mcmillanmatthew@example.net,001-474-649-5047x4732,IT,69514.99
89,michael51@example.com,+1-910-746-7662x2921,HR,97935.77
90,michelle61@example.org,001-773-342-7679x267,Marketing,88872.23
91,theresa54@example.com,001-439-221-7463,HR,89967.0
92,lawsonjodi@example.net,+1-239-535-5585x3613,IT,54540.03
93,dixonmarie@example.com,+1-462-926-0699x396,Finance,75114.07
94,josephduncan@example.com,001-564-467-3720x086,IT,50017.1
95,melissa09@example.com,223.576.5601,HR,88997.53
96,jennifer31@example.org,7618329422,Marketing,77547.42
97,bradleylisa@example.org,749-633-8972x000,Marketing,58760.9
98,gonzalezmichael@example.net,5429999038,Marketing,37231.29
99,czimmerman@example.com,703-724-0367,Finance,75883.02
100,randy56@example.org,(350)227-0405,Marketing,86749.79
101,loganadams@example.org,(721)444-3506x675,Finance,90637.77
102,stephensonapril@example.net,215-994-8633x02754,Marketing,96050.35
103,mmoreno@example.org,(216)724-3036x665,IT,34518.11
104,thomasgreen@example.org,(784)246-9423,Sales,47325.19
105,kleinjohn@example.org,(208)498-6548,HR,45582.93
106,curryjohn@example.net,929.640.1251x02937,Finance,81788.33
107,christopher11@example.net,8845607632,Finance,91368.6
108,mcneilchristina@example.org,748-385-8669x159,Sales,71443.12
109,dchristensen@example.org,(839)597-6827,Marketing,70191.65
110,kyle71@example.com,+1-993-658-6791x879,Marketing,47527.34
111,kevinboone@example.com,001-502-620-6807x5460,IT,49997.29
112,andrewmiller@example.net,001-766-210-3594x2015,IT,33965.48
113,fergusonelijah@example.net,(576)759-3661x4594,Sales,72057.85
114,crystal22@example.net,001-235-321-1766x98202,Finance,49422.59
115,stevenchen@example.org,877-444-8458,Finance,82203.01
116,cynthia34@example.org,(429)472-9128x54316,IT,45162.79
117,erica88@example.org,001-547-891-5920,IT,32461.08
118,reginald12@example.com,600-391-2414x783,Sales,58378.74
119,hobbsjohn@example.com,(678)456-0831x3478,IT,71781.66
120,ashleymcintosh@example.org,001-866-300-7537x2393,Finance,43974.68
121,tracy72@example.net,+1-634-646-5151,Finance,88835.63
122,phillipwhite@example.org,(957)496-2615,IT,75960.87
123,bradleyalvarado@example.org,+1-769-765-1440x82138,HR,64778.28
124,colemandeanna@example.net,001-377-893-6845x90527,Sales,87985.6
125,stonesusan@example.com,857-319-2803,Finance,89781.01
126,robinsonjustin@example.com,+1-231-311-8478x236,Marketing,66002.66
127,aprilvillarreal@example.com,527-717-0738x29274,IT,41300.52
128,vanessariley@example.net,+1-311-838-0174x61891,Finance,86191.63
129,rodgersbrian@example.com,476.719.5242x525,Sales,82206.71
130,zachary37@example.org,001-993-966-1499x4945,IT,78313.56
131,umartinez@example.net,8356840854,IT,33111.14
132,elizabeth70@example.net,+1-587-826-9441,HR,35066.65
133,kevin71@example.net,554.955.0577,Sales,95971.63
