employee_id,name,email,department,salary
1,Michael Peters,arodriguez@example.org,IT,61270.92
2,Rebecca Rodriguez,jennifer30@example.net,Sales,95262.8
3,David Patterson,april52@example.org,IT,63564.91
4,James Rodriguez,udunn@example.net,IT,73871.23
5,Toni Dudley,shelleybrown@example.org,Marketing,34417.76
6,Robert Delgado,tscott@example.org,Sales,77282.1
7,Ashley Scott,davidhunt@example.net,Marketing,30678.72
8,Dale Burns,uruiz@example.net,IT,37043.77
9,Kimberly Bryan,susan15@example.org,Marketing,78025.78
10,Eric Ross,nmcconnell@example.net,Sales,78932.05
11,Brandon Peterson,pamelarobinson@example.org,HR,68891.76
12,Sarah Norton,amandashaw@example.net,IT,91588.53
13,Jeffrey Wilson,twright@example.com,Finance,84008.04
14,Mark Harper,alison52@example.net,HR,61323.63
15,Amy Townsend,potterbrittany@example.com,Sales,78617.55
16,Brett Bryant,renee66@example.com,Marketing,35864.06
17,Kelly Bryant,kimmichael@example.net,Finance,76353.14
18,Brett Walters,bookeradriana@example.org,Sales,39544.76
19,Kelsey Gonzalez,justin25@example.net,Sales,43528.4
20,William Anderson MD,kristamoore@example.com,Sales,56031.24
21,Jennifer Kelly,debbie97@example.net,HR,33900.79
22,Glen Stephenson,kylepruitt@example.com,Finance,72735.06
23,Steven Nichols,ronald67@example.com,IT,31653.73
24,Amber Clay,robertali@example.net,Sales,68853.59
25,Bradley Newman,christinatucker@example.net,IT,41622.9
26,Julia Garcia,hcalderon@example.com,HR,31206.17
27,Kenneth Crawford,brookemiranda@example.org,Marketing,69549.41
28,Jamie Morgan,loricaldwell@example.net,Finance,98209.75
29,Elizabeth Dean,nancy66@example.com,IT,74995.89
30,Kimberly Pollard,pmcbride@example.net,Sales,99772.87
31,Jennifer Ortiz,dunnrobert@example.net,Finance,41872.65
32,Justin Hubbard,hbrown@example.com,IT,64385.08
33,Jaime Stark,jonesnathan@example.net,Finance,34231.0
34,Marilyn Torres,zdurham@example.org,Marketing,62303.49
35,Pamela Singh,browncarolyn@example.org,HR,59239.8
36,Keith Compton,sandrasmith@example.net,Finance,76705.67
37,Matthew Morris,vsanchez@example.com,Sales,43054.89
38,Timothy Lee,obates@example.com,IT,58988.19
39,Jamie Andrews,alexandercollins@example.org,Marketing,77106.66
40,Jonathan Cooper,jacob39@example.com,Sales,69046.95
41,Wanda Heath,benderkimberly@example.net,Marketing,48826.91
42,Kayla Stephens,thomascolleen@example.net,Marketing,73436.08
43,Anthony Johnson,joannejohnson@example.net,IT,45521.13
44,Steven Nguyen,qclark@example.org,IT,93482.97
45,Eduardo Thomas,michealdorsey@example.net,Marketing,82603.23
46,Kevin Edwards,mario50@example.net,Marketing,53355.26
47,Victoria Wheeler,sdeleon@example.net,Sales,83484.32
48,Brittany Bender,tporter@example.net,Sales,48684.99
49,John Stevens,sellersjohn@example.com,Marketing,44310.58
50,Tonya Castillo,lopezerin@example.org,Sales,39406.25
51,Kelly Mckay,alexandralarson@example.com,Sales,40253.56
52,Jimmy Garcia,randysoto@example.net,Marketing,35429.3
53,Scott Peterson,wford@example.com,Sales,51013.54
54,Wanda Marshall,pamelahobbs@example.com,Sales,93910.06
55,Savannah Robinson,djones@example.net,IT,53340.74
56,Joseph Frost,martindavid@example.org,HR,65175.71
57,Danielle Salazar,amy88@example.net,IT,90672.45
58,Dan Buck,aguilaramanda@example.com,Finance,38595.48
59,Donna Waters,goodalexander@example.net,Sales,40477.61
60,William Hernandez DDS,okane@example.org,IT,64749.02
61,Ariana Lopez,wkerr@example.net,Finance,53154.25
62,Susan Sanders,xmartin@example.org,IT,74631.9
63,Crystal Hubbard,thomasshane@example.net,Finance,48323.36
64,Emily Rose,nstephens@example.com,Sales,38678.98
65,James Parker,qmorris@example.org,Sales,81459.34
66,Jessica Cooper,cvargas@example.org,HR,98480.55
67,Jim Wallace,ohines@example.com,Sales,98954.52
68,Joseph Brandt,christopherglass@example.org,Sales,46941.76
69,Meghan Riley,katherine73@example.com,HR,53251.75
70,Rodney Cruz,david87@example.com,Marketing,31382.68
71,Ryan Simmons,jevans@example.com,Marketing,81537.33
72,Nicholas Thomas,colinholland@example.org,Finance,73719.23
73,Teresa Hampton,manuel48@example.org,HR,44148.56
74,Robin Gutierrez,powersnatalie@example.com,Sales,87981.02
75,Randall Adams,erica85@example.org,IT,30385.36
76,Laura Sanchez,jamie26@example.net,IT,50986.28
77,Misty Kerr,tmay@example.net,Sales,76654.38
78,Andrew Mcguire,eric49@example.net,HR,91534.67
79,Russell Smith,simmonsangela@example.net,HR,61392.92
80,David Navarro,lawrenceallen@example.com,Marketing,54695.64
81,Robert Floyd,allisonharmon@example.com,Marketing,71916.11
82,Marcus Turner,julia13@example.net,HR,80180.58
83,Kathryn Vang,hornkevin@example.net,IT,53339.21
84,James Herrera,wjohnson@example.com,HR,95506.25
85,Aaron Charles,allison01@example.net,Sales,51603.21
86,Ralph Braun,jessica66@example.net,Sales,90476.44
87,Edwin Gallagher,turnercarla@example.org,HR,91759.97
88,Christina Morris,wprice@example.com,HR,40181.53
89,Mr. Miguel Gomez,melliott@example.com,Marketing,68877.17
90,Debbie Ramirez,pbarr@example.com,Finance,84628.22
91,Christopher Wong,melissacruz@example.net,HR,97520.73
92,Brian Juarez,taylortravis@example.net,Sales,89992.81
93,Patricia Hurley,cookamanda@example.org,HR,34269.74
94,Amanda Dyer,novaklisa@example.com,Finance,76516.01
95,Jonathon Calderon,reedterry@example.net,Finance,81134.9
96,Julie Henderson,daytimothy@example.com,Sales,73806.56
97,Jessica Navarro,kevindickson@example.net,Marketing,66760.51
98,Angela Hunt,rcollier@example.org,IT,37449.4
99,Kelly Gaines,ltaylor@example.com,HR,57761.35
100,Dillon Foster,henrymolina@example.org,HR,47154.34
101,Todd Allen,johnsonjessica@example.org,Sales,42686.64
102,Jose Jones,bianca74@example.net,Marketing,70406.16
103,Erica Reilly,smithkayla@example.org,HR,37777.17
104,Crystal Mitchell,andrew48@example.net,HR,55407.74
105,Natasha Becker,william92@example.org,Sales,81760.57
106,Mr. Jeffrey Novak,heidismith@example.com,Marketing,88529.4
107,Kerry Chan,danielle34@example.net,IT,69690.36
108,Gina Meyers,mason79@example.org,Finance,86707.84
109,Ernest Diaz MD,jay06@example.org,Sales,91784.13
110,Kathryn Ramos DDS,williamsmichael@example.com,Marketing,47269.45
111,Margaret Hernandez,john17@example.com,Sales,95091.81
112,Corey Gardner,andrew19@example.net,Finance,96574.65
113,Jenny Anderson,santiagojeff@example.com,Marketing,86558.31
114,Sean Guzman,obarron@example.com,IT,69022.9
115,Jon Madden,adriangrant@example.org,IT,64135.22
116,Kevin Sanders,barrettbrian@example.net,Marketing,78731.06
117,Kevin Russell,lopezabigail@example.com,IT,39962.98
118,Ryan Miller,thomaszamora@example.com,IT,70603.92
119,Cheyenne Williams,daniel19@example.net,Sales,72321.03
120,Cameron Jackson,qdavenport@example.net,Marketing,62397.9
121,Susan Nguyen,angelagarcia@example.com,Sales,31414.57
122,Mr. Brian Parker,richardsontom@example.net,IT,63389.68
123,Kristen Wilson,richard31@example.net,Marketing,30026.04
124,Stephanie Cabrera,jamesrodriguez@example.com,HR,30824.61
125,Monica Evans,alicia09@example.org,Finance,86814.52
126,Michael Simmons,stephanie48@example.net,Marketing,93668.57
127,Susan Merritt,ronald28@example.net,Sales,64910.4
128,Brandy Woods,maldonadoamy@example.org,HR,35891.31
129,Melinda Griffin,samanthareese@example.com,Sales,92859.87
130,Daniel Thomas,mary83@example.org,IT,48473.93
131,Kevin Martinez,yking@example.net,HR,56712.54
132,Patricia Mcbride,waltermoore@example.net,Marketing,62477.69
133,Jennifer Hernandez,lambertdebra@example.org,Marketing,66664.41
134,Albert Obrien,jakemorrison@example.org,Marketing,69004.14
135,Jonathan Garrett,tkelly@example.net,Sales,92899.52
136,Charles Sanders,dawsonjennifer@example.net,IT,89899.58
137,Tiffany Lopez,nho@example.com,Finance,31245.28
138,Samuel Wilson DDS,dgibson@example.org,Marketing,40788.05
139,Brenda Zamora,jared91@example.com,Marketing,34018.27
140,Jared Phillips,james03@example.net,IT,55262.67
141,Kevin Smith,lambertcory@example.net,Marketing,61197.72
142,Katelyn Gray,megan44@example.org,Finance,85461.14
143,Nicole Murray,townsendbrad@example.com,IT,74881.22
144,George Nguyen,kennethmassey@example.net,Sales,41895.48
145,Stephanie Phillips,maria92@example.org,IT,45492.87
146,Michael Garrett,joshua60@example.com,IT,65507.47
