employee_id,name,email,phone,department
1,Angela Melton,jstewart@example.net,(798)299-9305,IT
2,Steven Love,obriensheryl@example.org,(674)532-4234,Finance
3,Francis Mullen,mary00@example.org,(828)301-9647x2539,HR
4,Adam Martin,feliciahowell@example.org,641-934-1431,Sales
5,Lucas Butler,stewartdavid@example.com,419-235-2544x34226,IT
6,Becky Brown,ksmith@example.net,001-776-679-3245x228,Marketing
7,William Eaton,ubrown@example.com,749-858-7851,IT
8,Connor Schmidt,elizabethlindsey@example.org,713.662.7342,Sales
9,Shawn Morris,ljohnson@example.org,001-921-855-1944x633,Marketing
10,Paul Obrien,christy62@example.org,2327667266,HR
11,Pamela Pennington,jonathanthomas@example.com,001-990-793-7947x840,Sales
12,Mark Jackson,fgutierrez@example.net,743-475-4355,Sales
13,Benjamin Jensen,lopezkyle@example.net,223.219.6840x7972,Sales
14,Mr. Chase James,ihoffman@example.com,+1-929-354-5011x2004,HR
15,Jamie Evans,whoffman@example.net,750.987.0163x7315,IT
16,Richard Griffith,mmoss@example.org,(671)470-7499,IT
17,Sharon Fisher,jeremy05@example.com,867.636.2027,Finance
18,Brooke Charles,woodsmichael@example.com,580-283-8187,Marketing
19,Mrs. Tammy Pineda,ajohnston@example.net,978.781.8687,HR
20,Brett Miller,brittany64@example.org,001-268-572-5053x80998,Finance
21,Cynthia Roman,lindseycynthia@example.net,(926)830-5074,Finance
22,Valerie Luna,ronaldmorris@example.org,+1-618-524-3596x6949,IT
23,Emily Brown,matthew99@example.net,265.566.2507x11026,Marketing
24,Valerie Benitez,vcurtis@example.com,001-357-806-0094x27201,HR
25,Jacob Leonard,ktucker@example.org,+1-758-856-4579,HR
26,Kristina Smith,andrewtaylor@example.com,9898763893,Sales
27,Elizabeth Osborn,dwaynemeyer@example.org,302.639.3702,HR
28,Destiny Johnson,joshua99@example.net,372.630.4445,IT
29,Sabrina Lopez,serranodoris@example.net,363.354.6340x235,HR
30,John Miller,matthewvega@example.net,496.283.7391x65528,HR
31,Brian Barry,igoodman@example.org,784.883.7375x5998,HR
32,Samuel Lewis,webberic@example.com,001-470-328-8710x7171,HR
33,Caroline Butler,thomas62@example.org,001-480-381-4658x9009,Sales
34,Alison Macdonald,dunnpamela@example.org,524.926.5535x6609,HR
35,Erin Davis,christopherodonnell@example.com,354-741-9732x5992,Finance
36,Megan Aguilar,molinaryan@example.net,867.954.6637x6645,HR
37,James Norman,leerobert@example.net,516-718-4798x46434,Marketing
38,Melanie Ferguson DVM,mosborne@example.com,2939544425,HR
39,Thomas Wilkerson,lsweeney@example.net,001-514-674-2364x7944,Sales
40,Jorge Harper,aaronbrown@example.com,+1-467-746-5352x4582,HR
41,Shelley Jensen,josephcortez@example.org,001-953-206-9020x7448,Sales
42,Jennifer Jensen,thomas29@example.org,3344959098,Sales
43,Stephen Weiss,haynesjudy@example.com,(671)238-3596x43414,Marketing
44,Kevin Sharp,tiffany62@example.org,+1-486-553-6930x752,Sales
45,Douglas Brown,stephanie89@example.com,396.378.6015x23332,Sales
46,Robert Payne,martinapril@example.com,421-580-3040x20969,Sales
47,Laura Jackson,joshua91@example.org,001-463-697-7211x514,Sales
48,Michael Johnson,atrujillo@example.com,+1-981-606-4523x097,Finance
49,Holly Carter,revans@example.com,748-554-1349x237,Finance
50,James Jensen,berryshelly@example.org,(329)303-2792,HR
51,Mario Smith,hwilliams@example.org,(915)890-8578x103,HR
52,Lacey Berry,gmclaughlin@example.com,9293430586,HR
53,Sarah Hanson,thompsongary@example.com,001-685-562-3080x30842,Marketing
54,Melissa Burnett,heidiperez@example.com,2826511295,IT
55,Sandra Brewer,cpatton@example.net,386.338.4132,Sales
56,Casey Turner,schneidermichael@example.com,561-879-9783x446,Marketing
57,Amy Mcclure,kfisher@example.org,(887)363-9410,Sales
58,Cynthia Ellis,phillipshunter@example.com,+1-533-608-7408x1098,Marketing
59,Erin Crawford,fruiz@example.net,+1-495-393-7403x31468,HR
60,Dana Owens,gallen@example.net,859.216.1648x32786,Finance
61,Stacey Martinez,david22@example.org,832.568.4266x796,Finance
62,Kimberly Serrano,david90@example.com,797.408.8476,HR
63,Jacob Herrera,josephgould@example.net,+1-829-922-9529x34684,Finance
64,Meghan Garcia,hgray@example.net,+1-428-742-3279,HR
65,Theresa Lee,bburton@example.com,001-778-244-5548x1639,HR
66,Mark Pearson,fcooper@example.net,001-379-984-8120x79216,Finance
67,Stacey Erickson,nhughes@example.net,522.414.5585,Marketing
68,Andrea Turner,taylorwolfe@example.com,001-852-738-8075x26382,IT
69,Maria Tapia,nelsontyler@example.com,3288627030,HR
70,Brittany Green,hsmith@example.com,696.499.2457,Marketing
71,Kathryn Cruz,gmunoz@example.net,424-727-0739x602,IT
72,Kyle Roberts,kristenwilliams@example.org,001-642-664-7036x41685,Marketing
73,Casey Ellison,tiffany95@example.org,(668)360-7341x949,Finance
74,Ralph Ramirez,krodriguez@example.net,001-694-225-9471x54599,HR
75,Edward Patton,averyashley@example.net,573-997-6510x577,Finance
76,Melinda Collins,lindagrant@example.net,751-804-0521,Marketing
77,Jeffrey Murray,cartersamuel@example.org,682.728.3314x75042,IT
78,Jamie Eaton,jwalker@example.net,705-219-2415x1304,Finance
79,Catherine Nicholson,vcain@example.org,001-442-952-9424x7149,IT
80,Shannon Graham,nathanwolfe@example.com,001-854-609-2678x764,IT
81,Christopher Lee,iroberts@example.com,733-331-1459x659,Sales
82,Raymond Stevenson,flemingamanda@example.org,(320)286-1459,HR
83,Mrs. Pamela Martin,robertsolis@example.org,8757748488,Marketing
84,Bryan Johnson,katelyn68@example.com,(465)812-3449x11451,Sales
85,Patricia Miller,thomasjimmy@example.com,299.584.1766x98264,Sales
86,Justin Hale MD,katelynperez@example.net,997-890-9160x4134,Finance
87,Jerry Cain,fieldsscott@example.org,826-959-6597x85072,HR
88,Joel Martinez,andersonbriana@example.org,410.794.8673x8784,IT
89,Andrea Hayes,hawkinstroy@example.org,365.405.1154x660,Finance
90,Cheyenne Henderson,stephaniecole@example.com,+1-992-530-9760x363,Marketing
91,Ryan Hunter,cassandra51@example.com,853.293.3589x68610,IT
92,Amy Willis,shays@example.org,(988)441-1763x24153,Sales
93,Tracey Ray,jason38@example.org,489-775-7396x19999,Sales
94,Angela Morgan,paulahale@example.com,+1-449-639-1843x22564,Marketing
95,Christopher Anderson,daniel95@example.com,5506926395,Finance
96,Tonya Hebert,jeffreynichols@example.com,+1-536-832-2006x51660,Finance
97,Kelly Miller,christinasullivan@example.net,606.487.7842x70523,Marketing
98,Jonathan Meyer,anna02@example.org,536.234.7104,Marketing
99,Nathan Lewis,benitezsarah@example.org,911-843-6070x45450,Marketing
100,Ashley Brown,agrimes@example.org,+1-804-235-9386x303,HR
101,Kimberly Steele,uwolfe@example.com,647-997-3211x762,IT
102,Melanie Pena,reynoldsricky@example.org,001-340-645-0243x070,Finance
103,Tammy White,michael48@example.org,3428563947,IT
104,Kelly Herrera,sanfordsteven@example.net,8779241847,Sales
105,Victoria Hunt,patelholly@example.net,001-643-711-2595x05729,Finance
106,Gregory Hobbs,emilyclark@example.com,+1-474-757-7202x006,HR
107,Louis Edwards,melissakelley@example.org,(804)419-3458x1392,HR
108,Patrick Obrien,erodriguez@example.net,898-486-6993x524,Sales
109,Christopher Mayo,barnettmackenzie@example.org,9605178803,IT
110,Anthony Hicks,coledenise@example.org,+1-769-987-8264,Sales
111,Maria Weiss,scott65@example.org,231.494.7973x81151,IT
112,Pamela Scott,ashley42@example.org,812.283.1814x68531,IT
113,Haley Hatfield,caitlinhernandez@example.com,(813)327-1650,IT
114,Peter Hughes MD,sodonnell@example.org,+1-978-733-2492,Finance
115,Jeff Torres,pmcguire@example.org,705.841.6422,Finance
116,Tammy Campbell,jason67@example.net,455-700-7991,Finance
117,Gregory Peterson,adam36@example.com,892.309.7065,Finance
118,Michael Lewis,nguyenkristin@example.net,001-897-870-8310x77950,Sales
119,Kyle Klein,logansmith@example.com,(727)535-7735x102,Finance
120,Jeffrey Lowe,stephaniesmith@example.com,977-644-8542,Finance
121,Michelle Carter,kristinhernandez@example.com,001-242-951-6920x33663,HR
122,Gabriela Fuller,reyeschris@example.com,411.314.9206,Finance
