flight_id,airline,departure,arrival,departure_time,arrival_time,duration_minutes,price
1,Beta Airlines,Hernandezton,Alyssaview,2024-12-03 10:33:32,2024-12-03 14:02:32,209,233.21
2,Delta Flights,New Leslie,Brownbury,2024-06-17 00:49:24,2024-06-17 04:43:24,234,1272.39
3,Air Alpha,Brownbury,Zacharyberg,2024-09-18 19:52:44,2024-09-19 05:31:44,579,1460.72
4,Air Alpha,Ayalaview,Hernandezton,2025-02-09 18:50:05,2025-02-09 22:35:05,225,300.65
5,Beta Airlines,Hernandezton,New Leslie,2024-05-13 16:57:43,2024-05-13 22:46:43,349,1038.11
6,Beta Airlines,Zacharyberg,Brownbury,2024-03-18 20:43:08,2024-03-19 02:42:08,359,759.81
7,Air Alpha,Lake Michaelland,Katherinetown,2024-07-28 10:41:25,2024-07-28 20:36:25,595,607.61
8,Beta Airlines,Smithville,Lake Michaelland,2024-10-15 08:44:14,2024-10-15 14:50:14,366,467.47
9,Gamma Air,Ayalaview,South Ryan,2024-09-06 04:28:52,2024-09-06 10:20:52,352,1048.15
10,Beta Airlines,Walterbury,Walkerview,2024-11-14 03:49:48,2024-11-14 12:58:48,549,799.65
11,Beta Airlines,West Cynthia,Brownbury,2024-08-31 11:34:58,2024-08-31 18:50:58,436,480.85
12,Gamma Air,Zacharyberg,East Raymond,2024-09-18 20:02:29,2024-09-18 21:30:29,88,1056.63
13,Beta Airlines,Walterbury,Smithville,2025-01-02 06:28:38,2025-01-02 15:42:38,554,885.11
14,Gamma Air,Walkerview,Katherinetown,2024-07-06 09:25:48,2024-07-06 10:57:48,92,55.63
15,Air Alpha,Alyssaview,West Cynthia,2024-08-03 03:19:11,2024-08-03 08:59:11,340,818.45
16,Beta Airlines,Walkerview,Matthewstad,2024-03-02 07:13:22,2024-03-02 13:14:22,361,968.5
17,Air Alpha,Alyssaview,Bakerfort,2024-03-16 19:33:29,2024-03-17 02:45:29,432,305.81
18,Gamma Air,Smithville,Matthewstad,2024-04-19 06:47:34,2024-04-19 11:28:34,281,681.77
19,Air Alpha,Lake Michaelland,East Raymond,2024-09-07 08:07:29,2024-09-07 14:27:29,380,1412.55
20,Delta Flights,Alyssaview,Katherinetown,2024-08-29 22:41:47,2024-08-29 23:46:47,65,1366.93
21,Delta Flights,Smithville,Lake Michaelland,2024-04-07 15:52:16,2024-04-07 19:35:16,223,175.27
22,Gamma Air,Lanemouth,Walkerview,2025-01-10 07:53:48,2025-01-10 09:00:48,67,70.34
23,Air Alpha,East Theresatown,Lanemouth,2024-12-22 02:20:27,2024-12-22 08:57:27,397,1245.3
24,Delta Flights,South Ericstad,Ayalaview,2024-06-06 22:35:15,2024-06-07 07:22:15,527,1285.11
25,Delta Flights,Alyssaview,South Ryan,2025-01-28 05:25:45,2025-01-28 09:16:45,231,100.53
26,Beta Airlines,Lake Michaelland,Hernandezton,2024-12-12 16:36:18,2024-12-13 00:00:18,444,1117.07
27,Air Alpha,Lanemouth,Zacharyberg,2024-09-05 22:45:00,2024-09-06 06:18:00,453,1457.2
28,Air Alpha,Alyssaview,South Ericstad,2024-09-22 09:33:30,2024-09-22 12:53:30,200,1314.61
29,Gamma Air,West Cynthia,New Leslie,2024-05-21 09:33:23,2024-05-21 10:43:23,70,246.73
30,Beta Airlines,East Theresatown,New Leslie,2024-12-29 04:03:54,2024-12-29 11:07:54,424,1113.6
31,Gamma Air,Lake Joseborough,Zacharyberg,2024-12-05 15:28:58,2024-12-05 17:20:58,112,1308.8
32,Gamma Air,South Ryan,South Ericstad,2024-04-18 18:12:17,2024-04-18 22:16:17,244,393.18
33,Gamma Air,West Cynthia,South Ericstad,2024-09-24 01:54:40,2024-09-24 06:58:40,304,314.62
34,Air Alpha,Bakerfort,Katherinetown,2024-07-30 17:44:29,2024-07-30 20:47:29,183,663.32
35,Delta Flights,Brownbury,Lanemouth,2024-11-20 04:52:14,2024-11-20 07:27:14,155,158.43
36,Delta Flights,New Leslie,Katherinetown,2024-07-06 00:33:37,2024-07-06 09:32:37,539,1316.76
37,Gamma Air,Bakerfort,West Cynthia,2024-11-03 18:00:06,2024-11-04 03:13:06,553,1385.0
38,Gamma Air,Bakerfort,New Leslie,2024-09-15 00:35:47,2024-09-15 10:02:47,567,878.06
39,Beta Airlines,East Raymond,Katherinetown,2024-09-20 15:11:59,2024-09-20 20:41:59,330,372.98
40,Beta Airlines,Lake Joseborough,New Leslie,2024-12-25 05:51:58,2024-12-25 08:37:58,166,746.12
41,Beta Airlines,Walkerview,South Ericstad,2024-09-10 07:29:22,2024-09-10 13:45:22,376,1299.98
42,Beta Airlines,Lake Joseborough,West Cynthia,2025-02-04 01:41:06,2025-02-04 07:41:06,360,1029.19
43,Beta Airlines,New Leslie,Walterbury,2024-07-01 04:51:17,2024-07-01 08:40:17,229,1409.93
44,Delta Flights,Lanemouth,Zacharyberg,2024-08-08 15:51:59,2024-08-08 18:32:59,161,771.34
45,Delta Flights,Brownbury,Matthewstad,2024-07-06 15:35:37,2024-07-06 20:59:37,324,721.97
46,Beta Airlines,South Ericstad,Ayalaview,2024-08-18 01:54:54,2024-08-18 11:49:54,595,1077.54
47,Beta Airlines,Walterbury,Hernandezton,2024-09-08 03:06:41,2024-09-08 13:01:41,595,170.38
48,Air Alpha,Zacharyberg,Hernandezton,2024-07-30 15:56:50,2024-07-30 23:14:50,438,405.31
49,Delta Flights,Lake Michaelland,Alyssaview,2024-11-05 19:41:31,2024-11-06 00:48:31,307,309.38
50,Air Alpha,New Leslie,Ayalaview,2024-10-13 09:25:57,2024-10-13 14:00:57,275,1145.26
51,Air Alpha,Matthewstad,Lake Michaelland,2024-06-23 15:52:34,2024-06-23 21:14:34,322,951.22
52,Gamma Air,East Theresatown,East Raymond,2024-05-31 13:40:20,2024-05-31 16:59:20,199,854.59
53,Gamma Air,Walkerview,Walterbury,2024-10-13 00:29:30,2024-10-13 08:34:30,485,845.2
54,Air Alpha,East Theresatown,New Leslie,2024-07-04 17:47:58,2024-07-04 18:56:58,69,1496.64
55,Delta Flights,South Ericstad,Katherinetown,2024-04-22 02:46:36,2024-04-22 12:11:36,565,1335.5
56,Beta Airlines,Lake Joseborough,Matthewstad,2024-07-23 17:11:30,2024-07-23 20:19:30,188,893.07
57,Gamma Air,Zacharyberg,Alyssaview,2025-01-31 02:19:05,2025-01-31 08:48:05,389,64.51
58,Delta Flights,Katherinetown,Smithville,2024-04-14 21:08:52,2024-04-15 04:09:52,421,1171.21
59,Beta Airlines,Katherinetown,Bakerfort,2024-08-04 19:57:08,2024-08-05 00:05:08,248,902.83
60,Delta Flights,South Ericstad,Katherinetown,2024-09-26 09:58:23,2024-09-26 19:40:23,582,1070.13
61,Delta Flights,Ayalaview,Walkerview,2025-01-13 08:40:22,2025-01-13 12:05:22,205,677.46
62,Beta Airlines,East Raymond,Walkerview,2025-01-14 04:26:26,2025-01-14 09:06:26,280,946.92
63,Delta Flights,East Theresatown,Zacharyberg,2024-08-13 04:31:12,2024-08-13 06:05:12,94,1005.65
64,Gamma Air,South Ryan,Matthewstad,2024-11-27 05:33:02,2024-11-27 08:46:02,193,969.52
65,Beta Airlines,Matthewstad,East Theresatown,2024-10-31 00:19:56,2024-10-31 05:50:56,331,1423.43
66,Gamma Air,Hernandezton,Walterbury,2024-10-17 16:13:01,2024-10-18 01:54:01,581,676.24
67,Beta Airlines,Hernandezton,Brownbury,2024-11-06 10:04:54,2024-11-06 16:55:54,411,1032.46
68,Delta Flights,Alyssaview,Walterbury,2024-10-10 08:56:54,2024-10-10 13:00:54,244,459.66
69,Air Alpha,East Raymond,Lanemouth,2024-07-27 22:50:54,2024-07-28 06:19:54,449,606.32
70,Delta Flights,Lanemouth,Hernandezton,2024-04-28 08:20:29,2024-04-28 18:01:29,581,1295.56
71,Air Alpha,East Theresatown,Lake Michaelland,2024-04-29 09:45:08,2024-04-29 14:08:08,263,547.61
72,Gamma Air,Zacharyberg,Matthewstad,2025-01-05 18:16:21,2025-01-06 01:55:21,459,336.45
73,Beta Airlines,Bakerfort,Walterbury,2024-12-24 22:47:04,2024-12-25 02:30:04,223,1360.44
74,Delta Flights,Alyssaview,Walterbury,2024-03-30 20:19:18,2024-03-31 06:09:18,590,823.08
75,Delta Flights,Smithville,New Leslie,2024-10-15 23:31:28,2024-10-16 03:26:28,235,1071.77
76,Gamma Air,Zacharyberg,Matthewstad,2024-07-15 22:11:16,2024-07-16 04:39:16,388,739.67
77,Beta Airlines,Lake Michaelland,West Cynthia,2024-07-15 02:44:53,2024-07-15 05:10:53,146,86.49
78,Air Alpha,South Ryan,Matthewstad,2024-10-10 12:01:07,2024-10-10 13:40:07,99,835.92
79,Gamma Air,Alyssaview,Bakerfort,2024-04-12 16:39:53,2024-04-12 22:39:53,360,1481.94
80,Delta Flights,Brownbury,Walterbury,2024-04-08 14:09:19,2024-04-08 22:28:19,499,902.24
81,Beta Airlines,South Ericstad,Lake Joseborough,2024-04-26 04:07:35,2024-04-26 07:44:35,217,1182.36
82,Air Alpha,Hernandezton,Walterbury,2024-09-12 20:22:12,2024-09-12 21:51:12,89,553.78
83,Air Alpha,Bakerfort,Zacharyberg,2024-07-11 11:37:07,2024-07-11 18:22:07,405,1452.35
84,Air Alpha,Zacharyberg,Hernandezton,2024-08-15 15:12:23,2024-08-15 19:14:23,242,324.14
85,Air Alpha,Bakerfort,Katherinetown,2024-09-11 00:13:09,2024-09-11 04:24:09,251,733.63
86,Gamma Air,Walkerview,South Ericstad,2024-09-07 14:31:20,2024-09-07 16:47:20,136,1431.5
87,Gamma Air,Alyssaview,Lake Joseborough,2025-01-03 08:11:17,2025-01-03 10:44:17,153,1272.72
88,Gamma Air,Matthewstad,East Raymond,2025-01-10 17:38:35,2025-01-11 00:03:35,385,550.05
89,Beta Airlines,Lanemouth,Walkerview,2024-12-29 23:38:11,2024-12-30 09:22:11,584,218.86
90,Delta Flights,New Leslie,Alyssaview,2024-05-05 07:31:39,2024-05-05 12:49:39,318,144.35
91,Gamma Air,Lake Joseborough,Alyssaview,2024-06-20 21:36:48,2024-06-20 23:40:48,124,237.18
92,Gamma Air,East Raymond,South Ericstad,2024-03-22 00:53:58,2024-03-22 03:29:58,156,473.34
93,Gamma Air,South Ryan,Walterbury,2024-12-04 06:04:32,2024-12-04 11:00:32,296,1006.17
94,Delta Flights,Lanemouth,Ayalaview,2024-10-04 21:42:16,2024-10-05 04:32:16,410,1062.85
95,Delta Flights,New Leslie,Brownbury,2024-12-03 07:28:27,2024-12-03 10:18:27,170,373.15
96,Air Alpha,Walterbury,West Cynthia,2024-11-12 22:48:52,2024-11-13 02:06:52,198,501.13
97,Gamma Air,Walkerview,Lake Joseborough,2024-08-03 19:37:51,2024-08-04 01:28:51,351,940.91
98,Delta Flights,East Raymond,South Ericstad,2024-04-10 10:04:54,2024-04-10 18:12:54,488,828.51
99,Gamma Air,New Leslie,Walterbury,2024-06-13 09:35:50,2024-06-13 14:45:50,310,164.32
100,Delta Flights,South Ericstad,Ayalaview,2024-07-11 04:40:42,2024-07-11 10:45:42,365,511.02
101,Delta Flights,Ayalaview,Hernandezton,2024-03-15 08:18:14,2024-03-15 09:56:14,98,1094.1
102,Delta Flights,New Leslie,Lake Joseborough,2024-08-17 08:36:40,2024-08-17 13:39:40,303,1140.13
103,Gamma Air,New Leslie,Lake Joseborough,2024-10-28 06:06:08,2024-10-28 14:34:08,508,1127.91
104,Gamma Air,South Ericstad,Bakerfort,2024-03-16 10:02:10,2024-03-16 18:31:10,509,873.88
105,Beta Airlines,Katherinetown,Lanemouth,2025-01-23 07:23:52,2025-01-23 10:27:52,184,803.5
106,Beta Airlines,Zacharyberg,Katherinetown,2025-01-23 11:33:54,2025-01-23 19:18:54,465,657.12
107,Gamma Air,Smithville,Zacharyberg,2024-05-19 04:52:57,2024-05-19 13:42:57,530,353.11
108,Beta Airlines,Hernandezton,Brownbury,2025-01-27 16:12:30,2025-01-28 01:20:30,548,592.16
109,Air Alpha,South Ericstad,New Leslie,2025-02-07 15:20:11,2025-02-07 20:34:11,314,123.13
110,Beta Airlines,West Cynthia,Katherinetown,2024-06-02 09:54:48,2024-06-02 18:01:48,487,1041.34
111,Air Alpha,Walkerview,Hernandezton,2024-07-21 14:16:30,2024-07-21 20:52:30,396,620.33
112,Air Alpha,East Raymond,West Cynthia,2024-04-25 08:21:03,2024-04-25 18:03:03,582,951.07
113,Gamma Air,South Ericstad,Hernandezton,2024-08-16 04:55:27,2024-08-16 08:48:27,233,1280.52
114,Gamma Air,Walterbury,Brownbury,2024-09-17 14:28:35,2024-09-17 16:47:35,139,1205.17
115,Beta Airlines,South Ryan,Bakerfort,2025-01-04 14:31:52,2025-01-04 21:17:52,406,1030.52
116,Delta Flights,Hernandezton,Lake Michaelland,2024-08-27 15:51:56,2024-08-27 19:49:56,238,586.67
117,Delta Flights,Lanemouth,Bakerfort,2024-03-26 09:25:04,2024-03-26 11:48:04,143,178.27
