flight_id,airline,departure,arrival,departure_time,arrival_time,duration_minutes,price
1,Beta Airlines,East Stephenside,Chandlermouth,2025-01-15 17:17:13,2025-01-15 21:50:13,273,618.82
2,Delta Flights,New Donaldmouth,Chandlermouth,2025-01-26 07:18:22,2025-01-26 15:27:22,489,675.59
3,Gamma Air,North Robertmouth,Joshuaton,2024-06-30 04:19:58,2024-06-30 12:26:58,487,64.99
4,Delta Flights,New Donaldmouth,Suarezshire,2024-06-01 23:15:26,2024-06-02 08:21:26,546,1081.1
5,Beta Airlines,South Michaelchester,New Donaldmouth,2025-01-27 07:57:18,2025-01-27 16:52:18,535,1192.7
6,Delta Flights,Suarezshire,Port Kelly,2024-12-11 02:11:04,2024-12-11 06:18:04,247,174.11
7,Beta Airlines,Royhaven,East Stephenside,2025-02-03 09:11:00,2025-02-03 17:17:00,486,1342.41
8,Air Alpha,South Michaelchester,Martinview,2024-06-05 22:41:29,2024-06-06 04:07:29,326,90.39
9,Air Alpha,Meredithberg,Lake Catherine,2024-03-03 00:16:43,2024-03-03 05:29:43,313,1417.58
10,Gamma Air,Heathville,Port Annport,2025-01-28 11:48:21,2025-01-28 16:52:21,304,782.03
11,Gamma Air,South Michaelchester,Martinview,2024-08-22 20:43:33,2024-08-23 04:01:33,438,179.89
12,Gamma Air,Port Kelly,East Stephenside,2024-09-29 01:42:29,2024-09-29 06:15:29,273,117.01
13,Delta Flights,Port Kelly,New Donaldmouth,2024-12-02 22:22:35,2024-12-03 04:10:35,348,1269.71
14,Beta Airlines,East Stephenside,Maryton,2024-12-17 18:29:24,2024-12-17 21:28:24,179,56.64
15,Beta Airlines,West Justin,Meredithberg,2024-06-11 13:37:50,2024-06-11 15:33:50,116,507.84
16,Beta Airlines,Suarezshire,Martinview,2024-05-17 07:11:04,2024-05-17 08:11:04,60,980.22
17,Beta Airlines,Lake Catherine,Suarezshire,2024-07-04 20:13:45,2024-07-05 02:30:45,377,1439.96
18,Beta Airlines,Martinview,East Stephenside,2024-12-26 17:22:16,2024-12-26 21:38:16,256,1250.17
19,Air Alpha,Lake Catherine,East Stephenside,2024-05-01 03:26:36,2024-05-01 12:58:36,572,359.29
20,Air Alpha,Davischester,Lake Catherine,2024-07-22 16:16:27,2024-07-22 20:58:27,282,495.26
21,Gamma Air,West Justin,Maryton,2024-10-06 07:05:46,2024-10-06 14:01:46,416,842.96
22,Beta Airlines,Martinview,Port Kelly,2025-02-06 20:23:46,2025-02-07 04:13:46,470,1074.3
23,Gamma Air,Montoyamouth,Meredithberg,2024-04-04 06:27:44,2024-04-04 11:24:44,297,773.66
24,Air Alpha,Joshuaton,North Robertmouth,2024-08-23 00:41:07,2024-08-23 07:24:07,403,247.79
25,Air Alpha,South Michaelchester,Royhaven,2024-12-24 00:49:34,2024-12-24 08:08:34,439,429.2
26,Air Alpha,Maryton,Martinview,2024-05-12 01:18:26,2024-05-12 07:23:26,365,201.75
27,Gamma Air,Heathville,Martinview,2024-06-13 02:08:08,2024-06-13 10:23:08,495,1178.71
28,Air Alpha,South Michaelchester,New Donaldmouth,2024-03-25 05:24:57,2024-03-25 08:14:57,170,124.23
29,Gamma Air,Joshuaton,Royhaven,2024-04-11 20:08:02,2024-04-12 02:46:02,398,107.84
30,Beta Airlines,West Justin,Montoyamouth,2024-09-14 03:14:25,2024-09-14 11:11:25,477,789.38
31,Delta Flights,East Stephenside,Heathville,2024-12-07 19:05:25,2024-12-08 03:02:25,477,1372.85
32,Beta Airlines,Davischester,Meredithberg,2024-07-17 20:39:12,2024-07-18 01:46:12,307,142.3
33,Delta Flights,East Stephenside,Heathville,2024-05-24 11:54:54,2024-05-24 17:53:54,359,1066.27
34,Air Alpha,South Michaelchester,Heathville,2024-03-25 05:16:45,2024-03-25 07:52:45,156,1331.38
35,Air Alpha,Martinview,East Stephenside,2024-11-29 13:05:22,2024-11-29 22:37:22,572,1001.3
36,Air Alpha,North Robertmouth,West Justin,2024-06-23 21:22:19,2024-06-24 00:54:19,212,1318.59
37,Delta Flights,Davischester,Meredithberg,2025-02-08 23:46:12,2025-02-09 05:07:12,321,1493.32
38,Delta Flights,Lake Josehaven,West Justin,2024-06-22 18:20:46,2024-06-23 01:38:46,438,644.72
39,Delta Flights,Chandlermouth,Lake Josehaven,2024-10-09 04:29:16,2024-10-09 10:51:16,382,1304.76
40,Delta Flights,Davischester,Martinview,2024-04-17 16:49:21,2024-04-17 23:07:21,378,493.13
41,Delta Flights,Lake Catherine,Chandlermouth,2024-04-07 16:23:52,2024-04-07 23:03:52,400,470.59
42,Gamma Air,Lake Catherine,Suarezshire,2024-11-02 13:38:24,2024-11-02 20:09:24,391,253.86
43,Gamma Air,Lake Josehaven,Heathville,2024-09-28 10:53:56,2024-09-28 20:28:56,575,470.56
44,Delta Flights,Port Annport,South Nicole,2025-01-13 05:09:44,2025-01-13 06:55:44,106,1330.06
45,Beta Airlines,New Donaldmouth,West Justin,2024-08-12 11:59:07,2024-08-12 17:56:07,357,288.09
46,Beta Airlines,Lake Catherine,Port Annport,2024-03-14 11:13:24,2024-03-14 13:20:24,127,718.6
47,Beta Airlines,West Justin,Montoyamouth,2025-01-17 01:32:51,2025-01-17 03:58:51,146,716.22
48,Gamma Air,Suarezshire,Royhaven,2024-04-25 17:57:57,2024-04-25 19:54:57,117,740.54
49,Delta Flights,Port Annport,Meredithberg,2024-03-05 22:04:06,2024-03-06 07:19:06,555,1355.89
50,Gamma Air,Maryton,Royhaven,2024-11-23 19:43:15,2024-11-23 23:26:15,223,1144.81
51,Delta Flights,Meredithberg,Lake Josehaven,2024-06-09 16:01:35,2024-06-09 17:38:35,97,408.85
52,Delta Flights,Royhaven,Chandlermouth,2024-05-08 13:39:01,2024-05-08 17:27:01,228,381.14
53,Delta Flights,North Robertmouth,Lake Catherine,2024-09-26 11:41:27,2024-09-26 13:23:27,102,861.78
54,Air Alpha,Lake Josehaven,New Donaldmouth,2024-02-16 18:00:21,2024-02-16 22:48:21,288,431.6
55,Beta Airlines,South Michaelchester,Royhaven,2024-10-23 20:00:02,2024-10-24 02:18:02,378,1440.81
56,Gamma Air,Martinview,East Stephenside,2024-05-15 20:54:32,2024-05-16 01:13:32,259,1324.45
57,Gamma Air,Montoyamouth,East Stephenside,2024-09-30 00:25:17,2024-09-30 04:15:17,230,990.93
58,Air Alpha,Davischester,Joshuaton,2024-04-16 04:02:06,2024-04-16 08:54:06,292,512.14
59,Beta Airlines,Montoyamouth,Lake Catherine,2024-08-01 18:46:10,2024-08-01 21:49:10,183,732.4
60,Air Alpha,Chandlermouth,Port Kelly,2024-08-28 07:29:56,2024-08-28 14:15:56,406,111.33
61,Beta Airlines,Port Kelly,North Robertmouth,2024-06-26 20:34:09,2024-06-27 00:37:09,243,250.23
62,Gamma Air,Martinview,Suarezshire,2024-10-21 05:51:49,2024-10-21 13:41:49,470,275.84
63,Gamma Air,West Justin,Montoyamouth,2025-01-07 16:34:45,2025-01-07 19:19:45,165,185.93
64,Delta Flights,Lake Catherine,Heathville,2024-04-26 15:02:48,2024-04-26 17:13:48,131,799.76
65,Delta Flights,West Justin,New Donaldmouth,2024-05-25 23:15:48,2024-05-26 07:08:48,473,70.94
66,Gamma Air,Martinview,East Stephenside,2024-04-22 09:48:54,2024-04-22 16:06:54,378,138.92
67,Gamma Air,East Stephenside,Port Annport,2024-04-05 19:00:29,2024-04-06 01:41:29,401,796.7
68,Gamma Air,Royhaven,Martinview,2024-09-29 12:25:00,2024-09-29 19:38:00,433,717.92
69,Beta Airlines,West Justin,Joshuaton,2024-04-05 03:20:25,2024-04-05 12:35:25,555,411.57
70,Air Alpha,Port Kelly,Chandlermouth,2024-07-14 20:59:42,2024-07-15 04:37:42,458,607.86
71,Air Alpha,Heathville,Meredithberg,2024-06-16 14:56:24,2024-06-16 23:10:24,494,1095.8
72,Delta Flights,South Michaelchester,Davischester,2024-04-20 20:26:43,2024-04-20 22:53:43,147,1142.81
73,Gamma Air,Maryton,Port Annport,2024-11-21 01:04:42,2024-11-21 10:38:42,574,800.08
74,Gamma Air,Port Kelly,Joshuaton,2024-04-04 14:41:32,2024-04-04 17:48:32,187,1343.54
75,Delta Flights,South Michaelchester,Chandlermouth,2024-05-30 05:26:38,2024-05-30 10:26:38,300,1024.73
76,Gamma Air,West Justin,Montoyamouth,2024-07-20 20:56:59,2024-07-21 04:30:59,454,453.4
77,Delta Flights,North Robertmouth,Davischester,2024-10-17 08:59:56,2024-10-17 16:31:56,452,1435.39
78,Air Alpha,Chandlermouth,Port Annport,2024-02-28 22:55:15,2024-02-29 01:13:15,138,696.54
79,Delta Flights,Lake Catherine,Chandlermouth,2024-11-24 10:28:44,2024-11-24 16:56:44,388,80.81
80,Gamma Air,Joshuaton,Davischester,2024-06-20 06:13:35,2024-06-20 08:39:35,146,275.27
81,Gamma Air,Montoyamouth,Meredithberg,2024-12-07 19:39:12,2024-12-08 00:21:12,282,828.87
82,Air Alpha,Chandlermouth,Lake Catherine,2024-02-29 10:00:54,2024-02-29 12:52:54,172,1179.04
83,Delta Flights,Suarezshire,South Michaelchester,2024-04-24 08:23:23,2024-04-24 14:34:23,371,1319.6
84,Air Alpha,North Robertmouth,South Michaelchester,2024-05-20 18:16:00,2024-05-20 20:19:00,123,834.35
85,Delta Flights,South Michaelchester,Davischester,2025-02-09 03:45:17,2025-02-09 11:46:17,481,745.75
86,Delta Flights,New Donaldmouth,Maryton,2024-06-05 06:31:00,2024-06-05 10:16:00,225,372.21
87,Gamma Air,Montoyamouth,Port Kelly,2024-10-27 10:55:53,2024-10-27 16:51:53,356,886.12
88,Delta Flights,North Robertmouth,Chandlermouth,2024-12-29 23:29:00,2024-12-30 08:42:00,553,412.8
89,Delta Flights,Chandlermouth,Port Kelly,2024-04-29 11:08:57,2024-04-29 19:02:57,474,491.46
90,Air Alpha,Heathville,Lake Catherine,2024-12-19 14:46:39,2024-12-19 19:52:39,306,1474.74
91,Delta Flights,New Donaldmouth,Meredithberg,2024-03-18 18:00:06,2024-03-18 23:42:06,342,1004.79
92,Delta Flights,New Donaldmouth,South Michaelchester,2025-01-30 17:16:43,2025-01-30 19:46:43,150,191.59
93,Delta Flights,New Donaldmouth,Port Annport,2024-09-15 01:57:18,2024-09-15 07:40:18,343,1189.59
94,Beta Airlines,South Nicole,Martinview,2024-04-27 13:01:46,2024-04-27 15:07:46,126,282.96
95,Air Alpha,North Robertmouth,Royhaven,2024-04-08 15:57:56,2024-04-09 01:56:56,599,1139.21
96,Delta Flights,South Michaelchester,Port Annport,2024-11-16 11:47:47,2024-11-16 17:34:47,347,299.79
97,Air Alpha,Royhaven,Montoyamouth,2024-10-19 06:17:49,2024-10-19 09:26:49,189,513.76
98,Delta Flights,Port Annport,Joshuaton,2024-05-27 12:45:45,2024-05-27 15:26:45,161,1175.3
99,Beta Airlines,Chandlermouth,Port Annport,2024-07-31 11:24:17,2024-07-31 16:39:17,315,912.76
100,Air Alpha,Martinview,Maryton,2024-04-18 03:27:26,2024-04-18 09:04:26,337,167.97
101,Gamma Air,New Donaldmouth,Joshuaton,2024-06-24 20:30:30,2024-06-25 04:59:30,509,302.96
102,Beta Airlines,Maryton,Port Kelly,2024-03-06 23:15:50,2024-03-07 07:00:50,465,507.2
103,Delta Flights,Maryton,Joshuaton,2024-07-11 20:04:05,2024-07-11 22:04:05,120,1001.04
104,Beta Airlines,North Robertmouth,Maryton,2024-06-11 06:57:36,2024-06-11 08:42:36,105,1226.78
105,Air Alpha,Lake Josehaven,West Justin,2024-07-10 00:11:13,2024-07-10 02:00:13,109,1387.03
106,Gamma Air,New Donaldmouth,Lake Catherine,2024-07-25 12:25:48,2024-07-25 16:16:48,231,673.15
107,Gamma Air,Chandlermouth,Port Annport,2024-07-14 16:32:33,2024-07-14 18:10:33,98,903.74
108,Beta Airlines,Davischester,Lake Catherine,2024-08-01 05:31:25,2024-08-01 11:54:25,383,507.08
109,Gamma Air,Davischester,Suarezshire,2024-07-03 02:20:44,2024-07-03 11:33:44,553,557.26
110,Delta Flights,Maryton,South Michaelchester,2024-03-01 06:15:48,2024-03-01 08:27:48,132,1024.83
111,Beta Airlines,Meredithberg,Lake Josehaven,2025-01-22 15:18:53,2025-01-22 18:20:53,182,1320.89
112,Air Alpha,South Michaelchester,East Stephenside,2024-11-16 06:23:23,2024-11-16 16:06:23,583,1464.76
113,Air Alpha,Montoyamouth,South Nicole,2024-08-09 02:15:21,2024-08-09 10:13:21,478,463.89
114,Delta Flights,South Michaelchester,East Stephenside,2024-04-15 02:37:20,2024-04-15 09:08:20,391,944.66
115,Air Alpha,Joshuaton,Meredithberg,2024-06-15 06:30:22,2024-06-15 11:58:22,328,1182.56
116,Air Alpha,Lake Josehaven,Lake Catherine,2024-05-03 00:03:59,2024-05-03 04:17:59,254,530.93
117,Air Alpha,Martinview,New Donaldmouth,2024-07-12 01:27:57,2024-07-12 11:25:57,598,1077.36
118,Beta Airlines,Suarezshire,Joshuaton,2025-01-06 01:39:18,2025-01-06 02:48:18,69,668.39
119,Air Alpha,Lake Catherine,North Robertmouth,2024-11-06 12:19:32,2024-11-06 21:41:32,562,1330.21
120,Delta Flights,Meredithberg,Maryton,2024-11-21 22:51:45,2024-11-22 06:40:45,469,1414.35
121,Delta Flights,Royhaven,West Justin,2025-01-29 11:18:38,2025-01-29 19:29:38,491,458.09
122,Beta Airlines,Lake Catherine,Royhaven,2024-11-08 15:53:20,2024-11-08 17:33:20,100,1025.69
123,Air Alpha,Port Annport,Lake Josehaven,2025-02-09 10:52:50,2025-02-09 12:19:50,87,987.18
124,Delta Flights,New Donaldmouth,Joshuaton,2024-06-20 01:48:47,2024-06-20 04:49:47,181,659.64
125,Beta Airlines,Suarezshire,Royhaven,2024-03-01 21:51:01,2024-03-02 00:19:01,148,779.32
126,Gamma Air,Martinview,Davischester,2025-02-09 23:43:20,2025-02-10 04:16:20,273,911.99
127,Delta Flights,Meredithberg,Chandlermouth,2024-07-27 06:16:46,2024-07-27 12:49:46,393,854.99
128,Delta Flights,Port Annport,East Stephenside,2024-12-30 19:16:47,2024-12-31 04:21:47,545,811.94
129,Delta Flights,Lake Josehaven,Royhaven,2024-02-17 08:21:24,2024-02-17 12:08:24,227,96.94
130,Gamma Air,Martinview,South Michaelchester,2024-09-28 10:05:49,2024-09-28 19:21:49,556,461.1
131,Delta Flights,South Michaelchester,Port Kelly,2024-06-06 01:17:55,2024-06-06 10:53:55,576,105.51
132,Delta Flights,Port Annport,Martinview,2024-11-20 04:57:50,2024-11-20 09:44:50,287,1111.08
133,Gamma Air,West Justin,Lake Catherine,2025-01-19 10:36:22,2025-01-19 11:41:22,65,987.58
134,Air Alpha,Port Annport,Royhaven,2024-06-02 06:50:17,2024-06-02 15:41:17,531,120.49
135,Beta Airlines,Joshuaton,Heathville,2024-09-18 01:52:35,2024-09-18 04:55:35,183,575.91
136,Air Alpha,Port Annport,Lake Catherine,2025-01-04 17:44:03,2025-01-04 22:12:03,268,366.32
137,Beta Airlines,Chandlermouth,Martinview,2024-10-29 22:40:59,2024-10-30 03:35:59,295,1265.1
138,Gamma Air,West Justin,Heathville,2024-06-03 17:52:10,2024-06-03 20:19:10,147,876.75
