flight_id,airline,departure,arrival,departure_time,ARRIVAL TIME,duration_minutes,price
1,Gamma Air,Jacobtown,North Judith,2024-03-03 10:14:14,2024-03-03 18:43:14,509,1398.98
2,Beta Airlines,Brendaland,West Haleychester,2024-04-19 10:19:39,2024-04-19 15:57:39,338,1366.05
3,Beta Airlines,Rossborough,Brendaland,2025-02-09 10:06:19,2025-02-09 16:27:19,381,739.51
4,Gamma Air,Port Cheryl,North Judith,2024-04-10 03:22:34,2024-04-10 10:21:34,419,765.52
5,Delta Flights,East Kellymouth,North Judith,2024-07-25 13:41:21,2024-07-25 14:41:21,60,1341.57
6,Air Alpha,North Chelsea,Loriville,2025-01-13 19:31:12,2025-01-13 21:30:12,119,1434.1
7,Delta Flights,Careyland,Jacobtown,2024-11-30 03:37:43,2024-11-30 04:55:43,78,1073.68
8,Gamma Air,Buckleyfurt,Joyceburgh,2024-05-01 21:22:29,2024-05-02 06:39:29,557,958.1
9,Gamma Air,Joyceburgh,North Judith,2024-07-31 16:43:32,2024-07-31 21:15:32,272,754.53
10,Beta Airlines,Kevinland,West Haleychester,2024-05-12 23:26:38,2024-05-13 08:09:38,523,1079.06
11,Air Alpha,Port Cheryl,South Stephanie,2024-12-11 13:04:32,2024-12-11 21:55:32,531,422.99
12,Beta Airlines,Loriville,Kingmouth,2024-06-01 22:26:12,2024-06-02 01:05:12,159,381.1
13,Air Alpha,Careyland,Jacobtown,2025-02-03 09:17:25,2025-02-03 14:50:25,333,860.19
14,Beta Airlines,East Kellymouth,Buckleyfurt,2024-08-17 10:43:09,2024-08-17 14:52:09,249,506.42
15,Delta Flights,Brendaland,East Kellymouth,2025-01-17 19:49:29,2025-01-18 03:36:29,467,1162.07
16,Beta Airlines,Jacobtown,Port Cheryl,2024-03-24 11:54:40,2024-03-24 17:31:40,337,947.11
17,Gamma Air,Careyland,Brownside,2024-09-27 00:38:38,2024-09-27 10:28:38,590,1292.42
18,Beta Airlines,North Chelsea,Brendaland,2024-04-01 11:47:51,2024-04-01 15:22:51,215,281.79
19,Beta Airlines,Phelpsview,Rossborough,2024-11-08 02:10:55,2024-11-08 05:26:55,196,389.75
20,Gamma Air,Kevinland,East Connie,2024-10-28 12:23:43,2024-10-28 21:18:43,535,831.18
21,Delta Flights,Joyceburgh,West Haleychester,2024-07-17 02:45:36,2024-07-17 08:50:36,365,79.74
22,Gamma Air,Buckleyfurt,Careyland,2024-11-18 00:27:45,2024-11-18 08:47:45,500,1204.86
23,Delta Flights,South Stephanie,West Paulaberg,2024-11-02 01:55:30,2024-11-02 10:03:30,488,1293.64
24,Beta Airlines,Brownside,Port Cheryl,2025-01-15 20:41:27,2025-01-16 05:27:27,526,1472.59
25,Gamma Air,Lake Brandonview,West Paulaberg,2024-09-26 23:54:13,2024-09-27 05:57:13,363,1090.08
26,Air Alpha,North Chelsea,Port Cheryl,2024-05-14 12:55:22,2024-05-14 15:34:22,159,1115.04
27,Beta Airlines,Kevinland,Port Cheryl,2025-01-06 04:23:00,2025-01-06 13:36:00,553,1292.67
28,Beta Airlines,East Kellymouth,Rossborough,2024-07-19 09:53:43,2024-07-19 15:54:43,361,180.2
29,Beta Airlines,Kingmouth,Buckleyfurt,2024-12-17 00:20:46,2024-12-17 01:40:46,80,171.39
30,Beta Airlines,Kevinland,Brownside,2024-07-05 12:57:24,2024-07-05 16:43:24,226,1248.66
31,Air Alpha,Loriville,Jacobtown,2024-10-03 17:07:45,2024-10-03 19:22:45,135,253.68
32,Air Alpha,South Stephanie,Careyland,2024-05-31 20:03:31,2024-06-01 03:24:31,441,1070.5
33,Delta Flights,North Judith,Port Cheryl,2024-04-20 05:52:22,2024-04-20 10:28:22,276,963.31
34,Delta Flights,North Chelsea,East Kellymouth,2024-09-12 05:01:16,2024-09-12 12:22:16,441,313.97
35,Air Alpha,Rossborough,North Judith,2024-06-06 07:57:11,2024-06-06 17:33:11,576,328.52
36,Air Alpha,Brendaland,Joyceburgh,2024-06-25 14:12:58,2024-06-26 00:12:58,600,1282.09
37,Gamma Air,Brendaland,West Haleychester,2024-02-13 20:50:27,2024-02-14 05:00:27,490,1126.17
38,Beta Airlines,Phelpsview,Lake Brandonview,2024-09-19 20:19:27,2024-09-20 03:43:27,444,1003.26
39,Gamma Air,East Kellymouth,East Connie,2024-07-09 03:40:57,2024-07-09 09:39:57,359,786.33
40,Delta Flights,West Haleychester,East Connie,2024-10-05 16:58:09,2024-10-05 20:39:09,221,964.78
41,Beta Airlines,Loriville,Buckleyfurt,2024-09-27 11:01:48,2024-09-27 12:20:48,79,1262.25
42,Gamma Air,Lake Brandonview,Jacobtown,2024-03-07 03:47:36,2024-03-07 09:51:36,364,1374.21
43,Beta Airlines,Lake Brandonview,North Chelsea,2024-09-26 10:39:02,2024-09-26 18:30:02,471,282.67
44,Delta Flights,East Kellymouth,South Stephanie,2024-09-12 06:02:15,2024-09-12 12:35:15,393,795.49
45,Gamma Air,Rossborough,Kevinland,2024-04-02 18:45:47,2024-04-03 03:46:47,541,79.15
46,Gamma Air,Kevinland,Careyland,2024-11-11 17:45:24,2024-11-12 02:06:24,501,1472.64
47,Beta Airlines,Brownside,Rossborough,2025-01-14 07:58:38,2025-01-14 16:20:38,502,409.32
48,Beta Airlines,Joyceburgh,Careyland,2024-07-18 12:38:56,2024-07-18 18:33:56,355,568.12
49,Air Alpha,Jacobtown,North Judith,2024-12-22 02:11:21,2024-12-22 07:19:21,308,263.41
50,Air Alpha,Rossborough,Lake Brandonview,2025-01-21 16:15:59,2025-01-21 22:20:59,365,874.68
51,Beta Airlines,East Connie,Kevinland,2025-01-31 19:08:59,2025-02-01 00:35:59,327,1347.17
52,Delta Flights,Brendaland,Port Cheryl,2024-03-26 09:11:51,2024-03-26 17:03:51,472,1302.79
53,Beta Airlines,Buckleyfurt,West Haleychester,2025-02-12 15:02:57,2025-02-12 19:11:57,249,715.44
54,Gamma Air,Jacobtown,Brendaland,2024-06-12 14:52:08,2024-06-12 20:28:08,336,794.63
55,Air Alpha,South Stephanie,Kevinland,2024-12-06 11:24:41,2024-12-06 16:55:41,331,1496.67
56,Delta Flights,Kevinland,Lake Brandonview,2024-11-14 01:28:41,2024-11-14 05:55:41,267,1496.93
57,Beta Airlines,Kingmouth,East Connie,2024-03-12 13:06:01,2024-03-12 20:10:01,424,789.42
58,Delta Flights,East Connie,Port Cheryl,2024-04-22 01:44:07,2024-04-22 06:27:07,283,805.21
59,Gamma Air,Kevinland,Jacobtown,2024-12-11 05:48:53,2024-12-11 08:53:53,185,665.41
60,Air Alpha,Port Cheryl,East Connie,2024-03-08 08:24:18,2024-03-08 14:33:18,369,371.53
61,Delta Flights,Joyceburgh,West Haleychester,2024-03-10 08:55:02,2024-03-10 12:12:02,197,1105.58
62,Delta Flights,North Chelsea,Brendaland,2024-08-07 01:17:08,2024-08-07 10:40:08,563,599.34
63,Gamma Air,Port Cheryl,Kingmouth,2025-01-20 17:19:25,2025-01-20 23:06:25,347,1222.18
64,Gamma Air,Brownside,Lake Brandonview,2024-11-11 15:44:00,2024-11-12 01:03:00,559,284.93
65,Delta Flights,Phelpsview,Jacobtown,2024-03-02 07:28:10,2024-03-02 13:02:10,334,1403.53
66,Delta Flights,Rossborough,East Kellymouth,2024-10-11 09:38:59,2024-10-11 19:18:59,580,557.82
67,Delta Flights,Careyland,Port Cheryl,2024-09-21 16:33:58,2024-09-21 22:57:58,384,350.74
68,Beta Airlines,North Judith,Lake Brandonview,2025-02-01 15:17:23,2025-02-01 17:39:23,142,1091.46
69,Air Alpha,Buckleyfurt,North Chelsea,2024-04-11 05:54:05,2024-04-11 12:00:05,366,1469.34
70,Delta Flights,Brendaland,Jacobtown,2024-09-20 02:58:54,2024-09-20 07:03:54,245,176.34
71,Delta Flights,South Stephanie,West Haleychester,2024-12-26 08:17:47,2024-12-26 13:07:47,290,1463.05
72,Beta Airlines,East Kellymouth,Careyland,2024-12-18 10:49:48,2024-12-18 20:15:48,566,242.63
73,Air Alpha,North Chelsea,Loriville,2024-10-15 00:57:23,2024-10-15 08:46:23,469,239.28
74,Delta Flights,North Judith,Brownside,2024-09-10 22:09:16,2024-09-11 02:35:16,266,1332.07
75,Air Alpha,North Chelsea,North Judith,2024-07-09 18:09:51,2024-07-09 21:43:51,214,433.82
76,Gamma Air,Phelpsview,Buckleyfurt,2024-03-26 09:06:44,2024-03-26 17:35:44,509,454.63
77,Beta Airlines,Brendaland,South Stephanie,2024-09-05 16:08:52,2024-09-05 22:24:52,376,1495.14
78,Delta Flights,Port Cheryl,Joyceburgh,2024-05-14 02:32:55,2024-05-14 10:42:55,490,964.45
79,Gamma Air,West Haleychester,Phelpsview,2024-09-08 03:21:37,2024-09-08 08:22:37,301,65.28
80,Delta Flights,Port Cheryl,North Judith,2025-01-12 09:45:37,2025-01-12 16:37:37,412,912.24
81,Gamma Air,Port Cheryl,Brownside,2024-11-01 02:43:15,2024-11-01 12:31:15,588,456.63
82,Gamma Air,Kingmouth,Brendaland,2024-06-20 03:49:02,2024-06-20 05:10:02,81,260.32
83,Delta Flights,East Connie,West Haleychester,2024-10-04 03:55:45,2024-10-04 05:51:45,116,1171.22
84,Beta Airlines,Kevinland,Brendaland,2024-10-07 22:44:16,2024-10-08 08:36:16,592,1211.86
85,Gamma Air,Careyland,Buckleyfurt,2024-06-17 12:06:44,2024-06-17 19:12:44,426,1180.33
86,Delta Flights,Rossborough,Lake Brandonview,2024-10-26 00:58:03,2024-10-26 03:35:03,157,1284.96
87,Gamma Air,Loriville,Rossborough,2024-04-11 12:47:20,2024-04-11 17:10:20,263,1223.55
88,Gamma Air,Port Cheryl,Brownside,2024-03-11 20:07:35,2024-03-12 06:07:35,600,1408.41
89,Gamma Air,Joyceburgh,Kingmouth,2024-12-23 20:49:39,2024-12-23 23:17:39,148,621.27
90,Beta Airlines,Rossborough,West Haleychester,2024-02-18 18:22:36,2024-02-18 22:26:36,244,398.18
91,Air Alpha,Jacobtown,West Paulaberg,2024-11-03 02:54:54,2024-11-03 12:26:54,572,1031.43
92,Gamma Air,Phelpsview,Buckleyfurt,2024-11-04 07:06:50,2024-11-04 13:10:50,364,1347.83
93,Delta Flights,North Judith,Kevinland,2024-07-13 09:37:30,2024-07-13 11:55:30,138,814.56
94,Gamma Air,Port Cheryl,South Stephanie,2024-12-08 04:58:21,2024-12-08 07:27:21,149,551.92
95,Air Alpha,Brendaland,Loriville,2024-12-25 20:40:56,2024-12-26 03:33:56,413,558.89
96,Air Alpha,Kingmouth,Buckleyfurt,2025-02-02 19:43:38,2025-02-03 03:38:38,475,1354.97
97,Gamma Air,East Kellymouth,East Connie,2024-04-17 14:12:32,2024-04-17 22:47:32,515,1267.38
98,Beta Airlines,Joyceburgh,Brownside,2024-09-27 10:56:38,2024-09-27 18:58:38,482,1284.92
99,Beta Airlines,Brendaland,West Haleychester,2024-07-06 20:48:08,2024-07-07 02:43:08,355,470.12
100,Delta Flights,North Chelsea,Port Cheryl,2025-01-08 21:55:44,2025-01-09 01:50:44,235,321.42
101,Gamma Air,Kevinland,Brownside,2024-04-06 19:17:13,2024-04-06 21:45:13,148,1179.58
102,Air Alpha,North Chelsea,Jacobtown,2024-12-25 12:20:35,2024-12-25 20:20:35,480,1356.21
103,Beta Airlines,West Haleychester,Kingmouth,2024-09-23 11:17:33,2024-09-23 16:12:33,295,750.36
104,Delta Flights,West Paulaberg,Brownside,2024-03-31 01:47:05,2024-03-31 09:08:05,441,88.76
105,Delta Flights,North Judith,South Stephanie,2024-11-30 11:24:02,2024-11-30 20:14:02,530,1466.41
106,Delta Flights,Kevinland,Kingmouth,2025-01-10 10:12:16,2025-01-10 19:02:16,530,383.72
107,Beta Airlines,Port Cheryl,Jacobtown,2025-02-12 12:55:54,2025-02-12 17:59:54,304,1434.0
108,Gamma Air,East Connie,North Judith,2024-07-24 22:25:35,2024-07-25 05:08:35,403,639.81
109,Air Alpha,Kingmouth,Lake Brandonview,2025-01-17 04:46:06,2025-01-17 12:55:06,489,1172.53
110,Gamma Air,Rossborough,Kingmouth,2024-06-10 08:08:18,2024-06-10 11:31:18,203,500.88
111,Delta Flights,Loriville,North Judith,2024-02-16 16:46:50,2024-02-16 18:08:50,82,141.43
112,Delta Flights,Joyceburgh,North Judith,2024-04-05 05:48:50,2024-04-05 08:19:50,151,874.07
113,Delta Flights,Loriville,Brownside,2024-06-16 23:34:56,2024-06-17 05:20:56,346,1080.8
114,Air Alpha,Port Cheryl,Kingmouth,2024-03-20 11:06:49,2024-03-20 16:24:49,318,563.44
115,Air Alpha,Lake Brandonview,Rossborough,2024-07-09 11:31:52,2024-07-09 19:14:52,463,644.0
116,Delta Flights,North Judith,Buckleyfurt,2024-09-18 10:30:06,2024-09-18 20:09:06,579,613.97
117,Beta Airlines,Loriville,South Stephanie,2024-09-29 10:55:12,2024-09-29 17:02:12,367,1496.4
118,Air Alpha,Brendaland,Kevinland,2024-05-20 07:01:14,2024-05-20 10:07:14,186,977.56
119,Delta Flights,Kevinland,West Paulaberg,2024-05-08 05:43:58,2024-05-08 08:42:58,179,50.98
120,Gamma Air,Kingmouth,West Haleychester,2024-03-20 00:13:39,2024-03-20 04:29:39,256,494.14
121,Gamma Air,Phelpsview,Kevinland,2024-09-19 06:21:49,2024-09-19 15:40:49,559,138.8
122,Gamma Air,Loriville,Kevinland,2024-06-30 02:14:55,2024-06-30 08:16:55,362,714.03
123,Beta Airlines,North Judith,Loriville,2025-01-21 08:00:14,2025-01-21 12:45:14,285,719.17
124,Gamma Air,Port Cheryl,Lake Brandonview,2024-05-23 16:45:57,2024-05-23 22:07:57,322,1214.48
125,Delta Flights,Phelpsview,Port Cheryl,2024-05-14 02:24:48,2024-05-14 09:33:48,429,440.18
126,Beta Airlines,Careyland,Brownside,2024-12-15 17:48:36,2024-12-15 21:39:36,231,659.25
127,Gamma Air,Phelpsview,Careyland,2024-03-29 14:56:36,2024-03-29 17:50:36,174,1207.41
