airline,departure,arrival,departure_time,arrival_time,duration_minutes,price
Gamma Air,Kennethville,Stokesfurt,2024-09-04 19:54:18,2024-09-04 21:14:18,80,1013.2
Beta Airlines,South Dawn,Andrewside,2025-01-23 22:19:58,2025-01-24 02:51:58,272,727.81
Air Alpha,Lewisfort,West Valerie,2024-07-25 17:20:46,2024-07-26 02:25:46,545,1397.7
Gamma Air,New Edward,Jenniferland,2024-08-17 23:45:35,2024-08-18 05:23:35,338,1055.68
Delta Flights,Jenniferland,South Sarah,2024-12-24 17:59:16,2024-12-24 23:30:16,331,1173.11
Beta Airlines,Stokesfurt,Lopezport,2025-02-12 03:55:08,2025-02-12 10:14:08,379,1435.04
Gamma Air,New Danielshire,Lopezport,2024-12-26 16:32:07,2024-12-27 01:30:07,538,1461.26
Air Alpha,New Danielshire,Lopezport,2024-06-14 07:01:48,2024-06-14 14:01:48,420,590.68
Air Alpha,Stokesfurt,West Valerie,2024-12-23 18:08:29,2024-12-24 02:10:29,482,1418.73
Air Alpha,South Sarah,Lopezport,2024-03-08 04:16:20,2024-03-08 13:32:20,556,1139.68
Delta Flights,West Valerie,Port Elijahhaven,2024-03-25 22:38:29,2024-03-26 00:23:29,105,439.38
Air Alpha,Jacksonburgh,Jenniferland,2024-11-12 16:26:17,2024-11-12 22:04:17,338,446.82
Gamma Air,Kennethville,Jenniferland,2024-04-23 04:16:02,2024-04-23 09:18:02,302,1346.25
Air Alpha,East James,Andrewside,2024-11-09 22:17:57,2024-11-10 02:22:57,245,1328.44
Gamma Air,New Edward,Kennethville,2024-05-22 05:58:16,2024-05-22 07:55:16,117,1331.16
Air Alpha,Jenniferland,Port Elijahhaven,2024-11-08 05:11:05,2024-11-08 07:37:05,146,397.26
Air Alpha,New Edward,Jenniferland,2024-03-09 08:48:48,2024-03-09 17:46:48,538,1270.61
Gamma Air,Andrewside,Kennethville,2024-03-08 19:05:34,2024-03-09 02:56:34,471,954.57
Beta Airlines,Hendersonhaven,New Edward,2024-07-21 15:09:52,2024-07-21 23:31:52,502,835.63
Beta Airlines,West Valerie,Port Elijahhaven,2024-09-21 20:16:30,2024-09-22 00:20:30,244,1120.65
Beta Airlines,Hendersonhaven,Perezstad,2024-10-05 06:50:42,2024-10-05 08:48:42,118,909.61
Delta Flights,Perezstad,Jenniferland,2024-12-22 15:41:14,2024-12-22 23:10:14,449,806.42
Air Alpha,New Danielshire,East James,2024-10-10 02:50:46,2024-10-10 12:24:46,574,575.88
Air Alpha,Laurafort,Port Elijahhaven,2024-06-16 08:55:57,2024-06-16 17:36:57,521,440.41
Delta Flights,West Valerie,Lopezport,2024-09-05 09:27:01,2024-09-05 18:15:01,528,305.24
Air Alpha,North Shawn,Hendersonhaven,2024-03-05 12:24:01,2024-03-05 19:00:01,396,1176.06
Air Alpha,Lewisfort,South Sarah,2024-11-28 15:48:34,2024-11-28 19:01:34,193,722.08
Air Alpha,East Victoria,Kennethville,2024-04-21 02:19:59,2024-04-21 10:39:59,500,575.04
Beta Airlines,Lewisfort,West Valerie,2024-11-10 15:30:01,2024-11-10 22:52:01,442,218.28
Gamma Air,Port Elijahhaven,New Danielshire,2024-07-18 13:50:50,2024-07-18 15:59:50,129,558.27
Gamma Air,Perezstad,New Danielshire,2024-02-20 04:04:02,2024-02-20 07:21:02,197,1481.17
Beta Airlines,Jacksonburgh,West Valerie,2024-03-05 08:25:57,2024-03-05 13:50:57,325,1252.09
Delta Flights,West Valerie,Jacksonburgh,2024-09-25 09:52:55,2024-09-25 14:08:55,256,731.89
Gamma Air,New Edward,Lewisfort,2024-09-06 15:48:10,2024-09-06 19:04:10,196,86.72
Air Alpha,Kennethville,New Danielshire,2024-04-02 05:46:43,2024-04-02 07:36:43,110,675.04
Delta Flights,South Dawn,West Valerie,2024-04-10 05:27:19,2024-04-10 11:00:19,333,1007.44
Beta Airlines,East James,New Danielshire,2024-08-03 22:54:26,2024-08-04 08:29:26,575,1021.94
Delta Flights,Kennethville,Stokesfurt,2025-01-04 20:24:38,2025-01-05 03:12:38,408,365.62
Gamma Air,Laurafort,East James,2025-01-15 03:52:12,2025-01-15 10:24:12,392,222.62
Gamma Air,East Victoria,East James,2024-11-16 02:54:43,2024-11-16 11:13:43,499,1260.64
Air Alpha,Kennethville,East Victoria,2024-11-28 21:23:24,2024-11-29 01:45:24,262,464.19
Delta Flights,Port Elijahhaven,Laurafort,2024-03-11 09:52:19,2024-03-11 14:02:19,250,1159.61
Gamma Air,South Sarah,Stokesfurt,2024-04-13 09:43:56,2024-04-13 16:37:56,414,1295.72
Delta Flights,Jenniferland,Port Elijahhaven,2024-04-18 00:04:00,2024-04-18 09:06:00,542,85.49
Air Alpha,East James,Andrewside,2024-10-01 16:24:59,2024-10-01 19:41:59,197,997.19
Delta Flights,South Sarah,Port Elijahhaven,2024-03-18 14:39:17,2024-03-18 18:36:17,237,298.01
Delta Flights,Hendersonhaven,South Dawn,2024-10-13 16:28:54,2024-10-13 17:40:54,72,467.93
Delta Flights,Laurafort,Perezstad,2025-01-23 04:39:33,2025-01-23 14:31:33,592,278.51
Gamma Air,East Victoria,Laurafort,2024-08-12 21:57:38,2024-08-12 23:20:38,83,1099.96
Delta Flights,South Dawn,South Sarah,2024-11-28 06:22:08,2024-11-28 11:55:08,333,94.38
Delta Flights,North Shawn,New Edward,2024-03-24 03:22:01,2024-03-24 12:16:01,534,1286.35
Delta Flights,New Danielshire,Lewisfort,2024-03-05 23:24:14,2024-03-06 03:42:14,258,1404.68
Delta Flights,Perezstad,South Sarah,2024-10-29 18:28:29,2024-10-29 19:52:29,84,426.67
Delta Flights,Andrewside,Lopezport,2024-04-15 01:39:11,2024-04-15 04:38:11,179,496.75
Gamma Air,Lopezport,Stokesfurt,2025-01-07 05:19:49,2025-01-07 12:48:49,449,791.02
Beta Airlines,New Danielshire,Perezstad,2024-11-07 16:37:06,2024-11-07 23:49:06,432,94.67
Air Alpha,New Danielshire,Perezstad,2024-06-20 16:50:05,2024-06-20 23:45:05,415,1052.46
Air Alpha,Kennethville,Hendersonhaven,2024-09-08 21:53:37,2024-09-08 23:36:37,103,55.19
Delta Flights,East James,Andrewside,2024-03-28 04:38:58,2024-03-28 05:57:58,79,73.1
Air Alpha,South Sarah,New Edward,2024-07-08 04:53:34,2024-07-08 08:46:34,233,1392.76
Gamma Air,Hendersonhaven,Laurafort,2024-06-22 05:47:29,2024-06-22 12:48:29,421,1183.66
Gamma Air,South Sarah,Port Elijahhaven,2024-11-13 12:31:10,2024-11-13 21:56:10,565,1305.51
Beta Airlines,New Danielshire,South Dawn,2024-09-12 03:25:57,2024-09-12 07:00:57,215,699.81
Air Alpha,East James,Perezstad,2024-09-08 23:01:40,2024-09-09 06:29:40,448,1067.0
Beta Airlines,Stokesfurt,Jacksonburgh,2024-09-19 23:22:29,2024-09-20 02:24:29,182,899.13
Beta Airlines,Lopezport,East James,2024-08-06 17:13:36,2024-08-06 19:36:36,143,550.87
Delta Flights,Jacksonburgh,South Sarah,2025-01-24 16:09:30,2025-01-24 23:30:30,441,800.19
Gamma Air,Lopezport,East James,2025-02-01 09:36:10,2025-02-01 15:25:10,349,1434.06
Gamma Air,Kennethville,Andrewside,2024-11-09 09:55:26,2024-11-09 19:45:26,590,408.95
Gamma Air,Jenniferland,West Valerie,2025-01-06 13:04:38,2025-01-06 16:40:38,216,1039.89
Gamma Air,West Valerie,Jacksonburgh,2024-12-17 14:42:52,2024-12-17 20:37:52,355,473.47
Beta Airlines,East Victoria,New Sarah,2024-05-18 20:09:12,2024-05-19 02:15:12,366,522.16
Beta Airlines,Kennethville,West Valerie,2024-10-21 13:58:00,2024-10-21 23:30:00,572,696.0
Gamma Air,Perezstad,South Sarah,2024-11-15 05:38:55,2024-11-15 06:40:55,62,219.59
Gamma Air,New Danielshire,Perezstad,2024-03-25 03:29:44,2024-03-25 10:09:44,400,1239.59
Air Alpha,Hendersonhaven,East James,2024-12-01 11:40:22,2024-12-01 15:40:22,240,214.47
Delta Flights,New Sarah,Laurafort,2024-05-22 16:23:56,2024-05-22 22:39:56,376,1258.99
Beta Airlines,Port Elijahhaven,Perezstad,2024-05-20 22:25:56,2024-05-21 03:38:56,313,879.86
Gamma Air,Jacksonburgh,Kennethville,2024-05-01 21:06:56,2024-05-02 06:59:56,593,1290.51
Gamma Air,South Sarah,Lewisfort,2024-08-18 01:32:50,2024-08-18 08:37:50,425,415.59
Beta Airlines,Perezstad,Port Elijahhaven,2024-06-01 19:17:24,2024-06-01 21:32:24,135,1027.99
Air Alpha,South Sarah,New Danielshire,2024-08-23 05:36:47,2024-08-23 12:22:47,406,1363.91
Beta Airlines,Jenniferland,Kennethville,2024-05-01 14:43:47,2024-05-01 21:57:47,434,1015.9
Air Alpha,South Sarah,East Victoria,2024-05-16 03:28:52,2024-05-16 09:23:52,355,437.05
Delta Flights,New Sarah,Jacksonburgh,2024-12-01 07:44:16,2024-12-01 15:51:16,487,130.54
Beta Airlines,East Victoria,North Shawn,2025-02-10 14:16:38,2025-02-10 16:18:38,122,449.2
Gamma Air,Hendersonhaven,South Dawn,2024-05-24 20:29:16,2024-05-25 03:18:16,409,571.96
Gamma Air,East Victoria,South Sarah,2024-10-09 15:20:47,2024-10-09 20:18:47,298,800.56
Air Alpha,Jacksonburgh,Andrewside,2024-08-19 14:36:20,2024-08-19 18:11:20,215,446.36
Air Alpha,Jacksonburgh,South Sarah,2024-11-12 00:44:12,2024-11-12 06:03:12,319,94.53
Delta Flights,East James,West Valerie,2024-12-20 11:26:41,2024-12-20 20:16:41,530,1279.0
Gamma Air,Jenniferland,Jacksonburgh,2024-09-06 03:07:43,2024-09-06 09:16:43,369,230.1
Delta Flights,East James,North Shawn,2024-05-19 23:16:52,2024-05-20 00:21:52,65,144.15
Delta Flights,Lopezport,West Valerie,2024-05-21 12:08:28,2024-05-21 21:42:28,574,726.51
Air Alpha,East James,Hendersonhaven,2024-05-16 01:13:18,2024-05-16 08:40:18,447,413.86
Air Alpha,Laurafort,Kennethville,2024-07-03 11:33:52,2024-07-03 17:41:52,368,865.27
Delta Flights,Jacksonburgh,Hendersonhaven,2024-11-08 20:00:24,2024-11-08 21:26:24,86,153.08
Gamma Air,East Victoria,Kennethville,2025-01-31 05:58:56,2025-01-31 10:10:56,252,1386.58
Beta Airlines,Laurafort,New Edward,2024-02-22 15:16:24,2024-02-22 18:04:24,168,301.01
Gamma Air,Lewisfort,East Victoria,2024-06-29 11:58:52,2024-06-29 18:05:52,367,1046.31
Delta Flights,Lopezport,Jacksonburgh,2024-05-18 17:20:04,2024-05-18 19:27:04,127,735.32
Delta Flights,New Sarah,New Danielshire,2024-06-08 15:00:42,2024-06-08 18:17:42,197,281.41
Air Alpha,New Edward,Perezstad,2024-12-23 11:49:02,2024-12-23 17:06:02,317,811.98
Beta Airlines,New Edward,South Sarah,2024-03-25 19:49:13,2024-03-26 04:57:13,548,1077.71
Beta Airlines,East Victoria,Laurafort,2024-05-05 22:51:48,2024-05-06 07:11:48,500,983.38
Beta Airlines,Perezstad,Lopezport,2024-04-14 11:23:13,2024-04-14 17:30:13,367,713.76
Gamma Air,Port Elijahhaven,Lewisfort,2024-04-02 19:43:31,2024-04-02 22:40:31,177,1315.1
Beta Airlines,East Victoria,Stokesfurt,2024-05-12 03:31:06,2024-05-12 10:07:06,396,759.35
Beta Airlines,Lopezport,East James,2024-12-21 06:22:29,2024-12-21 09:43:29,201,331.52
Delta Flights,East Victoria,North Shawn,2024-06-05 08:48:44,2024-06-05 13:54:44,306,751.72
Gamma Air,New Danielshire,Lopezport,2024-10-19 00:48:48,2024-10-19 04:47:48,239,811.86
Delta Flights,New Edward,Port Elijahhaven,2024-09-16 10:46:17,2024-09-16 17:04:17,378,1139.07
Beta Airlines,New Sarah,West Valerie,2024-12-05 14:52:38,2024-12-06 00:47:38,595,312.79
Air Alpha,Lewisfort,Port Elijahhaven,2024-06-03 09:23:05,2024-06-03 13:54:05,271,490.97
