flight_id,airline,departure,arrival,departure_time,arrival_time,duration_minutes,price
1,Beta Airlines,Lake Dawnview,Lake Danielfurt,2024-02-28 13:54:50,2024-02-28 19:14:50,320,1422.55
2,Air Alpha,New Michael,Russellfort,2024-09-30 15:09:11,2024-10-01 00:18:11,549,716.57
3,Air Alpha,Lisaburgh,Lake Danielfurt,2024-03-27 05:15:11,2024-03-27 14:36:11,561,554.3
4,Delta Flights,Lisaburgh,Lake Stevenborough,2024-10-10 16:34:26,2024-10-10 18:30:26,116,367.27
5,Beta Airlines,Wallermouth,Apriltown,2024-02-20 03:57:30,2024-02-20 09:54:30,357,477.62
6,Delta Flights,Figueroaview,Wallermouth,2024-02-23 22:55:19,2024-02-24 02:43:19,228,473.53
7,Delta Flights,Figueroaview,Lisaburgh,2024-07-10 04:19:51,2024-07-10 13:41:51,562,555.32
8,Air Alpha,Villaside,Charlesburgh,2024-04-20 19:00:48,2024-04-20 22:36:48,216,577.91
9,Delta Flights,Michelleport,Paulbury,2024-10-23 04:26:30,2024-10-23 08:45:30,259,1103.68
10,Air Alpha,East Antonio,Paulbury,2024-07-07 23:36:38,2024-07-08 00:41:38,65,59.11
11,Beta Airlines,Amymouth,South Jennaberg,2024-02-25 07:15:55,2024-02-25 16:33:55,558,292.93
12,Delta Flights,Lisaburgh,Lake Stevenborough,2024-06-22 02:56:41,2024-06-22 05:55:41,179,670.12
13,Delta Flights,South Jennaberg,Villaside,2025-01-16 21:12:38,2025-01-16 22:26:38,74,1423.08
14,Air Alpha,East Antonio,Lake Danielfurt,2024-05-10 03:41:48,2024-05-10 12:31:48,530,126.58
15,Delta Flights,Amymouth,Russellfort,2024-03-11 14:17:11,2024-03-11 21:31:11,434,939.25
16,Beta Airlines,Michelleport,Lisaburgh,2024-09-30 15:39:55,2024-10-01 00:28:55,529,1232.74
17,Gamma Air,Villaside,Michelleport,2024-04-14 00:10:05,2024-04-14 03:11:05,181,551.89
18,Gamma Air,New Michael,Apriltown,2024-07-17 07:45:07,2024-07-17 17:37:07,592,1490.13
19,Delta Flights,Lake Dawnview,Figueroaview,2024-10-07 04:14:59,2024-10-07 11:07:59,413,1088.67
20,Air Alpha,Apriltown,Michelleport,2024-03-03 21:34:23,2024-03-04 01:21:23,227,993.33
21,Delta Flights,Apriltown,Lake Dawnview,2024-12-10 11:24:24,2024-12-10 13:39:24,135,551.4
22,Beta Airlines,New Robert,Lisaburgh,2024-09-08 11:16:06,2024-09-08 20:32:06,556,1155.39
23,Air Alpha,Russellfort,New Michael,2024-03-13 17:20:29,2024-03-14 01:33:29,493,499.27
24,Gamma Air,Lake Dawnview,Lake Stevenborough,2025-01-09 19:31:19,2025-01-09 23:26:19,235,1371.72
25,Beta Airlines,Apriltown,Villaside,2024-03-12 13:03:08,2024-03-12 22:47:08,584,1316.31
26,Air Alpha,Lake Stevenborough,New Robert,2024-12-20 23:22:10,2024-12-21 06:27:10,425,276.2
27,Beta Airlines,Charlesburgh,New Robert,2024-04-23 12:40:44,2024-04-23 20:42:44,482,1326.79
28,Beta Airlines,Lake Stevenborough,Villaside,2024-08-24 09:15:09,2024-08-24 17:26:09,491,1203.75
29,Air Alpha,Villaside,Paulbury,2024-08-13 06:54:36,2024-08-13 10:39:36,225,995.09
30,Air Alpha,Lake Dawnview,East Margaret,2024-08-19 15:09:55,2024-08-20 00:34:55,565,371.58
31,Delta Flights,East Caseyview,South Jennaberg,2024-05-08 19:51:28,2024-05-09 03:18:28,447,1256.79
32,Beta Airlines,Villaside,Lisaburgh,2024-05-18 05:47:19,2024-05-18 08:16:19,149,266.52
33,Air Alpha,Lake Danielfurt,Charlesburgh,2024-11-09 20:36:59,2024-11-09 22:47:59,131,1028.85
34,Delta Flights,Lake Stevenborough,Lake Danielfurt,2024-04-19 20:36:27,2024-04-20 00:56:27,260,869.66
35,Beta Airlines,South Jennaberg,New Michael,2024-03-24 15:32:50,2024-03-24 23:26:50,474,326.95
36,Delta Flights,Autumnchester,East Antonio,2024-11-20 00:10:28,2024-11-20 03:13:28,183,563.93
37,Air Alpha,Apriltown,New Michael,2024-06-24 09:18:52,2024-06-24 17:29:52,491,919.95
38,Gamma Air,Villaside,Lake Dawnview,2024-02-15 19:25:45,2024-02-16 02:47:45,442,772.45
39,Beta Airlines,New Robert,East Antonio,2024-05-11 17:49:08,2024-05-11 19:01:08,72,231.4
40,Air Alpha,East Antonio,Lisaburgh,2024-04-10 04:04:30,2024-04-10 12:21:30,497,431.77
41,Delta Flights,New Robert,East Margaret,2024-06-16 04:51:05,2024-06-16 09:32:05,281,967.07
42,Beta Airlines,Apriltown,Michelleport,2024-08-26 23:15:33,2024-08-27 06:30:33,435,1324.48
43,Gamma Air,Wallermouth,South Jennaberg,2024-06-17 06:52:43,2024-06-17 13:56:43,424,352.66
44,Beta Airlines,South Jennaberg,Lake Stevenborough,2024-09-28 03:21:37,2024-09-28 06:42:37,201,257.73
45,Gamma Air,Lisaburgh,East Antonio,2024-05-15 19:16:34,2024-05-15 20:19:34,63,268.4
46,Beta Airlines,Lake Dawnview,Figueroaview,2024-06-15 23:23:11,2024-06-16 07:18:11,475,444.61
47,Gamma Air,Paulbury,New Robert,2024-05-22 10:35:36,2024-05-22 17:54:36,439,409.34
48,Beta Airlines,Michelleport,Lake Danielfurt,2024-06-12 07:12:02,2024-06-12 11:42:02,270,819.88
49,Air Alpha,Lisaburgh,Paulbury,2024-09-11 20:57:43,2024-09-12 04:25:43,448,800.39
50,Delta Flights,Apriltown,Wallermouth,2024-07-11 07:58:35,2024-07-11 15:58:35,480,394.93
51,Air Alpha,South Jennaberg,New Michael,2025-01-03 19:17:01,2025-01-04 04:12:01,535,1096.12
52,Air Alpha,New Michael,South Jennaberg,2024-05-25 01:07:24,2024-05-25 09:04:24,477,1039.52
53,Beta Airlines,Autumnchester,Charlesburgh,2024-11-16 09:50:18,2024-11-16 12:47:18,177,393.04
54,Air Alpha,Autumnchester,East Antonio,2024-10-03 06:59:15,2024-10-03 15:24:15,505,883.76
55,Delta Flights,Lisaburgh,Lake Stevenborough,2024-12-11 05:31:11,2024-12-11 10:49:11,318,533.23
56,Delta Flights,Michelleport,Wallermouth,2024-07-06 06:20:28,2024-07-06 14:43:28,503,1170.88
57,Air Alpha,Autumnchester,Lake Dawnview,2024-06-13 20:47:46,2024-06-14 05:30:46,523,945.29
58,Gamma Air,East Antonio,Lake Dawnview,2024-02-26 14:18:19,2024-02-26 17:38:19,200,624.37
59,Air Alpha,South Jennaberg,Russellfort,2024-04-05 03:55:38,2024-04-05 12:28:38,513,649.17
60,Air Alpha,South Jennaberg,Villaside,2024-03-29 05:32:10,2024-03-29 15:12:10,580,789.38
61,Beta Airlines,Lisaburgh,Autumnchester,2024-10-29 07:16:09,2024-10-29 10:41:09,205,1408.73
62,Air Alpha,Apriltown,South Jennaberg,2024-06-05 13:13:18,2024-06-05 14:35:18,82,463.74
63,Beta Airlines,Apriltown,Wallermouth,2024-08-09 15:06:53,2024-08-09 23:23:53,497,529.48
64,Air Alpha,New Robert,Amymouth,2024-11-13 10:40:19,2024-11-13 17:12:19,392,228.71
65,Gamma Air,Wallermouth,Lisaburgh,2025-01-12 10:29:42,2025-01-12 18:00:42,451,853.21
66,Gamma Air,Wallermouth,South Jennaberg,2024-04-04 07:47:02,2024-04-04 15:12:02,445,331.94
67,Delta Flights,Villaside,Apriltown,2024-09-08 16:10:28,2024-09-08 20:29:28,259,791.08
68,Gamma Air,Michelleport,Paulbury,2024-05-12 13:14:22,2024-05-12 20:40:22,446,1231.48
69,Air Alpha,Lake Stevenborough,Villaside,2024-04-14 01:33:23,2024-04-14 03:38:23,125,1408.3
70,Air Alpha,Lake Dawnview,Lisaburgh,2024-03-28 16:27:10,2024-03-28 20:02:10,215,531.23
71,Delta Flights,Amymouth,New Michael,2025-01-10 12:35:44,2025-01-10 21:43:44,548,1466.82
72,Delta Flights,Figueroaview,New Michael,2024-11-28 13:35:06,2024-11-28 17:36:06,241,608.16
73,Delta Flights,Amymouth,Autumnchester,2024-03-01 09:34:21,2024-03-01 11:26:21,112,311.03
74,Delta Flights,Lisaburgh,Charlesburgh,2024-09-04 03:53:57,2024-09-04 10:53:57,420,454.81
75,Gamma Air,Apriltown,East Antonio,2024-04-25 12:15:20,2024-04-25 17:49:20,334,1066.43
76,Beta Airlines,Figueroaview,Lake Danielfurt,2024-08-24 03:25:20,2024-08-24 10:48:20,443,804.12
77,Beta Airlines,Apriltown,Autumnchester,2024-05-06 04:26:12,2024-05-06 07:51:12,205,1384.58
78,Beta Airlines,New Michael,East Caseyview,2024-09-19 09:02:28,2024-09-19 14:41:28,339,1305.5
79,Beta Airlines,New Robert,Lisaburgh,2024-07-07 13:45:00,2024-07-07 20:26:00,401,761.98
80,Beta Airlines,Lake Stevenborough,Wallermouth,2024-02-21 19:21:59,2024-02-22 00:08:59,287,632.82
81,Beta Airlines,Michelleport,Figueroaview,2024-02-20 06:20:56,2024-02-20 14:04:56,464,591.13
82,Gamma Air,Charlesburgh,New Robert,2024-11-16 23:58:07,2024-11-17 03:08:07,190,1353.05
83,Beta Airlines,Lake Dawnview,East Margaret,2025-01-31 09:57:09,2025-01-31 19:42:09,585,1388.15
84,Delta Flights,East Caseyview,Lake Danielfurt,2025-01-17 03:06:55,2025-01-17 08:07:55,301,1366.69
85,Gamma Air,Lake Stevenborough,Michelleport,2024-12-07 08:56:15,2024-12-07 17:58:15,542,1352.38
86,Beta Airlines,New Michael,Figueroaview,2024-09-18 17:14:11,2024-09-19 02:11:11,537,158.88
87,Air Alpha,South Jennaberg,Apriltown,2024-08-03 07:38:05,2024-08-03 10:44:05,186,969.47
88,Gamma Air,Villaside,Figueroaview,2024-02-25 16:09:30,2024-02-25 18:12:30,123,1125.68
89,Air Alpha,Figueroaview,Charlesburgh,2024-04-06 00:37:44,2024-04-06 04:18:44,221,391.61
90,Beta Airlines,Russellfort,Lisaburgh,2024-06-18 10:57:08,2024-06-18 19:13:08,496,335.31
91,Air Alpha,Figueroaview,Paulbury,2024-06-04 08:19:16,2024-06-04 18:17:16,598,589.22
92,Gamma Air,Charlesburgh,Lisaburgh,2024-07-23 12:12:38,2024-07-23 13:37:38,85,906.87
93,Beta Airlines,Apriltown,Villaside,2024-10-21 15:10:29,2024-10-21 18:13:29,183,523.42
94,Air Alpha,Villaside,South Jennaberg,2024-12-31 04:23:51,2024-12-31 11:35:51,432,343.68
95,Air Alpha,Wallermouth,Charlesburgh,2024-11-01 09:18:10,2024-11-01 17:36:10,498,1267.42
96,Delta Flights,Lisaburgh,Lake Dawnview,2024-10-20 08:54:42,2024-10-20 18:22:42,568,1270.98
97,Gamma Air,Amymouth,Charlesburgh,2024-10-12 09:34:55,2024-10-12 16:42:55,428,807.15
98,Air Alpha,Apriltown,Villaside,2024-08-15 11:12:44,2024-08-15 21:00:44,588,1482.11
99,Air Alpha,Lisaburgh,Paulbury,2024-10-31 15:28:44,2024-10-31 16:41:44,73,163.12
100,Beta Airlines,Charlesburgh,Villaside,2024-05-03 20:34:57,2024-05-03 22:05:57,91,1226.46
101,Beta Airlines,Lisaburgh,Figueroaview,2025-02-11 11:51:37,2025-02-11 12:58:37,67,674.31
102,Beta Airlines,New Michael,East Antonio,2024-03-23 03:59:05,2024-03-23 09:42:05,343,551.93
103,Air Alpha,Villaside,Apriltown,2024-03-22 12:07:15,2024-03-22 15:05:15,178,1240.17
104,Beta Airlines,Lake Dawnview,South Jennaberg,2024-05-09 22:19:56,2024-05-10 04:46:56,387,1397.65
105,Beta Airlines,New Michael,Lake Danielfurt,2024-12-08 00:57:54,2024-12-08 08:09:54,432,186.86
106,Gamma Air,Paulbury,Charlesburgh,2024-08-24 06:49:38,2024-08-24 13:08:38,379,902.41
107,Delta Flights,East Antonio,East Margaret,2024-03-08 01:48:41,2024-03-08 04:54:41,186,1364.13
108,Gamma Air,East Margaret,Autumnchester,2024-05-15 00:56:07,2024-05-15 05:19:07,263,242.8
109,Gamma Air,Lake Dawnview,Autumnchester,2024-09-17 01:14:16,2024-09-17 09:35:16,501,632.9
110,Air Alpha,Apriltown,Charlesburgh,2025-01-07 09:59:13,2025-01-07 13:06:13,187,624.23
111,Beta Airlines,East Caseyview,Autumnchester,2024-12-02 09:27:15,2024-12-02 15:41:15,374,336.78
112,Air Alpha,Russellfort,Amymouth,2024-04-09 17:57:57,2024-04-09 22:02:57,245,786.45
113,Beta Airlines,New Robert,Lake Danielfurt,2024-03-25 11:15:53,2024-03-25 13:40:53,145,1421.63
114,Gamma Air,Figueroaview,Lake Stevenborough,2024-08-24 10:30:04,2024-08-24 17:58:04,448,1457.96
115,Beta Airlines,Apriltown,South Jennaberg,2024-08-05 14:48:53,2024-08-06 00:10:53,562,1153.64
116,Air Alpha,Lake Danielfurt,Charlesburgh,2024-06-04 20:33:04,2024-06-05 06:10:04,577,866.22
117,Air Alpha,Charlesburgh,New Robert,2024-07-18 11:38:37,2024-07-18 17:06:37,328,1175.67
118,Beta Airlines,Michelleport,Villaside,2024-05-23 04:29:22,2024-05-23 10:18:22,349,282.1
119,Air Alpha,Wallermouth,Michelleport,2024-08-19 03:19:47,2024-08-19 11:49:47,510,572.78
120,Gamma Air,Apriltown,Charlesburgh,2024-12-24 06:52:42,2024-12-24 15:26:42,514,422.13
121,Delta Flights,Villaside,Autumnchester,2024-09-22 03:52:56,2024-09-22 06:08:56,136,1147.9
122,Beta Airlines,Russellfort,Paulbury,2024-02-24 04:47:42,2024-02-24 11:49:42,422,1311.74
123,Air Alpha,Lake Stevenborough,New Robert,2024-11-24 23:23:51,2024-11-25 06:20:51,417,504.47
124,Beta Airlines,Figueroaview,Apriltown,2024-07-13 13:19:38,2024-07-13 15:49:38,150,1031.92
125,Delta Flights,Autumnchester,New Robert,2024-08-08 22:44:29,2024-08-09 00:43:29,119,945.63
126,Beta Airlines,Autumnchester,Lake Dawnview,2024-06-29 18:09:18,2024-06-30 00:20:18,371,1293.27
127,Air Alpha,Lake Dawnview,New Robert,2024-09-05 12:55:20,2024-09-05 15:07:20,132,157.45
128,Delta Flights,Michelleport,Apriltown,2024-04-14 07:17:57,2024-04-14 17:03:57,586,583.5
129,Air Alpha,East Caseyview,Autumnchester,2024-06-21 22:15:19,2024-06-22 00:47:19,152,552.37
130,Beta Airlines,Lake Dawnview,Villaside,2025-01-02 21:28:33,2025-01-03 01:37:33,249,577.86
131,Gamma Air,Villaside,Lake Stevenborough,2024-02-23 23:12:03,2024-02-24 01:50:03,158,1335.95
132,Gamma Air,New Robert,Wallermouth,2024-09-07 08:49:03,2024-09-07 13:23:03,274,1046.26
133,Beta Airlines,Autumnchester,East Caseyview,2024-11-21 13:42:34,2024-11-21 14:51:34,69,1384.39
134,Beta Airlines,Michelleport,East Caseyview,2024-11-08 07:09:25,2024-11-08 09:22:25,133,817.09
