flight_id,airline,departure,arrival,departure_time,arrival_time,price
1,Gamma Air,East Ashlee,Schneiderbury,2024-07-28 10:30:18,2024-07-28 14:02:18,636.35
2,Beta Airlines,Austinbury,Raymondside,2024-05-21 23:27:23,2024-05-22 03:26:23,671.0
3,Air Alpha,West Kevinberg,Williamsfurt,2024-03-17 06:41:12,2024-03-17 11:47:12,1037.37
4,Delta Flights,East Scottland,New Christopher,2024-03-26 00:34:51,2024-03-26 07:19:51,1050.88
5,Delta Flights,Schneiderbury,Anneside,2024-08-01 16:36:28,2024-08-01 18:23:28,386.07
6,Air Alpha,Raymondside,East Scottland,2024-09-24 03:05:45,2024-09-24 11:54:45,334.06
7,Delta Flights,West Jamesborough,Grosston,2024-08-16 07:45:11,2024-08-16 16:49:11,960.06
8,Gamma Air,New Christopher,East Scottland,2024-09-16 12:26:05,2024-09-16 16:09:05,1124.86
9,Gamma Air,Anneside,East Justinshire,2024-04-28 16:50:02,2024-04-29 00:00:02,922.42
10,Air Alpha,West Kevinberg,Anneside,2024-09-17 23:43:56,2024-09-18 08:50:56,1246.97
11,Delta Flights,East Ashlee,East Scottland,2024-07-13 06:48:13,2024-07-13 08:09:13,1092.29
12,Gamma Air,Raymondside,Williamsfurt,2024-12-11 18:17:55,2024-12-12 02:57:55,1315.56
13,Gamma Air,Port Jorgehaven,Perkinsport,2024-02-20 11:09:57,2024-02-20 19:21:57,496.95
14,Gamma Air,Matthewchester,East Scottland,2025-01-01 22:08:19,2025-01-02 05:06:19,627.58
15,Delta Flights,Williamsfurt,Schmittberg,2024-03-08 11:26:04,2024-03-08 15:49:04,779.84
16,Beta Airlines,Grosston,Raymondside,2024-12-23 07:16:29,2024-12-23 11:23:29,472.67
17,Beta Airlines,Port Jorgehaven,West Dennisbury,2024-03-25 12:10:26,2024-03-25 16:56:26,298.32
18,Beta Airlines,Brendamouth,Schmittberg,2024-05-21 20:34:57,2024-05-22 01:55:57,116.93
19,Air Alpha,Anneside,Williamsfurt,2024-05-25 13:33:44,2024-05-25 23:17:44,58.48
20,Beta Airlines,Raymondside,Williamsfurt,2024-03-08 08:30:14,2024-03-08 11:10:14,1212.37
21,Air Alpha,Perkinsport,New Christopher,2024-08-18 15:53:02,2024-08-18 21:42:02,1259.22
22,Gamma Air,Boydfurt,Austinbury,2024-11-24 08:04:51,2024-11-24 15:51:51,432.14
23,Gamma Air,East Scottland,East Ashlee,2024-04-03 19:13:57,2024-04-04 02:08:57,105.37
24,Delta Flights,Williamsfurt,Austinbury,2024-08-29 23:31:02,2024-08-30 00:51:02,1470.17
25,Gamma Air,Schmittberg,Grosston,2024-08-10 09:38:46,2024-08-10 13:19:46,830.37
26,Beta Airlines,West Kevinberg,West Jamesborough,2024-10-28 16:48:50,2024-10-28 17:58:50,545.49
27,Beta Airlines,Raymondside,New Christopher,2024-05-11 19:56:49,2024-05-11 23:26:49,1088.75
28,Gamma Air,West Dennisbury,Boydfurt,2024-07-14 20:38:17,2024-07-15 04:52:17,1117.17
29,Beta Airlines,Austinbury,Jessicaland,2024-10-25 04:41:11,2024-10-25 07:52:11,319.45
30,Beta Airlines,Jessicaland,Brendamouth,2024-08-18 06:03:54,2024-08-18 15:57:54,949.99
31,Air Alpha,West Dennisbury,West Kevinberg,2025-01-23 19:37:14,2025-01-24 00:42:14,86.2
32,Air Alpha,Jessicaland,West Kevinberg,2024-03-25 19:59:10,2024-03-25 23:46:10,958.89
33,Beta Airlines,Schmittberg,Grosston,2024-11-19 03:08:25,2024-11-19 11:52:25,172.07
34,Delta Flights,Boydfurt,Schneiderbury,2025-01-02 14:41:12,2025-01-02 17:47:12,1425.0
35,Air Alpha,Grosston,West Dennisbury,2025-01-25 02:24:18,2025-01-25 09:43:18,1232.81
36,Air Alpha,Williamsfurt,West Dennisbury,2024-06-28 00:05:34,2024-06-28 07:12:34,800.0
37,Delta Flights,New Christopher,Williamsfurt,2024-11-19 16:11:07,2024-11-19 23:59:07,623.24
38,Beta Airlines,Anneside,Jessicaland,2024-08-02 09:42:13,2024-08-02 17:21:13,948.65
39,Delta Flights,East Ashlee,Williamsfurt,2024-12-21 17:51:54,2024-12-21 19:44:54,383.61
40,Gamma Air,Raymondside,West Jamesborough,2024-04-25 04:06:25,2024-04-25 08:19:25,899.09
41,Gamma Air,Grosston,Port Jorgehaven,2024-09-03 22:32:37,2024-09-04 00:57:37,546.53
42,Gamma Air,New Christopher,West Dennisbury,2024-07-14 08:34:14,2024-07-14 12:54:14,1429.38
43,Beta Airlines,Matthewchester,Schmittberg,2024-10-29 07:50:17,2024-10-29 16:08:17,1122.11
44,Air Alpha,New Christopher,Austinbury,2024-08-31 05:02:06,2024-08-31 11:11:06,248.54
45,Gamma Air,West Jamesborough,Schneiderbury,2024-05-10 04:19:44,2024-05-10 09:01:44,902.23
46,Beta Airlines,Schneiderbury,Schmittberg,2024-06-12 10:44:34,2024-06-12 12:19:34,1100.17
47,Air Alpha,Schneiderbury,West Jamesborough,2024-12-01 23:23:44,2024-12-02 02:16:44,768.38
48,Air Alpha,Jessicaland,Brendamouth,2024-07-05 09:57:14,2024-07-05 15:51:14,857.45
49,Beta Airlines,Matthewchester,Anneside,2024-04-12 10:11:38,2024-04-12 19:44:38,534.19
50,Air Alpha,New Christopher,Williamsfurt,2024-12-25 11:58:13,2024-12-25 19:37:13,569.79
51,Beta Airlines,Brendamouth,West Kevinberg,2024-09-01 07:14:18,2024-09-01 13:19:18,456.11
52,Gamma Air,Grosston,Schmittberg,2025-02-03 20:46:46,2025-02-04 03:10:46,425.73
53,Air Alpha,Grosston,Raymondside,2024-07-20 07:22:50,2024-07-20 12:50:50,119.48
54,Gamma Air,Raymondside,East Ashlee,2024-10-16 03:12:29,2024-10-16 09:38:29,1300.97
55,Gamma Air,East Ashlee,Matthewchester,2024-06-14 10:45:41,2024-06-14 16:02:41,999.45
56,Delta Flights,Schneiderbury,East Justinshire,2024-09-29 22:33:30,2024-09-30 05:45:30,865.93
57,Air Alpha,Brendamouth,West Jamesborough,2024-12-14 16:18:23,2024-12-14 18:48:23,1492.26
58,Delta Flights,Anneside,Grosston,2024-05-02 18:50:57,2024-05-02 23:36:57,983.97
59,Delta Flights,Schneiderbury,Williamsfurt,2024-11-05 09:12:58,2024-11-05 16:50:58,1442.77
60,Air Alpha,East Justinshire,Jessicaland,2024-10-29 13:42:08,2024-10-29 19:45:08,664.29
61,Air Alpha,Raymondside,West Dennisbury,2024-12-26 01:44:59,2024-12-26 06:41:59,1164.04
62,Air Alpha,East Justinshire,Port Jorgehaven,2024-02-24 18:10:30,2024-02-25 04:07:30,191.2
63,Delta Flights,West Kevinberg,Austinbury,2024-07-07 08:33:03,2024-07-07 14:23:03,968.43
64,Beta Airlines,Brendamouth,Schmittberg,2024-05-27 14:14:09,2024-05-27 16:22:09,707.85
65,Beta Airlines,East Ashlee,New Christopher,2024-12-21 03:11:59,2024-12-21 09:25:59,434.04
66,Delta Flights,Anneside,Port Jorgehaven,2024-03-21 23:31:00,2024-03-22 06:09:00,939.44
67,Delta Flights,Port Jorgehaven,Matthewchester,2024-05-10 09:58:50,2024-05-10 14:37:50,53.36
68,Delta Flights,West Dennisbury,Austinbury,2024-06-20 22:53:46,2024-06-21 02:41:46,863.85
69,Beta Airlines,Williamsfurt,East Justinshire,2024-02-22 13:59:36,2024-02-22 16:06:36,121.65
70,Gamma Air,West Dennisbury,Perkinsport,2024-07-21 12:45:57,2024-07-21 21:53:57,1488.3
71,Beta Airlines,Boydfurt,East Justinshire,2024-09-17 21:10:59,2024-09-18 04:35:59,1416.43
72,Gamma Air,West Kevinberg,East Justinshire,2024-05-30 01:06:49,2024-05-30 10:49:49,1467.65
73,Delta Flights,Port Jorgehaven,Austinbury,2024-03-28 15:14:41,2024-03-28 20:03:41,1395.74
74,Beta Airlines,Brendamouth,East Ashlee,2024-03-26 17:36:08,2024-03-26 19:51:08,1145.44
75,Gamma Air,Austinbury,Jessicaland,2024-07-25 08:07:55,2024-07-25 10:31:55,253.35
76,Air Alpha,West Dennisbury,East Ashlee,2024-10-23 00:32:00,2024-10-23 06:55:00,413.61
77,Delta Flights,Schmittberg,New Christopher,2024-07-06 19:36:17,2024-07-06 23:25:17,716.26
78,Beta Airlines,Jessicaland,West Kevinberg,2024-03-07 23:51:41,2024-03-08 07:46:41,915.39
79,Delta Flights,Williamsfurt,East Ashlee,2025-02-04 13:33:50,2025-02-04 17:44:50,333.45
80,Air Alpha,West Kevinberg,Perkinsport,2024-08-11 10:28:59,2024-08-11 12:43:59,250.56
81,Delta Flights,Port Jorgehaven,Austinbury,2024-05-26 22:30:04,2024-05-27 08:02:04,81.89
82,Air Alpha,Schmittberg,Austinbury,2024-12-26 00:39:42,2024-12-26 06:15:42,210.6
83,Delta Flights,East Scottland,Schneiderbury,2024-10-09 07:20:11,2024-10-09 13:56:11,551.52
84,Delta Flights,West Dennisbury,Schmittberg,2024-04-14 19:04:05,2024-04-15 03:19:05,169.96
85,Air Alpha,East Scottland,Raymondside,2024-05-21 13:16:53,2024-05-21 14:53:53,1199.97
86,Beta Airlines,Port Jorgehaven,Anneside,2024-03-29 00:39:59,2024-03-29 07:26:59,809.78
87,Air Alpha,Schneiderbury,Port Jorgehaven,2024-07-09 03:38:33,2024-07-09 05:02:33,334.1
88,Beta Airlines,East Scottland,West Kevinberg,2024-07-07 23:56:28,2024-07-08 05:32:28,623.81
89,Beta Airlines,West Kevinberg,East Scottland,2024-09-03 10:10:57,2024-09-03 14:39:57,1484.95
90,Delta Flights,Matthewchester,Schmittberg,2025-01-15 13:17:45,2025-01-15 22:48:45,627.28
91,Delta Flights,Perkinsport,Schmittberg,2024-08-10 01:32:19,2024-08-10 10:27:19,1047.79
92,Beta Airlines,Boydfurt,East Ashlee,2024-09-01 06:25:12,2024-09-01 11:04:12,920.81
93,Delta Flights,Perkinsport,Schneiderbury,2024-08-05 22:08:14,2024-08-06 03:58:14,101.89
94,Beta Airlines,East Ashlee,Matthewchester,2024-08-17 15:11:45,2024-08-17 17:26:45,688.67
95,Beta Airlines,East Ashlee,Grosston,2024-09-19 22:23:52,2024-09-20 08:08:52,922.28
96,Air Alpha,West Jamesborough,Schmittberg,2025-01-30 20:41:31,2025-01-31 01:06:31,450.97
97,Air Alpha,Perkinsport,Austinbury,2024-06-18 01:12:32,2024-06-18 10:49:32,1086.62
98,Beta Airlines,East Justinshire,Austinbury,2024-08-31 22:53:30,2024-09-01 07:00:30,1166.3
99,Delta Flights,Boydfurt,East Ashlee,2024-05-26 13:21:45,2024-05-26 21:23:45,978.15
100,Air Alpha,Williamsfurt,Port Jorgehaven,2024-08-20 04:14:49,2024-08-20 12:58:49,358.66
101,Beta Airlines,Austinbury,East Justinshire,2024-12-11 00:53:51,2024-12-11 05:13:51,1437.72
102,Beta Airlines,Austinbury,East Ashlee,2024-06-11 00:06:15,2024-06-11 09:54:15,249.94
103,Beta Airlines,East Justinshire,Schmittberg,2024-06-19 15:50:29,2024-06-19 20:10:29,852.66
104,Air Alpha,New Christopher,Raymondside,2024-08-17 04:42:22,2024-08-17 08:30:22,942.02
105,Delta Flights,East Ashlee,Schneiderbury,2024-04-04 04:24:28,2024-04-04 06:58:28,1304.41
106,Gamma Air,West Jamesborough,New Christopher,2025-01-08 14:24:39,2025-01-08 16:15:39,468.57
107,Gamma Air,West Jamesborough,New Christopher,2024-03-07 07:04:03,2024-03-07 12:49:03,574.19
108,Gamma Air,Brendamouth,Grosston,2024-03-24 03:06:03,2024-03-24 10:55:03,1201.21
109,Gamma Air,Brendamouth,Grosston,2024-12-13 11:50:13,2024-12-13 21:39:13,1206.24
110,Beta Airlines,Brendamouth,Schneiderbury,2025-02-07 15:23:26,2025-02-07 16:40:26,512.67
111,Gamma Air,Schneiderbury,Raymondside,2025-01-08 01:41:07,2025-01-08 07:01:07,1308.9
112,Gamma Air,New Christopher,Brendamouth,2024-06-20 18:51:30,2024-06-20 20:42:30,736.86
113,Gamma Air,West Dennisbury,Austinbury,2024-05-17 23:59:26,2024-05-18 05:34:26,1320.75
114,Delta Flights,Schmittberg,West Jamesborough,2024-09-08 23:09:59,2024-09-09 01:34:59,836.87
115,Beta Airlines,Jessicaland,East Ashlee,2024-09-01 00:12:12,2024-09-01 08:20:12,962.57
116,Delta Flights,Jessicaland,Anneside,2024-05-27 17:33:53,2024-05-27 21:27:53,714.12
117,Delta Flights,Grosston,Matthewchester,2024-05-18 15:49:28,2024-05-18 23:09:28,106.85
118,Gamma Air,Anneside,Port Jorgehaven,2024-08-17 07:52:20,2024-08-17 17:48:20,1424.77
119,Delta Flights,Grosston,Perkinsport,2024-04-13 16:59:56,2024-04-13 22:44:56,1076.13
120,Delta Flights,East Ashlee,New Christopher,2024-05-14 12:57:50,2024-05-14 18:06:50,800.27
121,Air Alpha,Anneside,Jessicaland,2024-03-13 16:39:26,2024-03-13 18:52:26,310.18
122,Delta Flights,Port Jorgehaven,Schmittberg,2024-05-22 02:13:38,2024-05-22 10:56:38,1329.79
123,Delta Flights,East Scottland,Perkinsport,2024-11-28 10:41:09,2024-11-28 12:54:09,453.09
124,Beta Airlines,East Scottland,Matthewchester,2025-01-21 04:52:15,2025-01-21 06:19:15,799.56
125,Beta Airlines,Anneside,Raymondside,2024-11-04 15:27:54,2024-11-04 23:44:54,760.87
126,Gamma Air,East Scottland,Anneside,2024-10-31 21:32:18,2024-11-01 01:02:18,851.15
127,Air Alpha,Jessicaland,Schneiderbury,2024-05-26 17:37:16,2024-05-27 03:30:16,167.19
128,Air Alpha,Schmittberg,East Scottland,2024-10-27 19:38:35,2024-10-28 02:14:35,1357.2
129,Delta Flights,East Ashlee,West Dennisbury,2025-02-01 19:22:40,2025-02-01 22:24:40,536.58
130,Beta Airlines,Williamsfurt,Schmittberg,2024-05-14 10:21:02,2024-05-14 19:52:02,364.58
131,Gamma Air,East Ashlee,West Jamesborough,2024-11-27 17:18:18,2024-11-27 18:28:18,760.05
132,Beta Airlines,Schneiderbury,Williamsfurt,2024-07-27 11:39:42,2024-07-27 20:42:42,1487.95
133,Gamma Air,Matthewchester,Boydfurt,2025-02-10 06:32:04,2025-02-10 14:40:04,868.29
134,Delta Flights,Schmittberg,East Scottland,2025-02-10 04:59:47,2025-02-10 13:36:47,1224.53
135,Delta Flights,Jessicaland,Williamsfurt,2024-04-01 04:20:21,2024-04-01 12:25:21,1122.57
136,Gamma Air,West Dennisbury,Schmittberg,2024-02-15 10:36:11,2024-02-15 20:04:11,157.54
137,Air Alpha,Schmittberg,Port Jorgehaven,2024-11-24 13:51:40,2024-11-24 16:23:40,271.81
138,Air Alpha,Matthewchester,Jessicaland,2024-09-11 14:31:13,2024-09-11 16:07:13,830.23
139,Delta Flights,New Christopher,Anneside,2024-08-12 10:38:47,2024-08-12 19:20:47,1389.68
140,Air Alpha,Perkinsport,East Ashlee,2024-11-22 09:18:06,2024-11-22 12:50:06,1492.86
141,Delta Flights,Raymondside,Austinbury,2024-03-20 02:31:29,2024-03-20 07:14:29,1022.32
142,Beta Airlines,East Scottland,New Christopher,2024-02-22 05:40:16,2024-02-22 14:22:16,1325.84
143,Gamma Air,Schmittberg,Anneside,2024-03-31 08:33:27,2024-03-31 16:50:27,690.0
144,Beta Airlines,East Scottland,Brendamouth,2025-01-04 20:26:07,2025-01-05 03:40:07,1228.57
145,Air Alpha,Anneside,West Kevinberg,2024-12-06 18:10:10,2024-12-07 04:02:10,675.07
146,Air Alpha,Jessicaland,Schneiderbury,2024-03-07 10:24:22,2024-03-07 15:03:22,519.06
147,Delta Flights,West Dennisbury,Jessicaland,2024-08-26 01:10:35,2024-08-26 07:50:35,873.43
148,Air Alpha,Raymondside,Jessicaland,2024-11-17 16:19:13,2024-11-17 20:06:13,181.32
