duration_minutes,departure,price,flight_id,departure_time,arrival,airline,arrival_time
146,Cruzland,1312.04,1,2024-09-28 22:55:39,Port Devon,Beta Airlines,2024-09-29 01:21:39
576,Amandachester,500.01,2,2024-09-15 17:25:54,Ruizside,Beta Airlines,2024-09-16 03:01:54
297,Apriltown,1218.55,3,2024-06-04 21:57:48,Port Sarahton,Gamma Air,2024-06-05 02:54:48
244,Amandachester,616.26,4,2025-02-12 18:57:01,Lake Nicoleland,Air Alpha,2025-02-12 23:01:01
307,South Johnland,1343.28,5,2024-05-06 02:51:59,Lake Sarah,Air Alpha,2024-05-06 07:58:59
193,Lake Nicoleland,1131.81,6,2024-07-24 08:34:40,Masonchester,Delta Flights,2024-07-24 11:47:40
215,Lake Jennifer,991.55,7,2024-11-10 20:03:30,Ibarrachester,Beta Airlines,2024-11-10 23:38:30
381,South Richard,918.47,8,2025-01-12 01:45:57,Amandachester,Gamma Air,2025-01-12 08:06:57
422,Cruzland,675.1,9,2024-02-24 22:12:30,Susanburgh,Delta Flights,2024-02-25 05:14:30
176,Susanburgh,1001.5,10,2024-09-14 15:39:44,Amandachester,Gamma Air,2024-09-14 18:35:44
215,South Richard,250.05,11,2024-12-22 23:15:29,Susanburgh,Delta Flights,2024-12-23 02:50:29
211,Matthewburgh,239.7,12,2024-09-14 05:35:34,Ibarrachester,Gamma Air,2024-09-14 09:06:34
306,Hodgeville,332.32,13,2024-07-13 20:10:45,Port Lauren,Beta Airlines,2024-07-14 01:16:45
145,Lake Nicoleland,738.76,14,2024-12-24 01:04:58,Lake Jennifer,Gamma Air,2024-12-24 03:29:58
128,Port Sarahton,1388.23,15,2024-10-24 17:12:03,Cruzland,Beta Airlines,2024-10-24 19:20:03
218,New Mary,813.91,16,2025-01-01 23:11:08,Amandachester,Beta Airlines,2025-01-02 02:49:08
514,Lake Jennifer,876.83,17,2024-05-03 05:38:11,Apriltown,Gamma Air,2024-05-03 14:12:11
221,Ruizside,1172.57,18,2025-01-08 05:43:45,Amandachester,Air Alpha,2025-01-08 09:24:45
435,Lake Jennifer,252.07,19,2024-04-22 04:15:05,Hodgeville,Delta Flights,2024-04-22 11:30:05
212,Hodgeville,1272.35,20,2024-12-07 16:20:53,Ibarrachester,Beta Airlines,2024-12-07 19:52:53
199,Ibarrachester,628.34,21,2024-04-15 14:24:14,South Johnland,Beta Airlines,2024-04-15 17:43:14
363,New Mary,205.3,22,2024-06-11 22:09:01,Port Lauren,Delta Flights,2024-06-12 04:12:01
210,Masonchester,453.93,23,2025-02-05 20:24:07,Fosterchester,Gamma Air,2025-02-05 23:54:07
233,Susanburgh,919.02,24,2024-04-24 23:15:41,Fosterchester,Gamma Air,2024-04-25 03:08:41
137,South Richard,1056.44,25,2024-02-23 01:07:29,Port Sarahton,Beta Airlines,2024-02-23 03:24:29
165,Matthewburgh,830.58,26,2025-01-23 20:33:24,South Steven,Gamma Air,2025-01-23 23:18:24
540,Masonchester,1448.21,27,2024-03-22 00:12:41,Lake Nicoleland,Beta Airlines,2024-03-22 09:12:41
385,Apriltown,860.39,28,2024-08-12 00:27:19,Port Lauren,Beta Airlines,2024-08-12 06:52:19
250,South Steven,772.42,29,2025-01-03 05:38:37,Port Devon,Gamma Air,2025-01-03 09:48:37
351,Lake Sarah,1304.12,30,2024-09-17 08:29:54,South Johnland,Beta Airlines,2024-09-17 14:20:54
456,New Mary,982.55,31,2024-06-09 17:13:45,Masonchester,Gamma Air,2024-06-10 00:49:45
225,Ibarrachester,786.47,32,2025-02-01 11:46:44,Cruzland,Beta Airlines,2025-02-01 15:31:44
130,Ibarrachester,912.69,33,2024-09-26 20:58:42,Port Lauren,Delta Flights,2024-09-26 23:08:42
387,Lake Jennifer,1405.92,34,2024-11-17 11:37:05,Port Devon,Delta Flights,2024-11-17 18:04:05
592,Lake Nicoleland,1411.73,35,2024-08-15 03:21:00,Ruizside,Air Alpha,2024-08-15 13:13:00
157,Ruizside,283.44,36,2024-09-27 20:39:45,Hodgeville,Beta Airlines,2024-09-27 23:16:45
352,Apriltown,1328.24,37,2024-09-04 23:18:05,Ibarrachester,Air Alpha,2024-09-05 05:10:05
177,Port Devon,1416.16,38,2025-01-02 12:17:42,South Johnland,Beta Airlines,2025-01-02 15:14:42
184,Port Lauren,999.27,39,2024-11-23 12:59:36,Susanburgh,Gamma Air,2024-11-23 16:03:36
395,Lake Jennifer,1231.2,40,2024-05-20 04:08:01,Port Sarahton,Gamma Air,2024-05-20 10:43:01
554,Susanburgh,748.42,41,2024-09-07 09:42:21,Masonchester,Air Alpha,2024-09-07 18:56:21
344,Port Devon,882.68,42,2024-03-21 09:44:08,Susanburgh,Beta Airlines,2024-03-21 15:28:08
306,Ruizside,561.48,43,2024-10-09 06:13:37,Fosterchester,Gamma Air,2024-10-09 11:19:37
345,Ibarrachester,1193.41,44,2024-11-20 08:53:20,Masonchester,Beta Airlines,2024-11-20 14:38:20
338,Port Sarahton,321.43,45,2024-11-04 09:52:31,South Richard,Air Alpha,2024-11-04 15:30:31
306,Port Devon,440.75,46,2024-11-03 08:00:37,Lake Sarah,Air Alpha,2024-11-03 13:06:37
527,South Johnland,1436.67,47,2024-08-28 12:49:53,Amandachester,Beta Airlines,2024-08-28 21:36:53
480,Amandachester,193.64,48,2024-05-15 08:10:40,Ibarrachester,Gamma Air,2024-05-15 16:10:40
342,Cruzland,487.78,49,2024-07-04 19:39:32,South Johnland,Delta Flights,2024-07-05 01:21:32
158,South Richard,117.84,50,2025-01-15 20:42:35,Lake Sarah,Gamma Air,2025-01-15 23:20:35
63,Lake Jennifer,788.69,51,2024-12-13 10:40:39,Lake Nicoleland,Gamma Air,2024-12-13 11:43:39
459,South Richard,300.1,52,2024-06-17 19:50:57,South Johnland,Air Alpha,2024-06-18 03:29:57
324,Ruizside,1417.73,53,2024-04-28 07:14:01,South Richard,Air Alpha,2024-04-28 12:38:01
74,Hodgeville,480.78,54,2024-08-05 08:18:11,Lake Jennifer,Delta Flights,2024-08-05 09:32:11
455,Port Lauren,629.43,55,2025-01-09 17:27:59,Ruizside,Air Alpha,2025-01-10 01:02:59
454,Fosterchester,850.91,56,2024-03-10 06:07:42,New Mary,Delta Flights,2024-03-10 13:41:42
307,Apriltown,820.48,57,2024-04-10 14:59:47,Lake Sarah,Gamma Air,2024-04-10 20:06:47
183,South Steven,405.49,58,2024-07-28 10:02:15,Cruzland,Beta Airlines,2024-07-28 13:05:15
174,Cruzland,1402.2,59,2024-11-09 14:01:10,Port Sarahton,Beta Airlines,2024-11-09 16:55:10
255,Masonchester,223.68,60,2024-09-19 08:21:29,Fosterchester,Delta Flights,2024-09-19 12:36:29
196,Lake Nicoleland,252.24,61,2024-12-31 02:53:05,Ruizside,Air Alpha,2024-12-31 06:09:05
135,Lake Sarah,349.1,62,2024-05-13 15:48:09,Hodgeville,Air Alpha,2024-05-13 18:03:09
274,Ibarrachester,467.16,63,2024-03-19 10:14:06,Susanburgh,Air Alpha,2024-03-19 14:48:06
234,New Mary,783.82,64,2024-05-07 05:53:13,South Richard,Air Alpha,2024-05-07 09:47:13
417,Amandachester,540.39,65,2024-11-06 02:52:09,Port Devon,Gamma Air,2024-11-06 09:49:09
484,Masonchester,682.79,66,2024-09-03 14:28:50,Lake Jennifer,Beta Airlines,2024-09-03 22:32:50
241,South Johnland,531.15,67,2025-01-09 05:45:45,Hodgeville,Beta Airlines,2025-01-09 09:46:45
538,Lake Jennifer,97.08,68,2025-02-03 14:22:11,Susanburgh,Air Alpha,2025-02-03 23:20:11
415,Cruzland,275.48,69,2025-01-26 11:21:56,Lake Jennifer,Gamma Air,2025-01-26 18:16:56
512,Port Lauren,548.93,70,2024-06-10 04:47:24,Ibarrachester,Air Alpha,2024-06-10 13:19:24
292,Masonchester,527.51,71,2024-09-28 08:07:09,Lake Sarah,Delta Flights,2024-09-28 12:59:09
515,Port Devon,150.19,72,2024-11-11 13:53:42,Ibarrachester,Gamma Air,2024-11-11 22:28:42
492,South Richard,1464.89,73,2024-04-13 05:45:13,Amandachester,Air Alpha,2024-04-13 13:57:13
473,Ibarrachester,1017.6,74,2024-05-25 11:17:52,Amandachester,Delta Flights,2024-05-25 19:10:52
242,Port Devon,350.07,75,2024-06-26 12:24:38,Ibarrachester,Gamma Air,2024-06-26 16:26:38
271,Lake Sarah,1402.64,76,2025-01-23 21:46:27,Cruzland,Beta Airlines,2025-01-24 02:17:27
101,Susanburgh,1188.8,77,2024-09-18 17:42:56,Lake Jennifer,Gamma Air,2024-09-18 19:23:56
134,South Johnland,521.3,78,2024-07-18 18:38:07,New Mary,Beta Airlines,2024-07-18 20:52:07
150,Lake Sarah,1491.23,79,2024-09-08 20:54:11,Cruzland,Gamma Air,2024-09-08 23:24:11
371,South Johnland,172.39,80,2024-03-27 14:46:58,Hodgeville,Gamma Air,2024-03-27 20:57:58
330,Lake Sarah,549.13,81,2024-06-27 01:26:24,Cruzland,Gamma Air,2024-06-27 06:56:24
484,Amandachester,757.85,82,2024-07-20 16:21:27,Lake Nicoleland,Air Alpha,2024-07-21 00:25:27
508,Fosterchester,1218.9,83,2025-01-12 17:38:02,Port Sarahton,Beta Airlines,2025-01-13 02:06:02
130,Port Lauren,989.17,84,2024-04-03 18:29:47,Hodgeville,Delta Flights,2024-04-03 20:39:47
426,Susanburgh,1222.6,85,2024-10-03 22:06:32,Apriltown,Delta Flights,2024-10-04 05:12:32
487,Lake Nicoleland,809.01,86,2025-02-09 03:28:53,Hodgeville,Air Alpha,2025-02-09 11:35:53
254,Masonchester,640.56,87,2024-05-01 20:21:02,Cruzland,Air Alpha,2024-05-02 00:35:02
319,Ibarrachester,86.11,88,2024-08-26 05:02:00,Amandachester,Beta Airlines,2024-08-26 10:21:00
476,South Steven,68.76,89,2024-12-06 00:58:52,New Mary,Delta Flights,2024-12-06 08:54:52
579,Hodgeville,1374.32,90,2024-03-31 20:44:21,Amandachester,Beta Airlines,2024-04-01 06:23:21
165,South Richard,1402.77,91,2024-11-10 16:05:14,Lake Nicoleland,Beta Airlines,2024-11-10 18:50:14
449,New Mary,471.53,92,2024-04-02 19:44:56,South Johnland,Delta Flights,2024-04-03 03:13:56
277,Fosterchester,1069.58,93,2024-10-28 13:49:00,Ruizside,Air Alpha,2024-10-28 18:26:00
445,Apriltown,242.04,94,2024-12-02 19:15:03,Ibarrachester,Gamma Air,2024-12-03 02:40:03
136,Susanburgh,133.73,95,2024-09-23 11:27:26,South Johnland,Gamma Air,2024-09-23 13:43:26
157,Port Lauren,1101.27,96,2024-12-18 19:34:03,Apriltown,Beta Airlines,2024-12-18 22:11:03
347,New Mary,1384.31,97,2024-04-10 14:48:03,Lake Jennifer,Delta Flights,2024-04-10 20:35:03
336,Lake Nicoleland,648.18,98,2024-02-24 10:14:52,Susanburgh,Air Alpha,2024-02-24 15:50:52
131,South Richard,1318.89,99,2024-05-24 01:20:50,Cruzland,Delta Flights,2024-05-24 03:31:50
118,Ibarrachester,837.19,100,2024-11-26 03:25:24,Ruizside,Air Alpha,2024-11-26 05:23:24
266,Amandachester,888.93,101,2024-11-23 17:27:58,Fosterchester,Gamma Air,2024-11-23 21:53:58
479,Cruzland,1045.39,102,2024-12-01 23:58:23,Apriltown,Gamma Air,2024-12-02 07:57:23
521,South Steven,1077.27,103,2024-07-15 09:13:49,Masonchester,Air Alpha,2024-07-15 17:54:49
342,Ibarrachester,503.86,104,2024-11-26 12:58:00,Matthewburgh,Air Alpha,2024-11-26 18:40:00
239,South Richard,991.92,105,2024-08-21 01:30:42,Port Lauren,Air Alpha,2024-08-21 05:29:42
445,Port Devon,595.31,106,2024-09-29 22:40:57,Lake Jennifer,Air Alpha,2024-09-30 06:05:57
92,Lake Nicoleland,1039.67,107,2024-03-04 16:25:15,Port Sarahton,Gamma Air,2024-03-04 17:57:15
560,South Johnland,483.31,108,2025-01-30 08:02:34,Cruzland,Air Alpha,2025-01-30 17:22:34
591,Lake Sarah,609.58,109,2024-05-15 16:27:45,Port Sarahton,Gamma Air,2024-05-16 02:18:45
103,Amandachester,1148.89,110,2024-12-10 10:27:15,Port Sarahton,Delta Flights,2024-12-10 12:10:15
73,Lake Sarah,896.63,111,2025-01-30 04:05:37,South Johnland,Gamma Air,2025-01-30 05:18:37
335,Fosterchester,777.76,112,2025-02-10 14:27:53,Ibarrachester,Gamma Air,2025-02-10 20:02:53
504,South Richard,832.72,113,2024-05-03 10:28:45,New Mary,Delta Flights,2024-05-03 18:52:45
504,Masonchester,1423.09,114,2024-03-17 04:45:48,South Richard,Beta Airlines,2024-03-17 13:09:48
534,New Mary,80.96,115,2024-08-15 04:31:13,Fosterchester,Delta Flights,2024-08-15 13:25:13
64,Apriltown,1365.63,116,2024-03-28 07:07:22,Lake Jennifer,Air Alpha,2024-03-28 08:11:22
535,South Richard,167.15,117,2024-04-06 14:35:43,Lake Nicoleland,Air Alpha,2024-04-06 23:30:43
217,Port Devon,1428.24,118,2024-04-11 02:17:34,Masonchester,Delta Flights,2024-04-11 05:54:34
141,Lake Sarah,796.23,119,2024-05-16 17:48:31,Susanburgh,Delta Flights,2024-05-16 20:09:31
77,Lake Sarah,1454.59,120,2024-06-28 06:21:08,Matthewburgh,Delta Flights,2024-06-28 07:38:08
128,New Mary,1336.35,121,2024-09-04 17:09:09,Amandachester,Gamma Air,2024-09-04 19:17:09
386,South Richard,872.45,122,2024-04-11 14:56:08,Port Sarahton,Gamma Air,2024-04-11 21:22:08
583,Matthewburgh,1310.84,123,2024-04-16 04:38:18,Cruzland,Air Alpha,2024-04-16 14:21:18
164,Port Sarahton,620.2,124,2024-04-29 11:48:44,Cruzland,Beta Airlines,2024-04-29 14:32:44
298,Port Lauren,1147.88,125,2024-06-15 01:39:21,Lake Sarah,Gamma Air,2024-06-15 06:37:21
68,South Richard,451.93,126,2024-09-07 07:09:50,Lake Jennifer,Beta Airlines,2024-09-07 08:17:50
526,Fosterchester,594.17,127,2024-07-07 20:52:57,Lake Sarah,Delta Flights,2024-07-08 05:38:57
