flight_id,airline,departure,arrival,departure_time,arrival_time,duration_minutes,price
1,Delta Flights,Port Stacey,Port Stephanieborough,2024-08-27 22:24:06,2024-08-28 03:53:06,329,618.78
2,Air Alpha,West Angela,Kellyborough,2024-09-04 18:40:45,2024-09-05 01:50:45,430,428.33
3,Delta Flights,West Angela,West Tamara,2024-12-25 03:21:12,2024-12-25 04:31:12,70,695.84
4,Delta Flights,Matthewborough,South Rebeccabury,2024-02-15 16:58:00,2024-02-15 19:46:00,168,954.55
5,Gamma Air,Kristinehaven,West Tamara,2024-04-22 04:40:55,2024-04-22 09:22:55,282,508.41
6,Gamma Air,Port Bryanville,Leeside,2024-07-20 22:32:43,2024-07-21 01:36:43,184,242.36
7,Beta Airlines,Peterberg,South Katherineport,2025-02-12 13:12:12,2025-02-12 14:53:12,101,1396.11
8,Delta Flights,Kristinehaven,Rodriguezville,2024-04-01 08:59:11,2024-04-01 18:29:11,570,1489.96
9,Air Alpha,South Katherineport,Travismouth,2024-10-28 01:57:32,2024-10-28 05:24:32,207,1445.04
10,Air Alpha,Port Stacey,Leeside,2024-11-12 16:13:40,2024-11-12 17:49:40,96,990.59
11,Gamma Air,South Rebeccabury,West Elizabeth,2024-06-17 02:12:28,2024-06-17 11:55:28,583,1353.33
12,Gamma Air,South Rebeccabury,Peterberg,2024-03-11 15:35:27,2024-03-11 19:54:27,259,102.73
13,Air Alpha,Peterberg,Matthewborough,2024-03-18 20:34:06,2024-03-19 05:35:06,541,1060.9
14,Gamma Air,Kristinehaven,Leeside,2024-02-22 06:44:19,2024-02-22 13:19:19,395,1252.69
15,Delta Flights,Kristinehaven,Matthewborough,2024-09-09 17:09:57,2024-09-10 02:28:57,559,305.03
16,Gamma Air,Matthewborough,South Rebeccabury,2024-07-05 04:57:40,2024-07-05 10:14:40,317,1385.35
17,Beta Airlines,South Rebeccabury,West Elizabeth,2024-12-05 01:32:14,2024-12-05 02:34:14,62,749.1
18,Air Alpha,New Douglas,Kristinehaven,2024-04-11 00:24:29,2024-04-11 08:22:29,478,456.68
19,Beta Airlines,South Rebeccabury,Peterberg,2025-02-02 18:54:21,2025-02-03 01:13:21,379,68.53
20,Air Alpha,Port Bryanville,Peterberg,2024-02-19 15:52:24,2024-02-19 23:30:24,458,584.25
21,Gamma Air,New Douglas,East Andrewville,2024-11-24 16:47:13,2024-11-25 00:57:13,490,54.22
22,Gamma Air,Rodriguezville,Amyshire,2024-06-09 12:04:53,2024-06-09 14:55:53,171,919.66
23,Air Alpha,Leeside,Rodriguezville,2024-06-05 00:40:37,2024-06-05 02:16:37,96,393.49
24,Beta Airlines,West Elizabeth,Travismouth,2025-01-20 18:06:03,2025-01-21 03:27:03,561,236.23
25,Air Alpha,West Tamara,Travismouth,2024-06-19 08:21:26,2024-06-19 14:31:26,370,687.58
26,Gamma Air,Leeside,South Rebeccabury,2024-03-05 11:56:08,2024-03-05 13:07:08,71,294.87
27,Gamma Air,Peterberg,Matthewborough,2025-01-23 05:11:34,2025-01-23 12:40:34,449,351.23
28,Beta Airlines,Rodriguezville,Port Stacey,2024-10-30 00:18:14,2024-10-30 02:35:14,137,196.84
29,Air Alpha,West Elizabeth,Rodriguezville,2024-06-20 23:10:39,2024-06-21 05:51:39,401,1348.82
30,Delta Flights,Kristinehaven,East Andrewville,2024-04-18 08:35:01,2024-04-18 17:38:01,543,1067.56
31,Air Alpha,Rodriguezville,North Adrian,2024-11-26 08:18:22,2024-11-26 11:09:22,171,1478.46
32,Delta Flights,West Tamara,Port Bryanville,2024-06-01 23:45:01,2024-06-02 06:23:01,398,1409.78
33,Beta Airlines,Kristinehaven,South Rebeccabury,2024-11-26 11:54:56,2024-11-26 16:18:56,264,673.34
34,Delta Flights,South Rebeccabury,West Tamara,2024-12-21 11:46:18,2024-12-21 16:51:18,305,267.29
35,Beta Airlines,East Andrewville,Matthewborough,2025-01-25 07:25:39,2025-01-25 16:35:39,550,517.36
36,Gamma Air,Peterberg,Rodriguezville,2024-06-21 15:01:33,2024-06-21 18:35:33,214,1013.09
37,Air Alpha,West Angela,Travismouth,2024-08-18 22:24:08,2024-08-19 02:01:08,217,1192.29
38,Gamma Air,Travismouth,Port Bryanville,2024-10-01 14:13:18,2024-10-01 17:40:18,207,490.11
39,Delta Flights,Port Stacey,South Rebeccabury,2025-01-02 06:44:20,2025-01-02 13:58:20,434,408.69
40,Beta Airlines,South Rebeccabury,Peterberg,2024-08-05 11:47:39,2024-08-05 20:28:39,521,983.29
41,Delta Flights,Peterberg,Port Stephanieborough,2024-07-09 01:13:14,2024-07-09 06:55:14,342,520.33
42,Gamma Air,South Rebeccabury,Peterberg,2024-09-25 07:57:39,2024-09-25 11:14:39,197,745.83
43,Delta Flights,Port Bryanville,North Adrian,2024-08-09 11:10:24,2024-08-09 18:41:24,451,285.52
44,Air Alpha,West Elizabeth,Kristinehaven,2024-11-01 06:29:07,2024-11-01 07:35:07,66,259.19
45,Gamma Air,Port Bryanville,West Elizabeth,2024-10-13 17:44:53,2024-10-14 00:41:53,417,728.59
46,Delta Flights,New Douglas,Port Bryanville,2024-06-24 23:01:38,2024-06-25 03:13:38,252,171.59
47,Delta Flights,Kristinehaven,Leeside,2024-03-11 20:17:01,2024-03-11 23:18:01,181,868.0
48,Delta Flights,West Tamara,Peterberg,2024-10-18 11:19:59,2024-10-18 13:30:59,131,118.11
49,Air Alpha,West Elizabeth,Peterberg,2025-02-01 02:26:00,2025-02-01 03:49:00,83,1415.48
50,Beta Airlines,Port Stacey,Port Stephanieborough,2024-11-05 04:24:44,2024-11-05 08:34:44,250,593.79
51,Gamma Air,North Adrian,Kristinehaven,2024-08-02 09:50:02,2024-08-02 15:52:02,362,363.18
52,Delta Flights,South Rebeccabury,West Angela,2024-03-12 20:42:06,2024-03-13 04:03:06,441,1131.35
53,Beta Airlines,Amyshire,West Tamara,2025-01-17 03:19:36,2025-01-17 12:22:36,543,1447.73
54,Delta Flights,New Douglas,North Adrian,2024-06-07 08:14:01,2024-06-07 12:37:01,263,555.47
55,Beta Airlines,East Andrewville,South Rebeccabury,2024-05-10 22:38:52,2024-05-11 05:51:52,433,696.37
56,Delta Flights,New Douglas,North Adrian,2024-02-18 16:22:41,2024-02-18 21:02:41,280,1146.87
57,Gamma Air,Matthewborough,New Douglas,2024-11-24 17:25:15,2024-11-25 00:25:15,420,459.19
58,Air Alpha,West Elizabeth,Amyshire,2025-01-04 17:03:31,2025-01-05 00:15:31,432,266.79
59,Beta Airlines,West Tamara,Kellyborough,2024-03-21 01:19:07,2024-03-21 04:16:07,177,177.25
60,Gamma Air,Matthewborough,New Douglas,2024-10-22 20:58:39,2024-10-23 03:14:39,376,989.17
61,Air Alpha,Kristinehaven,North Adrian,2024-12-26 13:34:09,2024-12-26 19:18:09,344,676.93
62,Beta Airlines,Matthewborough,North Adrian,2024-03-17 02:39:00,2024-03-17 11:32:00,533,269.27
63,Gamma Air,Amyshire,North Adrian,2024-04-16 11:06:06,2024-04-16 16:18:06,312,1359.24
64,Delta Flights,New Douglas,Kellyborough,2024-11-03 15:56:02,2024-11-04 01:46:02,590,72.71
65,Gamma Air,South Rebeccabury,New Douglas,2024-07-21 23:16:39,2024-07-22 06:45:39,449,1046.19
66,Air Alpha,South Rebeccabury,Port Stacey,2024-11-23 21:26:14,2024-11-24 07:00:14,574,671.57
67,Air Alpha,Peterberg,Kristinehaven,2024-11-04 13:12:40,2024-11-04 19:49:40,397,447.18
68,Air Alpha,West Angela,Kristinehaven,2024-09-15 00:14:04,2024-09-15 08:11:04,477,138.33
69,Beta Airlines,Rodriguezville,Port Bryanville,2024-10-25 23:21:57,2024-10-26 03:40:57,259,758.11
70,Gamma Air,East Andrewville,Port Stephanieborough,2024-10-09 22:49:32,2024-10-10 03:59:32,310,431.44
71,Air Alpha,Peterberg,West Angela,2025-02-05 05:54:11,2025-02-05 11:09:11,315,841.9
72,Air Alpha,West Angela,Port Stacey,2024-02-20 07:12:19,2024-02-20 11:24:19,252,186.64
73,Beta Airlines,West Elizabeth,Rodriguezville,2024-02-16 10:01:07,2024-02-16 16:44:07,403,275.05
74,Delta Flights,Amyshire,Port Stephanieborough,2024-11-24 18:31:13,2024-11-24 19:59:13,88,1054.4
75,Air Alpha,Port Stephanieborough,Kristinehaven,2024-02-23 16:22:30,2024-02-23 21:25:30,303,104.54
76,Beta Airlines,East Andrewville,Port Stephanieborough,2024-07-05 03:26:55,2024-07-05 06:44:55,198,1412.57
77,Air Alpha,Kristinehaven,West Tamara,2024-09-08 04:07:45,2024-09-08 13:17:45,550,225.21
78,Gamma Air,Kellyborough,Matthewborough,2024-11-08 13:11:13,2024-11-08 14:23:13,72,550.9
79,Beta Airlines,New Douglas,Peterberg,2024-08-16 02:11:53,2024-08-16 06:19:53,248,1105.5
80,Delta Flights,Kristinehaven,Peterberg,2024-12-28 05:52:37,2024-12-28 12:58:37,426,360.71
81,Delta Flights,Port Stacey,Peterberg,2024-10-12 12:32:20,2024-10-12 22:08:20,576,622.27
82,Gamma Air,Peterberg,Kristinehaven,2025-01-31 01:57:19,2025-01-31 06:43:19,286,710.6
83,Delta Flights,North Adrian,South Rebeccabury,2024-04-27 04:24:47,2024-04-27 05:51:47,87,302.89
84,Delta Flights,South Rebeccabury,Kellyborough,2024-11-04 02:42:52,2024-11-04 05:40:52,178,1149.04
85,Air Alpha,Leeside,North Adrian,2024-08-26 09:28:27,2024-08-26 11:51:27,143,531.59
86,Beta Airlines,Kristinehaven,Leeside,2024-10-30 20:20:41,2024-10-31 03:34:41,434,357.58
87,Gamma Air,North Adrian,South Katherineport,2024-07-10 07:05:47,2024-07-10 13:45:47,400,430.18
88,Air Alpha,Kristinehaven,West Angela,2024-07-28 01:54:52,2024-07-28 06:56:52,302,106.55
89,Gamma Air,West Angela,Port Stephanieborough,2024-07-20 04:57:08,2024-07-20 06:58:08,121,1149.8
90,Delta Flights,Amyshire,West Elizabeth,2024-07-10 20:24:52,2024-07-11 05:07:52,523,211.52
91,Gamma Air,Matthewborough,West Tamara,2024-11-14 09:41:04,2024-11-14 17:55:04,494,536.39
92,Air Alpha,West Angela,Rodriguezville,2024-10-04 00:29:21,2024-10-04 05:25:21,296,379.26
93,Air Alpha,Amyshire,West Angela,2024-11-19 00:20:19,2024-11-19 03:48:19,208,1035.91
94,Gamma Air,Amyshire,Peterberg,2024-10-02 19:11:37,2024-10-03 03:01:37,470,1196.34
95,Gamma Air,Port Stephanieborough,West Angela,2024-07-24 16:55:55,2024-07-24 22:16:55,321,294.02
96,Delta Flights,Port Stephanieborough,South Rebeccabury,2024-07-11 11:56:01,2024-07-11 21:15:01,559,1110.13
97,Gamma Air,West Elizabeth,Port Bryanville,2024-04-09 01:45:35,2024-04-09 02:54:35,69,1035.72
98,Delta Flights,Port Stephanieborough,Rodriguezville,2024-05-03 04:57:32,2024-05-03 06:45:32,108,863.53
99,Delta Flights,Leeside,Travismouth,2024-10-05 09:01:21,2024-10-05 16:00:21,419,1490.98
100,Delta Flights,South Rebeccabury,Matthewborough,2024-05-25 10:00:18,2024-05-25 18:55:18,535,512.61
101,Air Alpha,South Rebeccabury,Kellyborough,2024-05-22 15:24:48,2024-05-22 16:55:48,91,1059.13
102,Beta Airlines,Travismouth,South Katherineport,2024-02-27 03:25:09,2024-02-27 11:57:09,512,676.1
103,Beta Airlines,West Elizabeth,South Rebeccabury,2025-01-15 05:56:20,2025-01-15 13:57:20,481,161.92
104,Gamma Air,Amyshire,West Elizabeth,2024-03-14 10:34:09,2024-03-14 16:55:09,381,1297.04
105,Air Alpha,Amyshire,South Katherineport,2024-09-15 03:08:31,2024-09-15 06:30:31,202,261.2
106,Air Alpha,South Rebeccabury,West Elizabeth,2024-11-02 20:10:16,2024-11-02 23:21:16,191,1421.66
107,Delta Flights,New Douglas,West Tamara,2024-09-09 23:35:53,2024-09-10 03:26:53,231,1378.77
108,Delta Flights,Travismouth,South Rebeccabury,2024-12-17 02:14:10,2024-12-17 08:45:10,391,1204.78
109,Beta Airlines,Peterberg,Travismouth,2025-02-07 16:16:45,2025-02-07 20:58:45,282,817.23
110,Gamma Air,Kellyborough,Port Stacey,2024-11-29 11:14:29,2024-11-29 18:19:29,425,579.35
111,Beta Airlines,West Elizabeth,Leeside,2024-04-15 14:47:53,2024-04-15 19:34:53,287,610.72
112,Delta Flights,Port Stephanieborough,Matthewborough,2024-11-01 10:20:40,2024-11-01 14:28:40,248,171.13
113,Air Alpha,Rodriguezville,South Katherineport,2024-09-10 08:42:37,2024-09-10 15:39:37,417,186.41
114,Gamma Air,South Katherineport,Port Stacey,2024-03-03 19:32:35,2024-03-03 21:41:35,129,789.42
115,Beta Airlines,Kellyborough,South Katherineport,2024-05-13 09:05:53,2024-05-13 12:10:53,185,1115.48
116,Beta Airlines,South Rebeccabury,Amyshire,2025-01-17 13:28:34,2025-01-17 17:18:34,230,220.53
117,Gamma Air,West Tamara,Kristinehaven,2024-02-15 19:46:46,2024-02-16 03:33:46,467,628.19
118,Air Alpha,North Adrian,Matthewborough,2024-07-04 08:00:55,2024-07-04 12:34:55,274,216.12
119,Beta Airlines,West Angela,West Tamara,2024-03-13 06:31:56,2024-03-13 11:30:56,299,1030.33
120,Air Alpha,West Elizabeth,West Angela,2024-07-08 12:50:32,2024-07-08 14:35:32,105,1434.91
121,Gamma Air,Port Stephanieborough,Matthewborough,2024-12-30 08:02:05,2024-12-30 13:44:05,342,194.64
122,Air Alpha,South Rebeccabury,South Katherineport,2024-12-31 16:58:31,2024-12-31 23:22:31,384,522.51
123,Beta Airlines,Port Bryanville,Amyshire,2024-03-11 04:55:17,2024-03-11 10:58:17,363,678.23
124,Delta Flights,West Angela,Rodriguezville,2024-12-26 15:44:30,2024-12-26 21:02:30,318,876.92
125,Delta Flights,South Rebeccabury,New Douglas,2024-10-13 12:45:29,2024-10-13 17:05:29,260,1204.14
126,Gamma Air,West Angela,West Elizabeth,2024-11-20 20:14:37,2024-11-21 04:32:37,498,1029.4
127,Beta Airlines,North Adrian,Amyshire,2024-03-05 15:12:42,2024-03-05 19:16:42,244,758.39
128,Gamma Air,Matthewborough,West Elizabeth,2024-08-23 22:19:45,2024-08-24 03:44:45,325,896.15
129,Gamma Air,Amyshire,Travismouth,2024-04-04 15:14:25,2024-04-04 21:01:25,347,903.96
