test_id,sample_id,test_type,result,unit,test_date
1,70440,Platelet Count,255.51,10^3/uL,2024-10-19
2,77886,Vitamin D,36.37,ng/mL,2024-08-04
3,67986,Platelet Count,418.38,10^3/uL,2024-09-14
4,98432,Hemoglobin,13.07,g/dL,2024-02-20
5,35196,Platelet Count,215.87,10^3/uL,2024-04-14
6,72504,Calcium,9.45,mg/dL,2024-05-04
7,45802,Calcium,9.91,mg/dL,2024-11-02
8,29783,Hemoglobin,14.46,g/dL,2024-12-24
9,79640,Calcium,9.99,mg/dL,2024-08-31
10,97381,Vitamin D,42.81,ng/mL,2025-01-01
11,10895,Cholesterol,231.28,mg/dL,2024-10-13
12,63085,Calcium,10.25,mg/dL,2024-10-30
13,24754,Glucose,72.52,mg/dL,2024-05-02
14,16523,Platelet Count,299.26,10^3/uL,2024-09-25
15,78968,Glucose,73.04,mg/dL,2024-10-16
16,20121,Cholesterol,204.63,mg/dL,2024-09-27
17,74031,Vitamin D,21.1,ng/mL,2024-04-22
18,63676,Platelet Count,239.55,10^3/uL,2025-01-28
19,18533,Platelet Count,221.36,10^3/uL,2024-07-23
20,22651,Cholesterol,204.21,mg/dL,2024-05-17
21,58405,Vitamin D,33.33,ng/mL,2024-11-14
22,16624,Cholesterol,205.07,mg/dL,2024-07-18
23,41721,Vitamin D,45.83,ng/mL,2024-09-09
24,54431,Hemoglobin,15.62,g/dL,2024-04-27
25,63381,Cholesterol,186.33,mg/dL,2024-07-26
26,69161,Vitamin D,42.31,ng/mL,2024-06-29
27,26254,Hemoglobin,16.14,g/dL,2024-04-04
28,18926,Hemoglobin,13.21,g/dL,2024-12-22
29,36526,Vitamin D,25.09,ng/mL,2024-08-26
30,67108,Cholesterol,207.21,mg/dL,2024-08-10
31,32372,Glucose,97.16,mg/dL,2025-01-07
32,27138,Cholesterol,169.67,mg/dL,2024-04-17
33,86796,Calcium,9.05,mg/dL,2024-09-17
34,38058,Vitamin D,48.9,ng/mL,2024-10-14
35,81316,Hemoglobin,13.77,g/dL,2024-04-23
36,46446,Glucose,90.62,mg/dL,2024-10-14
37,66512,Glucose,89.49,mg/dL,2024-08-08
38,54248,Cholesterol,213.23,mg/dL,2024-05-05
39,24731,Hemoglobin,16.99,g/dL,2024-12-05
40,92537,Calcium,9.42,mg/dL,2024-08-28
41,13853,Platelet Count,399.17,10^3/uL,2024-07-26
42,89115,Platelet Count,367.08,10^3/uL,2024-11-20
43,93113,Calcium,10.42,mg/dL,2024-06-09
44,55382,Vitamin D,32.89,ng/mL,2025-01-30
45,21700,Hemoglobin,15.2,g/dL,2024-05-24
46,21037,Platelet Count,425.58,10^3/uL,2024-05-22
47,74830,Platelet Count,323.6,10^3/uL,2025-01-14
48,51983,Vitamin D,48.7,ng/mL,2024-10-14
49,84325,Vitamin D,49.49,ng/mL,2024-08-11
50,57615,Vitamin D,42.72,ng/mL,2024-06-02
51,66965,Glucose,83.14,mg/dL,2025-01-30
52,77000,Cholesterol,157.68,mg/dL,2025-02-04
53,76517,Calcium,9.03,mg/dL,2024-05-22
54,36931,Calcium,9.59,mg/dL,2025-01-04
55,45364,Calcium,9.08,mg/dL,2024-07-04
56,88150,Glucose,84.33,mg/dL,2024-12-14
57,73878,Calcium,9.24,mg/dL,2024-02-22
58,89044,Glucose,86.89,mg/dL,2024-12-27
59,32064,Calcium,8.68,mg/dL,2024-08-12
60,17090,Cholesterol,197.46,mg/dL,2024-04-25
61,79928,Calcium,9.79,mg/dL,2024-07-27
62,46461,Glucose,97.4,mg/dL,2024-09-26
63,68463,Vitamin D,26.35,ng/mL,2024-06-01
64,69257,Vitamin D,39.31,ng/mL,2024-10-10
65,19933,Cholesterol,197.89,mg/dL,2024-04-15
66,13213,Calcium,10.38,mg/dL,2024-05-06
67,10832,Vitamin D,20.5,ng/mL,2024-04-01
68,48653,Platelet Count,319.66,10^3/uL,2024-08-04
69,84253,Cholesterol,201.29,mg/dL,2024-11-19
70,83871,Cholesterol,161.25,mg/dL,2024-11-27
71,25137,Platelet Count,201.79,10^3/uL,2024-07-08
72,14229,Calcium,9.35,mg/dL,2024-11-20
73,70684,Hemoglobin,16.92,g/dL,2024-10-28
74,72338,Cholesterol,178.29,mg/dL,2024-04-30
75,67965,Platelet Count,345.3,10^3/uL,2024-02-19
76,87452,Hemoglobin,13.59,g/dL,2024-04-02
77,40143,Glucose,84.83,mg/dL,2024-03-18
78,27650,Cholesterol,184.55,mg/dL,2024-06-04
79,94115,Vitamin D,25.92,ng/mL,2024-10-27
80,41993,Cholesterol,181.26,mg/dL,2024-05-29
81,93116,Glucose,104.63,mg/dL,2024-11-14
82,90887,Calcium,9.38,mg/dL,2024-04-27
83,42191,Vitamin D,24.14,ng/mL,2024-02-13
84,86078,Platelet Count,214.03,10^3/uL,2024-02-29
85,68024,Glucose,108.72,mg/dL,2025-01-10
86,62885,Cholesterol,215.78,mg/dL,2024-02-16
87,99735,Cholesterol,205.91,mg/dL,2024-05-08
88,55425,Hemoglobin,14.22,g/dL,2024-02-25
89,88518,Vitamin D,36.24,ng/mL,2024-10-13
90,37834,Platelet Count,192.71,10^3/uL,2024-03-06
91,93348,Cholesterol,216.86,mg/dL,2024-05-22
92,65400,Platelet Count,200.71,10^3/uL,2024-03-21
93,91819,Glucose,108.02,mg/dL,2024-05-18
94,73390,Calcium,8.65,mg/dL,2025-01-05
95,98284,Glucose,78.86,mg/dL,2024-02-29
96,17677,Glucose,71.13,mg/dL,2024-02-16
97,97674,Hemoglobin,14.62,g/dL,2024-11-07
98,83194,Platelet Count,401.09,10^3/uL,2024-11-09
99,58633,Vitamin D,29.15,ng/mL,2024-06-26
100,21062,Cholesterol,232.01,mg/dL,2024-06-24
101,61044,Platelet Count,213.05,10^3/uL,2024-12-02
102,90008,Platelet Count,212.23,10^3/uL,2024-04-04
103,29040,Glucose,99.5,mg/dL,2025-02-04
104,15104,Platelet Count,194.04,10^3/uL,2024-12-04
105,68649,Hemoglobin,13.07,g/dL,2024-10-08
106,48605,Glucose,97.05,mg/dL,2024-04-20
107,44327,Vitamin D,24.24,ng/mL,2024-07-27
108,63714,Hemoglobin,13.76,g/dL,2024-04-26
109,67921,Cholesterol,182.46,mg/dL,2024-06-03
110,79892,Calcium,10.1,mg/dL,2024-08-16
111,96361,Glucose,82.96,mg/dL,2024-05-30
112,39485,Vitamin D,36.5,ng/mL,2024-07-01
113,63474,Calcium,9.07,mg/dL,2024-03-25
114,90718,Glucose,83.7,mg/dL,2024-05-27
115,55983,Calcium,9.07,mg/dL,2024-04-20
116,46434,Cholesterol,234.59,mg/dL,2024-03-02
117,54864,Cholesterol,190.47,mg/dL,2024-08-03
118,60540,Cholesterol,162.28,mg/dL,2024-04-28
119,56835,Platelet Count,342.68,10^3/uL,2024-03-28
120,33665,Glucose,95.05,mg/dL,2024-09-14
121,69657,Glucose,103.28,mg/dL,2024-08-15
