appointment_id,patient_name,doctor_name,appointment_date,reason,status
1,Micheal Davis,Sean Hood,2025-02-12 23:25:51.458219,Emergency,Completed
2,Heather Bradford,Dylan Johnson,2025-02-12 23:23:12.726293,Check-up,Completed
3,Luke Richmond,Ian Mcdonald,2025-02-12 23:26:06.879154,Emergency,Completed
4,Ashley Barnes,Diana Lopez,2025-02-12 23:27:21.809171,Consultation,Cancelled
5,Maria Patterson,Elizabeth Cruz,2025-02-12 23:23:17.575066,Consultation,Scheduled
6,Jessica Mills,William Robinson,2025-02-12 23:26:42.182129,Routine Exam,Scheduled
7,Joseph Cunningham,Eric Mccarty,2025-02-12 23:24:00.788515,Check-up,Scheduled
8,Michael Hansen,Alyssa Orozco,2025-02-12 23:24:49.336589,Check-up,Cancelled
9,Kevin Moore,Ashley Giles,2025-02-12 23:25:08.334660,Routine Exam,Cancelled
10,Elizabeth Fuller,Kayla Taylor,2025-02-12 23:23:47.583031,Emergency,Completed
11,Alicia Fernandez,Jodi Schultz,2025-02-12 23:27:30.748045,Consultation,Scheduled
12,Michelle Duncan,Robert Brennan,2025-02-12 23:25:48.420867,Routine Exam,Scheduled
13,Michele Long,Angela Wright DVM,2025-02-12 23:24:03.242954,Emergency,Completed
14,Crystal Maldonado,Frederick Lin,2025-02-12 23:22:32.336104,Follow-up,Scheduled
15,Cheryl Proctor,Dustin King,2025-02-12 23:26:22.104148,Consultation,Scheduled
16,Michael Ali,Taylor Sims,2025-02-12 23:22:46.614643,Routine Exam,Cancelled
17,Amanda Ochoa,Dr. Sara Wilson,2025-02-12 23:22:15.146912,Follow-up,Cancelled
18,Angie Christensen,Wendy Kent,2025-02-12 23:22:26.109407,Consultation,Completed
19,Brianna Hess,Jasmine Jones,2025-02-12 23:23:20.450091,Emergency,Completed
20,Matthew Jones,Sarah Cook,2025-02-12 23:26:06.658421,Routine Exam,Cancelled
21,Mrs. Brooke Richard DDS,Sylvia Dickerson,2025-02-12 23:25:13.536069,Emergency,Cancelled
22,Cory Wilson,Robert Savage,2025-02-12 23:26:02.769339,Check-up,Scheduled
23,Michael Morales,Vanessa Stanton,2025-02-12 23:22:13.580782,Check-up,Completed
24,Aaron Mills,Carrie Nichols,2025-02-12 23:24:46.808421,Check-up,Scheduled
25,Donna Bishop,Roberto Robinson,2025-02-12 23:27:01.140176,Routine Exam,Completed
26,Evan Brown,Lindsey Beck,2025-02-12 23:26:59.159535,Follow-up,Completed
27,Chad Golden,Timothy Ward,2025-02-12 23:26:53.508366,Consultation,Completed
28,Sarah Ross,Lisa Li,2025-02-12 23:22:47.107602,Check-up,Completed
29,Michael Gray,Jennifer Davis,2025-02-12 23:22:01.414654,Check-up,Completed
30,Alejandro Bradford,Angel Shah,2025-02-12 23:25:24.437063,Emergency,Scheduled
31,Stacy Shelton,Richard Stewart,2025-02-12 23:23:33.491670,Routine Exam,Cancelled
32,Christopher Leblanc,Ryan Scott,2025-02-12 23:26:12.889090,Emergency,Scheduled
33,Sarah Munoz,Adrian Griffin,2025-02-12 23:22:34.422408,Consultation,Cancelled
34,Donna Sanchez,Christina Rogers,2025-02-12 23:22:41.541627,Routine Exam,Completed
35,Aaron Lee,Stephanie Cooper,2025-02-12 23:25:51.061692,Emergency,Cancelled
36,Amy Smith,Bailey Olsen,2025-02-12 23:26:18.514164,Routine Exam,Completed
37,Steven Whitehead,Kiara Ellis,2025-02-12 23:22:39.073489,Check-up,Completed
38,Daniel Hicks,Mark Gonzalez,2025-02-12 23:24:08.830864,Emergency,Scheduled
39,Michael Montoya,Holly Farmer,2025-02-12 23:22:36.902109,Check-up,Scheduled
40,Henry Delacruz,Karen Morgan,2025-02-12 23:23:28.509759,Emergency,Completed
41,Robert Taylor,Maureen Nunez,2025-02-12 23:24:36.320229,Emergency,Scheduled
42,Melissa Gillespie,Kevin Boyd,2025-02-12 23:27:17.286911,Consultation,Cancelled
43,Donna Gonzales,Brandon Cervantes,2025-02-12 23:23:15.879833,Follow-up,Scheduled
44,Anna Harvey,Kimberly Hill,2025-02-12 23:25:12.354360,Emergency,Cancelled
45,Judy Lam,Alexander Anderson,2025-02-12 23:21:46.586206,Routine Exam,Completed
46,Patrick Oconnor,Carlos Harris,2025-02-12 23:23:56.361660,Emergency,Scheduled
47,Shane Brown,Jack Armstrong,2025-02-12 23:22:39.538748,Check-up,Cancelled
48,Mike Woods,Samantha Braun,2025-02-12 23:22:19.636773,Follow-up,Completed
49,Daniel Reyes,Chelsea Turner,2025-02-12 23:25:41.136930,Follow-up,Cancelled
50,Joseph Johnson,Steven Proctor,2025-02-12 23:26:12.729891,Consultation,Completed
51,Daniel Marsh,Kurt Wilkerson,2025-02-12 23:22:35.248181,Routine Exam,Cancelled
52,Anthony Gillespie,Paul Brown,2025-02-12 23:24:37.071596,Follow-up,Completed
53,Kaitlyn Garcia,Eugene Pena,2025-02-12 23:25:30.544120,Consultation,Completed
54,Christina Morales,Morgan Lee,2025-02-12 23:24:42.650819,Emergency,Cancelled
55,Jennifer Stevens,Sarah Walter,2025-02-12 23:22:51.630957,Follow-up,Cancelled
56,Jamie Blackburn,Debra Green,2025-02-12 23:23:47.800781,Routine Exam,Cancelled
57,Matthew Valdez,Alicia Adams,2025-02-12 23:25:52.318944,Consultation,Completed
58,Shane Ryan,Leslie Hill,2025-02-12 23:26:34.251349,Consultation,Cancelled
59,Angela Horton,John Graham,2025-02-12 23:25:27.289022,Emergency,Scheduled
60,John Porter,Cody Warren,2025-02-12 23:22:31.639400,Check-up,Completed
61,Krystal Spencer,Holly Miller,2025-02-12 23:22:39.915715,Consultation,Cancelled
62,Christina Howard,Brandon Wyatt,2025-02-12 23:24:03.258845,Check-up,Scheduled
63,Lori Shannon,Deborah Kim,2025-02-12 23:24:55.326950,Routine Exam,Cancelled
64,Anthony Davis,Daniel Butler,2025-02-12 23:25:44.802230,Follow-up,Scheduled
65,Scott Lewis,Kirk Graves,2025-02-12 23:26:05.616009,Emergency,Cancelled
66,Connie Schneider,Matthew Jackson,2025-02-12 23:26:19.859035,Routine Exam,Completed
67,Alexis Bailey,Scott Logan,2025-02-12 23:22:03.381099,Check-up,Cancelled
68,Brenda Le,Gary Harris,2025-02-12 23:26:21.162936,Check-up,Scheduled
69,Julie Price,Brandy Pitts,2025-02-12 23:27:13.770378,Follow-up,Completed
70,Kimberly Chen,Melissa Lewis,2025-02-12 23:25:52.729200,Check-up,Scheduled
71,Michael Combs,Dennis Bell,2025-02-12 23:24:16.249620,Emergency,Completed
72,Angela Fisher,Kristen Ramirez,2025-02-12 23:27:43.097699,Check-up,Completed
73,Vanessa Ray,Wendy Wood,2025-02-12 23:25:46.136398,Consultation,Cancelled
74,Monica Anderson,Madison Pugh,2025-02-12 23:24:26.947914,Consultation,Scheduled
75,Derek Morris,Cheryl Williams,2025-02-12 23:26:10.300264,Consultation,Cancelled
76,Charles Cooley,Tamara Long,2025-02-12 23:23:13.369928,Emergency,Completed
77,Alicia Hale,Julie Rivera,2025-02-12 23:24:41.819930,Routine Exam,Cancelled
78,Bianca Hood,Ricky Morris,2025-02-12 23:24:24.849829,Check-up,Completed
79,Ryan Hays,Joseph Maxwell,2025-02-12 23:22:33.689265,Follow-up,Completed
80,Amy Stevens,Craig Hernandez,2025-02-12 23:22:27.068844,Check-up,Cancelled
81,Ashley Howard,James Kent,2025-02-12 23:26:21.858182,Follow-up,Completed
82,Vicki Love,Kristina Christian,2025-02-12 23:26:59.087897,Routine Exam,Completed
83,Jessica Long,Cynthia Juarez,2025-02-12 23:27:18.979330,Check-up,Cancelled
84,Lisa Huffman,Brian Acevedo,2025-02-12 23:24:49.624668,Routine Exam,Scheduled
85,Rebecca Douglas,Colton Skinner,2025-02-12 23:25:18.434366,Routine Exam,Cancelled
86,Dean Gutierrez,Jake Hernandez,2025-02-12 23:23:05.119111,Check-up,Cancelled
87,Stacy Merritt,Michelle Rich,2025-02-12 23:23:50.853574,Follow-up,Completed
88,Stephanie Hendrix,Jessica Torres,2025-02-12 23:23:16.358202,Consultation,Completed
89,Virginia Miller,Kathy Bennett,2025-02-12 23:23:09.940320,Follow-up,Scheduled
90,Caleb Wilson,Nancy Arnold,2025-02-12 23:27:42.757917,Consultation,Cancelled
91,Jacob Johnson,Jacqueline Martin,2025-02-12 23:26:37.355386,Consultation,Cancelled
92,Brittany Kennedy,Vanessa Wheeler,2025-02-12 23:23:47.073765,Routine Exam,Completed
93,Desiree Bond,John Perry,2025-02-12 23:27:41.167417,Check-up,Scheduled
94,Johnny West,Lisa Collins,2025-02-12 23:24:53.349795,Consultation,Completed
95,Kelly Rangel,Steven Smith,2025-02-12 23:24:12.923607,Consultation,Scheduled
96,William Simmons,Jennifer Adams,2025-02-12 23:23:43.863729,Check-up,Cancelled
97,Alicia Holland,Gregory Owens PhD,2025-02-12 23:24:04.635401,Routine Exam,Completed
98,Jason Myers,Caleb Bray Jr.,2025-02-12 23:22:37.838733,Check-up,Completed
99,Theresa Santana,Dylan Hall,2025-02-12 23:26:57.647113,Emergency,Scheduled
100,Donald Jones,Richard Hunter,2025-02-12 23:24:28.098227,Check-up,Scheduled
101,Matthew Brooks,Aaron Turner,2025-02-12 23:24:01.405494,Follow-up,Cancelled
102,Kristine Beard,Mrs. Shelly Guzman,2025-02-12 23:23:12.575752,Routine Exam,Scheduled
103,Marc Diaz,Jennifer Sweeney,2025-02-12 23:24:03.871076,Consultation,Scheduled
104,James Page,Adrian Mays MD,2025-02-12 23:25:47.230519,Check-up,Cancelled
105,Julia Flores,Jeffrey Salazar,2025-02-12 23:27:22.832730,Routine Exam,Scheduled
106,Trevor Mcguire,Roger Schmidt,2025-02-12 23:24:50.036510,Check-up,Scheduled
107,Miss Linda Lloyd,James Massey,2025-02-12 23:22:08.356269,Routine Exam,Cancelled
108,Courtney Waller,Heather Lester,2025-02-12 23:23:28.589301,Emergency,Cancelled
109,Jessica Thompson,Michael Burton,2025-02-12 23:24:00.442190,Consultation,Scheduled
110,Alejandro Zimmerman,Kimberly Wright,2025-02-12 23:22:07.381087,Follow-up,Cancelled
111,Tyler Matthews Jr.,Phillip Coleman,2025-02-12 23:26:58.828671,Emergency,Completed
112,Donna Bauer,Brad Smith,2025-02-12 23:24:39.394976,Emergency,Scheduled
113,Rebecca Anderson,Angela Brooks,2025-02-12 23:24:58.819921,Check-up,Cancelled
114,Ana Garcia,Charles Watkins,2025-02-12 23:27:29.606549,Routine Exam,Completed
115,Melissa Stewart DDS,James Sharp,2025-02-12 23:22:35.943852,Emergency,Scheduled
116,Mark Schmidt,Edward Ware,2025-02-12 23:23:05.169991,Consultation,Completed
117,James Ortiz,John Brown,2025-02-12 23:25:50.172894,Follow-up,Scheduled
118,Robert Williams,Robin Wilson,2025-02-12 23:27:21.791654,Routine Exam,Scheduled
119,Matthew Patel,Vanessa Wells,2025-02-12 23:27:18.998447,Check-up,Completed
120,Barry Bauer,Tanya Delgado,2025-02-12 23:24:30.894193,Routine Exam,Scheduled
121,Ian Wilkerson,Peggy Briggs,2025-02-12 23:24:02.950104,Follow-up,Scheduled
122,Rachel Reed,Jamie Cabrera,2025-02-12 23:21:46.853813,Routine Exam,Completed
123,Rachel Graham,Robert Thomas,2025-02-12 23:22:27.228033,Follow-up,Completed
124,Samantha Weber,Brandon Shelton,2025-02-12 23:26:04.393253,Emergency,Cancelled
125,Joan Carlson,Donna Williams,2025-02-12 23:26:56.329622,Consultation,Cancelled
126,Kevin Lewis,Austin Harper,2025-02-12 23:23:10.552271,Consultation,Cancelled
127,Michael Savage,Gerald Kelly,2025-02-12 23:25:14.195362,Routine Exam,Completed
128,Cindy Moreno,Latasha Taylor,2025-02-12 23:24:49.474842,Check-up,Scheduled
129,Ann Riley,James Cruz,2025-02-12 23:23:16.464445,Consultation,Scheduled
130,Janice Lawrence,Tonya Phillips,2025-02-12 23:23:25.159281,Consultation,Completed
131,Elizabeth Bowen,Nancy Mccall,2025-02-12 23:27:00.375546,Check-up,Scheduled
132,Kathleen Hawkins MD,Tracy Scott,2025-02-12 23:23:25.753167,Check-up,Completed
133,Benjamin Perez,Christine Graves,2025-02-12 23:23:05.956593,Emergency,Completed
134,Brad May,Dr. Miranda Chavez,2025-02-12 23:24:39.510516,Follow-up,Completed
