appointment_id,patient_name,doctor_name,appointment_date,reason,status
1,Sandra Brown,Steven Wolf,2025-02-12 23:24:59.687585,Routine Exam,Cancelled
2,Margaret Jennings,Douglas Shepherd,2025-02-12 23:22:15.886745,Follow-up,Completed
3,Vanessa Harris,Tim Howe,2025-02-12 23:21:46.910792,Check-up,Scheduled
4,Sherry Fuller,Cynthia Beck,2025-02-12 23:25:21.726628,Consultation,Scheduled
5,Jason Elliott,Kyle Murray,2025-02-12 23:20:19.285881,Follow-up,Cancelled
6,Kayla Richardson,Mason Christensen,2025-02-12 23:20:14.972069,Consultation,Cancelled
7,Courtney Harris,Kimberly Long,2025-02-12 23:24:01.702908,Emergency,Completed
8,Debra Jimenez,Amber Ross,2025-02-12 23:20:43.420521,Check-up,Completed
9,Randy Chapman,Brandon Jimenez MD,2025-02-12 23:24:10.193935,Emergency,Scheduled
10,Mr. Anthony Barrett,Dale Mcclure Jr.,2025-02-12 23:20:26.532681,Consultation,Completed
11,Brian Estrada,Chelsea Smith,2025-02-12 23:20:21.230250,Consultation,Scheduled
12,Deborah Mason,Laura Rodriguez,2025-02-12 23:19:56.266720,Routine Exam,Cancelled
13,William Bennett,Chad Cruz,2025-02-12 23:23:28.501440,Check-up,Completed
14,William Butler,Patricia Cantu,2025-02-12 23:23:26.960343,Check-up,Scheduled
15,Timothy Woods,Karen Smith,2025-02-12 23:24:40.755671,Emergency,Scheduled
16,Shane Johnson,David Travis,2025-02-12 23:25:32.957748,Consultation,Scheduled
17,Lucas Flores,Wanda Moore,2025-02-12 23:24:47.060914,Check-up,Scheduled
18,Rachel Ramsey,Christopher Harmon,2025-02-12 23:23:35.234715,Routine Exam,Completed
19,Bryce Green,Jennifer Ward,2025-02-12 23:25:19.327184,Emergency,Scheduled
20,Haley Phillips,Antonio Buchanan,2025-02-12 23:22:26.395767,Check-up,Cancelled
21,Brian Jackson,Susan Young,2025-02-12 23:21:14.270712,Check-up,Cancelled
22,Jose Glenn,Douglas Martinez,2025-02-12 23:22:11.359249,Emergency,Scheduled
23,Shannon Thompson,Destiny Rhodes,2025-02-12 23:20:50.431708,Emergency,Cancelled
24,Amy Blankenship,Tony Schultz,2025-02-12 23:22:51.588432,Routine Exam,Completed
25,Katherine Jones,Maria Rubio,2025-02-12 23:23:37.090117,Routine Exam,Completed
26,Antonio Doyle,Joseph Allen,2025-02-12 23:23:28.933427,Emergency,Scheduled
27,Jeremy Fowler,Alicia Duran,2025-02-12 23:24:03.668833,Consultation,Scheduled
28,Katelyn Anderson,Elizabeth Nichols,2025-02-12 23:23:54.603570,Consultation,Cancelled
29,Caroline Pierce,Christopher Summers,2025-02-12 23:25:00.681260,Routine Exam,Completed
30,Steven Vazquez,Rebecca Fitzgerald,2025-02-12 23:20:01.154945,Routine Exam,Scheduled
31,Maria Keller,Lisa Clark,2025-02-12 23:20:07.853118,Check-up,Cancelled
32,Bryan Johnson,Yesenia Norris,2025-02-12 23:21:37.972275,Consultation,Scheduled
33,Daniel Martinez,Laurie Fuller,2025-02-12 23:24:56.371285,Consultation,Scheduled
34,John Nixon,Daniel Martinez,2025-02-12 23:24:42.100485,Emergency,Scheduled
35,Mrs. Stephanie Mason,Deborah Wells,2025-02-12 23:22:47.616328,Routine Exam,Scheduled
36,Daniel Gardner,Kayla Goodwin,2025-02-12 23:21:56.567841,Emergency,Cancelled
37,Sheila Jordan,Anthony Williams,2025-02-12 23:20:43.739722,Routine Exam,Scheduled
38,Susan Martinez,Melinda Bradshaw,2025-02-12 23:20:05.980861,Check-up,Cancelled
39,Heather Taylor,Justin White,2025-02-12 23:23:10.779863,Follow-up,Cancelled
40,Carly White,Debra Adams,2025-02-12 23:22:50.179539,Routine Exam,Completed
41,Craig Leblanc,Randy Knight,2025-02-12 23:23:44.766524,Follow-up,Completed
42,Mary Potts,Jessica Clay,2025-02-12 23:25:28.924618,Follow-up,Cancelled
43,Adam Miranda,James Zamora,2025-02-12 23:22:22.518878,Consultation,Scheduled
44,Matthew Fry,Katrina Smith,2025-02-12 23:25:00.122487,Routine Exam,Cancelled
45,Robert Camacho,Ashley Zimmerman,2025-02-12 23:20:00.189788,Follow-up,Completed
46,Sherry Mcdonald,Steven Smith,2025-02-12 23:25:00.575115,Follow-up,Scheduled
47,Thomas Neal,Stephen Hamilton,2025-02-12 23:25:43.160928,Emergency,Scheduled
48,Cynthia Casey,Sarah Grimes,2025-02-12 23:20:54.644098,Follow-up,Scheduled
49,Joel Evans,Christopher Parks,2025-02-12 23:20:54.604844,Follow-up,Completed
50,Ashley Jacobs,Dakota Shannon,2025-02-12 23:22:52.630778,Routine Exam,Scheduled
51,Laurie Russell,Joshua Foster,2025-02-12 23:23:12.116355,Check-up,Completed
52,James Tran,Kevin Griffith,2025-02-12 23:25:27.514685,Routine Exam,Scheduled
53,Gregory Osborn,William Taylor,2025-02-12 23:24:08.239200,Consultation,Scheduled
54,Joyce Gentry,Michelle Ortega,2025-02-12 23:22:11.529919,Follow-up,Cancelled
55,Kerry Barton,Anthony Williams,2025-02-12 23:22:44.855903,Check-up,Completed
56,Samantha Wilson,Rebecca Howard,2025-02-12 23:21:11.118326,Consultation,Cancelled
57,Ian Sheppard,Betty Smith,2025-02-12 23:24:18.355539,Follow-up,Completed
58,Elizabeth Chavez,Bradley Lewis,2025-02-12 23:25:35.608972,Consultation,Cancelled
59,Nicole Davila,Andrea Powell,2025-02-12 23:25:27.887100,Follow-up,Scheduled
60,Bryan Clay,Jake Lynn,2025-02-12 23:20:33.679323,Emergency,Completed
61,Christina Stewart,Terry Wilkins,2025-02-12 23:24:45.287111,Consultation,Completed
62,Sarah Valdez,Andrew Dickson,2025-02-12 23:22:05.894628,Follow-up,Scheduled
63,Rebecca Small,John Velasquez,2025-02-12 23:25:40.903457,Check-up,Cancelled
64,Seth Parker,Kathleen Cook,2025-02-12 23:22:31.273964,Emergency,Scheduled
65,Matthew Johnston,Crystal Marshall,2025-02-12 23:22:54.953668,Routine Exam,Completed
66,John Dorsey,Scott Mcdonald,2025-02-12 23:21:55.718498,Routine Exam,Scheduled
67,Brenda Juarez,Jonathan Blackburn,2025-02-12 23:22:09.982983,Routine Exam,Completed
68,Christopher Park,Deborah Garcia,2025-02-12 23:19:47.427423,Routine Exam,Completed
69,Caitlin Olsen,William Nelson,2025-02-12 23:21:46.274781,Check-up,Cancelled
70,Jessica Horton,Christopher Hernandez,2025-02-12 23:20:15.786377,Check-up,Completed
71,Dawn Sanchez,Christian Anderson,2025-02-12 23:19:54.405861,Follow-up,Scheduled
72,Chad Robinson,Cheryl Lopez,2025-02-12 23:20:23.951687,Follow-up,Cancelled
73,Steve Martin,Scott Taylor,2025-02-12 23:25:03.769218,Follow-up,Scheduled
74,James Jackson,Gary Kim,2025-02-12 23:24:56.627942,Follow-up,Cancelled
75,Hannah Thomas,Mrs. Ruth Weaver MD,2025-02-12 23:23:00.544950,Consultation,Completed
76,Miranda Ray,Connie Pineda,2025-02-12 23:23:49.646393,Follow-up,Cancelled
77,Terri Marks,Thomas Lara,2025-02-12 23:22:34.086982,Routine Exam,Cancelled
78,Robin Morales,David Murillo,2025-02-12 23:20:22.538542,Emergency,Completed
79,Jeffrey Middleton,Dennis Palmer,2025-02-12 23:23:49.595932,Check-up,Completed
80,Jennifer Jordan,Danielle Wells,2025-02-12 23:19:49.258195,Follow-up,Completed
81,Sharon Turner,Christopher Perkins,2025-02-12 23:22:34.693251,Routine Exam,Scheduled
82,Cindy Jennings DDS,Stacey Johns,2025-02-12 23:21:54.565522,Routine Exam,Scheduled
83,Ashley Wilson,Keith Kelley,2025-02-12 23:23:38.366341,Consultation,Cancelled
84,Nicole Gonzalez MD,Miranda Boyd,2025-02-12 23:20:38.182369,Check-up,Cancelled
85,Bianca Cruz,Mr. Robert Coleman,2025-02-12 23:20:02.234805,Follow-up,Cancelled
86,Corey Tate,Susan Guerrero,2025-02-12 23:24:08.123185,Follow-up,Completed
87,Lindsay Stevenson MD,John Kelly,2025-02-12 23:23:00.172651,Routine Exam,Cancelled
88,Jaime Obrien,Larry Gibson,2025-02-12 23:24:32.309592,Consultation,Scheduled
89,John Yang,Sean Rush,2025-02-12 23:24:04.451194,Check-up,Scheduled
90,Kenneth Valenzuela,Richard Robertson,2025-02-12 23:23:22.746331,Check-up,Scheduled
91,Dr. Alexandra Cochran,Patrick Bradley,2025-02-12 23:24:25.092376,Emergency,Cancelled
92,Kevin Bailey,Monica Espinoza,2025-02-12 23:22:02.875094,Consultation,Cancelled
93,Andrea Marsh,Kyle Mcdonald,2025-02-12 23:21:14.481529,Follow-up,Completed
94,Tamara Rose,Rachel Garcia,2025-02-12 23:22:25.542024,Routine Exam,Cancelled
95,David Mccarthy,Frank Brown,2025-02-12 23:20:28.522886,Routine Exam,Cancelled
96,Timothy Pope,Joseph Jones,2025-02-12 23:22:36.129288,Follow-up,Scheduled
97,Justin Serrano,Gwendolyn Washington,2025-02-12 23:25:23.591972,Emergency,Scheduled
98,Lisa Carpenter,Ashley Smith,2025-02-12 23:20:56.736336,Routine Exam,Scheduled
99,Amanda Lewis,Andrew Paul,2025-02-12 23:19:58.316494,Consultation,Scheduled
100,Melissa Owen,Gina Brown,2025-02-12 23:24:38.702124,Routine Exam,Scheduled
101,Scott Cooper,Jonathan Moore,2025-02-12 23:24:12.096639,Routine Exam,Scheduled
102,Roger Villanueva,Sabrina Valdez,2025-02-12 23:22:39.811259,Consultation,Cancelled
103,Benjamin Whitaker,Michelle Russo,2025-02-12 23:25:26.290090,Routine Exam,Completed
104,Angela Hernandez,Danielle Murphy,2025-02-12 23:24:11.053427,Follow-up,Completed
105,Joseph Duncan,Jennifer Bell,2025-02-12 23:20:09.180725,Routine Exam,Cancelled
106,Cassie Santiago,Dale Fleming,2025-02-12 23:22:02.530805,Follow-up,Cancelled
107,Brian Williams,Thomas Sullivan,2025-02-12 23:24:19.743899,Consultation,Cancelled
108,Stacey Franklin,Rebecca Willis,2025-02-12 23:20:33.992868,Follow-up,Completed
109,Sandra Jennings,Timothy Cole,2025-02-12 23:21:44.236322,Routine Exam,Scheduled
110,Michael Howard,Melissa Bennett,2025-02-12 23:25:40.032626,Follow-up,Cancelled
111,Keith Nelson,Brianna Dillon,2025-02-12 23:23:17.915513,Consultation,Scheduled
112,Randall Torres,Amber Richardson,2025-02-12 23:24:55.417827,Routine Exam,Cancelled
113,Laura Francis,Kevin Carpenter,2025-02-12 23:20:51.842192,Check-up,Completed
114,Marcia Haley,Jessica Wilson,2025-02-12 23:20:38.551320,Emergency,Completed
115,Michael Cook,Linda Mitchell MD,2025-02-12 23:21:14.310109,Routine Exam,Cancelled
116,Tracy Johnson,Samantha Bender,2025-02-12 23:22:17.765573,Check-up,Scheduled
117,Deanna Johnson,Jennifer Walker,2025-02-12 23:22:03.044264,Follow-up,Scheduled
118,Anna Miller,Vincent Webb,2025-02-12 23:20:41.382829,Consultation,Cancelled
119,Danielle Frank,Kelly Murphy,2025-02-12 23:24:03.716414,Follow-up,Completed
120,Valerie Schmitt,Tonya Gregory,2025-02-12 23:20:48.914531,Follow-up,Completed
121,Amy White,Jeremy Calhoun,2025-02-12 23:25:05.986948,Check-up,Cancelled
122,Nichole Price,Alexis Carpenter,2025-02-12 23:22:57.050162,Consultation,Scheduled
123,Jason Hood,Russell Castro,2025-02-12 23:24:24.382652,Check-up,Completed
124,Tonya Smith,Charles Thomas,2025-02-12 23:21:32.671665,Consultation,Cancelled
125,Heather Palmer,Howard Allen MD,2025-02-12 23:20:50.332812,Consultation,Completed
126,Melissa Martinez,Jeffrey Jackson III,2025-02-12 23:23:16.742591,Emergency,Cancelled
127,Jill Patterson,Timothy Mills,2025-02-12 23:21:01.107174,Follow-up,Cancelled
128,Stephanie Ward,Sarah Taylor,2025-02-12 23:22:46.507993,Consultation,Cancelled
129,Zachary Alvarado,Alexis Brown,2025-02-12 23:24:20.288997,Follow-up,Scheduled
130,Jacob Melton,Juan Neal,2025-02-12 23:22:01.877966,Follow-up,Scheduled
131,Ronald Roberts,Todd Williams,2025-02-12 23:22:22.811460,Routine Exam,Cancelled
