appointment_id,patient_name,doctor_name,appointment_date,reason,status
1,Catherine Lane,Marie Hernandez,2025-02-12 23:21:59.638824,Follow-up,Cancelled
2,Jeffrey Oconnell,Linda Rios,2025-02-12 23:25:37.484506,Check-up,Scheduled
3,Kevin Schultz,Robert Lambert,2025-02-12 23:25:30.245582,Consultation,Completed
4,Maria Bauer,Lindsey Guzman,2025-02-12 23:20:52.119246,Follow-up,Cancelled
5,Todd Wade,Misty Lawson,2025-02-12 23:24:56.218615,Consultation,Scheduled
6,Kevin Dodson,Michael Estrada,2025-02-12 23:25:10.691141,Check-up,Cancelled
7,Mary Silva,Theodore Solis,2025-02-12 23:20:46.261337,Emergency,Scheduled
8,Dr. David Sutton,Mrs. Dominique Villanueva,2025-02-12 23:23:32.414449,Check-up,Scheduled
9,Maria Tran,Susan Benson,2025-02-12 23:23:31.549835,Check-up,Scheduled
10,Christine Adams,Justin Pugh,2025-02-12 23:24:56.691886,Check-up,Cancelled
11,Megan Adams,Patricia Moore,2025-02-12 23:24:00.374030,Follow-up,Scheduled
12,Michelle Miranda,Jessica Gordon MD,2025-02-12 23:21:07.378845,Emergency,Completed
13,Joel Harrison,Jesse Hernandez,2025-02-12 23:22:22.285363,Check-up,Cancelled
14,Kevin Weaver,Richard Olson,2025-02-12 23:20:24.428719,Consultation,Cancelled
15,Timothy Duncan,Charles Hays,2025-02-12 23:22:46.062660,Routine Exam,Completed
16,Stanley Clark,Lauren Lee,2025-02-12 23:23:21.316457,Consultation,Completed
17,Nancy Gonzalez,Tabitha Fletcher,2025-02-12 23:23:23.907350,Check-up,Scheduled
18,Dale Terry,Jordan Collins,2025-02-12 23:24:19.723600,Consultation,Scheduled
19,Adam Carr,Tyler Boyd,2025-02-12 23:25:48.508301,Check-up,Completed
20,Lisa Watts,Charles Livingston,2025-02-12 23:25:21.975629,Routine Exam,Completed
21,Leah Vasquez,James Williams,2025-02-12 23:24:37.346855,Consultation,Cancelled
22,David Ortega,Dan Williams,2025-02-12 23:20:28.099035,Check-up,Completed
23,Brent Chen,Terry Lucero,2025-02-12 23:22:47.223469,Consultation,Completed
24,Jennifer Roberts,Shane Cunningham,2025-02-12 23:22:52.605123,Emergency,Completed
25,Melissa Newton,Mary Daugherty DDS,2025-02-12 23:20:44.849437,Consultation,Cancelled
26,Jacob Russell,Richard Porter,2025-02-12 23:23:34.788810,Follow-up,Cancelled
27,Susan Wright,Mike Hernandez,2025-02-12 23:25:36.583411,Routine Exam,Scheduled
28,Debbie Lopez,Chelsea Oconnor,2025-02-12 23:20:43.882715,Emergency,Scheduled
29,Joyce Jenkins,Heather Zimmerman,2025-02-12 23:24:38.374404,Emergency,Completed
30,Edwin Myers,David Bennett,2025-02-12 23:23:53.091933,Emergency,Completed
31,Brenda Harper,Dustin Foley,2025-02-12 23:23:47.503975,Follow-up,Cancelled
32,Whitney Gonzalez,Patrick Jacobs,2025-02-12 23:21:42.975529,Emergency,Completed
33,Debbie Dean,Michael Brady,2025-02-12 23:22:38.046814,Emergency,Cancelled
34,Veronica Keith,Eduardo Robinson,2025-02-12 23:24:45.353129,Emergency,Cancelled
35,Lisa Green,Eric Schmidt,2025-02-12 23:24:32.827551,Routine Exam,Scheduled
36,David Hart,Lorraine Patrick,2025-02-12 23:21:23.439231,Follow-up,Completed
37,Frank Berger,Candace Wilson,2025-02-12 23:22:58.825953,Follow-up,Scheduled
38,Andrea Campos,John Harris,2025-02-12 23:24:53.428926,Follow-up,Scheduled
39,Kathleen Williams,Keith Hughes,2025-02-12 23:23:34.315359,Routine Exam,Cancelled
40,Joshua Carter,Loretta Torres,2025-02-12 23:24:04.780200,Routine Exam,Cancelled
41,Kurt Robles,Tyler Lopez,2025-02-12 23:20:27.680249,Check-up,Cancelled
42,Barbara Fuentes,Karen Page,2025-02-12 23:22:18.458929,Check-up,Cancelled
43,Jeremy Nguyen,April Thompson,2025-02-12 23:24:53.212459,Check-up,Cancelled
44,Shawn Roth,James Barry,2025-02-12 23:25:42.034018,Routine Exam,Cancelled
45,Andre Garcia,Ann Scott,2025-02-12 23:20:49.704645,Follow-up,Cancelled
46,Samuel Russell,Brian White,2025-02-12 23:23:24.246515,Emergency,Scheduled
47,Nancy Huber,Susan Murray,2025-02-12 23:20:38.370923,Consultation,Scheduled
48,Douglas Hernandez,Ryan Lopez,2025-02-12 23:20:54.157562,Check-up,Scheduled
49,Holly Giles,Megan Garrett,2025-02-12 23:22:33.061882,Consultation,Cancelled
50,William Foster,James Payne,2025-02-12 23:23:27.633547,Check-up,Completed
51,Kelly Giles,Patrick Frederick,2025-02-12 23:25:45.647010,Check-up,Scheduled
52,Samantha Martin,Robin Giles,2025-02-12 23:23:58.752636,Emergency,Cancelled
53,Stephanie Robinson,Robert Frank,2025-02-12 23:21:51.272077,Consultation,Completed
54,Kevin Sanchez,Dr. Terrence Kirk,2025-02-12 23:20:46.115825,Consultation,Completed
55,Carol Nelson,Lawrence Bond,2025-02-12 23:20:07.499165,Check-up,Completed
56,Joseph Thomas,Julie Patel,2025-02-12 23:25:41.342722,Consultation,Cancelled
57,Suzanne Flores,Sylvia Lutz,2025-02-12 23:20:02.896172,Emergency,Scheduled
58,Amber Chang,Andrea Porter,2025-02-12 23:22:30.783388,Emergency,Scheduled
59,Breanna Miles,Edward Rowe,2025-02-12 23:23:27.996722,Consultation,Completed
60,Edward Munoz,Andrea Kennedy,2025-02-12 23:24:13.978148,Check-up,Scheduled
61,Nicholas Hoffman,Pamela Weber,2025-02-12 23:24:29.824491,Consultation,Completed
62,Patricia Mills,Gary Miller,2025-02-12 23:23:25.652068,Consultation,Cancelled
63,Tina Herring,Katherine Jones,2025-02-12 23:21:02.404033,Follow-up,Cancelled
64,Mckenzie Turner,Joseph Marshall,2025-02-12 23:23:11.517187,Check-up,Cancelled
65,Shannon Lopez,Scott Kim,2025-02-12 23:23:18.999793,Consultation,Scheduled
66,Cathy Washington,Sara Brown,2025-02-12 23:22:36.790992,Consultation,Scheduled
67,Ryan Porter,Donna Daugherty,2025-02-12 23:24:52.046415,Emergency,Scheduled
68,Billy Parker,Vanessa Bender,2025-02-12 23:22:46.736020,Routine Exam,Scheduled
69,Christina Wilson,Kevin Ortiz,2025-02-12 23:19:51.172873,Routine Exam,Cancelled
70,Alexis Case,Carolyn Conway,2025-02-12 23:21:01.582451,Follow-up,Completed
71,Lisa Prince,Ashley Lucero,2025-02-12 23:22:27.701036,Consultation,Completed
72,Sharon Quinn,Brenda Goodwin,2025-02-12 23:20:19.370767,Follow-up,Completed
73,Dr. Ashley Mendez DDS,Ann Haley,2025-02-12 23:21:32.211059,Follow-up,Scheduled
74,Mr. William Lopez,Brian Jones,2025-02-12 23:25:27.739460,Consultation,Cancelled
75,Christopher Brandt,Jane Hernandez,2025-02-12 23:22:33.573380,Routine Exam,Cancelled
76,Nancy Petty,Matthew Stone,2025-02-12 23:21:54.345338,Follow-up,Cancelled
77,Michael Mitchell,James Hayes,2025-02-12 23:23:28.255298,Consultation,Scheduled
78,Donna Harmon,Jessica Lawson,2025-02-12 23:25:06.377424,Emergency,Completed
79,Wesley Acosta,Victor Rhodes,2025-02-12 23:21:45.734167,Routine Exam,Cancelled
80,Dr. Ryan Jones DVM,Zachary Mendoza,2025-02-12 23:21:39.162699,Check-up,Cancelled
81,Anthony Williams,Michael Nguyen,2025-02-12 23:23:44.677029,Emergency,Completed
82,Jonathan Robertson,Paula Weaver,2025-02-12 23:24:03.565553,Routine Exam,Completed
83,Brian Johnson,Patricia Wheeler,2025-02-12 23:20:32.651652,Consultation,Scheduled
84,Paula Blevins,Scott Kline,2025-02-12 23:21:10.893872,Follow-up,Cancelled
85,Erin Torres,Matthew Mendez,2025-02-12 23:21:07.547231,Emergency,Cancelled
86,David Yu,Terry Wagner,2025-02-12 23:21:46.656973,Consultation,Completed
87,Jessica Chavez,Jason Anderson,2025-02-12 23:21:18.628907,Follow-up,Completed
88,Amanda Huff,Larry Campbell,2025-02-12 23:21:20.867623,Consultation,Completed
89,Marco Wilson,Jessica Washington,2025-02-12 23:20:39.066583,Follow-up,Scheduled
90,Noah Harris,Rebecca Harrell,2025-02-12 23:20:10.521832,Check-up,Completed
91,Sandra Carrillo,Scott Carpenter,2025-02-12 23:19:58.800251,Emergency,Cancelled
92,Chad Jennings,Robert Noble,2025-02-12 23:24:31.401955,Routine Exam,Completed
93,Jamie Mullins,Rachel Hill,2025-02-12 23:19:52.073926,Check-up,Cancelled
94,Mary Allen,Casey Mcdonald,2025-02-12 23:20:24.397882,Routine Exam,Cancelled
95,Heather Oneill,Sean Navarro,2025-02-12 23:24:42.908774,Emergency,Completed
96,Brandon Rodriguez,Nathan Young,2025-02-12 23:25:26.558056,Check-up,Scheduled
97,Danielle Salinas,Ronald Cook,2025-02-12 23:25:12.134535,Check-up,Completed
98,Howard Reed,Christine Quinn,2025-02-12 23:25:11.445867,Routine Exam,Scheduled
99,Scott Williams,Carolyn Ramos,2025-02-12 23:21:19.986495,Check-up,Cancelled
100,Sarah Jenkins,Patricia Thomas,2025-02-12 23:25:09.441840,Check-up,Completed
101,Joshua Lawson,Jose Gonzales,2025-02-12 23:21:52.592517,Check-up,Cancelled
102,Joel Suarez,Sharon Velasquez,2025-02-12 23:22:09.668442,Routine Exam,Scheduled
103,Kelly Christensen,Michael Bailey,2025-02-12 23:23:53.192245,Routine Exam,Scheduled
104,Hannah Chandler,Jamie Ibarra,2025-02-12 23:23:10.567833,Routine Exam,Completed
105,Jacqueline Warren,John Spears,2025-02-12 23:24:38.332247,Consultation,Scheduled
106,Brandon Brown,Katherine Crosby,2025-02-12 23:21:44.189517,Follow-up,Completed
107,Kevin Hunter,Patricia Morris,2025-02-12 23:20:30.359571,Check-up,Completed
108,Joseph Olson,Kylie Chen,2025-02-12 23:21:31.073455,Check-up,Cancelled
109,Debra Douglas,Sonya Hobbs,2025-02-12 23:22:50.777067,Routine Exam,Scheduled
110,Heather Vance,Laura Richard DDS,2025-02-12 23:25:13.747207,Check-up,Completed
111,Kristine Snyder,Michael Watkins,2025-02-12 23:25:05.640332,Check-up,Cancelled
112,Travis Johnson,Michael Silva,2025-02-12 23:25:41.956276,Check-up,Cancelled
113,Michelle Molina,Carrie Fuller,2025-02-12 23:21:37.129315,Emergency,Completed
114,Kyle Maxwell,Anthony Rhodes,2025-02-12 23:22:16.842265,Check-up,Cancelled
115,Nicole Trujillo,Gary Price,2025-02-12 23:21:47.682406,Check-up,Scheduled
116,Larry Ortega,Jason Hobbs,2025-02-12 23:22:34.072715,Consultation,Scheduled
117,Mason Palmer,Brittany Barnes,2025-02-12 23:25:05.317241,Routine Exam,Scheduled
118,Natalie Roberts,Mike Turner,2025-02-12 23:24:58.452670,Consultation,Scheduled
119,Barbara Freeman,Nicole Olson,2025-02-12 23:21:17.098311,Emergency,Scheduled
120,Kathleen Orozco,Tiffany Medina,2025-02-12 23:22:35.006189,Consultation,Completed
121,Brian Diaz,Anne Stevenson,2025-02-12 23:25:08.054708,Emergency,Cancelled
122,Samuel Watson,Andrew Garcia,2025-02-12 23:22:45.063595,Follow-up,Cancelled
123,Tammy Norman,William Cox,2025-02-12 23:23:59.155323,Emergency,Scheduled
124,Andre Carter,John Cook,2025-02-12 23:24:28.042384,Follow-up,Scheduled
125,Nicole Conley,Miguel Hammond,2025-02-12 23:21:36.849035,Routine Exam,Scheduled
126,Gregory Lawrence,Alexandra Parker,2025-02-12 23:20:03.607398,Emergency,Scheduled
127,Jason Garcia,Rachel Miller,2025-02-12 23:21:13.438956,Consultation,Cancelled
128,Dr. Kim Conner,Charles Dawson,2025-02-12 23:23:30.478943,Check-up,Cancelled
129,Leon Landry,Allen Nguyen,2025-02-12 23:23:13.926863,Routine Exam,Cancelled
130,John Miller,Richard Powell,2025-02-12 23:25:04.275555,Consultation,Completed
131,Jim Warner,John Gonzales,2025-02-12 23:23:28.156363,Check-up,Cancelled
