appointment_id,patient_name,doctor_name,appointment_date,reason,status
1,Linda Jones,Tiffany Khan,2025-02-12 23:22:02.591678,Emergency,Completed
2,James Melton,Elizabeth Garza,2025-02-12 23:21:47.714388,Emergency,Completed
3,Larry Garcia,Caleb Medina,2025-02-12 23:20:13.118716,Follow-up,Scheduled
4,Maurice Howard,Andrew Hernandez,2025-02-12 23:23:04.927871,Emergency,Scheduled
5,Michele Singleton,Benjamin Nelson,2025-02-12 23:19:53.834027,Emergency,Scheduled
6,Richard Johns,Mark Lewis,2025-02-12 23:19:31.945321,Check-up,Scheduled
7,Brandi Moore,Anthony Crawford,2025-02-12 23:19:40.658375,Routine Exam,Completed
8,Jacob Serrano,William Ross,2025-02-12 23:21:51.548367,Emergency,Completed
9,Catherine Patel,Dr. Mark Mills,2025-02-12 23:18:01.711808,Routine Exam,Cancelled
10,Laura Ortiz,Nicholas Tucker,2025-02-12 23:18:15.850775,Consultation,Scheduled
11,Steven Edwards,Diane Bird,2025-02-12 23:17:59.895795,Check-up,Scheduled
12,Nancy Bradley,Michael Chung,2025-02-12 23:21:47.718326,Emergency,Cancelled
13,Dylan Benson,Sarah Griffith,2025-02-12 23:22:32.055922,Consultation,Completed
14,Cynthia Martinez,Kenneth Smith,2025-02-12 23:21:58.715946,Routine Exam,Cancelled
15,Deborah Shelton,Lindsey Moss,2025-02-12 23:23:08.808509,Follow-up,Cancelled
16,Maria Leonard,Angel Turner,2025-02-12 23:21:04.534729,Routine Exam,Scheduled
17,Wanda Brown,Pamela Smith,2025-02-12 23:22:08.173314,Routine Exam,Completed
18,Erica Lucas,Steven Baker,2025-02-12 23:19:37.408941,Check-up,Completed
19,Mr. Jack Gould,Heather Rogers,2025-02-12 23:19:47.363456,Check-up,Cancelled
20,Christopher Rivera,Cody Brown,2025-02-12 23:21:39.979586,Emergency,Completed
21,Stephanie Vasquez,James White,2025-02-12 23:17:56.186011,Consultation,Scheduled
22,Oscar Patterson,Erik Hill,2025-02-12 23:17:57.161330,Check-up,Scheduled
23,Jesse Gates,Jacqueline Haynes,2025-02-12 23:23:21.589399,Follow-up,Scheduled
24,Robert Hernandez,Antonio Cunningham,2025-02-12 23:18:22.174659,Follow-up,Completed
25,Andrew Bond,Christopher Hernandez,2025-02-12 23:23:05.362727,Follow-up,Completed
26,Stephanie Fuller,John Griffin,2025-02-12 23:21:14.706263,Emergency,Cancelled
27,Kevin Martin,James Anderson,2025-02-12 23:22:04.645585,Routine Exam,Cancelled
28,Thomas Barber,Victoria Charles,2025-02-12 23:18:06.105938,Emergency,Completed
29,Maria Anderson,Paul Ramirez,2025-02-12 23:17:43.610407,Emergency,Cancelled
30,Michael Perez,Lance Donaldson,2025-02-12 23:18:43.471505,Routine Exam,Completed
31,Mrs. Erin Hart MD,Mark Brooks,2025-02-12 23:21:15.626126,Routine Exam,Completed
32,Jennifer Rodriguez,Kenneth Contreras,2025-02-12 23:21:46.429433,Emergency,Completed
33,Kristi Jacobs,Melissa Bennett,2025-02-12 23:20:58.282869,Check-up,Cancelled
34,James Meyer,Mr. Timothy Nelson MD,2025-02-12 23:18:45.337186,Emergency,Scheduled
35,Benjamin Schneider,Chad Hall,2025-02-12 23:21:26.033470,Consultation,Scheduled
36,Nicole Lopez,Brandon Rivera,2025-02-12 23:20:10.458991,Follow-up,Cancelled
37,Megan White,Paul Sanders,2025-02-12 23:20:04.667655,Check-up,Completed
38,Kenneth Rivera,Michael Hall DVM,2025-02-12 23:20:28.339030,Check-up,Completed
39,Marilyn Davis,Shelly Perkins,2025-02-12 23:17:33.333636,Check-up,Completed
40,Lori Beck,Heidi Wilson,2025-02-12 23:19:46.323023,Routine Exam,Cancelled
41,Anthony Mcdonald,John Hernandez,2025-02-12 23:19:53.275246,Emergency,Completed
42,Timothy Maxwell,Mrs. Marissa Johnson,2025-02-12 23:17:52.044994,Consultation,Scheduled
43,Chad Simpson,Matthew Dunn,2025-02-12 23:18:15.528132,Consultation,Scheduled
44,Gary Flores,Brianna Young,2025-02-12 23:22:41.304758,Emergency,Completed
45,Edward Fisher,Alexander Hogan,2025-02-12 23:18:56.330566,Consultation,Cancelled
46,Kristin Harper,Stacey Tucker,2025-02-12 23:21:57.187101,Check-up,Scheduled
47,Robert Keith,Thomas Peterson,2025-02-12 23:18:53.299405,Check-up,Cancelled
48,Michelle Weber,David Valenzuela,2025-02-12 23:18:09.985291,Routine Exam,Scheduled
49,Robert Wise,Kristen Bell,2025-02-12 23:20:36.078927,Routine Exam,Cancelled
50,Claudia Jones,Heather Nielsen,2025-02-12 23:21:26.510794,Emergency,Cancelled
51,Jacob Smith,Jonathan James,2025-02-12 23:22:35.442631,Check-up,Scheduled
52,Joshua French,James Harmon,2025-02-12 23:21:52.159746,Consultation,Scheduled
53,Mark Cannon,Sarah Torres,2025-02-12 23:19:48.887049,Check-up,Cancelled
54,Laurie Edwards,Gary Marks,2025-02-12 23:20:07.907991,Follow-up,Completed
55,Sabrina Miles,Cody Dawson,2025-02-12 23:21:05.503093,Emergency,Scheduled
56,Theresa Baldwin,Susan Bartlett PhD,2025-02-12 23:23:11.114696,Consultation,Scheduled
57,Pamela Hill,Richard Reyes,2025-02-12 23:19:49.188193,Follow-up,Cancelled
58,Lori Cochran,Christopher Russo,2025-02-12 23:20:57.456683,Consultation,Cancelled
59,Rhonda Coleman,Tyler Hawkins,2025-02-12 23:19:33.070982,Routine Exam,Completed
60,Robert Cardenas,Nicholas Riley,2025-02-12 23:19:19.061465,Check-up,Completed
61,Robert Arias,Richard Reed DDS,2025-02-12 23:23:12.822696,Routine Exam,Cancelled
62,Jennifer Wright,Hunter Campbell,2025-02-12 23:18:49.882168,Routine Exam,Cancelled
63,Amanda Henderson,Kathryn Lyons,2025-02-12 23:20:56.373608,Check-up,Completed
64,Patricia Miller,Debra Norris,2025-02-12 23:17:43.279817,Follow-up,Cancelled
65,Javier Russo,Christopher Reyes,2025-02-12 23:22:09.873696,Check-up,Cancelled
66,Amber Sullivan,Melody Garcia,2025-02-12 23:20:34.227882,Follow-up,Completed
67,Levi Williams,Jeff Ortega,2025-02-12 23:19:55.498855,Routine Exam,Scheduled
68,Brandon Williams,Michael Marshall,2025-02-12 23:17:32.966232,Consultation,Cancelled
69,Karen Graham,Brianna Brown,2025-02-12 23:20:22.674338,Check-up,Completed
70,Elizabeth Calhoun,Kelly Hester,2025-02-12 23:23:09.396702,Consultation,Cancelled
71,Cheryl Gutierrez,George Davis,2025-02-12 23:21:48.853126,Routine Exam,Scheduled
72,David Wilson,Kelsey Edwards,2025-02-12 23:20:53.494875,Consultation,Completed
73,Melissa Roberts,Susan Olson,2025-02-12 23:17:30.878773,Consultation,Completed
74,Connie Sanders,James Cortez,2025-02-12 23:20:32.931723,Routine Exam,Scheduled
75,Rebecca Rodriguez,Michelle Powell,2025-02-12 23:20:54.390749,Emergency,Cancelled
76,Erica Payne,Mary Browning,2025-02-12 23:21:49.352291,Consultation,Scheduled
77,Carl Donovan,Shane Dixon,2025-02-12 23:21:55.467339,Emergency,Cancelled
78,Michael Taylor,Rachel Macdonald,2025-02-12 23:22:19.850264,Check-up,Scheduled
79,Jordan Todd,Angela Hebert,2025-02-12 23:19:46.542978,Routine Exam,Cancelled
80,Beth Tran,Brian Chang,2025-02-12 23:18:37.139449,Check-up,Cancelled
81,Linda Jackson,David Reeves,2025-02-12 23:17:58.897658,Consultation,Scheduled
82,Katherine Doyle,William Oliver,2025-02-12 23:21:33.758680,Follow-up,Scheduled
83,Latasha Reese,Rhonda Lambert,2025-02-12 23:22:48.665074,Follow-up,Scheduled
84,Angela Gallagher,Angela Dawson,2025-02-12 23:20:44.468271,Routine Exam,Scheduled
85,Keith Miller,Terri Lawson,2025-02-12 23:20:01.664656,Consultation,Cancelled
86,Paul Fernandez,Felicia Wheeler,2025-02-12 23:18:17.736892,Emergency,Completed
87,Gregory Burch,Michael Jackson,2025-02-12 23:22:32.838261,Routine Exam,Completed
88,Lee Smith,Steven Mills,2025-02-12 23:22:30.111547,Emergency,Cancelled
89,Paul Mcfarland,Samantha Brown,2025-02-12 23:23:28.457858,Consultation,Cancelled
90,Kim Rogers,Jessica Harrison,2025-02-12 23:19:13.754174,Routine Exam,Scheduled
91,Robert Farrell,Clifford Thornton,2025-02-12 23:21:21.880069,Follow-up,Completed
92,Ian Lindsey,Sierra Blair,2025-02-12 23:23:22.298152,Check-up,Scheduled
93,Mary Jennings,Kimberly Reyes,2025-02-12 23:17:30.360270,Emergency,Scheduled
94,Alyssa Lawrence,Ellen Maddox,2025-02-12 23:19:26.866902,Routine Exam,Cancelled
95,Danielle Jackson,Brandon Cole,2025-02-12 23:21:24.936254,Follow-up,Completed
96,Jon Morrison,Sean Wright,2025-02-12 23:22:13.215833,Follow-up,Cancelled
97,Matthew Smith,Christopher Harris,2025-02-12 23:17:45.858044,Routine Exam,Cancelled
98,Toni Sherman,Benjamin Buck,2025-02-12 23:20:46.117291,Routine Exam,Cancelled
99,Melissa Hall,Brandon Calhoun,2025-02-12 23:19:35.519899,Emergency,Cancelled
100,Daniel Jackson,Michael Sutton,2025-02-12 23:21:03.236520,Check-up,Cancelled
101,David Smith,Darlene Yoder,2025-02-12 23:20:29.427585,Follow-up,Scheduled
102,Kristi Moore,Melissa Smith,2025-02-12 23:20:41.739906,Consultation,Cancelled
103,Randall Owens,Danny Williams,2025-02-12 23:18:08.642193,Emergency,Completed
104,Beth Ryan,Mr. Nathan Douglas,2025-02-12 23:21:49.494528,Emergency,Cancelled
105,Justin Smith,Peter Wolf,2025-02-12 23:23:14.501169,Consultation,Scheduled
106,Brian Gordon,Mark Schultz,2025-02-12 23:17:53.390255,Check-up,Cancelled
107,Ian Ross,Sharon Todd,2025-02-12 23:17:41.892386,Check-up,Scheduled
108,Jason Howe,Catherine Carter,2025-02-12 23:20:25.746168,Routine Exam,Completed
109,Pamela Jackson,Melissa Frazier,2025-02-12 23:17:50.635967,Check-up,Cancelled
110,Sara Williams,Angela Sampson,2025-02-12 23:17:38.266767,Follow-up,Completed
111,Daniel Gilmore,Jacob Jones,2025-02-12 23:22:05.388674,Emergency,Completed
112,Angela West,Glenda Sullivan,2025-02-12 23:22:29.720899,Emergency,Scheduled
113,Tammy Moore,Thomas Campbell,2025-02-12 23:20:37.232321,Check-up,Scheduled
114,Stephen Norman,Kathryn Ware,2025-02-12 23:22:01.444965,Follow-up,Cancelled
115,Brandon Fuller,Amber Rowe,2025-02-12 23:19:24.358548,Check-up,Completed
116,James Smith,Roger West,2025-02-12 23:19:35.741515,Check-up,Completed
117,Lauren Sanders,Shannon Farmer,2025-02-12 23:21:07.972638,Follow-up,Completed
118,Anna Melton,Austin Miller,2025-02-12 23:22:03.785929,Consultation,Completed
119,Kayla Watson,Barbara Frank,2025-02-12 23:20:17.152164,Consultation,Cancelled
120,Karina Reyes,Monica Lee,2025-02-12 23:17:31.309740,Emergency,Scheduled
121,Jesus Cox,Michele Costa,2025-02-12 23:18:34.610546,Consultation,Scheduled
122,Jill Morgan,Craig Hughes,2025-02-12 23:18:13.599778,Follow-up,Completed
123,Lisa Gibson,Lisa Ortega,2025-02-12 23:18:27.782068,Routine Exam,Completed
124,Bradley Young,Zachary Jones,2025-02-12 23:22:07.705046,Emergency,Cancelled
125,Frank Graves,George Flores,2025-02-12 23:20:36.342494,Routine Exam,Completed
126,James Riggs,Michael Crawford,2025-02-12 23:18:11.760363,Emergency,Cancelled
127,Thomas Fuentes,Denise Henry,2025-02-12 23:19:23.394068,Check-up,Cancelled
128,Stephanie Dominguez,Christopher Rasmussen,2025-02-12 23:18:02.724495,Emergency,Completed
129,Tina Flores,Stephanie James,2025-02-12 23:20:53.812365,Check-up,Cancelled
130,James Myers,Alexandra Fischer,2025-02-12 23:23:29.971964,Check-up,Completed
131,Wayne Miller,Mrs. Debbie Kelley,2025-02-12 23:22:56.934204,Routine Exam,Cancelled
132,Casey Smith Jr.,Justin Owen,2025-02-12 23:17:49.077655,Consultation,Cancelled
133,Jillian Wagner,Jennifer Aguilar,2025-02-12 23:20:04.540329,Consultation,Cancelled
134,Carly Lamb,Shane Acosta,2025-02-12 23:20:31.857615,Emergency,Completed
135,Joseph Marquez,Daniel Robinson,2025-02-12 23:18:01.446754,Follow-up,Cancelled
136,Angela Reid,Janet Dickson,2025-02-12 23:20:40.503249,Consultation,Cancelled
