reason,appointment_id,doctor_name,patient_name,appointment_date,STATUS
Check-up,1,Laurie May,Amy Young,2025-02-12 23:19:07.019248,Completed
Check-up,2,Elizabeth Calderon,Jon Moore,2025-02-12 23:23:06.509196,Cancelled
Emergency,3,Tammy Sanders,Jill Haas,2025-02-12 23:21:15.077924,Cancelled
Routine Exam,4,Tiffany Nguyen,Wesley Little,2025-02-12 23:18:29.593195,Completed
Check-up,5,Jessica Frank,Peter Martinez,2025-02-12 23:23:07.583453,Completed
Emergency,6,Rebecca Warren,James Liu,2025-02-12 23:18:42.561440,Scheduled
Check-up,7,Kimberly Johnson,Christopher Wolf,2025-02-12 23:22:52.104316,Scheduled
Emergency,8,Michael Howe,Tamara Chavez,2025-02-12 23:22:24.004119,Completed
Check-up,9,Caroline Wilson,Ashley Tapia,2025-02-12 23:21:15.091981,Cancelled
Follow-up,10,Tracy Smith,Lisa Miranda,2025-02-12 23:17:13.914937,Cancelled
Check-up,11,Cheryl Davis,Brandon Adkins,2025-02-12 23:22:38.322305,Cancelled
Consultation,12,Caitlin Williams,Jenny Bates,2025-02-12 23:19:05.490298,Cancelled
Follow-up,13,Kimberly Watts,Justin Hodge,2025-02-12 23:21:50.829075,Scheduled
Follow-up,14,Amber Garcia,Robert Thomas,2025-02-12 23:22:34.953111,Scheduled
Emergency,15,Lindsey Payne,Brandon Pitts,2025-02-12 23:22:01.186165,Scheduled
Consultation,16,Lisa Lane,Kevin Stein,2025-02-12 23:21:57.008704,Scheduled
Check-up,17,Pamela Young,Christine Stephenson,2025-02-12 23:17:25.303422,Completed
Emergency,18,Suzanne Campos,Jared Weber,2025-02-12 23:18:55.454266,Scheduled
Routine Exam,19,Wendy Baldwin,Derek Thompson,2025-02-12 23:19:54.578251,Scheduled
Check-up,20,Adam Burch,Brandon Davenport,2025-02-12 23:17:32.749207,Cancelled
Consultation,21,Shawn Walters,Sharon Smith,2025-02-12 23:18:26.127207,Cancelled
Consultation,22,John Patel,Thomas Price,2025-02-12 23:20:07.687706,Cancelled
Follow-up,23,Christopher Johnson,Robin Gonzalez,2025-02-12 23:20:26.245610,Cancelled
Follow-up,24,Natasha Walker,Patricia Gilmore,2025-02-12 23:19:03.333360,Scheduled
Follow-up,25,Ian Holt,Jonathan Moreno,2025-02-12 23:17:33.333574,Completed
Follow-up,26,Laura Warren,Eric Norton,2025-02-12 23:19:35.402031,Completed
Consultation,27,Timothy Ferguson,Joshua Martinez,2025-02-12 23:20:02.907781,Cancelled
Routine Exam,28,Karen Ortega,Gregory Hess,2025-02-12 23:20:45.353968,Completed
Consultation,29,Angela Lopez,Brittany Poole,2025-02-12 23:22:53.753349,Completed
Routine Exam,30,Thomas Buck,Ryan Silva,2025-02-12 23:21:18.386629,Scheduled
Routine Exam,31,Melanie Mosley,Monique Hickman,2025-02-12 23:20:13.861313,Scheduled
Follow-up,32,April Grimes,Heather Brown,2025-02-12 23:20:27.688774,Completed
Emergency,33,Michael Rodriguez,Gail Freeman,2025-02-12 23:21:03.295933,Completed
Routine Exam,34,Michele Patton,Mark Johnson,2025-02-12 23:17:27.394854,Completed
Routine Exam,35,Sonya Gentry,Eric Nichols,2025-02-12 23:20:00.435157,Cancelled
Emergency,36,Gary Reese,David Jones,2025-02-12 23:17:27.404134,Scheduled
Emergency,37,Timothy Garza,Gregory Clark,2025-02-12 23:18:35.120841,Cancelled
Follow-up,38,Bruce Riley,Christine Price,2025-02-12 23:21:18.766887,Cancelled
Check-up,39,Kara Brown,Susan Hansen,2025-02-12 23:22:49.278222,Scheduled
Consultation,40,Robert Wilson,Wendy Nelson,2025-02-12 23:19:40.794438,Scheduled
Follow-up,41,Daniel Lambert,Tina Coleman,2025-02-12 23:22:43.900582,Completed
Follow-up,42,Kiara Huffman,Sarah Solis,2025-02-12 23:20:19.133494,Scheduled
Routine Exam,43,Candice Cherry,Amber Myers,2025-02-12 23:20:22.525724,Scheduled
Routine Exam,44,Toni Sherman,John Ruiz,2025-02-12 23:18:28.018170,Completed
Follow-up,45,Steve Mcguire,John Graham,2025-02-12 23:18:34.590826,Scheduled
Follow-up,46,Tracey Zavala,Karen Wallace,2025-02-12 23:17:36.248553,Scheduled
Consultation,47,Mrs. Christina Camacho,Anne Vasquez,2025-02-12 23:22:53.869496,Cancelled
Routine Exam,48,Gabriel Myers,Mary Wright,2025-02-12 23:20:51.224286,Cancelled
Follow-up,49,Roy Duran,Matthew Wallace,2025-02-12 23:22:26.841455,Cancelled
Follow-up,50,Benjamin Patel,Darius Robbins,2025-02-12 23:22:44.557445,Cancelled
Emergency,51,Christopher Wood,Terri Wagner,2025-02-12 23:18:59.735380,Scheduled
Check-up,52,William Koch,Paul Thornton,2025-02-12 23:19:14.851402,Cancelled
Follow-up,53,Dr. Victoria Villarreal,Nicole Neal,2025-02-12 23:17:15.841060,Scheduled
Routine Exam,54,Jennifer Jefferson,Laura Hoover,2025-02-12 23:18:55.929936,Cancelled
Follow-up,55,Shannon Wallace,Gloria Erickson,2025-02-12 23:17:41.183779,Completed
Routine Exam,56,Christine Nguyen,Angelica Vasquez,2025-02-12 23:20:27.581450,Scheduled
Routine Exam,57,Pamela Jensen,Eddie Compton,2025-02-12 23:18:48.809864,Cancelled
Check-up,58,Crystal Aguirre,Melissa Moore,2025-02-12 23:20:43.016734,Scheduled
Emergency,59,Bianca Brooks,Seth Tucker,2025-02-12 23:19:28.934151,Completed
Check-up,60,Joshua Rogers,Victor Santiago,2025-02-12 23:18:00.027636,Cancelled
Check-up,61,Douglas Mcdowell,Corey Dixon,2025-02-12 23:18:27.316298,Cancelled
Emergency,62,Shelly Woods,Mitchell Cameron,2025-02-12 23:22:24.908322,Scheduled
Routine Exam,63,Elizabeth Conner,Evelyn Thomas,2025-02-12 23:17:17.562362,Cancelled
Check-up,64,Joseph Roberts,Grant Alexander,2025-02-12 23:22:38.684991,Completed
Check-up,65,Eugene Gray,Michael Williams MD,2025-02-12 23:18:41.909513,Cancelled
Routine Exam,66,Anna Thomas,Thomas Edwards,2025-02-12 23:22:32.782367,Completed
Emergency,67,Eddie Hunter,Benjamin Jones,2025-02-12 23:18:57.157549,Scheduled
Follow-up,68,Latasha Williamson,Jordan Perry,2025-02-12 23:19:15.117702,Cancelled
Check-up,69,Michele Tanner,James Jordan,2025-02-12 23:21:59.449795,Completed
Routine Exam,70,Cheryl Miller,Jeffrey Mosley,2025-02-12 23:19:31.146842,Cancelled
Check-up,71,Nicholas Evans,Barry Smith,2025-02-12 23:18:23.250141,Completed
Consultation,72,Mr. Wesley Dunn,Leslie Cruz,2025-02-12 23:20:19.449909,Completed
Check-up,73,Corey Jennings,Jennifer Chavez,2025-02-12 23:18:19.673114,Scheduled
Check-up,74,Christina Hale,Casey Simmons,2025-02-12 23:22:34.539154,Cancelled
Check-up,75,Rebecca Finley,Jennifer Anderson,2025-02-12 23:19:13.971683,Completed
Follow-up,76,Kimberly Howard,Zachary Pena,2025-02-12 23:21:58.806606,Completed
Emergency,77,Richard Juarez,Curtis Garrison,2025-02-12 23:22:10.266973,Completed
Consultation,78,Rachael Jacobson,Alisha White,2025-02-12 23:22:13.246783,Scheduled
Consultation,79,Tammy Rogers,Tammy Johnston,2025-02-12 23:21:20.408181,Completed
Consultation,80,Austin West,Claudia Stevens,2025-02-12 23:18:53.848438,Completed
Check-up,81,Dr. Anthony Knight,Elizabeth Vang,2025-02-12 23:17:44.091976,Completed
Routine Exam,82,Andrew White,Stephanie Francis,2025-02-12 23:17:21.142349,Cancelled
Routine Exam,83,Kathryn Webb,Ryan Stone,2025-02-12 23:18:31.050500,Cancelled
Emergency,84,Barbara Rodriguez,Nathan Johnson,2025-02-12 23:23:07.851357,Scheduled
Consultation,85,Lindsay Flowers,Anthony Eaton,2025-02-12 23:22:57.123470,Scheduled
Check-up,86,April Crosby,Caleb Hobbs,2025-02-12 23:21:13.907101,Scheduled
Check-up,87,Stephanie Mann,Dr. Larry Allen,2025-02-12 23:21:31.543751,Cancelled
Check-up,88,Sara Russell,Jennifer Mullen,2025-02-12 23:20:25.877282,Cancelled
Consultation,89,Jacob Young,Catherine Diaz,2025-02-12 23:20:55.122347,Cancelled
Consultation,90,Scott Kennedy,Pamela Watson,2025-02-12 23:19:43.382658,Completed
Emergency,91,Mark Salazar,Angela Ferguson,2025-02-12 23:22:17.374795,Scheduled
Emergency,92,Catherine Logan,Robin Hill,2025-02-12 23:18:51.195093,Cancelled
Consultation,93,Mrs. Tracie Wright,Melissa Olsen,2025-02-12 23:22:41.094991,Scheduled
Routine Exam,94,Jessica Matthews,Robert Curry,2025-02-12 23:21:24.893459,Completed
Follow-up,95,Christopher Clark,Kevin Dixon,2025-02-12 23:18:38.464559,Completed
Check-up,96,Carol Miller,Heather Holder,2025-02-12 23:22:11.085038,Scheduled
Follow-up,97,James Savage,Lori Miller,2025-02-12 23:21:55.199115,Completed
Follow-up,98,Michael Waller,Jamie Montgomery,2025-02-12 23:20:03.014311,Scheduled
Consultation,99,Christopher Beltran,Randall Whitney,2025-02-12 23:17:47.817453,Scheduled
Check-up,100,Danielle Meyer,Ashley Rodriguez,2025-02-12 23:21:54.554736,Cancelled
Follow-up,101,Matthew Carter,Timothy Potts,2025-02-12 23:23:08.274690,Completed
Routine Exam,102,Melissa Mckinney,Joseph George,2025-02-12 23:20:59.200455,Completed
Check-up,103,Karina Ray,Elizabeth Lopez,2025-02-12 23:19:00.997862,Cancelled
Emergency,104,Elijah Webb,Jacob Powell,2025-02-12 23:22:02.206842,Completed
Check-up,105,Adam James,John Hicks,2025-02-12 23:20:15.212069,Scheduled
Routine Exam,106,Marc Pacheco,Tyler Green,2025-02-12 23:18:01.823074,Completed
Follow-up,107,Michael Hart,Lisa Hernandez,2025-02-12 23:20:41.783095,Scheduled
Routine Exam,108,Christopher Cole,Sean Jackson,2025-02-12 23:17:21.340963,Cancelled
Check-up,109,Jennifer Johnston,Kaylee Washington,2025-02-12 23:21:50.848401,Completed
Emergency,110,Sabrina Hall,Alexis Bryant,2025-02-12 23:20:22.953268,Cancelled
Check-up,111,Shannon Hernandez,Stephanie Charles,2025-02-12 23:22:12.318309,Cancelled
Consultation,112,Sharon Patrick,Bridget Parker,2025-02-12 23:22:04.416280,Scheduled
Consultation,113,William Hunter,Lisa Young,2025-02-12 23:22:07.629664,Completed
Check-up,114,Benjamin Brown,Kyle Bradford,2025-02-12 23:22:45.379636,Scheduled
Emergency,115,Joanna Parker,Timothy Murphy,2025-02-12 23:21:53.090889,Completed
Consultation,116,Melissa Jordan DDS,Travis Sims,2025-02-12 23:19:35.355097,Scheduled
Check-up,117,Emily Dudley,Rebecca Ford,2025-02-12 23:18:21.556685,Cancelled
Follow-up,118,Melanie Mccoy,Luis Kemp,2025-02-12 23:21:28.099702,Cancelled
Emergency,119,Chase Rivera,Mary Novak,2025-02-12 23:21:47.212310,Scheduled
Emergency,120,Xavier Davis,Lucas Peterson,2025-02-12 23:19:27.181090,Cancelled
Routine Exam,121,Karen Brown,Theresa Fox,2025-02-12 23:22:53.263051,Completed
Routine Exam,122,Robert White,Matthew Williams,2025-02-12 23:20:48.620062,Scheduled
Consultation,123,Jennifer Peterson,Gregory Roberts,2025-02-12 23:22:18.321742,Scheduled
Check-up,124,Scott Warner,Jeremy Gomez,2025-02-12 23:20:42.949693,Scheduled
Emergency,125,Derrick Harper,Sara Ward,2025-02-12 23:17:33.217209,Completed
Follow-up,126,John Wilson,Louis Warren,2025-02-12 23:21:56.618867,Cancelled
Consultation,127,Michael Shepard,Jennifer Kennedy,2025-02-12 23:19:30.267755,Completed
Check-up,128,Jessica Gonzalez,Melissa Johnson,2025-02-12 23:17:32.974477,Scheduled
Follow-up,129,Samantha Duran,Meredith Gilmore,2025-02-12 23:21:26.715782,Completed
Routine Exam,130,Matthew Lester,Mark Wilson,2025-02-12 23:21:32.680557,Scheduled
Follow-up,131,Christopher Mathis,Robert Ferguson,2025-02-12 23:19:32.164195,Scheduled
Emergency,132,Amy English,Kimberly Vasquez,2025-02-12 23:20:10.453265,Completed
Routine Exam,133,Phillip Snow,Donna Haynes,2025-02-12 23:22:15.224931,Completed
Consultation,134,Dawn Espinoza,Brian Gilbert,2025-02-12 23:17:43.161088,Completed
Follow-up,135,Christopher Rogers,Jeffrey Barber,2025-02-12 23:21:14.831270,Scheduled
Routine Exam,136,Laurie Webb,Bradley Sloan,2025-02-12 23:18:12.205876,Scheduled
Emergency,137,David Taylor,Kayla Holland,2025-02-12 23:19:18.035187,Cancelled
Emergency,138,James Hicks,Juan Walker,2025-02-12 23:23:10.124221,Scheduled
Consultation,139,Mark White,Daniel Russell,2025-02-12 23:21:57.311873,Cancelled
Check-up,140,David Smith,Christopher Reid,2025-02-12 23:19:25.556680,Cancelled
Consultation,141,Mrs. Laura Brown DDS,Michael Butler,2025-02-12 23:17:45.217662,Completed
Consultation,142,Christine Villegas,Amy Bennett,2025-02-12 23:17:57.579765,Cancelled
