doctor_name,reason,appointment_date,patient_name,appointment_id,status
Bryan Chavez,Follow-up,2025-02-12 23:26:22.648851,Amanda Lamb,1,Completed
Wendy Taylor,Check-up,2025-02-12 23:21:28.485811,Abigail Larson,2,Scheduled
Chelsea Cabrera,Follow-up,2025-02-12 23:21:13.032029,Kimberly Berger,3,Completed
Tracy Morgan,Follow-up,2025-02-12 23:23:03.136285,Beth Williams,4,Completed
Lisa Gallegos,Consultation,2025-02-12 23:25:04.493013,Pamela Lambert,5,Scheduled
Jessica Rivas,Routine Exam,2025-02-12 23:24:53.480376,Bailey Ward,6,Completed
Paula Travis,Follow-up,2025-02-12 23:24:56.509872,Alyssa Hernandez,7,Cancelled
Roger Bowers,Check-up,2025-02-12 23:21:42.544170,Jennifer Reyes,8,Cancelled
Emily Martin,Check-up,2025-02-12 23:25:04.454597,Jordan Greene,9,Cancelled
Stephanie Robertson,Follow-up,2025-02-12 23:25:01.675480,Michelle Holt,10,Cancelled
Christopher Ross,Consultation,2025-02-12 23:25:13.643080,Stacy Rodriguez,11,Cancelled
Randall Hamilton,Emergency,2025-02-12 23:27:02.290632,Christopher Bryant,12,Completed
Keith Gallegos,Check-up,2025-02-12 23:21:48.253315,Samuel Torres,13,Completed
Lori Everett,Consultation,2025-02-12 23:21:44.482745,Tracy Walker,14,Cancelled
Hayley Barnes,Emergency,2025-02-12 23:21:48.864780,Mark Carson,15,Scheduled
Michael Bennett,Consultation,2025-02-12 23:23:29.116189,Joel Morgan,16,Scheduled
Abigail Blevins,Routine Exam,2025-02-12 23:22:37.233534,Norma Wong,17,Scheduled
Joyce Evans,Check-up,2025-02-12 23:24:24.525590,Angela Steele,18,Cancelled
Tyler Spence,Routine Exam,2025-02-12 23:26:30.309793,Justin Thompson,19,Cancelled
Clayton Hutchinson,Check-up,2025-02-12 23:22:14.550010,Brenda Walter,20,Scheduled
Joshua Galvan,Routine Exam,2025-02-12 23:26:45.592388,Katelyn Moore,21,Completed
Wayne Coleman,Emergency,2025-02-12 23:26:57.771344,Frank Bridges,22,Scheduled
Phillip Norris,Emergency,2025-02-12 23:23:15.494168,Justin Meadows,23,Cancelled
Michael Thomas,Emergency,2025-02-12 23:26:44.258791,Katrina Hill,24,Scheduled
Vanessa Garcia,Routine Exam,2025-02-12 23:25:15.389865,Amanda Whitaker,25,Completed
Brenda Garza,Follow-up,2025-02-12 23:22:46.910284,Heidi Short,26,Completed
Kenneth Logan,Routine Exam,2025-02-12 23:25:41.344116,Daniel Church,27,Cancelled
Cynthia Diaz,Routine Exam,2025-02-12 23:25:54.763640,Sharon Porter,28,Completed
Mrs. Elizabeth Santana,Check-up,2025-02-12 23:26:19.916693,Jeffrey Oneal,29,Cancelled
Michael Thomas,Check-up,2025-02-12 23:22:05.607141,Mark Nguyen,30,Cancelled
Victor Kelley,Emergency,2025-02-12 23:26:21.967431,Barbara Graves,31,Cancelled
Adam Mathews,Follow-up,2025-02-12 23:21:53.775910,David Smith,32,Cancelled
Timothy Hernandez,Consultation,2025-02-12 23:25:17.480982,Spencer Thompson,33,Completed
James Long,Check-up,2025-02-12 23:25:35.262169,Traci Miller,34,Cancelled
Mrs. Tiffany Bright,Routine Exam,2025-02-12 23:23:13.577214,Bruce Villarreal,35,Cancelled
Douglas Andrade,Follow-up,2025-02-12 23:25:07.767602,Michael Taylor,36,Completed
Mary Carpenter,Consultation,2025-02-12 23:27:05.494890,Karen Davila,37,Cancelled
Cynthia Shepherd,Emergency,2025-02-12 23:24:10.230841,James Hayes,38,Cancelled
Kari Ortega,Check-up,2025-02-12 23:25:41.342697,Jamie Williams,39,Cancelled
Randy Perez,Check-up,2025-02-12 23:26:31.001681,John Cruz,40,Scheduled
Amber Montes,Routine Exam,2025-02-12 23:22:58.259580,Scott Hudson,41,Completed
Blake Clements,Emergency,2025-02-12 23:24:32.431593,Sophia Turner,42,Cancelled
Donna Ford,Routine Exam,2025-02-12 23:21:34.693079,Jeremiah Green,43,Cancelled
Shelly May,Consultation,2025-02-12 23:23:45.456124,Steven Peterson,44,Scheduled
Julie Parker,Routine Exam,2025-02-12 23:27:01.343930,Rachel Martin,45,Cancelled
Lori Smith,Follow-up,2025-02-12 23:26:31.889691,Corey Thomas,46,Scheduled
Jennifer Gill,Consultation,2025-02-12 23:24:37.089208,Rebecca Morrison MD,47,Cancelled
Patricia Rosales,Consultation,2025-02-12 23:25:45.106547,Amanda Garcia,48,Cancelled
Matthew Peters,Consultation,2025-02-12 23:22:51.559959,Frederick Poole,49,Completed
Adam Salazar,Consultation,2025-02-12 23:24:25.094450,David Flores,50,Completed
Edward Moore,Consultation,2025-02-12 23:23:13.441762,Alicia Miller,51,Completed
Shawn Schultz,Consultation,2025-02-12 23:26:25.781934,Thomas Haynes,52,Cancelled
Stephen Peterson PhD,Check-up,2025-02-12 23:22:26.898812,Amber Wang,53,Completed
Cory Hoffman,Check-up,2025-02-12 23:23:15.900038,Abigail Stanley,54,Cancelled
Mrs. Sarah Hodge,Routine Exam,2025-02-12 23:25:09.663545,Richard Kennedy,55,Cancelled
Jorge Woods,Emergency,2025-02-12 23:24:12.893291,Amanda Smith,56,Cancelled
Jimmy Adams,Follow-up,2025-02-12 23:21:46.438496,Andrew Howe,57,Completed
Amy Williams,Follow-up,2025-02-12 23:22:04.248311,Jenna Friedman,58,Completed
Veronica Miller,Check-up,2025-02-12 23:25:31.943626,Olivia Ramirez,59,Completed
Stephen Lewis,Routine Exam,2025-02-12 23:27:02.279079,Dr. Laura Everett,60,Cancelled
Laura Mitchell,Check-up,2025-02-12 23:22:52.482495,Sharon Scott,61,Completed
Crystal Lewis,Check-up,2025-02-12 23:21:32.004909,Heather Diaz,62,Cancelled
Nancy Middleton,Check-up,2025-02-12 23:25:09.923295,Christopher Brady,63,Cancelled
Jonathan Murray,Emergency,2025-02-12 23:23:26.925953,William Clark,64,Completed
Raymond Meza,Follow-up,2025-02-12 23:22:10.406972,Lisa Banks DDS,65,Cancelled
Clarence Black,Emergency,2025-02-12 23:24:09.711965,Michael Larsen,66,Cancelled
Jennifer Long,Check-up,2025-02-12 23:26:30.994311,Lucas Williams,67,Scheduled
Eric Matthews,Follow-up,2025-02-12 23:21:22.275188,Alicia Garza,68,Completed
Eduardo Mcbride,Follow-up,2025-02-12 23:24:18.525660,Robert Rivas,69,Scheduled
Alan Smith,Follow-up,2025-02-12 23:24:26.729041,Aaron Lopez,70,Cancelled
Shawn Thomas Jr.,Follow-up,2025-02-12 23:21:51.560117,Anthony Thornton,71,Completed
Deborah Kerr,Emergency,2025-02-12 23:25:52.454705,Jasmine Banks,72,Cancelled
Barbara Williams,Check-up,2025-02-12 23:26:54.528157,Leonard Howell,73,Scheduled
Christopher Rogers MD,Emergency,2025-02-12 23:24:02.838289,Elijah Peterson,74,Completed
Sean Boone,Emergency,2025-02-12 23:21:06.450364,Michael Harvey,75,Cancelled
Paul Patrick,Routine Exam,2025-02-12 23:25:43.380782,Nicole Wilson,76,Cancelled
Bryan Lane,Emergency,2025-02-12 23:24:00.324829,Alexandra Hall,77,Completed
Alexis Richardson,Emergency,2025-02-12 23:25:30.513872,James Thompson,78,Scheduled
Craig Andrews,Emergency,2025-02-12 23:25:15.893508,Nicole Fleming,79,Cancelled
Angela Sanders,Emergency,2025-02-12 23:24:40.973140,Daniel Hill,80,Completed
James Hernandez,Check-up,2025-02-12 23:24:47.581586,Donald Curtis,81,Cancelled
Connie Velez,Follow-up,2025-02-12 23:25:57.698578,Hayley Taylor,82,Cancelled
Tanya Powell,Routine Exam,2025-02-12 23:22:24.947985,Ariel Garcia,83,Cancelled
Larry Washington,Consultation,2025-02-12 23:26:41.416420,Jesse Powers,84,Scheduled
Brittney Baker,Consultation,2025-02-12 23:24:06.699102,Kimberly Osborne,85,Cancelled
Daniel Moore DVM,Follow-up,2025-02-12 23:25:39.286808,Kara Meyer,86,Scheduled
Sierra Byrd,Check-up,2025-02-12 23:26:43.475397,Jessica Schmidt MD,87,Completed
Cody Mckee,Emergency,2025-02-12 23:22:19.744895,Jonathan Benson,88,Scheduled
Crystal Gibson,Emergency,2025-02-12 23:24:36.356355,Jared Ward,89,Scheduled
April Russell,Follow-up,2025-02-12 23:25:29.978804,Ronald Flores,90,Scheduled
Yolanda Hughes,Consultation,2025-02-12 23:26:49.062063,Ronald Bentley,91,Cancelled
Linda Michael,Emergency,2025-02-12 23:25:41.664869,Nicole Davis,92,Scheduled
Ronald Parrish,Check-up,2025-02-12 23:25:31.803650,Mr. Ronnie Farrell DVM,93,Cancelled
Renee Brown,Follow-up,2025-02-12 23:25:11.088099,Stephanie Gonzales,94,Scheduled
Donna Scott,Follow-up,2025-02-12 23:23:06.320269,Jason Glover,95,Cancelled
Sean Guzman,Check-up,2025-02-12 23:24:17.630765,Adam Gray,96,Cancelled
Ariana Rodriguez,Consultation,2025-02-12 23:26:18.366378,Amanda Humphrey,97,Completed
Nicholas Young,Consultation,2025-02-12 23:22:36.935458,Toni Wilson,98,Scheduled
Kelly Thomas,Consultation,2025-02-12 23:22:16.240262,Barbara Huff,99,Completed
Donna Ashley,Routine Exam,2025-02-12 23:25:55.584137,Luis Dixon,100,Cancelled
Lisa Mitchell,Emergency,2025-02-12 23:25:55.228110,Ashley Meyers,101,Completed
Linda Gomez,Consultation,2025-02-12 23:22:41.815207,Jeffrey Carpenter,102,Completed
Andres Rodriguez,Consultation,2025-02-12 23:26:07.004277,Keith King,103,Cancelled
Mike Carlson,Routine Exam,2025-02-12 23:26:35.554309,Danielle Tran,104,Scheduled
Sierra Jones,Follow-up,2025-02-12 23:22:00.915545,Victoria Brown,105,Cancelled
Amy Nichols,Routine Exam,2025-02-12 23:24:39.675856,John Freeman,106,Scheduled
Rebecca Levine,Consultation,2025-02-12 23:23:08.817008,Robin Vega,107,Scheduled
Laura Sanchez,Follow-up,2025-02-12 23:23:04.568580,Daniel Alvarado,108,Completed
Lauren Pratt,Routine Exam,2025-02-12 23:22:02.199579,Hailey Morrow,109,Completed
Samuel Mcclure,Emergency,2025-02-12 23:26:00.523489,Sarah Gordon,110,Cancelled
James Smith,Follow-up,2025-02-12 23:23:44.190833,Tonya Nguyen,111,Scheduled
Cheyenne Flores,Routine Exam,2025-02-12 23:21:29.218956,Cynthia Flores,112,Scheduled
Jeffrey Bell,Consultation,2025-02-12 23:23:51.480686,Cheryl Green,113,Scheduled
Kathleen Hammond,Check-up,2025-02-12 23:23:31.199296,Richard Blackwell,114,Scheduled
Christopher Ferguson,Check-up,2025-02-12 23:26:52.821193,Mr. Bradley Brown,115,Cancelled
Russell Allen,Follow-up,2025-02-12 23:24:30.700767,Ashley Martin,116,Cancelled
Charlotte Lambert,Emergency,2025-02-12 23:25:05.027458,Rachel Sims,117,Cancelled
Rose Gonzalez,Follow-up,2025-02-12 23:25:47.495517,Kristie Allen,118,Cancelled
Gregory Lane,Check-up,2025-02-12 23:23:24.306328,Allison Gillespie,119,Cancelled
James Carpenter,Check-up,2025-02-12 23:22:38.624029,Wesley Ballard,120,Scheduled
Jerry Anderson,Emergency,2025-02-12 23:25:00.009843,Clifford Hernandez,121,Scheduled
Benjamin Cortez,Emergency,2025-02-12 23:21:38.467633,Roger Stevens,122,Scheduled
Tammy Ford,Routine Exam,2025-02-12 23:25:01.854165,Vicki Romero,123,Scheduled
Karen Brown,Follow-up,2025-02-12 23:22:49.340498,Monique Roberts,124,Completed
Heather Mcdonald,Routine Exam,2025-02-12 23:25:18.758818,Charles Torres,125,Scheduled
Joshua Lee,Consultation,2025-02-12 23:24:46.729425,Christina Shelton,126,Completed
Stephanie Smith,Consultation,2025-02-12 23:21:09.939721,Emily Scott,127,Scheduled
Sydney Johnson DDS,Check-up,2025-02-12 23:24:44.949668,Thomas Cooper,128,Cancelled
Todd Molina,Routine Exam,2025-02-12 23:21:53.553886,Robin Johnson,129,Cancelled
Timothy Grant,Follow-up,2025-02-12 23:25:10.596704,Jesse Kelly,130,Scheduled
Arthur Paul,Follow-up,2025-02-12 23:21:44.858629,Margaret Grant,131,Cancelled
Jeffery Fritz,Follow-up,2025-02-12 23:22:05.663815,Peter Huber,132,Completed
Jasmine Jimenez,Routine Exam,2025-02-12 23:26:10.268182,Jerry Frazier,133,Scheduled
James Miller,Follow-up,2025-02-12 23:22:38.652604,Crystal Walters,134,Cancelled
Tami Pineda,Follow-up,2025-02-12 23:26:44.046316,Linda Terrell,135,Scheduled
John Reyes,Routine Exam,2025-02-12 23:21:23.057583,Jonathan Wright,136,Scheduled
Michael Day,Consultation,2025-02-12 23:24:07.336188,Nicholas Lucas,137,Completed
Michelle Duke,Emergency,2025-02-12 23:22:01.952720,Rebecca White,138,Scheduled
Kelly George,Consultation,2025-02-12 23:25:47.223505,Meghan Castillo,139,Cancelled
Kenneth Turner,Routine Exam,2025-02-12 23:23:21.765049,Crystal Carpenter,140,Completed
Michael Mcpherson,Follow-up,2025-02-12 23:22:18.514159,Amy Gallagher,141,Scheduled
Devin Lester,Check-up,2025-02-12 23:24:36.512587,Adam Cruz,142,Scheduled
Stephanie Bailey,Follow-up,2025-02-12 23:21:56.566675,Jeremy Hayden,143,Scheduled
Ashley Moore,Follow-up,2025-02-12 23:22:53.848958,John Mckenzie,144,Completed
Jennifer Martin,Check-up,2025-02-12 23:23:32.244837,John Mullins,145,Cancelled
Bridget Levine,Emergency,2025-02-12 23:23:21.561291,Lynn Wagner,146,Scheduled
Robert Moran,Routine Exam,2025-02-12 23:23:25.296369,Julie Thomas,147,Completed
Charles Bryant,Routine Exam,2025-02-12 23:23:55.784725,Daniel Chang,148,Scheduled
Amy Hall,Emergency,2025-02-12 23:22:56.733732,Suzanne Hernandez,149,Completed
Leonard Kent,Routine Exam,2025-02-12 23:21:12.723537,Michael Benjamin,150,Scheduled
