appointment_date,doctor_name,patient_name,reason,status,appointment_id
2025-02-12 23:24:14.061737,Jasmine Daniel,Cynthia Gordon,Consultation,Scheduled,1
2025-02-12 23:19:22.469090,Daniel Ross,William Stafford,Consultation,Cancelled,2
2025-02-12 23:21:11.409083,Taylor Hendricks,Jeffrey Myers,Routine Exam,Cancelled,3
2025-02-12 23:20:06.603853,Patricia Marsh,Jerry Roberts,Emergency,Cancelled,4
2025-02-12 23:22:14.930070,Bonnie Diaz,Amy Case,Consultation,Completed,5
2025-02-12 23:22:48.453588,Margaret Kelly,Anthony Burton,Emergency,Scheduled,6
2025-02-12 23:22:15.760326,Melanie Lawson,Brandon Cross,Consultation,Scheduled,7
2025-02-12 23:20:29.661128,Kristine Hale,Samuel Hunt,Emergency,Scheduled,8
2025-02-12 23:22:53.784685,Mark Clark,Douglas Page,Follow-up,Cancelled,9
2025-02-12 23:24:29.985023,Shannon Mitchell,Tracie Wong,Check-up,Completed,10
2025-02-12 23:22:16.628956,Nicole Cook,Gabrielle Johnson,Routine Exam,Cancelled,11
2025-02-12 23:20:08.460862,Miranda Howard,Cheryl Romero,Follow-up,Cancelled,12
2025-02-12 23:21:35.257377,Kenneth Patterson,John Bailey,Follow-up,Scheduled,13
2025-02-12 23:19:27.528233,Brittany Thompson,Mark Lee,Check-up,Completed,14
2025-02-12 23:21:22.840318,Dr. Michael Werner,Molly Butler,Check-up,Cancelled,15
2025-02-12 23:22:49.993127,Yolanda Campbell,Heidi Flores,Check-up,Completed,16
2025-02-12 23:25:08.113051,Eric Hughes,Sean Lyons,Consultation,Scheduled,17
2025-02-12 23:19:19.027610,Katie Zimmerman,Brian Wright,Follow-up,Completed,18
2025-02-12 23:23:46.735955,Jamie Mcbride,Frank Rodriguez,Consultation,Cancelled,19
2025-02-12 23:21:02.445199,Bryan Adams,Paul Fisher,Follow-up,Scheduled,20
2025-02-12 23:24:11.623421,Susan Higgins,Scott Morgan,Consultation,Completed,21
2025-02-12 23:23:36.883732,Chelsea Flores,Kiara Miller,Emergency,Completed,22
2025-02-12 23:19:36.664955,Dr. Adam Howard,Kyle Peterson,Check-up,Cancelled,23
2025-02-12 23:21:17.920159,Alicia Fisher,Eric King,Consultation,Scheduled,24
2025-02-12 23:19:51.187911,Alexis Lewis,Thomas Ruiz,Check-up,Completed,25
2025-02-12 23:21:45.432322,Heather Ramirez,Sheila Jackson,Check-up,Cancelled,26
2025-02-12 23:24:28.391967,James Harrison,Jeanette Turner,Routine Exam,Scheduled,27
2025-02-12 23:19:27.673425,Cindy Johnson,Christopher Moore,Follow-up,Cancelled,28
2025-02-12 23:22:21.121527,Charles Fischer,Teresa Cox,Follow-up,Cancelled,29
2025-02-12 23:19:58.971780,Karen Berry,Theresa Choi,Consultation,Cancelled,30
2025-02-12 23:21:16.372131,Jacob Rios DDS,Aaron Ramirez,Check-up,Cancelled,31
2025-02-12 23:25:13.711573,Denise Ortiz MD,Valerie Scott,Follow-up,Cancelled,32
2025-02-12 23:22:03.843355,Shirley Wade,Kimberly Spence,Check-up,Completed,33
2025-02-12 23:21:59.299730,Stephen Thompson,Elizabeth Fox,Follow-up,Completed,34
2025-02-12 23:21:49.066633,Eric Bruce,Brittany Horton,Routine Exam,Scheduled,35
2025-02-12 23:20:29.428160,Daniel Mclaughlin,Brian Irwin,Consultation,Completed,36
2025-02-12 23:23:28.434669,Darrell Cobb,Catherine Thomas,Routine Exam,Cancelled,37
2025-02-12 23:22:59.180877,Robert Fisher,Annette Parker,Check-up,Scheduled,38
2025-02-12 23:25:01.192104,Heather Miller,Christina Gonzalez,Check-up,Cancelled,39
2025-02-12 23:20:56.854132,Hector Michael,David Roberts,Emergency,Scheduled,40
2025-02-12 23:21:38.090873,Matthew James,Antonio Frederick,Follow-up,Completed,41
2025-02-12 23:20:11.970740,Justin Little,Maria Fritz,Follow-up,Completed,42
2025-02-12 23:21:23.264978,Jessica Cummings,Autumn Sloan,Emergency,Cancelled,43
2025-02-12 23:22:42.516192,Kevin Garcia,Benjamin Benson,Consultation,Completed,44
2025-02-12 23:22:05.126072,Lindsey White,Connie Cantrell,Consultation,Cancelled,45
2025-02-12 23:22:07.722419,Taylor Christian,Sarah Schultz,Check-up,Completed,46
2025-02-12 23:25:01.619679,Jenna Myers,Michelle Dalton,Follow-up,Cancelled,47
2025-02-12 23:21:50.805288,John Hernandez,Katherine Guzman,Consultation,Cancelled,48
2025-02-12 23:24:25.660182,Larry Cruz,Michelle Powell,Emergency,Cancelled,49
2025-02-12 23:23:54.738946,Suzanne Patel,Anthony Gilbert,Emergency,Cancelled,50
2025-02-12 23:19:18.654408,Stephen Pena,James Sanders,Follow-up,Completed,51
2025-02-12 23:19:54.263651,Eileen Cox,Joel Sparks,Emergency,Scheduled,52
2025-02-12 23:22:47.722064,Rhonda Lambert,Anthony Smith,Emergency,Completed,53
2025-02-12 23:21:15.157206,Jamie Sims,Jennifer Richardson,Follow-up,Scheduled,54
2025-02-12 23:24:49.932685,Charles Cook,Crystal Miller,Emergency,Cancelled,55
2025-02-12 23:19:52.557152,James Crawford,Charles Anderson,Consultation,Completed,56
2025-02-12 23:20:31.016707,Stephanie Brown,Christina Zhang,Routine Exam,Scheduled,57
2025-02-12 23:20:00.080889,Kathleen Miller,Donald Spears,Follow-up,Completed,58
2025-02-12 23:20:40.750852,Ian Holmes,Lori Moore PhD,Follow-up,Completed,59
2025-02-12 23:20:59.710150,Sarah Smith,Mary Rodriguez,Consultation,Completed,60
2025-02-12 23:23:58.383932,Sara Snyder,Elizabeth Espinoza,Check-up,Scheduled,61
2025-02-12 23:24:47.407646,Tonya Robinson,Brian Hodges,Consultation,Completed,62
2025-02-12 23:22:00.000520,Samuel West,Caitlin Chang,Consultation,Completed,63
2025-02-12 23:19:57.702347,John Kelly,Jonathan Smith,Routine Exam,Cancelled,64
2025-02-12 23:23:34.097220,Kenneth Burch,Kyle Jimenez,Check-up,Scheduled,65
2025-02-12 23:20:36.807034,Steven Zimmerman,Victoria Allen MD,Consultation,Scheduled,66
2025-02-12 23:21:46.191233,Anne Smith,Priscilla Waters,Routine Exam,Scheduled,67
2025-02-12 23:21:04.397672,William Michael,Elizabeth Lopez,Follow-up,Cancelled,68
2025-02-12 23:19:38.135905,Anthony Jacobs,Gary Anderson,Follow-up,Scheduled,69
2025-02-12 23:20:12.270437,Maria Woodard,Jennifer Yates,Routine Exam,Scheduled,70
2025-02-12 23:19:44.681576,Jason Bell,Michael Morgan,Routine Exam,Cancelled,71
2025-02-12 23:22:19.420633,Tracy Fletcher,Teresa Miller,Routine Exam,Scheduled,72
2025-02-12 23:20:20.236123,Richard Clark,Karen Torres,Follow-up,Scheduled,73
2025-02-12 23:24:09.947527,Kimberly Harris,Thomas James,Consultation,Completed,74
2025-02-12 23:24:01.040228,Michael Giles,Timothy Velasquez,Routine Exam,Scheduled,75
2025-02-12 23:25:02.474089,Gary Brown,Danny Mercado,Follow-up,Cancelled,76
2025-02-12 23:23:22.536924,Allison Thomas,Joyce Pham,Check-up,Cancelled,77
2025-02-12 23:23:59.782187,Brett Clayton,Kayla Moore,Routine Exam,Cancelled,78
2025-02-12 23:22:45.503389,Nicole Tucker,Haley Sanchez,Follow-up,Completed,79
2025-02-12 23:21:13.967419,Wayne Johnson,Julie Ochoa,Follow-up,Scheduled,80
2025-02-12 23:24:48.951493,William Bates,Kyle Diaz,Consultation,Completed,81
2025-02-12 23:23:29.219911,Ronald Griffin,Kelly Elliott,Emergency,Completed,82
2025-02-12 23:20:36.866512,Sheila Thompson,Joseph Taylor,Consultation,Cancelled,83
2025-02-12 23:22:47.194035,Ryan Carlson,Pamela Douglas,Emergency,Completed,84
2025-02-12 23:23:29.123726,Melissa Lopez,Barry Payne,Check-up,Scheduled,85
2025-02-12 23:21:58.549722,Courtney Brown,Christopher Arnold,Consultation,Cancelled,86
2025-02-12 23:20:54.539452,Philip Aguilar,Steven Nunez,Check-up,Cancelled,87
2025-02-12 23:19:59.872405,Mr. Anthony Hill,Ethan Santana,Follow-up,Completed,88
2025-02-12 23:19:33.327618,David Rojas,Danielle Campbell,Emergency,Scheduled,89
2025-02-12 23:24:12.740880,Andrew Santos,Alexander Melton,Check-up,Scheduled,90
2025-02-12 23:23:31.160399,Justin Morgan,Jessica Johnson,Emergency,Cancelled,91
2025-02-12 23:20:01.708151,Olivia Clark PhD,Linda Young,Check-up,Completed,92
2025-02-12 23:20:18.568504,Cody Baird,Kerry Schneider,Follow-up,Completed,93
2025-02-12 23:25:10.890912,Jonathan Lopez,James Dixon,Routine Exam,Scheduled,94
2025-02-12 23:21:50.196697,Nancy Knox,Adam Brown,Routine Exam,Cancelled,95
2025-02-12 23:22:58.639628,Nichole Garcia,Marcus Allen,Check-up,Scheduled,96
2025-02-12 23:21:32.528012,James Patton,Douglas Morgan,Routine Exam,Completed,97
2025-02-12 23:24:24.478338,Renee Davis,Dave Miller,Emergency,Cancelled,98
2025-02-12 23:21:28.192988,Alan Hess,Courtney Ray,Routine Exam,Scheduled,99
2025-02-12 23:20:19.869253,Shaun Bishop,Anna Poole,Follow-up,Scheduled,100
2025-02-12 23:22:53.934865,John Smith,Lisa Ortiz,Follow-up,Cancelled,101
2025-02-12 23:21:24.518326,Elizabeth Warner,Nicole Carter,Check-up,Scheduled,102
2025-02-12 23:25:11.481817,Cathy Mckinney,Daniel Christensen,Emergency,Completed,103
2025-02-12 23:21:13.186412,Jason Tucker,Andrew Yoder,Routine Exam,Scheduled,104
2025-02-12 23:23:14.205203,Nicole Johnson,Jennifer Brown,Consultation,Cancelled,105
2025-02-12 23:24:12.733549,Jeffrey Harrison,Margaret Banks,Emergency,Scheduled,106
2025-02-12 23:23:36.147950,Sheryl Mitchell,Monique Parker,Follow-up,Scheduled,107
2025-02-12 23:21:03.317738,Sarah Roman,Kelly Castro,Emergency,Scheduled,108
2025-02-12 23:22:01.812057,Robert Garcia,Rachel Hamilton,Routine Exam,Cancelled,109
2025-02-12 23:22:29.536660,Nicholas Williams,Carlos Watkins,Routine Exam,Completed,110
2025-02-12 23:23:01.821441,Amanda Church,Sandra Roy,Consultation,Completed,111
2025-02-12 23:25:03.654877,Ronald Cox,Ryan Fernandez,Check-up,Scheduled,112
2025-02-12 23:24:16.094721,Christopher Meyer,Kelsey Allison,Routine Exam,Cancelled,113
2025-02-12 23:21:32.821295,Glenda Nixon,Kyle Cortez,Follow-up,Cancelled,114
2025-02-12 23:22:13.175579,Craig Harris,Katrina Green,Routine Exam,Cancelled,115
2025-02-12 23:24:58.778014,Meghan Allen,John Goodman,Consultation,Cancelled,116
2025-02-12 23:20:53.590930,Samuel Morgan,Sharon Taylor,Check-up,Completed,117
2025-02-12 23:21:46.837079,Gina Crane,Donald Lucas,Follow-up,Scheduled,118
2025-02-12 23:25:09.354866,Samantha Mitchell,Theresa Murphy,Check-up,Cancelled,119
2025-02-12 23:19:25.274460,Melissa Dawson,Rachel Davis,Emergency,Completed,120
