appointment_id,patient_name,doctor_name,appointment_date,reason,status
1,Teresa Hendricks,Adam Holloway,2025-02-12 23:23:00.320671,Consultation,Scheduled
2,Hayley Ellis,Allen Thomas,2025-02-12 23:25:57.948156,Emergency,Scheduled
3,Eric Gibson,Jason Ruiz,2025-02-12 23:22:49.635969,Emergency,Completed
4,Michelle Smith,Leslie Ortiz,2025-02-12 23:25:20.520293,Routine Exam,Cancelled
5,Todd Morgan,Kyle Smith,2025-02-12 23:25:55.129659,Emergency,Completed
6,Angelica Combs,Yvonne Allen,2025-02-12 23:26:56.916791,Routine Exam,Cancelled
7,Sarah Richardson,Amy Collins,2025-02-12 23:22:01.689781,Consultation,Scheduled
8,George Boyer,Jennifer Scott,2025-02-12 23:22:26.744707,Routine Exam,Scheduled
9,Mr. Nicholas Bolton,Kristen Davis,2025-02-12 23:26:26.769723,Emergency,Cancelled
10,Samuel Richardson,Erin Johnson,2025-02-12 23:23:59.497005,Emergency,Cancelled
11,Tiffany Johnson,Robert Espinoza,2025-02-12 23:22:41.787165,Follow-up,Completed
12,Brittany Nelson,Matthew Martin,2025-02-12 23:26:38.070285,Check-up,Cancelled
13,Jamie Rivera,Jason Matthews,2025-02-12 23:21:55.445808,Emergency,Completed
14,Catherine Bates,Dr. Robin Martin MD,2025-02-12 23:22:32.323896,Consultation,Cancelled
15,Gwendolyn Sullivan DDS,Margaret Rivera,2025-02-12 23:24:02.606309,Check-up,Cancelled
16,Vanessa Clark,Dr. Paul Murphy,2025-02-12 23:25:40.915968,Consultation,Scheduled
17,Brian Willis,Ashley Hernandez,2025-02-12 23:22:49.352006,Emergency,Cancelled
18,Tyler Johnson,Tanner Smith,2025-02-12 23:24:56.487430,Check-up,Cancelled
19,Joseph Taylor,Dr. Renee Hall DVM,2025-02-12 23:25:26.700897,Consultation,Scheduled
20,Kendra Ruiz,Melissa Brown,2025-02-12 23:25:53.184134,Consultation,Cancelled
21,Sarah Harrington,Paige Jones,2025-02-12 23:26:23.560532,Emergency,Completed
22,Teresa Gonzales,Jennifer Henry,2025-02-12 23:26:50.368016,Follow-up,Cancelled
23,Christopher Johnson,Andrew Haynes,2025-02-12 23:26:56.266531,Consultation,Completed
24,Samantha Porter,Stacey Reynolds,2025-02-12 23:21:58.873133,Consultation,Completed
25,Adam Duncan,Kyle Harrison,2025-02-12 23:22:38.292759,Consultation,Scheduled
26,John Torres,Victoria Mitchell,2025-02-12 23:23:28.805790,Check-up,Cancelled
27,Justin Robinson,Shane Livingston,2025-02-12 23:23:30.843536,Check-up,Scheduled
28,Derek Rose,Shane Smith,2025-02-12 23:25:24.202264,Follow-up,Cancelled
29,Jimmy Castillo,Stephanie Gordon,2025-02-12 23:22:31.446359,Routine Exam,Scheduled
30,Mr. David Mendoza,Brett Grant,2025-02-12 23:23:45.934761,Consultation,Completed
31,Kelly Richardson,Lucas Shaw,2025-02-12 23:26:52.615423,Emergency,Scheduled
32,Barbara Smith,Erica Ortega,2025-02-12 23:26:47.668927,Routine Exam,Scheduled
33,Dillon Wright PhD,Kristine Martinez,2025-02-12 23:21:30.892686,Follow-up,Cancelled
34,David Cole,David White,2025-02-12 23:22:34.754231,Routine Exam,Scheduled
35,James Buchanan,Dr. Theresa Brown,2025-02-12 23:26:32.741801,Consultation,Scheduled
36,Jason Jones,Christian Jordan,2025-02-12 23:25:59.162835,Consultation,Cancelled
37,Heather Watson,Phillip Martinez,2025-02-12 23:22:48.885200,Check-up,Cancelled
38,Karen Gonzalez,Debbie Ewing,2025-02-12 23:22:32.432192,Consultation,Cancelled
39,Evelyn Smith PhD,Jeremiah Peters,2025-02-12 23:26:13.400929,Emergency,Scheduled
40,April Sherman,Matthew Fuentes,2025-02-12 23:22:31.375447,Consultation,Scheduled
41,Catherine Stafford,Brian Brooks,2025-02-12 23:25:19.842328,Consultation,Completed
42,Rebecca Nguyen,Kevin Hardin,2025-02-12 23:23:03.534221,Follow-up,Cancelled
43,Sean Powell,Laura Stephens,2025-02-12 23:22:13.977757,Routine Exam,Cancelled
44,Roger Lawrence,Tony Benson,2025-02-12 23:24:03.220856,Emergency,Completed
45,James Mcgrath,James Morris,2025-02-12 23:22:56.581493,Emergency,Scheduled
46,Monica Reyes,Mitchell Richardson,2025-02-12 23:22:11.194335,Routine Exam,Cancelled
47,Madison Boyd,Deborah Lara,2025-02-12 23:25:20.044115,Consultation,Completed
48,Lisa Johnston,Cheyenne Hart,2025-02-12 23:22:48.139848,Consultation,Scheduled
49,Allison Johnson,Jessica Washington,2025-02-12 23:21:57.711237,Consultation,Scheduled
50,Austin Garcia,Brian Gordon,2025-02-12 23:25:24.338779,Follow-up,Cancelled
51,Sara Gutierrez,Alicia Lee,2025-02-12 23:25:21.766861,Routine Exam,Scheduled
52,Beth Barnett,Timothy Heath,2025-02-12 23:24:08.261135,Routine Exam,Scheduled
53,Ashley Benjamin,Oscar Day,2025-02-12 23:22:20.236250,Emergency,Completed
54,Jose Johnson,Joseph Charles,2025-02-12 23:23:00.656475,Follow-up,Completed
55,Kari Nelson,Carolyn Maddox,2025-02-12 23:22:45.679194,Follow-up,Cancelled
56,Joseph Harris,Travis Tran,2025-02-12 23:22:20.176764,Emergency,Scheduled
57,Elizabeth Palmer,Virginia Hill,2025-02-12 23:23:02.710649,Follow-up,Scheduled
58,Alyssa Walker,Anna Mcdonald,2025-02-12 23:26:51.260316,Check-up,Completed
59,Nicholas Mccall,Haley Allen,2025-02-12 23:23:48.298077,Follow-up,Scheduled
60,Ashley Spencer,Joshua Young,2025-02-12 23:26:51.641632,Routine Exam,Scheduled
61,Michael Jackson,Hannah Kerr,2025-02-12 23:25:33.470766,Routine Exam,Scheduled
62,Julia Johnson,Tommy Davis,2025-02-12 23:24:57.565462,Consultation,Scheduled
63,Erica Garrison DVM,David Frye,2025-02-12 23:25:24.751670,Check-up,Cancelled
64,Natalie Craig,Lisa Russo,2025-02-12 23:23:03.227119,Consultation,Scheduled
65,Billy Wells,Judy Scott,2025-02-12 23:25:52.700191,Follow-up,Completed
66,Tiffany Navarro,Cynthia David,2025-02-12 23:22:24.797167,Consultation,Completed
67,Preston Brown,Laura Obrien,2025-02-12 23:24:11.027249,Follow-up,Cancelled
68,Randall Smith,Billy Cook,2025-02-12 23:21:43.743500,Emergency,Cancelled
69,Mr. Fernando Vega,Mrs. Deborah Walton DVM,2025-02-12 23:23:08.153070,Emergency,Cancelled
70,Angela Anderson,Mark Parker,2025-02-12 23:24:43.930022,Emergency,Completed
71,Anthony Manning,Juan Johnson,2025-02-12 23:23:43.489780,Follow-up,Cancelled
72,Ashley Myers,William James,2025-02-12 23:26:48.798327,Consultation,Scheduled
73,Antonio Johnson,Samuel Mcdaniel,2025-02-12 23:21:47.474806,Follow-up,Completed
74,Tonya Rollins,Lindsay Perez,2025-02-12 23:22:11.736461,Routine Exam,Scheduled
75,Kimberly Wilson,Ronnie Peterson,2025-02-12 23:25:31.539084,Check-up,Scheduled
76,Heather Sawyer,Ashlee Martin,2025-02-12 23:26:13.468574,Check-up,Completed
77,Michelle Cervantes,Mark Huynh,2025-02-12 23:22:10.376392,Check-up,Scheduled
78,Christopher Conner,Jeremy White,2025-02-12 23:21:18.561451,Consultation,Cancelled
79,Charles Schroeder,Tara Ochoa,2025-02-12 23:23:21.339242,Routine Exam,Cancelled
80,Scott Barrett,Mark Parker,2025-02-12 23:22:53.539379,Follow-up,Scheduled
81,Ralph Johnson,Jennifer Bradley,2025-02-12 23:24:51.157788,Emergency,Cancelled
82,Ronald Rodriguez,Michael Stark,2025-02-12 23:23:55.178632,Emergency,Scheduled
83,Deanna Potts,Kayla Castro,2025-02-12 23:25:05.273478,Consultation,Cancelled
84,Brooke Clark,David Blake,2025-02-12 23:25:36.759568,Follow-up,Scheduled
85,Christopher Morales,Melissa Herrera,2025-02-12 23:22:25.769291,Check-up,Completed
86,Raymond Flores,Susan Gardner,2025-02-12 23:22:51.051798,Check-up,Scheduled
87,Eric Davis,Jeffrey Clark,2025-02-12 23:26:02.772559,Routine Exam,Cancelled
88,Devin Sellers,Jacqueline Vasquez,2025-02-12 23:22:25.538718,Follow-up,Completed
89,James Jones MD,Donna Morrow,2025-02-12 23:24:28.376198,Follow-up,Scheduled
90,James Brown,Brianna Morales,2025-02-12 23:26:03.141720,Check-up,Completed
91,Sean Ruiz,Erika Davis,2025-02-12 23:25:15.168593,Emergency,Cancelled
92,Benjamin Johnson,Tyler Stevens,2025-02-12 23:27:03.162536,Routine Exam,Scheduled
93,Debbie Chandler,Justin Armstrong,2025-02-12 23:21:49.108929,Follow-up,Completed
94,Margaret Nelson,Brittany Miles DVM,2025-02-12 23:23:53.796181,Consultation,Scheduled
95,Steve Spence,Lori Williams,2025-02-12 23:25:09.420588,Routine Exam,Scheduled
96,Debra Gibson,Melanie Lee,2025-02-12 23:26:23.737538,Follow-up,Completed
97,Rickey Hawkins,Ryan Wright,2025-02-12 23:26:51.031887,Follow-up,Cancelled
98,Erik Cisneros,Melvin Obrien,2025-02-12 23:22:13.725645,Consultation,Completed
99,Krista Johnson,Richard Mitchell,2025-02-12 23:24:22.519638,Check-up,Cancelled
100,Vincent Whitaker,Dustin Shaw,2025-02-12 23:21:26.919819,Emergency,Scheduled
101,Erin Castro,Deborah Hopkins,2025-02-12 23:23:27.072723,Follow-up,Completed
102,Erika Anderson,Brian Pratt,2025-02-12 23:26:40.022691,Routine Exam,Cancelled
103,Beth Lee,Brian Barker,2025-02-12 23:22:03.786220,Routine Exam,Scheduled
104,Janet Smith,Anthony Leonard,2025-02-12 23:24:44.488943,Check-up,Cancelled
105,Anne Odom,Laura Thomas,2025-02-12 23:22:34.994856,Emergency,Completed
106,Leonard Hodges,Teresa Duarte,2025-02-12 23:21:23.485286,Emergency,Scheduled
107,Erin Faulkner DVM,Gregory Murray,2025-02-12 23:22:39.975468,Emergency,Scheduled
108,Cynthia Anderson,Tracy Scott,2025-02-12 23:21:21.070021,Follow-up,Completed
109,William Turner,Meagan Collier,2025-02-12 23:26:10.262541,Consultation,Completed
110,Desiree Proctor,Melissa Chavez,2025-02-12 23:21:48.310011,Emergency,Scheduled
111,Krystal Campbell,George Barnett,2025-02-12 23:25:45.819788,Check-up,Completed
112,Mark Christian,Teresa Bailey,2025-02-12 23:22:47.352214,Routine Exam,Scheduled
113,Angela Mann,Mark Miller,2025-02-12 23:25:25.877836,Consultation,Completed
114,Karina Little,Raymond Mccoy,2025-02-12 23:21:34.247025,Routine Exam,Cancelled
115,Allison Cook,Carrie Mcguire,2025-02-12 23:22:27.545150,Consultation,Completed
116,Felicia Williams,Peter Potts,2025-02-12 23:22:37.275516,Follow-up,Cancelled
117,Alexa Clark,Samantha Green,2025-02-12 23:23:18.492474,Consultation,Cancelled
118,Steven Willis,Joel Pena,2025-02-12 23:25:11.243690,Consultation,Completed
119,Luke Bridges,Jenna Sims,2025-02-12 23:24:33.142807,Check-up,Completed
120,Wesley Mays,Ronald Christensen,2025-02-12 23:26:00.350047,Check-up,Completed
121,Gregory Hartman,Carol Greene,2025-02-12 23:27:08.913418,Consultation,Scheduled
122,Courtney Greene,Jason Villegas,2025-02-12 23:22:30.122877,Emergency,Scheduled
123,Harry Guerrero,Susan Luna,2025-02-12 23:24:38.056749,Consultation,Scheduled
124,Carol Smith,Denise Perez,2025-02-12 23:22:26.038873,Follow-up,Cancelled
125,Barbara James,Kelly Lyons,2025-02-12 23:23:04.240368,Check-up,Scheduled
126,Jeremy Larson,Carlos Vincent,2025-02-12 23:23:25.350552,Routine Exam,Cancelled
127,Samantha Bates,William Newman,2025-02-12 23:24:35.327549,Check-up,Completed
128,Dustin Vasquez,Terry Baker,2025-02-12 23:21:36.205830,Emergency,Scheduled
