appointment_id,patient_name,doctor_name,APPOINTMENT DATE,status
1,Gail Wheeler,Corey Miller,2025-02-12 23:16:45.728216,Scheduled
2,Evelyn Horton,Jennifer Lee,2025-02-12 23:17:21.127641,Scheduled
3,Bradley Webb,Michael Wallace,2025-02-12 23:19:07.397167,Scheduled
4,Taylor Moore,Christina Fischer,2025-02-12 23:16:45.936038,Cancelled
5,Stephen Rodriguez,Mr. Erik Richards,2025-02-12 23:20:48.817748,Completed
6,Michael Wong,Brandon Williams,2025-02-12 23:18:52.790066,Scheduled
7,Bryan Torres,Paul Huynh,2025-02-12 23:19:48.226165,Completed
8,Melinda Gibson,Tammy Lopez,2025-02-12 23:18:13.534077,Cancelled
9,Cory Frank,Andrew Klein,2025-02-12 23:18:19.393036,Scheduled
10,Tammy Hunt,Blake Norris,2025-02-12 23:19:30.241684,Completed
11,Wendy Morris,Megan Underwood,2025-02-12 23:18:39.820766,Completed
12,Shane Webb,Sarah Davis,2025-02-12 23:19:48.383235,Cancelled
13,Diana Moran,Paige Nielsen,2025-02-12 23:18:07.639679,Cancelled
14,Jennifer Taylor,Julie Erickson,2025-02-12 23:20:25.274753,Scheduled
15,Aaron Hopkins,Bill Haynes,2025-02-12 23:17:06.234877,Cancelled
16,Jesse Stafford,Erica Jordan,2025-02-12 23:16:21.810267,Scheduled
17,Stephen Duran,Amanda Guerra,2025-02-12 23:20:19.402755,Completed
18,Timothy Fields,Dr. Megan Johnson,2025-02-12 23:17:02.985777,Scheduled
19,Angela Gordon,Mr. Ryan Cook MD,2025-02-12 23:21:18.854602,Completed
20,John Clark,Michael Huber,2025-02-12 23:19:58.639451,Scheduled
21,Paula Mcdaniel,Anna Ramirez,2025-02-12 23:18:53.373942,Cancelled
22,Jamie Flores,Roberta Fischer,2025-02-12 23:20:43.914363,Completed
23,Anthony Greene,Melissa Jackson,2025-02-12 23:20:43.249795,Cancelled
24,Tyler Walker,Catherine Snyder,2025-02-12 23:16:20.915500,Scheduled
25,Johnny Bentley,Joan Marsh,2025-02-12 23:17:02.830833,Scheduled
26,Kimberly Pham,Preston Hernandez,2025-02-12 23:18:23.229913,Scheduled
27,Chelsea Wallace,Joanna Brown,2025-02-12 23:19:31.281203,Scheduled
28,David Johnson,Andres Wallace,2025-02-12 23:15:55.074039,Completed
29,Krista Frederick,Johnathan Huang,2025-02-12 23:18:35.548481,Scheduled
30,Amber Burch,Erika Melendez,2025-02-12 23:19:19.453225,Cancelled
31,Kara Harris,Rachel Jackson,2025-02-12 23:19:38.238809,Completed
32,Stephen Richardson,Lynn Johnson,2025-02-12 23:18:59.128963,Cancelled
33,Daniel Cox,Jeffrey Vasquez,2025-02-12 23:20:27.205817,Cancelled
34,Tammy Webb,Jennifer Kelly,2025-02-12 23:21:34.938997,Completed
35,Justin Gonzalez,Leonard Brewer,2025-02-12 23:16:26.772308,Completed
36,Maria King,Lisa Dixon,2025-02-12 23:18:45.416076,Scheduled
37,Jill Gibson,Jennifer Lee,2025-02-12 23:19:56.902649,Cancelled
38,Jessica Olsen,Justin Swanson,2025-02-12 23:20:15.887071,Scheduled
39,Jonathan Lane,Annette James,2025-02-12 23:18:23.590565,Completed
40,Bradley Young,Matthew Brown,2025-02-12 23:17:54.983031,Cancelled
41,Ashley Mccullough,Renee Brown,2025-02-12 23:17:36.147403,Completed
42,Jacob Johnson,Justin Cook,2025-02-12 23:17:39.441594,Completed
43,Ana Ingram,Christina Smith,2025-02-12 23:19:33.384598,Cancelled
44,Brian Huffman,Jacob Hamilton,2025-02-12 23:17:37.945158,Completed
45,Todd Martin,Deanna Sullivan,2025-02-12 23:21:33.613472,Scheduled
46,Wendy Lopez,Lisa Wright,2025-02-12 23:19:58.316103,Scheduled
47,Alyssa Nelson,Tina Patel,2025-02-12 23:16:16.330866,Cancelled
48,Casey Morris,Bradley Jackson,2025-02-12 23:16:04.037682,Cancelled
49,Megan Gentry,Jamie Kirk,2025-02-12 23:17:25.667981,Cancelled
50,Lynn Powell,Caleb Gonzalez,2025-02-12 23:17:29.059400,Scheduled
51,Ruben Barnes,Blake Medina,2025-02-12 23:18:57.197341,Completed
52,Phillip Turner,Anthony Ferguson MD,2025-02-12 23:18:38.954120,Completed
53,Kimberly Rivera,Jacqueline Wilson,2025-02-12 23:20:57.967720,Scheduled
54,James Waters,Joshua Mitchell,2025-02-12 23:19:27.728349,Scheduled
55,Tamara Parker,David Shepard,2025-02-12 23:19:36.549810,Completed
56,Cody Wright,Jennifer Leon,2025-02-12 23:20:51.874054,Completed
57,Donald Smith,Jeremy Martin,2025-02-12 23:17:44.457086,Completed
58,Jon Chase,Steven Grant,2025-02-12 23:16:54.523050,Scheduled
59,Melanie Clark,Deborah Hamilton,2025-02-12 23:16:24.327025,Scheduled
60,John Cooley,Daniel Russell,2025-02-12 23:16:12.051983,Scheduled
61,Kathryn Morton,Mark Watkins,2025-02-12 23:20:42.105042,Cancelled
62,Christopher Mills,Rebecca Anderson,2025-02-12 23:16:48.325812,Cancelled
63,Michelle Taylor,Christopher Stone,2025-02-12 23:16:22.744410,Scheduled
64,John Fisher,Corey Perez,2025-02-12 23:18:27.637958,Completed
65,Mr. Charles Miller DDS,Whitney Gray,2025-02-12 23:16:38.369921,Scheduled
66,Amy Johnson,Karen Mills,2025-02-12 23:17:56.476418,Completed
67,Joshua Sanchez,Alejandro James,2025-02-12 23:21:13.590676,Completed
68,Heidi Tran,Amber Collins,2025-02-12 23:18:35.050875,Cancelled
69,Dennis Rodriguez,Ashley Davis,2025-02-12 23:19:44.310580,Completed
70,Alexis Barajas,Vanessa Butler,2025-02-12 23:20:35.072991,Scheduled
71,Manuel Webb,Laura Hernandez,2025-02-12 23:15:54.140254,Scheduled
72,Robert Wood DDS,Brenda Garza,2025-02-12 23:20:47.058874,Cancelled
73,Paige Patterson,Susan Odonnell,2025-02-12 23:16:39.985335,Cancelled
74,Jonathan Parker,Brittany Glenn,2025-02-12 23:16:18.333637,Completed
75,Michael Smith,Kevin Hernandez,2025-02-12 23:16:41.744520,Cancelled
76,Carlos Johnson,Lisa White,2025-02-12 23:20:10.120144,Scheduled
77,John Rodriguez,Sydney Williams,2025-02-12 23:16:10.843856,Scheduled
78,Christopher Ho,Erica Farmer,2025-02-12 23:17:40.735663,Scheduled
79,Cynthia Mitchell,Haley Campbell,2025-02-12 23:21:18.260912,Scheduled
80,Jennifer Day,Garrett Jones,2025-02-12 23:20:55.298660,Completed
81,Benjamin Lewis,Danielle Diaz,2025-02-12 23:19:39.944594,Scheduled
82,Katherine Allen,Jason Ford,2025-02-12 23:19:57.708272,Cancelled
83,Jennifer Herrera,Monique Owens,2025-02-12 23:21:02.603141,Cancelled
84,Michael Schaefer,Patrick West,2025-02-12 23:18:29.137053,Scheduled
85,Derrick Brooks,Caleb Suarez,2025-02-12 23:19:20.808501,Scheduled
86,Erin Bates,Leslie Mccoy,2025-02-12 23:16:37.898852,Scheduled
87,Keith Lester,Pamela Taylor MD,2025-02-12 23:21:16.379253,Completed
88,Douglas Mcdonald,Dawn Ward,2025-02-12 23:17:15.843868,Scheduled
89,Mark Tran,Renee Carter,2025-02-12 23:21:03.901640,Cancelled
90,Tamara Jones,Tammy Jones,2025-02-12 23:18:00.902225,Cancelled
91,Anita Heath,Jerome Singleton,2025-02-12 23:17:32.617879,Cancelled
92,Mark Horn,Dr. Brenda Fletcher,2025-02-12 23:17:14.447037,Completed
93,Marcus Hardin,Jessica Goodwin,2025-02-12 23:16:23.662961,Scheduled
94,Casey Fernandez,Anthony Mahoney,2025-02-12 23:16:26.219521,Completed
95,Brian Graves,Amy Hill,2025-02-12 23:20:42.094080,Scheduled
96,April Gray,Crystal Mitchell,2025-02-12 23:20:56.451596,Scheduled
97,Matthew Rodriguez,Aaron Smith,2025-02-12 23:21:33.872032,Completed
98,Christine Terrell,Alan Green,2025-02-12 23:16:08.569139,Scheduled
99,Larry Ward,Felicia Owens,2025-02-12 23:21:31.606353,Completed
100,Samantha Escobar,Patrick Davis,2025-02-12 23:20:17.806622,Cancelled
101,Darren Wells,Terry Lopez,2025-02-12 23:16:02.834884,Cancelled
102,Tracy Meyer,Brianna Lewis,2025-02-12 23:16:18.037578,Cancelled
103,Gina Jackson,Steven Harrison,2025-02-12 23:19:06.964501,Scheduled
104,Jessica Coleman,Lisa Rodriguez,2025-02-12 23:18:26.770360,Cancelled
105,Mary Noble,Amanda Brown,2025-02-12 23:19:33.227652,Scheduled
106,Terry Padilla,Michelle Fowler,2025-02-12 23:15:48.601090,Completed
107,Michelle Brown,Judy Ball DDS,2025-02-12 23:19:45.611485,Scheduled
108,Nathan Humphrey,Sharon Steele,2025-02-12 23:18:45.208780,Scheduled
109,William Benson,Bianca Oneill,2025-02-12 23:16:50.708907,Scheduled
110,Christopher Phillips,Jason Hernandez,2025-02-12 23:16:37.573889,Scheduled
111,James Smith,Dr. Megan Robinson DDS,2025-02-12 23:18:07.391224,Cancelled
112,Sarah Estrada,Christina Conner,2025-02-12 23:19:11.537904,Completed
113,Keith Marshall,Melissa Brooks,2025-02-12 23:20:31.487848,Completed
114,Colin French,Judy Hensley,2025-02-12 23:16:25.192679,Completed
115,Melissa Greene,Angela Roberts,2025-02-12 23:20:26.239691,Scheduled
116,Terri Acevedo,Cameron Dixon,2025-02-12 23:20:51.859385,Scheduled
117,Cindy Wilson,Lisa Wright,2025-02-12 23:20:29.569848,Completed
118,Tyler Vance,Christine Bell,2025-02-12 23:17:07.978542,Completed
