appointment_id,patient_name,doctor_name,appointment_date,reason,status
1,Amy Mitchell,Thomas Phillips,2025-02-12 23:24:12.309432,Follow-up,Completed
2,Christopher Downs,Amanda Acosta,2025-02-12 23:24:43.035881,Consultation,Scheduled
3,Jessica Villegas,Benjamin Garcia,2025-02-12 23:25:32.774659,Emergency,Cancelled
4,Nicholas Rowe,Jessica Arnold,2025-02-12 23:24:36.020536,Follow-up,Cancelled
5,Stephanie Cruz,Chelsea Vincent,2025-02-12 23:23:18.639616,Check-up,Scheduled
6,Sharon Wang,Emily Perez,2025-02-12 23:21:33.975149,Check-up,Cancelled
7,Richard Tapia,Heather Wise,2025-02-12 23:21:58.892977,Check-up,Scheduled
8,Jennifer Smith,Bonnie Obrien MD,2025-02-12 23:21:26.304467,Consultation,Scheduled
9,Patricia Malone,Mike Green,2025-02-12 23:22:41.623776,Emergency,Completed
10,Gina Griffin,Martin Thomas,2025-02-12 23:24:16.560924,Follow-up,Scheduled
11,Andrew Jackson,Denise Duncan,2025-02-12 23:24:20.779217,Consultation,Scheduled
12,Kimberly Johnson,Janice Herring,2025-02-12 23:24:01.097485,Follow-up,Completed
13,Marcus Soto,Jessica Clark,2025-02-12 23:23:52.840641,Check-up,Completed
14,Steven Wilson,Jeffrey Ortega,2025-02-12 23:24:23.868413,Check-up,Scheduled
15,Matthew Greene,Cheryl Perez,2025-02-12 23:24:35.974124,Follow-up,Cancelled
16,Rachel Peterson,Michael Gutierrez,2025-02-12 23:22:15.872451,Emergency,Cancelled
17,Joseph Williams,Veronica Miller,2025-02-12 23:22:41.689501,Routine Exam,Cancelled
18,Andrew Gutierrez,Autumn Romero,2025-02-12 23:24:00.163092,Routine Exam,Cancelled
19,Alicia Bell,John York,2025-02-12 23:23:13.358976,Check-up,Cancelled
20,Jillian Jackson,Patricia Gonzalez,2025-02-12 23:26:48.818041,Check-up,Scheduled
21,Olivia Ballard,Elizabeth Davis,2025-02-12 23:23:35.672650,Check-up,Cancelled
22,Denise Dougherty,Karen Stafford,2025-02-12 23:26:16.470756,Check-up,Completed
23,Carlos Bowen,Kathryn Walker,2025-02-12 23:24:37.798246,Routine Exam,Completed
24,Sabrina Henry,Randall Cervantes,2025-02-12 23:26:12.489982,Follow-up,Completed
25,Hannah Peterson,Allison Bennett,2025-02-12 23:21:41.575047,Consultation,Scheduled
26,Michele Pittman,Charles Lee,2025-02-12 23:26:40.108705,Emergency,Cancelled
27,Michael Kent,Tammy Nelson,2025-02-12 23:24:31.538235,Consultation,Completed
28,Thomas Harris,Christopher Dawson,2025-02-12 23:24:38.948949,Consultation,Scheduled
29,Steven Torres,Jose Webb,2025-02-12 23:21:42.259320,Check-up,Scheduled
30,Mark Gonzalez,Patricia Richmond,2025-02-12 23:27:06.320460,Routine Exam,Scheduled
31,Kelly Miller,Pamela Mccall,2025-02-12 23:27:06.411119,Follow-up,Scheduled
32,Jennifer Pearson,Michael Fisher,2025-02-12 23:21:25.941134,Consultation,Completed
33,James Reed,Eduardo Harvey,2025-02-12 23:23:16.391252,Routine Exam,Cancelled
34,Carol Smith,Christopher Thompson,2025-02-12 23:26:32.371706,Consultation,Completed
35,Jason Brown,Marcus Aguirre,2025-02-12 23:21:31.879220,Routine Exam,Completed
36,Tammy Monroe,Ashley Dudley,2025-02-12 23:21:11.976503,Check-up,Cancelled
37,Vanessa Gordon,Cassidy Tucker,2025-02-12 23:23:13.618358,Follow-up,Completed
38,David Ballard,Diana Boyer,2025-02-12 23:25:51.191515,Consultation,Cancelled
39,Frank Parker,Brandy Graham,2025-02-12 23:25:26.177772,Follow-up,Scheduled
40,Lisa Patel,Matthew Williams,2025-02-12 23:21:50.153486,Routine Exam,Cancelled
41,Charles Mason,Dan Walsh,2025-02-12 23:21:15.016641,Consultation,Completed
42,Shane Castillo,Lauren Elliott,2025-02-12 23:24:10.813998,Consultation,Cancelled
43,Marie Woods,Natalie Hill,2025-02-12 23:25:21.110893,Check-up,Cancelled
44,Timothy Horton,Nicole Wright,2025-02-12 23:25:25.651858,Follow-up,Scheduled
45,Gabriella Patel,Jonathan Ingram,2025-02-12 23:22:31.156253,Follow-up,Cancelled
46,Andrea Boone,Daniel Ware,2025-02-12 23:24:14.407177,Routine Exam,Cancelled
47,Peter Young,Michael Davis,2025-02-12 23:23:00.325841,Follow-up,Scheduled
48,Robert Schneider DDS,Sonya Flores,2025-02-12 23:26:41.490689,Emergency,Cancelled
49,Kelly Bennett,Danielle Scott,2025-02-12 23:23:20.681736,Emergency,Cancelled
50,Jennifer Tucker,Sarah Mitchell,2025-02-12 23:23:26.063826,Emergency,Scheduled
51,Mr. Joshua James PhD,Johnny Dickerson,2025-02-12 23:25:45.346775,Emergency,Scheduled
52,Carla Reese,Carly Jacobs,2025-02-12 23:25:24.972771,Emergency,Cancelled
53,Jasmine Scott,Janice Oliver,2025-02-12 23:22:03.571935,Emergency,Scheduled
54,Leslie Hernandez,Joseph Nelson,2025-02-12 23:26:59.466266,Emergency,Completed
55,Ryan Young,Emily Young,2025-02-12 23:25:58.409978,Follow-up,Scheduled
56,Derrick Lawrence,Devon Marquez,2025-02-12 23:22:09.866263,Emergency,Scheduled
57,Jill Moore,Joseph Potter Jr.,2025-02-12 23:22:40.536941,Follow-up,Cancelled
58,Daniel Adams,Susan Cox,2025-02-12 23:24:29.110640,Emergency,Completed
59,Priscilla Williams,Matthew Smith,2025-02-12 23:24:41.960540,Check-up,Completed
60,Margaret Hopkins,Michael Horne,2025-02-12 23:25:18.701591,Consultation,Scheduled
61,Leah Bolton,Antonio Garcia,2025-02-12 23:22:33.630588,Check-up,Scheduled
62,Susan Hammond,Allison Davis,2025-02-12 23:21:57.302048,Emergency,Completed
63,Tracey Thomas,Patricia Perez,2025-02-12 23:21:10.586884,Consultation,Scheduled
64,Javier Rhodes,Sara Mcdonald,2025-02-12 23:22:23.241962,Routine Exam,Completed
65,Jillian Brown,Kristin Phillips,2025-02-12 23:24:39.505786,Emergency,Cancelled
66,Paul Sullivan,Jonathan Owens,2025-02-12 23:23:40.520266,Consultation,Scheduled
67,Taylor Wilson,Matthew Nelson,2025-02-12 23:25:53.124484,Emergency,Cancelled
68,Beverly Carrillo,Dawn Andrews,2025-02-12 23:23:55.109859,Emergency,Completed
69,Daniel Suarez,Paul Brown,2025-02-12 23:21:55.818272,Check-up,Cancelled
70,Michael Sweeney,Brandon Hill,2025-02-12 23:25:08.139372,Check-up,Completed
71,Gregory Adkins,Gregory Stanton,2025-02-12 23:23:37.943482,Check-up,Completed
72,Jonathan Rojas,Chase Rodriguez,2025-02-12 23:21:13.226774,Consultation,Cancelled
73,Paula Henderson,Brandon King,2025-02-12 23:24:56.913918,Follow-up,Scheduled
74,Pamela Haynes,Phillip Cole,2025-02-12 23:23:58.561984,Check-up,Completed
75,Amber Wolfe,Herbert Turner,2025-02-12 23:21:48.685921,Follow-up,Completed
76,Jose Acosta,Kelly Rhodes,2025-02-12 23:26:57.846545,Follow-up,Cancelled
77,Stacey Scott,Rachael Rodriguez,2025-02-12 23:22:29.092947,Consultation,Scheduled
78,Brian Parker,Steven Mitchell,2025-02-12 23:27:04.887020,Check-up,Completed
79,Steven Lewis,Michelle Williamson,2025-02-12 23:25:05.683994,Emergency,Cancelled
80,Anna Stewart,Nathan Chung,2025-02-12 23:23:39.378804,Routine Exam,Scheduled
81,Mitchell Fox,Melissa Davis,2025-02-12 23:26:00.373984,Routine Exam,Scheduled
82,Karen Munoz,Jeremy Mckay,2025-02-12 23:25:06.938268,Routine Exam,Cancelled
83,Jennifer Thomas,Wendy Powers,2025-02-12 23:24:18.393372,Emergency,Completed
84,Mark Ware,Tanner Beard,2025-02-12 23:21:54.617516,Consultation,Scheduled
85,William Cordova,Michael Pratt,2025-02-12 23:26:00.729681,Check-up,Cancelled
86,Crystal Schmidt,James Turner,2025-02-12 23:21:36.646760,Follow-up,Completed
87,Meghan Shaw,Luis Hammond,2025-02-12 23:25:27.098115,Check-up,Completed
88,Hannah Scott,Lindsey Jones,2025-02-12 23:22:22.671907,Consultation,Completed
89,Alex Costa,Joshua Griffith,2025-02-12 23:23:24.376128,Consultation,Scheduled
90,Derek Hendricks,Charles Leonard,2025-02-12 23:25:50.379858,Emergency,Cancelled
91,Kathryn Casey,Robert Rogers,2025-02-12 23:23:02.316602,Emergency,Scheduled
92,Samantha Ruiz,Kyle Todd,2025-02-12 23:21:09.004171,Emergency,Cancelled
93,David Thompson,Ashley Allen,2025-02-12 23:24:45.238498,Emergency,Scheduled
94,Michael Reese,Debra Nichols,2025-02-12 23:26:04.730876,Check-up,Completed
95,Cody Mclaughlin,Lisa Kim,2025-02-12 23:23:29.254843,Routine Exam,Scheduled
96,Joy Hurley,Michael Murphy,2025-02-12 23:25:39.492717,Check-up,Scheduled
97,Leonard Adams,Jason Park,2025-02-12 23:25:35.552180,Emergency,Completed
98,Erica Davis,Michael Franklin,2025-02-12 23:26:46.500670,Check-up,Completed
99,Tiffany Wilson,Curtis Sullivan,2025-02-12 23:22:46.804192,Follow-up,Cancelled
100,Marissa Decker,Tammy Jennings MD,2025-02-12 23:23:29.455616,Consultation,Completed
101,Mark Campbell,Joseph Williams,2025-02-12 23:24:43.990377,Consultation,Completed
102,Scott Gomez,Patrick Pham,2025-02-12 23:22:55.597577,Consultation,Cancelled
103,Bryce Rodriguez,Sean Henry,2025-02-12 23:25:31.492126,Consultation,Cancelled
104,Ruth Davis,Amanda Morgan,2025-02-12 23:22:22.781468,Check-up,Cancelled
105,Austin Powell,Lori Boone,2025-02-12 23:25:13.474320,Routine Exam,Completed
106,Jillian Johnson,Kent Gonzalez,2025-02-12 23:21:56.270754,Consultation,Scheduled
107,Rick Morgan,Sarah Potter,2025-02-12 23:22:50.099080,Routine Exam,Scheduled
108,Brenda Gonzalez,John Gordon,2025-02-12 23:26:08.893505,Follow-up,Cancelled
109,Gavin Williamson,Kristin Zhang,2025-02-12 23:26:49.257890,Consultation,Cancelled
110,William Matthews,Brent Mooney,2025-02-12 23:23:32.989463,Follow-up,Scheduled
111,Erik Reynolds,Don Swanson,2025-02-12 23:24:32.310477,Routine Exam,Cancelled
112,Amanda Garrett,Annette Hale,2025-02-12 23:27:05.904632,Check-up,Completed
113,Jennifer Hicks,Sherri Blackwell,2025-02-12 23:24:25.256740,Consultation,Cancelled
114,Joseph Olson,Heather Henderson,2025-02-12 23:24:18.034851,Routine Exam,Scheduled
115,James Lewis,Lisa Allen,2025-02-12 23:21:20.024318,Emergency,Scheduled
116,Andrew Williams,Christina Banks,2025-02-12 23:27:06.130823,Check-up,Completed
117,Kathy Barr,Jonathan Hogan,2025-02-12 23:22:51.411346,Check-up,Cancelled
118,Tamara Harrington,Eric Foley,2025-02-12 23:25:24.283695,Follow-up,Completed
119,Juan Goodman,Donna Rivers,2025-02-12 23:24:09.634005,Emergency,Completed
