appointment_id,patient_name,doctor_name,appointment_date,reason,status
1,James Johnson,Casey Dalton,2025-02-12 23:22:27.895870,Emergency,Completed
2,Jennifer Johnson,Brandy Meyer,2025-02-12 23:25:15.249014,Routine Exam,Cancelled
3,Joseph Ramos,Austin Duffy,2025-02-12 23:22:48.012245,Consultation,Cancelled
4,Virginia Williams,Stephanie Fernandez,2025-02-12 23:24:59.261072,Consultation,Completed
5,Joanne Oconnor,Lee Delgado,2025-02-12 23:24:59.938282,Check-up,Cancelled
6,Jimmy Castro,Mary Matthews,2025-02-12 23:21:00.947631,Check-up,Cancelled
7,Katherine Brown,Albert Howard,2025-02-12 23:23:15.939207,Follow-up,Completed
8,Alfred Bailey,Christopher Fisher,2025-02-12 23:20:40.917316,Routine Exam,Completed
9,Mr. Donald Gonzales,Christopher Mendez,2025-02-12 23:20:13.859894,Routine Exam,Cancelled
10,Stacy Scott,Jacob Graves,2025-02-12 23:19:54.135400,Emergency,Scheduled
11,Kenneth Fritz,Nicole Ruiz,2025-02-12 23:20:14.092592,Check-up,Scheduled
12,Jennifer Hudson,Andrew Wade,2025-02-12 23:20:25.432344,Check-up,Scheduled
13,James Parks,David Khan,2025-02-12 23:23:51.270110,Follow-up,Completed
14,Rebecca Turner,Rachael Ayala,2025-02-12 23:23:36.409836,Consultation,Cancelled
15,Daniel Jackson,Savannah Compton,2025-02-12 23:19:49.749201,Check-up,Completed
16,Jessica Rojas,Steven Lewis,2025-02-12 23:20:34.013719,Consultation,Cancelled
17,Alexander Young,Melissa Delacruz,2025-02-12 23:21:23.501890,Routine Exam,Scheduled
18,Ruth Bennett,Angela Warner,2025-02-12 23:23:55.000141,Routine Exam,Completed
19,Katrina Frank,Kimberly Foley,2025-02-12 23:20:43.570447,Emergency,Scheduled
20,Stephanie Welch,Erik Wells,2025-02-12 23:25:16.150382,Check-up,Scheduled
21,Mrs. Michelle Richardson,Michael Ross,2025-02-12 23:21:05.058482,Routine Exam,Cancelled
22,Alec Moran,John Lester,2025-02-12 23:21:23.332745,Consultation,Completed
23,Billy Miller,Colin Soto,2025-02-12 23:22:17.144530,Emergency,Cancelled
24,Eileen Hernandez,James Mata,2025-02-12 23:20:03.625808,Routine Exam,Completed
25,Jacqueline Taylor,Danny Valentine,2025-02-12 23:22:20.309036,Routine Exam,Cancelled
26,John Brown,Deborah Long,2025-02-12 23:21:18.271419,Consultation,Scheduled
27,Lisa Silva,Aaron Pierce,2025-02-12 23:21:16.817243,Routine Exam,Cancelled
28,Katherine Butler,David Soto,2025-02-12 23:24:28.629525,Follow-up,Cancelled
29,Amber Obrien,Nicole Martinez,2025-02-12 23:20:58.319737,Emergency,Scheduled
30,Annette Logan,Lance Rich,2025-02-12 23:21:26.720377,Follow-up,Completed
31,Paul Acosta,Elizabeth Collins,2025-02-12 23:20:13.229588,Consultation,Scheduled
32,John Francis,Justin Wagner,2025-02-12 23:24:22.310458,Follow-up,Cancelled
33,Jonathan Schmidt,Terry Gutierrez,2025-02-12 23:24:18.481441,Follow-up,Completed
34,Thomas Adams,Lawrence Rowe,2025-02-12 23:25:12.496657,Consultation,Cancelled
35,Kyle Phillips,Matthew Weber,2025-02-12 23:22:57.975285,Consultation,Completed
36,James Stein,Amy Smith,2025-02-12 23:25:05.778673,Check-up,Scheduled
37,Angel Miller,Frank Campos,2025-02-12 23:24:57.038310,Routine Exam,Scheduled
38,Dawn Garcia,David Rollins,2025-02-12 23:23:49.360409,Emergency,Completed
39,Eric Vazquez,Joseph Kim,2025-02-12 23:19:36.237953,Check-up,Cancelled
40,Alexandra Martinez,Alvin Armstrong,2025-02-12 23:19:39.917661,Follow-up,Scheduled
41,Sean Murphy,Riley Peters,2025-02-12 23:21:10.453600,Consultation,Scheduled
42,Terry Abbott,Jared Norris,2025-02-12 23:21:52.671155,Emergency,Cancelled
43,Michael Paul,Diane Abbott MD,2025-02-12 23:24:13.312411,Check-up,Scheduled
44,Heather Hart,Christopher Hart,2025-02-12 23:21:04.213954,Routine Exam,Completed
45,Samantha Blankenship,James Garcia,2025-02-12 23:20:47.178001,Check-up,Cancelled
46,Jill Park,William Jenkins,2025-02-12 23:20:49.848236,Follow-up,Cancelled
47,Heather Mcbride,Alexis Davidson,2025-02-12 23:21:30.435296,Emergency,Cancelled
48,Selena Castillo,Taylor Grant,2025-02-12 23:22:26.528036,Emergency,Completed
49,Donna Andrews,Carmen Brown,2025-02-12 23:24:09.222604,Emergency,Completed
50,Charles Warren,Meghan Rogers,2025-02-12 23:21:25.548695,Consultation,Scheduled
51,Melissa Taylor,Christopher Davis,2025-02-12 23:21:25.622867,Follow-up,Cancelled
52,William Ward,Melanie Wagner,2025-02-12 23:20:56.145752,Check-up,Completed
53,Kristen Braun,Carolyn Smith,2025-02-12 23:21:24.743052,Check-up,Scheduled
54,Andrew Lopez,Ariana Navarro,2025-02-12 23:22:21.790940,Routine Exam,Scheduled
55,Amanda Sanders,Angela Schmidt,2025-02-12 23:20:18.944988,Emergency,Scheduled
56,Bernard Brock,Bonnie Dixon,2025-02-12 23:24:37.065481,Follow-up,Completed
57,Timothy Ramirez,Kim Mclaughlin,2025-02-12 23:21:12.249543,Emergency,Scheduled
58,Anne Dyer,Robin Newman,2025-02-12 23:21:11.181409,Check-up,Completed
59,Cynthia Cooper,Allison Caldwell,2025-02-12 23:23:25.262641,Routine Exam,Completed
60,John Montes,Kyle Fitzgerald,2025-02-12 23:21:43.403245,Follow-up,Cancelled
61,Dustin Griffin,Brett Hill,2025-02-12 23:20:44.796525,Consultation,Scheduled
62,Jessica White,Teresa Brown,2025-02-12 23:21:29.031184,Follow-up,Completed
63,Stefanie Bartlett,Brandon Guzman,2025-02-12 23:22:47.650778,Emergency,Scheduled
64,Seth Garcia,Adam Roberts,2025-02-12 23:25:24.210789,Routine Exam,Cancelled
65,Christine Adams,Joshua Mosley,2025-02-12 23:23:21.702490,Check-up,Scheduled
66,Danielle Lowery,Jessica Moore,2025-02-12 23:22:06.721534,Emergency,Cancelled
67,Timothy Little,Robin Blair,2025-02-12 23:19:44.375795,Consultation,Scheduled
68,Johnathan Clark,Mark Barrett,2025-02-12 23:24:17.261399,Check-up,Scheduled
69,Sarah Watson,Derek Marquez,2025-02-12 23:24:54.950567,Check-up,Scheduled
70,Monique Stewart,Erin Merritt,2025-02-12 23:22:13.963683,Follow-up,Scheduled
71,Mark Jones,Theresa Perez,2025-02-12 23:25:04.379482,Emergency,Completed
72,Matthew Williams,Jonathan Armstrong,2025-02-12 23:21:09.847994,Emergency,Completed
73,Ruben Mcintyre,Kevin Kelly,2025-02-12 23:25:27.304420,Follow-up,Completed
74,Nathan Moore,Chelsea Bailey,2025-02-12 23:21:10.365671,Follow-up,Scheduled
75,Brian Little,Charles Vazquez,2025-02-12 23:24:33.978243,Check-up,Completed
76,Michaela Green,Charles Townsend,2025-02-12 23:22:07.126174,Follow-up,Scheduled
77,Cynthia Hughes,Emily Anderson,2025-02-12 23:23:16.500004,Follow-up,Completed
78,Brent Ray,Carol Anderson,2025-02-12 23:20:30.998184,Consultation,Completed
79,Tina Thompson,Stephanie Williams,2025-02-12 23:21:37.442651,Consultation,Cancelled
80,Andrew Sandoval,Daniel Sanders,2025-02-12 23:24:05.733091,Check-up,Scheduled
81,Richard Butler,Vanessa Camacho,2025-02-12 23:21:43.875129,Routine Exam,Scheduled
82,Jaime Lewis,Maria Moore,2025-02-12 23:23:29.071297,Consultation,Scheduled
83,Andrew Gutierrez,Jack Todd,2025-02-12 23:24:30.735690,Check-up,Scheduled
84,Charles Adams,Kathleen Martinez,2025-02-12 23:20:44.555208,Consultation,Cancelled
85,Richard Perkins,Beverly Smith,2025-02-12 23:25:15.888754,Consultation,Completed
86,Justin Cole,Dr. James Jefferson,2025-02-12 23:21:08.998114,Routine Exam,Completed
87,Jenna Sims,Sean Herman,2025-02-12 23:21:46.345264,Follow-up,Scheduled
88,Dr. Joseph Brown,Thomas Andrade,2025-02-12 23:20:31.540649,Emergency,Scheduled
89,Danielle Montgomery,Lori Carroll,2025-02-12 23:19:38.719923,Check-up,Cancelled
90,Mrs. Gabrielle Lam DDS,Arthur Estrada,2025-02-12 23:21:42.122491,Emergency,Cancelled
91,Jesse Smith,Dale Campbell,2025-02-12 23:19:30.129291,Routine Exam,Completed
92,Kristin Cook,Linda Jones,2025-02-12 23:24:13.101901,Consultation,Cancelled
93,Stephen Blevins,Janet Thompson,2025-02-12 23:19:43.522653,Check-up,Completed
94,Erik Klein,Amy Jones,2025-02-12 23:20:44.591487,Consultation,Scheduled
95,Joy Cardenas,Brittany Patel MD,2025-02-12 23:22:39.043969,Consultation,Scheduled
96,Derrick Nicholson,Bonnie Sanchez,2025-02-12 23:22:18.982573,Routine Exam,Cancelled
97,Tara Rodriguez,Jimmy Acosta,2025-02-12 23:21:56.697165,Follow-up,Scheduled
98,Joseph Brown,Alicia Kelly,2025-02-12 23:23:29.830609,Follow-up,Scheduled
99,Catherine Powers,Kimberly Potts,2025-02-12 23:24:15.148146,Routine Exam,Cancelled
100,Angela May,David Howard,2025-02-12 23:21:10.557081,Check-up,Completed
101,Tammy Jordan,Alison Baker,2025-02-12 23:19:34.977565,Check-up,Scheduled
102,Erin Moody,April Thomas,2025-02-12 23:20:02.173877,Consultation,Scheduled
103,Willie Lawson,Derek Williams,2025-02-12 23:22:22.082608,Consultation,Completed
104,Martha Ward,Johnathan Schroeder,2025-02-12 23:24:52.359375,Consultation,Completed
105,Priscilla Coleman,Christine Guzman,2025-02-12 23:23:25.861978,Consultation,Cancelled
106,Chad Leach,William Norman,2025-02-12 23:23:26.975432,Emergency,Completed
107,Craig Perez,Brian Garcia,2025-02-12 23:24:13.392761,Check-up,Cancelled
108,Paul Greene,Rachel Lewis,2025-02-12 23:20:30.501236,Routine Exam,Completed
109,Daniel Reynolds,Donna Perez,2025-02-12 23:20:19.361626,Emergency,Completed
110,Sue Stewart,Sarah Cardenas,2025-02-12 23:24:40.925594,Follow-up,Scheduled
111,Ricky Rivera,Joshua Smith,2025-02-12 23:24:14.888826,Emergency,Scheduled
112,Barbara Pace,Calvin Dennis,2025-02-12 23:21:30.884091,Routine Exam,Cancelled
113,Brenda Clay,Miguel Williams,2025-02-12 23:19:34.791469,Consultation,Cancelled
114,Timothy Valdez,William Collins,2025-02-12 23:23:06.641941,Emergency,Completed
115,Brian Ramirez,Joel Hughes,2025-02-12 23:21:57.055594,Check-up,Scheduled
116,Emily Smith,Allen Walsh,2025-02-12 23:19:40.470821,Check-up,Completed
117,Jo Johnson,Preston Nelson,2025-02-12 23:22:46.642385,Consultation,Scheduled
118,David Miller,Melissa Davis,2025-02-12 23:22:40.151265,Routine Exam,Cancelled
119,Elizabeth Campbell,Robin Richard,2025-02-12 23:25:28.442116,Routine Exam,Scheduled
120,James Bell,Courtney Figueroa,2025-02-12 23:22:06.766166,Emergency,Cancelled
121,Michael Blackburn,Megan Roberts,2025-02-12 23:19:36.021129,Routine Exam,Completed
122,Tina Smith,Christina Wilkinson,2025-02-12 23:20:55.972684,Consultation,Scheduled
123,Lisa Smith,Timothy Garcia,2025-02-12 23:25:24.765964,Routine Exam,Completed
124,Stephanie Torres,Lisa Howard,2025-02-12 23:24:50.798882,Routine Exam,Cancelled
125,Michael Clark,Gregory Castillo,2025-02-12 23:21:32.621131,Routine Exam,Cancelled
126,Taylor Thomas PhD,Dr. Denise Short,2025-02-12 23:24:44.645072,Check-up,Scheduled
127,Kimberly Blair,Ruth Lawson,2025-02-12 23:21:35.140244,Check-up,Scheduled
128,Grant Walker,Emily Morales,2025-02-12 23:23:14.834005,Consultation,Scheduled
129,Heather Villanueva,Shelia Rice,2025-02-12 23:25:10.907346,Consultation,Scheduled
130,Peter Noble,Holly Bridges,2025-02-12 23:19:35.114598,Check-up,Scheduled
131,Kevin Anderson,Sylvia Williams,2025-02-12 23:22:41.861017,Follow-up,Completed
