appointment_id,patient_name,doctor_name,appointment_date,reason,status
1,Peter Miller,Lori Gilbert,2025-02-12 23:21:00.078555,Emergency,Scheduled
2,Scott Johnson,Mark Jackson,2025-02-12 23:22:51.687268,Emergency,Cancelled
3,Mark Valentine,Robert Scott,2025-02-12 23:22:09.370167,Check-up,Cancelled
4,Bryan Henson,Arthur Richardson,2025-02-12 23:23:51.250777,Consultation,Completed
5,Zachary Giles,David Walters,2025-02-12 23:24:54.789116,Follow-up,Completed
6,Nancy Hester,Michelle Jackson,2025-02-12 23:22:22.259974,Check-up,Scheduled
7,William Smith,Crystal Hernandez,2025-02-12 23:22:23.028667,Emergency,Cancelled
8,Christopher Jones,Allison Jones,2025-02-12 23:19:43.672943,Follow-up,Scheduled
9,Abigail Spencer,Latoya Kim,2025-02-12 23:23:34.008372,Consultation,Completed
10,Mary Smith,Clinton Tucker,2025-02-12 23:22:23.104591,Follow-up,Cancelled
11,Lisa Alvarez,Adrienne Ball,2025-02-12 23:24:27.633490,Routine Exam,Cancelled
12,David Jenkins,Holly Peterson,2025-02-12 23:24:49.863452,Routine Exam,Cancelled
13,Karen Robertson,Patrick Melton,2025-02-12 23:20:01.311686,Check-up,Cancelled
14,Anne White,Pamela Rodriguez,2025-02-12 23:23:53.493457,Routine Exam,Cancelled
15,Lisa Sullivan,Allen Johnson,2025-02-12 23:20:01.918859,Emergency,Cancelled
16,Jerry Reeves,Darrell Robinson,2025-02-12 23:21:53.115764,Follow-up,Completed
17,Lori Hernandez,Caroline Vargas,2025-02-12 23:22:24.833875,Consultation,Scheduled
18,Christopher Wright,Maria Ochoa,2025-02-12 23:19:55.588476,Emergency,Cancelled
19,Kim Jones,Timothy Hernandez,2025-02-12 23:25:21.289727,Check-up,Scheduled
20,Jamie Haas,Courtney Howell DDS,2025-02-12 23:20:33.940675,Check-up,Scheduled
21,John Wilson,Laura Lee,2025-02-12 23:22:12.572673,Emergency,Completed
22,Michele Bennett,Craig Gordon,2025-02-12 23:25:30.964504,Consultation,Cancelled
23,Peter Willis,Elizabeth Beasley,2025-02-12 23:23:07.028115,Routine Exam,Scheduled
24,Kayla Davidson,Christina Hill,2025-02-12 23:24:16.201134,Consultation,Completed
25,Richard Jones,Dr. Margaret Scott DDS,2025-02-12 23:20:12.855404,Emergency,Scheduled
26,Sara Hutchinson,Stacey Coleman,2025-02-12 23:20:41.907832,Follow-up,Completed
27,Ethan Coleman,Daniel Vasquez,2025-02-12 23:24:00.081244,Follow-up,Completed
28,Amy Yang,James Graham,2025-02-12 23:25:30.651549,Follow-up,Scheduled
29,Kimberly Ruiz,Barbara Maddox,2025-02-12 23:23:27.229356,Consultation,Completed
30,Katherine Calhoun,Diana Zavala,2025-02-12 23:24:53.531240,Routine Exam,Cancelled
31,Johnathan Charles,Anthony Cox,2025-02-12 23:22:25.312390,Follow-up,Cancelled
32,Jeffrey Henry,Dustin Walker,2025-02-12 23:20:34.631311,Emergency,Completed
33,James Allen,James Beasley,2025-02-12 23:23:38.262229,Follow-up,Scheduled
34,Lisa Parker,David Ramsey,2025-02-12 23:20:58.823112,Check-up,Completed
35,Anne Jones,Jose Williams,2025-02-12 23:25:11.341238,Routine Exam,Completed
36,David Davis,Marissa Smith,2025-02-12 23:23:31.858050,Consultation,Cancelled
37,Shawn Pham,Brandon Harris,2025-02-12 23:25:12.670713,Check-up,Scheduled
38,Shannon Andersen,Michael Davis,2025-02-12 23:19:54.154719,Routine Exam,Scheduled
39,Laura Dougherty,Kristen Shields,2025-02-12 23:19:48.677656,Routine Exam,Completed
40,Michael Ward,Jennifer Welch,2025-02-12 23:24:53.697628,Follow-up,Completed
41,Thomas Bowers,Terry Griffin,2025-02-12 23:24:53.000208,Emergency,Scheduled
42,Jason Scott,Michael Kaiser,2025-02-12 23:23:35.160840,Emergency,Completed
43,Molly Carpenter,Brittney Ryan,2025-02-12 23:22:36.769260,Follow-up,Completed
44,Anna Mcgrath,Jessica Diaz,2025-02-12 23:24:29.355876,Consultation,Cancelled
45,Yvonne Miller,Adam Yang,2025-02-12 23:21:52.137111,Emergency,Scheduled
46,Megan Rivera,Miranda Boyd,2025-02-12 23:20:50.549428,Consultation,Scheduled
47,Bradley Hernandez,Jordan Brown,2025-02-12 23:19:48.387221,Check-up,Scheduled
48,Nichole Campbell,Melissa Ponce,2025-02-12 23:20:18.484303,Routine Exam,Cancelled
49,Angela Simpson,David Crosby,2025-02-12 23:21:19.258404,Emergency,Completed
50,Bryan Bryant,Carol Morris,2025-02-12 23:24:02.845084,Follow-up,Scheduled
51,Juan Watts,Heather Golden,2025-02-12 23:20:38.508477,Check-up,Cancelled
52,Sheryl Francis,Yvonne Blankenship,2025-02-12 23:21:15.463545,Follow-up,Cancelled
53,Dalton Hunt,Arthur May,2025-02-12 23:25:16.766642,Check-up,Cancelled
54,Alexander Simpson,Nicholas Green,2025-02-12 23:21:22.972017,Emergency,Completed
55,Kimberly Schultz,Mike Williams,2025-02-12 23:25:04.696361,Check-up,Cancelled
56,Dana Smith,Jennifer Stone,2025-02-12 23:22:42.791961,Follow-up,Cancelled
57,John Williams,Rebecca Kaufman,2025-02-12 23:22:28.402737,Consultation,Scheduled
58,Frederick Price,Mark Berry,2025-02-12 23:21:49.411786,Consultation,Scheduled
59,Chad Martin,Shelly Vazquez,2025-02-12 23:20:45.671078,Routine Exam,Completed
60,Summer Lawson,Thomas Ellis,2025-02-12 23:21:30.998884,Routine Exam,Completed
61,Stacey Hawkins,Breanna Miles,2025-02-12 23:20:18.343649,Consultation,Cancelled
62,Kayla Gutierrez,Kelly Hill,2025-02-12 23:20:09.265854,Check-up,Completed
63,Leah Vargas,Matthew Snyder,2025-02-12 23:20:10.073095,Emergency,Completed
64,Kimberly Hart,Rebecca Wolfe,2025-02-12 23:24:17.787589,Check-up,Scheduled
65,Isaac Torres,Randy Brooks,2025-02-12 23:20:55.487092,Follow-up,Scheduled
66,Deborah Villarreal,Katrina Pittman,2025-02-12 23:20:55.166092,Check-up,Cancelled
67,Nicholas Adams,Gerald Ortega,2025-02-12 23:22:55.760052,Follow-up,Scheduled
68,Kyle Morrison,Sandra Gray,2025-02-12 23:25:11.981395,Check-up,Completed
69,Christina Liu,Brett Willis,2025-02-12 23:22:08.135995,Routine Exam,Scheduled
70,Kathleen Chavez,Jacob Jones,2025-02-12 23:25:22.170556,Follow-up,Scheduled
71,Jeremiah Snyder,Timothy Lee,2025-02-12 23:21:55.688924,Follow-up,Scheduled
72,Tamara Johnson,Benjamin Dixon,2025-02-12 23:24:58.832908,Routine Exam,Cancelled
73,Julie Morales,Jason Matthews,2025-02-12 23:20:09.747725,Consultation,Completed
74,Gabriel Moore,Thomas Valdez,2025-02-12 23:20:07.419230,Routine Exam,Completed
75,Nicholas Mccarthy,Jill Lopez,2025-02-12 23:19:41.369005,Consultation,Completed
76,Duane Byrd,Christopher Lopez,2025-02-12 23:20:12.260824,Consultation,Completed
77,Courtney Black,Joseph Evans,2025-02-12 23:20:03.487955,Emergency,Completed
78,Anna Walker,Tina Knight,2025-02-12 23:19:52.018429,Emergency,Scheduled
79,Mark Juarez,Stephanie Jones,2025-02-12 23:24:25.352187,Check-up,Cancelled
80,Jodi Bryant,Alexander Gonzalez,2025-02-12 23:24:17.789930,Consultation,Scheduled
81,Heather Scott,Mrs. Catherine Castro,2025-02-12 23:25:15.924301,Routine Exam,Cancelled
82,Sandra Arroyo,Lindsey Torres,2025-02-12 23:21:26.543534,Consultation,Cancelled
83,Amber Jacobs,Alex Douglas,2025-02-12 23:24:26.812644,Check-up,Scheduled
84,Barbara Dawson,Ruth Rivers,2025-02-12 23:23:12.809573,Follow-up,Cancelled
85,Kimberly Avila,Virginia Smith,2025-02-12 23:22:55.160298,Check-up,Completed
86,Dustin Vega,Rebecca Miller,2025-02-12 23:24:18.575293,Check-up,Completed
87,John Cruz,Lisa Franco,2025-02-12 23:24:57.102932,Emergency,Scheduled
88,Teresa Garcia,Destiny Edwards,2025-02-12 23:19:59.366825,Follow-up,Scheduled
89,Angela Newman,Hannah Rhodes,2025-02-12 23:23:05.080077,Check-up,Cancelled
90,Aaron Johnson,Stephanie Estes,2025-02-12 23:20:03.029446,Follow-up,Cancelled
91,Kimberly Palmer,Robert Anderson,2025-02-12 23:23:36.088203,Routine Exam,Cancelled
92,Kathleen Wheeler,Tyler Mueller,2025-02-12 23:24:58.382571,Check-up,Completed
93,Wendy Gates,Lisa Hayes,2025-02-12 23:24:01.313508,Follow-up,Cancelled
94,Roger Barber,Michael White,2025-02-12 23:25:12.265920,Emergency,Completed
95,Tyler Bell,Claire Frazier,2025-02-12 23:25:07.302672,Emergency,Cancelled
96,Raymond Thomas,Benjamin York,2025-02-12 23:23:51.837241,Follow-up,Cancelled
97,Jennifer Jackson,Regina Dominguez,2025-02-12 23:21:33.132742,Routine Exam,Scheduled
98,Patricia Wolfe,Jacqueline Reese,2025-02-12 23:22:46.657411,Consultation,Completed
99,Peter Gutierrez,Luke Collins,2025-02-12 23:23:30.152165,Check-up,Scheduled
100,Tara Baker,Diane Brady,2025-02-12 23:23:05.219358,Emergency,Cancelled
101,Mark Lewis,Derek Smith,2025-02-12 23:21:59.297224,Routine Exam,Scheduled
102,Elizabeth Martinez,Kathy Wise,2025-02-12 23:24:17.086956,Consultation,Completed
103,Brian Gross,Miss Jenny Bauer,2025-02-12 23:23:17.899141,Routine Exam,Completed
104,Joe Richards,Bobby Rivera,2025-02-12 23:24:01.515181,Emergency,Cancelled
105,James Bautista,Denise Ali,2025-02-12 23:23:10.990753,Consultation,Completed
106,Jennifer Neal,Laura Mitchell,2025-02-12 23:22:44.215163,Follow-up,Scheduled
107,Andre Fisher,Teresa Mclean,2025-02-12 23:20:12.562393,Follow-up,Scheduled
108,Jordan Marshall,Andrea Jones,2025-02-12 23:23:55.084186,Follow-up,Cancelled
109,Christina Hanson,Jacob Garcia,2025-02-12 23:25:04.897785,Follow-up,Cancelled
110,Andrew Williams,Rachel Nicholson,2025-02-12 23:20:19.849567,Check-up,Completed
111,Meghan Moore,Heather Warren,2025-02-12 23:23:39.959447,Consultation,Scheduled
112,Jennifer Riley,Tara Andrade,2025-02-12 23:23:44.510952,Routine Exam,Scheduled
113,Mrs. Jessica Vasquez,Henry Gonzales,2025-02-12 23:20:25.816947,Consultation,Cancelled
114,Tammy Francis,Cynthia Young,2025-02-12 23:23:50.223976,Consultation,Scheduled
115,Tamara Rodriguez,Seth Jordan,2025-02-12 23:21:05.158424,Routine Exam,Cancelled
116,Haley Huff,Nicole Floyd,2025-02-12 23:24:08.609104,Check-up,Scheduled
117,Jeffrey Benson,Karen Ramos,2025-02-12 23:22:21.973302,Emergency,Cancelled
118,Kristen Jones,Kevin Hall,2025-02-12 23:25:03.717512,Emergency,Cancelled
119,Jeffrey Bowers,Kristen Allen,2025-02-12 23:24:56.288244,Consultation,Completed
120,Angela Murphy,Daniel Small,2025-02-12 23:21:08.646652,Follow-up,Completed
121,Mark Dennis,Amber Morris,2025-02-12 23:23:52.454784,Emergency,Completed
122,Melissa Wilkins,Melanie Mcclure,2025-02-12 23:22:25.656863,Routine Exam,Scheduled
123,Frank Hebert,Joseph Rogers,2025-02-12 23:22:09.714280,Follow-up,Scheduled
124,Victoria Pham,April Maynard,2025-02-12 23:22:47.585298,Check-up,Cancelled
125,Catherine Chavez,Bradley Nelson,2025-02-12 23:23:21.943598,Routine Exam,Cancelled
126,Jeff Ruiz,Mark Neal,2025-02-12 23:24:44.503397,Check-up,Completed
127,Ronald Wallace,Colin Arnold,2025-02-12 23:20:07.981133,Check-up,Completed
128,Logan Jordan,Patrick Rodriguez,2025-02-12 23:21:04.019692,Check-up,Scheduled
129,Robert Dalton,Jeffrey Hicks,2025-02-12 23:20:46.017508,Follow-up,Cancelled
130,Susan Ford,Dr. Christina Weaver,2025-02-12 23:24:21.492219,Consultation,Scheduled
131,Victoria Smith,Randy Chaney,2025-02-12 23:19:46.540273,Routine Exam,Cancelled
132,Robert Howard,Jose Carter,2025-02-12 23:22:46.236079,Emergency,Completed
133,Corey Weiss,Tara Cervantes,2025-02-12 23:24:15.553407,Routine Exam,Cancelled
134,Terry Bond,Rachael Palmer,2025-02-12 23:21:44.282024,Routine Exam,Completed
135,Todd Stafford,David Santos,2025-02-12 23:25:18.888911,Check-up,Cancelled
136,Justin Jacobs,Deborah Ritter,2025-02-12 23:21:40.778173,Consultation,Cancelled
137,Bridget Lewis,Rachel Moore,2025-02-12 23:24:18.337514,Consultation,Cancelled
138,Melanie Byrd,Larry Johnston,2025-02-12 23:20:59.985504,Routine Exam,Scheduled
139,Lisa Shea,Dean Warren,2025-02-12 23:20:45.004704,Consultation,Completed
140,Joseph Ramirez,Timothy Ho,2025-02-12 23:25:31.567272,Emergency,Completed
141,Adrian Wall,Christopher Oconnell,2025-02-12 23:23:42.562220,Emergency,Cancelled
142,Anthony Mcdonald,Hailey Moore,2025-02-12 23:22:25.301507,Routine Exam,Completed
143,Carl Garcia,Daniel Smith,2025-02-12 23:20:49.008485,Consultation,Cancelled
144,William Shields,Alicia Jones,2025-02-12 23:23:24.423856,Emergency,Scheduled
145,Shawn Brown,Paul Michael,2025-02-12 23:20:43.496261,Follow-up,Scheduled
146,Michael Thompson,Jimmy Watson,2025-02-12 23:23:02.190573,Follow-up,Scheduled
