patient_id,name,discharge_date,diagnosis,gender,age,insurance_provider,doctor,admission_date,treatment
1,Sophia Obrien,2024-04-09,Arthritis,Female,69,Cigna,Gloria Smith,2024-03-24,Therapy
2,Misty Harper,2023-11-29,Depression,Male,46,Aetna,Brandi Brown,2023-11-12,Surgery
3,Christian Koch,2024-03-23,Diabetes,Male,66,Aetna,Sarah Thompson,2024-03-12,Surgery
4,Craig Carr,2024-02-24,COVID-19,Male,36,Blue Cross,Eric Curtis,2024-02-16,Observation
5,Keith Gomez,2024-08-28,Migraine,Other,81,UnitedHealthcare,April Roberts,2024-08-02,Rehabilitation
6,Erin Oconnor,2024-01-16,Hypertension,Other,18,Blue Cross,Kevin Anderson,2024-01-15,Surgery
7,Logan Brown,2024-12-19,Hypertension,Male,56,UnitedHealthcare,Mark Gibbs,2024-12-05,Surgery
8,Veronica Jacobs,2024-02-13,Diabetes,Other,78,Cigna,Mitchell Hansen,2024-02-05,Surgery
9,Kevin Hill,2024-03-30,Flu,Male,20,UnitedHealthcare,Jon Ellison,2024-03-08,Observation
10,Michele Leblanc,2024-07-06,Allergy,Male,1,Aetna,Dan Lopez,2024-06-07,Surgery
11,Chelsey Marshall,2024-03-25,Arthritis,Female,70,Kaiser Permanente,Tammy Miller,2024-02-28,Medication
12,John Murray,2024-11-18,Asthma,Female,60,Blue Cross,Mrs. Heather Ramirez,2024-10-22,Observation
13,Jodi Jones,2023-09-29,Migraine,Female,85,Blue Cross,Kurt Miller,2023-09-21,Medication
14,Rebecca Blankenship,2024-04-28,COVID-19,Female,56,UnitedHealthcare,Zoe Soto,2024-04-14,Rehabilitation
15,Dana Acosta,2024-11-11,COVID-19,Male,66,Aetna,Debra Richard,2024-10-13,Observation
16,Kathleen White,2024-11-15,Depression,Female,29,UnitedHealthcare,Mark Stanley,2024-10-26,Surgery
17,Thomas Lopez,2024-04-27,Diabetes,Male,63,UnitedHealthcare,Larry Woodard,2024-04-14,Observation
18,Christina Morris,2024-01-01,Allergy,Male,8,Cigna,Thomas Johnson,2023-12-17,Rehabilitation
19,Thomas Ramsey,2023-10-28,Allergy,Female,28,Aetna,Christine Reynolds,2023-09-28,Therapy
20,Martin Ramos,2025-02-03,COVID-19,Other,64,Cigna,Michael Horn,2025-01-25,Rehabilitation
21,Timothy Thomas,2023-04-17,COVID-19,Other,75,Blue Cross,Jeffrey Freeman,2023-04-08,Surgery
22,Frederick Rojas,2024-07-18,Flu,Male,27,UnitedHealthcare,Heather Jones,2024-07-06,Therapy
23,Diana Martinez,2024-08-13,Arthritis,Female,6,UnitedHealthcare,Travis Krueger,2024-08-08,Observation
24,Lisa Cunningham DVM,2024-03-12,Diabetes,Female,50,Kaiser Permanente,Joel Frank,2024-03-10,Medication
25,Katrina Rodgers,2023-08-11,Asthma,Female,26,Cigna,Bruce Dixon,2023-07-26,Medication
26,Michael West,2023-02-16,Diabetes,Male,60,UnitedHealthcare,Casey Fleming,2023-02-12,Rehabilitation
27,Steven Carter,2024-07-31,Flu,Other,84,Cigna,Mrs. Pamela Ferguson MD,2024-07-07,Rehabilitation
28,Dr. Dylan Long,2024-08-06,Migraine,Other,14,Cigna,Debra Clements,2024-07-23,Surgery
29,Joan Estes,2023-07-05,Arthritis,Female,64,UnitedHealthcare,Kenneth Thomas,2023-06-21,Surgery
30,Ashlee Mitchell,2024-06-22,Asthma,Female,8,Blue Cross,Roy Peck,2024-06-15,Medication
31,Donald Garcia,2023-05-19,Flu,Other,36,Kaiser Permanente,Matthew Lang,2023-05-02,Therapy
32,Kim Martin,2023-03-17,Depression,Other,76,UnitedHealthcare,Luis Smith,2023-03-04,Rehabilitation
33,Edward Wood,2024-01-12,COVID-19,Male,24,UnitedHealthcare,Gilbert Gardner,2023-12-19,Surgery
34,Jennifer Haynes,2023-11-09,Arthritis,Female,88,Kaiser Permanente,Jason Hopkins,2023-11-03,Therapy
35,Norman Richards,2023-10-20,Allergy,Male,100,Cigna,Kimberly Brewer MD,2023-10-03,Rehabilitation
36,Matthew Carter,2023-05-30,Migraine,Other,29,Aetna,Juan Fernandez,2023-05-04,Medication
37,Sophia Herman,2023-08-21,Hypertension,Other,25,UnitedHealthcare,John Hogan,2023-07-22,Surgery
38,Debra Brown,2023-09-02,Arthritis,Male,28,Aetna,Lisa Pineda,2023-08-09,Surgery
39,Amber Brown,2024-08-05,Depression,Male,41,Aetna,Cody Miller,2024-08-04,Observation
40,Julie Villarreal,2024-09-11,Arthritis,Male,90,Kaiser Permanente,Christopher Howard,2024-08-16,Observation
41,James Sharp,2025-01-05,COVID-19,Female,92,UnitedHealthcare,Loretta Garner,2024-12-20,Surgery
42,James Barton,2023-09-29,Arthritis,Male,38,UnitedHealthcare,Katherine Brown,2023-09-25,Rehabilitation
43,Christina Smith,2025-03-08,Depression,Other,42,Cigna,Matthew Reeves,2025-02-07,Therapy
44,Elizabeth Graham,2023-07-30,Depression,Male,10,UnitedHealthcare,James Turner,2023-07-03,Observation
45,Brandy Stuart,2024-12-03,Depression,Other,65,UnitedHealthcare,Michael Simmons,2024-11-05,Observation
46,Corey Andrews,2024-03-05,COVID-19,Female,5,Blue Cross,Rebecca Mercer,2024-02-28,Rehabilitation
47,Julie Costa,2023-07-11,Hypertension,Female,35,Aetna,Jeremy Gonzalez,2023-06-14,Rehabilitation
48,Tracey Holmes,2024-12-31,Flu,Male,98,Blue Cross,Robert Meza,2024-12-24,Medication
49,Michael Sanchez,2023-03-13,Hypertension,Female,29,Aetna,Miss Allison Collins MD,2023-03-08,Medication
50,Sarah Sellers,2023-04-01,Arthritis,Female,90,Kaiser Permanente,Mary Vazquez,2023-03-25,Rehabilitation
51,Brenda Sellers,2024-01-20,Hypertension,Male,13,UnitedHealthcare,Melanie Roberts,2024-01-10,Surgery
52,Robert Ingram,2023-12-12,Flu,Male,51,UnitedHealthcare,Ashley Butler,2023-11-15,Therapy
53,Linda Howe,2024-02-25,Depression,Other,98,Cigna,Christopher Green,2024-02-19,Medication
54,Douglas Woods,2023-08-26,Arthritis,Other,21,Aetna,Linda Blanchard,2023-08-07,Medication
55,Oscar Dominguez,2025-01-26,Hypertension,Female,79,Blue Cross,Jeffrey Hartman,2025-01-24,Rehabilitation
56,Daniel Wilson,2024-05-25,Hypertension,Other,61,Cigna,Cameron Hardy,2024-05-22,Observation
57,Jessica Gonzalez,2025-01-31,Allergy,Male,60,Cigna,Michael Johns,2025-01-20,Surgery
58,Laura Cross,2024-06-03,Diabetes,Male,35,Aetna,Dustin Woods,2024-05-13,Surgery
59,Jennifer Tran,2025-02-13,Flu,Male,13,Aetna,Felicia Jones,2025-01-23,Rehabilitation
60,Christopher Fisher,2023-12-18,Flu,Female,15,UnitedHealthcare,Brian Burton,2023-12-12,Surgery
61,Valerie Golden,2024-12-17,Arthritis,Other,97,UnitedHealthcare,Daniel Weber,2024-12-16,Rehabilitation
62,Daniel Bennett,2024-08-26,Asthma,Female,56,UnitedHealthcare,Kari Gentry,2024-07-29,Surgery
63,William Tran,2023-09-01,Diabetes,Other,65,Cigna,Michelle Mejia,2023-08-07,Observation
64,Lindsay Davis,2024-08-07,Hypertension,Male,31,Aetna,Sheri Roy,2024-07-20,Medication
65,Bradley Jackson,2024-06-16,Allergy,Other,15,Aetna,David Davis,2024-06-02,Therapy
66,Richard Munoz,2024-04-08,Arthritis,Female,98,UnitedHealthcare,David King,2024-04-07,Observation
67,Mike Simpson,2023-04-24,Asthma,Female,69,Blue Cross,Brandy Bell DVM,2023-04-22,Medication
68,Ashley Carlson,2023-05-11,Allergy,Other,79,Blue Cross,Jennifer Richards,2023-04-19,Observation
69,Brittany Crawford,2025-02-15,Flu,Other,4,Cigna,Mario Rosales,2025-02-03,Observation
70,Danny Moore,2023-06-23,Arthritis,Male,34,Kaiser Permanente,Stephanie Cannon,2023-06-20,Medication
71,Wendy Jimenez,2024-11-02,Depression,Other,88,Blue Cross,Cameron Harmon,2024-10-08,Medication
72,Emily Mckinney,2024-09-21,Asthma,Female,75,Kaiser Permanente,Terry Porter,2024-09-07,Therapy
73,Megan Farmer,2023-10-15,Hypertension,Female,83,Cigna,Robert Sandoval,2023-10-01,Therapy
74,John Snyder,2024-05-04,Flu,Male,4,Aetna,Kurt Wallace,2024-04-27,Medication
75,Tamara Lewis,2023-07-10,Hypertension,Male,100,UnitedHealthcare,Gina Torres,2023-06-27,Medication
76,Angela Rodriguez,2024-12-15,Migraine,Male,65,Blue Cross,Jessica Ruiz,2024-12-07,Rehabilitation
77,Noah Proctor,2023-08-19,Migraine,Other,60,Blue Cross,Jose Hubbard,2023-08-03,Surgery
78,Larry Jones,2024-11-15,COVID-19,Male,42,UnitedHealthcare,Becky Ford,2024-10-28,Medication
79,Micheal Brooks,2023-09-30,Migraine,Female,95,Blue Cross,Nicholas Arnold,2023-09-25,Surgery
80,Tammy Reyes,2024-02-10,Depression,Male,33,Cigna,Don Johnson,2024-01-24,Observation
81,Sharon Allison,2024-10-22,COVID-19,Other,58,Kaiser Permanente,Teresa Francis,2024-10-18,Medication
82,Patricia Duncan,2023-04-26,Allergy,Male,90,UnitedHealthcare,Alan Hunt,2023-04-16,Observation
83,Dr. Caleb Martinez,2024-05-08,Diabetes,Female,83,Cigna,Timothy Wilson,2024-04-11,Observation
84,John Vargas,2025-01-12,Diabetes,Female,81,Blue Cross,Mary Mitchell,2025-01-11,Medication
85,Richard Bell,2024-12-11,Migraine,Male,97,UnitedHealthcare,Emily Scott,2024-11-20,Medication
86,Lisa Dillon,2024-07-04,Asthma,Other,19,UnitedHealthcare,Shannon Anderson,2024-06-16,Rehabilitation
87,Dr. Shelby Miller,2024-03-30,Migraine,Male,58,Kaiser Permanente,Haley Boyd,2024-03-29,Observation
88,Kenneth Wilson,2024-07-24,Flu,Male,68,Aetna,Sarah Simmons,2024-06-26,Observation
89,Haley Gonzalez,2023-03-15,Hypertension,Other,69,Kaiser Permanente,Stephanie Mcpherson,2023-02-24,Observation
90,Dr. Charles Weiss,2024-01-27,Asthma,Other,52,Blue Cross,Michael Brown,2024-01-15,Rehabilitation
91,Lee Swanson,2024-07-29,Migraine,Female,20,Kaiser Permanente,Jeremy Davies,2024-07-04,Surgery
92,Alan Webb,2023-07-12,COVID-19,Other,35,UnitedHealthcare,Holly Huynh,2023-06-12,Surgery
93,Rodney Welch,2023-09-28,Allergy,Female,88,Blue Cross,Ronald Jackson,2023-09-17,Medication
94,Jane Salazar,2023-06-20,Migraine,Other,71,Blue Cross,Andrew Washington,2023-06-13,Rehabilitation
95,Raymond Schultz,2024-02-12,Depression,Male,85,UnitedHealthcare,Sydney Conner,2024-01-30,Surgery
96,Christopher Hill,2024-01-07,Arthritis,Male,11,Kaiser Permanente,Joshua Humphrey,2023-12-21,Medication
97,Kaitlyn Evans,2024-02-20,Arthritis,Other,50,Aetna,Ashley Kelley,2024-01-21,Rehabilitation
98,Lisa Allen,2024-07-01,Migraine,Male,96,Kaiser Permanente,Jill Fry,2024-06-09,Rehabilitation
99,Alexis Phillips,2023-07-25,COVID-19,Female,83,Aetna,Samuel Wilson,2023-06-25,Rehabilitation
100,Lori James,2023-12-30,Asthma,Male,91,UnitedHealthcare,Tammy Anderson,2023-12-10,Medication
101,Jennifer Smith,2023-04-22,Allergy,Female,81,Kaiser Permanente,Christian Moses,2023-04-15,Observation
102,Jason Martinez,2025-01-03,Asthma,Female,96,Kaiser Permanente,Terrence Murray,2024-12-15,Observation
103,Frederick Pham,2024-09-07,Flu,Other,13,UnitedHealthcare,Alyssa Acosta,2024-08-17,Medication
104,Thomas Miller,2023-06-03,Flu,Female,34,Cigna,Alexandra Johnson,2023-05-18,Medication
105,Christopher Medina,2024-09-03,Flu,Other,20,Aetna,Alex Ferrell,2024-08-12,Therapy
106,Paige Martin,2023-07-23,Asthma,Female,70,UnitedHealthcare,Jennifer Duran,2023-07-22,Rehabilitation
107,Veronica Kaufman,2023-05-08,Hypertension,Other,10,Aetna,Jordan Mercado,2023-04-28,Therapy
108,Kristin Hampton,2024-12-19,COVID-19,Male,82,Cigna,Alexandra Burns,2024-11-28,Surgery
109,Patrick Harding,2023-04-06,Allergy,Female,9,Aetna,Carrie Tran,2023-03-17,Therapy
110,Brandon Lopez,2024-08-27,Arthritis,Male,48,Blue Cross,Christine Garza,2024-08-05,Rehabilitation
111,Chris Lucero,2023-12-07,Migraine,Other,69,Aetna,Melvin Schneider,2023-11-19,Therapy
112,Mikayla Mcfarland,2024-02-06,Flu,Male,59,Cigna,Nicole Benjamin,2024-01-13,Surgery
113,Devin Taylor,2023-12-10,Flu,Male,11,Blue Cross,Kimberly Martinez,2023-12-08,Therapy
114,Matthew Singleton,2023-04-11,Hypertension,Male,58,Aetna,Ashley Johnson,2023-03-30,Therapy
115,Marie Vance,2024-12-24,Allergy,Other,69,Blue Cross,Jennifer Berger,2024-11-26,Observation
116,Courtney Lee,2024-09-25,Allergy,Female,99,Kaiser Permanente,Jeffrey Ray,2024-08-29,Surgery
117,Brooke Washington,2023-07-06,Depression,Male,2,Kaiser Permanente,Michael Donaldson,2023-06-10,Rehabilitation
118,Connie Freeman,2024-09-13,Hypertension,Other,93,UnitedHealthcare,Brittany Phillips,2024-09-05,Rehabilitation
119,Kenneth Perkins,2024-12-22,Allergy,Male,48,UnitedHealthcare,Joseph Thomas,2024-12-14,Surgery
120,Drew Harris,2024-06-05,Migraine,Male,38,Kaiser Permanente,Kristi Chandler,2024-06-04,Surgery
121,Kristin Flores,2024-05-24,Hypertension,Female,71,UnitedHealthcare,Jessica Morris,2024-05-13,Medication
122,Jennifer Henry,2024-08-16,Flu,Female,76,UnitedHealthcare,Patricia Ayers,2024-07-30,Medication
123,Edward Smith,2023-07-17,Migraine,Female,96,Kaiser Permanente,Eric Sanchez,2023-07-09,Rehabilitation
124,Jill Benson,2023-12-19,Diabetes,Other,83,Blue Cross,Michelle Carrillo,2023-11-21,Surgery
125,Dakota Harris,2024-11-11,COVID-19,Other,51,Aetna,Brian Melton,2024-10-21,Observation
126,Timothy Davis,2023-12-28,Flu,Female,84,Blue Cross,Jacob Maldonado,2023-12-07,Therapy
127,Erin Smith,2023-06-28,Arthritis,Other,44,Kaiser Permanente,Charles Vaughan,2023-06-25,Medication
128,Justin Young,2024-08-13,Arthritis,Other,6,Aetna,Becky Mann,2024-07-22,Surgery
129,Melinda Lee,2024-01-18,Asthma,Female,54,Cigna,Cynthia Keller,2023-12-24,Medication
130,Katherine Morgan,2024-03-24,Diabetes,Female,61,Aetna,Thomas Wood,2024-02-29,Observation
131,Kathryn Goodman MD,2023-03-04,Arthritis,Male,84,Cigna,Jason Patel,2023-02-12,Surgery
132,Austin Bishop,2023-10-02,Depression,Male,9,UnitedHealthcare,Daniel Watson,2023-10-01,Therapy
133,Corey Gonzalez,2024-05-31,Allergy,Other,81,Cigna,Ashley Allen,2024-05-11,Medication
134,Lori Benton,2023-06-08,Allergy,Male,35,Cigna,Rachel Taylor,2023-05-28,Rehabilitation
135,Matthew Hughes,2023-11-13,Arthritis,Female,11,Aetna,Timothy Henson,2023-10-21,Observation
136,Brianna Ford,2023-08-31,Migraine,Other,13,Blue Cross,Angela Smith,2023-08-19,Therapy
137,Jeffrey Bryant,2025-01-29,Hypertension,Female,40,Cigna,Leah Wise,2025-01-04,Observation
138,Michael Serrano,2024-04-22,Asthma,Female,29,Blue Cross,William Lawson,2024-04-09,Medication
139,Rebecca Caldwell,2024-09-20,Allergy,Other,31,Cigna,Todd Cabrera,2024-09-13,Medication
140,Christopher Patel,2025-01-30,Hypertension,Female,23,Kaiser Permanente,Donna Riggs,2025-01-09,Rehabilitation
141,Elaine Barber,2023-11-25,COVID-19,Other,43,Blue Cross,Rhonda George,2023-10-26,Observation
142,Alexander Figueroa,2023-12-16,Hypertension,Male,96,Aetna,Kayla Santiago,2023-12-13,Observation
143,Joshua Phillips,2024-10-21,Arthritis,Female,62,Cigna,Candice Hamilton,2024-10-16,Rehabilitation
144,Sarah Robinson,2024-09-22,Flu,Male,71,Aetna,Christina Munoz,2024-09-10,Medication
145,Nathan Wilkinson,2023-09-22,Flu,Other,84,Aetna,Shelley Bauer,2023-09-14,Observation
146,Kimberly Barron,2023-12-27,Diabetes,Other,76,Cigna,Cynthia Myers,2023-12-21,Observation
147,Nicholas Davis,2023-08-27,Arthritis,Male,41,Aetna,Dawn Cowan,2023-08-15,Rehabilitation
148,Clarence Russell,2024-06-01,Flu,Female,9,Aetna,Nichole Macias,2024-05-14,Rehabilitation
149,Brian Ashley DDS,2024-11-04,Migraine,Female,44,Blue Cross,Paula Hall,2024-10-11,Medication
150,James Avila,2024-06-23,Flu,Female,93,Aetna,Thomas Norris,2024-06-12,Therapy
151,Jeffrey Raymond,2025-02-11,Depression,Other,4,Cigna,Michael Richardson,2025-02-02,Surgery
152,Natalie Tucker,2024-12-19,Diabetes,Male,79,Aetna,Stephen Graves,2024-12-04,Therapy
153,Katelyn Phillips,2025-01-24,Depression,Other,69,Aetna,Terry King,2024-12-31,Surgery
154,Caleb Weaver,2024-02-23,Flu,Other,91,Cigna,Cassidy Acosta,2024-02-17,Medication
155,Justin Rios,2023-09-13,Depression,Male,34,Blue Cross,Amanda Cooper,2023-08-27,Rehabilitation
156,Wendy Davis,2023-09-03,Flu,Female,38,Kaiser Permanente,Christopher Anderson,2023-08-10,Surgery
157,David Olsen,2023-05-20,Hypertension,Male,63,Kaiser Permanente,Leslie Bernard,2023-04-22,Therapy
158,Darren Dunn,2024-10-15,Arthritis,Other,59,UnitedHealthcare,Valerie Fernandez,2024-10-14,Medication
159,Larry Thompson,2024-10-17,Migraine,Other,90,Cigna,Theresa Butler,2024-09-22,Medication
160,Kelly Williams,2024-11-03,Diabetes,Other,94,Cigna,Michelle Garrett,2024-10-08,Medication
161,Jeremy Sanchez,2024-08-06,Arthritis,Other,65,Cigna,Theresa Aguirre,2024-07-22,Rehabilitation
162,Matthew Williamson,2024-02-05,Asthma,Female,18,Blue Cross,Kim Maxwell,2024-01-16,Rehabilitation
163,Jean Garcia,2025-02-11,Depression,Male,11,UnitedHealthcare,Deborah Nelson,2025-01-22,Medication
164,Joshua Hunter,2024-08-01,Flu,Male,25,Kaiser Permanente,Hunter Rodriguez,2024-07-17,Rehabilitation
165,Amanda Cook,2023-04-05,Asthma,Female,37,Aetna,Colleen Reyes,2023-03-31,Rehabilitation
166,Kara Peters,2023-09-07,Diabetes,Female,85,Blue Cross,Andrea Grant,2023-08-15,Rehabilitation
167,Jennifer Smith,2024-08-11,Flu,Female,71,Blue Cross,Dr. Amanda Gill MD,2024-08-06,Observation
168,Karen Frazier,2023-03-10,Flu,Male,11,Aetna,Bradley Glass,2023-02-14,Medication
169,Jesse May,2024-12-19,COVID-19,Other,4,Kaiser Permanente,Jennifer Rhodes,2024-12-16,Surgery
170,Courtney Wright,2024-03-04,Diabetes,Other,77,UnitedHealthcare,Blake Thomas,2024-02-04,Medication
171,Anthony Morris,2024-12-28,Allergy,Other,97,Aetna,David Simon,2024-12-22,Surgery
172,Hunter Case,2024-11-05,Diabetes,Female,39,Aetna,Cynthia Garrison,2024-10-11,Medication
173,Matthew Reyes,2024-07-28,Arthritis,Male,38,Kaiser Permanente,Alexandra Hobbs,2024-07-18,Observation
