age,doctor,admission_date,diagnosis,NAME,insurance_provider,patient_id,treatment,gender,discharge_date
95,Cynthia Blanchard,2024-03-11,Asthma,Shannon Gillespie,Aetna,1,Medication,Female,2024-04-01
64,Michael Coleman,2024-01-19,Allergy,Walter Carpenter,Blue Cross,2,Observation,Male,2024-01-31
41,Joel Daniel,2024-06-08,Flu,Mario Hall,UnitedHealthcare,3,Therapy,Female,2024-06-17
9,Sherry Erickson,2023-12-23,Depression,Brett Smith,Aetna,4,Surgery,Male,2024-01-22
94,Jim Taylor,2023-08-04,Migraine,Samantha Johns,Blue Cross,5,Medication,Other,2023-08-05
4,Brittany Watkins,2024-01-21,Allergy,Brandon Sparks,Cigna,6,Therapy,Other,2024-02-07
71,Mary Thompson,2023-08-19,Flu,James Douglas,Blue Cross,7,Medication,Male,2023-08-29
85,Kevin Shaw,2024-09-18,Asthma,Margaret Smith,Blue Cross,8,Observation,Male,2024-10-04
73,Brandy Miller,2023-08-31,Depression,Stephen Roman,Cigna,9,Therapy,Female,2023-09-27
97,Erik Parks,2024-03-21,Depression,Suzanne Rogers,Cigna,10,Surgery,Other,2024-03-27
32,James Medina,2024-07-19,Diabetes,John Rowe,Kaiser Permanente,11,Rehabilitation,Female,2024-08-02
22,Kayla Tyler,2025-01-17,Arthritis,Daniel Thomas,Cigna,12,Observation,Male,2025-02-07
84,Lee Evans,2023-12-16,Allergy,April Edwards,UnitedHealthcare,13,Therapy,Other,2023-12-23
100,Michael Aguilar,2023-04-22,Allergy,Bonnie Harris,Blue Cross,14,Therapy,Male,2023-05-14
93,Angela Moore,2024-11-27,COVID-19,Ms. Anna Hall,Blue Cross,15,Medication,Male,2024-12-07
25,Jennifer Rodriguez,2024-03-10,Arthritis,Devin Thomas,Cigna,16,Medication,Male,2024-04-07
54,Angela Mcintyre,2024-12-11,Diabetes,Philip Diaz,Blue Cross,17,Observation,Female,2025-01-05
94,Monica Mitchell,2024-11-07,Migraine,Dawn Jones,Aetna,18,Observation,Other,2024-11-27
2,Jeffrey Herrera,2023-04-18,Asthma,Douglas Black,Aetna,19,Observation,Female,2023-05-08
53,James Haney,2023-11-14,Depression,Richard Zavala,UnitedHealthcare,20,Observation,Female,2023-11-25
64,Tonya Luna,2025-01-23,Hypertension,John Perkins,Cigna,21,Observation,Female,2025-02-02
93,Scott Walker,2024-10-24,Hypertension,Dustin Chang,UnitedHealthcare,22,Therapy,Male,2024-11-23
92,Ashlee King,2024-11-17,Hypertension,Samuel Martinez,UnitedHealthcare,23,Observation,Male,2024-12-03
96,Jared Solis,2023-04-08,Migraine,Carla Gardner,UnitedHealthcare,24,Rehabilitation,Male,2023-04-25
5,Tim Ayers,2024-07-08,Asthma,Bill Harris,Aetna,25,Rehabilitation,Other,2024-07-18
45,William Adams,2024-10-22,Asthma,Martha Wong,Blue Cross,26,Medication,Female,2024-11-07
22,Dr. Jamie Berry,2023-07-08,Depression,Sara Herman,UnitedHealthcare,27,Therapy,Male,2023-07-25
58,Jorge Hill,2024-03-19,COVID-19,John Barnes,UnitedHealthcare,28,Surgery,Other,2024-04-09
5,Sean Jones,2023-10-21,Allergy,Joel Harris,Blue Cross,29,Medication,Male,2023-11-18
86,Tyler Davis,2024-01-23,Asthma,Edgar Briggs,UnitedHealthcare,30,Medication,Other,2024-02-07
24,Julie Anderson,2025-01-24,Migraine,Tammie Kelley,Blue Cross,31,Rehabilitation,Female,2025-02-10
97,Hayley Craig,2023-07-08,Arthritis,Deborah Brown,Kaiser Permanente,32,Medication,Other,2023-07-11
90,Sergio Ross,2023-12-25,Migraine,Patricia Phillips,Kaiser Permanente,33,Medication,Male,2024-01-16
6,Sean Carrillo,2023-10-16,Flu,Travis Fernandez,Cigna,34,Medication,Other,2023-11-08
42,Lori Fitzgerald,2024-11-06,Diabetes,Mark Jacobs,UnitedHealthcare,35,Medication,Other,2024-11-17
78,Jennifer Barton,2023-06-11,Depression,Eddie Anderson,Aetna,36,Therapy,Male,2023-06-27
95,Timothy Garcia,2024-10-24,Allergy,Eric Davis,UnitedHealthcare,37,Rehabilitation,Female,2024-11-05
25,Michael Williams,2023-11-26,Allergy,Linda Leach,Kaiser Permanente,38,Medication,Male,2023-12-02
98,Emily Diaz,2023-07-26,Migraine,Adam Myers,UnitedHealthcare,39,Therapy,Female,2023-08-02
62,Travis Bauer,2024-08-11,Allergy,Erica Thomas,Blue Cross,40,Surgery,Other,2024-09-02
3,William Harper,2023-07-28,Depression,Patrick Stephenson Jr.,Blue Cross,41,Therapy,Male,2023-08-03
12,Joseph Kim,2023-07-13,Migraine,Christopher Harris,Cigna,42,Rehabilitation,Male,2023-07-15
3,Corey Martin,2023-11-08,Allergy,Stephanie Gomez,Cigna,43,Observation,Other,2023-11-30
95,Rodney Romero,2024-01-11,COVID-19,Emily Young DVM,Blue Cross,44,Rehabilitation,Other,2024-01-20
9,Peter Love,2023-07-25,Depression,Carla Morris,Cigna,45,Surgery,Male,2023-08-09
14,Cody Grant,2024-02-16,COVID-19,Kevin Walker,Aetna,46,Surgery,Male,2024-02-19
20,Kevin Rodriguez,2023-09-01,Depression,Courtney Harris,Blue Cross,47,Observation,Male,2023-09-23
71,James Burgess,2024-08-02,Arthritis,Thomas Flores,Cigna,48,Surgery,Other,2024-08-24
81,Justin Krueger,2024-06-17,Diabetes,Daniel Santana,UnitedHealthcare,49,Therapy,Male,2024-06-26
1,Elizabeth Ward,2024-05-27,Migraine,Richard Rowland,UnitedHealthcare,50,Therapy,Female,2024-06-26
12,Joseph Ortega,2023-03-19,COVID-19,Scott Booker,Blue Cross,51,Observation,Male,2023-04-06
52,Sarah Huff,2024-05-27,Arthritis,Eric Santana,Blue Cross,52,Surgery,Female,2024-05-29
20,Mark Lang,2023-05-03,Asthma,Jessica Gray,Blue Cross,53,Medication,Female,2023-05-06
90,Andrew Rice,2023-06-17,Depression,Daniel Schaefer,Kaiser Permanente,54,Surgery,Other,2023-06-20
100,Jimmy Graves,2023-09-02,Depression,Rick Fischer,UnitedHealthcare,55,Therapy,Other,2023-09-20
44,Sherry Gamble,2025-01-08,Depression,Robert Curry,Kaiser Permanente,56,Observation,Male,2025-01-28
16,Karen Flores,2024-02-24,Arthritis,Cory Ayala,UnitedHealthcare,57,Therapy,Other,2024-03-18
69,James Brown,2023-10-03,COVID-19,David Snyder,Blue Cross,58,Rehabilitation,Male,2023-10-07
23,Kyle Warren,2024-12-18,Hypertension,Lance Rowland,Aetna,59,Observation,Female,2025-01-09
52,Omar Thomas,2024-10-18,Flu,Brittany Andersen,Kaiser Permanente,60,Rehabilitation,Other,2024-10-24
96,Erin Ruiz,2023-12-20,Arthritis,Brandon Torres,Kaiser Permanente,61,Rehabilitation,Female,2024-01-18
47,Jacob Bishop,2024-09-30,Migraine,Tina Blake,Aetna,62,Therapy,Female,2024-10-30
100,Justin Smith,2024-01-01,COVID-19,Yvette Garza,Cigna,63,Therapy,Other,2024-01-19
24,Sean Adams,2024-11-20,Migraine,Morgan Bryant,Cigna,64,Medication,Male,2024-11-22
34,Erik Willis,2024-03-03,Hypertension,Christina Hunt,Cigna,65,Therapy,Male,2024-03-08
43,Katherine Carroll,2023-10-23,Flu,Robert Romero,Kaiser Permanente,66,Therapy,Other,2023-10-30
72,Thomas Monroe,2024-04-28,Asthma,Kaitlyn Stone,Cigna,67,Therapy,Male,2024-05-01
57,Scott Mendez,2023-09-11,Depression,Laurie Everett,Aetna,68,Medication,Other,2023-09-14
30,Matthew Smith,2023-03-09,Asthma,Dawn Gray,UnitedHealthcare,69,Observation,Other,2023-04-01
14,Mark Mayo,2024-10-13,Allergy,Jay Patton,Aetna,70,Medication,Female,2024-10-14
78,Michelle Oneal,2025-01-29,Migraine,Jacob Smith,Cigna,71,Rehabilitation,Female,2025-02-05
54,Sabrina Williams,2023-07-24,Arthritis,Jeffrey Martin,Kaiser Permanente,72,Rehabilitation,Male,2023-08-03
32,Jose Butler,2024-03-02,Arthritis,Amber Valencia,Blue Cross,73,Medication,Female,2024-03-13
51,Matthew Freeman,2024-10-16,Flu,Andre Brown,Kaiser Permanente,74,Observation,Male,2024-10-29
56,Kathy Padilla,2024-07-02,Hypertension,Arthur Casey,Aetna,75,Surgery,Male,2024-07-08
66,Erin Wilson,2024-06-22,Migraine,Julie Martinez,Aetna,76,Surgery,Other,2024-06-29
19,Lori Wolf,2024-04-03,Flu,Katherine Owen,Cigna,77,Surgery,Other,2024-04-11
99,Matthew Yang,2024-01-03,Migraine,Ernest Mitchell,Aetna,78,Surgery,Other,2024-01-14
1,Janet Cline,2025-01-16,Flu,Stacey Carter,Cigna,79,Medication,Female,2025-01-26
34,Janet Boyer,2023-06-09,Hypertension,Phillip Lewis,Kaiser Permanente,80,Surgery,Female,2023-07-07
10,Kristie Becker,2024-05-26,Arthritis,Tyler Wood,Aetna,81,Medication,Other,2024-05-29
65,Sandra Smith DDS,2024-08-22,COVID-19,Joanne Owens,Aetna,82,Observation,Female,2024-09-13
25,Angelica Ryan,2024-10-06,Asthma,Paul Gardner,Kaiser Permanente,83,Surgery,Other,2024-11-05
55,Curtis Doyle,2023-02-14,Hypertension,Betty Smith,UnitedHealthcare,84,Medication,Other,2023-03-13
43,Cory Curtis,2024-05-11,COVID-19,Kathryn Lewis,UnitedHealthcare,85,Surgery,Female,2024-05-25
31,Sharon Ferrell,2024-06-10,COVID-19,Kelly Brown,Aetna,86,Therapy,Female,2024-07-01
60,Heather Adams,2024-06-15,Allergy,Anthony Mullins,Kaiser Permanente,87,Observation,Female,2024-06-23
57,Terri Cohen,2024-08-30,Depression,Jason Avila,Blue Cross,88,Rehabilitation,Other,2024-09-13
64,Daniel Thornton,2024-05-22,Arthritis,Aaron Grimes,Aetna,89,Rehabilitation,Female,2024-06-20
100,Stacey Osborne,2024-04-16,Allergy,Philip Lam,Kaiser Permanente,90,Therapy,Male,2024-04-29
47,Crystal Pace,2025-01-29,Flu,Brian Snyder,Cigna,91,Surgery,Male,2025-02-18
95,Mark Guzman,2024-12-28,Diabetes,Miguel Medina,UnitedHealthcare,92,Medication,Male,2025-01-08
4,Eric Jones,2024-11-25,Asthma,Molly Rasmussen,Kaiser Permanente,93,Rehabilitation,Female,2024-12-20
82,Joseph Nelson,2023-04-17,Allergy,Rebecca Barber,Cigna,94,Rehabilitation,Other,2023-04-25
47,Scott Ali,2025-02-05,Arthritis,Samantha Smith,UnitedHealthcare,95,Surgery,Female,2025-02-09
29,Rachel Smith,2023-03-29,Depression,Denise Wilson,Blue Cross,96,Rehabilitation,Other,2023-04-02
75,Jennifer Thompson,2023-03-25,COVID-19,Christopher Howard,Cigna,97,Surgery,Female,2023-04-22
87,Teresa Smith,2023-03-10,Diabetes,Holly Hernandez,Cigna,98,Surgery,Male,2023-03-20
32,Thomas Miller,2024-10-27,Allergy,Tammie Carr,Kaiser Permanente,99,Rehabilitation,Female,2024-11-06
41,Maria Wright,2024-03-04,Depression,Rachel Martin,UnitedHealthcare,100,Rehabilitation,Male,2024-03-28
39,Joshua Collins,2023-04-25,Asthma,David Hale,UnitedHealthcare,101,Observation,Female,2023-05-21
26,Joseph Johnson,2024-04-16,COVID-19,David Summers,Kaiser Permanente,102,Surgery,Other,2024-04-19
84,Autumn Edwards,2023-03-23,Migraine,Robert Mcconnell,UnitedHealthcare,103,Rehabilitation,Female,2023-04-22
22,Joseph Esparza,2024-03-22,Diabetes,Alec Sandoval,Kaiser Permanente,104,Rehabilitation,Male,2024-04-12
3,Scott Bowman,2024-02-22,Arthritis,Kenneth Nguyen,UnitedHealthcare,105,Medication,Other,2024-02-28
20,Jason Cruz,2024-01-28,Asthma,Tristan Patton,Cigna,106,Rehabilitation,Other,2024-02-26
82,Kendra Henderson,2024-05-22,Asthma,Leonard Acosta,Aetna,107,Therapy,Male,2024-06-17
16,Mr. Christopher Simmons PhD,2024-01-12,Flu,Bianca Johnson,Cigna,108,Observation,Female,2024-02-06
67,Bryan Walker,2023-09-25,Migraine,Christine Rojas,Kaiser Permanente,109,Therapy,Male,2023-10-23
63,Rebecca Johnson,2024-02-01,Allergy,Jessica Thomas,Blue Cross,110,Rehabilitation,Male,2024-02-20
52,Kenneth Taylor,2024-06-18,Flu,Heather Johnson,Blue Cross,111,Surgery,Male,2024-07-18
31,David Juarez,2023-04-18,Allergy,Mike Rodriguez,Kaiser Permanente,112,Surgery,Male,2023-05-03
66,Kathy Delacruz,2024-05-23,Allergy,Jasmine Lewis,UnitedHealthcare,113,Surgery,Other,2024-05-24
81,Taylor Hudson,2024-11-01,Migraine,Eugene Brown,Kaiser Permanente,114,Observation,Other,2024-11-18
52,Mark Parker,2023-06-17,Arthritis,Charles Orozco,Aetna,115,Surgery,Male,2023-06-23
1,Robert Lucas,2023-04-03,COVID-19,Patricia Anderson,UnitedHealthcare,116,Observation,Other,2023-04-11
95,Sarah Garrett,2023-02-13,Asthma,Michael Raymond,Kaiser Permanente,117,Therapy,Other,2023-02-21
15,Holly Cooke,2024-07-30,Flu,Troy Nelson,UnitedHealthcare,118,Therapy,Male,2024-08-06
73,Micheal Frost,2023-05-18,Flu,Jacqueline Vasquez,Aetna,119,Rehabilitation,Female,2023-05-25
100,Larry Keith,2024-02-02,Diabetes,Billy Black,Blue Cross,120,Therapy,Female,2024-02-25
81,James Lynch,2024-04-09,COVID-19,Colin Pacheco,Blue Cross,121,Medication,Female,2024-05-04
75,Mark Rodriguez,2023-05-10,Depression,Nicholas Drake,Kaiser Permanente,122,Medication,Male,2023-05-19
34,Sherri Lee,2024-05-17,Diabetes,Christopher Allison,Blue Cross,123,Observation,Other,2024-06-16
60,Victoria Nichols,2023-05-09,Migraine,Glenn Williams,UnitedHealthcare,124,Therapy,Female,2023-05-23
21,Shane Luna,2023-08-11,Arthritis,Chad Heath,Kaiser Permanente,125,Medication,Female,2023-09-08
44,Raymond Davis,2023-10-22,Hypertension,Helen Rush,Aetna,126,Surgery,Female,2023-11-10
82,Joshua Bailey,2023-04-15,Diabetes,Andrew Castillo,Kaiser Permanente,127,Surgery,Other,2023-04-23
14,James Bailey,2023-10-20,Migraine,Annette Drake,Kaiser Permanente,128,Surgery,Other,2023-11-04
62,Barbara Ford,2024-09-30,COVID-19,Christopher Hartman,Cigna,129,Therapy,Other,2024-10-14
79,Lauren Wilkerson,2023-12-09,Hypertension,Brian Walker,Aetna,130,Surgery,Female,2024-01-04
35,James Mcdaniel,2023-02-13,Depression,Roberta Lawrence,Kaiser Permanente,131,Therapy,Female,2023-03-07
81,Timothy Hall,2023-05-15,Hypertension,Susan Baker,Cigna,132,Observation,Female,2023-06-02
78,Jacob Smith,2024-11-23,Depression,Donna Hall,Blue Cross,133,Therapy,Male,2024-11-29
54,Craig Hoffman,2024-07-24,Allergy,Kimberly Roman,Kaiser Permanente,134,Medication,Male,2024-08-17
52,Susan Jackson,2024-09-10,Depression,Angela Walker,Cigna,135,Therapy,Other,2024-09-11
84,David Garcia,2023-07-03,Flu,Jessica Horton,Kaiser Permanente,136,Observation,Other,2023-07-26
8,Andrew Carney,2023-07-07,Hypertension,Melissa Williams,Kaiser Permanente,137,Surgery,Other,2023-07-20
98,Carmen Miller,2023-12-09,Flu,Sarah Robbins,Aetna,138,Surgery,Other,2023-12-10
16,Shari Pope,2023-04-07,Allergy,Toni Thompson,UnitedHealthcare,139,Observation,Female,2023-04-26
54,Brittany Davis,2024-09-27,Asthma,Nicholas Silva,Cigna,140,Therapy,Female,2024-10-22
11,Ronald Williams,2025-01-20,Hypertension,Scott Morris,Kaiser Permanente,141,Surgery,Other,2025-01-30
66,Samantha Sullivan,2024-05-09,Diabetes,Carol Branch,Kaiser Permanente,142,Observation,Male,2024-06-06
2,Kelly Carpenter,2023-05-14,Migraine,Emily Lewis,UnitedHealthcare,143,Therapy,Female,2023-06-05
83,Samantha Blackburn,2023-07-27,COVID-19,Christine Cole,Aetna,144,Observation,Female,2023-08-11
56,Antonio Owens,2024-04-14,COVID-19,Trevor Johnson,Cigna,145,Observation,Female,2024-05-09
90,Kathleen Mendez,2025-01-17,Arthritis,Angel Rodriguez,Aetna,146,Medication,Other,2025-02-10
14,Leslie Aguilar,2024-01-03,Arthritis,William Harris,UnitedHealthcare,147,Therapy,Other,2024-01-28
56,Chelsea Conway,2023-11-23,Flu,Christy Trujillo,UnitedHealthcare,148,Medication,Female,2023-12-23
99,John Ramos,2023-11-27,COVID-19,Anne Miller,Cigna,149,Observation,Other,2023-12-24
29,Kathleen Luna,2023-03-19,Flu,Stephen Johnson,Cigna,150,Observation,Male,2023-04-02
82,Melissa Reynolds,2023-05-20,Diabetes,Lindsay Carr,Cigna,151,Rehabilitation,Female,2023-05-26
25,Ryan Smith,2024-07-25,Flu,Mercedes Sullivan,Aetna,152,Rehabilitation,Other,2024-08-04
9,Mr. Benjamin Gardner,2024-07-27,Hypertension,Matthew Willis,Kaiser Permanente,153,Surgery,Other,2024-08-09
83,Howard Miller,2023-07-06,Depression,Jamie Brown,Cigna,154,Observation,Other,2023-07-19
15,Katrina Boone,2024-12-15,Diabetes,Keith Robinson,UnitedHealthcare,155,Medication,Female,2025-01-12
76,Ms. Lisa Boyd,2023-12-08,Flu,Eddie Garrett,Aetna,156,Therapy,Other,2023-12-18
84,Christopher Wright,2024-12-26,Depression,Susan Frey,Cigna,157,Therapy,Other,2025-01-15
28,Christopher Moses,2023-07-12,Arthritis,Natasha Stokes,Blue Cross,158,Observation,Male,2023-08-05
93,Jesse Barajas,2024-08-04,Migraine,Allison Griffith,Kaiser Permanente,159,Observation,Female,2024-08-25
25,Karen Stevenson,2024-04-13,Hypertension,Erica Lawrence,Cigna,160,Rehabilitation,Other,2024-04-19
51,Jeremy Young,2024-08-30,Allergy,Sarah Hill,Blue Cross,161,Surgery,Female,2024-09-18
64,Jillian Lee,2023-03-29,Hypertension,Kristi Quinn,Blue Cross,162,Medication,Male,2023-04-23
65,Diane Price,2023-02-13,Allergy,Karl Ramirez,UnitedHealthcare,163,Rehabilitation,Other,2023-03-15
22,Gabrielle Gutierrez,2023-09-13,Arthritis,Richard Hill,UnitedHealthcare,164,Surgery,Female,2023-10-08
21,Pamela Warren,2023-08-06,Hypertension,Dennis Barnes,Aetna,165,Observation,Other,2023-08-14
46,Brittany Fitzgerald,2024-06-08,Arthritis,Thomas Li,UnitedHealthcare,166,Observation,Male,2024-06-20
86,Kimberly Cruz,2024-04-30,Depression,Anthony Mcdonald,Cigna,167,Medication,Male,2024-05-11
54,Benjamin Taylor,2023-03-03,Depression,Kimberly Garrett,Blue Cross,168,Surgery,Male,2023-03-14
75,Seth Alvarez,2024-01-30,Allergy,Joseph Lee,Kaiser Permanente,169,Medication,Female,2024-02-21
25,Michael David,2024-08-30,Hypertension,Justin Perez,Cigna,170,Medication,Male,2024-09-01
75,Hannah Ramirez,2024-04-17,Asthma,Mark Hoover,Cigna,171,Medication,Other,2024-05-02
92,Andrew Barron,2024-06-14,COVID-19,Christopher Bates,UnitedHealthcare,172,Rehabilitation,Male,2024-06-19
60,Amber Harper,2024-03-21,Arthritis,Stephanie Acevedo,Blue Cross,173,Rehabilitation,Female,2024-04-06
45,Darrell Roman,2023-09-12,Diabetes,Luis Mooney,Blue Cross,174,Therapy,Female,2023-09-28
44,Phillip Perez,2024-06-06,Asthma,Cheryl Smith,Cigna,175,Observation,Other,2024-06-29
56,Thomas Lee,2023-08-20,Arthritis,Michael Casey,Cigna,176,Observation,Male,2023-08-31
84,Kari Knight,2024-03-11,Flu,Sean Gentry,Blue Cross,177,Therapy,Other,2024-03-22
9,Tiffany Lara,2024-04-20,Depression,Diana Anderson,UnitedHealthcare,178,Surgery,Other,2024-05-17
2,Jimmy Robinson,2023-11-03,Hypertension,Eric Dixon,Aetna,179,Therapy,Other,2023-11-17
25,Jessica Mclean,2023-05-30,Flu,Kimberly Finley,Cigna,180,Observation,Female,2023-06-08
18,Dawn Humphrey,2023-02-26,Diabetes,Karen Dunn,Kaiser Permanente,181,Medication,Female,2023-03-19
76,Heather Peterson,2023-07-21,Asthma,Spencer Young,Cigna,182,Therapy,Female,2023-07-28
82,Samuel Frederick,2025-01-19,Hypertension,Tina Conrad,Blue Cross,183,Observation,Male,2025-01-24
54,Kelly Ramsey,2023-03-14,Allergy,Jeffery Heath,Aetna,184,Observation,Female,2023-03-16
44,Anthony Kelly,2024-09-18,Diabetes,Linda Gray,Aetna,185,Surgery,Other,2024-10-09
61,Mitchell Manning,2024-09-02,Flu,Charles Pierce,Blue Cross,186,Observation,Female,2024-09-15
42,Shannon Stewart,2023-07-19,Diabetes,Joshua Knight,Aetna,187,Rehabilitation,Male,2023-07-26
43,Patrick Hahn,2023-12-11,Flu,Brent Evans,Aetna,188,Observation,Female,2023-12-25
78,Chad Cox,2024-01-09,Migraine,Steven Castaneda,Aetna,189,Observation,Female,2024-01-10
63,Wyatt Gutierrez,2024-06-26,Diabetes,Samantha Nelson,Kaiser Permanente,190,Therapy,Other,2024-07-21
40,Steven Lee PhD,2024-11-24,Arthritis,Sheri Wright,UnitedHealthcare,191,Surgery,Female,2024-12-01
40,Jeffrey Murphy,2024-09-12,Migraine,Tracey Osborne,Blue Cross,192,Medication,Male,2024-09-15
66,Andrew Cannon,2023-09-04,Asthma,Ryan Wilson,Aetna,193,Observation,Female,2023-09-25
25,Sheila Jones,2024-10-10,COVID-19,Robert Hill,UnitedHealthcare,194,Surgery,Male,2024-10-22
98,Paul Lopez,2024-01-13,Depression,Susan Cunningham,Kaiser Permanente,195,Observation,Other,2024-02-05
16,Lee Wood,2024-10-04,Allergy,Rachel Caldwell,UnitedHealthcare,196,Rehabilitation,Female,2024-10-23
18,Brittany Holt,2023-11-26,Depression,Lee Wilkins,Aetna,197,Therapy,Other,2023-12-23
15,Christopher Prince,2024-07-28,Depression,Becky Dean,Kaiser Permanente,198,Surgery,Other,2024-08-08
77,Judy Dunlap,2024-03-24,Migraine,Philip Goodman,Cigna,199,Observation,Other,2024-04-02
51,Jorge Medina,2023-08-28,Migraine,Brittney Turner,Aetna,200,Observation,Female,2023-09-13
