patient_id,name,age,gender,diagnosis,treatment,admission_date,discharge_date,doctor,insurance_provider
1,Jason Hoffman,45,Female,Allergy,Therapy,2023-11-24,2023-11-25,Destiny Campbell,Aetna
2,Allison Evans,94,Male,Migraine,Rehabilitation,2023-10-14,2023-10-20,Jennifer Sutton,Aetna
3,Kathy Wilson,63,Other,Arthritis,Surgery,2025-01-04,2025-01-13,Susan Carter,Kaiser Permanente
4,Jonathan Watts,89,Other,Depression,Therapy,2024-07-25,2024-08-24,Mr. Jacob Hudson,Cigna
5,Rebecca Sandoval,87,Male,Migraine,Rehabilitation,2024-07-10,2024-07-21,Keith Jones,Cigna
6,Michelle Robinson,15,Other,Flu,Observation,2024-02-19,2024-03-12,Mary Hernandez,Kaiser Permanente
7,Michelle Brooks,65,Female,Allergy,Surgery,2024-12-20,2025-01-13,Kyle Mcintosh,Blue Cross
8,Shannon Sanchez,49,Female,Flu,Observation,2024-07-29,2024-08-11,Calvin Good,Cigna
9,Natalie Clements,1,Other,Arthritis,Therapy,2024-03-19,2024-04-02,Katherine Scott,Kaiser Permanente
10,Bianca Hunt,37,Other,Migraine,Therapy,2025-01-30,2025-03-01,Brian Hunter,Cigna
11,Travis Coleman,45,Female,Allergy,Surgery,2023-09-29,2023-10-26,Sara Case,Blue Cross
12,Tracy Harris,78,Male,Migraine,Therapy,2023-11-03,2023-11-06,Rachel Stout,Cigna
13,Jennifer Hammond,4,Male,Arthritis,Therapy,2023-03-14,2023-04-03,Nicole Terry,Aetna
14,Andrea Bass,100,Other,Allergy,Observation,2024-04-28,2024-05-19,Claudia Diaz,UnitedHealthcare
15,Kim Johnson,20,Male,Diabetes,Surgery,2024-01-16,2024-02-04,Sarah Hubbard,UnitedHealthcare
16,Joseph Reed,55,Other,Migraine,Rehabilitation,2024-04-29,2024-05-17,Laura Tucker,Blue Cross
17,Andrea Garcia,12,Female,Migraine,Therapy,2024-08-02,2024-08-17,Amy Woods,Cigna
18,Derrick Curtis,59,Male,COVID-19,Observation,2023-12-05,2023-12-21,Christine Michael,Kaiser Permanente
19,John Richardson,47,Other,Allergy,Surgery,2023-03-28,2023-04-21,Jennifer Lucas,Aetna
20,Sean Alvarado,55,Female,Diabetes,Surgery,2024-11-15,2024-11-19,Julia Nguyen,Kaiser Permanente
21,James Jenkins,77,Other,Hypertension,Therapy,2024-06-14,2024-06-29,Zachary Cunningham,Cigna
22,Michael Jenkins,50,Male,Diabetes,Surgery,2025-01-11,2025-01-12,Jennifer Evans,Cigna
23,David Arnold,7,Male,Depression,Therapy,2023-08-30,2023-09-29,Christopher Bowers,Aetna
24,Gregory Campos,41,Other,COVID-19,Observation,2023-03-31,2023-04-27,Anthony King,Cigna
25,Savannah Dunn,9,Male,Diabetes,Observation,2024-11-08,2024-12-02,Diane Young,Kaiser Permanente
26,Sharon Hill,74,Female,Diabetes,Medication,2023-03-24,2023-03-27,Christine Thompson,Cigna
27,Mary Sanders,56,Male,Depression,Surgery,2023-09-11,2023-10-04,Justin Olson,Kaiser Permanente
28,Kenneth Velazquez,99,Male,Flu,Medication,2024-04-03,2024-04-25,Courtney Delgado,UnitedHealthcare
29,Andrew Cook,42,Female,Flu,Observation,2024-08-06,2024-08-09,Stephen Henry,Aetna
30,Zachary Kemp,50,Female,Arthritis,Rehabilitation,2023-07-09,2023-07-13,Kelly Alvarez,Kaiser Permanente
31,Olivia Fitzgerald,24,Female,Flu,Therapy,2023-08-22,2023-09-07,Patricia Fitzpatrick,UnitedHealthcare
32,Ashley Houston,57,Male,Depression,Observation,2023-02-22,2023-03-18,Michelle Murphy,Cigna
33,Stephanie Henry,36,Other,Asthma,Rehabilitation,2023-04-14,2023-05-08,Jordan Nolan,Kaiser Permanente
34,Madison Watson,68,Female,Diabetes,Therapy,2024-01-07,2024-01-24,Nicholas Anthony,Cigna
35,Nicole Potts,23,Male,Migraine,Medication,2023-08-16,2023-09-02,Brian Carter,Aetna
36,Lisa Larsen,94,Female,COVID-19,Surgery,2023-11-03,2023-11-24,Kenneth Thompson,Aetna
37,Karen Hubbard MD,27,Female,Migraine,Medication,2024-10-15,2024-10-31,Jake Riley,Aetna
38,Alexis Cruz,98,Male,Diabetes,Rehabilitation,2023-11-16,2023-12-09,Elizabeth Green,Cigna
39,Jenna Johnson,78,Female,COVID-19,Rehabilitation,2023-08-04,2023-09-02,John Young,UnitedHealthcare
40,Heather Evans,72,Female,Allergy,Rehabilitation,2024-09-09,2024-09-11,Terry Bradford,Blue Cross
41,Shelley Martinez,8,Female,Depression,Medication,2023-02-23,2023-03-24,Stacy Jones,Aetna
42,Katherine Frye,40,Other,Arthritis,Medication,2023-11-28,2023-12-03,Mr. Brian Obrien,UnitedHealthcare
43,Paula Fry,55,Male,COVID-19,Medication,2025-01-21,2025-02-10,Theodore Phillips,UnitedHealthcare
44,Lisa Harrell,9,Male,Allergy,Surgery,2023-04-12,2023-04-16,Christina Jones,Aetna
45,Hayley Snyder,41,Other,Migraine,Rehabilitation,2024-09-14,2024-09-18,Amber Kennedy,Cigna
46,John Daniel,21,Male,Arthritis,Surgery,2024-01-16,2024-01-17,Patrick Garrett,UnitedHealthcare
47,Timothy Nguyen,42,Male,Asthma,Rehabilitation,2024-10-11,2024-10-23,Tony Murphy,Kaiser Permanente
48,Morgan Rose,78,Female,COVID-19,Observation,2024-02-04,2024-02-17,Jacqueline Stone,Kaiser Permanente
49,Henry Peterson,94,Female,Flu,Medication,2024-04-19,2024-04-30,Kim Knox,Cigna
50,Jennifer Walker,77,Female,COVID-19,Therapy,2023-04-29,2023-05-10,Joseph Jackson,Kaiser Permanente
51,Lauren Taylor,64,Other,Migraine,Observation,2023-12-05,2023-12-10,Shane Richardson,UnitedHealthcare
52,Sarah Fitzgerald,37,Female,Arthritis,Rehabilitation,2024-11-24,2024-12-04,Travis Mejia,Blue Cross
53,Melissa Mcdonald,17,Male,Flu,Rehabilitation,2023-09-25,2023-10-07,Kelly Hale,Cigna
54,Jon Reed,19,Female,Arthritis,Observation,2023-04-08,2023-04-09,Rachel Bean,UnitedHealthcare
55,William Singh,29,Other,Depression,Medication,2023-09-23,2023-10-08,Amanda King,Cigna
56,Timothy Garrison,3,Female,Hypertension,Therapy,2023-10-07,2023-10-23,Monica Cole,Cigna
57,Katelyn Norris,12,Male,Arthritis,Observation,2024-06-30,2024-07-26,Donna Villanueva,Aetna
58,Megan Guzman,88,Female,Depression,Medication,2023-08-11,2023-08-25,Amanda Solis,UnitedHealthcare
59,Thomas Grant,42,Male,Arthritis,Rehabilitation,2023-10-11,2023-11-06,Austin Moore,Blue Cross
60,Molly Green,22,Other,Migraine,Observation,2023-03-20,2023-04-16,Leroy Young,UnitedHealthcare
61,Teresa Beck,3,Female,Diabetes,Observation,2024-04-05,2024-04-27,Evan Chang,Aetna
62,Ryan Hood,63,Other,Flu,Surgery,2024-11-04,2024-11-13,Kimberly Mcconnell,Kaiser Permanente
63,Alex Scott,28,Other,Allergy,Observation,2024-12-12,2024-12-30,Denise Harrison,Blue Cross
64,Leslie Mclaughlin,86,Other,Depression,Therapy,2024-10-23,2024-11-06,Rachael Wilson,UnitedHealthcare
65,Dustin Reyes,27,Other,Depression,Observation,2024-11-01,2024-11-17,Kevin Santiago,Kaiser Permanente
66,Alicia King,99,Male,Migraine,Observation,2024-09-26,2024-10-21,Anthony Thompson,Blue Cross
67,John George,64,Male,Hypertension,Rehabilitation,2024-05-09,2024-05-25,Brittney French,Blue Cross
68,Dylan Alvarado,34,Other,Migraine,Surgery,2023-12-16,2023-12-28,Brian Lopez,Kaiser Permanente
69,Sierra Conway,3,Other,Diabetes,Surgery,2024-07-18,2024-08-05,Dennis Jimenez,Kaiser Permanente
70,Glen Cantu,84,Female,Hypertension,Therapy,2024-10-25,2024-11-02,Daniel Alvarez PhD,Blue Cross
71,Benjamin Fleming,33,Female,Arthritis,Observation,2024-09-03,2024-09-23,Kristine Vincent,UnitedHealthcare
72,Cynthia Jones,12,Female,Hypertension,Therapy,2024-06-16,2024-07-13,Robert Medina,Kaiser Permanente
73,Mr. Charles Zavala,68,Other,Diabetes,Medication,2024-01-22,2024-02-21,Brian Washington,Aetna
74,Anthony Harrison,71,Female,Asthma,Medication,2024-06-22,2024-07-04,Laura Mcintosh,UnitedHealthcare
75,Matthew Hampton,81,Male,Hypertension,Rehabilitation,2023-05-24,2023-06-14,Tyler Wood,Kaiser Permanente
76,Martin Pace,38,Female,COVID-19,Medication,2023-03-12,2023-04-11,Nicholas Graham,Aetna
77,Mrs. Allison Madden,72,Female,Depression,Surgery,2023-12-21,2024-01-09,Kristin Clark,Blue Cross
78,Douglas Hill,35,Female,Hypertension,Observation,2023-02-16,2023-03-09,John Collins,Aetna
79,Tina Key,42,Female,COVID-19,Rehabilitation,2024-07-22,2024-08-15,James Miller,Blue Cross
80,Rebecca Brown,31,Male,Flu,Medication,2024-10-23,2024-11-18,John Stewart,Aetna
81,Isabel Wilcox,23,Male,Arthritis,Therapy,2023-09-11,2023-10-03,Dustin Valdez,Blue Cross
82,Maria Acosta,52,Male,Hypertension,Surgery,2024-06-17,2024-06-22,Glenn Keller,Aetna
83,Mckenzie Willis,35,Other,Asthma,Surgery,2023-10-27,2023-11-11,Douglas Kerr,Blue Cross
84,Samantha Willis,43,Male,Depression,Therapy,2024-06-08,2024-06-30,Michael Reyes,UnitedHealthcare
85,Timothy Wilson,20,Male,Arthritis,Rehabilitation,2023-07-26,2023-08-10,Mr. Thomas Johnson II,UnitedHealthcare
86,Justin Wilson,44,Other,Depression,Surgery,2024-08-19,2024-08-30,Tanya West,Aetna
87,Justin Douglas,39,Female,Depression,Surgery,2023-06-29,2023-07-21,Heather Baker,Blue Cross
88,Craig Horn,53,Other,Migraine,Rehabilitation,2024-08-01,2024-08-03,Ashley Hall,Aetna
89,Steve Smith,28,Female,Depression,Medication,2023-02-25,2023-03-26,Mary Sherman,Cigna
90,Jake Davenport,40,Female,Diabetes,Therapy,2023-09-21,2023-10-11,Joshua Cook,Blue Cross
91,Bethany Baker,27,Other,Allergy,Medication,2024-03-08,2024-03-18,Brittany Perez,Aetna
92,Elizabeth Odonnell,73,Female,Flu,Surgery,2023-08-21,2023-08-26,Jordan Waller,Blue Cross
93,Zachary Ellis,82,Other,Asthma,Rehabilitation,2024-12-11,2024-12-21,David Boyd,Aetna
94,Veronica Vasquez,48,Female,COVID-19,Therapy,2023-04-03,2023-04-26,James Hill,Cigna
95,Jesus Booth,66,Female,COVID-19,Surgery,2023-11-22,2023-12-21,Holly Williams,Aetna
96,Mr. Matthew West,50,Male,Hypertension,Observation,2023-10-07,2023-11-03,Adam Rodriguez,Blue Cross
97,Tyler Anthony DVM,75,Male,Hypertension,Medication,2024-06-01,2024-06-15,Amy Chen,Blue Cross
98,Joseph Sullivan DVM,82,Other,Flu,Medication,2024-10-12,2024-11-04,Joyce Collins,UnitedHealthcare
99,Jeremy Brown,69,Female,Allergy,Surgery,2023-09-19,2023-10-08,Kurt Lloyd,Blue Cross
100,Diana Calderon,33,Other,Migraine,Therapy,2024-03-23,2024-03-24,Kelsey Friedman,Kaiser Permanente
101,Samantha Smith,62,Female,Migraine,Medication,2023-03-17,2023-03-31,Heather Stanley,UnitedHealthcare
102,Adriana Castillo,35,Male,COVID-19,Medication,2024-11-08,2024-11-21,Amy Elliott PhD,Cigna
103,Derek Cline,18,Male,Allergy,Observation,2023-06-13,2023-06-23,Hailey Wade,Cigna
104,Tiffany Russell,47,Female,Diabetes,Medication,2024-03-03,2024-03-15,Andrew Diaz,UnitedHealthcare
105,Mary Andersen,83,Other,Diabetes,Surgery,2024-05-07,2024-05-14,Meagan Hernandez,UnitedHealthcare
106,William Phillips,71,Male,COVID-19,Surgery,2025-01-06,2025-01-21,Elizabeth Bennett,Cigna
107,Stephanie Wilkins,33,Other,Migraine,Medication,2023-04-09,2023-05-05,Jacqueline Moore,UnitedHealthcare
108,Austin Webb,69,Other,COVID-19,Therapy,2024-05-14,2024-06-13,Joshua Mccoy,Cigna
109,Elijah Simmons,98,Female,Arthritis,Surgery,2024-02-22,2024-03-09,Marvin Wilson,Cigna
110,Eric Miles,73,Other,Migraine,Rehabilitation,2023-03-14,2023-04-05,George Munoz,Cigna
111,Hannah Hill,72,Other,COVID-19,Observation,2024-02-15,2024-03-07,Tammy Johnson,Cigna
112,Mr. Steven Chavez,14,Female,COVID-19,Observation,2023-08-23,2023-09-12,Joel Reilly,UnitedHealthcare
113,Michael Gonzalez,73,Male,Diabetes,Observation,2024-12-12,2024-12-13,Keith Russo,UnitedHealthcare
114,Mr. Joshua Williams,78,Other,Hypertension,Observation,2024-02-02,2024-02-21,Yvette Rodriguez,Aetna
115,Mark Giles,53,Female,Flu,Rehabilitation,2023-11-09,2023-11-26,Paul Walker,Aetna
116,Brittany Kelly,72,Other,COVID-19,Therapy,2024-12-07,2025-01-02,Antonio Gomez,Kaiser Permanente
117,George Ferguson,50,Other,COVID-19,Observation,2023-04-22,2023-04-28,Dr. Jeffery Stewart,Cigna
118,Christian Fisher,55,Male,Diabetes,Rehabilitation,2024-03-01,2024-03-18,Donna Robertson,Blue Cross
119,John Henry,77,Other,Diabetes,Observation,2023-06-08,2023-06-14,Raymond Villegas,Blue Cross
120,Trevor Smith,57,Male,COVID-19,Rehabilitation,2024-05-20,2024-05-26,Susan Thomas,Blue Cross
121,Robert Rogers,51,Other,Hypertension,Observation,2023-03-04,2023-03-21,Ronald Clark,UnitedHealthcare
122,Courtney Hernandez,0,Male,Diabetes,Medication,2024-02-25,2024-03-06,William Pennington,Kaiser Permanente
123,Jeffrey Simmons,28,Male,Diabetes,Therapy,2023-11-29,2023-12-01,Jason Turner,UnitedHealthcare
124,Philip Todd,12,Male,Hypertension,Observation,2024-07-25,2024-08-05,Ryan Randall,Cigna
125,Allen Molina,27,Male,Depression,Medication,2023-08-28,2023-08-29,Susan Myers,UnitedHealthcare
126,Rebecca Johnson,16,Other,Arthritis,Observation,2024-08-13,2024-08-27,Cynthia Allison,Cigna
127,Megan Wiggins,21,Other,Asthma,Therapy,2024-11-01,2024-11-16,Jason Chandler,Blue Cross
128,Jason Patterson,89,Other,Arthritis,Medication,2024-10-21,2024-11-19,Mitchell Silva,Kaiser Permanente
129,Molly Hale,3,Other,Flu,Medication,2023-03-28,2023-03-31,George Singleton,UnitedHealthcare
130,Virginia Martinez,98,Other,Diabetes,Observation,2025-01-21,2025-02-08,Juan Ramos,Blue Cross
131,Raymond Bailey MD,4,Male,Arthritis,Rehabilitation,2023-11-03,2023-11-28,James Rogers,Aetna
132,Dr. Brandon Webster,88,Other,Flu,Therapy,2023-06-04,2023-06-15,Stephanie Santiago MD,UnitedHealthcare
133,Kelly Byrd,93,Female,Asthma,Medication,2023-03-26,2023-03-30,Bethany Kennedy,Kaiser Permanente
134,Eric Small,22,Other,Depression,Rehabilitation,2024-09-03,2024-10-02,Paul Morse,Blue Cross
135,Ryan Gregory,55,Male,Hypertension,Surgery,2023-05-21,2023-06-01,Luke Wheeler,Kaiser Permanente
136,Lori Evans,19,Male,Flu,Observation,2024-10-08,2024-11-01,Renee Pierce,Kaiser Permanente
137,Susan Brooks,14,Other,Depression,Observation,2023-07-10,2023-07-19,Stephanie Waters,Cigna
138,Javier Turner,41,Male,Hypertension,Surgery,2024-03-13,2024-03-28,Melissa Moore,Aetna
139,Jennifer Duffy,85,Female,Arthritis,Therapy,2023-03-08,2023-03-23,Linda Guerrero,Kaiser Permanente
140,Tyler Jones,93,Other,Depression,Therapy,2023-10-08,2023-11-02,Jennifer Melendez,Blue Cross
141,Sheri Smith,49,Female,Migraine,Observation,2024-03-10,2024-03-29,Rachel Hardy,Aetna
142,Lauren Lewis,11,Male,Arthritis,Surgery,2024-12-30,2024-12-31,Zachary Wilson,Aetna
143,Julia Reed,43,Other,Flu,Rehabilitation,2024-07-20,2024-07-24,Tiffany Bird,UnitedHealthcare
144,Ricardo Mendez,86,Male,Arthritis,Therapy,2024-11-13,2024-12-09,Ruben Weeks,Cigna
145,Justin Pope,66,Female,Hypertension,Surgery,2023-04-16,2023-04-27,Monica Hernandez,Cigna
146,Andrew Lee,7,Male,Depression,Medication,2024-05-14,2024-05-20,Ronald Martinez,UnitedHealthcare
147,Susan Gibbs,40,Other,COVID-19,Medication,2024-05-22,2024-06-02,Michelle Moore,Kaiser Permanente
148,Tracy Davis,92,Female,COVID-19,Surgery,2023-08-27,2023-09-18,Cody Ochoa,Blue Cross
149,Francis Oneill,7,Female,Hypertension,Surgery,2024-09-27,2024-10-09,David Miller,Blue Cross
150,Cassandra Harmon,91,Male,Diabetes,Therapy,2024-11-17,2024-12-05,Kellie Sanchez,Blue Cross
151,Thomas Smith,32,Female,COVID-19,Medication,2024-06-11,2024-06-12,Zachary Barker,Aetna
152,Dylan Robinson,82,Female,COVID-19,Therapy,2023-11-22,2023-12-07,Mark Johns,Blue Cross
153,Thomas Russell,38,Other,Diabetes,Observation,2023-06-26,2023-07-03,Dennis Noble,UnitedHealthcare
154,Tom Rogers,11,Male,Depression,Observation,2024-10-02,2024-10-05,Tammy Morgan,Cigna
155,Kevin Evans,32,Male,Allergy,Observation,2023-11-30,2023-12-08,Michelle Merritt,Aetna
156,Lorraine Norman,67,Male,Depression,Therapy,2025-01-02,2025-01-17,Catherine Davies,Blue Cross
157,John Ross,97,Other,Flu,Therapy,2023-07-24,2023-08-18,Juan Caldwell,Aetna
158,Joshua Smith,55,Male,Depression,Rehabilitation,2024-03-07,2024-03-26,Larry Perkins,Aetna
159,Amber Eaton,73,Other,Allergy,Therapy,2024-10-13,2024-10-21,Ronald Holland,UnitedHealthcare
160,Victor Park,99,Female,COVID-19,Medication,2024-06-23,2024-07-12,Michael Anderson,Aetna
161,Erica Brown,69,Female,Arthritis,Rehabilitation,2024-11-10,2024-11-20,Tracy Hill,Blue Cross
162,Raymond Cervantes DVM,37,Female,Diabetes,Therapy,2023-06-27,2023-07-16,Robert Carter,Aetna
163,Timothy Jones,15,Female,Flu,Rehabilitation,2024-01-27,2024-02-07,Daniel Rivera,Blue Cross
164,Jordan Davidson,89,Other,Migraine,Surgery,2024-01-30,2024-02-05,Cindy Walter,Cigna
165,Tammy Adams,20,Other,Hypertension,Medication,2023-02-20,2023-03-13,Edward Collier,Aetna
166,Douglas Ellis,0,Female,COVID-19,Medication,2024-06-24,2024-07-10,Jesse Lewis,Cigna
167,Kristie Boyd,53,Male,Arthritis,Surgery,2024-02-01,2024-02-12,Kurt Conley,Cigna
168,Brandon Gray,99,Other,Allergy,Rehabilitation,2024-05-22,2024-05-27,Bryan Miller,Blue Cross
169,Thomas Kelly,68,Female,Allergy,Rehabilitation,2024-05-30,2024-06-10,Robert Smith,UnitedHealthcare
170,Sean Burton,29,Other,Hypertension,Rehabilitation,2023-07-15,2023-07-23,Dana Walls,Blue Cross
171,Bryan Sellers,86,Other,Depression,Rehabilitation,2024-04-06,2024-04-13,Dominic Rivera,Blue Cross
172,Chelsea Ross,77,Other,Allergy,Rehabilitation,2024-09-09,2024-10-08,Sheila Russo,Cigna
173,Jose Hunt,43,Female,Hypertension,Observation,2024-12-27,2025-01-04,Michael Rice,UnitedHealthcare
174,Maria Fowler,57,Female,Asthma,Rehabilitation,2023-12-17,2023-12-25,Billy Page,UnitedHealthcare
175,Frank Keith,51,Female,Allergy,Rehabilitation,2024-08-24,2024-09-07,Scott Hartman,Kaiser Permanente
176,Jennifer Gaines,62,Female,Arthritis,Surgery,2023-07-10,2023-07-23,Jessica Hansen,Cigna
177,Thomas Wilkins,57,Female,Arthritis,Therapy,2024-07-24,2024-07-30,Rhonda Benton,Kaiser Permanente
178,Tiffany Castro,50,Female,COVID-19,Rehabilitation,2024-05-26,2024-05-31,Veronica Gomez,Blue Cross
