patient_id,name,age,gender,diagnosis,treatment,admission_date,discharge_date,doctor,insurance_provider
1,Melanie Romero,15,Male,Arthritis,Therapy,2023-11-13,2023-12-10,John Sherman,Aetna
2,Christine Garcia,98,Female,COVID-19,Therapy,2024-06-09,2024-06-18,Justin Pratt,Blue Cross
3,Kelly Frazier,84,Other,Arthritis,Surgery,2024-12-14,2025-01-04,Melissa Kelly,Cigna
4,Andrew Hill,50,Male,Migraine,Observation,2024-05-10,2024-05-18,Lee Ortiz,Blue Cross
5,Christina Walsh,71,Male,Flu,Medication,2024-08-26,2024-09-21,Kayla Nguyen DDS,Blue Cross
6,Christopher Guzman,43,Male,Asthma,Medication,2024-12-05,2024-12-06,Daniel Silva,Blue Cross
7,Dennis Howell,78,Female,Arthritis,Rehabilitation,2023-06-10,2023-07-04,Teresa Torres,Blue Cross
8,Steven Robinson,92,Male,Hypertension,Surgery,2023-11-04,2023-11-17,Melinda Ramos,UnitedHealthcare
9,Vanessa Brown,83,Female,Arthritis,Rehabilitation,2024-02-13,2024-02-18,Donald Pierce,Kaiser Permanente
10,Kathleen Cox,74,Male,Depression,Surgery,2023-12-05,2023-12-07,Kelly Hopkins,UnitedHealthcare
11,Virginia Glass,20,Other,Allergy,Surgery,2024-03-17,2024-03-31,John Flynn,Aetna
12,Darren Owen,4,Other,Hypertension,Medication,2024-01-26,2024-02-13,Kenneth Robertson,Cigna
13,Mr. Donald Ramos,86,Female,Arthritis,Surgery,2024-08-11,2024-08-18,Amy Walker DDS,Cigna
14,Barbara Pugh,33,Female,Migraine,Observation,2023-11-06,2023-11-29,Richard Simpson,Blue Cross
15,Kevin Thomas,61,Female,Asthma,Surgery,2024-07-02,2024-07-25,Elizabeth Morgan,Aetna
16,Michael Sloan,62,Male,COVID-19,Medication,2023-03-19,2023-03-27,Stephanie Roberts,Kaiser Permanente
17,Dr. Mary Fernandez,41,Male,Flu,Observation,2025-01-09,2025-01-23,Matthew Carey,Kaiser Permanente
18,James Robinson,84,Other,Hypertension,Medication,2023-08-18,2023-09-01,Vanessa Gardner,UnitedHealthcare
19,Jeffrey Glenn,8,Female,Arthritis,Observation,2024-02-17,2024-02-24,Michael Kline,UnitedHealthcare
20,Lori Morales,99,Female,Depression,Medication,2023-05-31,2023-06-23,Kyle Wells,Blue Cross
21,Thomas Marquez,38,Other,Flu,Rehabilitation,2023-10-23,2023-11-17,Richard Edwards,UnitedHealthcare
22,Walter Harris,6,Other,Depression,Therapy,2025-01-18,2025-02-04,Antonio Randall,Aetna
23,David Holmes,64,Male,Diabetes,Rehabilitation,2024-01-21,2024-01-23,Michael Higgins,Cigna
24,Edwin Diaz,30,Other,Arthritis,Surgery,2024-02-20,2024-03-10,Amy Adkins,Aetna
25,Donna Carter,61,Male,Depression,Medication,2024-07-02,2024-07-20,Kirsten Davis,Cigna
26,Susan Hamilton,76,Female,Asthma,Therapy,2023-06-15,2023-06-29,James Smith,Aetna
27,April Lewis,55,Other,Allergy,Medication,2023-12-24,2023-12-29,Andrew Stone,Kaiser Permanente
28,Lisa Munoz,31,Female,Allergy,Observation,2023-10-18,2023-11-01,Jessica Dominguez,Kaiser Permanente
29,Lee Hutchinson,70,Male,Depression,Therapy,2023-03-24,2023-04-07,Jeffrey Rhodes,Blue Cross
30,Patrick Underwood,32,Female,Depression,Medication,2023-05-08,2023-05-30,David Pena,Aetna
31,Stephanie Macdonald,33,Male,Allergy,Therapy,2023-07-06,2023-07-28,Donna Johnson,Blue Cross
32,Jordan Hunt,93,Male,Flu,Surgery,2023-11-30,2023-12-02,Sarah Davis,Kaiser Permanente
33,Angel Taylor,82,Other,Flu,Medication,2023-11-22,2023-12-01,Stephen Lambert,Aetna
34,Jermaine Robinson,75,Other,Hypertension,Rehabilitation,2024-06-17,2024-07-07,Scott Oneal,Blue Cross
35,Jamie King,46,Female,Asthma,Medication,2023-12-08,2023-12-14,Angela Gilmore,UnitedHealthcare
36,Jessica Mann,60,Female,Migraine,Therapy,2024-10-25,2024-11-19,Lisa Todd,Blue Cross
37,Cindy Elliott,75,Male,Diabetes,Therapy,2024-09-18,2024-09-19,Elizabeth Melendez,Kaiser Permanente
38,Mark Anthony,58,Other,Asthma,Observation,2023-07-18,2023-07-28,Carmen Rogers DVM,Kaiser Permanente
39,Michael Snyder,61,Other,Hypertension,Rehabilitation,2023-09-17,2023-09-26,Mary Ruiz,Kaiser Permanente
40,Todd Rogers,68,Male,Hypertension,Rehabilitation,2023-10-11,2023-11-03,Michael Schaefer,Blue Cross
41,Phillip Ramirez PhD,89,Other,Allergy,Medication,2023-08-23,2023-08-25,Ashley Bean,Blue Cross
42,Victoria Sullivan,40,Female,Diabetes,Observation,2024-09-15,2024-10-06,Andrew Franklin,Aetna
43,Timothy Dixon,74,Female,Diabetes,Observation,2024-04-15,2024-04-30,Michael Brooks,Blue Cross
44,Carol Marks,78,Female,Arthritis,Surgery,2024-02-14,2024-03-12,James Weaver,Kaiser Permanente
45,Summer Mcclure,16,Male,Flu,Rehabilitation,2023-07-05,2023-08-04,Sheila Briggs,Aetna
46,Amy Huynh,27,Male,Depression,Therapy,2023-11-05,2023-11-11,Joseph Gray,Blue Cross
47,Alec Fuller,2,Male,Asthma,Medication,2024-06-20,2024-06-25,Mr. Jonathan Wilson,Aetna
48,Sergio Mccarthy,41,Male,Diabetes,Rehabilitation,2023-04-26,2023-05-18,Jodi Mcintyre,Blue Cross
49,Cynthia Vargas,12,Male,Allergy,Rehabilitation,2024-05-12,2024-05-23,Holly Schneider,Cigna
50,Derek Scott,40,Male,Diabetes,Surgery,2023-08-18,2023-09-09,Cindy Blackburn,Blue Cross
51,Danielle Larson,43,Male,Depression,Observation,2023-09-06,2023-09-08,Valerie Johnson,Cigna
52,Alexandra King,76,Other,COVID-19,Medication,2023-09-30,2023-10-21,Donna Edwards,Kaiser Permanente
53,Christopher Chapman,85,Male,Hypertension,Medication,2025-01-10,2025-01-13,Brooke Jones,Aetna
54,Erin Davis,94,Female,COVID-19,Rehabilitation,2024-01-23,2024-02-11,Amanda Romero,Cigna
55,Kristina Harris,81,Other,Hypertension,Observation,2024-02-23,2024-03-05,Jessica Jones,Cigna
56,Julia Peterson,28,Male,Flu,Medication,2023-04-01,2023-04-27,Michael Fisher,Kaiser Permanente
57,Latoya Carpenter,53,Female,Allergy,Medication,2024-10-19,2024-10-30,George Bates,Blue Cross
58,Kyle Ross,40,Other,Diabetes,Surgery,2023-04-20,2023-05-17,John Cunningham,UnitedHealthcare
59,Johnny Aguirre,40,Female,Flu,Rehabilitation,2023-03-26,2023-04-09,James Foster,UnitedHealthcare
60,Katie Vasquez,5,Female,Asthma,Medication,2025-02-10,2025-02-23,Cory Roberts,Cigna
61,Cody Brooks,81,Female,Hypertension,Surgery,2024-10-20,2024-10-29,Kenneth Brown,UnitedHealthcare
62,Robert Garcia,36,Female,Depression,Therapy,2024-06-20,2024-06-22,Colleen Berry,Aetna
63,David Moreno,89,Female,Hypertension,Rehabilitation,2024-05-12,2024-05-22,Kristin Scott,Cigna
64,Cody Jacobs,62,Male,Diabetes,Observation,2024-10-01,2024-10-30,Ryan Goodwin,Kaiser Permanente
65,William Elliott,5,Male,COVID-19,Medication,2023-11-02,2023-12-02,Bryan Huerta,UnitedHealthcare
66,Micheal Winters,18,Male,Allergy,Therapy,2024-08-04,2024-08-24,Erika Garcia,Aetna
67,Kayla Dominguez,37,Female,Migraine,Medication,2025-01-20,2025-02-10,Alexis Kramer,UnitedHealthcare
68,David Jackson,96,Male,Arthritis,Surgery,2023-09-01,2023-09-22,Ann Warner,Cigna
69,Arthur Pham,93,Female,Diabetes,Therapy,2023-04-20,2023-05-14,Brian Jones,Aetna
70,Isaac Lopez,67,Female,Asthma,Medication,2023-07-13,2023-08-03,Douglas Armstrong,UnitedHealthcare
71,Christian Frey,8,Other,Depression,Surgery,2024-06-22,2024-07-01,Michael Hodge MD,Blue Cross
72,Lisa Smith,77,Male,Asthma,Surgery,2024-07-03,2024-07-27,Casey Salazar,Kaiser Permanente
73,Kylie Ibarra,98,Female,Depression,Medication,2023-06-06,2023-06-19,Jennifer Johnson,Aetna
74,Cody Spencer,53,Female,Flu,Medication,2024-05-21,2024-05-27,Sara Green,UnitedHealthcare
75,Danielle Mccoy,98,Other,Hypertension,Rehabilitation,2023-09-09,2023-09-25,Catherine Lewis,Cigna
76,Megan Mcbride,96,Female,Depression,Therapy,2024-05-29,2024-06-02,Justin Ball,UnitedHealthcare
77,Antonio Jackson,76,Male,Depression,Medication,2024-11-12,2024-11-18,Charles Parsons,Aetna
78,Ashley Baker,77,Other,Flu,Surgery,2024-05-25,2024-06-02,James Carey,Aetna
79,Darlene Christian,56,Other,Allergy,Therapy,2023-04-17,2023-05-08,Brady Crawford,UnitedHealthcare
80,Antonio Phillips,87,Female,COVID-19,Therapy,2024-11-20,2024-11-25,Mrs. Susan Morris DDS,UnitedHealthcare
81,Theresa Wilkinson,85,Other,Asthma,Rehabilitation,2023-12-03,2023-12-09,Marissa Castillo,Cigna
82,Christine Johnson,83,Male,Allergy,Rehabilitation,2024-08-25,2024-08-26,Melissa Montgomery,UnitedHealthcare
83,Cynthia Olson,2,Male,Migraine,Observation,2024-05-23,2024-06-22,Michael Thornton,UnitedHealthcare
84,Samantha Coleman,19,Male,Flu,Medication,2024-03-14,2024-03-22,Ryan Lucas,UnitedHealthcare
85,Brian Mosley,54,Female,Depression,Medication,2023-06-05,2023-06-24,Holly Edwards,Cigna
86,Michelle Lee,79,Female,Asthma,Medication,2023-03-09,2023-03-10,Kimberly Berry,Kaiser Permanente
87,Debra Schmidt,36,Other,Flu,Surgery,2024-02-06,2024-02-18,Kathryn Cruz,Cigna
88,Chris Glover,33,Female,Allergy,Medication,2024-08-12,2024-08-22,Heidi Beck,Aetna
89,Gabriela Kline,87,Female,Depression,Observation,2024-04-28,2024-05-22,Michele Brown,Kaiser Permanente
90,Shannon Matthews,17,Male,Arthritis,Therapy,2023-04-15,2023-04-16,Jeffrey Guerrero,Blue Cross
91,Christy Chambers,14,Female,COVID-19,Medication,2024-04-19,2024-05-16,Angela Anderson,Aetna
92,Dana Wilson,12,Male,Arthritis,Observation,2023-06-30,2023-07-18,Thomas Franklin,Blue Cross
93,Courtney Mora,26,Male,COVID-19,Rehabilitation,2024-12-30,2025-01-21,Kimberly Baird,Cigna
94,Joseph Day,53,Male,Allergy,Therapy,2024-02-21,2024-03-03,Angel Mcdowell,UnitedHealthcare
95,Nicole Soto,88,Female,Hypertension,Surgery,2024-07-04,2024-07-13,Jesse Hunter,Kaiser Permanente
96,Daniel Lopez,75,Male,Depression,Rehabilitation,2023-12-13,2024-01-09,Michael Medina,Kaiser Permanente
97,Monique Davis,32,Other,Arthritis,Therapy,2024-01-07,2024-01-08,Michelle Jackson,Cigna
98,Erika Hudson,14,Female,Flu,Therapy,2023-03-11,2023-04-06,Dawn Williams,Blue Cross
99,Karen Nguyen,67,Female,Migraine,Surgery,2024-09-12,2024-09-28,Steven Gill,Cigna
100,Frank Brown,11,Male,Hypertension,Rehabilitation,2023-12-06,2024-01-02,Beverly Johnson,Aetna
101,Kathy Rogers,2,Other,Asthma,Surgery,2023-08-02,2023-08-06,Bradley Roman,Aetna
102,Annette Black,69,Male,Hypertension,Therapy,2024-10-17,2024-10-24,Crystal Collins,Kaiser Permanente
103,Kayla Richardson,10,Female,Allergy,Observation,2023-11-14,2023-11-24,Lawrence Hernandez,Kaiser Permanente
104,Christopher Jackson,31,Female,Allergy,Medication,2024-12-11,2024-12-25,Richard Harris,Cigna
105,Allison Dixon,69,Male,Hypertension,Observation,2023-06-21,2023-07-03,Elizabeth Nguyen,Kaiser Permanente
106,Ryan Odonnell,26,Female,Migraine,Therapy,2023-08-09,2023-08-27,Don Warren,Aetna
107,Miss Patricia Edwards MD,38,Other,Arthritis,Medication,2023-06-08,2023-07-01,Scott Thompson,Cigna
108,Brittany Kelley,9,Male,Arthritis,Therapy,2024-02-11,2024-03-06,Natasha Reed,UnitedHealthcare
109,Kendra Campbell,34,Other,Hypertension,Rehabilitation,2023-12-19,2024-01-15,William Myers,Aetna
110,Charlotte Mejia,57,Female,Arthritis,Surgery,2024-07-28,2024-08-22,Sherri James,UnitedHealthcare
111,Katelyn Williams,85,Male,COVID-19,Therapy,2024-05-04,2024-05-22,Ashley Valdez,Blue Cross
112,Joseph Hansen,10,Other,Depression,Observation,2024-07-15,2024-08-12,Lisa Vega,UnitedHealthcare
113,Christopher King,70,Female,COVID-19,Surgery,2024-07-28,2024-08-02,Elizabeth Ramirez,UnitedHealthcare
114,Alexander Gordon,94,Male,Hypertension,Medication,2025-01-25,2025-01-27,David Kelly,Cigna
115,Jeffrey Hutchinson,56,Male,COVID-19,Surgery,2023-08-23,2023-09-09,Brenda Jones,Kaiser Permanente
116,Tina Beck,21,Male,Migraine,Medication,2024-12-26,2025-01-24,Katherine Gallegos,Blue Cross
117,David Deleon,76,Female,Migraine,Surgery,2023-03-10,2023-03-17,Casey Campbell,Cigna
118,Jessica Murphy,88,Other,Migraine,Therapy,2024-09-27,2024-10-22,Latoya Trevino DDS,Cigna
119,Juan Powell,9,Female,Hypertension,Rehabilitation,2024-01-14,2024-01-19,Terrance Robinson,Aetna
120,Victor Brooks,38,Female,Hypertension,Therapy,2024-01-24,2024-02-05,Rebecca Williams,Cigna
121,Laura Snyder,10,Other,Flu,Therapy,2023-05-17,2023-06-13,Brian Andrews,UnitedHealthcare
122,Dennis Christensen,8,Male,Allergy,Rehabilitation,2024-01-16,2024-02-08,John Terrell,Kaiser Permanente
123,Maria Snow,41,Other,Arthritis,Medication,2024-03-14,2024-04-10,Donna Stewart,Cigna
124,Morgan Allen,6,Male,Arthritis,Surgery,2023-10-03,2023-10-27,Scott Tran,Aetna
125,Kimberly Cross,77,Other,Depression,Surgery,2024-11-06,2024-11-22,Melanie Andrews,Cigna
126,Jeffery Davies,38,Male,Diabetes,Therapy,2024-11-19,2024-12-10,Troy Burke,Blue Cross
127,Joseph Wright,2,Other,Diabetes,Surgery,2023-10-08,2023-10-29,Linda Chapman,Aetna
128,Felicia Martin,95,Other,Asthma,Surgery,2024-05-04,2024-05-11,Katie Morris,Kaiser Permanente
129,Brittany Hayes,94,Other,Asthma,Therapy,2023-12-02,2023-12-25,Phillip Davis,Aetna
130,Mrs. Brenda Washington,66,Male,Migraine,Observation,2024-12-04,2024-12-21,Leah Mccullough,Aetna
131,Cheryl Lewis,69,Other,Migraine,Observation,2024-11-29,2024-12-07,Patrick Holmes,Blue Cross
132,Christopher Carter,49,Female,Arthritis,Rehabilitation,2023-09-23,2023-10-06,Stephanie Spencer,UnitedHealthcare
133,Sabrina Stephens,42,Other,COVID-19,Medication,2023-09-14,2023-10-08,Rebecca Hickman,Aetna
134,Nancy Ramos,48,Male,COVID-19,Rehabilitation,2024-01-30,2024-02-28,Amber Hansen,Aetna
135,Tyler Johnston,31,Other,Hypertension,Therapy,2024-07-12,2024-07-16,Alexandra Bush,Blue Cross
136,Jennifer Bauer,8,Female,Diabetes,Therapy,2024-10-29,2024-11-26,Nicholas Liu,Blue Cross
137,Christopher Peterson,93,Female,Allergy,Medication,2023-11-09,2023-11-28,Stephanie Solis,Cigna
138,Maria Morrison,55,Female,Flu,Surgery,2024-10-24,2024-11-21,Tara Morris,Aetna
139,Laura Christian,59,Female,Flu,Therapy,2023-09-24,2023-09-30,Curtis York,Kaiser Permanente
140,Peggy Gomez,9,Male,Depression,Surgery,2024-05-14,2024-05-26,Pamela Williams,Aetna
141,Emily Meyer,93,Other,Allergy,Therapy,2024-11-15,2024-11-20,Thomas Ferguson,Blue Cross
142,Steven Lee,95,Other,Asthma,Observation,2024-10-20,2024-10-29,Randy Jenkins,Cigna
143,Mary Hernandez,9,Female,Flu,Medication,2024-10-07,2024-10-21,Jordan Mullins,UnitedHealthcare
144,Robert Reilly,36,Other,Hypertension,Medication,2024-02-02,2024-02-11,Jeanne Rodgers,Blue Cross
145,Austin Griffin,49,Female,Depression,Observation,2023-08-02,2023-08-25,Heather Mccullough,Aetna
146,Jacqueline Cooper,76,Female,Depression,Medication,2025-01-30,2025-02-21,Michael Moreno,Aetna
147,Michelle Guerrero,100,Male,Hypertension,Medication,2024-07-21,2024-08-18,Casey Neal,Aetna
148,Elizabeth Phillips,34,Female,COVID-19,Rehabilitation,2023-03-05,2023-03-16,Lisa Pearson,Kaiser Permanente
149,Emma Rodriguez,83,Other,Flu,Rehabilitation,2023-10-28,2023-11-20,Kathleen Hensley,Cigna
150,Jessica Evans,26,Male,Flu,Medication,2023-11-01,2023-11-18,Matthew Mills,UnitedHealthcare
151,Roy Edwards,55,Other,Asthma,Rehabilitation,2024-12-24,2025-01-04,Jacob Carter,Kaiser Permanente
152,Brian David,7,Other,COVID-19,Therapy,2024-06-10,2024-07-02,Tonya Hahn,UnitedHealthcare
153,Kelly Rice,86,Other,Diabetes,Surgery,2023-04-20,2023-05-11,Jeffrey Mckinney,Cigna
154,Stephen Mosley,90,Male,Diabetes,Medication,2024-03-03,2024-03-24,Kelly Maldonado,Kaiser Permanente
155,Jonathan Zimmerman,47,Other,Migraine,Observation,2024-09-06,2024-10-03,Erica Sloan,UnitedHealthcare
156,Nicole Howard,11,Other,Migraine,Rehabilitation,2024-05-31,2024-06-01,Julie Conway,UnitedHealthcare
157,Christopher Mitchell,75,Other,Asthma,Rehabilitation,2023-11-27,2023-12-26,Gene Wu,UnitedHealthcare
158,Kenneth Reyes,54,Other,Arthritis,Medication,2023-03-09,2023-03-23,Eric Solis,Aetna
159,Michael Hobbs,35,Female,Diabetes,Surgery,2024-11-20,2024-12-05,Kristine Livingston,Blue Cross
160,Kayla Jones DDS,27,Other,Arthritis,Rehabilitation,2023-10-05,2023-10-17,Austin Hall,Kaiser Permanente
161,Jo Curtis,96,Female,Asthma,Surgery,2024-12-19,2025-01-07,Joe Thompson,UnitedHealthcare
162,Tiffany Smith,60,Male,Depression,Surgery,2024-07-15,2024-07-18,Glenn Johnson,Kaiser Permanente
163,Jose Giles,62,Other,Depression,Therapy,2023-02-14,2023-02-23,Antonio Sexton,Blue Cross
164,Joseph Cox,49,Other,Allergy,Medication,2024-04-28,2024-05-07,Kelsey Leach,Aetna
165,Jonathan Matthews,36,Male,Hypertension,Surgery,2024-12-02,2024-12-26,Stephanie Patterson,Aetna
166,Erica Conner,68,Female,Diabetes,Therapy,2023-12-02,2023-12-23,Nicholas Brown,Kaiser Permanente
167,Gavin Smith,90,Other,Migraine,Surgery,2025-01-19,2025-02-04,Allen Mcgee,Kaiser Permanente
168,Monica Rogers,68,Other,Hypertension,Therapy,2025-01-03,2025-01-08,Eric Shannon,Blue Cross
169,Andre Barton,37,Female,Allergy,Observation,2023-03-10,2023-03-27,Michael Sanders,UnitedHealthcare
170,Matthew Williams,17,Female,COVID-19,Surgery,2023-03-10,2023-04-03,Joanna Farmer,Aetna
171,Thomas Walker,92,Male,Allergy,Rehabilitation,2024-10-21,2024-10-22,Robert Payne,UnitedHealthcare
172,Steven Anderson,81,Other,Arthritis,Therapy,2023-06-12,2023-07-11,Robert Allen,UnitedHealthcare
173,Kelly Smith,53,Female,Migraine,Surgery,2023-06-26,2023-07-21,Amy Holmes,Blue Cross
174,Jeremiah Wilkins,37,Male,Asthma,Medication,2023-10-23,2023-10-30,Wendy Jones,Blue Cross
