patient_id,name,age,diagnosis,treatment,admission_date,discharge_date,doctor,insurance_provider
1,Erica Norton,58,Hypertension,Therapy,2024-07-15,2024-08-02,Alexander Johnson,Kaiser Permanente
2,Brian Hernandez MD,84,COVID-19,Medication,2023-09-19,2023-10-10,Hailey Anderson,Blue Cross
3,Tammie Duncan,27,Depression,Therapy,2024-10-26,2024-11-21,Kelly Miller,Kaiser Permanente
4,Alexandria Johnson,26,Allergy,Therapy,2024-06-09,2024-06-17,Christine Stephens,Kaiser Permanente
5,Stephen Mercer,12,Arthritis,Observation,2023-04-21,2023-04-22,Richard Hall,Kaiser Permanente
6,Jerry Rosales,28,Diabetes,Surgery,2023-09-08,2023-09-24,Kevin Johnson,Aetna
7,Timothy Jordan,55,Hypertension,Surgery,2023-02-18,2023-03-01,Amy Wu,Aetna
8,Jennifer Mcclure,24,COVID-19,Observation,2025-01-05,2025-01-30,Christine Flores,Blue Cross
9,Regina Rodriguez,70,Diabetes,Observation,2024-11-07,2024-11-29,Natalie Powell,Kaiser Permanente
10,Brianna Vaughn,63,Hypertension,Medication,2024-03-09,2024-03-21,Douglas Wade,Kaiser Permanente
11,Nicholas Cooper,60,Diabetes,Therapy,2024-12-05,2024-12-26,Brittany Smith,UnitedHealthcare
12,Francisco Harris,26,Depression,Therapy,2024-10-19,2024-11-02,Jennifer Contreras,Blue Cross
13,Aaron Russell,2,Arthritis,Therapy,2023-03-01,2023-03-08,Elizabeth Smith,Cigna
14,Emily Johnson,78,Depression,Rehabilitation,2023-12-09,2023-12-23,Larry Shaffer,Cigna
15,Sharon Fritz,64,Arthritis,Observation,2024-11-27,2024-12-19,Shannon Mueller,Kaiser Permanente
16,Taylor Morton,2,COVID-19,Therapy,2023-05-27,2023-06-06,Bradley Fuller,UnitedHealthcare
17,Debbie Lester,88,Arthritis,Observation,2023-05-15,2023-05-31,Walter Shepherd,Blue Cross
18,Daniel Lang,96,Hypertension,Observation,2023-02-27,2023-03-10,Roger Johnson,Cigna
19,David Velez,51,Depression,Medication,2023-05-13,2023-06-04,Alyssa Hopkins,UnitedHealthcare
20,Jon Salazar,65,Allergy,Therapy,2023-03-28,2023-04-10,Nicholas Cline,Aetna
21,Kimberly Hobbs,31,Depression,Rehabilitation,2023-06-03,2023-06-07,Christine Cervantes,Aetna
22,Jennifer White,68,Migraine,Rehabilitation,2023-12-26,2024-01-08,Anthony Williams,Cigna
23,Gina Gray,4,Flu,Medication,2024-09-01,2024-09-28,Cathy Torres,Cigna
24,Eric Martin,97,Hypertension,Therapy,2024-10-24,2024-11-02,Monica Chapman,Aetna
25,Karen Parker,10,Allergy,Medication,2023-09-06,2023-09-27,Brent Lin,Kaiser Permanente
26,Victoria Burnett,94,Asthma,Therapy,2024-05-13,2024-05-16,Connie Taylor,UnitedHealthcare
27,Monica Dudley,16,COVID-19,Medication,2024-08-05,2024-09-03,Catherine Greer,Kaiser Permanente
28,Jason Aguirre PhD,2,Hypertension,Medication,2023-09-06,2023-09-18,Jenna Jones,Cigna
29,Sheri Taylor,22,COVID-19,Observation,2024-07-29,2024-08-22,Erin Schmidt,Aetna
30,Lori Snyder,32,COVID-19,Observation,2023-06-17,2023-07-12,Jillian Thompson,Blue Cross
31,Barbara Peters,59,Allergy,Rehabilitation,2023-10-18,2023-10-20,Joshua Elliott,Kaiser Permanente
32,Brandon Myers,63,Allergy,Surgery,2024-02-18,2024-03-07,Stephanie Hurley,Cigna
33,Daniel Oconnor,16,Asthma,Observation,2024-07-08,2024-07-22,Michael Barnes,Cigna
34,Belinda Graham,16,Flu,Therapy,2024-12-23,2024-12-25,Laura Carr,UnitedHealthcare
35,Gabrielle Wood,68,Migraine,Observation,2023-12-24,2024-01-03,Christina Cooper,Aetna
36,Robin Monroe,72,Arthritis,Rehabilitation,2024-09-25,2024-09-28,Sarah Hill,Blue Cross
37,Jeremiah Simpson,97,Diabetes,Observation,2023-06-15,2023-06-17,Joshua Morris,Kaiser Permanente
38,Tamara Ramirez,48,Flu,Rehabilitation,2025-01-31,2025-02-27,Michael Walker,Aetna
39,Tiffany Moore,6,Diabetes,Medication,2024-02-04,2024-02-12,Gregory Yoder,UnitedHealthcare
40,Ana Durham,11,Asthma,Therapy,2023-12-23,2024-01-09,Tracy Ramos,Cigna
41,Tonya Fowler,32,COVID-19,Therapy,2024-06-12,2024-06-24,Jennifer Sandoval,Cigna
42,Mary Dixon,4,Diabetes,Observation,2023-06-19,2023-07-12,Laura Gibbs,Aetna
43,Zachary Duncan,37,Flu,Therapy,2023-10-20,2023-11-13,Robert Weeks,Aetna
44,Rebecca Cole,54,Flu,Medication,2023-02-17,2023-02-26,Beth Kelly,Blue Cross
45,Teresa Peterson,6,Allergy,Observation,2024-08-15,2024-09-08,John Johnson,Aetna
46,Emma Campos,49,Hypertension,Medication,2024-07-06,2024-07-19,Tiffany Bowman,Cigna
47,Stacie Campbell,66,Flu,Therapy,2023-08-16,2023-09-11,Allen Adams,Aetna
48,Bruce Parker DVM,14,Hypertension,Therapy,2023-07-04,2023-07-11,Margaret Dickson DDS,Cigna
49,Jonathan Rodriguez,12,Flu,Rehabilitation,2024-09-10,2024-10-10,Thomas Gomez,Kaiser Permanente
50,Rhonda Lee,53,Diabetes,Medication,2023-12-31,2024-01-22,Sandra Keith,Aetna
51,Valerie Schmidt,6,Allergy,Rehabilitation,2023-02-22,2023-02-23,Jonathan Booker,UnitedHealthcare
52,David Medina,36,Diabetes,Therapy,2024-11-22,2024-12-03,Miss Rebecca Mccoy,Blue Cross
53,Robert Rodriguez,28,Hypertension,Rehabilitation,2024-09-01,2024-09-20,Aaron Guzman,Blue Cross
54,Julie Bradford,83,Arthritis,Medication,2024-04-14,2024-05-12,Tristan Morrison,Blue Cross
55,Kaitlyn Russell,92,Asthma,Rehabilitation,2024-05-12,2024-06-03,Michael Jackson,Kaiser Permanente
56,Jasmine Butler,6,Depression,Surgery,2023-11-25,2023-12-05,Michael Wilkerson,Blue Cross
57,Terry Werner,37,Arthritis,Medication,2023-07-15,2023-08-12,George Green,Aetna
58,Dustin Hernandez,78,Diabetes,Medication,2024-07-20,2024-08-15,Rebecca Cochran,UnitedHealthcare
59,Heather Martinez,12,Arthritis,Medication,2023-08-04,2023-08-09,Mr. Anthony Wong,Cigna
60,Bonnie Parker,85,Arthritis,Observation,2024-11-11,2024-12-09,Sandra Lewis,Aetna
61,Maria Graham,77,Arthritis,Therapy,2025-01-29,2025-02-04,Martha Griffin,Kaiser Permanente
62,Christina Hill,75,Allergy,Observation,2023-08-28,2023-08-29,Kelly Burton,Aetna
63,Hannah Taylor,76,COVID-19,Rehabilitation,2023-08-02,2023-08-29,Isaac Flores,UnitedHealthcare
64,Christina Tapia,18,Migraine,Medication,2023-04-26,2023-05-06,Christina Howard,UnitedHealthcare
65,Michael Brown,32,Arthritis,Surgery,2024-01-24,2024-02-20,William Lopez,Blue Cross
66,Kimberly Reynolds,61,Hypertension,Rehabilitation,2024-12-06,2024-12-30,Donald Long,Blue Cross
67,Brooke Moore,59,COVID-19,Rehabilitation,2023-11-23,2023-12-22,Kenneth Miller,Blue Cross
68,Travis Gardner,86,Asthma,Medication,2024-06-21,2024-07-01,Amanda Patterson,UnitedHealthcare
69,Shane Larson,37,Flu,Medication,2024-12-10,2024-12-11,Leah Bennett,Aetna
70,Brett Lindsey,75,Allergy,Rehabilitation,2023-03-17,2023-03-26,Douglas Miller,UnitedHealthcare
71,Matthew Reilly,84,Depression,Medication,2024-09-24,2024-10-01,Anthony Douglas,Aetna
72,Lisa Hardy,71,Flu,Medication,2023-09-16,2023-09-22,Charlene Smith,Blue Cross
73,Billy Parker,74,Asthma,Observation,2024-09-22,2024-10-12,Melissa Walker,Aetna
74,Carolyn Sawyer,41,Arthritis,Rehabilitation,2023-06-21,2023-06-22,Christopher Green,Aetna
75,Matthew Carter,100,Allergy,Medication,2023-09-11,2023-09-28,Anthony Woods,Kaiser Permanente
76,Alisha Brown,41,Migraine,Observation,2023-09-13,2023-10-13,Scott Collins,Aetna
77,Lindsay Rodriguez,10,Arthritis,Observation,2023-03-06,2023-04-03,Michelle Little,UnitedHealthcare
78,Elijah Tran,63,COVID-19,Rehabilitation,2024-07-28,2024-08-21,Kerry Rice,UnitedHealthcare
79,Kim Bentley,75,Allergy,Rehabilitation,2024-06-27,2024-07-24,Rose Schneider,Cigna
80,Noah Scott,100,COVID-19,Medication,2023-08-03,2023-08-04,Samantha Ruiz,Aetna
81,John Taylor,89,Allergy,Rehabilitation,2024-08-15,2024-09-03,Ronald Stein,Kaiser Permanente
82,Elizabeth Newman,14,COVID-19,Therapy,2024-04-28,2024-05-11,Logan Turner,Blue Cross
83,Curtis Mckinney,71,Flu,Therapy,2024-09-26,2024-10-10,Steven Miller,Cigna
84,Diane Scott,89,Hypertension,Medication,2023-09-24,2023-09-25,Brandi Wu,Blue Cross
85,Joseph Rice,20,Migraine,Surgery,2023-03-05,2023-03-06,Monica Bailey,Kaiser Permanente
86,Michael Valdez,78,Flu,Therapy,2023-09-11,2023-09-22,Jacqueline Gordon,UnitedHealthcare
87,Samantha Bell,34,Hypertension,Observation,2024-06-11,2024-06-26,Morgan Fletcher,Aetna
88,Timothy Leblanc,39,COVID-19,Rehabilitation,2024-01-23,2024-01-29,Jennifer Scott,Blue Cross
89,Erin Rivera,3,Arthritis,Observation,2024-05-17,2024-06-09,Nathan Johnson,Cigna
90,Allen Williams,3,Migraine,Medication,2024-11-17,2024-12-16,Jason Scott,UnitedHealthcare
91,Andrea Rowe,84,Depression,Rehabilitation,2025-02-11,2025-02-17,Christine Moore,Blue Cross
92,Mrs. Amanda Thomas,14,Allergy,Therapy,2024-02-05,2024-02-18,Joshua Johnson,Kaiser Permanente
93,Brian Hayes,89,Diabetes,Therapy,2023-02-24,2023-03-19,Anthony Knox,UnitedHealthcare
94,Pamela Browning,2,Flu,Therapy,2023-06-27,2023-07-06,Jesse Lang,UnitedHealthcare
95,Adrienne Lee,78,Diabetes,Surgery,2024-09-29,2024-10-21,Keith Little,Aetna
96,Lori Bright,40,Hypertension,Surgery,2024-08-06,2024-08-10,Kim Deleon,Aetna
97,Tracey Good,80,Allergy,Therapy,2024-08-10,2024-09-04,Stephanie Molina,Aetna
98,Ernest Wilson,22,Migraine,Medication,2023-10-30,2023-11-20,Samantha Martinez,Blue Cross
99,Nicholas Adams,85,Diabetes,Rehabilitation,2024-09-13,2024-09-27,Ruben Cooper,Blue Cross
100,Lee Smith,68,Depression,Rehabilitation,2023-11-07,2023-12-03,Jeffery Vaughn DDS,Aetna
101,Brenda Lopez,80,Depression,Observation,2023-06-06,2023-06-26,William Moore,Aetna
102,Austin Gonzalez,53,Flu,Observation,2025-01-23,2025-02-03,Bryan Farmer,Blue Cross
103,Joshua Ellis,56,Flu,Observation,2023-11-27,2023-12-08,Mackenzie Bowen,UnitedHealthcare
104,Steven Dixon,37,Depression,Surgery,2024-02-25,2024-03-04,Lisa Johnson,Aetna
105,Jason Freeman,48,Allergy,Rehabilitation,2023-06-30,2023-07-27,Michele Harrell,UnitedHealthcare
106,Beth Hill,43,Hypertension,Rehabilitation,2024-06-10,2024-06-24,Julie Campbell,Kaiser Permanente
107,Teresa Ellison,46,Depression,Observation,2024-05-31,2024-06-18,Jo Myers,UnitedHealthcare
108,Julia Lawson,18,Migraine,Observation,2023-07-30,2023-08-27,Kimberly Garcia,Aetna
109,Kayla Williams,26,COVID-19,Therapy,2023-11-24,2023-12-04,Eric Wilcox,UnitedHealthcare
110,Jeffrey Carney,11,Migraine,Rehabilitation,2023-03-13,2023-03-25,Charles Santiago,UnitedHealthcare
111,Melissa Webb,61,Diabetes,Observation,2023-03-16,2023-03-19,Robert Dixon,UnitedHealthcare
112,Tiffany Randolph,6,Allergy,Surgery,2023-02-28,2023-03-21,Tiffany Adams,Kaiser Permanente
113,Timothy Tucker,48,COVID-19,Rehabilitation,2023-12-23,2024-01-10,Amber Davis,Kaiser Permanente
114,Olivia Kaufman,8,Arthritis,Rehabilitation,2023-04-04,2023-04-25,Cynthia Thompson,Blue Cross
115,Ashley Washington,0,Migraine,Rehabilitation,2024-01-16,2024-01-29,Miguel Adkins,Blue Cross
116,Hector Williams,100,Hypertension,Medication,2024-11-03,2024-11-22,Eric Greer DVM,Blue Cross
117,Taylor Nichols,51,Depression,Therapy,2024-05-25,2024-06-04,Brandon Hughes,Cigna
118,Antonio Adams,92,Arthritis,Observation,2024-04-30,2024-05-26,Carlos Nicholson,Kaiser Permanente
119,Grace Bradford,35,Asthma,Surgery,2024-10-27,2024-11-20,Mary Avery,Kaiser Permanente
120,Nathan Young,7,Depression,Therapy,2024-07-22,2024-08-18,Yvette Hartman,UnitedHealthcare
121,Summer Moran,31,Arthritis,Observation,2024-06-08,2024-07-03,Morgan Garcia,Kaiser Permanente
122,Sean Velez,82,Diabetes,Rehabilitation,2023-12-18,2024-01-07,Darrell Murphy,UnitedHealthcare
123,James Hardy,14,Asthma,Rehabilitation,2023-10-25,2023-10-28,Christopher Collins,Aetna
124,William Garcia,61,Diabetes,Therapy,2024-09-04,2024-09-29,Shane Riggs,Blue Cross
125,Veronica Roberts,64,Arthritis,Rehabilitation,2024-12-24,2024-12-28,John Gamble,Aetna
126,Sherry Huynh,57,Asthma,Observation,2024-06-14,2024-06-30,Patrick Roberts,Blue Cross
127,John Lambert,36,COVID-19,Therapy,2025-02-02,2025-03-02,William Scott,Blue Cross
128,Damon Patel,90,COVID-19,Therapy,2024-09-04,2024-10-01,Christopher Thomas,Aetna
129,Erica Turner,15,Flu,Rehabilitation,2023-04-14,2023-04-19,Mrs. Brittney Fischer,Blue Cross
130,Nathan Myers,37,Migraine,Observation,2023-06-29,2023-07-01,Candace Watkins,Blue Cross
131,April Banks,54,Asthma,Medication,2023-11-01,2023-11-20,Jody Hubbard DVM,Blue Cross
132,Johnny Sanchez,35,Asthma,Rehabilitation,2023-07-22,2023-07-28,Willie White,UnitedHealthcare
133,Jaclyn Jordan,62,Diabetes,Observation,2023-02-28,2023-03-29,Stephanie Ramsey,Blue Cross
134,Terry Rivera,45,Allergy,Medication,2023-06-16,2023-07-12,Faith Ruiz,UnitedHealthcare
135,Sandy Watts,27,Hypertension,Therapy,2024-03-26,2024-04-12,Natalie Williams,Cigna
136,Stacey Hubbard,67,COVID-19,Rehabilitation,2023-11-10,2023-12-07,Richard Perkins,Cigna
137,Kimberly Garcia DVM,33,Hypertension,Rehabilitation,2023-10-19,2023-11-07,David Perry,Kaiser Permanente
138,Bryan Thompson,30,Migraine,Surgery,2023-04-09,2023-04-29,Alexander Terry,Cigna
139,Virginia Romero,4,COVID-19,Rehabilitation,2025-01-08,2025-01-14,Amy Summers,Aetna
140,Nathan Mcconnell,5,COVID-19,Rehabilitation,2025-01-09,2025-01-10,Elizabeth Spencer,Aetna
141,Julie Garza,19,Hypertension,Observation,2024-03-27,2024-03-30,Connie Roberts,Cigna
142,Cheryl Park,50,Hypertension,Medication,2024-07-10,2024-07-24,Nicholas Allen,UnitedHealthcare
143,Mr. Anthony Young,6,Asthma,Rehabilitation,2024-12-15,2024-12-21,Austin Chavez,Kaiser Permanente
144,Paul Henderson,7,Diabetes,Therapy,2024-12-23,2024-12-29,Jared Lee,UnitedHealthcare
145,Katherine Russell,67,Arthritis,Medication,2024-07-08,2024-07-25,Erika Sanchez,UnitedHealthcare
146,Mr. Alexander Fernandez,67,Allergy,Medication,2024-10-22,2024-11-13,Matthew Banks,Blue Cross
147,Heather Moreno,53,Flu,Medication,2023-12-12,2023-12-21,Anthony Rivera,Blue Cross
148,Christopher Page,34,Depression,Rehabilitation,2024-06-16,2024-06-17,Michelle Baker,Kaiser Permanente
149,Justin Brown,93,Arthritis,Rehabilitation,2025-01-13,2025-02-11,Jacob Hobbs,Blue Cross
150,Henry Gonzales,93,Flu,Observation,2024-11-02,2024-11-12,Kristin Floyd,Blue Cross
151,Jessica Mccarthy,46,Hypertension,Medication,2024-12-11,2024-12-21,Michelle Barnett,UnitedHealthcare
152,Jason Rodriguez,40,Depression,Surgery,2024-07-25,2024-08-11,Molly Jones,UnitedHealthcare
153,Manuel Short,29,Hypertension,Medication,2024-05-17,2024-06-07,Amanda Stevens,Blue Cross
154,Maria Nguyen,21,COVID-19,Observation,2024-09-19,2024-10-16,Sarah Meyer,Cigna
155,William Greene,39,Arthritis,Surgery,2023-06-27,2023-07-05,Jon Newman,UnitedHealthcare
156,Kimberly Gordon,61,Diabetes,Medication,2023-04-20,2023-04-28,Jeremy Watson,Aetna
157,Robert Anderson,29,Hypertension,Medication,2024-10-28,2024-11-13,Zachary Anderson,Cigna
158,Kimberly Rhodes,73,Depression,Medication,2023-11-26,2023-12-24,Justin David,Blue Cross
159,Joann Ferrell,86,Flu,Medication,2025-01-12,2025-01-17,Brian Howard,Kaiser Permanente
160,Wesley Mcgee,54,Migraine,Therapy,2023-03-09,2023-03-17,Mark Anderson,Aetna
161,Jeffery Martin,78,Depression,Rehabilitation,2023-10-25,2023-11-22,Lauren Smith,Kaiser Permanente
162,Franklin Andrews,53,Allergy,Therapy,2023-04-02,2023-04-05,James Cain,Cigna
163,Lawrence Yoder,57,Depression,Therapy,2024-06-08,2024-07-07,Clayton Frank,UnitedHealthcare
164,Anne Matthews,64,Arthritis,Therapy,2023-06-02,2023-06-17,Bobby Rodriguez,Cigna
165,Dawn Robles,64,Asthma,Rehabilitation,2023-07-31,2023-08-04,Tonya Brady,Cigna
166,Sherri Mendez,13,COVID-19,Observation,2024-02-21,2024-03-18,Holly Rhodes,Cigna
167,Miss Lindsay Carter,77,Arthritis,Surgery,2024-06-24,2024-07-14,Anna Johnson,Aetna
168,Craig Krueger,93,Arthritis,Rehabilitation,2023-03-16,2023-04-06,Benjamin Gomez,UnitedHealthcare
169,James Johnson,29,COVID-19,Rehabilitation,2023-04-27,2023-04-28,David Martinez,Kaiser Permanente
170,Selena Wilson,81,Arthritis,Observation,2023-06-27,2023-07-21,Eric Moore,Kaiser Permanente
171,Charles Reed,21,Hypertension,Surgery,2025-02-11,2025-02-15,Edward Morales,Aetna
172,Robert Fleming,38,Flu,Rehabilitation,2024-07-29,2024-08-18,Janet Randolph,Blue Cross
173,Jennifer Moore,20,COVID-19,Surgery,2023-06-17,2023-07-16,Mark Edwards,UnitedHealthcare
174,William Santiago,2,COVID-19,Surgery,2023-05-03,2023-05-05,Harold Walters,Kaiser Permanente
175,Miranda Johns,18,Migraine,Observation,2024-04-18,2024-04-25,Jeffrey Vargas,Kaiser Permanente
176,Anna Cross,40,Asthma,Surgery,2023-10-09,2023-11-04,Virginia Andrews,Aetna
177,Amanda Salas,13,COVID-19,Observation,2024-03-12,2024-03-19,Joanna Peterson,Kaiser Permanente
178,Andrew Taylor,15,Allergy,Rehabilitation,2024-10-10,2024-10-25,Barbara Glover,Blue Cross
179,John Figueroa,41,Asthma,Therapy,2024-03-28,2024-04-16,Lucas King,Kaiser Permanente
180,Paul Lee,1,Depression,Surgery,2024-04-27,2024-05-04,Linda Cunningham,Kaiser Permanente
181,Andrew Garcia,48,Hypertension,Rehabilitation,2024-10-06,2024-11-01,Rebecca Williams,Cigna
182,Shaun Hernandez,14,Flu,Medication,2024-05-15,2024-06-13,Ashley Flores,Aetna
183,Dr. Karen Potts,87,COVID-19,Therapy,2023-02-15,2023-03-16,Leslie Potts,Kaiser Permanente
184,Justin Gill,33,Diabetes,Surgery,2024-04-30,2024-05-19,Christopher Johnson,Kaiser Permanente
