patient_id,name,age,gender,diagnosis,treatment,admission_date,discharge_date,doctor,insurance_provider
1,Samantha Ramos,97,Male,Diabetes,Rehabilitation,2023-07-02,2023-07-15,Clifford Taylor,UnitedHealthcare
2,Erin Choi,69,Male,Hypertension,Therapy,2024-07-01,2024-07-10,Rebecca Davis,Cigna
3,Ashley Watkins,50,Male,Flu,Medication,2024-05-12,2024-05-31,Angela Mitchell,Aetna
4,Amy Caldwell,41,Male,COVID-19,Medication,2024-11-12,2024-11-23,Casey Ellison,Kaiser Permanente
5,Mason Salas,24,Female,Diabetes,Rehabilitation,2024-04-18,2024-05-17,Dennis Lopez,Kaiser Permanente
6,Sonya Weber,56,Female,Asthma,Rehabilitation,2024-05-09,2024-06-06,James Smith,Blue Cross
7,Matthew Morris,64,Other,Migraine,Observation,2023-03-15,2023-03-17,Melissa Meadows,Kaiser Permanente
8,Maria Fernandez,40,Other,Migraine,Therapy,2023-05-17,2023-05-22,Melissa Garcia,UnitedHealthcare
9,Nancy Short,36,Male,Diabetes,Surgery,2023-11-02,2023-11-20,Corey Williams,UnitedHealthcare
10,Mark Harris,70,Other,Asthma,Surgery,2023-12-02,2023-12-23,Erik Sanchez,Aetna
11,Bruce Flynn,82,Male,Arthritis,Therapy,2024-06-05,2024-06-27,Erica Alvarado,Blue Cross
12,Robert Wright,73,Male,Arthritis,Rehabilitation,2024-11-28,2024-12-02,Melissa Ramos,Kaiser Permanente
13,Steven Zuniga,1,Female,Allergy,Therapy,2024-02-09,2024-02-11,Vickie Jackson,Blue Cross
14,Nancy Morales,22,Female,Asthma,Therapy,2024-12-06,2024-12-09,Kathryn Hall,Blue Cross
15,Patrick Rasmussen,6,Female,Migraine,Surgery,2023-03-18,2023-03-30,Denise Pennington,UnitedHealthcare
16,Jose Beck,63,Other,COVID-19,Medication,2024-02-17,2024-02-26,Marc Blackburn,Cigna
17,Jordan Dillon,63,Male,Diabetes,Observation,2024-04-06,2024-05-04,Kyle Evans DVM,Kaiser Permanente
18,Richard Alexander,70,Female,Diabetes,Surgery,2024-05-27,2024-06-02,William Long,Blue Cross
19,David Roberts,89,Male,COVID-19,Therapy,2024-10-30,2024-11-27,Barbara Martinez,Blue Cross
20,Lauren Palmer,70,Male,Asthma,Surgery,2023-07-19,2023-07-21,Roberta Davis,Aetna
21,Kimberly Wood,57,Other,Diabetes,Therapy,2023-08-20,2023-08-31,Cassandra Freeman,Kaiser Permanente
22,James Jacobson,87,Other,Hypertension,Surgery,2024-05-26,2024-06-25,Sarah Evans,UnitedHealthcare
23,Tiffany Powell,39,Other,Hypertension,Surgery,2023-12-15,2023-12-24,Laura Marks,Aetna
24,David Daniel,52,Other,Migraine,Rehabilitation,2024-04-27,2024-05-02,Karen Morris,UnitedHealthcare
25,Jonathon Roy,68,Other,Diabetes,Observation,2024-05-09,2024-05-30,Rebecca Watson,Cigna
26,Jessica Burke,24,Female,Allergy,Observation,2024-01-19,2024-02-08,Stephanie Alvarado,Blue Cross
27,Martin Powell,27,Female,Asthma,Therapy,2024-10-17,2024-10-18,Veronica Edwards,UnitedHealthcare
28,Michael Walker,66,Female,Diabetes,Rehabilitation,2023-08-20,2023-09-07,Karen Salas,Kaiser Permanente
29,Aaron Carr,21,Male,Hypertension,Medication,2023-08-03,2023-09-02,Barry Herring,Blue Cross
30,Vanessa Manning,22,Female,Allergy,Medication,2023-06-27,2023-07-27,Stacey Ayers,Kaiser Permanente
31,Cynthia Santiago,39,Male,Flu,Therapy,2023-06-12,2023-06-19,Brandon Sweeney,Aetna
32,Laura Jennings,80,Female,Diabetes,Observation,2024-05-07,2024-05-28,Frederick Fitzpatrick,Aetna
33,Tammy Williams,47,Female,Depression,Observation,2023-11-24,2023-12-15,Lori Hall,Kaiser Permanente
34,Luis Love DVM,93,Other,Hypertension,Surgery,2023-04-29,2023-05-20,Matthew Sweeney,Aetna
35,Andrea Brown,23,Male,Arthritis,Medication,2024-12-18,2025-01-02,Brady White,Cigna
36,David Black,60,Male,Asthma,Rehabilitation,2024-07-08,2024-07-25,Victoria Patterson,Kaiser Permanente
37,Angelica Flores,86,Female,Asthma,Surgery,2023-04-29,2023-05-04,Denise Williamson,Kaiser Permanente
38,Benjamin Soto,13,Male,Migraine,Therapy,2023-07-02,2023-07-26,Michael Thompson,Cigna
39,Tommy Cox,68,Male,Hypertension,Observation,2024-05-15,2024-06-12,Mark Bautista,Blue Cross
40,Billy Mitchell,50,Other,Diabetes,Medication,2023-10-16,2023-11-04,Susan Cruz,Blue Cross
41,Veronica Johnson,90,Female,Allergy,Surgery,2023-12-01,2023-12-22,William Anderson,Cigna
42,William Mitchell,78,Female,Diabetes,Surgery,2024-06-27,2024-07-18,Angela Scott,Cigna
43,James Campbell,75,Male,Arthritis,Surgery,2024-06-30,2024-07-26,Deborah Dean,Cigna
44,Zachary Palmer,2,Male,Migraine,Observation,2023-09-02,2023-09-22,Seth Giles,Cigna
45,Sarah Barber,87,Male,Allergy,Therapy,2024-05-07,2024-06-06,Howard Goodwin,Blue Cross
46,Dean Cook,43,Other,COVID-19,Surgery,2024-04-28,2024-05-13,Heather Ferguson,Blue Cross
47,Duane Griffin,16,Female,COVID-19,Rehabilitation,2024-08-04,2024-08-05,Kevin West,Cigna
48,Cynthia Lopez,78,Female,Arthritis,Rehabilitation,2023-04-27,2023-05-11,Robert Jones,Aetna
49,Kayla Reilly,58,Female,Depression,Observation,2023-08-25,2023-09-02,Pamela Cochran,Blue Cross
50,Kevin Chen,0,Male,Hypertension,Observation,2023-03-21,2023-04-04,Lee Petty,UnitedHealthcare
51,Kristopher Johnson,30,Female,Arthritis,Therapy,2024-04-23,2024-05-09,Charles Arellano,UnitedHealthcare
52,David Goodwin,100,Male,Depression,Therapy,2024-09-22,2024-10-13,Courtney Austin,Blue Cross
53,Stacey Smith MD,2,Female,Arthritis,Surgery,2023-10-23,2023-11-18,Sheila Martin,Aetna
54,Michael Lee,93,Male,Asthma,Rehabilitation,2023-10-07,2023-10-20,Tyrone Rhodes,Kaiser Permanente
55,Dean Carr,12,Other,Flu,Rehabilitation,2024-06-10,2024-06-27,Teresa Lynch,Kaiser Permanente
56,Haley Anderson,98,Male,Allergy,Therapy,2023-05-01,2023-05-31,Gloria David,Aetna
57,Russell Anderson,61,Other,Flu,Medication,2023-04-21,2023-05-20,Mary Munoz,Kaiser Permanente
58,Joshua Garcia,10,Female,Allergy,Rehabilitation,2023-11-28,2023-11-29,Paul Wood,UnitedHealthcare
59,Ronald Fletcher,87,Female,Arthritis,Medication,2024-03-18,2024-04-04,Wanda Webb,Aetna
60,Rodney Porter,100,Other,Allergy,Surgery,2024-07-24,2024-08-17,Kelly Harris,UnitedHealthcare
61,Suzanne Best,27,Female,Diabetes,Surgery,2023-12-20,2024-01-10,Dr. Mariah Wise,Aetna
62,Sheila Velez,98,Male,Arthritis,Observation,2024-11-28,2024-12-08,William Green,Cigna
63,Jasmine Novak,96,Male,Depression,Therapy,2023-09-09,2023-09-22,Keith Pennington,Cigna
64,Melinda Conrad,58,Male,Flu,Medication,2023-07-01,2023-07-30,James Myers,Kaiser Permanente
65,Sarah Chavez,39,Other,COVID-19,Surgery,2023-09-23,2023-10-07,Sarah White,Blue Cross
66,Hannah Martin,97,Other,Depression,Medication,2024-01-30,2024-02-14,Shelby Jones,Kaiser Permanente
67,Tiffany Ellis,75,Male,Flu,Surgery,2023-12-03,2023-12-13,Mr. Jose Joyce Jr.,Aetna
68,Kenneth Lee,64,Female,Arthritis,Therapy,2023-05-01,2023-05-13,Steven Thompson,Blue Cross
69,Teresa Carter,37,Female,Arthritis,Observation,2024-12-16,2024-12-31,David Johnson,Blue Cross
70,Daniel Cameron,6,Male,Depression,Rehabilitation,2024-11-02,2024-11-15,Angela Zimmerman,UnitedHealthcare
71,Louis Wood,79,Male,Diabetes,Therapy,2024-08-06,2024-09-01,John Lang,Blue Cross
72,Jesse Johnson,45,Male,Asthma,Medication,2024-02-18,2024-03-13,Anthony Robinson,UnitedHealthcare
73,Desiree Beck,70,Other,Arthritis,Rehabilitation,2024-06-24,2024-07-08,Jacob Morgan,Blue Cross
74,Jose Rhodes,68,Other,Flu,Therapy,2023-10-18,2023-11-05,Amy Novak,Cigna
75,William Marsh,88,Male,Arthritis,Therapy,2023-09-17,2023-09-27,Kristi Adams,Aetna
76,Teresa Owens,58,Other,Allergy,Surgery,2024-10-08,2024-10-26,Susan Cruz,Kaiser Permanente
77,Lynn Tran MD,66,Other,Diabetes,Surgery,2023-02-26,2023-03-20,Brittany Schaefer,Kaiser Permanente
78,James Price,47,Male,Migraine,Surgery,2024-09-02,2024-09-08,David Dickerson,Aetna
79,Susan Peterson,48,Other,Hypertension,Medication,2023-06-24,2023-07-07,Christopher Barron,Blue Cross
80,Erin Morrison,82,Female,Arthritis,Medication,2024-11-25,2024-12-07,David Martin,Cigna
81,Brandy Kennedy,88,Male,Diabetes,Rehabilitation,2023-02-17,2023-03-03,John Solomon MD,Blue Cross
82,Benjamin Walker,27,Other,Asthma,Medication,2024-09-19,2024-10-13,Megan Rivera,Blue Cross
83,Jacqueline Collins,82,Male,Asthma,Observation,2024-01-06,2024-01-24,Renee Shaffer,UnitedHealthcare
84,Pam King,5,Female,Depression,Rehabilitation,2024-09-28,2024-10-20,Tina Skinner,Aetna
85,William Garcia,6,Female,COVID-19,Therapy,2023-05-14,2023-06-13,Jacqueline Miller,Blue Cross
86,Kenneth Walker,27,Other,Flu,Observation,2023-09-19,2023-10-01,Yolanda Rivera,Blue Cross
87,Christina Baker,9,Other,Flu,Surgery,2023-11-28,2023-12-24,Jennifer Lang,Aetna
88,Heather Cervantes,20,Male,Allergy,Rehabilitation,2023-08-27,2023-09-19,Dylan Joseph,Blue Cross
89,Roberta Brooks,1,Male,Arthritis,Observation,2023-05-26,2023-06-09,Margaret Leon,Blue Cross
90,Deborah Duncan,85,Female,Hypertension,Observation,2023-11-23,2023-12-07,Steven Rogers,Kaiser Permanente
91,Daniel Reyes,98,Other,Diabetes,Surgery,2024-07-30,2024-08-13,Krystal Cooper,Cigna
92,Heather Hebert,87,Female,Migraine,Surgery,2024-06-13,2024-06-19,Lauren Phillips,UnitedHealthcare
93,Candice Sloan,46,Male,Allergy,Therapy,2023-06-10,2023-07-04,Kevin Patel,UnitedHealthcare
94,Daryl Landry,28,Female,Depression,Medication,2023-07-31,2023-08-07,Barbara Levy,UnitedHealthcare
95,David Williams,53,Male,Flu,Therapy,2023-09-28,2023-10-14,Jennifer Schwartz,Cigna
96,Jennifer King,39,Other,Allergy,Observation,2024-05-16,2024-05-21,Gregory Anderson,Kaiser Permanente
97,Ian Ruiz,74,Male,Allergy,Medication,2023-08-29,2023-09-27,Zoe Santos,Blue Cross
98,Andrew Ward,38,Male,COVID-19,Surgery,2024-07-04,2024-07-12,Dr. Alexander Greer PhD,Cigna
99,Amanda Bryant,48,Other,Allergy,Surgery,2024-10-23,2024-10-24,Bridget Harris,UnitedHealthcare
100,April Hammond,58,Other,Allergy,Surgery,2023-05-07,2023-05-29,Drew Martinez,Kaiser Permanente
101,Jennifer Campos,21,Other,Arthritis,Rehabilitation,2025-01-11,2025-01-24,Eric Giles,Aetna
102,Gregory Duncan,35,Female,COVID-19,Therapy,2024-05-20,2024-06-14,Sierra Burke,Aetna
103,Adrienne Knapp,61,Female,Hypertension,Medication,2023-07-25,2023-07-28,Jon Hernandez,Blue Cross
104,Jordan Lawson,75,Female,COVID-19,Medication,2023-10-14,2023-11-01,Valerie Castillo,UnitedHealthcare
105,John Moore,77,Male,Depression,Surgery,2023-11-24,2023-12-01,Allen Herrera,Kaiser Permanente
106,Jenna Contreras,74,Other,Diabetes,Surgery,2024-02-12,2024-02-23,Kaitlyn Jimenez,Cigna
107,Dr. Steven Terry,9,Other,Asthma,Observation,2023-06-24,2023-06-26,Bryan Hernandez,UnitedHealthcare
108,Andrew Gonzalez,93,Female,Migraine,Therapy,2024-07-06,2024-07-10,Lauren Davis,Cigna
109,Gene Evans,76,Male,Migraine,Rehabilitation,2024-08-18,2024-09-17,Christine Knight,UnitedHealthcare
110,Wendy Russell,39,Female,Hypertension,Therapy,2023-12-19,2023-12-31,Samuel Smith,Aetna
111,Jennifer Payne,35,Other,Flu,Observation,2023-11-07,2023-12-05,Margaret Brown,Kaiser Permanente
112,Christina Clayton,87,Female,Migraine,Surgery,2024-10-21,2024-10-30,Sherri Hill,Blue Cross
113,Keith Mcmahon,0,Male,Flu,Therapy,2025-01-18,2025-02-14,Jesse Hood,Kaiser Permanente
114,Ronald Weaver,61,Female,Diabetes,Observation,2023-09-10,2023-09-22,Derek Jones,Kaiser Permanente
115,Karen Paul,83,Male,COVID-19,Medication,2023-09-07,2023-10-04,Adam Delgado,UnitedHealthcare
116,April Padilla,100,Male,Hypertension,Medication,2024-03-08,2024-04-05,Peter Garcia,Kaiser Permanente
117,Richard Ray,15,Male,Asthma,Surgery,2023-06-06,2023-06-30,Kathleen Montoya,Blue Cross
118,Sandra Walker,68,Other,Flu,Observation,2023-09-02,2023-09-18,Katelyn Jones,Blue Cross
119,James Davis,32,Male,Hypertension,Therapy,2024-03-18,2024-04-16,Thomas Bryan,Blue Cross
120,Robert Phillips,10,Other,Migraine,Medication,2023-03-17,2023-03-25,Ryan Freeman,Blue Cross
121,Andrea Hartman,3,Female,Hypertension,Rehabilitation,2023-11-11,2023-12-03,Gary Carr,Kaiser Permanente
122,Patricia Oneill,28,Female,Depression,Observation,2024-01-29,2024-02-22,Edward Williams,Aetna
123,James Mathews,62,Other,COVID-19,Medication,2024-03-22,2024-04-02,Steven Rogers,Cigna
124,Robert Thompson,32,Female,Allergy,Therapy,2023-05-24,2023-06-22,Melissa Wright,Aetna
125,Terry Allen,35,Male,COVID-19,Surgery,2023-11-03,2023-11-30,Jeffrey Williams,Blue Cross
126,Dana Morales,96,Female,COVID-19,Observation,2023-03-09,2023-03-28,Jared Edwards,Blue Cross
127,Brian Hoffman,37,Male,Depression,Surgery,2023-08-22,2023-08-24,Andrea Brown,Kaiser Permanente
128,Bradley Carson,13,Female,Migraine,Surgery,2024-07-14,2024-07-27,Angela Owens MD,Kaiser Permanente
129,Erica Miller,67,Other,Asthma,Observation,2023-04-22,2023-04-28,Mark Rivera,UnitedHealthcare
130,Adrian Bowers,80,Other,Arthritis,Therapy,2024-09-09,2024-10-07,Gina Daniels,Cigna
131,Maria Anderson,85,Female,Hypertension,Therapy,2023-04-14,2023-05-02,Ryan Blair,Aetna
132,Candace Wilson,31,Female,COVID-19,Therapy,2025-01-24,2025-02-02,Deanna Holt,Blue Cross
133,Jonathan Doyle,74,Male,Migraine,Surgery,2023-03-15,2023-03-17,Joel Clay,Cigna
134,Raymond Gonzalez,54,Male,Depression,Rehabilitation,2023-11-01,2023-11-23,Chris Barber,UnitedHealthcare
135,Cory Kim,24,Male,Hypertension,Observation,2023-08-19,2023-08-20,Richard Hamilton,Kaiser Permanente
136,Teresa Potter,64,Female,Arthritis,Therapy,2024-01-31,2024-02-16,Marc Franklin,Aetna
137,John Jordan,66,Male,Migraine,Surgery,2024-01-01,2024-01-30,Michelle Morales,Cigna
138,Alex Wilson,51,Male,Hypertension,Therapy,2023-12-02,2023-12-19,Steven Jordan,Cigna
139,Kathleen Harmon,48,Other,Allergy,Therapy,2023-05-06,2023-05-25,Penny Kennedy,Blue Cross
140,Brian Jordan,94,Other,Hypertension,Observation,2025-01-06,2025-01-24,Michelle Daniels,Cigna
141,Dawn Hall,42,Male,Flu,Therapy,2024-05-09,2024-05-31,Jo Fletcher,UnitedHealthcare
142,Jonathan Robinson,72,Female,Depression,Observation,2025-02-05,2025-03-03,Joshua Mckinney,UnitedHealthcare
143,Joshua Orozco,7,Male,Migraine,Rehabilitation,2023-10-18,2023-11-03,Joshua Dodson,UnitedHealthcare
144,Robert Nelson,17,Female,COVID-19,Medication,2023-10-31,2023-11-20,Sandra Maddox,Aetna
145,Evan Byrd,47,Female,Flu,Observation,2024-06-19,2024-07-16,John Mcfarland,UnitedHealthcare
146,Vincent Martinez,82,Other,Asthma,Observation,2023-06-23,2023-07-12,Melissa Johnson,Cigna
147,Rachel Madden,70,Other,Flu,Medication,2024-12-29,2025-01-05,Peter Walker,Kaiser Permanente
148,Julie Webb,38,Female,Depression,Surgery,2024-12-04,2024-12-13,Rodney Petty,UnitedHealthcare
149,Timothy Mendez,75,Male,Allergy,Surgery,2023-08-16,2023-09-03,Randy Kidd,Aetna
150,Pam Callahan,78,Female,Diabetes,Therapy,2024-01-25,2024-02-05,Samuel Collins,UnitedHealthcare
151,Lisa Collins,70,Female,COVID-19,Observation,2023-12-04,2023-12-23,Donald Hays,Kaiser Permanente
152,Brandon Evans,51,Male,Flu,Surgery,2023-09-16,2023-10-10,Brian Smith,Kaiser Permanente
153,Donna Freeman,88,Other,COVID-19,Observation,2023-05-14,2023-06-01,Donald Griffin,Cigna
154,Maria Baker,53,Male,Flu,Surgery,2024-05-03,2024-05-25,Michael Adams,UnitedHealthcare
155,Stephanie Johnson,88,Female,Allergy,Observation,2023-12-05,2023-12-16,Natalie Roth,Blue Cross
156,Stephen Lee,31,Female,Migraine,Therapy,2024-02-03,2024-02-10,Brittany Bauer,Kaiser Permanente
157,Amber Willis,14,Female,Depression,Surgery,2023-09-11,2023-10-01,Maria Bell,Aetna
158,Danielle Briggs,64,Other,COVID-19,Rehabilitation,2023-11-15,2023-11-22,Nathaniel Brown,Kaiser Permanente
159,Michael Rogers,55,Other,Flu,Rehabilitation,2024-03-24,2024-04-06,Eric Cooper,Kaiser Permanente
160,Donna Kelly,28,Female,Flu,Therapy,2024-11-21,2024-12-15,Sarah Fisher,Cigna
161,Danielle Dalton,7,Male,COVID-19,Medication,2023-10-15,2023-11-02,Miss Nichole Mejia,Blue Cross
162,Jason Hernandez,10,Other,COVID-19,Therapy,2023-04-25,2023-05-10,Steven Peters,Blue Cross
163,Jose Robinson,50,Other,Asthma,Rehabilitation,2024-01-05,2024-01-16,William Norman,UnitedHealthcare
164,Ronald Ingram,55,Male,Arthritis,Observation,2024-07-07,2024-08-03,Heather Snyder,Aetna
165,Paul Adams,82,Other,Allergy,Surgery,2023-09-11,2023-10-02,Michele Davidson,Blue Cross
166,Whitney Holt,53,Female,Migraine,Therapy,2023-12-06,2023-12-26,Jimmy Henderson,UnitedHealthcare
167,James Woods,90,Male,COVID-19,Therapy,2023-02-28,2023-03-20,Wendy Curtis,Cigna
168,Sarah Smith,72,Other,COVID-19,Surgery,2024-06-02,2024-06-23,Christopher Jones,UnitedHealthcare
169,Adam Anderson,80,Male,Diabetes,Observation,2024-05-29,2024-06-25,Mark Bright,UnitedHealthcare
170,Melissa Reynolds,27,Other,COVID-19,Medication,2024-02-14,2024-02-25,Mark Hill,UnitedHealthcare
171,Mr. Kenneth Sanchez MD,38,Female,Allergy,Surgery,2023-09-14,2023-09-26,Emily Armstrong,Kaiser Permanente
