patient_id,name,age,gender,diagnosis,treatment,admission_date,discharge_date,doctor,insurance_provider
1,Sylvia Bell,34,Female,Depression,Observation,2024-03-20,2024-03-23,Garrett Wilson,Cigna
2,Joseph Wright,29,Other,Arthritis,Therapy,2023-08-05,2023-08-16,Jose Smith,Blue Cross
3,Pamela Hamilton,87,Male,Allergy,Surgery,2024-12-31,2025-01-18,Anthony Montgomery,Blue Cross
4,Ryan Clark,25,Male,Depression,Medication,2024-09-18,2024-09-20,Christina Tucker,Aetna
5,William Garza,34,Other,Asthma,Observation,2024-05-16,2024-06-15,Charles Greene,Kaiser Permanente
6,Samuel Henry,19,Female,Allergy,Surgery,2024-06-23,2024-07-21,Gregory Drake,Blue Cross
7,Christine Cruz,34,Male,Migraine,Surgery,2024-06-21,2024-06-30,Jason Williamson,Blue Cross
8,Travis Thomas,81,Male,Flu,Therapy,2024-09-30,2024-10-25,Michael Bennett,Aetna
9,Shannon Gibson,82,Male,Diabetes,Therapy,2025-02-07,2025-02-10,Robert Terry,Aetna
10,Joy Rivera,46,Female,Flu,Therapy,2023-09-13,2023-10-11,Nicholas Dougherty,Blue Cross
11,Shelley Carter,78,Other,Allergy,Surgery,2024-03-27,2024-04-18,Shelby Walker,Cigna
12,Beverly Mclaughlin,25,Other,Arthritis,Observation,2024-12-18,2024-12-30,Leslie Collins,Aetna
13,Johnny Acosta,4,Other,Migraine,Medication,2024-06-27,2024-07-21,Todd Potter,Cigna
14,Kenneth Hernandez,47,Male,COVID-19,Therapy,2023-08-19,2023-09-08,Randy Keith,UnitedHealthcare
15,Elizabeth Davis,70,Male,Allergy,Surgery,2025-02-01,2025-02-15,Yolanda Jones,Aetna
16,Janet Nelson,71,Male,Arthritis,Observation,2023-09-22,2023-10-02,Kara Bennett,Blue Cross
17,David Burnett,79,Female,Arthritis,Therapy,2024-12-14,2024-12-20,Gloria Sanders,UnitedHealthcare
18,Stacey Douglas,13,Female,Diabetes,Rehabilitation,2023-02-22,2023-03-01,Victoria Baker,Cigna
19,Jessica Nicholson,34,Female,Depression,Rehabilitation,2023-02-15,2023-02-20,Mary Peterson,Kaiser Permanente
20,Danny Melton,5,Male,Hypertension,Observation,2023-12-07,2024-01-05,Jeffrey Lewis,Cigna
21,Michael Bonilla,54,Other,Arthritis,Therapy,2024-08-11,2024-09-03,Tammy Harris,Kaiser Permanente
22,John Orr,62,Other,Diabetes,Rehabilitation,2023-09-19,2023-09-21,Colton Prince,UnitedHealthcare
23,Carla Campbell,26,Male,Arthritis,Rehabilitation,2023-12-15,2024-01-01,Erin Simmons,Blue Cross
24,Debbie Vega,56,Female,Hypertension,Therapy,2023-10-04,2023-11-03,Cathy Valentine,Blue Cross
25,Krystal Smith,3,Male,Flu,Rehabilitation,2024-08-01,2024-08-28,Mckenzie Oconnor,UnitedHealthcare
26,Emily Fuentes,59,Male,Asthma,Medication,2023-10-20,2023-11-18,Melanie Brown,Kaiser Permanente
27,Katherine Logan,11,Male,Migraine,Surgery,2024-05-10,2024-05-27,Jennifer Rubio,Cigna
28,Jose Ayala,34,Female,Diabetes,Therapy,2023-04-28,2023-05-06,James Torres,Blue Cross
29,Rachel Combs,16,Other,Migraine,Rehabilitation,2023-12-03,2024-01-01,Ashley Allen,Blue Cross
30,Donald Hall,84,Male,Asthma,Rehabilitation,2024-09-26,2024-10-23,Jamie Miles,Kaiser Permanente
31,John Myers,7,Other,Hypertension,Surgery,2023-02-25,2023-03-27,Mrs. Sarah Aguilar MD,UnitedHealthcare
32,Sherri Holder,94,Female,Flu,Observation,2024-06-22,2024-07-01,Nancy Flores,Blue Cross
33,Christopher Davis,90,Female,Hypertension,Rehabilitation,2024-08-23,2024-09-12,Antonio Vaughan,Kaiser Permanente
34,Charles Cannon,85,Other,Hypertension,Rehabilitation,2024-05-03,2024-05-30,Jonathan Stark,Kaiser Permanente
35,Matthew Moore,33,Male,Arthritis,Therapy,2024-11-28,2024-12-09,Tiffany Brady,Kaiser Permanente
36,Olivia Holloway,61,Male,Diabetes,Therapy,2024-05-11,2024-05-12,Rebecca Brown,UnitedHealthcare
37,Amy Parrish,40,Other,Migraine,Surgery,2023-10-02,2023-10-08,Christine Willis,Cigna
38,Kayla Keller,71,Other,Diabetes,Medication,2024-09-03,2024-09-30,Edwin Garcia,Blue Cross
39,Alexis Mendoza,3,Other,Migraine,Observation,2023-09-11,2023-09-15,Trevor Mcclain,Blue Cross
40,Michelle Whitehead,80,Male,Asthma,Therapy,2024-01-15,2024-02-05,William Salas,Cigna
41,Mark Trevino,50,Female,Migraine,Observation,2024-11-30,2024-12-29,Danielle Harris,Aetna
42,Pedro Nguyen,45,Female,COVID-19,Rehabilitation,2025-02-01,2025-02-25,Amanda Harrington,Kaiser Permanente
43,Mr. William Hunter,46,Female,Migraine,Therapy,2023-05-08,2023-06-06,Nancy Levine,UnitedHealthcare
44,Cassandra Santana,93,Male,Hypertension,Therapy,2023-11-18,2023-12-18,Kimberly Grant,UnitedHealthcare
45,Jorge Francis,57,Female,Migraine,Medication,2024-01-08,2024-01-24,Amanda Adams,UnitedHealthcare
46,Kevin West,7,Other,Arthritis,Medication,2025-02-01,2025-02-15,Randy Davis,Aetna
47,Cindy Villa,33,Male,Allergy,Observation,2024-11-30,2024-12-06,Jerome Henderson,Aetna
48,Charles Hughes,62,Female,Migraine,Observation,2023-11-30,2023-12-27,Elizabeth Anderson,Blue Cross
49,Katherine Crosby,3,Female,Diabetes,Rehabilitation,2024-08-14,2024-08-30,Kyle Campbell,Blue Cross
50,Marcus Smith,76,Other,Flu,Observation,2024-04-16,2024-05-08,Amanda Hill,Kaiser Permanente
51,Diana Ponce,64,Female,Allergy,Observation,2024-12-27,2025-01-13,John Holland,Kaiser Permanente
52,Nicole Perkins,45,Female,COVID-19,Medication,2024-05-24,2024-06-08,Curtis Hunt,Aetna
53,William Pace,15,Female,Flu,Observation,2023-10-18,2023-11-05,Carly Casey,Cigna
54,Erica Haynes,20,Male,Depression,Therapy,2023-12-06,2023-12-14,Gregory Whitehead,UnitedHealthcare
55,Deborah Bailey,76,Male,COVID-19,Medication,2023-12-11,2023-12-15,Melissa Dawson,UnitedHealthcare
56,Tina Johnson,34,Other,Arthritis,Medication,2024-06-03,2024-06-09,Stacy Mullins,Blue Cross
57,Thomas Hall,84,Other,Asthma,Surgery,2024-11-29,2024-12-05,Sarah Joyce,UnitedHealthcare
58,Daniel Hunt,81,Other,Arthritis,Observation,2024-04-23,2024-04-24,Courtney Owens,UnitedHealthcare
59,Robert Jefferson,92,Female,COVID-19,Rehabilitation,2023-09-15,2023-09-16,Chase Davis,Cigna
60,Danielle Thomas,100,Male,Flu,Rehabilitation,2023-09-14,2023-09-30,Alexander Owens,Blue Cross
61,Mario Lopez,14,Female,Hypertension,Observation,2023-06-10,2023-06-29,David Alvarado,Blue Cross
62,Richard Webb,53,Other,Flu,Rehabilitation,2024-12-29,2025-01-23,Tammy Peterson,Cigna
63,David Chen,41,Male,Depression,Observation,2024-02-18,2024-02-26,Lisa Edwards,Cigna
64,Michael Miller,51,Male,Flu,Observation,2024-09-19,2024-09-26,Kerry Lopez MD,Kaiser Permanente
65,Samantha Reynolds,22,Female,Migraine,Rehabilitation,2024-04-09,2024-04-23,Sierra Peterson,UnitedHealthcare
66,Laura Hoffman,93,Other,Allergy,Rehabilitation,2024-05-26,2024-06-17,Nicholas Carson,UnitedHealthcare
67,Matthew Barron II,20,Female,Allergy,Surgery,2023-12-04,2023-12-21,Emily Burns,Kaiser Permanente
68,Deborah Anderson,33,Male,Depression,Observation,2023-07-05,2023-07-18,Kelly Green,Aetna
69,Julian Bates,85,Male,Flu,Observation,2024-09-15,2024-10-01,Tamara Baldwin,Aetna
70,Melissa Jackson,47,Other,Asthma,Rehabilitation,2024-10-23,2024-11-15,Dr. Melvin Jackson,UnitedHealthcare
71,Ashlee Conley,24,Female,Diabetes,Therapy,2023-09-21,2023-10-10,Jennifer Martin,Aetna
72,Jessica Knox,97,Female,Depression,Observation,2024-08-27,2024-09-02,Sarah Owens,Blue Cross
73,Susan Bates,44,Female,Migraine,Medication,2023-09-24,2023-10-10,Teresa Morris,UnitedHealthcare
74,David Johns,82,Female,Migraine,Therapy,2023-03-24,2023-04-23,Billy Cooper,UnitedHealthcare
75,David Willis,54,Other,Diabetes,Rehabilitation,2024-04-05,2024-04-23,Karen Russell,Aetna
76,Pamela Martinez,6,Male,Asthma,Rehabilitation,2024-02-10,2024-02-14,Megan Martin,Cigna
77,Ricky Johnson,74,Female,Flu,Medication,2023-11-06,2023-12-06,Brianna Gregory,Kaiser Permanente
78,Joel Barron,77,Male,Asthma,Observation,2024-04-29,2024-05-25,Jim Smith,Kaiser Permanente
79,Kelly Harper,26,Female,Allergy,Therapy,2023-06-06,2023-06-28,David Johnson,Kaiser Permanente
80,Mary Morales,35,Male,Flu,Surgery,2023-07-24,2023-08-04,Joseph Rangel,UnitedHealthcare
81,Susan Fuller,7,Female,Asthma,Rehabilitation,2023-08-31,2023-09-29,Paul Odonnell,Aetna
82,John Murray,75,Male,Allergy,Medication,2024-01-16,2024-02-13,Betty Rivas,Cigna
83,Nathan Brown,85,Other,Hypertension,Rehabilitation,2024-12-13,2024-12-21,Andrew Morales,Blue Cross
84,Charles Williams,24,Male,Flu,Medication,2023-10-19,2023-10-29,Tracey Thompson,UnitedHealthcare
85,Lauren Cochran,16,Female,COVID-19,Therapy,2023-07-11,2023-08-01,Lisa Hart,Cigna
86,Marc Thomas,27,Female,Flu,Medication,2025-01-26,2025-02-24,Wendy Hayes,Aetna
87,Eugene Miller,99,Other,Diabetes,Medication,2024-05-29,2024-06-02,Jamie Wilson,Kaiser Permanente
88,Karen Gross,73,Other,Allergy,Medication,2024-10-16,2024-11-14,Michael Washington,Cigna
89,Nancy Porter,91,Male,COVID-19,Rehabilitation,2024-05-19,2024-06-15,Suzanne Stanton,UnitedHealthcare
90,Christopher Garza,76,Other,Arthritis,Therapy,2023-12-07,2023-12-16,James Cherry DVM,Kaiser Permanente
91,Jennifer Perez,80,Female,Hypertension,Surgery,2023-03-19,2023-03-26,Amy Bell,Blue Cross
92,Christopher Estrada,83,Male,Asthma,Therapy,2024-04-11,2024-04-23,Mr. Kenneth Alexander,Aetna
93,Mallory Griffin,22,Female,Depression,Therapy,2024-04-20,2024-05-17,Jacob Johnson,UnitedHealthcare
94,Jeremy Gallegos,37,Female,Migraine,Therapy,2024-04-17,2024-05-14,Kevin Alexander,Kaiser Permanente
95,Brittany Newman,13,Male,Migraine,Medication,2023-10-04,2023-10-26,Valerie Schultz,Cigna
96,Scott Francis,59,Other,COVID-19,Medication,2024-09-13,2024-09-27,David Leon,Cigna
97,Kendra Sanchez,11,Female,Allergy,Rehabilitation,2023-07-20,2023-08-16,Ashley Franklin,UnitedHealthcare
98,Michael Atkinson,92,Female,Migraine,Therapy,2024-03-26,2024-03-29,Robert Petty,UnitedHealthcare
99,Cody Collier,50,Other,Hypertension,Medication,2023-05-15,2023-05-25,John Weaver,UnitedHealthcare
100,Julie Barajas,55,Male,Diabetes,Rehabilitation,2024-08-19,2024-09-06,Whitney Watts,Blue Cross
101,Brandon Jones,7,Male,Depression,Therapy,2024-08-25,2024-09-23,Nicolas Walker,Aetna
102,Lisa Best,47,Male,Flu,Surgery,2024-03-01,2024-03-14,Michael Steele,Aetna
103,Belinda Williams,40,Other,Asthma,Medication,2023-08-11,2023-09-01,Tanya Hall,Aetna
104,Aimee Austin,59,Female,COVID-19,Medication,2024-06-30,2024-07-22,Whitney Browning,Blue Cross
105,Sandra Morgan,39,Male,Diabetes,Therapy,2023-10-27,2023-11-12,Luke Sanchez,Kaiser Permanente
106,Bethany Medina,40,Female,Asthma,Medication,2024-02-26,2024-03-19,Michael Landry,Aetna
107,Jessica Gonzalez,55,Other,Asthma,Surgery,2024-10-26,2024-10-31,Megan Butler PhD,Kaiser Permanente
108,Wendy Baxter,35,Male,Hypertension,Rehabilitation,2023-11-19,2023-11-26,Jessica Duncan,Kaiser Permanente
109,Teresa Holmes,41,Female,Diabetes,Observation,2024-07-14,2024-08-01,Dr. Kevin Miller,Aetna
110,Keith Smith,23,Other,Asthma,Therapy,2024-01-25,2024-02-17,Catherine Camacho,Blue Cross
111,John Mason,74,Male,Flu,Rehabilitation,2024-06-15,2024-06-22,Jim Neal,Kaiser Permanente
112,Charles Mathews,18,Other,COVID-19,Therapy,2023-05-01,2023-05-28,Brandon Hunt DDS,Aetna
113,Brandon Harris,70,Female,Allergy,Therapy,2023-09-24,2023-10-11,Raymond Nguyen,Blue Cross
114,Christina Bridges,88,Male,Migraine,Therapy,2024-07-13,2024-08-11,Jeffrey Johnson,Cigna
115,Haley Holt,17,Other,Hypertension,Medication,2024-02-22,2024-03-20,Anthony Oconnor,UnitedHealthcare
116,Eileen Barrett,99,Female,Migraine,Therapy,2024-10-25,2024-10-30,Ronald Braun,Aetna
117,Candace Berger,83,Female,COVID-19,Rehabilitation,2023-02-14,2023-03-09,Robert Smith,Blue Cross
118,Renee Li,3,Female,COVID-19,Observation,2024-02-13,2024-02-15,Laura Martinez,Blue Cross
119,Arthur Hunt,70,Male,Diabetes,Medication,2023-06-18,2023-07-16,Amy Valdez,Blue Cross
120,Joseph Adams,39,Male,Arthritis,Therapy,2024-06-10,2024-07-09,Scott Beck,Cigna
121,Michael Lewis,7,Female,Hypertension,Medication,2024-07-22,2024-08-05,Charles Brooks,Blue Cross
122,Brett Baker,11,Female,Allergy,Surgery,2023-04-17,2023-04-23,Tara Schneider,Aetna
123,Kathleen Moreno,39,Female,Hypertension,Observation,2024-07-23,2024-08-13,Jeffrey Smith,Aetna
124,Sean Adkins,64,Other,Hypertension,Therapy,2024-11-22,2024-11-28,Richard Solis,Kaiser Permanente
125,Jonathan Gonzalez,87,Male,Asthma,Observation,2024-09-27,2024-10-22,Francisco Mason,Cigna
126,Matthew Bishop,16,Other,Depression,Surgery,2024-05-30,2024-06-23,Stacy Lee,Aetna
127,Richard Blair,20,Female,Depression,Medication,2024-03-23,2024-04-01,Janice Cohen,UnitedHealthcare
128,Tyler Brown,89,Male,Diabetes,Surgery,2024-08-22,2024-08-28,Michael Calhoun,UnitedHealthcare
129,Timothy Hernandez,85,Male,Flu,Therapy,2023-05-29,2023-06-06,Debra Johnson,Aetna
130,Jacob Miller,7,Female,Depression,Observation,2024-12-25,2025-01-14,Paula Hatfield,Cigna
131,Joseph Smith,89,Female,Allergy,Surgery,2024-07-06,2024-07-30,Trevor George,Cigna
132,Maria Dennis,19,Male,Arthritis,Observation,2023-03-27,2023-04-20,Cody Evans,Aetna
133,Paul Mullins,49,Other,Asthma,Rehabilitation,2023-12-18,2023-12-28,Brian Cobb,Kaiser Permanente
134,Andrea Morgan,69,Female,Arthritis,Rehabilitation,2024-01-04,2024-01-10,Amanda Baker,Kaiser Permanente
135,Alicia Yates,63,Other,Arthritis,Surgery,2024-02-26,2024-03-17,Emily Garcia,Kaiser Permanente
136,Reginald Boyd,81,Male,Asthma,Observation,2024-03-14,2024-03-21,Willie Andrews,Aetna
137,Mark Potter,16,Female,Depression,Surgery,2024-11-06,2024-11-21,Steven Rios,Aetna
138,Larry Bennett,83,Other,Migraine,Therapy,2024-09-28,2024-10-12,Jose Anderson,UnitedHealthcare
139,Tyler Gonzales,84,Other,Allergy,Medication,2024-04-20,2024-05-19,Donna Aguirre,Aetna
140,James Hood,92,Male,Hypertension,Medication,2023-09-21,2023-10-12,James Warner,Aetna
141,Mary Peterson,15,Other,Arthritis,Surgery,2024-04-02,2024-04-15,Jasmine Barnes,Cigna
142,Brian Rivera,25,Male,Allergy,Observation,2025-02-06,2025-02-21,Amy Evans,UnitedHealthcare
143,Matthew Rivera,68,Other,COVID-19,Therapy,2023-09-16,2023-09-18,Patrick Griffin,Blue Cross
144,Clayton Mcconnell,20,Male,Allergy,Therapy,2023-07-03,2023-07-11,Kimberly Hughes,UnitedHealthcare
145,Desiree Rodriguez,25,Male,Arthritis,Surgery,2024-04-26,2024-05-17,George Moody,Kaiser Permanente
146,Alex Miller,8,Other,Flu,Medication,2024-01-14,2024-02-01,Christopher Hutchinson,Kaiser Permanente
147,Stacey Griffin,17,Male,Depression,Medication,2024-11-28,2024-12-01,Zachary Anderson,Blue Cross
148,Lisa Owen,36,Male,Diabetes,Observation,2023-08-12,2023-08-17,Crystal Anderson,Aetna
149,Dale Anderson,10,Other,Asthma,Medication,2023-12-14,2023-12-29,Taylor Walsh,Blue Cross
150,John Brandt,12,Other,Diabetes,Therapy,2024-11-11,2024-12-02,Nicholas Noble,Aetna
151,Dylan Vaughn,61,Female,Arthritis,Surgery,2024-02-09,2024-02-27,Sean Hamilton,Cigna
152,Chad Zimmerman,79,Female,Flu,Surgery,2024-06-17,2024-06-25,Charles Johnson,Cigna
153,Kelly Morrow,10,Other,Migraine,Medication,2023-09-20,2023-10-12,Matthew Reyes,Blue Cross
154,Heidi Nelson,59,Female,Depression,Rehabilitation,2024-01-20,2024-01-25,Debra Scott,Aetna
155,Austin Bryant,39,Female,Flu,Surgery,2024-02-18,2024-02-22,Nathan Baker,UnitedHealthcare
156,Jason Cooper,87,Female,Asthma,Surgery,2024-08-11,2024-08-15,William Love,UnitedHealthcare
157,Hannah Mitchell,10,Male,Allergy,Rehabilitation,2024-01-12,2024-01-17,William Carr,Cigna
158,Vicki Yang,49,Female,Hypertension,Rehabilitation,2023-05-15,2023-06-04,Manuel Cross,Aetna
159,Jillian Mccarthy,11,Other,Diabetes,Surgery,2024-09-30,2024-10-17,Stephen Moran,Aetna
160,Sarah Travis,40,Female,Flu,Rehabilitation,2023-12-02,2023-12-18,Lisa Castaneda,Cigna
161,Michelle Lewis,42,Male,Hypertension,Rehabilitation,2023-12-22,2023-12-29,Anthony Orr,Aetna
162,Barbara Bradford,3,Other,COVID-19,Therapy,2023-06-15,2023-06-26,Steven Joseph Jr.,Cigna
163,Brittany Ellis,88,Female,Asthma,Observation,2024-12-11,2024-12-22,Jessica Hale,UnitedHealthcare
164,Jennifer Foster,11,Other,Hypertension,Therapy,2024-07-23,2024-07-24,James Lynch,Cigna
165,Erin Yates,61,Other,Asthma,Surgery,2024-03-30,2024-04-25,Amber James,UnitedHealthcare
166,Adrienne Allen,25,Male,Flu,Medication,2024-06-18,2024-07-18,Corey White,Kaiser Permanente
167,Hector Anderson,97,Female,Arthritis,Observation,2024-01-15,2024-02-11,Sydney Miller,Blue Cross
168,Shannon Castillo,22,Female,Asthma,Surgery,2023-05-23,2023-06-02,Corey Heath,Blue Cross
169,Ashley Richard,47,Male,COVID-19,Rehabilitation,2023-12-16,2024-01-04,Linda Taylor,Kaiser Permanente
170,William Cross,14,Female,Depression,Surgery,2023-06-21,2023-07-01,Anthony Riddle,Aetna
171,Tony Jackson,20,Female,Hypertension,Medication,2023-08-09,2023-08-22,Gail Chandler,Aetna
172,Jennifer Allen,19,Male,COVID-19,Observation,2023-04-02,2023-04-19,Beverly Rivera,Cigna
173,Erin Garcia,58,Male,Migraine,Surgery,2024-07-17,2024-07-27,Ashley Chambers,Blue Cross
174,Robert Harrison,88,Female,Diabetes,Medication,2023-06-08,2023-06-28,Mariah Rodriguez,Aetna
175,Amy Davis,72,Other,Migraine,Surgery,2023-10-05,2023-11-03,Joseph Poole,Cigna
176,Linda Simmons,41,Other,COVID-19,Therapy,2023-04-06,2023-04-13,Kathleen Bowman,UnitedHealthcare
177,Debra Wilkins,55,Female,Diabetes,Medication,2023-06-07,2023-06-19,Peter Johnson,Aetna
178,Juan Hurst,28,Other,Migraine,Surgery,2024-10-19,2024-10-24,Cheryl Cox,Blue Cross
179,Caroline Simpson,1,Male,Allergy,Surgery,2023-02-25,2023-03-10,Richard Small,UnitedHealthcare
180,Daniel Farmer,23,Other,COVID-19,Medication,2023-11-24,2023-12-14,George Cortez,Cigna
181,Ann Graham,44,Female,Diabetes,Observation,2024-01-28,2024-02-01,Jamie Thomas DVM,Cigna
182,Jean Horne,37,Male,COVID-19,Medication,2023-02-21,2023-03-01,Erica Romero,Blue Cross
183,Larry Becker,75,Other,Depression,Therapy,2023-11-29,2023-12-12,Emily Long,UnitedHealthcare
184,Stephanie Johnson,65,Male,COVID-19,Observation,2023-12-18,2023-12-19,Scott Miller,Aetna
185,Jessica Ellis,98,Female,Flu,Medication,2024-11-12,2024-12-05,Richard Wright,Cigna
186,Wesley Thornton,52,Male,Migraine,Rehabilitation,2023-09-16,2023-10-12,Tiffany Bauer,UnitedHealthcare
187,Trevor Golden,8,Other,Asthma,Therapy,2023-09-29,2023-10-14,Joshua Mcgee,Aetna
188,David Stafford,41,Other,Asthma,Surgery,2025-02-07,2025-03-01,Sophia Reed,Aetna
189,Crystal Horton,46,Female,Asthma,Observation,2023-12-13,2023-12-26,Troy King,Aetna
190,Kayla Allen,85,Male,Arthritis,Medication,2024-06-22,2024-07-11,Erica Ramos,Cigna
191,Molly Bell,11,Male,Migraine,Therapy,2024-03-11,2024-03-22,Rebecca Jenkins,Kaiser Permanente
192,Judith Hall,53,Male,Migraine,Rehabilitation,2024-06-29,2024-07-11,Gabriel Collins,Cigna
193,Tracy Allen,6,Male,Depression,Rehabilitation,2024-09-16,2024-09-22,Susan Hudson,Aetna
194,Cole Williams,81,Male,COVID-19,Observation,2024-01-13,2024-02-01,Matthew Richardson,Aetna
195,Michele Schmidt,60,Female,Diabetes,Observation,2024-11-19,2024-11-21,Elizabeth Webb,Cigna
196,Nicole Escobar,8,Female,Migraine,Surgery,2024-01-24,2024-01-29,James Bird,Blue Cross
197,Amanda Tucker,31,Male,Depression,Therapy,2023-05-10,2023-05-15,John Gutierrez,Aetna
198,Julie Owen,84,Other,Arthritis,Medication,2024-12-07,2024-12-23,Lisa Hernandez,UnitedHealthcare
199,Mr. Marvin Coleman,79,Female,Diabetes,Medication,2024-05-19,2024-06-12,Stacey Cordova,Cigna
200,Crystal Brown,73,Male,Migraine,Rehabilitation,2023-04-10,2023-05-09,Dennis Craig,Kaiser Permanente
