patient_id,name,age,gender,diagnosis,treatment,admission_date,discharge_date,doctor,insurance_provider
1,Gloria Gomez,49,Female,Asthma,Observation,2023-12-31,2024-01-01,Karen Ball,Blue Cross
2,Javier Cherry,48,Male,Flu,Medication,2023-10-22,2023-11-21,Valerie Todd,UnitedHealthcare
3,Jack Pacheco,35,Female,Allergy,Medication,2023-08-03,2023-08-17,Michelle Cooley,Cigna
4,Amy Castillo,16,Female,COVID-19,Surgery,2024-09-05,2024-09-12,Thomas Fischer,Cigna
5,Rebekah Lloyd,18,Male,COVID-19,Rehabilitation,2024-07-08,2024-07-24,Dr. Troy Henry,UnitedHealthcare
6,Katherine Brown,30,Other,Allergy,Therapy,2024-04-01,2024-04-30,Charlotte Bell,Aetna
7,Sarah Young,63,Male,Allergy,Medication,2023-12-30,2024-01-20,Pamela Duncan,Blue Cross
8,Nathan Ramirez,90,Female,Arthritis,Medication,2024-06-03,2024-06-25,Stacey Dean,Cigna
9,Daniel Griffin,58,Other,Flu,Medication,2023-03-01,2023-03-29,Joseph Allen,Kaiser Permanente
10,Kimberly Richards,60,Male,Hypertension,Observation,2023-02-25,2023-03-26,Donna Eaton,Blue Cross
11,James Mcintyre,93,Female,Arthritis,Surgery,2023-12-13,2023-12-19,Melissa Ellison,UnitedHealthcare
12,Gregory Thomas,25,Other,Migraine,Observation,2023-07-08,2023-08-06,Darren Nguyen,Kaiser Permanente
13,Henry Wheeler,7,Female,Diabetes,Observation,2024-12-22,2024-12-26,Paula Nelson,UnitedHealthcare
14,Ms. Amy Santana,25,Male,Flu,Medication,2024-08-27,2024-09-14,Teresa Carrillo,Blue Cross
15,Daniel Steele,74,Female,Migraine,Observation,2024-01-16,2024-02-02,Lauren Grant,Cigna
16,Carlos Diaz,0,Other,Depression,Observation,2024-03-07,2024-03-18,Linda Olsen,Aetna
17,Christina Alexander,14,Female,Hypertension,Rehabilitation,2024-10-13,2024-10-26,Mr. Curtis Green MD,Cigna
18,John Thomas,53,Male,Depression,Observation,2023-08-20,2023-08-31,Jeff Roberts,Blue Cross
19,Cole Hoffman,21,Female,Migraine,Surgery,2024-04-28,2024-05-17,Cory Baker,Aetna
20,Janet Romero,15,Other,Diabetes,Rehabilitation,2024-01-17,2024-02-14,Brett King,Kaiser Permanente
21,Mark Smith,82,Male,Flu,Observation,2024-01-12,2024-01-13,Michael Howard,Aetna
22,William Delgado,80,Male,Allergy,Therapy,2023-11-10,2023-11-23,Ronald Kennedy,Kaiser Permanente
23,Bryan Riggs,87,Female,Depression,Therapy,2024-05-10,2024-05-22,Sheena Compton,Kaiser Permanente
24,Joshua Fritz,43,Other,Flu,Therapy,2024-06-27,2024-07-21,Bradley Smith,Cigna
25,Dawn Wilson,6,Female,Depression,Therapy,2023-07-28,2023-08-04,Jaime Hurley,UnitedHealthcare
26,Misty Forbes,29,Male,COVID-19,Medication,2023-10-04,2023-10-24,Caleb Diaz,Blue Cross
27,Tammy Johnson,71,Other,Asthma,Rehabilitation,2023-05-15,2023-05-20,Tracy Scott,UnitedHealthcare
28,Bradley Bennett,76,Other,Flu,Rehabilitation,2024-09-19,2024-10-07,Andrew Jensen,Cigna
29,Lance Gonzalez,21,Female,Diabetes,Surgery,2023-11-13,2023-11-15,Dorothy Bullock,Blue Cross
30,Joshua Mitchell Jr.,21,Female,Flu,Rehabilitation,2024-06-13,2024-07-03,Jordan Nichols,UnitedHealthcare
31,Nicole Hull,0,Male,Allergy,Therapy,2024-10-10,2024-10-19,Dawn English,UnitedHealthcare
32,Melissa Moore,73,Male,Hypertension,Observation,2024-07-31,2024-08-05,Jennifer Mccoy,Aetna
33,Linda Myers,93,Male,Migraine,Medication,2023-03-27,2023-04-23,Christopher Lam,UnitedHealthcare
34,Kristina Collins,23,Other,Diabetes,Surgery,2024-08-31,2024-09-06,Victoria Fernandez,Cigna
35,Douglas Davis,61,Male,Hypertension,Rehabilitation,2024-05-17,2024-06-07,Jenna Yoder,Blue Cross
36,Charles Hawkins,47,Male,Flu,Rehabilitation,2023-06-21,2023-07-12,Charles Barrera,Blue Cross
37,Teresa Torres,3,Female,COVID-19,Observation,2023-06-12,2023-07-12,Tracy Wood,Blue Cross
38,Jordan Reed,93,Male,Asthma,Medication,2023-03-12,2023-04-11,Nicholas Johnson,Kaiser Permanente
39,Thomas Morse MD,68,Other,Diabetes,Therapy,2023-12-01,2023-12-25,Melissa Fowler,Blue Cross
40,Elizabeth Jones,74,Male,Allergy,Therapy,2023-04-05,2023-04-19,Deborah Yoder,Kaiser Permanente
41,Joy Harding,25,Female,Flu,Observation,2024-02-02,2024-02-03,Michele Lang,Aetna
42,Carol Dennis,65,Other,Depression,Therapy,2023-11-29,2023-12-25,Allison Johnson,Cigna
43,Tara Smith,66,Female,COVID-19,Therapy,2024-08-09,2024-09-04,George Williams,UnitedHealthcare
44,Jennifer Mccormick,33,Male,Asthma,Surgery,2023-08-19,2023-09-17,Jesus Burke,Blue Cross
45,Anthony Wang,67,Other,Migraine,Surgery,2023-12-24,2023-12-31,Michelle Palmer,Blue Cross
46,Patricia Frey,56,Female,Migraine,Therapy,2023-03-11,2023-03-22,Erin May,Cigna
47,Bradley Whitaker,48,Female,Depression,Rehabilitation,2024-12-11,2024-12-29,Melissa Ryan,Blue Cross
48,Ruben Perez,14,Other,COVID-19,Surgery,2024-10-04,2024-10-15,Lonnie Wheeler,Cigna
49,Michele Powell,69,Male,Depression,Therapy,2024-04-23,2024-05-13,Olivia Bowman,UnitedHealthcare
50,Daryl Swanson,86,Other,Depression,Therapy,2023-02-21,2023-03-21,Kendra Morales,UnitedHealthcare
51,Andrew Mcdonald,86,Female,Allergy,Observation,2024-05-03,2024-05-10,Wendy Martinez,Kaiser Permanente
52,Kimberly Smith,89,Male,Depression,Rehabilitation,2023-06-17,2023-07-12,Nicole Frazier,Blue Cross
53,Abigail Hunt,35,Female,Asthma,Therapy,2023-04-26,2023-05-04,Andrew Solis,Kaiser Permanente
54,David Boyer,74,Male,Arthritis,Surgery,2024-11-24,2024-12-19,Laura Gonzalez,UnitedHealthcare
55,Stacey Gutierrez,76,Other,Diabetes,Therapy,2023-03-06,2023-04-02,Matthew Kaiser,Cigna
56,Henry Dennis,69,Male,Flu,Medication,2024-02-03,2024-03-04,Hector Mccarty,Kaiser Permanente
57,Dakota Anderson,97,Other,Flu,Observation,2024-11-11,2024-11-15,Austin Patel,Blue Cross
58,Robert Alvarado,42,Female,COVID-19,Rehabilitation,2023-07-17,2023-07-28,Alicia Hudson,Blue Cross
59,Tyler Mcintosh,94,Female,Depression,Surgery,2024-02-25,2024-03-19,Ryan Vaughn,Blue Cross
60,Ricky Chung,13,Other,Hypertension,Medication,2023-09-02,2023-09-28,Candice Carter,Aetna
61,Ronald Gonzales,24,Female,Asthma,Rehabilitation,2024-09-30,2024-10-09,Kathy Owens,Aetna
62,Brent Cunningham,4,Female,Diabetes,Observation,2024-04-05,2024-04-23,Kimberly King,Blue Cross
63,Lisa Jefferson,91,Other,Migraine,Surgery,2024-10-28,2024-11-13,Cassandra Douglas,Kaiser Permanente
64,Mr. Kyle Mcclain DVM,53,Other,Depression,Rehabilitation,2024-11-29,2024-12-21,Tony Myers,UnitedHealthcare
65,Beth Mcdonald,79,Female,Migraine,Therapy,2023-04-13,2023-05-13,Kristen Cohen,Cigna
66,Hailey Freeman,34,Other,Depression,Therapy,2024-04-12,2024-04-17,Mr. Dennis Perez,Kaiser Permanente
67,Thomas Ponce,41,Male,Diabetes,Therapy,2024-12-04,2024-12-19,Jasmine Pitts,Blue Cross
68,Patricia Hood,4,Other,Migraine,Surgery,2023-07-18,2023-07-27,Gregory Randall,Cigna
69,Rebecca Hester,90,Female,COVID-19,Rehabilitation,2024-05-17,2024-05-26,Jon Reyes,Kaiser Permanente
70,Tiffany Baldwin,46,Other,Diabetes,Observation,2024-10-09,2024-11-01,Summer Garcia,Blue Cross
71,Sean Rodriguez,71,Other,Allergy,Observation,2023-12-06,2023-12-07,Brian Sellers,Kaiser Permanente
72,Julie Ward,74,Female,Diabetes,Therapy,2023-08-25,2023-08-31,Bernard Herrera,Aetna
73,Jennifer Martinez,2,Male,COVID-19,Rehabilitation,2024-11-19,2024-12-14,Ryan Patterson,Blue Cross
74,Sarah Neal,74,Male,Hypertension,Therapy,2023-08-29,2023-09-02,Rebecca Yang,Cigna
75,Kristina Salazar,57,Male,Arthritis,Medication,2024-12-26,2025-01-07,Rachel Harrington,Cigna
76,Angela Levine,26,Male,Allergy,Medication,2024-09-14,2024-09-29,Lisa Ho,Kaiser Permanente
77,Johnathan Jarvis,0,Other,COVID-19,Medication,2023-05-15,2023-06-11,Jennifer Armstrong,Cigna
78,Noah Ingram,77,Male,Asthma,Surgery,2024-03-01,2024-03-14,Ana Shaffer,Kaiser Permanente
79,Carol Pollard,33,Other,Hypertension,Medication,2023-10-13,2023-11-12,Mark Bailey,Aetna
80,Christopher Williams,55,Male,Arthritis,Medication,2023-07-27,2023-08-10,Courtney Jordan,Kaiser Permanente
81,Vanessa Jones,28,Female,Flu,Observation,2023-05-05,2023-05-12,Sue Alvarez,UnitedHealthcare
82,Kayla Gonzalez,92,Female,Asthma,Therapy,2024-06-12,2024-06-24,Mr. Eric Becker,UnitedHealthcare
83,James Carson,5,Other,COVID-19,Medication,2024-11-03,2024-11-06,Frances Brewer,Aetna
84,Jesus Mendez,5,Male,Flu,Therapy,2023-05-25,2023-06-15,Tristan Weber,Kaiser Permanente
85,Autumn Adkins,16,Other,Migraine,Medication,2024-05-21,2024-06-18,Robin Pollard,UnitedHealthcare
86,Cassandra Smith,25,Male,Asthma,Therapy,2023-07-19,2023-07-29,Brenda Cooper,Cigna
87,Emma Potter,18,Other,Arthritis,Therapy,2024-06-16,2024-06-29,Sarah Patton,Cigna
88,Derrick Gonzalez,0,Other,Flu,Rehabilitation,2024-10-08,2024-10-09,Lisa Quinn,UnitedHealthcare
89,James Jones,83,Other,Diabetes,Surgery,2024-11-14,2024-11-21,Brian Kennedy,Aetna
90,Jorge Shepherd,43,Male,Diabetes,Therapy,2023-11-04,2023-11-29,Christian Zimmerman,Cigna
91,Dawn Huerta,85,Female,Allergy,Surgery,2023-05-19,2023-06-10,Kirk Harris,Blue Cross
92,Brandon Pratt,43,Female,Depression,Surgery,2023-03-02,2023-03-26,Faith Wright,UnitedHealthcare
93,Dana Wells,83,Other,Migraine,Surgery,2024-09-02,2024-09-13,Richard Sherman,Cigna
94,Thomas Mejia,55,Female,Arthritis,Medication,2024-07-23,2024-08-17,Amanda Cline,Kaiser Permanente
95,Nancy Crawford,57,Other,Flu,Therapy,2024-10-12,2024-10-26,Nicole Hayes,Cigna
96,Mr. Terrance Holmes Jr.,28,Male,Asthma,Rehabilitation,2024-01-27,2024-02-13,Chloe Pacheco,Cigna
97,Kenneth Andrade,5,Other,Arthritis,Therapy,2023-09-08,2023-09-29,Gregory Fox,Blue Cross
98,Tyler Garcia,14,Female,Diabetes,Observation,2024-08-23,2024-09-11,Jacob Mcmillan,Blue Cross
99,Mr. Patrick Moore,12,Female,Depression,Therapy,2024-01-13,2024-02-04,Antonio Erickson,Kaiser Permanente
100,Andrew Bishop MD,71,Male,Arthritis,Surgery,2024-09-20,2024-09-28,Roger Petersen,Cigna
101,Dillon House,69,Other,Asthma,Therapy,2024-09-07,2024-09-16,Ellen Gonzalez MD,Aetna
102,Richard Adams,86,Other,Depression,Surgery,2023-06-15,2023-06-27,Shaun Greer,Aetna
103,Daniel Knapp,59,Female,Allergy,Surgery,2023-07-03,2023-07-13,David Thompson,Cigna
104,Steve Cook,3,Male,Asthma,Observation,2025-01-14,2025-01-28,Dr. Autumn Jones,UnitedHealthcare
105,Brandi Sharp,83,Male,Migraine,Rehabilitation,2024-08-14,2024-09-13,Scott Perez,Cigna
106,Steven Bailey,14,Other,Diabetes,Observation,2023-09-23,2023-09-28,Timothy Smith,UnitedHealthcare
107,Derek Roman,13,Other,Asthma,Medication,2023-03-14,2023-03-30,Chad Robles,Kaiser Permanente
108,Isabella Tucker,85,Male,Asthma,Medication,2023-06-18,2023-07-06,Eric Palmer,Aetna
109,Abigail Brown,40,Other,COVID-19,Medication,2023-09-20,2023-10-02,Sally Hess,UnitedHealthcare
110,Angela Hernandez,27,Female,Flu,Medication,2023-08-24,2023-08-28,Joann Bryan,Blue Cross
111,Denise Thomas,74,Other,Migraine,Observation,2023-11-27,2023-12-06,Derrick Avery,Cigna
112,Benjamin Rivera,41,Other,Allergy,Medication,2025-01-08,2025-01-25,Deborah George,Aetna
113,Gregory Barron,75,Male,Allergy,Surgery,2024-06-12,2024-07-04,Laura Castillo,UnitedHealthcare
114,Miranda Vargas,30,Male,Diabetes,Observation,2024-10-26,2024-11-05,Laura Pittman,UnitedHealthcare
115,Stephen Johnson,54,Other,Arthritis,Therapy,2025-02-09,2025-02-12,Laura Flynn,UnitedHealthcare
116,Michael Villarreal,22,Other,COVID-19,Observation,2024-04-30,2024-05-12,Christy Pena,UnitedHealthcare
117,Angel Winters,92,Female,COVID-19,Medication,2023-03-04,2023-03-25,Adam Fox,Kaiser Permanente
118,Samuel Anderson,51,Other,Diabetes,Observation,2024-06-08,2024-06-19,Tony Hardy,UnitedHealthcare
119,Oscar Hernandez,60,Male,Hypertension,Observation,2024-08-12,2024-08-21,Sarah Bradford,Blue Cross
120,Scott Smith,92,Female,COVID-19,Medication,2023-08-12,2023-08-27,Mark Anderson,Cigna
121,Lauren Duncan,58,Female,Allergy,Surgery,2023-03-31,2023-04-27,Sheryl Warner,Kaiser Permanente
122,Jonathan Barnes,43,Other,Diabetes,Medication,2024-01-13,2024-01-20,Jeanne Henry,UnitedHealthcare
123,Claudia Jackson,25,Female,Diabetes,Surgery,2023-05-29,2023-06-28,Rachel Wells,Blue Cross
124,Danielle Goodman,0,Male,Asthma,Observation,2024-07-10,2024-07-24,Patricia Barnes,Aetna
125,Kimberly Marshall,32,Female,Diabetes,Therapy,2023-04-10,2023-05-10,Robert Flynn,UnitedHealthcare
126,Luke Smith,89,Female,Asthma,Observation,2023-08-17,2023-09-02,Joshua Roberts,Blue Cross
127,Crystal Johnston,84,Other,Allergy,Surgery,2024-06-30,2024-07-26,Crystal Oliver,Aetna
128,Darryl Johnson,70,Female,COVID-19,Rehabilitation,2024-10-05,2024-10-15,Deborah Frank,UnitedHealthcare
129,Andrew Griffith,80,Male,Depression,Rehabilitation,2024-11-09,2024-11-26,Joseph Bailey,Aetna
130,Meredith Wagner,46,Other,Depression,Surgery,2024-01-19,2024-02-16,Sheila Wilson,UnitedHealthcare
131,Kim Mata,91,Male,Asthma,Rehabilitation,2023-09-20,2023-10-17,Matthew Lewis,Aetna
132,Nicholas Harris,39,Other,COVID-19,Surgery,2024-07-05,2024-07-15,Alexander Thornton,Aetna
133,Christina Hoffman,43,Female,Hypertension,Medication,2023-03-13,2023-03-18,Laura Walker,UnitedHealthcare
134,Brenda Murphy,34,Female,Hypertension,Therapy,2024-10-18,2024-11-13,Robin Reid,UnitedHealthcare
135,Melissa Wallace DVM,26,Female,COVID-19,Medication,2024-10-25,2024-11-20,Joshua Johnson,UnitedHealthcare
136,Cassidy Ayala,50,Female,Depression,Rehabilitation,2023-04-28,2023-05-04,Erica Flynn,Cigna
137,Richard Edwards,71,Female,Arthritis,Medication,2024-07-04,2024-08-01,Nancy Martin,Blue Cross
138,Mrs. Anna Whitney MD,98,Female,Migraine,Rehabilitation,2024-05-29,2024-06-21,Michael Hughes,Blue Cross
139,Nicholas Nelson,41,Other,Asthma,Medication,2023-04-06,2023-04-23,Denise Armstrong,Kaiser Permanente
140,Carolyn Garcia,0,Other,Allergy,Therapy,2024-01-05,2024-02-01,Michael Martinez,Aetna
141,Spencer Rush,94,Male,Flu,Rehabilitation,2023-04-19,2023-05-14,Elaine Salazar,Kaiser Permanente
142,Trevor Jackson,29,Other,Flu,Surgery,2024-06-22,2024-06-24,Christine Reyes,UnitedHealthcare
143,Mrs. Karen Brown,86,Other,Allergy,Surgery,2024-07-04,2024-07-28,Christian Rodriguez,Blue Cross
144,Allison Donovan,75,Male,Hypertension,Therapy,2024-08-26,2024-09-07,Michael Proctor,Blue Cross
145,Rodney Baxter,87,Male,Migraine,Observation,2023-10-15,2023-10-18,Willie Johnson,Kaiser Permanente
146,Lori Acevedo,40,Female,Hypertension,Rehabilitation,2024-09-10,2024-10-05,Julian Allen,Blue Cross
147,Lisa Garrison,98,Male,Depression,Observation,2023-04-24,2023-05-04,Natasha Barnett,Cigna
148,Lindsey Henderson,10,Female,Asthma,Therapy,2025-01-14,2025-02-10,Cassidy Martinez,Blue Cross
149,Brianna Lopez,61,Other,Hypertension,Surgery,2023-10-26,2023-11-06,Erik Woods,Blue Cross
150,Natalie Bennett,31,Other,COVID-19,Observation,2023-06-10,2023-06-26,Helen Ryan,Aetna
151,Christian Herring,36,Female,Flu,Surgery,2024-04-01,2024-04-05,Dennis Miller,Cigna
152,Eric Cooke,95,Male,Diabetes,Surgery,2024-04-06,2024-04-22,James Hammond,Aetna
153,Paul Curry,85,Male,Diabetes,Medication,2024-08-14,2024-08-25,Andrew Miller,UnitedHealthcare
154,Madison Clark,87,Other,Depression,Surgery,2025-01-31,2025-02-12,Terrance Oconnell,Blue Cross
155,Brian Vaughn,14,Other,Migraine,Observation,2023-09-05,2023-09-06,Evelyn Campbell,UnitedHealthcare
156,Karen Serrano,31,Female,Depression,Medication,2024-07-18,2024-07-19,Dr. Katelyn Morgan PhD,Blue Cross
157,Daniel Brown,76,Female,Asthma,Therapy,2024-11-05,2024-11-17,Matthew Baker,Kaiser Permanente
158,Sara Evans,30,Female,Arthritis,Surgery,2024-07-27,2024-08-18,Robert Choi,UnitedHealthcare
159,Amanda Martinez,42,Female,Hypertension,Rehabilitation,2023-05-02,2023-05-15,Laura Malone,Blue Cross
160,Christopher Hansen,34,Other,COVID-19,Medication,2023-06-18,2023-06-24,Stacey Gaines,Aetna
161,Beth Smith,53,Male,Asthma,Therapy,2024-09-15,2024-09-30,Angel Mccoy,Aetna
162,Dillon Ball,56,Female,Hypertension,Surgery,2023-07-27,2023-08-05,Laurie Spence,Blue Cross
163,Michael Miller,76,Male,Asthma,Therapy,2024-09-28,2024-09-29,David Thomas,Kaiser Permanente
164,Matthew Lewis,20,Male,Flu,Rehabilitation,2023-08-16,2023-09-01,Patricia Smith,Blue Cross
165,Donald Phillips,76,Other,Diabetes,Rehabilitation,2024-04-15,2024-04-26,Edward Brown,UnitedHealthcare
166,Bianca Smith,94,Other,COVID-19,Rehabilitation,2024-12-16,2025-01-01,Ricky Carter,Aetna
167,Fernando Oconnor,98,Female,Allergy,Observation,2024-01-14,2024-02-03,Brooke Roberson,UnitedHealthcare
168,Leroy Brooks,78,Female,COVID-19,Observation,2023-11-16,2023-12-07,Michael Brown,Kaiser Permanente
169,Marvin Reyes,41,Female,Hypertension,Therapy,2024-05-05,2024-05-19,Paul Henderson,Blue Cross
170,Steven Wilson,69,Other,Allergy,Rehabilitation,2024-08-18,2024-09-14,Jose Aguilar,Blue Cross
171,Lori Duran,20,Male,Asthma,Medication,2024-05-14,2024-06-03,Logan Ramirez,Kaiser Permanente
172,Kyle Vance,23,Female,Arthritis,Medication,2024-05-05,2024-05-27,Daniel Rogers,Cigna
173,William Walton,90,Other,Diabetes,Rehabilitation,2023-06-12,2023-06-22,Kathryn Compton,Aetna
174,Donald White,88,Female,Allergy,Observation,2023-03-02,2023-03-10,Robert Williams,Aetna
175,Jesse Phillips,71,Other,Asthma,Therapy,2025-01-08,2025-01-10,Donna King,Cigna
176,Donna Little,46,Other,Allergy,Observation,2023-08-28,2023-09-17,Terry Garcia,Blue Cross
177,Michael Barnes,65,Other,COVID-19,Surgery,2023-07-18,2023-07-30,Daniel Coffey,Blue Cross
