patient_id,name,age,gender,diagnosis,treatment,admission_date,discharge_date,doctor,insurance_provider
1,Cassandra Rodriguez,3,Female,Diabetes,Observation,2024-09-28,2024-10-26,Jacob Smith,Kaiser Permanente
2,Jessica Smith,76,Female,Asthma,Observation,2023-10-13,2023-10-19,Gabriel King,Aetna
3,Ryan Ramsey,84,Other,COVID-19,Rehabilitation,2023-12-03,2023-12-16,Jessica Ruiz,Blue Cross
4,Stephanie Williamson,97,Other,Depression,Medication,2024-08-18,2024-08-23,Dana Adams,UnitedHealthcare
5,Whitney Jones,62,Female,Migraine,Observation,2023-05-09,2023-06-06,Robert Hobbs,Kaiser Permanente
6,Franklin Rojas,8,Male,COVID-19,Rehabilitation,2023-02-16,2023-02-20,Thomas Braun,UnitedHealthcare
7,Tracy Jefferson,18,Female,Arthritis,Observation,2024-10-04,2024-10-24,Savannah Peterson,Cigna
8,Robert Ellis,44,Male,Allergy,Observation,2023-05-09,2023-05-29,Edward Garza,Blue Cross
9,Tracy Reyes,27,Male,Diabetes,Rehabilitation,2023-07-25,2023-08-12,Sarah Baker,UnitedHealthcare
10,Tara Holloway,77,Other,Asthma,Surgery,2023-02-27,2023-03-09,Angela Roberts,Kaiser Permanente
11,Angela Miller,36,Other,Migraine,Surgery,2024-07-29,2024-08-20,Jenna Grant,Kaiser Permanente
12,Angela Brooks,22,Male,Asthma,Therapy,2023-06-12,2023-07-07,Scott West,Cigna
13,Elizabeth Jones,14,Other,Hypertension,Observation,2024-12-26,2025-01-07,Justin Jones,Cigna
14,Melinda Griffin,67,Female,Migraine,Therapy,2023-07-23,2023-08-20,Christopher Berg,Kaiser Permanente
15,Crystal Tucker,70,Male,Hypertension,Surgery,2024-11-03,2024-12-03,Aaron Scott,Aetna
16,Brittney Moore,96,Other,Diabetes,Observation,2023-03-11,2023-03-21,Victoria Sellers,Kaiser Permanente
17,Casey Wilkerson,90,Female,Hypertension,Medication,2025-01-08,2025-01-09,Katherine Flores,Blue Cross
18,Karen Singh,10,Other,Flu,Observation,2023-07-13,2023-08-05,Tracey Hester,Kaiser Permanente
19,Jamie Gallegos,53,Other,Hypertension,Surgery,2023-10-02,2023-10-03,Alexander Crawford,Aetna
20,Brandi Clark,98,Other,Flu,Surgery,2023-09-19,2023-10-05,Evan Novak,Blue Cross
21,Lauren Castro,24,Other,Migraine,Therapy,2024-12-13,2024-12-26,Richard Fields,Aetna
22,John Jordan,60,Male,COVID-19,Surgery,2023-09-29,2023-10-27,Andrew Lowe,UnitedHealthcare
23,Richard Hall,94,Other,Allergy,Surgery,2024-04-22,2024-05-17,Faith Deleon,Kaiser Permanente
24,Mrs. Rachel Serrano,68,Other,Allergy,Rehabilitation,2024-12-03,2024-12-24,Oscar Jones,UnitedHealthcare
25,Kristin Long,2,Male,COVID-19,Rehabilitation,2023-07-08,2023-07-20,Mary Hill,Blue Cross
26,Jeremy Roberts,12,Male,COVID-19,Rehabilitation,2023-05-01,2023-05-12,Breanna Cabrera,Kaiser Permanente
27,Kyle Hurst,73,Other,Flu,Surgery,2023-12-24,2024-01-04,Lori Anderson,Kaiser Permanente
28,Amy Fowler,100,Male,COVID-19,Medication,2023-05-22,2023-06-06,Felicia Parker,Kaiser Permanente
29,Amy Day,28,Other,Arthritis,Observation,2024-01-26,2024-02-14,Nathaniel Cox,Blue Cross
30,Juan Smith,31,Male,Hypertension,Observation,2024-05-26,2024-05-29,Amy Lane,UnitedHealthcare
31,Nancy Murray,68,Other,COVID-19,Rehabilitation,2023-02-20,2023-03-21,Dana Carter,UnitedHealthcare
32,Michael Powell,73,Male,Depression,Medication,2023-09-30,2023-10-28,Madison Smith,Blue Cross
33,David Hartman,4,Male,Diabetes,Therapy,2024-12-25,2024-12-30,Erin Perez,Kaiser Permanente
34,Vanessa Flores,61,Other,Asthma,Surgery,2024-06-04,2024-07-04,Sarah Williams,Cigna
35,Nicole Ford,8,Female,Depression,Rehabilitation,2024-06-15,2024-06-25,Michael Stokes,Kaiser Permanente
36,Whitney Crosby,98,Other,Arthritis,Medication,2024-05-28,2024-05-30,Erica Guerra,Kaiser Permanente
37,Donald Nunez,83,Female,Hypertension,Therapy,2024-02-14,2024-03-12,Daniel Lee,UnitedHealthcare
38,Samantha Warner,73,Female,Flu,Medication,2024-02-15,2024-02-20,Daniel Oliver,Kaiser Permanente
39,Brittany Gordon,7,Male,Diabetes,Therapy,2024-06-12,2024-07-08,Ryan Anderson,Aetna
40,Michael Chang,10,Female,Flu,Rehabilitation,2024-09-22,2024-10-07,David Soto,UnitedHealthcare
41,Claudia Wilson,26,Male,Asthma,Surgery,2025-01-21,2025-01-25,Joseph Johnson,Blue Cross
42,Gabrielle Lozano,8,Male,Arthritis,Observation,2023-12-04,2023-12-29,James Johnson,Blue Cross
43,Tony Shaw DDS,29,Other,Diabetes,Therapy,2023-12-01,2023-12-27,Heather Sawyer,Kaiser Permanente
44,Christina Hughes,15,Male,Arthritis,Surgery,2023-03-24,2023-04-22,Adam Dickson,Aetna
45,Melanie Davis,15,Male,Depression,Surgery,2023-09-03,2023-10-02,Sarah Sloan,Cigna
46,Amanda Price,52,Other,Migraine,Observation,2024-12-19,2025-01-03,Dr. Tyler Sims MD,Cigna
47,Clarence Hoffman,10,Other,Asthma,Surgery,2024-05-20,2024-06-08,Erica Williamson,Kaiser Permanente
48,Robin Duke,72,Female,Flu,Rehabilitation,2024-11-29,2024-12-11,Monique Lopez,UnitedHealthcare
49,Michael Mora,76,Female,Asthma,Surgery,2023-09-25,2023-10-24,Ethan Brown,UnitedHealthcare
50,Susan Clayton,65,Female,Asthma,Surgery,2024-09-07,2024-09-09,Jeffrey Reyes,Blue Cross
51,Ashley Bush,65,Female,COVID-19,Surgery,2023-04-07,2023-04-21,Daniel Johnson,Cigna
52,Martin Munoz,74,Male,COVID-19,Surgery,2023-03-12,2023-03-31,James Stanton,Kaiser Permanente
53,Lori Archer,27,Male,Depression,Medication,2023-05-01,2023-05-16,Kara Carter,Kaiser Permanente
54,Jose Ellis,76,Male,Hypertension,Surgery,2023-02-12,2023-02-16,Sabrina Fuller,UnitedHealthcare
55,Michelle Church,93,Other,Diabetes,Medication,2024-04-08,2024-05-08,Ernest Sanders,Kaiser Permanente
56,Michael Parrish,43,Other,Migraine,Rehabilitation,2024-04-26,2024-05-20,Kevin Garza,Kaiser Permanente
57,Micheal Moore,54,Female,Allergy,Surgery,2023-06-03,2023-06-23,Robert Sanchez,UnitedHealthcare
58,Jose Rice,5,Male,COVID-19,Rehabilitation,2025-01-04,2025-01-29,Jennifer Miller,UnitedHealthcare
59,Amber Brown,46,Male,Asthma,Surgery,2023-07-20,2023-08-16,Amy Garcia,Aetna
60,Michael Lee,37,Other,Depression,Rehabilitation,2023-10-21,2023-10-30,John Green,Blue Cross
61,Michelle Williams,17,Other,Allergy,Surgery,2023-06-18,2023-07-15,Robert Horton,Cigna
62,Kelly Scott,78,Female,Arthritis,Rehabilitation,2024-12-11,2024-12-23,Kelly Kaufman,Kaiser Permanente
63,Bradley Valdez,86,Male,Diabetes,Therapy,2024-01-24,2024-02-09,Alexander Brown,Cigna
64,Cole Greene,8,Female,Asthma,Surgery,2024-07-13,2024-07-29,Nancy Mendez,Kaiser Permanente
65,Harold Morris,66,Other,Diabetes,Rehabilitation,2024-09-06,2024-09-17,Harold Williams,Kaiser Permanente
66,Brittany Davis,65,Other,Arthritis,Medication,2024-11-15,2024-11-27,Sabrina Moore,UnitedHealthcare
67,Laura Jones,69,Female,Flu,Therapy,2024-03-11,2024-04-01,Rebecca Hall,Blue Cross
68,Jennifer Wood,45,Male,Migraine,Medication,2023-06-24,2023-07-10,John Collins,Blue Cross
69,Bobby Cain,44,Female,Depression,Surgery,2023-07-18,2023-08-01,Isaac Logan,Cigna
70,Pamela Martin,55,Female,Flu,Therapy,2024-05-26,2024-06-22,David Mcguire,Kaiser Permanente
71,Erika Martin,50,Other,Hypertension,Therapy,2024-04-21,2024-04-25,Dr. Robert Norris,Blue Cross
72,Michael Hayden,55,Female,Diabetes,Therapy,2024-05-01,2024-05-12,Barbara Solomon,UnitedHealthcare
73,Aaron Tucker,74,Female,Diabetes,Observation,2023-11-02,2023-11-28,Patricia Mitchell,UnitedHealthcare
74,Jennifer Kim,32,Female,Allergy,Rehabilitation,2024-01-31,2024-02-11,Christopher Boyd,Cigna
75,Charles George PhD,40,Male,Asthma,Therapy,2023-08-02,2023-08-06,Brittany Robertson,Kaiser Permanente
76,Tyler Stokes,91,Other,Asthma,Medication,2024-04-19,2024-04-27,Ian Sherman,UnitedHealthcare
77,Kurt Booker,15,Other,Diabetes,Surgery,2023-05-05,2023-05-14,Mrs. Alicia Hoffman,Aetna
78,Angela Brown,52,Male,Allergy,Surgery,2023-09-19,2023-09-22,Mark Elliott,Kaiser Permanente
79,Christopher Briggs,89,Other,Allergy,Surgery,2024-05-11,2024-06-05,Mark Gonzalez,UnitedHealthcare
80,Michelle Beck,2,Other,Diabetes,Rehabilitation,2024-03-29,2024-04-26,Robin Orr,UnitedHealthcare
81,Aaron Horn,21,Other,Depression,Therapy,2025-01-31,2025-02-05,Kelsey Swanson,Aetna
82,Eric Collins,40,Male,Diabetes,Observation,2025-01-10,2025-02-07,Jacob Gallegos,UnitedHealthcare
83,Jordan Richards,39,Male,Allergy,Observation,2024-07-12,2024-07-31,Raymond Benitez,UnitedHealthcare
84,Gregory Silva,96,Female,Flu,Observation,2024-03-22,2024-04-05,Wendy Golden,Aetna
85,Kurt Huerta,93,Other,Asthma,Rehabilitation,2024-11-29,2024-12-08,Carla Nguyen,Cigna
86,Raven Foley,96,Female,COVID-19,Therapy,2023-06-15,2023-06-29,Jennifer Campbell,Aetna
87,John Mclaughlin,20,Other,Asthma,Surgery,2024-07-18,2024-08-13,Barry Wong,Blue Cross
88,Robert Baker,41,Male,Arthritis,Therapy,2024-03-17,2024-04-16,David Long,Cigna
89,Scott Murphy,1,Male,Allergy,Rehabilitation,2023-12-14,2023-12-22,Lucas Walker,Blue Cross
90,Patrick Delacruz,73,Female,Asthma,Rehabilitation,2023-11-03,2023-11-08,Faith Wong,Cigna
91,Tina Porter,1,Other,Migraine,Rehabilitation,2024-03-01,2024-03-25,Stephen Floyd,Aetna
92,Emily Williams,51,Other,Diabetes,Therapy,2025-01-27,2025-02-21,Joseph Perez,UnitedHealthcare
93,Dana Morgan,68,Other,COVID-19,Observation,2023-05-28,2023-06-12,Mackenzie Thompson,Cigna
94,Tara Guerrero,86,Female,Flu,Medication,2023-05-03,2023-05-24,Sabrina Zimmerman,Blue Cross
95,Alicia Sanders,34,Male,Allergy,Surgery,2023-04-04,2023-04-10,Chad Mcmahon,Cigna
96,Sherri Ward,99,Male,Hypertension,Observation,2023-03-10,2023-04-01,Maria Carpenter,UnitedHealthcare
97,Heidi Mendez,36,Other,Diabetes,Surgery,2024-06-13,2024-06-23,Judy Carr,Cigna
98,Melissa Rasmussen,42,Other,Asthma,Surgery,2024-11-13,2024-11-25,Kristina Levy,Cigna
99,Tammy Williams,55,Female,Arthritis,Observation,2023-07-30,2023-08-11,Marc Logan,Kaiser Permanente
100,Shelby Conner,26,Female,Migraine,Therapy,2024-07-02,2024-07-30,Michael Morris,UnitedHealthcare
101,Michael Meyer,52,Male,Diabetes,Rehabilitation,2024-08-25,2024-08-30,Amber Mitchell,Kaiser Permanente
102,Tanya Holloway,42,Male,Flu,Surgery,2023-07-29,2023-08-20,Jeffery Hernandez,Aetna
103,Shannon Dillon DDS,41,Other,Arthritis,Medication,2024-11-23,2024-12-09,Cynthia Cruz,Blue Cross
104,Christopher Payne,55,Female,Diabetes,Observation,2023-06-23,2023-07-17,Karen Whitaker,Kaiser Permanente
105,Pam Klein,32,Other,Arthritis,Surgery,2024-10-18,2024-11-17,Barbara Bryan,Aetna
106,Cynthia Ward,19,Other,Depression,Medication,2023-11-15,2023-11-28,Paul Long,Cigna
107,Michael Hamilton,40,Female,Diabetes,Therapy,2023-12-19,2023-12-24,Carol Robinson,Cigna
108,Stephanie Vaughan,48,Other,Depression,Therapy,2023-03-22,2023-04-02,Katrina Patel,Kaiser Permanente
109,Mary Johnson,34,Female,Flu,Surgery,2024-08-09,2024-09-08,Janet Simpson,Aetna
110,Scott Long,15,Male,Diabetes,Medication,2024-07-13,2024-08-03,Anthony Bates,UnitedHealthcare
111,Michaela Harrison,73,Other,COVID-19,Medication,2023-03-09,2023-03-22,Kimberly Reeves,Blue Cross
112,Ann Cardenas,50,Other,Allergy,Observation,2024-09-21,2024-09-26,Dillon Gilbert,Aetna
113,Ryan Castillo,13,Female,Diabetes,Medication,2023-04-16,2023-05-03,Marco Olsen,Blue Cross
114,Mckenzie Thomas,44,Other,Depression,Rehabilitation,2023-07-22,2023-08-17,Christina Perry,Cigna
115,Elijah Bennett,17,Female,Arthritis,Surgery,2024-03-12,2024-04-09,Larry Martin,UnitedHealthcare
116,Michele Duarte,65,Female,Migraine,Observation,2024-03-06,2024-03-27,Mark Johnson,Aetna
117,John Perez,86,Female,Allergy,Observation,2024-06-05,2024-07-05,Brad Ross,Cigna
118,Maria Roberts,77,Female,Allergy,Observation,2024-11-16,2024-12-02,Nancy Anderson,UnitedHealthcare
119,Ethan Campos,3,Male,Depression,Surgery,2023-06-12,2023-06-24,Amy Walker,Blue Cross
120,Lisa Horton,36,Male,Migraine,Observation,2024-07-12,2024-07-16,James Gomez,Aetna
121,Joyce Thomas,43,Other,Asthma,Surgery,2023-05-27,2023-06-08,Vanessa Gates,Blue Cross
122,Natalie Singh,86,Male,Arthritis,Surgery,2023-08-20,2023-09-05,Jeffrey Anderson,UnitedHealthcare
123,Amanda Chang,27,Male,Flu,Medication,2024-07-25,2024-07-29,Malik Khan,Blue Cross
124,David Smith,80,Female,Depression,Medication,2023-04-29,2023-05-26,George Lewis,Kaiser Permanente
125,Tiffany Singleton,14,Female,Hypertension,Observation,2024-06-25,2024-06-29,Robert Austin,Cigna
126,Margaret Garcia,86,Other,Asthma,Observation,2024-12-27,2024-12-30,David Jones,UnitedHealthcare
127,Steven Schmidt,85,Female,Migraine,Observation,2023-04-19,2023-04-25,Sharon Sullivan,Kaiser Permanente
128,Kaitlyn Clayton,9,Male,Migraine,Medication,2023-07-18,2023-08-01,Laura Brown,UnitedHealthcare
129,Brooke Padilla,6,Female,Hypertension,Medication,2025-01-25,2025-02-07,Daniel Mcdonald,Blue Cross
130,Edward Hale,20,Female,Diabetes,Medication,2024-10-22,2024-11-14,Charles Stanley,Cigna
131,Christine Lee,54,Female,Migraine,Surgery,2025-01-18,2025-02-11,Albert Bell,Blue Cross
132,Jerry Henry,20,Other,Migraine,Observation,2024-05-31,2024-06-10,Christopher Thomas,Kaiser Permanente
133,Kevin Price DDS,30,Male,Arthritis,Surgery,2024-09-18,2024-09-22,Kathleen Abbott,Aetna
134,Rachel Gardner,30,Female,Asthma,Surgery,2024-10-14,2024-11-05,Anna Bruce,Cigna
135,Michelle Anderson MD,54,Male,Allergy,Rehabilitation,2024-08-29,2024-09-09,Brenda Martin,Cigna
136,Hannah Phillips,72,Male,COVID-19,Therapy,2023-03-10,2023-04-05,Michael Thomas,Cigna
137,Ricky Greene,69,Other,Depression,Observation,2024-04-21,2024-05-16,Kathryn Miller,Blue Cross
138,Dustin Harvey,86,Female,Depression,Surgery,2023-06-05,2023-06-11,Michael Gamble,Blue Cross
139,Christina Young,62,Male,Allergy,Medication,2024-05-05,2024-05-19,Rebecca Patterson,Aetna
140,Brenda Olsen,72,Male,Migraine,Surgery,2023-12-30,2024-01-03,Ronnie Frost,Blue Cross
141,Mariah Wallace,83,Female,Arthritis,Rehabilitation,2024-10-24,2024-11-07,Gregory Carr,Aetna
142,Fernando Mcintyre,78,Female,Migraine,Rehabilitation,2023-09-23,2023-09-25,Andrew Jackson,Kaiser Permanente
143,Brittany Lewis,52,Other,Depression,Therapy,2024-03-30,2024-03-31,Luke Morgan,Aetna
144,Jessica White,23,Female,COVID-19,Surgery,2024-06-27,2024-07-23,Kathryn Padilla,Cigna
145,Andrew Warren,88,Other,Diabetes,Observation,2023-09-04,2023-09-07,Joshua Daniels,Blue Cross
146,Christine Richard,79,Female,COVID-19,Observation,2024-08-06,2024-08-11,Randall Morales,Kaiser Permanente
147,April Young,99,Other,Flu,Surgery,2024-07-18,2024-08-16,Leonard Hayes,Blue Cross
148,Edwin Flores,64,Male,COVID-19,Therapy,2023-07-18,2023-08-14,Jessica Manning,Blue Cross
149,James Brown,18,Other,Flu,Rehabilitation,2023-08-31,2023-09-14,Jessica Morris,Blue Cross
150,Lauren Wright,13,Other,Depression,Rehabilitation,2024-12-31,2025-01-14,Melissa Sanchez,Aetna
151,Kathleen Parker,79,Male,Flu,Medication,2024-02-07,2024-02-15,Traci Miller,Blue Cross
152,Hannah Green,59,Male,COVID-19,Observation,2023-04-26,2023-05-01,Michael Smith III,Cigna
153,Veronica Morris,68,Male,COVID-19,Observation,2024-09-22,2024-09-23,Christina Nelson,UnitedHealthcare
154,Colleen Mitchell,24,Male,Arthritis,Rehabilitation,2023-03-19,2023-03-30,Jeremiah Chan,UnitedHealthcare
155,Sandra Marsh,79,Other,Allergy,Observation,2024-09-28,2024-10-12,Chelsea Simpson,UnitedHealthcare
156,Donna Johnson,21,Other,Allergy,Observation,2024-02-21,2024-03-22,Erika Bell,UnitedHealthcare
157,Jeremy Weeks,70,Male,Depression,Medication,2025-01-07,2025-01-25,Brian Anderson,Kaiser Permanente
158,Edward Kelly,28,Female,Allergy,Surgery,2023-10-01,2023-10-29,Nancy Hughes,UnitedHealthcare
159,Elizabeth Hernandez,25,Male,Allergy,Therapy,2024-09-27,2024-10-07,Elizabeth Andrews,Aetna
160,Brian Torres,69,Male,Allergy,Therapy,2024-07-24,2024-08-01,Alyssa Fernandez,Cigna
161,Colton Calhoun,8,Male,Asthma,Rehabilitation,2025-01-17,2025-02-03,Evan Green,Cigna
162,Charles Byrd,74,Female,Hypertension,Medication,2023-07-18,2023-08-12,James Richardson,Cigna
163,Tanya Bailey,29,Male,Hypertension,Therapy,2023-07-31,2023-08-09,Casey Parsons,Cigna
164,James Johnson,69,Male,Migraine,Medication,2023-11-16,2023-11-28,Brian Strong,Cigna
165,Sonya Garcia,7,Other,Diabetes,Rehabilitation,2023-05-20,2023-05-25,Christina Mora,Aetna
166,Erica Silva,3,Female,Arthritis,Therapy,2024-10-04,2024-10-12,Paul Welch,Cigna
167,Andrew Mays,29,Male,COVID-19,Surgery,2023-11-10,2023-11-17,Jasmine Haney,Blue Cross
168,Tanya Olson,56,Female,Arthritis,Observation,2023-03-23,2023-04-08,Heidi Houston,Cigna
169,Eric Walker,82,Other,Arthritis,Observation,2024-01-13,2024-02-09,John Woods,UnitedHealthcare
170,Daniel Glover,40,Other,Diabetes,Medication,2025-02-01,2025-02-21,Nicholas Armstrong,Cigna
171,Stacy Flores,94,Male,Flu,Medication,2024-05-02,2024-05-24,Emily Perez,UnitedHealthcare
172,Glenn Hale,10,Other,Depression,Rehabilitation,2023-02-18,2023-03-13,Steve Ortiz,Kaiser Permanente
173,Jason Thomas,76,Other,Arthritis,Rehabilitation,2023-03-07,2023-03-25,Jeffery Chung,UnitedHealthcare
174,Patrick Thompson,55,Other,Hypertension,Therapy,2025-02-05,2025-03-02,Ashley Murphy,Blue Cross
175,Joseph Donaldson,80,Other,Diabetes,Observation,2023-06-04,2023-06-13,Donna Schmidt,Aetna
176,Matthew Duke,2,Other,Depression,Surgery,2024-01-28,2024-01-31,Kim Warren,Blue Cross
177,John Oliver,41,Other,Flu,Observation,2023-08-28,2023-09-06,Joseph Wright,Blue Cross
178,Matthew Munoz,55,Male,Flu,Observation,2024-08-06,2024-09-02,Kristin Flores,Blue Cross
179,Micheal Moore,8,Female,Migraine,Therapy,2024-04-08,2024-04-11,Monica Calhoun DVM,UnitedHealthcare
180,Shannon Bennett,70,Male,Arthritis,Medication,2024-03-18,2024-04-02,Kelli Haley,Blue Cross
181,Alicia Stein,84,Female,Allergy,Rehabilitation,2023-11-22,2023-12-19,Melinda Yates,UnitedHealthcare
182,John Mcintyre,85,Other,Migraine,Medication,2024-11-19,2024-12-13,Tyler Cisneros,Blue Cross
