category,product_id,stock,price,product_name
Toys,1,84,69.05,Woman
Home,2,91,63.81,Finish
Toys,3,66,218.49,Reason
Books,4,79,257.51,Expert
Books,5,77,133.86,Admit
Clothing,6,89,95.57,Pass
Clothing,7,12,283.87,New
Clothing,8,7,244.8,College
Home,9,39,83.73,List
Electronics,10,20,234.48,Forget
Toys,11,31,177.29,Identify
Clothing,12,6,299.97,Similar
Clothing,13,81,285.68,Require
Toys,14,90,55.43,Side
Home,15,45,228.27,Produce
Electronics,16,26,220.26,Huge
Clothing,17,35,164.67,Control
Toys,18,100,164.19,Minute
Toys,19,89,293.38,Fly
Books,20,40,112.74,During
Electronics,21,74,156.23,Million
Books,22,98,71.62,Site
Home,23,97,215.25,Relate
Toys,24,80,197.33,Relate
Home,25,39,234.83,Radio
Clothing,26,67,236.41,Act
Home,27,48,43.49,Give
Clothing,28,50,294.31,Carry
Toys,29,12,157.15,Check
Books,30,27,80.03,Rule
Electronics,31,65,181.12,Hard
Toys,32,50,259.03,Value
Books,33,78,118.99,City
Toys,34,20,226.55,Though
Electronics,35,66,130.65,Positive
Toys,36,33,95.98,Decide
Sports,37,76,293.26,Section
Home,38,26,194.79,Hotel
Electronics,39,92,72.71,Teacher
Sports,40,71,73.62,Environment
Books,41,7,86.19,Arrive
Toys,42,70,287.7,Wear
Clothing,43,24,232.79,Game
Home,44,19,21.52,Hope
Toys,45,73,89.43,Likely
Clothing,46,17,63.68,Receive
Electronics,47,79,5.04,Air
Home,48,64,163.4,Marriage
Books,49,22,120.39,Onto
Home,50,51,81.09,Research
Home,51,95,217.66,Business
Electronics,52,54,108.08,There
Home,53,66,268.52,Black
Home,54,77,22.05,Off
Clothing,55,25,26.68,Tv
Toys,56,46,57.72,Interview
Electronics,57,25,17.16,Former
Electronics,58,60,284.41,Agency
Books,59,30,84.86,Everyone
Toys,60,34,256.35,Follow
Home,61,0,227.84,Let
Home,62,24,220.53,Thus
Electronics,63,88,128.06,Either
Sports,64,49,141.53,Five
Books,65,97,76.11,All
Electronics,66,66,52.81,Direction
Sports,67,39,133.59,Catch
Toys,68,26,234.9,Our
Clothing,69,82,128.46,Mean
Toys,70,15,41.47,Matter
Books,71,2,277.3,Practice
Toys,72,14,67.3,Ago
Clothing,73,33,202.16,Trouble
Clothing,74,3,49.58,Garden
Toys,75,76,46.63,Keep
Electronics,76,41,254.63,Democrat
Clothing,77,41,261.87,Discuss
Toys,78,27,23.78,Local
Sports,79,73,169.13,Learn
Electronics,80,82,74.07,Deal
Home,81,46,60.1,Sing
Sports,82,30,73.26,Adult
Electronics,83,52,211.14,Foreign
Home,84,21,186.39,Where
Clothing,85,61,101.66,Enough
Toys,86,51,243.59,Letter
Clothing,87,71,94.61,Training
Electronics,88,97,10.16,Newspaper
Sports,89,20,257.5,Occur
Home,90,48,9.43,Job
Electronics,91,53,156.41,Exactly
Home,92,90,146.8,Game
Home,93,22,148.1,His
Books,94,94,147.18,Writer
Books,95,35,73.44,Her
Electronics,96,79,76.53,Organization
Books,97,3,99.49,Get
Home,98,34,39.06,Hot
Toys,99,59,60.49,Accept
Sports,100,97,237.24,Including
Toys,101,88,34.37,Case
Books,102,77,16.72,Buy
Sports,103,61,150.99,Participant
Books,104,13,87.23,Its
Books,105,58,92.05,Consider
Electronics,106,57,213.96,High
Clothing,107,84,272.57,Challenge
Books,108,82,209.91,Need
Toys,109,0,296.89,Card
Sports,110,1,135.19,Bed
Books,111,69,257.15,Final
Electronics,112,36,145.07,Picture
Electronics,113,39,71.01,Example
Books,114,62,287.68,Situation
Electronics,115,52,240.51,Quite
Sports,116,26,62.69,Character
Sports,117,96,170.74,Area
Toys,118,70,96.29,Measure
Home,119,65,152.39,Current
Toys,120,54,198.2,Treatment
Sports,121,87,295.22,Expert
Electronics,122,68,139.8,Good
Home,123,26,13.73,Majority
Electronics,124,31,167.35,Site
Toys,125,52,26.69,Crime
Books,126,85,166.85,Tax
Electronics,127,63,268.39,Word
Home,128,20,212.49,Night
Books,129,73,180.65,Your
Sports,130,63,46.18,Difference
Home,131,85,98.05,Guess
Toys,132,83,168.37,Art
Clothing,133,95,280.73,Something
Clothing,134,63,225.38,Stock
Clothing,135,9,260.62,Data
Sports,136,50,200.19,Worry
Clothing,137,48,296.59,Short
Electronics,138,64,221.95,Again
Sports,139,19,266.29,Others
Electronics,140,18,272.26,Cold
Clothing,141,34,168.59,Which
Sports,142,88,182.09,Agency
Books,143,39,280.14,Smile
Home,144,31,109.46,His
Sports,145,17,291.37,Let
Books,146,77,26.56,Account
Home,147,6,147.85,Allow
Electronics,148,24,40.68,Above
Home,149,86,283.94,Him
Sports,150,61,223.86,Wonder
Toys,151,95,221.56,Ability
Home,152,38,205.37,Reality
Home,153,84,56.16,Do
Home,154,44,156.69,Keep
Toys,155,50,212.14,Boy
Clothing,156,96,260.58,Church
Home,157,99,131.08,Need
Home,158,43,203.74,Discuss
Toys,159,18,203.33,Radio
Electronics,160,41,218.99,In
Electronics,161,28,248.66,Listen
Sports,162,89,179.9,Case
Toys,163,60,105.05,Range
Books,164,42,21.59,Real
Electronics,165,28,221.01,Month
Home,166,35,91.26,Among
Electronics,167,62,22.83,Moment
Books,168,22,276.38,Mother
Toys,169,5,101.34,Wife
Home,170,96,104.44,Light
Sports,171,33,74.3,Capital
Electronics,172,98,25.11,Positive
Sports,173,86,112.55,Particular
Home,174,90,225.47,You
Toys,175,79,297.6,Than
Electronics,176,20,269.41,Resource
Clothing,177,71,11.37,Mention
Sports,178,58,35.73,Most
Sports,179,20,176.9,Send
Electronics,180,85,253.1,These
Toys,181,22,61.53,Culture
Home,182,22,5.7,Arrive
Electronics,183,96,28.21,Market
Home,184,19,41.3,Market
Sports,185,46,278.52,Our
Toys,186,97,245.88,Air
Electronics,187,66,84.41,Sure
Toys,188,83,244.17,Institution
Electronics,189,54,26.93,Put
Electronics,190,40,63.43,Police
Clothing,191,57,226.43,Four
