product_id,category,price,stock
1,Electronics,230.78,35
2,Electronics,218.6,62
3,Toys,15.33,95
4,Home,267.38,38
5,Electronics,137.08,52
6,Sports,37.41,89
7,Sports,241.23,43
8,Electronics,148.51,30
9,Toys,86.61,59
10,Toys,225.3,55
11,Books,166.99,62
12,Electronics,217.76,45
13,Sports,241.63,71
14,Books,292.15,52
15,Sports,8.05,47
16,Toys,264.12,42
17,Books,145.67,99
18,Clothing,75.95,98
19,Clothing,58.73,80
20,Toys,224.03,48
21,Electronics,41.69,25
22,Toys,12.9,80
23,Electronics,213.19,45
24,Toys,140.81,4
25,Books,131.44,67
26,Clothing,94.47,90
27,Books,104.78,22
28,Home,297.04,98
29,Electronics,195.03,60
30,Books,166.47,50
31,Sports,93.15,42
32,Sports,129.1,45
33,Clothing,289.3,65
34,Home,147.62,52
35,Clothing,30.63,26
36,Clothing,198.09,76
37,Toys,192.44,95
38,Toys,187.39,71
39,Clothing,199.63,27
40,Electronics,22.22,67
41,Home,40.94,78
42,Electronics,117.6,62
43,Sports,102.87,20
44,Clothing,163.25,74
45,Sports,165.81,14
46,Toys,282.25,23
47,Sports,212.81,18
48,Clothing,47.25,55
49,Home,164.21,57
50,Electronics,213.54,84
51,Electronics,24.55,68
52,Home,55.77,46
53,Home,40.45,100
54,Toys,271.93,6
55,Home,105.81,81
56,Electronics,78.82,81
57,Home,34.65,78
58,Clothing,39.52,83
59,Toys,269.44,21
60,Electronics,115.87,37
61,Books,266.45,2
62,Home,115.93,87
63,Home,268.89,75
64,Clothing,200.84,96
65,Electronics,147.45,3
66,Sports,239.06,52
67,Sports,253.99,34
68,Home,120.58,58
69,Electronics,70.76,52
70,Electronics,220.53,71
71,Sports,119.09,8
72,Home,194.78,69
73,Books,242.48,88
74,Books,194.62,63
75,Home,180.97,63
76,Home,57.28,76
77,Electronics,75.15,12
78,Sports,22.04,28
79,Books,113.61,75
80,Sports,67.52,57
81,Sports,118.59,80
82,Electronics,69.08,63
83,Books,255.7,82
84,Electronics,14.59,86
85,Home,169.94,6
86,Books,77.58,78
87,Electronics,42.48,33
88,Books,225.74,92
89,Home,122.38,1
90,Books,32.26,53
91,Home,179.06,0
92,Toys,223.02,19
93,Books,149.04,0
94,Sports,257.78,5
95,Books,171.5,43
96,Toys,73.43,19
97,Electronics,56.1,37
98,Toys,54.87,72
99,Electronics,144.64,83
100,Toys,14.18,52
101,Toys,255.27,5
102,Clothing,81.58,3
103,Clothing,54.64,13
104,Clothing,193.32,22
105,Electronics,290.08,32
106,Toys,35.61,51
107,Books,19.23,31
108,Electronics,298.07,26
109,Toys,235.67,21
110,Sports,8.15,7
111,Books,277.15,10
112,Clothing,11.36,84
113,Toys,167.18,58
114,Toys,291.78,2
115,Electronics,276.04,89
116,Sports,70.96,29
117,Toys,295.26,47
118,Sports,62.99,39
119,Sports,225.01,33
120,Sports,231.07,91
121,Clothing,25.04,96
122,Electronics,58.08,7
123,Electronics,149.91,95
124,Sports,88.05,3
125,Sports,240.07,89
126,Clothing,9.94,52
127,Home,203.62,68
128,Electronics,22.91,7
129,Home,253.42,72
130,Clothing,211.14,26
131,Sports,274.82,83
132,Books,208.53,98
133,Home,16.56,79
134,Home,161.79,14
135,Sports,61.22,67
136,Home,139.1,35
137,Toys,142.94,39
138,Home,216.73,97
139,Books,29.13,18
140,Sports,124.58,65
141,Sports,258.34,95
142,Home,77.75,8
143,Books,235.41,30
144,Home,241.54,91
145,Home,6.8,7
146,Books,122.1,71
147,Home,286.48,3
148,Sports,111.55,87
149,Sports,37.43,99
150,Sports,281.03,78
151,Books,138.75,5
152,Sports,61.97,26
153,Home,291.5,28
154,Clothing,252.19,93
155,Electronics,221.15,98
156,Clothing,123.04,16
157,Home,221.13,72
158,Home,161.97,61
159,Toys,291.02,19
160,Sports,68.16,96
161,Electronics,170.85,71
162,Sports,71.65,53
163,Home,260.38,17
164,Electronics,273.37,80
165,Sports,213.15,49
166,Electronics,78.18,61
167,Electronics,23.76,10
168,Sports,190.4,21
169,Toys,44.7,0
170,Toys,34.79,75
171,Sports,51.48,14
172,Clothing,49.94,72
173,Home,112.71,8
174,Sports,46.23,83
175,Electronics,78.27,58
176,Electronics,268.81,94
177,Books,279.31,5
178,Toys,114.31,56
179,Sports,104.27,65
180,Sports,136.86,4
181,Books,178.36,14
182,Sports,286.43,28
183,Clothing,179.83,38
184,Sports,215.96,6
185,Sports,241.36,50
186,Clothing,240.66,30
187,Books,106.81,81
188,Clothing,126.74,27
189,Electronics,145.42,16
190,Clothing,47.03,31
191,Electronics,24.14,37
192,Electronics,293.63,66
193,Home,5.94,79
194,Toys,261.67,29
195,Electronics,182.6,79
196,Clothing,193.74,82
197,Electronics,83.09,48
198,Toys,89.31,93
199,Sports,106.15,71
200,Toys,196.75,39
201,Books,136.55,70
202,Electronics,129.56,68
203,Sports,258.24,64
204,Sports,99.92,0
205,Clothing,234.48,2
206,Clothing,284.51,24
