Product Id,product_name,category,price,stock
1,Ready,Toys,10.19,78
2,Natural,Toys,255.49,88
3,East,Home,144.54,30
4,Question,Electronics,230.97,31
5,Know,Clothing,292.49,7
6,Move,Toys,282.0,60
7,That,Home,233.69,78
8,Fear,Books,116.5,98
9,Ago,Toys,215.39,13
10,Reality,Clothing,179.13,76
11,Hundred,Sports,252.75,44
12,If,Home,269.92,18
13,Might,Sports,235.09,11
14,Industry,Sports,89.53,38
15,City,Toys,90.34,32
16,Child,Clothing,7.31,49
17,Level,Sports,214.01,83
18,Cover,Clothing,224.62,91
19,Often,Home,213.03,2
20,Suggest,Sports,248.88,21
21,Through,Toys,27.94,49
22,Charge,Toys,268.82,93
23,Activity,Electronics,169.89,50
24,Teach,Toys,296.04,92
25,Into,Sports,25.35,71
26,Way,Sports,23.87,80
27,Direction,Clothing,50.98,22
28,Like,Home,33.36,46
29,Read,Clothing,282.31,91
30,Industry,Books,218.74,37
31,Eat,Sports,20.79,58
32,Shake,Sports,212.78,76
33,Success,Toys,68.9,24
34,Provide,Sports,106.81,4
35,Action,Toys,173.74,33
36,Sense,Toys,18.37,89
37,Try,Toys,267.98,94
38,Budget,Toys,230.47,8
39,Remain,Clothing,157.78,3
40,Claim,Toys,120.5,35
41,Now,Sports,54.27,71
42,Five,Books,7.88,80
43,Stock,Books,119.14,7
44,Meet,Clothing,68.87,64
45,Fund,Clothing,125.21,56
46,Unit,Clothing,120.78,57
47,Agent,Sports,51.92,71
48,College,Toys,199.69,78
49,Group,Electronics,55.88,21
50,Dinner,Home,35.74,75
51,Pressure,Books,89.97,5
52,Understand,Sports,198.77,5
53,Turn,Sports,291.24,83
54,Actually,Toys,299.96,18
55,Bag,Home,38.87,71
56,His,Toys,282.73,42
57,Avoid,Clothing,269.64,41
58,Over,Electronics,195.44,66
59,Movement,Books,162.52,95
60,Actually,Toys,249.95,76
61,Fight,Clothing,203.51,81
62,Difficult,Home,218.47,98
63,Very,Clothing,162.5,60
64,Not,Toys,136.31,30
65,After,Clothing,87.46,40
66,Campaign,Books,11.65,92
67,Save,Electronics,178.37,90
68,Everyone,Home,11.95,91
69,Send,Electronics,17.42,0
70,Think,Home,220.91,4
71,Draw,Sports,115.51,41
72,Enter,Electronics,299.07,18
73,Away,Home,50.05,77
74,Nice,Books,30.26,23
75,Somebody,Toys,120.94,83
76,Into,Home,82.04,65
77,Prepare,Clothing,239.05,57
78,Future,Home,188.78,100
79,Tonight,Sports,118.41,64
80,Ground,Toys,48.25,99
81,Southern,Books,121.78,89
82,Gun,Sports,287.86,28
83,Rise,Toys,28.83,12
84,Low,Electronics,16.08,14
85,Deep,Clothing,86.18,48
86,Tend,Electronics,201.93,92
87,Case,Electronics,106.91,14
88,Role,Home,42.71,64
89,Build,Clothing,142.35,16
90,Gas,Books,290.29,21
91,Trouble,Books,293.4,51
92,Hand,Home,265.44,27
93,Other,Clothing,50.31,60
94,Between,Electronics,224.64,6
95,Performance,Sports,68.16,95
96,Discuss,Electronics,28.24,5
97,Tv,Clothing,261.57,88
98,Interesting,Toys,29.31,33
99,Blue,Toys,12.16,19
100,Soldier,Electronics,227.52,24
101,South,Home,171.44,19
102,Speak,Sports,71.83,89
103,Seem,Sports,156.95,28
104,Look,Electronics,245.93,43
105,Painting,Toys,220.44,32
106,Eye,Home,182.38,98
107,Trip,Electronics,245.27,50
108,Especially,Home,249.96,5
109,Decide,Toys,6.53,13
110,Rock,Home,292.1,68
111,Fish,Home,143.92,32
112,Through,Toys,157.87,96
113,Cut,Home,276.24,87
114,Consumer,Clothing,221.0,8
115,Yet,Home,43.88,35
116,Mouth,Electronics,27.91,76
117,Return,Home,70.63,23
118,Put,Toys,101.27,99
119,Election,Electronics,204.67,91
120,Heart,Sports,286.82,70
121,Whole,Clothing,201.26,15
122,Practice,Home,298.81,51
123,Travel,Sports,162.92,86
124,Artist,Clothing,115.66,85
125,Finally,Toys,243.31,2
126,Have,Clothing,97.92,28
127,Course,Clothing,264.85,11
128,Again,Books,97.23,54
129,Treatment,Electronics,252.53,3
130,Pass,Toys,75.18,14
131,History,Books,272.28,99
132,Prove,Clothing,268.77,12
133,Loss,Toys,81.35,15
134,Charge,Electronics,278.78,89
135,Person,Books,19.23,33
136,Yeah,Home,171.06,46
137,Opportunity,Books,250.22,88
138,Fire,Clothing,58.81,4
139,Television,Books,280.66,57
140,Sign,Home,253.85,72
141,Walk,Books,40.51,14
142,Reveal,Toys,196.56,18
143,Alone,Books,92.31,32
144,Know,Clothing,215.49,45
145,Opportunity,Books,136.89,16
146,Mr,Home,139.93,8
147,Responsibility,Toys,83.6,75
148,With,Books,179.89,71
149,Wonder,Electronics,128.21,38
150,Ground,Home,23.21,21
151,Someone,Home,63.79,98
152,Present,Toys,189.19,26
153,Poor,Books,176.64,16
154,Hour,Books,259.49,41
155,Training,Books,119.31,15
156,Measure,Toys,210.08,51
157,Defense,Books,7.91,45
158,Service,Books,79.97,18
159,Sure,Electronics,185.7,44
160,Doctor,Toys,139.94,92
161,Such,Toys,71.52,27
162,Fund,Electronics,112.16,21
163,Tonight,Books,85.98,13
164,Participant,Clothing,213.73,83
165,Single,Books,157.57,3
166,Win,Toys,270.06,80
167,Enough,Sports,249.68,1
168,Mouth,Sports,61.71,21
169,Network,Home,274.24,32
170,Huge,Clothing,40.53,88
171,Return,Toys,53.08,12
172,Dark,Toys,92.38,26
173,Real,Clothing,89.85,82
174,Federal,Books,70.98,8
175,Usually,Clothing,237.82,100
176,Goal,Home,12.64,50
177,Staff,Sports,141.18,66
178,Determine,Sports,292.12,44
179,How,Home,184.34,28
180,Cover,Books,126.38,57
181,Else,Clothing,13.81,6
182,Congress,Toys,292.59,68
183,Maintain,Home,155.72,32
184,Form,Clothing,11.71,39
185,Window,Toys,142.45,62
186,As,Home,259.46,80
187,Someone,Clothing,98.55,89
188,Threat,Home,20.99,99
189,Hotel,Electronics,96.04,26
190,Heart,Books,208.83,79
191,Throughout,Books,148.34,1
192,My,Sports,101.21,57
193,Hospital,Toys,103.63,98
194,Around,Clothing,20.21,65
195,Truth,Home,204.6,100
196,Gas,Toys,176.39,47
197,Begin,Sports,103.29,53
198,A,Clothing,267.98,48
199,Prevent,Sports,135.74,24
200,Central,Toys,273.13,53
201,Wait,Electronics,32.71,81
202,Sit,Home,130.86,98
203,Today,Toys,68.18,68
204,Include,Clothing,262.05,84
205,All,Electronics,187.7,59
206,Impact,Electronics,52.77,89
