price,product_id,Stock,category,product_name
89.1,1,84,Toys,Real
109.44,2,95,Sports,Only
202.14,3,91,Clothing,Design
122.84,4,78,Home,Above
145.54,5,21,Sports,Myself
94.8,6,26,Toys,Dream
53.52,7,45,Clothing,Bag
145.75,8,95,Sports,Ready
49.59,9,93,Books,Back
7.06,10,50,Toys,Great
237.16,11,89,Clothing,Window
68.08,12,32,Toys,Able
92.58,13,91,Electronics,Once
74.2,14,17,Electronics,Music
280.04,15,2,Sports,Do
47.56,16,76,Clothing,Every
45.13,17,2,Sports,Usually
235.41,18,23,Toys,Role
140.54,19,50,Books,Beat
224.79,20,13,Electronics,Any
35.93,21,64,Toys,National
9.53,22,4,Home,Cup
132.52,23,1,Home,Police
203.8,24,83,Clothing,Raise
19.07,25,50,Books,Science
247.63,26,78,Sports,Best
178.53,27,41,Sports,Light
144.82,28,89,Clothing,Low
212.94,29,97,Sports,Their
272.85,30,84,Home,Onto
95.76,31,52,Clothing,These
216.99,32,67,Electronics,Miss
61.11,33,43,Toys,Offer
244.35,34,78,Home,Short
173.88,35,27,Home,Talk
200.61,36,96,Toys,Property
208.52,37,7,Toys,Use
63.34,38,76,Toys,Become
145.32,39,69,Books,Close
149.73,40,45,Books,Defense
200.57,41,15,Electronics,Season
102.87,42,22,Electronics,Again
62.89,43,25,Clothing,Ground
250.03,44,26,Toys,Customer
139.73,45,80,Electronics,Letter
127.36,46,97,Electronics,Imagine
8.16,47,19,Sports,New
180.08,48,74,Clothing,Manage
39.58,49,27,Sports,Free
40.47,50,89,Electronics,Feeling
193.26,51,62,Sports,No
278.15,52,59,Toys,Forward
293.64,53,3,Clothing,Maintain
232.07,54,55,Clothing,Again
91.75,55,80,Electronics,Nor
226.13,56,9,Home,Skill
44.22,57,70,Books,Short
37.32,58,30,Sports,Gas
261.95,59,70,Electronics,Join
62.22,60,19,Electronics,Accept
231.06,61,20,Sports,Nation
166.9,62,77,Books,Behind
70.96,63,61,Toys,Be
67.24,64,15,Toys,Yourself
237.84,65,87,Electronics,Treat
123.99,66,46,Electronics,And
168.8,67,100,Home,Its
62.78,68,17,Clothing,World
277.19,69,67,Home,Thousand
200.1,70,11,Books,Almost
74.58,71,96,Clothing,State
16.31,72,44,Electronics,Open
63.2,73,83,Clothing,Usually
164.87,74,1,Electronics,Walk
285.89,75,85,Toys,Land
119.24,76,34,Home,Understand
168.75,77,18,Books,Difference
201.77,78,0,Sports,Prevent
188.99,79,30,Electronics,Become
231.94,80,14,Sports,Whatever
42.96,81,11,Home,Pass
131.37,82,12,Sports,Congress
267.87,83,53,Books,Anything
288.84,84,65,Sports,Story
257.87,85,3,Clothing,Six
243.35,86,30,Home,Democrat
176.79,87,9,Sports,Nearly
83.44,88,8,Books,Person
134.15,89,13,Clothing,Maybe
151.19,90,66,Toys,Away
131.52,91,50,Home,Well
180.26,92,89,Toys,Dark
276.29,93,71,Electronics,Vote
10.28,94,22,Home,Foot
99.81,95,51,Books,Notice
262.11,96,97,Home,Hospital
272.7,97,18,Toys,Pm
263.9,98,0,Books,Economy
85.21,99,82,Home,Challenge
110.43,100,22,Electronics,Seek
195.73,101,25,Books,Everything
95.37,102,61,Sports,Ten
147.97,103,67,Sports,Too
223.48,104,47,Sports,War
12.23,105,70,Home,House
286.71,106,38,Toys,Operation
184.76,107,99,Home,South
186.34,108,36,Clothing,Your
165.13,109,47,Sports,Water
89.52,110,87,Sports,Have
173.91,111,20,Electronics,Significant
207.04,112,45,Sports,Democrat
18.72,113,41,Sports,Without
193.56,114,21,Sports,Something
96.84,115,75,Home,Win
159.85,116,28,Home,Return
109.2,117,56,Sports,So
135.46,118,10,Clothing,Stand
274.89,119,69,Books,Family
212.63,120,93,Books,Identify
232.5,121,99,Electronics,Fight
180.12,122,53,Books,Sell
116.23,123,98,Home,Fill
209.83,124,20,Clothing,Pick
194.55,125,48,Home,House
169.08,126,65,Electronics,Listen
181.71,127,52,Clothing,Outside
234.57,128,51,Clothing,View
123.89,129,28,Books,High
193.18,130,97,Toys,Sign
182.72,131,34,Home,Last
240.94,132,1,Electronics,Page
209.9,133,63,Electronics,Natural
180.31,134,60,Home,Knowledge
82.66,135,65,Toys,Also
163.28,136,56,Toys,Involve
50.04,137,98,Books,Around
244.08,138,76,Clothing,Fight
33.2,139,28,Electronics,Government
73.83,140,65,Clothing,Believe
82.99,141,52,Clothing,Blood
224.45,142,89,Home,Send
258.2,143,3,Home,Buy
84.31,144,24,Home,Poor
260.84,145,37,Clothing,Similar
9.41,146,76,Clothing,Among
13.17,147,81,Home,Player
289.71,148,81,Clothing,Break
217.36,149,50,Toys,Behavior
19.1,150,33,Toys,Spring
54.71,151,44,Toys,Reduce
158.05,152,96,Sports,Probably
285.85,153,96,Electronics,End
213.12,154,97,Clothing,School
186.4,155,68,Clothing,West
230.66,156,70,Books,American
166.23,157,91,Home,Know
120.42,158,70,Electronics,Miss
127.58,159,40,Electronics,Security
157.6,160,20,Home,Ground
123.63,161,1,Books,Doctor
7.82,162,21,Books,Television
280.8,163,75,Home,Serve
243.1,164,31,Clothing,Measure
40.12,165,52,Home,Score
269.17,166,10,Home,Laugh
32.46,167,91,Home,Within
202.24,168,43,Home,Computer
45.18,169,16,Books,Home
26.98,170,69,Clothing,Wide
150.51,171,100,Home,World
81.41,172,81,Toys,Hand
242.6,173,36,Home,Manage
116.61,174,76,Clothing,Why
144.74,175,13,Sports,Project
142.2,176,18,Sports,Director
146.2,177,12,Sports,Onto
110.12,178,40,Toys,Feeling
7.82,179,37,Books,Politics
297.81,180,32,Sports,Sell
166.88,181,60,Home,Student
264.24,182,27,Books,Their
13.22,183,33,Toys,Guy
161.38,184,2,Clothing,Heavy
114.08,185,79,Toys,Set
8.78,186,46,Clothing,Public
49.67,187,49,Electronics,Build
172.35,188,3,Toys,Represent
281.92,189,28,Toys,Answer
227.27,190,16,Toys,Car
92.68,191,28,Clothing,Race
118.56,192,95,Toys,Small
188.57,193,21,Electronics,Read
163.71,194,46,Clothing,Director
29.06,195,87,Books,Our
147.57,196,21,Toys,Lot
32.13,197,38,Books,Shake
131.49,198,93,Electronics,Southern
214.69,199,70,Toys,Significant
195.95,200,67,Sports,Value
123.64,201,37,Toys,Tax
5.93,202,94,Books,Or
195.86,203,71,Home,Practice
247.21,204,24,Sports,Country
247.51,205,15,Clothing,Result
114.87,206,36,Home,Job
119.17,207,97,Home,Important
34.77,208,96,Toys,Street
23.36,209,8,Home,Officer
226.33,210,51,Electronics,Different
119.39,211,46,Sports,So
27.66,212,63,Sports,Ground
200.3,213,10,Sports,Indicate
19.44,214,27,Books,Chair
73.72,215,67,Toys,These
20.21,216,26,Clothing,Change
65.35,217,50,Electronics,Art
