product_name,category,price,stock
Prevent,Books,197.61,11
Environment,Electronics,213.53,63
Me,Toys,78.37,28
Religious,Home,170.21,34
How,Clothing,100.04,22
Wide,Electronics,82.56,9
Away,Books,294.51,82
Particular,Books,27.96,100
Determine,Books,295.91,58
Throw,Sports,107.86,61
Bring,Electronics,194.76,19
Some,Clothing,225.19,94
Still,Toys,68.87,0
Their,Electronics,29.89,87
Room,Electronics,149.92,80
Put,Sports,135.48,32
Keep,Electronics,73.89,3
Last,Electronics,90.36,73
Either,Home,94.43,99
My,Sports,285.32,64
Personal,Electronics,18.58,45
Door,Clothing,187.55,99
Win,Sports,208.89,71
Relate,Clothing,294.07,9
Student,Toys,244.14,89
North,Clothing,217.16,24
Wonder,Home,39.44,98
Southern,Toys,208.34,70
Song,Clothing,84.29,0
Election,Electronics,122.81,21
Say,Sports,184.39,18
Company,Toys,230.79,1
Day,Home,286.08,83
Front,Books,221.51,12
Pretty,Clothing,88.08,77
Chair,Sports,57.47,94
Building,Electronics,279.32,54
Leg,Clothing,292.02,71
Down,Home,276.62,6
History,Electronics,15.76,32
Ten,Electronics,198.99,71
System,Sports,111.1,81
Adult,Toys,252.01,69
Life,Books,212.97,16
Them,Toys,169.48,86
Set,Sports,158.5,24
Memory,Home,169.48,70
Wear,Toys,148.84,80
Surface,Toys,14.89,43
Town,Books,29.18,53
Water,Electronics,257.19,35
Keep,Books,36.74,60
Feeling,Sports,107.06,79
Go,Electronics,177.61,58
Relate,Books,90.03,2
But,Home,108.49,29
Modern,Sports,61.86,74
Treatment,Books,169.94,18
Conference,Clothing,195.63,40
Either,Home,211.46,2
Card,Home,7.7,24
Car,Toys,88.48,34
Likely,Sports,103.01,34
Ground,Home,57.28,52
Lawyer,Clothing,178.35,5
Bag,Electronics,240.82,54
Main,Books,190.03,33
Sport,Sports,33.34,99
Nearly,Home,184.97,39
Respond,Sports,219.41,57
Affect,Toys,238.74,74
Be,Toys,264.16,86
Either,Books,269.45,87
Seem,Home,40.32,51
Final,Clothing,134.29,94
Car,Home,99.98,34
Process,Home,90.84,33
Three,Toys,226.88,72
Response,Home,194.39,40
Hair,Books,9.52,71
Ground,Electronics,234.32,28
Modern,Books,205.1,20
Hand,Clothing,59.44,70
Summer,Toys,230.39,98
Factor,Sports,279.54,82
Often,Books,110.43,89
Article,Toys,134.11,39
Office,Home,69.1,86
Sign,Toys,208.04,88
Interview,Electronics,270.99,84
Million,Books,124.1,96
Civil,Books,190.46,10
Leader,Toys,296.18,37
Reveal,Home,78.89,16
Physical,Clothing,130.22,62
Level,Clothing,287.69,31
Pretty,Toys,209.06,87
However,Clothing,266.13,48
Direction,Electronics,160.53,66
Quickly,Electronics,68.29,68
Pick,Home,214.97,15
Nice,Books,138.97,51
Nor,Home,297.74,72
Ten,Home,223.92,30
Article,Books,175.47,40
Walk,Toys,15.05,16
Either,Home,207.1,66
Kind,Home,290.79,91
Remember,Sports,22.44,41
Eat,Books,121.15,66
Institution,Clothing,95.43,54
Beyond,Sports,114.98,60
None,Electronics,71.33,0
Shoulder,Clothing,43.09,22
Meet,Clothing,151.42,3
Even,Books,5.37,2
Seem,Books,49.6,67
Write,Electronics,71.43,51
Account,Electronics,238.02,86
Public,Electronics,163.32,13
Power,Electronics,242.85,50
Reason,Home,142.97,15
Western,Electronics,29.03,78
Music,Toys,235.08,16
Establish,Toys,27.37,63
Probably,Electronics,198.99,29
Face,Books,39.36,33
Work,Home,133.05,91
Money,Electronics,116.17,89
Individual,Books,271.31,71
Account,Electronics,278.62,20
Resource,Home,25.97,72
Subject,Clothing,86.01,86
People,Clothing,57.45,64
Member,Toys,47.3,71
Exactly,Electronics,257.71,66
Huge,Home,198.21,25
Society,Sports,248.86,18
Whose,Electronics,267.82,0
Management,Electronics,217.03,31
Want,Sports,147.51,88
Sister,Books,248.48,84
Civil,Home,182.31,87
Customer,Sports,274.33,42
This,Home,22.68,37
Man,Sports,193.57,4
Recognize,Books,37.77,24
Rather,Books,24.57,38
Use,Clothing,178.57,61
Form,Sports,143.13,42
Line,Sports,245.85,70
Open,Clothing,174.29,1
Stuff,Books,117.11,83
Tax,Books,12.75,0
Ahead,Toys,272.18,31
Magazine,Books,242.61,94
Campaign,Electronics,123.68,63
Commercial,Clothing,65.18,20
Need,Electronics,152.23,65
Or,Sports,225.51,77
Drop,Toys,163.55,96
Although,Electronics,41.04,63
Everyone,Electronics,72.63,50
Woman,Electronics,22.82,79
Visit,Books,278.06,7
Collection,Home,183.19,19
Clear,Home,169.13,37
Nature,Electronics,184.45,74
Good,Books,176.74,37
Little,Toys,85.28,76
Book,Toys,43.98,28
Live,Toys,245.06,26
Maybe,Electronics,7.53,40
Hear,Home,70.07,58
Because,Electronics,224.33,89
Find,Electronics,134.89,37
Machine,Books,237.6,62
Race,Books,176.88,87
Risk,Toys,45.84,48
Employee,Home,64.08,0
Back,Electronics,70.42,15
Hospital,Home,218.83,42
Picture,Sports,38.3,22
Factor,Clothing,256.79,92
Black,Electronics,14.84,84
Collection,Electronics,257.37,0
Trial,Toys,207.79,95
Every,Clothing,115.42,26
Church,Books,71.89,1
Foot,Sports,6.84,53
Reflect,Books,196.11,75
Religious,Toys,249.79,51
