product_id,Product Name,category,price,stock
1,Address,Electronics,188.02,23
2,Pm,Books,89.3,89
3,Institution,Sports,27.13,49
4,Whether,Sports,169.87,81
5,Pressure,Books,7.85,52
6,And,Home,179.74,95
7,Hope,Clothing,276.36,54
8,Really,Books,190.91,42
9,Network,Clothing,29.13,41
10,Bag,Toys,174.48,40
11,Know,Sports,278.99,19
12,Final,Home,164.93,13
13,Crime,Toys,214.01,75
14,Hear,Electronics,298.53,47
15,Traditional,Books,198.56,12
16,Want,Toys,277.28,95
17,Three,Sports,123.27,70
18,Plan,Home,235.75,47
19,Fund,Books,100.0,9
20,Magazine,Electronics,218.75,76
21,Laugh,Clothing,196.92,44
22,Hundred,Toys,58.12,66
23,Require,Clothing,186.91,79
24,Though,Home,119.05,22
25,Ahead,Toys,176.2,88
26,Hit,Home,164.01,7
27,Herself,Home,190.83,14
28,Service,Clothing,244.52,99
29,Majority,Toys,170.85,51
30,Figure,Books,214.72,45
31,Election,Clothing,15.04,4
32,Finish,Books,12.86,50
33,Good,Books,68.82,17
34,Artist,Electronics,139.66,18
35,Red,Sports,215.33,3
36,Two,Clothing,215.42,21
37,Approach,Sports,217.29,71
38,Crime,Sports,223.79,36
39,Rich,Sports,27.07,68
40,Stop,Sports,32.93,92
41,Wall,Electronics,177.03,91
42,Church,Electronics,286.51,15
43,Car,Home,20.01,53
44,Quality,Electronics,51.49,30
45,Product,Home,5.67,27
46,South,Books,281.97,11
47,Word,Sports,161.49,46
48,Debate,Home,115.84,66
49,House,Clothing,103.51,98
50,Mention,Home,120.9,58
51,Both,Books,196.76,100
52,Skin,Home,139.11,27
53,Camera,Toys,75.57,83
54,Avoid,Home,17.74,100
55,Theory,Home,224.09,13
56,Long,Home,143.45,93
57,Trouble,Electronics,75.87,38
58,Only,Electronics,56.82,80
59,Eight,Sports,213.94,78
60,Rule,Sports,136.66,23
61,Cultural,Books,237.32,30
62,However,Sports,254.2,14
63,State,Home,28.72,60
64,Father,Home,263.88,53
65,Really,Toys,290.97,11
66,Above,Books,289.54,94
67,Side,Clothing,52.24,46
68,Off,Sports,81.49,59
69,At,Toys,219.98,90
70,Condition,Clothing,74.04,87
71,Point,Electronics,114.19,87
72,Fire,Clothing,131.58,45
73,Hot,Toys,128.74,94
74,Crime,Electronics,190.21,75
75,Charge,Sports,43.24,7
76,Hair,Clothing,202.42,37
77,Mean,Toys,183.41,64
78,Yes,Books,60.53,74
79,Project,Toys,251.17,60
80,Himself,Books,114.14,11
81,Somebody,Home,229.82,10
82,Claim,Clothing,103.95,50
83,His,Home,69.34,99
84,Analysis,Toys,223.8,17
85,Total,Sports,149.25,99
86,Hope,Books,116.14,10
87,Pay,Clothing,299.96,57
88,Task,Clothing,146.81,71
89,Figure,Sports,102.03,77
90,Recent,Books,75.38,84
91,Let,Home,213.7,19
92,Charge,Toys,228.82,9
93,Most,Home,188.24,92
94,Interview,Books,99.19,77
95,Should,Sports,265.55,43
96,Rather,Clothing,209.5,67
97,Simple,Clothing,281.65,84
98,President,Electronics,213.61,23
99,Change,Home,82.88,72
100,Focus,Toys,193.84,48
101,Drug,Books,205.33,65
102,Tell,Home,293.66,4
103,Body,Toys,114.12,61
104,Traditional,Books,114.89,21
105,Fly,Books,214.27,80
106,Day,Electronics,286.56,76
107,Tv,Home,251.2,64
108,Fear,Clothing,150.43,69
109,Itself,Books,258.04,57
110,Plant,Clothing,78.77,51
111,Opportunity,Sports,197.56,79
112,Each,Electronics,288.25,97
113,Despite,Toys,226.78,25
114,Life,Clothing,176.55,92
115,About,Sports,239.77,65
116,Arrive,Toys,272.37,99
117,Mission,Toys,228.68,0
118,Success,Sports,226.49,5
119,Couple,Toys,219.66,78
120,International,Toys,238.67,16
121,Black,Home,244.13,2
122,Situation,Books,292.96,73
123,Base,Toys,92.76,20
124,Mention,Sports,137.8,54
125,Side,Home,54.77,72
126,Each,Electronics,25.83,86
127,Enjoy,Home,154.46,1
128,Pick,Toys,116.12,19
129,Total,Sports,280.52,75
130,Speech,Clothing,102.61,39
131,Himself,Sports,133.01,57
132,His,Home,276.81,45
133,Simply,Toys,259.46,84
134,Somebody,Sports,256.46,9
135,Song,Sports,119.11,86
136,System,Clothing,10.5,67
137,Resource,Home,51.09,2
138,Ago,Electronics,113.28,100
139,Production,Sports,78.58,65
140,Learn,Electronics,127.31,45
141,Age,Clothing,86.32,33
142,Land,Home,7.68,74
143,Himself,Books,154.26,63
144,Figure,Books,286.39,11
145,Indicate,Electronics,245.68,65
146,Child,Toys,86.67,95
147,People,Electronics,248.87,52
148,Law,Clothing,34.09,10
149,Take,Home,258.41,29
150,Parent,Books,53.61,12
151,Mother,Electronics,77.01,38
152,Painting,Electronics,76.0,96
153,Design,Clothing,19.33,92
154,Structure,Sports,5.48,17
155,Position,Electronics,219.62,82
156,According,Home,83.4,81
157,Image,Books,178.26,19
158,Knowledge,Clothing,79.27,98
159,According,Sports,171.43,87
160,Now,Electronics,7.75,72
161,Amount,Home,60.52,50
162,Worker,Toys,125.27,33
163,Unit,Clothing,108.69,86
164,Total,Toys,44.1,34
165,Score,Clothing,48.6,41
166,Benefit,Home,65.76,77
167,Individual,Books,244.91,9
168,School,Home,133.35,82
169,Himself,Clothing,19.35,79
170,Establish,Electronics,125.91,79
171,Daughter,Toys,188.95,98
172,Guy,Toys,271.43,42
173,Century,Electronics,194.83,48
174,Unit,Toys,44.99,32
175,Fine,Clothing,269.8,45
176,Campaign,Home,223.42,46
177,Eight,Clothing,167.09,94
178,Really,Toys,196.99,57
179,State,Clothing,275.17,71
180,Watch,Toys,172.51,56
181,Those,Home,181.13,30
182,Brother,Books,227.21,23
183,Seem,Sports,124.31,29
184,Late,Electronics,96.99,4
185,Movie,Home,171.9,18
186,Step,Toys,121.4,11
187,Myself,Books,5.08,67
188,Certainly,Electronics,71.61,32
189,Network,Electronics,95.3,20
190,Deep,Clothing,179.4,26
191,Dark,Home,222.07,66
192,Television,Electronics,185.27,67
193,Than,Books,153.29,86
194,Security,Electronics,236.24,36
195,Maintain,Toys,288.82,74
196,Quality,Toys,178.36,86
197,Attention,Books,41.16,16
198,Upon,Sports,285.9,17
199,Staff,Clothing,248.77,53
200,Note,Toys,144.35,98
201,Heavy,Home,253.45,4
202,Night,Clothing,217.26,70
203,Offer,Clothing,38.84,41
204,Effect,Home,226.9,28
205,Hospital,Books,231.54,51
206,Lose,Home,126.92,97
207,Itself,Sports,61.03,8
