product_id,product_name,category,price,stock
1,Me,Books,220.34,82
2,Animal,Books,145.31,10
3,Political,Clothing,195.65,22
4,Plant,Books,252.91,5
5,Bill,Clothing,40.97,0
6,Phone,Electronics,142.49,41
7,Strong,Toys,206.08,75
8,Explain,Clothing,212.26,17
9,Like,Sports,65.62,55
10,Thousand,Home,197.47,2
11,Open,Sports,72.76,92
12,Where,Sports,131.56,43
13,Reach,Toys,48.43,40
14,Trade,Sports,297.34,14
15,Away,Electronics,85.03,63
16,Drug,Toys,65.37,91
17,Character,Electronics,33.66,20
18,Teacher,Clothing,163.13,16
19,Agency,Toys,296.68,92
20,Three,Clothing,247.06,15
21,Sister,Sports,144.46,23
22,Entire,Books,153.95,76
23,Image,Toys,131.64,58
24,Education,Books,238.19,80
25,Have,Electronics,29.74,36
26,Clear,Clothing,129.5,86
27,Else,Home,91.53,29
28,Long,Clothing,24.69,88
29,Before,Toys,137.95,74
30,Once,Home,277.71,67
31,Continue,Clothing,211.64,43
32,Significant,Clothing,263.77,82
33,Turn,Toys,40.62,26
34,Station,Clothing,172.68,33
35,Someone,Sports,241.46,25
36,Effect,Sports,229.96,99
37,Child,Clothing,236.88,74
38,Around,Books,262.02,17
39,Authority,Electronics,172.78,64
40,Relate,Home,113.21,41
41,Large,Sports,10.74,36
42,Air,Home,38.5,2
43,Head,Clothing,213.94,19
44,Order,Home,292.16,12
45,Back,Books,221.62,37
46,Hear,Home,111.25,57
47,Security,Books,19.66,31
48,Reach,Electronics,13.38,91
49,Foreign,Sports,196.19,45
50,Purpose,Sports,40.89,60
51,Way,Toys,297.99,55
52,Great,Clothing,132.24,58
53,Expert,Books,292.6,92
54,Region,Books,284.77,99
55,Develop,Sports,58.99,5
56,My,Books,273.9,95
57,Dinner,Home,181.42,37
58,Beautiful,Sports,179.03,53
59,Forget,Toys,170.6,80
60,Particular,Books,203.56,73
61,Example,Books,267.76,61
62,Street,Home,225.92,43
63,Story,Books,43.2,41
64,Event,Electronics,242.93,51
65,Point,Toys,58.82,22
66,Country,Sports,110.56,79
67,National,Clothing,243.92,82
68,Be,Home,189.1,86
69,Little,Toys,180.72,54
70,Hand,Sports,10.17,17
71,Democrat,Books,56.55,91
72,Skill,Electronics,49.15,22
73,Consumer,Books,185.11,46
74,Plan,Sports,295.09,76
75,Serve,Home,216.01,53
76,Stop,Books,258.1,21
77,Clearly,Books,181.88,18
78,Like,Sports,138.7,74
79,Military,Clothing,268.68,22
80,Exist,Home,278.36,44
81,Player,Books,246.53,48
82,Listen,Toys,201.34,93
83,Before,Home,180.71,87
84,Hard,Books,139.52,35
85,Avoid,Home,69.29,82
86,Hair,Sports,177.22,52
87,Civil,Sports,176.78,1
88,Fall,Sports,164.5,10
89,Amount,Home,38.38,23
90,Day,Books,31.34,5
91,Week,Clothing,211.43,46
92,Expect,Clothing,231.59,85
93,Join,Electronics,19.7,12
94,Agent,Home,164.86,47
95,Account,Home,106.46,75
96,Write,Books,27.07,12
97,Voice,Clothing,189.93,69
98,Need,Home,65.39,68
99,Fear,Home,221.21,62
100,The,Electronics,198.04,85
101,Pretty,Books,49.07,88
102,Include,Toys,217.08,37
103,Thousand,Toys,165.92,50
104,Several,Sports,5.99,61
105,Peace,Books,172.47,78
106,Crime,Toys,221.55,26
107,Remain,Books,153.42,85
108,Suffer,Sports,293.22,83
109,Player,Electronics,297.53,81
110,Onto,Electronics,68.7,29
111,Create,Home,152.51,81
112,Talk,Sports,49.46,47
113,Or,Electronics,157.29,92
114,No,Clothing,171.45,21
115,Air,Clothing,204.44,83
116,Certain,Electronics,235.47,7
117,Network,Home,214.16,35
118,Knowledge,Books,60.31,80
119,Remember,Books,171.12,58
120,First,Toys,207.87,46
121,Heart,Sports,180.4,82
122,Right,Home,258.65,63
123,Experience,Books,227.28,3
124,Seem,Books,65.89,20
125,From,Sports,221.99,57
126,Experience,Home,21.25,54
127,Price,Electronics,256.17,65
128,Science,Books,204.63,19
129,Usually,Books,127.8,85
130,Face,Home,211.33,10
131,After,Home,205.42,22
132,Least,Books,5.29,86
133,Approach,Clothing,138.74,99
134,Black,Sports,22.67,7
135,Be,Clothing,151.7,98
136,Yeah,Home,276.13,6
137,Wall,Home,67.48,80
138,Trip,Books,160.54,21
139,List,Books,148.43,66
140,Bed,Books,159.31,61
141,Security,Toys,122.15,100
142,Between,Home,296.62,30
143,Population,Books,50.15,52
144,Very,Toys,176.36,5
145,Industry,Clothing,60.0,88
146,Whole,Sports,135.34,71
147,We,Clothing,104.12,71
148,Society,Home,154.48,27
149,Win,Sports,59.39,43
150,Same,Clothing,89.17,94
151,Boy,Sports,131.72,77
152,Color,Electronics,273.43,5
153,Interest,Home,181.92,70
154,Need,Home,81.59,6
155,Condition,Home,219.33,16
156,Test,Sports,280.78,35
157,Mr,Home,53.78,30
158,Poor,Sports,236.53,34
159,International,Home,244.93,11
160,Big,Clothing,266.86,94
161,Base,Home,206.91,26
162,Manager,Home,89.48,34
163,Old,Electronics,225.94,97
164,Road,Sports,254.08,10
165,Power,Toys,281.51,58
166,Condition,Home,222.73,66
167,Direction,Clothing,8.43,4
168,Man,Toys,13.29,92
169,Necessary,Electronics,277.26,45
170,Yourself,Sports,85.01,12
171,Shoulder,Toys,32.81,12
172,Marriage,Home,69.93,35
173,Fall,Toys,108.64,7
174,Smile,Clothing,271.04,37
175,Center,Toys,109.09,85
176,Follow,Electronics,221.95,19
177,Central,Electronics,295.39,83
178,Another,Home,226.68,69
179,Indicate,Toys,101.42,82
180,Important,Sports,294.76,19
181,Develop,Books,223.6,81
182,Meeting,Electronics,104.89,62
183,Few,Home,261.87,59
184,Street,Clothing,220.1,36
185,Away,Clothing,249.71,64
