product_id,product_name,category,price,STOCK
1,Seek,Electronics,63.9,55
2,Service,Sports,133.16,8
3,Thought,Clothing,243.96,13
4,Attention,Clothing,56.39,21
5,Brother,Clothing,209.99,53
6,Performance,Toys,31.06,30
7,Increase,Home,56.68,47
8,Fine,Sports,152.19,74
9,Office,Sports,95.32,51
10,Across,Electronics,290.56,96
11,Program,Home,279.37,96
12,Avoid,Sports,56.1,66
13,Soldier,Sports,13.83,42
14,Program,Toys,93.03,75
15,Task,Clothing,193.06,73
16,Red,Clothing,241.25,36
17,Situation,Clothing,82.08,24
18,Page,Toys,284.8,11
19,Close,Books,217.59,70
20,Finish,Sports,108.3,19
21,At,Sports,183.74,0
22,Identify,Home,73.62,26
23,Hand,Sports,188.37,44
24,Year,Electronics,207.52,11
25,Room,Sports,96.12,33
26,Send,Electronics,27.26,85
27,Per,Electronics,97.99,39
28,Treat,Home,143.6,81
29,Task,Books,35.59,12
30,Continue,Books,155.09,36
31,Know,Clothing,235.99,41
32,Camera,Electronics,179.19,97
33,Scene,Sports,125.2,1
34,Something,Home,295.67,2
35,Top,Clothing,132.1,65
36,Effort,Sports,298.65,55
37,Hour,Home,241.23,13
38,Fact,Home,204.82,36
39,Similar,Sports,111.52,38
40,Check,Clothing,180.57,76
41,Our,Toys,231.5,31
42,His,Books,158.29,88
43,Drug,Toys,15.77,75
44,Way,Toys,107.85,84
45,Read,Books,121.89,48
46,Result,Toys,45.77,85
47,Central,Books,141.33,69
48,Cover,Electronics,177.18,51
49,Sport,Toys,260.96,1
50,Everybody,Toys,24.99,49
51,Find,Toys,227.82,48
52,Professional,Books,183.23,78
53,Again,Sports,167.93,61
54,Family,Books,270.04,57
55,Me,Toys,207.68,94
56,Practice,Sports,159.42,50
57,Require,Clothing,299.23,21
58,Very,Clothing,46.63,63
59,Sign,Clothing,255.31,96
60,Compare,Home,87.57,38
61,Voice,Sports,87.06,62
62,Magazine,Home,38.28,43
63,Expect,Sports,191.68,87
64,Believe,Home,230.43,48
65,Film,Sports,89.0,2
66,Design,Home,295.13,33
67,Question,Toys,143.81,17
68,Four,Clothing,180.18,21
69,Thus,Sports,47.88,59
70,True,Home,225.91,95
71,Activity,Books,118.75,26
72,Upon,Toys,6.41,48
73,Special,Sports,175.56,29
74,Feel,Books,69.72,12
75,Generation,Electronics,116.07,1
76,Family,Sports,70.67,40
77,Guess,Books,201.14,26
78,Mean,Sports,25.7,100
79,A,Clothing,141.77,7
80,Travel,Toys,46.3,94
81,System,Books,238.74,64
82,Yet,Toys,18.6,29
83,Chair,Books,221.46,11
84,Debate,Toys,204.64,74
85,Tonight,Home,68.94,44
86,Stop,Clothing,221.64,48
87,Draw,Books,291.99,45
88,Military,Electronics,135.8,6
89,Our,Electronics,111.26,3
90,Or,Sports,193.16,55
91,Leave,Clothing,203.19,21
92,Available,Clothing,189.18,23
93,Gas,Books,141.53,97
94,Energy,Home,45.07,14
95,Condition,Sports,45.18,31
96,View,Home,115.09,32
97,Option,Clothing,59.31,79
98,School,Clothing,229.66,34
99,Describe,Clothing,266.14,80
100,Style,Clothing,168.4,85
101,Recent,Books,277.01,17
102,Foreign,Toys,161.18,68
103,Force,Books,32.04,12
104,Spring,Books,106.71,60
105,Best,Sports,107.91,9
106,Remain,Home,31.67,14
107,Involve,Home,269.05,18
108,Scene,Home,236.53,32
109,While,Toys,83.47,29
110,International,Books,281.59,29
111,Since,Books,163.34,83
112,Half,Home,131.03,34
113,Natural,Sports,30.75,6
114,School,Electronics,7.21,56
115,Politics,Sports,147.85,33
116,Cell,Books,14.96,28
117,Billion,Books,200.97,1
118,Skill,Clothing,136.85,98
119,Want,Books,140.19,7
120,Treat,Sports,167.14,21
121,Administration,Electronics,166.26,7
122,Shake,Clothing,17.34,87
123,Most,Clothing,254.11,97
124,Heavy,Sports,141.2,17
125,Energy,Home,143.28,65
126,Ahead,Toys,119.22,63
127,Item,Home,137.86,61
128,Ready,Books,20.77,63
129,Ahead,Electronics,28.27,96
130,Strategy,Toys,208.16,94
131,Fall,Electronics,287.05,86
132,Leg,Electronics,39.81,29
133,Involve,Electronics,127.25,57
134,Hope,Toys,65.96,46
135,Among,Sports,118.31,64
136,Strong,Toys,232.13,6
137,Unit,Books,80.9,59
138,Beat,Home,64.67,53
139,Walk,Clothing,203.76,74
140,Record,Sports,156.94,87
141,Ball,Electronics,130.14,60
142,Only,Electronics,266.81,73
143,Phone,Clothing,100.67,6
144,Crime,Electronics,225.59,96
145,Amount,Sports,120.89,56
146,Dream,Toys,37.5,48
147,Strong,Home,295.66,61
148,Official,Electronics,63.14,11
149,President,Clothing,47.24,75
150,Thought,Sports,19.59,36
151,Them,Clothing,267.29,42
152,Of,Books,163.67,85
153,Clearly,Toys,64.69,100
154,Conference,Books,162.29,23
155,Stage,Toys,163.17,76
156,Garden,Home,209.97,12
157,Thank,Toys,192.09,89
158,Skin,Home,198.02,88
159,Still,Toys,115.69,95
160,Bag,Sports,150.1,0
161,Year,Home,59.32,24
162,Include,Clothing,33.33,39
163,Measure,Clothing,284.3,5
164,Painting,Books,223.51,87
165,Able,Sports,42.39,52
166,Send,Sports,126.54,6
167,Whom,Sports,205.39,100
168,Boy,Home,143.16,17
169,Modern,Electronics,107.74,77
170,Ago,Electronics,113.36,9
171,Or,Sports,12.71,77
172,Reality,Clothing,114.07,60
173,Accept,Sports,261.42,78
174,Attorney,Home,160.42,75
175,Body,Electronics,150.2,0
176,Quality,Home,62.91,29
177,Large,Home,133.55,83
178,Blood,Books,295.57,41
179,Must,Sports,147.48,6
180,Opportunity,Sports,65.38,15
181,Ok,Home,128.14,26
182,The,Home,122.21,29
183,Either,Toys,278.89,2
184,Education,Electronics,81.3,56
185,Early,Home,36.3,97
186,Plant,Clothing,213.0,21
187,Better,Home,192.74,75
188,Environment,Electronics,292.24,39
189,Common,Clothing,234.98,59
190,Vote,Toys,81.45,11
191,Attention,Clothing,237.38,88
192,Position,Sports,261.26,22
193,Fight,Sports,257.68,18
194,Economic,Home,129.2,43
195,Cut,Toys,177.15,81
196,Piece,Toys,98.23,39
197,Site,Sports,55.71,37
198,Worry,Electronics,204.09,92
199,Financial,Toys,21.33,40
200,Town,Books,100.97,48
201,Tend,Electronics,257.41,47
202,Administration,Clothing,139.88,15
203,Claim,Clothing,166.76,62
204,Other,Books,111.05,42
205,Different,Home,96.82,25
206,Maybe,Electronics,295.33,42
207,Age,Sports,53.03,64
208,Road,Toys,38.54,99
209,Individual,Books,49.73,53
210,Finally,Sports,132.07,54
211,Sign,Home,296.76,30
212,Factor,Books,239.47,1
213,Read,Electronics,269.84,8
