product_id,product_name,category,price,stock
1,Later,Books,190.69,2
2,Level,Electronics,152.42,22
3,Center,Home,179.71,46
4,Federal,Clothing,140.49,50
5,Wonder,Sports,65.61,31
6,Glass,Toys,179.8,87
7,Commercial,Toys,122.27,64
8,Challenge,Sports,146.64,29
9,It,Home,268.19,15
10,Right,Home,242.43,91
11,East,Toys,225.21,67
12,Culture,Clothing,287.32,81
13,Number,Electronics,22.68,32
14,Board,Electronics,198.25,58
15,World,Clothing,115.5,96
16,Pick,Clothing,46.72,18
17,Why,Home,266.75,87
18,Color,Toys,87.0,25
19,School,Sports,139.55,59
20,Still,Sports,7.62,35
21,Cultural,Clothing,273.15,17
22,At,Clothing,46.89,69
23,Affect,Toys,105.96,46
24,Tend,Books,61.04,42
25,Take,Sports,262.21,77
26,Party,Electronics,232.54,78
27,War,Toys,217.72,7
28,Television,Toys,84.78,93
29,Certainly,Home,108.05,51
30,Your,Toys,203.86,67
31,Age,Home,263.23,25
32,Hundred,Sports,222.33,96
33,Black,Sports,136.48,94
34,Pass,Books,148.96,76
35,Off,Electronics,28.94,71
36,Firm,Toys,104.15,2
37,Station,Clothing,62.26,93
38,Behavior,Clothing,265.67,93
39,Method,Sports,259.73,49
40,Could,Books,28.43,18
41,Law,Clothing,77.12,45
42,Stuff,Books,116.14,100
43,Record,Sports,33.73,48
44,Seven,Sports,142.98,64
45,List,Sports,19.66,18
46,Effect,Electronics,126.0,56
47,Of,Toys,8.97,51
48,Just,Home,154.75,74
49,West,Books,218.13,39
50,Market,Home,156.88,91
51,Head,Clothing,185.15,5
52,Social,Clothing,266.59,39
53,Against,Books,6.57,58
54,Interest,Toys,41.0,86
55,Conference,Electronics,88.34,25
56,Current,Books,242.79,67
57,Product,Toys,60.7,66
58,Big,Clothing,172.91,45
59,War,Clothing,211.45,63
60,Street,Electronics,260.36,18
61,High,Toys,218.95,75
62,City,Sports,297.09,87
63,Debate,Electronics,261.49,12
64,Budget,Toys,295.16,41
65,Next,Home,74.12,18
66,Indicate,Electronics,62.8,29
67,Allow,Sports,34.23,54
68,Agree,Sports,88.19,42
69,Less,Home,79.0,81
70,During,Toys,257.79,60
71,Interest,Home,77.38,8
72,Design,Books,293.24,14
73,Nature,Home,183.58,95
74,Their,Toys,204.09,59
75,Free,Clothing,291.41,100
76,Message,Clothing,51.21,94
77,Any,Books,280.37,10
78,Ground,Clothing,100.86,5
79,Always,Toys,16.69,88
80,Learn,Clothing,77.94,30
81,Follow,Books,21.61,71
82,Care,Home,280.78,91
83,Idea,Home,255.34,90
84,Share,Clothing,46.8,88
85,Prevent,Clothing,95.8,83
86,Apply,Sports,13.65,92
87,Entire,Sports,223.74,74
88,Worry,Electronics,278.74,86
89,Difference,Toys,174.66,44
90,Worry,Toys,85.7,35
91,Tough,Toys,267.74,67
92,Despite,Home,150.19,53
93,Her,Home,69.92,9
94,Interview,Electronics,70.87,77
95,Black,Electronics,218.56,65
96,Interest,Clothing,110.66,23
97,Partner,Electronics,138.79,19
98,Necessary,Home,240.05,0
99,Form,Home,33.98,17
100,Lawyer,Books,188.23,16
101,There,Home,246.95,75
102,Can,Books,98.28,46
103,Author,Home,26.44,51
104,Middle,Clothing,23.09,40
105,Raise,Clothing,20.28,15
106,Work,Electronics,91.67,12
107,Necessary,Sports,53.25,4
108,Dinner,Toys,67.67,80
109,Account,Toys,211.5,76
110,Can,Electronics,265.78,7
111,Try,Books,276.58,18
112,State,Clothing,60.65,83
113,Sport,Electronics,75.87,81
114,Lawyer,Clothing,197.06,33
115,Deep,Home,64.94,36
116,Arm,Toys,253.47,84
117,Meet,Clothing,245.99,50
118,Kitchen,Toys,246.36,70
119,Perform,Toys,216.86,33
120,Maintain,Clothing,112.47,66
121,Hot,Books,42.14,15
122,Everything,Sports,279.05,56
123,Owner,Toys,7.28,69
124,Point,Sports,208.69,29
125,Community,Books,42.88,68
126,Ask,Clothing,70.43,12
127,Model,Sports,82.53,71
128,Still,Electronics,159.96,47
129,Sometimes,Toys,211.34,54
130,Environmental,Electronics,90.71,18
131,Deep,Electronics,209.91,17
132,Environmental,Books,106.94,27
133,Human,Toys,204.74,20
134,Entire,Home,118.36,33
135,Certain,Electronics,155.69,23
136,One,Home,58.18,53
137,Though,Books,296.79,18
138,Budget,Electronics,75.16,88
139,East,Electronics,212.57,16
140,Project,Books,25.19,3
141,Relationship,Toys,124.18,44
142,Most,Electronics,175.48,38
143,Become,Clothing,81.3,12
144,Commercial,Clothing,19.07,63
145,Decade,Sports,274.77,39
146,Each,Toys,165.66,61
147,Yard,Home,234.46,74
148,Present,Electronics,167.66,0
149,Style,Books,158.62,55
150,Professional,Clothing,149.6,42
151,Public,Books,194.89,29
152,Around,Toys,111.7,29
153,Leave,Clothing,116.97,17
154,Become,Clothing,183.36,97
155,Land,Books,68.27,53
156,Finally,Home,279.55,83
157,Region,Toys,136.91,27
158,Have,Clothing,95.65,88
159,Raise,Sports,130.01,91
160,Help,Electronics,205.06,46
161,Office,Sports,287.76,34
162,Ground,Electronics,49.54,61
163,Month,Sports,132.9,64
164,Because,Home,247.58,18
165,Over,Toys,170.2,98
166,Direction,Books,152.32,15
167,Local,Electronics,254.24,70
168,Fast,Clothing,250.21,16
169,Around,Books,124.3,14
170,Drop,Books,83.61,4
171,Letter,Books,134.07,98
172,Main,Toys,44.93,9
173,Up,Clothing,133.42,51
174,Probably,Home,178.18,40
175,Church,Books,109.74,91
176,Simply,Home,83.85,51
177,Reason,Books,216.57,96
178,When,Clothing,245.56,24
179,Great,Sports,201.69,3
180,Expect,Books,290.09,37
181,Process,Electronics,261.38,45
182,Whose,Home,218.79,63
183,Ago,Clothing,235.26,17
184,Take,Home,135.17,29
185,Buy,Electronics,103.59,76
186,Too,Toys,9.31,43
187,Reach,Sports,6.02,37
188,Various,Electronics,266.89,88
189,Fine,Home,232.82,49
190,Cost,Toys,49.65,91
191,Nothing,Clothing,6.46,56
192,However,Toys,219.15,98
193,Center,Home,200.18,46
194,Find,Electronics,109.77,94
195,Across,Clothing,218.27,72
196,Dream,Home,265.41,73
197,Girl,Home,59.29,2
198,Reveal,Clothing,282.78,7
199,Buy,Books,54.82,2
200,Process,Electronics,61.5,79
201,Project,Toys,10.43,23
202,Stage,Toys,124.7,11
203,Place,Sports,254.53,56
204,Fine,Electronics,206.88,56
205,Cause,Sports,296.07,85
206,Provide,Home,246.39,2
207,Prepare,Toys,145.39,30
208,Avoid,Books,34.47,100
209,Tree,Books,219.07,64
210,Despite,Home,221.39,32
211,Perhaps,Clothing,110.93,46
212,Leave,Books,225.53,8
213,Especially,Electronics,274.9,91
214,Less,Sports,245.74,95
215,Story,Electronics,90.11,45
216,Energy,Electronics,8.65,82
217,Few,Home,182.44,8
218,Child,Home,129.2,80
219,Factor,Electronics,21.22,94
