state,listing_date,price,bathrooms,listing_id,zip,bedrooms,city,address,property_type,square_feet
Louisiana,2024-10-03,88967.05,1,1,15491,4,Thomasland,23105 Hannah Union,Condo,925
Maryland,2024-03-16,541850.12,2,2,83281,5,Carrollstad,860 Jeffrey View Suite 356,Apartment,2697
Michigan,2023-11-17,999477.11,1,3,97335,5,East Audrey,90879 Jessica Manor,Apartment,3527
Georgia,2023-08-16,812261.4,4,4,41870,2,North Barbara,69803 Sean Rest,Apartment,4061
South Carolina,2024-01-28,229143.28,3,5,27029,3,Frederickton,063 John Street,Apartment,2214
Montana,2025-02-11,746349.4,1,6,66727,1,Nathanside,8173 Cuevas Mall Apt. 660,House,2258
Vermont,2024-06-04,730468.17,2,7,15545,2,Deborahmouth,398 Shelly Mission,Condo,4539
Rhode Island,2024-05-16,763549.41,1,8,08680,2,Woodsport,12887 Medina Mill,Apartment,4708
Florida,2024-05-02,620061.37,1,9,28983,2,Claytonshire,364 Gross Springs Suite 274,Apartment,1158
Missouri,2024-12-15,938372.61,3,10,08538,5,Pinedashire,128 David Dale Apt. 871,Condo,2122
Wisconsin,2024-02-01,872114.73,4,11,98907,1,Elizabethfort,10215 Gregory Causeway,House,997
Tennessee,2024-06-20,322176.91,1,12,75176,1,Lake Jenniferton,00029 Garcia Locks,Condo,1787
Illinois,2024-07-20,704980.38,2,13,99858,5,Ashleyland,94419 Brown Via Apt. 748,Apartment,2840
Pennsylvania,2023-12-23,254298.72,3,14,50405,4,Port Jonathanport,961 Welch Centers Suite 114,Apartment,2641
Florida,2023-04-11,271223.23,4,15,22164,1,East Amanda,619 Klein Streets Apt. 354,House,2335
Nebraska,2023-03-08,977890.03,3,16,15655,5,Kennethborough,535 Taylor Terrace Apt. 812,Condo,3243
Wyoming,2025-01-02,145679.72,3,17,13785,2,North Amyland,097 Craig Ridge Apt. 318,Apartment,4024
Kansas,2023-12-18,209269.47,2,18,09064,5,Justinton,15098 Daniel Path,Condo,3253
New Hampshire,2023-04-16,756770.89,3,19,27908,5,Meghanborough,8137 Cobb Parkway Suite 282,Condo,4908
Wisconsin,2023-03-30,758136.82,1,20,27514,2,South Cody,8728 Lewis Roads,House,2810
Washington,2023-10-04,708673.23,2,21,44452,2,Jasonstad,404 John Meadow Suite 633,Condo,4385
Nevada,2024-11-07,517777.88,2,22,51962,5,East Casey,372 Charles Square Apt. 516,Condo,3713
South Carolina,2023-11-22,979365.02,3,23,96540,2,Martinfurt,18983 Rojas Crossroad,Apartment,2691
Louisiana,2024-01-26,502898.21,1,24,31232,3,Kathrynstad,4905 Stafford Mountain Suite 602,Apartment,4155
Kentucky,2025-02-08,426981.86,4,25,47240,5,Huffberg,02245 Harry Camp,Apartment,2847
Utah,2024-02-10,609672.74,1,26,17401,4,Martinton,07740 Harris Isle,Apartment,1711
Illinois,2024-01-18,709938.65,3,27,41570,2,Cooperfort,899 Miller Flat,Condo,1008
Ohio,2023-10-04,469697.45,1,28,05838,1,West Timothy,10643 Douglas Lock Apt. 321,Apartment,3615
Connecticut,2024-03-25,473110.43,3,29,08383,1,Lake Rachel,1514 Wu Highway Apt. 216,Apartment,1319
Nevada,2025-01-24,560136.9,4,30,81339,5,New Chris,8213 Xavier Rest,House,2533
New Jersey,2023-05-19,909777.16,3,31,70499,3,Lake Jacqueline,7873 Susan Crescent,House,2351
Washington,2023-12-08,875492.04,4,32,86209,1,North Lindsaystad,79075 Jackson Mission,Condo,2313
Indiana,2025-01-09,383625.21,1,33,73077,5,Kimberlystad,2747 Kathleen Harbor Suite 592,Apartment,3104
Pennsylvania,2023-04-25,511124.98,2,34,33694,5,Tiffanyland,45563 Clarke Keys,House,1178
Nebraska,2024-12-30,677838.41,4,35,29233,2,Carlside,14004 Richardson Trail,House,3973
Arizona,2023-11-11,346786.77,2,36,99232,2,Wrighthaven,57155 Maria Point,Apartment,2193
Minnesota,2025-02-11,141672.62,3,37,27700,3,Lisabury,364 Natalie Throughway Suite 253,House,4948
Montana,2023-10-29,651141.42,4,38,88547,4,Penaview,797 David Vista,Condo,2769
Louisiana,2024-05-04,556038.95,3,39,43684,2,North Christieville,847 Lewis Falls Apt. 940,Apartment,4994
Colorado,2024-11-12,733653.84,3,40,54063,5,Huntport,56300 Williams Crossing,Apartment,691
Wisconsin,2023-09-01,300182.48,3,41,27949,5,New Michelle,739 Ferguson Brooks Suite 364,Condo,1538
West Virginia,2023-03-05,783046.03,3,42,57330,4,Deborahborough,474 Blevins Plains Apt. 124,Condo,2279
Illinois,2023-09-10,954977.26,2,43,12955,5,West Albert,8322 Campbell Meadows,House,2292
Michigan,2024-01-18,76048.32,4,44,79901,2,East Jennifer,22321 Flores Turnpike,Apartment,3473
Hawaii,2023-08-23,291071.51,4,45,77865,3,Lake Jason,992 John Court,House,3719
Colorado,2024-08-16,340181.04,4,46,37258,5,East Stevenland,02545 Miller Drive,Apartment,4170
Montana,2023-05-13,315191.56,2,47,22257,1,Michaelport,1723 Christine Plain,Condo,1762
Iowa,2024-02-04,154791.55,3,48,03977,1,Moranburgh,785 Massey Place,House,4622
Washington,2024-03-22,965528.25,2,49,70012,5,East Amandachester,341 Michelle Locks,Apartment,3177
Texas,2023-09-02,731203.62,4,50,65989,3,Charlesburgh,48067 Joshua Prairie,Condo,4795
South Dakota,2024-03-19,749518.78,3,51,70312,4,Matthewschester,9824 Bruce Manors,Apartment,2432
Delaware,2025-01-23,510842.9,3,52,05419,2,New Ashleybury,9248 Gutierrez Skyway Suite 356,Condo,3811
Montana,2023-04-25,386307.13,3,53,96940,5,Lake Andrewchester,56429 Green Fort Apt. 444,Condo,1055
Maine,2023-06-28,874195.83,3,54,70800,3,New Jeremy,5476 Frost Trafficway Suite 617,House,3383
Nevada,2024-10-13,521303.24,1,55,13073,1,New Paulfurt,66680 Theodore Causeway Apt. 242,Condo,1571
Arkansas,2023-09-30,800700.24,1,56,09130,1,Richardfurt,4974 Christina Rapids Suite 012,Apartment,1267
New Hampshire,2024-05-20,558817.69,1,57,01727,5,West Brian,06151 Ross Tunnel Apt. 098,Condo,1808
Maryland,2023-12-03,828989.51,4,58,14947,2,Lake Hayley,60121 Willis Forks,Condo,593
Montana,2023-04-11,481430.58,4,59,19613,1,New Angela,1425 Gabriela Plaza,House,2757
Delaware,2024-05-09,372185.73,3,60,85651,4,Kristinachester,60253 James Bypass Suite 166,Apartment,4500
Arizona,2025-01-01,989865.33,2,61,27189,2,Crystalfort,6091 Elizabeth Spurs,House,1353
Pennsylvania,2024-01-14,623154.82,4,62,22751,5,Marthaburgh,50210 Owens Divide Apt. 691,Condo,1087
Ohio,2024-06-21,345754.04,2,63,84216,1,West Shawnfort,7281 Hayes Fords,Condo,2876
Maryland,2024-12-06,209647.92,1,64,27596,4,East Mirandashire,4977 Austin Rapid,Condo,948
Nevada,2023-11-17,536481.87,1,65,71759,4,North Markville,4235 Kelly Forge,Apartment,4722
Arkansas,2023-03-30,887373.97,1,66,73690,4,West Brianland,6173 Michael Pine Apt. 003,House,695
South Carolina,2023-07-21,601037.11,3,67,39579,2,Port Maxwellfurt,0145 Amanda Glen,House,4102
Wisconsin,2024-11-21,787282.92,3,68,01360,3,New Kimberly,813 Wolf Streets Apt. 739,Apartment,4062
Missouri,2023-12-12,716339.62,4,69,88199,1,Port Robertfurt,36595 Ashley Common,Apartment,1253
Maryland,2024-03-18,484084.9,1,70,98584,2,Woodshire,004 West Rue,Apartment,2570
Florida,2024-07-17,326175.3,2,71,68631,2,East Shawn,3581 Richardson Manor Apt. 638,Apartment,3891
Hawaii,2023-10-20,737106.09,2,72,10980,1,Anthonyberg,115 Price Path,House,641
Arizona,2024-11-15,280159.88,4,73,09036,5,Melindamouth,6353 Murphy Crescent Apt. 892,Apartment,2369
Virginia,2024-01-29,551963.51,1,74,08542,2,South Josephfurt,428 Jones Via Suite 075,Condo,2211
North Carolina,2023-08-02,193383.73,3,75,22538,5,South Kimberly,43783 Cline Courts,Apartment,1537
Texas,2024-05-29,896741.4,4,76,54392,2,West Breanna,7225 Jennifer Route,Condo,3627
Connecticut,2024-05-21,582393.07,4,77,57790,2,North Melissafurt,97984 Tonya Villages Suite 876,Apartment,3684
Minnesota,2023-10-20,258998.86,3,78,90078,5,Dianastad,04272 Hale Vista Apt. 994,Condo,3015
New Mexico,2024-11-26,519177.44,3,79,20383,4,East Tyroneton,3143 Jessica Street Apt. 525,Condo,2809
Oklahoma,2023-10-08,634037.62,1,80,89313,3,New Bryce,62432 Ryan Rue,House,4875
Maine,2023-09-19,722998.35,2,81,75056,1,Port David,4269 Robert Meadow Apt. 848,House,3805
Arkansas,2023-05-24,921137.05,3,82,90949,3,Wendyshire,6234 Christopher Loaf,Condo,4794
Mississippi,2024-04-17,693472.54,3,83,87045,5,Allenhaven,4183 Hughes Track,House,1012
North Carolina,2024-10-07,598817.4,2,84,41102,4,East Heathertown,1187 Jimenez Way Apt. 196,House,1060
Minnesota,2023-03-02,815147.59,3,85,00803,1,Ayershaven,74060 James Mission,Apartment,4446
Pennsylvania,2023-12-19,950919.1,4,86,90255,1,South Danielleborough,07184 Watkins Mount,Condo,3233
Rhode Island,2024-05-28,879839.18,3,87,48541,2,Davidport,8388 Theresa Tunnel Apt. 545,Apartment,638
Wyoming,2024-07-03,565508.86,1,88,46694,5,Port Thomasmouth,638 Mendez Circles,Apartment,4010
Louisiana,2023-04-23,127867.21,1,89,67733,5,Lake Brittanyberg,754 Lisa Alley,House,1052
Louisiana,2024-09-02,98575.15,1,90,90273,1,New Ryan,898 Bruce Club,House,1356
New York,2024-02-13,972921.34,3,91,10426,2,West Christopherfurt,89053 Page Trafficway Apt. 593,House,2891
Rhode Island,2023-06-27,313138.75,3,92,12650,2,West Andrewburgh,2582 Stewart Dale,Condo,3374
Iowa,2024-02-06,94373.57,1,93,89231,2,Terrymouth,35562 Brandy Ranch,Apartment,3630
Indiana,2023-07-25,879312.55,2,94,39648,5,New Lisaland,795 Joshua Light,Condo,1518
Vermont,2023-03-03,311020.69,2,95,82370,5,Nicholastown,701 Stacy Ridges Apt. 865,House,4539
Mississippi,2024-05-04,326219.0,4,96,56570,3,New Carrieburgh,59884 Robert Trace,Condo,3282
Idaho,2024-05-25,724901.37,2,97,02311,2,East Brian,959 Villegas Lane,Apartment,1579
New Hampshire,2024-08-01,138097.94,2,98,00870,1,East Heather,25147 Wayne Camp,Apartment,1197
Utah,2024-03-09,948467.9,2,99,10962,4,Hayesville,92200 Andrew Way Apt. 409,Apartment,1918
Ohio,2024-05-05,530728.97,4,100,93103,5,Whiteton,293 Smith Street,Apartment,2398
Kentucky,2023-07-12,324601.84,2,101,41073,5,South Cassie,320 Tina Extensions Apt. 069,Condo,3643
Idaho,2024-11-09,930329.85,2,102,86251,1,South Teresa,41707 Michael Villages,House,2225
Oregon,2024-02-19,584062.68,3,103,83208,1,Lake Cynthia,32909 Bauer Squares,House,4068
Rhode Island,2023-03-15,730824.26,2,104,46145,2,Davisborough,909 Tanya Locks,Apartment,708
Vermont,2023-09-10,106169.46,4,105,11044,2,North James,9255 April Causeway,House,3866
Missouri,2025-01-25,732436.36,1,106,39380,3,North Anthonyfort,2510 Rebecca Knolls,Apartment,4011
Alabama,2024-05-04,812654.23,3,107,60829,3,Angelaview,84427 Rita Ville Suite 690,Apartment,4611
Wisconsin,2024-01-21,569339.05,2,108,25789,4,East Ethanhaven,872 Hale Port,Condo,782
Iowa,2024-06-08,793415.86,3,109,09776,4,Port Carolburgh,748 Mitchell Burgs Apt. 585,House,4118
New Hampshire,2025-01-28,985152.49,2,110,68174,2,Lake Abigail,686 Holmes Land,Condo,3517
New Mexico,2024-06-03,285289.31,3,111,22469,1,Heatherhaven,671 Wolf Viaduct Apt. 180,Condo,2059
Washington,2023-11-21,471836.09,4,112,37482,1,Johnsonburgh,21548 Gallegos Squares Suite 812,House,3186
Utah,2023-11-30,404374.14,4,113,54951,4,Collinsfort,0784 Timothy Alley Suite 335,Apartment,622
Maine,2023-06-02,992797.6,4,114,18572,1,West Rachelville,12929 Roth Light,Apartment,2340
Kansas,2023-11-29,879994.75,4,115,21592,5,Christopherport,79923 Leonard Forest Apt. 423,Apartment,3599
Wyoming,2023-05-31,521348.57,1,116,41828,3,Nathanstad,5761 Alexander Points Apt. 270,House,4098
Hawaii,2025-01-21,481208.12,1,117,14187,1,Thompsonshire,1873 Tina Spring,Apartment,2556
Arizona,2024-12-26,380486.42,2,118,47108,1,Orozcohaven,894 Simpson Villages Suite 018,House,3066
Rhode Island,2024-06-24,784361.63,1,119,18270,2,East Robinmouth,5895 Ronald Run,House,1130
Oregon,2024-11-13,620076.95,1,120,26388,4,North Sheriport,466 Hickman Inlet Apt. 339,Condo,2998
Michigan,2023-11-17,908149.62,4,121,98470,4,North Johnnyfort,591 Alice Knolls,Apartment,2891
Oklahoma,2024-10-31,541494.38,4,122,09077,5,Stoneview,1360 Thornton Ridge Suite 443,Apartment,2465
Florida,2023-06-24,882970.54,2,123,91120,3,South Chelseaville,32302 Melissa Drive Apt. 663,Apartment,4084
Connecticut,2024-04-30,409812.11,2,124,37485,4,Kimberlyfurt,158 Katherine Camp,Condo,3494
Vermont,2023-02-28,115430.83,3,125,86093,2,Port Kristine,242 Kimberly Pine Suite 526,Condo,2915
Minnesota,2023-08-01,100839.17,1,126,22518,3,South Mark,589 Martinez Underpass,Apartment,1346
New York,2023-06-12,317963.71,3,127,48106,1,Joshuamouth,41407 Angelica Lights Suite 532,Apartment,585
New Hampshire,2024-08-12,910048.24,4,128,46144,4,East Brittany,93110 Scott Brook Apt. 635,Apartment,876
Colorado,2025-01-05,81046.1,4,129,96160,2,Nicholastown,747 Robinson Crossing,Apartment,4899
Arizona,2024-09-10,988732.99,1,130,88200,5,Port Davidstad,379 Patrick Cape Apt. 894,Condo,909
Iowa,2023-08-05,467922.27,4,131,45736,5,North Jacquelineburgh,79101 Nicholas Ways,Condo,569
Nebraska,2023-08-03,562764.66,3,132,23947,3,Port Rodneyberg,469 Jones Ports,Condo,4922
Florida,2024-11-13,207871.11,4,133,81756,3,North Jason,183 Brenda Island Suite 711,Condo,2022
West Virginia,2023-04-07,806257.55,4,134,79829,3,East Charles,9235 Lawrence Spurs Suite 536,House,1318
Florida,2023-06-01,655091.04,3,135,07339,2,Walkermouth,8690 Christopher Crossing,Condo,4666
Michigan,2023-10-18,856434.61,3,136,88753,4,Debbiechester,977 Cathy Way,House,3567
Montana,2024-07-21,399839.21,4,137,35108,2,Jamesburgh,80945 Gonzalez Cliffs Suite 466,Condo,3105
Colorado,2024-06-12,822807.79,4,138,47440,2,Port Matthew,74004 Rice Neck Apt. 446,Condo,1256
Massachusetts,2023-04-20,608055.2,1,139,24504,3,Martinezfurt,3046 Klein Village,House,4056
Kansas,2023-03-23,416788.87,1,140,06574,2,Toddstad,217 Caleb Tunnel Suite 585,Apartment,561
