listing_id,address,city,state,zip,price,bedrooms,bathrooms,square_feet,listing_date,property_type
1,0356 Matthew Forges,Lake Danafurt,Idaho,33984,115399.28,4,2,1388,2023-08-15,Apartment
2,75169 Powell Drive,New Matthew,Delaware,55031,438445.02,5,2,1158,2025-02-01,House
3,807 Joanna Oval,Port Jamestown,Louisiana,00533,448569.03,2,1,1176,2023-04-28,Apartment
4,5230 Jason Ramp,Garciafort,Arkansas,91336,554992.41,4,1,3793,2024-03-11,Condo
5,53057 Nelson Row Apt. 745,East Jeffreychester,Montana,41463,683816.76,5,2,4874,2023-07-22,House
6,3331 Moody Mountain Apt. 581,Lake Michael,North Dakota,15075,154393.09,4,1,1928,2023-11-28,Condo
7,270 Austin Viaduct Apt. 064,New Paul,Oregon,02650,539377.37,4,2,794,2024-03-06,House
8,84448 James Canyon Apt. 759,North Kyle,West Virginia,73701,553363.03,3,4,4060,2023-04-07,Apartment
9,29499 Johnson Villages,Gutierrezview,Arkansas,11177,535716.22,2,4,1916,2024-08-18,House
10,821 Eric Wells Suite 211,Lake Rebecca,Mississippi,30373,865401.84,5,3,4886,2023-06-29,Condo
11,965 Gonzales Knolls,New Phillip,Missouri,52002,453534.6,4,3,4606,2024-06-10,Condo
12,950 Hughes Green Suite 179,North Marcuston,Maine,27517,835467.68,1,1,3880,2024-10-14,House
13,7323 Lori Locks Suite 049,Lake Larry,Virginia,30725,323743.45,1,2,3263,2023-11-26,Condo
14,98528 Rodriguez Ports,Duffyburgh,Massachusetts,64324,351944.05,1,3,3052,2024-01-04,House
15,4701 Adams Shore,Suttonport,Vermont,95624,813976.48,5,1,1099,2025-02-07,Condo
16,0342 Cynthia Harbor,Lake Aaron,Alaska,40931,598690.82,2,1,1526,2024-01-17,Apartment
17,371 Hernandez Summit Apt. 363,Henryberg,Illinois,63261,710165.73,2,4,1323,2024-09-06,Apartment
18,8685 Patrick Bridge Suite 653,Lake Theresa,Pennsylvania,68723,365990.12,2,4,2246,2023-02-16,House
19,4954 Hart Hill Apt. 768,Veronicatown,Texas,92986,579376.44,2,4,2587,2024-01-08,House
20,33295 Tony Gardens,Edwardview,Utah,94342,542681.68,5,3,4709,2024-02-19,Condo
21,337 Hahn Land,East Allenchester,New Hampshire,16600,66953.02,4,2,3997,2023-04-03,Apartment
22,65017 Mueller Mountain Apt. 533,Horneland,Utah,29848,179273.09,1,1,1724,2024-10-26,Apartment
23,27787 Matthew Corners,Byrdton,Tennessee,27839,137683.41,3,3,3634,2023-07-24,House
24,94668 Aaron Hill,North Sallyberg,Hawaii,61039,491341.12,1,2,1140,2024-05-05,House
25,75296 Cook Orchard Apt. 302,Cannonchester,Mississippi,11735,877339.52,5,1,3896,2024-01-08,House
26,2823 Kimberly Cape,North Jenniferfurt,South Dakota,57916,947967.07,1,3,2419,2023-03-28,Apartment
27,238 Jake Corners,Lake Arthurborough,New Mexico,13882,208301.41,3,2,3686,2023-09-20,House
28,829 Gerald Gateway Suite 301,Andrealand,Montana,71289,292269.9,3,1,2210,2024-02-17,Apartment
29,43810 Rivas Highway Apt. 027,Lake Mitchell,New Mexico,31331,676529.3,1,4,3805,2024-05-05,House
30,97973 Anthony Light,Brandyberg,California,04049,610960.06,4,2,4807,2024-05-05,House
31,8104 Megan Port,Christinashire,Massachusetts,09676,318217.99,4,2,2332,2023-07-25,Condo
32,825 Tiffany Turnpike,Hahnview,Maryland,51527,845003.33,1,2,2899,2024-06-14,House
33,024 Jordan Corners Suite 092,North Christopherburgh,South Dakota,25440,311096.31,4,4,1661,2023-09-06,Apartment
34,65379 Elizabeth Ramp,New Amanda,Tennessee,26943,550548.2,4,2,4166,2023-12-30,House
35,6397 Soto Crossing Apt. 736,Denisechester,Pennsylvania,27527,239481.3,1,3,2954,2024-05-01,Condo
36,176 Brennan Expressway Apt. 588,New Jamieside,Oregon,83498,524195.35,3,4,661,2024-06-22,House
37,27780 Fox Inlet Apt. 964,West Michael,Delaware,24732,441252.99,1,3,4225,2024-01-18,House
38,1164 Casey Fort,West Melissa,Arkansas,13922,922982.62,5,1,2457,2023-04-22,Condo
39,998 Jackson Inlet Apt. 437,Kirbyland,Delaware,80716,807271.33,3,3,1170,2024-10-03,Apartment
40,3889 Brian Rapid,Anthonymouth,Mississippi,55121,944792.9,3,4,4271,2023-10-03,House
41,66134 Lisa Lodge,East Dennis,Arkansas,13372,376782.51,2,2,1958,2023-05-04,Apartment
42,9811 Murray Points Apt. 655,Kimberlyhaven,Oregon,31975,350877.31,3,2,1437,2023-07-21,Apartment
43,32260 Jessica Path Apt. 255,Port Lisa,North Carolina,12891,934326.54,3,1,4078,2024-06-19,House
44,859 Steven Parkways,Matthewsshire,Ohio,85664,312176.94,2,4,4252,2024-07-11,Apartment
45,49559 Fisher Corners,New Stevestad,Utah,88171,935009.94,1,3,830,2024-12-02,House
46,8914 Juan Hills,Benjaminport,Maryland,22119,988554.92,4,4,4428,2024-12-22,Apartment
47,4569 Kayla Village,East Megan,Louisiana,29353,693696.41,4,4,1819,2023-10-03,House
48,4679 Jesus Mountains Suite 127,West Vanessa,Utah,22997,488677.18,1,2,546,2024-09-03,House
49,828 Kenneth Expressway,West Davidville,New Jersey,61476,960990.4,5,1,4761,2023-11-04,Apartment
50,4848 Kimberly Forges,Lake Raymond,West Virginia,32766,812074.29,3,4,2092,2023-06-03,Apartment
51,516 Wilson Estates Apt. 614,Reedhaven,South Dakota,50458,187888.27,5,2,4594,2023-12-17,Apartment
52,50167 Hopkins Flat Suite 702,Lake Davidtown,Arkansas,97576,529951.38,2,3,3620,2024-08-01,House
53,59344 Nicholson Locks,Robertsmouth,Hawaii,87426,134650.15,1,3,1562,2024-08-16,Condo
54,38462 Mark Port,Wendyport,Missouri,94366,147816.86,1,4,4093,2023-05-27,House
55,274 Clark Lakes,North Shannon,California,05467,666270.26,5,1,2462,2023-10-20,Apartment
56,9013 Michael Lodge Apt. 925,Jenningsborough,Indiana,88247,556715.16,3,2,2063,2024-01-22,House
57,64356 Christopher Forest,Lopeztown,Florida,11275,877747.77,1,4,3751,2023-10-01,Condo
58,8112 Jacob Lights,Markmouth,Mississippi,42245,938377.99,3,1,2157,2023-04-13,House
59,253 Scott Overpass,Port John,Massachusetts,78116,402841.37,1,4,1890,2023-06-07,House
60,5631 John Meadows,North Sandrafort,New York,92555,349848.19,5,3,3539,2024-02-06,Condo
61,34443 Gomez Flat Apt. 815,Lisafurt,Arkansas,52875,996262.85,5,1,1799,2024-12-17,Condo
62,69428 Christian Plains Suite 274,North Michelle,California,29339,181389.95,1,2,4612,2023-11-05,Apartment
63,5612 Kimberly Lodge,Lake Lauraland,Wyoming,95236,603223.93,4,2,1756,2024-06-08,Condo
64,275 Cruz Mount,Matthewton,Wyoming,95693,937555.88,4,4,3822,2023-07-22,Condo
65,2806 Eugene Brook,South Kristopherchester,Maine,97078,184627.11,3,3,2257,2024-01-06,Apartment
66,1271 James Tunnel,Port Michaeltown,Oregon,51127,392378.46,1,4,1757,2023-09-23,House
67,92488 Luke Lodge Suite 438,East Leonard,Oregon,73520,673564.74,2,2,1306,2025-01-10,House
68,1589 Anthony Manors Suite 148,Randyfort,Alaska,46582,364578.97,3,2,4116,2024-03-22,Apartment
69,77398 George Road,New Christianland,Maryland,73495,384952.83,3,2,4569,2024-09-26,House
70,34549 Gregory Parkway Apt. 600,Wintersfurt,Maine,17152,679740.38,5,1,3616,2024-12-22,Apartment
71,9467 Torres Path,West Robert,Missouri,42859,294080.07,4,2,1729,2023-09-26,Condo
72,19590 Richard Estate Suite 479,North Courtneyburgh,Maine,25323,806828.02,4,2,2815,2024-02-14,House
73,52030 Howard Pines,West Carl,Nebraska,96002,266512.5,2,4,2921,2023-04-24,House
74,56607 Simpson Valleys,Dennisfort,Tennessee,51026,458820.33,2,1,1539,2024-02-07,House
75,02925 Murray Locks Apt. 760,South Christopher,Maryland,96102,673135.17,5,4,991,2023-08-29,House
76,3584 Estes Shoals Suite 085,Barnesberg,Colorado,22922,129279.43,3,4,1961,2025-01-09,House
77,4628 Young Turnpike,Port Marcusfurt,Utah,93951,51900.21,2,4,4296,2023-09-27,Condo
78,0891 Hernandez Ways,Spencemouth,Hawaii,41668,454951.53,4,4,2466,2023-05-24,Apartment
79,55242 Hudson Knolls Apt. 488,Patrickbury,Florida,87901,422811.05,4,1,4516,2023-07-11,House
80,485 Matthew Meadows,Andrewland,New Hampshire,30966,353074.63,5,4,726,2024-10-03,House
81,10490 William Pass,West Justin,Missouri,98989,665238.46,5,3,3841,2023-04-18,Apartment
82,95351 Burton Club Apt. 311,Lake Lisa,Tennessee,26603,868606.69,4,1,1509,2023-09-09,House
83,84509 Tammy Burgs,Lindseyburgh,Oregon,62903,817195.5,2,3,1566,2023-12-12,Apartment
84,3626 Russell Mountains Suite 644,North Chris,New Mexico,14450,838260.81,2,2,4742,2024-07-18,Apartment
85,87413 Patrick Avenue Suite 719,North Anna,South Carolina,42344,107946.05,4,1,2466,2024-04-18,Apartment
86,84197 Freeman Courts,Reillyside,Alaska,60247,285534.46,4,4,3297,2023-10-04,House
87,320 Stacey Brooks,Lake Breannaland,Michigan,53220,335605.42,2,2,2702,2023-03-14,Apartment
88,5423 Ford Summit Suite 305,Thomasbury,New York,51848,724587.76,5,3,3680,2024-05-14,House
89,293 Laura Ford Suite 357,Vickiside,North Dakota,33371,747594.04,5,2,2749,2023-07-07,Condo
90,427 Megan Corners Suite 318,Wilkinsmouth,Delaware,17070,730120.61,3,2,3219,2024-08-06,Condo
91,93950 Morales Isle Suite 484,Lake Scottfort,Virginia,85881,624010.73,1,4,2360,2024-11-11,House
92,359 Jeffrey Ranch,Russellchester,Minnesota,70144,180061.33,1,1,1042,2023-08-15,Condo
93,69801 Michele Park,Mcdanielfurt,Minnesota,09182,485400.24,5,2,4345,2023-05-11,Apartment
94,46459 Ayala Route,Starkport,Colorado,54165,898899.93,3,1,3970,2023-09-06,Condo
95,066 Best Extensions,East Samanthaborough,Alaska,63602,339174.82,5,1,3363,2024-10-26,Apartment
96,9096 Joseph Ports,Lake Pamela,Massachusetts,13195,805240.74,3,1,2137,2023-12-24,House
97,13818 Lam Mountain,Port Jasonville,Oklahoma,09297,746218.54,1,1,2882,2024-08-28,Apartment
98,4939 Chris Dam Suite 128,East Angela,Nevada,44302,349467.85,1,4,2694,2024-07-15,Apartment
99,8906 Grace Turnpike,Lopezberg,Wisconsin,97948,393015.02,1,3,1888,2023-03-16,Condo
100,52894 Robert Keys,West Adam,Maryland,88002,150734.99,3,2,3022,2024-06-29,Apartment
101,101 Daniel Green Suite 829,Romanmouth,Arizona,05936,181523.06,2,2,3135,2023-11-24,Condo
102,750 Miller Stravenue,Kimberlyberg,Wisconsin,24490,545397.43,2,1,3995,2023-05-11,Condo
103,839 Evans Skyway Suite 430,New Toni,Montana,88688,232641.34,1,4,1490,2024-10-22,Condo
104,3753 Amanda Bypass Apt. 439,Lake Eddiefurt,Hawaii,52189,150117.98,1,3,2453,2024-01-20,House
105,3976 Smith Garden Apt. 919,North Cynthia,Nebraska,92940,310313.37,2,3,4301,2024-05-03,Condo
106,47190 Ricardo Rapids Suite 538,Lesliemouth,North Carolina,94248,562506.02,2,1,4600,2025-02-02,House
107,611 Kenneth Plaza,Manningland,Vermont,48658,384602.01,5,4,3176,2023-10-25,Condo
108,21296 Patrick Parkways,Mortonburgh,Oklahoma,66992,740878.21,2,3,4483,2023-05-17,House
109,1480 Robinson Cliffs,West Wendyborough,Michigan,98625,118908.06,1,2,626,2023-10-09,Condo
110,42929 Jonathan Plaza Suite 823,Lake Aprilstad,Ohio,83895,844044.34,1,4,3427,2024-11-12,Condo
111,48139 Garner Throughway,East Kevin,New Jersey,99908,536705.84,5,4,2418,2023-11-11,Condo
112,12933 Isaac Mountains Suite 718,Brittanyville,Florida,54716,168955.62,3,2,3135,2023-06-10,Condo
113,35855 Morrison Bridge,Tanyahaven,Arkansas,96151,976689.47,5,1,2914,2023-10-26,House
114,46162 Stephanie Hollow,South Josephhaven,Ohio,22177,73255.08,4,1,4724,2023-02-27,Condo
115,23382 Daniel Ridges Suite 601,West Marisafort,Texas,27142,877603.83,4,1,1278,2024-03-17,Apartment
116,062 Henderson Heights,West Todd,Kentucky,96242,930517.34,3,1,2455,2023-08-30,Apartment
117,5550 Shea Drive,Robertville,Virginia,78807,58876.22,3,2,3425,2023-03-18,Apartment
118,697 Dana Pines,Marshallville,Ohio,61192,486690.3,4,3,560,2024-03-27,Condo
119,33382 Donna Pike,Russellburgh,Oklahoma,27041,928199.7,3,3,3373,2023-10-03,Apartment
120,8740 Krista Road,South Dannyland,Pennsylvania,30540,480444.07,4,4,1255,2024-07-09,House
121,46115 Hannah Key Apt. 349,Christopherbury,Michigan,82652,749305.51,3,2,4909,2023-07-24,Condo
122,22118 Michael Springs Suite 549,Troyburgh,Idaho,81957,967815.06,5,2,4998,2024-06-11,House
123,857 Anna Ports Suite 882,Danielmouth,Hawaii,23453,915679.39,2,1,4843,2023-10-13,House
124,886 Rebecca Shoal Suite 457,New Sydney,Nevada,93747,819622.87,3,2,4514,2023-11-14,Apartment
125,47545 Rodriguez Centers Apt. 127,Susanstad,Washington,27271,544345.03,2,1,2607,2024-07-25,Condo
126,56037 Frazier Ferry,Harrishaven,New Jersey,78397,698049.03,3,1,4092,2024-11-23,Apartment
127,42782 Juan Mission,Rushhaven,North Dakota,65035,113445.81,5,3,2094,2024-05-09,Apartment
128,61521 Brandon Square Apt. 931,Davidborough,New Jersey,74169,554741.82,4,1,3283,2023-06-15,Apartment
129,5876 Ortiz Mission,Luisborough,New York,95534,229855.44,3,2,3299,2024-10-21,House
130,0298 Nicholas Springs Suite 603,North Joshuaton,Oklahoma,20638,838668.96,3,1,4827,2023-05-08,Condo
131,4392 Jason Club Apt. 419,Rivasport,New Jersey,41709,883449.37,2,3,1568,2023-10-14,Apartment
132,205 Dean Islands Suite 225,Robertsfort,Tennessee,18169,71396.13,5,1,4894,2024-02-27,Condo
133,19903 Cline Shoals,Sethbury,Vermont,93468,355482.93,1,1,2195,2023-08-22,Apartment
