listing_id,address,city,state,zip,price,bedrooms,bathrooms,Square Feet,listing_date,property_type
1,72520 White Keys Suite 527,Valeriechester,Delaware,15603,468619.56,2,1,4584,2023-05-30,Apartment
2,247 Davies Shoals,Angelashire,Connecticut,01487,509783.72,1,3,3804,2024-11-01,Condo
3,62537 Clark Ports,New Tracyberg,Connecticut,36302,109104.37,2,2,754,2023-09-01,House
4,212 Christina Glen Apt. 145,Thomasmouth,Mississippi,52277,800201.39,2,2,4822,2024-02-28,House
5,2511 Casey Cliff,Danielborough,Louisiana,73854,574564.03,2,1,3358,2024-10-10,Apartment
6,574 Wright Grove Suite 424,Collinsborough,North Dakota,68060,945482.9,3,1,2315,2023-03-07,House
7,410 Ortega Vista Apt. 434,Lake James,Missouri,29421,239124.26,1,1,2285,2024-03-14,House
8,63527 Heidi Neck,West Michaelside,Tennessee,45365,339631.19,4,2,1949,2023-08-17,House
9,77003 Amanda Prairie Suite 720,Julialand,Rhode Island,79188,348177.87,1,3,4588,2024-12-01,House
10,3598 Amanda Turnpike,New Candacetown,Indiana,25083,872636.47,2,4,3795,2023-06-29,Condo
11,685 Erica Overpass Apt. 211,North Henrychester,Missouri,92070,271652.72,3,2,2146,2023-12-18,Apartment
12,380 White Rest Suite 703,South Kelseyfort,Montana,60603,518762.97,4,4,4919,2023-04-14,Apartment
13,868 Corey Walks Apt. 462,Lake Angela,California,65423,138075.1,1,2,2911,2024-09-28,Condo
14,52760 Hoover Branch Apt. 529,Richardland,Utah,81665,498350.71,3,3,563,2023-11-06,Condo
15,19094 John Mountains Apt. 067,New Andrewtown,Colorado,79893,794479.63,5,2,974,2024-04-18,House
16,982 Jennifer Summit,South Megan,New Jersey,02896,942576.48,2,3,3160,2023-05-24,Apartment
17,643 Brooks Crossing,New Robert,New Hampshire,40863,908270.75,1,1,1134,2025-01-06,House
18,5582 Cheryl Stream Suite 240,West Alexandershire,Florida,52064,846609.66,1,2,3654,2023-02-24,Condo
19,5365 Santos Roads,Finleyborough,Montana,25942,894318.02,1,3,3921,2024-12-16,Condo
20,33045 Cordova Trafficway Suite 536,East Amy,Missouri,94732,441558.9,3,1,1538,2025-01-16,Apartment
21,40470 Heather Trace Apt. 636,Danieltown,Maine,43972,533488.44,1,4,3343,2023-10-18,Apartment
22,7879 Brown Crossroad,North Stephen,Colorado,45688,892797.54,3,1,4852,2023-07-13,House
23,2175 Nicholas Spurs Apt. 651,East Stephanie,Rhode Island,43596,309899.11,4,1,3870,2023-05-11,House
24,9227 Brian Ferry Apt. 304,West Destinyhaven,Kentucky,43998,713251.94,2,4,2519,2023-04-24,Apartment
25,3930 Maria Field,Johnshire,Arizona,73437,891636.47,2,3,4606,2024-09-22,Apartment
26,66168 Warren Course,Walkerburgh,Georgia,16460,767077.04,3,3,698,2025-01-16,House
27,58251 Mitchell Station Apt. 017,Mcintoshborough,Nebraska,61290,157229.95,2,1,2167,2023-02-12,Condo
28,31421 Jorge Junctions,West Lawrenceview,Vermont,33473,202910.82,3,4,1654,2024-09-07,Apartment
29,294 Bailey Extensions,Lake Juan,Hawaii,98757,627621.49,4,4,3410,2023-05-29,House
30,46844 White Parkways Suite 720,Mayshire,South Carolina,73274,744878.25,3,4,3037,2023-07-05,Condo
31,8413 Stewart Courts Apt. 769,North Samanthafurt,Texas,16745,972252.79,2,1,2699,2024-04-02,House
32,48422 Michael View,Port Lauriemouth,Connecticut,30189,983352.55,2,1,1368,2023-02-24,Condo
33,71840 Shawn Expressway,Sancheztown,Minnesota,61874,287884.15,5,2,3825,2025-01-02,Condo
34,28327 Mcintyre Extension,Mccanntown,California,97732,760725.47,2,4,4826,2024-06-26,Apartment
35,73995 Pierce Gardens,Rogersview,Indiana,09023,166422.81,3,1,3463,2024-05-21,Condo
36,7291 Gaines Stream Suite 397,West Veronica,South Dakota,12850,441559.74,5,1,4458,2024-12-28,Condo
37,433 Patel Manor,North Denise,Maine,47729,755934.49,5,1,4455,2023-11-25,Apartment
38,61535 Lisa Ridge Suite 040,Stewartmouth,Montana,96036,937682.86,4,4,847,2023-10-26,House
39,0866 Byrd Fords,New Brenda,Pennsylvania,67604,940548.92,4,1,2038,2023-10-20,Apartment
40,26321 Ross Mountains,Kerrbury,New York,90290,618053.77,4,3,1338,2025-01-28,House
41,219 Moody Ports,Port Crystalberg,Georgia,79410,901846.0,5,2,3855,2023-11-17,Condo
42,06479 Freeman Fall Suite 185,Michaelhaven,Virginia,09224,496263.34,5,3,1781,2023-11-10,Apartment
43,4489 Raymond Hollow,Williamshire,Ohio,25001,463621.07,3,4,1131,2023-06-09,House
44,721 Cheryl Mount Suite 504,Allenmouth,West Virginia,06462,419587.05,2,3,3480,2023-06-16,Condo
45,9432 Valerie Brook Suite 870,West Sandra,Colorado,30074,218967.31,5,4,4519,2025-02-03,House
46,625 Snyder Road Apt. 081,Julieburgh,Utah,43699,83685.79,4,1,4693,2023-11-30,Condo
47,75373 Gonzalez Gateway,Port Mary,Idaho,58154,831605.68,2,3,3941,2023-12-06,Apartment
48,3990 Lewis Hill,Lake Brittany,Florida,91275,722476.85,5,3,618,2024-06-17,House
49,05600 Hogan Park,North Micheleport,Illinois,70620,321660.48,2,1,2112,2023-05-09,Apartment
50,2661 David Rapids Suite 648,East Anna,Oklahoma,18755,389457.48,5,4,4724,2025-01-25,Apartment
51,7609 Mccann Islands Suite 495,Port John,Kansas,21993,597497.16,5,3,4129,2024-06-10,Apartment
52,1520 Boyer Spur Suite 966,Moorebury,New Mexico,19701,592584.48,4,1,2977,2023-06-09,House
53,8904 Diaz Pines,Lake Rebeccaside,Missouri,02541,386261.37,4,4,4046,2024-01-16,House
54,8031 Mccann Wells Apt. 586,East Charles,Texas,23838,795321.88,3,4,2492,2024-11-21,Condo
55,8561 Hannah Pass Apt. 857,Wilsonport,Kansas,91236,425710.41,2,2,3254,2023-04-28,House
56,776 Roy Isle,Robertsfurt,Maine,68926,477178.02,2,4,3775,2023-06-18,Apartment
57,6488 Nathan Inlet Apt. 550,East Ryan,South Carolina,83650,92968.63,4,3,4943,2023-07-06,Condo
58,196 Eric Village,Henryton,Minnesota,42602,695767.54,5,2,3447,2024-08-05,Condo
59,011 Reeves Walk,Rachelburgh,Mississippi,48985,299304.05,1,1,1908,2024-09-18,House
60,818 Washington Cove Suite 096,Harrisshire,New Jersey,42897,871500.15,5,2,3326,2024-05-28,Apartment
61,14640 Martinez Rapids,Kiarachester,Arizona,33557,868064.1,1,2,4730,2023-08-21,House
62,93670 Nelson Village Suite 057,Lake Jessicaburgh,Washington,15310,849863.48,5,2,4498,2024-07-08,Condo
63,8195 Richard Motorway,Johnsonview,Montana,76060,426465.1,4,1,3438,2024-01-29,Apartment
64,28806 Kyle Junctions,Seanville,Indiana,52520,564005.6,4,3,2984,2024-09-12,Condo
65,9504 Erica Keys Suite 304,Lake Mariobury,Arizona,93057,634329.02,1,3,3908,2024-01-09,Condo
66,75935 Livingston Motorway Suite 443,Onealview,Kentucky,02658,647195.45,4,4,3603,2023-11-25,Condo
67,290 Larry Parkway Apt. 207,West Ricky,Alabama,30712,738556.21,2,4,2422,2023-11-14,Condo
68,8155 Russell Stream Suite 253,New Jamesborough,Arizona,95112,555013.76,5,3,695,2023-02-26,Condo
69,58913 Justin Throughway Suite 440,Kingfort,New York,30128,199879.21,1,4,1275,2024-02-04,Condo
70,9479 Denise Corners Suite 032,Adammouth,North Dakota,04951,200151.75,3,3,4437,2023-10-20,Apartment
71,554 Miller Loaf Suite 002,Ericbury,Wisconsin,18282,537452.0,3,2,2848,2024-11-26,Condo
72,99012 Mitchell Divide,Moodyland,Hawaii,33643,152721.64,5,3,3907,2023-03-03,Condo
73,9416 Burgess Avenue Apt. 808,East Nicholasbury,New Hampshire,00579,722530.03,2,2,1695,2025-01-23,Condo
74,766 Nicole Rue Apt. 437,Jessicaburgh,Nevada,67692,734066.96,4,1,4662,2023-03-16,Apartment
75,02221 Jennifer Ford,Bryanshire,Indiana,85001,363685.31,5,3,4567,2023-07-08,Apartment
76,3467 Gonzalez Roads Apt. 034,Earlville,West Virginia,35415,458634.67,2,1,3605,2024-03-17,Condo
77,230 Todd Fields,Gordonfurt,Michigan,98776,974778.83,4,1,851,2024-05-23,House
78,33149 Sarah Corner,Lake Dianahaven,Iowa,44613,296850.94,1,1,795,2024-12-20,Apartment
79,49171 Stephanie Roads Apt. 218,South Michael,Florida,22784,597439.46,1,2,4943,2024-09-10,Apartment
80,2160 Moore Inlet,Port Vanessa,Virginia,67661,379517.71,3,3,2993,2024-07-30,Condo
81,8362 Hart Mills,South Juliaborough,Montana,69965,937730.71,5,2,1765,2023-08-09,House
82,842 Amy Greens Apt. 419,Port Scott,Indiana,79621,169397.76,3,2,4416,2024-02-03,House
83,704 Melissa Valleys,Lake Michaelview,Michigan,61313,905315.41,4,2,961,2024-10-02,Condo
84,521 Saunders Track,East Joshuatown,Indiana,24671,799292.13,2,3,4685,2023-07-03,Apartment
85,8559 Bradford Centers,West Suzanne,Wyoming,60727,448083.14,1,2,2612,2024-09-07,Apartment
86,2820 Laurie Rue,Lake Justinbury,Louisiana,48042,960543.18,2,4,4346,2023-11-14,Condo
87,6390 Monica Forks,Olsenchester,Oregon,50771,869924.73,1,1,4603,2023-04-19,Condo
88,6917 Hooper Parks,Williamsport,New York,60141,135344.72,5,2,2680,2024-06-15,House
89,54940 Nicholas Shores Suite 945,Nathanburgh,North Carolina,99612,671174.75,1,1,748,2024-07-12,Apartment
90,09472 Hernandez Meadows,Maryborough,Arizona,53793,170250.25,2,3,2382,2023-09-29,Apartment
91,902 Ruiz Summit,North Tina,Oklahoma,42529,291810.07,1,2,4937,2024-11-15,Apartment
92,19955 Ellison Rapids,Lake Alexmouth,Oklahoma,25306,421640.45,4,4,1741,2023-10-18,Condo
93,6264 Harmon Way,Donnatown,South Carolina,45002,217144.65,3,2,3688,2024-04-10,House
94,6237 Ramirez Course,North Lisa,Maine,33320,275753.09,2,4,1610,2023-04-14,Condo
95,332 Marquez Parkways Apt. 943,South Joseph,Colorado,29244,898377.7,1,3,4490,2023-11-18,House
96,810 Hernandez Mall,Jenniferfort,Maryland,88479,134179.7,1,1,3801,2023-08-12,Apartment
97,702 Jones Circle Apt. 373,Port Meredith,Montana,10283,147049.89,3,4,4825,2023-05-23,Apartment
98,15345 Rodriguez Village,Lake Elizabethchester,Virginia,66881,374023.28,5,2,3723,2023-09-02,Apartment
99,84394 Brenda Mount Suite 121,Lopezton,Utah,04912,380545.56,4,4,733,2024-03-31,Condo
100,043 Tracy Islands,West Jamesfort,Nevada,94755,73164.09,1,4,4041,2023-11-05,Condo
101,45134 Hunter Freeway,Port Michaelburgh,New York,93821,380520.41,2,1,2230,2023-07-17,House
102,4293 Oliver Rapid Suite 893,Maryport,Alaska,80993,137318.04,2,4,4355,2023-10-23,Apartment
103,7386 Casey Glen,Courtneymouth,Louisiana,25896,642756.19,4,3,3413,2023-05-03,House
104,2727 Porter Locks,Edwardstown,South Carolina,48745,889683.56,2,2,4380,2024-12-05,House
105,62994 Coleman Lights Apt. 996,Morenohaven,Kansas,93877,960700.69,3,4,1452,2024-03-06,Condo
106,4652 Tyler Plains Apt. 460,North Wendyview,Pennsylvania,46016,942357.5,4,4,2144,2024-10-16,Condo
107,67264 Jones Junctions,Humphreystad,Alaska,86943,90240.37,4,1,1511,2025-02-03,Apartment
108,188 Roberts Trafficway,Jordanville,Nebraska,70695,194695.04,1,3,2591,2024-08-23,House
109,9243 Hunter Rest Suite 883,West Lukeport,Kansas,53816,422031.65,1,3,2307,2025-02-11,House
110,5140 Juarez Fords Apt. 581,Kristineport,Arkansas,36450,832686.02,1,4,4857,2024-08-22,House
111,3400 Kim Corner,Howellview,Iowa,75482,245484.85,1,4,1087,2024-02-10,House
112,6922 Taylor Radial,New Crystal,Ohio,46692,657868.24,5,3,4352,2024-03-19,House
113,5162 Carter Garden,South Andreburgh,Maryland,55820,985963.92,5,3,866,2024-06-19,Apartment
114,1114 Richards Spur,North Jackville,Michigan,54032,441957.93,4,2,3150,2024-09-05,Condo
115,2139 Marissa Mountain Apt. 331,New Andreachester,Montana,31027,762304.46,3,3,1986,2024-05-15,Condo
116,33520 David Spring Suite 592,North Karlhaven,Minnesota,10302,68417.08,2,4,1933,2024-01-20,House
117,6611 Henry Bridge Suite 544,Shafferhaven,Vermont,97227,336023.35,5,1,4550,2023-04-06,Apartment
118,3861 Hill Trafficway,Edwardsport,Tennessee,44030,883893.37,5,1,804,2023-09-05,Apartment
119,0462 Mathews Ferry,Ashleyport,Georgia,52482,957882.84,5,1,4016,2024-01-16,Apartment
120,6958 Amy Orchard Suite 835,Jamesberg,Minnesota,86349,273192.3,5,4,935,2024-08-12,House
121,55881 Davis Orchard Apt. 573,Salazartown,Oklahoma,59588,292519.5,3,2,3800,2024-02-22,Apartment
122,1433 Nathaniel Via Suite 342,Lake Kimberlyborough,Maryland,69765,899021.65,5,1,3434,2023-02-13,Apartment
123,9466 Tara Estates Suite 476,West Michaelfort,New Mexico,01414,961363.16,3,2,4534,2024-05-02,Condo
124,38609 Martinez Plain Apt. 634,East Rhonda,Delaware,24571,629333.78,4,2,4896,2023-06-29,House
125,4734 Terry Trail,North Emily,Mississippi,42491,467559.76,5,4,3763,2023-02-22,Apartment
126,6274 Johnston Rapid,North Jeremy,Oklahoma,96624,808577.42,2,1,747,2025-02-09,House
127,0504 Walker Extensions,Juantown,Louisiana,40207,541883.65,3,1,3152,2023-07-14,Apartment
128,00484 Carmen Spurs Suite 714,Cherylville,Maine,45072,625777.62,2,2,2727,2024-04-04,House
129,34883 Good Island Suite 209,Robertsborough,Vermont,70915,440547.24,4,2,3920,2024-08-02,Apartment
130,84057 Jennifer Islands Suite 018,Thomasborough,Kansas,53278,189447.82,1,3,4788,2023-12-10,Condo
131,0146 Christopher Gardens,North Jessica,New Hampshire,16403,346008.21,2,3,3095,2024-12-19,Apartment
132,823 Timothy Fork Suite 793,South Eric,Idaho,87905,932069.54,3,4,4789,2023-03-14,House
133,3903 Joshua Mountain,South Jennifermouth,Colorado,46160,79621.27,4,1,2368,2024-11-29,Condo
134,92228 Clark Park,Port Kaylamouth,Indiana,27026,272526.21,4,3,2062,2024-03-21,Condo
135,569 Reynolds Cliffs,Trevorland,New York,06222,326255.27,5,3,560,2024-08-06,Apartment
136,496 Young Camp Suite 516,East Timothy,Hawaii,71905,146920.98,3,2,3927,2024-06-12,House
137,016 Sara Burg,East Cynthiaton,Arkansas,73136,405819.97,2,3,1704,2023-11-29,House
138,269 Hull Corners Suite 941,New Trevorfurt,Idaho,32225,438734.13,3,1,4419,2024-09-11,House
139,981 Patel Mission,Butlerview,Iowa,95258,226106.15,3,4,1170,2024-12-27,House
140,932 James Landing Apt. 363,Nicolemouth,Kentucky,62803,194206.11,1,1,4694,2023-05-24,Condo
141,672 Timothy Lane,Pruittland,Virginia,90022,681467.74,1,1,2463,2024-05-14,House
142,05101 Harris Gardens,Lake Andrea,Colorado,22601,200480.61,5,1,2387,2024-02-28,Condo
143,5609 Lee Crest,West John,Washington,52001,298014.33,2,1,2575,2023-03-18,House
144,6434 Ian Fort Apt. 176,Williamsville,Colorado,01228,797269.96,1,2,775,2023-08-13,Apartment
145,744 Angela Meadow,Nixonfort,Virginia,65030,338966.13,3,3,805,2023-11-26,House
146,25672 Johnson Oval Apt. 347,Richardsonfort,Kentucky,93042,677217.7,5,2,3360,2024-07-08,House
147,773 Lyons Lake Suite 470,West Jimmyberg,Pennsylvania,97863,720687.67,3,4,4375,2023-06-09,Condo
148,1486 Franklin Field,Christopherberg,Utah,14810,349145.82,5,3,3689,2023-09-20,House
149,165 Michelle Prairie,Johnside,Nebraska,19771,923140.54,1,3,824,2023-07-05,House
