listing_id,address,city,state,zip,price,bedrooms,bathrooms,square_feet,listing_date,property_type
1,50550 Jose Squares Suite 379,South Molly,Oklahoma,20309,186569.65,5,2,2556,2023-04-17,Condo
2,2950 Rogers Prairie Suite 428,Rebeccaville,Colorado,55017,477197.34,5,2,2398,2024-03-20,Condo
3,28498 Serrano Drives,Richardfurt,South Carolina,75479,572305.2,5,1,1036,2024-08-08,Condo
4,65222 Daniels Harbors,North Rebecca,Nevada,98750,857559.93,4,2,1164,2023-08-25,Condo
5,99648 Montgomery Flats,New Kimberlymouth,Oregon,11939,737328.47,1,1,1081,2024-06-20,Condo
6,40762 Bennett Ridges,Joeport,Georgia,45015,147855.95,1,3,2366,2023-09-02,House
7,38231 Melissa Ports Apt. 939,Hudsonport,Louisiana,48183,862949.24,4,3,3710,2023-03-24,Apartment
8,139 Douglas Brook,Amychester,West Virginia,15777,300931.17,2,4,1046,2024-04-27,Apartment
9,7691 Lane Knoll,West Linda,Missouri,26398,272822.02,3,4,2763,2023-02-22,House
10,694 Jeremy Roads,Jonathanton,Nebraska,30003,353906.15,3,4,573,2023-03-04,Apartment
11,72962 Hoffman Spurs Apt. 538,East Zacharymouth,Michigan,32009,385870.72,4,1,3003,2024-09-10,House
12,7629 Stone Fields Apt. 868,Cynthiaville,Texas,08625,926681.68,1,2,2396,2024-11-12,Condo
13,99094 Sarah Burgs,Dariusland,North Dakota,89507,401058.23,3,2,1930,2023-02-19,House
14,518 Kevin Gardens,Williamland,North Carolina,07697,742260.84,3,2,3233,2024-06-16,Condo
15,305 Jacobson Meadows Suite 157,Adrianport,Nebraska,01506,69788.62,4,4,2883,2023-08-19,Apartment
16,4636 Matthew Port,Rebeccaville,West Virginia,08733,777065.48,5,3,1240,2024-09-28,Condo
17,658 Gray Groves Suite 096,Justinville,Oregon,09415,139253.08,3,1,4157,2024-01-07,Condo
18,10417 Monica Course,New Shanestad,West Virginia,51060,785189.93,3,1,2805,2024-03-07,House
19,1456 Pamela Union Suite 511,West Mary,Rhode Island,82682,742940.55,3,2,706,2025-01-22,Condo
20,001 William Via,East Scottfort,Wyoming,13716,758332.57,1,4,3600,2024-09-03,Condo
21,923 Robert Fall Apt. 330,Christineland,Virginia,71268,223805.64,1,1,679,2025-01-08,Condo
22,2857 Karen Knolls Suite 666,Port Keithville,Georgia,30364,272887.31,2,3,1698,2023-09-27,House
23,984 Marie Harbor,Vanessaland,Georgia,79750,350049.59,3,4,3429,2023-07-14,Apartment
24,16528 Mcguire Gateway Suite 965,Lake Donna,Maine,68993,400555.19,1,3,3477,2023-12-03,House
25,4488 Carpenter Path,East Matthewburgh,Alaska,63887,933687.18,5,1,1536,2024-12-19,Condo
26,324 Smith Divide,Wilkersonshire,Tennessee,58432,392869.84,5,3,1166,2025-02-03,Apartment
27,495 Laura Estates Apt. 246,South Adamview,Idaho,96216,779887.15,4,2,2637,2025-01-07,House
28,48291 Cynthia Throughway Suite 692,Susanfurt,Pennsylvania,45831,371076.0,2,3,2578,2025-01-28,House
29,2386 Martin Vista Suite 423,Hessfurt,Iowa,64318,983250.86,2,2,1032,2025-01-24,House
30,9784 Lauren Lock Apt. 945,Port Robertview,Missouri,78859,435456.77,4,3,3420,2024-10-17,Condo
31,2260 Burton Lane Apt. 557,Christineshire,Colorado,39156,341161.57,3,4,1235,2024-01-18,Condo
32,3830 Palmer Roads Apt. 987,North Julieburgh,California,81301,857388.34,4,2,2835,2023-06-15,House
33,1526 Olivia Ways Suite 986,New Scott,Iowa,64980,201047.36,3,2,1132,2023-10-09,Condo
34,097 Brandon Stravenue,Daltonborough,North Carolina,42353,105724.48,5,4,2194,2023-05-07,Condo
35,758 Eric Orchard,Port Scott,Texas,07836,842549.71,1,1,1009,2023-04-20,Condo
36,2390 John Isle,North Charles,Texas,49393,275109.23,2,2,2290,2024-06-25,Condo
37,073 David Plaza Apt. 971,Sarahside,Tennessee,86842,217323.81,2,2,3562,2024-08-28,Condo
38,77366 Ronald Island Suite 999,Maryton,Maryland,42305,607418.64,4,2,4622,2023-05-29,Apartment
39,994 Gonzalez Port,Katieton,Nebraska,84147,861787.62,3,3,3531,2024-02-24,Apartment
40,3963 Wendy Shores,Port Justin,Alabama,20966,346744.22,3,1,2216,2024-07-29,Apartment
41,455 Harris Field,Joneschester,Alaska,89654,321946.69,2,2,3031,2023-03-10,House
42,7927 Ramirez Flats Apt. 425,Darrenstad,New Mexico,75820,588779.77,4,4,1436,2024-02-28,Apartment
43,9622 Schaefer Fords,Lake Calvinmouth,Mississippi,26217,72254.92,4,2,4927,2023-04-15,House
44,06693 Steven Tunnel,West Rodney,Utah,28454,845942.91,1,1,1164,2024-06-14,Apartment
45,437 Craig Track,North Caroline,Georgia,59726,998025.08,3,1,535,2023-10-30,House
46,29413 Matthew Club Suite 612,Meyershaven,South Carolina,93528,721779.82,4,1,1671,2023-12-02,Apartment
47,21934 Debra Course,East Matthew,Pennsylvania,02188,762853.78,3,4,716,2024-11-13,House
48,9491 Rachel Wells,Timothymouth,Texas,63392,629587.04,3,2,3035,2024-05-29,House
49,257 Antonio Meadows,West Sydney,Georgia,55011,78025.12,5,3,1515,2023-10-28,Condo
50,0064 Murphy Valleys,Port Emily,Minnesota,83518,100059.37,5,2,2943,2024-11-14,Apartment
51,5112 Nichols Square Apt. 300,North Jeffrey,Utah,79366,580185.29,4,1,4187,2023-11-29,Condo
52,87660 Heather Throughway Suite 884,Deckerside,Maryland,28980,232985.93,5,2,3179,2023-12-21,House
53,34551 Clark Summit,North Bretttown,Oregon,86480,638833.03,1,3,1437,2023-06-05,House
54,400 Brett Lake Suite 164,North Kelly,Maine,97880,873651.82,5,3,4388,2023-03-29,Apartment
55,39362 Richard Turnpike Suite 449,Lake Dana,Ohio,73740,957393.56,1,4,1724,2023-04-22,Apartment
56,99784 Grant Field Suite 296,Port Linda,Oregon,75835,445962.82,1,1,3813,2024-05-02,Apartment
57,0840 David Lodge,Kathyfurt,Wyoming,10870,267311.56,4,1,1625,2024-12-27,Apartment
58,948 Rodriguez Crest Apt. 942,North Mitchellshire,Alaska,44250,313405.85,1,3,2977,2024-11-19,Apartment
59,81825 Henry Summit Suite 545,Port Beverly,Massachusetts,50327,653374.1,3,4,2902,2025-02-07,House
60,8932 Cunningham Inlet,North Derekborough,Mississippi,78548,921901.27,2,3,2677,2024-12-15,Condo
61,88186 Yang Ridges Suite 790,East Alexanderchester,South Dakota,88700,225650.06,2,4,3612,2024-11-13,Condo
62,26484 Kramer Freeway,East Robertview,Minnesota,42906,654519.35,4,2,3357,2024-07-09,Apartment
63,812 Blankenship Key,South Tylerborough,North Carolina,98681,851254.19,2,2,794,2024-02-05,House
64,12685 Tucker Overpass Apt. 745,West Jeffreyside,Massachusetts,99884,963581.99,3,4,3812,2024-03-08,Condo
65,325 Yvonne Unions Suite 708,Jenningsborough,Nebraska,08396,804303.98,1,1,3928,2024-02-27,House
66,56292 Matthew Rue,New Michaelborough,Rhode Island,88720,59297.9,5,1,542,2024-02-01,Condo
67,356 Emily Spur,Port Robert,Wisconsin,45131,107241.89,2,4,2602,2024-11-03,Condo
68,10126 Charles Oval,South Daniellefort,Washington,32000,416470.28,4,3,3399,2023-06-02,Apartment
69,48220 David Tunnel Apt. 579,Kristinfurt,North Carolina,56055,828912.12,5,2,1349,2023-05-09,House
70,21679 Perry Falls,Amymouth,South Dakota,86513,449967.35,3,2,2505,2025-01-01,Condo
71,0897 Henderson Spurs,Codyfort,Nevada,66094,412762.75,4,2,4716,2024-10-13,Condo
72,131 Margaret Ports Apt. 537,Lake Richard,Florida,10206,934480.02,3,1,2654,2024-09-18,House
73,317 Preston Pike Apt. 520,Allenshire,South Dakota,50192,247815.68,4,2,3717,2024-02-29,Condo
74,408 Bowman Ways,Ronaldmouth,New Mexico,72598,383470.82,5,3,1519,2023-03-31,Condo
75,0824 Andre Causeway,East Miguelmouth,Rhode Island,08392,825737.64,4,2,3336,2024-03-13,Apartment
76,2322 Lisa Streets,New Adrian,New Hampshire,87563,350747.93,2,4,2916,2024-06-25,House
77,368 Judy Harbors Apt. 331,Jacksonview,Florida,47025,885345.92,1,2,653,2023-05-22,House
78,290 Foster Creek,Maldonadostad,Nevada,00618,127539.69,3,3,3834,2024-11-18,House
79,454 John Skyway,East Matthewberg,Indiana,99427,317131.47,3,2,1218,2024-02-01,House
80,94740 Walton Fall Apt. 505,Lake Meganchester,Vermont,27781,50476.21,2,3,4146,2023-03-13,Condo
81,599 Baxter Corners,East Michaelland,Maine,62261,72668.76,1,3,4903,2024-11-16,Condo
82,65599 Silva Common,Wileyton,Kentucky,57157,252654.01,3,1,1673,2023-05-29,Apartment
83,50840 Frazier Roads,South Devinshire,Oregon,66621,887087.76,2,4,3046,2023-07-22,Apartment
84,4687 Avery Field,Lake Christina,Pennsylvania,83309,339705.23,5,1,4471,2023-10-18,Condo
85,49318 Sherry Road,New Michellefurt,Minnesota,99409,729684.17,3,1,4519,2024-01-23,House
86,3147 Ward Motorway Apt. 139,Stanleyberg,Washington,67704,568784.94,1,1,1984,2024-06-10,Condo
87,888 Anthony Mountains,North Scottmouth,Kansas,87173,356678.53,1,1,1416,2024-07-21,Condo
88,221 Sierra Ways,Samanthafort,Connecticut,43160,354459.8,5,4,1424,2025-01-05,Apartment
89,143 Tamara Landing Suite 778,Markborough,Alaska,43564,645940.5,5,2,4400,2023-05-05,Apartment
90,390 Rogers Brook Apt. 540,Mcmahonfort,Texas,30918,965653.62,2,3,3964,2024-01-30,Apartment
91,85364 Garcia Mews,Nathanberg,North Carolina,71065,119296.63,2,1,4779,2024-02-21,Condo
92,5924 Martin Corner Apt. 435,Andreastad,South Dakota,08021,387750.2,5,2,3500,2025-01-18,Condo
93,32080 Cummings Estates,Shannonchester,Colorado,93107,983149.85,5,4,3524,2025-01-29,House
94,4519 Smith Streets,Alvarezberg,West Virginia,40618,722546.95,4,1,4239,2024-04-25,Apartment
95,128 Rebekah Green Suite 880,Baileyshire,Mississippi,24172,341726.2,5,2,2753,2023-06-21,House
96,58828 Keith Cliff,Cobbfort,California,54892,607686.33,1,1,4668,2024-07-27,House
97,8048 Jacqueline Lake,Freemanview,Michigan,19239,853712.39,3,3,4114,2024-01-26,Apartment
98,3275 Hughes Land,New Matthew,California,82218,691648.8,5,1,3337,2023-08-17,Condo
99,99064 Parker Creek,Lake Adammouth,Mississippi,50868,324887.3,1,4,3197,2024-11-14,Apartment
100,158 Humphrey Pine,East Paul,Oklahoma,11575,643071.35,5,1,3797,2023-09-19,House
101,305 Jennifer Crossing,South Mark,Iowa,56267,313778.85,3,2,3661,2023-05-08,Apartment
102,7460 Perez Village Suite 641,East Brianna,California,24832,671658.66,1,3,998,2023-05-20,House
103,11374 Torres Cove Apt. 955,Andrewschester,Montana,90787,261828.06,5,1,2441,2023-06-07,House
104,4206 Case Mews,New Michellemouth,Indiana,84111,960274.47,3,1,1515,2023-07-30,Condo
105,615 Lawrence Ports,Port Jessicaville,Washington,02611,202661.54,2,3,3487,2024-07-11,House
106,9242 Javier Freeway,West Jeremyberg,Connecticut,92406,654694.71,4,2,2665,2024-05-31,Condo
107,58405 Bender Brooks,Hendersonstad,New Hampshire,65633,514242.51,4,2,1278,2024-01-08,Condo
108,32764 Braun Oval,Brendatown,New Jersey,26011,548253.45,1,2,3042,2024-11-18,Apartment
109,2958 Robert Crossroad,Scottchester,Massachusetts,33956,372918.12,3,4,1582,2024-03-22,Condo
110,853 Bryant Vista Suite 945,Shannonberg,Indiana,04917,479196.31,4,2,1375,2024-07-21,House
111,95811 Christian Meadows,Larryhaven,Idaho,47644,404740.37,4,4,1668,2023-07-11,Apartment
112,171 Zachary Village,West Shane,Alabama,66774,662319.11,3,1,1049,2023-03-22,Condo
113,7315 Meghan Vista Apt. 881,West Savannahside,Connecticut,08343,947349.69,5,2,2843,2024-12-12,Apartment
114,652 Valerie Mountain,Lake Donaldbury,Idaho,11996,888815.0,1,4,2315,2023-12-08,Apartment
115,4064 Contreras Keys Apt. 978,Andrewhaven,Kansas,34331,193535.36,2,1,2655,2024-03-24,Apartment
116,102 Berg Islands,East Kevinton,Nevada,16073,918907.83,5,4,4075,2023-03-11,House
117,29799 Werner Courts Apt. 898,Troymouth,South Dakota,26371,177077.54,2,4,1566,2023-11-02,Condo
118,18145 Douglas Flat,Davismouth,Colorado,02835,411796.01,3,3,3807,2023-05-15,Apartment
119,6043 Anthony Road Apt. 936,Payneburgh,Montana,49318,108772.48,3,2,1330,2023-06-09,House
120,3613 Meghan Port,Williamburgh,Minnesota,76020,936625.85,2,3,2987,2024-07-24,Condo
121,9580 Vanessa Summit Suite 320,Harriston,North Carolina,07247,445932.02,3,4,4864,2024-02-20,Apartment
122,347 Fisher Glens Suite 135,Perezside,New Jersey,42886,264926.71,1,3,3289,2024-11-20,Apartment
123,85036 David Forks,Lake Amber,California,99169,902811.57,2,4,1096,2023-07-25,Condo
124,273 Rodriguez Trace Apt. 703,Oscarberg,Maryland,17000,78357.3,4,2,1538,2024-11-30,Condo
125,039 Jeffrey Viaduct,Michaelton,New Hampshire,86892,568467.08,4,1,2589,2024-02-21,House
126,6161 Melissa Flat,Xavierland,Missouri,38903,865324.47,2,1,549,2023-12-19,Condo
