square_feet,zip,state,listing_id,bathrooms,city,price,listing_date,address,bedrooms,property_type
2088,86472,Washington,1,1,Lake Scott,745143.4,2024-12-18,86324 Alexis Ways Suite 671,1,Apartment
4975,46059,Mississippi,2,2,North Stephen,176000.18,2024-12-19,6605 Tara Stravenue,2,House
1059,25380,Virginia,3,2,New Rickyfort,63015.5,2024-10-19,33569 Carlos Ferry Apt. 017,5,Apartment
2535,92868,Montana,4,3,South Mary,740411.5,2024-01-09,468 John Port Suite 131,5,House
4023,00979,Nebraska,5,1,Calhounland,988062.97,2023-03-23,745 Huang Island,1,Condo
4408,67961,Louisiana,6,1,Howellfort,127573.05,2024-08-29,8116 Linda Square Suite 170,2,Apartment
2210,13398,New Mexico,7,1,North Alfred,811962.7,2024-11-03,0322 Silva Plains Suite 025,1,Apartment
777,66314,Rhode Island,8,4,North Katie,720785.75,2024-09-06,692 Crystal Bridge,3,Condo
1535,90687,New Jersey,9,2,Fernandezburgh,937767.24,2023-07-29,813 Valencia Station Suite 889,1,Apartment
2148,71582,Minnesota,10,2,Bellland,623093.34,2023-07-07,9978 Jasmin Drive,1,Condo
2774,21659,Oregon,11,2,North Sergio,186787.54,2024-03-26,90993 Andrew Track Suite 391,2,Apartment
1045,83487,Nebraska,12,2,West Margaret,866623.28,2023-02-19,2499 Hooper Flat,1,Condo
2658,16309,Kentucky,13,1,Dyerfort,827546.2,2025-01-07,592 Julia Lock,4,Apartment
2759,49652,New Hampshire,14,4,North Diana,909342.8,2023-06-14,13683 Megan Circle Apt. 729,1,House
4618,53648,New Mexico,15,4,Briannafort,990851.83,2023-11-20,5139 Joshua Lock,2,House
2004,94865,Missouri,16,1,Diazfort,875297.21,2023-12-16,848 Wilson Estate,5,Apartment
2938,62591,North Carolina,17,4,South Kellymouth,907021.4,2024-05-30,46459 Dale Canyon,3,Condo
2370,46769,Arkansas,18,2,Corymouth,539949.57,2024-04-28,636 Ralph Coves,1,Apartment
1061,87680,Illinois,19,1,North Mary,721594.08,2023-08-14,134 James Fords,2,Apartment
686,72023,Pennsylvania,20,1,Nicholeberg,743886.41,2023-08-12,8043 Kristen Rest,3,Condo
2896,31152,Massachusetts,21,2,New Nancy,539321.88,2023-12-27,2934 Caroline Shores Apt. 428,4,House
3789,82812,Alaska,22,3,New Jamesborough,556591.3,2024-02-05,996 John Center,4,House
1185,05199,Nebraska,23,4,Phillipsmouth,353773.92,2024-09-16,032 Travis Keys,4,Condo
1413,70561,Iowa,24,1,Thomasberg,622882.88,2023-09-11,9971 Fletcher Via Apt. 537,1,Condo
3080,18792,Iowa,25,2,West William,160296.11,2025-01-18,2264 William Vista,2,Condo
4377,87686,Wisconsin,26,2,Francoshire,414275.36,2023-04-21,20788 Dunn Rapids,5,Apartment
4205,24426,Oklahoma,27,3,Duranland,97548.88,2023-11-16,7717 Lawrence Crescent,3,Apartment
2549,59569,Nevada,28,3,West Douglasstad,668827.97,2023-04-09,96326 Bennett Flat,3,Apartment
3253,48801,Kansas,29,2,Philipburgh,589211.78,2024-11-28,17925 Eric Flats Apt. 152,1,Condo
3980,26272,Kentucky,30,2,Anthonymouth,516038.42,2023-11-28,2130 Johnson Place,4,Condo
4472,99123,Illinois,31,1,Samanthamouth,159041.07,2024-08-05,2672 James Cove,5,Apartment
2319,30629,Pennsylvania,32,2,Port Jesse,894158.68,2023-07-26,63812 Victoria Springs,4,House
3365,33110,Wisconsin,33,2,East Shawn,209825.86,2023-12-31,22424 Latoya River Suite 357,1,Condo
4553,14628,New Jersey,34,1,Harrisonfurt,270010.01,2023-05-20,951 Jenkins Manors Suite 372,4,Apartment
4623,93003,Illinois,35,2,New Charles,845111.4,2025-01-11,57071 Hicks Dam Apt. 345,4,House
4724,32661,Michigan,36,1,Andersonhaven,706037.11,2023-04-03,53413 Greer Summit Apt. 822,1,Apartment
1623,38597,Kentucky,37,4,West Charles,123387.13,2023-05-11,977 Sherman Wall Suite 728,3,Condo
3476,02528,Minnesota,38,3,Warnerland,75852.54,2024-04-11,02490 Cheryl Street Suite 299,2,House
730,83933,Wyoming,39,4,East Felicia,538661.24,2024-12-04,460 Sherman Divide,4,Apartment
1471,20754,Oklahoma,40,3,East Johnmouth,931032.93,2025-01-11,2604 Walker Streets Suite 756,3,House
4348,98512,New Jersey,41,1,New Aprilhaven,301253.38,2023-04-02,257 Heather Junctions Suite 871,2,Condo
2594,04367,Georgia,42,4,Castilloside,770069.85,2023-03-07,3408 Smith Rapid Suite 239,1,House
3357,83102,Virginia,43,1,South Andrewberg,258691.15,2024-08-16,0639 Jared Courts,5,Apartment
2335,57438,Maine,44,4,South Dustinside,69103.51,2024-03-16,294 Newton Grove,5,Apartment
526,86880,Ohio,45,2,West Patrickfurt,475168.68,2024-11-13,41567 Justin Roads,1,Condo
3452,82845,Arizona,46,1,East Roberttown,465215.4,2025-01-31,5080 Dylan Center,1,Apartment
2943,40962,Wisconsin,47,2,Lake Elizabethside,810343.55,2024-10-31,89461 Kevin View,5,Condo
1819,45803,Kansas,48,1,Kellychester,351551.18,2023-08-31,447 Torres Ramp,5,House
1743,99324,Nevada,49,3,South Stephenstad,370198.25,2023-08-12,4107 Mary Garden,5,Condo
2763,51955,Texas,50,4,Port Thomas,449172.86,2023-08-26,6162 George Summit,2,Condo
4671,66435,Wisconsin,51,2,Derrickmouth,883698.74,2025-01-12,4251 Martin Shoals Apt. 666,2,Condo
4966,59141,Oklahoma,52,4,Ericmouth,236711.45,2024-01-19,5469 Gray Via Apt. 124,5,Apartment
2007,06662,Oregon,53,4,Port Joel,923328.49,2023-05-07,253 Cooper Squares Suite 193,3,Apartment
1352,09392,Georgia,54,2,Cannonburgh,412248.92,2024-02-21,58490 Brenda Key Apt. 524,3,Condo
912,77197,Massachusetts,55,1,Mooremouth,56343.18,2023-10-09,49857 Murphy Garden,4,House
1515,98471,New York,56,3,Brentport,878998.44,2025-01-21,8507 James Expressway,2,Condo
2989,54262,Delaware,57,3,Hansenshire,845914.92,2024-08-09,326 Caldwell Haven Suite 378,5,Apartment
2507,73703,Oregon,58,1,East Caroline,661136.59,2023-08-19,132 Coleman Fork,5,Condo
2408,40400,Wisconsin,59,3,North Elizabethhaven,105416.34,2023-10-17,92841 Benjamin Flats,5,Apartment
937,08479,Kansas,60,1,Randallhaven,82523.51,2024-07-05,52872 Veronica Summit Apt. 425,5,House
4899,49536,Minnesota,61,3,South Lori,990442.07,2023-12-14,1508 Angela Alley Apt. 596,4,House
1128,24292,South Carolina,62,4,Jesusbury,88910.1,2024-10-22,0483 Amber Crossroad,3,House
3568,02421,Vermont,63,3,Schneiderport,999530.61,2024-04-05,616 Stewart Drive Apt. 837,5,Condo
2531,64012,North Carolina,64,2,West Austinbury,781011.54,2023-07-27,17488 Carson Stravenue,1,House
2021,21017,Pennsylvania,65,3,North Jameschester,399382.58,2024-12-17,75163 Julie Trafficway,5,Apartment
783,57124,Kentucky,66,3,Mccarthychester,632780.58,2024-06-28,99767 Johnson Ports Apt. 282,1,Apartment
3042,70557,Pennsylvania,67,1,East Kristenshire,691448.77,2024-07-23,12016 Gaines Plaza Apt. 588,2,Condo
4453,81337,Arizona,68,1,East Dylanland,817397.45,2024-05-07,6860 Summers Plain Apt. 865,3,Apartment
1048,59361,Nebraska,69,2,Perryside,101184.78,2024-05-16,3808 Bishop Orchard Suite 573,1,Condo
3478,70067,California,70,3,Williamside,266385.81,2024-08-05,936 Michael Alley,2,House
1202,73455,West Virginia,71,1,New Melinda,406007.34,2025-01-16,6164 Kyle Expressway,5,Condo
4238,21710,North Dakota,72,3,Lake Rodney,395544.57,2024-02-10,79232 Miller Trail Suite 806,1,Apartment
694,83740,West Virginia,73,4,Port Mariahtown,101307.68,2024-03-19,647 Davis Street Apt. 455,4,Condo
4295,93918,Indiana,74,4,Campbellbury,428499.06,2023-05-09,61130 Delgado Divide Apt. 641,2,Condo
1283,09431,Arizona,75,1,Duncanfurt,139391.93,2024-04-07,64273 Brian Prairie Apt. 366,5,Apartment
2932,74507,Ohio,76,3,New Christieview,54998.82,2024-07-03,7704 Wood Mountain Suite 441,2,House
4971,28964,California,77,3,Paulmouth,342177.15,2024-12-05,9788 Henry Drive,1,Apartment
934,62395,West Virginia,78,1,North Susan,561592.17,2024-04-05,8648 Dalton Mountain,1,House
3034,65138,Colorado,79,1,Moorehaven,655080.18,2023-08-31,0716 Keith Courts Apt. 736,3,House
1988,08646,Louisiana,80,1,Gonzalezfort,417516.0,2024-01-02,473 Zuniga Mountains,1,House
2171,55871,Arizona,81,1,Dawsonfurt,722511.25,2023-12-24,03304 Emily View,2,House
1063,66092,Massachusetts,82,3,Tanyaport,362285.9,2024-10-19,3362 Darren Burgs Apt. 459,4,House
3710,63129,Utah,83,4,New Javierbury,372540.97,2023-03-24,856 Brett Spur,3,Condo
740,58623,Georgia,84,2,Port Javier,320605.57,2024-12-24,9293 French Court Apt. 619,1,Condo
1072,52500,Indiana,85,1,Santiagochester,800538.25,2024-01-08,3600 Higgins Loop Apt. 991,2,Apartment
515,27171,North Dakota,86,4,Howardstad,770058.7,2024-12-17,9240 Ricky Junctions Suite 082,2,Apartment
3176,24940,North Carolina,87,3,New Richardtown,941330.89,2024-11-15,46134 Rebecca Lake Apt. 296,1,House
3178,10593,New Hampshire,88,1,Lake Miguel,154532.8,2024-01-10,53078 Latasha Hollow Suite 884,5,Apartment
594,90290,Hawaii,89,2,South Jennifer,207034.22,2024-02-13,470 Weiss Prairie Suite 735,5,House
3911,31065,Kansas,90,4,North Thomasstad,647922.27,2024-04-22,35335 Lisa Lodge Suite 344,5,House
2846,02031,Ohio,91,2,Port Angela,785016.88,2025-01-14,318 Williams Viaduct,1,Condo
3170,35226,Indiana,92,2,Mcdonaldfort,60402.59,2024-12-10,25785 Jasmine Shoal Apt. 731,2,House
2504,63800,Georgia,93,1,Lake Carlbury,627997.11,2024-05-17,3663 Hernandez Valley,5,House
2616,45071,Maryland,94,2,Markland,212483.14,2023-04-24,1788 Daniel Keys Apt. 402,5,Apartment
1678,01870,Illinois,95,2,Port Annaport,615164.57,2024-04-17,873 Brown Loaf Suite 342,5,Condo
978,62963,Arkansas,96,1,Meredithview,297571.99,2023-02-14,67990 Harrell Loop,3,House
1972,90649,Massachusetts,97,2,Donnaview,757641.46,2024-03-22,10416 Benjamin Neck Apt. 604,3,House
931,88129,Connecticut,98,1,West Felicia,154514.7,2024-07-20,097 Guzman Highway,1,House
3369,15223,Oklahoma,99,2,North Maryhaven,646983.23,2023-07-14,797 Ryan Union Suite 466,5,Condo
2176,94423,West Virginia,100,1,Lake Andrea,746353.21,2024-01-23,2837 Mark Forge,2,Condo
1376,58281,Delaware,101,4,New Matthewland,500194.65,2023-09-11,14455 David Course Suite 854,4,Apartment
2229,30894,New Mexico,102,4,New Wendy,217971.67,2023-09-20,50004 Dennis Ports,3,House
3406,55647,Arkansas,103,2,East Michelle,729222.15,2024-10-11,98044 Maria Way,3,House
748,41555,North Carolina,104,3,Thompsonmouth,526454.51,2023-02-13,7841 Elizabeth Manor,3,Apartment
600,08641,North Carolina,105,4,South Michael,223659.94,2024-01-03,951 Reeves Plaza,3,House
3366,85962,Vermont,106,3,New Anne,890879.05,2024-03-18,0721 Montoya Plaza Apt. 173,4,House
2320,61330,North Carolina,107,1,Barbaramouth,818872.33,2024-03-19,188 Rick Common Apt. 716,4,House
2722,44797,Ohio,108,4,Lopezborough,214832.98,2024-05-15,5327 Barnes Village,2,Condo
2637,19896,Indiana,109,4,West Sean,192867.13,2023-05-23,427 Arnold Rue,3,Apartment
2987,86343,Wyoming,110,2,Salazarville,105489.3,2024-10-24,7837 Joseph Union Apt. 237,2,Condo
1474,74542,Nevada,111,1,New Nicole,945650.93,2023-09-11,8605 Hensley Port Suite 437,4,Apartment
3737,48132,Utah,112,1,Kingfurt,366156.15,2024-10-31,2481 Stevens Isle Apt. 922,5,Condo
2372,74965,Utah,113,4,East Kimberlyville,793687.99,2023-08-25,598 Contreras Ford,2,Apartment
4456,60873,Vermont,114,2,West Katherineborough,976565.44,2023-09-24,7255 Mary Causeway,5,House
