listing_id,address,city,state,zip,price,bedrooms,bathrooms,square_feet,listing_date,property_type
1,8140 Lopez Meadows Apt. 267,Davidfurt,Tennessee,09598,723797.2,5,4,2016,2023-06-12,Apartment
2,830 Bradley Mills,North Jasonmouth,Maryland,71620,313656.44,1,2,3376,2024-07-27,Condo
3,8427 Samuel Land Suite 324,New Dean,New Jersey,28292,306628.26,1,2,1882,2024-05-04,Condo
4,52217 Connie Common Apt. 671,Ramirezton,Alabama,46088,906601.58,2,3,2934,2024-07-15,Apartment
5,576 Darren Walk Suite 867,Jaredfort,Texas,26209,232327.29,3,2,1723,2024-11-23,House
6,6286 Howard Ways,New Danielberg,California,80947,151707.54,5,2,4910,2024-03-28,House
7,4273 Davidson Mills,East Chadchester,Nebraska,95263,713393.78,2,3,1624,2025-02-05,Apartment
8,389 Katherine Ridge,South Jessica,Arizona,01341,254364.71,1,4,4263,2024-06-12,House
9,6332 Lopez Crest,North Jose,Colorado,38594,715385.57,3,2,2836,2023-10-27,Apartment
10,607 Mitchell Crest,Briannaside,Massachusetts,58312,332443.24,1,2,2913,2023-12-02,Condo
11,2972 Kelly Knolls,North Bradleychester,Maryland,03344,219287.72,5,3,2352,2023-02-16,House
12,9537 Tyler Overpass Apt. 657,Jeffreyberg,Maine,63081,411275.3,3,2,4958,2023-03-13,House
13,06696 Michael Pines,Nancychester,New Hampshire,44196,770661.1,5,4,3267,2024-07-07,Condo
14,8683 Rodriguez Parkways Apt. 698,New Gabrielle,Pennsylvania,38310,825416.07,1,1,4761,2023-03-26,House
15,0997 Jenna Meadows,West Georgeborough,Texas,90103,544512.42,5,4,4338,2024-08-26,House
16,65836 Cook Forks Suite 405,Gibsonville,South Carolina,95594,377571.31,4,2,3752,2024-09-20,House
17,6338 Kenneth Bridge Suite 601,Jillshire,Hawaii,62619,403675.04,4,1,3083,2023-10-09,Condo
18,77058 Taylor Isle,Penningtonburgh,Missouri,87088,798776.68,5,2,3506,2024-02-20,Apartment
19,343 Chad Falls,North Frank,Wyoming,36365,546928.71,5,2,2876,2023-10-12,Apartment
20,5416 Moore Overpass Apt. 445,Scottmouth,Colorado,63896,61662.93,3,4,2576,2024-07-09,Condo
21,9426 Cindy Vista Suite 955,West Matthewland,South Carolina,88406,831086.25,2,4,2194,2024-07-15,House
22,539 Marks Walk,Port Patrickville,Iowa,56201,551498.74,4,1,3921,2024-10-18,Apartment
23,8285 Rachel Passage Apt. 669,Port Eric,Illinois,61695,399691.95,2,3,1288,2024-01-26,Apartment
24,03456 Jay Unions Suite 016,Lake Robert,California,86351,398150.32,2,1,2863,2023-04-04,Condo
25,91092 Allen Neck,Conwaystad,Louisiana,54550,385657.11,1,3,4301,2024-11-02,Apartment
26,16196 Bobby Shore Suite 965,Phamchester,Colorado,24253,165757.55,4,4,774,2024-06-19,Condo
27,474 Austin Crescent,Kristineside,West Virginia,68961,577691.9,2,4,1612,2023-08-21,Condo
28,368 Fields Skyway,Whiteberg,Illinois,16188,383437.45,1,2,908,2023-04-27,Apartment
29,51344 Jennifer Loaf,New Hannahtown,Montana,54234,941149.26,4,4,2782,2023-12-10,House
30,4029 Thomas Plains,Sierrastad,New Jersey,98197,628916.38,3,3,2504,2023-10-08,House
31,424 Robin Path,North Christopher,New Hampshire,25333,131093.72,5,1,2304,2025-01-31,House
32,3509 Meyer Inlet,South Karen,Virginia,08413,160483.51,2,1,990,2025-01-06,Apartment
33,3918 Ashley Ports,Walkerville,New Jersey,09842,866631.15,5,2,4416,2023-05-11,Apartment
34,790 Moore Port Apt. 648,Kimberlybury,Arkansas,34664,172138.83,4,2,2064,2023-09-30,Apartment
35,207 Jessica Pines,Tarabury,Minnesota,71043,546409.7,4,4,2584,2024-01-01,Apartment
36,900 Kathy Track Apt. 699,Malonebury,Missouri,62828,232336.49,4,4,3700,2024-05-03,Apartment
37,3595 Kim Parkway Suite 956,Paulaburgh,North Carolina,37819,608634.05,2,4,3746,2024-10-30,House
38,2399 Kathleen Mews Suite 189,Careyburgh,Oklahoma,95184,393711.96,2,3,1180,2024-12-21,Apartment
39,569 Munoz Estates Suite 723,North Gary,Iowa,70284,726878.25,3,2,2776,2023-08-16,House
40,99978 Mack Mountains,South Joyce,Mississippi,52168,117797.08,4,3,3998,2023-03-23,House
41,0899 Kendra Extension Suite 273,Port Mark,Vermont,99557,577574.91,5,3,4587,2023-11-03,House
42,969 Ortiz Squares,West Gene,Mississippi,14958,887335.67,3,3,3128,2023-08-31,Apartment
43,6110 Travis Extensions,East Tonya,Alabama,57854,690484.13,2,1,2538,2024-04-21,House
44,4031 Chandler Coves Apt. 814,New Jefferyland,Massachusetts,41944,861948.36,4,4,981,2023-07-19,Condo
45,103 Schultz Loop Apt. 866,East James,North Dakota,90713,773296.58,2,4,2675,2024-10-03,Apartment
46,129 Molina Trace,South Karen,Delaware,46754,640987.26,2,4,1691,2023-12-13,Apartment
47,79784 Jonathan Street Suite 011,Lake James,South Carolina,91314,741315.01,4,2,1511,2024-05-06,House
48,3223 Daniel Roads Suite 788,West Jonathanport,Washington,12080,411718.19,3,4,4289,2023-06-07,Condo
49,307 Boyle Loop Suite 567,West Kimberlyport,Maryland,32855,220820.05,1,3,3986,2024-11-23,House
50,91049 Anna Tunnel,New Amymouth,Washington,34016,461843.57,2,2,4655,2023-05-27,Apartment
51,213 Moore Causeway,South Michael,South Carolina,99073,198474.78,4,1,2753,2024-12-09,House
52,7458 Johnson Unions Suite 867,Port Russell,North Carolina,37348,438040.48,3,4,4286,2023-12-24,Condo
53,262 Dana Cliffs,Melissaton,Delaware,47476,796022.2,5,1,4162,2023-05-12,Condo
54,712 Michael Lights,Danielleport,South Dakota,98405,408062.15,5,2,2369,2023-06-22,Apartment
55,98340 Freeman Ville,North Jill,Arizona,01033,444501.01,2,4,956,2023-04-14,House
56,661 Wade Street,West David,Louisiana,51556,349323.77,5,2,4685,2023-12-23,Apartment
57,7422 Edward Shoal,South Joshuabury,Arkansas,73521,821411.97,4,4,3724,2023-12-21,Apartment
58,9584 Jeffrey Flats Apt. 906,South Jacqueline,Arkansas,55211,698908.68,2,1,994,2025-01-28,Apartment
59,005 David Centers,Alexport,New Mexico,54637,734969.03,3,4,2334,2024-09-14,Apartment
60,042 Jeffrey Path Apt. 594,South Michael,Nevada,41318,437030.36,3,4,2396,2024-08-02,Condo
61,3702 Jessica Course Suite 750,Arthurberg,North Dakota,90753,900240.47,3,3,3686,2023-06-02,Condo
62,908 Ryan Ferry,West Marcstad,Wyoming,48101,623156.18,3,4,4006,2023-06-16,Condo
63,244 Elizabeth Course,New John,Washington,83544,750051.33,3,2,4189,2024-03-04,Apartment
64,5787 Taylor Pines,New Garrettton,Kansas,63674,77764.99,3,4,1701,2024-08-05,Apartment
65,88010 David Oval,West Jamesmouth,Mississippi,51661,153487.6,2,3,687,2024-12-08,Condo
66,28034 Williams Plaza Suite 203,Port Danielle,Wyoming,83586,416985.11,1,4,4111,2024-02-21,Condo
67,8354 Mclean Mountains Apt. 383,Petersenfort,Alaska,43482,918234.18,3,1,3381,2024-01-17,Condo
68,3360 Mary Square,New Amyfurt,Nevada,09726,358196.59,2,4,2175,2024-07-15,House
69,1784 Katherine Underpass,East Carrie,South Dakota,45339,391764.02,5,2,4654,2023-09-04,House
70,4624 Danielle Trace Apt. 132,Emilyfurt,Nebraska,68661,123405.99,4,2,3443,2023-11-17,Condo
71,93988 Rebecca Haven,Kendramouth,Delaware,47338,628173.51,3,2,2435,2023-03-10,Apartment
72,555 Parker Station,Port Danielport,Hawaii,03770,451375.76,4,3,4323,2023-06-08,Apartment
73,5569 Wolfe Center Apt. 587,Brendaburgh,Texas,97103,688140.48,3,3,585,2023-10-09,Condo
74,9832 Potts Shoal,Perryfort,Pennsylvania,43552,265652.89,3,2,2230,2024-05-08,Condo
75,737 Crystal Prairie,Kaitlynton,Idaho,76587,135669.19,2,2,4600,2023-07-31,House
76,0074 Li Harbors,Hortonburgh,Oregon,12844,242309.67,2,3,1328,2023-10-24,Apartment
77,590 Nancy Club,Lake Alexandrashire,Montana,61506,406832.27,1,3,2785,2023-12-03,Condo
78,618 Rebecca Glens Apt. 229,South Brett,Delaware,25784,642282.87,2,2,3111,2024-08-26,Condo
79,283 Stacey Port,Martinezport,Tennessee,92377,309599.97,3,4,3080,2023-09-30,Apartment
80,554 Reyes Ford,Jasonchester,Alaska,96150,860186.85,3,2,3147,2023-11-23,Apartment
81,619 Cooke Drives Suite 884,Morristown,Delaware,32712,404770.86,5,3,2659,2024-05-09,Condo
82,9333 Shelly Squares,Lake Lauren,Delaware,80966,439490.47,4,2,584,2024-05-15,Condo
83,3288 Jason Rue,West Jeanne,West Virginia,59569,111955.59,4,2,3419,2023-11-13,Apartment
84,57735 Shaw Knoll Suite 200,West Christopher,Montana,54776,310742.05,1,1,2229,2023-07-25,Apartment
85,37127 Li Roads,Pamelaport,New Hampshire,94056,305596.78,2,4,4936,2024-12-11,Apartment
86,5520 Hampton Walks Suite 720,Michaelton,Delaware,99853,465382.97,2,4,3129,2024-02-12,Condo
87,07557 Angela Gardens Suite 893,Brandonfort,California,99292,441762.91,1,4,3431,2024-04-26,Condo
88,308 David Flats Apt. 903,Millermouth,Arizona,52324,210383.71,3,2,1209,2023-05-03,Apartment
89,00167 Brian Forks,Georgeville,Arkansas,35630,906015.84,2,1,1648,2025-01-31,House
90,6099 Brittany Lock,New Davidburgh,Iowa,03472,926045.13,2,4,4138,2024-03-22,Condo
91,1686 Dawson Flats Suite 167,Carrview,Minnesota,75267,867266.27,5,3,1812,2024-12-25,Condo
92,1349 Brooke Highway Apt. 558,New Melissastad,New Jersey,82157,696445.63,2,1,2975,2023-12-28,House
93,5187 Santos Harbor,Cookhaven,Montana,28154,992564.51,5,4,1814,2023-03-14,Apartment
94,8027 Campbell Glen,Hannahmouth,New Jersey,33172,760615.97,2,1,1200,2024-12-26,House
95,11447 Brown Extensions,Whitneymouth,Montana,82545,177912.47,2,2,2541,2023-03-02,House
96,82383 Nelson Underpass,Greerhaven,West Virginia,58977,399684.7,5,1,817,2024-06-25,Apartment
97,06964 Nelson Harbors Suite 934,Lawsontown,New York,43668,360303.05,3,4,2196,2023-12-13,Condo
98,8853 Stevens Shores Apt. 494,Lake Manuelview,Utah,30725,312584.44,4,3,1708,2024-11-16,Apartment
99,099 Kristin Squares Suite 440,East Michael,Wisconsin,76710,399204.1,2,1,3504,2023-08-12,Apartment
100,8188 Hart Stravenue,New Adamland,Kansas,51223,948022.23,4,3,3136,2023-12-05,Condo
101,502 Nguyen Hills,Hamiltonshire,Idaho,93126,67727.43,3,3,4468,2024-01-28,House
102,85680 Barber Summit,Port Tyler,Rhode Island,17612,759860.27,5,4,4847,2023-06-23,Condo
103,15196 Schultz Fields,Salasside,Pennsylvania,61380,695351.57,3,3,2356,2024-12-16,House
104,579 Price Coves,West Ronaldton,Massachusetts,38127,897506.3,1,1,716,2024-01-27,Apartment
105,11114 Gross Station Apt. 975,Lake Stacy,Nevada,22338,963272.04,2,4,3474,2024-02-04,Condo
106,7549 Long Via Apt. 116,Port Benjaminland,Idaho,70944,384159.42,1,2,1591,2024-08-03,Condo
107,389 Tasha Union Suite 393,Lake Erinstad,Georgia,87877,362903.44,5,2,572,2024-09-16,Condo
108,07329 Morgan Path,South Matthewhaven,South Carolina,85783,64775.52,1,4,3134,2024-04-27,Condo
109,01220 George Gateway Apt. 745,Susanfort,Colorado,90990,69310.95,4,1,3588,2024-02-09,Condo
110,07240 Jacob Walk Suite 176,Port Molly,Minnesota,40255,178974.83,4,2,4918,2024-11-12,House
111,03968 Morgan Hollow Apt. 119,Boyerside,Oklahoma,76947,806607.1,5,4,534,2024-08-05,Apartment
112,31350 Wise Motorway Suite 073,Port Annafurt,Georgia,27150,368104.82,4,2,2191,2024-08-25,House
