square_feet,listing_id,city,bedrooms,bathrooms,listing_date,price,property_type,state,address,zip
1162,1,Kennethview,4,3,2024-12-04,148897.59,House,Vermont,477 Hernandez Union Apt. 311,32594
2044,2,Pamelafurt,4,3,2024-03-16,371706.03,Condo,Alabama,9300 Nelson Court Apt. 192,10918
2975,3,Huntbury,2,3,2025-01-30,839899.25,Apartment,Pennsylvania,650 Beasley Roads,26939
2469,4,West Larryview,5,2,2024-03-31,472267.18,House,New Hampshire,305 Moore Ferry,73737
2800,5,New Wendyshire,1,3,2024-02-29,492981.4,Condo,Nevada,47245 Amanda Lodge,49672
4395,6,Coleview,4,1,2023-03-08,181456.87,Apartment,Alaska,8122 Snyder Shoals,42860
819,7,Lawrencestad,3,4,2023-07-01,226648.34,Apartment,Oklahoma,1099 Manuel Prairie,17261
3320,8,West Tracyburgh,2,1,2023-04-11,556411.21,Condo,Idaho,452 Phillips Pass,25322
3590,9,Baileymouth,1,1,2024-08-28,645474.6,House,Arizona,9156 Robert Viaduct,77089
1694,10,New Hunterville,1,1,2023-03-02,856034.08,House,Montana,732 Rangel Shores,04522
1017,11,Jenniferview,1,4,2023-07-19,782712.06,House,Wisconsin,8771 Davis Crossing,93153
4042,12,Matthewbury,3,4,2024-09-08,393258.82,Condo,Utah,249 Amy Flat Suite 539,91371
1288,13,Jenniferside,5,3,2025-01-02,512317.15,House,Tennessee,615 Robert Track Apt. 217,18223
4069,14,Meganton,3,4,2024-09-08,787980.69,House,Oregon,698 Jason Greens,01174
1621,15,Lake Valerieport,1,2,2024-06-28,297835.19,Condo,Mississippi,7614 Denise Radial Apt. 280,71181
1927,16,West Diana,5,4,2025-01-29,188648.79,Apartment,Rhode Island,66408 Felicia Camp,35808
607,17,Port Zoe,2,4,2024-06-21,511154.08,Apartment,Kentucky,042 Davis Garden,05045
715,18,Glennland,3,3,2024-04-07,236085.99,Condo,North Dakota,15002 Floyd Plain,93147
1685,19,Brittanyfort,3,3,2024-05-02,641623.6,Apartment,North Carolina,72169 Howe Station Suite 323,22603
4852,20,Jefferyland,4,1,2024-03-17,868759.62,House,Tennessee,4632 Wilcox Track Suite 122,75987
2374,21,Port Austinborough,4,1,2024-01-19,344436.82,Apartment,Colorado,75701 Steven Ports,03402
3696,22,Thomasmouth,2,3,2024-10-10,239858.84,House,Hawaii,5104 Jesus Stravenue,33208
3784,23,Port Jacquelinehaven,5,4,2024-09-23,618258.75,Apartment,Washington,2389 Melissa Corners,35655
528,24,Chadfurt,5,4,2024-09-04,641280.12,Condo,Oklahoma,3081 Wilson Junction Apt. 161,97233
2785,25,South Josephtown,3,1,2024-12-29,317418.73,House,Wisconsin,74958 Harmon Springs Apt. 807,13522
4960,26,Lake Lisa,2,2,2024-08-23,101213.66,Apartment,New Mexico,2199 Mckenzie Mall,66648
3992,27,North Michaelburgh,3,4,2023-08-01,215553.22,House,Massachusetts,35421 Jennifer Court,38022
3560,28,Powersville,2,4,2023-08-12,882738.02,House,Wyoming,800 Tamara Walks,15493
4921,29,West Lisamouth,5,1,2023-10-17,388134.82,House,Ohio,19149 Paul Ville,81526
4982,30,West Micheal,1,2,2023-09-22,690106.01,Apartment,Maryland,0741 Joel Grove,10726
3929,31,West Johnchester,5,2,2024-11-14,875631.21,Apartment,Michigan,784 Kimberly Pines Suite 780,75365
1290,32,North Leslie,5,1,2023-08-10,784027.37,Apartment,Alabama,2851 Jonathan Extension,53116
4869,33,Tamaraport,2,3,2024-03-28,163326.82,Condo,Alabama,15592 Ann Key,06366
1832,34,Frankville,3,2,2023-09-17,430040.28,Apartment,Minnesota,647 Smith Crescent Suite 733,08805
4905,35,Port Tammy,3,1,2023-07-27,246589.9,Apartment,Georgia,91832 Matthew Lodge Apt. 315,10450
1749,36,Jonesberg,3,2,2024-01-20,489292.46,Apartment,Nebraska,68567 Paige Circles Apt. 390,91795
3163,37,Lindamouth,3,4,2024-04-21,391011.63,Apartment,Mississippi,5851 Pamela Island,75491
3196,38,Maxwelltown,1,3,2024-11-30,712588.82,Apartment,Maine,6853 Valerie Forest,83782
1854,39,North Heatherville,2,2,2023-11-03,564814.91,House,North Carolina,048 Frank Unions Apt. 599,48407
4596,40,Brycetown,3,1,2023-03-19,855006.57,Apartment,Minnesota,716 Kristen Trace,18784
2507,41,New Jonathanside,4,2,2023-03-01,828547.9,Apartment,Massachusetts,3056 Kiara Light Apt. 883,08400
3075,42,Smithshire,3,2,2024-01-29,160209.61,Apartment,Idaho,176 Schwartz Mills Apt. 501,95211
3564,43,Jacobborough,5,4,2024-11-10,258862.39,Apartment,New York,482 Dalton Cape,19159
608,44,East Carlshire,1,2,2023-08-16,566749.88,Condo,Illinois,8221 George Estates,23494
2613,45,Port Tammyfurt,1,3,2024-08-12,609498.34,House,Indiana,78660 Wilson Point Apt. 285,82973
1314,46,Franciscoport,3,4,2024-02-19,879251.55,Condo,Kansas,1297 Stephanie Isle Suite 776,94677
3681,47,Port Loriberg,1,1,2024-04-24,459254.19,Condo,Idaho,595 Regina Ports Suite 610,44673
2442,48,Lawrenceland,2,4,2024-12-02,570399.42,Apartment,New Hampshire,59059 Stacy Pines,18113
957,49,Carpentertown,1,1,2023-10-15,936102.21,Apartment,Oregon,73888 Carrillo Fork Apt. 409,96881
740,50,Hillton,3,3,2023-09-22,647258.93,Apartment,Maine,132 Patel Shore Suite 912,82173
2726,51,Crystalville,1,2,2024-09-22,249230.91,House,Idaho,39465 Dale Forest,22644
3884,52,Tylerville,2,1,2024-09-24,374762.38,Condo,Idaho,7464 Nicole Trail,90486
3738,53,Luisberg,5,3,2024-11-10,493189.54,House,Tennessee,39206 Thompson Key Suite 342,25935
782,54,Gonzalezborough,1,4,2023-08-21,940958.04,Condo,Washington,6872 Hart Causeway,09929
3056,55,Watersside,3,4,2023-11-12,518748.14,Condo,Michigan,76724 Monique Stravenue Suite 533,33803
4240,56,Lake Edwinfort,3,2,2024-06-20,448472.89,Condo,Illinois,44414 Marie Spur,82886
4402,57,West Markville,4,1,2024-05-05,586608.27,House,Minnesota,0933 Kayla Parks,68805
1117,58,South Jake,1,1,2023-07-03,910398.8,Apartment,Delaware,83749 Mitchell Inlet Suite 022,64224
4679,59,Kennethmouth,2,4,2024-04-25,523609.56,Condo,Montana,36223 Michael Tunnel Apt. 745,01020
4041,60,Kevinborough,4,3,2023-07-25,753094.86,Condo,Utah,44864 Gonzalez Crossroad,05562
2658,61,South Arthur,2,2,2024-06-22,298740.14,Condo,Connecticut,794 Cameron Manors Apt. 952,90671
2657,62,Port Briana,3,3,2024-04-30,520261.01,House,Oregon,920 Simpson Forks,62587
1444,63,New Joshua,4,3,2023-07-12,818406.79,House,Wyoming,680 Gabriel Common Suite 294,35254
3426,64,Laurastad,3,3,2023-05-05,169100.0,House,New Jersey,614 John Ridges Suite 836,88273
1470,65,East Kevinmouth,3,1,2023-08-16,128842.08,Condo,Nevada,6381 Tracy Fort Suite 797,28227
796,66,Lake Briantown,1,3,2023-05-22,370106.27,Condo,Nevada,217 Ian Passage,34403
2198,67,Duncanmouth,2,1,2023-06-16,145790.41,Condo,Kansas,057 Stephanie Square,99926
3841,68,Alvaradoburgh,4,4,2023-07-03,484805.38,Apartment,New Mexico,90588 Mueller Isle Apt. 198,21896
3476,69,Andreaview,5,4,2024-01-05,458654.94,Apartment,Iowa,4507 Mariah Estate,72652
4926,70,North Angelica,1,4,2023-02-26,759143.99,House,Wyoming,080 Dennis Greens Apt. 225,54728
2316,71,New Patrick,5,4,2025-01-20,456667.41,Apartment,New York,029 Carter Flat,17208
4851,72,East Maryview,1,3,2025-02-08,447335.74,Apartment,Mississippi,428 Ivan Plains Suite 283,73511
1260,73,West Michelle,3,1,2023-05-22,91941.09,House,Indiana,86116 Anna Vista Suite 435,02768
1824,74,Scottbury,3,3,2024-06-30,963099.07,Apartment,South Carolina,32413 Kerr Estates,36542
2902,75,Johnside,2,1,2024-04-11,918007.87,House,Arkansas,2796 Anderson Valleys,76286
4644,76,Henryhaven,5,2,2023-04-22,905965.07,Apartment,New Jersey,30195 Elijah Pass Apt. 730,40204
4589,77,Shelleyborough,1,4,2024-09-09,236519.38,Condo,Florida,780 Mark Landing,46122
3056,78,Rhondamouth,4,3,2024-09-16,105285.73,Apartment,Rhode Island,58916 Peterson Junction,07513
2077,79,Austinstad,5,1,2023-07-14,751807.68,Condo,Maryland,35066 Elliott Cove,45929
2533,80,Carrieview,2,3,2024-10-16,300128.29,Apartment,Mississippi,200 Copeland Route,72404
1200,81,West Rachel,5,4,2023-06-22,234473.61,Condo,New Mexico,835 Harrison Spring,96026
568,82,Port Karenside,2,4,2023-12-07,889021.08,House,Tennessee,8446 Amanda Row Apt. 314,35167
1401,83,Joeberg,5,3,2024-01-06,523899.83,House,Mississippi,4299 Maureen Plaza,68602
2316,84,Brandontown,5,3,2023-04-27,286484.65,Condo,Wisconsin,06311 Horne Street Suite 471,49800
1317,85,Brittanyport,5,1,2024-09-10,483083.73,Condo,Pennsylvania,392 Jose Field Suite 904,61141
4753,86,Kaylabury,4,2,2024-11-07,538688.31,House,South Carolina,1911 Julie Turnpike Apt. 785,29896
2156,87,Nguyenstad,4,1,2023-05-24,942576.52,House,North Carolina,684 Lawson Falls Apt. 627,86194
2427,88,Gutierrezton,2,3,2023-07-18,657730.71,Condo,Ohio,7831 Robert Avenue,27772
3488,89,East Joseborough,5,4,2023-12-28,609988.37,House,Nevada,3826 Greg Burg Suite 607,07214
3641,90,East Jonathan,3,3,2025-01-08,830385.36,Condo,Nebraska,12308 Conway Isle Apt. 565,74002
2031,91,Bushborough,4,3,2024-11-01,618995.49,Condo,Delaware,117 Natalie Fields,00969
2235,92,Port Davidport,1,1,2024-05-22,418699.53,Condo,Wyoming,1173 Tyler Expressway,73126
4218,93,Hensleyland,1,1,2023-11-27,752513.3,Condo,Oregon,7600 Teresa Knolls,02017
1174,94,Williamsville,1,1,2023-12-30,90164.4,House,Virginia,827 Braun Creek Apt. 736,02401
3100,95,West Austinmouth,3,4,2023-12-19,780113.78,House,Tennessee,695 Reynolds Squares Apt. 822,27500
2909,96,Christineborough,2,2,2023-11-01,90088.8,Condo,Nebraska,1296 Holt Spurs Suite 508,28052
2609,97,Bassmouth,1,4,2024-03-03,852705.98,Apartment,Oklahoma,8739 Amy Garden,24666
1220,98,Christopherborough,5,3,2023-11-09,388577.56,Apartment,Florida,02808 April Forest Apt. 424,77519
3053,99,Kristinabury,1,4,2025-02-06,229323.2,Condo,Rhode Island,9055 Fernandez Roads Apt. 414,70131
1692,100,Starkchester,5,4,2023-05-26,140127.89,Condo,Arizona,13109 Joseph Flat Apt. 846,95039
2202,101,Lake Aprilchester,4,2,2025-01-22,466479.32,House,Idaho,88656 Cooper Lane,27699
1836,102,Hodgesmouth,3,1,2024-06-20,87850.1,House,New Mexico,301 Leroy Ramp,01587
4002,103,Stephanieside,5,4,2024-01-27,898324.37,Condo,Washington,693 Roberts Mount,26168
2775,104,Lake Anthony,2,4,2025-01-04,215254.9,House,South Carolina,54090 Sanders Spur,78934
602,105,Port Paige,4,1,2024-02-11,964836.61,Apartment,New Hampshire,3585 Lori Rapids,60740
3619,106,Connorstad,2,3,2023-10-04,459351.09,House,California,67395 Michael Plaza Apt. 703,26983
1862,107,Fishershire,5,1,2023-09-13,603058.67,Condo,Arkansas,297 Andrew Creek,63195
1919,108,Smithhaven,2,4,2024-07-01,197981.03,Apartment,Oklahoma,57727 Andrew Loop,10739
962,109,East Richardhaven,3,4,2023-07-09,847526.45,Apartment,New Jersey,079 Vasquez Shores,06944
2399,110,East Kevin,2,3,2024-11-22,958973.28,Apartment,North Carolina,459 Sarah Avenue Suite 030,91396
3985,111,Ortizfurt,4,3,2024-05-24,760772.64,Condo,Tennessee,02636 Shannon Plain,73907
3523,112,East Gregory,4,3,2024-06-25,648056.84,Condo,Georgia,390 Cline Islands,47179
1910,113,Anaview,3,2,2023-04-22,809152.58,Apartment,South Dakota,650 Blake Islands Suite 127,55620
3897,114,Port Scottville,5,1,2024-10-08,851054.3,Apartment,Georgia,3257 Ward Rest Apt. 847,75085
560,115,Briggsbury,2,1,2024-02-17,86669.8,House,Florida,194 Faulkner Stravenue Suite 745,56829
2469,116,Moodyport,1,2,2023-11-17,288126.55,Condo,Nebraska,624 Hayden Hill,35220
1669,117,Arroyoside,1,1,2023-09-21,924992.98,Apartment,Iowa,972 Crane Stream Suite 276,79707
4511,118,Sandrashire,5,2,2023-08-30,118602.55,House,Kansas,5781 Baker Locks,91896
2306,119,Lake Martha,1,4,2023-09-09,100042.47,House,Arizona,28259 Todd Squares,26481
3381,120,Katherinetown,3,4,2023-05-23,189544.91,House,Oregon,983 Hughes Street Suite 241,18719
885,121,Hudsonfort,5,4,2024-03-03,447243.98,Condo,Minnesota,17770 Morgan Dale,62145
1559,122,Susanhaven,1,1,2023-07-17,116917.72,Condo,Alaska,3928 John Ways Apt. 870,68251
3494,123,Aliciaburgh,2,3,2023-07-17,128267.62,Condo,Texas,37165 Sanchez Harbors Apt. 462,54388
1861,124,Samuelport,4,4,2024-01-13,559321.47,House,Connecticut,9994 Elizabeth Circle Apt. 429,52137
3760,125,Port Stanleyshire,1,1,2024-12-09,816513.09,Apartment,New Hampshire,699 Mcdonald Road Apt. 036,28524
4898,126,Lake Teresabury,3,3,2024-04-17,423545.79,Condo,Washington,063 Elizabeth Vista Apt. 552,34901
4077,127,North Mckenzie,1,4,2023-07-24,975341.57,House,Maryland,113 Thomas Common Apt. 420,06218
4012,128,Matthewfurt,2,1,2024-01-04,476641.75,Condo,Louisiana,03587 Steven Heights,68385
2879,129,East Frank,5,3,2023-07-30,875067.9,Apartment,Louisiana,180 Woods Freeway,27463
1922,130,East Destinymouth,1,1,2024-07-14,522353.04,House,Ohio,13814 Nicole Tunnel,24951
3924,131,Andreafort,4,3,2024-05-26,616951.29,Condo,Louisiana,690 Clarke Drive Apt. 068,13024
4647,132,New Brandonmouth,5,4,2024-07-19,851359.63,Apartment,Colorado,353 Mack Springs,32896
1861,133,West Lisaberg,2,4,2023-03-24,940077.71,Apartment,Texas,56025 Gabriela Points Apt. 843,82951
2783,134,New Jennifer,3,3,2024-02-10,391342.6,House,South Carolina,9341 Meghan Springs Suite 572,59733
1785,135,Michaelshire,5,4,2023-02-22,580334.2,House,Pennsylvania,89986 Sherry Shores,90247
1476,136,Sherryborough,1,3,2024-05-18,682977.81,Apartment,Alaska,182 Victor Mission,70361
4160,137,Nguyenfort,2,3,2023-08-19,764947.85,Apartment,Nebraska,609 Lambert Overpass Suite 338,69535
3830,138,South Brycefurt,1,2,2024-06-10,737310.07,Condo,Kentucky,043 Flowers Dale Apt. 735,69563
1468,139,Port Janice,3,2,2024-04-15,240008.51,House,Florida,122 Erin Ramp,33636
3844,140,Port Richard,5,2,2023-05-22,869118.32,Apartment,Louisiana,5320 Timothy Valleys,44357
1638,141,Brandonburgh,2,4,2024-04-10,390244.89,Condo,Arkansas,405 Jennifer Street Suite 509,89083
4948,142,North Sharon,4,3,2024-03-03,257126.25,House,Arkansas,783 Amanda Islands Suite 013,75709
1321,143,Kimmouth,3,1,2024-07-27,229861.5,Condo,Hawaii,7769 Barry Road Suite 902,18867
3683,144,Stephenmouth,3,3,2024-08-04,486528.29,House,Colorado,32778 Bailey Square,63123
4041,145,South Paul,1,3,2023-08-03,893568.89,House,Washington,60452 Jason Springs,32692
1932,146,New Mark,3,4,2024-02-24,361188.31,Apartment,Nebraska,6284 Joanna Lodge Apt. 667,49115
3569,147,Jessicaville,5,2,2023-08-15,409884.19,Condo,Kentucky,1709 Morgan Extensions,22652
