listing_id,address,city,state,zip,price,bedrooms,bathrooms,square_feet,listing_date,property_type
1,64047 David Trail,Nicholasborough,Florida,62998,506622.18,4,1,3033,2024-09-18,House
2,014 Lopez Trace,Wigginsberg,Georgia,60117,813270.56,4,2,2423,2023-09-23,Apartment
3,98233 Evans Islands,East Ronaldborough,Ohio,55232,782770.68,3,2,3049,2024-06-19,Condo
4,84890 Lauren Knoll,Matthewstown,New York,34828,280983.76,4,4,3033,2023-08-17,House
5,49016 Matthew Meadows,Port Brianton,Mississippi,86079,709923.36,1,2,1462,2024-02-21,Condo
6,028 Miles Overpass,Lake Christopherchester,Alabama,60308,172733.95,2,1,2718,2023-08-08,Apartment
7,923 Sarah Ford Suite 171,East Robertburgh,Florida,54472,547646.75,2,3,3426,2024-01-04,House
8,67543 Hansen Crest,Whitefort,South Carolina,48221,946161.16,1,3,4689,2024-04-27,Condo
9,0740 Heather Run,North Lindafurt,Minnesota,49738,947400.32,5,1,1417,2023-11-10,Apartment
10,1843 Erica Village Suite 669,Burchtown,Georgia,51498,348590.96,2,2,1536,2024-10-02,House
11,938 Claudia Cliff,New Dennis,New Hampshire,94176,312821.83,5,3,1716,2024-04-22,House
12,6176 Patricia Branch Suite 799,South Margaret,South Carolina,31434,507563.8,1,4,2156,2023-06-13,Apartment
13,415 Matthew Island,Jamesburgh,Montana,01215,418028.87,3,3,948,2024-10-17,House
14,42634 Ashley Ridges,West Zachary,Wisconsin,90740,150126.78,1,2,534,2023-05-19,House
15,90099 Leach Well Apt. 782,West Ronaldfurt,Minnesota,21872,725868.69,2,1,4389,2024-10-31,Condo
16,675 Brown Roads,Garciashire,Michigan,76676,98638.43,3,2,1635,2024-09-07,Condo
17,818 Jones Avenue Apt. 226,East Sergioshire,Alaska,81532,906189.77,1,3,1006,2023-11-26,Apartment
18,8708 Ross Junctions Apt. 783,North Lauren,New Mexico,75344,560724.47,4,1,2999,2024-09-30,House
19,957 Sullivan Crossroad Apt. 601,South Kellyborough,Nevada,02784,373838.06,5,2,3161,2023-07-11,Apartment
20,7757 Kimberly Falls,North Elizabethside,Wisconsin,86889,939754.18,4,2,4469,2023-10-27,Apartment
21,37347 Smith Extensions Suite 413,South David,Connecticut,51375,105853.32,4,3,776,2024-07-10,House
22,1785 Hannah Glens Suite 452,Maryland,Rhode Island,69016,637193.72,1,3,2539,2023-04-30,House
23,5856 Turner Brooks Suite 962,Lake Aaron,Tennessee,73464,355257.24,2,3,2691,2024-09-26,Condo
24,1556 Larry Fort Apt. 458,Pageview,Iowa,35850,974060.37,5,3,2446,2023-10-09,Condo
25,925 Thomas Crossing Suite 482,Levyborough,Wisconsin,77102,653697.9,3,1,1300,2024-04-06,Condo
26,579 Andrew Throughway Apt. 875,Bonnieview,Louisiana,24869,665064.64,3,3,4627,2024-08-03,House
27,470 Conner Causeway,Jonesburgh,Maine,75704,271759.32,2,3,3171,2024-09-11,Apartment
28,74934 Steven Ports Apt. 293,Jodihaven,Vermont,89149,337192.75,1,1,3049,2023-05-11,Apartment
29,656 Miller Spring,Davisland,Iowa,22674,626884.28,4,2,3535,2024-12-24,Condo
30,81030 Katie Stream Apt. 957,Port Michaelton,Wisconsin,23803,225339.78,2,2,4186,2024-06-14,Condo
31,5386 Melissa Mountain Apt. 590,Gabrielleburgh,Nebraska,23550,586012.9,1,4,1496,2023-08-20,Condo
32,38085 Guzman Shoals Apt. 640,Graceville,South Dakota,21903,882505.64,3,3,1316,2024-11-27,Condo
33,735 Elliott Brooks Apt. 814,East Tiffanyfort,Vermont,73747,77069.5,4,2,3830,2024-05-01,Condo
34,4011 Mcbride Greens Apt. 551,Grahamtown,Missouri,34082,296252.86,2,2,2485,2023-09-06,Condo
35,32048 Thomas Summit,Contrerasville,South Carolina,05744,393340.08,5,1,786,2025-01-16,Apartment
36,4157 Wright Crossing,Lake Angela,Louisiana,16973,566213.78,3,3,1640,2023-12-26,Condo
37,50845 Brown Crest Apt. 417,South Catherine,Colorado,61054,577228.86,3,4,1656,2023-03-30,Condo
38,136 Kathleen Trail,Kennethmouth,Alabama,23942,773181.01,3,1,2327,2024-03-10,Apartment
39,4993 Matthew Port,Port Samuel,Colorado,46722,508698.15,5,2,2095,2024-12-24,House
40,93295 Nash Street Suite 527,Lake Sharonside,Wyoming,42137,124193.07,4,3,2561,2023-11-26,House
41,485 Woodard Trail,Port Ronaldmouth,Alaska,80942,531454.3,3,3,1042,2024-09-18,Condo
42,6448 Page Glen,West Derrickchester,Maine,59613,66879.57,2,1,1625,2024-04-23,Apartment
43,79467 Sanchez Rapid,Brownburgh,Vermont,56173,442108.57,3,1,1477,2023-05-04,House
44,570 Michael Tunnel Suite 758,West Ryan,Kansas,77774,799172.96,4,3,1660,2023-11-26,Apartment
45,121 Bullock Highway,Larsonshire,Rhode Island,03044,643896.1,3,3,615,2023-02-21,Apartment
46,85280 Simmons View,Jonathonmouth,Idaho,87235,334689.39,5,2,3968,2025-02-05,Condo
47,611 Tate Wall Suite 777,Danieltown,Ohio,05397,155527.37,3,1,4293,2024-02-04,Condo
48,0065 Emma Green,Ramseybury,Texas,75556,565092.33,5,1,4898,2023-10-15,Apartment
49,5371 Michael Neck,East Nancyview,Rhode Island,10400,233825.52,3,2,4431,2024-11-11,Condo
50,6826 Beverly Square,Joyburgh,Maryland,45073,963399.41,5,1,2269,2024-12-24,Apartment
51,378 Isaac Course,Lisabury,Wyoming,44865,900934.82,5,4,2495,2023-10-04,Apartment
52,09240 Mercer Stream,Sparksstad,Oklahoma,71581,194603.49,4,2,1238,2023-06-25,House
53,124 Brown Trail,South Michaelville,Maine,49218,923686.13,5,4,2657,2024-06-10,Apartment
54,982 Diane Loaf Apt. 533,New Williamborough,Georgia,30503,411808.91,5,2,3746,2024-12-12,Apartment
55,18697 Courtney Stravenue Suite 498,Ballville,Arizona,43890,208754.42,2,4,3277,2024-08-11,Apartment
56,523 Robin Lights Suite 058,Staffordchester,New York,67263,477849.01,5,2,4187,2023-08-25,Apartment
57,922 Brandon Cape,Lake Charlesville,Oregon,51853,124241.66,4,4,4318,2024-12-07,Apartment
58,3999 Kemp Pass Suite 670,Jennifermouth,Oklahoma,51710,366494.29,1,4,3122,2024-02-20,House
59,427 Nathan Key,New Raymondfurt,New Mexico,59945,672680.42,1,2,3719,2023-10-22,Condo
60,7399 Justin Keys Apt. 931,Lake Pamelachester,North Dakota,31118,828491.45,3,1,3336,2024-06-13,Condo
61,956 William Drive,East Jefferyland,Arkansas,46744,891230.46,3,4,4471,2024-10-16,Condo
62,07506 Hood Walks Apt. 908,South Hollyshire,Illinois,03551,250432.23,4,1,4437,2024-08-12,Apartment
63,99538 Patty Fork,Munozfort,Wyoming,46963,613505.61,2,1,2499,2024-12-23,House
64,192 Megan Plains,Port Lacey,Nevada,94578,57601.4,2,4,754,2023-11-16,Apartment
65,8730 Brooke Village Apt. 003,Angelatown,Montana,25942,600383.16,4,3,2108,2023-08-26,House
66,72574 Linda Road,Hernandezbury,Wyoming,24834,62879.11,1,1,1308,2023-07-05,House
67,24916 Peter Trail,East Sergio,Missouri,25367,375771.34,4,1,1001,2024-04-29,Condo
68,2847 Reynolds Flat Apt. 707,West Shannonfurt,Delaware,12439,402340.41,4,1,3419,2024-10-17,Apartment
69,1429 Wilson Knolls Apt. 213,Katherinehaven,Nevada,70275,247566.75,2,2,2029,2023-07-27,Apartment
70,545 Michael Points,Robinsonberg,Arkansas,56971,201603.2,5,4,3692,2024-05-21,Apartment
71,218 Nguyen Pass Apt. 433,Jessicaport,California,56799,150923.02,2,4,4439,2023-03-23,House
72,0183 Erica Dam,Lake Bryanbury,Tennessee,79518,154334.44,2,1,3646,2024-02-28,House
73,13939 Hailey Manor,Port Jeffrey,Connecticut,23148,462941.21,3,1,746,2023-05-19,House
74,746 Megan Flats Apt. 233,Patrickfort,Kentucky,02251,839093.04,1,4,4046,2023-10-06,Apartment
75,12511 Michelle Mountains Suite 467,New Elizabethton,Mississippi,66817,520275.34,3,2,853,2023-06-02,Condo
76,54376 Colon Trace,New Jennifer,New Jersey,41303,59131.28,1,1,4726,2024-08-19,House
77,6760 Bryant Union Apt. 291,Jeffreychester,Montana,75060,606654.73,3,2,2441,2024-06-27,Condo
78,229 Lucas Isle Suite 209,New Carolyn,California,93148,59170.09,5,2,755,2023-09-18,Apartment
79,307 Warner Tunnel,Hendersonland,Kansas,49219,318059.38,2,3,4314,2024-02-26,Condo
80,20899 Larsen Falls,East Carlshire,Florida,61577,805403.97,1,2,2654,2023-05-31,Apartment
81,7342 Baird Locks,Cortezchester,Nebraska,55415,171005.85,5,3,4422,2024-11-29,Condo
82,9394 Palmer Fords,Brownbury,Texas,67545,712236.12,4,2,3953,2025-01-13,Apartment
83,8710 Victoria Center Suite 841,Montesland,South Dakota,85381,420358.6,5,1,2616,2023-10-23,Condo
84,2081 Fletcher Corner Suite 498,Port Jacobshire,Alabama,35988,607318.06,2,1,1382,2024-08-07,House
85,221 Nunez Locks,East Holly,Wisconsin,15687,614445.32,3,2,2318,2023-11-16,Apartment
86,94066 Jennifer Ramp,South Garyville,Tennessee,69291,850429.86,1,3,1714,2024-07-06,House
87,8087 Beck Mountain,East Amymouth,New Mexico,99915,314237.35,1,1,4150,2024-03-06,House
88,7936 Martinez Causeway Suite 270,West Heatherhaven,New Jersey,26765,563795.53,4,4,4279,2023-08-23,Condo
89,55013 Santiago Crescent Apt. 192,Lake Brianfurt,Georgia,03616,462526.6,3,3,4687,2023-11-18,House
90,026 Davila Radial Suite 246,Tylerburgh,Oregon,97659,567873.72,3,2,4135,2023-03-24,House
91,897 Anderson Rapid,East Christopher,Rhode Island,87085,77090.79,3,4,875,2024-02-08,Condo
92,602 Patel Bridge Apt. 291,Johnberg,Hawaii,63323,344253.71,3,2,1032,2024-09-20,Apartment
93,1240 Charles Freeway Suite 944,East Kimberlyberg,New York,45250,153337.67,1,3,3421,2024-04-18,Condo
94,4946 Maria Radial,Stewartborough,Georgia,51988,331891.23,3,4,1188,2025-02-07,Condo
95,740 Garcia Meadows,Hartview,Wyoming,11811,524847.09,1,3,4461,2024-05-17,Condo
96,355 James Canyon,Port Stephen,Nebraska,94464,572216.97,5,1,2112,2023-12-25,Apartment
97,6476 Miller Walk Apt. 280,New Adam,Indiana,02099,989413.55,3,2,4331,2023-10-13,Condo
98,15213 Payne Square Suite 809,Johnburgh,Nevada,84702,326924.14,4,2,3395,2024-04-08,Condo
99,39000 Lori Views Suite 666,Victorborough,Ohio,81509,308552.94,1,4,3494,2024-02-25,Apartment
100,49119 Tracy Common Apt. 654,Smithfurt,Virginia,27087,847172.31,1,3,3326,2024-02-14,House
101,98615 John Plaza Suite 625,Arianamouth,Florida,86556,290619.55,4,4,3414,2024-08-19,House
102,602 James Extensions,Port Andrewfurt,Colorado,15632,983853.97,3,1,4379,2023-11-12,House
103,8854 Robinson Mills Apt. 846,Bushborough,New York,95576,863099.12,3,2,3877,2024-07-12,Condo
104,5615 Rachael Road Suite 100,Stephenview,South Dakota,63259,824284.07,5,1,3030,2023-09-14,Condo
105,004 John River Suite 221,East Manuel,Colorado,55314,939996.13,4,1,4271,2024-04-19,Condo
106,323 Brown Loaf Suite 704,New Sean,Iowa,14831,341105.97,1,1,3386,2024-05-20,House
107,49096 Osborne Forest Suite 410,Kleinfort,Indiana,52694,317017.68,2,1,2116,2024-05-13,Condo
108,8754 Martinez Highway,Morganhaven,Alabama,67692,87183.07,3,1,2776,2024-12-16,Apartment
109,74543 Freeman Station Suite 182,Rhondaborough,Maryland,02723,169593.95,1,4,2708,2024-02-03,Apartment
110,7094 Hamilton Village Apt. 983,North Josephview,South Carolina,26949,552325.67,2,4,965,2025-01-31,House
111,05672 Steven Spring Apt. 940,East William,Illinois,46369,714746.19,3,2,882,2023-08-02,House
112,609 Sanchez Coves,Rebeccaville,North Dakota,80978,557588.32,2,2,4763,2024-09-29,House
113,8254 Hart Mews,East Nathanielshire,Connecticut,09231,762269.41,2,2,4250,2024-11-23,Apartment
114,832 Roberts Squares,New Brendashire,Rhode Island,43590,852391.21,1,2,4852,2024-05-11,Apartment
115,13466 Pierce Villages,Murphymouth,Washington,21871,973624.01,3,1,2424,2023-05-24,Condo
116,395 Timothy Rest,Guerreroland,Utah,46394,354771.85,3,1,1528,2024-04-22,House
117,9048 Anderson Ford Apt. 161,Port Janiceview,Montana,80935,507051.4,5,1,1752,2023-05-18,Apartment
118,91443 Rivera Squares Apt. 649,New Edwardborough,Massachusetts,13184,877365.34,5,4,3308,2024-12-26,Apartment
119,2852 Hernandez Spurs,Port Heathermouth,Kentucky,85314,893118.6,2,2,2903,2023-05-17,House
120,391 Shelby Shores Suite 788,Port Rodney,New York,97449,265480.05,4,2,1646,2024-03-02,House
121,1391 Robert Land Suite 196,Bradleyborough,New York,67458,269977.23,3,4,1506,2024-09-16,Condo
122,598 Pierce Ford,South Kelly,Hawaii,62241,392215.05,1,2,3673,2023-08-04,House
123,19394 Alice Brooks Suite 822,South Karenside,South Dakota,73643,428543.18,4,4,4181,2024-02-06,House
124,460 Williams Plaza Apt. 251,West Amy,Illinois,99586,751169.04,1,3,3730,2023-12-04,Condo
125,7256 Ferrell Mall Apt. 720,West Jamesborough,Hawaii,02251,643422.51,3,2,3978,2023-08-23,Apartment
126,90999 Gutierrez Greens,Justinmouth,New Mexico,92990,198331.85,2,2,3458,2024-06-16,Apartment
127,9724 Vaughan Circle Suite 347,Brooksberg,West Virginia,74611,571046.47,4,2,784,2023-12-04,Apartment
128,7746 Michael Path Apt. 455,Raymouth,Massachusetts,34037,262184.97,3,2,625,2024-07-02,House
129,76714 Robbins Brooks Suite 203,Racheltown,Missouri,85920,777918.92,3,2,3896,2023-05-08,Apartment
130,7085 Walls Courts Apt. 780,New Kristinburgh,South Carolina,84025,617224.8,5,1,3770,2025-02-08,Apartment
131,48590 Angela Fall,Cabreraview,Oregon,07593,336999.0,1,4,1564,2023-05-24,Condo
132,0265 Wall Falls Suite 556,South Jamesfurt,Utah,07420,465192.92,4,3,1989,2024-10-08,House
133,855 Kelly Canyon,West Ruthfort,Alabama,47218,483861.01,4,4,1979,2024-09-27,Condo
134,7237 Jerry Island Suite 927,Philipborough,North Dakota,99044,806674.56,1,3,2417,2024-01-21,House
135,1076 Macdonald Tunnel,New Brian,Mississippi,85678,530674.8,5,3,2805,2024-03-18,House
136,0232 Whitney Rest,West Jeremy,Minnesota,69296,576171.86,5,2,787,2024-03-25,Apartment
137,040 Mcdonald Freeway Apt. 308,North Paulhaven,Nebraska,61482,412260.87,4,4,1644,2023-03-20,House
138,854 Lucero Ridges Suite 750,North Patriciachester,Maryland,33731,66370.97,1,4,4275,2024-06-11,Condo
139,082 Sandra Groves Apt. 928,Grayberg,Alaska,36430,908121.23,2,4,596,2024-12-04,House
140,406 Stanley Brooks Apt. 810,Draketown,Arizona,78490,410979.55,5,1,4502,2024-10-07,Condo
141,8441 Daniel Pine,South Jeffrey,Massachusetts,85978,381462.17,1,2,982,2024-10-17,Condo
142,54692 Amber Squares,Stephenview,Idaho,29039,471588.25,2,4,1097,2023-02-28,Condo
143,87629 Thomas Valleys Apt. 076,Kellybury,Wisconsin,57056,294999.87,4,2,1439,2023-12-03,House
144,0304 Wilson Spring Suite 270,Maryhaven,New Jersey,18339,972464.95,3,2,3187,2023-05-16,House
145,14058 Long Viaduct,Kelseyview,Illinois,73077,70040.21,5,3,1136,2024-02-28,House
