listing_id,address,city,state,zip,price,bedrooms,bathrooms,square_feet,listing_date,property_type
1,4455 Weber Bridge,North Michelle,Louisiana,61611,546538.77,2,2,3940,2024-01-21,Condo
2,869 Brandy Turnpike,Stephanietown,California,84483,849291.33,2,1,1066,2024-08-30,House
3,00206 Oliver Roads,East Gabrielaport,Florida,90385,70596.92,1,3,1394,2024-09-30,Condo
4,27702 John Falls Suite 517,Tylerport,Tennessee,15421,304755.36,2,1,4873,2023-09-01,Condo
5,02212 Tammy Port,Vincentfurt,Indiana,41855,87037.78,1,3,2677,2025-01-22,House
6,896 Kenneth Dale Apt. 638,North Alexis,Washington,64015,733270.51,4,4,2172,2024-04-06,House
7,335 Cook Trail,Tylerport,North Dakota,88679,791739.83,3,2,4055,2023-04-21,Apartment
8,6710 Jordan Coves,Seanberg,Arkansas,62155,367624.87,1,2,775,2023-05-08,Apartment
9,8231 Christopher Shore,New Annette,North Carolina,20193,242179.49,2,2,4507,2023-11-10,Apartment
10,6861 Peters Flat Apt. 360,North Jeffreyshire,New Hampshire,29155,399264.32,1,3,2301,2023-02-17,Condo
11,945 Mendoza Plaza,Christymouth,Arkansas,63479,136353.1,3,4,2708,2023-11-14,Condo
12,00992 Robinson Mount Apt. 855,West Chelsea,Nebraska,41689,855447.41,3,2,4981,2023-07-11,House
13,4933 Stout Street Apt. 456,South Susanmouth,Connecticut,02939,410948.16,4,3,685,2023-12-29,Apartment
14,85553 Jennifer Causeway,Lake Julie,Ohio,14657,452486.35,4,2,653,2023-05-18,Apartment
15,898 Ellison Mills,Port Erinport,Oregon,22633,705066.2,3,3,2731,2023-08-01,Apartment
16,84822 Parker Plaza Suite 115,Stephenberg,Oklahoma,24983,833600.56,4,1,2591,2023-03-18,House
17,66185 Angie Pine,Lake Lindaton,West Virginia,25234,309363.32,4,2,2767,2023-03-01,Apartment
18,20889 Bowman Field Suite 864,Melissaville,Vermont,38989,613642.62,3,2,2413,2024-07-05,Apartment
19,1210 Stokes Manor Apt. 307,Lake Jamie,Nebraska,47614,845689.88,1,3,2090,2024-07-29,Apartment
20,7729 Fry Field Suite 065,Manningberg,Florida,10183,588396.26,4,2,1657,2023-08-07,House
21,22976 Tyler Circle,Port Annchester,Alaska,29122,489187.59,3,1,3256,2024-02-11,Apartment
22,26365 Decker Vista,Lake Jenniferburgh,Washington,35496,389110.09,3,1,3290,2023-11-21,House
23,838 Matthew Corner Apt. 689,Riveraport,Colorado,85868,647975.86,3,1,1671,2025-01-12,Apartment
24,950 Hannah Landing Suite 076,South Mariahland,Montana,13787,377926.32,2,4,3912,2023-11-29,Condo
25,133 Carlos Harbors,Lake Lisashire,Oklahoma,41305,407513.89,1,2,2574,2023-12-20,Apartment
26,11721 Lutz Port,New Thomas,Oklahoma,97299,202554.03,2,2,2330,2024-11-21,House
27,53376 Gentry Keys Suite 587,South Marialand,Ohio,80299,594792.6,4,4,4801,2024-08-27,House
28,40017 Heather Mountain,Richardport,Texas,43657,667914.83,5,2,4707,2023-11-02,House
29,4447 Buchanan Prairie,Isaiahstad,California,46268,527664.71,2,4,2573,2024-11-23,House
30,233 Brian Fields,South Mark,New Hampshire,02379,283875.22,5,4,2071,2023-10-14,House
31,282 Walker Pines,Lake Sarah,California,65619,343804.99,4,2,2433,2023-12-12,Apartment
32,9312 James Manors,Lake Oscar,New York,46274,215396.73,3,1,2978,2025-01-12,Condo
33,6238 Christina Prairie,Danaside,Hawaii,83540,860550.8,3,2,2426,2024-04-04,Apartment
34,3614 Megan Corners,New Brittany,Nevada,59665,316930.5,4,3,2396,2023-05-05,House
35,4506 Jacob Street,North Courtneytown,Kentucky,33697,63613.71,3,2,4214,2024-12-21,Apartment
36,975 Jeffrey Lodge Suite 009,Garzahaven,Indiana,36319,923016.69,3,3,2814,2024-09-15,Condo
37,72768 Randall Pike,Lake Richardshire,Kentucky,71821,348427.39,1,1,3265,2024-06-21,House
38,791 Vazquez Light Apt. 685,Jacquelineport,New Hampshire,25153,315545.32,5,2,3057,2023-05-07,House
39,16020 Carrie Cliff Suite 349,Lake Kimberly,Ohio,01229,285922.03,1,1,2262,2023-07-26,Condo
40,321 Matthews Locks,West Christopherfurt,Iowa,62206,438848.45,3,4,3002,2024-07-22,House
41,167 Kelly Path Suite 376,Kendrafort,Oregon,35722,772414.59,3,4,3183,2024-05-17,Condo
42,180 Rebecca Lakes,South Kayla,Texas,46160,253356.07,5,1,2762,2023-11-13,Condo
43,81851 Hughes Courts,East Angela,Pennsylvania,02961,627215.95,4,4,2509,2024-06-08,Condo
44,8307 Meyer Roads,Mccoyshire,Nevada,14330,936829.08,1,2,2235,2023-06-17,Condo
45,2882 Mark Manor Suite 237,Allenside,New Jersey,65839,578099.09,3,3,3711,2023-05-17,Apartment
46,74739 Pena Squares,Delgadoland,New York,74453,942972.94,4,1,4609,2023-10-15,Condo
47,655 Kathleen Trace,Woodsview,Hawaii,91876,466330.06,3,1,4055,2023-07-04,House
48,7904 Mary Corner,Jenniferton,North Carolina,35053,371514.42,4,2,3795,2024-09-12,House
49,46965 Martinez Drive,Maciaston,Arkansas,88028,229273.12,5,3,688,2023-07-12,Apartment
50,133 Michelle Square Apt. 934,Mauriceville,Indiana,95681,879849.03,4,3,4689,2023-08-12,Condo
51,34291 Williams Crossing Suite 477,Johnnyfort,New Mexico,14535,289086.73,2,1,2631,2023-07-24,Condo
52,70102 Deborah Junctions Suite 547,Robertstad,North Carolina,37685,809514.3,3,1,2693,2024-06-05,House
53,79255 Brandon Ridges Apt. 287,Cherylfurt,Wisconsin,56260,70837.89,4,4,658,2023-02-27,House
54,8658 Gonzalez Course,Beardtown,Louisiana,13929,628811.53,5,3,4234,2024-11-12,Condo
55,557 Bowman Village,Port Candice,Tennessee,19570,77601.23,3,1,1631,2024-09-28,Condo
56,94945 Edwards Crossroad Suite 627,East Chelsey,Tennessee,85328,489325.37,3,4,1532,2024-02-03,House
57,25607 Jensen Landing Apt. 894,Port Robertborough,Kentucky,85094,341687.48,3,1,1277,2024-04-21,Condo
58,0686 Brittany Forks Apt. 154,Robertborough,Wisconsin,11404,701775.12,4,2,3002,2024-07-10,Condo
59,01427 Moon Plains,Port Robert,Pennsylvania,23552,618989.18,3,2,1957,2025-02-03,Apartment
60,4918 Baird Skyway Suite 830,Teresafort,Arizona,60284,355521.88,2,1,3602,2024-10-27,House
61,6936 Daniel Mill,West Williamport,Delaware,14685,648828.56,2,1,2900,2024-12-05,House
62,601 Yates Union Apt. 179,Lake James,Nevada,19643,528085.11,3,1,3321,2023-05-17,Condo
63,9995 Alexander Crossing,Port Dawnshire,New York,44410,242402.36,1,1,603,2024-04-26,Apartment
64,6698 Corey Highway,Huffmouth,Kentucky,90490,104338.82,1,4,3820,2023-06-22,Apartment
65,24843 Crawford Rapid,West Jennifer,Mississippi,95682,852458.62,5,2,674,2023-07-31,House
66,3267 Christopher Dam,Jamesborough,Oregon,59376,342175.8,1,3,3062,2025-01-26,House
67,125 Melissa Rest,Medinafurt,New York,68015,628221.14,2,4,4649,2024-10-18,House
68,899 Justin Ridge Suite 679,Phyllisborough,Oregon,48622,309049.76,2,1,3243,2024-07-20,House
69,923 Terry Canyon,Harrismouth,New York,93292,230392.88,3,4,735,2023-07-08,House
70,468 Brandy Turnpike Suite 601,Lake Paulberg,Kansas,71091,934830.22,3,4,847,2023-08-13,House
71,547 Kimberly Mountain Suite 439,East Darren,Connecticut,43352,176510.64,4,1,1737,2023-06-04,Apartment
72,9846 Richards Crescent,South Katiefurt,Mississippi,49923,970803.65,5,2,844,2024-09-22,House
73,42546 Theodore Views Suite 380,Emilyfurt,North Carolina,44337,245803.81,1,4,4898,2023-04-16,Apartment
74,80112 Foster Orchard Apt. 796,New Crystalshire,Florida,24208,193620.63,3,2,2212,2024-01-16,Apartment
75,814 Suzanne Forest,Shermanborough,Arkansas,96375,80012.16,3,4,1791,2024-05-14,House
76,69312 Lee Extensions,Princeburgh,Florida,45423,542000.12,4,3,4514,2023-08-11,Condo
77,294 Thomas Square,Williamsstad,Florida,35348,788790.09,2,2,3315,2024-03-13,Condo
78,5897 Jade Forges Apt. 391,New Davidchester,New Jersey,53338,821043.77,5,3,1020,2024-05-11,Apartment
79,8864 Gordon Summit Suite 964,Charlesfort,Michigan,13506,888109.48,1,1,1821,2023-11-19,Condo
80,98544 Shane Mill Suite 763,Georgeton,Missouri,69851,356542.37,1,1,832,2024-05-22,Apartment
81,1612 Brown River Suite 993,Meganburgh,New York,03212,809112.61,3,3,3982,2023-08-03,Apartment
82,0933 Murphy Cliffs Apt. 463,Aguirreberg,New York,51538,221084.03,5,4,899,2025-01-20,Apartment
83,4561 Acosta Passage Suite 080,Sandraview,Montana,11046,529284.73,1,4,4013,2024-07-28,House
84,8957 Tara Curve Apt. 486,Lake Haley,Connecticut,79395,458713.74,1,3,2356,2023-11-01,Condo
85,370 Nolan Street Apt. 352,Aprilton,Massachusetts,84509,69704.67,5,2,4239,2023-09-16,Condo
86,0311 Crystal Passage Apt. 093,Lake Amanda,Minnesota,63215,210878.97,2,3,2362,2023-06-21,Condo
87,37089 Russell Ramp,Frankport,Florida,54605,458018.4,3,4,1647,2024-02-22,Condo
88,2574 Ian Ridges Suite 851,Chenside,North Dakota,44700,412793.12,4,1,2195,2023-05-13,House
89,421 Abbott Plains Apt. 217,Shawfurt,South Dakota,79544,585012.02,2,4,3040,2023-02-21,House
90,585 Michael Harbors Apt. 383,Sanchezside,New York,53199,157873.22,2,4,2021,2023-11-30,House
91,4134 Bryan Centers Suite 188,Rosshaven,Oregon,24040,133447.71,2,3,3559,2023-05-15,House
92,03824 Elizabeth Village,East Michael,South Dakota,23748,873793.79,3,4,3177,2024-07-30,Condo
93,3633 Michael Island Suite 330,New James,North Dakota,50464,501023.32,5,4,568,2025-01-02,Condo
94,459 Morton Branch Apt. 049,Mejiaport,Colorado,19143,649376.39,1,3,3165,2023-05-12,Apartment
95,315 Kelly Harbors,Port Paulmouth,New Mexico,70341,67228.52,4,4,4581,2024-10-29,Apartment
96,51680 Humphrey Cliff Apt. 681,New Michael,Georgia,13645,710707.41,4,4,2745,2024-05-18,House
97,49853 Walker Course Suite 389,New Tracy,Connecticut,90840,226303.96,2,4,703,2024-09-05,House
98,91345 Luke Coves,New Samanthafort,Iowa,46628,751757.28,4,4,3181,2023-03-24,Apartment
99,3261 Sanders Mountain Apt. 969,West Amanda,Indiana,25978,209286.5,1,1,4486,2023-12-17,Apartment
100,63351 Osborne Plain,Angelafurt,New Jersey,45287,505603.67,3,1,790,2024-03-31,Condo
101,110 Eric Spurs,East Brooke,Illinois,96989,872608.1,1,2,4873,2023-07-16,House
102,79911 Pearson Place Apt. 923,Smithview,South Dakota,98667,353836.23,2,2,3824,2023-12-08,Apartment
103,1509 Wolfe Light,New Daniel,Tennessee,99752,544247.9,3,4,4119,2025-02-02,Condo
104,76682 Tucker Ridge,Delgadohaven,Idaho,25608,297515.08,4,2,3362,2024-05-26,House
105,943 Lindsey Plaza Suite 593,West Karen,Nevada,66202,435952.08,4,3,2907,2024-10-12,House
106,8275 Julie Viaduct,South Amandatown,Oregon,89054,517349.39,3,4,4007,2023-02-26,House
107,8911 James Radial Suite 031,Huertachester,Michigan,97309,934427.31,5,3,3835,2024-03-09,Condo
108,5217 Clark Stravenue,Davidburgh,Alaska,50328,340547.1,1,1,4921,2023-08-17,Condo
109,1169 Ayers Alley,Smithshire,Florida,97151,332247.62,4,2,1629,2023-04-10,Apartment
110,770 Silva Points Apt. 189,Lake Paigeside,Iowa,80933,111561.83,2,4,1002,2024-07-05,House
111,71708 Baker Crescent Suite 084,North Brenda,Maryland,51446,440467.39,2,2,4021,2023-07-27,House
112,073 Nelson Ford,South Rebecca,Florida,13630,834370.16,3,3,4996,2025-01-20,Apartment
113,1844 Jacob Corner,Davidfurt,Nebraska,96065,627396.88,4,4,2602,2024-06-16,House
114,1757 Stanley Inlet,Johnsborough,Louisiana,58178,933885.8,4,1,4889,2023-09-06,House
115,3208 Mccall Shoal Suite 208,West Seanberg,Michigan,27405,866529.06,1,3,4451,2025-01-23,House
116,9506 Keith Branch,Potterland,West Virginia,82388,925867.95,3,3,3752,2024-08-07,Condo
117,7379 Michael Station Suite 531,Andrewmouth,Alabama,70443,723079.4,4,1,1359,2023-07-05,Apartment
118,58673 Alex Locks,East Joshua,Colorado,42603,325540.75,5,3,4083,2024-11-21,Apartment
119,46043 Robert Lake,Lake Alanburgh,Washington,46317,602950.26,5,4,1944,2023-05-10,Condo
120,45589 Kirk Cape,North Michael,Washington,02962,489802.92,5,2,2627,2023-10-17,House
121,3570 Jennifer Springs,Millerchester,Mississippi,39414,324096.52,1,4,4955,2023-09-10,House
122,17383 Brittany Track,Melissaburgh,Florida,68513,505899.89,1,4,3335,2024-07-28,Condo
123,924 Castillo Field Suite 201,Richardshire,West Virginia,20291,528354.21,1,2,4560,2023-10-29,Apartment
124,286 Hannah Plaza Suite 141,East Cynthia,Indiana,48594,526536.44,2,2,3349,2023-05-12,Apartment
125,61527 Turner Trail,Robinsonside,California,94622,848719.31,2,4,1824,2024-02-06,Condo
126,94958 Huynh Gardens,Port Josephbury,North Dakota,60230,389076.47,2,3,2126,2024-07-07,Apartment
127,2371 Tammy Stream Suite 790,Rochaberg,Mississippi,36069,826777.34,3,3,2322,2024-10-20,Apartment
128,24845 Hector Freeway,New Joanneborough,New Jersey,36079,718228.36,2,1,966,2023-06-22,Condo
129,414 Robert Wall Apt. 527,Donaldside,Pennsylvania,05133,966901.0,4,2,3942,2023-11-14,Condo
130,09466 Robin Key Apt. 871,Haydenport,Nebraska,94020,793534.97,5,1,1608,2024-06-09,Condo
131,3262 Young Fords,Port Sandra,South Dakota,93546,350678.32,3,1,2516,2024-06-29,Condo
132,195 Rojas Crossroad Apt. 825,South Brenda,Indiana,19428,704492.44,5,2,2019,2023-07-01,Condo
133,6747 Le Cliff,Patrickmouth,Missouri,41546,469449.28,4,2,3771,2023-04-13,Condo
134,09057 Smith Squares Suite 600,Kimberlytown,Florida,03888,464103.05,5,1,3792,2024-11-04,Condo
135,0409 Glen Glen,East Toddberg,Idaho,17050,344533.44,3,4,3155,2024-04-14,House
136,14283 Jessica Street,Lake Toddberg,Hawaii,41124,183215.13,5,2,3789,2025-01-31,Condo
137,2891 Joseph Mount,Laurastad,Florida,26477,581633.78,5,1,3454,2023-06-20,Apartment
138,09901 Mariah Vista Apt. 733,Port Jessica,Iowa,64386,899269.91,3,4,4385,2024-02-15,Condo
