listing_id,address,city,state,zip,price,bedrooms,bathrooms,square_feet,listing_date,property_type
1,1731 Allison Square,Ryanfurt,Ohio,47478,188293.79,3,1,4928,2023-09-08,House
2,173 Victoria Inlet Suite 943,Colemanburgh,Kansas,88005,825292.44,3,2,4909,2024-08-15,House
3,9541 Kathryn Summit Apt. 558,Angelaborough,Ohio,90851,244629.13,4,3,868,2024-04-09,House
4,1826 Hendricks Fall,Port Georgeview,Arizona,37349,662591.94,5,3,4340,2024-05-12,Condo
5,98508 John Circles,West Johnstad,Utah,89903,279785.79,5,1,4386,2024-04-03,Condo
6,1415 Andrew Fields,Davidmouth,New Hampshire,77289,205117.6,4,1,3611,2023-08-01,Apartment
7,245 Gary Court,Port Heatherside,Oklahoma,51156,334049.05,1,2,3666,2023-03-18,Apartment
8,050 Stacey Ford Suite 830,South Matthewville,Texas,32951,158825.54,2,2,1868,2023-05-15,Condo
9,932 Victor Spur,Obrienshire,New Hampshire,89439,500568.06,1,1,3843,2023-03-04,Condo
10,736 Crane Isle,North Ashley,Minnesota,61869,326836.84,5,1,647,2024-07-08,House
11,56895 Ward Square,Robertport,Mississippi,01918,285259.93,5,4,4508,2025-01-14,Condo
12,0142 Warren Forks Apt. 889,Kellymouth,Oregon,21884,614352.92,4,1,1404,2023-05-12,Condo
13,37451 Jose Mountain,Tinamouth,Maine,55305,748080.64,5,2,4220,2024-05-24,House
14,10457 Knight Shoal,Erikahaven,Michigan,66127,128759.56,4,2,2676,2024-03-28,Apartment
15,59300 Angela Motorway,Cheryltown,South Carolina,78515,229959.74,3,2,4068,2024-07-10,Apartment
16,20530 Courtney Road,Nunezview,Indiana,57247,760217.31,2,3,1541,2023-02-22,Condo
17,43120 Brian Flat Suite 159,Reidmouth,Arizona,46407,87101.59,5,1,4486,2024-02-08,House
18,9547 Paul Burgs,Jonesberg,Indiana,18791,266933.75,1,2,3853,2023-09-17,House
19,186 Hughes Inlet,Martinberg,Washington,91043,484959.62,4,4,4508,2024-09-30,Condo
20,46204 Wagner Spring Apt. 485,Port Deborahton,Virginia,35060,109929.89,1,4,2200,2024-04-10,Condo
21,312 Bowman Squares Apt. 640,Luisfort,Utah,33101,963524.77,3,2,2115,2023-09-28,House
22,3558 Jennifer Branch Suite 590,New Natashatown,Alaska,44212,620949.2,2,3,1092,2023-11-21,Apartment
23,211 Isaac Cliffs Apt. 859,Humphreystad,Massachusetts,86446,791416.26,3,2,4191,2023-11-23,Condo
24,273 Burch Cape,Lesterview,Tennessee,28019,801012.0,2,1,3305,2023-04-06,Apartment
25,943 Spencer Union Apt. 454,East Colin,Nevada,02134,494406.09,2,2,1784,2025-01-03,Condo
26,024 Hart Road,Bakerview,Virginia,64631,143949.18,3,4,4213,2024-03-15,Apartment
27,83338 Jackson Falls,Gracebury,Arizona,53114,307860.18,2,1,635,2024-05-23,Apartment
28,2064 Geoffrey Key Suite 978,Hannahmouth,Idaho,64986,593150.44,1,1,4349,2024-09-07,Condo
29,749 Jennings Creek Apt. 628,Lake Matthewmouth,Texas,70081,610197.82,5,4,4595,2024-02-29,House
30,2441 Jenny Circles,Anthonymouth,Massachusetts,89897,670772.04,2,3,1840,2023-10-11,Condo
31,41717 Gonzalez Crossing Apt. 233,Kathleenside,Ohio,38274,61088.68,1,4,2210,2023-10-17,Condo
32,4590 Amanda Plain Suite 239,East Adam,Hawaii,33096,331924.99,4,1,4308,2024-12-23,House
33,638 Henson Course Suite 494,Donovanburgh,Montana,64025,588752.03,2,2,1782,2023-10-29,Condo
34,91935 Crawford Inlet,South Meganfort,Indiana,88755,535505.48,4,1,4700,2024-06-02,Apartment
35,95640 Martin Gateway,Simpsonshire,Illinois,51645,384273.6,3,3,2952,2024-03-22,House
36,74132 Elizabeth Coves Suite 839,Carlaport,New Mexico,85318,429486.14,1,2,1534,2024-06-06,Apartment
37,2218 Gomez Forest Suite 562,New Jasonmouth,New Mexico,80124,83558.89,4,3,1499,2024-12-29,House
38,8079 Poole Junction,Schmitttown,North Dakota,75824,188490.56,4,3,4748,2024-01-15,Condo
39,13073 Nancy Valleys,Charlestown,Kansas,15686,512210.81,3,3,4593,2023-09-14,Condo
40,63654 Allison Lake Suite 883,New Christophershire,Massachusetts,53373,694191.64,4,1,1978,2024-06-29,Condo
41,48739 Green Points Suite 286,West Barrymouth,Nevada,98945,265261.39,2,4,4498,2023-08-19,Condo
42,83686 Smith Mountain,Gonzalesfort,Louisiana,16791,379798.98,4,1,1579,2024-11-11,House
43,6564 Monica Highway,West Andrew,Nebraska,35808,361606.89,1,3,3137,2024-07-08,House
44,91886 Mark Rue,Haroldchester,Rhode Island,93109,993542.92,1,4,990,2024-06-08,House
45,99773 Theresa Parkways Suite 961,West Kristineville,Florida,79272,255723.38,2,3,4767,2023-02-23,Condo
46,8234 Kennedy Trafficway Suite 167,Port Stephenberg,Wyoming,63029,469735.09,2,3,731,2025-01-25,Condo
47,2887 Veronica Port,Timothyside,Wisconsin,93054,302519.96,2,3,2664,2025-01-20,Apartment
48,89778 Michael Springs,Washingtonburgh,Connecticut,96513,492307.54,3,2,2654,2024-05-06,House
49,532 Meza Street Apt. 158,Port Brianna,New Mexico,81119,249884.82,1,1,559,2023-03-09,Condo
50,403 Claire Mountains Suite 412,North Heatherborough,Alabama,43526,75492.8,3,2,2913,2024-05-28,Apartment
51,7476 Chen Vista,Derrickview,Wyoming,81547,102543.1,4,2,4281,2024-02-13,Apartment
52,664 Gomez Fields Suite 153,Robertshire,Alaska,22928,687335.44,5,3,1111,2023-03-17,Condo
53,48439 Salazar Passage Suite 782,Kelseyberg,Pennsylvania,71465,837570.75,5,3,3844,2024-01-05,Condo
54,42503 Matthew Falls,Lake Louisview,Utah,06516,967863.96,1,2,4048,2023-03-11,House
55,2080 Nancy Pines,Bergshire,Oregon,19678,378371.07,5,3,4781,2024-06-03,Condo
56,18299 Jonathan Isle Apt. 158,North Terri,Wisconsin,57661,260745.0,4,2,1898,2023-05-08,House
57,18040 Richard Parkways,Lake Carlos,Illinois,91780,330751.98,5,4,4531,2025-01-07,House
58,6000 Hendrix Parks,Lake Ricky,Wisconsin,45926,154620.12,2,3,3803,2024-10-19,House
59,09815 Paul Bridge,West Elizabethshire,New Mexico,82062,490718.71,5,4,4878,2023-08-27,House
60,2822 Finley Land Suite 364,Wilkinsside,Virginia,45979,884048.48,4,3,2100,2023-04-17,Condo
61,84099 Andrews Burgs Apt. 320,Port Janice,Nevada,96502,325191.25,2,4,2119,2024-04-15,Apartment
62,02693 Jeffrey Mountains,Davisport,Georgia,53276,745090.4,2,3,1562,2023-09-10,House
63,51774 Patricia Forest,Jenniferport,Illinois,18437,899133.14,1,4,1364,2024-05-20,Condo
64,1874 Hill Loaf Apt. 182,Joseview,Alabama,58382,731604.91,5,1,932,2024-06-19,House
65,4917 Figueroa Causeway,North Johnny,Missouri,95838,738393.33,1,1,764,2024-08-01,Apartment
66,950 Mark Point,Arnoldmouth,Alaska,51678,55736.0,1,4,1542,2024-12-18,House
67,60870 Kennedy Path Apt. 854,Rileybury,Wisconsin,74454,318885.89,2,2,516,2024-05-25,Apartment
68,865 Brandon Parkways Apt. 815,Port Kathryn,Nevada,16665,598279.47,2,3,4094,2024-07-31,Apartment
69,7831 Williams Forks,Port Johnnyside,Montana,83102,917593.23,4,2,3280,2024-05-25,Condo
70,988 Christopher Isle Suite 939,Donnaberg,Illinois,33905,588590.56,1,3,3067,2024-12-18,Apartment
71,94401 Reeves Pass Apt. 137,Matthewberg,Montana,34719,782326.33,4,4,3068,2023-06-10,Apartment
72,89047 Elizabeth Street,East Carriemouth,Wisconsin,70581,99521.36,3,4,2110,2024-03-11,Apartment
73,979 Matthews Harbor Suite 178,Port Andrew,Connecticut,26035,675753.62,4,4,3826,2024-02-21,Apartment
74,160 Richard Mount,East Michael,Missouri,24224,501106.68,4,3,1316,2024-11-08,Condo
75,412 Medina Mountains Suite 632,Gardnerberg,New York,65170,517217.11,3,2,787,2023-05-01,Condo
76,82567 Glenn Forest,Dixonport,Pennsylvania,96845,571820.73,2,2,1177,2024-12-07,Apartment
77,49635 Carlos Curve Apt. 154,New Anthony,Montana,66968,960167.78,4,2,2314,2023-03-29,House
78,91992 Rachel Viaduct Suite 174,West Richardmouth,New Jersey,79591,624654.11,5,1,3796,2023-12-25,Apartment
79,820 Robert Bridge,Jacksonville,Colorado,02378,931109.55,5,4,2120,2023-09-29,Apartment
80,2709 Amanda Locks Apt. 705,Johnathanmouth,Oklahoma,04336,356161.12,1,4,768,2023-04-22,Condo
81,0175 Christina Drive Apt. 258,Lake Donald,Nebraska,18463,244627.45,3,2,3256,2023-05-06,Condo
82,7579 Perez Forest,Nguyentown,South Carolina,28109,624064.16,5,4,2282,2023-08-24,Condo
83,50872 Gardner Villages,Leefurt,Alabama,26899,797813.52,4,3,1761,2025-02-08,House
84,637 Elizabeth Squares Suite 363,Port Austinville,Montana,65959,156626.58,3,3,1831,2023-04-06,Condo
85,654 Kevin Cove Apt. 563,West Dennis,Ohio,58586,259003.33,1,1,978,2025-01-01,Apartment
86,04173 Bradley Lodge Suite 833,Gardnerstad,North Carolina,94877,473502.37,5,1,4412,2024-02-06,Condo
87,7343 Eric Extensions Suite 420,Anthonymouth,Minnesota,27892,682501.95,3,2,1459,2024-02-15,Apartment
88,14897 Davis Mall Suite 367,Robertsonshire,Maryland,46734,735756.79,1,3,1418,2025-01-24,House
89,5603 Mcdonald Stream Apt. 572,Vazquezside,New York,01705,94033.08,2,2,4336,2023-12-06,House
90,960 Jonathan Bridge Suite 634,West Alexandra,South Dakota,03131,417064.22,3,1,1215,2023-08-06,House
91,2757 Mary Square,Palmershire,Maryland,15241,997653.41,5,2,2700,2024-04-25,House
92,520 Ricky Path,Port Sarahtown,Hawaii,80423,547234.91,3,3,4405,2023-11-23,House
93,596 Robert Landing,West Robert,North Dakota,84330,268569.86,2,1,702,2024-07-17,Condo
94,859 Burns Glens Apt. 228,North Adam,Virginia,12937,759668.1,5,3,1451,2023-02-26,Apartment
95,5358 Kim Plain,Dixonport,Florida,66148,718469.28,1,4,4478,2023-08-23,Condo
96,16138 Stacey Flat,Johnathanmouth,Alabama,34786,508479.3,4,2,4347,2024-06-29,Apartment
97,66109 Brown Mills Suite 252,Mercadobury,New Mexico,11973,554302.74,2,4,1264,2024-01-20,Condo
98,0856 Knight Lakes,Port Angelaside,South Carolina,04048,617038.58,1,2,2374,2025-02-09,Apartment
99,37179 Reginald Springs,Peterborough,Hawaii,16364,954054.65,4,2,2176,2023-09-05,Condo
100,7514 William View,Nathanbury,Alaska,66903,805877.24,1,4,1963,2024-08-26,House
101,344 Potts Creek,East Nicholasborough,South Dakota,06751,471018.62,4,1,1763,2023-05-27,Condo
102,7746 Allen Courts,West Margaret,Indiana,25565,614164.79,1,3,1368,2024-02-27,Condo
103,9574 Bryan Ridges Suite 389,North Jamesland,New Mexico,47331,324303.49,3,1,4245,2024-06-17,Apartment
104,154 Judy Avenue,Davischester,North Dakota,56849,368193.01,5,4,4948,2024-07-19,Apartment
105,588 Cohen Island Apt. 603,Karaville,Arkansas,64474,105448.91,4,4,989,2024-07-02,Apartment
106,5517 James Haven,Stevensfort,Tennessee,51785,933246.73,4,3,4102,2024-06-12,Condo
107,372 Miguel Village Apt. 700,Marvinport,North Dakota,04319,869953.47,5,1,1070,2023-09-22,House
108,6897 Rice Shores Suite 985,Kennedyshire,Colorado,60022,620676.62,3,4,1717,2024-08-31,Apartment
109,5229 Daniels Lane,Combston,Indiana,72228,822262.32,4,1,2437,2024-06-17,Condo
110,70416 Lopez Cove,Johnsonborough,New Hampshire,40644,94318.93,2,3,1624,2024-11-18,Condo
111,480 Jones Center Suite 096,Jenniferberg,North Carolina,95844,676873.69,3,3,3778,2024-05-30,Condo
