review_id,restaurant_name,city,cuisine,review_score,review_date
1,Jackson-Williams,New William,Mexican,3.4,2024-09-14
2,Carter-Owens,Lake Alison,Japanese,4.0,2024-09-25
3,"Daniels, Palmer and Ward",New Timothyfurt,Mexican,1.7,2024-12-22
4,"Ellis, Smith and Peters",Meganside,Mexican,3.0,2024-06-10
5,"Fuentes, Kane and Bennett",West Joshuaburgh,American,4.0,2024-09-28
6,"Case, Patel and Morgan",Port Brookeland,Indian,3.2,2024-06-12
7,"Shea, Riley and Vang",North Yvonne,Mexican,4.7,2024-06-09
8,Parker PLC,Randolphville,Chinese,4.3,2024-10-23
9,Parker LLC,Port Amy,Italian,3.7,2025-01-10
10,"Griffin, Potter and Vega",Turnerchester,Japanese,4.0,2024-04-20
11,Hudson-Perkins,Russellfurt,Mexican,3.3,2024-02-27
12,"Gonzalez, Perry and Gomez",Lake Zachary,Mexican,4.8,2024-11-24
13,Curtis-Wells,South Tristanburgh,Italian,1.1,2024-08-10
14,Valdez and Sons,Micheletown,American,4.5,2024-11-17
15,Barker-Rice,Danielborough,Japanese,1.5,2025-01-12
16,Sherman-Larson,Arthurside,Indian,4.0,2024-02-22
17,Vance-Jones,Rodriguezfurt,Italian,3.6,2024-12-21
18,Jenkins-Richmond,West Robert,Indian,3.3,2024-08-12
19,House LLC,West Mark,Japanese,1.6,2024-06-01
20,"Espinoza, Sanford and Kirk",Elizabethtown,Japanese,1.3,2025-01-29
21,Cruz LLC,Jessicaland,Japanese,2.1,2024-08-18
22,"Mathis, Rios and Hamilton",Moraleston,Mexican,2.9,2024-03-05
23,"Young, Rosales and Spencer",Lake Taylor,Chinese,2.5,2024-04-27
24,Dixon-Rodriguez,Laneville,Mexican,2.1,2025-02-04
25,Vargas Inc,West Jessicamouth,Indian,3.3,2024-09-25
26,"Williams, Warner and Osborn",East Amberbury,Japanese,1.9,2024-04-18
27,"Powell, Barrett and White",East Richard,Indian,3.2,2025-01-20
28,Ferguson Inc,Johnport,Japanese,2.7,2024-12-26
29,Lopez Group,West Sheryl,Chinese,2.3,2025-02-07
30,Finley Ltd,Brandonshire,Mexican,4.2,2024-07-17
31,Hughes Group,Tracyfurt,Mexican,3.8,2024-08-08
32,Little PLC,West Nicole,American,1.6,2024-02-13
33,Gonzalez-Mills,Mcdonaldfurt,Japanese,2.1,2025-01-18
34,Harper-Chambers,Lake Angela,Mexican,3.2,2024-10-31
35,Moore Ltd,West Brett,Indian,2.9,2024-05-12
36,"Torres, Smith and Williams",Mauricebury,Italian,2.3,2024-12-19
37,Clayton-Porter,East Christopher,American,2.8,2024-04-29
38,Williams PLC,New Timothy,Mexican,3.2,2024-10-27
39,Lee Group,South Jaybury,Indian,1.4,2024-09-22
40,Pace-Oconnor,Port Tylerton,Japanese,2.0,2024-03-06
41,"Porter, Stewart and Bennett",Dillonborough,Indian,3.4,2024-11-22
42,Atkinson-Massey,Lake Scott,American,1.3,2024-07-04
43,"Watts, Farmer and Hill",New Marisa,American,1.6,2024-06-21
44,"Webb, Riggs and King",South Jaredchester,American,4.3,2024-07-11
45,"Tucker, Mcintosh and Levy",Donnaburgh,American,2.7,2024-02-16
46,Banks Ltd,New Sarahmouth,Mexican,3.0,2024-12-17
47,Jackson Group,Jonesside,Mexican,1.0,2024-08-07
48,"Ali, Jordan and Eaton",South Amanda,American,2.7,2024-10-22
49,"Sanchez, Scott and Wiggins",Lake Manuelburgh,Italian,4.1,2024-07-27
50,Bailey-Stone,West Rosestad,Mexican,4.2,2024-03-11
51,"Williams, Johnson and Schmidt",East Stephanieburgh,Italian,3.9,2024-10-12
52,"Jordan, Jones and Mills",Lake Robert,Indian,1.7,2024-09-09
53,Price-Mcclure,Ericmouth,Mexican,4.6,2024-05-26
54,"Mccullough, Lozano and Glenn",Smithfort,American,4.3,2024-09-25
55,Jones-Sanchez,New Austinfort,Italian,4.1,2024-08-04
56,Brown Inc,Port Jenniferstad,American,4.8,2024-05-08
57,"Franklin, Johnson and Perez",Alisonborough,Chinese,4.2,2024-11-14
58,Hernandez PLC,West Brandyshire,Indian,3.0,2024-07-20
59,Lambert-Murphy,Eugenechester,Indian,4.0,2024-04-11
60,Clark PLC,Nguyenfurt,Chinese,1.5,2024-08-10
61,"Terrell, Curry and Miller",West Mary,Japanese,4.5,2024-05-12
62,"Garcia, Lamb and Garcia",East Erica,Mexican,2.7,2024-03-07
63,Lawson Ltd,Warrenton,American,2.3,2024-08-27
64,Perez Group,Debraville,Mexican,3.4,2024-04-27
65,Gray Ltd,Port Kelly,Chinese,4.9,2024-03-29
66,"Lang, Taylor and Parker",East Williamhaven,Japanese,1.8,2024-10-13
67,Williams-Lee,Port Joannehaven,Chinese,2.0,2024-02-27
68,"Serrano, Patterson and Gonzalez",Kimberlystad,American,1.8,2024-04-15
69,"Combs, Allen and Harding",Lake Monica,American,4.9,2024-04-07
70,Moss-Santiago,Courtneymouth,Indian,3.0,2024-11-27
71,Jordan PLC,Mariaview,Chinese,2.4,2024-08-31
72,Bird-Chaney,Michaelville,American,3.9,2024-04-01
73,Jones-Lopez,Port Alexisfort,Italian,2.5,2024-07-17
74,"Harvey, Campbell and Ball",Lauraside,Mexican,2.4,2024-05-24
75,Edwards LLC,Martinezside,Indian,1.2,2024-08-11
76,"Brown, Ali and Gordon",North Craigmouth,Japanese,2.3,2024-03-31
77,Moore LLC,New Ashleychester,Indian,3.3,2024-03-06
78,Hayes PLC,Lake John,Italian,2.3,2024-10-21
79,"Lucas, Hodges and Thompson",Marvinland,American,4.5,2024-06-21
80,Pham and Sons,Williamsmouth,Mexican,2.0,2024-09-07
81,"Edwards, Berg and Hanson",Christinabury,Indian,3.9,2024-08-12
82,Hughes Inc,Port Adam,Chinese,2.7,2024-05-08
83,Byrd-Hartman,Port Walter,American,1.7,2024-03-23
84,Pearson Group,Johnshire,Japanese,3.4,2024-10-02
85,Hoffman Ltd,Bookermouth,Indian,2.4,2024-10-15
86,"Ingram, Long and Kennedy",Pittmanhaven,Italian,1.9,2024-09-26
87,Fox-Reid,North Michael,Japanese,4.4,2024-06-09
88,"Rosales, Torres and Rocha",Timothyton,Italian,1.2,2024-06-11
89,White-Hall,Merrittmouth,Italian,2.2,2024-03-06
90,"Green, Johnson and Harris",Josephberg,Chinese,2.2,2024-08-20
91,"Lam, Roberts and Robinson",Port Darrellberg,Indian,2.0,2024-07-07
92,Stokes-Thompson,Johnshire,Indian,3.6,2024-09-25
93,Huff PLC,Turnermouth,Mexican,2.1,2024-08-24
94,"Underwood, Hernandez and Baker",West Judith,Chinese,2.1,2024-11-30
95,Bell PLC,Donaldfurt,Italian,4.4,2024-08-31
96,Cohen and Sons,Port Alyssa,Japanese,1.0,2024-04-25
97,Molina LLC,Moorechester,Japanese,4.1,2024-12-27
98,"West, Harris and Huffman",North Kimberlyview,Indian,3.3,2024-10-23
99,Burke and Sons,Jessicashire,American,4.5,2024-04-01
100,Stone-Arnold,South Sean,Japanese,2.5,2024-04-15
101,"Ingram, Murray and Young",West Mitchellport,American,3.8,2025-01-04
102,"Jones, Mathis and Allen",Xavierberg,Mexican,1.6,2024-04-08
103,"Lewis, Chang and Carpenter",Josephville,Italian,4.0,2024-10-09
104,"Landry, Wolf and Stevenson",Jessicafurt,Japanese,1.9,2024-07-02
105,Mooney PLC,Port Matthew,Indian,3.5,2024-04-21
106,Pope Group,Port Aliciaton,Chinese,2.3,2024-06-04
107,Clark-Ortiz,Woodardstad,Indian,4.3,2024-03-18
108,Castillo-Burgess,North Alexandraport,Japanese,3.9,2024-10-12
109,Lynch Inc,South Duane,Indian,4.4,2024-08-05
110,Brandt-Brown,Thomasborough,Mexican,2.8,2024-07-28
111,"Brooks, White and Bell",North Timothy,Indian,4.2,2024-02-28
112,"Allen, Bond and Stone",Port Kayleeberg,American,2.1,2024-04-19
113,Lucas-Williams,South Brendashire,Chinese,1.2,2024-05-16
