review_id,restaurant_name,city,cuisine,review_score,review_date
1,Johnson-Porter,Reynoldsmouth,American,2.3,2024-07-02
2,Green-Moreno,Port Elizabethfurt,Indian,2.3,2024-04-27
3,"Martin, Sanchez and Ward",Jenningsville,Italian,4.7,2025-01-05
4,Davis Ltd,West Christopherchester,Indian,4.6,2024-07-10
5,"Dean, Miller and Ross",Guzmanchester,American,1.6,2024-02-25
6,Vazquez Ltd,East Stephaniehaven,American,3.1,2024-07-03
7,Higgins-Pena,Josephport,Indian,4.3,2024-06-30
8,Huffman Ltd,Robinbury,Mexican,2.9,2025-01-26
9,Walters-Sanchez,South Thomas,Mexican,2.8,2024-07-17
10,"Mcdonald, Fox and Woods",Hobbsberg,Chinese,4.2,2024-09-30
11,"Roman, Estrada and Marquez",North Kristin,Italian,1.1,2024-05-08
12,"Kelly, Mccullough and Hendricks",Colleenmouth,Mexican,4.9,2025-01-27
13,"Schmidt, Sanchez and Salinas",Davisbury,Chinese,3.5,2024-05-18
14,Cox Inc,New Tinaborough,American,1.9,2024-06-29
15,Chaney-Pacheco,East William,Chinese,1.3,2024-09-05
16,Holden-Montgomery,Martinezton,Italian,3.6,2024-05-30
17,"Peters, Mercer and Richard",Morrowhaven,Indian,3.2,2024-10-22
18,Kelly-Khan,South Donnamouth,Japanese,4.1,2025-01-24
19,Thomas and Sons,New Gary,American,1.8,2025-02-02
20,"Walker, Green and Spencer",Nicholeberg,American,4.8,2024-08-12
21,"Martinez, Hill and Guzman",East Brettborough,Italian,1.8,2024-10-05
22,Kelly-Kelly,Richardtown,Chinese,4.9,2024-05-29
23,Adams-Krause,Terryhaven,Indian,2.6,2024-11-25
24,"Allen, Johnson and Nolan",Torresburgh,Japanese,1.0,2024-07-23
25,Dennis-Smith,Gibbstown,Mexican,3.6,2024-12-28
26,Thomas LLC,Anthonyberg,Chinese,3.2,2024-08-18
27,"Manning, Robinson and Reed",East Russellton,Chinese,4.3,2024-06-12
28,"Morrison, Haney and Carson",Angelamouth,Japanese,2.5,2024-12-09
29,"Holden, Baxter and Rios",Lake Jenniferstad,Mexican,4.8,2025-01-10
30,Payne-Diaz,North Mary,Chinese,4.0,2024-07-12
31,Meyer-Harris,South Michelleburgh,Mexican,3.4,2024-04-27
32,"Johnson, Blackwell and Allen",Amyshire,Indian,3.2,2024-06-19
33,Riley Inc,Sandovalton,American,2.1,2024-07-22
34,"Mata, Rodriguez and Hunter",South Garyhaven,Italian,4.6,2024-05-31
35,"Morgan, Johnson and Wilson",Turnerland,Indian,1.8,2024-06-04
36,Parker Ltd,West Randy,Mexican,2.5,2024-09-30
37,"Lam, Castro and Stewart",Lauraton,Indian,2.0,2024-02-17
38,Wright Inc,Ryanton,Mexican,4.7,2024-03-11
39,Gibbs Inc,Brownfort,Japanese,2.0,2025-02-02
40,Richmond-Underwood,Petersmouth,Indian,2.8,2024-09-16
41,Green Ltd,Chaseborough,Mexican,4.7,2024-04-17
42,Moore-Noble,Lutzview,Japanese,3.6,2024-06-02
43,Brooks-Leach,Rogersfurt,Indian,3.9,2024-08-11
44,Bush-Payne,North Danielhaven,Indian,1.2,2024-11-24
45,"Miller, Bennett and Schneider",Jodyland,Mexican,2.2,2024-07-22
46,Scott-Davidson,Aaronport,Chinese,4.7,2024-12-06
47,Cowan-Powell,New Lisaview,Japanese,2.3,2024-07-29
48,Walker-Guzman,Port Josephville,Japanese,4.4,2024-08-11
49,"Jones, Chase and Medina",South Kathleenburgh,Indian,4.4,2025-01-12
50,Rogers Ltd,New Saramouth,Japanese,1.4,2024-06-26
51,"Morris, Chavez and Schultz",Wilsonchester,Chinese,3.1,2024-06-06
52,Palmer and Sons,Wongberg,Italian,2.2,2024-06-30
53,"Bailey, Johnson and Tucker",Matthewland,American,2.5,2024-05-20
54,"Galvan, Cannon and Wagner",Ashleyfort,Mexican,3.5,2024-04-02
55,Kemp-Lewis,Rebekahview,Italian,2.0,2024-09-20
56,White Group,West Jenniferside,Italian,3.6,2024-08-25
57,"Barber, Beck and Smith",Lake Ashleyhaven,American,2.3,2024-10-01
58,Williams-Clarke,Murphyberg,Chinese,1.6,2024-06-14
59,Baker and Sons,Harveyborough,Italian,4.4,2024-03-08
60,Goodman and Sons,North Sherry,Japanese,3.4,2024-04-24
61,Fisher-Allen,Ryanchester,Japanese,2.0,2024-05-24
62,Harrington-Johnson,Benjaminside,Japanese,4.5,2024-11-18
63,"Cunningham, Collins and Atkins",Lake Scott,Indian,4.4,2024-03-20
64,"Adams, Jones and Guzman",Carterchester,Chinese,2.2,2024-07-04
65,Davenport-Brown,Barbermouth,Italian,3.5,2024-05-19
66,"Kelley, Bridges and Carrillo",Howardland,American,3.7,2024-04-15
67,King Group,Lake Danielle,Japanese,3.6,2024-05-16
68,Morgan-Sharp,Bowersfort,American,3.4,2024-02-20
69,"Lopez, Martinez and Gordon",East Kristen,Chinese,2.3,2024-03-15
70,"Taylor, Nixon and Lam",East Tamara,Japanese,1.8,2024-05-13
71,Brown-Parker,Port Ivanport,Italian,3.8,2024-04-29
72,"Thompson, Beck and Sweeney",Sanchezmouth,Chinese,1.6,2024-09-19
73,Bauer-James,Crystalmouth,Italian,3.5,2024-06-04
74,Mcneil-Moss,North Bettyview,Japanese,4.8,2024-06-22
75,Hayes-Chan,Adamschester,Chinese,5.0,2024-06-02
76,"Martinez, Knapp and Higgins",South Michaelfurt,Mexican,3.5,2024-04-26
77,Frederick-Perez,West Theresa,Indian,3.4,2024-09-23
78,Levy-Young,Stephaniechester,Indian,4.0,2024-05-17
79,Campbell-Carney,Terryland,Chinese,1.6,2024-09-29
80,"Hicks, Foster and Carter",Carrilloville,Mexican,3.0,2024-04-04
81,"White, Cole and Gaines",Port Lisachester,American,2.4,2024-03-17
82,Morales Group,Jesushaven,Mexican,4.9,2024-04-22
83,Jones Inc,Lake Tinamouth,American,1.2,2024-08-16
84,"Watkins, Guzman and Lewis",South Briannamouth,Indian,4.8,2024-11-23
85,"Johnston, Sandoval and Rodriguez",New Robert,Indian,3.7,2024-09-17
86,"Curtis, Meyer and Coleman",Hollandberg,Indian,3.0,2024-07-02
87,"Lewis, Blanchard and Ward",New Eric,Indian,2.1,2024-06-02
88,"Myers, Aguirre and Ware",Courtneyberg,Indian,4.5,2024-04-01
89,Avery-Leonard,South Ana,American,1.2,2024-05-17
90,Cooper-Mayo,West Vanessa,Japanese,3.8,2024-08-24
91,Jones Group,Port Brian,Italian,3.7,2024-09-11
92,Hernandez and Sons,South Jamesfurt,Italian,1.2,2024-05-22
93,"Nelson, Mitchell and Yoder",Petersonland,Japanese,2.6,2024-08-07
94,"Jones, Allen and Franklin",Thomasville,Italian,2.3,2024-03-20
95,"Cowan, Wilson and Harmon",East Timothychester,Mexican,3.3,2025-01-31
96,Hernandez-Hayes,North Bryanshire,Japanese,3.9,2024-03-14
97,Gilbert Ltd,Beckfurt,Italian,4.5,2024-12-10
98,"Brown, Kemp and Velazquez",Lake Paulland,Chinese,2.8,2024-03-23
99,"King, White and Bowman",New Danielside,American,3.5,2025-02-06
100,Smith and Sons,North Carla,Mexican,1.7,2024-08-10
101,Porter Group,Port Douglas,Italian,4.5,2025-02-10
102,Lewis-Perez,Port Patrick,Mexican,1.4,2024-03-10
103,Barr-Torres,Peterside,Italian,3.0,2024-06-14
104,Thompson-Cole,Port Erikburgh,Mexican,3.6,2024-06-05
105,Grant Group,Tammyberg,American,1.4,2024-07-29
106,Ferguson LLC,North Frederick,Indian,3.2,2024-03-18
107,"Spence, Hunt and Kelley",Port Morgan,American,3.9,2024-05-22
108,Hicks and Sons,Meganville,Indian,2.3,2024-10-31
109,Lopez-Weaver,West Shelly,Mexican,1.1,2024-10-07
110,Quinn Inc,New Lisa,Mexican,4.2,2024-05-07
111,Stanton-Daniel,Brittanytown,Chinese,1.7,2024-10-22
112,"Howard, Henson and Robinson",Brianhaven,Japanese,1.5,2025-02-07
113,Martinez-Medina,South Jacobtown,Japanese,3.3,2024-08-26
114,Johnson-Jenkins,Rothburgh,American,4.0,2024-09-06
115,Peterson Inc,Adrianberg,American,4.7,2024-08-04
