REVIEW ID,restaurant_name,city,cuisine,review_score,review_date
1,Sullivan and Sons,South Micheal,Chinese,3.0,2024-10-09
2,Clark-Perry,Rochafurt,Chinese,2.5,2024-11-11
3,Sandoval-Fleming,Rodriguezton,American,3.8,2025-01-28
4,"Anderson, Lopez and Miller",East Lisabury,Italian,2.6,2024-10-10
5,Smith Group,Ericaborough,Indian,1.0,2024-04-12
6,Hall Inc,North Johnmouth,Mexican,4.9,2024-05-04
7,Caldwell PLC,Jodiberg,Chinese,4.5,2025-01-05
8,Oconnor-White,Charlesbury,Italian,4.9,2025-01-14
9,Merritt and Sons,South Andreachester,Italian,1.6,2024-10-23
10,Snyder and Sons,West Andreaberg,Japanese,2.1,2025-01-12
11,"Harper, Smith and Sims",Mcfarlandville,Mexican,1.1,2024-03-20
12,Griffin-Walker,Port Rebeccachester,Mexican,3.1,2024-05-12
13,Parker LLC,New Cameronbury,Indian,3.4,2024-10-08
14,Munoz LLC,West Jonathan,Indian,1.2,2024-04-30
15,Marshall-Moyer,North Amanda,Indian,2.9,2024-11-09
16,Parks-Carter,Peterchester,Indian,1.9,2024-10-10
17,Edwards-Myers,Lake Michelle,American,4.4,2024-07-04
18,"King, Dixon and Robinson",Gonzalezfort,American,2.9,2024-04-03
19,"Garza, Shepherd and Ellis",East Johnberg,Japanese,1.3,2024-07-05
20,Russell Group,East Gina,American,4.1,2024-12-22
21,Peters-Foster,North Randyfurt,Indian,4.2,2024-08-25
22,Cook-Hoffman,North Jenniferberg,Italian,2.5,2024-11-12
23,West and Sons,Hudsonton,Japanese,3.7,2024-03-22
24,"Peterson, Gomez and Herrera",Swansonport,Chinese,3.8,2024-04-11
25,Johnson Group,Patrickhaven,American,2.6,2024-07-04
26,"Boyd, Wilson and Ho",Christineburgh,Indian,3.6,2024-10-30
27,Chan-Jackson,Anafurt,Indian,1.7,2024-08-28
28,Bennett-Jones,Evansstad,Italian,1.1,2024-06-07
29,"Johnson, Lee and Sloan",Nguyenbury,Japanese,3.0,2024-09-27
30,"Johnson, Castillo and Diaz",Sanchezhaven,Chinese,3.0,2024-05-14
31,Burke-Silva,Carrshire,Mexican,3.8,2024-03-20
32,Smith-Sanchez,Harriston,Japanese,4.8,2024-03-27
33,Gutierrez-Ballard,South John,Indian,4.1,2024-06-05
34,Jackson and Sons,Bartonport,Indian,2.3,2024-03-12
35,Greene Ltd,North James,Indian,4.3,2025-01-17
36,Watson-Olson,Williamsfort,Mexican,3.2,2024-08-20
37,"Powell, Spencer and Dunn",Kimberlyton,American,3.2,2024-02-26
38,Dennis Inc,East Terribury,Indian,1.2,2024-07-02
39,Velasquez-Harrington,Morrisfort,Chinese,3.4,2024-11-24
40,Fowler-Meyer,East Jeffreyfurt,American,3.3,2024-08-18
41,Schultz and Sons,South Michaelmouth,Chinese,1.3,2024-05-10
42,Huerta Ltd,Pollardberg,American,2.0,2024-06-01
43,"Velez, Thompson and Lee",New Henrymouth,Mexican,1.4,2024-06-15
44,Henderson LLC,New Troystad,Chinese,3.0,2024-08-22
45,Lee-Payne,South Jamesland,American,4.2,2025-02-06
46,Harmon Group,Gainesshire,Italian,3.7,2024-03-31
47,Marshall-Chavez,Millerton,Chinese,1.1,2024-11-11
48,"Williams, Perry and Vasquez",Patrickberg,Mexican,4.7,2024-08-20
49,"Baker, Jones and Rios",Clarkbury,Mexican,2.6,2024-09-26
50,Reyes Inc,Atkinsview,Italian,2.4,2024-09-19
51,Padilla and Sons,Campbellshire,Indian,3.2,2024-05-19
52,"Cole, Marshall and Smith",North Kimberly,Chinese,3.9,2024-09-17
53,Stevens-Avila,East Courtney,Japanese,3.9,2024-12-31
54,Blake LLC,South Luke,Italian,4.2,2024-10-22
55,Hall-Marsh,Kevinmouth,Italian,4.4,2024-03-24
56,Villa-Garner,Alexanderton,Chinese,2.4,2024-09-13
57,"Williamson, Hudson and Hoffman",North Kathymouth,American,3.1,2024-03-26
58,Stark LLC,Hicksfurt,Italian,4.9,2025-01-09
59,Mcdaniel PLC,West Amberbury,American,1.6,2024-11-16
60,Williams Group,West Timothy,Chinese,3.3,2024-09-27
61,"Rush, Bryant and Davis",Robertsonfort,Japanese,1.8,2024-09-29
62,"Hinton, Edwards and Wilson",Jessicaside,Indian,4.1,2024-06-19
63,Vargas PLC,Lake Nicholasburgh,Indian,3.4,2024-10-02
64,Bennett Ltd,Ramirezview,American,2.7,2024-04-05
65,"Cole, Thornton and Sims",North Deborahland,Japanese,5.0,2024-03-23
66,"Adams, Harrison and Smith",Charlesstad,Chinese,4.2,2024-04-30
67,Meyer-Bowman,North Gabrielburgh,American,2.6,2024-04-28
68,"Gomez, Hayden and Michael",Anthonybury,Italian,1.6,2024-06-18
69,Rowe Group,Martinezstad,Italian,3.7,2024-05-02
70,"Gomez, Moore and Moore",South Tina,Indian,3.3,2024-03-01
71,"Banks, Cox and Jones",Millerton,Japanese,1.9,2024-12-01
72,Keith-Jones,Kirstenville,Japanese,2.5,2024-02-22
73,"Gonzalez, Martinez and Hall",Haaston,Mexican,1.1,2024-07-16
74,"Wells, Patterson and Harris",Stephaniehaven,Mexican,1.7,2024-06-29
75,Brown Ltd,Monroefort,Mexican,3.1,2024-11-30
76,Myers-James,West Samantha,Mexican,2.7,2024-10-30
77,Johnson-Roberson,Lake Philipfort,Mexican,4.1,2025-01-10
78,"James, Lane and Floyd",West Jamesberg,Indian,1.1,2024-05-06
79,Riley-Pitts,Erintown,Japanese,2.5,2025-02-09
80,"Ward, Lopez and Montgomery",Meghanberg,Japanese,4.6,2024-06-04
81,Larson Inc,Haysshire,American,4.9,2024-07-07
82,"Marshall, Rogers and Brooks",Andrewside,Italian,1.1,2024-07-19
83,Young PLC,Justinmouth,American,4.1,2024-08-27
84,Booth-Gomez,Jonathanstad,Japanese,2.6,2024-11-13
85,Jones-Romero,North Davidport,Chinese,4.9,2024-02-19
86,Bates-Flowers,Lake Bryce,Mexican,4.5,2024-05-31
87,Cain-Cline,Michelleborough,Indian,2.2,2025-01-09
88,Parks Ltd,Anthonymouth,Italian,2.2,2024-07-31
89,"Chan, Jackson and Cobb",Port Christinafurt,Mexican,3.1,2024-06-17
90,Harrison and Sons,East Alexisborough,Japanese,1.0,2024-07-03
91,Martin-Malone,Jesseborough,American,3.6,2024-05-07
92,"Nguyen, Chen and Scott",Andrefurt,Indian,4.5,2024-12-09
93,Decker Group,North Brian,Chinese,1.1,2024-07-03
94,"Marshall, Rollins and Hurley",Blevinstown,Chinese,4.3,2024-12-12
95,Obrien-Sandoval,Mathewside,Mexican,2.2,2025-01-13
96,"Richardson, Green and Wood",Williamsshire,Italian,2.1,2024-04-12
97,Cline LLC,Michaelville,Chinese,1.0,2024-03-05
98,Powell-Williams,Robertsonland,Italian,2.1,2024-04-15
99,"Burns, Brady and Smith",Port Jessicastad,Indian,4.3,2024-04-09
100,Duke PLC,Mendozaview,Mexican,1.1,2024-05-02
101,"Garcia, Jones and Mejia",Baileyfurt,Mexican,2.6,2025-01-15
102,Hartman-Hatfield,Lake Robert,Mexican,3.1,2024-08-19
103,Huber LLC,East Jamesbury,Mexican,1.6,2024-07-21
104,"Martin, Marshall and Irwin",Lake Robertberg,Chinese,3.9,2025-01-08
105,"Mckenzie, Hernandez and Reid",Allenstad,Chinese,2.7,2024-03-07
106,"Rice, Hopkins and Rodriguez",New Cindy,Japanese,1.2,2024-11-17
107,Zimmerman-Shields,Hillside,Chinese,4.8,2024-06-24
108,Miles Inc,New Patriciaberg,Japanese,1.1,2024-09-07
109,Vaughn Group,Gonzalezland,Chinese,4.5,2024-07-22
110,Rowe-Jones,Salasport,Japanese,2.4,2024-08-18
111,Nguyen-Sweeney,New Christine,Italian,3.2,2024-04-21
112,Cooley-Gordon,Francisland,Chinese,4.0,2024-02-28
113,Smith PLC,East Brianside,Japanese,2.2,2025-02-08
114,"Oneill, Warren and Williams",Jasonland,American,4.8,2024-12-06
115,"Humphrey, Davis and Lowe",Lake Connie,American,3.8,2024-03-09
116,Haney-Holden,Ramireztown,Indian,3.1,2024-04-28
117,"Norman, Roberts and Rogers",East Monicaview,Japanese,4.4,2024-07-07
118,Davis and Sons,Nicholasburgh,Indian,1.5,2024-06-13
119,Sanford-Cox,South Brandonstad,Indian,2.1,2024-07-15
120,Diaz-Jones,Johnsonborough,Italian,2.2,2024-12-07
121,Leon-Lambert,South Natalie,Japanese,1.8,2024-02-29
122,Hayes Group,North Robert,Italian,3.6,2024-10-10
123,Jones-Smith,New Johnny,Indian,1.6,2024-09-03
124,Miller and Sons,Jensenmouth,Japanese,4.7,2024-09-25
125,Dean LLC,Richardchester,Indian,4.0,2024-09-06
126,"Smith, Roberts and Simmons",Victorialand,Mexican,4.8,2024-07-16
127,Beck-Brown,New Coryfort,American,2.8,2024-04-16
128,"Foster, Alvarez and Roth",South Meredithfort,American,2.7,2024-07-09
129,Mendez-Ellis,Port James,American,2.2,2024-12-12
130,Johnson Group,South Robertbury,Indian,2.1,2024-03-02
131,Guzman Ltd,New Kathy,Japanese,4.3,2024-04-17
132,Bell-Rogers,North Ann,Mexican,4.2,2024-08-21
133,"Pearson, Lloyd and Adams",West Christine,Indian,2.3,2024-04-01
134,Gonzalez LLC,Douglasbury,Indian,4.0,2024-08-03
135,Mccoy LLC,West Jenniferstad,Chinese,4.6,2024-05-05
136,"Zhang, Tate and Goodman",Hopkinsview,Japanese,3.3,2024-07-16
137,Ware PLC,Garciaport,Italian,4.3,2024-06-02
138,Cameron Inc,East Earl,Mexican,3.7,2024-08-21
139,Dean-Barnes,Matthewmouth,Indian,1.1,2025-01-29
140,Smith Ltd,Port Garymouth,Indian,2.0,2024-10-31
141,Blake Group,Murphyfort,Indian,4.8,2024-05-18
142,"Munoz, Williams and Martin",South Sherry,Mexican,2.5,2024-10-12
143,Medina-Wiley,Shawshire,Indian,3.7,2024-12-02
144,"Smith, Smith and Morris",Davidstad,Indian,1.5,2024-04-14
145,"Taylor, Morrison and Young",Patricialand,Japanese,1.7,2024-08-20
146,"Ramirez, Delgado and Lara",South Lisa,Indian,3.8,2024-06-19
147,Hooper LLC,North Sarahside,Japanese,3.4,2024-09-29
148,Romero Inc,Marshallfurt,Italian,3.4,2024-02-18
149,Michael-Garcia,Matthewborough,Italian,4.9,2024-05-30
150,Lyons-Smith,Barberside,Indian,2.6,2024-05-30
151,Skinner-Erickson,Grahamside,American,3.7,2024-12-02
152,Hill Group,Briannabury,Japanese,3.2,2024-04-03
153,Gibson PLC,Jeffreyfurt,American,2.4,2024-12-05
154,Bryan PLC,West Davidhaven,Mexican,4.7,2024-10-17
155,Martin Inc,North Karina,Chinese,3.8,2024-05-06
156,Carter-Edwards,Chadmouth,American,3.9,2025-01-06
