review_id,restaurant_name,city,cuisine,review_score,review_date
1,Bass PLC,Lindabury,Japanese,2.5,2024-03-15
2,"Cruz, Waller and Clarke",Dunnfort,Italian,2.4,2024-10-17
3,Torres-Jones,West Rebeccaborough,Indian,4.8,2024-06-06
4,Davis Ltd,North Tinafort,Italian,4.7,2024-09-30
5,"Burns, Henderson and Mcneil",Lake Cherylville,Indian,1.9,2025-02-05
6,"Boyd, Harris and Moran",East Johnshire,Indian,3.9,2025-02-08
7,"Paul, Green and Carpenter",South Lisashire,Chinese,1.6,2024-07-24
8,Estrada Inc,New Diane,American,1.8,2024-09-17
9,Ortiz-Griffith,Kaitlynfurt,Mexican,1.5,2024-08-25
10,Lin-Scott,Smithfort,Chinese,4.2,2024-12-12
11,"Flores, Johnson and Shannon",Shawnshire,American,4.4,2024-11-29
12,"Thomas, Morgan and Tate",North Jamesborough,Italian,3.7,2024-05-06
13,"Ball, Fox and Gallagher",Delgadomouth,American,3.0,2024-05-28
14,"Lopez, Watson and Baker",Tiffanyhaven,American,4.7,2024-05-20
15,"Vance, Wheeler and Thomas",Sheriside,Italian,3.2,2024-02-14
16,"White, Castillo and Singleton",Reginatown,Mexican,3.8,2024-08-14
17,"Robles, Murphy and Rodriguez",North Jerryton,Japanese,3.9,2024-10-19
18,"Johnson, Manning and White",Christopherview,Indian,1.9,2024-09-06
19,Davis Group,North Cheryl,Japanese,4.6,2024-05-05
20,Stanley-Jackson,Lake Clintonville,American,2.8,2024-12-19
21,"Jenkins, Graham and Rasmussen",Branchmouth,Indian,2.3,2024-03-21
22,Wiley Ltd,New Catherine,American,1.9,2024-09-24
23,Savage-Norris,Maymouth,Italian,2.6,2024-07-03
24,"Jones, Miller and Perry",West Lisahaven,Japanese,3.0,2024-10-03
25,Lucas Inc,Rossside,Mexican,1.1,2025-01-01
26,Webb-Miller,New Justin,American,4.2,2024-12-17
27,Rivera Inc,Ryanhaven,Indian,2.9,2024-08-09
28,Hicks Inc,Smithborough,Mexican,4.9,2024-09-06
29,Shelton and Sons,Davismouth,Mexican,3.1,2024-10-28
30,Jordan Ltd,Schwartzside,Italian,4.8,2024-06-25
31,"Rich, Serrano and Gross",East Steven,Chinese,1.6,2024-10-09
32,Munoz LLC,Traviston,Italian,3.1,2024-03-25
33,Johnson-King,Hudsonville,American,1.4,2024-06-15
34,Gomez and Sons,New Bobby,Japanese,1.8,2024-09-21
35,Jones-Williams,New Kendramouth,Japanese,1.1,2024-05-29
36,"Turner, Johnson and Santos",Port Andrew,Mexican,2.9,2024-11-02
37,"Thompson, Rhodes and Richardson",Jamieside,Italian,2.3,2024-07-21
38,Keller Group,Lake Hollyfort,American,2.8,2024-09-15
39,Lawson and Sons,Lake Ashley,Indian,1.8,2024-10-21
40,Rogers Ltd,Allisonland,Chinese,4.5,2025-02-01
41,"Pierce, Gallegos and Small",North Lucasmouth,Italian,4.0,2025-01-01
42,Chang Inc,Johnsonland,Japanese,3.1,2024-04-05
43,Ward LLC,Serranoborough,Italian,2.3,2024-08-28
44,Wells LLC,Hallmouth,Italian,4.6,2025-01-13
45,Gray-Woods,Meganville,Indian,3.1,2024-11-05
46,Barnes-Walker,New Brandon,Chinese,4.0,2024-09-12
47,Perry PLC,Jacquelineville,Mexican,2.0,2024-03-09
48,Williams-Williams,South Ericborough,Japanese,2.6,2025-01-21
49,Walton LLC,North Amymouth,Chinese,4.0,2025-01-30
50,Sims LLC,South Jenniferburgh,Indian,1.5,2024-10-26
51,Cunningham-Butler,Villashire,Chinese,3.1,2024-08-21
52,"Soto, Smith and Brown",West Bobbyfurt,Mexican,2.9,2024-06-27
53,Vazquez Group,Janetland,Chinese,4.8,2024-05-29
54,Spencer-Blankenship,Samuelview,Chinese,1.3,2024-02-20
55,Holloway-Day,Lake Alexis,Mexican,1.9,2024-03-13
56,Jones LLC,Jeremybury,Chinese,1.2,2024-08-01
57,Tran-Hicks,Bellchester,Japanese,4.5,2025-02-07
58,Perry-Hunt,Millerborough,Italian,4.1,2024-05-29
59,"Figueroa, Gutierrez and Mitchell",Charlesmouth,American,3.8,2024-08-22
60,Robinson-Stewart,East Matthewport,Mexican,1.2,2024-11-05
61,Morris-Carr,South Raymondport,Italian,4.5,2024-06-07
62,Black PLC,Duffyberg,Chinese,4.4,2024-03-21
63,Knight-Miller,Jamesborough,Japanese,2.6,2024-08-03
64,"Franklin, Graves and Contreras",Robertberg,Chinese,2.9,2024-04-06
65,"Mullins, Hughes and Thompson",New Pamelaton,Indian,1.5,2024-02-16
66,Ramirez-Pierce,West Monique,Italian,4.8,2024-07-04
67,"Kemp, Espinoza and Brown",East Vincentborough,Mexican,3.7,2024-08-16
68,"Randolph, Long and Jackson",Port Mark,Chinese,2.5,2024-12-20
69,Good and Sons,Lake Susanmouth,Mexican,3.1,2024-05-30
70,"Carter, Mcconnell and Zuniga",South Laura,Chinese,1.7,2024-08-16
71,Cisneros Group,Kevinhaven,Italian,3.7,2024-07-10
72,Hurst-Wood,West Douglasberg,American,2.2,2025-01-15
73,"Mack, Horton and Flores",West Kevinchester,Indian,1.0,2024-11-19
74,"Barton, Hunt and Foster",North Kyle,Japanese,4.2,2024-03-05
75,"Knight, Welch and Dougherty",West Michaelburgh,Japanese,1.8,2024-09-09
76,Burns Group,Williammouth,Italian,2.8,2024-06-04
77,Rivas-Nelson,North Taylorside,Japanese,2.0,2024-12-30
78,Williams-Johnson,West Anthony,Japanese,1.9,2025-01-16
79,"Ramos, Allen and Olson",New Joshua,American,1.3,2024-06-26
80,"Lara, Powers and Ray",West Cody,American,2.9,2024-11-15
81,"Osborne, Gonzalez and Smith",Port Jordan,Mexican,3.7,2024-08-14
82,Acosta and Sons,Lopezmouth,Japanese,1.1,2024-05-21
83,Ruiz Inc,Harrisview,Japanese,4.5,2025-01-04
84,"Moore, Hamilton and Dickson",Lake Kaitlin,American,2.5,2024-08-17
85,Mcdaniel and Sons,West Melissa,Japanese,4.0,2024-09-01
86,Morales PLC,North Michael,Japanese,1.6,2025-02-04
87,Mills-Graham,West Jeffreybury,Mexican,4.4,2024-08-16
88,Cabrera-Lane,South Steven,American,1.0,2024-09-27
89,"Obrien, Molina and Munoz",North Williamland,Japanese,1.1,2024-09-02
90,Thompson-Reyes,East Jennifer,Chinese,2.9,2024-02-23
91,"Cruz, Alexander and Brewer",Port Helen,Mexican,4.8,2024-05-31
92,"Clark, King and Moore",East Tina,Mexican,1.5,2024-08-22
93,Williams-Michael,New Brettton,Japanese,4.5,2024-03-24
94,"West, Munoz and Allen",Dixonburgh,Mexican,3.3,2024-09-16
95,Ramirez and Sons,West Curtiston,Italian,3.5,2025-01-01
96,Hess-Walters,Vincenttown,Chinese,4.2,2024-06-15
97,Reilly LLC,Mooreberg,Chinese,4.6,2024-12-03
98,Ross-Anderson,Nelsonfurt,Japanese,2.1,2024-07-21
99,Sanders-Cook,Robertchester,Mexican,2.6,2024-05-04
100,Williams-Kelly,Osborneport,Chinese,2.4,2024-11-23
101,Carlson-Ryan,Port Michellechester,Italian,3.5,2024-07-03
102,"Smith, Taylor and Ponce",Stevensfurt,Mexican,2.8,2024-06-15
103,Miller PLC,South Paul,Indian,2.4,2024-09-27
104,"Weaver, Williams and Blair",West Desireeborough,Japanese,3.0,2024-07-29
105,Gilmore-Hernandez,New Colinborough,American,3.1,2024-05-27
106,Mckee-Brown,North James,Japanese,4.2,2025-01-12
107,Howell LLC,Heathfurt,Chinese,2.9,2024-12-28
108,"Lynch, Coleman and Berger",Port Meagan,American,4.0,2024-10-20
109,Williams LLC,North Carla,Mexican,3.3,2024-09-11
110,"Jones, Murphy and Parrish",South Jennifer,Mexican,1.3,2024-10-01
