review_id,restaurant_name,city,cuisine,review_score,review_date
1,"Lindsey, Nelson and Wise",East Hannah,Japanese,2.1,2024-02-27
2,Murray Ltd,West Timchester,Indian,2.9,2024-05-10
3,Lopez Group,North Austin,Chinese,3.8,2024-03-13
4,Davies and Sons,Danielsfort,Mexican,3.0,2024-10-05
5,Martinez-Zamora,Lake Kristen,Indian,3.4,2024-11-17
6,Ochoa-Browning,North Jennifer,Japanese,1.6,2024-07-29
7,"Taylor, Simmons and Rice",Lake Brandyville,Japanese,3.7,2024-04-23
8,"Burke, Orr and Wilson",Port Christine,Japanese,1.8,2024-06-28
9,"Sanchez, Oneal and Mendoza",Lake David,American,3.9,2024-12-06
10,Choi PLC,Garciachester,Italian,3.9,2024-03-11
11,"Raymond, Hunter and Martinez",North Juliaville,Italian,3.9,2025-01-26
12,Jenkins PLC,Rodriguezfort,Italian,3.7,2024-12-20
13,Steele Inc,New Alexandra,Mexican,3.1,2024-12-23
14,"Hall, Gray and Rodriguez",South Scottfort,Mexican,3.0,2024-04-12
15,Ruiz-Strickland,Lake Amanda,Mexican,2.2,2025-01-28
16,"Simpson, Mayer and Williams",Merrittfort,Japanese,3.1,2024-05-07
17,Byrd Group,Haleside,Italian,2.2,2024-03-12
18,Morgan and Sons,West Laura,Indian,4.9,2024-12-01
19,Wilson-Vincent,Janettown,Italian,3.0,2024-08-01
20,"Gilmore, Mays and Simon",Jonestown,Japanese,2.8,2025-01-05
21,Villa LLC,East Christopherberg,Italian,2.2,2024-10-09
22,Holloway PLC,Danielmouth,Mexican,1.1,2024-10-24
23,Lopez-Todd,North Daniel,Italian,4.1,2025-01-13
24,Miller PLC,West Danielle,American,3.6,2024-05-25
25,Smith-Hammond,Camachoburgh,Japanese,3.1,2024-04-22
26,"Peterson, Pierce and Sutton",East Maria,Japanese,2.8,2024-03-19
27,Jones-Petty,Patriciahaven,Indian,1.5,2024-12-30
28,"Bautista, Roberts and Wolf",New Scottfurt,Indian,2.5,2024-11-01
29,Ali Group,West Melinda,Italian,3.7,2024-05-29
30,"Miller, Hernandez and Walker",East Paulton,Japanese,4.3,2024-10-29
31,"Davis, Bennett and Mooney",East Gabrielbury,Chinese,3.3,2025-01-01
32,Perez PLC,East Stacy,Italian,4.1,2024-06-14
33,Brown-Peters,West Daniel,Mexican,3.0,2025-01-27
34,Johnson-Howard,Port Jennifer,Chinese,4.7,2024-02-19
35,Burton-Jenkins,Nelsonside,Chinese,1.3,2024-02-18
36,"Frazier, Stafford and Hunt",Kingside,American,1.9,2024-11-21
37,"Gonzalez, Gates and Thompson",South Brandonfort,Indian,2.3,2024-05-20
38,Mann Inc,North Troyshire,Italian,2.8,2024-10-03
39,"Guerrero, Greene and White",Andersonstad,Chinese,1.6,2024-11-27
40,Hardy Inc,Smithchester,Japanese,4.7,2024-08-18
41,Brooks-Noble,Marshside,Chinese,4.3,2025-01-20
42,Brown Group,Lake Carrie,Indian,1.1,2024-06-17
43,"Kane, Salinas and Fowler",Davischester,Japanese,4.2,2024-05-08
44,Wilkerson and Sons,Coffeyview,Indian,2.8,2024-05-19
45,Hill Ltd,Jonesshire,American,1.2,2025-01-07
46,"Luna, Brooks and Valentine",Jasonland,Indian,4.2,2024-07-22
47,"Hall, Johnson and Murphy",Wrightburgh,Italian,2.3,2024-02-19
48,Daniel-Kelly,South Michelle,Mexican,1.8,2024-11-05
49,Smith-May,New Nancy,Japanese,4.5,2024-05-10
50,"Williams, Dawson and Acevedo",Jenniferville,Italian,3.7,2024-06-09
51,"Mccormick, Crawford and Brown",Bellchester,Mexican,2.2,2024-07-01
52,Scott and Sons,Hunterland,Japanese,4.7,2024-07-10
53,Stevens-Walters,Ellisstad,Chinese,1.0,2024-07-31
54,Taylor Group,South Reginaborough,Japanese,3.3,2024-12-26
55,"Roberts, Day and Gutierrez",Nicoleport,Japanese,2.2,2024-12-13
56,"Reilly, Parker and Wong",Larsenville,Japanese,2.5,2024-05-05
57,"Mcintosh, Luna and Evans",Marshallberg,Indian,3.5,2024-04-17
58,"Anderson, Lyons and Rivera",Lake Emilyburgh,Chinese,2.6,2024-11-27
59,Rodriguez Group,Lake Anthony,Japanese,1.5,2025-02-06
60,Larsen-Maldonado,Robertburgh,Mexican,3.8,2024-07-28
61,"Gomez, Rivera and Perez",Leeview,American,3.2,2025-02-11
62,Clark Group,Delgadoshire,Japanese,4.8,2025-01-04
63,Brown-Brown,New Victoria,Chinese,1.3,2024-06-22
64,Simpson Inc,North Xavier,Japanese,4.4,2024-07-28
65,Olson Ltd,New Jenna,Indian,2.9,2025-02-02
66,"Johnson, Brooks and Mills",East Jessica,Mexican,4.9,2024-03-30
67,"Anderson, Andrews and Wells",Jamieton,Chinese,4.0,2024-03-10
68,"Smith, Dixon and Mullen",Gabrielberg,Italian,3.0,2024-06-15
69,Morgan-Miller,South Gregborough,Japanese,2.7,2025-01-30
70,"Jones, Cook and Berry",Jenniferburgh,American,1.2,2024-04-04
71,Gilbert LLC,Port Emilyborough,Chinese,3.6,2024-03-28
72,Murray-Ryan,Port Michelechester,Japanese,2.1,2024-12-06
73,"Andrews, Fuller and Griffin",Amandaburgh,Indian,4.6,2024-10-21
74,"Williams, Cook and Park",Rogersstad,American,4.1,2024-03-22
75,Weaver Inc,Heidibury,Italian,3.4,2024-05-13
76,Garrett and Sons,Schmidtview,Chinese,3.1,2024-05-05
77,Hall Inc,Lisaton,Mexican,4.3,2024-09-12
78,"Christensen, Escobar and Mora",South Kimberly,Indian,3.6,2024-11-23
79,"Park, Porter and Watson",New Cynthiahaven,Mexican,3.9,2024-02-13
80,"Higgins, Torres and Walker",South Stephenville,Mexican,4.7,2024-09-20
81,Leonard PLC,New Davidhaven,American,3.6,2024-06-01
82,Knight-Duncan,Edwardland,Chinese,3.0,2024-03-14
83,Rodriguez Ltd,Amytown,Mexican,3.5,2024-07-29
84,Butler Inc,Robertsport,Japanese,2.5,2024-12-12
85,Arnold-Tucker,West Tami,Mexican,3.4,2024-11-17
86,Sampson-Pearson,Schwartzmouth,American,4.2,2024-08-17
87,Lambert-Fisher,Hodgeschester,Italian,1.7,2024-05-25
88,Joseph PLC,West Ryan,American,2.8,2024-02-26
89,"Jackson, Shannon and Knapp",South Darrenchester,Chinese,1.7,2024-11-23
90,"Estrada, Lowe and Scott",Sarahstad,Mexican,2.8,2024-08-10
91,Woods Inc,Lake Jamesside,Japanese,1.4,2024-08-18
92,Nielsen Inc,Jasonside,Italian,4.2,2024-12-27
93,"Miller, Garcia and Brewer",Lake Sarahburgh,Italian,3.4,2024-02-27
94,Ross Ltd,Lake Brandonview,Japanese,4.1,2024-02-12
95,"Gonzalez, Jacobson and Robinson",New Jessica,Italian,3.3,2024-05-19
96,"Carter, Phillips and Mckee",Wilsonfort,Italian,3.1,2024-02-14
97,"Woods, Gross and Owens",Reedborough,Chinese,3.9,2025-01-13
98,Mann-Griffin,Dannytown,Japanese,1.7,2025-02-04
99,Hernandez LLC,New Thomasberg,Chinese,1.6,2024-02-12
100,Edwards Ltd,Jorgeton,Chinese,4.3,2024-04-22
101,Velazquez-Bean,Port Jeremiahshire,Japanese,5.0,2025-01-10
102,Molina-Martinez,West Christopherton,Chinese,4.7,2024-07-29
103,"Hall, Hunter and Johnson",North Scott,Italian,2.2,2025-02-01
104,"Anderson, Smith and Ford",New Emily,Chinese,2.7,2024-08-16
105,"Garcia, Woods and Peterson",Susanfort,Japanese,3.3,2024-06-23
106,Coleman Ltd,Meagantown,Italian,3.5,2024-08-06
107,"Beck, Clark and Torres",East Charles,Japanese,4.5,2024-09-04
108,"Robertson, Cruz and Lawson",New Nathan,Indian,2.4,2024-06-07
109,Scott LLC,Danielshire,Chinese,1.0,2024-11-12
110,"Aguilar, Martinez and Chan",Gonzalezfort,Mexican,4.4,2024-05-19
111,Payne-Powell,New Susanport,Italian,1.1,2024-07-06
112,Padilla-Mckenzie,Holmesstad,Chinese,3.6,2024-05-16
113,Gallegos-Price,South Andreville,American,1.1,2024-05-01
114,"Vega, Thompson and Marsh",New Josephberg,Italian,1.4,2024-08-05
115,"Yates, Cherry and Decker",East Colinborough,Indian,4.3,2024-05-01
116,Schultz Ltd,Lake Brianborough,American,4.5,2024-06-09
117,"Rowe, Hanson and Young",Wrightview,Indian,3.3,2024-08-15
118,"Mckee, Quinn and Skinner",Justinland,Italian,4.2,2024-03-13
119,Barber-Ingram,Josechester,Japanese,4.1,2024-10-20
120,"Fisher, Thomas and Lewis",Morrisville,Chinese,4.4,2024-03-13
121,Hall Inc,North Laurenfort,Italian,4.9,2024-11-20
122,Anderson-Rice,New Amberfurt,Italian,2.0,2024-10-28
123,Erickson Ltd,South Bethanyland,Mexican,3.8,2024-11-30
124,Mitchell Ltd,Gailberg,American,4.4,2024-08-12
125,Paul Inc,West Luketon,Indian,3.2,2024-07-23
126,Austin Inc,Moyerstad,Japanese,3.2,2024-05-10
127,Cooper-Bowers,West Julie,Chinese,1.0,2024-02-18
128,"Daniels, Leach and Odom",South Jadeborough,Japanese,3.7,2024-08-23
129,"Ramsey, Elliott and Case",Leonardmouth,Indian,2.2,2024-04-17
130,Powell Inc,East Michelleport,Chinese,4.8,2024-02-15
131,Brown Inc,South Ericmouth,Chinese,4.7,2025-01-17
132,"Garcia, Smith and Bruce",New Maria,Indian,3.0,2024-09-06
