restaurant_name,cuisine,review_score,review_date,review_id,city
Williams Ltd,American,2.7,2024-11-11,1,Lauraview
Fox Ltd,Indian,2.7,2024-04-04,2,Scottton
Arnold Group,American,1.1,2025-02-11,3,Port Mary
Ramsey-Cordova,Japanese,1.6,2024-03-20,4,North Patrickside
"Holmes, Hendrix and Gardner",Indian,4.1,2024-04-17,5,West Kaylaview
Ballard and Sons,Italian,3.8,2025-01-07,6,Matthewland
Brown and Sons,Japanese,4.7,2024-08-18,7,Michaelmouth
Roach Ltd,Chinese,1.9,2024-11-27,8,Christopherberg
Cook LLC,Indian,3.3,2025-01-16,9,West Stephenfort
Brown-Cobb,American,1.4,2024-09-27,10,Henrytown
"Willis, Merritt and Mckenzie",Mexican,3.2,2024-11-21,11,South Amandachester
Haas Ltd,Indian,4.5,2024-07-26,12,West Angelamouth
"Walker, Jones and Friedman",Mexican,4.4,2024-02-26,13,Eddieview
Cook-Smith,Japanese,3.9,2024-12-26,14,West Angelaville
"Smith, Becker and Sanchez",Chinese,3.1,2024-04-29,15,Jeanborough
"Mendez, Thomas and Woodward",Chinese,4.9,2024-06-02,16,Jamesview
Phillips LLC,Italian,4.3,2024-08-31,17,Jasminefurt
King Ltd,Chinese,3.9,2024-04-15,18,South Susan
"Howard, Williams and May",Italian,3.1,2024-10-20,19,East Elizabeth
Mitchell-Davis,Mexican,5.0,2025-01-13,20,East Douglasfort
Bender-Reyes,Indian,4.3,2024-07-12,21,Johnsonmouth
Murphy-Garrett,Japanese,2.5,2024-05-31,22,New Michelle
"Cole, Mills and Williams",Chinese,3.8,2024-08-29,23,Lake Peggymouth
Jenkins Inc,Japanese,2.4,2024-04-09,24,Princehaven
Ward-Ferguson,Japanese,1.3,2024-06-18,25,Arellanochester
"Maxwell, Harrell and Bowen",Chinese,3.8,2024-11-12,26,South Kara
Gallegos-Walker,Indian,3.9,2024-07-03,27,Cooleyburgh
"Jones, Cain and Sanchez",American,3.7,2024-12-08,28,Turnertown
Richardson-Harris,Chinese,2.1,2024-04-13,29,Port Williammouth
Guerra-Garcia,Mexican,3.0,2024-07-11,30,South Tonibury
Macias-Hawkins,Chinese,4.2,2024-07-18,31,Port Donberg
"Carter, Jones and Benson",Japanese,4.2,2025-01-06,32,Port Marc
Kelley-Phillips,American,2.0,2024-06-16,33,West Jacquelinetown
Williams Inc,Italian,3.7,2024-08-30,34,New Timothy
"Mckinney, Holland and Perez",Italian,3.8,2025-01-27,35,Debrashire
Myers-Anderson,Japanese,4.6,2024-02-18,36,East Jasonshire
Bean-Miller,Japanese,3.9,2024-02-29,37,Lake Brett
Rogers-Mccormick,Indian,4.9,2024-10-06,38,Port April
Stewart-Knight,Japanese,3.2,2024-05-21,39,South Gabrielle
Adkins-Ford,Chinese,1.2,2025-02-02,40,Carrilloview
"Cruz, Campbell and Mooney",Mexican,1.3,2025-01-19,41,Port Jorgestad
Park-Lawson,Italian,4.9,2024-11-02,42,Patriciatown
"Salazar, Graham and Kennedy",Japanese,2.1,2024-12-03,43,Brittneyberg
Everett-Bailey,Japanese,1.6,2024-04-28,44,Tiffanytown
"Martin, Cox and Salinas",Chinese,4.8,2024-06-05,45,Murraychester
Brown Inc,American,3.4,2024-09-04,46,Merrittside
"Fisher, Alexander and Stewart",Italian,4.1,2024-03-13,47,Pamelamouth
Taylor LLC,Italian,1.9,2024-08-09,48,Caitlinland
Gardner-Johnson,American,4.9,2024-07-10,49,West Stephanie
"Vaughn, Barnes and Jones",Chinese,3.1,2024-12-05,50,Lake Stevenmouth
"Frazier, Jensen and Horn",Chinese,3.1,2024-08-12,51,Townsendside
"Petty, Johnston and Thompson",American,1.1,2024-06-20,52,Floresshire
Chan-Woodard,Italian,3.1,2024-04-04,53,Emilyside
"Rivas, Harris and Smith",Indian,1.4,2024-10-29,54,Lake Amber
"Mcdonald, Chambers and Combs",Mexican,2.2,2024-11-16,55,Lisachester
Nolan PLC,Chinese,1.7,2024-10-26,56,North Michele
"Ford, Ramirez and Reed",American,2.5,2024-08-03,57,South Shawn
Mueller-Johnson,Italian,4.4,2024-04-01,58,New James
Adams Ltd,Mexican,3.9,2024-10-24,59,Port Cynthia
"Collins, Moyer and Chan",Mexican,1.5,2024-11-25,60,Port Cynthia
"Pace, Mitchell and Murphy",Indian,3.4,2024-03-15,61,East Charlesstad
Ross Inc,Chinese,4.0,2024-08-22,62,East Mark
Andersen-Alexander,Italian,3.7,2024-11-15,63,Lake Maryhaven
"Gilmore, Wells and Hardy",Chinese,1.3,2024-09-02,64,Jessehaven
Rivas LLC,Italian,2.3,2024-02-28,65,Duncanfurt
Arnold-Bailey,Chinese,2.1,2024-11-12,66,East Amanda
Garcia LLC,Italian,4.5,2024-06-01,67,Tommyburgh
"Frank, Perez and Chapman",Italian,1.7,2024-11-20,68,North Wayne
"Parker, Mora and Goodman",American,3.5,2025-01-06,69,Lake Kyle
Wilson-Cooper,Italian,1.2,2024-02-14,70,Cabreraburgh
Jimenez-Hayes,Italian,3.7,2024-12-10,71,Lake Emily
Williams Inc,Chinese,4.9,2024-05-12,72,Patelshire
Smith-Hughes,Indian,3.7,2024-08-20,73,Lake John
"Ortiz, Duke and Reynolds",American,2.0,2025-01-16,74,West Elizabethland
Martinez Inc,American,1.0,2024-07-03,75,Port Kenneth
Wilson-Saunders,Italian,4.4,2024-03-11,76,Lisashire
"Jones, Edwards and Jackson",Mexican,2.7,2024-11-06,77,South Christina
Williams-James,Italian,2.4,2024-09-28,78,Port Elizabethburgh
Evans Inc,Italian,4.5,2024-11-20,79,Lake Joshuashire
Pennington Group,Indian,1.5,2024-12-09,80,Bellside
"Henderson, Cole and Reeves",Mexican,4.5,2024-05-11,81,Chelseaport
Johnson-Gomez,American,2.8,2024-10-14,82,Mcintyreland
"Peters, Hoffman and Johnson",Mexican,2.1,2024-02-18,83,Davidville
Martinez-Stone,Indian,2.5,2024-09-09,84,Petersenport
Foster-Rivera,Mexican,1.7,2024-05-05,85,North Daniellefort
"Little, Arnold and Allen",Italian,3.7,2025-01-08,86,South Robertstad
"Giles, Collins and Ball",American,4.6,2024-03-03,87,Rossport
Robinson-Malone,Italian,4.2,2025-01-03,88,Fergusonport
Freeman-Perez,Japanese,3.8,2024-11-26,89,Desireehaven
Stark Group,Italian,4.4,2024-05-12,90,South Christianmouth
Howard Inc,Italian,4.4,2024-02-13,91,West Timothy
"Hutchinson, Becker and Rojas",American,4.4,2024-10-11,92,North Elizabeth
Kirby LLC,Indian,2.8,2025-01-08,93,North Whitneyburgh
Shepard LLC,Italian,4.4,2024-02-13,94,Margaretburgh
Campbell Group,Japanese,4.2,2025-02-08,95,West Stephen
Garcia-Jackson,Japanese,3.6,2024-10-12,96,Port Randall
Andrews Ltd,Japanese,1.3,2024-05-13,97,Olsenstad
Hull-Garcia,Indian,3.6,2024-10-03,98,North Tracy
Wilson LLC,Italian,4.1,2024-09-15,99,Lake Kathrynville
Ramirez-Weeks,Mexican,1.8,2024-10-02,100,Port Lauren
Gibbs PLC,Chinese,2.1,2024-11-18,101,South Bryan
Robinson Group,Chinese,2.3,2024-06-12,102,Martinside
Reed PLC,American,4.2,2024-05-02,103,East Kristen
Hoover-Dillon,Italian,4.6,2025-01-03,104,East Joshua
Adams-Cross,American,1.0,2025-01-01,105,Hernandezmouth
Smith-Martinez,Japanese,1.5,2024-11-08,106,Calvinstad
"Browning, Martinez and Dominguez",Mexican,2.7,2024-04-04,107,Lake Ericburgh
Smith Inc,Chinese,4.7,2024-06-27,108,South Brandiborough
"Rodriguez, Higgins and Sullivan",American,2.9,2024-08-26,109,North Gregory
"Fields, Collins and Spencer",Japanese,1.1,2024-10-16,110,Mitchellchester
Caldwell Inc,Italian,3.1,2024-06-12,111,Micheleside
Shannon LLC,Japanese,2.1,2024-02-25,112,New Courtney
Mendoza-Hardin,Chinese,4.4,2024-04-09,113,Lake Christopherchester
Ramos-Spencer,Japanese,1.2,2024-03-27,114,Zavalafort
Hall Ltd,American,3.3,2024-12-12,115,Lake Tiffany
Smith Inc,Italian,2.2,2024-08-24,116,Arthurmouth
Marquez-Valenzuela,Chinese,1.7,2025-02-09,117,Johnsonton
