review_id,restaurant_name,city,cuisine,review_score,review_date
1,Wade-Clark,Lake Robert,Indian,1.8,2024-06-07
2,"Solomon, Smith and Mooney",Dawnmouth,Indian,3.4,2024-03-18
3,Thomas Inc,Chadton,Italian,2.6,2024-06-26
4,"Glenn, Sheppard and Evans",Nixonside,American,5.0,2024-07-19
5,Thomas LLC,Allentown,Japanese,1.8,2024-05-20
6,"Blair, Simpson and Washington",Debbiechester,Italian,3.0,2024-03-31
7,Adams-Murillo,New Paulview,Indian,4.0,2024-08-17
8,"Gonzales, Schaefer and Bryant",West Charlesfort,American,1.0,2024-03-16
9,Braun Inc,West Jeffrey,Italian,2.1,2024-03-11
10,"Murphy, Henry and Price",Richardtown,Japanese,4.4,2024-12-23
11,Morse Inc,West Barbara,Mexican,1.8,2024-12-12
12,"Hale, Mcintyre and Carter",North Andrea,Italian,1.0,2024-11-18
13,Lynn-Morgan,North Elizabeth,Japanese,1.9,2024-12-06
14,"Mcdonald, Peterson and Dougherty",Lake Joannamouth,American,3.0,2024-08-26
15,Love-Vang,West Nathanieltown,Chinese,1.6,2024-08-07
16,"Thomas, Griffin and Hall",East Cherylstad,Japanese,1.1,2024-07-29
17,Cook LLC,Duaneberg,Mexican,4.7,2024-03-08
18,Johnson-Mcdonald,South Jonathantown,Italian,4.3,2024-10-02
19,Newman-Hardy,Morrisonview,Italian,1.9,2024-07-01
20,Francis LLC,Laurachester,Chinese,4.7,2024-11-27
21,"Guzman, Smith and Vaughan",Fullerville,Italian,1.9,2025-01-13
22,Campbell PLC,Nicholashaven,Chinese,1.3,2025-01-29
23,White-Jacobs,Lake Christopherport,Japanese,1.2,2024-10-28
24,Johnson-Duncan,Myersstad,Indian,1.7,2024-06-17
25,Smith-Esparza,East Michael,American,4.3,2024-10-28
26,Hernandez-Lawrence,West Michelleside,Mexican,1.6,2024-08-10
27,"Solis, Hayes and Wood",Tylerbury,Italian,3.0,2024-08-20
28,Livingston-Brown,Jeffreymouth,Mexican,3.2,2024-06-20
29,Rice Inc,Smithton,Chinese,2.6,2025-02-04
30,"Mccann, Harris and Gutierrez",Garciaburgh,American,1.7,2024-10-08
31,Wiley-Berry,North Julie,Indian,1.6,2024-02-12
32,Cochran Inc,West Brianport,Chinese,2.3,2024-06-28
33,Hawkins Inc,Amandaside,Indian,3.1,2024-12-24
34,"Patrick, Cole and Munoz",Crawfordborough,Mexican,4.0,2024-12-20
35,Ali Group,Danafurt,Italian,3.3,2024-10-01
36,Garrett Inc,Alexanderside,Indian,3.4,2024-03-11
37,Smith-Lopez,East Carltown,Italian,4.0,2024-11-03
38,Snow Inc,New Nathaniel,Italian,4.9,2024-03-28
39,Alvarez LLC,Woodsfort,American,3.3,2024-12-15
40,Moore Inc,North Jennifermouth,Japanese,4.5,2024-08-13
41,Pena-Rogers,South Kevin,Chinese,2.3,2024-07-25
42,"Cooper, Romero and Davis",Port Kimchester,American,2.2,2024-03-04
43,Lewis-Vaughan,Lake Craig,Indian,4.1,2024-08-26
44,"Riley, Stevens and Gray",Kennethmouth,Indian,4.7,2024-10-28
45,Walters-Phillips,Port Shawn,Chinese,2.5,2024-05-25
46,"Mosley, Cross and Montoya",Port Traci,American,4.8,2024-10-18
47,Thompson Group,Xavierside,American,4.3,2024-03-20
48,Woods-Garza,Trevorland,Italian,2.4,2024-06-26
49,Williams Group,Williamville,Chinese,3.1,2024-11-21
50,"Mcgrath, Peters and Leonard",Mezafurt,Italian,2.0,2024-05-15
51,"Bradley, Fischer and Barnes",New Danielle,Italian,4.4,2024-04-29
52,Burgess-Reyes,Cynthiaville,Japanese,4.2,2024-11-15
53,Cameron PLC,West Brandonstad,Japanese,2.6,2024-10-27
54,Jones-Johnson,South Karinashire,Italian,2.6,2024-11-08
55,Rangel Ltd,Linview,Chinese,1.1,2024-08-02
56,"Wolfe, Hernandez and Nguyen",Wilcoxberg,Indian,3.6,2024-11-11
57,Henderson-Allen,Changview,American,3.4,2024-11-23
58,Dixon Group,East Bradleyville,Chinese,1.7,2024-10-08
59,Luna Inc,New Sandraton,Indian,4.5,2024-11-14
60,"Obrien, Cox and Wright",Josehaven,American,1.3,2024-12-12
61,Sharp and Sons,Brandontown,Mexican,3.2,2024-12-14
62,"Hawkins, Adams and Valdez",North Sarahville,Italian,4.5,2024-12-30
63,Rodriguez-Hunt,North Brian,Chinese,1.3,2024-09-15
64,Neal-Reyes,Michaelbury,Indian,4.9,2024-02-18
65,Bradshaw-Davila,Mirandatown,Italian,3.4,2024-08-29
66,Sparks PLC,Lake Angela,Mexican,2.0,2024-09-13
67,Nguyen PLC,South Michael,Chinese,2.1,2025-01-12
68,Booth-Black,Rachelview,American,4.6,2024-09-21
69,Gutierrez-Cannon,Gillshire,Chinese,4.9,2024-07-31
70,Bell LLC,West Paul,Chinese,3.3,2025-01-25
71,Barrett-Moore,Benjaminmouth,Japanese,2.6,2024-08-18
72,"Jackson, Patel and Lee",Port Brandon,Mexican,2.3,2024-06-02
73,Young-Curry,South Andrewville,Italian,4.6,2024-03-14
74,Hodge-Neal,East Stacey,Italian,2.2,2024-05-05
75,Thompson Group,Marystad,Japanese,1.1,2025-01-27
76,"Perez, Moody and Garcia",West Sarahmouth,Indian,1.1,2024-12-02
77,Yang LLC,East Barbarastad,Mexican,2.8,2025-01-12
78,Berry LLC,Chrisland,Mexican,3.0,2024-08-18
79,Copeland LLC,South Colleenmouth,Japanese,3.4,2024-04-12
80,Pope-Green,Lake Marisaside,Mexican,4.9,2024-10-09
81,"Paul, White and Kidd",Curtisfurt,Chinese,1.8,2024-09-14
82,"Hartman, Schultz and Gonzalez",Howardshire,Japanese,3.5,2024-12-18
83,Thomas-Martinez,Riceshire,Italian,1.6,2024-09-22
84,Flores Group,Gwendolynport,Indian,1.3,2024-04-06
85,"Miller, Williams and Herman",New Carlos,Japanese,3.3,2024-04-20
86,"Bishop, Collins and Lynch",Amberview,Mexican,4.3,2024-10-04
87,White Inc,Port Emily,Chinese,2.9,2024-12-06
88,"Burgess, Lee and Jackson",Port Robertchester,Japanese,3.1,2025-02-08
89,"Cochran, Ellis and Singleton",Gonzalesville,American,3.2,2024-03-26
90,"Baldwin, Chapman and White",Port Michelle,Japanese,3.2,2025-01-30
91,"Cole, Ford and Ball",Port Jason,American,3.6,2024-05-12
92,Wilcox Ltd,Fergusonberg,American,1.8,2024-09-29
93,Williams-Williams,South Logan,Indian,3.0,2024-04-10
94,Mccoy-Robinson,Mitchellburgh,American,4.4,2024-04-01
95,Castro-Wong,New John,Italian,2.5,2024-11-25
96,Lozano-Irwin,Rachelchester,Mexican,1.8,2024-04-29
97,Hardin-Jones,South Seanport,Japanese,3.2,2024-11-26
98,Reid-Bailey,Reginafort,American,4.6,2025-01-09
99,"Wall, Sullivan and Bates",North Ryanview,Chinese,2.6,2024-03-07
100,"Blanchard, Gonzalez and Robinson",Butlerchester,American,2.8,2024-02-27
101,Roberson-Sandoval,South Kara,American,1.5,2024-02-23
102,Lynn-Jackson,Huynhview,Japanese,1.4,2025-01-30
103,Payne-Nguyen,Melissastad,Mexican,2.0,2024-03-26
104,Ellis Ltd,Wangport,Italian,2.5,2024-11-27
105,"Taylor, Nelson and Perez",Yolandachester,Indian,2.5,2024-09-09
106,Estes Inc,New Jason,Italian,4.4,2024-11-27
107,Harrington-Richards,Hallburgh,Mexican,3.0,2024-09-30
108,"Austin, Kelley and Williams",South Staceyshire,Indian,2.0,2024-06-28
109,Hodge and Sons,New Angela,Mexican,1.7,2024-02-12
110,Anderson Inc,Jamesfurt,Chinese,4.5,2024-06-23
111,Hamilton and Sons,Tarachester,Mexican,2.4,2024-03-30
112,Day-Huynh,Mcmahonton,American,1.4,2025-01-09
113,Miller Group,Lake Williamborough,Italian,4.0,2024-06-06
114,Sharp-Cline,Douglasport,Italian,4.0,2024-08-22
115,Fry PLC,Fullerfurt,Japanese,2.8,2024-08-13
116,Brown Group,West Catherinefort,Chinese,3.3,2024-09-18
117,"Barrera, Wilson and Young",Elliottville,Japanese,2.9,2024-11-12
118,Nunez-Campbell,Robinsonville,Mexican,3.3,2024-11-18
119,Brown Inc,West Kennethmouth,Indian,1.0,2025-01-28
120,Tanner Inc,Elizabethland,American,1.5,2024-06-09
