review_id,restaurant_name,Cuisine,review_score,review_date
1,"Maldonado, Anderson and Thomas",Chinese,3.6,2024-11-20
2,Alvarez-Dougherty,Mexican,2.1,2025-01-31
3,"Norris, Brooks and Wang",Chinese,2.5,2024-09-11
4,Brown-Serrano,American,1.5,2024-09-26
5,"Carrillo, Ritter and Simmons",Mexican,4.9,2024-05-21
6,"Hall, Smith and Stein",American,4.2,2024-03-16
7,"Roberts, Boyle and Olson",Italian,1.7,2024-09-14
8,"Smith, Moore and Lowe",Mexican,4.0,2024-07-30
9,Bishop-Russo,Chinese,2.0,2024-09-28
10,Porter Group,Japanese,4.4,2025-01-04
11,King-Stevens,Indian,3.8,2024-05-03
12,"Park, Higgins and Wright",Japanese,2.6,2025-02-05
13,"Morgan, Lopez and Fuentes",Chinese,4.6,2025-02-02
14,Graham-Harris,Mexican,1.8,2024-05-16
15,Howard-Becker,Italian,1.5,2024-07-31
16,"Richard, Bishop and Moore",Chinese,4.6,2024-03-27
17,Young and Sons,Chinese,3.5,2024-10-31
18,Cherry-Price,Italian,4.3,2025-02-07
19,English-Martinez,Chinese,3.0,2024-03-23
20,Mitchell Inc,Japanese,2.6,2024-04-26
21,"Cole, Gonzales and Smith",Indian,2.2,2024-10-05
22,Bryan and Sons,American,4.1,2024-07-17
23,"Perez, Hernandez and Carter",Mexican,2.3,2024-04-26
24,Doyle Inc,Indian,4.4,2024-04-05
25,"Sosa, Wilson and Kim",Italian,3.9,2024-12-28
26,Salazar-Hendricks,American,1.4,2024-10-27
27,Evans PLC,Japanese,1.0,2024-02-23
28,"Stevens, Bell and Nunez",American,3.9,2024-10-17
29,Anderson-Flores,Chinese,2.7,2024-10-27
30,Brock Inc,Italian,2.2,2024-10-17
31,"Smith, Sims and Ramirez",Mexican,1.8,2024-05-22
32,"Green, Fox and Dillon",American,4.3,2024-05-19
33,Nelson-Romero,Chinese,4.1,2024-09-03
34,"Flynn, Walker and Mcdonald",Italian,2.3,2024-07-18
35,Davis-Cunningham,Italian,2.4,2024-06-06
36,Dalton-Daniels,American,2.8,2024-12-07
37,"Curtis, Powell and Castillo",Italian,2.1,2024-05-24
38,"Thompson, Davis and Hudson",Italian,3.2,2024-12-04
39,Peterson-Swanson,Mexican,1.5,2025-01-06
40,Adams LLC,American,4.9,2024-05-25
41,Chan Group,Chinese,1.1,2024-12-25
42,"Holland, Sims and Jones",Italian,4.4,2024-10-05
43,"Coleman, Gray and Johnson",Japanese,1.3,2024-06-29
44,Acevedo-Lawson,Indian,4.3,2024-03-26
45,Townsend Ltd,Indian,2.7,2025-01-14
46,"Romero, Day and Henry",American,4.9,2024-06-12
47,Garcia-Bowman,American,4.1,2024-09-19
48,"Rodriguez, James and Robinson",Mexican,3.6,2024-07-25
49,Little-Warren,Italian,2.4,2024-08-12
50,Miller-Sparks,American,2.8,2025-01-15
51,Smith-Barnes,Japanese,4.4,2024-04-29
52,Lane PLC,Japanese,2.7,2024-03-24
53,Hubbard Group,Italian,1.4,2024-09-01
54,Rivera PLC,Italian,4.8,2024-06-18
55,"Travis, Sharp and Brooks",Indian,3.9,2024-09-30
56,Castaneda-Rogers,Japanese,3.3,2024-12-24
57,"Wall, Garza and Grant",Italian,2.0,2024-05-04
58,Davis Group,Japanese,1.1,2024-09-01
59,Rose Inc,Mexican,3.3,2024-02-12
60,"Nelson, Davis and Sanders",American,3.9,2024-03-19
61,Richard-Bell,Indian,4.7,2024-03-10
62,"Obrien, Henry and Rodriguez",Japanese,3.7,2024-04-16
63,Foster and Sons,Chinese,1.6,2024-09-25
64,"Phillips, Johnson and Grant",Mexican,1.1,2024-11-28
65,Nelson-Garcia,Italian,3.8,2024-12-08
66,Johnson Inc,Italian,1.7,2024-05-23
67,Martinez-Chavez,Mexican,1.8,2024-08-11
68,"Martinez, Franco and Willis",American,4.6,2024-04-28
69,"Olson, Rojas and Taylor",Indian,3.0,2025-02-08
70,Reed Group,Italian,3.3,2024-05-04
71,Nicholson-Singleton,Chinese,2.2,2024-12-08
72,Munoz Ltd,Italian,1.5,2024-03-15
73,"Lee, Gibson and Hudson",Mexican,1.7,2025-01-07
74,Martin Group,Chinese,1.2,2024-06-26
75,"Turner, Vazquez and Johnson",Mexican,4.3,2024-10-31
76,Alexander-Robinson,Indian,2.1,2024-05-05
77,Andrade LLC,Indian,3.4,2024-10-14
78,Jacobs-Higgins,Indian,2.4,2024-12-16
79,Gould LLC,Indian,1.7,2024-03-03
80,Baker-Johnson,Japanese,4.2,2024-04-21
81,Brooks-Chapman,Japanese,3.7,2024-05-04
82,Walters Group,Italian,4.6,2024-11-05
83,Shaw-Dodson,Japanese,1.2,2024-03-11
84,"Rodriguez, Chapman and Stephens",Indian,3.7,2024-03-07
85,"Baker, Gardner and Wallace",Chinese,4.0,2024-05-12
86,Farrell LLC,Italian,1.9,2024-09-03
87,Morgan and Sons,American,4.1,2024-04-08
88,Ward-Graves,Japanese,1.7,2024-03-16
89,Greene-Oliver,Mexican,4.4,2024-05-27
90,Bond-Sanchez,Japanese,3.1,2024-07-16
91,Anderson-Rice,Indian,2.8,2024-09-08
92,Matthews Ltd,Japanese,1.6,2024-12-22
93,Turner PLC,Indian,2.1,2025-02-02
94,"Lawson, Mosley and Turner",Indian,3.5,2024-07-09
95,Lewis-Moreno,Japanese,3.0,2024-03-03
96,Peterson-Tran,Italian,2.4,2024-02-23
97,"Guzman, Luna and Horn",American,2.5,2025-01-30
98,"Baker, Mayo and Hughes",Mexican,3.2,2025-01-18
99,"Wells, Marshall and Brown",Chinese,1.5,2024-12-01
100,Castillo-Wagner,Mexican,3.8,2024-07-10
101,"Gardner, Moss and Williams",Italian,3.2,2025-01-18
102,Frazier Ltd,Italian,2.6,2024-10-08
103,Li-Cameron,Indian,2.4,2024-03-16
104,"Carroll, Walker and Meyer",Chinese,4.2,2024-07-25
105,Little and Sons,Indian,1.4,2024-04-22
106,"Gomez, Johnson and Williams",Indian,2.0,2024-04-28
107,Zuniga-Hansen,Mexican,1.8,2024-04-20
108,"Moore, Robertson and Edwards",Mexican,4.5,2024-09-08
109,Duke PLC,Mexican,2.5,2024-12-08
110,"Miller, Gordon and Dawson",Indian,1.3,2025-01-24
