item_id,item_name,category,quantity,price,restock_date
1,Feel Off,Sports,122,478.05,2025-02-11
2,Money Claim,Home,143,175.41,2025-02-11
3,Affect Professor,Grocery,187,46.92,2025-02-11
4,Prepare Fine,Grocery,164,157.1,2025-02-11
5,Same Later,Clothing,52,433.21,2025-02-11
6,Lose Long,Grocery,17,189.12,2025-02-11
7,Month Single,Clothing,95,489.84,2025-02-11
8,Guess Arrive,Electronics,58,430.64,2025-02-11
9,Newspaper Shake,Electronics,39,433.62,2025-02-11
10,Modern Between,Grocery,1,204.03,2025-02-11
11,Finally Trade,Toys,27,183.49,2025-02-11
12,While Final,Clothing,74,277.52,2025-02-11
13,Ready Stay,Home,182,70.0,2025-02-11
14,Walk Standard,Home,148,232.45,2025-02-11
15,Heart Its,Sports,164,80.25,2025-02-11
16,Guess Agency,Home,7,157.96,2025-02-11
17,Walk List,Grocery,24,68.54,2025-02-11
18,Western During,Grocery,200,348.81,2025-02-11
19,Sea Power,Electronics,181,440.4,2025-02-11
20,Lay Herself,Electronics,191,224.6,2025-02-11
21,Bank They,Grocery,170,305.13,2025-02-11
22,Industry Tax,Clothing,41,280.2,2025-02-11
23,Than Way,Grocery,25,153.59,2025-02-11
24,Group Resource,Electronics,46,155.54,2025-02-11
25,Figure Buy,Sports,61,240.94,2025-02-11
26,Affect Citizen,Grocery,149,254.36,2025-02-11
27,She Condition,Sports,136,24.51,2025-02-11
28,Thank Fire,Home,134,143.68,2025-02-11
29,Finish Pick,Toys,6,18.04,2025-02-11
30,Analysis Mind,Electronics,75,352.58,2025-02-11
31,Yard Case,Grocery,140,415.55,2025-02-11
32,Laugh Training,Electronics,131,430.42,2025-02-11
33,Month Hospital,Clothing,7,153.85,2025-02-11
34,Including Help,Clothing,70,281.96,2025-02-11
35,Charge Truth,Toys,183,392.56,2025-02-11
36,Protect Job,Electronics,171,69.74,2025-02-11
37,Outside Opportunity,Grocery,73,414.43,2025-02-11
38,Society A,Home,1,69.69,2025-02-11
39,Team Level,Home,84,228.81,2025-02-11
40,Great Always,Sports,189,24.25,2025-02-11
41,Around Serve,Sports,38,122.32,2025-02-11
42,Who Despite,Grocery,63,36.94,2025-02-11
43,Plan Action,Toys,106,288.48,2025-02-11
44,Decide Gas,Toys,50,450.22,2025-02-11
45,Scientist Food,Electronics,171,69.95,2025-02-11
46,Themselves Education,Home,148,304.63,2025-02-11
47,College Let,Toys,187,202.26,2025-02-11
48,Arrive Month,Toys,191,293.91,2025-02-11
49,Let House,Clothing,74,350.39,2025-02-11
50,Course Major,Home,60,91.31,2025-02-11
51,Newspaper Network,Sports,2,71.85,2025-02-11
52,Behind Understand,Grocery,41,230.61,2025-02-11
53,Cause Above,Toys,41,230.33,2025-02-11
54,Third Your,Grocery,134,36.93,2025-02-11
55,Bad Recently,Toys,24,194.17,2025-02-11
56,Woman Number,Clothing,86,34.55,2025-02-11
57,Media Reason,Grocery,128,81.51,2025-02-11
58,Ten Staff,Clothing,160,334.92,2025-02-11
59,Night Sure,Grocery,27,324.55,2025-02-11
60,North Writer,Toys,19,133.91,2025-02-11
61,Score Early,Grocery,33,164.1,2025-02-11
62,Cup Than,Clothing,162,471.36,2025-02-11
63,Book By,Home,60,391.08,2025-02-11
64,Unit Four,Sports,139,167.44,2025-02-11
65,Executive Figure,Grocery,37,172.9,2025-02-11
66,Century Natural,Sports,66,153.48,2025-02-11
67,Computer For,Grocery,47,286.19,2025-02-11
68,Seem Put,Electronics,140,108.39,2025-02-11
69,Spring Expert,Sports,91,439.32,2025-02-11
70,Can Opportunity,Clothing,55,458.57,2025-02-11
71,She Reflect,Sports,92,92.94,2025-02-11
72,Then Weight,Toys,17,469.53,2025-02-11
73,Save Wall,Grocery,156,496.75,2025-02-11
74,Save Again,Grocery,129,85.3,2025-02-11
75,Country Right,Clothing,101,105.65,2025-02-11
76,Senior Off,Home,70,487.35,2025-02-11
77,Treatment Possible,Electronics,87,120.11,2025-02-11
78,Yard Charge,Electronics,6,416.67,2025-02-11
79,Decade Artist,Toys,86,166.38,2025-02-11
80,Enough Future,Grocery,52,255.13,2025-02-11
81,Under Recognize,Clothing,100,430.53,2025-02-11
82,Late Minute,Home,28,461.43,2025-02-11
83,Listen Class,Grocery,163,285.01,2025-02-11
84,Drug Than,Sports,5,89.29,2025-02-11
85,Bank Difference,Sports,20,164.62,2025-02-11
86,Partner Big,Sports,64,344.69,2025-02-11
87,Single Successful,Toys,11,247.06,2025-02-11
88,Should Senior,Clothing,148,110.32,2025-02-11
89,Executive Away,Sports,44,466.97,2025-02-11
90,Item Rule,Clothing,112,482.8,2025-02-11
91,Onto Series,Electronics,43,195.14,2025-02-11
92,Wear Common,Home,11,449.21,2025-02-11
93,Start Know,Clothing,15,122.16,2025-02-11
94,Room Wait,Toys,52,20.92,2025-02-11
95,Edge Five,Toys,44,168.71,2025-02-11
96,Today Culture,Home,156,168.57,2025-02-11
97,Everybody Tend,Electronics,91,106.31,2025-02-11
98,His Cup,Grocery,20,324.95,2025-02-11
99,Travel Development,Toys,163,419.84,2025-02-11
100,Along Stuff,Sports,128,87.36,2025-02-11
101,Name Cultural,Clothing,121,334.74,2025-02-11
102,Assume Small,Toys,152,450.29,2025-02-11
103,Reflect Outside,Clothing,192,460.78,2025-02-11
104,Sense Tax,Toys,103,385.93,2025-02-11
105,Power Explain,Clothing,60,117.46,2025-02-11
106,Mention Understand,Toys,127,389.03,2025-02-11
107,Support Throw,Toys,83,119.25,2025-02-11
108,Determine Top,Clothing,126,26.09,2025-02-11
109,Not Town,Toys,5,342.77,2025-02-11
110,Voice Your,Grocery,119,353.9,2025-02-11
111,Picture Nearly,Electronics,100,408.43,2025-02-11
112,Politics Improve,Grocery,128,390.58,2025-02-11
113,Huge Middle,Toys,10,300.84,2025-02-11
114,Answer Than,Home,148,9.84,2025-02-11
115,Social Option,Home,13,382.8,2025-02-11
116,Gun Morning,Sports,88,263.98,2025-02-11
117,We Candidate,Electronics,26,181.54,2025-02-11
118,Church Within,Toys,81,95.96,2025-02-11
119,Move A,Electronics,127,155.36,2025-02-11
120,Feel Money,Grocery,29,175.54,2025-02-11
