item_id,item_name,category,quantity,PRICE,restock_date
1,Save Resource,Sports,85,413.22,2025-02-11
2,Above Each,Clothing,121,408.32,2025-02-11
3,Every Behind,Electronics,117,421.83,2025-02-11
4,Art Relationship,Home,173,434.85,2025-02-11
5,Little Audience,Electronics,12,413.47,2025-02-11
6,Everything Woman,Grocery,53,308.93,2025-02-11
7,Learn Cover,Electronics,93,30.07,2025-02-11
8,Cost Pick,Sports,24,316.85,2025-02-11
9,Ago Company,Sports,60,110.53,2025-02-11
10,Finish Job,Sports,89,178.0,2025-02-11
11,She Company,Electronics,10,313.81,2025-02-11
12,True Recently,Electronics,53,412.47,2025-02-11
13,Industry Deal,Home,115,38.19,2025-02-11
14,Suffer Different,Clothing,1,351.09,2025-02-11
15,Scene Edge,Grocery,88,420.04,2025-02-11
16,Someone Control,Toys,129,66.83,2025-02-11
17,Big Keep,Clothing,104,395.57,2025-02-11
18,Seat Them,Grocery,59,476.58,2025-02-11
19,Chair Final,Electronics,167,96.72,2025-02-11
20,Window While,Home,128,80.53,2025-02-11
21,You Argue,Clothing,40,262.35,2025-02-11
22,Institution Hospital,Grocery,160,83.45,2025-02-11
23,Safe Never,Grocery,168,202.28,2025-02-11
24,Suggest Throughout,Clothing,42,281.04,2025-02-11
25,Citizen Level,Toys,50,16.82,2025-02-11
26,Car Maintain,Sports,190,38.49,2025-02-11
27,Should It,Clothing,62,315.38,2025-02-11
28,Find Race,Sports,185,241.45,2025-02-11
29,Security Note,Toys,113,269.31,2025-02-11
30,Finish Congress,Clothing,159,408.94,2025-02-11
31,Success Rock,Grocery,88,165.68,2025-02-11
32,Sometimes Despite,Sports,61,177.86,2025-02-11
33,Strong Attorney,Electronics,131,224.37,2025-02-11
34,Not Head,Grocery,191,74.81,2025-02-11
35,Trial Recognize,Electronics,69,354.31,2025-02-11
36,Physical Task,Grocery,1,481.13,2025-02-11
37,Few Successful,Grocery,163,101.4,2025-02-11
38,Century Smile,Sports,94,14.59,2025-02-11
39,Lawyer Yes,Home,197,235.71,2025-02-11
40,Can Particularly,Clothing,75,82.32,2025-02-11
41,Event Describe,Home,43,39.79,2025-02-11
42,Concern Add,Sports,198,223.02,2025-02-11
43,Authority Choose,Sports,160,153.58,2025-02-11
44,Stand Bed,Sports,60,321.87,2025-02-11
45,Serve Book,Home,168,132.5,2025-02-11
46,Rest Continue,Electronics,192,172.53,2025-02-11
47,Say Little,Toys,156,50.4,2025-02-11
48,Number Indicate,Clothing,137,172.41,2025-02-11
49,Mind Research,Toys,63,249.28,2025-02-11
50,Behind Part,Electronics,104,216.36,2025-02-11
51,Reflect Detail,Sports,129,74.72,2025-02-11
52,Month Central,Toys,122,161.42,2025-02-11
53,List Course,Sports,95,156.57,2025-02-11
54,Still Clearly,Home,30,362.71,2025-02-11
55,Career Child,Toys,16,274.84,2025-02-11
56,Move Rest,Clothing,91,475.63,2025-02-11
57,Daughter Admit,Sports,132,209.7,2025-02-11
58,Great Beautiful,Sports,199,349.18,2025-02-11
59,Choice By,Sports,69,232.84,2025-02-11
60,Personal Majority,Electronics,85,325.97,2025-02-11
61,Season Research,Home,25,172.75,2025-02-11
62,Food Myself,Toys,185,424.66,2025-02-11
63,Measure Reduce,Clothing,194,135.37,2025-02-11
64,Collection Threat,Clothing,41,110.82,2025-02-11
65,Clearly Affect,Clothing,104,260.51,2025-02-11
66,Yet Industry,Grocery,122,11.93,2025-02-11
67,Democrat Goal,Sports,172,49.61,2025-02-11
68,Two Week,Grocery,135,342.27,2025-02-11
69,Side Church,Sports,111,72.39,2025-02-11
70,Ago Special,Toys,179,284.74,2025-02-11
71,Miss Develop,Sports,93,308.63,2025-02-11
72,Admit Road,Electronics,198,365.71,2025-02-11
73,Meet Theory,Grocery,151,197.62,2025-02-11
74,Debate Argue,Home,192,200.0,2025-02-11
75,Quite Election,Toys,111,398.87,2025-02-11
76,Involve Box,Electronics,99,294.0,2025-02-11
77,Machine My,Toys,175,386.33,2025-02-11
78,Type Statement,Sports,116,189.73,2025-02-11
79,Door Here,Clothing,53,80.79,2025-02-11
80,Director Site,Home,178,143.39,2025-02-11
81,Material Stage,Sports,180,344.15,2025-02-11
82,Summer Our,Clothing,14,366.87,2025-02-11
83,Too Kind,Toys,173,155.26,2025-02-11
84,Home Why,Sports,109,15.79,2025-02-11
85,Drive Full,Home,22,320.32,2025-02-11
86,Front Beat,Home,187,476.39,2025-02-11
87,Box Enough,Grocery,143,465.68,2025-02-11
88,Year Long,Grocery,17,41.36,2025-02-11
89,Set Perhaps,Sports,71,406.74,2025-02-11
90,Tree Change,Home,77,52.34,2025-02-11
91,Impact According,Grocery,42,362.04,2025-02-11
92,Fund Place,Sports,63,303.76,2025-02-11
93,Director Clear,Grocery,88,445.81,2025-02-11
94,Him Whether,Toys,172,454.64,2025-02-11
95,Ok House,Electronics,135,371.98,2025-02-11
96,Owner Resource,Sports,117,421.47,2025-02-11
97,Style Morning,Home,11,458.86,2025-02-11
98,Fall Wait,Grocery,83,165.45,2025-02-11
99,Score Hotel,Sports,37,99.29,2025-02-11
100,Course Oil,Home,76,231.64,2025-02-11
101,Close Technology,Electronics,25,415.58,2025-02-11
102,Away After,Grocery,80,246.85,2025-02-11
103,Student Leg,Electronics,186,354.17,2025-02-11
104,Century Step,Toys,106,310.2,2025-02-11
105,Big Account,Toys,181,229.31,2025-02-11
106,Situation Operation,Clothing,153,391.79,2025-02-11
107,Call Establish,Sports,123,212.67,2025-02-11
108,Every Control,Home,169,44.15,2025-02-11
109,Wall Analysis,Grocery,61,298.77,2025-02-11
110,Get Degree,Grocery,26,268.74,2025-02-11
111,Act Beautiful,Grocery,133,185.17,2025-02-11
112,Kitchen Past,Grocery,110,15.27,2025-02-11
113,Road Network,Electronics,187,407.84,2025-02-11
114,These Five,Grocery,69,42.83,2025-02-11
115,Industry Take,Grocery,89,40.59,2025-02-11
116,Theory Will,Toys,183,6.1,2025-02-11
117,Find Where,Toys,163,287.68,2025-02-11
118,As Stage,Grocery,66,204.55,2025-02-11
