item_id,item_name,category,quantity,price,restock_date
1,Sound View,Grocery,160,367.97,2025-02-11
2,Surface While,Grocery,35,423.29,2025-02-11
3,He Cold,Home,176,9.97,2025-02-11
4,Work Article,Home,35,481.04,2025-02-11
5,Floor Conference,Toys,140,297.29,2025-02-11
6,Health Science,Home,14,482.18,2025-02-11
7,Talk Only,Grocery,149,229.98,2025-02-11
8,Specific Collection,Toys,167,243.53,2025-02-11
9,Radio Police,Toys,195,154.26,2025-02-11
10,Show Land,Clothing,139,334.4,2025-02-11
11,Instead Clear,Clothing,160,257.35,2025-02-11
12,Air Oil,Home,107,236.51,2025-02-11
13,Service Seat,Home,15,175.23,2025-02-11
14,Bank Culture,Sports,1,80.38,2025-02-11
15,Fall Realize,Clothing,35,388.09,2025-02-11
16,Present Maintain,Clothing,157,343.56,2025-02-11
17,Ever Than,Grocery,139,188.58,2025-02-11
18,Performance Thousand,Sports,178,294.48,2025-02-11
19,Prevent Speak,Electronics,14,273.51,2025-02-11
20,Approach Project,Toys,144,53.15,2025-02-11
21,Them Task,Clothing,200,298.2,2025-02-11
22,Cup Thing,Toys,158,414.08,2025-02-11
23,Walk See,Toys,1,106.99,2025-02-11
24,Director Tree,Sports,20,203.07,2025-02-11
25,Enter Serve,Toys,139,75.04,2025-02-11
26,She Team,Grocery,9,70.37,2025-02-11
27,Argue Explain,Grocery,62,158.66,2025-02-11
28,Traditional Weight,Toys,130,387.42,2025-02-11
29,Executive Cell,Grocery,135,143.18,2025-02-11
30,Director Do,Grocery,21,145.0,2025-02-11
31,Phone Think,Electronics,150,488.38,2025-02-11
32,Region Few,Clothing,100,1.17,2025-02-11
33,Large Order,Grocery,192,330.4,2025-02-11
34,Whose Personal,Electronics,200,208.45,2025-02-11
35,Culture Dark,Toys,167,161.86,2025-02-11
36,Our Be,Toys,21,383.19,2025-02-11
37,Ahead Treat,Clothing,55,273.92,2025-02-11
38,Likely Face,Electronics,137,399.2,2025-02-11
39,Trouble Fly,Home,23,418.19,2025-02-11
40,Lay Quickly,Grocery,65,437.15,2025-02-11
41,Design Off,Sports,89,358.32,2025-02-11
42,But Usually,Home,150,453.95,2025-02-11
43,According Citizen,Sports,14,26.83,2025-02-11
44,Truth Provide,Grocery,133,197.78,2025-02-11
45,Discuss I,Toys,37,22.86,2025-02-11
46,Interview Though,Toys,18,37.69,2025-02-11
47,Between Upon,Clothing,80,261.25,2025-02-11
48,Raise Hope,Clothing,135,373.1,2025-02-11
49,Then Degree,Home,169,382.44,2025-02-11
50,Staff South,Electronics,103,175.03,2025-02-11
51,Easy Mouth,Grocery,74,41.31,2025-02-11
52,Pm Effort,Grocery,44,420.61,2025-02-11
53,Arrive Provide,Sports,127,27.77,2025-02-11
54,Past Tend,Electronics,139,365.42,2025-02-11
55,Example Interest,Home,85,450.52,2025-02-11
56,There Congress,Home,40,355.94,2025-02-11
57,Seven Sing,Electronics,130,295.27,2025-02-11
58,Situation Oil,Clothing,134,446.03,2025-02-11
59,Population Factor,Electronics,175,100.71,2025-02-11
60,Thousand Among,Toys,86,168.56,2025-02-11
61,Anyone Two,Grocery,174,368.21,2025-02-11
62,Full Yard,Sports,8,16.85,2025-02-11
63,Possible During,Clothing,45,97.53,2025-02-11
64,Customer Her,Sports,8,89.04,2025-02-11
65,Environment Tough,Sports,32,435.96,2025-02-11
66,Feel Hear,Clothing,182,259.41,2025-02-11
67,Actually Because,Grocery,11,401.02,2025-02-11
68,Card Radio,Toys,189,84.55,2025-02-11
69,Heart Treat,Home,101,484.66,2025-02-11
70,Ready After,Home,17,213.09,2025-02-11
71,School Former,Sports,178,42.01,2025-02-11
72,Result Method,Home,177,420.37,2025-02-11
73,Past Assume,Toys,195,80.73,2025-02-11
74,Glass Right,Toys,124,106.45,2025-02-11
75,No Player,Sports,95,397.18,2025-02-11
76,How Understand,Home,124,1.28,2025-02-11
77,Fact If,Electronics,55,234.63,2025-02-11
78,Alone Vote,Clothing,162,309.32,2025-02-11
79,Hot Senior,Clothing,88,199.85,2025-02-11
80,Memory Tax,Grocery,94,368.73,2025-02-11
81,Remember Easy,Clothing,164,188.86,2025-02-11
82,Else Dog,Home,157,386.94,2025-02-11
83,Probably Friend,Sports,137,200.45,2025-02-11
84,Teacher Opportunity,Sports,104,370.53,2025-02-11
85,Movement Company,Home,63,391.22,2025-02-11
86,Less Increase,Grocery,165,113.25,2025-02-11
87,Maintain Also,Home,96,395.23,2025-02-11
88,Ten Less,Toys,79,170.32,2025-02-11
89,Wind Term,Clothing,85,386.26,2025-02-11
90,Family Admit,Clothing,150,444.4,2025-02-11
91,Radio Work,Toys,83,197.04,2025-02-11
92,Forget History,Clothing,51,364.99,2025-02-11
93,Leg Own,Toys,116,287.24,2025-02-11
94,Line Drive,Grocery,13,151.47,2025-02-11
95,Interest Behavior,Sports,105,384.25,2025-02-11
96,Reason Hope,Clothing,190,278.05,2025-02-11
97,Whether Difficult,Clothing,7,258.89,2025-02-11
98,Pull Speech,Electronics,191,47.35,2025-02-11
99,State Myself,Clothing,154,437.11,2025-02-11
100,Quality Off,Sports,157,13.1,2025-02-11
101,Reason Affect,Clothing,46,32.25,2025-02-11
102,Should Site,Clothing,91,452.05,2025-02-11
103,Analysis Growth,Sports,81,22.36,2025-02-11
104,If Themselves,Electronics,148,253.0,2025-02-11
105,Standard Reflect,Electronics,190,349.92,2025-02-11
106,Movement Single,Home,25,137.41,2025-02-11
107,Allow Cultural,Clothing,185,141.17,2025-02-11
108,Require Store,Clothing,160,302.34,2025-02-11
109,One Game,Home,81,146.18,2025-02-11
110,Various Foreign,Electronics,11,394.11,2025-02-11
111,Develop Situation,Home,142,369.53,2025-02-11
112,Subject Decide,Electronics,10,178.99,2025-02-11
113,There Share,Electronics,75,257.78,2025-02-11
114,Program Possible,Home,143,340.17,2025-02-11
115,Perform Director,Grocery,130,236.27,2025-02-11
116,Protect However,Toys,129,118.01,2025-02-11
117,Their One,Home,172,219.21,2025-02-11
118,But Situation,Electronics,159,222.72,2025-02-11
119,Measure Effort,Grocery,104,458.6,2025-02-11
120,Phone Style,Clothing,96,173.33,2025-02-11
121,Job Start,Clothing,21,254.88,2025-02-11
122,Character Magazine,Home,92,177.76,2025-02-11
123,Country Central,Grocery,127,13.91,2025-02-11
124,Any Member,Home,114,22.53,2025-02-11
125,Notice Security,Sports,178,196.54,2025-02-11
126,Team Term,Toys,49,182.19,2025-02-11
127,Similar Company,Sports,197,361.1,2025-02-11
128,Than Notice,Grocery,103,382.82,2025-02-11
129,Change See,Electronics,89,64.42,2025-02-11
130,Not Spring,Clothing,148,103.6,2025-02-11
131,Story Wind,Grocery,67,498.36,2025-02-11
132,Process Discussion,Electronics,135,224.24,2025-02-11
133,Huge Feel,Sports,13,494.26,2025-02-11
134,Wonder Perform,Clothing,12,464.76,2025-02-11
135,Experience New,Grocery,26,333.7,2025-02-11
136,Western Stay,Sports,100,196.47,2025-02-11
137,Last News,Sports,38,263.52,2025-02-11
138,Girl Family,Grocery,82,498.33,2025-02-11
139,Value Perhaps,Toys,159,298.39,2025-02-11
140,Television Population,Home,114,169.04,2025-02-11
141,People Someone,Toys,10,325.77,2025-02-11
142,Although Another,Home,173,1.53,2025-02-11
143,Yourself Quickly,Home,99,52.13,2025-02-11
144,Rich Event,Grocery,60,289.9,2025-02-11
145,Every Western,Grocery,62,162.61,2025-02-11
146,Moment This,Home,14,273.99,2025-02-11
147,Car Opportunity,Grocery,154,193.4,2025-02-11
148,Deal Stock,Clothing,51,302.65,2025-02-11
149,Wish Financial,Home,106,38.54,2025-02-11
150,Girl President,Sports,94,493.94,2025-02-11
151,To Consider,Grocery,68,307.74,2025-02-11
152,Buy Why,Clothing,72,44.27,2025-02-11
153,Free It,Sports,178,42.66,2025-02-11
154,Believe Draw,Grocery,74,436.48,2025-02-11
155,Week Term,Electronics,99,51.2,2025-02-11
156,East Ground,Clothing,2,156.82,2025-02-11
