item_id,item_name,category,quantity,price,restock_date
1,Affect During,Electronics,130,171.56,2025-02-11
2,Hair Move,Clothing,27,485.78,2025-02-11
3,Gun White,Toys,84,339.27,2025-02-11
4,Color Paper,Clothing,121,339.53,2025-02-11
5,Long Suddenly,Electronics,98,212.5,2025-02-11
6,Use Forward,Home,149,84.23,2025-02-11
7,Front Student,Clothing,49,470.59,2025-02-11
8,Quality Culture,Electronics,3,98.06,2025-02-11
9,Participant Measure,Toys,87,313.28,2025-02-11
10,Project Page,Sports,133,439.28,2025-02-11
11,Always Child,Home,142,137.53,2025-02-11
12,Us Fear,Home,35,68.03,2025-02-11
13,Measure Detail,Home,116,309.59,2025-02-11
14,Maybe Him,Grocery,151,256.98,2025-02-11
15,Anyone Yourself,Grocery,127,431.38,2025-02-11
16,Cost Charge,Toys,157,124.36,2025-02-11
17,Character Draw,Toys,95,318.09,2025-02-11
18,Because Perform,Electronics,41,43.65,2025-02-11
19,Or Prevent,Clothing,108,378.32,2025-02-11
20,Democrat Finish,Sports,158,62.64,2025-02-11
21,Door News,Clothing,21,376.58,2025-02-11
22,She Mr,Clothing,17,363.67,2025-02-11
23,Color Possible,Home,100,449.54,2025-02-11
24,Blood Teacher,Grocery,93,16.09,2025-02-11
25,Practice Begin,Clothing,175,93.1,2025-02-11
26,Several Performance,Electronics,148,162.7,2025-02-11
27,Force Catch,Sports,160,491.59,2025-02-11
28,Month But,Electronics,75,360.29,2025-02-11
29,Down Care,Electronics,113,310.6,2025-02-11
30,Thousand Player,Electronics,196,163.19,2025-02-11
31,Improve Doctor,Sports,133,217.9,2025-02-11
32,Own Rule,Toys,10,292.84,2025-02-11
33,Example Expect,Toys,85,467.88,2025-02-11
34,Second Yes,Home,82,259.84,2025-02-11
35,Recent Full,Sports,58,307.4,2025-02-11
36,Offer Paper,Home,85,416.0,2025-02-11
37,Stage Fire,Clothing,137,477.26,2025-02-11
38,Produce Teach,Toys,52,56.45,2025-02-11
39,Trial Kid,Sports,118,269.98,2025-02-11
40,Unit Beyond,Clothing,63,288.19,2025-02-11
41,Quite Strong,Home,25,135.06,2025-02-11
42,Pay Alone,Electronics,166,424.05,2025-02-11
43,Professor Each,Clothing,95,266.41,2025-02-11
44,Feeling Parent,Grocery,121,151.16,2025-02-11
45,Gun Role,Home,176,157.09,2025-02-11
46,Radio Share,Sports,111,24.2,2025-02-11
47,Blue Whole,Clothing,99,446.99,2025-02-11
48,Opportunity Remember,Electronics,88,297.57,2025-02-11
49,Continue Choose,Grocery,188,211.67,2025-02-11
50,Between Television,Clothing,28,281.62,2025-02-11
51,Write How,Home,175,350.25,2025-02-11
52,People Enjoy,Grocery,69,403.36,2025-02-11
53,Building Top,Sports,78,188.25,2025-02-11
54,Owner Each,Electronics,101,346.19,2025-02-11
55,Traditional Television,Sports,26,173.17,2025-02-11
56,Staff Remember,Toys,157,491.72,2025-02-11
57,Skill Home,Electronics,65,367.04,2025-02-11
58,All Close,Toys,25,132.04,2025-02-11
59,Suggest Try,Toys,86,445.97,2025-02-11
60,Election Eat,Sports,164,67.14,2025-02-11
61,Foreign Else,Clothing,194,347.65,2025-02-11
62,Senior Claim,Sports,193,366.35,2025-02-11
63,Feel Million,Home,74,125.0,2025-02-11
64,Maintain Experience,Toys,155,106.37,2025-02-11
65,Activity Side,Toys,4,86.17,2025-02-11
66,Page Spring,Sports,113,280.82,2025-02-11
67,Court Charge,Home,60,432.53,2025-02-11
68,Unit Single,Home,92,307.94,2025-02-11
69,Make Fall,Sports,193,58.06,2025-02-11
70,Vote Politics,Clothing,71,301.81,2025-02-11
71,Her Today,Electronics,199,208.23,2025-02-11
72,Be She,Toys,130,423.84,2025-02-11
73,While Mouth,Sports,14,414.66,2025-02-11
74,Cause Election,Grocery,130,448.62,2025-02-11
75,Institution Particularly,Clothing,67,297.99,2025-02-11
76,Fact Peace,Clothing,61,146.02,2025-02-11
77,Message Record,Home,5,226.38,2025-02-11
78,Get Marriage,Home,41,191.01,2025-02-11
79,List Force,Home,77,360.15,2025-02-11
80,Walk Possible,Home,192,82.1,2025-02-11
81,Expect Billion,Grocery,183,179.83,2025-02-11
82,Get Me,Toys,166,207.89,2025-02-11
83,Similar Partner,Toys,67,410.25,2025-02-11
84,Garden Bag,Grocery,84,64.92,2025-02-11
85,Parent Ok,Home,121,411.2,2025-02-11
86,Central End,Grocery,65,100.62,2025-02-11
87,Camera Group,Toys,125,116.8,2025-02-11
88,Million Very,Home,35,345.66,2025-02-11
89,Science May,Clothing,187,353.78,2025-02-11
90,Per Difficult,Clothing,186,305.35,2025-02-11
91,If Must,Clothing,61,343.85,2025-02-11
92,Relationship Customer,Toys,68,205.53,2025-02-11
93,Pick Bag,Grocery,77,355.86,2025-02-11
94,Dog Plan,Home,184,383.56,2025-02-11
95,Involve Fund,Home,96,195.16,2025-02-11
96,Son One,Home,29,285.15,2025-02-11
97,Body Purpose,Clothing,171,122.14,2025-02-11
98,Have Prepare,Grocery,147,484.99,2025-02-11
99,Various Glass,Clothing,36,110.34,2025-02-11
100,His Type,Home,80,254.62,2025-02-11
101,Kitchen Road,Toys,136,445.46,2025-02-11
102,Thought Likely,Grocery,125,351.8,2025-02-11
103,Theory Activity,Grocery,137,292.09,2025-02-11
104,Say Public,Home,71,100.33,2025-02-11
105,Budget World,Sports,73,340.49,2025-02-11
106,Decision Start,Clothing,161,468.14,2025-02-11
107,Call Majority,Home,114,331.21,2025-02-11
108,Shoulder Protect,Clothing,198,67.37,2025-02-11
109,How Which,Home,154,42.01,2025-02-11
110,Summer Law,Grocery,49,92.18,2025-02-11
111,Pretty Audience,Toys,86,110.88,2025-02-11
112,Too Year,Toys,39,229.57,2025-02-11
113,Page Full,Home,134,68.89,2025-02-11
114,Change Hundred,Clothing,188,157.21,2025-02-11
115,Fund Table,Home,197,290.16,2025-02-11
116,Audience Specific,Grocery,89,11.15,2025-02-11
117,Material Run,Toys,88,138.56,2025-02-11
118,Make Institution,Toys,68,70.56,2025-02-11
119,Two Mind,Home,103,472.11,2025-02-11
120,Prevent Onto,Grocery,32,293.39,2025-02-11
121,Business Fall,Home,161,317.06,2025-02-11
122,Put Local,Electronics,133,59.06,2025-02-11
123,Great Rather,Clothing,35,413.79,2025-02-11
124,Dark Production,Sports,138,58.83,2025-02-11
125,Everyone Before,Grocery,3,495.94,2025-02-11
126,To Kid,Electronics,115,268.81,2025-02-11
127,Science Too,Home,140,495.71,2025-02-11
128,Resource Floor,Sports,133,242.48,2025-02-11
129,Bank Among,Home,2,230.2,2025-02-11
130,Drive Whose,Grocery,163,153.99,2025-02-11
131,So Walk,Electronics,168,274.55,2025-02-11
132,Old Relate,Toys,157,190.65,2025-02-11
133,Community Event,Clothing,28,401.32,2025-02-11
134,Create Sure,Home,135,63.73,2025-02-11
135,Summer Half,Electronics,119,451.89,2025-02-11
