item_id,item_name,category,quantity,price,restock_date
1,Stop Discuss,Clothing,136,178.67,2025-02-11
2,Her Box,Electronics,143,322.22,2025-02-11
3,Bad Next,Home,132,171.08,2025-02-11
4,Go Entire,Clothing,78,133.18,2025-02-11
5,Finally Question,Electronics,178,14.52,2025-02-11
6,Attorney Throw,Home,78,394.22,2025-02-11
7,Rise Police,Electronics,47,242.3,2025-02-11
8,Above Democratic,Sports,195,132.24,2025-02-11
9,Political Indicate,Sports,170,211.15,2025-02-11
10,Here Charge,Sports,1,253.39,2025-02-11
11,School From,Home,26,262.32,2025-02-11
12,Question Piece,Electronics,185,198.42,2025-02-11
13,Turn Meeting,Clothing,93,88.65,2025-02-11
14,Child Success,Grocery,153,155.37,2025-02-11
15,History Interest,Grocery,10,158.28,2025-02-11
16,American Owner,Toys,60,404.03,2025-02-11
17,Local West,Sports,189,200.34,2025-02-11
18,Technology President,Electronics,169,88.71,2025-02-11
19,Record While,Home,96,79.26,2025-02-11
20,Worry Arrive,Home,133,99.32,2025-02-11
21,Use Simple,Electronics,192,344.15,2025-02-11
22,Home Official,Grocery,116,366.65,2025-02-11
23,Game Data,Home,108,297.69,2025-02-11
24,Night Over,Electronics,79,364.08,2025-02-11
25,Over Stage,Toys,164,225.86,2025-02-11
26,This Window,Electronics,54,210.53,2025-02-11
27,Play Ten,Grocery,131,317.95,2025-02-11
28,Mind Represent,Electronics,79,154.18,2025-02-11
29,None Cut,Home,40,204.63,2025-02-11
30,Explain Former,Clothing,48,93.62,2025-02-11
31,Tv Assume,Sports,41,476.23,2025-02-11
32,Answer Second,Clothing,40,274.49,2025-02-11
33,Manage Its,Electronics,124,272.31,2025-02-11
34,Example Safe,Electronics,183,484.76,2025-02-11
35,Decide Give,Electronics,39,136.71,2025-02-11
36,Hair Imagine,Home,63,131.59,2025-02-11
37,Perhaps Her,Home,164,272.39,2025-02-11
38,Degree These,Grocery,30,383.72,2025-02-11
39,Last Responsibility,Clothing,109,221.18,2025-02-11
40,Finish Site,Sports,178,146.76,2025-02-11
41,Work Model,Electronics,118,348.37,2025-02-11
42,Three Culture,Home,69,344.46,2025-02-11
43,Arrive North,Toys,191,17.6,2025-02-11
44,Individual Idea,Grocery,22,124.85,2025-02-11
45,Party Politics,Electronics,25,15.28,2025-02-11
46,Most Wide,Sports,3,350.1,2025-02-11
47,Close Sister,Sports,58,268.77,2025-02-11
48,Wide Meet,Home,176,262.56,2025-02-11
49,Manager Cell,Toys,106,438.28,2025-02-11
50,They Treat,Grocery,45,160.23,2025-02-11
51,Responsibility Arrive,Clothing,23,57.65,2025-02-11
52,Old Spring,Toys,38,474.99,2025-02-11
53,Message Act,Sports,160,276.31,2025-02-11
54,Rather Risk,Home,41,347.87,2025-02-11
55,Walk Million,Clothing,108,135.07,2025-02-11
56,Wind Charge,Clothing,92,295.81,2025-02-11
57,Notice Fish,Electronics,68,365.08,2025-02-11
58,Theory Number,Grocery,169,227.85,2025-02-11
59,At Occur,Toys,64,265.28,2025-02-11
60,Tell Such,Sports,114,132.37,2025-02-11
61,Condition Like,Toys,21,366.8,2025-02-11
62,Nearly Spring,Home,73,401.18,2025-02-11
63,Left Scientist,Electronics,93,117.71,2025-02-11
64,Return Now,Sports,95,86.03,2025-02-11
65,Sister Mean,Home,159,226.17,2025-02-11
66,Away Beat,Clothing,176,261.47,2025-02-11
67,Allow Fight,Grocery,27,95.9,2025-02-11
68,Nation Eight,Clothing,30,383.82,2025-02-11
69,Professional Degree,Grocery,59,46.74,2025-02-11
70,When Occur,Clothing,182,101.35,2025-02-11
71,You Data,Electronics,22,187.21,2025-02-11
72,Adult Where,Sports,182,429.24,2025-02-11
73,Difficult Hear,Toys,179,486.37,2025-02-11
74,Work Measure,Sports,115,471.08,2025-02-11
75,We Hotel,Toys,2,60.33,2025-02-11
76,No Finally,Sports,139,185.66,2025-02-11
77,Skin Ability,Sports,23,117.63,2025-02-11
78,Radio Baby,Clothing,129,288.0,2025-02-11
79,Stock Air,Home,91,147.32,2025-02-11
80,Join Hope,Sports,158,308.27,2025-02-11
81,Risk Focus,Sports,156,118.64,2025-02-11
82,Now Evening,Sports,150,152.37,2025-02-11
83,Science Myself,Grocery,64,146.37,2025-02-11
84,Night Tv,Sports,81,362.54,2025-02-11
85,Chance Write,Sports,2,71.76,2025-02-11
86,Apply Must,Clothing,16,230.42,2025-02-11
87,Should Rate,Grocery,82,73.92,2025-02-11
88,Modern Wall,Toys,146,118.65,2025-02-11
89,Follow Ask,Toys,2,39.2,2025-02-11
90,Check Resource,Grocery,101,330.24,2025-02-11
91,Cost Shake,Clothing,190,95.96,2025-02-11
92,Attention Source,Clothing,71,179.74,2025-02-11
93,Sound Draw,Grocery,37,396.69,2025-02-11
94,Night Nice,Home,67,59.18,2025-02-11
95,Care Benefit,Grocery,73,177.31,2025-02-11
96,Police Choose,Toys,164,313.95,2025-02-11
97,Power Happy,Grocery,162,143.76,2025-02-11
98,Whose Air,Sports,197,233.94,2025-02-11
99,Mrs Relate,Electronics,176,14.04,2025-02-11
100,Especially President,Toys,175,153.06,2025-02-11
101,Little My,Grocery,125,374.85,2025-02-11
102,Carry Debate,Sports,45,130.45,2025-02-11
103,Majority Painting,Home,176,380.02,2025-02-11
104,Reach Never,Grocery,141,14.67,2025-02-11
105,Night Study,Toys,88,270.72,2025-02-11
106,Ask Yeah,Toys,11,253.38,2025-02-11
107,Maintain Discuss,Home,145,281.33,2025-02-11
108,Executive Upon,Electronics,34,130.74,2025-02-11
109,Reduce Itself,Toys,93,313.23,2025-02-11
110,Yourself Anything,Grocery,70,201.66,2025-02-11
111,Site Argue,Electronics,185,143.92,2025-02-11
112,Pass Fear,Sports,131,408.36,2025-02-11
113,Network Writer,Toys,127,244.45,2025-02-11
114,Hope Have,Clothing,47,134.76,2025-02-11
115,Direction Walk,Sports,133,220.7,2025-02-11
116,Money Them,Home,154,232.52,2025-02-11
117,Benefit Camera,Toys,195,155.16,2025-02-11
118,Upon Bad,Sports,184,418.21,2025-02-11
119,Sound Staff,Sports,91,253.53,2025-02-11
120,Couple Both,Toys,51,259.3,2025-02-11
121,Go Worker,Sports,161,346.61,2025-02-11
122,Claim Radio,Home,8,401.38,2025-02-11
123,Information Big,Sports,200,135.62,2025-02-11
124,Debate Assume,Sports,181,42.06,2025-02-11
125,With Fly,Home,86,81.95,2025-02-11
126,Score Memory,Toys,132,94.41,2025-02-11
127,Head Tend,Electronics,182,56.94,2025-02-11
128,Candidate Letter,Clothing,14,404.83,2025-02-11
129,Account Particular,Electronics,22,74.82,2025-02-11
130,Health Throw,Grocery,185,487.15,2025-02-11
131,Action Skin,Clothing,177,56.1,2025-02-11
132,Most Political,Electronics,10,12.65,2025-02-11
133,The Major,Clothing,119,41.96,2025-02-11
134,Too New,Grocery,178,236.13,2025-02-11
135,He Way,Home,68,346.59,2025-02-11
136,Prove Hope,Sports,7,433.16,2025-02-11
137,Listen Teacher,Toys,96,493.93,2025-02-11
138,Magazine Gas,Clothing,40,267.73,2025-02-11
139,Agent Language,Toys,178,327.4,2025-02-11
140,Avoid View,Sports,2,175.76,2025-02-11
141,Wind Purpose,Clothing,158,174.03,2025-02-11
142,Trade Car,Clothing,147,277.66,2025-02-11
143,Specific Whole,Sports,90,326.88,2025-02-11
144,Too Practice,Electronics,133,351.64,2025-02-11
145,Develop Letter,Sports,28,233.78,2025-02-11
