item_id,item_name,category,quantity,price,restock_date
1,Watch Office,Clothing,122,23.91,2025-02-11
2,Fish Tv,Home,194,425.81,2025-02-11
3,Yourself Board,Sports,154,83.55,2025-02-11
4,Open Law,Electronics,2,457.26,2025-02-11
5,Trade Mr,Electronics,42,421.06,2025-02-11
6,Camera Reduce,Electronics,153,412.66,2025-02-11
7,Tax Process,Electronics,61,79.74,2025-02-11
8,Any City,Electronics,80,207.49,2025-02-11
9,Blue Success,Grocery,186,291.15,2025-02-11
10,Along Color,Grocery,194,408.05,2025-02-11
11,Store Last,Home,57,52.94,2025-02-11
12,Challenge Good,Electronics,60,497.56,2025-02-11
13,Forward Generation,Clothing,52,311.02,2025-02-11
14,Perform Those,Home,83,220.76,2025-02-11
15,Power Read,Sports,100,163.68,2025-02-11
16,Imagine Alone,Clothing,54,314.59,2025-02-11
17,World Sport,Toys,117,29.92,2025-02-11
18,Father My,Toys,74,363.31,2025-02-11
19,Development Reveal,Home,91,173.32,2025-02-11
20,President Second,Home,120,160.43,2025-02-11
21,Sport Face,Toys,194,39.63,2025-02-11
22,Us Less,Toys,128,449.6,2025-02-11
23,Fine They,Toys,134,214.38,2025-02-11
24,Picture The,Toys,136,23.99,2025-02-11
25,Trial Also,Grocery,2,299.28,2025-02-11
26,Learn Fly,Home,42,386.44,2025-02-11
27,Official Line,Toys,75,229.07,2025-02-11
28,Worry Six,Sports,127,298.18,2025-02-11
29,Attention Check,Home,136,346.69,2025-02-11
30,Choice Think,Electronics,95,218.46,2025-02-11
31,Should Including,Toys,58,201.69,2025-02-11
32,Professor Allow,Toys,187,248.3,2025-02-11
33,Staff Staff,Grocery,29,95.08,2025-02-11
34,Drive Because,Toys,84,162.91,2025-02-11
35,Always Ago,Grocery,1,489.24,2025-02-11
36,Peace Environmental,Sports,180,404.19,2025-02-11
37,Under Cause,Home,140,8.99,2025-02-11
38,Travel Street,Electronics,170,168.74,2025-02-11
39,By Report,Grocery,107,447.16,2025-02-11
40,Trade Dinner,Toys,89,408.84,2025-02-11
41,Home Already,Home,137,214.67,2025-02-11
42,Computer Full,Grocery,43,414.93,2025-02-11
43,Science Sense,Toys,157,434.17,2025-02-11
44,Decision Because,Clothing,152,96.75,2025-02-11
45,Right Sign,Electronics,43,414.9,2025-02-11
46,Themselves Drug,Electronics,66,287.92,2025-02-11
47,Subject Fill,Toys,137,180.06,2025-02-11
48,Through Television,Grocery,65,403.26,2025-02-11
49,Safe Establish,Sports,108,422.57,2025-02-11
50,Simply Inside,Grocery,50,104.07,2025-02-11
51,Organization Watch,Sports,159,108.47,2025-02-11
52,Sound Fight,Electronics,183,54.59,2025-02-11
53,Customer Eye,Home,2,346.88,2025-02-11
54,Talk Bring,Grocery,13,381.41,2025-02-11
55,Listen Human,Toys,22,259.57,2025-02-11
56,Win Fly,Home,121,451.86,2025-02-11
57,Customer Teacher,Toys,2,332.81,2025-02-11
58,Decide Police,Electronics,57,417.78,2025-02-11
59,Respond Out,Electronics,25,343.05,2025-02-11
60,Ok She,Toys,56,309.25,2025-02-11
61,Rather Ok,Home,100,22.82,2025-02-11
62,What Create,Electronics,75,29.08,2025-02-11
63,Bring Those,Home,124,173.99,2025-02-11
64,Hear Those,Home,42,465.2,2025-02-11
65,Focus Card,Clothing,37,126.54,2025-02-11
66,Watch Yet,Sports,63,481.13,2025-02-11
67,Team Minute,Toys,65,228.05,2025-02-11
68,Strong Prepare,Sports,191,320.18,2025-02-11
69,Century Security,Clothing,172,406.89,2025-02-11
70,Generation Officer,Grocery,38,95.56,2025-02-11
71,Sell Answer,Clothing,127,431.31,2025-02-11
72,Perform Choice,Clothing,115,14.36,2025-02-11
73,Light Husband,Electronics,129,445.15,2025-02-11
74,Human Political,Grocery,196,166.97,2025-02-11
75,Great Sense,Clothing,165,19.7,2025-02-11
76,Also Soon,Toys,109,155.62,2025-02-11
77,Choice To,Sports,185,44.56,2025-02-11
78,Mind Material,Grocery,137,286.48,2025-02-11
79,Day Assume,Grocery,37,265.42,2025-02-11
80,Everyone Central,Grocery,32,378.92,2025-02-11
81,Edge Down,Home,90,194.04,2025-02-11
82,Show Stage,Home,197,236.74,2025-02-11
83,Expect Soon,Home,90,190.65,2025-02-11
84,Under People,Electronics,60,90.29,2025-02-11
85,One Successful,Clothing,141,291.72,2025-02-11
86,More Actually,Home,171,449.18,2025-02-11
87,Eat Experience,Electronics,148,133.41,2025-02-11
88,Entire Gun,Toys,43,351.24,2025-02-11
89,Though Tough,Electronics,142,48.64,2025-02-11
90,Series Perform,Grocery,35,472.7,2025-02-11
91,Suffer Baby,Clothing,1,277.27,2025-02-11
92,Nature Social,Toys,180,297.05,2025-02-11
93,Decade What,Grocery,148,465.35,2025-02-11
94,Consumer Small,Electronics,103,384.58,2025-02-11
95,Media Baby,Sports,157,413.68,2025-02-11
96,Town Safe,Clothing,173,278.09,2025-02-11
97,Rise Almost,Sports,19,181.63,2025-02-11
98,Ever Buy,Grocery,168,405.84,2025-02-11
99,Moment Example,Home,36,44.57,2025-02-11
100,Region Not,Home,195,407.23,2025-02-11
101,Outside Expert,Electronics,133,328.58,2025-02-11
102,While Direction,Electronics,159,30.29,2025-02-11
103,Share Pressure,Clothing,185,110.86,2025-02-11
104,Accept Close,Clothing,127,277.13,2025-02-11
105,Sit Manage,Grocery,168,485.35,2025-02-11
106,State Only,Grocery,70,1.02,2025-02-11
107,Significant Thing,Electronics,176,336.56,2025-02-11
108,Long Service,Sports,127,420.64,2025-02-11
109,Edge City,Grocery,107,341.66,2025-02-11
110,Company Mission,Home,36,12.07,2025-02-11
111,Realize Until,Home,114,222.19,2025-02-11
112,Kind Me,Home,66,162.29,2025-02-11
113,Night Author,Electronics,188,87.54,2025-02-11
114,Color Class,Electronics,151,37.41,2025-02-11
115,Leave Name,Grocery,183,34.04,2025-02-11
116,Member Bag,Electronics,103,337.49,2025-02-11
117,Serve Sometimes,Home,184,485.32,2025-02-11
118,Two Win,Electronics,171,301.33,2025-02-11
119,Value Our,Toys,19,142.81,2025-02-11
120,Again Project,Electronics,158,271.01,2025-02-11
121,Sure Administration,Grocery,119,233.04,2025-02-11
122,Operation Box,Electronics,79,312.53,2025-02-11
123,Including Show,Grocery,55,442.61,2025-02-11
124,Step Pay,Clothing,191,197.25,2025-02-11
125,Thought Animal,Toys,135,220.35,2025-02-11
126,Baby Traditional,Sports,174,214.29,2025-02-11
127,Environmental General,Sports,1,168.38,2025-02-11
128,Person Process,Electronics,157,166.22,2025-02-11
129,Know Magazine,Clothing,200,369.98,2025-02-11
130,Someone Bar,Electronics,176,55.67,2025-02-11
131,Like Rule,Home,99,74.64,2025-02-11
132,Particular Against,Toys,21,97.45,2025-02-11
133,Bring Alone,Grocery,37,39.87,2025-02-11
134,Throw Time,Clothing,43,296.74,2025-02-11
135,Him Ten,Toys,29,38.14,2025-02-11
136,Represent Coach,Sports,115,186.13,2025-02-11
137,Rock Since,Toys,10,273.73,2025-02-11
138,Three Yet,Clothing,48,384.95,2025-02-11
