review_id,customer_id,product_id,review_text,rating
1,91,113,Reflect major professional deep let stand consumer body all popular white professor.,Good
2,84,67,Six move half wide size city student movement agreement worry watch message miss.,Excellent
3,80,70,Himself tree rock Republican scientist shoulder even rule follow.,Good
4,3,119,Hear trip field above above work professional cost public.,Poor
5,90,6,Either senior piece hospital establish point production agency apply thousand season get professor.,Poor
6,12,49,Happen page month take word south season thought say player.,Poor
7,79,47,Enjoy adult more approach pattern laugh chair.,Good
8,85,2,Picture think we evening there authority car it catch writer recognize.,Good
9,63,50,Strategy society however order according camera.,Average
10,42,112,Trouble over product letter card none school conference stage.,Excellent
11,58,52,Figure total whom style unit anyone outside clear hand.,Poor
12,21,75,Policy would data realize I task gas space idea bad approach box leave.,Average
13,98,82,Most financial whole others effect never.,Good
14,26,51,Better poor fish door structure accept star floor right.,Poor
15,61,67,Once available child position into safe human to onto court today for kid.,Excellent
16,57,5,Music decision show it leave occur through public case step seek sometimes project.,Excellent
17,44,106,Already military project get you apply us process.,Average
18,93,53,Reach after cultural read many pattern term know sport allow peace.,Good
19,77,83,Design behavior particularly quite finish organization.,Good
20,18,91,Detail significant lead activity admit job eight management ever.,Poor
21,73,102,Painting activity this this one value.,Poor
22,98,103,Per above simple worry produce sound wall red significant third vote within realize.,Good
23,2,20,Child through question statement senior police crime once kid simply drive.,Good
24,10,9,But agency notice pressure take west add PM with center evidence.,Good
25,49,57,Within film either whom talk leg its else.,Average
26,79,10,Consumer arrive over federal ago play reach.,Poor
27,20,47,Within last sign on consider visit child story big girl together environmental machine.,Excellent
28,7,114,Difficult sense since bar animal test in morning baby.,Poor
29,44,85,Understand wonder positive agreement ready action bar and certain collection board myself each.,Poor
30,54,19,Treat home defense beat always moment more wind floor around protect crime.,Good
31,50,21,Trouble pull employee certain choose show education even manage today.,Average
32,75,71,Artist realize performance black value each both cold at rest concern left.,Excellent
33,59,44,Three enough he according woman how participant trade whether think put director painting.,Good
34,52,11,Enter leg decade enough end deep.,Average
35,82,27,Thus offer surface attention eye wonder experience out.,Average
36,43,10,Occur ten throughout tree report but near type catch want century involve.,Poor
37,80,95,Stock sense shoulder whose exactly respond.,Average
38,80,36,Front practice specific about visit join image picture same.,Excellent
39,79,3,Something usually itself manager let detail both.,Excellent
40,70,90,Bit quickly challenge family above physical relate.,Good
41,5,69,Southern man party area great this visit know affect camera also.,Average
42,66,16,Wish population interest only soon born indicate trade result bed look despite.,Poor
43,7,43,Improve Mr read particular very strong consumer second analysis talk find.,Average
44,86,50,Sound company pay pretty them trouble at.,Excellent
45,26,98,Ok right spring hope simply know.,Poor
46,14,50,Response she law mention specific drug.,Average
47,94,44,Customer oil then now best stop hard indeed reduce teach yard floor teach.,Poor
48,45,118,Cold candidate whether song include box new woman general sometimes.,Poor
49,42,94,Piece write reason stay particular view nothing ago treatment else treat ground.,Poor
50,17,44,Increase then federal he guy home art true main turn available opportunity question protect.,Poor
51,54,53,Him special mouth remember theory go pick work similar thought.,Good
52,46,115,Meeting bring threat leader source risk traditional moment.,Excellent
53,45,1,Baby own Democrat close nothing century individual professional figure benefit know.,Average
54,9,28,Soldier either anything real enjoy enter central almost read that plan.,Excellent
55,39,32,Else realize plan themselves dream night choice activity life example heart nearly.,Poor
56,24,62,Material table life city body degree matter no choose yet.,Poor
57,13,48,Early law surface campaign clearly expect poor pattern.,Average
58,56,1,Social radio out here power address region tax source agreement.,Average
59,85,46,Majority almost easy anyone attention system surface road maybe step market during.,Excellent
60,16,43,Senior remain institution Mr under center none second operation but.,Good
61,40,103,Boy daughter operation bad particular then.,Poor
62,77,93,Off evening look support blood often heart fund campaign receive.,Poor
63,79,86,Decade image own staff direction oil tend better standard morning wall garden wife.,Good
64,84,101,Both green play skill family worker people what civil case study establish focus.,Poor
65,3,69,For beautiful system owner card consumer picture fish far.,Excellent
66,19,109,Glass floor guy meet model end teacher fire best energy.,Good
67,15,64,Past kid manage out tax prove action.,Excellent
68,34,90,Sister blood before five today compare modern choose.,Poor
69,4,104,Rock hair game thousand stay third set medical current election property our behavior.,Poor
70,82,3,Next second according once ability ok citizen later view garden bad evening.,Excellent
71,99,103,Almost test bad fly light interesting computer field begin near.,Good
72,42,76,Score woman new employee chair crime interest way whatever four.,Average
73,70,41,Fight stay information office wait study will cell.,Good
74,35,106,Begin responsibility reduce break plan yes still challenge.,Good
75,85,10,Stock everybody set ago yard class.,Excellent
76,59,120,Top that evidence prove participant account national food positive hundred world.,Excellent
77,10,64,Process financial first attorney phone notice left happen prepare agent.,Poor
78,30,113,Choice material democratic already recently boy both least million.,Excellent
79,19,31,Phone which drive enough ok my growth service.,Average
80,37,95,Explain hair each next my key future car.,Good
81,85,34,Order nearly together build history before.,Excellent
82,93,94,Local show together clearly involve century realize.,Poor
83,38,107,Seem include thousand environment nothing shake face.,Excellent
84,36,96,Protect management require our cut entire.,Excellent
85,97,56,Easy nearly owner near away not.,Average
86,48,119,Job popular build control strong read budget up fact.,Poor
87,17,77,Source rest beyond field while music if.,Good
88,77,93,Material leg letter recently get similar action rest fish understand church.,Average
89,75,106,Organization firm all guy garden mean leave decade plant measure hospital.,Poor
90,58,40,Policy hold fill sport happy or soldier.,Excellent
91,80,66,Personal five this whom sometimes language approach open.,Average
92,4,60,Month about above data me accept commercial night left mouth.,Good
93,36,72,Indicate evening mind though around population across realize myself me television.,Average
94,18,80,Tough more store camera season firm prove sea author dark.,Excellent
95,50,1,Interview ability way left loss late go.,Good
96,45,51,Dinner response why move take security house.,Average
97,23,29,Ever let themselves century wide fund heavy fund current authority improve camera reveal.,Good
98,30,87,End mouth stage civil person stuff wonder sure power month throw same eye.,Poor
99,13,86,Across increase realize strategy upon home bit where price never card.,Excellent
100,51,26,See surface into draw guy whole later politics pretty.,Excellent
101,67,75,Kind executive statement visit way this front accept computer artist.,Good
102,6,30,Risk building write either enter sometimes race firm huge choice beat.,Good
103,8,86,Free lot interest popular agency debate herself.,Poor
104,51,73,Less relationship night event choice buy house likely available good.,Good
105,49,39,Benefit peace allow most ask try item toward away out.,Average
106,60,68,Common personal consumer movie purpose court point among spring.,Excellent
107,79,67,Program off woman artist produce man design station service book example Republican executive.,Poor
108,23,52,Capital ask should could son instead war audience.,Poor
109,49,61,Skill book tree bring million identify light provide fact effect analysis least democratic.,Average
110,44,104,Be later item receive your loss thus during water wind strong.,Poor
111,10,52,Man morning report police phone born data tend attorney inside sign street.,Average
112,7,19,Today almost minute step green fine.,Good
113,21,71,Discover same social much toward whole.,Average
114,91,95,Head skill fear factor manager deep democratic fine memory job prove pull around wish.,Excellent
115,80,63,Modern rate second process seven box several range term night.,Good
116,30,7,Yourself look medical tree situation pattern throughout writer which.,Excellent
117,70,17,And campaign final plant give white difficult issue always truth.,Poor
118,3,30,Bill material though whatever religious born employee.,Good
119,40,69,Market thousand science beyond officer because expert out company and gas these.,Good
120,69,99,Both all along draw boy unit teacher and what artist.,Excellent
121,27,62,Consider magazine week cup likely head instead yard trouble time student.,Excellent
122,88,112,Blue mind for near would quite mind.,Poor
123,88,32,Someone activity seat loss party visit.,Good
124,6,56,How government learn who nature mean phone end add give any return front.,Average
125,93,81,Couple my catch picture keep never teach buy compare fish allow seven lose.,Good
126,81,83,As choice at health seat government then talk of space partner foot.,Average
127,56,44,Every commercial team range management up finally term must.,Poor
128,67,77,International industry eat yet where a candidate democratic quality cost.,Poor
129,59,107,Cell building soldier similar small system test son red company.,Excellent
130,7,16,Leave town doctor we investment break skill.,Excellent
131,9,73,Need within life success some energy soon win.,Excellent
132,96,20,Future part president research election religious.,Average
133,85,21,Deep significant hair around onto home research none radio themselves Republican smile mention theory.,Excellent
134,95,78,Edge worry like fish hundred quite its.,Good
135,22,38,Good society animal require again better.,Poor
136,14,79,Method claim son represent not break science night.,Average
137,12,99,Seem perform believe work improve morning big floor hot other which home.,Average
138,54,46,Build mention deal general less major.,Poor
139,11,2,Upon wonder word answer rate director young stand those white real.,Average
140,22,34,Body senior administration piece science accept high wall turn represent view father suffer.,Good
141,5,66,Return season accept culture early instead although field bit suggest full.,Good
142,95,13,Address than around century picture partner.,Poor
143,98,35,Follow every experience she which once drive.,Poor
144,70,56,Picture join never yourself education fine.,Poor
145,74,91,Minute shake purpose every within politics other population civil eight mind walk rest.,Excellent
146,27,60,Born the experience campaign owner speech evening imagine six every respond.,Poor
147,41,109,Must single shoulder believe what go expect million well the development apply at.,Poor
148,57,46,Affect no whom teacher government each even size.,Excellent
149,51,20,Draw actually his month would money material.,Average
150,7,62,Black significant perhaps teach dinner hundred group.,Average
151,13,46,Commercial upon create language specific structure simple our movement much mean.,Excellent
152,93,39,Type security short land result add think boy.,Good
153,35,5,Matter far mind really pull while.,Excellent
154,82,26,Democratic partner now responsibility system require peace I design nation machine college.,Poor
155,38,44,Economic election stock speech but development good.,Excellent
156,3,41,War head test hear left everything yard improve tree fire development.,Average
157,19,70,Although throw sing upon statement image until.,Excellent
158,82,23,Every once which might PM me radio bar message similar.,Excellent
159,9,30,Case last be discover officer have military child.,Excellent
160,59,20,Across popular late official result eat bad owner history crime try really center.,Average
161,39,18,Term father south senior value interview over time condition office there land.,Good
162,68,118,Fish door civil dinner deal suggest write.,Poor
163,39,77,Beautiful sort next make politics company.,Excellent
164,33,3,School audience anything material hundred west ever everyone finally military how.,Excellent
165,81,76,Trial expect daughter spring kid design argue science full sing everything these.,Good
166,69,97,Agreement clear our speak with hope deep any Congress although ball network.,Good
167,15,3,Size various back ten near for meet state or able sense seek.,Average
168,38,105,Dog two book executive likely above according late authority character send.,Poor
169,66,39,Within soon home wide treatment country kind thought.,Poor
170,16,95,Industry office often trade she military.,Good
171,73,82,Tonight business opportunity nice hair goal save five center clear time move.,Good
172,21,64,Team sport subject reality ago win.,Average
173,89,58,Word cause indicate dream deal him role.,Good
174,37,64,Different consider fact citizen walk method.,Poor
175,52,102,Official tonight social charge fly read treat create.,Poor
176,98,44,Prevent evening too plant team recognize Mrs research feeling suddenly summer long hard.,Good
177,86,47,Floor away space capital population hundred various subject college lead part.,Poor
178,69,40,Million us role significant half available let whose cost.,Poor
179,58,109,Bank debate continue hard can a food fall.,Average
180,49,47,Discuss onto old rate kitchen prevent public carry quite including whether newspaper store.,Average
181,47,119,Majority this not house international avoid understand allow public receive not citizen their.,Poor
182,72,32,Matter method or idea head that prevent off push painting wall process.,Poor
183,14,26,Foot century create every give control.,Poor
184,30,92,Military international front describe box professor here almost both yard possible agree wall.,Poor
185,90,102,Base brother charge control how job nation option outside public choose.,Average
186,29,69,Reality in through suggest term student environment list act alone simple wait three.,Poor
187,89,101,Sort interest join onto put culture bill cup agent.,Average
188,71,31,Cut other number station total create he community role police.,Poor
189,66,79,Between item west activity commercial professor.,Average
190,22,92,Realize five fill role chance meeting exactly dinner.,Poor
191,10,57,Tend skill new rock entire near character enjoy hit.,Poor
192,17,118,Trade fund nor foreign effect able eight leave attention to include might.,Good
193,16,70,Draw point fight mention institution offer military sure.,Excellent
194,13,69,Too probably help hotel significant radio return fall seat always again.,Excellent
195,23,12,Push least sing senior upon determine institution everybody everybody place six.,Average
196,30,13,Effect effect character region team Republican be economic agent challenge try difficult.,Excellent
197,2,80,Tv behind rule report quickly I blood consider cold city bar ago.,Poor
198,64,35,Positive dark however vote hospital fund concern available trade grow.,Average
199,38,76,While feeling size region may cost while cover discussion sound social scene.,Poor
200,60,83,Last industry board force black meeting.,Good
201,78,113,Hard half team live across choice better suggest can soon practice.,Excellent
202,24,2,Animal laugh blue red close member education wind treatment question shake.,Excellent
203,24,78,Member anything election down trip city list whom training audience interview.,Average
204,19,27,Explain someone phone artist under near represent.,Good
205,87,29,Power lay military office benefit difference suddenly treatment order threat country.,Poor
206,23,94,Way try any speech should language continue nice play pick leader.,Average
207,99,29,Begin however clearly everybody voice land.,Poor
208,29,113,Success nature blood turn let million think sense down above.,Excellent
209,13,89,Option early heavy visit either fish we too arrive charge rule.,Excellent
210,9,15,Some over manage wish should natural.,Excellent
211,91,42,Investment hit recognize expect traditional already southern north find hundred study.,Excellent
212,55,72,Some adult thing plan food what tell throw.,Poor
213,94,111,Debate study great yes say investment.,Poor
214,55,111,Natural recognize well help send new song area.,Good
215,15,81,How section take quickly whether early stay board purpose operation certain.,Excellent
216,29,8,Popular prepare current money morning smile.,Good
217,42,116,End discover candidate why word trade scientist left fact area.,Good
218,5,17,Production as drive of method garden nice those keep may.,Average
219,37,54,We identify military song high ball the modern.,Good
220,15,76,Not feel close past sign concern of hand who success available.,Good
221,100,116,Hot draw medical send laugh computer themselves benefit coach great already.,Good
222,8,45,Keep career carry maybe effect wish support arrive police someone.,Good
223,13,107,Because car pass record ten successful candidate free black tonight.,Good
224,82,73,Modern serious nature cost billion one simply road weight.,Good
225,41,105,Care officer student watch me brother occur energy information example anything yet feeling.,Good
226,96,4,Pick party or agree view build measure do behavior enjoy traditional stay.,Excellent
227,51,65,Once pressure nice car eye with such image.,Good
228,17,70,Design center knowledge since practice speech food.,Good
229,54,72,Affect teach method really seat father thus term something site information firm.,Poor
230,82,23,Once heavy each analysis grow my center thing case eat miss area.,Good
231,19,36,Floor finish brother just reach plant.,Excellent
232,38,69,Remain move audience court whose similar spend boy left but risk fight relate.,Poor
233,25,110,Sense improve manage old until four woman fly.,Excellent
234,43,106,Exactly treat watch thank rather worry cultural night argue coach.,Average
235,26,120,Management work official majority best common step third its begin.,Good
236,27,7,Southern course group close perhaps coach.,Poor
237,57,8,Rate back win although respond their issue consumer middle.,Poor
238,90,48,Guess summer board give simply organization policy where bad success.,Average
239,43,42,Lay born nation director tonight executive outside spend.,Average
240,83,75,How generation maintain information investment several their that a during school.,Poor
