review_id,customer_id,product_id,review_text,rating
1,19,57,Resource make lawyer consumer spend sign.,Poor
2,53,13,Difficult until product see its history section common better six Mrs.,Poor
3,90,98,Result phone attention those responsibility wonder.,Poor
4,41,100,Chance life politics there human sport admit college good network pattern group federal view.,Excellent
5,93,93,With matter interesting friend stay model shoulder general challenge.,Poor
6,47,6,Day accept your tree voice simple.,Poor
7,71,71,Someone already discussion account yet ten nation soldier.,Poor
8,44,92,Ground suggest us environment book decision talk.,Good
9,64,96,No fast return however policy practice step agree raise.,Average
10,69,72,Should boy couple unit tell one consider challenge point.,Poor
11,60,34,Which watch end avoid own too my thing.,Good
12,77,63,Feeling impact bring argue character down professor although people detail learn pass somebody.,Poor
13,7,11,Health blue light protect region section training forget course yourself door.,Average
14,56,55,Effect fish woman while environmental soon still protect behavior can.,Excellent
15,79,83,Finally join low compare tough subject end crime war.,Poor
16,87,85,Appear factor agree its gas realize about activity election Congress myself plant.,Average
17,61,27,Soon hold look table figure budget environment sea structure decade surface across.,Poor
18,86,40,Just great now particularly month adult left executive yet.,Good
19,91,100,Range item edge significant standard between clearly.,Poor
20,30,95,North billion forward rather television itself last chance kid marriage.,Excellent
21,75,24,Test rule green determine able young impact.,Average
22,31,73,Study half black set enough only become hotel artist.,Excellent
23,39,90,Natural kitchen effort require century maintain white score choose city set music.,Good
24,38,88,Evidence ball somebody someone with create feeling size standard executive ahead near.,Poor
25,72,105,Third police ability writer party sort election game kind listen.,Poor
26,70,89,Character hundred hold mission cover its view prevent.,Average
27,62,27,Range why perform choose quickly realize agent inside shake.,Poor
28,27,1,Family assume apply know brother between.,Good
29,49,50,Ok future bit deal become truth management exist hospital bring cultural their environment.,Average
30,29,2,Sense term week ahead specific establish.,Good
31,96,5,Position white necessary various state main.,Poor
32,76,70,Along day church wrong light sell create ago may land.,Average
33,7,51,Billion positive compare station suddenly tax body language arm onto.,Average
34,26,40,Near believe culture senior today understand according role.,Good
35,49,27,West executive hair trouble land sister listen whatever sell fall threat throughout relationship.,Excellent
36,22,96,Able reach set tax cell production nice dinner once safe continue camera.,Good
37,21,74,Spend space simply option young over throughout majority pass mention.,Excellent
38,14,119,Contain night hour see American thousand give great window how but head.,Average
39,18,107,Step avoid town your develop floor glass close rather.,Excellent
40,63,59,Pressure while old bar newspaper it service author experience before policy risk.,Good
41,61,27,Too election should me mean church box enjoy give require.,Good
42,52,13,Create article three fill process kitchen.,Good
43,58,10,Even sign politics by happy modern newspaper production onto line individual enjoy.,Average
44,52,66,Affect play color because behavior produce successful with.,Poor
45,13,41,Bill else benefit audience development to thank one station hear door color.,Average
46,24,25,Plant key thousand create my hotel or event appear identify even.,Poor
47,19,55,Summer yourself billion culture agency car everything nor remember by trip pass style.,Good
48,90,95,Hope community fall final serve seem traditional weight change someone education.,Poor
49,55,6,Sell rest ball purpose reach include Republican great range.,Poor
50,62,54,Sport idea kitchen remember organization charge open trade hospital give budget.,Excellent
51,45,73,Sense sing red learn team radio.,Poor
52,6,98,Much these store professor movement key news their.,Good
53,92,76,Even cause three leader next watch nice.,Excellent
54,68,23,Democrat little bring least of reality difference too local hard.,Poor
55,58,81,Address beyond customer night receive how debate international whether sport themselves.,Poor
56,70,99,This seek great thousand difficult try forward view scientist remain section.,Good
57,35,34,Eat almost join time wrong raise often imagine color Mrs remember expert.,Average
58,51,8,Usually occur use than process amount front raise deal under down hospital.,Excellent
59,86,108,Rest respond crime follow a message less same short.,Average
60,81,63,Use indeed stage director year mission development room conference citizen ask.,Excellent
61,41,56,Reduce yard course product company no social late consumer.,Excellent
62,78,62,Thought side behavior can affect general just yet attorney.,Average
63,83,13,Director environment senior board society policy radio themselves agency matter business hold loss.,Average
64,66,6,Several month beautiful about each thing arm toward upon carry mention director.,Average
65,83,53,Maintain increase middle training instead their staff partner property member prove.,Poor
66,73,84,Color reason move center war reveal price really field participant animal other student.,Poor
67,55,109,Article open power agent clearly national after security.,Excellent
68,73,35,Part would price what point scene front see ever remember he.,Excellent
69,80,74,Candidate call world entire risk sport use democratic work put forget remain inside.,Poor
70,78,101,Make money TV future third way.,Poor
71,45,70,Significant reflect country low everything common despite marriage.,Average
72,85,110,Quite lead place option watch thus letter ready accept.,Average
73,89,103,War almost adult forget base treatment.,Excellent
74,25,27,Know character while expert research pay draw.,Excellent
75,88,58,Town eat us themselves need available paper yourself evening baby travel watch.,Good
76,9,116,Write might mean together early first method.,Average
77,57,1,Skin experience along sign voice mean on painting future work consider.,Poor
78,42,106,Red compare inside gun will box although.,Average
79,64,88,Base design forget entire he debate enough field again important run trouble.,Poor
80,100,86,Wish top response whole couple sing.,Good
81,76,110,Strong style dark relate teach condition.,Excellent
82,51,24,Start culture look across surface guy use reveal us sure anyone rock attack development.,Poor
83,35,55,Now explain past second support late name practice data imagine statement.,Good
84,92,112,Itself political result change bad serious add admit.,Poor
85,43,17,Shoulder right current production fact community east dog so car million.,Excellent
86,10,77,Group development tree wide both American.,Excellent
87,60,57,Short kind situation moment order significant a test.,Good
88,58,62,Happy operation leader such conference affect.,Good
89,34,10,Camera describe ok sense join thing easy everyone prevent full under work.,Poor
90,20,12,College professor analysis thought Mr room collection air test as among.,Poor
91,32,96,Middle trip skill write food relationship police moment more director young conference.,Average
92,62,43,Describe than eight career system together.,Poor
93,70,37,Hundred pass ability put power stuff next same task others.,Poor
94,98,68,Live relate speech purpose race hot after anything you travel already would.,Good
95,93,67,Throughout really study key east because wait usually knowledge community support key.,Average
96,37,39,Society significant huge ago stage the purpose onto.,Poor
97,82,73,Surface sure born as home very build.,Average
98,41,63,Economic avoid worry smile degree eight.,Good
99,79,66,Particular sometimes newspaper western culture everybody billion less in act even so member.,Poor
100,19,39,Material far and among special true happen culture rock.,Excellent
101,62,5,Care beat professional from collection turn customer blue something western scene.,Excellent
102,47,37,Risk there oil project impact ok.,Poor
103,100,96,Huge ability party success trade hope bar cell almost month best short believe.,Poor
104,65,33,Along many with half up source find choose number attention though positive.,Good
105,51,110,Notice special detail least this cold find baby final.,Excellent
106,11,76,Lose campaign product thank onto war find.,Average
107,89,55,Building threat edge choose likely partner employee individual.,Average
108,76,107,Use usually mind sing collection chance third push sister have low night manager.,Poor
109,28,23,Institution never community stuff field every.,Good
110,62,98,Consumer defense sign fill reveal most.,Average
111,30,27,Field eight continue Democrat this executive reveal down article.,Excellent
112,32,6,Modern sport write these guy statement west line.,Average
113,30,28,Image customer order mind forget culture candidate media direction scene off itself kitchen.,Excellent
114,17,87,Small clearly law recently try have technology lead herself work sing detail.,Excellent
115,49,42,Score school learn perhaps relationship see alone.,Good
116,61,60,Western skin executive region foot material job laugh budget important table.,Average
117,54,97,Series develop political current let forget professional history coach value magazine although war.,Good
118,97,74,Next teach capital prove billion full off cover.,Poor
119,83,109,Stage discuss necessary reality international explain state.,Average
120,72,101,Either quite peace authority goal rise item unit enjoy finally grow.,Good
121,97,24,Recognize structure decision administration man clear house imagine city allow.,Average
122,25,16,Wall use rock yourself explain poor section popular create type she get guy.,Average
123,36,79,Student animal enter loss other them.,Poor
124,47,70,Other international play resource key later worker.,Good
125,100,82,Try tree news themselves magazine political could.,Excellent
126,45,46,Her factor blood trial conference better push.,Good
127,49,6,This meeting it increase hotel recently view both beyond real three.,Excellent
128,91,4,Data while there physical various list focus in.,Poor
129,63,80,Impact particular design later field perform.,Poor
130,12,119,Box green political site professional forward note with every leader budget.,Good
131,87,58,Include fact physical pretty performance tend.,Excellent
132,98,70,Green member watch quite reduce situation mean its teach PM leave others until.,Good
133,73,47,Sister ten answer region my lose leave.,Poor
134,66,13,Protect policy later care police exactly sound operation take clearly.,Average
135,96,80,Foot remain other audience kitchen condition yes should mission central policy store message.,Average
136,21,71,These happen official kid various budget bit after thing eat.,Poor
137,59,73,Memory born relationship later certainly they seem at school month.,Average
138,50,108,Later fire do turn economic control cell total.,Average
139,89,28,Building look full candidate help example where.,Poor
140,57,83,Picture begin expert also opportunity still.,Good
141,27,29,Method kind carry staff over sport ability less audience special.,Good
142,3,60,Each include writer evening concern several poor.,Average
143,65,110,Memory can picture ten reflect small run better close daughter.,Poor
144,53,42,Attack nor anything case these police police anything range several line.,Poor
145,7,85,Wrong training local relate modern before today yeah customer important.,Good
146,39,99,Off road he language executive a.,Average
147,80,22,Many center organization answer air research beautiful analysis defense.,Poor
148,78,85,Customer century unit leave mission throughout already father live soon.,Poor
149,52,110,Throw smile truth course add sing play age show go well.,Average
150,78,80,Boy hair place culture try trade campaign religious positive.,Good
151,77,29,Cell culture energy all that various political future.,Good
152,59,13,Board think any practice dog make factor other wide rich western next.,Good
153,93,17,Possible consider stuff general watch race lawyer hundred use commercial age.,Excellent
154,8,116,Far single trial run painting yeah drop involve.,Poor
155,91,102,News compare never air station next present structure.,Poor
156,39,113,Get week quickly discover situation real we heavy board audience quality than sister.,Good
157,9,26,Final challenge wind available trip hot whether anything record similar.,Average
158,11,39,Recently big three teach individual data role play picture modern.,Excellent
159,22,23,Part maintain gas stand central instead truth tax station at where sort support.,Good
160,10,25,Politics even when point thing beyond.,Average
161,33,94,Offer notice pressure popular political officer whose itself level operation.,Good
162,1,2,Like behind receive door together force.,Poor
163,62,34,Message both middle rest nation manage.,Good
164,82,81,Exactly drug age still ahead air design.,Excellent
165,77,108,Money line rather leg energy girl responsibility.,Good
166,100,10,Sport forget mouth reflect range serve.,Excellent
167,76,64,Approach fact bank admit phone relationship put civil debate part machine movie space.,Poor
168,93,93,Pick treat heart alone range hold woman billion whatever above nature hit.,Average
169,17,112,Congress understand color coach deal example.,Average
170,23,108,Method point low positive across church buy feel should cell north away president.,Excellent
171,31,41,Rise trial federal those start police why draw.,Good
172,59,83,Appear technology investment coach charge ready give avoid quite admit stuff start.,Poor
173,88,80,Stuff open or until example girl data practice everything.,Average
174,15,40,Defense small hard career their prepare should what individual reason.,Poor
175,98,14,Their organization know do trouble difference crime audience.,Poor
176,63,4,Election build last decision event perhaps meet.,Good
177,38,1,Parent recent company police structure attack.,Good
178,54,88,Method news social appear direction force his available kid first.,Average
179,28,75,Write parent nature card visit last thing.,Poor
180,20,110,Begin direction whole great prepare growth we glass space.,Excellent
181,67,6,Probably case than position investment their movement whom chair future source.,Poor
182,54,10,Event those anyone appear today relate.,Excellent
183,83,90,Many federal cold lose race bring issue none catch tonight our foot idea.,Good
184,75,6,Song we third kid we film under ok from leave fall yet final.,Average
185,74,113,Upon parent rather race week enjoy foot cut special head although this.,Excellent
186,58,14,Night toward relate despite or local word main.,Poor
187,89,14,Space page close art value can home base property could second late.,Excellent
188,39,46,Account parent red simple teach identify address sell positive.,Good
189,55,58,Word senior message close note safe interesting really very ever song important yard.,Average
190,38,13,Writer give power prevent woman item light study.,Excellent
191,20,64,Movement bag difficult fact community interview walk yes.,Average
192,95,62,Hit according she response road purpose reflect avoid painting stuff.,Excellent
193,18,111,Above sign girl be front water.,Poor
194,82,50,Anything couple miss seven scene shoulder civil Democrat.,Poor
195,95,22,Part although already manage data after fine.,Average
196,61,89,Kitchen five student walk each window local.,Good
197,41,65,As street although great art for American international law.,Poor
198,25,42,Play inside nation lead father likely any.,Poor
199,52,62,Structure parent role wide travel process.,Good
200,61,84,Practice interview under fill bar line speech red local have.,Good
201,51,25,It usually by study use happy thank song drop Mr provide.,Good
202,34,60,Mrs structure be wait artist serve assume guy.,Poor
203,81,86,White poor more hundred less so final receive if.,Excellent
204,53,71,Upon class vote within person culture employee.,Average
205,68,71,Free every choose light fear character company dog region address.,Average
206,59,61,Something guy question as simply tell figure federal fire.,Poor
207,64,49,Their senior first majority nor father agree system agency.,Good
208,94,1,Nice heavy past could part weight deal staff check my trial.,Average
209,17,10,Politics financial small at street hope property especially head food step much goal.,Good
210,79,42,We development real partner see can seek learn run mean important worry treat.,Excellent
211,99,86,Chair focus standard store that try time.,Average
212,50,18,Pretty game nor director gas build data travel age practice weight eight.,Excellent
213,22,24,Option without project fish marriage indicate view food form subject send condition.,Poor
214,68,51,Defense talk either series vote young notice benefit rich.,Good
215,100,70,Attorney tax budget beautiful program center recognize traditional.,Poor
216,91,94,Media picture summer candidate ahead ball question interest.,Average
217,83,67,Might interest week hot set material term sea difference foreign example.,Average
218,57,100,Involve none nation pattern size budget newspaper.,Good
219,35,119,Rich training doctor bag know player future to field turn figure space day picture.,Excellent
220,88,6,Claim woman environmental recent buy concern theory fish field result police push.,Average
221,47,100,Business bed loss explain bed throw performance boy yet house usually Republican.,Average
222,61,19,Cause attack return believe require yourself push every research blue mother lawyer memory.,Excellent
223,79,89,May than figure benefit figure ask animal television own star information couple nearly.,Excellent
224,30,13,Five ok push ask drug arrive rest word old deep moment Republican.,Excellent
225,55,24,Throughout top medical each ok size money.,Excellent
226,87,89,Radio fast ever upon half mother card quickly week while what serious.,Average
227,10,101,Media mouth often nation particularly last common sound firm put.,Poor
228,80,103,There wind realize decide success behavior this face wonder.,Poor
229,16,83,Lay everything our meeting yet war future hot society very often role.,Excellent
230,59,26,Congress piece grow education eye daughter.,Excellent
231,7,26,East movie charge high sport next idea would few particularly experience rather suggest.,Excellent
