customer_id,rating,product_id,review_text,review_id
67,Poor,86,Anything billion time understand cover buy wall mean.,1
85,Excellent,50,Water far assume every control build still production action financial dog.,2
78,Average,33,Congress look later maintain could animal him make.,3
23,Poor,27,Sure collection whatever good begin enough because.,4
14,Average,34,Responsibility house cultural land poor show on.,5
18,Poor,37,Statement billion across east certain any.,6
33,Excellent,36,Act involve our still thousand without bring my service.,7
95,Average,39,Art officer member health recently think society thus center citizen.,8
50,Average,35,Quickly put worry yes fear clearly hour of mouth.,9
35,Good,52,Cultural protect strong fund prepare fire onto born serious.,10
1,Average,117,Method late mission issue perhaps happy possible thus eight.,11
6,Excellent,104,Red expert its brother minute save.,12
89,Poor,79,Record buy data simply statement citizen.,13
31,Average,40,Understand miss best boy skill cover race wait.,14
8,Good,103,Only magazine another necessary travel environment my.,15
44,Good,52,Drug fill hope certain car she finally environment of window current almost.,16
58,Excellent,78,Rise speak it somebody receive prepare friend role ability learn political rock.,17
98,Excellent,25,Happy get hotel its film rest painting.,18
90,Average,41,Interesting hotel different story mouth never.,19
41,Average,25,Be care senior each everybody impact task power blue.,20
56,Excellent,45,Religious camera according rather detail sister safe black boy physical.,21
30,Good,93,Sea garden worker from challenge student figure establish pretty really coach finally.,22
73,Excellent,5,Become pull feel assume common resource PM small human late.,23
78,Excellent,68,Small want relate growth education write able store attention.,24
33,Excellent,109,Black field land face officer age manager production hear third doctor such high.,25
1,Good,89,Car expert if top bar free operation since.,26
7,Excellent,90,Item administration prevent current arm parent our meet condition sea why back.,27
63,Excellent,114,End edge truth practice agency bag safe.,28
29,Average,100,Movie young loss effect idea another dark.,29
51,Poor,118,Necessary effect phone responsibility next must nature population take account government.,30
24,Average,66,Cell standard then production affect miss Mrs.,31
49,Average,26,Practice nearly decade TV threat clear hear relationship science teacher woman.,32
64,Poor,15,Woman able with read father grow describe run assume project including way hotel me.,33
24,Average,109,Each provide drive politics wonder training woman.,34
97,Excellent,10,Often believe state trip hospital current series she rest grow.,35
34,Excellent,117,Happen democratic than run quickly spend accept church conference air scientist what former.,36
5,Good,59,Probably these note establish politics miss pass.,37
12,Poor,106,Table face those debate happen finally red performance.,38
66,Average,19,Manager buy operation finish from parent travel.,39
88,Excellent,25,Discover return coach evening write else study yard.,40
83,Good,85,Against face put region rest watch discussion and consider.,41
75,Excellent,56,Live try person eight begin friend month industry fish truth ok.,42
70,Good,3,Idea work call much form cause strong fish.,43
4,Good,1,Site seem leave sometimes reflect best certain.,44
12,Average,39,Wall soon crime believe voice purpose spring force health happen.,45
38,Poor,54,Face win book simply instead girl simply official dog near cultural peace chance research.,46
11,Excellent,72,Speak manage result though run performance economy here seek every sing.,47
54,Good,86,Wait first seek my throughout perhaps whom ask manage plan drive then.,48
7,Good,69,City machine talk friend station very director less general debate.,49
51,Excellent,53,Ahead into charge catch finish most clearly agency.,50
65,Excellent,89,Technology recognize player item notice book some everybody.,51
3,Excellent,22,Fund few language forget indeed little although raise similar myself.,52
64,Good,103,Ability information reveal very never agree.,53
90,Poor,48,Too always trial Republican deal sea special hit sing remain.,54
83,Good,27,Alone believe expect practice sort board lay conference beyond try without.,55
18,Average,2,Say now American break among plant recognize.,56
58,Average,106,Example magazine sell teach again actually use care scientist.,57
25,Poor,5,Account job miss if human up laugh inside game bag.,58
38,Excellent,46,Loss use PM second teach many money.,59
2,Excellent,4,Believe hear recent represent mother century peace into soldier.,60
64,Average,27,Paper particular race campaign writer during for focus catch.,61
12,Average,57,History discuss by sign coach should Congress enjoy bed far off staff.,62
96,Average,97,Leave sing organization both inside feel pass law soon.,63
58,Excellent,1,Like choice garden floor common institution thought sit box.,64
97,Good,48,Some ground describe often process adult sure.,65
100,Average,114,Perform later none position affect line form bed work.,66
50,Good,113,For best dream little poor for offer fear stand build tax our their.,67
16,Good,92,Certainly participant there room discuss time sport same side current matter summer.,68
39,Good,56,Structure large discussion make relate address he.,69
7,Average,49,Raise economic hope generation writer alone candidate out sit power.,70
15,Excellent,56,Move present want whose beat somebody newspaper happy degree.,71
98,Average,7,Seat smile serious control worry million economy party.,72
63,Good,44,Meeting third young send weight for set.,73
7,Average,119,Task career ask particularly international our anyone.,74
36,Average,112,True mind hope mind issue feel attention population hundred task ahead treat if.,75
67,Excellent,74,Just down century control before three return fund station someone now base he.,76
45,Good,65,Question but positive often law growth involve.,77
59,Good,109,Reach get expect some never difference economy project poor sea statement plan leader president.,78
39,Good,34,On customer much management career sometimes improve whatever.,79
35,Good,117,Hope attack edge film marriage sing yeah charge main return sea by message.,80
70,Excellent,44,Character participant stay church center follow nice.,81
11,Average,66,Eight produce per your above collection develop describe campaign water.,82
91,Excellent,7,Color girl its research learn maybe others according.,83
91,Good,83,Ago them deep but teach seat grow remember when where along.,84
79,Excellent,26,Later professional stay challenge week put itself pull exactly.,85
54,Good,119,How short force mother activity though into religious accept.,86
27,Excellent,106,Green seem suggest far teacher effect light threat red pressure us.,87
63,Average,88,Down catch scientist heart against hope thank science himself force opportunity five billion.,88
46,Excellent,116,Debate song school her financial rather wait worker.,89
24,Excellent,106,Science someone crime purpose term lay.,90
98,Poor,114,Whatever they wide day sister different.,91
77,Poor,37,Agency now pick national budget listen.,92
20,Poor,26,Force physical give push light wonder half today power camera us but a.,93
76,Average,18,Natural region table democratic space list game onto view.,94
25,Good,35,Defense both allow attention between sell million improve make treatment act.,95
12,Excellent,23,Cold which dog cost clear area could tree avoid live.,96
23,Average,100,Let position often want former maybe quickly gun left board response catch.,97
50,Excellent,47,Be example position candidate pay parent.,98
29,Average,8,Same camera stop summer century quickly professional could effort ago mouth.,99
4,Average,56,Themselves statement hold find sometimes candidate public shake prevent speech world decision.,100
10,Excellent,68,Building easy senior whether put turn full analysis close manager suffer risk.,101
9,Poor,118,Unit reduce throw play economic per whatever before.,102
29,Excellent,84,Car hear assume yeah everybody wife across.,103
92,Excellent,90,Tonight throughout fill learn lot soldier ten space wind form brother entire yourself.,104
27,Good,104,Environment prevent store along likely risk four attorney appear.,105
10,Excellent,12,Whole rate over necessary exactly such view sea team else.,106
63,Average,105,Until feel owner tax thought these nearly at speak huge stop lay best.,107
41,Poor,15,Adult newspaper commercial career have mind image series.,108
50,Poor,36,Play east water skill development born here.,109
30,Excellent,90,Culture difficult long million house full hope region sing.,110
54,Excellent,58,Race only strong drive drop arm analysis your garden continue.,111
33,Poor,96,Discussion word several so about tonight head.,112
41,Excellent,68,Bank scene better cause finish response tree politics compare provide ball particular.,113
61,Good,65,Her deal always without type blue carry like family.,114
89,Good,90,Father everything out woman second by threat guess.,115
69,Poor,43,Bag job summer resource finally expect than billion themselves.,116
15,Good,112,Some sing office try raise force imagine class series word issue beautiful bar.,117
63,Excellent,69,Career particularly into cell party plant company beat until put site government.,118
93,Average,24,Suddenly reveal body per appear race.,119
45,Poor,40,Run quickly these true thus sure mouth deep else charge.,120
15,Good,87,Dog necessary light wonder also teach mention good down feel doctor start a.,121
65,Excellent,52,The executive situation down church or concern health arrive sure lay.,122
71,Poor,35,Back thousand investment good group production detail.,123
34,Poor,1,City scene fund laugh street challenge.,124
33,Excellent,2,Least score support color share hospital question world perhaps appear information good same.,125
28,Poor,54,Own south piece character center meet along usually specific their time commercial certainly spring.,126
8,Poor,9,High and these beautiful shake he.,127
4,Excellent,49,Talk popular hard under north rich for ground company benefit religious card authority.,128
45,Excellent,67,Position consumer go stay her south hair response send.,129
61,Poor,16,Positive food design add week life road low relate several member movie key.,130
61,Excellent,55,Executive present guy agency account skin.,131
4,Poor,51,Student culture coach toward evidence environment factor hold.,132
4,Average,80,Respond Democrat change message business whose early back.,133
74,Average,29,Miss woman relationship all stuff year relationship.,134
3,Good,100,Hour see little current wonder lead over nothing off before white special life.,135
97,Good,25,Every southern wall when church throughout case south.,136
11,Poor,55,Several wish last leave idea argue effect statement physical reach.,137
66,Excellent,10,Test cut answer herself day individual husband why easy would like.,138
45,Average,109,Create those age billion best pick could half time.,139
59,Excellent,49,Movement college main prove best because within note meet light result executive.,140
56,Good,48,Since behavior toward evening budget court rate attack audience industry.,141
31,Good,100,The book north recognize usually same measure themselves whatever drop discussion important.,142
85,Good,103,Bed sort enjoy against carry black song course air top.,143
91,Poor,118,Still view save cultural floor smile consider cut decade summer our.,144
84,Poor,54,Happen young note water international around.,145
16,Average,20,Ask give range marriage walk candidate phone real director present family walk.,146
1,Good,114,Than once unit edge environmental detail.,147
50,Average,95,Accept off account me whether hair personal space success one statement someone.,148
99,Excellent,97,Subject under like senior keep call nearly stage point price.,149
16,Average,105,Although easy seven arrive ability rate still event purpose believe.,150
60,Average,73,Should box agency part throw young.,151
89,Poor,71,Tv guy former race third career not yeah probably.,152
16,Excellent,75,Move half painting laugh security arrive.,153
14,Poor,51,Goal thing say tell off glass describe year.,154
95,Excellent,12,Yes reach employee skin compare discover inside give music.,155
92,Average,8,World almost traditional customer real do message parent letter practice voice and.,156
41,Excellent,66,Only everything building soldier production head.,157
91,Good,76,Authority American own official but language minute series individual song.,158
62,Average,56,Including late painting anyone most note.,159
75,Poor,116,Responsibility fish pretty attack sit ask else church huge number region break analysis.,160
13,Average,88,Imagine chair physical piece right help record market cell item.,161
29,Excellent,47,Them floor identify buy mother reach simply get design race argue anything.,162
12,Poor,64,Billion page simply save discuss fish candidate try apply ready determine charge.,163
14,Good,35,Imagine letter your rich guy campaign international never attorney.,164
13,Good,3,Contain bag each care single couple myself.,165
14,Excellent,33,Music which song education range will.,166
89,Poor,59,Brother away far occur born professor section month while.,167
