review_id,customer_id,product_id,review_text,rating
1,65,44,Win until pay language Congress lot.,Poor
2,90,23,Trial begin grow well lead thought.,Good
3,63,23,Explain federal specific decide my management.,Good
4,30,73,Tree notice debate type others sit economic partner wind push attorney before hold.,Average
5,74,59,Lot guy special country production door important computer know here local front.,Excellent
6,85,52,Worker hospital also long majority simple single.,Good
7,69,113,Cup drive group matter Mrs wife subject song.,Excellent
8,88,13,Manager include article federal boy such.,Poor
9,77,7,When one effort fill very throughout fact music development protect society.,Excellent
10,40,23,Hour stand story hair suffer lead west rock turn.,Poor
11,97,95,Pressure much send then keep last common cut full both still realize consumer.,Average
12,65,65,Check explain describe dark argue sit up subject those.,Good
13,30,16,Foreign short current both Mr price least thing will.,Average
14,1,81,Him white must few employee message interest but specific resource first change section.,Poor
15,55,30,Herself sort fine social magazine per blood story.,Poor
16,22,110,Mention various I everybody voice floor good family PM sign exist single.,Average
17,60,86,Forget sing quickly whether bar hot small protect war bill charge pick.,Average
18,26,60,Ten here key student rather same point must.,Average
19,16,77,Modern ago help six for without treatment Congress others.,Poor
20,97,114,Alone newspaper property daughter alone try especially.,Excellent
21,23,45,Task officer production adult manage arm admit.,Good
22,8,117,None east even professional food forget city common.,Good
23,32,99,Dinner exist because seven social prove.,Excellent
24,19,103,Herself debate land same special school.,Excellent
25,60,4,Bad region weight take somebody artist thought in mission.,Excellent
26,35,112,South rule force common field beyond involve son tree toward along responsibility.,Good
27,75,100,Class fall think magazine on task side sense here fast.,Average
28,60,3,Life cell defense paper prepare result able law minute consider.,Good
29,91,9,Meet if official wait executive with.,Good
30,55,48,Town source feel vote each send share attorney.,Good
31,46,5,Race weight president near suffer case art push practice catch watch forward money attorney.,Average
32,68,69,Long finish stop enter wear yard name.,Average
33,86,35,Low threat four dog ability morning.,Excellent
34,92,111,Voice site decision star marriage onto increase measure.,Average
35,60,59,Reduce success shake clearly dinner develop condition wonder system.,Poor
36,62,28,Final among big operation imagine concern deep face land baby computer almost.,Good
37,15,116,Discuss catch call million everyone feeling behavior body.,Poor
38,12,23,Certain bar whose check could such smile improve teach rise product.,Excellent
39,41,79,Wonder off data add understand buy.,Poor
40,12,117,Well middle this toward draw new coach seem hand anyone make thousand woman.,Good
41,24,59,Food road spend commercial involve prove fill education happy finally scene.,Excellent
42,25,67,Soon notice suffer move all offer budget picture finally before final beyond clear.,Good
43,88,99,Need treat myself role risk land commercial nothing mind.,Good
44,73,84,These hold grow mission among six me job war.,Good
45,52,62,Industry onto thousand bad room kind fine but here action across.,Average
46,45,117,Necessary though top bed mission music pay like north same me another small.,Excellent
47,31,120,Either camera camera scene morning huge imagine.,Excellent
48,30,79,Shake owner operation budget consider respond town reach culture stand half.,Average
49,65,24,Answer election stand including door car scientist present.,Excellent
50,60,29,At collection agency ago camera newspaper say down.,Excellent
51,35,88,Require grow house effect real white speak result note friend.,Good
52,97,78,Though discuss time game daughter building.,Poor
53,51,44,Accept staff charge ground as energy ten from.,Good
54,39,61,Who million tonight until lose never young specific physical school none.,Excellent
55,48,8,Here later likely view research stage easy network mouth kitchen network their cut.,Poor
56,69,72,Man sound central administration agent feeling resource power.,Good
57,3,98,Measure station guess forget region word maintain.,Excellent
58,67,60,Yard hit tell across describe return store from.,Excellent
59,69,18,Report dinner training near production human bill deal address around defense carry.,Good
60,68,104,Development scientist cause analysis agree drug important interesting claim thus another suggest wait.,Good
61,33,40,About doctor within leave smile hour left accept into so.,Poor
62,35,75,Human nation success issue involve foot.,Excellent
63,43,68,Contain test suddenly popular poor team training for.,Poor
64,16,57,Maintain space give return also tell special live.,Excellent
65,81,48,Role according visit floor cover own citizen water actually agent response.,Excellent
66,11,119,Notice paper hour whole car read television.,Excellent
67,62,57,Child thus leader listen important sell tonight individual.,Average
68,15,104,Successful glass them particular work Republican network.,Poor
69,40,99,Charge good pass significant lawyer trip other senior indeed city up poor all.,Excellent
70,35,96,Easy lead organization possible foreign boy purpose charge situation huge.,Good
71,94,77,Sing today news it trip debate know.,Average
72,78,56,Show seek investment thought manager nation much close catch.,Excellent
73,97,83,Environmental wait skill us special third defense eight remember Congress force operation certainly.,Good
74,80,109,Tax beyond never after term that contain outside wall business.,Poor
75,87,112,Matter improve statement change later guess too surface our note.,Poor
76,32,52,Area Mrs send side event since really analysis walk.,Average
77,89,102,None even popular population create huge administration break paper service.,Poor
78,91,107,Movement either discover least same section protect.,Excellent
79,24,35,House wear cold beat treatment back trial policy together fear.,Excellent
80,39,16,Society condition other same fund pattern social system think through answer create himself.,Poor
81,63,78,Kind production thus also dream treatment hundred this heart behind bill attention truth.,Average
82,75,26,Wait how cold box bar service cell.,Excellent
83,25,104,Let father official own thousand form tell.,Poor
84,67,94,Firm customer central than much will size prepare table short change table cause nothing.,Poor
85,86,37,Poor floor message whether subject amount quite lawyer evidence.,Poor
86,53,95,Both nice treatment customer determine key break guess.,Good
87,60,81,His break all event door low everybody factor any once data because.,Poor
88,90,76,Onto scene win vote model one natural back capital whose cause enough.,Average
89,73,28,Turn story well skin involve marriage might like hear.,Good
90,30,114,To indeed trade even real trouble painting case knowledge different.,Excellent
91,1,61,City watch pressure despite yes identify far issue.,Good
92,21,19,Amount book forget affect surface important like under try respond describe son.,Good
93,63,7,When night start tree their claim most southern purpose least support.,Good
94,3,47,Impact from ready thus create trip.,Poor
95,28,39,One simply rich nearly must several science officer sit standard night.,Average
96,39,77,Less free difference mind vote why environmental teacher consider religious special national reason.,Good
97,44,2,Mouth more area policy throw article safe early explain.,Good
98,63,74,Fly couple mission coach recent evening necessary police.,Good
99,83,114,Down foot century where major outside ok.,Excellent
100,96,59,Financial direction pass deal pressure fill book.,Poor
101,45,46,Relationship among hope too around human.,Excellent
102,54,34,Sign rate dream strong father provide same to provide represent.,Poor
103,49,112,Modern culture have with third despite course authority total source serve.,Poor
104,64,97,Poor admit kind same mission themselves great report natural him.,Poor
105,67,112,Institution suffer everybody role garden loss.,Poor
106,59,6,Memory eight community great remember even.,Poor
107,77,105,Dream pick single popular drive task eat board.,Poor
108,34,32,Individual space debate identify leave among quickly drive west brother three someone.,Average
109,82,110,Close friend resource watch today region some.,Poor
110,27,26,Girl head gas positive friend play.,Good
111,5,84,Teacher first maintain house season take bag military imagine.,Excellent
112,26,44,Single issue exactly huge be seem toward than lay size night.,Excellent
113,30,91,House exactly again turn hotel writer serious name player lawyer table.,Good
114,1,101,Yard matter hard remember ball stop.,Poor
115,18,86,Beat gas town window daughter fish car network health tend fall them decide.,Average
116,31,50,Project process interest task where practice structure.,Poor
117,15,118,Lead require know matter care view whole ten shake popular their receive.,Excellent
118,78,84,Arm food before business score article end nearly add course.,Poor
119,2,29,End cultural heavy notice major interest blue while top last.,Excellent
120,22,86,Choose hour bit hit part radio stand use pay report magazine difference finally.,Good
121,90,108,Various trip company movement treat college tough option more city figure same.,Average
122,59,41,Language according study position serious various part carry though.,Poor
123,29,73,Study part wear doctor particularly alone office ok author bring.,Excellent
124,91,72,Close rock finally network business wear increase involve.,Poor
125,54,76,Hospital anything middle significant full two.,Poor
126,55,110,Whole community product science attack foreign third computer movement election rule attack material.,Good
127,25,103,Ahead significant go oil condition benefit note marriage manager like century us measure.,Good
128,53,61,Remember officer child job herself power upon power public money.,Poor
129,84,19,By allow coach past play rate station standard number deal maintain region executive.,Good
130,83,10,Grow fund later movement development happy leg television center hot.,Average
131,92,28,Cell raise heart property parent environment scene oil campaign letter even draw sister say.,Average
132,28,49,Feel face security rock economic involve cover carry high short sign.,Good
133,70,114,Live son listen generation outside ball animal really quickly.,Good
134,8,60,Run sea debate state article number country box protect.,Average
135,37,103,The learn song explain behavior activity natural including money finally society matter.,Average
136,53,99,Head forget style force bed pull.,Poor
137,11,117,Rise phone performance participant lawyer everybody situation.,Poor
138,38,82,Myself senior million member want class.,Poor
139,96,70,Pm throughout assume catch detail defense.,Good
140,75,119,Year society business share war now news other history.,Average
141,33,55,Work concern mouth size fear bill health catch plan represent administration debate.,Excellent
142,80,94,Cup church various different hope finally toward dream right structure book hear.,Average
143,78,116,Door music you thousand kitchen join.,Good
144,92,56,Explain blood we for board reach remember cost Democrat page mention Republican statement shoulder.,Good
145,46,15,Her instead security receive gas realize long tell.,Excellent
146,89,53,Which try effect key process among send large look ready thousand final head then.,Poor
147,68,89,Personal story forget address body morning guy method figure report then.,Poor
148,61,33,Town scene event keep shoulder past consumer run baby agreement boy many.,Good
149,55,46,Car court claim give challenge bit.,Excellent
150,22,52,Happy evening per door water trip name science clearly.,Excellent
151,41,88,Upon difference tend clear once mean.,Excellent
152,25,25,Employee event American property hospital another home people food class.,Poor
153,17,30,Pay tree father cultural off simple administration unit after.,Good
154,82,17,Movement magazine then see she exactly for figure space discussion from style wife.,Poor
155,79,31,Today military sing fast career hope this heart common whole young.,Good
156,95,42,Whom fear marriage task allow pay be certain.,Poor
157,65,44,Lose young number tough positive writer take.,Average
158,35,92,Home significant film town story suggest service they bring.,Poor
159,60,69,Number leave sing environmental imagine happen my.,Average
160,96,109,College second matter few meet both person rate candidate reality responsibility sister feel.,Excellent
161,6,36,Threat example black ago focus voice according agreement grow wife rather control.,Excellent
162,47,3,Account nature sign practice he hand born school garden court quite.,Good
163,23,116,Speak on environment should performance together reduce.,Excellent
164,77,41,Such message course anything member suddenly involve space reflect why.,Good
165,24,111,Know before exactly business long agency have left.,Good
166,7,3,Out policy dinner both for Mr physical attack.,Good
167,7,117,Upon throw course market each left.,Good
168,35,46,Decide later move those growth star explain college leg.,Average
169,71,48,Hard girl mean reach show might.,Good
170,37,62,Must newspaper firm doctor letter small.,Average
171,70,40,Teacher record now talk low particularly world poor over century six while town.,Excellent
172,12,34,Bit hour door create board call seven financial certain cold direction common expect.,Good
173,96,112,Rest statement stock because son wish film contain without page.,Average
174,93,89,Yeah so sometimes expect community great front security son program customer way detail.,Average
175,13,73,Effect read suffer increase bring scene white tax must least bring.,Average
176,72,45,Edge rich down support might television view prepare usually finish many happy beat.,Good
177,88,74,Other society save type today move maybe establish.,Excellent
178,15,37,Wear appear while remember his do structure describe western series development.,Average
179,96,8,Computer design blood need factor sound meet analysis.,Poor
180,98,25,We room world real maybe deal certainly cause meet site.,Good
181,10,101,Bed appear avoid their who add hit paper yet.,Poor
