shipment_id,origin,destination,shipment_date,delivery_date,status
1,Ramosport,Brianbury,2024-10-08,2024-10-19,Delayed
2,Ramirezview,New Ericashire,2024-11-26,2024-12-06,Cancelled
3,New Angela,Leonmouth,2024-12-08,2024-12-14,Delayed
4,Courtneyville,Lake Cynthiaborough,2024-03-14,2024-03-24,Delivered
5,Lawrenceport,Reyesside,2024-11-11,2024-11-22,In Transit
6,Lake Michael,Melissastad,2024-07-28,2024-08-03,In Transit
7,West Stevenmouth,Aaronport,2024-05-19,2024-05-20,Delayed
8,New Justinborough,Lake Elizabeth,2024-11-04,2024-11-06,In Transit
9,Lake Donnastad,Lake Rodney,2024-09-22,2024-09-25,Cancelled
10,Martinezview,North Marissaview,2024-08-31,2024-09-10,Cancelled
11,South Christophertown,New Andreaside,2024-06-03,2024-06-17,Cancelled
12,Hannahfurt,Alexisside,2024-05-19,2024-05-29,Delayed
13,Donnaside,South Andrew,2024-09-03,2024-09-10,Cancelled
14,Mendozaview,New Elijah,2024-03-08,2024-03-10,In Transit
15,Alvaradobury,Thomasfurt,2024-04-04,2024-04-07,Delayed
16,Larachester,Garyfort,2024-10-25,2024-11-08,Delivered
17,Thomaston,Ashleyhaven,2024-05-30,2024-06-08,Delivered
18,Hernandezview,Thorntonfurt,2024-05-19,2024-06-01,Delayed
19,Princestad,Hicksborough,2025-02-08,2025-02-21,Cancelled
20,Schroederbury,South Jacob,2024-03-14,2024-03-28,Delivered
21,New Dana,North Chadchester,2024-04-09,2024-04-13,Cancelled
22,North Garyfort,Michaelshire,2024-06-26,2024-07-09,Cancelled
23,Sellerstown,Alecstad,2024-05-24,2024-06-02,In Transit
24,South Markton,Jasonberg,2024-11-24,2024-11-27,Cancelled
25,South Jeffreyville,Kellyville,2024-10-25,2024-10-29,Cancelled
26,Lake Juliehaven,Steventown,2024-06-19,2024-07-03,Cancelled
27,Port Sabrinamouth,North Lauren,2024-09-09,2024-09-21,Cancelled
28,Port Ashley,Jeffreytown,2025-01-25,2025-02-08,Delayed
29,Jonesville,Aliville,2024-03-04,2024-03-05,Delivered
30,West Jennifer,New Monicahaven,2024-12-19,2024-12-27,Delivered
31,Nathanborough,Smithfort,2024-06-24,2024-07-08,Delivered
32,New Michelle,Bobborough,2024-11-19,2024-11-27,Delayed
33,Katherineborough,Whitebury,2024-04-13,2024-04-22,Delayed
34,Williamfurt,West Jacobmouth,2024-08-29,2024-09-10,Delayed
35,Jenniferborough,Thompsonview,2024-07-09,2024-07-22,Cancelled
36,South Justin,North Edwardstad,2024-05-19,2024-05-31,In Transit
37,Port Mary,North Tammyberg,2024-09-29,2024-10-12,Delayed
38,Fordmouth,Tammyburgh,2025-01-03,2025-01-05,Delivered
39,North Kayla,Garcialand,2024-04-04,2024-04-06,Delayed
40,East Sandra,Tylerfurt,2024-06-02,2024-06-11,Delayed
41,Port Kathy,North Michaelland,2024-04-12,2024-04-15,Cancelled
42,Haleymouth,Lake Melissaberg,2024-03-12,2024-03-13,In Transit
43,South Omar,East Angela,2024-08-04,2024-08-12,Delivered
44,Riosborough,Saramouth,2024-07-13,2024-07-15,In Transit
45,Petersonstad,Chambersland,2024-04-25,2024-05-01,Cancelled
46,Nelsonton,Port Stevenville,2024-12-15,2024-12-23,Delayed
47,South Danielmouth,Martinezchester,2024-08-24,2024-08-29,In Transit
48,Lake Natalie,Lake Johnberg,2024-11-22,2024-12-03,Delayed
49,Port Stevenberg,Hollandmouth,2024-09-14,2024-09-20,Delayed
50,New Samuelchester,Kristinland,2024-03-20,2024-03-30,Cancelled
51,Schaeferburgh,West Debbiefort,2024-03-12,2024-03-24,In Transit
52,Lewisview,Laurenport,2024-06-05,2024-06-19,Delivered
53,Joshuamouth,New Mark,2024-02-25,2024-03-09,In Transit
54,North Denise,Lake Lauriechester,2024-09-16,2024-09-27,Delayed
55,Powellport,South Katherineview,2024-03-04,2024-03-12,Cancelled
56,North Kaitlynmouth,West Pamelafurt,2024-05-22,2024-06-03,Delivered
57,Stevensville,Susanburgh,2025-01-29,2025-02-02,Delivered
58,New Peter,Lake Tiffany,2024-04-04,2024-04-16,Cancelled
59,Cameronchester,Lindsayfurt,2024-07-16,2024-07-28,In Transit
60,Lake Alexander,Michaelland,2024-09-21,2024-10-04,In Transit
61,Graymouth,Garciaberg,2024-11-21,2024-11-28,Delivered
62,Lake Richard,Kevinland,2024-10-30,2024-11-03,In Transit
63,Elizabethtown,Bauerville,2024-06-07,2024-06-09,Cancelled
64,Port Davidstad,Port Williamton,2024-05-07,2024-05-20,In Transit
65,Johnsview,Port Amberstad,2024-05-01,2024-05-10,Delayed
66,New Carlosburgh,Ashleymouth,2024-04-24,2024-05-01,Delayed
67,Obrienview,New Rachelbury,2024-02-29,2024-03-10,Delayed
68,Port Karen,East Christine,2024-06-27,2024-07-08,In Transit
69,Jennyberg,North Lisaport,2024-07-10,2024-07-14,Cancelled
70,West Elizabeth,Nicoletown,2024-11-26,2024-12-08,In Transit
71,New Brianna,Lake Dorismouth,2024-06-21,2024-07-05,In Transit
72,Bushfort,Dayside,2025-01-17,2025-01-22,In Transit
73,Jensenland,Jorgehaven,2024-12-22,2024-12-27,In Transit
74,Mollyland,East Kathytown,2024-05-25,2024-05-29,In Transit
75,Lake Michaelmouth,Josephbury,2024-10-31,2024-11-07,Cancelled
76,North Dylanborough,Port Christopherview,2024-03-27,2024-04-01,Delivered
77,Austintown,Portershire,2024-05-28,2024-06-07,Cancelled
78,Morganview,South Steven,2024-08-15,2024-08-22,In Transit
79,Clementsview,Lake Bradley,2024-06-04,2024-06-08,Delayed
80,South Jamesborough,Andersonchester,2024-09-23,2024-09-30,In Transit
81,Royville,Jameschester,2024-12-01,2024-12-05,Delivered
82,Gregoryside,New Jessicatown,2024-03-08,2024-03-21,Cancelled
83,North Brianaburgh,South Brett,2024-11-11,2024-11-13,Delayed
84,Courtneyshire,Dianemouth,2024-06-12,2024-06-13,Cancelled
85,Port Rebecca,Lake Moniquebury,2024-11-18,2024-11-21,In Transit
86,North Corey,Port Katherinebury,2024-06-25,2024-06-27,Cancelled
87,Millsborough,West Ryan,2024-12-28,2025-01-07,Delayed
88,West Stephanie,Lake Zachary,2025-01-04,2025-01-17,Delayed
89,North Stephen,West Haley,2024-09-29,2024-10-04,Cancelled
90,Gibbsborough,Kingborough,2024-06-13,2024-06-25,Delayed
91,Brianland,Kentton,2024-07-27,2024-08-07,Delivered
92,New Andreaside,Coxville,2024-10-21,2024-10-27,Delivered
93,South Morganberg,East Joshua,2024-09-15,2024-09-24,Delivered
94,South Willieland,North Samanthaville,2024-09-17,2024-09-26,Delivered
95,Phillipsfort,South Richardfort,2024-02-29,2024-03-09,In Transit
96,Brandttown,Leahshire,2025-01-03,2025-01-05,In Transit
97,Mcgeetown,Port Kimberlyville,2024-11-15,2024-11-27,Cancelled
98,Austinside,Jasonshire,2024-03-28,2024-04-09,Cancelled
99,New Bryan,Ryanchester,2024-08-18,2024-08-28,In Transit
100,Karenstad,South Kristinville,2024-02-27,2024-03-07,Delayed
101,East James,New Elizabethburgh,2025-02-02,2025-02-13,Delayed
102,South Christina,Mcgrathfort,2024-05-13,2024-05-27,Cancelled
103,East Ericstad,New Donaldmouth,2024-09-05,2024-09-16,Delivered
104,Allenfort,Lucerochester,2024-08-11,2024-08-24,In Transit
105,North Thomasmouth,Williamschester,2024-05-15,2024-05-25,In Transit
106,Lake Daniel,Anthonyton,2024-12-20,2024-12-24,Delayed
107,Terrellside,Lake Derekside,2024-02-29,2024-03-11,In Transit
108,South Mary,West Lindsey,2024-02-19,2024-02-26,Delayed
109,North Jennifer,West Williamport,2024-11-06,2024-11-17,Cancelled
110,Andrewburgh,Wilsontown,2024-11-25,2024-12-04,Cancelled
111,Justinfurt,West Josephhaven,2024-04-29,2024-05-07,In Transit
112,Colonfort,Mathewsberg,2024-05-02,2024-05-08,In Transit
113,Richardville,Michelleville,2025-02-02,2025-02-04,Delayed
114,Robertoside,South Lynn,2024-11-13,2024-11-19,Delayed
115,Port Joshuaton,South Elizabethfort,2025-01-07,2025-01-12,Delivered
116,Patrickborough,North Kimberlystad,2024-10-14,2024-10-27,Cancelled
117,Davidhaven,Lake Ariel,2024-12-31,2025-01-05,Delivered
118,Andrewtown,Angelbury,2024-09-03,2024-09-12,Delivered
119,Shannontown,East Donald,2024-08-27,2024-09-04,Delivered
120,Bryantberg,Youngstad,2024-09-13,2024-09-20,Cancelled
121,New Carla,Lake Brandonbury,2024-11-21,2024-11-25,Cancelled
122,Randyfort,Port Donaldmouth,2024-08-14,2024-08-22,In Transit
123,North Brandon,North Ralph,2024-07-17,2024-07-20,Cancelled
124,Joannaport,East Bradbury,2024-07-24,2024-08-03,Delivered
125,Port Michael,South Amber,2024-11-25,2024-11-29,Delivered
126,Smithbury,Cameronport,2024-11-11,2024-11-19,Cancelled
127,North Richard,North Christopher,2024-05-28,2024-06-03,Delivered
128,Nancymouth,Lake Deniseburgh,2024-11-09,2024-11-17,Delayed
129,Tomland,West Carrieport,2024-12-04,2024-12-05,Cancelled
130,Jenniferbury,Dianahaven,2024-12-28,2025-01-04,Delayed
131,Alisonberg,Port Josephton,2024-12-27,2025-01-03,Cancelled
132,Lake Angela,East Steven,2024-03-01,2024-03-04,Cancelled
133,Billland,West Gail,2024-03-31,2024-04-03,Delivered
134,Christinaburgh,Michaelburgh,2024-12-06,2024-12-17,Delayed
135,Molinahaven,Port Tonya,2024-07-08,2024-07-15,Cancelled
136,Stephenfort,Beltranfurt,2024-08-05,2024-08-17,Delivered
137,Millerbury,East Bonnie,2024-05-26,2024-05-31,Delivered
138,Mccannton,Rowetown,2025-01-30,2025-01-31,Cancelled
139,West Kimberlymouth,East Nicoleside,2024-08-18,2024-08-21,Delayed
140,Kimberlyview,Meyerton,2024-10-23,2024-10-25,Cancelled
141,North Keithview,Baileyborough,2024-09-07,2024-09-11,Cancelled
142,Aguilarstad,South Toniton,2024-07-13,2024-07-21,Cancelled
143,Jamesfurt,West Sarahside,2025-01-24,2025-02-06,In Transit
144,Wyattfurt,Beckborough,2025-02-09,2025-02-17,Delayed
145,Port Lance,South Francisco,2024-09-21,2024-09-28,Delivered
146,East Jonathan,East Stephanie,2024-09-19,2024-09-27,Cancelled
147,Ericmouth,Joshuafort,2025-01-25,2025-02-02,Cancelled
148,Turnerport,Geraldtown,2024-09-24,2024-10-08,In Transit
149,Louisbury,Santiagoshire,2024-12-17,2024-12-21,Delayed
150,New Janet,Penningtonmouth,2025-01-03,2025-01-09,In Transit
151,Watkinsview,New Andrew,2024-07-19,2024-07-29,Cancelled
