shipment_id,origin,destination,shipment_date,delivery_date,status
1,Sarahfurt,Christopherberg,2025-01-30,2025-02-05,Cancelled
2,Port Justin,Chadhaven,2024-07-19,2024-07-31,In Transit
3,Port Daniel,Lindseymouth,2024-07-06,2024-07-17,Delayed
4,North Karen,West Edward,2024-08-27,2024-08-28,Delayed
5,Caldwellshire,Pattonstad,2024-09-01,2024-09-06,Delayed
6,Carpenterville,North Kellymouth,2024-06-29,2024-07-11,Cancelled
7,West Gabriela,Harperhaven,2024-07-20,2024-07-31,Delayed
8,Port Aimeechester,Patriciafort,2024-10-28,2024-11-07,Delayed
9,Zacharyburgh,Atkinsstad,2024-06-14,2024-06-26,Delayed
10,South Danielle,Lake Allenhaven,2025-02-03,2025-02-10,Delivered
11,Hoffmanport,North Michaelport,2025-02-02,2025-02-11,Delivered
12,North Stacey,Evansfurt,2025-01-25,2025-01-29,Cancelled
13,East Matthew,Hernandezfort,2025-01-22,2025-01-30,Cancelled
14,Whiteheadshire,East Carolynfurt,2025-01-23,2025-01-24,In Transit
15,Jenkinshaven,North Adam,2024-10-24,2024-11-06,Delivered
16,Clarkfurt,Charlesland,2024-07-20,2024-07-27,Cancelled
17,Pamelabury,Schwartzland,2024-07-11,2024-07-18,Cancelled
18,Dayfort,North Johnview,2025-01-15,2025-01-23,Cancelled
19,Karenberg,Padillamouth,2024-06-06,2024-06-14,Delayed
20,Nunezbury,Gomezfurt,2024-03-08,2024-03-09,In Transit
21,Melissastad,Moranbury,2024-11-07,2024-11-13,Cancelled
22,Lake Nicole,Port Alexandra,2025-02-02,2025-02-13,Delayed
23,Torresfort,Port Morganhaven,2024-08-01,2024-08-02,Delivered
24,Kimville,Rachelside,2024-09-16,2024-09-30,Delayed
25,Williamsville,Port Dylanshire,2024-04-04,2024-04-17,In Transit
26,Lake Jill,North Jeffrey,2024-06-04,2024-06-13,In Transit
27,Downsmouth,Danielstad,2024-12-22,2024-12-29,In Transit
28,West Jessica,Kimberlyhaven,2024-06-29,2024-06-30,Cancelled
29,Port Melissa,Staceychester,2024-09-03,2024-09-16,Delivered
30,Nicolebury,Wilkinsmouth,2024-07-10,2024-07-16,Delayed
31,East Jill,Lindaberg,2024-02-20,2024-03-03,Delivered
32,West Jerrymouth,Lake Ericton,2024-03-27,2024-03-28,Delivered
33,Port Ronaldchester,Brettstad,2024-08-23,2024-09-05,Cancelled
34,Port Monicaberg,Melissamouth,2024-10-24,2024-10-31,In Transit
35,Jenniferhaven,Stephaniehaven,2024-08-24,2024-08-28,Delayed
36,South Devintown,Petersonbury,2024-11-21,2024-12-05,Delivered
37,East Brianborough,Port Jessicaside,2024-05-05,2024-05-19,In Transit
38,South Stephanieburgh,Juliechester,2024-09-07,2024-09-16,Delayed
39,West Marychester,West Matthew,2024-09-12,2024-09-13,Cancelled
40,Marcmouth,West Robertville,2024-06-27,2024-06-30,In Transit
41,Hughesport,West Frederick,2025-01-16,2025-01-20,Delivered
42,New Nicholaschester,Lake Christineland,2024-03-16,2024-03-30,In Transit
43,Perezshire,Westland,2024-11-09,2024-11-23,Delayed
44,Port Patrickshire,Lake Jennifermouth,2024-06-07,2024-06-19,Delayed
45,Barnettview,Benjaminton,2024-11-21,2024-11-28,Delivered
46,Keithfurt,Flemingfort,2024-04-22,2024-04-28,Delivered
47,East Cynthiashire,Jayhaven,2024-06-09,2024-06-12,Delayed
48,Vincentville,East Richardstad,2024-07-16,2024-07-22,Delayed
49,Ricardoview,West Theresa,2025-01-15,2025-01-26,Delayed
50,Nathanhaven,East Dawn,2024-05-15,2024-05-19,Delayed
51,North Rebecca,Lemouth,2024-05-28,2024-06-07,Delayed
52,Kristenville,Port Alexandriaburgh,2024-04-09,2024-04-12,In Transit
53,Mercadoshire,Port Charles,2024-09-08,2024-09-20,Cancelled
54,Chadmouth,New Jamesside,2024-07-16,2024-07-22,Delayed
55,Port Danielle,East James,2024-12-15,2024-12-16,Delayed
56,Port Marie,New Ronniehaven,2024-05-09,2024-05-18,Cancelled
57,West Karen,East Garrettmouth,2024-08-18,2024-08-21,Cancelled
58,North Jonmouth,Lake Nancy,2024-10-22,2024-10-25,Delayed
59,New Stevenland,Kimberlyton,2024-03-05,2024-03-12,Cancelled
60,West James,Hansenburgh,2024-03-30,2024-03-31,In Transit
61,West Emilyton,Port Janetport,2024-12-30,2024-12-31,Delivered
62,Port Elaineshire,East Candaceport,2024-02-26,2024-03-08,Delayed
63,Melissabury,Hernandezland,2025-02-01,2025-02-11,Delayed
64,Leeview,Nguyentown,2024-09-14,2024-09-21,Delayed
65,Silvafurt,Lake Leah,2024-05-19,2024-05-25,Cancelled
66,West Sarahstad,Emilybury,2024-04-03,2024-04-15,Cancelled
67,Burkefurt,South Christinechester,2024-02-15,2024-02-20,Cancelled
68,Lake Josephfort,Patriciahaven,2025-01-11,2025-01-19,In Transit
69,North Jennifer,New Richardport,2024-04-15,2024-04-25,Cancelled
70,Bradleyville,North Michaelview,2024-09-10,2024-09-19,Delayed
71,Alexandermouth,Lake Cherylhaven,2024-03-20,2024-03-27,Cancelled
72,Ashleyview,Port Sheryl,2025-02-08,2025-02-19,Cancelled
73,Lindatown,Lake Christopher,2024-11-16,2024-11-25,Delayed
74,Tricialand,New Stephen,2024-09-02,2024-09-08,Cancelled
75,Williamsfort,Williamsfort,2025-01-17,2025-01-23,Delivered
76,Lake Jamesland,Leviton,2025-02-10,2025-02-14,Delayed
77,Cathyton,New Rhonda,2024-10-02,2024-10-03,Delivered
78,Hillview,Kathleenton,2024-12-01,2024-12-03,In Transit
79,Lake Crystalbury,Patricialand,2024-09-23,2024-10-03,In Transit
80,Williamsmouth,Powellton,2024-03-16,2024-03-25,In Transit
81,New Tyronehaven,South Daniel,2024-05-14,2024-05-20,Cancelled
82,Mooremouth,South Craig,2024-04-17,2024-04-28,Delayed
83,East Danielton,Torresfurt,2024-04-10,2024-04-14,Delivered
84,Lake Carl,Terryville,2025-01-13,2025-01-19,Delivered
85,Hayesview,Lake Kathryn,2024-10-07,2024-10-18,In Transit
86,South Krystal,Robertmouth,2024-05-16,2024-05-21,In Transit
87,Booneshire,Joshuamouth,2024-12-04,2024-12-11,Delayed
88,East Rogerside,East Amandaberg,2024-06-18,2024-06-30,In Transit
89,Stuartberg,Rodriguezburgh,2024-12-01,2024-12-02,Delayed
90,Edwardburgh,Villanuevaland,2024-07-13,2024-07-16,Delivered
91,Russellbury,Sullivanshire,2025-02-01,2025-02-11,Cancelled
92,West Derrickhaven,Lake Kathleen,2024-09-02,2024-09-10,Delayed
93,New Sandra,New Heather,2024-10-08,2024-10-11,In Transit
94,Grayburgh,East Laurastad,2024-08-02,2024-08-03,Delayed
95,South Fred,Lake Davidborough,2024-07-05,2024-07-14,Delayed
96,Christopherburgh,New Larry,2024-08-06,2024-08-20,Cancelled
97,South Wendyport,Tylerburgh,2024-05-23,2024-06-02,Cancelled
98,Lake Richard,Port Toddfort,2024-09-20,2024-09-25,Delayed
99,Andrewport,Lake Markview,2025-02-11,2025-02-13,Delayed
100,Christopherside,New Carlos,2024-05-02,2024-05-13,Delayed
101,East Joseph,West Lisa,2024-08-15,2024-08-24,In Transit
102,South Jonathan,Port Jacquelineton,2024-05-05,2024-05-12,Cancelled
103,Jonathanfurt,Leeport,2024-11-10,2024-11-20,Cancelled
104,New Zacharychester,Mcknightshire,2025-01-15,2025-01-24,Delayed
105,Leonardland,Newtonmouth,2024-10-18,2024-10-26,Delivered
106,Snowtown,Longfort,2024-11-29,2024-12-11,In Transit
107,Farleymouth,West Danielstad,2024-11-10,2024-11-24,Delivered
108,West Robertbury,New Christine,2024-09-05,2024-09-15,In Transit
109,New Gavin,Johnsonland,2024-08-17,2024-08-31,Delayed
110,Whitechester,East Phillipmouth,2024-09-18,2024-09-24,Delivered
111,Shanehaven,West Cheryl,2024-06-14,2024-06-21,In Transit
112,Barrettland,West Danielchester,2024-04-09,2024-04-23,Delivered
113,North Thomasstad,Hurstfort,2024-12-15,2024-12-29,Cancelled
114,South Amy,Duartemouth,2024-12-28,2025-01-06,Delivered
115,Orozcotown,South Erika,2024-03-04,2024-03-07,In Transit
116,New Michael,Johnhaven,2024-06-07,2024-06-19,Delayed
117,Daniellemouth,Jacksonchester,2024-10-07,2024-10-20,Delivered
118,Taylorchester,Jenniferhaven,2024-05-01,2024-05-04,Delayed
119,Port Pamelamouth,Kimberlyhaven,2024-11-14,2024-11-28,In Transit
120,Ericland,New Shannonview,2024-08-03,2024-08-15,Cancelled
121,South Phyllismouth,New Lisa,2024-11-21,2024-11-28,Delayed
122,Harrisonborough,Brandonland,2025-02-05,2025-02-14,Cancelled
123,Christopherfort,South Garrettmouth,2024-09-28,2024-09-29,In Transit
124,Cooperville,New Vincent,2024-08-07,2024-08-20,In Transit
125,Matthewview,East Nicholas,2024-04-24,2024-05-03,In Transit
126,Tammyside,Zacharyshire,2024-02-16,2024-02-23,Delayed
127,Lake Stephenhaven,Smithfurt,2024-02-18,2024-02-23,In Transit
128,Luceromouth,Karenshire,2025-01-20,2025-02-03,Cancelled
129,Christophermouth,Samanthamouth,2024-06-06,2024-06-09,Delayed
130,Davisfurt,Lake Joseton,2024-09-21,2024-10-05,Delivered
131,Christopherville,South John,2024-08-05,2024-08-15,Delayed
132,North Gregory,East Kristenville,2024-12-29,2025-01-06,Delivered
133,Jenniferfort,Davistown,2024-03-21,2024-04-04,Delivered
