shipment_id,origin,destination,shipment_date,delivery_date,status
1,Port Adamtown,New Kimberlystad,2024-10-16,2024-10-21,Cancelled
2,East Jillberg,Port Jenna,2024-05-09,2024-05-15,Delivered
3,East Joshuaview,Jamesbury,2024-03-13,2024-03-20,Delivered
4,New Stevenstad,Roberttown,2024-08-30,2024-09-03,Delivered
5,Port Melissaland,New Kyle,2024-11-25,2024-12-04,Delivered
6,South Keith,New Cindy,2024-12-01,2024-12-07,In Transit
7,Port Jose,Port Kelseytown,2024-06-04,2024-06-07,Delivered
8,South Jasonview,Markside,2024-07-12,2024-07-17,Delayed
9,South Matthewtown,West Dannyside,2025-01-19,2025-01-25,Delivered
10,New Jason,West Matthewside,2024-03-06,2024-03-17,Cancelled
11,Jameshaven,Walkerland,2024-06-28,2024-06-30,Delivered
12,Barberview,Stephaniefurt,2024-07-24,2024-08-07,Delivered
13,West Mitchellstad,North Gerald,2024-06-21,2024-07-01,In Transit
14,East Stacy,Kimberlymouth,2024-12-07,2024-12-18,Delayed
15,New Michelle,Leonshire,2024-08-12,2024-08-16,In Transit
16,North Laurenchester,Laraville,2024-09-04,2024-09-12,Delivered
17,Lake Alexandermouth,South Brooke,2024-08-21,2024-09-01,Delayed
18,Port William,East Yolanda,2024-11-24,2024-11-25,In Transit
19,West Zacharytown,Cooperport,2024-08-21,2024-09-04,In Transit
20,Thompsonhaven,Shirleyborough,2024-10-11,2024-10-24,Delayed
21,West Cassandra,Tiffanybury,2024-03-18,2024-03-31,Delayed
22,Lake Erikaville,Ashleyton,2024-11-29,2024-12-04,Cancelled
23,Christianshire,Port Jamestown,2024-09-18,2024-09-24,Cancelled
24,Lake Emilystad,Annamouth,2024-10-01,2024-10-07,Cancelled
25,West Sandra,Port Stephenside,2024-04-05,2024-04-06,Delayed
26,South Andrew,Mikestad,2024-08-29,2024-09-10,In Transit
27,Brianbury,Pierceville,2024-10-29,2024-10-30,In Transit
28,Nelsonburgh,South Jeffreybury,2024-05-06,2024-05-11,In Transit
29,New Mary,North Tiffany,2024-06-19,2024-06-24,Delayed
30,Knightton,New Morganmouth,2024-07-19,2024-07-30,Cancelled
31,Christopherbury,Valenzuelahaven,2024-05-08,2024-05-11,Cancelled
32,South Kevin,South Sarahview,2024-08-21,2024-08-31,Cancelled
33,Patelborough,Jasminefort,2024-07-06,2024-07-09,In Transit
34,South Glen,South Richardport,2024-07-31,2024-08-08,Delivered
35,Kevinport,West Karen,2024-03-09,2024-03-21,Delayed
36,Hoopermouth,Mcclureborough,2024-11-02,2024-11-13,Cancelled
37,South Donnafurt,Douglaston,2024-11-01,2024-11-11,Delivered
38,North Timothyshire,Walkerland,2024-04-07,2024-04-09,Cancelled
39,West Amy,Peterville,2024-03-24,2024-03-29,Delivered
40,Territown,Clarkfort,2024-05-16,2024-05-18,In Transit
41,Andreaside,Douglasville,2024-06-26,2024-07-06,Delivered
42,Hallstad,Evanmouth,2024-10-28,2024-11-06,Cancelled
43,West Elizabeth,South Albert,2024-04-26,2024-04-28,Delivered
44,Deborahfort,Port Williamside,2024-11-08,2024-11-11,Delayed
45,Bradychester,Sandovalfurt,2025-01-31,2025-02-13,Delayed
46,Martinborough,Jordanfurt,2024-06-24,2024-06-26,Delayed
47,Lake Danielport,West Justin,2025-01-28,2025-02-08,Delayed
48,Cooperbury,Phamland,2024-06-07,2024-06-13,Delayed
49,Port Jaredhaven,Coltonton,2024-06-15,2024-06-19,Delayed
50,Harrellmouth,New Courtney,2024-09-27,2024-09-28,Delayed
51,Richardstad,Shepherdchester,2024-11-24,2024-12-02,Delivered
52,Lake Austinton,New Tracymouth,2024-03-01,2024-03-08,Delivered
53,East Eric,Christinefort,2024-06-18,2024-07-02,Delayed
54,East Jeremy,North Katherine,2024-10-17,2024-10-22,Delayed
55,New Richard,Elizabethstad,2024-03-08,2024-03-20,Cancelled
56,Robinville,Scottbury,2024-11-04,2024-11-07,Delayed
57,Sharonburgh,West April,2024-08-10,2024-08-13,In Transit
58,East Kyleland,West Travisfurt,2024-11-28,2024-12-12,Cancelled
59,East Lisa,Harveyland,2024-05-28,2024-06-04,Delivered
60,Baxterland,West Annestad,2024-03-04,2024-03-12,Cancelled
61,East Heatherborough,Diazmouth,2024-04-29,2024-04-30,Delivered
62,Bonnieton,Bettychester,2024-04-17,2024-04-20,Delivered
63,Port Richardfort,Ingramfort,2024-07-27,2024-08-03,In Transit
64,New Gabrielland,Thomasborough,2024-04-24,2024-05-05,Delivered
65,Adrianton,South Joseph,2024-08-13,2024-08-17,In Transit
66,North Heather,East Toni,2024-11-18,2024-12-02,Delivered
67,Brianfort,New Linda,2024-12-24,2024-12-27,Delayed
68,New Michaelshire,Lake Leslietown,2024-11-10,2024-11-17,Delivered
69,Emilyshire,South Curtisville,2024-12-17,2024-12-23,In Transit
70,West Kelsey,East Rebeccafurt,2024-07-15,2024-07-27,Delivered
71,Port Rossville,East Victoria,2024-05-17,2024-05-21,In Transit
72,South Natalie,Andersontown,2024-03-28,2024-04-03,Delivered
73,Taylorbury,Markberg,2024-08-07,2024-08-10,Delivered
74,North Rebeccatown,Taylorberg,2024-06-26,2024-06-28,Delayed
75,Port Jesse,Lake Gregoryfurt,2024-05-16,2024-05-24,Delivered
76,Blackborough,Stewartburgh,2024-09-18,2024-09-26,In Transit
77,Stephenmouth,New Glenda,2024-08-23,2024-08-30,Delayed
78,New Timothyshire,Davidbury,2025-02-07,2025-02-19,Delayed
79,Port Rebeccahaven,Port Kyle,2024-06-17,2024-06-27,Delivered
80,East Matthewhaven,West Jefferymouth,2024-06-30,2024-07-01,In Transit
81,West Cindy,West Andrewport,2024-07-01,2024-07-10,Cancelled
82,Brownton,Vegaview,2024-06-19,2024-06-26,Cancelled
83,Johnsonville,Port Dylan,2024-12-18,2024-12-22,Delayed
84,Port Pamelamouth,Hatfieldport,2024-03-11,2024-03-25,Delayed
85,Port Ericshire,South Rachel,2024-02-14,2024-02-27,Delayed
86,Jamestown,West Susan,2025-01-12,2025-01-17,Delayed
87,Emilyside,Taraport,2025-01-21,2025-01-26,Delayed
88,West Ryan,East Christopherborough,2024-04-22,2024-05-03,In Transit
89,Johnnyshire,Nicoleshire,2024-12-31,2025-01-12,In Transit
90,South Rhondatown,South Erika,2024-05-29,2024-06-10,Delivered
91,Robertview,Kennethview,2025-01-10,2025-01-12,In Transit
92,Mariafurt,Garrettchester,2024-02-29,2024-03-02,In Transit
93,West Caitlin,East Sheri,2024-12-13,2024-12-26,Delayed
94,Smallborough,North Emily,2024-09-20,2024-10-03,In Transit
95,Jacksonton,East Bradleymouth,2025-02-01,2025-02-08,Delivered
96,Peterfort,Port Nathanielberg,2024-03-19,2024-03-22,In Transit
97,Patelton,West Emily,2025-02-07,2025-02-11,Delivered
98,Lake Mia,West Sierra,2024-06-11,2024-06-17,Cancelled
99,East Mark,Sharonmouth,2024-12-15,2024-12-21,Delayed
100,Shanefort,Berrymouth,2024-05-05,2024-05-11,Delivered
101,Stephenhaven,Port Stacey,2024-04-21,2024-05-05,Delivered
102,Taylorberg,Gabrielleview,2024-07-28,2024-08-05,Delayed
103,Williamsfurt,Martineztown,2024-04-08,2024-04-21,Cancelled
104,Hamiltonfurt,Morenotown,2024-08-03,2024-08-17,In Transit
105,South Michelle,West Billymouth,2024-04-19,2024-04-28,Cancelled
106,Larrybury,Thompsonbury,2024-06-20,2024-06-22,In Transit
107,Crystalland,Stricklandchester,2024-08-17,2024-08-28,Delivered
108,Richardborough,East Joshuastad,2024-07-16,2024-07-18,In Transit
109,Carlyside,New Ashley,2024-08-24,2024-08-28,In Transit
110,Morseberg,West Jimmychester,2024-06-19,2024-06-30,In Transit
111,Austinchester,South Kenneth,2024-08-11,2024-08-25,Cancelled
112,Dawnbury,Port Lindaland,2024-08-25,2024-09-02,In Transit
113,Kevinfort,North Christopherchester,2025-02-04,2025-02-06,Delayed
114,Mcclainmouth,New Mitchellhaven,2024-10-08,2024-10-12,In Transit
115,Port Wendy,New Kyletown,2024-05-08,2024-05-13,Cancelled
116,North Linda,Port Kara,2024-09-04,2024-09-18,Delayed
117,South Kenneth,Jonfurt,2025-02-10,2025-02-13,In Transit
118,Rosaleston,South Marissahaven,2025-01-21,2025-01-26,In Transit
119,Jaredtown,Travisbury,2024-07-01,2024-07-11,Cancelled
120,West Sandra,East Robin,2024-11-01,2024-11-11,Delivered
121,Port Mirandamouth,Chenborough,2024-02-24,2024-02-28,Cancelled
122,East Ernest,East Deborah,2024-02-21,2024-03-05,Delivered
123,Victorhaven,Joannland,2024-08-17,2024-08-19,In Transit
124,South Emilymouth,South Andrewberg,2024-07-28,2024-08-09,In Transit
125,Samanthaborough,Kramerland,2024-06-02,2024-06-16,Delayed
126,Lake Craigtown,Melissatown,2024-05-01,2024-05-06,Delivered
127,Tiffanytown,Lake Heidiborough,2024-08-22,2024-08-27,Delivered
128,Karenstad,Robertville,2024-11-08,2024-11-16,In Transit
129,North Nicholasport,East Robertchester,2024-05-27,2024-06-03,In Transit
130,Kristafort,Stephanieton,2024-10-12,2024-10-16,In Transit
131,Josephport,Lake Shannon,2024-02-14,2024-02-15,In Transit
132,Gregorymouth,Bakerland,2024-03-03,2024-03-17,Delayed
133,Crystalshire,Lake Angelaview,2024-06-23,2024-06-29,Delivered
134,New Robinfort,Grantburgh,2024-04-30,2024-05-04,Delayed
135,East Kellystad,West Kaylamouth,2024-06-27,2024-06-29,Cancelled
136,New Briannaton,Paynemouth,2024-08-14,2024-08-24,Delayed
137,Julieton,Millerville,2025-01-12,2025-01-26,In Transit
138,Michaelchester,Fisherview,2024-02-23,2024-03-03,In Transit
139,South Jamie,Joanmouth,2024-04-02,2024-04-13,Delivered
140,New Susanstad,New Brandonside,2024-03-02,2024-03-03,Delivered
141,South Juan,Staceyburgh,2024-05-13,2024-05-19,Delivered
142,West Michaelborough,Nathanside,2024-06-15,2024-06-18,Delayed
143,East Davidstad,Lake Kennethburgh,2024-05-13,2024-05-21,Delayed
144,West John,Jenniferchester,2024-10-26,2024-11-04,Delayed
145,Loweville,West Thomas,2024-09-19,2024-10-02,Delayed
146,West Alyssachester,Rasmussenborough,2024-05-24,2024-06-04,Delivered
147,Lake Melissa,New Jennifer,2024-12-23,2024-12-25,Cancelled
148,West Luis,North Hannah,2024-06-20,2024-06-26,Cancelled
149,Burnschester,North Raymond,2024-10-02,2024-10-10,In Transit
150,Port Gregorytown,West Tammy,2024-03-17,2024-03-29,Delivered
151,West Jenniferburgh,Phillipsshire,2024-05-30,2024-06-01,Delayed
152,Lake Jeffshire,Royton,2024-03-04,2024-03-18,In Transit
153,Lake Sheila,Mollyborough,2024-04-02,2024-04-04,In Transit
154,Cynthiaport,Chadborough,2024-08-18,2024-08-20,Delayed
155,Robertchester,Melissaside,2025-01-29,2025-02-11,In Transit
156,Frankfort,East Michelleberg,2024-09-24,2024-10-04,Delayed
157,New Timothytown,New Ronnieville,2024-03-02,2024-03-07,Delayed
158,West Nicole,Jaredville,2024-03-30,2024-04-10,Cancelled
159,East Matthewton,Perezmouth,2024-03-30,2024-04-09,Delivered
160,Lake Dorothyland,Lake Kristen,2024-05-28,2024-06-03,In Transit
161,Garciaside,Hebertville,2024-09-11,2024-09-22,Delivered
162,Davismouth,Cindyville,2024-04-04,2024-04-08,Delivered
163,West Scottberg,New Katelyntown,2024-12-12,2024-12-20,Delivered
164,Port Summer,Lambertville,2024-09-07,2024-09-10,Cancelled
165,Elizabethshire,North Mark,2024-04-02,2024-04-10,In Transit
166,Wrightchester,Lake Joseph,2024-03-06,2024-03-12,Delivered
167,Troychester,South Kimberly,2024-08-06,2024-08-13,In Transit
168,Markville,Weberstad,2024-09-02,2024-09-13,In Transit
169,East Matthew,Murphyville,2024-08-25,2024-08-28,In Transit
