shipment_id,origin,destination,shipment_date,delivery_date,status
1,Port Kaylaburgh,Christopherfurt,2024-10-10,2024-10-11,Delayed
2,Lake Kim,Davidmouth,2024-09-19,2024-10-03,In Transit
3,Stevenview,East Melindaside,2024-03-17,2024-03-18,Cancelled
4,Christopherport,Kirkside,2024-05-25,2024-05-26,Delivered
5,Nicolehaven,New Blake,2024-08-03,2024-08-12,Cancelled
6,North Victoriastad,South Robertton,2024-11-09,2024-11-20,In Transit
7,Dorothybury,Fordberg,2024-09-08,2024-09-11,Cancelled
8,Lake Jason,Port Keithton,2024-10-15,2024-10-23,Delayed
9,Huynhfurt,South Colinborough,2025-02-09,2025-02-16,Delivered
10,Nathanfort,Stevenland,2024-03-09,2024-03-12,Delivered
11,Jerrytown,Wallsberg,2024-12-02,2024-12-15,In Transit
12,Brandonland,Hayesside,2024-11-29,2024-12-05,In Transit
13,Port Sherri,Hannaville,2024-07-08,2024-07-11,In Transit
14,Dylanbury,Lake Johnville,2024-08-28,2024-08-31,Delivered
15,Lake Gary,Ericton,2024-10-10,2024-10-11,Delivered
16,New Amymouth,New Yolanda,2024-03-13,2024-03-26,In Transit
17,South Kevin,Mcknightfurt,2024-03-28,2024-04-10,Delivered
18,Darrellland,Port Laura,2024-07-12,2024-07-22,In Transit
19,South James,North Laurenland,2025-01-30,2025-02-02,Delivered
20,South Edwin,Freyfurt,2024-07-21,2024-08-04,Delayed
21,New Christine,Douglasfort,2024-05-22,2024-05-24,In Transit
22,Harrisonchester,Nathanielchester,2024-12-05,2024-12-07,In Transit
23,Lake Loriview,Lake Angel,2024-04-05,2024-04-07,Delayed
24,East Staceymouth,Woodland,2024-12-28,2025-01-06,Delayed
25,New Sydneystad,North Jenniferland,2024-11-19,2024-11-29,Cancelled
26,Jamesfurt,Lake Erikborough,2024-02-14,2024-02-15,In Transit
27,Michaelfort,Port Cynthiahaven,2024-02-18,2024-02-28,Cancelled
28,West Jacobton,New Michellemouth,2024-06-28,2024-07-08,Cancelled
29,Jamesport,Lake Richard,2024-07-16,2024-07-28,Delivered
30,Lake Hayley,Clarkfurt,2024-06-03,2024-06-15,Delivered
31,Roberttown,Lake Bethshire,2024-04-06,2024-04-10,Delivered
32,East Michele,Port Kennethview,2024-05-27,2024-06-09,Cancelled
33,North Abigailside,East Chelsea,2024-08-11,2024-08-25,In Transit
34,New Richardburgh,West Steven,2024-10-31,2024-11-03,In Transit
35,Glenville,Robinsonmouth,2024-02-16,2024-02-28,In Transit
36,Lake Brandy,Lewishaven,2024-07-22,2024-07-25,Cancelled
37,North Ryan,South Emilyside,2024-05-16,2024-05-25,In Transit
38,Lake Alexis,Brittanyland,2024-10-27,2024-11-08,In Transit
39,Parkerborough,Gallegosside,2024-07-12,2024-07-20,In Transit
40,Luisstad,Mollymouth,2024-12-14,2024-12-26,In Transit
41,Ericmouth,Morganshire,2024-07-20,2024-07-22,Cancelled
42,Simmonston,Alberttown,2024-10-09,2024-10-14,Delivered
43,East Sallymouth,Huangmouth,2024-07-16,2024-07-22,In Transit
44,Michaelhaven,Dianamouth,2024-12-27,2025-01-06,Delayed
45,West Regina,South Kara,2025-01-08,2025-01-14,Delivered
46,Marcusmouth,South Rodneymouth,2024-12-11,2024-12-23,Delayed
47,Rodriguezberg,Jaredhaven,2024-12-31,2025-01-04,Cancelled
48,Ryanbury,Lake Robert,2024-06-17,2024-06-19,Delayed
49,West Ashley,Arellanofort,2024-03-05,2024-03-19,In Transit
50,Maystad,South Anthonychester,2024-09-30,2024-10-02,Delayed
51,Stephenstad,Lake Emily,2024-05-08,2024-05-22,Delivered
52,North Miguelburgh,Port Stephanie,2024-10-24,2024-11-02,In Transit
53,Tiffanybury,North Kendra,2024-11-09,2024-11-21,Cancelled
54,West Christopher,New Ericfurt,2024-03-19,2024-03-28,Delivered
55,Port Jonmouth,Howardstad,2024-12-26,2025-01-06,Cancelled
56,Ramosburgh,West Michaelburgh,2024-10-30,2024-11-04,Delivered
57,Mayborough,North Kevin,2024-11-06,2024-11-16,Delayed
58,Tammyland,Lake Melissaport,2024-12-14,2024-12-27,In Transit
59,Monicaview,Jenniferberg,2024-08-19,2024-08-31,Cancelled
60,Angelaville,Josephtown,2024-02-25,2024-03-07,Delayed
61,Stanleyberg,Port Miguel,2024-10-13,2024-10-22,Delayed
62,Robinstad,Port Debbie,2025-01-20,2025-02-02,Delivered
63,West Robertfort,Lake Alexander,2024-11-29,2024-12-13,Delivered
64,Christopherland,Carrport,2024-12-08,2024-12-22,Cancelled
65,West Patrickmouth,East Brooke,2024-09-24,2024-09-27,In Transit
66,East Peter,New Christopher,2024-02-23,2024-02-27,In Transit
67,Cliffordhaven,Bakerton,2024-04-28,2024-05-01,Delayed
68,Martinezberg,New Brittany,2025-01-01,2025-01-02,In Transit
69,Kirbytown,South Peter,2024-12-27,2025-01-03,Delayed
70,Johnsonfort,Loganbury,2024-11-26,2024-12-02,Cancelled
71,Samanthaland,West Anthonyside,2024-02-20,2024-03-03,Cancelled
72,Leroyside,Port Frankton,2024-08-07,2024-08-17,Cancelled
73,Scottshire,Lewisborough,2024-11-23,2024-12-05,Cancelled
74,North Dana,Gateston,2024-08-11,2024-08-24,In Transit
75,Shannonmouth,New Marissa,2024-03-31,2024-04-12,Delayed
76,Deanhaven,East Kellyland,2024-11-04,2024-11-10,In Transit
77,Lutzside,Sanchezstad,2025-01-02,2025-01-08,Cancelled
78,West Jimmy,Taylorside,2024-09-14,2024-09-19,Delayed
79,South Rhondaborough,South William,2024-03-22,2024-03-26,Cancelled
80,Jennifermouth,Port James,2024-06-10,2024-06-23,Delivered
81,Annetteview,New Maxwelltown,2024-09-04,2024-09-10,In Transit
82,Lake Joshua,East Matthewhaven,2024-06-13,2024-06-19,Delayed
83,Mccarthyshire,Lopezmouth,2024-10-10,2024-10-24,Delivered
84,New Jonathanfort,Billymouth,2025-01-09,2025-01-13,Delivered
85,Langton,Port Kathy,2024-06-21,2024-06-23,Cancelled
86,Port Alexander,New Jeffreyfort,2024-03-24,2024-04-03,Cancelled
87,Port Keith,New Sarah,2024-07-21,2024-07-27,In Transit
88,Thomasview,North Kelsey,2024-05-17,2024-05-20,In Transit
89,South Keithfurt,Gibsonfort,2024-12-27,2025-01-09,Delivered
90,Port Robert,Michellefort,2024-10-15,2024-10-27,Cancelled
91,South Kyle,Port Austinfurt,2024-09-27,2024-10-11,In Transit
92,Antonioland,Port Pamelachester,2024-10-20,2024-10-27,Cancelled
93,Lake Tina,Amymouth,2024-09-12,2024-09-22,Delayed
94,South Tina,Coleshire,2025-01-30,2025-02-06,Delivered
95,West Jessicaton,Carriehaven,2025-01-31,2025-02-12,Cancelled
96,Lake Philipside,Port Nancy,2024-10-04,2024-10-14,In Transit
97,Pattersonville,Stevenmouth,2024-02-19,2024-02-27,Delivered
98,Port Briannabury,New Patriciamouth,2024-08-22,2024-09-03,Cancelled
99,Jeffreymouth,North Katelynbury,2025-01-17,2025-01-31,Delivered
100,North Rodney,West Brandon,2024-06-04,2024-06-12,Cancelled
101,Lake Michael,New Michelefort,2024-03-19,2024-03-21,Cancelled
102,Carmenfurt,Kimberlyfort,2024-06-05,2024-06-06,Delivered
103,Patrickview,Daltonview,2024-08-17,2024-08-21,Delivered
104,Colebury,Juliefort,2024-02-15,2024-02-21,Delivered
105,Lake Brianville,Staceyberg,2024-04-15,2024-04-28,Delayed
106,Franklinport,Port Brandonton,2024-02-13,2024-02-14,Delayed
107,Evanschester,New Lauren,2024-09-02,2024-09-07,Cancelled
108,Port Alexander,Meyersfurt,2024-08-07,2024-08-08,In Transit
109,Paulahaven,Lake Kelliebury,2024-11-11,2024-11-18,In Transit
110,South Annachester,Lake Regina,2025-01-11,2025-01-19,In Transit
111,Sharonstad,New Nicole,2024-09-21,2024-09-22,Delivered
112,Mitchellchester,East Steve,2025-01-15,2025-01-29,Delivered
113,East Lisaland,Port Sandrastad,2024-09-30,2024-10-08,Delivered
114,Lake Jennifer,Martinview,2024-08-02,2024-08-15,In Transit
115,East Lori,Derrickside,2024-06-16,2024-06-19,Delayed
116,North Brandonfort,Michaelland,2024-03-21,2024-03-28,In Transit
117,New Mary,East Carolineport,2024-08-07,2024-08-12,Cancelled
118,Douglasmouth,North Emily,2024-12-24,2025-01-02,In Transit
119,Hernandezstad,Lake Angelahaven,2024-08-17,2024-08-24,In Transit
120,Michaelville,Lake Jessicafort,2024-09-23,2024-10-06,Cancelled
121,Port Sethhaven,Robertsonmouth,2025-02-01,2025-02-14,Delivered
122,Mariahberg,South Kimberlyborough,2024-09-04,2024-09-07,Delivered
123,North Zachary,North Sabrinatown,2025-01-19,2025-01-30,Delayed
124,New Jane,Brownburgh,2024-04-12,2024-04-19,Delayed
125,Riosmouth,Gordontown,2024-08-28,2024-09-05,In Transit
126,North Brett,Hoffmanside,2024-06-10,2024-06-20,Delayed
127,North Douglas,Michaelmouth,2025-02-01,2025-02-12,Cancelled
128,North Meganville,West Angelaton,2024-10-16,2024-10-22,Delivered
129,Kempport,Heatherchester,2024-12-15,2024-12-28,Delivered
130,East Bryanville,Laurafort,2025-02-08,2025-02-15,In Transit
131,South Scottview,Mitchellville,2025-01-26,2025-02-08,Delayed
132,Kennethside,Port Donald,2024-08-10,2024-08-17,Cancelled
133,Millerburgh,North Michaelmouth,2024-07-05,2024-07-09,Delivered
134,Staceyside,South Mikayla,2024-03-29,2024-04-12,Delivered
135,North Wayne,Toddland,2024-06-09,2024-06-16,Delivered
136,Lake Aaron,Barajastown,2025-01-03,2025-01-09,Delayed
137,Moraborough,North Allenland,2024-07-09,2024-07-12,In Transit
138,Pamelaborough,Kevinmouth,2024-02-26,2024-03-09,Cancelled
139,Thomasmouth,Harveyland,2024-12-12,2024-12-21,Delayed
140,Port Amandachester,Lake Kenneth,2024-05-27,2024-06-03,Delayed
141,Banksborough,New Jamestown,2024-10-22,2024-11-05,Delivered
142,Johnsonside,North Patriciaside,2025-01-01,2025-01-02,Delayed
143,Colemanmouth,South Jody,2025-01-03,2025-01-17,Cancelled
144,New Kelly,West Sandra,2024-05-08,2024-05-13,Delayed
145,New Jose,Port Ethanside,2024-10-24,2024-11-06,Delivered
146,Christopherburgh,Port Jasonfurt,2024-07-02,2024-07-14,Delivered
147,Lake Michael,Meganland,2024-11-12,2024-11-13,Delivered
148,South Carly,Shawntown,2024-04-15,2024-04-23,Delayed
149,Danielbury,Port Lanceton,2024-11-08,2024-11-20,Delivered
150,West Chad,East Robertmouth,2024-12-13,2024-12-24,Delivered
151,Port Kaylaberg,Carlosland,2024-06-09,2024-06-16,In Transit
152,North David,Christophertown,2024-09-16,2024-09-22,Cancelled
153,Port Sarah,Port Amy,2024-08-12,2024-08-21,Delayed
154,Hebertmouth,West Brian,2024-02-18,2024-03-02,In Transit
155,Barrettside,Andersonmouth,2024-06-13,2024-06-22,In Transit
156,Port Ericatown,Myerschester,2024-06-10,2024-06-12,Delayed
157,Matthewsport,Manningville,2024-12-02,2024-12-08,Delivered
158,South Bobby,Martinezfurt,2024-12-13,2024-12-19,In Transit
159,Stanleyfurt,South Andresview,2024-06-12,2024-06-20,Cancelled
160,Vargasstad,Lauraborough,2024-04-30,2024-05-06,In Transit
161,Elizabethberg,Cunninghambury,2025-01-17,2025-01-19,Delivered
162,South Christina,East Monicaville,2024-11-11,2024-11-23,Delivered
163,Carterport,North Douglas,2024-07-01,2024-07-09,Cancelled
164,Alvinberg,Lake Jennifer,2024-07-14,2024-07-17,Cancelled
165,Rodrigueztown,Susanborough,2024-12-02,2024-12-11,Cancelled
166,Port Robin,Stephanieside,2025-02-03,2025-02-09,Delayed
167,South Marktown,South Douglas,2024-06-13,2024-06-16,Delayed
168,Lake John,East Steventon,2024-12-30,2025-01-01,Delayed
169,North Misty,Lake Gabriel,2024-12-21,2024-12-28,Delayed
170,West Nicole,Johnmouth,2024-02-19,2024-02-24,Delayed
171,Sandramouth,Port Tonya,2024-07-03,2024-07-07,Delayed
172,Aaronfurt,Richardberg,2024-12-23,2024-12-29,Delayed
