shipment_id,status,destination,shipment_date,delivery_date,origin
1,Cancelled,Lake Jamiefort,2024-05-10,2024-05-14,East Bettyborough
2,Delivered,Port Stephaniefort,2024-07-13,2024-07-26,West Jennifer
3,In Transit,East Matthew,2025-01-13,2025-01-15,North Mike
4,Delivered,Newtonberg,2024-09-19,2024-09-29,Lake Kimberlymouth
5,Delivered,Port Dianeton,2024-12-11,2024-12-25,Jimenezfurt
6,Cancelled,East Colestad,2024-09-06,2024-09-18,Port Tricialand
7,Delivered,New Marvin,2024-10-02,2024-10-13,North John
8,In Transit,Williamsside,2024-03-18,2024-03-26,Lake Gregory
9,In Transit,Joshuafurt,2024-08-04,2024-08-18,Lake Bradleyview
10,Delayed,Stephenbury,2024-03-24,2024-03-31,North Jackville
11,Delayed,North Emily,2024-02-23,2024-03-08,West Rachel
12,Cancelled,Wyattport,2024-12-13,2024-12-24,Leeborough
13,Cancelled,Meganshire,2024-06-10,2024-06-21,Johnton
14,Delivered,West Timothyport,2025-01-16,2025-01-26,Bryanfort
15,Cancelled,Davidburgh,2024-06-27,2024-07-10,North Marc
16,Delayed,West Lisaburgh,2024-10-15,2024-10-27,Marissaport
17,Delayed,Ramirezton,2025-01-03,2025-01-14,Maryview
18,Delayed,East Bonniehaven,2024-11-18,2024-11-22,Nathanielshire
19,Delivered,Wigginstown,2024-03-02,2024-03-05,North Todd
20,Delivered,East Summer,2024-03-21,2024-03-23,Krististad
21,In Transit,South James,2024-08-08,2024-08-12,Davidport
22,Cancelled,North Dawnside,2024-06-06,2024-06-11,Bensonchester
23,In Transit,North Mark,2024-10-20,2024-10-22,Wilsonhaven
24,Delivered,West Julie,2024-05-23,2024-05-31,Matthewton
25,Delayed,Toddshire,2024-08-01,2024-08-09,West Laura
26,Cancelled,Glassport,2024-12-23,2025-01-04,Williamsonview
27,Cancelled,Lopezport,2024-04-29,2024-05-13,North Randy
28,In Transit,Port Justin,2024-03-20,2024-03-30,Glorialand
29,In Transit,Brittanyborough,2024-05-12,2024-05-22,New Christine
30,In Transit,Port Andrew,2024-05-15,2024-05-28,Lake Michael
31,Delayed,Lake Kennethton,2024-09-25,2024-10-01,Gravesport
32,Cancelled,Michaelport,2024-11-13,2024-11-14,Arielberg
33,Delayed,Lake Jeremystad,2024-03-10,2024-03-22,Edwardchester
34,Cancelled,East Stephen,2024-10-24,2024-11-07,Josephview
35,Delivered,North Rebecca,2024-03-18,2024-03-25,Brookefurt
36,In Transit,Kelleyview,2024-12-30,2025-01-03,Harrellton
37,Delivered,Stevenside,2025-01-13,2025-01-25,Carrollville
38,Delayed,Hancockport,2024-08-17,2024-08-30,Sanchezshire
39,Delayed,Matthewton,2024-10-11,2024-10-23,Garciafurt
40,Delivered,East Brandonstad,2024-11-01,2024-11-05,South David
41,Delivered,New Rebecca,2024-11-25,2024-12-04,West Charles
42,Delivered,East Markview,2024-04-30,2024-05-11,Crystalport
43,Delayed,Burtonland,2024-11-24,2024-12-06,New Taramouth
44,Delivered,South Paul,2025-01-06,2025-01-15,Port Justinbury
45,In Transit,Williamburgh,2025-02-05,2025-02-08,Freemanborough
46,In Transit,Lake Maryfort,2024-12-08,2024-12-09,Baxterfurt
47,Delayed,South Elizabeth,2024-05-19,2024-05-23,Georgeland
48,In Transit,Amandaland,2024-10-20,2024-10-29,East Emily
49,Delayed,Hartville,2024-07-03,2024-07-11,Port Stephen
50,Delivered,South Christophershire,2024-04-03,2024-04-04,Elizabethmouth
51,Delivered,North Megan,2024-04-22,2024-05-03,Mcguirestad
52,Delayed,East Emilyfurt,2024-11-10,2024-11-21,New Johnstad
53,Delivered,Lloydhaven,2025-01-06,2025-01-14,East Tanyabury
54,Delivered,Brownview,2024-04-14,2024-04-21,West Kylehaven
55,Delayed,East Ashley,2024-02-18,2024-02-22,New Jennifertown
56,Delivered,East Lisa,2024-05-21,2024-05-27,South Eugeneshire
57,In Transit,Port Victoriamouth,2024-02-14,2024-02-20,North Stephen
58,In Transit,Hansenburgh,2024-05-01,2024-05-11,North Jameschester
59,In Transit,North Kellychester,2024-06-19,2024-06-20,South Heatherberg
60,Delivered,North Katherine,2024-04-27,2024-05-01,East Timothy
61,Cancelled,Smithville,2024-09-28,2024-09-29,Johnsonshire
62,Cancelled,Garciabury,2024-09-04,2024-09-13,Nicholaschester
63,Cancelled,Davidshire,2024-05-11,2024-05-16,New Victoriastad
64,Delivered,Port Lisafort,2025-01-29,2025-01-31,South Tammy
65,Delayed,Drakeshire,2025-02-03,2025-02-17,Huynhburgh
66,Delayed,Robintown,2024-02-25,2024-02-27,Henryport
67,Cancelled,South Justin,2024-07-01,2024-07-08,Andrewsview
68,Cancelled,Glenmouth,2024-12-10,2024-12-19,New Amandahaven
69,Cancelled,Port Kevinview,2024-12-24,2025-01-05,West Meredithtown
70,Delayed,Garciaport,2024-11-17,2024-11-29,Joanton
71,Cancelled,East Anthonyfurt,2024-10-11,2024-10-18,Vancemouth
72,Cancelled,Staciechester,2024-08-07,2024-08-10,Woodsstad
73,Cancelled,Allenport,2025-01-08,2025-01-17,Bakerside
74,Delivered,Kerrport,2024-02-12,2024-02-16,New Johnside
75,Cancelled,Rebeccaburgh,2025-02-03,2025-02-10,Gallowayburgh
76,Delivered,Elizabethview,2024-11-23,2024-11-28,Carterchester
77,In Transit,Kevinville,2024-10-30,2024-11-05,East Garretthaven
78,In Transit,Jimmyhaven,2025-01-22,2025-01-27,Yvonnechester
79,Delivered,Lake Jennifer,2024-02-28,2024-03-11,Sarahport
80,Cancelled,West Jasonville,2024-06-29,2024-07-09,Coryfort
81,Delayed,Lopezville,2024-11-11,2024-11-14,West Brandon
82,Delayed,Bowenside,2024-08-05,2024-08-14,West Sherry
83,Cancelled,East Mandy,2024-03-04,2024-03-15,Mariaport
84,Delayed,West Jeffrey,2024-06-06,2024-06-16,Hardinchester
85,In Transit,Ramseyburgh,2024-12-19,2024-12-31,Leahmouth
86,Delivered,North Kellyhaven,2024-08-23,2024-09-05,Rileybury
87,In Transit,West Ann,2024-04-10,2024-04-13,South Kevinfurt
88,Delivered,New Thomasfort,2024-10-18,2024-10-27,Robertsonview
89,Delayed,Arnoldtown,2024-07-28,2024-08-09,West Cathychester
90,Delivered,New Jamesshire,2024-06-12,2024-06-21,Christineside
91,Delivered,West Elizabethside,2024-04-04,2024-04-17,North Dawnburgh
92,Cancelled,Davisfurt,2024-05-07,2024-05-20,West David
93,In Transit,South Bridget,2024-03-22,2024-04-01,Ashleyton
94,Cancelled,South Phillip,2024-11-23,2024-11-30,Jasminetown
95,Delivered,Port Carlyburgh,2024-05-31,2024-06-12,West Jonathan
96,Delayed,Port Justin,2024-12-09,2024-12-15,Lake William
97,In Transit,Leechester,2024-12-31,2025-01-11,New Martin
98,Delayed,Brentton,2024-05-05,2024-05-19,New Jessicaville
99,Delayed,Destinyshire,2024-08-27,2024-09-05,Lake Danielleton
100,In Transit,Tranview,2024-06-13,2024-06-26,Hernandezburgh
101,In Transit,Simmonsberg,2024-06-16,2024-06-30,North William
102,In Transit,Veronicaport,2024-03-25,2024-03-29,New Stephanietown
103,Cancelled,East Jorge,2024-04-05,2024-04-06,New Katrinaside
104,In Transit,Carlsonshire,2024-10-22,2024-10-23,West Georgebury
105,In Transit,Sherryville,2024-07-18,2024-07-27,Port Joshuamouth
106,Cancelled,Lake Kevinmouth,2024-12-05,2024-12-11,Harrischester
107,Delayed,New Tinaville,2025-01-07,2025-01-20,New Thomasberg
108,Delivered,Valerietown,2024-12-03,2024-12-16,Diazton
109,In Transit,Bernardville,2024-09-21,2024-09-23,Susanchester
110,Cancelled,North Moniqueburgh,2024-08-11,2024-08-20,Port Robin
111,Delivered,Tammychester,2024-10-16,2024-10-17,North Pamelatown
112,Delayed,Lake Anna,2024-10-17,2024-10-26,Port Erica
113,Delayed,East Melindaburgh,2025-01-17,2025-01-24,South Royside
114,Delayed,Breannatown,2024-07-29,2024-08-02,Lake Josephbury
115,Delayed,Lake Marissa,2025-02-05,2025-02-13,Reeseview
116,In Transit,Gregoryport,2024-06-18,2024-06-19,Williamsfurt
