shipment_id,origin,delivery_date,destination,status,shipment_date
1,North Bretthaven,2024-11-06,Lake Jessica,Delayed,2024-10-25
2,Port Johnport,2025-02-12,Arnoldchester,Delayed,2025-02-02
3,Quinnland,2024-03-28,Michaelmouth,Delivered,2024-03-22
4,East Juliefort,2024-04-30,West William,In Transit,2024-04-19
5,Wongside,2024-03-21,Reedbury,Delayed,2024-03-15
6,Brownton,2024-08-01,Villanuevastad,Cancelled,2024-07-29
7,North Jacob,2025-02-05,North Meganport,Delayed,2025-01-31
8,Alexanderbury,2024-07-13,Lake Valeriemouth,Delivered,2024-07-03
9,West Dylan,2024-07-20,Amandaview,Delayed,2024-07-06
10,Amandamouth,2024-03-19,New Jason,In Transit,2024-03-17
11,Hoganport,2024-05-18,East Kathleen,Cancelled,2024-05-04
12,Amyside,2024-07-31,North Danielview,Cancelled,2024-07-25
13,Lake Douglasview,2024-11-11,North Thomas,Delivered,2024-11-04
14,Shawberg,2024-05-26,Bishopshire,Cancelled,2024-05-15
15,West Tommyfurt,2024-07-05,South Stephenhaven,Delivered,2024-06-22
16,Williamburgh,2024-10-01,Wrightton,Delayed,2024-09-25
17,Olsonhaven,2025-02-04,Aprilshire,Delayed,2025-02-02
18,Port Katherineberg,2024-05-10,Lake Michael,Cancelled,2024-05-07
19,West Jeffrey,2025-02-02,North Lydiachester,Delivered,2025-01-24
20,New Jesse,2024-10-16,South Ashley,Cancelled,2024-10-15
21,Lake Christophershire,2024-03-06,East Patrickmouth,In Transit,2024-03-03
22,Danieltown,2024-08-04,Taylorhaven,Cancelled,2024-07-27
23,South Alyssa,2024-11-28,Alexandraside,Cancelled,2024-11-17
24,Rayside,2024-03-22,Angelastad,In Transit,2024-03-14
25,Carlosside,2024-04-25,Heatherside,Delayed,2024-04-15
26,Philipbury,2024-12-27,Martinville,Delivered,2024-12-26
27,West Willie,2024-02-21,Lake Jason,Cancelled,2024-02-17
28,Leestad,2024-03-28,Joannaton,Cancelled,2024-03-19
29,Murrayborough,2024-06-21,Lindseyborough,In Transit,2024-06-18
30,Port Charles,2024-03-17,North Deannafurt,Cancelled,2024-03-10
31,West Tara,2025-02-13,Sharonton,In Transit,2025-02-05
32,East Ericton,2024-04-16,Lake Erika,Cancelled,2024-04-03
33,Warrentown,2024-10-23,Georgechester,Delayed,2024-10-21
34,North Christinetown,2024-10-11,South Jessica,Cancelled,2024-09-28
35,West Christopherton,2024-06-18,West Gail,Delayed,2024-06-16
36,Port Sabrina,2024-11-14,Middletonhaven,Delivered,2024-11-10
37,West Mark,2025-02-07,Scottfurt,Delivered,2025-01-31
38,North Jacqueline,2025-02-23,Kimberlyshire,In Transit,2025-02-10
39,West Justinview,2024-07-19,Port Nathanton,In Transit,2024-07-16
40,East Robert,2024-04-06,Jacobfort,Delayed,2024-03-28
41,Michaelfurt,2024-02-22,Port Michaelshire,Delayed,2024-02-21
42,Lindatown,2024-10-10,Juliatown,Cancelled,2024-09-28
43,Avilahaven,2024-08-04,Stevenland,Delayed,2024-07-28
44,Martinburgh,2024-10-08,Port Angela,In Transit,2024-09-24
45,West Robinside,2024-09-11,Aguilarmouth,Delayed,2024-08-30
46,Port Crystal,2024-11-11,New Susanmouth,Delivered,2024-11-02
47,Ramirezville,2025-02-11,East Nicoleland,Cancelled,2025-02-09
48,North Joe,2024-10-27,Weaverstad,In Transit,2024-10-24
49,New Shellymouth,2024-04-07,New Karenmouth,Cancelled,2024-04-03
50,South Stephanie,2024-09-03,Shannonfurt,In Transit,2024-08-25
51,Lake Robert,2024-12-24,East Cody,In Transit,2024-12-12
52,East Megan,2024-04-12,Port Kendraland,In Transit,2024-04-05
53,Matthewmouth,2024-09-26,South Sethfurt,In Transit,2024-09-25
54,Ruthchester,2024-05-07,Stevenborough,Delivered,2024-04-26
55,Amymouth,2024-10-16,Ryanfort,In Transit,2024-10-11
56,New Stacey,2024-04-23,South Sandra,Cancelled,2024-04-22
57,New Jared,2024-06-19,North Michael,Cancelled,2024-06-17
58,New Craig,2024-06-14,Franktown,Delayed,2024-06-12
59,Lake Melissahaven,2024-10-14,Port Carloston,Cancelled,2024-10-08
60,Margaretmouth,2024-11-05,Jasonville,Cancelled,2024-10-31
61,Michaelside,2024-11-19,Port Stevenland,Delivered,2024-11-08
62,Port Dawnport,2025-02-20,Lake Richardville,Cancelled,2025-02-08
63,Ruthport,2024-04-06,Keithville,Delivered,2024-03-23
64,Bookerbury,2024-10-28,Zacharyborough,Delivered,2024-10-15
65,Carriemouth,2024-10-30,Emilyburgh,Delayed,2024-10-29
66,North Johnburgh,2024-09-12,Port Sarah,Delayed,2024-09-06
67,South Alexanderbury,2024-09-13,Owenston,Delayed,2024-09-04
68,West Lisashire,2024-05-16,North Christinamouth,In Transit,2024-05-06
69,Lake Jonathanborough,2024-04-17,Chapmanville,Delayed,2024-04-13
70,Lake Michael,2024-04-05,Loveton,Delayed,2024-03-25
71,Thomasburgh,2024-07-25,West Tina,Delayed,2024-07-16
72,East Melissa,2024-05-03,Port Joannaborough,Delivered,2024-04-26
73,Glennborough,2024-08-06,North Angela,In Transit,2024-08-03
74,Lake Lindsay,2024-10-09,Burnstown,Cancelled,2024-10-02
75,Port Ashleystad,2024-08-10,Cameronstad,Delivered,2024-08-05
76,South Tonyaview,2024-08-29,Carlsonhaven,Delivered,2024-08-20
77,Lake Josephhaven,2024-12-17,Jimenezmouth,In Transit,2024-12-13
78,Jimenezmouth,2024-07-11,West Pamelatown,Cancelled,2024-07-08
79,North Melissamouth,2024-04-07,West Hollybury,In Transit,2024-04-05
80,Cunninghamchester,2024-07-24,Danielberg,Delivered,2024-07-18
81,North Dylan,2024-05-06,Lake Tracy,Cancelled,2024-05-03
82,Samanthastad,2024-11-21,Rileyville,In Transit,2024-11-12
83,Michaelberg,2024-02-29,Kellymouth,Delivered,2024-02-22
84,New Michaelville,2025-01-31,Graytown,Cancelled,2025-01-19
85,New Carriehaven,2024-02-21,Fritzton,Delayed,2024-02-15
86,North Ashleybury,2025-02-02,Port Annaton,Delayed,2025-01-21
87,North Rachelton,2025-01-20,West Joshua,Delayed,2025-01-13
88,Millerfurt,2024-12-18,Weissville,Delivered,2024-12-12
89,Ramirezland,2024-03-18,Port Taylorburgh,Cancelled,2024-03-11
90,East Sherry,2024-12-21,Hernandezland,Cancelled,2024-12-11
91,Lisaberg,2025-01-15,South Joseport,Delayed,2025-01-07
92,North Cheyenne,2024-07-26,Port Annette,Delivered,2024-07-24
93,Zavalashire,2024-10-29,Chenstad,Cancelled,2024-10-25
94,Oliverstad,2024-08-13,Lake Shannonberg,Delivered,2024-08-05
95,North Andrewberg,2024-05-10,South Laura,Delayed,2024-04-28
96,Johnshire,2024-10-27,Lake Tony,In Transit,2024-10-19
97,East John,2024-10-12,Nicholsmouth,Delivered,2024-10-09
98,Pooleland,2024-04-04,Robertchester,Delayed,2024-03-23
99,Lake Brenda,2024-03-24,Port Antonioville,Cancelled,2024-03-15
100,Salazarborough,2024-04-12,North Johnport,Delayed,2024-04-09
101,North Abigailhaven,2024-10-30,Tiffanytown,Cancelled,2024-10-24
102,Tiffanyview,2024-07-21,Suzannebury,In Transit,2024-07-17
103,South Jonathonfort,2024-08-28,South Matthew,In Transit,2024-08-21
104,Dianestad,2024-03-19,Allisonchester,Delayed,2024-03-16
105,New Joshualand,2024-06-30,Kevinhaven,In Transit,2024-06-27
106,Christianmouth,2024-04-19,Michaelfurt,Delivered,2024-04-16
107,Aliciafurt,2025-01-03,Hoffmanton,Delayed,2024-12-27
108,Moralesport,2024-03-30,New Annfurt,Delivered,2024-03-16
109,Wilsonberg,2024-04-22,Wagnerburgh,Delayed,2024-04-19
110,West Katherineville,2024-11-24,East Hollyfort,In Transit,2024-11-19
111,North Keith,2024-08-14,Amberburgh,Delayed,2024-08-11
112,Kevinburgh,2024-09-25,Jensenburgh,Cancelled,2024-09-23
113,New Harry,2024-09-25,Port Tylertown,Delayed,2024-09-17
114,Nicholsfort,2024-12-31,Markmouth,In Transit,2024-12-22
115,Brownville,2024-11-05,Robertmouth,Cancelled,2024-11-02
116,Larryland,2024-09-04,Taylorchester,Delayed,2024-08-31
117,Perkinsside,2024-11-30,South Steve,Delayed,2024-11-29
118,Nelsonstad,2024-09-23,New Mathewville,Delayed,2024-09-15
119,Catherinetown,2024-04-07,Coxbury,Delayed,2024-03-28
120,Port Vanessa,2024-06-21,West Carla,Cancelled,2024-06-15
121,Clintonview,2024-03-16,Deniseside,Delayed,2024-03-03
122,Deannashire,2024-10-01,Walkerhaven,In Transit,2024-09-22
123,Lake Danielchester,2024-02-20,New Alyssamouth,In Transit,2024-02-16
124,South Jeremyview,2024-02-28,Port Travisside,Cancelled,2024-02-25
125,Matthewberg,2024-12-02,Aprilchester,In Transit,2024-11-20
126,Wintersland,2024-02-13,South Sydneyview,In Transit,2024-02-12
127,Lake Nicolehaven,2024-05-16,New Leonard,Delivered,2024-05-06
128,South Evelynbury,2024-05-03,South Michael,Delivered,2024-05-02
129,Vangberg,2024-06-21,Lake Jeffrey,Cancelled,2024-06-19
130,East Paulview,2024-12-16,Port Jack,Cancelled,2024-12-04
131,Andersonberg,2025-01-07,East Amanda,In Transit,2024-12-24
132,Arthurhaven,2024-11-02,New Barry,In Transit,2024-10-29
133,Barajasborough,2024-10-03,Jonhaven,Delayed,2024-09-27
134,Amandafurt,2024-06-10,Port Maureenton,In Transit,2024-06-01
135,New Shawnshire,2025-01-29,Guerreroport,In Transit,2025-01-28
136,North Veronicashire,2024-03-19,Port Katelynbury,Delivered,2024-03-18
137,South Tanyabury,2025-02-13,North Taylorport,Delayed,2025-02-03
138,Leemouth,2024-04-20,New Brandyberg,Delivered,2024-04-16
139,Monicaport,2024-04-16,Jonesbury,In Transit,2024-04-12
140,Lewisbury,2024-08-28,Brenttown,Delayed,2024-08-22
141,East Timothyberg,2025-02-03,Williamshire,In Transit,2025-02-02
142,Hillhaven,2024-09-08,East Jessicamouth,Delayed,2024-08-25
143,Brownmouth,2024-09-01,Edwardchester,Delayed,2024-08-27
144,Adamhaven,2024-11-28,North Ann,Delivered,2024-11-16
145,New Tylerport,2024-03-31,Heathermouth,Cancelled,2024-03-18
146,East Juliaport,2024-07-03,East Kellyborough,Cancelled,2024-06-19
147,North Tracyville,2025-02-13,Martineztown,Delivered,2025-02-02
148,West Kevin,2024-08-26,Summersstad,In Transit,2024-08-25
149,Gordonbury,2024-12-15,Oscarmouth,Cancelled,2024-12-14
150,West Jasonland,2024-07-15,Cooperside,Delivered,2024-07-09
151,South Pennyhaven,2024-10-05,South Larrytown,Delayed,2024-09-26
152,Lake Davidstad,2024-04-10,Jamesfurt,Delayed,2024-04-05
153,West Michael,2024-04-02,Davidmouth,In Transit,2024-03-27
154,Port Sarahstad,2024-12-19,Coryton,In Transit,2024-12-06
155,Stoneview,2024-06-30,Brianborough,In Transit,2024-06-19
156,Jonathanton,2024-10-26,Markport,Cancelled,2024-10-23
157,East Joshuafort,2024-04-26,East Eduardo,Delayed,2024-04-16
