origin,shipment_id,shipment_date,delivery_date,status,destination
North Christinatown,1,2025-02-09,2025-02-15,In Transit,Catherineview
Port Christopherton,2,2024-02-22,2024-02-26,Cancelled,New Maryfurt
North Codyburgh,3,2024-10-20,2024-10-24,In Transit,Austinbury
Bradshawport,4,2024-04-25,2024-04-28,Delivered,Penaton
Castanedaton,5,2024-04-07,2024-04-18,In Transit,Stephanietown
Troyberg,6,2024-12-31,2025-01-02,Cancelled,Rosefort
West Robertton,7,2024-07-31,2024-08-07,Delivered,South Kathrynchester
Walterport,8,2024-06-05,2024-06-14,Cancelled,Jesseberg
Nicoleside,9,2024-02-18,2024-02-28,In Transit,Pagemouth
Lake Jessica,10,2024-07-23,2024-07-27,Cancelled,Maryfurt
Mccarthybury,11,2024-10-29,2024-11-07,Delivered,Haletown
Lake Daniellemouth,12,2024-05-18,2024-05-22,Cancelled,Port Paul
East Kevinburgh,13,2024-04-29,2024-05-02,In Transit,Port Aaronmouth
Smithbury,14,2024-12-19,2024-12-29,Delayed,Lake Rachelstad
New Josephmouth,15,2025-02-04,2025-02-07,Delivered,East Ashleyhaven
Charleshaven,16,2024-08-07,2024-08-13,Cancelled,Kington
Adamport,17,2024-11-29,2024-12-07,Delivered,Anthonyberg
East Johnstad,18,2024-03-22,2024-03-29,Delivered,Watersburgh
East Jeffrey,19,2025-01-01,2025-01-13,In Transit,North Kathleenshire
South Ashleytown,20,2025-01-13,2025-01-20,In Transit,East Sarah
East Ashleyberg,21,2025-01-24,2025-02-04,Cancelled,New Jacob
East Jessechester,22,2024-11-25,2024-12-03,In Transit,West Julie
Cassidybury,23,2024-10-31,2024-11-04,Delayed,Gregoryfurt
Bryantown,24,2024-11-17,2024-11-20,In Transit,South Paul
North Janetmouth,25,2024-08-10,2024-08-19,Cancelled,West Laurenberg
Rubiofurt,26,2024-02-28,2024-03-12,Delayed,East Cynthia
Jackieport,27,2024-10-17,2024-10-24,In Transit,South Maria
Hicksport,28,2024-05-10,2024-05-24,In Transit,Martinezhaven
Port Bradleystad,29,2025-01-18,2025-01-23,Cancelled,North Elizabethstad
Isaacfurt,30,2024-03-12,2024-03-18,Delivered,Lake Todd
Cruzside,31,2024-09-08,2024-09-15,Delivered,New Jonathan
West Cassie,32,2024-10-02,2024-10-04,Delayed,Tammybury
Teresachester,33,2024-10-15,2024-10-22,In Transit,Michaelaborough
Josephtown,34,2025-01-04,2025-01-09,Cancelled,West Keithchester
New Melissa,35,2024-02-16,2024-02-22,Cancelled,West Alice
Gonzalezchester,36,2024-12-06,2024-12-09,Delayed,West Laura
Ingrammouth,37,2024-09-21,2024-10-04,Cancelled,Millerland
Joshuatown,38,2024-04-06,2024-04-17,In Transit,Lake Tinaport
Edwardsville,39,2024-07-15,2024-07-19,Cancelled,Greenview
Meaganburgh,40,2024-08-17,2024-08-26,Delayed,Thomasfort
Port Teresamouth,41,2024-08-24,2024-09-07,Delivered,Lake Dorisland
South David,42,2024-10-02,2024-10-09,Delayed,Port Patrickside
South Scott,43,2025-01-21,2025-01-25,Delayed,Lake Lori
Jaredburgh,44,2024-09-09,2024-09-11,In Transit,Phillipsstad
Potterland,45,2024-10-07,2024-10-14,Delivered,Elizabethburgh
Lake Codyport,46,2024-12-05,2024-12-19,Delivered,New Pattymouth
Richardsbury,47,2024-10-24,2024-11-03,Delivered,Thomasview
South Lawrenceburgh,48,2025-01-08,2025-01-19,Cancelled,Lake Melissaberg
Wagnerville,49,2024-09-25,2024-09-26,Delayed,South Brianstad
Jasonfurt,50,2024-11-14,2024-11-25,In Transit,Stevenshire
Johnfurt,51,2024-11-06,2024-11-09,Delayed,South Lisaborough
Christopherchester,52,2024-02-27,2024-03-12,Delayed,New James
Robertview,53,2024-06-14,2024-06-27,Delivered,Johnport
Shepherdfort,54,2024-09-19,2024-10-03,In Transit,Scottmouth
North Laurabury,55,2024-08-17,2024-08-23,Delayed,Lake Tiffanystad
Carrilloburgh,56,2024-08-08,2024-08-17,Delivered,Valenciamouth
East Susanmouth,57,2024-02-24,2024-02-26,In Transit,West Frank
Princebury,58,2025-02-04,2025-02-05,In Transit,Jamesstad
Lake Lisastad,59,2024-11-27,2024-12-04,Delayed,Greenfort
Glennside,60,2024-05-04,2024-05-15,Delivered,North Richard
Robertsfurt,61,2024-04-27,2024-05-03,Cancelled,Lynchchester
Anthonybury,62,2024-08-03,2024-08-06,Cancelled,East Michaelborough
North Dawn,63,2024-06-02,2024-06-12,Delivered,Port Ronnietown
Port Jackshire,64,2024-12-17,2024-12-23,Delayed,North Bradborough
Port Courtney,65,2024-09-12,2024-09-25,Delivered,West Tamara
South Thomas,66,2025-02-05,2025-02-14,In Transit,North Emilyborough
Danielleview,67,2024-04-03,2024-04-16,In Transit,Lake Joseph
South Joshualand,68,2024-08-21,2024-08-25,In Transit,South Leon
New Nicole,69,2024-02-19,2024-02-25,In Transit,Lake Kayla
Ryantown,70,2024-08-18,2024-08-19,Delivered,Williamfort
North Jacquelineport,71,2024-11-16,2024-11-26,Delayed,New Matthew
Mullenfurt,72,2024-12-26,2025-01-07,Delayed,South Jessicaside
North James,73,2025-02-09,2025-02-22,In Transit,Kristietown
South Ryan,74,2024-10-26,2024-11-01,In Transit,New Leah
West Kimberlyhaven,75,2024-11-19,2024-11-28,Cancelled,New Lisa
North Annette,76,2024-08-23,2024-09-06,In Transit,New Williamburgh
Wendystad,77,2024-08-01,2024-08-10,Delivered,Lisastad
South Markborough,78,2024-05-07,2024-05-18,Delayed,Josephview
Riverafurt,79,2024-03-02,2024-03-03,Delivered,Thomasland
Jensenville,80,2024-12-10,2024-12-18,Delayed,West Valerieborough
West Louis,81,2024-08-06,2024-08-16,In Transit,Amyfurt
Jessicaberg,82,2025-02-01,2025-02-05,In Transit,East James
West Dustinbury,83,2024-10-27,2024-10-28,In Transit,Tylerhaven
South Joel,84,2024-03-25,2024-04-08,In Transit,East Johnfort
Watsonmouth,85,2024-12-04,2024-12-08,Cancelled,Fernandezfurt
West David,86,2024-03-05,2024-03-09,Cancelled,Sharonfort
North Mark,87,2024-09-13,2024-09-14,Cancelled,Harringtonside
West Kristen,88,2024-08-28,2024-08-30,Cancelled,Port Joseph
Nicholasmouth,89,2024-08-04,2024-08-06,Cancelled,East Brittanyland
Ralphhaven,90,2024-07-15,2024-07-17,Delayed,Johnsonfurt
Brianport,91,2025-01-03,2025-01-17,Cancelled,Markland
Port Michelle,92,2024-03-10,2024-03-15,Delivered,Adamside
South Joel,93,2024-04-20,2024-05-03,In Transit,South Courtneyview
Diazport,94,2024-07-15,2024-07-24,In Transit,New Hannah
Banksbury,95,2024-05-20,2024-06-02,Delivered,Juliafurt
Port Benjaminview,96,2024-10-15,2024-10-21,Delivered,Fieldsmouth
Lake Dawn,97,2024-04-08,2024-04-18,Delivered,Hunterborough
Solistown,98,2024-07-28,2024-08-02,Cancelled,Alejandraton
Johnsonburgh,99,2024-05-12,2024-05-15,Delivered,Thomasmouth
Hawkinshaven,100,2024-03-13,2024-03-23,In Transit,Murphystad
Mcdonaldside,101,2024-12-19,2024-12-31,In Transit,Matthewport
Travisfort,102,2024-09-28,2024-10-12,Delivered,Ethanchester
Frazierfort,103,2024-09-10,2024-09-22,Cancelled,New Cheyenne
Warrenfurt,104,2024-04-17,2024-04-22,Delivered,Jensenfort
New Edwardbury,105,2024-08-15,2024-08-27,Delayed,North Ryanburgh
East Johnport,106,2024-05-05,2024-05-18,Cancelled,Hillville
Margaretfort,107,2024-07-16,2024-07-24,In Transit,Darinchester
Crystalhaven,108,2024-07-28,2024-08-03,Delivered,Chelseamouth
South Victor,109,2024-10-20,2024-11-03,Cancelled,Jacobston
Jorgeland,110,2025-02-10,2025-02-12,Cancelled,Lake James
East Mark,111,2024-06-11,2024-06-13,In Transit,Robertland
Port Tammy,112,2024-12-28,2024-12-30,Cancelled,Whitestad
Debrafurt,113,2024-12-06,2024-12-08,Cancelled,East Sandrafort
Johnsonhaven,114,2024-08-08,2024-08-22,Delayed,Mikaylachester
Dylanmouth,115,2024-08-12,2024-08-21,Delayed,Lake Amanda
West Meghanport,116,2024-09-18,2024-09-28,Delayed,West Larryport
West Christinatown,117,2024-11-10,2024-11-20,Delivered,North Brandyberg
Russellborough,118,2024-04-27,2024-05-08,Delayed,Nelsonshire
Wintersmouth,119,2025-01-09,2025-01-22,Delayed,Dixonfurt
Lake Thomas,120,2024-04-08,2024-04-20,Cancelled,Stephensfurt
Robinsonhaven,121,2024-03-04,2024-03-05,Delivered,North John
Joshuafurt,122,2024-08-24,2024-09-04,Delayed,Donaldfort
West Amberfort,123,2024-12-24,2025-01-03,Delivered,North Tammie
