post_date,user_id,post_category,post_id,comments_count,shares,post_text,likes
2024-04-16 02:22:52.334321,287,Entertainment,1,238,88,Write meet so woman art.,1588
2024-09-15 16:33:19.513811,548,News,2,358,47,Land member class too.,4817
2024-07-08 13:16:27.652641,618,News,3,446,792,Do then ten staff officer source particular result recently.,3188
2024-05-26 02:17:25.728660,703,Entertainment,4,136,825,Idea painting how build action me.,654
2025-01-05 14:14:07.110833,38,Personal,5,177,982,Hear production management soldier issue tree business.,1266
2024-09-25 16:36:43.259493,813,Entertainment,6,29,349,Policy week view show season happen wait future paper heart several.,3840
2024-06-16 20:44:45.919757,181,News,7,459,845,Six thousand work many like loss through marriage.,2368
2024-06-25 00:49:28.019101,633,Entertainment,8,206,110,Year strategy hope ready inside fall Republican rich whatever several write provide skill they because need.,72
2024-04-18 11:38:51.056243,876,Entertainment,9,33,955,Green prepare city another lay treatment receive attention must popular down.,1256
2024-09-05 05:11:00.313502,51,News,10,226,437,More family let stage wide account send send think pick husband somebody discussion message.,618
2024-07-05 07:57:53.975869,307,News,11,81,366,Participant recent international challenge time other personal beautiful million.,1395
2024-02-15 05:59:21.745329,945,Personal,12,85,521,Sort these adult think off include throughout many job wear very TV white.,3369
2024-06-26 01:05:44.768853,111,Entertainment,13,5,270,Her explain because simply tend pretty head include amount business into wall again weight road.,1419
2024-03-09 00:51:44.078098,208,Personal,14,164,690,Day when price surface understand find its city.,2344
2025-02-08 13:39:19.932977,786,Entertainment,15,206,948,Spring require contain human fire use wait other attention hundred history others quickly identify owner.,3312
2024-12-05 22:22:45.107996,907,Personal,16,238,304,Majority real activity notice ten sea simple memory great amount.,3257
2024-07-16 05:49:15.030147,100,Personal,17,4,98,Born find interview gas hope his military.,3610
2024-02-29 22:22:19.671541,737,News,18,417,921,Particular identify five tend risk town father church offer crime TV.,4988
2024-03-06 05:58:07.337117,350,News,19,300,517,Same thus push take carry again quality agree Republican forward late.,4452
2024-10-09 12:04:13.658973,227,Personal,20,335,358,Economic edge within continue participant technology peace similar blood yet though west.,24
2024-04-02 02:33:20.035368,599,News,21,451,414,Sound serious write increase build significant send management.,2948
2024-06-07 22:18:09.912266,839,Personal,22,37,133,Success difficult performance hundred hold yeah human.,2677
2024-11-26 07:34:22.972931,155,News,23,32,836,Million accept dog cell sea phone my attorney enjoy.,638
2024-02-28 22:35:35.467657,459,Personal,24,187,735,Before baby positive budget institution likely political local man option table news military skin time.,4831
2024-06-06 14:37:22.096694,271,Entertainment,25,339,375,Choice without term TV Democrat marriage stage radio who agency foreign.,3090
2024-03-20 16:34:42.105422,760,News,26,476,517,Point short hair.,3881
2024-12-01 06:36:35.743960,95,Personal,27,305,129,Great standard pay administration national may way individual quality expect floor.,1706
2024-04-13 06:17:36.588701,27,Personal,28,296,470,Green everyone school save personal player able let society itself.,3344
2024-04-08 20:16:44.403647,160,Entertainment,29,482,950,Say score explain yes such it meet.,4810
2024-02-19 23:20:45.450616,503,News,30,110,457,Manager Mr throughout.,2142
2025-02-05 22:07:02.542301,152,Personal,31,428,192,Network treat position option remain let within say music company under cause fine respond lawyer will season customer may across.,2457
2024-10-18 10:19:02.245570,921,Entertainment,32,457,959,Between woman machine reduce might start hot listen explain agree this very find such be begin event rock across.,1102
2024-10-17 12:53:30.744585,542,News,33,301,488,Dark woman add interview close task policy door machine save.,1506
2024-05-29 12:30:30.785718,804,Personal,34,372,95,Relationship close little score back garden focus.,2518
2024-12-11 07:23:33.480916,192,Entertainment,35,340,40,Floor name station science why magazine north throughout around term guess middle red support population force like process special notice.,1134
2024-11-21 10:21:34.813043,809,News,36,484,680,Require manager lay concern air new then exist close concern accept protect guess try partner.,4417
2025-01-29 23:21:46.639819,360,Personal,37,198,770,Term plan color floor wear note table baby choose.,2521
2024-08-09 13:50:20.061686,705,News,38,439,442,Rock effort everything people.,1035
2024-09-27 07:06:42.796285,303,Entertainment,39,247,237,Power task movement pull day few south on success manager water several common.,4254
2024-09-19 11:58:50.751187,221,News,40,350,317,Yes drive executive including pass reason big give better travel increase factor care positive senior apply relationship large feeling positive.,4073
2024-04-26 22:45:17.813323,532,Personal,41,93,308,Street social establish color sing interesting protect ten test.,3076
2024-06-18 11:46:21.345023,460,Entertainment,42,453,886,End evening or million he mother sort most too.,1772
2024-09-07 02:11:30.951769,494,Entertainment,43,58,962,Movie drug several off between them.,1917
2024-07-15 21:42:11.005530,749,Personal,44,491,671,Issue particular finish box.,4832
2024-06-15 09:33:48.226004,678,Personal,45,307,536,Spring lose wide source sort door sell yet.,3259
2024-12-19 13:00:08.622337,956,News,46,204,669,Likely director already fire check.,339
2024-07-28 21:41:35.150286,831,News,47,302,90,Behavior item tend style peace.,3266
2025-01-09 00:26:10.297760,706,News,48,315,199,Decision on image good without.,3561
2024-07-07 16:14:52.540589,276,Entertainment,49,29,497,Certain industry manage thing bit hand into economic bed response should happen case poor.,554
2024-06-11 14:45:12.573601,233,Entertainment,50,218,510,Case drop positive teach national weight policy feeling.,3947
2024-06-13 22:18:36.835996,556,News,51,70,916,Wide decision five feeling assume price field never eat.,2131
2024-10-01 12:17:26.153603,109,News,52,128,762,American chance across use house also process more art later hard.,3211
2024-06-18 20:15:09.048437,221,Personal,53,233,232,Throw image former history remember open physical will fall season floor writer something can little approach man later.,2287
2024-07-27 02:59:57.270900,795,Entertainment,54,23,712,Tv energy big quality along career table free work nation eight morning I number.,3412
2024-07-27 09:33:19.224435,774,News,55,453,902,Listen response black team television will fill without though education.,1059
2024-03-23 20:21:35.011837,373,News,56,25,90,Member despite identify book population include.,1804
2024-05-23 13:01:50.271527,942,News,57,39,678,Statement institution air send Democrat international reveal adult show sound hit these civil.,1946
2024-10-26 08:40:17.844253,803,Personal,58,319,606,But generation top may interest up create rate soldier policy teach.,213
2024-03-27 22:08:21.541460,854,News,59,39,846,Message technology billion staff middle serious region.,4903
2024-10-15 11:31:51.325282,637,Personal,60,420,164,If skill structure.,2401
2025-01-31 14:18:19.284960,661,Entertainment,61,389,951,Along indicate floor around person order none exist result.,2651
2024-09-13 12:40:10.785407,994,News,62,133,709,Court marriage meet catch police hear according dog hotel practice since here young house say.,4861
2024-12-12 12:43:50.236646,957,Entertainment,63,67,877,Care say inside before operation generation find information skin.,1631
2024-08-04 00:13:16.458075,399,News,64,331,580,Eight site environmental federal account spring sign.,3581
2024-12-14 22:57:50.148792,761,Personal,65,259,459,Bit of history good several teacher book indeed.,1723
2024-07-01 08:26:20.579692,776,Entertainment,66,163,642,Early major cost institution current story.,4807
2025-01-02 17:51:08.098463,176,News,67,169,760,Always glass page when issue generation fire oil democratic necessary.,2655
2024-08-07 20:44:27.333338,218,Personal,68,370,500,Force radio travel score serious upon provide election rich central example space account.,2978
2024-03-21 16:37:07.295216,933,Personal,69,164,979,School less scientist finally determine skin.,4285
2024-07-21 10:05:31.182700,487,News,70,290,826,Daughter somebody front nothing half ask dinner cover energy crime oil party film industry but cell.,1249
2025-02-04 01:08:50.604349,769,Personal,71,281,647,Hotel along sit late and three religious window mind firm.,2482
2024-03-03 01:44:24.317234,575,News,72,500,437,Television difficult drive street billion car road Republican film cultural hot appear law.,2934
2024-04-13 12:58:35.446398,942,Entertainment,73,219,789,Same always ask next fly maybe.,1872
2024-11-07 14:51:50.622643,53,Entertainment,74,427,7,Official us morning wife walk hold alone she.,492
2024-05-29 23:11:38.101188,425,Personal,75,167,654,Candidate you move college control early look.,1709
2024-03-10 07:20:50.171689,910,Personal,76,333,637,Smile until scientist claim imagine community.,1645
2024-10-23 00:03:22.203081,423,Entertainment,77,184,327,Model player find because value feeling positive box anyone long sound.,4882
2024-11-28 06:16:44.889646,383,News,78,386,53,Area back effect property young early wind.,1225
2025-02-09 11:51:40.381256,808,News,79,370,294,Old base her manage market four stuff.,1548
2024-11-17 12:39:05.587620,711,News,80,212,708,Add best small.,1810
2024-04-20 20:16:02.162906,937,Entertainment,81,462,312,Avoid face large size big pay laugh.,3938
2024-02-18 14:23:17.802336,529,News,82,256,279,Court military pass finally investment money three.,4573
2024-04-24 15:56:38.993586,24,News,83,111,901,Possible I during course sister when agent.,254
2024-10-08 04:28:20.289799,636,Personal,84,387,110,Try Congress good cultural young suddenly election employee baby.,3916
2024-03-21 16:46:07.166381,272,Entertainment,85,26,147,Industry day business week.,3662
2024-09-09 04:46:39.857532,523,Personal,86,71,386,Nation collection at himself because foot.,3311
2024-08-10 08:40:54.242014,162,Entertainment,87,21,988,Production these understand write.,817
2025-02-10 17:32:52.384458,749,Personal,88,346,989,Happen name particular outside wife society better or better good of senior head thousand use start.,2745
2024-07-14 15:12:41.111997,770,News,89,221,482,Power feeling recognize great most recent suffer prepare total second improve major lay may.,3260
2024-04-11 20:50:03.731032,123,Entertainment,90,329,472,Claim side set foreign reduce and.,4353
2024-05-28 11:38:08.962219,204,News,91,471,420,Green we way color open own happen wrong affect prepare.,1024
2024-07-09 18:06:44.529859,265,Personal,92,224,376,Picture personal situation several generation something present us result.,1924
2024-09-02 18:12:34.644222,722,Entertainment,93,283,232,Cup certain us father image build entire two.,3316
2025-01-01 08:55:16.817348,499,Entertainment,94,184,418,Suggest rock general goal short view travel though audience.,122
2024-03-12 21:28:02.106457,816,Entertainment,95,269,172,Staff white dinner believe ball local watch statement little sea.,3369
2024-04-19 08:37:42.371569,621,Personal,96,88,854,Firm throughout be suddenly need.,4826
2024-02-20 04:48:23.423802,762,Personal,97,256,978,Born environment dark would chance.,3983
2024-02-17 06:16:53.269852,122,Entertainment,98,324,210,Low successful head same center situation.,2434
2025-01-18 00:12:34.335937,550,News,99,45,17,Region product receive standard top physical share board.,2942
2024-08-23 19:19:50.352368,580,News,100,154,750,Whatever those stock dinner see physical spring radio middle age Mr crime middle perform serve reflect prevent boy.,4790
2024-09-11 00:03:57.911576,920,News,101,217,656,Single others short itself stop expect first have card break.,4126
2024-06-25 15:41:33.207842,598,Entertainment,102,425,742,Well property other economic add new if again section food year.,36
2024-05-12 08:55:44.708994,338,News,103,261,825,Street court discussion sit year school than bed maintain.,256
2024-11-04 22:58:58.396504,890,Personal,104,27,965,Effect you evidence hear leader team.,3974
2024-04-11 13:09:37.530684,338,News,105,179,406,Center civil account other decision common stuff listen project actually more trouble organization can side again local middle natural never.,801
2024-03-28 17:02:01.950426,642,Personal,106,40,791,Stuff energy house design child send order nearly seven.,1796
2024-10-20 20:43:47.484400,635,News,107,239,995,Though shake use make test who customer.,4224
2024-05-30 01:59:15.626466,382,Personal,108,448,831,Night today work age human.,2741
2024-04-04 12:46:12.127565,133,Entertainment,109,314,460,Detail significant defense class back miss present total positive improve kid rock herself order before sense.,4786
2024-12-29 20:19:12.831380,748,Entertainment,110,158,487,Commercial vote manage energy still expert forward would contain media pretty say loss state.,3650
2024-04-19 08:10:29.224752,310,News,111,159,801,Though animal lead physical but feel care charge professional leave hotel each.,2486
2024-05-10 11:48:11.293539,688,News,112,319,982,Itself voice seat choice marriage image herself section black become.,265
2024-11-11 18:05:27.361727,315,Entertainment,113,245,62,Candidate realize defense than total religious late trial explain tough sign black young interest leg move something.,3641
2024-11-20 06:45:55.663302,260,News,114,108,914,Respond hear stay law require simply decision another sport whatever return mother.,1451
2024-04-15 16:25:21.412675,71,News,115,411,673,Power ground third partner according win certain anyone lead boy ready improve.,4207
2024-02-14 06:44:48.899994,918,Entertainment,116,188,593,Good memory popular industry suggest magazine people cold after.,4860
2024-04-08 18:41:17.843486,850,Entertainment,117,487,999,Tend until way hard present challenge because media hotel good opportunity few still as other network area together TV.,4587
2024-04-01 18:41:11.922868,479,News,118,179,218,Authority perhaps its miss indicate who finally us.,3255
2024-12-21 23:12:28.070126,658,Personal,119,103,980,Throw store move control degree discover director relate business.,4645
2024-08-24 15:37:07.633193,12,Entertainment,120,181,174,Suffer fire page message past specific evidence himself either choice.,868
2024-04-04 18:56:18.814695,474,News,121,67,977,Now field sit head situation benefit.,1189
2024-06-18 14:16:44.343640,796,News,122,143,565,International per accept.,400
2024-08-05 02:30:28.402625,866,Personal,123,270,397,Whose every bed likely job decision pattern.,3177
2024-10-19 06:54:38.414028,104,News,124,299,749,Beautiful this course several understand group finish talk.,1543
2025-01-08 06:36:46.647114,156,Personal,125,488,184,Study artist far watch example child off soldier around within husband how standard church enough often these look.,3035
2024-04-23 21:42:10.530356,358,Entertainment,126,377,454,Agency movie available behavior protect listen.,663
2024-02-19 22:07:11.970147,570,Entertainment,127,123,21,Them media resource management check skill.,3035
2024-12-01 19:32:41.365853,145,Entertainment,128,60,445,Since while wall even.,2458
2024-05-11 05:57:22.373190,143,Entertainment,129,362,253,Require positive everything yeah thank than process discover theory specific almost agency discussion seem agent.,1954
2024-04-24 17:29:41.286390,385,Personal,130,269,728,Agree benefit safe assume worker risk.,4453
2024-09-11 06:48:32.747121,38,Personal,131,177,485,Anyone customer step could character health would range first between mention official artist apply although.,4419
2024-08-14 09:55:24.136357,98,Personal,132,386,98,Class political science develop day suggest heart special voice number TV exactly only choose decade.,3072
2024-11-06 06:56:43.544494,374,News,133,321,53,Between government quality year perhaps difference they father question administration yet benefit cold everyone.,872
2024-07-14 11:19:55.314476,892,News,134,380,600,Economy safe ask within area.,1006
2024-12-26 23:10:23.527965,955,News,135,207,376,General take among the show.,3206
2024-06-04 16:00:12.498432,120,Entertainment,136,244,492,Share skin situation eat already game phone end.,974
2024-11-25 19:23:47.454800,291,Personal,137,461,5,Tonight religious most action born various soon represent free blue them effort provide four option.,1218
2024-12-12 19:04:35.921776,819,News,138,127,463,Treatment different picture city kid figure rock religious with treat.,1320
2024-07-05 22:28:22.112211,51,Personal,139,68,831,Nearly discussion eat machine television soldier according charge sometimes movie song woman interest.,463
2025-01-16 01:28:42.197188,64,Entertainment,140,12,809,After different trouble Congress hear role left cost.,3711
2024-05-17 00:42:30.397749,609,Personal,141,70,358,Exist talk money but job huge foot painting dream.,1835
2024-12-24 02:56:53.031097,555,News,142,238,738,Rule cup sing business degree democratic avoid brother environmental ok.,3197
2025-01-30 19:11:51.081632,319,Entertainment,143,420,316,Top space statement push everyone.,1300
2024-03-14 12:37:36.816762,79,News,144,245,226,Possible option them American the child population environment.,4377
2024-05-14 15:23:51.431544,334,Entertainment,145,231,541,Movie star result well training everything.,1692
2024-07-02 23:50:41.552779,902,News,146,50,918,Top suddenly possible know get base central like special trade station couple skill can rather.,1953
2025-02-02 01:13:23.119587,340,News,147,242,723,Of approach role allow think media international business without strategy address here year week buy thousand.,3156
2024-02-16 20:44:15.982210,282,Personal,148,306,763,Read choice ability police example wait begin door cause anyone information.,4693
2025-01-26 12:47:43.803911,845,News,149,30,692,Opportunity central question give hour increase clearly project he sport tell thank.,3387
2024-12-09 18:06:06.513144,339,Personal,150,181,515,Cover discuss plant bring accept step trial war actually maybe.,2055
2024-10-03 23:31:53.070649,657,Entertainment,151,359,245,Face image method clearly give list.,3373
2024-06-12 12:05:39.332209,546,News,152,212,519,Check everyone main group son eat seek Mrs claim.,16
2024-04-18 16:08:25.493488,106,Personal,153,397,190,Body bag interview book task.,818
2024-07-28 20:16:21.150926,230,Entertainment,154,433,900,Result wind course far push culture say head beyond.,4822
2024-09-10 22:55:35.077518,202,Personal,155,275,289,Prevent book who stand expect anyone degree program price role maintain way expert someone there forward various pressure grow or.,3011
2024-12-23 18:20:07.111590,365,Personal,156,385,506,Woman energy campaign hand through detail agency.,4060
2025-01-19 04:22:31.824930,224,Entertainment,157,84,77,North business yeah need serious after note set.,2142
2025-02-06 22:58:33.352056,839,Personal,158,108,740,Just than area president family them final training beat since receive.,3889
2024-12-26 00:05:16.658019,421,Personal,159,233,88,Letter firm nature reach discover actually stand clearly.,4643
2024-05-09 15:03:03.141477,961,Personal,160,305,821,Performance include last affect no write huge evening.,2055
2024-07-02 03:16:07.203962,8,Entertainment,161,222,519,Already performance author question north often free decide nature since.,1360
2024-07-14 06:13:41.585153,294,Entertainment,162,296,152,Drive together short pass respond focus cup environment serve sort site southern.,3440
2024-05-01 15:02:50.837342,920,Entertainment,163,363,618,Process outside respond TV performance.,245
2025-01-13 07:23:37.602733,793,News,164,403,284,Truth firm wide mother fire strong key.,3450
2024-12-19 14:52:05.101271,300,Personal,165,168,539,Officer his little education article court capital compare produce.,2838
2024-06-27 07:36:56.566499,793,Entertainment,166,406,287,School discover society add.,1381
2024-07-12 15:45:00.961283,159,Entertainment,167,485,759,Film black husband blood meeting member miss technology form difficult sometimes sport source moment specific would.,1102
2024-10-08 23:18:14.457559,676,News,168,39,596,Strong health wide.,1414
2024-11-04 02:18:44.981622,101,Entertainment,169,348,696,Relate style worry base after energy remember.,310
2024-06-25 19:27:10.582239,510,Personal,170,45,576,Mention deal scientist though develop matter maintain more trip.,3322
2024-03-27 11:00:39.815749,540,Entertainment,171,459,209,Scientist reduce machine couple.,1594
2024-09-14 13:00:34.507534,396,News,172,30,411,Purpose many garden lead name entire camera religious half.,1153
2024-09-17 17:29:45.593000,492,Personal,173,249,565,Spring wish particular gun cause more ago.,1359
2024-05-18 08:17:36.484739,775,Personal,174,325,437,Class lawyer prevent friend weight public truth assume kid address discover foreign cause if.,3786
2024-05-27 14:20:53.180338,708,Entertainment,175,452,75,Front type letter pattern for account hold.,4859
2024-04-13 03:39:03.685079,7,Personal,176,141,224,Upon area place our strategy nor last second later seat at direction plant job pay lose world house bar hour.,988
2024-03-29 19:41:05.606868,310,News,177,157,32,Husband prevent health sit crime produce defense which significant usually smile soon.,2160
2024-12-06 18:03:25.494252,174,Entertainment,178,411,658,Worker mean huge pressure hot size rule must.,3602
2024-07-11 09:09:27.975400,239,News,179,100,122,Activity near popular letter to perform up audience television behind history room property.,1996
2024-03-10 06:58:18.946671,726,Entertainment,180,439,968,Base step evening relationship very sense need season care war cultural well.,373
2024-06-18 00:42:06.641804,856,News,181,453,484,She wear size protect push lawyer sell agree each issue effect thus Mr boy most model hold rate.,2641
2024-10-01 15:22:17.746277,336,Personal,182,188,145,City its food no find these well how fear involve everyone market author sure short.,824
2024-08-26 19:12:11.999135,95,Entertainment,183,204,254,Former note present case.,4860
2024-05-04 09:47:37.637084,764,Entertainment,184,209,477,Push arrive reach.,3591
2024-09-28 10:01:59.034456,997,News,185,475,26,Chair read give treatment respond.,230
2024-08-06 17:21:51.112903,779,Entertainment,186,13,742,Blood use office let live night anyone whose statement sign money arrive about my control state media him run.,2608
2025-01-06 05:40:04.285276,985,News,187,427,49,Power mother its surface same either at nearly.,72
2024-03-06 00:55:54.533852,120,News,188,440,558,So what high pressure wind establish same happen degree night cup staff career.,2830
2024-04-21 08:28:33.199860,256,Personal,189,494,591,Might what recent effort would exactly sister best try against democratic beat.,4414
2024-06-07 04:45:10.668237,660,Entertainment,190,4,303,Sister recognize cultural yeah team main throughout.,645
2024-12-21 16:33:31.981738,732,Entertainment,191,201,411,Movement huge people occur state enjoy citizen adult week really.,3518
