post_id,user_id,post_text,post_date,likes,shares,comments_count,post_category
1,855,Detail school region far television his various movie.,2024-11-03 14:46:04.859935,3165,421,338,Entertainment
2,142,Nor back something follow development adult trial or range marriage article.,2024-10-08 22:01:15.060937,4042,606,234,News
3,42,Plant politics reflect law production.,2025-01-03 14:21:21.937228,3542,776,59,Entertainment
4,864,Fund sit finally point fill approach front simply evidence card general whether fine from defense.,2024-02-15 09:28:45.026068,392,720,265,News
5,999,This both according prevent as speech upon several month.,2024-05-18 22:30:06.619599,1994,908,230,Personal
6,666,Follow themselves consider.,2024-08-25 13:12:33.921963,102,407,92,Entertainment
7,38,Reach wonder far world partner former produce especially participant.,2024-05-15 02:02:58.769096,4795,804,194,Personal
8,960,Down according once stand dog money four example without staff window throw without wall away cover certain view.,2024-05-15 17:03:14.840658,2665,249,262,News
9,458,Stage family entire local usually approach fish man information financial benefit.,2024-03-25 03:49:13.607447,1172,981,450,News
10,907,Tonight far light continue painting open peace.,2025-01-03 22:04:26.180399,4713,451,446,Personal
11,86,Clear value bed pressure fill.,2024-05-16 14:59:23.402696,3795,102,239,Personal
12,866,Off spring today language minute feeling list finish site report customer do enough trade.,2024-09-23 16:56:24.248980,255,179,80,Personal
13,945,Discuss kind control reason difference front coach.,2024-03-25 11:50:51.786043,4431,109,462,News
14,820,Marriage officer safe toward hour take ago also happen.,2024-03-14 05:23:13.766570,4221,129,79,Entertainment
15,137,Remain car one official either medical remember on probably.,2024-05-19 19:44:40.623169,4742,27,76,Personal
16,87,Operation personal north feel concern these blue piece final whole.,2024-10-04 17:42:43.067862,3888,207,131,Personal
17,628,Improve central return allow finish line case administration walk look finally something mention mother painting mind.,2024-10-31 00:12:00.569827,1829,109,247,News
18,1,Name themselves history anyone.,2025-01-22 22:26:57.295231,1269,701,362,Personal
19,758,Seven step activity who Republican camera during hit thing start statement say store just.,2025-01-22 07:54:57.409071,706,283,327,News
20,856,Customer they forget others stock perhaps money cut structure interview walk condition.,2024-06-20 14:48:11.270821,3610,770,407,Personal
21,710,These technology night share improve rich court.,2024-05-21 14:55:34.275782,2736,469,111,News
22,716,Chance just understand few write protect management continue claim range meet cup.,2024-09-27 10:38:21.063834,3395,605,62,Entertainment
23,654,Result next down civil always lose issue.,2024-07-01 04:03:01.502383,4734,577,375,News
24,575,Statement doctor country author Mr quickly gas risk when physical.,2024-02-25 03:38:34.228870,3745,563,14,Entertainment
25,700,Later tree market daughter hand.,2024-11-08 23:32:52.942464,4399,552,362,News
26,612,Represent speech budget tax all.,2025-01-10 14:16:29.689945,769,367,7,Personal
27,313,Apply attack learn degree.,2024-10-28 05:26:34.670918,974,634,129,News
28,775,Reflect type weight per do continue development building actually.,2024-03-28 01:12:40.104604,3558,983,293,Personal
29,63,Unit music area manage party visit accept music Mr thank because.,2024-08-07 14:01:52.852102,3896,218,269,Personal
30,976,Staff green big husband certain whose particular.,2024-07-30 07:52:40.435709,4485,759,413,News
31,240,You view day technology type born phone difference member allow life only every could.,2024-12-18 11:06:19.622489,182,708,449,Entertainment
32,982,Action head even budget PM own enough unit.,2024-10-27 13:16:55.377300,4655,887,203,Personal
33,830,Help lose stand report suddenly project try hundred both firm upon.,2024-02-20 00:34:56.076123,318,98,63,News
34,878,Realize design seven measure amount.,2024-06-10 10:02:14.469713,1408,761,436,Entertainment
35,499,Business improve TV performance think capital visit.,2024-12-22 14:28:02.328672,4889,510,471,Personal
36,729,How ago in around system.,2024-09-25 09:06:18.165752,3441,534,349,Personal
37,831,Day foreign town produce show evening lay serve down movie score.,2024-03-28 23:43:47.888717,2380,927,102,Personal
38,196,Tell number level Democrat throughout energy officer industry professor.,2024-07-01 18:45:50.996717,2709,596,100,Personal
39,137,Range partner compare.,2024-12-27 16:52:28.299747,1947,189,438,Entertainment
40,320,Will garden author cut inside institution scientist training tend somebody show.,2025-01-01 01:44:29.518603,3778,292,485,Personal
41,426,Character interview this computer enough its population term door.,2024-05-13 20:40:24.393182,2949,39,413,Entertainment
42,904,When wait color since camera bed.,2024-12-25 12:48:44.791899,3365,559,451,Entertainment
43,160,Skill rich professional we assume heavy claim discussion.,2024-07-11 11:36:07.024554,661,411,260,Personal
44,405,All huge hand.,2024-10-05 03:14:58.124926,3432,522,328,News
45,961,Personal daughter whose set contain economic compare street theory use once.,2024-10-23 09:28:14.372984,203,454,207,News
46,453,Language clearly career lead sound church under work.,2024-12-12 15:18:26.889689,535,445,98,Personal
47,409,Assume clear popular crime design low bill strong understand do.,2024-12-31 16:34:28.202539,1665,590,419,Personal
48,891,Situation consumer several different soon couple model line why year all or blue.,2024-04-04 14:31:38.552300,1239,56,281,Entertainment
49,47,Still affect while behind movie degree.,2024-04-11 01:07:31.549743,4791,41,424,Personal
50,823,Much network wind mind carry foreign history point pretty.,2024-10-12 05:10:07.007183,1788,578,24,Entertainment
51,550,Lead sport appear left case pay.,2024-06-03 22:21:53.294024,649,801,50,Entertainment
52,835,Usually bring maintain nothing chair somebody training.,2024-02-24 08:25:41.812315,4346,437,14,Personal
53,153,Amount party card pull success able view spend certain civil boy magazine ahead card attorney news site scientist.,2024-02-21 07:43:55.720910,711,841,305,Entertainment
54,396,Voice bag cause and to.,2025-02-06 20:32:34.734632,2639,237,406,News
55,774,Word feeling million memory big certainly call throughout knowledge.,2024-10-28 02:05:49.886048,186,381,219,Personal
56,818,Sea ask question service want risk may.,2024-10-13 03:43:16.531202,1216,596,473,Entertainment
57,142,Foreign air meeting road example education system.,2025-01-26 11:57:03.827707,346,704,34,Personal
58,920,Daughter recognize admit away door of per produce action.,2024-03-08 15:29:59.250938,1821,984,322,Personal
59,468,Explain nothing risk start add news memory sport.,2024-03-03 03:37:17.981783,4257,758,440,Personal
60,50,Cup system what too box health leave seven whatever learn run throughout wear both believe head trouble upon yeah.,2024-03-15 06:30:23.958978,682,836,282,Personal
61,635,Develop size Mr once dream can fast ten.,2024-03-06 16:40:06.881089,2028,931,15,News
62,789,School beyond few important tree explain point perhaps program have have meet mouth deal student wear many degree.,2024-06-11 23:45:35.195759,3245,45,253,News
63,308,Politics she international produce population bed suggest break call safe Mr move meet maintain mother nearly simple.,2024-11-12 05:30:19.253657,4745,771,95,Entertainment
64,742,Million difficult of level west interesting population you many.,2024-10-01 19:13:15.207881,2220,606,41,Personal
65,868,Ability million force yes billion.,2024-07-22 05:49:39.085167,819,326,459,Personal
66,341,Method citizen keep lawyer analysis discussion add.,2025-01-26 16:20:37.173614,1970,613,411,Entertainment
67,936,Himself my member community style edge organization.,2024-06-08 21:20:27.429351,786,10,309,Personal
68,300,Real maybe tend interest agent old information.,2024-05-23 13:57:00.732712,2840,240,49,Personal
69,872,Well account weight.,2024-08-05 17:30:37.078001,1906,596,73,Personal
70,205,Particular senior have poor family remember world trial.,2024-05-20 05:16:40.521900,4070,879,88,Personal
71,787,Send during beyond democratic last pass want beautiful image his.,2025-02-11 00:52:30.722157,4135,907,493,News
72,618,Range through employee less color politics country.,2024-08-22 21:54:57.247126,3818,670,105,News
73,541,Someone generation themselves too test hospital pick case.,2024-08-24 10:30:23.825711,3543,565,112,Personal
74,679,Send natural exactly alone involve something.,2024-12-20 02:29:28.674928,1371,110,126,News
75,502,This move stuff including something month lay writer become attention then bill little tend hotel increase moment respond pattern article.,2024-02-18 01:53:58.771464,192,746,459,Entertainment
76,851,Red production have interesting director office ten space knowledge push.,2024-08-31 04:52:12.892145,3849,656,372,News
77,31,Type director work organization fear senior role cause.,2024-08-22 18:00:00.016754,4649,21,229,News
78,36,Leg or head but for goal believe often.,2024-08-10 02:47:30.004460,1372,93,364,News
79,799,Job admit value business.,2024-12-17 22:53:14.145852,1326,885,317,News
80,684,Everyone example mouth cultural material whole.,2024-07-30 07:51:10.523704,1708,536,349,News
81,681,Federal per ok finally treatment teacher nothing window argue hour prove.,2024-02-15 11:22:26.536247,1698,606,292,News
82,65,Argue police rest probably recently yourself listen establish expect our real material detail better note summer voice that.,2024-08-27 16:07:01.274358,1136,221,336,Personal
83,768,Door interest system you figure blue region wear treatment seven need society defense lawyer.,2024-05-25 12:48:27.978776,3000,276,62,Entertainment
84,300,Amount beat become first thought give other ok itself cover different well we art.,2024-04-17 17:05:40.009916,2969,560,267,Personal
85,968,Long minute respond.,2025-02-10 16:07:01.841521,4829,60,215,Entertainment
86,84,List number rest away sing indicate can pass sometimes strong across explain.,2024-11-27 23:19:04.094798,3809,385,378,News
87,188,Offer expert strategy lead kitchen involve huge here develop direction.,2024-09-06 13:16:52.794301,350,810,216,Personal
88,31,School sense nation media say military report talk white without it lay look teacher.,2024-12-26 08:48:10.796713,1287,283,117,Personal
89,149,Money bad maybe agency difficult article set.,2025-01-02 00:18:13.451889,637,863,156,Entertainment
90,325,Six deal produce stuff.,2024-11-09 13:41:19.430988,2886,444,354,News
91,937,Sure simply up decade instead well so every page.,2024-05-04 16:16:09.336773,952,659,389,Entertainment
92,902,Ready pretty class should prove per off enough suggest myself federal drive religious fight record sport Mrs before.,2025-01-03 19:26:33.642424,1591,798,172,Entertainment
93,461,Color nearly point hospital difference.,2024-07-30 19:56:41.453088,3976,904,294,Personal
94,22,Drug side so purpose use party subject think house boy end even which owner.,2024-08-07 22:36:47.402106,1664,207,197,News
95,815,Window five allow customer charge article almost consumer.,2025-01-15 14:46:55.222767,1623,227,422,News
96,961,Cold already develop marriage eye marriage since pick.,2024-08-28 03:25:01.279401,288,828,462,News
97,92,Half deep ever camera whether red.,2024-07-18 12:21:43.318671,2234,842,259,Entertainment
98,237,Above matter film sure bit.,2024-06-08 18:25:49.875391,986,495,96,News
99,444,Protect above leader give office heavy national play political response.,2025-02-07 20:17:36.531736,2042,579,494,Personal
100,281,Laugh section necessary federal author practice building player smile anyone operation spring opportunity.,2024-11-26 23:49:51.158304,2122,343,152,Entertainment
101,876,Community another sound necessary important director impact.,2025-02-06 20:44:37.492383,3711,782,500,Entertainment
102,821,Decision decide conference door contain rock realize between specific.,2024-03-16 22:13:35.362544,4938,29,298,Personal
103,158,Thank relationship rule serve particularly little.,2024-06-17 09:59:56.775030,523,530,168,Entertainment
104,761,What wall view recognize necessary speak enough.,2024-10-30 07:13:20.938536,124,97,390,Entertainment
105,225,Painting drug opportunity significant role person piece.,2024-11-12 23:19:51.227200,3746,282,68,News
106,996,Goal prove while house husband.,2024-07-03 06:34:45.312463,2112,949,418,News
107,348,Indeed natural above pull short difficult chair other let you.,2024-07-08 06:06:06.599380,3489,664,308,Personal
108,938,Value security alone ask.,2024-10-10 00:28:29.792845,777,899,180,Personal
109,67,Officer indeed beyond specific medical early account class agree nice own a Republican.,2024-05-27 10:21:16.196651,3249,908,393,Personal
110,106,Keep control candidate foot while understand himself including save.,2024-11-23 17:56:00.645289,1897,427,21,Personal
111,758,Tend many property.,2024-03-28 22:25:30.849525,4022,246,166,News
112,545,Or keep member travel cold low such since that test get.,2024-05-10 17:34:22.142317,4196,658,391,Entertainment
113,531,Region ask scientist good common outside.,2024-08-10 03:33:29.450408,2265,468,242,Entertainment
114,89,Summer general respond after century.,2024-05-19 14:56:59.592440,4353,903,444,Entertainment
115,114,Cover claim these blue.,2024-05-26 03:39:13.866252,4213,613,327,Entertainment
116,957,Partner remember huge PM right serve PM account remember travel before.,2024-11-24 05:35:21.246477,4118,227,187,Entertainment
117,349,Little assume relate hospital.,2024-09-19 11:15:04.466017,328,564,402,Personal
118,420,Center onto everyone.,2024-10-05 07:32:01.503078,1277,897,357,Entertainment
119,25,Cold risk human often lot half contain result high especially.,2024-08-14 10:36:04.635706,3673,917,310,Entertainment
120,41,Production year might street already specific measure strong be as within.,2024-07-27 07:11:03.119764,589,985,35,News
121,194,Argue win party fund.,2024-08-21 08:41:25.614941,1209,892,45,Personal
122,914,Political be its fine us executive else pass sea.,2024-08-29 04:26:14.187878,1252,531,68,News
123,338,Sit institution believe write over.,2024-05-26 19:21:29.781166,1112,399,367,Personal
124,618,Particularly you large thus.,2024-04-24 00:09:19.300307,363,736,419,Personal
125,115,Answer century great let lay.,2024-07-15 00:06:58.981479,4029,315,441,Personal
126,245,Finally mission help animal listen without wind successful.,2024-06-25 21:09:57.330615,1272,400,15,Personal
127,990,Interest beautiful thing however pattern.,2024-10-17 13:56:26.227498,4645,807,191,News
128,909,Rule onto find hotel.,2025-01-26 16:29:55.637136,2634,409,459,News
129,241,Hot not analysis president style hotel result.,2024-04-01 19:42:45.863468,4466,211,284,Personal
130,237,Find key its back partner else leave federal matter address easy.,2024-06-13 09:25:20.940821,4428,457,269,Personal
