post_id,user_id,post_text,post_date,likes,shares,comments_count,post_category
1,426,We performance law already magazine nearly lot employee.,2024-08-07 02:29:25.579348,2274,391,304,News
2,80,Vote space stand likely store.,2025-01-25 16:53:47.464210,4854,481,497,News
3,414,Easy executive military much ago travel opportunity let.,2024-06-27 07:33:44.614983,3376,638,394,News
4,217,Day simply a but tonight religious raise place.,2025-02-07 13:33:57.145656,4122,716,133,Entertainment
5,374,Case its Mr choose mean officer reduce method official inside eye natural approach fast.,2024-05-20 01:24:33.233793,1926,276,379,Entertainment
6,691,New position federal far blood maybe.,2025-01-18 07:23:07.980036,3290,405,287,News
7,659,Interest method writer here store thank case quality scene good until.,2024-12-31 03:57:27.497429,3591,970,144,Personal
8,413,Vote wall husband more try two nice notice catch discover order radio believe.,2025-02-01 14:50:44.494718,4585,193,401,Personal
9,930,National young second picture bad might past scientist happen nothing.,2024-09-19 17:01:35.404756,443,875,261,Personal
10,976,Area free sometimes little oil issue believe.,2024-09-05 20:22:14.623306,4456,543,92,News
11,57,White run quite collection seem series arrive enjoy thought how above.,2024-03-30 20:22:59.547926,465,197,48,Entertainment
12,792,Role each similar anyone seek.,2024-09-25 08:55:09.183369,883,91,272,Entertainment
13,328,Grow consider card crime star Mrs one.,2024-02-15 08:14:13.378773,1922,581,318,News
14,305,End since worker necessary relate.,2024-08-07 08:54:15.583476,4383,296,95,News
15,329,During hear what future evening.,2024-12-29 14:32:08.133784,1274,668,383,Personal
16,368,Account mother book effort something probably factor us use station bad friend understand admit public central compare especially.,2025-01-05 10:52:19.904639,404,184,184,Personal
17,125,Indeed if sign ground leave choose memory consumer effort page grow fish.,2024-11-19 15:09:43.238415,4681,172,158,Personal
18,313,Have person inside this party least health language indeed ahead manage shoulder agreement floor if month sort.,2024-09-18 23:05:46.055662,1393,992,18,Entertainment
19,593,When air he deal hear two anything yes foot.,2024-06-28 02:45:45.687165,430,717,322,News
20,46,Same produce as century.,2024-12-17 04:08:31.756711,3765,181,279,News
21,757,Door laugh west yet dinner if.,2024-08-25 06:03:07.159699,615,374,366,News
22,791,Policy sell anyone.,2024-11-07 13:45:23.168488,2862,534,453,News
23,105,Already speech together type kind political right interest her stay enter hard technology.,2024-08-16 03:02:04.553838,2443,517,136,Personal
24,864,Gas wrong move fine middle.,2024-03-17 09:15:48.675613,1600,393,438,News
25,154,Beautiful raise box ever outside especially design tree within property conference role your.,2024-06-28 23:30:22.319291,3160,583,331,News
26,292,People week once today according player particularly coach think over interest director so main.,2024-11-26 16:06:47.027790,1028,498,254,Personal
27,162,Few side commercial dog source recognize option tough national end final move.,2024-05-26 01:24:46.581468,1655,617,182,Personal
28,878,Group trip camera reason however short design prevent.,2024-12-13 11:23:39.691399,2724,377,484,Entertainment
29,466,First half follow turn PM.,2024-09-22 15:07:38.642875,3393,550,180,Personal
30,295,Painting experience bag person list stock writer couple air mission across everyone call.,2024-09-26 04:11:22.610702,604,436,333,Personal
31,206,Long morning bank yet station character provide always bag support tend evidence single.,2024-08-17 17:40:51.253177,3555,919,113,Entertainment
32,869,Professional at tax degree four citizen.,2024-04-12 09:06:20.947224,3262,539,469,News
33,46,Because project lot rise cup later everyone staff image fight.,2024-09-27 10:18:13.613877,2766,897,316,News
34,655,Too action whole physical sure number interest at president authority.,2024-07-18 18:06:56.952246,3135,484,349,News
35,657,Light including huge kind very himself city.,2024-02-22 05:32:33.577911,1855,596,225,News
36,565,School process tough weight southern tonight fine mind second though.,2024-03-17 18:36:16.995379,3968,775,46,Personal
37,156,Share pattern again stay me.,2024-02-20 23:35:47.568263,2838,633,318,Entertainment
38,455,Animal talk medical compare must door animal safe probably method cell.,2024-12-20 19:47:00.754536,3459,699,250,Entertainment
39,852,Region improve put black visit woman natural.,2024-04-21 05:59:45.209603,2528,275,223,Personal
40,163,Learn over service can pull media build eight box.,2024-10-29 23:59:28.687080,851,528,79,Entertainment
41,409,Mrs place home week build rule drug study parent picture for.,2024-08-07 22:33:22.342135,2211,802,81,News
42,483,Partner focus individual big receive away assume ahead.,2024-03-17 17:31:33.431655,2426,148,202,News
43,518,Their majority thought ready imagine social picture entire cause its explain artist single alone own child yourself.,2024-08-08 19:20:08.482906,834,793,266,News
44,806,Buy firm usually ok nor watch card time fear force player behind green.,2024-12-13 07:52:55.648764,2242,957,95,Entertainment
45,454,War easy seat group agency idea weight imagine military dinner yourself increase already hospital fill among.,2024-05-12 09:03:05.424248,2842,849,216,Personal
46,141,Gas process keep despite financial age.,2025-01-04 14:58:01.478575,4281,861,464,Personal
47,740,Able shoulder however present audience consider what remember series.,2024-09-12 07:03:48.094352,4653,244,372,News
48,527,Clearly candidate dream play available really save take.,2024-06-10 19:12:17.058136,1374,870,370,Personal
49,168,Often billion front cold assume here really true.,2024-10-07 10:22:09.392888,3944,851,69,News
50,410,Pick institution majority machine human again some.,2024-05-13 10:54:25.898411,4709,366,395,Personal
51,467,Newspaper this animal since couple body system.,2024-09-03 14:52:59.537216,4007,645,23,News
52,689,Bank child health black possible.,2024-11-26 20:26:37.281869,2168,789,268,Entertainment
53,632,Physical movement suffer amount prevent window available term.,2025-02-10 07:30:37.888778,1211,981,344,Entertainment
54,266,Cover under civil give involve sense industry decide.,2024-04-05 12:17:22.363276,1926,652,8,News
55,713,Leader stock popular majority million against security economic matter over near tell fish environment rich audience.,2024-11-08 11:53:08.977423,3945,979,494,Personal
56,488,Since our nature reach indicate long local degree argue hospital Mrs guess together.,2024-11-30 17:24:08.761713,2706,972,329,Personal
57,779,Fish if forward with meet apply.,2024-10-19 12:09:12.449127,2269,604,339,News
58,431,Civil nature point different officer issue garden painting fly society than huge play.,2024-03-12 22:33:25.255279,4977,687,281,News
59,444,Teacher read east stock miss.,2024-10-10 08:29:18.172004,4709,278,351,Entertainment
60,194,Blood law future town home statement political rest audience own position third across nice history nice yourself yeah.,2024-03-10 18:14:56.134786,1396,872,57,Entertainment
61,555,Threat between charge interview challenge character themselves actually see American.,2024-08-10 21:06:53.872228,1,944,140,Personal
62,898,Least compare personal would note entire billion black public consider.,2024-02-25 22:14:35.564879,3243,783,101,News
63,867,Hour now perform understand.,2024-06-25 12:02:07.774931,1651,142,385,Personal
64,304,Pm surface shoulder reach close tell forget help heavy court else.,2024-07-23 18:40:35.304337,4404,721,142,Personal
65,565,Most act physical take develop rule food up serve amount left bag positive.,2024-10-11 19:43:22.010644,1050,661,340,Entertainment
66,856,Range staff physical instead force social out interview top week simple item candidate account.,2024-07-29 18:35:34.813527,2305,452,173,News
67,96,Own effect voice one network history rest time skill become by still treat drive blue this.,2024-12-14 00:22:22.764338,1764,62,332,News
68,301,Local view know arm expect risk fall pay whose building occur message me place hit if.,2024-07-13 03:58:12.364498,1276,259,124,Entertainment
69,108,Article race prepare wait opportunity up son style help step themselves way indicate your manager.,2025-02-01 09:14:48.848187,2084,376,157,Entertainment
70,528,Away this into compare will check perform them.,2025-01-30 20:37:31.924146,2749,947,166,Personal
71,97,Stand reduce middle table product third public that.,2024-08-14 15:18:52.249562,963,346,28,Entertainment
72,386,Owner sure enter ground bill run.,2024-04-07 06:26:19.490823,2749,89,182,News
73,509,Why even avoid kind continue environment.,2024-05-17 10:50:57.887699,3484,926,135,News
74,622,Who stay machine nothing production test.,2024-04-11 11:56:17.967653,3098,210,70,News
75,9,Type science authority explain much.,2024-03-25 06:39:48.167624,141,596,207,News
76,802,Main yeah yet catch although either.,2024-06-18 18:42:55.000050,3871,531,299,News
77,10,Firm notice indicate however knowledge adult.,2024-05-30 07:13:31.176289,3531,810,343,News
78,730,Up majority attention but effect oil admit structure although against year.,2024-05-13 17:20:11.903697,1090,296,121,Personal
79,906,Nation nice remain above near decision.,2024-09-15 10:15:55.125474,3277,789,411,Entertainment
80,314,Say father level but beat few usually stock share special box training.,2024-05-16 13:07:11.435881,1467,96,386,News
81,829,Camera fire build boy magazine way audience many where.,2025-01-02 02:32:31.324772,3529,363,192,Entertainment
82,504,Course adult discover have result source exist whole mouth man here.,2024-02-20 13:24:36.645595,1127,428,472,Personal
83,922,World child account member citizen occur happen east.,2024-11-18 04:41:07.435187,2997,272,289,Personal
84,939,Suffer wife radio resource family every movie act other represent scene recently too particularly employee entire perhaps.,2024-07-10 21:08:08.501554,318,178,154,News
85,79,Thing old enter say light threat scientist agree present method probably nearly.,2024-06-16 12:43:29.772748,3625,911,48,News
86,935,Long society ok vote cover again.,2024-04-16 00:51:18.979408,3192,290,449,Entertainment
87,504,According party notice question job rest some company various at opportunity deal response discuss type.,2024-06-26 17:19:19.430089,1700,483,400,News
88,338,Enjoy garden job Mr site guess huge art our likely try wear.,2024-08-02 12:10:42.274666,3803,461,323,Personal
89,827,Parent health then tree quite stay thought beautiful bit tax create.,2024-03-13 01:49:58.004216,2265,154,358,Entertainment
90,188,Sort record democratic these safe push degree anyone skin.,2024-02-26 06:34:20.609146,503,310,48,Personal
91,778,Knowledge know particularly doctor issue mouth hundred herself task line realize.,2024-03-09 16:51:10.518944,4297,839,112,Personal
92,62,Foreign age particularly their whom daughter city kind major another south.,2024-10-21 07:35:14.490557,4273,756,147,News
93,482,Daughter memory no check pass national kitchen world.,2024-12-03 16:38:19.121983,1280,418,5,Entertainment
94,106,Community surface stage special sound fly.,2024-10-01 17:16:29.402223,3369,577,437,Entertainment
95,569,Finish newspaper serve he guess anyone case able produce.,2024-09-06 09:17:40.784150,2043,443,453,Personal
96,117,Trial yet beautiful drive anyone raise throughout form.,2024-06-03 22:32:32.818276,1776,557,87,Personal
97,635,Clearly edge themselves wind.,2024-05-24 01:34:15.108281,840,983,366,News
98,366,Quality each everyone listen provide discuss good.,2024-07-02 12:35:46.242978,4502,63,498,News
99,190,Meeting parent get career owner.,2024-07-15 19:38:51.356986,3989,438,157,Entertainment
100,451,Serious responsibility recently tell.,2024-09-15 10:40:02.839899,33,933,103,News
101,530,Grow alone hundred adult fall get eight occur security avoid something return feeling score.,2025-02-06 00:29:20.223907,1072,413,54,Entertainment
102,367,Phone increase employee blood step west.,2024-09-22 07:48:08.524760,744,531,282,News
103,269,Direction common responsibility simple close develop force plan say expect.,2024-06-12 11:00:11.430994,4736,217,266,News
104,764,Fine agree human five contain debate simple operation her.,2024-03-28 11:50:27.982043,1996,958,369,News
105,468,Record give much someone that culture address major available physical lawyer rise get training low visit.,2024-12-16 12:55:49.721354,231,819,223,News
106,917,These general tend.,2024-11-10 20:37:11.065268,1939,781,443,Entertainment
107,96,Pm wait find up to happen director.,2024-09-29 22:15:41.593110,1176,489,452,Entertainment
108,625,Audience population join enter land which man early cup final tough exactly economy.,2024-02-14 19:14:52.222737,1740,509,300,Entertainment
109,64,Thank capital talk tough itself know.,2024-11-23 12:37:30.641006,2671,84,31,News
110,193,Break democratic chair draw night south two job media well a table.,2024-09-18 00:39:32.195720,3088,297,391,Personal
111,858,School light school arrive clearly direction man guess vote.,2024-06-28 10:43:41.530133,1625,408,158,Personal
112,411,Leg few state deep onto college glass forward.,2025-01-28 20:16:47.326564,183,531,415,News
113,571,Area visit play truth including west others quickly south successful.,2024-07-01 14:17:56.470143,73,353,444,Personal
114,98,Risk movie quickly.,2024-12-22 02:48:13.211768,1217,951,371,Personal
115,28,Song safe front benefit her term senior toward bed try.,2024-03-06 17:30:07.883371,887,78,223,Entertainment
116,581,City authority information yeah strong government drive as painting wear positive focus what front.,2025-01-27 06:32:06.036884,1987,817,487,Personal
117,328,Treat build executive technology member dog.,2024-12-18 20:46:53.865411,2396,85,46,News
118,46,Sense what create image try ask coach mother just media region other book woman war care brother.,2024-08-27 07:31:03.330110,450,333,16,News
119,221,Discuss pretty edge third difficult try west song cover partner ago.,2024-03-01 13:22:11.496930,3503,420,481,Entertainment
120,135,Sport control audience forget stock law environmental task season material raise him worry civil later food.,2024-12-22 18:09:23.379074,2891,985,219,Entertainment
121,161,Lot rich old white take could couple half foreign remember admit into.,2024-10-01 09:21:37.223193,1343,809,106,Entertainment
122,15,Mind event lead also yourself kind.,2024-02-18 03:00:25.793556,2992,424,73,Personal
123,755,Same economic trade respond seat south company risk ready career.,2025-01-12 23:38:07.792665,4216,954,419,Personal
124,121,Friend spend between market citizen newspaper name accept next.,2024-10-07 04:32:09.961201,2095,897,456,News
125,121,Mention check partner left its across threat share wait level fast bad peace he yes.,2024-09-29 23:57:38.196959,4881,761,292,Entertainment
126,445,Blue tough prove too board.,2024-04-15 13:27:42.748848,4242,716,178,News
127,944,Home experience discuss thought capital big church before option gas kid father when glass training laugh.,2024-04-23 22:36:29.393839,4959,146,364,Personal
128,893,Student run land wide.,2024-12-05 05:10:12.997947,267,988,194,Personal
129,125,You factor other perform leave party peace experience research six available rule key often stop skill.,2024-08-24 07:50:07.893163,2449,79,303,Entertainment
130,737,Tend social charge allow week author.,2024-04-15 21:55:04.685467,4125,589,213,Personal
131,47,Why explain summer nature data however Republican your sister painting ground course even training science own.,2025-01-01 07:37:38.060422,2435,626,61,Personal
132,185,Knowledge bank box available dog.,2024-04-04 18:58:43.517277,1567,555,422,Entertainment
133,530,Although concern create also board address day smile sit dog view serious bad.,2025-01-08 05:50:44.365438,4848,985,25,Entertainment
