post_id,user_id,post_text,post_date,likes,shares,comments_count,post_category
1,364,Financial media main explain condition three Democrat.,2024-07-23 08:22:12.723671,2231,285,209,News
2,488,Thought evening health direction.,2024-03-24 01:20:06.517247,1801,788,296,News
3,973,Field necessary early fine admit subject day right against young run eight.,2024-05-21 14:16:51.818163,2559,598,224,Entertainment
4,17,Action green forward model reason Congress service Congress great business simple cover television machine.,2024-06-04 04:52:43.748683,3060,638,13,Personal
5,427,Eat during hundred affect agree argue purpose.,2024-02-16 03:58:33.161678,996,137,197,News
6,29,Military few mean data two artist finish forward hotel.,2024-06-13 16:17:47.009879,149,263,82,Personal
7,606,From nice north various pattern anyone material discussion couple and second.,2025-01-21 17:26:37.843342,1551,665,443,News
8,145,Open large laugh human yes here job agent.,2024-11-22 13:20:56.210634,845,847,68,Entertainment
9,641,Serve natural around teach thus experience lawyer society attention pull large data here over fly himself interest.,2024-08-18 00:35:41.966923,4008,555,309,Entertainment
10,323,Brother wrong many able mission go.,2024-11-19 20:53:49.523708,4523,222,216,News
11,673,Themselves economy page difficult well cup window not home item long admit.,2024-10-23 16:01:41.446469,2303,731,298,News
12,631,By do impact body along choice book whose conference.,2024-03-28 12:35:30.648077,222,45,74,Personal
13,563,According kitchen theory production personal many success effort.,2024-10-13 14:03:51.241210,4814,471,67,News
14,638,Pull form senior around sign reduce around wide.,2024-08-10 08:47:17.114652,4238,843,56,Personal
15,582,Over most off real run question through.,2024-11-04 12:11:32.947035,2860,920,324,Personal
16,286,Decision participant response see out third.,2024-05-15 18:24:41.369083,4633,203,130,Personal
17,269,Cost across type structure daughter force.,2024-07-13 05:27:56.606605,1660,51,206,Personal
18,480,Trade can cup drug mention often school building save in but open some read.,2024-03-09 07:39:47.764176,680,650,235,News
19,995,Player two but feeling lot necessary forward water.,2024-06-19 05:28:07.799251,2368,638,265,News
20,368,Particular fear yes analysis.,2024-08-12 02:56:56.915285,1436,198,339,Personal
21,520,Meet commercial staff action body quality character for picture sea training support future because state possible unit use.,2024-03-14 19:29:06.268208,4461,776,325,News
22,45,Option change rise area most available push benefit budget serve nothing job we modern treatment avoid.,2024-08-02 02:02:32.366927,275,862,51,News
23,810,Respond piece discuss much test.,2024-07-14 19:47:18.349112,1895,197,288,Personal
24,999,Bed government pick what include fire decision.,2024-03-19 20:29:04.372061,4853,724,126,News
25,268,Threat paper many per knowledge success even oil wind guess suggest water.,2024-12-19 22:34:30.545098,3840,816,110,Entertainment
26,218,Bed even live.,2024-09-04 21:08:37.486100,1644,254,353,Personal
27,888,Responsibility require where seven authority answer him argue hit become truth law cover social.,2024-08-16 06:58:54.312413,4356,786,278,News
28,56,Land himself under become structure sense degree.,2025-02-01 12:08:38.977782,360,719,182,Personal
29,71,Member actually rule society pay laugh anything rock fine example.,2024-07-18 05:35:06.141529,776,257,21,Entertainment
30,330,Address fact coach choose traditional already moment somebody girl Democrat.,2024-11-06 05:35:17.376444,283,380,330,Entertainment
31,817,Various debate audience citizen play character speak agent.,2024-09-17 11:28:31.749680,3346,404,485,Personal
32,670,Draw half possible two newspaper hospital fill walk plant nothing since could born organization decide.,2024-12-22 15:22:56.691610,4898,932,203,Personal
33,48,Anything often hold group chance shake.,2024-09-22 00:44:54.280036,4406,345,368,Personal
34,833,No look those another its side former together could century.,2024-12-05 22:22:12.866827,2015,468,231,News
35,769,Find name perhaps team family couple front firm seek beyond very discover check safe method sit space prepare.,2024-06-02 09:27:00.642076,3321,293,478,Personal
36,166,I hour four more open book teacher hotel technology themselves.,2024-11-18 03:20:17.616942,157,117,349,News
37,806,Front major camera consider various.,2024-07-07 04:57:39.107653,480,237,64,Entertainment
38,674,Idea discussion ok later ball already company open media realize history bill.,2024-11-07 02:50:35.940347,59,951,1,News
39,906,Wind few turn open why across.,2024-11-05 16:46:34.283637,2569,307,481,Entertainment
40,443,Society that life military rich story media action ever.,2024-12-03 01:03:18.009948,2027,996,238,Entertainment
41,886,Image however turn read choice win church cover on artist.,2024-05-02 23:03:51.737580,3112,59,123,Entertainment
42,182,Trial design clear there and huge across second which lead.,2024-10-31 11:06:41.669647,175,839,381,Entertainment
43,804,Meet project many remain control history against us treatment.,2025-02-03 16:14:19.552042,53,818,189,News
44,339,Responsibility student weight.,2024-07-02 08:45:04.824260,3589,707,264,Entertainment
45,130,Meeting foot cell seat stuff customer beautiful present.,2024-09-09 09:11:33.501118,1830,973,151,Personal
46,989,Son during dinner relationship attention first since network want natural decade something.,2024-10-28 04:43:50.364706,1396,433,353,Entertainment
47,989,Lawyer action friend name top fund you start nature discuss avoid run one professor population pull charge floor.,2024-03-20 04:25:12.765901,1426,438,116,Entertainment
48,741,Goal interesting benefit drug.,2024-05-10 22:42:22.020515,2827,118,476,News
49,906,Collection already anything senior actually score expert oil teacher exist few people story.,2024-09-06 20:01:18.577598,4871,164,97,Personal
50,41,Plan trade hot newspaper.,2024-12-11 13:26:16.823268,1737,222,58,News
51,468,Either key sure we television prepare old or go course learn.,2024-12-26 15:55:56.543581,100,129,373,News
52,522,Character effect note big window defense process media want finish across.,2024-12-29 09:06:32.023837,3752,862,95,Personal
53,733,Right whatever medical physical beat single one.,2024-04-04 22:13:15.397323,4339,452,174,Personal
54,155,Audience performance enjoy state why worker throw box indeed ready.,2024-09-02 15:34:48.096716,3516,343,86,Personal
55,302,Citizen city beautiful lead dinner growth drop war year various ok.,2024-08-08 03:07:19.270090,4887,874,496,Personal
56,87,Reflect sit writer force forget everybody tax everyone nice theory decide.,2024-11-09 13:02:00.003380,4263,125,192,Entertainment
57,890,Difference him defense thank third team example affect really guy well during church family.,2024-12-06 22:09:28.517298,1831,757,171,News
58,69,Everyone practice really argue reduce they fall whom question sound budget civil about watch.,2024-05-03 09:13:04.147376,675,130,132,Personal
59,51,Popular here hot upon claim hour close suddenly generation church environmental first story trade article.,2024-04-20 06:08:10.019636,2947,559,51,News
60,298,Establish whether college wonder.,2024-11-11 14:02:19.285110,230,990,372,News
61,854,Weight than change easy general quite us rate one beyond inside tax treatment step green mention include travel stage maybe.,2024-05-27 14:57:44.698901,532,335,466,News
62,404,World only customer bit election relate professional life can.,2024-02-18 13:46:38.882869,3773,296,435,Entertainment
63,721,Tough no responsibility budget agency about during.,2024-04-03 13:18:54.283188,2773,413,123,News
64,450,Economy color sense side door happy represent blood share arrive.,2024-09-11 05:58:32.014856,4002,485,300,Personal
65,744,Could population effort dream campaign industry dog art.,2024-05-13 10:26:49.159412,973,631,488,Entertainment
66,332,Discuss staff key prove even garden walk mean traditional bank worker PM chance offer.,2024-03-13 13:13:47.914886,1119,200,25,Personal
67,617,Land reality impact.,2024-11-29 15:36:49.972414,4674,302,443,Personal
68,184,Compare result particular leg main since job cup nothing ok technology institution sit.,2024-04-02 20:54:37.799623,4415,648,150,News
69,698,Hotel coach out southern hit surface art dog start need while keep drive.,2024-04-25 08:57:54.275820,512,611,56,Entertainment
70,222,Present back food senior training old street.,2024-07-03 20:59:06.501682,1614,711,488,Personal
71,723,Rest plan industry commercial can statement serve soon series long do manage.,2024-03-31 07:49:04.590818,76,759,170,Personal
72,871,Special establish modern check thousand similar too measure approach lot social general fight at.,2024-03-16 02:43:58.643234,337,519,442,Entertainment
73,950,Detail rest sit range think difficult it leg executive across paper benefit important but.,2024-08-21 13:14:11.398903,2920,634,101,Personal
74,85,Whatever police who here reflect cell quality budget statement street be herself rich magazine tell hit.,2024-12-17 19:18:53.604521,1873,529,410,Personal
75,818,Tonight medical road trial entire themselves voice.,2024-05-22 04:30:58.511026,4283,764,383,News
76,339,Product now no total power him role.,2024-04-02 00:59:52.174836,1513,535,385,Entertainment
77,292,Air order production red this whose window face everyone.,2025-01-30 04:38:49.719042,2910,128,292,Personal
78,749,But door letter sit center she money.,2024-05-14 15:11:01.673489,2389,423,329,Personal
79,565,Civil open year phone site rest account onto.,2024-04-09 09:26:35.637274,1296,503,388,Personal
80,794,Begin himself situation summer why.,2024-12-11 09:00:44.963739,4653,115,37,News
81,506,Account hope worry board all.,2024-10-22 07:53:15.983235,2341,215,146,Personal
82,53,Through these hair view.,2025-01-09 03:47:20.742902,2032,57,339,News
83,378,Beautiful number however Democrat miss.,2024-07-27 07:43:48.593479,3925,665,394,Entertainment
84,296,Continue thing build box property dark media attorney recently charge.,2024-10-02 04:00:16.240586,4912,31,18,Personal
85,201,Kind senior year maintain machine discuss lot left.,2024-03-31 23:03:48.720222,3778,972,156,News
86,360,Baby Republican require trial if story break sure cover.,2025-01-13 18:54:45.848284,1656,739,43,News
87,187,Marriage which son see rather issue alone life prove.,2025-01-17 07:16:38.746864,2048,202,432,News
88,155,Voice join common performance west.,2024-03-04 15:49:23.904263,4891,714,134,Personal
89,921,Eight out billion improve candidate sell more record culture.,2024-08-09 23:31:08.944350,3160,963,266,News
90,358,Population loss federal expect Mrs field far.,2024-12-07 23:19:16.175259,1791,146,188,Personal
91,428,Then hard reason.,2024-04-20 13:30:53.756544,193,328,62,News
92,212,Possible moment house science authority spend claim between soldier couple once result moment doctor.,2024-06-02 06:28:30.809824,4513,283,464,Entertainment
93,929,Much situation edge leader fine prevent actually design face.,2024-07-15 13:29:25.035409,2807,147,377,News
94,588,Tv deep six central simple against available lay make significant visit hope.,2024-10-19 15:27:27.250358,1448,229,252,News
95,969,Charge want worker mean prepare doctor others discover government Congress population ball Mrs but control miss evidence discover.,2024-10-04 19:29:12.669615,801,883,380,Entertainment
96,697,Read situation stuff wait process consumer action.,2024-06-02 15:28:47.339705,4726,854,295,Personal
97,740,Represent particularly early mission company.,2024-10-15 18:02:36.752270,4475,984,282,News
98,373,Popular much major begin left top college manage worry top reveal.,2024-08-11 14:39:40.601385,2838,285,189,Personal
99,370,Daughter set share late part admit major up condition follow such particular.,2024-04-10 23:36:16.598271,676,999,28,News
100,910,Power itself nature sure list above will.,2024-05-18 20:52:58.085881,561,171,10,Personal
101,247,Economic film home visit on return.,2024-05-06 13:56:45.052345,327,92,189,Personal
102,380,Senior himself laugh test something morning difficult require so until section tonight scene.,2024-09-23 20:42:09.007036,1868,510,15,Personal
103,41,Science single light herself among left particularly white city hold reality during necessary watch class.,2025-01-16 04:30:01.232150,2055,97,437,News
104,249,Hot recently special market away list vote artist national measure so certainly always tell.,2024-09-25 01:29:57.112667,3320,726,494,Entertainment
105,347,Organization eat protect ago any worker decide full.,2024-07-06 17:29:33.754524,4705,936,158,News
106,441,Others mind green.,2025-01-20 21:36:43.787137,1175,513,426,Entertainment
107,83,Trouble civil read character performance daughter skill again thus particularly sure hour listen read.,2024-12-24 03:37:38.777620,4346,135,403,Personal
108,919,Fish season or beyond.,2024-07-25 02:52:32.657224,447,900,206,Personal
109,904,Past use concern foreign involve detail radio ever water.,2024-10-18 12:12:25.770930,1754,582,126,Personal
110,26,List receive yeah seem social where forward whether especially debate.,2025-01-26 09:02:44.930464,2362,520,247,Entertainment
111,471,Method state toward issue represent ago major record information base unit thought unit.,2024-05-07 20:05:13.609102,3098,244,410,News
112,876,Run really behavior response however in build all late goal back early hospital glass will.,2025-01-26 03:18:01.683876,2721,298,161,Entertainment
113,628,Election news director set enter myself sometimes adult beautiful me radio fish itself least foreign.,2024-02-23 03:15:35.107281,3177,250,466,News
114,900,World catch financial or.,2024-05-12 06:30:24.506577,4191,901,1,Entertainment
115,17,Town certain always rock.,2024-06-18 22:09:25.218281,2645,440,467,Personal
116,670,Drop investment day necessary realize physical over against light yet treatment.,2024-08-16 14:48:13.937188,355,847,464,Entertainment
117,253,Career organization small move media wrong send.,2024-05-13 01:39:29.550003,148,544,5,News
118,237,Positive speak deal note community garden Republican.,2024-06-29 07:18:29.452230,3523,662,271,Personal
119,921,Above recently line then gun ground page lot officer almost yard impact read affect ever in.,2024-10-17 14:42:21.330305,2449,847,286,Entertainment
120,190,Late model professional speak professional miss account simply enter beautiful forward field memory foreign resource.,2024-08-26 22:01:59.938427,3356,159,198,Personal
121,141,Forward phone discussion stand too.,2024-02-16 13:26:05.724598,2039,439,382,News
122,932,Reveal option sign develop region individual cover one fact.,2024-04-06 20:14:54.932903,644,117,404,News
123,228,Range unit set loss blue attack at citizen.,2024-03-18 11:57:11.394692,3395,671,424,News
124,228,Capital language economy plant reality need technology.,2024-09-09 05:22:21.519091,2212,329,267,Personal
125,47,About mother step practice blue behind nice degree week discussion bad include when.,2024-12-17 04:19:41.210275,3751,175,6,Entertainment
126,823,As be happy play prove choice skill yet bar.,2024-04-19 19:41:53.884372,4913,668,135,Personal
127,836,Difficult she voice can sometimes morning career collection after world two industry because kind close understand national executive family.,2024-06-24 01:24:45.415461,3841,707,420,Entertainment
128,453,Third set benefit speech every visit choose.,2025-02-05 16:22:06.920490,3567,151,351,Entertainment
129,875,Reflect moment before meet laugh realize three would.,2024-08-17 04:11:56.954475,3278,541,444,Personal
130,479,Summer standard when dark hit treat.,2024-09-30 10:28:11.367669,1901,512,498,Personal
131,144,West minute explain large ten next mean just budget lay red.,2024-08-09 12:41:40.258780,2309,54,41,Personal
132,190,Major watch about indeed eye receive no common choose hit let his interesting build mother several young dream.,2024-02-18 10:40:05.911734,2794,431,72,News
133,288,Instead street we remember paper religious.,2024-03-28 07:52:54.962426,2550,446,403,News
134,601,Writer front offer north find space work off.,2025-01-04 15:20:38.918845,1646,45,391,Entertainment
135,334,End tonight foot well any why.,2024-12-30 17:07:48.579929,2903,841,360,News
136,724,Training if expert whether white either go campaign range so likely rock church.,2024-04-30 06:24:49.836938,3614,442,182,Entertainment
137,264,Sit enter interview these provide.,2025-02-04 04:56:03.226621,1539,736,239,Entertainment
138,74,Contain little lay far yard PM number side space eight skill improve.,2025-01-26 04:35:48.404834,3123,280,305,Personal
139,563,Early dog message employee tree star east decide consider true visit decade field.,2024-06-13 15:40:16.940662,344,413,417,News
140,243,Radio measure much could discover deep somebody one significant.,2024-10-18 09:55:33.938199,3444,355,248,Personal
141,19,Movie build available somebody.,2024-04-19 09:11:05.982486,1306,824,459,Entertainment
142,967,Word final thank result enter evening yard from hundred.,2024-05-12 23:59:44.300340,1778,978,233,Entertainment
143,768,Present rule sea word develop now check claim lawyer strategy.,2024-05-06 02:59:59.586705,4476,302,80,Entertainment
144,640,Perform risk high approach sound.,2024-08-29 19:33:33.734650,589,726,178,Personal
145,914,Hold right speak thousand least themselves assume challenge us.,2025-01-29 10:05:40.972409,623,700,457,News
146,179,Next create low my unit.,2024-10-24 08:59:06.559538,2017,497,335,Entertainment
147,779,Cell now base few learn chair.,2024-06-01 02:16:53.590188,4463,4,236,Entertainment
148,6,But including south question discuss thank challenge the so worker dog PM movie even.,2024-07-07 23:13:56.336376,1870,319,441,Personal
149,361,Son under discussion often.,2024-08-15 05:28:09.524857,4157,843,36,Personal
150,480,Save line material indicate buy level season seek exactly reflect yard listen too yes yet.,2024-09-02 18:17:42.667414,683,335,105,Personal
151,487,Glass performance doctor imagine my hard wall two according if development hour speech option nation professional sea pretty.,2025-01-29 02:31:01.903185,1992,262,178,Entertainment
152,389,Number become PM their eat government keep.,2025-01-12 13:05:24.486454,1958,41,339,Entertainment
153,44,Wife better likely ground glass begin consider we environment stage.,2024-08-10 00:19:04.572523,4999,801,411,Entertainment
154,996,Pass training town wind.,2024-11-15 14:31:46.853115,518,609,307,Entertainment
155,846,Population ball develop range former upon establish choice stuff personal.,2024-08-10 11:56:28.306222,771,713,477,News
156,602,Who city president color suddenly small fill tree win.,2024-10-12 05:41:44.364779,502,668,90,News
157,874,Build hundred hope method born loss catch.,2024-03-01 12:41:44.745173,1266,601,319,Personal
158,350,Cover method common either hundred area accept few short.,2024-06-17 08:00:39.208264,4836,337,485,News
159,421,How economy moment national.,2024-04-16 08:35:03.510230,3065,520,186,News
160,315,Accept exactly want figure chance card boy building perhaps tend book live beyond public.,2024-04-26 14:51:22.336170,1274,779,437,Personal
161,216,Realize ground anything training player theory this close every participant wind sign impact nearly song group approach.,2024-05-12 05:56:34.334872,1075,657,443,News
162,979,Green door entire rock serve something.,2024-05-27 21:02:00.723095,2678,10,497,Entertainment
163,257,Themselves myself word should into his.,2024-07-19 21:37:30.616390,1982,13,208,Entertainment
164,606,Property media impact rich tough radio recent with turn feeling heavy country after grow beyond piece if.,2024-11-23 06:39:29.973740,3411,908,458,Entertainment
165,249,Woman officer those indicate present lot always matter single whole such life team yet expert including.,2024-02-15 04:38:34.378933,1246,231,444,Entertainment
166,264,Usually produce factor nation.,2024-06-30 07:41:08.597458,3421,166,310,News
167,180,Until above boy.,2024-06-08 23:42:32.685366,3508,852,465,Personal
168,959,Music much improve throw nation time run Republican mean opportunity agency court force major use either.,2024-06-26 09:40:32.768356,4573,851,94,Personal
169,886,Mouth former music staff seem talk cut produce traditional.,2024-03-21 03:34:49.045367,1020,95,33,Entertainment
170,632,And glass national.,2024-07-06 16:24:54.601129,4964,332,185,News
171,834,Hour agent painting pick heavy candidate security listen everything fine against near.,2024-11-26 21:56:56.886405,1887,767,205,Personal
172,828,Fly successful authority which above seven.,2025-01-25 01:34:17.081334,945,658,337,Entertainment
173,288,Much hour place least these age foreign owner law painting give.,2024-03-17 03:43:12.967678,2225,569,169,Personal
174,234,Thing actually wear letter politics.,2024-08-11 23:07:40.444783,1278,713,318,News
175,177,Nothing your pass out perform.,2024-07-18 21:24:04.694468,2369,125,224,News
176,350,Out time science.,2024-08-04 01:48:52.290434,4713,787,115,Entertainment
177,114,Trouble day sort season somebody or night agency always want.,2024-02-16 19:33:28.640138,4302,506,170,Entertainment
178,619,Choose large specific able simple moment voice fall issue.,2024-03-18 00:27:29.984904,4340,761,209,Entertainment
179,573,Yeah song its number remain environmental attorney detail which plan foot bar record why rise now expert beat another.,2024-06-30 02:23:52.192289,3865,637,480,News
180,216,Laugh role firm conference hard my radio.,2024-08-06 17:10:39.531461,4123,734,189,Personal
181,413,Effect water upon expert front party talk increase seven early.,2024-11-22 10:06:06.330537,3578,170,279,Personal
182,505,Stand wide might both interesting edge trade west here campaign agent suddenly.,2024-03-24 05:05:43.303335,1419,17,99,Entertainment
183,151,Today house real use data throughout my specific unit after.,2024-09-25 23:28:06.538834,55,79,349,Personal
184,540,Choose writer behind spend already then ready service main particularly moment without.,2024-11-06 20:00:01.436322,3476,494,310,News
185,988,Tv full and full them unit team food.,2024-12-12 02:53:35.521694,203,171,394,Entertainment
186,507,Usually growth as west.,2024-06-15 14:35:01.443944,1261,201,329,Personal
187,558,Speech these activity they newspaper consumer.,2024-05-21 13:18:46.727120,300,47,409,News
