post_id,user_id,post_text,post_date,likes,shares,comments_count,post_category
1,894,Defense energy participant side region produce system recent across by shake stand lead computer.,2024-05-28 23:14:07.085256,3257,351,465,Personal
2,280,Pay think respond house family those.,2024-12-12 03:12:46.470525,4986,389,491,Entertainment
3,733,Entire around blood subject pretty.,2024-07-07 07:00:28.788408,1890,6,416,News
4,662,Store guy break church writer offer the station wife live daughter grow.,2024-07-06 19:22:40.486483,175,456,439,Entertainment
5,46,Six field eat color it night deal former or international common ten end oil.,2024-08-06 20:31:35.798723,1578,990,450,Entertainment
6,918,Tv beautiful carry population maybe morning like meet best author option.,2024-04-28 14:55:06.831633,1058,503,202,Personal
7,952,Term explain student throw girl practice edge leader suggest cover black.,2024-11-12 11:40:37.819144,3120,18,253,Entertainment
8,883,Against white year study current forward sense system.,2024-10-29 02:05:59.640913,2622,193,411,Personal
9,725,Expert main response investment military.,2024-09-06 22:26:51.523518,791,254,469,Entertainment
10,360,Contain once magazine think.,2024-04-04 16:31:20.899268,1171,135,164,News
11,203,Ok shoulder suddenly continue be for catch phone.,2025-01-10 03:12:49.613310,3114,991,310,Personal
12,756,Role prove figure responsibility sure draw.,2025-02-12 07:32:34.482825,3916,335,88,Personal
13,328,Mind carry air guess market special return through.,2024-05-18 13:48:20.779953,4103,631,401,Personal
14,138,Throw brother focus market energy against wind happen including.,2024-08-03 14:33:29.450658,2680,268,304,Entertainment
15,918,Media finish southern step wish share few may seat.,2024-03-18 07:04:25.023639,1689,413,135,News
16,740,Soldier page cultural factor run discover.,2024-09-26 06:35:56.855188,4642,383,122,Personal
17,517,Collection run letter cup interview ground cover expect call.,2024-06-22 22:07:01.514616,2846,831,354,News
18,16,Out individual take artist fact laugh near organization war anyone size experience reach particular.,2024-11-07 12:10:42.873306,3839,875,255,Personal
19,170,Purpose land professor more per another political threat physical address yard now situation another program wonder.,2024-09-17 21:59:01.669127,3317,515,487,Entertainment
20,983,Find list class lot hundred arrive almost project son others.,2024-09-16 12:45:42.887147,4864,478,196,Entertainment
21,242,Agency either natural when behavior most policy truth discussion different hair at suddenly stuff expect.,2024-04-02 13:51:10.852947,3523,972,59,Personal
22,29,Somebody likely American analysis.,2024-05-01 20:33:56.469498,3454,479,208,Personal
23,30,Space share hair sometimes project lay no theory data who next.,2024-04-10 22:08:49.480295,1466,485,185,Personal
24,998,Off Congress such wind relationship between theory cost.,2024-02-19 10:04:43.231056,4647,834,97,News
25,294,Serve tax TV right successful.,2024-08-15 10:30:19.864451,1955,800,162,Entertainment
26,853,Away style early article.,2024-09-20 18:13:14.248442,4679,250,399,News
27,989,I order ten should process determine go care thank pay.,2024-07-12 19:16:30.467798,262,446,223,Personal
28,594,Child she perform.,2024-02-18 15:22:12.240623,3250,117,25,News
29,837,Discover strategy increase accept two doctor line.,2024-05-28 07:36:15.721697,3620,736,201,News
30,917,And sure station defense smile popular parent company suffer building try human evening sign serve.,2024-03-04 14:26:34.729143,125,7,126,Personal
31,198,Others without cost through site by night religious interview tonight.,2024-12-17 11:55:32.013617,916,777,426,Personal
32,850,Usually that campaign whether training firm west become agreement beat crime purpose radio.,2024-03-03 20:43:27.757688,1741,235,484,Personal
33,51,Month difficult rock role lot western fall successful model.,2024-08-28 07:30:27.632864,1882,952,98,Entertainment
34,566,Mission condition cup within yes heart beat full face reach week seem cost century player and role medical.,2024-07-23 22:16:11.704807,4858,633,303,News
35,191,Start between western still necessary nice teach stock.,2024-05-07 05:27:08.902992,2814,610,275,News
36,552,Daughter street director need add free air person gas.,2024-03-17 16:00:34.018356,2634,704,94,News
37,443,Film less final.,2024-04-09 23:40:09.207528,1389,188,49,Personal
38,412,Performance hold military almost here pass put else anything hospital.,2025-01-05 13:12:11.263810,1990,823,23,Personal
39,32,Here effect into later face old reduce few dog policy choice these people almost identify for unit some quite certain.,2024-05-26 03:13:21.522334,1214,108,190,Entertainment
40,395,Large away theory page through plant from campaign I.,2024-10-05 01:10:30.363718,13,891,103,Entertainment
41,41,Either shoulder show alone stock throw voice increase share ahead else summer.,2024-07-15 03:20:59.615508,1412,943,209,News
42,506,He ready who serve a general seven minute wall not four door.,2024-02-21 06:34:38.677996,2152,98,472,Entertainment
43,197,Section finish source hundred dark let company participant usually agree certain.,2024-03-10 08:02:13.062616,3009,867,485,Entertainment
44,691,Again place forward subject open choice control strategy benefit heart.,2024-05-10 13:58:39.671977,1708,179,43,Entertainment
45,4,Party agreement instead suddenly partner maybe design simply last those road site social.,2024-07-21 04:20:17.261175,4026,918,35,Entertainment
46,822,Well dark interview continue one.,2024-06-09 06:14:33.371212,3151,648,72,News
47,489,Give certain product budget argue ready purpose.,2024-03-04 22:29:59.908899,380,50,482,Entertainment
48,959,Tend whatever people cell offer want receive dinner world.,2024-07-22 04:41:44.020195,3580,16,73,News
49,949,Hot before already say middle require box Mrs majority sort power every finally worry.,2024-07-07 17:40:27.184630,542,120,67,Entertainment
50,349,Well evidence treatment dinner specific tell strategy participant shake little fire what start fall decide about leave.,2025-01-25 13:23:46.939802,1650,502,187,Entertainment
51,382,Meet strong something month great coach simply edge my.,2024-12-20 05:42:30.797074,4726,165,431,News
52,993,Final according response bar measure maintain executive word black.,2025-02-11 06:31:29.213643,193,609,44,Personal
53,762,Also pass recognize he fine region car Democrat.,2024-06-04 22:54:46.981352,1889,862,27,News
54,17,Through our may large best.,2024-05-19 13:15:46.458801,2499,360,338,Entertainment
55,478,Station already a artist wonder above sell money.,2025-01-22 14:51:12.451009,1965,843,337,Entertainment
56,966,Rather present some blue amount approach participant table data.,2024-03-26 11:57:28.000196,3887,890,378,Personal
57,413,System late there study involve record character nature chance.,2024-05-13 19:33:09.863765,643,817,208,Personal
58,220,Couple out fire picture place moment to.,2024-11-22 16:40:36.864312,2327,338,190,News
59,632,List break financial those.,2024-05-15 01:12:57.776305,2382,633,335,News
60,495,Remember coach blood recognize entire summer particular light most ability line personal never.,2024-09-08 17:02:29.133593,388,701,440,Personal
61,825,Education collection even agree them force himself part save sound see car.,2024-05-30 19:04:24.948993,1722,155,257,Personal
62,186,Guess explain general friend several result major.,2024-03-07 21:13:31.902220,4782,71,178,Entertainment
63,969,Future point crime relationship really stay instead.,2024-07-13 11:27:05.745507,2458,504,126,Personal
64,485,Security certainly relate rule majority get.,2024-06-29 22:31:01.570278,4488,643,142,Entertainment
65,855,Vote also protect floor study husband.,2024-09-22 06:28:26.964553,3089,375,193,Personal
66,388,Data visit low clear public.,2024-07-03 18:53:00.917339,824,955,495,News
67,241,Market military rich deal sure free speak rate option world figure nor response even.,2024-06-24 01:55:28.957312,2650,866,103,News
68,22,Generation professor more bar successful almost administration author difficult sea.,2024-07-02 16:26:25.369928,4310,453,231,Personal
69,869,Race somebody daughter cold land also region deep.,2024-12-01 22:08:22.044631,3011,533,323,Entertainment
70,263,Develop design great suffer sometimes wait.,2024-03-19 10:45:28.542814,3478,43,461,Personal
71,642,Buy then wife here surface sometimes light up story town finally late player smile.,2024-07-01 10:19:10.624692,1328,758,460,Entertainment
72,548,Another after conference tax election.,2024-07-12 21:12:39.049813,4001,465,7,Entertainment
73,692,Reality order beautiful region chair Mr possible drive be difference program loss try.,2025-01-07 05:49:43.088916,4851,667,155,News
74,855,Pull whatever million this her civil enjoy.,2024-10-05 01:54:25.860383,2066,898,353,News
75,379,Guy because operation animal quite.,2024-12-29 10:32:30.328553,2425,393,419,News
76,286,Research not production leader issue image see easy local western bring language each.,2024-08-06 19:21:21.410030,3312,942,447,News
77,99,Off partner myself moment call throw where way man paper help happen mother develop structure guess upon find art name.,2025-02-06 12:39:05.169199,1170,636,343,Entertainment
78,582,Do along movement remember employee factor.,2025-01-30 03:25:33.006893,2342,210,491,Entertainment
79,744,Weight dream good arrive care easy science feel.,2024-11-09 00:05:04.347824,4769,174,268,Entertainment
80,659,Defense fact serve traditional sit.,2024-10-16 18:13:19.175290,1827,94,308,Entertainment
81,705,Adult sing according evidence should high too upon enjoy work few full field.,2024-11-25 03:19:04.403780,3655,476,212,Entertainment
82,164,Statement thought majority tough democratic according radio while discussion trade.,2024-09-12 11:04:23.115520,2809,258,485,Personal
83,571,Soon agent lawyer force edge tough.,2024-10-04 17:22:22.151375,2882,328,393,News
84,926,Sing model himself can baby who threat affect feeling here young rest.,2024-05-03 23:54:13.209046,3093,283,367,News
85,93,Catch charge society hospital carry floor to report minute teacher right.,2024-06-30 15:38:50.903370,226,711,246,Personal
86,141,Sound effort mention.,2024-04-15 12:59:17.424223,4548,744,31,Personal
87,848,Box gun particular movie beat happen build dinner movement where morning point site.,2024-09-24 17:28:49.813971,1053,626,125,Personal
88,90,Close many realize join everything consumer it issue compare.,2024-03-01 01:48:57.334684,1691,376,372,News
89,113,Debate sort sell trouble compare.,2024-10-16 17:19:13.039772,2336,5,179,Entertainment
90,710,Body according citizen understand today yard factor leg recently middle list up.,2024-05-14 19:07:58.117625,1204,963,71,Entertainment
91,874,Relationship take say federal industry political several want.,2024-07-19 12:29:16.579811,1692,53,275,Entertainment
92,118,Power forward our live fund name through event.,2024-04-21 09:37:54.441419,384,474,91,Personal
93,757,Game paper ok relationship rise.,2025-01-18 16:14:28.309704,1289,322,390,News
94,372,Able less employee music black just look fly door.,2024-06-07 08:42:00.897324,3484,235,424,News
95,340,Place foot reduce ability rest trip image agree tree decade.,2024-11-04 20:43:37.138838,2137,441,48,Personal
96,936,Thing reveal there from account according school oil.,2024-11-02 21:31:39.346189,1341,231,158,News
97,501,Take poor brother serve go daughter produce marriage else western run effect number without across value.,2024-08-26 00:48:57.301146,4070,23,418,Entertainment
98,833,Suggest there law view politics daughter open again art rule.,2025-01-01 11:05:36.472964,2690,226,375,News
99,330,Live time whom specific hard thousand task.,2024-11-08 15:55:31.255350,2930,937,414,Entertainment
100,118,Enter class ball director above less worry enter well article.,2024-12-08 22:58:34.461751,988,214,372,Entertainment
101,963,Site themselves foreign size economy new try industry but since.,2024-06-27 23:21:31.363924,2038,899,456,Personal
102,346,Kind who a thus newspaper body expert ever bag sound such under ability say compare.,2024-08-09 14:00:41.118573,873,619,329,Entertainment
103,197,Structure country someone effort safe make here build dinner.,2024-05-13 12:49:49.528466,310,362,146,Personal
104,802,Beautiful should leave a beat dream.,2024-04-21 21:06:43.121265,3057,960,429,Entertainment
105,300,Possible agree pick help current eight modern knowledge call face appear partner.,2024-08-17 03:47:39.346113,4787,135,54,News
106,278,War throughout activity bad wonder perhaps success consider along thousand threat current wide me.,2024-09-26 10:48:51.744362,1668,763,87,News
107,518,Run same fill size week green decide.,2024-04-23 11:21:54.907014,4638,909,10,Personal
108,322,Laugh huge though similar run hair involve picture interview must know easy.,2024-12-19 02:57:41.609169,908,369,464,News
109,960,Event decade four indicate hard while.,2024-08-07 05:30:09.206859,1217,968,380,Entertainment
110,569,Information social name church daughter consumer.,2024-11-27 00:32:18.529423,3397,802,11,News
111,576,Activity water article yourself throughout baby data pull.,2024-10-10 06:29:15.752007,4390,847,116,Entertainment
112,669,Director during country share describe red offer federal drive.,2024-06-27 13:30:42.355620,1102,730,361,News
113,526,Tax compare short international seat present member well.,2024-05-07 15:40:45.827086,4752,727,7,News
114,811,Skin range suggest share others.,2024-07-20 15:49:11.138636,2751,905,378,News
115,845,Third interest car no only throw discuss report third security medical talk treat blood well hotel way democratic institution.,2024-09-19 14:53:23.823482,3720,46,280,Entertainment
116,625,Miss adult sign couple attention enjoy ground can.,2024-11-08 18:41:41.212023,4749,655,498,Entertainment
117,720,Man discussion establish performance move without per difficult everything just shoulder particularly he such shoulder.,2024-06-02 19:01:05.685150,1939,725,44,Personal
118,112,Recent idea consider remain front loss attack.,2025-01-06 20:21:03.696173,1383,449,389,Entertainment
119,737,Technology this total travel how.,2024-03-26 23:29:40.024436,4709,689,8,Entertainment
120,150,History keep measure have southern hair who attack focus eye theory doctor.,2025-01-01 15:05:37.648860,2818,812,238,News
121,803,Movement administration see quality necessary past maintain fire.,2024-07-29 01:34:55.394236,746,402,294,News
