post_id,user_id,post_text,post_date,likes,shares,comments_count,post_category
1,449,Lawyer summer concern treat example only board race explain trip care certainly fight.,2024-03-22 18:16:00.944370,355,292,42,Personal
2,464,Model and policy onto discover.,2024-06-23 19:01:46.850917,3039,625,437,Entertainment
3,358,In make base rate meet may.,2024-07-15 00:05:06.743861,3241,300,420,News
4,428,Church bar choice front employee student mission must per example.,2025-01-19 15:26:46.158236,2715,500,30,Personal
5,180,If recognize to sense create score.,2024-03-11 03:11:29.048498,441,96,303,Personal
6,385,Ahead expect price response loss again of military campaign because budget.,2025-02-04 01:23:35.528888,3702,446,364,Entertainment
7,522,Other at study somebody nice inside leave magazine network smile Democrat social yourself.,2024-02-27 01:18:18.176999,4527,401,431,Entertainment
8,247,Everyone fast skin record billion.,2024-10-15 14:06:47.868391,268,43,433,News
9,698,Heavy four responsibility owner one whether.,2024-03-06 20:38:17.977906,1871,559,283,News
10,692,Box space front meet anyone explain market and economy benefit prove.,2024-06-10 10:47:00.850303,4847,519,435,Personal
11,749,Purpose brother adult defense gun light general four.,2024-11-14 14:53:59.620656,4340,388,301,News
12,703,Enter agreement require none realize fight rise ability.,2025-01-20 21:11:15.246406,3324,938,197,Personal
13,161,Three several final little chance little least fast.,2025-01-12 07:11:21.379320,3578,359,317,Entertainment
14,893,Research usually always talk opportunity result class.,2024-02-14 13:16:45.920124,4960,94,22,Entertainment
15,353,Student record plan more guy economy success between.,2024-04-02 05:47:47.874577,2295,731,434,Personal
16,163,Arm increase plan walk summer.,2024-12-04 04:20:29.507183,3037,298,213,Personal
17,439,Record treat relate begin free night.,2024-08-15 16:18:16.976981,438,964,364,Entertainment
18,943,Crime town book fly reduce want wear expert.,2025-02-07 00:00:13.075859,2682,922,23,Entertainment
19,638,Until half month game serve ago push season both place be two western according.,2024-10-08 19:49:27.563434,1639,845,72,News
20,200,Too crime throughout mission you president write alone.,2024-12-03 12:40:13.285300,3032,897,436,Personal
21,126,Government onto board budget she.,2024-06-07 17:31:52.427277,2148,221,231,Entertainment
22,265,Goal society age exactly security.,2024-12-08 15:28:01.041311,2540,439,10,Personal
23,783,Interesting white voice they difficult TV firm.,2024-07-12 22:48:08.505665,2053,962,50,Personal
24,399,Issue off stand race garden detail imagine scientist dog suffer.,2024-07-18 06:55:46.096045,4429,439,90,Personal
25,728,Moment large art not without.,2025-02-02 09:26:57.238328,2104,460,205,Personal
26,503,Step issue law air worry available paper reach.,2024-11-27 16:16:39.008656,1572,102,408,Entertainment
27,411,Bring money indicate class mean use age avoid PM.,2024-06-16 04:25:26.431643,998,65,270,Personal
28,22,Minute fish wide large really serve get lose suffer law although interesting.,2024-09-05 08:59:01.385233,3110,341,139,Personal
29,111,Physical avoid response so space least human cell moment.,2024-05-12 08:20:57.169695,1040,225,70,Entertainment
30,994,Three decade plant wear water.,2024-03-28 02:04:17.157129,2838,911,114,News
31,583,Two south important seek have else against hand trip different road democratic stay nothing.,2024-06-27 00:09:00.543934,1234,478,120,Personal
32,433,Protect social bad thousand.,2024-12-09 04:10:00.868142,1258,159,97,Entertainment
33,933,Possible young where three money stuff region.,2024-04-20 15:52:15.952087,2434,964,52,Entertainment
34,787,Improve attack action store.,2025-02-10 20:06:16.364607,4962,648,420,News
35,340,Source role seven so example development lose tree.,2024-11-13 09:17:05.046991,1222,389,234,News
36,189,Democrat girl allow entire.,2024-11-09 05:41:16.458703,2426,716,387,Entertainment
37,578,Degree local stand such attention around help.,2024-07-30 10:31:53.598585,2797,626,455,Entertainment
38,303,System thing economic fall some threat.,2024-06-21 17:28:21.957050,4847,255,175,News
39,759,Debate no carry man myself level too something police moment beat including executive crime bring.,2024-11-08 02:42:22.342381,4343,345,85,News
40,906,Lot environment language room.,2024-08-22 12:17:35.823377,3904,124,221,Entertainment
41,843,Coach recognize it notice economy meet ability laugh.,2024-05-11 23:06:54.130885,2624,23,454,Entertainment
42,626,Cup into able able operation stage check her civil indeed behavior bag score pay try.,2025-01-15 07:37:06.844074,2200,669,433,News
43,483,Suddenly across because ahead.,2024-10-11 03:02:47.219596,400,399,54,Entertainment
44,174,Much campaign tough seat go police.,2024-02-15 22:51:48.671403,932,942,342,Personal
45,332,Interesting avoid although sign drug customer whether spring leg prepare north impact phone everyone card at claim.,2024-09-05 03:23:49.910362,4727,264,45,Entertainment
46,644,Toward nearly enough operation course maintain policy development everything thought white night daughter.,2024-08-20 05:29:04.026120,2628,593,128,Personal
47,788,Yeah protect before too tax list indicate.,2025-01-20 19:03:02.558007,2539,967,487,Entertainment
48,949,My treatment employee finally including various should.,2024-03-11 19:55:05.131832,3423,169,245,Personal
49,598,Account sign number off notice job some guess quite beat onto national.,2024-02-14 19:09:26.612266,3492,761,201,News
50,193,Wide PM consider way again.,2024-12-27 12:48:25.475672,113,630,33,News
51,506,Close figure history range lay major money southern machine dark.,2024-04-09 19:29:57.906032,941,567,110,Personal
52,408,Address accept line security.,2024-07-17 00:41:34.853849,4388,5,66,Personal
53,119,Miss never garden writer great win final moment interview.,2025-01-03 20:45:04.531212,3060,333,488,Personal
54,871,Put including their main performance but plant.,2024-09-12 02:56:35.066159,2831,918,386,Entertainment
55,523,Bank soldier lead police add happen beautiful here though draw safe standard child mind order political.,2024-06-23 12:24:06.698104,1979,612,467,Entertainment
56,668,Everyone arrive join act customer mention language any.,2024-05-09 06:54:15.829437,3556,592,42,News
57,298,Someone time president measure above six traditional be event someone.,2024-12-03 04:12:52.125724,4042,593,189,News
58,585,Project may offer especially side let detail investment author.,2024-05-13 09:19:59.358591,3090,702,423,News
59,187,These would bar special name commercial skin.,2024-07-07 07:10:02.384552,2344,809,285,News
60,87,Base hour dream four report down offer exist anyone amount represent.,2024-03-03 23:23:55.365090,1809,871,499,Entertainment
61,929,Tree shake safe card already office list officer base man weight pattern politics nor day home source nature law bill.,2025-01-15 22:59:18.188670,2296,118,434,Personal
62,212,Realize head recent market society entire Democrat on record class.,2024-12-28 02:13:05.123887,1313,454,341,Entertainment
63,920,Interesting participant voice before instead eight.,2024-05-22 23:49:46.651456,1986,818,445,Personal
64,470,These blue may make somebody right product.,2025-02-08 16:40:10.945472,3506,164,268,Personal
65,28,Your follow person position various away popular office sister western.,2024-03-04 08:13:26.176430,3022,712,26,Personal
66,413,Big would case image.,2024-05-28 10:27:08.274915,850,981,155,Personal
67,886,Interesting information table he century affect around director decision course personal.,2024-03-10 03:23:08.262431,3564,859,486,Entertainment
68,972,Price with bring make possible thing involve season.,2024-03-23 03:39:07.916375,1635,835,334,News
69,880,Difference reality rule almost thing the with technology win idea by may wife conference space challenge it.,2025-02-10 05:01:08.264817,3822,875,326,News
70,707,Door room quite our evidence development list remain meet answer control official your place however foreign down most.,2024-12-25 10:18:44.754680,738,424,37,Personal
71,747,Traditional though light will fear lead nothing morning.,2024-04-29 08:36:41.327440,896,41,272,Personal
72,929,No employee institution.,2024-07-31 03:21:18.605920,668,47,98,Personal
73,79,Toward through little usually high hundred near activity until worry girl event western.,2025-01-25 03:41:44.494662,1436,456,133,News
74,156,Start her size.,2024-11-22 16:03:37.975942,961,183,449,Personal
75,674,Life you type issue front list instead can build apply experience future phone choice market.,2024-04-16 13:44:04.575606,731,671,421,News
76,322,Especially always budget floor show number oil garden result item head production series others.,2024-03-05 13:34:32.297123,1623,223,98,Personal
77,536,Special mind job operation.,2024-06-09 21:51:04.221202,2377,58,269,Personal
78,807,Soldier why add beyond serious must.,2024-08-28 06:54:27.931270,1963,969,387,Personal
79,807,Economy dark rather campaign relationship ever treatment window.,2025-02-05 05:39:39.324186,3523,36,192,Personal
80,555,Hotel ever share put.,2024-10-25 11:58:48.902228,3114,76,230,Personal
81,607,Image it across end call exist quality situation shoulder simple car word.,2024-04-21 11:10:00.954534,3297,368,62,Entertainment
82,669,Security base impact two that indicate fine PM few use culture.,2024-02-19 07:54:14.852099,2279,895,34,News
83,998,Behind standard politics happen yes type visit attorney begin agency determine.,2024-05-26 07:52:57.472847,3708,731,293,Entertainment
84,926,Method modern boy with citizen force television improve seek.,2024-05-04 13:38:08.170665,4790,495,469,Entertainment
85,30,Someone four six environment work shake learn size sea.,2024-09-06 07:23:13.677893,4504,251,302,News
86,985,Bad any magazine suffer dinner pull why seven card.,2024-12-25 16:37:20.542233,2726,524,32,News
87,16,Hold care process usually cold floor sign.,2024-09-15 02:30:51.206337,2782,540,147,Entertainment
88,902,Family hope dark tough mother show.,2024-02-19 13:05:12.763223,1356,229,110,News
89,284,Develop never factor total explain six make force whole remain.,2024-06-24 11:36:31.898072,1578,112,212,Entertainment
90,630,Worry whose budget may page debate attention store mean in over build throw do.,2025-01-30 10:22:29.592938,109,736,454,News
91,947,Upon and financial value energy real information bed with sell.,2024-10-25 11:33:09.845024,920,377,352,Personal
92,51,Bill student be church health pay course forget.,2024-02-18 01:42:49.735199,2989,290,228,News
93,476,Upon only score music same.,2024-07-20 09:44:40.640960,2836,741,130,Personal
94,23,City suggest ground late center human certain box.,2024-07-27 22:34:51.684725,3740,865,242,News
95,357,Fire data open theory possible chair teach indicate improve example seat site task moment eye capital.,2024-10-11 01:19:42.208276,2154,672,339,News
96,641,Team apply conference under front.,2024-08-24 18:14:59.586485,1119,895,151,Personal
97,675,Stop particularly trip keep modern should leg.,2024-12-18 23:56:55.659356,3179,18,51,Entertainment
98,534,Small issue most arrive business support now.,2024-03-11 23:50:13.470634,780,964,255,Personal
99,244,Government approach rock there think feeling stop hard audience although professor Mrs east.,2024-03-22 09:21:18.730435,3346,232,120,Entertainment
100,54,Drive thousand nearly wind court relationship change its like this enough discover.,2024-05-09 08:53:13.630030,4826,695,47,News
101,548,Exist crime wrong similar court bad politics agreement commercial.,2025-01-29 20:23:04.432461,770,745,189,Entertainment
102,906,Your herself conference least into recent yourself animal cup bag cut here young crime.,2024-03-07 13:38:53.693332,2920,356,293,Personal
103,24,Return small after something two successful support while wonder career foot peace answer base cultural.,2024-09-06 04:56:45.924051,1219,542,437,News
104,396,Reality loss person mother fly cell low girl sell professor quickly environment image century Mr enjoy bag.,2025-01-09 15:23:36.789544,4883,683,187,News
105,652,All still today respond win either federal.,2024-10-11 10:46:13.286900,2675,196,415,Entertainment
106,689,Seek treat rest analysis official indicate work.,2024-12-17 13:04:58.184135,1563,346,109,Entertainment
107,991,Employee tree without capital.,2024-08-29 23:00:27.294527,695,187,75,Entertainment
108,131,Against last fly never room window carry office compare full experience.,2024-04-05 00:43:16.406899,2629,887,10,News
109,552,Bank or government not school ask month she meet.,2024-07-28 22:07:39.183348,4130,989,165,Entertainment
110,84,Size different pressure experience arrive Mr lay outside reason stuff represent.,2025-02-06 01:47:20.548280,507,265,97,Entertainment
111,511,Mission chair eat hour wonder Democrat ground president out stay argue democratic.,2024-12-14 23:52:40.644509,1943,594,410,Personal
112,331,Stock control single concern environment our child.,2024-09-29 22:14:01.643916,4804,293,465,Personal
113,379,Put everybody those its food product.,2024-08-05 08:53:36.977167,2102,398,74,Entertainment
114,878,Someone property future church law owner down just especially pass do.,2024-10-29 09:32:07.946429,47,665,175,Personal
115,824,Worry economy social although over thus provide tend.,2024-11-19 23:52:15.837254,2175,613,320,Entertainment
116,880,Success open challenge usually Democrat however western treat.,2024-12-19 17:55:40.735624,4142,250,484,Personal
117,379,Participant special trial born computer.,2024-09-24 22:45:34.651002,1345,782,462,Entertainment
118,527,Process eight nature little have end what.,2024-05-01 13:10:28.729079,1976,684,280,Entertainment
119,573,Throughout across out himself ever.,2024-07-07 02:15:05.496501,4072,913,308,Personal
120,529,Sign series picture admit care go suggest risk process question reason fine official candidate investment nor.,2024-12-13 23:43:20.054351,3581,114,476,Personal
121,126,Better after detail if though high to in watch wind direction.,2024-12-06 11:15:39.038269,1301,739,128,Personal
122,492,Check blood visit this stay outside environmental put break marriage eat purpose.,2024-06-03 17:32:01.136561,2035,953,282,News
123,640,Film between its difficult dark live training.,2024-06-23 17:42:40.545786,4608,514,494,Personal
124,581,Born enjoy add must act.,2024-12-23 23:19:43.813320,850,838,36,News
125,925,Cold old hour nice middle community.,2024-05-06 06:59:17.975420,2896,865,195,Entertainment
126,492,Direction focus player method firm kind.,2024-12-07 21:03:55.323953,2013,611,474,Entertainment
127,602,Simple right feeling return and situation.,2025-02-12 08:09:39.267873,3231,428,432,News
128,727,Human hair direction long.,2024-05-21 17:50:53.463699,1181,837,246,Personal
129,424,Stay fill away assume boy him memory reveal board under success open.,2024-08-15 13:44:46.071448,1656,986,331,Entertainment
130,609,Then say just generation choice event raise discover.,2024-06-17 18:28:26.002473,1514,139,242,News
131,945,Half evening popular seek student choice peace low listen coach president difference court west dream discuss.,2024-02-28 07:38:46.043247,531,640,92,News
132,22,Then religious make her move hour.,2024-09-02 12:09:03.021399,2903,584,84,News
133,382,Effect least like treat from body around.,2025-01-22 07:56:09.400696,3759,100,66,Entertainment
134,395,Human city college worker force benefit dog.,2024-06-16 08:21:19.944282,1589,276,112,News
135,937,Relate protect room agent worker key look whatever hand especially sure.,2024-07-13 21:45:20.596661,4563,945,290,Personal
136,558,Pattern open tree soldier hold material give television to program group large establish money amount miss.,2024-10-24 15:55:24.415044,1722,96,200,News
137,51,Test data cup strategy town finish response mention speak.,2025-01-15 16:08:01.372865,4432,305,319,Entertainment
138,437,Serious option scene father on simply field both plant mind become reach perhaps fight black newspaper hit.,2024-07-31 21:50:52.755949,2631,996,155,News
139,655,Toward physical box their matter.,2024-06-23 22:27:20.601043,1511,927,303,News
140,896,Ready floor onto animal total keep he article ground sister help.,2024-02-22 23:06:40.949142,2926,433,220,News
141,21,Black before table study whole wife door find instead draw have understand.,2025-02-03 20:12:52.456064,996,1000,157,News
142,200,Reality animal many your single court yeah production deal special.,2024-03-13 12:04:58.468038,3614,837,302,Personal
143,296,Machine believe miss account enter lose half expect leg wife often hot walk hour us us concern.,2024-03-29 12:40:19.953906,1473,304,292,News
144,648,Card plant blue anyone throw collection size range.,2024-12-15 03:59:05.234161,1881,930,168,News
145,17,Sing purpose positive easy page girl onto music wind make.,2024-09-19 05:07:09.140567,3869,33,143,News
146,883,Staff us TV ok if player wear per my from let.,2024-11-22 06:24:04.263074,2719,116,297,Personal
147,794,Like entire join fill finally performance hundred air.,2024-07-17 22:24:39.200701,3065,350,172,News
148,183,Trip although various fact project peace focus majority fund Mr focus four when should.,2024-11-01 17:06:59.511849,2156,636,476,Personal
149,256,Help cup subject season despite walk such quite.,2024-04-07 13:33:05.745431,4021,584,14,Entertainment
150,183,Central ok piece unit song.,2025-01-21 03:57:25.833248,3118,782,373,Personal
151,426,Card help important price attention at performance suggest over.,2024-06-30 17:58:15.946210,2023,27,327,Personal
152,837,Up serious foot understand policy court nor fire laugh western walk fill choice.,2024-05-04 20:24:36.438494,4328,485,448,Personal
153,527,Full church anything back nature international war hot quite.,2024-11-01 18:25:33.101635,1363,179,382,News
154,361,Hope find get according expect wrong condition foot.,2024-05-11 00:55:05.460628,1426,577,115,News
155,576,Hope new west suddenly measure project.,2024-04-25 01:54:08.980625,2280,869,401,Personal
156,143,Five myself break bag team.,2024-08-15 22:19:16.999459,2710,107,424,Personal
