user_id,post_category,comments_count,post_text,likes,post_date,post_id
50,Entertainment,81,Heart rule current realize table since quality result star president.,3989,2024-06-12 06:41:34.714515,1
520,Entertainment,4,Difficult hold necessary forget beautiful.,3111,2024-05-11 02:43:08.358231,2
379,Personal,369,Table forget single friend available very drive popular enjoy.,1708,2024-08-23 03:31:19.916745,3
771,News,70,Peace wall international need adult hard week today blood education work nature work local.,2507,2024-03-20 08:22:31.384142,4
187,Personal,31,Spring nation parent very positive new dog institution his news up.,4256,2024-07-17 13:51:59.040149,5
928,Entertainment,462,Put manage pattern summer grow operation central crime onto list carry manager southern alone option.,1675,2024-10-08 13:26:24.759731,6
725,Personal,500,Career mention much firm effect none expert though arm.,4946,2024-02-23 23:23:58.185032,7
579,Personal,443,Carry responsibility relationship both thank nature everybody name lay kid similar.,894,2025-01-12 23:39:22.388325,8
713,News,385,Key minute raise study cause service include ten itself.,1303,2024-06-12 10:07:21.846817,9
658,News,470,Last religious institution modern executive phone situation left.,2319,2024-07-15 07:19:27.537353,10
740,News,432,Answer chair agency three them heavy.,3400,2025-02-11 12:33:49.382748,11
281,Personal,458,Could wonder unit support statement already run.,3583,2025-02-04 06:49:29.239274,12
599,News,146,Career ground peace husband ball budget during probably property.,2541,2025-01-13 03:15:05.174227,13
386,News,153,Continue worker PM five think help choice.,1922,2024-10-13 13:24:04.398993,14
877,News,337,Space leader debate race over employee foreign tax training majority.,3814,2024-04-20 07:30:17.351241,15
299,Entertainment,112,Pull may glass message enough painting than east.,3682,2025-01-14 21:00:25.335389,16
990,Personal,266,Card structure court really enough finish manage day however two newspaper.,493,2024-05-03 12:54:50.608521,17
362,Entertainment,293,Mother war necessary daughter open view say middle newspaper car let produce night have.,4563,2024-08-27 12:02:22.959179,18
299,Entertainment,408,Whose part remain possible world.,1859,2024-09-05 19:48:35.816486,19
139,Personal,201,Use might financial car happen personal kitchen executive relate bank participant rise might eye.,3862,2024-10-29 14:05:06.180580,20
773,News,251,Up amount per tend again either establish.,399,2024-10-29 21:35:16.249810,21
639,News,91,Although successful though health theory manager.,1873,2024-08-29 03:36:58.811019,22
651,Entertainment,475,Instead available space fly identify list national rise water foreign stage big president away.,1522,2024-10-26 18:04:31.657594,23
375,News,44,Dream rule pretty throw and of ask about between receive speak.,4438,2024-08-12 19:37:10.849979,24
783,News,208,Often health national yes figure.,1720,2025-01-18 18:02:31.627461,25
630,Personal,38,Condition speak great administration.,3013,2024-02-19 02:32:56.333526,26
500,News,260,Source day writer during hand.,3088,2024-03-09 14:54:50.620247,27
354,Personal,175,Tough machine receive when reflect majority right people will individual natural.,563,2025-01-08 21:06:31.257515,28
749,News,368,Dark character growth part Republican then operation democratic perform relate.,3683,2024-04-21 17:04:16.668328,29
110,Entertainment,29,Organization law us reach stuff.,1,2024-03-25 22:19:02.197541,30
445,News,223,Total people light increase student teacher wind affect set adult base.,1745,2024-04-25 00:52:49.236131,31
222,News,43,Six analysis matter hot often language land gun major couple Congress brother.,2844,2024-09-16 20:44:30.919160,32
142,News,468,Yourself various weight material.,2423,2024-04-06 06:01:12.523527,33
920,News,156,Amount everything film brother food those.,1610,2024-03-22 17:44:42.001298,34
475,News,167,Nor rather policy several animal class cultural better lot.,2119,2024-11-27 23:10:26.440480,35
359,Entertainment,76,Issue government third reflect charge among letter tree teacher beyond.,3855,2024-04-07 12:56:30.875465,36
975,Entertainment,269,Space treatment rather.,359,2024-04-28 07:54:24.572515,37
805,News,187,What determine accept catch key.,1932,2024-12-21 16:25:58.577856,38
90,News,256,Language child senior eight hope.,257,2025-02-08 23:37:13.614205,39
863,Entertainment,373,Author save hospital possible water already view fire future benefit study.,2216,2024-09-30 09:18:44.431125,40
458,News,196,Per letter include hotel media million voice fast yet.,2673,2024-03-19 04:23:24.500907,41
408,Entertainment,118,Image house plan among matter bill outside.,2443,2024-08-03 14:22:14.206044,42
163,News,157,Sport change offer gun oil certainly get clearly.,3064,2024-10-27 06:40:14.856260,43
987,Personal,58,Real not may.,579,2024-12-26 02:49:46.032375,44
230,Entertainment,170,Public he majority subject race.,3127,2024-11-28 21:14:24.528994,45
78,Entertainment,417,Window plan fall imagine federal scientist future its their research result five reduce bank debate section training.,586,2025-02-12 04:29:39.819526,46
318,News,285,Age herself north mean know change lawyer kind.,3898,2024-07-20 02:50:13.077532,47
403,Entertainment,450,Company final remember college likely and if weight tree something.,3872,2025-01-23 17:40:24.226006,48
738,Entertainment,320,Across performance attention worker success lawyer happy economy born particularly account list find his nature.,580,2024-12-03 01:58:59.039703,49
829,Personal,196,Arm themselves medical subject force lay team growth but research fight issue.,929,2024-02-28 09:00:39.168730,50
94,News,367,Might everything them rise capital.,2317,2024-10-05 01:56:36.805212,51
665,Entertainment,231,Line will dog car method line throw surface.,1042,2025-01-24 09:07:06.920108,52
221,Entertainment,375,Maybe attorney camera as suffer executive true American prove.,4758,2024-03-19 18:22:04.858307,53
136,Entertainment,341,Again mission answer nice give start bring action change step start morning outside month hospital add.,4746,2024-05-31 05:06:35.368097,54
687,News,67,Charge mother five action financial person than of reality family million road police long heavy hour couple.,2845,2024-06-09 22:08:12.112956,55
23,Entertainment,92,Activity present as happen technology protect produce finally trade black itself beyond talk hope system herself.,2216,2024-07-29 07:16:37.466263,56
241,Personal,469,Pull talk turn cut none decision yourself large admit ok blood.,943,2024-10-20 08:04:13.947823,57
769,Entertainment,51,Return half evidence easy.,16,2024-04-23 08:24:26.983277,58
299,News,416,Mind money apply important Mr speech lead century ability your job.,239,2024-12-23 03:28:49.091240,59
394,Personal,291,Manage treatment age southern method brother summer foreign.,4043,2024-04-20 05:13:38.915909,60
332,Entertainment,231,Maybe direction budget view officer exist can recognize.,1719,2024-11-22 11:27:58.187756,61
272,News,477,Wind decade father try question yeah send hit different.,976,2024-05-16 12:21:56.519531,62
556,Personal,392,True next he opportunity never require system statement other.,2584,2025-01-09 00:17:43.496386,63
891,News,75,Watch campaign maintain fall discussion.,1192,2024-02-17 04:07:53.439148,64
105,Entertainment,14,Soldier join per save we realize them assume.,1361,2024-08-25 23:06:02.367121,65
5,Entertainment,432,Region keep green growth special executive best herself soldier she car.,4248,2024-03-10 08:44:26.360892,66
484,Personal,145,Air gas security figure test blood yes beyond.,3907,2024-03-13 04:03:21.217695,67
348,Personal,272,Other mother chair town action store.,2274,2024-08-07 21:35:50.011169,68
767,News,442,Suffer even animal fly.,4463,2024-11-24 16:02:03.633063,69
822,Entertainment,50,Each foreign sense someone six approach itself determine maybe.,124,2024-11-14 19:40:05.873636,70
463,Entertainment,231,Sea music beyond let represent ball space read.,857,2024-10-26 08:27:17.058419,71
418,News,374,To record learn measure American.,1562,2024-11-19 14:55:29.085940,72
501,Personal,257,In eye every remain fall work while however card however outside.,1454,2024-07-11 03:52:09.612921,73
53,Personal,31,Beautiful together do beyond successful rather send community might history watch company write.,3639,2024-04-19 07:27:25.826302,74
369,Personal,166,Lay number real world.,4920,2024-02-20 23:35:23.222342,75
663,Entertainment,331,Opportunity quality form.,2263,2024-11-13 01:24:49.609396,76
386,News,263,Imagine arm little thought choose account letter.,4711,2024-09-07 08:53:03.039655,77
659,News,289,Choose issue recognize artist change almost power.,1526,2024-03-28 12:27:47.624434,78
377,News,129,Seven boy traditional simple national keep against.,979,2024-04-29 07:27:51.291909,79
705,News,473,Between around her everything here stop never customer owner Congress bar weight skill identify budget.,1772,2024-05-31 03:19:06.805931,80
66,Personal,151,Behind sign appear old heavy our.,2308,2024-03-15 19:49:00.923016,81
242,News,73,And into card stand.,3368,2024-08-24 13:32:51.895940,82
108,Entertainment,109,President memory care serious away occur serve hope yeah start police vote.,4874,2024-03-11 03:31:18.471874,83
200,Entertainment,391,Market police deep once organization represent rest interesting arm voice style study west.,4220,2024-09-11 13:14:04.667974,84
510,Entertainment,146,Magazine yes onto laugh according thing president research suggest.,261,2024-11-01 04:57:31.825191,85
854,Entertainment,324,Resource they design quite language TV table wide than rich hotel public mother before fine win.,3621,2024-05-29 01:55:33.320793,86
216,Entertainment,61,Edge single not determine goal it.,4171,2025-01-22 07:22:29.271970,87
649,Entertainment,175,Community without weight fall term ready truth benefit indeed five enjoy writer body section.,368,2024-03-02 10:24:37.163150,88
592,Personal,203,Story effect decision decide letter believe wife.,563,2024-06-28 05:12:34.225965,89
13,Personal,192,Spring address something ago identify student north teach better listen southern.,2773,2024-07-25 17:13:36.693023,90
194,News,64,Memory resource first such yard share who.,1277,2024-06-17 13:44:06.849571,91
987,Personal,188,Personal political art value put dinner he enter old difficult record.,1331,2024-07-08 09:54:50.574458,92
939,News,412,Probably character cut language.,2795,2024-11-07 10:53:08.208513,93
575,Personal,456,Condition man perform build I physical lawyer here fight.,3117,2024-02-23 04:28:41.755500,94
739,News,429,Single out they ask.,1052,2024-10-17 09:38:02.354973,95
270,Personal,298,Talk reason around know really store detail later able subject.,3009,2024-11-03 05:06:56.231906,96
748,Entertainment,361,Tax quite success everything begin still instead look next that easy summer interest military.,1158,2024-08-02 01:14:21.262891,97
919,Entertainment,307,Five civil imagine give traditional that war lose media.,849,2024-10-29 18:11:21.872416,98
773,News,297,Read resource discover debate help production story short article impact market street moment.,4740,2024-12-03 09:24:34.015058,99
974,News,384,Believe bag audience finish style manage cold international.,3310,2024-06-15 13:37:41.200813,100
469,Entertainment,21,Out story sort today fly window wall study kind bank huge until tell.,4336,2024-09-26 17:14:14.493726,101
90,News,451,Federal card occur PM trouble.,118,2024-04-20 08:26:57.559727,102
371,Entertainment,359,Water doctor standard experience easy deal low effort.,4833,2024-07-16 00:56:25.381504,103
812,News,438,Maybe great front article fact former much sea middle include worry bit.,2844,2024-12-17 09:45:37.948045,104
482,Personal,97,Almost forget voice million movement game one style knowledge like middle newspaper whether product.,3805,2024-10-14 20:37:03.797135,105
749,Entertainment,78,Career agreement physical.,1987,2024-03-24 20:44:36.198348,106
368,News,360,Future director several strategy executive Democrat or need image travel make every generation.,753,2024-12-16 21:56:18.768270,107
163,Entertainment,483,Whether agreement few ever hand seek three worry young necessary treatment strong table stage.,435,2024-05-16 21:53:37.746304,108
356,Entertainment,124,Medical magazine model interview reach decide black executive tend everyone especially interview pay herself Democrat.,1262,2024-05-07 15:24:20.883510,109
911,Entertainment,410,Yet everything own compare great remember seek size accept.,3131,2024-03-20 18:08:54.964484,110
696,News,74,Relate four third policy executive available piece according base upon necessary total prevent realize miss speech.,4657,2024-07-06 22:31:24.162764,111
688,Personal,108,Region opportunity possible although everything student measure investment think serve industry health church Congress box.,417,2024-12-12 05:26:33.693429,112
245,Personal,332,Detail result them interesting bill far news service toward six foreign hotel cause ground teacher operation.,4690,2024-08-05 04:27:35.227451,113
465,Entertainment,328,Say while art run push chance phone ready them pass consumer one.,1719,2024-11-30 12:27:38.700154,114
931,News,205,That cut anything whose car reach specific into free popular wear.,1548,2024-11-02 01:27:46.519628,115
60,News,3,Set Congress threat style job could suggest head think third memory near serious me general staff save.,4780,2024-10-28 17:01:45.393294,116
900,News,11,Article arm police door participant too color third.,2662,2024-07-22 10:24:57.694447,117
121,Personal,265,Draw forward city.,730,2025-01-28 13:15:53.171628,118
466,Personal,77,Ball down sit those agency fact himself finish little most already quality doctor rest age evidence.,2241,2024-05-15 11:19:29.142315,119
793,Entertainment,161,Traditional owner end general figure inside gun themselves perform.,1678,2024-06-21 08:27:59.590477,120
899,Entertainment,156,Training beyond section which air risk very toward social.,155,2024-08-22 06:53:31.819227,121
571,News,112,Certain now accept analysis agree.,530,2024-07-04 04:52:48.834582,122
88,Entertainment,447,Region western eat by concern collection style guy job box forget happen fly.,3852,2025-01-14 10:04:23.783911,123
389,Entertainment,491,Have miss positive ready food likely idea both single must.,938,2024-05-14 04:38:50.397729,124
649,Entertainment,298,Computer age learn action voice stock economic yes rule building lead positive sport add edge.,849,2024-08-25 21:56:19.917675,125
14,Entertainment,467,Forget how human half first let also stop.,2068,2024-03-18 09:25:56.253796,126
948,Entertainment,398,Environmental term enough explain boy.,1971,2024-08-01 18:59:24.906083,127
918,News,274,Get drop common however firm officer.,4350,2024-09-11 01:17:02.463704,128
