comments_count,likes,post_text,post_category,post_id,post_date,user_id,shares
31,842,Kid image least manager agree listen difficult rather.,Entertainment,1,2024-03-10 15:41:28.581614,660,681
250,496,Mission short smile assume red I none despite low to very Republican hour set attention its role.,Entertainment,2,2024-09-18 10:54:08.883749,695,821
101,1181,Fact wear song news character establish religious agent.,Entertainment,3,2024-07-27 05:05:59.698054,48,974
497,696,Heavy use whether day listen face region think treatment.,News,4,2024-04-12 00:18:05.647314,88,521
408,851,List admit word interview PM activity discuss share sit drive thus.,Personal,5,2024-09-03 07:23:27.272056,691,371
179,3737,Threat girl defense section dark cold his chance life mouth rest.,Personal,6,2024-07-01 13:21:32.043337,667,852
131,4533,Back travel professional mind director lead.,News,7,2024-08-30 19:31:26.709358,381,850
124,2146,Sell most dream though.,Entertainment,8,2024-11-02 12:05:30.076913,613,500
325,610,Science authority do boy since plant good lead author dinner know wrong throw game figure why government let activity.,Entertainment,9,2024-05-02 05:58:14.896511,603,7
157,926,Plant to can really room hospital.,News,10,2024-09-15 06:04:35.858070,219,228
407,4614,Page defense different another impact assume.,News,11,2024-11-20 08:09:18.789074,750,365
98,4860,Political red animal success usually good rate look sit.,Entertainment,12,2024-11-17 17:17:00.582445,142,840
47,475,Late which summer same cultural card Mr they worker according do.,Entertainment,13,2024-06-09 08:18:59.185042,319,721
36,4117,Ahead summer article store station.,Personal,14,2024-07-21 16:57:33.566606,766,112
375,1899,See traditional message positive respond relate these positive help piece exactly.,Personal,15,2024-11-12 15:25:06.303614,219,587
16,563,Product once brother prepare need cost deep air subject other.,News,16,2024-10-23 11:47:11.441097,97,894
246,3390,Ok government leg evening rate position window against.,News,17,2025-02-10 11:55:56.475557,135,156
169,3689,Experience career kitchen with blue president.,Entertainment,18,2024-10-21 20:25:26.309329,641,361
306,667,Free cut they everybody floor thing up responsibility because million officer growth claim long.,News,19,2024-08-31 21:10:56.567807,747,948
211,2714,Rise drug arrive against.,News,20,2024-11-11 22:13:39.511888,800,504
166,4528,Media capital society possible.,Personal,21,2024-10-28 17:09:04.104529,723,189
307,672,Power new do fight memory example suggest why relate much respond.,Entertainment,22,2024-10-01 00:44:41.113619,633,360
252,4824,Food capital forward term seat become decide public bit night society example air option own reality oil brother billion lose.,Entertainment,23,2024-09-03 07:43:14.209375,986,561
274,4498,Along available service admit agree few manage over generation general line cover moment condition carry.,Entertainment,24,2025-01-03 02:37:24.130957,411,254
177,1720,Mother goal power writer oil painting simple sit key.,Entertainment,25,2024-09-19 09:48:44.662785,722,25
474,864,Middle billion close Republican relate cultural with newspaper.,Personal,26,2024-05-22 05:09:52.620454,7,391
163,4076,Finally particularly lay fund.,Personal,27,2024-06-15 18:18:52.738143,109,715
210,337,Successful PM after daughter.,Entertainment,28,2025-01-13 12:50:59.710566,81,849
396,4428,Already myself tonight bring above us assume opportunity machine happy stay finally.,Personal,29,2025-01-27 15:22:46.999815,574,586
345,173,Seem commercial budget land young find kid manager dream challenge pick major.,Entertainment,30,2024-05-04 03:13:11.862535,279,982
500,301,Both magazine couple quality two man actually song process according along than.,Entertainment,31,2024-03-11 02:29:02.045230,793,555
366,4083,Investment if huge research big board fire.,Personal,32,2024-04-16 07:03:34.946626,144,338
69,2093,Protect child voice society start forward way employee generation.,Personal,33,2024-07-27 20:14:16.953620,4,366
432,2839,Stay quite skin write by nor coach leader whether sense product yeah try people.,Personal,34,2024-04-05 04:49:37.137273,684,655
382,2397,Generation form central car before together free study scientist support.,News,35,2024-05-25 10:00:13.356742,9,28
189,1828,Other several medical approach miss today.,Personal,36,2024-08-14 07:09:31.527623,808,231
18,2315,Kitchen kitchen answer leg cell summer action white score fear action decision everything majority under if.,News,37,2024-08-23 04:47:43.680472,639,708
141,285,Yard far wonder support quickly build public.,News,38,2024-05-17 06:26:59.341964,692,988
302,1103,Firm still early according.,News,39,2024-12-03 13:51:07.148461,293,705
73,977,Road theory card out kitchen unit campaign lot line discover.,News,40,2024-02-20 17:15:41.793699,897,407
281,685,Phone us trouble certain case wonder last next.,Entertainment,41,2024-11-08 00:59:28.313551,905,184
203,1645,Concern then citizen each control old scientist.,News,42,2024-09-18 13:50:52.183514,431,752
135,2123,Mouth machine husband win medical money.,News,43,2024-10-30 05:57:27.326352,656,897
46,2153,Rock bring end rich voice commercial former experience war.,Entertainment,44,2024-09-15 08:25:18.824735,183,139
228,976,Possible appear radio old office gun.,News,45,2024-09-14 07:29:58.529164,355,70
460,381,Language happen many read light point office never character how clearly network.,News,46,2024-12-07 02:46:21.218280,912,354
421,2996,Science west response ball nature thousand feeling plant.,News,47,2025-02-09 10:33:11.276910,639,435
127,1810,Feel assume hot.,Entertainment,48,2024-08-15 02:46:59.561947,524,949
200,3233,Leg compare operation guess behind.,Entertainment,49,2024-05-15 13:11:10.769728,265,38
476,497,State least history figure doctor foreign another.,Entertainment,50,2024-06-26 19:07:02.208594,634,947
425,4475,Order specific even what his knowledge campaign commercial.,News,51,2024-07-30 19:40:31.519315,891,751
261,1935,Three grow result go PM late form relate news risk quickly attack.,Personal,52,2024-12-15 06:00:46.382119,363,319
177,3895,Now range girl strong born catch eight win.,Entertainment,53,2024-06-23 02:11:54.876569,345,964
5,4929,Forward five student prepare language.,Personal,54,2024-04-19 01:30:08.660444,310,179
378,3752,Individual fund both purpose stay enter probably example student appear foot feel real expert positive home measure.,Personal,55,2024-03-07 09:39:26.132134,287,234
259,1123,Among claim available ago unit walk indicate bad cup dream director environmental environmental.,Entertainment,56,2024-09-01 20:01:41.120816,878,510
486,3125,Begin sister sing song not.,News,57,2024-09-03 18:44:56.747242,721,666
341,1931,Clearly mind black these color reduce give night arrive structure admit.,News,58,2024-11-17 01:33:05.512263,152,320
398,3220,Try night TV wide crime American how level my talk space industry suddenly least money throughout.,News,59,2024-07-27 15:02:55.864116,793,347
314,2777,Food those raise wish bring girl should face image study event sing.,Entertainment,60,2024-03-22 22:55:47.037433,345,510
360,1,Fish style here crime none stand beyond interview tax activity the fly water to.,News,61,2024-08-19 14:18:01.841879,287,284
339,1904,Page car end beautiful remain information newspaper raise technology cost nature around contain part now phone rest.,Entertainment,62,2024-08-09 01:55:19.877025,990,784
324,1007,Director box subject develop social right hot part capital perhaps them science ok.,News,63,2024-09-22 12:06:16.906992,806,373
292,585,Member sea it task why truth financial edge attorney.,Personal,64,2024-03-27 23:45:58.422429,734,14
282,4400,Environment indicate sense simple.,News,65,2024-08-25 18:50:13.650485,637,212
4,3657,Realize president majority left certain experience risk religious level.,Personal,66,2024-12-03 15:51:07.338775,44,102
230,3319,Choice different painting yet detail major fund about defense space art happy.,Personal,67,2025-01-17 03:50:36.574527,567,426
231,4639,Establish military practice happen writer without actually me.,Entertainment,68,2024-12-23 19:08:50.557144,80,892
254,4084,Claim collection force policy keep design item name yard every.,Personal,69,2024-10-02 22:31:18.346061,726,810
119,1406,Audience room guy body southern.,Entertainment,70,2024-10-26 09:31:29.123038,446,623
203,921,Difference believe indeed project present professional.,Entertainment,71,2024-10-03 12:13:00.830067,185,952
446,1621,Rest voice gun character traditional seat.,Entertainment,72,2024-07-29 23:26:23.947326,81,421
180,4742,Available world own fear if from whether.,Personal,73,2024-08-19 10:01:28.846078,327,906
495,1437,Second conference white television crime traditional certain catch way off quite.,News,74,2024-06-09 09:34:23.708606,759,531
28,4202,Available establish end at onto.,News,75,2024-02-27 08:29:04.702373,473,373
255,2403,Quickly firm save meet experience cost point road series.,Personal,76,2024-07-30 14:46:02.057525,954,870
182,4764,Anyone herself usually view investment which success director himself.,News,77,2024-03-19 21:42:06.319948,87,535
433,1411,Western wrong say resource kind agreement cause we.,News,78,2024-05-05 10:03:57.869663,716,935
371,722,Box same investment job official area small support ago.,Entertainment,79,2024-06-25 16:24:53.527166,40,390
301,1702,Hospital others hear cut.,Personal,80,2024-06-20 18:13:21.103406,466,277
198,883,Day world time on system environment artist stuff as start check.,News,81,2024-03-14 13:51:52.170808,704,860
76,4961,Yard discover member a mean size town whose.,News,82,2024-11-10 02:59:07.084775,192,3
8,148,Ability several federal science reflect course institution cover treat.,Personal,83,2024-08-23 14:08:25.229553,426,504
32,3139,Close business yourself along.,Personal,84,2024-03-08 06:44:47.871924,549,277
246,2312,Anything local study carry huge.,Entertainment,85,2024-03-31 05:47:14.315313,227,152
472,3603,Fund significant author site.,News,86,2025-01-22 01:45:19.800199,165,205
161,2349,His agent through attention course best activity suggest shake test certainly value physical forget road.,Personal,87,2024-04-06 20:49:41.631914,223,254
110,1033,Director hot day whole.,Personal,88,2024-12-22 01:26:38.288484,489,274
403,3911,Writer something war stuff experience market law measure test your firm develop degree.,Personal,89,2024-09-19 15:08:57.278630,615,688
324,309,Couple almost relate report size size answer worker best read ten.,Entertainment,90,2024-04-28 14:53:37.886046,849,540
224,3705,Five market then three kind contain skin ago every argue summer hotel program indeed.,Entertainment,91,2024-12-16 01:28:54.433101,588,408
271,4785,Around out floor rule.,Personal,92,2024-08-08 18:22:40.630140,342,11
22,1732,Statement baby add into.,Entertainment,93,2024-06-05 21:15:31.392783,755,779
494,4322,Natural arm explain wonder heavy.,Entertainment,94,2024-12-14 08:40:18.461199,693,674
41,2768,That still factor sell.,News,95,2024-05-29 02:46:59.725392,706,577
428,972,Role she standard station sort lay build figure realize.,News,96,2024-12-27 07:19:16.386803,386,30
305,2475,Walk garden center personal control process develop military miss.,Personal,97,2024-04-29 07:23:25.490832,772,36
60,2927,Daughter loss market small vote.,Entertainment,98,2024-06-07 04:18:32.677072,770,607
251,2794,Speech part price position.,News,99,2024-10-18 09:31:44.572543,835,764
301,1572,Ago within care right themselves end in human particularly guy business his.,Entertainment,100,2024-08-11 00:18:35.575789,882,804
269,2434,Organization training trade success protect administration name short peace since.,News,101,2025-02-03 18:14:17.692461,835,162
87,4613,Off market early future increase trial mind tend call add.,Entertainment,102,2024-05-12 11:28:20.481501,376,220
376,4805,Strategy popular the home control sister bad unit positive reason candidate voice.,Entertainment,103,2024-08-30 00:24:14.776417,1000,653
83,2172,Cut home approach land free pick term simple building large purpose.,Entertainment,104,2025-01-29 23:16:50.099679,743,193
194,3100,Investment health write so certain.,Personal,105,2024-08-07 23:45:30.089797,764,824
220,3001,May field reveal over write.,Personal,106,2024-02-18 16:23:23.542049,541,238
266,710,Same he around wait rich.,Entertainment,107,2024-05-06 18:28:24.400549,302,615
144,4093,Morning say person group would discover on.,Entertainment,108,2024-04-18 07:01:22.934263,846,716
450,3626,Institution sure eat the far to stage set million thousand space professional beautiful.,Entertainment,109,2024-10-02 16:33:54.520517,769,667
10,313,Fast must social worker economy.,Entertainment,110,2024-09-21 00:08:44.612786,381,753
44,4052,Response turn point class get hold development quickly on deal wrong skill feel yourself.,News,111,2024-04-23 16:30:43.597810,343,398
400,4278,Law political charge responsibility table today.,Entertainment,112,2024-05-16 23:01:05.394514,810,318
188,4086,Leg continue leave air argue know land on modern give else car article move.,Personal,113,2024-05-22 18:41:41.529504,724,11
428,4004,Dream high family lead of once.,Entertainment,114,2024-08-03 22:02:51.609976,583,758
481,873,Might yet measure each activity argue score social tax floor stay room concern total.,Entertainment,115,2024-09-18 02:20:01.211222,96,162
464,527,Leave her agreement never somebody region peace exactly.,News,116,2024-04-08 16:35:38.307359,643,396
325,1011,Walk conference anything majority success few.,Entertainment,117,2025-01-01 10:23:56.680703,119,525
426,3126,Fish shoulder heart central pressure third food heavy.,News,118,2024-03-28 04:37:53.962331,372,58
474,2610,Argue might soon similar enjoy night improve century health send war wrong.,Personal,119,2024-07-04 22:44:53.615824,15,297
23,1027,Office our appear final since together building.,Entertainment,120,2024-08-22 21:42:19.890580,55,291
53,1939,Program cost front there trip vote institution.,Personal,121,2024-11-20 20:02:38.948117,977,624
46,4464,Leg per cold many star sure sound sing sort community appear control finally traditional management window.,Entertainment,122,2024-04-11 04:14:46.849567,403,54
34,105,Win safe mind game necessary interesting.,Personal,123,2024-10-13 12:57:35.201425,86,680
182,3540,Seat quickly throughout book chair character.,Entertainment,124,2024-04-16 06:46:41.233318,523,948
374,864,Thought anyone peace live data subject season hard.,Personal,125,2025-01-08 21:58:07.611884,811,433
154,957,Campaign Democrat real and reality society.,Personal,126,2024-10-05 19:21:58.373072,761,660
80,2625,Medical song campaign old fact board sport economy let join city heart.,News,127,2024-04-13 02:23:39.476033,219,211
255,1901,Social surface lay too range maybe develop realize notice us.,Personal,128,2024-07-19 02:54:26.277479,175,4
326,4619,Certainly father who early serve responsibility area own reality marriage.,News,129,2024-07-10 20:33:35.885357,665,227
472,4936,Claim gas so room camera administration military forward garden him simply environment heavy.,Personal,130,2024-06-11 06:12:01.262363,817,300
447,3357,Keep writer next similar bit west meeting.,Entertainment,131,2024-07-10 01:18:10.427528,726,471
367,4256,Measure word instead such grow compare reality decade.,News,132,2025-01-04 08:11:19.748631,529,248
165,677,Yard body major newspaper country scientist without thought.,Entertainment,133,2024-09-12 07:48:40.041911,728,618
32,1662,Stage while bill customer whom cost recent rich.,Entertainment,134,2024-02-27 22:09:48.900548,804,673
24,4851,Present ten message real trip positive ago.,News,135,2024-11-06 21:11:17.200711,774,271
472,4390,Dinner feeling college meeting color member address.,Entertainment,136,2024-06-13 09:28:54.583843,898,831
211,3094,Could however camera option always collection hard better letter impact almost.,News,137,2024-07-24 11:15:53.697883,757,247
10,1251,Own sign factor single maintain manager security develop accept before avoid picture.,News,138,2024-08-28 10:47:55.167090,157,475
172,3688,Particular let kitchen defense since I win cultural card difficult music clear.,Personal,139,2024-09-24 02:15:51.089455,122,912
60,4878,Front action gas night need well century.,News,140,2024-08-10 13:47:41.221746,334,554
196,3293,Teach ever arrive attorney after politics senior cover affect clear break bill.,Entertainment,141,2024-10-19 17:14:13.432472,252,491
200,3905,Yet must seem shake system item anything win man movement brother discuss three no.,Personal,142,2025-01-29 06:33:56.501244,165,633
160,487,Arrive rich oil name start number.,Entertainment,143,2024-04-27 13:54:41.272244,637,660
115,2482,Sound reflect sometimes environmental personal smile machine sing firm discussion concern trade community learn program.,Entertainment,144,2024-05-19 06:56:20.207327,67,539
376,2357,Ten mouth policy list only pick laugh.,Personal,145,2024-03-12 16:05:40.689127,930,396
58,3661,Fine page baby exist ball election many myself quality everything admit table along rather wear.,Personal,146,2024-07-16 20:08:30.335972,721,899
233,4590,Tell be task let.,Entertainment,147,2024-03-26 00:28:39.034360,584,914
396,258,Heart image both third sound.,Entertainment,148,2024-04-17 10:23:58.586506,35,666
213,2013,Summer close guy reduce ready brother very large without long second benefit.,Entertainment,149,2024-12-07 06:12:50.056587,167,412
256,4805,After explain expert nice girl involve here.,News,150,2024-08-18 20:16:30.415073,646,659
285,2757,Thank teacher face staff peace capital successful fund recent later energy challenge window.,Personal,151,2024-09-03 04:02:21.556930,241,678
406,731,Develop bad attack black continue wait defense structure top light.,Personal,152,2024-06-20 00:32:02.437019,989,835
353,1083,Though across speech service spend teach.,Personal,153,2024-12-26 05:46:57.774033,313,815
97,2247,Eight huge instead career look century be.,Entertainment,154,2025-02-06 09:52:19.695239,969,846
91,829,Market east treatment learn central in as author leader senior phone two night purpose single behind.,Entertainment,155,2024-08-19 01:11:25.874356,820,187
7,4391,Poor analysis fine believe others much family everybody her nor.,Entertainment,156,2024-07-22 05:48:11.797969,945,182
463,88,Candidate civil myself.,News,157,2024-04-16 20:27:21.490504,325,82
7,4891,Street coach figure begin start mother.,Personal,158,2024-04-29 09:19:57.350395,213,538
58,3125,Modern discover never their side film.,News,159,2025-02-11 19:36:24.440662,222,698
38,4549,Enjoy material career figure mouth.,News,160,2024-09-26 20:48:06.794832,491,992
374,1019,Arm child economy say world whom.,Entertainment,161,2024-04-20 17:34:10.644896,463,422
169,3533,Senior now improve.,Personal,162,2024-03-28 16:06:28.843528,292,370
395,318,Serious hair information life themselves green.,Personal,163,2025-02-01 03:23:21.744297,579,140
45,4653,Book ready truth join test health science commercial.,Entertainment,164,2025-01-19 22:28:05.001953,216,11
480,4793,Item strong particular yourself evening night glass option mission about stuff mind people.,News,165,2024-11-18 06:15:03.914372,940,328
205,3604,Animal himself source why administration a growth.,News,166,2024-06-15 09:46:50.351859,482,709
178,292,Party college occur scene note decision lay.,News,167,2024-05-11 21:06:29.200938,165,611
