team_home,team_away,score_home,score_away,league,match_date
Barcelona,Manchester United,5,4,La Liga,2024-08-14
Bayern Munich,Real Madrid,2,1,La Liga,2024-10-02
Bayern Munich,Barcelona,2,1,Bundesliga,2024-05-04
Liverpool,Barcelona,1,4,La Liga,2024-09-22
Manchester United,Barcelona,4,4,La Liga,2025-01-31
Barcelona,Bayern Munich,4,4,Ligue 1,2024-03-14
Liverpool,Real Madrid,3,1,Bundesliga,2024-09-29
Manchester United,Liverpool,3,5,Serie A,2024-05-06
AC Milan,Real Madrid,5,0,La Liga,2024-03-29
Barcelona,Bayern Munich,1,4,Premier League,2024-05-28
Liverpool,Real Madrid,2,1,Premier League,2024-08-10
Real Madrid,Barcelona,5,0,Serie A,2024-12-14
Manchester United,Barcelona,3,3,Premier League,2024-11-19
Liverpool,Manchester United,3,0,Serie A,2024-08-05
Liverpool,AC Milan,5,5,Bundesliga,2025-02-01
Bayern Munich,Manchester United,5,5,Serie A,2024-11-01
Manchester United,Liverpool,1,1,Ligue 1,2024-05-04
Real Madrid,Manchester United,5,0,Premier League,2024-10-15
Barcelona,Liverpool,1,0,Ligue 1,2024-04-21
Barcelona,AC Milan,4,0,Serie A,2024-09-12
Manchester United,Bayern Munich,1,2,Serie A,2024-03-21
Manchester United,Liverpool,4,5,Ligue 1,2025-02-10
Bayern Munich,Real Madrid,4,4,Ligue 1,2024-11-25
Real Madrid,Liverpool,3,0,Premier League,2024-06-19
Liverpool,Bayern Munich,3,4,Serie A,2024-12-22
Liverpool,Manchester United,5,3,Serie A,2024-11-21
AC Milan,Bayern Munich,0,4,Bundesliga,2024-02-27
Liverpool,Bayern Munich,4,4,La Liga,2024-07-30
Manchester United,Bayern Munich,4,4,Ligue 1,2024-11-25
AC Milan,Bayern Munich,1,3,Premier League,2024-07-08
Manchester United,Bayern Munich,4,3,Bundesliga,2024-06-03
Bayern Munich,Barcelona,0,1,Bundesliga,2024-09-27
Liverpool,AC Milan,1,0,La Liga,2024-08-22
Liverpool,Manchester United,5,1,Premier League,2024-08-22
Liverpool,Bayern Munich,4,1,Premier League,2024-07-12
Liverpool,Barcelona,4,1,Bundesliga,2024-05-19
Liverpool,Real Madrid,3,0,La Liga,2024-03-07
Real Madrid,Barcelona,3,1,La Liga,2024-10-26
Liverpool,Real Madrid,2,1,Premier League,2024-06-23
Liverpool,Manchester United,1,0,Premier League,2024-08-30
AC Milan,Bayern Munich,0,0,La Liga,2024-12-08
Barcelona,Bayern Munich,0,1,Premier League,2024-10-20
Real Madrid,Manchester United,1,3,Serie A,2024-10-06
Barcelona,Bayern Munich,1,5,Ligue 1,2024-12-24
Barcelona,Liverpool,3,3,Bundesliga,2024-05-20
Real Madrid,Bayern Munich,3,4,Serie A,2024-09-15
Barcelona,Bayern Munich,2,5,Ligue 1,2024-12-10
Liverpool,AC Milan,0,1,Ligue 1,2024-03-10
Bayern Munich,Real Madrid,4,5,Serie A,2025-01-22
Liverpool,Real Madrid,4,5,Bundesliga,2024-04-11
Liverpool,Bayern Munich,2,4,Ligue 1,2024-09-17
Manchester United,Bayern Munich,1,2,Bundesliga,2024-02-18
Bayern Munich,Barcelona,3,1,Bundesliga,2025-01-15
Liverpool,Barcelona,3,5,Serie A,2024-07-21
Real Madrid,AC Milan,2,5,Premier League,2024-11-23
Barcelona,Bayern Munich,5,1,Serie A,2024-06-05
Real Madrid,AC Milan,5,3,Serie A,2024-04-25
Real Madrid,AC Milan,0,5,Serie A,2025-01-05
Manchester United,Bayern Munich,0,2,La Liga,2025-01-19
Real Madrid,Liverpool,2,5,La Liga,2024-11-21
Manchester United,Barcelona,4,5,Bundesliga,2024-07-10
Barcelona,Manchester United,0,2,Premier League,2024-04-27
Bayern Munich,AC Milan,3,2,Ligue 1,2024-02-17
Real Madrid,AC Milan,4,1,Serie A,2024-07-31
Liverpool,Real Madrid,4,5,Premier League,2024-10-12
Barcelona,AC Milan,2,0,Serie A,2024-07-19
Barcelona,Real Madrid,3,2,Ligue 1,2024-06-30
Manchester United,AC Milan,5,1,Serie A,2024-08-10
Bayern Munich,AC Milan,5,1,Premier League,2024-03-05
Liverpool,AC Milan,3,1,Bundesliga,2024-11-30
Barcelona,AC Milan,5,3,La Liga,2024-03-03
Manchester United,Barcelona,4,1,Serie A,2024-11-13
AC Milan,Barcelona,5,0,Bundesliga,2024-07-31
Real Madrid,Manchester United,2,1,Bundesliga,2024-09-29
Barcelona,Manchester United,3,4,Premier League,2024-11-26
Liverpool,AC Milan,5,3,Premier League,2024-06-25
Real Madrid,Manchester United,4,3,La Liga,2024-03-26
AC Milan,Liverpool,1,5,La Liga,2024-07-22
Real Madrid,Liverpool,5,5,Bundesliga,2024-03-25
Real Madrid,Liverpool,5,5,La Liga,2024-09-21
Manchester United,Real Madrid,4,1,La Liga,2024-05-29
Real Madrid,AC Milan,2,0,Premier League,2024-10-02
AC Milan,Liverpool,2,5,Serie A,2024-03-26
Liverpool,Manchester United,3,1,Ligue 1,2025-02-03
Liverpool,Manchester United,5,2,Bundesliga,2025-01-23
Manchester United,Liverpool,4,5,Bundesliga,2024-04-27
Manchester United,Liverpool,3,4,Ligue 1,2024-08-31
Bayern Munich,Real Madrid,5,0,Premier League,2024-05-22
Liverpool,Real Madrid,5,3,Premier League,2024-12-30
Liverpool,Bayern Munich,1,2,Serie A,2024-02-17
Real Madrid,Liverpool,1,3,La Liga,2024-04-15
Bayern Munich,Liverpool,0,5,La Liga,2024-04-11
Bayern Munich,Barcelona,4,3,Serie A,2024-07-22
Barcelona,Bayern Munich,0,3,Bundesliga,2024-11-25
Bayern Munich,AC Milan,3,2,Bundesliga,2024-06-16
AC Milan,Liverpool,4,2,La Liga,2025-01-23
Real Madrid,AC Milan,5,5,La Liga,2024-11-21
AC Milan,Real Madrid,4,3,Serie A,2024-02-28
Real Madrid,Manchester United,1,1,La Liga,2024-12-22
Liverpool,AC Milan,1,0,La Liga,2024-08-17
Manchester United,Barcelona,0,5,La Liga,2024-05-29
Bayern Munich,Real Madrid,4,1,La Liga,2024-12-23
Liverpool,Manchester United,4,2,Premier League,2024-07-07
Bayern Munich,Manchester United,3,2,La Liga,2024-11-06
Bayern Munich,Manchester United,5,0,Serie A,2024-05-01
Manchester United,Barcelona,1,3,Ligue 1,2024-07-10
Barcelona,AC Milan,0,1,Bundesliga,2024-12-19
Real Madrid,AC Milan,2,0,Premier League,2024-08-24
AC Milan,Barcelona,4,3,La Liga,2024-05-07
AC Milan,Bayern Munich,0,4,La Liga,2024-06-15
Bayern Munich,Real Madrid,3,1,Ligue 1,2025-01-03
Liverpool,Manchester United,5,2,Serie A,2024-05-13
Bayern Munich,Manchester United,2,5,Bundesliga,2024-07-17
Barcelona,AC Milan,2,5,Premier League,2024-05-05
AC Milan,Real Madrid,0,3,La Liga,2025-01-06
Barcelona,Manchester United,0,1,La Liga,2024-07-21
Barcelona,Liverpool,0,4,Bundesliga,2024-03-12
Bayern Munich,Manchester United,3,4,Ligue 1,2025-01-29
Bayern Munich,Barcelona,2,2,Premier League,2024-07-16
Barcelona,AC Milan,2,4,La Liga,2024-10-07
Barcelona,AC Milan,5,4,Ligue 1,2024-08-12
Bayern Munich,Real Madrid,0,0,Ligue 1,2024-07-01
Real Madrid,Liverpool,1,4,Serie A,2024-12-16
Barcelona,Manchester United,0,4,Bundesliga,2024-04-04
Liverpool,Bayern Munich,5,0,La Liga,2024-10-10
AC Milan,Real Madrid,4,2,La Liga,2024-07-07
Bayern Munich,AC Milan,1,0,La Liga,2025-01-20
Real Madrid,Barcelona,5,5,Bundesliga,2024-08-16
Liverpool,Manchester United,4,4,La Liga,2024-05-18
Manchester United,Barcelona,4,2,Ligue 1,2024-08-01
Manchester United,Barcelona,3,4,Premier League,2024-05-19
Bayern Munich,AC Milan,1,0,Ligue 1,2024-04-08
Real Madrid,Bayern Munich,3,2,Serie A,2025-01-25
Real Madrid,Liverpool,3,2,Bundesliga,2024-10-01
Real Madrid,AC Milan,0,5,Ligue 1,2024-11-18
Manchester United,Bayern Munich,2,3,La Liga,2024-08-19
Manchester United,Barcelona,5,0,Ligue 1,2024-08-10
Real Madrid,AC Milan,5,1,Ligue 1,2024-05-07
Real Madrid,Barcelona,5,5,Premier League,2024-02-19
Real Madrid,Barcelona,3,4,Ligue 1,2024-07-20
Real Madrid,Liverpool,3,0,Ligue 1,2024-11-16
AC Milan,Liverpool,0,3,Serie A,2024-04-19
Real Madrid,Barcelona,5,1,Serie A,2024-03-30
AC Milan,Bayern Munich,5,5,Premier League,2024-12-06
Real Madrid,AC Milan,2,2,Ligue 1,2024-09-28
Bayern Munich,AC Milan,1,1,Premier League,2024-11-12
Barcelona,AC Milan,0,0,Premier League,2024-08-08
Liverpool,Real Madrid,0,3,La Liga,2024-07-19
Real Madrid,Barcelona,5,1,Serie A,2024-08-15
Barcelona,AC Milan,1,2,La Liga,2024-02-12
Bayern Munich,Barcelona,2,3,Ligue 1,2024-07-27
Liverpool,Barcelona,3,3,Bundesliga,2024-06-19
Manchester United,AC Milan,4,0,Serie A,2024-10-15
Barcelona,Real Madrid,1,4,Serie A,2024-10-19
Barcelona,Liverpool,1,3,Premier League,2025-01-21
Liverpool,Bayern Munich,0,5,La Liga,2024-05-06
Bayern Munich,Liverpool,0,4,Premier League,2024-11-04
Real Madrid,Manchester United,1,4,Serie A,2024-12-22
Barcelona,AC Milan,0,4,Ligue 1,2024-06-16
