match_id,team_home,Team Away,score_home,score_away,league,match_date
1,Liverpool,AC Milan,3,5,Ligue 1,2025-01-30
2,Real Madrid,Barcelona,4,0,Premier League,2024-09-25
3,Liverpool,Real Madrid,1,1,La Liga,2024-05-31
4,Barcelona,AC Milan,2,1,Ligue 1,2025-01-13
5,Manchester United,Real Madrid,4,1,Bundesliga,2024-07-07
6,Bayern Munich,Manchester United,4,5,Ligue 1,2025-01-20
7,Real Madrid,Liverpool,4,0,La Liga,2024-06-06
8,Liverpool,AC Milan,2,0,La Liga,2024-11-20
9,AC Milan,Barcelona,3,1,La Liga,2024-04-28
10,Barcelona,Real Madrid,4,2,Serie A,2025-01-20
11,Barcelona,Manchester United,5,5,Serie A,2025-01-24
12,Manchester United,Barcelona,2,2,La Liga,2025-01-13
13,AC Milan,Liverpool,1,0,Ligue 1,2024-10-01
14,Manchester United,Liverpool,5,2,Ligue 1,2024-06-06
15,Barcelona,Manchester United,0,3,Serie A,2024-03-24
16,Bayern Munich,Manchester United,1,4,Ligue 1,2024-02-15
17,Barcelona,Real Madrid,5,3,Bundesliga,2024-11-20
18,Liverpool,AC Milan,4,3,Premier League,2024-12-31
19,Bayern Munich,Real Madrid,3,4,Serie A,2024-09-24
20,Manchester United,Bayern Munich,3,1,La Liga,2024-05-06
21,AC Milan,Barcelona,3,3,Serie A,2024-02-18
22,Barcelona,Liverpool,2,1,Bundesliga,2024-12-27
23,Manchester United,AC Milan,5,5,La Liga,2024-09-24
24,Real Madrid,Liverpool,2,2,La Liga,2024-09-05
25,Bayern Munich,Manchester United,5,4,Premier League,2024-10-30
26,Real Madrid,Bayern Munich,3,2,Bundesliga,2024-05-17
27,AC Milan,Manchester United,5,0,La Liga,2024-11-27
28,Barcelona,Liverpool,5,5,Serie A,2025-01-18
29,Liverpool,Real Madrid,4,1,Ligue 1,2024-05-24
30,AC Milan,Real Madrid,4,1,Bundesliga,2024-04-17
31,Manchester United,Real Madrid,0,0,Bundesliga,2024-07-06
32,Barcelona,Manchester United,2,0,Bundesliga,2024-05-09
33,Liverpool,AC Milan,5,3,Premier League,2024-07-09
34,Barcelona,Real Madrid,1,5,La Liga,2024-04-01
35,AC Milan,Liverpool,1,3,Premier League,2024-11-03
36,Barcelona,AC Milan,3,0,La Liga,2024-09-13
37,Barcelona,Bayern Munich,2,2,Ligue 1,2024-12-15
38,Barcelona,Manchester United,5,1,La Liga,2024-04-25
39,Bayern Munich,AC Milan,0,5,Premier League,2024-08-05
40,AC Milan,Liverpool,5,5,La Liga,2025-02-01
41,AC Milan,Bayern Munich,4,0,La Liga,2024-08-24
42,Real Madrid,AC Milan,4,2,Ligue 1,2024-12-22
43,Real Madrid,Manchester United,1,3,La Liga,2024-03-20
44,Real Madrid,Manchester United,4,4,La Liga,2024-11-20
45,Manchester United,Barcelona,1,3,Bundesliga,2024-07-02
46,Liverpool,Manchester United,3,0,Ligue 1,2025-01-12
47,AC Milan,Barcelona,3,1,Bundesliga,2024-05-13
48,Manchester United,Barcelona,4,4,Premier League,2024-03-21
49,Liverpool,Bayern Munich,4,0,La Liga,2025-01-30
50,Manchester United,Real Madrid,3,2,Serie A,2024-09-09
51,AC Milan,Barcelona,5,1,Bundesliga,2024-07-17
52,Bayern Munich,Real Madrid,5,3,Premier League,2024-07-06
53,Barcelona,Liverpool,1,2,Premier League,2024-07-07
54,Real Madrid,AC Milan,5,0,Ligue 1,2024-10-05
55,Liverpool,AC Milan,0,1,Premier League,2024-08-03
56,Barcelona,Real Madrid,4,3,Serie A,2025-01-22
57,Manchester United,Bayern Munich,0,0,Premier League,2024-08-01
58,AC Milan,Bayern Munich,4,2,Ligue 1,2024-10-02
59,Manchester United,Liverpool,4,1,Bundesliga,2024-04-19
60,Real Madrid,Liverpool,0,0,Ligue 1,2024-12-15
61,Real Madrid,Bayern Munich,3,1,Ligue 1,2024-06-25
62,Bayern Munich,AC Milan,1,0,Ligue 1,2025-02-11
63,Barcelona,Real Madrid,2,5,La Liga,2024-12-18
64,Barcelona,Real Madrid,1,1,Serie A,2024-03-10
65,Barcelona,Bayern Munich,4,1,Bundesliga,2024-05-16
66,Barcelona,AC Milan,1,2,Premier League,2024-12-19
67,Real Madrid,Liverpool,1,2,La Liga,2024-02-27
68,Real Madrid,Bayern Munich,2,1,La Liga,2024-02-24
69,Real Madrid,AC Milan,0,1,Ligue 1,2025-01-29
70,Real Madrid,Liverpool,1,3,Premier League,2024-05-01
71,Barcelona,AC Milan,3,1,La Liga,2024-08-21
72,Manchester United,AC Milan,2,3,Serie A,2024-09-01
73,Real Madrid,Manchester United,4,5,Bundesliga,2024-06-03
74,Real Madrid,Bayern Munich,5,0,La Liga,2024-07-28
75,Manchester United,AC Milan,0,1,Ligue 1,2024-08-19
76,Barcelona,AC Milan,5,3,La Liga,2025-01-06
77,Real Madrid,Barcelona,2,1,Bundesliga,2024-10-18
78,Real Madrid,Barcelona,0,3,Premier League,2024-05-20
79,AC Milan,Liverpool,1,4,Ligue 1,2024-05-30
80,Bayern Munich,AC Milan,5,1,Premier League,2024-04-07
81,AC Milan,Barcelona,2,0,Premier League,2024-03-09
82,Barcelona,AC Milan,4,2,Ligue 1,2024-04-24
83,Liverpool,Barcelona,2,3,Bundesliga,2024-07-07
84,Liverpool,AC Milan,4,1,Bundesliga,2025-01-24
85,Manchester United,AC Milan,4,2,Serie A,2024-03-29
86,Barcelona,Real Madrid,1,0,Serie A,2024-09-08
87,AC Milan,Liverpool,1,3,Serie A,2024-11-24
88,Real Madrid,Liverpool,1,5,La Liga,2024-05-26
89,Manchester United,Barcelona,3,4,Bundesliga,2024-07-01
90,Manchester United,Real Madrid,2,4,Serie A,2024-07-21
91,AC Milan,Liverpool,2,0,La Liga,2024-08-25
92,AC Milan,Manchester United,4,3,Bundesliga,2024-07-11
93,Manchester United,Bayern Munich,4,1,Bundesliga,2024-06-08
94,Barcelona,Bayern Munich,1,4,Serie A,2024-12-24
95,Bayern Munich,Liverpool,0,2,La Liga,2025-02-08
96,Bayern Munich,AC Milan,2,4,La Liga,2024-06-16
97,AC Milan,Manchester United,2,0,Ligue 1,2024-10-13
98,Manchester United,Real Madrid,1,2,Ligue 1,2024-04-24
99,Real Madrid,Liverpool,5,3,Bundesliga,2024-03-08
100,Barcelona,Bayern Munich,3,5,Serie A,2024-06-08
101,Manchester United,Bayern Munich,0,0,Serie A,2024-11-26
102,Bayern Munich,Barcelona,0,0,Serie A,2024-07-11
103,Bayern Munich,Real Madrid,4,5,Serie A,2024-05-27
104,Barcelona,Liverpool,1,4,Ligue 1,2024-07-16
105,Liverpool,Barcelona,2,3,Serie A,2024-08-11
106,Barcelona,Liverpool,1,2,Bundesliga,2024-10-07
107,AC Milan,Liverpool,0,0,Bundesliga,2024-06-18
108,Real Madrid,Bayern Munich,1,3,Bundesliga,2024-06-19
109,Real Madrid,Liverpool,5,1,Serie A,2024-04-19
110,Barcelona,Liverpool,5,5,La Liga,2024-08-17
111,Bayern Munich,Real Madrid,2,1,Ligue 1,2024-09-11
112,Bayern Munich,Barcelona,0,0,La Liga,2024-11-03
113,Liverpool,Manchester United,4,0,La Liga,2025-01-26
114,Barcelona,Real Madrid,1,0,Ligue 1,2025-02-01
115,Barcelona,Real Madrid,5,5,La Liga,2024-06-09
116,Real Madrid,Barcelona,1,2,Bundesliga,2024-02-24
117,Liverpool,Bayern Munich,4,4,Bundesliga,2024-04-16
118,Real Madrid,Manchester United,0,4,Serie A,2024-05-05
