match_id,team_home,team_away,score_home,score_away,league,match_date
1,AC Milan,Liverpool,0,2,La Liga,2024-06-02
2,AC Milan,Bayern Munich,4,4,Premier League,2024-07-09
3,Liverpool,Real Madrid,4,2,Bundesliga,2024-10-16
4,Real Madrid,Manchester United,0,5,La Liga,2024-11-01
5,Manchester United,AC Milan,1,3,Bundesliga,2024-07-12
6,Real Madrid,Barcelona,1,0,Ligue 1,2024-03-11
7,AC Milan,Bayern Munich,4,1,Bundesliga,2024-07-23
8,Barcelona,Real Madrid,4,2,Ligue 1,2025-01-14
9,Manchester United,Bayern Munich,1,4,Premier League,2024-04-18
10,Liverpool,Manchester United,2,0,Bundesliga,2024-04-06
11,AC Milan,Barcelona,0,1,Premier League,2024-11-20
12,Bayern Munich,Real Madrid,0,4,Serie A,2024-09-15
13,Bayern Munich,Real Madrid,3,3,Premier League,2024-03-06
14,Manchester United,Bayern Munich,3,2,Premier League,2024-06-17
15,Real Madrid,Bayern Munich,0,3,La Liga,2025-01-14
16,Manchester United,Real Madrid,4,4,Bundesliga,2025-01-05
17,Bayern Munich,Barcelona,1,4,Bundesliga,2024-09-30
18,Barcelona,AC Milan,4,2,Ligue 1,2024-04-23
19,AC Milan,Barcelona,4,2,Ligue 1,2024-03-16
20,Real Madrid,AC Milan,4,2,La Liga,2024-04-26
21,Real Madrid,Liverpool,1,4,Premier League,2025-01-06
22,Bayern Munich,Manchester United,4,4,Serie A,2024-04-29
23,Liverpool,Manchester United,2,0,Ligue 1,2024-06-09
24,Liverpool,Bayern Munich,5,1,Premier League,2025-01-21
25,Liverpool,AC Milan,3,5,Serie A,2024-11-28
26,Bayern Munich,Barcelona,1,2,Serie A,2024-08-12
27,Bayern Munich,Barcelona,3,3,Bundesliga,2024-03-17
28,AC Milan,Real Madrid,3,2,La Liga,2025-02-10
29,Bayern Munich,Real Madrid,4,4,Ligue 1,2024-11-05
30,Real Madrid,Liverpool,4,1,Bundesliga,2024-11-03
31,AC Milan,Liverpool,4,5,Ligue 1,2024-04-20
32,AC Milan,Real Madrid,0,1,Premier League,2024-06-14
33,Liverpool,Barcelona,3,3,La Liga,2024-03-16
34,AC Milan,Bayern Munich,0,5,Bundesliga,2024-08-30
35,Real Madrid,Bayern Munich,5,4,La Liga,2024-03-26
36,Barcelona,AC Milan,3,3,Serie A,2024-11-29
37,AC Milan,Real Madrid,5,2,Bundesliga,2024-04-12
38,AC Milan,Bayern Munich,0,3,Bundesliga,2025-01-26
39,Real Madrid,Bayern Munich,3,0,Ligue 1,2025-02-11
40,Manchester United,Bayern Munich,3,1,Serie A,2024-03-30
41,Real Madrid,AC Milan,3,3,Ligue 1,2024-03-28
42,Real Madrid,Manchester United,5,3,Ligue 1,2024-12-12
43,Real Madrid,Manchester United,4,3,Premier League,2024-05-15
44,Real Madrid,Barcelona,0,3,Premier League,2024-10-06
45,Bayern Munich,Barcelona,3,3,Serie A,2024-11-22
46,Manchester United,AC Milan,0,3,Bundesliga,2025-02-08
47,Liverpool,Manchester United,1,1,Serie A,2024-05-26
48,Liverpool,Manchester United,3,2,Premier League,2024-04-19
49,AC Milan,Bayern Munich,5,5,Ligue 1,2024-10-31
50,AC Milan,Manchester United,3,3,Bundesliga,2024-11-07
51,Real Madrid,Manchester United,2,3,Bundesliga,2024-12-26
52,AC Milan,Barcelona,3,2,La Liga,2024-04-29
53,Manchester United,Barcelona,0,2,La Liga,2024-12-22
54,Barcelona,Liverpool,5,1,Serie A,2024-09-20
55,AC Milan,Manchester United,3,0,La Liga,2024-10-10
56,Liverpool,Barcelona,5,2,Ligue 1,2024-12-29
57,Bayern Munich,Barcelona,5,0,Bundesliga,2024-11-01
58,Manchester United,Real Madrid,1,2,Premier League,2025-01-14
59,AC Milan,Barcelona,3,5,La Liga,2024-11-01
60,Real Madrid,Barcelona,3,5,Premier League,2024-05-30
61,Real Madrid,Barcelona,5,2,Premier League,2024-11-20
62,Real Madrid,Barcelona,0,5,Serie A,2024-03-14
63,AC Milan,Liverpool,4,0,Ligue 1,2024-08-27
64,Manchester United,Bayern Munich,2,5,Ligue 1,2025-01-27
65,Real Madrid,Manchester United,3,5,La Liga,2024-03-15
66,Barcelona,Bayern Munich,4,4,Premier League,2024-11-24
67,AC Milan,Barcelona,2,3,Serie A,2024-03-19
68,Liverpool,Bayern Munich,3,1,Ligue 1,2024-08-31
69,Liverpool,Barcelona,0,3,Premier League,2024-03-21
70,Manchester United,Liverpool,0,0,La Liga,2024-09-29
71,AC Milan,Manchester United,4,2,La Liga,2024-08-07
72,Bayern Munich,Liverpool,3,2,Bundesliga,2024-06-03
73,Real Madrid,Bayern Munich,5,4,Serie A,2024-07-11
74,Barcelona,Liverpool,3,2,La Liga,2024-04-22
75,Liverpool,Bayern Munich,4,3,Ligue 1,2024-07-22
76,Barcelona,Liverpool,5,0,Premier League,2025-01-29
77,Bayern Munich,Real Madrid,1,1,La Liga,2025-01-21
78,Barcelona,AC Milan,4,4,La Liga,2024-12-28
79,Manchester United,Real Madrid,4,2,Premier League,2025-02-11
80,Liverpool,Manchester United,1,5,La Liga,2025-02-08
81,Manchester United,Liverpool,4,4,Ligue 1,2024-03-29
82,Manchester United,AC Milan,5,0,Serie A,2024-03-23
83,Barcelona,Bayern Munich,4,2,Premier League,2024-04-15
84,Liverpool,Real Madrid,3,0,Ligue 1,2024-08-31
85,Manchester United,AC Milan,0,1,Serie A,2024-04-02
86,Barcelona,Manchester United,1,5,La Liga,2024-05-15
87,Real Madrid,Barcelona,5,2,Serie A,2024-04-08
88,Liverpool,Barcelona,5,0,Premier League,2024-05-14
89,Manchester United,Bayern Munich,5,3,Serie A,2024-08-18
90,AC Milan,Manchester United,0,2,Ligue 1,2025-01-16
91,Bayern Munich,Barcelona,3,5,Premier League,2024-03-17
92,AC Milan,Barcelona,0,1,Premier League,2024-08-28
93,Barcelona,AC Milan,2,2,Serie A,2024-11-06
94,Real Madrid,Liverpool,4,1,Ligue 1,2025-01-30
95,Liverpool,Barcelona,0,3,Ligue 1,2025-01-16
96,Bayern Munich,Barcelona,3,1,Ligue 1,2024-11-30
97,Manchester United,Liverpool,3,4,Serie A,2024-11-22
98,Barcelona,Manchester United,2,0,Serie A,2024-11-16
99,AC Milan,Liverpool,2,2,Bundesliga,2024-08-04
100,Barcelona,Real Madrid,3,2,Bundesliga,2024-04-15
101,Barcelona,Manchester United,0,3,Ligue 1,2024-08-24
102,Manchester United,Real Madrid,0,2,Serie A,2025-01-31
103,Manchester United,Liverpool,4,2,Premier League,2024-12-15
104,Real Madrid,Barcelona,4,5,Premier League,2025-01-15
105,Liverpool,Manchester United,0,0,La Liga,2024-12-22
106,AC Milan,Barcelona,2,1,Bundesliga,2024-05-16
107,Real Madrid,Barcelona,2,3,Bundesliga,2024-07-04
108,Bayern Munich,Liverpool,0,2,Bundesliga,2024-12-11
109,Barcelona,Liverpool,2,0,Ligue 1,2024-09-14
110,Barcelona,Manchester United,0,4,Bundesliga,2024-12-27
111,Barcelona,Manchester United,4,0,Serie A,2024-05-20
112,AC Milan,Real Madrid,1,1,Premier League,2024-07-14
113,Barcelona,Manchester United,5,1,Serie A,2024-11-02
114,Liverpool,Bayern Munich,4,0,La Liga,2024-08-05
