match_id,team_home,score_home,match_date,score_away,league
1,Liverpool,4,2024-07-13,1,La Liga
2,Bayern Munich,3,2024-11-28,0,Serie A
3,Bayern Munich,3,2024-03-19,1,Bundesliga
4,Manchester United,4,2024-06-05,2,Ligue 1
5,Barcelona,4,2024-11-28,5,Premier League
6,Manchester United,2,2024-06-23,1,Bundesliga
7,Liverpool,4,2024-08-07,0,Ligue 1
8,Manchester United,5,2024-06-18,3,La Liga
9,AC Milan,0,2025-01-16,3,La Liga
10,Liverpool,4,2024-03-19,3,Serie A
11,Bayern Munich,0,2024-08-07,1,Premier League
12,Liverpool,5,2025-01-22,4,La Liga
13,Real Madrid,3,2024-08-10,1,Ligue 1
14,Real Madrid,3,2024-05-27,0,Serie A
15,Manchester United,5,2024-05-13,2,La Liga
16,Manchester United,2,2025-01-24,4,La Liga
17,Manchester United,1,2025-01-23,0,La Liga
18,Manchester United,5,2024-12-09,2,Serie A
19,Manchester United,2,2024-11-24,0,Bundesliga
20,Bayern Munich,1,2024-11-11,5,Ligue 1
21,Liverpool,2,2024-05-19,1,La Liga
22,Manchester United,2,2025-01-31,1,La Liga
23,Bayern Munich,1,2024-12-27,1,Bundesliga
24,Real Madrid,0,2024-07-17,4,La Liga
25,AC Milan,4,2024-04-23,4,Bundesliga
26,Real Madrid,2,2024-04-15,0,Ligue 1
27,Real Madrid,2,2024-07-14,0,Ligue 1
28,Manchester United,1,2024-07-04,4,Bundesliga
29,Real Madrid,1,2024-11-14,1,Serie A
30,Manchester United,0,2024-04-29,4,La Liga
31,Liverpool,5,2024-03-10,3,Ligue 1
32,Bayern Munich,5,2025-01-22,2,Premier League
33,Real Madrid,3,2024-11-26,4,Premier League
34,Real Madrid,1,2024-11-07,2,Serie A
35,Bayern Munich,0,2024-12-19,2,Ligue 1
36,AC Milan,2,2024-11-16,5,Bundesliga
37,Liverpool,3,2024-09-20,4,Bundesliga
38,Bayern Munich,1,2024-12-07,5,Ligue 1
39,Liverpool,5,2024-06-26,2,Ligue 1
40,Manchester United,3,2024-05-06,3,Ligue 1
41,Liverpool,3,2024-04-10,4,Serie A
42,Bayern Munich,5,2024-10-08,1,Premier League
43,Bayern Munich,5,2024-08-10,3,La Liga
44,Real Madrid,1,2024-09-13,3,Serie A
45,AC Milan,3,2025-01-05,1,Serie A
46,Liverpool,2,2024-03-04,1,Ligue 1
47,Liverpool,3,2024-06-07,1,Ligue 1
48,Liverpool,5,2025-02-01,3,Bundesliga
49,Manchester United,5,2024-06-23,5,Premier League
50,AC Milan,2,2024-05-06,3,Premier League
51,Bayern Munich,4,2024-03-02,1,Ligue 1
52,Manchester United,1,2024-08-15,0,La Liga
53,Real Madrid,1,2024-07-22,0,Bundesliga
54,Barcelona,0,2024-08-02,3,Serie A
55,AC Milan,2,2024-05-10,3,Serie A
56,Liverpool,2,2024-03-20,1,Ligue 1
57,Barcelona,1,2024-05-10,5,La Liga
58,AC Milan,4,2024-02-24,0,La Liga
59,Bayern Munich,3,2024-05-17,3,Ligue 1
60,AC Milan,2,2025-01-05,0,La Liga
61,Liverpool,4,2024-08-21,4,Bundesliga
62,Real Madrid,5,2024-08-19,5,Serie A
63,Liverpool,1,2024-08-12,5,Premier League
64,Real Madrid,0,2024-10-25,2,Serie A
65,Manchester United,4,2024-11-04,2,La Liga
66,Bayern Munich,4,2024-11-10,0,Serie A
67,Manchester United,0,2024-02-22,2,Serie A
68,Manchester United,5,2024-09-05,5,Ligue 1
69,Liverpool,1,2024-03-11,2,Premier League
70,Bayern Munich,4,2024-09-23,3,Bundesliga
71,AC Milan,1,2024-08-21,1,Bundesliga
72,AC Milan,3,2025-01-26,4,La Liga
73,Bayern Munich,2,2025-02-07,2,Ligue 1
74,Manchester United,3,2024-10-06,0,La Liga
75,Bayern Munich,2,2024-04-10,4,Serie A
76,AC Milan,3,2024-07-09,1,La Liga
77,Barcelona,0,2024-11-11,1,Premier League
78,Bayern Munich,3,2024-11-03,3,Premier League
79,Manchester United,5,2024-12-07,5,Serie A
80,Manchester United,5,2024-08-10,1,Ligue 1
81,Liverpool,0,2024-11-27,5,Premier League
82,Barcelona,3,2024-08-29,1,La Liga
83,Barcelona,0,2024-10-30,1,Serie A
84,Manchester United,1,2024-03-26,2,Premier League
85,Bayern Munich,2,2024-03-19,4,Ligue 1
86,Real Madrid,5,2024-11-27,3,Bundesliga
87,Liverpool,2,2024-11-28,5,La Liga
88,Barcelona,2,2025-01-16,5,Premier League
89,Liverpool,3,2024-06-01,5,Premier League
90,AC Milan,1,2024-12-24,5,Serie A
91,Manchester United,3,2024-03-15,4,Bundesliga
92,Real Madrid,5,2024-11-22,4,La Liga
93,Manchester United,5,2024-08-17,5,La Liga
94,AC Milan,4,2024-05-02,5,Premier League
95,Real Madrid,3,2024-09-13,1,Bundesliga
96,Barcelona,0,2024-09-12,5,Premier League
97,Manchester United,0,2024-05-08,4,Premier League
98,Manchester United,4,2024-06-15,1,La Liga
99,AC Milan,2,2024-05-30,1,Premier League
100,Barcelona,3,2024-07-04,5,Serie A
101,Barcelona,3,2024-02-17,1,Premier League
102,Liverpool,1,2024-09-04,0,Bundesliga
103,Real Madrid,5,2024-03-24,2,Ligue 1
104,Bayern Munich,5,2024-06-20,5,Premier League
105,Bayern Munich,0,2024-08-25,4,Premier League
106,AC Milan,5,2024-11-27,3,La Liga
107,Barcelona,4,2024-06-11,1,Ligue 1
108,Bayern Munich,1,2024-11-27,2,Ligue 1
109,Bayern Munich,0,2024-06-20,2,Premier League
110,AC Milan,5,2024-04-02,2,Ligue 1
111,Manchester United,4,2024-10-14,2,Bundesliga
112,Bayern Munich,1,2024-10-06,1,Premier League
113,Manchester United,4,2024-03-02,3,Serie A
114,Real Madrid,0,2024-04-10,3,Serie A
115,AC Milan,1,2024-10-05,1,Premier League
116,Bayern Munich,1,2024-07-01,0,Serie A
117,Real Madrid,5,2024-03-15,0,Premier League
118,AC Milan,1,2024-11-27,2,Bundesliga
119,Manchester United,3,2024-03-29,4,Premier League
120,Liverpool,5,2024-05-13,0,Bundesliga
121,Real Madrid,3,2024-12-06,3,La Liga
122,Bayern Munich,3,2024-12-14,0,Ligue 1
123,Barcelona,3,2024-08-06,5,La Liga
124,Manchester United,5,2024-04-21,5,Premier League
125,Liverpool,1,2024-05-24,1,Premier League
126,Barcelona,3,2024-10-01,4,Serie A
127,Real Madrid,3,2024-11-22,2,Bundesliga
128,Bayern Munich,5,2024-08-09,3,Ligue 1
129,AC Milan,2,2024-05-09,5,Premier League
130,AC Milan,1,2025-02-03,5,Premier League
131,Real Madrid,5,2024-12-31,2,Ligue 1
132,Real Madrid,5,2024-08-20,3,La Liga
133,Bayern Munich,2,2024-07-28,2,Ligue 1
134,Barcelona,5,2024-10-23,1,Ligue 1
135,Bayern Munich,2,2024-11-07,1,Ligue 1
