student_id,name,age,gender,major,enrollment_date,gpa
1,April Barker,18,Female,English,2023-05-12,3.82
2,Philip Allen,27,Male,Biology,2023-06-14,2.42
3,George Simon,19,Other,Business,2025-01-01,3.97
4,Tanya Giles,23,Female,Economics,2023-06-28,2.76
5,Katie Torres,18,Other,Economics,2022-06-02,3.87
6,Hannah Knapp,19,Male,English,2021-12-02,2.96
7,Heidi Gray,29,Male,Mathematics,2021-08-17,3.53
8,Christopher Lane,24,Female,Engineering,2024-07-24,2.02
9,Amy Hicks,18,Male,Economics,2022-10-09,3.32
10,Tina Harvey,24,Female,Mathematics,2022-11-30,3.6
11,Dylan Anderson,21,Male,Engineering,2023-08-28,3.57
12,Jaclyn Rodriguez,24,Other,English,2021-08-14,3.94
13,Jeffrey Williams,18,Male,Engineering,2021-03-22,3.07
14,Michael Williams,26,Other,Psychology,2024-11-13,3.14
15,Zachary Ashley,24,Male,Mathematics,2025-01-30,2.28
16,Alejandro Lee,22,Male,Economics,2023-04-15,2.61
17,Michael Jacobs,22,Male,Computer Science,2021-10-19,2.19
18,Heather White,25,Male,Biology,2022-02-08,2.11
19,Jessica Evans,28,Male,Engineering,2024-09-26,3.42
20,Sara Clark MD,27,Female,Psychology,2021-03-01,2.78
21,Allen Anderson,20,Female,Mathematics,2022-01-22,3.7
22,Howard Freeman,27,Female,Engineering,2024-03-21,2.63
23,John Johnson,25,Other,Biology,2024-08-31,2.99
24,April Stevens,19,Male,History,2021-08-22,2.47
25,Jenna Carter,25,Female,Economics,2021-05-06,3.09
26,Charles Morris,19,Female,Business,2021-08-20,2.19
27,Benjamin Peterson,24,Female,Biology,2022-06-24,2.64
28,Alexander Anthony,27,Other,Economics,2024-08-23,3.6
29,John Mullins,26,Female,Economics,2023-09-21,2.95
30,Jeremy Peterson,26,Other,History,2022-11-17,3.38
31,Danielle Cross,18,Female,Psychology,2023-04-06,3.93
32,Lisa Hoffman,18,Female,Business,2021-10-24,2.92
33,Larry Miller,25,Female,Economics,2022-12-14,3.87
34,Joseph Gonzalez,26,Male,Business,2024-07-24,2.83
35,Stephanie Harris,26,Male,Engineering,2024-08-11,2.66
36,Heather Richmond,18,Male,Economics,2021-02-25,3.01
37,Samantha Snyder,30,Other,English,2023-06-27,3.26
38,David Martin,19,Female,History,2022-03-09,2.16
39,Kristina Curry,28,Other,Computer Science,2022-04-02,2.72
40,Erin Quinn,29,Female,Economics,2022-09-09,2.49
41,Shane Thompson,22,Female,Mathematics,2022-06-19,3.36
42,David Caldwell,20,Other,History,2021-11-08,3.86
43,Penny Cantu,19,Female,Biology,2022-09-18,2.92
44,Katherine Rogers,26,Male,History,2022-09-18,2.48
45,Donald Herring,22,Female,Engineering,2024-01-29,2.37
46,Kelly Villarreal,26,Other,Psychology,2022-03-04,3.57
47,Joseph Moore,29,Female,Computer Science,2024-08-14,2.93
48,Jose Valdez,21,Male,Computer Science,2023-08-05,3.98
49,Fred Fitzgerald,25,Female,Psychology,2021-09-22,2.32
50,Danielle Martinez,27,Male,Biology,2021-10-25,3.23
51,Mr. Matthew Murphy,18,Other,English,2022-06-04,3.69
52,Michael Hughes,20,Male,Psychology,2022-09-21,3.56
53,Mark Roberts,28,Male,Engineering,2024-11-29,3.13
54,Mr. Andrew Rodriguez,21,Other,Engineering,2022-05-05,2.08
55,Michael Gilbert,26,Other,Computer Science,2022-05-10,3.96
56,Heidi Rowe,27,Male,Biology,2023-05-03,2.65
57,Raymond Rodriguez,26,Female,Computer Science,2023-02-19,2.09
58,Louis Quinn,18,Female,Engineering,2022-03-28,2.46
59,Matthew Olson,26,Female,Mathematics,2023-10-24,3.7
60,Jennifer Mccann,24,Male,Biology,2021-08-02,3.51
61,Natasha Castillo,18,Female,Economics,2024-10-04,3.91
62,Allen Michael,22,Female,Engineering,2022-04-13,3.76
63,Teresa Thompson,20,Male,Economics,2024-09-16,3.64
64,Paul Roberts,27,Female,Mathematics,2023-07-14,3.34
65,Theodore Newton,24,Male,Psychology,2024-03-20,3.66
66,Christina Hayes,30,Other,Computer Science,2024-05-18,3.79
67,Richard Navarro,30,Male,Computer Science,2022-07-07,2.17
68,Brandy Crawford,25,Male,History,2023-01-04,2.88
69,Benjamin Parker,24,Female,Economics,2022-08-22,3.65
70,Patricia Barnett,25,Other,History,2021-06-24,2.52
71,Destiny Giles,24,Male,Psychology,2022-10-21,2.23
72,Eric Zhang,27,Other,Business,2021-06-10,3.65
73,Jennifer Navarro,29,Female,Business,2021-07-08,2.87
74,Brian Ramirez,27,Male,English,2024-05-30,2.38
75,Rachel Morales,30,Other,English,2021-10-07,2.66
76,Claire Perry,27,Female,Mathematics,2023-02-09,3.62
77,Anthony Myers,28,Male,Psychology,2023-04-18,2.71
78,Juan Watson,28,Male,Business,2022-06-07,3.07
79,Matthew Fernandez,30,Female,Engineering,2024-06-12,2.08
80,Hannah Hernandez,24,Other,Business,2024-12-14,2.44
81,Amanda Solis,30,Male,Engineering,2021-09-16,2.2
82,Pamela Garcia,24,Other,Engineering,2023-12-29,3.21
83,Christopher Thompson,21,Female,Business,2022-07-05,3.43
84,Micheal Hamilton,29,Male,History,2022-07-31,2.9
85,Pamela Patterson,22,Other,Economics,2021-12-25,3.58
86,Phillip Lewis,27,Male,Economics,2023-03-18,2.6
87,Angela Collins,27,Male,Biology,2021-11-25,2.87
88,Barry Robinson,29,Other,Business,2024-01-29,2.19
89,Anthony Gonzalez,25,Male,Biology,2025-01-11,3.18
90,Brandon Lindsey,29,Male,Engineering,2021-06-28,2.14
91,Eric Walker,18,Male,Psychology,2022-05-01,3.93
92,Marcus Cruz,19,Female,Computer Science,2022-10-07,2.73
93,Jordan Lopez,27,Other,Economics,2023-08-25,2.21
94,Rebecca Daniel,19,Female,Computer Science,2023-03-01,2.48
95,William Smith,25,Other,Biology,2024-03-25,2.7
96,Michelle Vasquez,26,Other,Mathematics,2024-05-11,2.5
97,Joshua Curry,26,Male,History,2024-08-24,2.03
98,Beth Price,19,Male,Psychology,2023-10-29,3.03
99,Kelsey Morris,26,Male,Economics,2023-11-01,3.89
100,Aaron Thomas,20,Female,Business,2021-03-10,2.49
101,Jennifer Rangel MD,18,Female,Economics,2022-06-09,3.37
102,Victoria Hoffman,20,Other,History,2023-03-05,2.07
103,Kevin Brown,18,Other,Mathematics,2024-01-26,2.02
104,Timothy Walker,25,Other,Psychology,2023-01-17,2.5
105,Brandon Delgado,29,Female,History,2023-06-22,3.77
106,Brian Pearson,21,Male,Computer Science,2023-01-30,2.47
107,Erin Johnson,18,Male,Computer Science,2022-02-18,3.82
108,Michael Sanders,23,Male,Engineering,2024-04-23,2.33
109,Amber Hall,28,Male,English,2022-11-21,3.71
110,Amber Davis,20,Female,Biology,2023-09-22,2.77
111,Sandy Jones,18,Male,Economics,2021-02-28,3.85
112,Chad Craig,25,Female,Biology,2023-03-28,2.57
113,Samantha Mccormick,30,Other,Engineering,2024-09-19,2.3
114,Gregory Atkinson,23,Male,Business,2021-03-04,3.93
115,Kaitlyn Robinson,18,Other,Computer Science,2022-10-20,3.24
116,David Fletcher,22,Female,Business,2023-07-07,2.97
117,Meghan Jones,29,Male,Mathematics,2022-06-29,3.82
118,Jake Weiss,29,Male,Engineering,2024-02-27,3.15
119,Mr. Christopher Montgomery,28,Other,English,2024-07-31,3.64
120,Joseph Ross,26,Male,Business,2021-06-27,2.3
121,Stephanie Woods,30,Male,Computer Science,2022-08-09,3.06
122,Kenneth Romero,27,Other,Mathematics,2024-06-05,3.7
123,Karen Bowen,20,Male,History,2021-11-12,3.03
124,Deborah Garcia,18,Other,Business,2024-09-24,2.07
125,Charles Brown,30,Other,Engineering,2024-04-19,2.32
126,Michael Cardenas,24,Female,Mathematics,2022-05-10,3.2
127,Kathryn Washington,19,Female,Psychology,2021-03-18,2.02
128,Jennifer Acevedo,25,Other,Business,2021-09-04,3.48
129,Gavin Reynolds,19,Other,Biology,2022-05-04,3.82
130,Leah Owens,23,Male,Engineering,2024-02-05,3.16
131,Allison Davila,23,Male,Mathematics,2023-02-01,3.41
132,Andrea Taylor,20,Female,Mathematics,2022-02-28,3.7
133,Marie Santana,30,Other,Economics,2023-04-07,3.73
134,Laurie Vargas,18,Male,Biology,2023-06-10,2.75
135,Joseph Walker,24,Other,Economics,2021-02-12,2.88
136,Sean Berger,25,Male,Mathematics,2024-09-30,2.44
137,Aaron Church,22,Male,Economics,2022-04-15,2.6
138,Kevin Owens,19,Male,Computer Science,2022-03-25,2.68
139,Kayla Weber,24,Female,Economics,2022-03-26,3.25
140,Mr. Clinton Mendoza MD,26,Male,Psychology,2024-01-30,3.76
141,Melinda Orr,30,Male,Computer Science,2023-06-22,3.87
142,Frank Davidson,20,Other,English,2024-09-13,3.85
143,Jeffrey Lee,19,Female,Biology,2022-05-15,2.52
144,Manuel Lindsey,26,Other,Mathematics,2022-08-21,2.11
145,Jennifer Adams,27,Male,Economics,2023-12-20,2.78
146,Ashley Richardson DVM,22,Male,Engineering,2025-01-22,3.9
147,Eddie Young,27,Other,Engineering,2021-12-24,3.98
148,Angela Hopkins,24,Male,Economics,2022-09-19,3.0
149,Kimberly Perkins,21,Male,Engineering,2025-01-30,3.91
150,Wayne Smith,29,Other,History,2022-04-26,3.14
