enrollment_date,student_id,name,gpa,age,gender
2022-01-04,1,Raymond Martinez,2.3,21,Male
2021-11-09,2,Alexa Sawyer,2.55,22,Other
2023-09-16,3,Daniel Rivera,2.72,19,Female
2023-03-22,4,Mrs. Leah Schwartz,2.05,30,Female
2022-02-10,5,Rachael Schultz,3.79,26,Female
2024-02-09,6,Julie Fuentes,3.63,27,Male
2021-04-18,7,Kathleen Hansen,2.09,22,Other
2024-01-08,8,Gary Patel Jr.,2.98,21,Other
2021-05-27,9,Eric Alvarado,3.7,18,Female
2024-08-09,10,Hannah Giles,2.94,18,Other
2021-11-17,11,James Bentley MD,3.25,20,Other
2024-09-18,12,Wendy Flynn,2.71,30,Male
2022-03-11,13,Lisa Anthony,2.98,19,Female
2021-11-29,14,Ian Strong,2.88,20,Male
2021-08-18,15,Natasha James,3.86,20,Female
2023-11-26,16,Andrew Petty,3.77,27,Female
2024-09-07,17,Jennifer Porter,3.45,20,Female
2021-05-20,18,Felicia Green,3.43,27,Other
2021-12-23,19,Brenda Martin,2.3,22,Female
2021-04-10,20,Christopher Dorsey,3.66,26,Female
2024-04-11,21,Veronica Fuller,3.43,25,Other
2021-08-26,22,Monica Pena,3.42,19,Other
2021-05-14,23,Heather Cole,2.56,21,Male
2023-05-07,24,Jamie Cobb,2.17,29,Female
2022-04-03,25,Patricia Harvey,2.93,18,Other
2022-08-13,26,Tina Berg,2.18,28,Male
2022-10-07,27,Sally Rodriguez,3.81,27,Male
2024-04-23,28,Jessica Barker,2.25,25,Male
2023-06-06,29,Joshua Quinn,2.6,22,Female
2023-04-16,30,Brandy Chapman,2.09,30,Male
2022-06-06,31,Monica Gonzalez,2.32,28,Female
2022-04-13,32,Bryan Jacobs,2.84,18,Other
2024-01-05,33,Brandon King II,2.45,28,Other
2021-08-04,34,Eric Craig,3.93,22,Other
2023-09-07,35,Joshua Howard,3.14,27,Male
2021-03-16,36,Helen Martinez,2.88,29,Female
2024-02-06,37,Mrs. Katherine Johnson,3.58,28,Female
2021-06-07,38,Nancy Martin,2.16,29,Male
2023-12-18,39,Lauren Porter,3.05,28,Male
2023-11-11,40,Matthew Saunders,3.91,24,Male
2022-01-25,41,William Walker,3.3,27,Male
2023-07-14,42,Sarah Baker,3.79,27,Male
2023-07-27,43,Denise Jefferson,2.6,28,Other
2021-06-28,44,Steven Nelson,2.45,26,Male
2021-09-05,45,Laura Barnes,3.96,23,Male
2022-07-10,46,Holly Morgan,2.6,18,Other
2024-06-04,47,Anthony Brown,3.52,23,Male
2024-08-07,48,Michael Miles,2.1,23,Female
2024-04-01,49,Daniel Sosa,2.5,26,Male
2023-06-30,50,David Turner,2.19,20,Other
2023-10-12,51,Victoria Gonzalez,2.32,24,Other
2021-10-06,52,Mary Walker,3.56,19,Male
2021-11-13,53,Albert Tucker,3.58,25,Other
2022-10-15,54,David Hunter,3.24,20,Other
2023-10-20,55,Kim Martinez,3.29,25,Female
2023-03-08,56,Jack Villegas,3.94,28,Male
2023-03-16,57,John Williams,3.58,28,Male
2021-11-08,58,Leonard Hicks,2.15,22,Male
2024-05-21,59,Bryce Rowe,2.28,26,Male
2024-03-27,60,Amy Jones,2.58,21,Male
2022-03-29,61,Jasmine Johnson,3.27,20,Female
2022-11-10,62,Bobby Hernandez,2.49,19,Female
2021-03-19,63,Kathryn Bennett,3.81,24,Other
2023-09-23,64,Christopher Gardner,2.5,18,Male
2022-11-07,65,Jason Dixon,3.12,29,Male
2021-04-22,66,Michael Mullins MD,3.84,19,Male
2025-02-03,67,Thomas Mahoney,2.48,30,Male
2022-03-17,68,Denise Williams,3.24,25,Other
2023-07-28,69,Barbara Rice,2.81,22,Female
2022-03-27,70,Katelyn Nunez,3.29,20,Other
2022-03-09,71,Joseph Adams,2.59,26,Male
2022-12-09,72,Veronica Wilson,3.72,21,Female
2022-05-08,73,Courtney Baker,3.99,25,Female
2022-12-02,74,Steven Edwards,2.85,30,Other
2024-08-07,75,Tony Burgess,3.56,20,Female
2021-09-02,76,Penny Parker,3.21,24,Female
2024-05-28,77,Adam Boyer,3.38,30,Female
2024-09-16,78,Anthony Perry,3.58,25,Other
2024-11-16,79,Bradley Willis,2.08,18,Female
2024-03-01,80,Michele Smith,3.14,22,Other
2022-01-12,81,Aaron Barron,3.97,29,Female
2024-08-29,82,Misty White,3.1,24,Other
2022-05-07,83,Katherine Houston,2.48,22,Male
2024-04-10,84,Chad Tran,2.83,21,Male
2021-10-23,85,Tracy Ochoa,2.43,25,Male
2022-10-21,86,Alexander Anderson,3.01,26,Male
2021-03-26,87,Sophia Goodman,3.0,27,Female
2021-07-11,88,Jeffrey Macdonald,2.98,20,Other
2023-12-08,89,Lauren Calderon,3.19,26,Other
2022-05-04,90,Megan Smith,2.02,20,Female
2022-07-25,91,Dylan Davies,2.44,23,Male
2021-09-25,92,Teresa Owen,3.7,26,Other
2021-03-17,93,Jennifer Davis,2.36,27,Female
2022-07-20,94,Jeffery Howard,3.17,28,Female
2023-09-09,95,Melinda Vargas,2.19,21,Other
2021-06-02,96,John Gilbert,3.44,24,Male
2021-09-23,97,Mark Williams,3.29,20,Other
2022-06-09,98,Elizabeth Norton,2.7,26,Female
2023-04-14,99,Michael Shea,3.9,25,Other
2022-01-29,100,Sara Wright,3.69,19,Female
2022-12-08,101,Amy Wright,2.19,23,Male
2024-05-30,102,Mary Bernard,2.83,30,Other
2023-02-22,103,Mr. Derek Reed,2.01,29,Male
2024-12-01,104,Carmen Brown,2.1,23,Female
2022-03-24,105,Michele Nguyen,2.74,29,Other
2023-01-30,106,Kimberly Stevenson,3.94,21,Female
2021-04-15,107,William Jackson,3.41,21,Male
2021-10-01,108,Adam Sanchez,3.29,29,Male
2024-08-27,109,Michael Thompson,3.3,25,Female
2022-07-22,110,Tammy Brown,2.98,20,Male
2024-08-01,111,David Stephens,2.68,28,Female
2024-06-27,112,Nancy Patrick,3.77,26,Other
2024-06-05,113,Stephanie Chen,2.91,21,Male
2021-08-20,114,Taylor Lane,2.16,29,Female
2021-03-07,115,Cynthia Cross,3.93,26,Other
2021-11-17,116,Jenna Davis,2.94,20,Male
2021-05-15,117,Jesse Pollard,2.19,28,Female
2022-12-24,118,Joseph Robinson,2.16,28,Male
2022-06-09,119,Tammie Reed,3.65,19,Female
2023-04-30,120,Karen Ramsey,2.59,19,Female
2024-06-19,121,Brittany Cooper,3.04,18,Female
2023-02-25,122,Cory White,2.36,24,Other
2022-12-29,123,Frank Kelley,2.07,22,Other
2025-01-12,124,Willie Kirby,2.89,19,Female
2023-11-14,125,Bobby Bates,3.96,22,Female
2024-01-26,126,Pamela Mendez,3.7,21,Female
2023-09-02,127,Caitlin Kline,3.56,22,Male
2021-06-20,128,Elizabeth Bryant,4.0,24,Other
2024-09-22,129,Mary Soto,2.55,25,Other
2021-09-28,130,Jacqueline Wilson,2.02,26,Female
2021-09-04,131,Mark Ford,2.1,21,Male
2022-02-02,132,Johnathan Luna,3.44,30,Male
