student_id,name,age,gender,major,enrollment_date,gpa
1,Danielle Hunt,18,Male,Psychology,2023-04-22,2.24
2,Lisa Pearson,30,Female,Mathematics,2021-02-27,3.26
3,Stephen Adams,19,Other,Economics,2022-03-13,3.73
4,Martin Coleman,25,Female,English,2025-01-11,3.64
5,Mary Ramirez,18,Other,Engineering,2024-06-19,2.49
6,Nicholas Carlson,30,Other,Business,2022-12-07,3.22
7,Donald Cook,20,Other,Engineering,2021-03-28,3.69
8,Yolanda Oconnor,23,Male,Mathematics,2024-01-29,3.09
9,Chase Rodriguez,30,Female,Computer Science,2023-11-30,2.82
10,John Herring,23,Other,Mathematics,2023-06-28,3.82
11,Kelly Nguyen,19,Male,Biology,2022-09-10,3.41
12,Brittany Melendez,27,Female,Psychology,2023-08-29,2.08
13,Matthew Zhang,19,Other,Computer Science,2021-04-05,3.09
14,Ashley Torres,23,Male,Computer Science,2022-05-07,2.4
15,Jessica Davis,25,Other,Biology,2023-04-16,3.38
16,Michael Gilbert,21,Female,History,2023-06-30,2.59
17,Justin Jenkins,29,Male,History,2022-06-06,3.03
18,Richard Mays,30,Other,Biology,2022-10-16,3.96
19,Paul Collins,22,Female,Biology,2024-05-26,2.31
20,Sarah Garza,19,Male,Mathematics,2022-03-23,2.25
21,Shaun Whitehead,28,Female,History,2021-07-30,3.94
22,Linda Brewer,19,Other,History,2021-11-01,3.17
23,Margaret Miller MD,26,Female,Mathematics,2021-10-02,2.23
24,Becky Barton,27,Male,Economics,2024-01-08,3.92
25,John Barker,29,Male,Economics,2024-06-17,3.91
26,Alexandria Waters,28,Other,History,2024-05-26,2.41
27,Jonathan Steele,18,Male,Economics,2023-11-19,3.21
28,Michael Kelley,30,Female,English,2021-09-02,3.16
29,Stacey Williams,18,Female,Economics,2022-10-08,2.31
30,Justin Santana,24,Other,History,2021-07-26,3.87
31,Katelyn Burch,22,Female,Engineering,2024-12-15,2.98
32,Debbie Stout,23,Male,History,2024-03-20,3.62
33,Lynn Carpenter,26,Male,Engineering,2023-11-09,3.33
34,Clarence Lindsey,20,Female,Economics,2023-11-28,3.84
35,April Wiggins,20,Female,Biology,2022-08-14,2.2
36,Kathleen Simmons,30,Other,Business,2021-06-07,3.01
37,Jacob Rodriguez,26,Female,Mathematics,2021-06-03,2.56
38,Heather Mccoy,27,Other,Business,2021-05-27,2.8
39,Elaine Baker,28,Male,Economics,2023-11-04,3.92
40,Nancy Clark,29,Female,Biology,2022-01-17,3.32
41,Amanda Novak,21,Female,Mathematics,2023-01-02,3.95
42,Julie Kirk,27,Other,Psychology,2024-07-12,3.14
43,Tom Randall,24,Female,Engineering,2022-07-18,2.04
44,Tanya Simmons,27,Other,English,2021-02-13,2.31
45,Shane Moore,19,Female,Biology,2022-05-19,2.04
46,Carl Simmons,29,Male,English,2024-07-29,3.22
47,Rachel Brown,24,Female,History,2025-02-03,2.73
48,Ashley Kirk,28,Female,Biology,2022-05-14,3.8
49,Kristy Villarreal,30,Male,Psychology,2024-05-24,2.74
50,Samantha West,25,Male,History,2024-11-07,2.34
51,Jacob Dunn,22,Female,Biology,2025-02-01,3.1
52,Jacob Lopez,20,Female,Economics,2023-03-18,2.77
53,Diane Woods,27,Other,Biology,2024-01-17,2.75
54,Jeffrey Thompson,25,Other,Computer Science,2021-09-23,2.4
55,Kayla Calderon,25,Female,Computer Science,2021-09-01,3.28
56,Alice Griffin,19,Other,Psychology,2022-12-09,2.56
57,William Lambert,22,Male,Psychology,2022-07-04,2.26
58,Paul Carlson,25,Male,Psychology,2025-02-05,2.7
59,Mario Huerta,28,Other,Business,2021-03-26,3.86
60,Holly Jones,20,Female,Mathematics,2023-09-07,2.38
61,Mrs. Heather Sanchez,21,Female,History,2023-12-03,3.84
62,Kevin Rios,18,Other,English,2024-03-26,3.72
63,Nicholas Henderson,18,Female,History,2021-05-04,3.7
64,Jeffery Alvarez,24,Female,Mathematics,2021-09-06,3.47
65,Terry Burnett,29,Other,Psychology,2021-08-22,3.75
66,Miss Sylvia Evans,28,Other,History,2023-09-11,2.64
67,Paul Wright,25,Male,Mathematics,2023-12-21,2.84
68,Dylan Melton,19,Other,Mathematics,2021-11-08,3.37
69,Crystal Ramos,21,Male,Psychology,2024-01-08,3.68
70,Bernard Lopez,18,Female,Psychology,2021-06-19,2.38
71,Christine Sanchez,26,Male,Psychology,2024-11-05,2.01
72,Benjamin Harmon,19,Male,Biology,2022-01-31,3.65
73,Justin Holmes,23,Other,English,2024-08-23,3.61
74,Crystal Davis,28,Male,Business,2023-05-20,2.32
75,Alexis Bryant,29,Male,English,2021-02-12,3.16
76,Richard Ortiz,25,Female,Engineering,2022-01-08,3.81
77,Jennifer Luna,29,Female,History,2021-05-22,3.24
78,Deborah Tran,29,Female,Mathematics,2022-02-22,3.51
79,Darlene Delgado,18,Male,Biology,2021-05-25,3.64
80,Paul Pearson,19,Other,Computer Science,2025-02-07,2.74
81,Ashley Riggs,30,Male,Economics,2024-10-13,2.54
82,Nancy Wilson,29,Male,History,2023-08-19,2.88
83,Tyler Holloway,22,Male,Mathematics,2024-08-03,3.63
84,Mary Turner,27,Other,Engineering,2024-11-25,3.05
85,Robin Robinson,20,Female,Economics,2024-04-06,3.22
86,Elizabeth Rodriguez,27,Other,Computer Science,2023-06-28,3.93
87,Mariah Blankenship,28,Other,English,2023-12-19,2.17
88,David Perkins,27,Female,Mathematics,2022-02-18,2.81
89,Larry Stephens,28,Other,Mathematics,2021-08-21,2.26
90,Sierra Andersen,20,Female,English,2022-08-25,3.91
91,Charles Martin,18,Female,Engineering,2022-09-28,2.49
92,Francisco Woods,21,Other,Business,2021-10-31,3.37
93,Alejandro Stephens,18,Female,Psychology,2021-08-13,3.42
94,Robert Kennedy,21,Female,Psychology,2023-02-12,2.4
95,Tricia Garza,25,Other,Biology,2024-03-18,3.36
96,Jacob Paul,19,Other,Mathematics,2023-11-24,3.81
97,Katelyn Cardenas,21,Other,Mathematics,2022-09-17,2.44
98,Audrey Boyd,26,Other,Engineering,2022-09-13,3.33
99,Robert Duncan,18,Female,Mathematics,2021-12-18,3.08
100,Max Hunt,27,Male,Business,2022-11-24,2.24
101,Lori Peterson,23,Male,History,2023-09-20,3.89
102,Heather Holmes,26,Female,Business,2021-05-07,2.54
103,Steven Wise,28,Male,English,2022-04-02,3.6
104,David Wolfe,20,Female,English,2022-09-09,2.29
105,David Allen,29,Male,English,2022-08-20,3.79
106,Tiffany Neal,25,Male,English,2023-10-05,3.05
107,Kenneth Johnson,22,Other,History,2024-09-05,3.95
108,Dalton Elliott,22,Female,Psychology,2021-11-15,3.56
109,Trevor Bartlett,30,Other,Computer Science,2023-10-13,2.21
110,Andrew Gray,27,Female,Mathematics,2022-09-06,2.95
111,Tina Owens,18,Female,English,2022-10-12,2.98
112,Garrett Perez,22,Other,Economics,2023-11-23,3.54
113,Jared Morris,21,Male,Computer Science,2023-11-16,2.02
114,Martha Shaffer,22,Other,Business,2022-09-25,3.51
115,Jennifer Wright,20,Female,Computer Science,2022-06-14,2.49
116,Ms. Amanda Davis,30,Female,Computer Science,2024-01-20,2.86
117,Cameron Lucas,18,Female,History,2022-06-29,2.71
118,Dr. Dawn Booth,18,Female,Economics,2021-12-05,3.25
119,Mary Garza,20,Male,Biology,2023-06-22,3.54
120,Andrew Taylor,23,Male,Business,2022-01-07,3.98
121,Tammie Rogers,24,Female,Biology,2023-07-06,2.98
122,Rebecca Mcconnell,29,Female,Biology,2023-08-29,3.58
123,Kylie Rhodes,29,Female,Economics,2023-10-21,2.77
124,Emily Robertson,30,Other,English,2022-03-13,2.52
125,Elizabeth Velasquez,29,Other,Psychology,2021-06-16,2.13
126,Vicki Larson,30,Male,Engineering,2022-02-09,2.39
127,Monica Parker,29,Female,Biology,2022-01-03,2.85
128,Adam Brooks,27,Female,Biology,2022-01-03,3.82
129,Emily Garcia,18,Other,English,2024-11-29,2.61
130,Joe Sanders,24,Male,Mathematics,2022-05-23,3.62
131,Bethany Martin,21,Male,Computer Science,2022-11-27,3.03
132,Stanley Strong II,24,Other,Business,2021-09-02,3.93
133,Jasmine Lawrence,28,Female,Mathematics,2021-10-16,3.45
134,Shirley Johnson,19,Female,English,2022-04-08,3.85
135,Debra Hill,26,Male,Computer Science,2023-07-30,2.13
