student_id,name,age,gender,major,enrollment_date,gpa
1,Alan Mckee,29,Female,English,2021-02-20,3.82
2,Sabrina Casey,27,Female,Business,2021-06-11,3.21
3,William Gentry,19,Other,Engineering,2021-03-21,2.43
4,Tammy Haas,27,Male,History,2023-07-30,2.54
5,Victor Schwartz,30,Other,Business,2021-09-21,3.66
6,Angela Williams,30,Female,Mathematics,2024-02-16,2.33
7,Kelly Thompson,23,Other,Biology,2021-11-13,2.95
8,Taylor Johnson,19,Male,Computer Science,2022-07-28,2.89
9,Mary Patel,28,Other,Psychology,2023-10-16,2.96
10,Eric Sandoval,20,Male,Psychology,2022-05-19,3.73
11,Joseph Jones,27,Other,History,2022-05-23,2.07
12,Lee Cole,26,Other,Computer Science,2021-04-16,3.56
13,Ashley Foster,28,Other,Engineering,2023-01-28,2.45
14,Bradley Johnson,18,Female,Computer Science,2022-02-10,3.35
15,Joshua Clark,28,Other,Biology,2025-01-22,2.27
16,Phillip Kerr,29,Other,Engineering,2024-03-24,2.01
17,Kathleen Perez,25,Male,Economics,2022-07-12,2.61
18,Ernest Frank,22,Other,Economics,2023-03-26,3.03
19,Jody Howard,20,Other,Computer Science,2022-01-05,3.87
20,Angela Wallace,21,Female,Economics,2021-12-31,2.02
21,Melissa Yang,25,Other,Engineering,2023-11-08,2.61
22,Diane Blanchard,30,Male,Business,2024-12-09,2.29
23,Jonathan Garcia,27,Male,Mathematics,2022-04-19,3.8
24,Cindy Jones,25,Male,Economics,2021-06-19,2.77
25,Timothy Shaw,21,Female,Biology,2021-03-14,2.96
26,Joshua Mccormick,26,Other,Engineering,2022-03-31,2.84
27,Steven Campbell,19,Male,History,2024-10-24,2.18
28,Michael Baxter,24,Male,Business,2024-12-22,3.09
29,Shelby Park,30,Male,Engineering,2022-05-27,3.75
30,Cassandra Wilson,29,Other,Economics,2024-05-23,2.75
31,Mary Jones,18,Other,Mathematics,2023-02-28,3.38
32,Nathan Williams,26,Male,Business,2024-10-09,3.14
33,Paul Odonnell,21,Other,Business,2021-07-08,2.91
34,Jeremy Dunn,24,Other,Mathematics,2024-02-08,2.24
35,Brittney Wagner,28,Other,History,2023-01-29,3.01
36,Jason Sanders,26,Other,Biology,2021-12-04,2.99
37,Charles Campbell,26,Male,Economics,2021-07-12,2.99
38,Brian Sparks,25,Male,Computer Science,2023-06-11,2.22
39,George Thompson,21,Female,Psychology,2021-12-10,2.5
40,Lori Rodriguez,28,Female,Engineering,2022-12-16,3.26
41,Donald Salazar,21,Other,Biology,2024-07-13,2.25
42,Ashley Fields,26,Female,English,2023-10-18,3.8
43,Alison Wallace,25,Other,Mathematics,2021-07-15,3.94
44,Andrew Esparza,20,Female,Mathematics,2021-12-03,3.13
45,Nancy Anderson MD,28,Male,Business,2022-06-19,2.13
46,Melissa Walton,28,Other,History,2021-04-22,3.73
47,Wayne Petersen,28,Other,English,2023-07-18,3.29
48,Adam Harris,30,Female,English,2024-10-20,2.2
49,Christopher Roberts,25,Male,Computer Science,2023-03-16,3.9
50,David Robertson,20,Female,Mathematics,2025-01-31,3.84
51,Jennifer Gilbert,29,Female,Engineering,2021-11-21,3.59
52,James Lowery,26,Male,Business,2024-12-18,2.99
53,Andrew Castillo,21,Male,English,2021-11-12,3.76
54,Melvin Jensen MD,27,Male,English,2024-06-16,3.09
55,Michelle Gray,24,Male,Computer Science,2022-04-11,2.44
56,Zachary Bright,18,Male,English,2024-06-11,2.75
57,Lindsey Brown,23,Male,History,2023-01-07,2.74
58,Timothy Brooks,25,Female,Engineering,2023-07-30,3.97
59,Ronald Melton,20,Other,Engineering,2023-11-20,2.29
60,Timothy Flowers,27,Other,Psychology,2023-03-23,2.63
61,Eric Duncan,29,Male,Psychology,2022-10-25,2.98
62,Joy Bell,27,Male,Business,2021-07-17,3.82
63,Ryan Graves,26,Other,Computer Science,2024-03-13,3.32
64,Nicole Miller,24,Male,Engineering,2024-05-23,2.7
65,Jonathan Fox,19,Female,Mathematics,2022-10-24,3.59
66,Heather Diaz,22,Other,History,2021-11-20,3.86
67,Gordon Russell,26,Other,Biology,2023-01-18,3.09
68,Carolyn Reid,29,Male,Computer Science,2023-11-03,3.3
69,Duane Thomas,23,Male,English,2025-02-01,3.9
70,Kimberly Jennings,28,Male,English,2023-05-14,3.4
71,Alexander Smith,18,Other,Biology,2023-02-02,2.46
72,Anna Gutierrez,19,Male,English,2022-02-13,3.7
73,Maria Cortez,28,Other,Economics,2022-03-31,2.41
74,Angela Montgomery,30,Female,English,2023-08-02,3.53
75,Andrew Smith,21,Other,History,2021-07-16,2.68
76,Raymond Montgomery,25,Other,History,2021-04-10,2.72
77,Savannah Peterson,27,Male,Economics,2023-06-27,3.2
78,Kelly Cohen,21,Female,Business,2023-05-06,3.3
79,Ryan Mcdaniel,27,Female,Business,2021-09-21,3.22
80,Jose Riley,21,Male,Psychology,2023-12-13,3.49
81,Roger Phelps,29,Female,Psychology,2023-02-23,3.98
82,Shaun Ward,18,Female,Business,2021-08-05,2.02
83,Jennifer Ortiz,24,Male,Mathematics,2024-10-31,3.82
84,Xavier Wade,19,Male,History,2022-02-06,3.9
85,Rebecca Phillips,19,Female,Biology,2022-08-18,3.36
86,Benjamin Garcia,29,Female,Biology,2022-01-29,2.43
87,Phillip Simon,28,Male,Psychology,2024-11-04,2.98
88,Robert Meadows,22,Male,Mathematics,2023-05-30,3.65
89,Deborah Cisneros,23,Male,Biology,2022-03-26,2.5
90,Jordan Smith,26,Female,Computer Science,2022-04-26,3.01
91,Gregory Duarte,25,Male,Engineering,2022-12-12,2.01
92,Justin Anthony,30,Female,Psychology,2024-11-03,2.83
93,Shirley Davies,21,Other,Computer Science,2022-09-12,3.07
94,Dorothy Moreno,24,Female,Business,2022-01-05,2.32
95,Amy Diaz,23,Female,History,2022-10-22,3.98
96,Duane Tran,30,Female,Computer Science,2022-04-13,2.15
97,Derrick Leonard,18,Female,English,2024-02-21,2.63
98,James Barr,18,Male,Business,2023-04-25,2.18
99,Katie Thompson,26,Male,English,2023-05-29,3.85
100,Katherine Hester,20,Female,Business,2021-04-24,3.51
101,Diane Mendez,30,Female,Psychology,2021-07-10,2.28
102,Christina Gomez,19,Female,Business,2024-04-24,3.17
103,Willie Garcia,20,Other,Psychology,2024-06-10,2.54
104,Christopher Richardson,28,Male,Engineering,2024-05-29,2.81
105,Andrew Smith,22,Other,Business,2023-12-31,3.9
106,Patricia Benton,18,Other,English,2022-03-17,3.11
107,Keith Sanchez,26,Other,Economics,2022-04-03,2.28
108,Lisa Cruz,19,Female,Engineering,2023-12-31,2.5
109,Krystal Barry,27,Male,Economics,2023-05-25,3.22
110,Debbie Lane,22,Other,Psychology,2023-07-28,3.38
111,Elizabeth Martinez,24,Male,Psychology,2023-07-15,3.94
112,Susan Bautista,20,Male,Biology,2022-01-13,3.46
113,Jennifer Chapman,20,Other,Biology,2021-11-22,3.08
114,Claudia Miller,23,Other,Economics,2024-06-25,2.76
115,Dennis Rice,22,Female,Computer Science,2024-03-30,2.71
116,Kelli Howell,24,Female,History,2024-08-31,3.84
117,Alyssa Gomez PhD,23,Other,English,2023-10-20,2.12
118,Stacy Ashley,30,Other,English,2024-06-17,3.98
119,Leslie Mills,20,Female,Computer Science,2024-10-11,2.95
120,Holly Mercado,28,Female,Engineering,2023-09-12,2.42
121,Kristin Parker,20,Male,Engineering,2022-08-12,3.23
122,Ana Atkinson,26,Other,Economics,2022-05-29,3.53
123,Hailey Duffy,23,Male,Business,2022-05-03,3.62
124,Daniel Wilson,24,Female,Psychology,2021-08-16,3.58
125,Michael Hanson,21,Male,Mathematics,2021-05-08,3.79
126,Frank Hogan Jr.,28,Male,English,2021-12-24,3.49
127,Zachary Patton,19,Other,Computer Science,2023-08-16,3.67
128,Ashley Martinez,27,Other,Computer Science,2022-06-09,2.34
129,James Prince,24,Other,Biology,2024-08-14,2.33
130,Patrick Page,29,Male,Economics,2022-04-22,2.44
