student_id,name,age,gender,major,enrollment_date,gpa
1,Samantha King,22,Male,Computer Science,2023-02-20,2.61
2,Francisco Walton,21,Female,Engineering,2022-10-20,2.13
3,Jonathan Palmer,30,Other,Business,2022-04-17,3.61
4,Cynthia Ross,18,Female,English,2022-05-10,3.86
5,Tricia Flores,18,Male,English,2022-05-12,3.98
6,Rebekah Cross,26,Female,Engineering,2021-06-22,3.09
7,Heather Hunt,22,Male,History,2021-12-08,3.02
8,Kevin Burke,24,Other,Computer Science,2025-01-28,2.53
9,Stephanie Silva,20,Male,Economics,2023-08-15,3.4
10,Michael Montgomery,28,Female,Business,2023-06-25,3.92
11,Jennifer Robinson,28,Female,Computer Science,2021-08-22,3.26
12,Wendy Garrett,22,Male,Engineering,2024-10-24,3.62
13,Ellen Gray,27,Other,Mathematics,2022-06-16,2.86
14,Robert Huber,30,Female,Biology,2022-07-10,2.78
15,Daniel Parker,29,Female,History,2021-02-17,2.71
16,Crystal Blackwell PhD,23,Female,Psychology,2022-09-13,2.85
17,Jasmin White,24,Female,Economics,2023-08-28,3.15
18,Anthony Wilson,30,Female,Biology,2024-05-26,2.28
19,Cynthia Barrett,29,Female,Psychology,2024-08-01,2.38
20,Mark Peters,25,Other,Psychology,2021-11-22,3.48
21,James Mason,24,Other,Computer Science,2023-08-20,3.33
22,Derek Reed,24,Other,Engineering,2023-05-30,3.23
23,Larry Ortega,20,Other,Economics,2022-10-26,2.72
24,Marilyn Davidson,28,Male,Computer Science,2022-01-14,2.65
25,Brian Owen,28,Other,Psychology,2023-06-05,3.54
26,Gary Boyd,25,Male,Psychology,2022-10-16,3.17
27,Amy Long,21,Other,Engineering,2023-05-25,2.87
28,Daniel Moore,25,Male,Engineering,2024-07-29,3.04
29,Thomas Maxwell,24,Other,Economics,2024-07-30,2.27
30,Justin Walters,25,Other,Biology,2022-10-01,2.55
31,Kristine Lang,19,Female,Biology,2023-09-25,3.03
32,Tiffany Fowler,19,Other,History,2025-02-07,2.01
33,Steven Perry,23,Male,History,2021-03-25,3.91
34,Dennis Walker,26,Other,Business,2021-10-28,3.61
35,Cathy Mercado,28,Male,Engineering,2021-04-22,3.71
36,Mr. Maurice Williams,26,Other,Mathematics,2022-09-26,3.95
37,Jessica Petersen,26,Male,Mathematics,2022-04-15,3.28
38,Paul Smith,26,Male,English,2023-03-27,3.7
39,Sheila Myers,23,Male,Business,2024-06-12,2.07
40,Michelle Morgan,29,Other,Business,2024-01-20,3.29
41,Tiffany Wise,21,Male,Engineering,2022-07-08,3.91
42,Melanie Donovan,19,Other,Psychology,2021-03-19,3.09
43,Dawn Myers,22,Female,Mathematics,2021-08-03,2.16
44,Michael Harper,28,Female,Business,2023-02-07,3.16
45,David Farmer,20,Male,Psychology,2021-05-04,3.38
46,Jose Gardner,24,Female,Biology,2023-05-03,3.17
47,Richard Simmons,23,Female,Mathematics,2025-01-24,3.51
48,Douglas Jones,23,Male,Computer Science,2021-11-24,3.91
49,Steven Johnson,27,Female,History,2024-12-24,3.41
50,Jerry Gray,26,Other,History,2023-10-15,2.97
51,Joseph Phillips,26,Other,English,2023-02-18,2.93
52,Margaret Murphy,26,Other,English,2023-04-07,3.53
53,Christopher Bray,28,Other,Business,2021-04-10,3.55
54,Bradley Wood,21,Female,Computer Science,2023-11-17,2.64
55,Catherine Pham,29,Other,Psychology,2021-04-04,2.3
56,Christie Young,24,Male,English,2022-12-15,3.85
57,Michael Dixon,29,Male,Engineering,2021-06-12,3.23
58,Ashley Moody DVM,29,Male,History,2022-10-13,2.26
59,Ashley Brewer,26,Other,Psychology,2025-01-22,2.86
60,Victoria Wallace,19,Female,Mathematics,2023-10-06,3.65
61,Roberta Mcfarland,22,Male,Business,2023-11-06,3.67
62,Patrick Anderson,30,Male,Mathematics,2023-06-10,2.27
63,Brooke Koch,21,Male,Economics,2021-06-30,3.74
64,Jodi Warren,26,Female,English,2023-03-09,3.51
65,William Simmons,30,Male,English,2021-05-17,3.01
66,Howard Grant,28,Female,Mathematics,2022-05-29,3.46
67,Michael Lewis,26,Male,Psychology,2023-11-24,2.09
68,Colleen Lopez,28,Male,Business,2023-08-08,2.23
69,Thomas Casey,28,Female,Economics,2023-11-15,3.06
70,Mark Love,30,Male,History,2023-02-15,2.79
71,Parker Hudson,18,Female,Psychology,2024-12-29,3.66
72,Michael Jones,29,Other,Computer Science,2021-07-30,2.66
73,Sandra Harrington PhD,30,Female,History,2022-12-02,2.06
74,James Gonzales,21,Male,Biology,2023-10-13,3.26
75,Lydia Brown,22,Male,Engineering,2024-06-26,2.57
76,Regina Kennedy,21,Female,Biology,2023-02-22,3.65
77,Richard Johnston,23,Female,Biology,2023-06-21,2.62
78,Linda Perry,18,Female,English,2023-07-25,2.96
79,Jamie Russo,25,Male,Engineering,2023-02-06,3.17
80,Linda Ibarra,21,Male,Engineering,2025-01-05,2.86
81,Paul Larson,26,Male,Biology,2021-03-11,3.47
82,Denise Adams,18,Female,Biology,2021-12-23,2.68
83,Miss Lauren Brooks MD,29,Female,Psychology,2024-12-07,2.9
84,Gerald Young,25,Other,Economics,2022-07-18,2.78
85,Geoffrey Patterson,21,Male,Computer Science,2021-09-30,2.35
86,Patricia Blevins,29,Female,Engineering,2021-06-11,2.78
87,Sophia Key,20,Male,Business,2021-12-15,3.17
88,Morgan Johnston,18,Female,Biology,2024-06-29,3.27
89,Michael Pacheco,27,Male,Business,2023-08-31,3.83
90,Christopher Mcgee,27,Female,Economics,2023-01-15,3.44
91,Jill Brown,23,Other,Business,2022-02-28,2.83
92,Amanda Potter,28,Female,English,2021-05-26,2.08
93,Jennifer Rodriguez,24,Other,Biology,2024-08-20,2.21
94,Kelly Cannon,25,Other,History,2021-12-24,3.99
95,Jillian Williams,27,Other,Economics,2024-01-22,3.29
96,Lisa Thomas,24,Female,Computer Science,2022-07-24,2.81
97,Jeremy Contreras,23,Male,Economics,2024-07-28,2.31
98,Kelsey Green,23,Other,Psychology,2024-02-12,2.1
99,Derek Davis,28,Female,History,2023-02-03,2.09
100,Ashley Baker,27,Other,Engineering,2023-11-24,2.54
101,Donald Parker,27,Female,Biology,2023-06-04,2.26
102,Kayla Knight,30,Male,Business,2024-02-04,2.61
103,Edgar Fritz,28,Other,Business,2023-09-20,2.7
104,Tom Moore,24,Other,Engineering,2024-12-05,2.93
105,Casey Caldwell,29,Other,Psychology,2024-11-23,3.12
106,Gregory Stewart,18,Male,History,2024-01-19,3.88
107,Shannon Perkins,22,Other,Economics,2023-02-08,2.79
108,Jill Dougherty,18,Male,Psychology,2023-12-22,2.41
109,Susan Pitts,21,Male,Economics,2024-07-06,2.13
110,Samantha Cohen,20,Female,English,2021-09-20,3.57
111,Jenna Moore,24,Other,History,2022-06-14,3.25
112,Jorge Smith,29,Female,Biology,2021-10-12,2.87
113,Luis Hernandez,27,Other,Economics,2024-12-28,3.13
114,Tonya Davidson DVM,18,Female,Economics,2022-04-25,3.12
115,Joshua Gordon,25,Other,Computer Science,2022-01-28,2.95
116,Matthew Smith,28,Other,Biology,2023-12-18,2.46
117,Crystal Hall,28,Other,Engineering,2022-05-30,3.46
118,Veronica Meadows,18,Other,Engineering,2023-04-25,3.29
119,Tanya Perez,19,Other,Business,2023-03-16,3.98
120,Joann Moran,24,Male,Biology,2023-07-27,3.09
121,Karen Hicks,19,Male,Psychology,2022-09-23,3.61
122,John Ward,27,Female,Computer Science,2023-07-30,2.02
123,Amber Griffin,27,Female,Biology,2021-12-26,2.75
124,Lindsay Maxwell,22,Female,Biology,2023-02-22,3.65
125,Daniel Richards,20,Female,History,2023-01-07,3.3
126,Lee Robbins,20,Other,Engineering,2024-05-04,3.44
127,Madison Hendrix,21,Male,History,2023-12-29,3.59
128,Brandi Simpson,23,Other,Mathematics,2023-09-14,2.27
129,Lisa Reed,19,Female,Computer Science,2023-04-02,3.95
130,David Smith,18,Male,Business,2023-03-18,3.29
131,Kimberly Glover,26,Male,Biology,2024-11-04,2.24
132,Melissa Smith,28,Other,History,2024-11-11,2.06
133,Mark Carlson,28,Female,Business,2024-07-30,2.07
134,Darren Jones,20,Female,Mathematics,2024-12-08,3.97
