age,student_id,gender,gpa,enrollment_date,NAME,major
27,1,Female,3.84,2021-03-21,Mark Gutierrez,Engineering
26,2,Other,2.93,2023-09-23,Sandra Castro,Computer Science
18,3,Female,2.75,2023-10-15,Denise Morton,Mathematics
23,4,Female,2.85,2023-10-13,Craig Reed,Biology
29,5,Other,3.07,2023-05-27,Gary Ramirez,Biology
28,6,Female,2.39,2024-08-19,Matthew Trujillo,Psychology
24,7,Female,2.16,2024-12-08,Amy Baldwin,English
27,8,Female,2.72,2023-10-26,Troy Mcdaniel,Computer Science
22,9,Other,2.47,2022-01-16,Michelle Rice,Mathematics
26,10,Other,2.39,2024-09-16,Bryan Henry,Engineering
27,11,Male,3.06,2024-01-13,David Ellison,Economics
29,12,Other,3.69,2025-01-07,Amanda Richards,Psychology
23,13,Other,3.16,2024-10-10,Jonathan Weber,History
21,14,Other,3.54,2023-07-26,Anthony Jones,History
29,15,Male,3.29,2023-06-02,Nicole Mccall,Psychology
25,16,Other,3.66,2022-04-29,Benjamin Lee,Psychology
22,17,Female,3.29,2024-09-01,Joshua Webb,Computer Science
18,18,Other,2.84,2022-12-04,Matthew Brown,Biology
18,19,Male,3.8,2023-07-14,Gregory Acevedo,Mathematics
30,20,Other,2.15,2024-09-27,Roger Ho,Economics
30,21,Male,2.42,2022-08-25,Jennifer Cuevas,Mathematics
19,22,Male,3.45,2022-04-30,John Allen,Biology
30,23,Female,2.73,2023-03-06,Mary Davis,Biology
27,24,Female,2.13,2022-05-23,Cynthia Acosta,Business
29,25,Male,3.51,2024-11-19,Peter Davis,Psychology
19,26,Female,3.89,2022-06-23,Kathy Harrison,Biology
18,27,Male,2.51,2022-08-21,Melanie King,History
18,28,Other,3.25,2023-04-11,Michael Kline,History
21,29,Female,3.04,2024-03-03,Michael Edwards,Business
28,30,Other,2.91,2021-06-22,Kelli Murphy,Biology
19,31,Male,3.25,2021-12-23,Jennifer Marshall,History
25,32,Male,2.55,2024-12-27,Courtney Harris,Engineering
22,33,Female,3.18,2025-01-25,James Brewer,Computer Science
21,34,Other,2.82,2022-06-16,Sharon Carpenter,Engineering
30,35,Other,2.84,2022-12-23,Sean Elliott,Psychology
28,36,Female,3.76,2022-07-31,Jonathan Miller,Biology
18,37,Female,3.54,2021-02-25,Karl Burns,English
26,38,Other,3.56,2024-04-04,William Stuart,Biology
18,39,Other,2.56,2024-03-08,Joanna Booth,Computer Science
27,40,Other,2.46,2024-01-19,Angela Miles,Economics
24,41,Female,3.39,2022-10-15,Rachel Wong,Psychology
26,42,Male,2.02,2024-03-26,Kristin Ramos,English
21,43,Other,3.54,2022-06-29,Travis Nelson,Business
19,44,Other,2.54,2022-02-16,Jennifer Allen,Computer Science
30,45,Male,3.79,2022-01-06,Jessica Winters,Biology
19,46,Male,3.19,2022-06-04,Justin Williams,History
26,47,Other,3.86,2022-10-29,Ricky Hooper,English
29,48,Male,2.66,2022-12-27,Brian Moore,English
25,49,Other,2.42,2021-06-12,Jesus Martinez,Biology
26,50,Other,3.96,2022-12-18,Seth Hayes,Business
19,51,Female,3.88,2021-09-02,Jessica English,History
24,52,Other,2.61,2021-02-19,Sarah Porter,Psychology
20,53,Other,2.2,2022-08-31,David Carroll,Mathematics
24,54,Male,3.25,2025-01-12,Stephen Hunt,Psychology
24,55,Female,2.09,2023-09-28,William Garcia,Biology
23,56,Female,2.21,2023-03-29,Timothy Perez,History
26,57,Female,2.55,2023-02-24,Jessica Alvarez,Economics
18,58,Female,2.68,2022-01-30,Dr. Megan Washington,Computer Science
30,59,Female,2.23,2022-07-13,Stephanie Bradley,History
19,60,Male,3.97,2024-01-31,Gwendolyn Haynes,Business
22,61,Male,3.7,2023-09-12,Jose Black,Engineering
19,62,Male,3.66,2021-03-07,Jose Williams,Mathematics
18,63,Female,3.89,2022-12-24,Christy Scott,Engineering
28,64,Female,2.79,2022-03-12,Elizabeth Alvarez,Psychology
29,65,Other,3.86,2023-08-08,Rebecca Davis,History
27,66,Other,3.02,2021-08-13,Pamela Patrick,Engineering
26,67,Male,2.34,2024-08-30,Natalie Collins,Economics
21,68,Other,2.46,2024-07-15,Stephanie Hutchinson,History
28,69,Other,3.36,2023-01-20,Dawn Nguyen,Mathematics
21,70,Other,2.18,2021-05-22,Amy Stafford,Biology
26,71,Male,2.44,2021-02-20,Holly Cooper,Engineering
23,72,Female,2.14,2023-03-17,Tara Sandoval,Mathematics
21,73,Other,2.72,2021-06-06,Amber Anderson,Mathematics
18,74,Female,2.27,2021-05-07,Juan Diaz,Biology
26,75,Male,2.94,2024-06-04,Andrew Miller,Biology
23,76,Male,2.45,2021-04-17,Kevin Johnson,Business
26,77,Male,2.19,2024-11-21,Steve Myers,History
18,78,Other,3.09,2024-05-12,Kevin Young,Computer Science
19,79,Male,3.39,2024-06-19,Ashley Vasquez,Business
22,80,Male,2.94,2024-04-16,Teresa Jacobs MD,Biology
21,81,Other,2.8,2023-10-25,Brenda Sims,Psychology
24,82,Male,3.92,2023-04-30,Jeffery Carter,Mathematics
26,83,Male,3.68,2021-09-07,Amanda Nunez,History
26,84,Male,3.74,2021-12-18,Steven Harrell,English
27,85,Male,2.59,2024-01-01,Robert Tucker,Engineering
26,86,Male,3.65,2022-04-21,Mary Davidson,Economics
22,87,Other,2.85,2023-01-09,Jennifer Smith,English
29,88,Female,2.46,2023-08-02,Sarah Smith,English
21,89,Male,2.74,2023-01-31,Kurt Swanson,History
21,90,Female,3.15,2022-12-03,Joseph Nguyen,Mathematics
23,91,Female,3.41,2022-05-02,Amber Williams,Economics
27,92,Male,2.02,2024-08-10,Jennifer Phillips,English
21,93,Female,3.31,2021-10-14,Michelle Browning,Economics
30,94,Female,3.87,2022-05-22,Miss Victoria Lee MD,Economics
25,95,Other,3.15,2024-04-27,Patricia Thomas,Computer Science
21,96,Other,3.66,2021-09-11,Leah Shaw,Computer Science
24,97,Female,2.2,2024-01-28,Joseph Hill,English
28,98,Other,2.86,2024-01-23,Ethan Mcmillan,Mathematics
25,99,Female,3.55,2022-10-02,Dana Barton,Economics
21,100,Other,2.68,2022-08-15,Thomas Wilson,Psychology
21,101,Male,3.03,2022-03-23,Brandon Lloyd MD,Mathematics
25,102,Female,3.51,2021-09-24,Lauren Bernard,English
23,103,Other,3.23,2021-02-21,Dustin Anderson,Economics
25,104,Other,2.69,2024-05-02,Richard Davis,Psychology
20,105,Other,3.34,2021-06-05,Shannon Wilson,History
28,106,Other,3.36,2022-07-14,Jerry Smith,Computer Science
26,107,Female,3.52,2024-08-08,Michael Thompson,Economics
28,108,Male,3.78,2024-09-16,Alexandra Osborne,Economics
24,109,Male,2.71,2022-01-11,Donna Hernandez,Biology
20,110,Male,3.2,2021-06-02,Billy Watson,Biology
22,111,Male,3.73,2024-01-29,John Martinez,Psychology
21,112,Male,3.63,2024-05-04,Jessica Pope,Psychology
20,113,Male,2.8,2023-12-14,Mark Lindsey,Psychology
24,114,Male,3.01,2021-03-27,Jessica Myers,Economics
30,115,Female,2.71,2021-05-20,Vanessa Moore,English
23,116,Male,2.4,2023-05-15,Shannon Williams,Economics
23,117,Female,2.84,2023-10-20,Omar Walker,Psychology
19,118,Other,3.25,2024-10-11,Michael Massey MD,Computer Science
20,119,Other,2.15,2024-07-11,Meredith Gardner,Computer Science
22,120,Female,2.89,2024-10-02,Miss Alicia Roman,Mathematics
18,121,Female,2.87,2021-08-26,Bridget Flores,Economics
21,122,Female,2.17,2022-07-21,Douglas Newton,Biology
22,123,Other,3.32,2022-05-10,Michael Oliver,History
18,124,Other,2.06,2022-12-09,Mr. Robert Johnson,History
27,125,Male,3.89,2023-10-09,Troy Hart,Engineering
20,126,Female,3.7,2023-12-04,Eric Hines,Biology
29,127,Other,2.55,2023-10-22,Mark Maldonado,Mathematics
22,128,Female,3.84,2022-12-20,Travis Hansen,Economics
29,129,Female,2.85,2023-10-10,Todd Villa,Mathematics
26,130,Male,2.08,2021-09-25,Ricky Johnson,Economics
24,131,Female,2.77,2024-11-12,Susan Shelton MD,Business
25,132,Male,3.87,2022-09-13,Eric Kaiser,Economics
29,133,Female,3.48,2024-05-28,Autumn Bowman,Biology
21,134,Female,3.78,2022-07-13,Ryan Thomas,Computer Science
24,135,Other,3.37,2023-08-24,Kayla Collins,English
26,136,Male,2.55,2022-11-04,Monica Sanchez,History
18,137,Female,3.82,2021-10-17,Frank Dickerson,Psychology
26,138,Other,2.5,2023-01-02,Charles Goodwin,Computer Science
