student_id,name,age,gender,major,enrollment_date,gpa
1,Eileen Shaw,30,Female,Economics,2024-11-10,2.96
2,Brent Navarro,19,Other,Mathematics,2024-05-12,3.65
3,Joyce Duncan,27,Other,Biology,2024-07-01,2.39
4,Tony Rodriguez,29,Female,Biology,2022-11-13,2.79
5,Martin Garza,19,Other,Mathematics,2021-04-30,3.49
6,Lisa Brown,25,Other,Economics,2023-04-01,2.96
7,Scott Davis,25,Female,Business,2024-12-13,3.81
8,Ashley Porter,25,Male,Economics,2024-03-11,2.49
9,Meredith Lopez,27,Male,Biology,2021-04-18,2.02
10,Christian Michael,26,Other,History,2024-04-03,2.88
11,Rodney Bowman,23,Female,Biology,2022-12-02,3.89
12,Angela Johnson,19,Male,Economics,2024-12-13,3.4
13,Diana Farrell,21,Male,Engineering,2023-08-04,3.38
14,Cynthia Soto,27,Other,Engineering,2022-07-21,3.2
15,Alyssa Lawson,19,Other,Economics,2023-08-03,3.09
16,Dr. Whitney Delacruz,25,Other,Economics,2024-07-17,3.81
17,Kenneth Berg,22,Male,Economics,2022-10-04,2.38
18,Teresa Barrett,19,Other,Mathematics,2024-05-18,3.41
19,Renee Jones,21,Female,History,2023-01-20,2.37
20,Mark Duncan,22,Female,Psychology,2021-04-17,3.64
21,Michelle Lowery,20,Female,English,2021-09-15,4.0
22,Adam Lopez,21,Male,Business,2022-01-11,3.5
23,Sarah Arellano,24,Male,Economics,2023-05-14,2.58
24,Jennifer Nguyen,22,Male,English,2021-06-15,3.23
25,Jeffrey Massey,22,Other,Mathematics,2021-11-02,2.28
26,Carol Hopkins,30,Male,Computer Science,2024-04-19,3.7
27,Kyle Freeman,29,Other,History,2021-12-14,2.93
28,Joseph Wilcox,23,Other,Psychology,2022-12-14,3.12
29,Tammy Bailey,23,Male,Mathematics,2024-04-02,3.07
30,Gary Chandler,29,Female,Psychology,2024-01-27,2.82
31,Robert Pacheco,19,Other,Mathematics,2024-04-15,3.35
32,John Herrera,19,Female,Economics,2023-06-30,3.95
33,Lisa Mathews,19,Other,History,2025-01-11,2.2
34,Sara Davis,20,Other,History,2022-10-27,3.82
35,Kimberly Bailey,27,Other,Psychology,2023-04-09,2.24
36,Christina Chen,22,Male,Mathematics,2024-03-04,2.63
37,Lori Garner,24,Male,Economics,2021-10-28,3.17
38,Michael Davis,19,Other,Computer Science,2022-10-10,2.31
39,Sabrina Hebert,25,Male,History,2024-10-21,2.24
40,Miss Rebecca Stone,18,Female,Computer Science,2022-11-12,2.19
41,Jordan Lutz,20,Male,Computer Science,2022-07-24,2.71
42,Jennifer Larson,22,Male,Economics,2023-07-25,3.82
43,Melissa Leon,19,Male,Biology,2024-02-16,2.42
44,Tanner Carter,26,Female,Computer Science,2021-03-31,3.95
45,April Roberts,20,Male,Biology,2023-08-19,2.14
46,Amber Scott,29,Female,Economics,2022-09-16,3.31
47,Penny Jackson,22,Male,Biology,2023-01-17,3.42
48,Rebecca Kelly,21,Other,Computer Science,2021-06-30,3.9
49,Elizabeth Villegas,26,Female,History,2023-05-05,3.05
50,Cynthia Merritt,18,Female,English,2023-10-08,2.99
51,Benjamin Bryant,28,Male,English,2023-07-13,2.45
52,Bruce Thompson,28,Other,History,2023-04-22,3.53
53,Margaret Soto,19,Male,Business,2024-12-03,3.44
54,Tammie Fowler,25,Female,English,2023-10-22,2.3
55,Michael Jacobs,24,Female,Psychology,2023-01-31,2.05
56,Katrina Wilson,29,Female,Economics,2022-08-17,3.0
57,Lauren Mosley,28,Other,Economics,2021-11-29,2.59
58,Sara Thomas,27,Other,English,2024-07-15,2.39
59,Terry Turner II,19,Other,Mathematics,2024-04-18,2.07
60,Sean Herman,20,Male,Biology,2025-02-08,2.55
61,Tyrone Hill,28,Female,English,2025-02-04,2.41
62,Keith Walter DDS,30,Male,Economics,2024-05-14,3.42
63,Zachary Hill,25,Male,History,2022-12-27,2.04
64,Ashley Clark,23,Male,Computer Science,2024-11-17,2.22
65,Frederick Weber,19,Male,Biology,2021-11-20,3.03
66,Emily Hernandez,19,Female,History,2024-12-11,3.3
67,Toni Gray,22,Other,History,2024-09-01,2.7
68,Ashley Carlson,19,Male,Psychology,2024-08-14,2.51
69,Joshua Wilson,27,Female,Business,2022-07-22,2.12
70,Cassandra Sullivan,29,Other,Computer Science,2025-01-05,2.75
71,Brandi Shaffer,18,Male,Psychology,2024-07-06,2.65
72,Daniel Rodriguez,22,Female,History,2021-05-03,3.15
73,Mary Scott,22,Female,Computer Science,2021-04-08,3.69
74,Raymond Wood,18,Female,Computer Science,2024-05-07,3.31
75,Mr. William Flores,20,Female,Psychology,2022-10-16,2.7
76,Norma Gonzalez,24,Other,Business,2023-11-23,3.37
77,Paige Gray,30,Male,English,2022-09-13,2.27
78,Brandy Carney,22,Male,Business,2024-12-25,2.68
79,Amber Barker,27,Female,Business,2021-02-26,2.13
80,Robert Martinez,27,Other,Business,2021-02-17,2.49
81,Zachary Stout,18,Male,Economics,2021-03-29,2.08
82,Terri Jones,20,Male,English,2023-06-26,3.43
83,Adrian Stephens,26,Other,Business,2023-03-03,2.08
84,Tara Tran,26,Other,Economics,2024-03-12,3.61
85,Mr. Christopher Stokes,22,Female,Economics,2023-01-28,3.54
86,Kathryn Taylor,21,Male,Biology,2022-07-18,2.76
87,Kelsey Parker,30,Other,English,2021-07-30,2.79
88,Ms. Holly Smith,28,Male,Computer Science,2023-01-01,2.73
89,Katherine Farmer,27,Female,History,2022-09-15,3.41
90,Jennifer Cooper,25,Male,Psychology,2021-12-09,2.63
91,Jeremy Taylor,23,Female,Mathematics,2021-02-24,2.05
92,Andre Collins,29,Other,History,2021-10-06,2.33
93,Brooke Mccormick,26,Female,Engineering,2023-11-16,3.51
94,Michelle Esparza,22,Other,Business,2023-12-18,3.1
95,Ann Payne,30,Other,Mathematics,2022-06-19,3.69
96,Jesus Copeland,20,Male,Biology,2022-07-03,2.1
97,Paul Scott,24,Other,Computer Science,2023-08-18,2.32
98,Tiffany Nelson,23,Other,Economics,2024-02-24,3.94
99,Christopher Fisher,20,Female,Economics,2021-09-03,3.16
100,Jacob Hughes,28,Female,Mathematics,2021-03-27,3.34
101,Deborah Long,27,Male,History,2024-02-04,2.88
102,Brenda Young,18,Female,English,2025-02-02,3.38
103,Amanda White,28,Female,History,2022-03-18,3.42
104,Stephen Foley,28,Other,Mathematics,2022-12-04,2.76
105,Brenda Jones,18,Male,Computer Science,2023-11-05,3.34
106,Felicia Rodriguez,21,Other,Computer Science,2022-09-23,2.24
107,Amanda Rice,28,Female,Economics,2021-09-22,3.65
108,Taylor Curtis,30,Other,Economics,2024-10-10,3.42
109,Margaret Haynes,27,Other,Computer Science,2024-06-16,3.88
110,Diana Beard,27,Male,Economics,2021-09-09,3.23
111,John Clayton,21,Male,Engineering,2022-03-12,3.05
112,Joseph Hall,22,Other,Psychology,2021-07-06,3.94
113,Nicholas Medina,20,Female,English,2021-04-08,3.69
114,Cassandra Jackson,21,Female,History,2024-04-12,3.28
115,Carmen Rodriguez,29,Other,Engineering,2023-09-28,3.41
116,Roy Smith,27,Other,Biology,2021-10-25,3.4
117,Latoya Bryant,28,Male,Engineering,2023-12-29,3.45
118,Shelly Riley,24,Other,Business,2022-09-29,3.36
119,James Brown,22,Male,Business,2023-04-04,3.94
120,Rachel Trevino,20,Female,Computer Science,2024-05-16,2.93
121,Amanda Bautista,25,Female,Computer Science,2021-11-24,2.97
122,Tracy Howard,22,Female,Psychology,2023-08-14,3.91
123,Patricia Clayton MD,20,Other,Psychology,2023-03-04,3.85
124,Tom Gonzalez,28,Male,Computer Science,2022-11-06,2.31
125,Heather Weber,19,Female,History,2022-10-18,2.4
126,Curtis Deleon,19,Other,Economics,2023-02-08,2.58
127,Elizabeth French,28,Female,Economics,2022-08-12,2.64
128,Angela Lin,30,Female,Economics,2023-06-17,2.68
129,Teresa Howell,29,Female,Mathematics,2024-07-26,3.5
130,Theresa Harris,28,Female,History,2024-12-01,2.05
131,Steven Herrera,20,Other,Psychology,2021-09-04,3.0
132,Jeremy Smith,21,Other,Psychology,2022-10-23,2.44
133,Mia Miller,26,Male,Biology,2021-03-04,3.66
134,Tracy Sanchez,30,Other,Economics,2024-11-25,2.52
135,Christopher Chen,18,Other,Business,2022-04-13,2.55
136,Michael Sparks,25,Female,Computer Science,2024-08-28,3.21
137,Logan Ramirez,30,Other,Mathematics,2024-09-17,3.74
138,Melissa Garcia,29,Other,Biology,2021-03-02,2.77
139,Evelyn Carson,22,Other,English,2021-10-18,2.1
140,Danielle Potts,23,Male,Economics,2022-12-26,2.2
141,Andrew Washington,22,Other,Engineering,2021-06-10,2.63
142,Michael Shah,24,Other,Psychology,2021-03-27,3.58
143,Danny Turner,29,Female,History,2024-05-02,2.71
