student_id,name,gender,major,enrollment_date,gpa
1,Valerie Sanders,Male,English,2023-06-23,2.81
2,Anthony Sanchez,Male,English,2023-04-19,2.95
3,Thomas Bond,Other,Biology,2022-09-28,2.26
4,Aaron Munoz,Other,Business,2021-03-05,3.75
5,Joshua Simmons,Female,Psychology,2024-08-28,3.54
6,John Orr,Other,Biology,2024-01-21,2.39
7,Yvette Gray,Male,English,2024-03-11,3.77
8,Eric Williams,Male,Engineering,2024-11-08,2.4
9,Jennifer Larsen,Male,Psychology,2024-05-05,3.11
10,Erik Ward,Female,Economics,2022-04-23,2.11
11,Nichole Kelly,Male,Economics,2021-05-31,2.83
12,Alan Schneider,Male,English,2023-04-30,2.96
13,Eric Robinson,Female,Biology,2024-10-05,2.95
14,Ashley Walker,Other,Computer Science,2024-04-13,3.14
15,Brittany Smith,Male,Mathematics,2023-10-08,2.25
16,Randy Williams,Other,History,2022-01-30,2.88
17,Tammy Brown,Male,Business,2024-11-22,3.29
18,Leslie Torres,Male,Economics,2022-03-28,2.92
19,Michael Meyer,Female,Business,2023-07-13,2.35
20,Justin Stevens,Other,Mathematics,2021-06-29,3.43
21,Richard Murphy,Female,Biology,2022-09-30,2.74
22,Stephen Perkins,Male,History,2024-08-07,2.34
23,Melinda Williams,Other,Psychology,2022-11-30,3.26
24,Brian Dixon,Female,Biology,2023-01-24,2.8
25,Katherine Schwartz,Female,Engineering,2023-10-08,2.22
26,Dr. Joanna Fry DDS,Other,Business,2024-09-03,3.38
27,Sandra Diaz,Female,English,2021-09-02,3.27
28,David Joseph,Male,Engineering,2021-08-23,2.78
29,Michele Whitaker,Male,Psychology,2022-08-06,3.81
30,Robert Duncan,Male,Engineering,2021-04-26,2.57
31,Mary King,Other,History,2021-05-05,3.59
32,Tyler Martinez,Male,Computer Science,2021-09-04,2.02
33,Melanie Rojas,Female,Business,2024-08-26,3.94
34,Pamela Smith,Female,Business,2021-08-27,3.83
35,Heather Wiley,Other,Computer Science,2022-01-31,3.69
36,Jessica Jones,Other,English,2025-01-10,2.2
37,Keith Black,Female,Biology,2024-06-27,3.84
38,Jacqueline Mcpherson,Female,Engineering,2021-11-01,3.14
39,Elizabeth Martinez,Other,Mathematics,2021-05-26,2.01
40,Chase Andrews,Female,Economics,2021-05-27,2.17
41,Maria Williamson,Male,Business,2022-09-30,2.12
42,Michael Sanders,Other,Business,2022-07-04,2.75
43,Robin Jackson,Female,Engineering,2023-03-31,2.85
44,Tony Frost,Other,History,2024-03-16,3.53
45,William Anderson,Other,Computer Science,2025-01-31,2.69
46,Lacey Wilson,Male,Economics,2024-06-25,3.51
47,Steven Chapman,Other,Computer Science,2023-05-07,2.44
48,Jocelyn Walker,Other,Mathematics,2024-08-04,3.06
49,Antonio Armstrong,Female,History,2021-09-18,3.34
50,Scott Williams,Other,Engineering,2022-10-03,3.85
51,Richard Rodriguez,Other,Business,2021-10-10,3.56
52,Jaime Becker,Male,Psychology,2024-03-29,3.3
53,Amanda Rowland,Other,Economics,2023-01-14,3.58
54,Angela Chen,Male,History,2023-09-12,2.63
55,Paul Steele,Other,English,2023-09-01,3.62
56,Sarah Davis,Female,Computer Science,2024-07-29,3.8
57,Lynn Ball,Male,Psychology,2021-03-13,3.32
58,Tammy Brown,Other,Mathematics,2021-11-10,3.54
59,Patrick Morgan,Other,Computer Science,2022-04-12,3.29
60,Tanya Ortiz,Other,Mathematics,2022-03-19,3.56
61,Melissa Griffin,Other,Psychology,2021-03-17,3.67
62,Stephanie Richardson,Other,Engineering,2024-09-18,2.21
63,Jennifer Moore,Male,Business,2023-01-11,3.76
64,Jade Weber,Other,Psychology,2023-06-24,3.49
65,Pamela Kelly,Other,Psychology,2024-01-16,3.87
66,Gerald Levine,Male,Psychology,2024-06-25,3.85
67,Amy Morgan,Other,Computer Science,2023-02-20,2.69
68,Kelli Rodriguez,Female,History,2021-12-07,3.67
69,Rebecca Jackson,Female,Computer Science,2021-11-15,2.47
70,Steve Banks,Other,Business,2024-07-18,2.35
71,Charles Meza DDS,Female,Engineering,2021-04-17,2.98
72,Jessica Hernandez,Male,Computer Science,2023-11-09,3.6
73,Luke Ramos,Other,Mathematics,2023-02-14,2.47
74,Jason Gibson,Female,Biology,2024-02-05,2.97
75,Jeffrey Mack,Female,Mathematics,2021-04-07,2.7
76,Christopher Roberts,Male,Psychology,2024-07-19,3.09
77,Frederick Leach,Other,Business,2024-12-15,2.2
78,Kelsey Reynolds,Other,History,2024-10-17,2.35
79,Dana Chandler,Other,Computer Science,2022-09-17,2.35
80,Heidi Baldwin,Other,Psychology,2024-06-17,3.58
81,Lee Stephens,Female,History,2025-01-08,2.24
82,Ashley Howell,Other,Computer Science,2021-11-04,3.83
83,Ann Smith,Male,Mathematics,2021-04-02,2.89
84,Chad Larson,Male,Biology,2022-03-13,3.24
85,Roberto Brown,Female,English,2021-07-23,2.49
86,Thomas Davis,Female,Economics,2022-03-01,3.72
87,Diana Mitchell,Male,Computer Science,2023-11-11,2.93
88,Joshua Fuller,Male,Biology,2021-06-07,3.86
89,Duane Martin,Female,Engineering,2021-07-03,2.36
90,Renee Willis,Male,Engineering,2023-11-05,3.69
91,Cynthia Brown,Other,Psychology,2022-11-29,2.4
92,Elizabeth Ryan,Male,English,2021-06-17,3.47
93,David Smith,Female,Biology,2024-08-31,3.82
94,Jodi Moore,Female,Business,2024-08-05,2.2
95,Richard Dennis,Other,Mathematics,2021-07-29,2.09
96,Alexander Webb,Female,Business,2023-01-05,2.69
97,Jennifer Guzman,Other,History,2023-06-18,2.8
98,Jennifer Ramos,Male,Computer Science,2022-02-03,2.65
99,Samantha Salinas,Other,Business,2024-08-07,3.13
100,Mary Higgins,Male,Biology,2023-12-09,3.49
101,James Johnson,Male,Psychology,2024-05-31,2.15
102,Deborah Taylor,Other,Engineering,2021-06-09,2.36
103,Adrian Rich,Other,Computer Science,2024-12-23,3.57
104,Christopher Robinson,Female,Computer Science,2021-10-04,3.4
105,Patrick Franklin,Female,Computer Science,2023-03-04,3.75
106,Donna Kennedy,Other,Engineering,2023-07-20,3.59
107,Lisa Smith,Other,Psychology,2021-11-17,2.12
108,Candice Murray,Female,Computer Science,2023-12-29,2.48
109,Tyler Carlson,Other,Psychology,2021-02-17,2.06
110,Susan Turner,Male,History,2024-03-09,2.02
111,Crystal Booth,Other,Computer Science,2023-05-25,3.4
112,Stephen Martin,Female,History,2024-05-23,3.49
113,Christine Smith,Male,Business,2022-08-18,2.22
114,Stephen Maxwell,Male,Business,2024-07-15,2.18
115,Rebecca Powell,Other,Computer Science,2023-04-15,3.57
116,Mr. Bradley Powers PhD,Female,Mathematics,2024-11-10,3.03
117,Christina Young,Male,Biology,2024-04-19,2.14
118,Matthew Welch,Male,Psychology,2021-11-14,2.26
119,Lindsey Cooper,Female,History,2023-09-26,2.73
120,Amber Gilbert,Other,English,2021-11-26,2.16
121,Erin Coleman,Male,English,2024-01-24,3.96
122,Loretta Gomez,Male,History,2022-10-03,3.26
123,Hannah Howard,Other,Computer Science,2024-05-04,3.96
124,Whitney Williams,Female,Engineering,2021-09-18,3.04
125,Margaret Medina,Male,Computer Science,2025-02-03,3.46
126,Patricia Robertson,Female,Economics,2022-05-12,2.76
127,Robert Garrett,Other,Computer Science,2023-12-23,2.93
128,Dorothy Kelley,Male,Engineering,2024-11-14,2.54
129,Amanda Lopez,Other,Business,2021-08-21,2.02
130,Marissa Richardson,Female,Engineering,2023-08-18,2.47
131,Laura Thornton,Other,Computer Science,2021-09-02,3.96
132,Michael Moore,Male,Mathematics,2024-04-27,3.53
133,Richard George,Male,Biology,2025-01-22,2.7
134,Tara Bryant,Female,History,2023-09-02,2.13
135,Dr. Heather Brown,Female,Business,2023-02-18,3.22
136,Donald Odonnell,Other,English,2022-03-08,3.85
137,Cynthia Nolan,Female,Economics,2022-08-20,3.96
138,Martha Olsen,Other,Biology,2022-11-28,2.44
139,Justin Alvarez,Other,Mathematics,2023-10-02,3.55
140,Miguel Barrera,Female,Economics,2024-09-27,3.48
141,Katie Taylor,Other,Economics,2022-05-24,2.31
142,Michael Schroeder,Female,History,2024-05-05,3.43
143,Jennifer Wheeler,Other,English,2023-05-04,3.85
144,Danielle Lopez,Female,Economics,2024-04-24,3.22
