student_id,name,age,gender,major,ENROLLMENT DATE,gpa
1,James Jenkins,27,Male,Psychology,2024-02-20,3.8
2,Keith Ellis,22,Other,Business,2025-01-06,3.5
3,Thomas Koch,18,Other,Biology,2025-01-19,3.2
4,Craig Smith,30,Male,Biology,2021-02-14,3.53
5,Tracy Stewart,28,Male,Economics,2022-07-17,3.4
6,Nicholas Martinez,18,Male,Engineering,2022-08-21,3.32
7,Hannah Carter,29,Male,Engineering,2023-06-22,3.79
8,Taylor Rubio,26,Male,Engineering,2024-06-28,2.21
9,Michelle Farmer,25,Other,English,2024-02-09,3.91
10,Kathryn Williams,28,Female,Business,2022-04-14,2.6
11,Stephanie Gonzalez,19,Other,Mathematics,2023-10-18,2.91
12,Tammy Mclaughlin,25,Male,Business,2024-06-07,3.61
13,Jessica Wilson,23,Male,Economics,2022-03-26,2.9
14,James Gill,19,Other,Economics,2024-02-28,2.85
15,Karl Stokes,18,Female,Psychology,2023-04-20,2.27
16,Gary Jackson,19,Other,History,2021-09-08,2.08
17,Joseph Miller,27,Female,History,2022-07-03,3.48
18,Rachel Marks,21,Female,Engineering,2021-02-24,2.21
19,Matthew Robinson,23,Other,History,2021-07-27,3.48
20,Kayla Brown,25,Other,Computer Science,2023-05-24,2.73
21,Monica Miller,22,Male,History,2024-03-18,3.76
22,Diane Brown,26,Other,Mathematics,2024-05-10,2.29
23,Vincent Brown DDS,30,Other,Business,2021-09-25,2.52
24,Andrea Mitchell,23,Other,English,2023-08-20,3.89
25,Maureen Torres,28,Male,English,2024-07-24,2.43
26,Deborah Dodson,29,Other,Biology,2023-01-10,2.3
27,Kevin Romero,18,Other,Biology,2024-08-22,3.28
28,Michelle Waters,27,Male,Economics,2023-08-25,3.16
29,Shannon Brown,26,Other,Engineering,2022-07-18,3.58
30,Edward Hunter,19,Other,Psychology,2023-01-29,3.23
31,Stephanie Simpson,30,Other,English,2023-03-07,3.92
32,Lauren Huang,28,Male,English,2021-06-15,2.14
33,Jacob Turner,26,Male,Engineering,2023-11-06,3.53
34,Steven Coleman,30,Other,Biology,2023-10-18,2.85
35,Julie Stevens,19,Male,English,2022-05-05,3.97
36,Steven Ray,24,Other,English,2023-06-21,2.87
37,Seth Weber,27,Male,English,2024-12-08,3.19
38,Alexander Macias,27,Male,Economics,2023-10-11,3.31
39,Margaret Dickson,27,Other,Business,2021-02-28,2.81
40,Bradley Mitchell,25,Other,Biology,2021-09-02,3.37
41,Barbara Wright,29,Female,History,2023-06-20,3.11
42,Brendan Clark,27,Other,Economics,2022-06-30,2.57
43,Jessica Adams,23,Male,History,2023-09-21,2.98
44,Robert Dunn,29,Other,Biology,2023-12-22,3.93
45,Danielle Velasquez,28,Male,Psychology,2023-10-28,3.83
46,Pam Smith,22,Male,Economics,2024-02-07,3.57
47,Beth Brown,18,Female,Biology,2021-06-02,3.13
48,Tammy Williams,22,Male,English,2022-02-28,2.82
49,Jeffrey Hale,18,Other,Psychology,2023-12-26,3.5
50,Brenda Vargas,29,Male,Computer Science,2024-07-27,2.57
51,Adrian Rodgers,18,Other,Business,2024-12-27,2.0
52,Adrienne Walker,26,Other,Engineering,2023-08-22,2.55
53,Tanner Ingram,28,Other,Psychology,2021-12-09,3.49
54,Alyssa Garcia,18,Male,Business,2021-10-24,2.61
55,Austin Spears,21,Male,Engineering,2025-01-20,2.87
56,John Vasquez,28,Female,Psychology,2022-07-04,3.91
57,Michael Carter,21,Female,Psychology,2023-06-18,2.86
58,Jeffrey Powell,29,Other,History,2023-06-12,2.15
59,Linda Le,29,Other,History,2023-09-19,2.27
60,Julie Poole,19,Other,History,2022-10-15,2.32
61,David Flores,20,Other,Engineering,2021-08-01,2.93
62,Kayla Carter,20,Other,Biology,2022-03-16,2.36
63,Miss Denise Clark,19,Male,Computer Science,2023-02-25,3.63
64,Maria Lee,25,Female,Business,2022-01-03,2.99
65,John Hernandez PhD,25,Male,Mathematics,2024-12-23,2.51
66,Mark Velez,27,Other,Mathematics,2022-02-04,3.99
67,Stephen Cherry,22,Male,Computer Science,2023-10-02,3.57
68,Anita Lewis,24,Other,Psychology,2024-09-28,3.22
69,Jonathan Dunlap,18,Other,Business,2024-09-30,3.68
70,Thomas Shannon,24,Other,Business,2024-09-02,3.48
71,Kevin Berry,30,Other,Mathematics,2024-09-30,2.94
72,Daniel Holland,20,Other,Engineering,2024-12-26,3.78
73,Brooke Jones,22,Male,Mathematics,2024-07-03,3.37
74,Ashley Tucker,25,Female,Business,2024-02-29,3.61
75,Carl Ross,18,Female,Economics,2024-10-22,2.18
76,Randall Butler,21,Female,Psychology,2021-11-25,3.44
77,Stephen Bennett,30,Male,Computer Science,2021-09-13,2.68
78,Sarah Brooks,23,Female,Biology,2024-07-14,2.1
79,Samantha Thompson,22,Male,Biology,2023-01-14,3.98
80,Heather Bauer,25,Female,Mathematics,2024-03-01,3.44
81,Eric Taylor,25,Female,Mathematics,2022-08-29,2.51
82,Jermaine Johnson,29,Male,Economics,2024-11-20,2.6
83,Cheryl Miller,28,Female,Business,2021-05-15,3.48
84,Jennifer Graham,18,Female,English,2024-09-12,3.69
85,William Meadows,19,Female,Business,2022-07-26,2.96
86,Joshua Harrell,29,Male,Economics,2021-11-26,2.81
87,Allen Smith,22,Male,Biology,2021-10-11,3.36
88,Michael Woods,24,Other,History,2021-07-29,3.13
89,Sherry Pierce,19,Female,Biology,2023-09-29,2.77
90,Kelly Hall,27,Female,Engineering,2022-04-20,3.46
91,Ashley Rivas,20,Male,Mathematics,2024-08-17,3.82
92,Megan Huerta,21,Other,Biology,2022-02-17,3.03
93,Christopher Barnett,29,Female,Mathematics,2022-05-21,2.6
94,Sarah Hutchinson,23,Male,Biology,2024-02-14,3.35
95,Gregory Cooper,25,Female,Business,2024-08-27,2.36
96,Brian Foster,19,Male,Business,2021-08-20,2.59
97,Terri Perez,18,Other,Economics,2022-08-29,3.57
98,Jacob Dickerson,27,Other,Business,2024-08-06,3.27
99,Melissa Watson,26,Female,History,2021-03-07,2.71
100,Emily Galvan,20,Female,History,2021-12-10,2.62
101,Jonathan Lane PhD,30,Other,Computer Science,2022-01-18,2.9
102,Norma Phillips,21,Other,Biology,2021-09-16,3.35
103,Sandra Mccarty,29,Male,Economics,2021-03-20,2.76
104,Jacob Matthews,25,Other,Biology,2021-09-09,2.24
105,Brian Green,22,Female,Mathematics,2025-02-04,3.92
106,Mary Peterson,29,Male,English,2022-08-15,3.5
107,Megan Washington,29,Male,Psychology,2023-06-12,3.59
108,Lauren Meyer,23,Other,Engineering,2022-04-30,2.74
109,Adam Parker,28,Other,Computer Science,2022-07-08,2.33
110,Ariana Williams,18,Female,Economics,2021-02-13,2.11
111,Lee Moore,25,Male,Mathematics,2021-07-15,3.6
112,Richard Woodward,25,Other,Economics,2024-08-26,3.63
113,Ann Booker,29,Other,Engineering,2022-11-10,2.09
114,Miranda Thomas,18,Other,Mathematics,2024-05-13,2.39
115,Keith Willis,22,Male,Mathematics,2021-08-21,3.25
116,David Murphy,28,Other,Business,2022-11-09,3.43
117,Kenneth Wade,28,Male,English,2022-07-10,3.35
118,Patrick Andrews,25,Male,Mathematics,2022-09-18,2.85
119,Joshua Schwartz,28,Male,Business,2023-04-28,3.91
120,Samantha Olson,29,Female,Mathematics,2021-10-07,3.45
121,Lindsey Howard,24,Other,Economics,2021-11-07,2.67
122,Karen Coffey,29,Female,Psychology,2022-07-14,2.04
123,Karen Ware,28,Male,Computer Science,2024-02-14,2.67
124,Norma Jensen DVM,20,Male,Biology,2022-03-15,3.14
125,Allison Mason,27,Male,Economics,2022-06-03,2.79
126,Michael Ware,29,Male,English,2024-01-10,3.01
127,Stephen Gordon,28,Female,Psychology,2021-04-19,3.72
128,Kimberly Lang,18,Other,Biology,2024-01-23,3.41
129,Sandra Bailey,30,Other,Business,2024-04-26,2.67
130,Susan Rodriguez,21,Other,Biology,2024-12-13,3.93
131,Catherine Wilson,28,Male,Computer Science,2023-10-31,3.59
132,Dr. David Coleman,23,Female,History,2022-08-26,3.21
133,Jeremy Mclaughlin,20,Other,Mathematics,2021-09-03,2.42
134,Shannon Sanders,20,Female,English,2023-10-09,2.55
135,Hannah Washington,19,Male,Engineering,2021-04-06,2.41
136,Steve Howard,30,Female,Engineering,2024-06-28,3.5
137,Kaitlin Tyler,27,Other,Economics,2021-11-29,3.55
138,Brian Gilbert DDS,24,Other,History,2021-09-24,2.92
139,Paula Johnson,26,Other,History,2022-08-30,2.12
140,Tonya White,30,Other,History,2024-12-13,2.39
141,Sophia Romero,26,Other,Mathematics,2024-05-20,2.22
142,John Wright,24,Female,Psychology,2023-10-27,3.33
143,Christopher Bates,22,Other,Business,2024-12-11,3.03
144,Kyle Stanley,29,Other,English,2021-09-12,3.32
145,James Goodman,18,Female,Engineering,2022-04-29,3.43
146,Tara Gonzalez,21,Female,Engineering,2023-03-28,3.58
147,Tiffany Anderson,20,Female,Economics,2023-12-24,2.59
