filing_date,STATUS,record_id,tax_paid,taxpayer_id,name,income
2024-12-01,Pending,1,54864.76,194506469,Janet Austin,186047.67
2024-09-17,Filed,2,13304.35,240877393,Mary Foster,33524.68
2024-12-19,Pending,3,15801.68,912550412,Richard Lam,40566.77
2024-02-27,Pending,4,9892.45,106822453,Deborah Cooper,47263.1
2024-02-15,Audited,5,5111.6,618362378,Cody Alvarado,40298.87
2024-03-14,Rejected,6,9892.57,457833408,Chad Case,35114.26
2025-01-25,Filed,7,35794.81,483917420,Mr. Edward Fields,151478.49
2024-06-13,Audited,8,18900.05,353446353,Michelle Howell,50371.31
2025-01-14,Pending,9,50575.16,251890408,Robert Ford,171485.82
2024-11-28,Rejected,10,19860.51,931405878,Jonathan Hoffman,101978.79
2024-03-18,Filed,11,15056.37,530952982,Christine Chase,51796.8
2024-09-03,Audited,12,16499.94,500015522,Brenda Robertson,128377.89
2024-08-07,Pending,13,13791.96,615730233,Anita Tucker,46943.86
2024-06-27,Rejected,14,13506.8,397616356,Michelle Lee,80316.83
2024-05-28,Filed,15,16709.04,523793871,Cynthia Bautista,100046.96
2024-09-04,Audited,16,59090.74,820396099,Taylor Weaver,152508.07
2024-05-06,Audited,17,39060.03,471111691,William Hendrix,154929.62
2024-05-24,Filed,18,26478.85,745726740,Thomas Martinez,82830.29
2024-05-05,Pending,19,19355.68,196658999,Jose Clark,78006.83
2024-10-14,Pending,20,9021.2,497482293,Elizabeth White,45219.1
2024-03-15,Pending,21,40258.18,556853709,Ricky Dawson,105637.71
2024-02-18,Rejected,22,45433.6,810388580,Monica Sawyer,190480.38
2024-08-11,Filed,23,27209.43,953277034,Cassandra Hernandez,79354.89
2024-10-27,Rejected,24,39066.0,740917420,Joshua Vargas,198790.84
2024-11-10,Rejected,25,53685.9,747396215,David Brooks,181533.12
2024-11-17,Rejected,26,24634.63,976656370,Paula Williams,77550.9
2024-12-04,Filed,27,12847.1,535540398,Harry Johnson,107311.1
2024-07-06,Pending,28,29889.61,860441580,Scott King,96686.01
2024-03-08,Audited,29,26303.96,897534298,Gary Lopez,76015.15
2024-04-07,Audited,30,52576.31,930151701,Cody Christensen,153041.61
2024-02-14,Pending,31,33517.82,860020484,Tony Mccullough,125069.09
2024-10-06,Audited,32,22578.93,655912132,Dylan Young,132213.42
2024-08-30,Pending,33,9228.83,344650965,Mitchell Rowe II,60981.73
2024-07-05,Pending,34,22392.1,557403355,Dr. John Smith,87309.98
2024-05-30,Audited,35,16949.23,928144100,Jody Johnson,49236.19
2024-04-01,Rejected,36,14185.15,386817295,Michael Stafford,129070.69
2024-08-22,Rejected,37,21288.62,652638222,Emily Martinez,88549.81
2024-09-18,Rejected,38,47299.28,359846137,Linda Green,142493.4
2024-10-07,Filed,39,13289.04,772671019,Joanna Smith,68104.26
2025-02-03,Filed,40,21152.51,999539815,Donald Jones,89558.44
2024-09-11,Rejected,41,55707.62,483993286,Sandra Greer,149843.13
2024-08-30,Rejected,42,12363.85,776532577,Anthony Hart,68589.2
2024-05-29,Filed,43,19258.0,840031929,Thomas Kelley,72569.46
2024-07-20,Rejected,44,44677.8,793689478,Dr. Joy Ryan,116326.89
2024-09-05,Pending,45,9164.88,999564220,Justin Mendez,75467.73
2024-03-17,Pending,46,12097.7,259038829,Paul Reyes,62266.27
2024-02-26,Pending,47,8029.59,845617293,Teresa Miller,36875.01
2024-09-03,Audited,48,13329.01,914401512,Michael Pierce,91330.18
2024-04-07,Filed,49,20865.01,778623336,Henry Brown,138011.82
2024-12-11,Filed,50,8433.98,946354217,Joseph Smith,62441.36
2024-06-30,Pending,51,29002.96,581480923,Katie White,95560.45
2024-12-07,Pending,52,43856.29,133886248,Stephen Lane,153141.58
2024-03-13,Audited,53,11426.3,157117010,Donald Harris,39208.84
2024-07-31,Pending,54,33699.64,425774256,Richard Bautista,140956.15
2024-02-21,Filed,55,13018.75,744884864,Frank Myers,41782.78
2024-08-06,Audited,56,15793.23,896140156,Franklin Robertson,65886.57
2025-02-02,Audited,57,36548.72,953921215,Lisa Turner,131781.4
2024-03-22,Audited,58,53643.72,473783905,Joseph Rodriguez,178844.65
2024-08-26,Filed,59,72665.82,504198596,Kayla Miller,182680.38
2024-07-18,Pending,60,44370.19,852919361,Amy Thompson,157538.9
2024-11-25,Filed,61,10940.91,904426463,Eric Sanchez,80607.04
2024-09-24,Pending,62,23320.63,404559249,Mr. Michael Hart,142251.68
2025-01-17,Rejected,63,31784.84,302483232,Michael Thomas,182176.92
2025-01-14,Audited,64,52752.24,316491379,Nancy Williams,164294.04
2024-12-30,Rejected,65,20553.68,191958092,Ashley Wilson,64213.66
2024-04-15,Audited,66,10651.0,571222477,Albert Moore,34774.38
2024-06-25,Pending,67,54187.44,477340417,Connor Fernandez,163921.37
2024-11-21,Filed,68,20098.85,661427008,Caleb Lara,61692.61
2024-12-18,Rejected,69,60769.1,732639243,Whitney Hayes,195645.11
2024-11-02,Pending,70,18876.29,837543331,Jennifer Wells,85655.23
2024-06-01,Filed,71,23310.32,366205097,David Myers,120701.56
2024-04-11,Pending,72,22629.29,543904182,Patrick Rivera,62161.18
2024-03-22,Pending,73,45966.45,233034395,William Foster,164730.75
2024-04-03,Audited,74,15043.9,643792963,Daryl Adams,126452.76
2024-11-10,Rejected,75,50352.26,584455846,Jessica Simon,166522.13
2024-03-29,Rejected,76,13191.18,494714913,Deborah Brooks,44768.15
2025-01-31,Rejected,77,10287.34,787629192,Michael Terry,37988.4
2024-06-22,Audited,78,16004.39,699395768,Gerald Zimmerman,70545.82
2024-05-16,Pending,79,10086.14,967029838,Amanda Lowe,35227.16
2024-09-28,Filed,80,50404.12,666414771,Rachel Castro,190990.58
2024-07-23,Audited,81,62363.53,275902728,Jonathan Miller,198606.29
2025-01-26,Filed,82,77225.05,297859510,Ashley Grant,198824.09
2024-11-12,Audited,83,12457.33,544105551,Angela Brewer,35906.52
2024-05-30,Pending,84,46242.41,204298856,Karen Jimenez,180232.05
2025-01-31,Filed,85,7911.09,250143901,Maxwell Keith,46383.13
2025-01-20,Audited,86,39738.82,262601369,Craig Mckay,176160.37
2024-04-08,Audited,87,21707.06,268136034,Barbara Suarez,185844.3
2024-07-02,Rejected,88,41466.68,153267039,Christina Cohen,176831.4
2024-11-11,Audited,89,22850.94,112859792,Samuel Anderson,110202.06
2024-11-17,Audited,90,33711.95,344379424,Matthew Small,145213.61
2024-09-08,Audited,91,19681.53,305637196,Juan Bailey,152640.28
2024-03-20,Pending,92,51574.78,766815923,Brett Butler,166889.01
2024-09-08,Pending,93,23667.31,755053297,Joshua White,59920.54
2024-04-03,Rejected,94,32805.49,673332581,Catherine Douglas,100569.58
2024-12-01,Audited,95,24654.61,842842602,Sean Rivera,104531.25
2024-03-05,Rejected,96,12669.65,513636708,Ricky Sanchez,38192.25
2024-03-09,Rejected,97,25932.48,785529882,Thomas Moreno,143300.57
2024-07-14,Filed,98,43883.05,334497186,Amy Bailey,158892.64
2024-05-23,Pending,99,26172.48,911311869,John English,74701.1
2024-02-22,Audited,100,31590.94,851415250,Maria Wong,153176.22
2024-07-30,Rejected,101,9290.1,142402429,Amanda Gregory,31175.64
2024-06-26,Audited,102,32971.61,120566261,Heather Cooper,115333.29
2024-11-03,Audited,103,15247.66,851809054,Ebony Johnson,116679.05
2024-12-09,Audited,104,44258.56,958933315,Patricia Wilson,199664.71
2024-04-29,Pending,105,13927.63,912087561,Kevin Huang,46038.26
2024-04-20,Audited,106,12387.21,319769091,Alexander Weeks,113210.31
2024-06-05,Rejected,107,53367.67,527377139,Judith Torres,188925.12
2024-08-06,Rejected,108,4769.76,698082014,Jesse Combs,42088.29
2024-06-06,Pending,109,76767.58,175333863,William Acosta,196860.04
2024-12-12,Filed,110,10419.44,320979307,Matthew Williams,92854.99
2024-10-06,Rejected,111,32017.88,457871889,Stephen Bennett,193048.7
2024-11-30,Rejected,112,34289.71,268192869,Amy Pierce,89859.39
2024-04-30,Audited,113,45485.83,268230705,Angela Rollins,126063.61
2024-05-30,Rejected,114,54573.07,711558175,Michael Maddox,177040.67
2024-04-21,Audited,115,55452.77,240824694,Christine Roberts,151996.88
2024-04-07,Audited,116,14865.98,225706997,Stacy Graham,96057.1
2024-07-28,Pending,117,39735.24,716222624,Melissa Smith,155296.02
2024-11-30,Pending,118,13345.82,152270234,Benjamin Archer,62624.61
