record_id,taxpayer_id,name,tax_paid,filing_date,status
1,485503020,Theresa Sweeney,53976.72,2024-08-16,Filed
2,689384985,Carl Ferrell,19528.68,2024-10-26,Filed
3,945686827,Gregory Gonzalez,52895.71,2024-08-22,Filed
4,557533572,Mrs. Joy Jefferson,21972.49,2024-11-30,Audited
5,394804363,Jordan Sanders,56394.71,2024-12-26,Pending
6,296647894,Stacey White,29327.68,2024-05-14,Pending
7,105102517,Daniel Rios,26602.15,2024-03-03,Rejected
8,317434606,Tina Johnston,25832.01,2025-02-02,Rejected
9,147683491,Joshua Cline,15109.7,2024-12-06,Audited
10,326135748,Destiny Simmons,12877.96,2024-10-03,Pending
11,823671414,Anna Sandoval,14745.87,2025-01-26,Filed
12,567640591,Angela Fritz,11632.35,2024-08-19,Pending
13,762833368,Donna Daniels,22394.49,2024-07-28,Rejected
14,131330936,Audrey May,36478.88,2024-05-29,Rejected
15,801486706,Ashley Powell,17440.08,2024-09-02,Filed
16,140346299,Joe Owens,32116.98,2024-08-06,Rejected
17,610573719,Michael Gallagher,25713.54,2024-05-01,Rejected
18,603938082,Steven Ward,21016.72,2024-03-29,Pending
19,309683609,Jonathan Martinez,32513.31,2025-01-02,Audited
20,786537278,Ashley Schneider,27951.97,2024-06-30,Rejected
21,920191149,Diane Jackson,16977.23,2024-07-05,Pending
22,241602439,Joshua Conrad,47681.87,2025-01-09,Filed
23,106167822,Justin Craig,45465.99,2025-01-15,Audited
24,959485433,Erik Sanders,40668.51,2024-03-01,Audited
25,673829490,Jeffrey Smith,54748.41,2024-04-08,Pending
26,286509653,Bonnie Watkins,37096.91,2025-01-22,Audited
27,411595874,Mr. Glenn Hill,23050.83,2024-10-04,Audited
28,621240337,Elizabeth Lopez,29685.81,2024-06-14,Audited
29,375551305,Mr. James Taylor Jr.,62194.43,2024-02-17,Filed
30,838055820,Cynthia Dillon,54205.82,2024-05-23,Audited
31,714775889,Mr. Daniel Stone,46360.56,2024-12-31,Pending
32,821918110,Ryan Doyle,29634.29,2024-12-12,Filed
33,723758870,Sarah Gonzales,46548.94,2024-11-01,Audited
34,465870312,Joshua Hart,21267.53,2024-04-28,Pending
35,183528599,Joseph Yang,19058.58,2024-10-24,Rejected
36,667445681,Penny Schwartz,9415.47,2024-06-16,Pending
37,724372950,Elizabeth Davis,14815.1,2024-04-22,Audited
38,596004845,Clifford Gardner,28043.93,2024-09-09,Filed
39,985563405,Amanda Morales,16216.65,2024-05-11,Pending
40,849616372,Robert Simpson,19918.44,2024-12-03,Audited
41,555581998,Kelly Conway,8936.54,2024-06-02,Filed
42,612730888,Randy Owens,22292.24,2025-01-15,Filed
43,390563138,Danielle Rogers,26032.78,2024-11-17,Rejected
44,551878721,Steven Hansen,32964.68,2024-04-23,Rejected
45,103218110,Jennifer Smith,18189.59,2024-04-07,Filed
46,643940736,Julia Brown,25669.09,2024-02-24,Audited
47,109315835,Debra Fuentes,53187.42,2024-02-20,Rejected
48,610415528,Christina Russell,36159.44,2024-04-21,Rejected
49,807897274,Lindsay Porter,12954.52,2024-07-27,Audited
50,881139184,Aaron Schmidt,7357.75,2024-02-13,Audited
51,165667940,Jennifer Mcconnell,8285.3,2024-05-22,Rejected
52,600385102,Tina Wright,66051.96,2024-04-07,Rejected
53,855225961,Sheila Fisher,12840.99,2024-07-17,Filed
54,412072078,Alicia Contreras,47712.9,2024-03-11,Audited
55,863303075,John Gill,29888.26,2024-05-25,Filed
56,895971317,Logan Nguyen,36736.58,2024-02-13,Filed
57,335927490,Kayla Anderson,19250.41,2024-03-16,Audited
58,677225755,Jonathan Sutton,5828.7,2024-08-08,Pending
59,206554473,Alexa Johnson,53766.52,2024-06-21,Pending
60,779333598,Robyn Hayes,19388.74,2025-01-06,Rejected
61,979276743,Erika Herrera,18737.61,2024-03-30,Pending
62,371105247,Brian Kaufman,36645.63,2024-10-16,Pending
63,224527765,Taylor Green,36618.61,2025-01-22,Filed
64,472422567,John Martinez,12419.68,2024-09-02,Filed
65,839523350,Stephanie Arnold,18343.89,2024-07-04,Audited
66,134057248,Amy Sanchez,16313.56,2024-08-28,Pending
67,590276680,Bridget Hughes,26576.06,2024-11-24,Rejected
68,361619465,Christopher Mcdonald,32003.3,2024-02-16,Audited
69,984569843,Sheila Cain DDS,39003.48,2024-08-20,Pending
70,796826436,Seth Johnson,32092.41,2025-01-23,Audited
71,853244182,Eileen Williams,22105.0,2024-02-21,Audited
72,316222912,Jeremy Green,47237.76,2024-07-09,Rejected
73,483979892,Jessica Stevens,30970.15,2024-10-13,Pending
74,698724889,Joel Smith,33414.06,2024-11-27,Rejected
75,623224189,Michele Yu,54713.49,2024-05-10,Pending
76,484768101,Randy Mejia,15461.56,2024-11-13,Rejected
77,168492633,Christopher Davis,31440.68,2024-11-01,Audited
78,490920577,Kimberly Huff,42904.16,2024-09-20,Pending
79,516167686,Michael Chapman,29359.55,2024-09-27,Audited
80,912106189,Rick Galloway,15517.63,2024-07-14,Pending
81,688354115,Jacob George,49216.22,2024-02-12,Audited
82,389676130,Brandon Parker,38785.49,2025-01-09,Filed
83,521846124,Cynthia May,11691.59,2025-02-04,Filed
84,728308509,Ryan Maldonado,6231.29,2024-11-30,Audited
85,114650900,Carly Keith,35009.51,2024-06-26,Pending
86,764333272,Joseph Mcmahon,10267.34,2025-01-03,Pending
87,398684870,Paul Grant,14344.8,2024-11-15,Audited
88,749726089,Lance Chen,56221.14,2024-03-04,Filed
89,539312105,Roger Kramer,29956.59,2024-05-08,Rejected
90,159948321,Steven Kelley,66785.97,2024-07-31,Audited
91,381335510,Timothy Bowman,26122.05,2025-02-04,Rejected
92,718169712,Tyler Rios,19559.58,2025-02-01,Filed
93,791434713,Tammy Wood,40126.87,2024-07-12,Audited
94,677385200,Eric Patterson,19877.64,2024-03-05,Rejected
95,240943669,Carrie Rosales,19003.18,2024-03-31,Rejected
96,240471504,Anthony Wise,6199.35,2024-06-08,Pending
97,492965959,Maureen Wagner,44072.95,2024-05-09,Pending
98,136682931,Michelle Peck,64507.6,2024-03-18,Audited
99,219906332,Thomas Solis,30642.99,2024-02-28,Filed
100,790877206,Jacob Nicholson,33317.91,2024-08-15,Pending
101,695638335,Erik Miller,33171.45,2025-01-29,Filed
102,161924098,John Carter,22424.87,2024-07-23,Pending
103,844681804,Michael Ford,26490.19,2024-07-16,Rejected
104,598333382,Dorothy Smith,11085.71,2025-01-06,Pending
105,503982879,John Brown,18470.38,2024-08-15,Filed
106,422234038,Christina Martin,7687.19,2024-03-09,Audited
107,380555748,Gary Wiggins,28243.49,2024-06-08,Audited
108,311786470,Terry Jensen,27277.34,2024-10-25,Audited
109,179458758,Wesley Hall,36630.57,2024-08-28,Filed
110,438114977,Laurie Brewer,14995.71,2024-08-30,Filed
111,173597894,Amanda Norris,31948.84,2024-12-04,Filed
112,194862438,David Roberts,50457.48,2024-11-15,Audited
113,457217017,Michele Velez,37542.38,2024-11-20,Rejected
114,854413039,Brenda Barry,46401.17,2024-03-06,Rejected
115,489569629,George Fleming,27616.0,2024-03-13,Audited
116,316171701,Anna Harris,72300.84,2024-03-19,Audited
