record_id,taxpayer_id,name,income,tax_paid,filing_date,status
1,512296299,Mr. Daniel Craig,124820.7,41001.71,2024-07-17,Audited
2,643985014,Mr. Jacob Schroeder III,198551.85,45875.03,2025-01-16,Audited
3,412101129,Christopher Wilson,129802.98,50493.0,2024-10-25,Filed
4,818181574,Angela Fox,107540.22,18509.15,2024-06-18,Filed
5,879364325,Michelle Mathis,34418.23,6507.9,2024-10-24,Rejected
6,880653189,Calvin Jennings,92493.54,13473.96,2024-10-24,Pending
7,982511766,Paul Frey,77778.07,19549.25,2024-02-12,Audited
8,732691378,Antonio Martinez,199763.2,62283.37,2024-08-24,Audited
9,986534940,Brittany Diaz,78640.36,17390.35,2024-07-26,Pending
10,881825954,Derek Olson,88692.99,25403.38,2024-09-20,Rejected
11,367318857,Nancy White,170200.4,65397.73,2025-02-08,Audited
12,414176946,Javier Phelps,85441.5,18854.53,2024-12-31,Pending
13,777587316,Maria Padilla,30283.95,5451.57,2024-04-22,Filed
14,224160379,Dr. Samuel Knight,116925.13,24708.57,2024-02-22,Audited
15,812888167,Raymond Martinez,73869.28,15106.49,2024-12-18,Pending
16,401165959,Brenda Gregory,67081.8,21024.37,2024-05-02,Pending
17,915330832,Danielle Frey,53721.26,19469.79,2024-11-28,Filed
18,823576140,Chloe Clark,76693.13,20769.73,2024-07-16,Pending
19,591129924,Christine Johnson,56863.14,16538.18,2024-03-14,Filed
20,642556717,Melissa Cook,194961.77,73246.2,2024-07-18,Audited
21,618671659,Rebecca Fletcher,131459.57,15152.29,2024-05-06,Filed
22,596097459,Kevin Mcknight,93882.4,31799.46,2024-10-11,Filed
23,940288528,Destiny Oliver,58295.66,16128.95,2025-01-29,Audited
24,328216612,Darrell Ward,129054.86,42611.86,2024-06-23,Audited
25,985247761,Laura Schmidt,75511.51,26191.66,2024-02-20,Rejected
26,330409845,Rachel Spencer,49674.54,12154.36,2024-06-26,Filed
27,193233479,Zachary Turner,130173.43,36525.0,2024-02-26,Rejected
28,822505841,Michael Mendoza,162449.38,33332.06,2024-08-10,Audited
29,744307091,Mr. Anthony Dunn,165508.03,60434.0,2024-08-07,Filed
30,789015869,Scott Mcdonald,159033.28,38105.02,2025-01-10,Rejected
31,515189483,Hannah Black,127206.7,39174.05,2024-02-13,Audited
32,226001749,Matthew Roy,158344.61,37707.87,2024-06-27,Pending
33,720730599,Michael Smith,50255.03,18453.99,2024-03-08,Pending
34,750276721,Christopher Newman,161099.01,40843.71,2024-11-02,Pending
35,211058779,Brian Neal,80901.92,29117.1,2024-06-23,Rejected
36,913368849,Andrew Todd,95761.05,13144.64,2024-03-20,Pending
37,483716925,Amanda Sparks,110312.95,15916.02,2024-06-22,Pending
38,299063502,Derek Garrett,145029.87,43994.52,2024-06-18,Filed
39,680882687,Cynthia Martinez,105017.32,20293.13,2025-02-04,Audited
40,304689943,Jessica Clark,196421.59,61939.94,2024-06-08,Pending
41,924851128,Tammy Williams,141632.49,31390.49,2024-11-14,Filed
42,161430236,Elizabeth Evans,61744.63,11557.14,2024-11-12,Pending
43,576868771,Brandon Patrick,95033.25,14367.24,2024-11-26,Pending
44,815244732,Sharon Ibarra,117359.85,25239.35,2025-01-16,Pending
45,695560739,Kenneth Burns,42203.03,11193.66,2024-10-08,Pending
46,959018948,Jonathan Buchanan,166030.87,64489.06,2024-06-24,Filed
47,579055453,Jennifer Johnson DDS,139191.37,32917.83,2024-10-22,Pending
48,432478357,Erika Martin,125983.85,41851.6,2024-10-29,Rejected
49,756669554,Andrew Williams,155225.08,26896.81,2024-08-24,Rejected
50,266231367,Richard Parker,162336.52,37266.97,2024-08-27,Pending
51,330390978,Debbie Jones,50137.79,13602.36,2024-05-09,Pending
52,534603334,Erik Crawford,81481.27,19525.03,2024-06-06,Filed
53,440152120,Amanda Anthony DVM,76824.13,9679.14,2024-03-22,Pending
54,534239999,Pamela Bell,97520.44,13335.2,2024-04-07,Pending
55,480012810,Jenny Payne,187308.79,31791.04,2024-09-21,Audited
56,684387292,Malik Stokes,114059.97,31209.86,2025-01-18,Pending
57,401738538,Robert Mason,176721.51,41512.05,2024-09-29,Filed
58,676563647,Mary Cameron,133278.79,15733.79,2024-08-30,Filed
59,653781545,Kimberly Townsend,90530.33,35397.15,2024-03-08,Filed
60,328215377,Kim Norman,139180.6,20892.1,2024-07-19,Rejected
61,298540039,Maria Smith,119545.95,15734.84,2024-10-12,Rejected
62,316374813,Robert Ho,143429.58,23661.48,2025-02-08,Rejected
63,443250565,Rebecca Collins,171521.01,37083.62,2024-05-06,Filed
64,622267764,Rebekah Cox,111186.23,17822.14,2024-07-04,Pending
65,144263068,Andrew Cook,193767.18,66889.97,2024-11-12,Audited
66,561897198,Anita Crawford,90090.69,13267.04,2024-11-08,Audited
67,885231394,Tiffany Singleton,133884.31,29721.89,2024-08-09,Filed
68,586838550,Jason Daniels,192726.48,39792.61,2024-07-28,Audited
69,144625396,Randall Farrell,123640.94,36382.04,2024-11-14,Rejected
70,643713701,Gregory Hunt,178777.09,35127.24,2024-08-22,Filed
71,813799391,Kathryn Joyce,32563.61,8940.74,2024-03-22,Filed
72,964455708,William Graham,101902.21,11397.89,2024-10-22,Pending
73,661853005,Tasha Smith,195562.49,51710.54,2024-07-08,Audited
74,720902854,Mitchell Green,177434.68,29228.06,2024-09-20,Audited
75,940127649,Megan Vasquez,42951.42,9245.98,2024-08-08,Rejected
76,179727233,Sarah Williams,126203.31,44546.85,2025-01-22,Rejected
77,109071715,Aaron Edwards,115518.69,27714.85,2025-02-09,Pending
78,662040305,James Henry,186179.57,25556.74,2024-08-20,Filed
79,908365781,Angel Smith,151287.02,45465.63,2024-03-19,Pending
80,160494384,Tara Johnson,31260.63,3510.72,2024-03-26,Pending
81,382454530,Laurie Cruz,93660.81,16313.53,2024-02-13,Rejected
82,563693649,Mr. Michael Jones,138806.94,41280.53,2025-01-05,Audited
83,765178088,Jack Guerra,46303.22,18209.39,2024-12-28,Pending
84,957127686,Larry Munoz,124358.88,27102.55,2024-12-24,Pending
85,309535793,Shawn Rose,70650.59,22962.97,2024-08-31,Rejected
86,634488260,Eric Davidson,146614.42,50741.45,2024-07-19,Rejected
87,374337644,Diane Gamble,57082.76,20083.68,2024-12-10,Rejected
88,954572938,James Neal,89236.75,17638.23,2025-01-31,Audited
89,371998155,Nicholas Anderson,77861.01,24615.06,2024-08-27,Filed
90,131884170,Jennifer Gilbert MD,38878.48,5220.04,2024-11-20,Pending
91,341670011,Benjamin Nichols,47009.22,17557.11,2024-05-15,Audited
92,922347053,Bethany Price,44360.23,12849.51,2024-10-15,Pending
93,240410741,Timothy Perez,135900.91,49042.28,2024-10-24,Pending
94,102881235,Jennifer Hall DDS,115536.27,37969.84,2024-03-24,Filed
95,423296609,Robert Garcia,72894.4,9270.36,2024-11-16,Audited
96,812168665,Terry Thompson,149337.22,16522.03,2024-08-02,Pending
97,985969084,Nicholas Mitchell,81607.08,27928.96,2024-12-04,Pending
98,122693951,Kyle Dean,129176.07,26929.03,2024-11-15,Rejected
99,990798766,Christopher Smith,118943.44,33522.01,2024-03-04,Pending
100,885186696,Ashley Brown,166745.35,49790.61,2024-05-16,Filed
101,154228149,Jimmy Thomas,143723.5,26574.89,2024-03-02,Rejected
102,822272112,Matthew Bailey,53666.06,6376.62,2024-03-10,Audited
103,248056120,Kevin Carlson,139976.78,35981.92,2025-01-15,Audited
104,334320303,Shannon Hoover,73813.71,25777.51,2024-08-06,Filed
105,927331694,Kevin Murphy,47526.27,6767.85,2024-12-23,Audited
106,731953794,Maurice Davis,86193.45,19349.16,2024-12-06,Rejected
107,961109651,Patricia Williams MD,119480.27,13182.9,2024-06-02,Filed
108,661900797,Elizabeth Hammond,189325.43,19210.54,2024-11-25,Audited
109,264305759,Robin Lee,81391.14,14817.23,2024-05-27,Audited
110,471414973,Shannon Huynh,148195.45,51346.84,2025-01-20,Pending
111,488682256,Carly Smith,193378.4,67195.12,2024-10-12,Audited
112,349167127,Kevin Malone,115259.29,44006.18,2024-07-29,Pending
113,886655287,Andrew Mccarthy,167370.98,48823.22,2024-10-24,Rejected
