taxpayer_id,name,income,tax_paid,filing_date,status
630560315,Tony Gilbert,42184.75,9635.77,2024-10-26,Filed
847637945,Christian Dean,37804.6,8505.54,2024-11-04,Rejected
998241261,Edgar Rodriguez,136771.1,18555.25,2024-07-06,Rejected
181381405,Megan Griffith,140253.89,14544.71,2024-08-15,Pending
529318350,John Shea,190513.5,34134.69,2024-06-26,Audited
593886901,Mary Wells,34418.03,10415.95,2024-07-19,Rejected
478290015,Lori Pena,45663.53,6684.83,2024-08-03,Audited
998539217,Kayla Hayden,84598.73,10613.37,2024-10-19,Pending
819174285,Margaret Hamilton,169335.06,62581.32,2024-12-15,Filed
113807366,Mr. Don Watkins,142030.03,42869.73,2024-12-04,Pending
388107692,Parker Greer,96756.79,12536.14,2024-02-22,Rejected
621764101,Melissa Johnson,84556.23,21930.23,2025-02-10,Audited
464216292,Joseph Morales,136668.63,32714.95,2024-09-07,Filed
645340088,Sharon Hill,144226.87,22637.64,2024-04-18,Filed
974465341,Jeffrey Jackson,71323.21,10929.9,2024-06-01,Rejected
597272970,Denise Nelson,121492.38,14730.37,2024-12-13,Rejected
378863819,Alexandria Campbell,111413.83,21668.72,2024-06-07,Audited
997418088,Stephanie Morris,113919.59,32102.88,2024-02-24,Rejected
939281028,Daniel Cohen,69096.79,11307.93,2024-09-20,Filed
565311527,Mary Brown,179887.91,62474.87,2024-09-01,Audited
477227347,Lori Jones,68688.2,14765.25,2024-08-27,Filed
693726605,Tiffany King,53038.18,13705.76,2024-10-24,Rejected
656102024,Barbara Brooks,170642.21,17633.94,2024-03-07,Audited
490237102,Thomas Mason,180759.71,33822.04,2024-12-17,Rejected
517749778,Rhonda Smith,101533.23,32364.72,2025-02-05,Pending
936051601,William Clark,41819.4,10767.95,2024-08-05,Pending
582545499,Christian Dixon,95003.53,35404.4,2024-05-10,Audited
268292003,Brian Rodgers,199164.24,49632.6,2024-07-11,Audited
851198689,James Myers,118670.39,14584.49,2024-06-11,Pending
560564219,Douglas Pena,187572.74,49599.98,2024-07-05,Audited
171184792,Kayla Carter,174567.39,41997.79,2024-06-27,Audited
555164804,Drew Craig,161016.91,23107.24,2024-10-19,Rejected
978823035,Meghan Melendez,144828.66,54790.32,2024-02-25,Audited
860848433,Michael Petersen,92719.96,20072.29,2024-08-22,Pending
324813110,Jason Bailey,168910.84,33769.51,2024-03-05,Rejected
378669006,Dylan Mendez,58528.12,11340.82,2024-04-21,Rejected
678034175,Nathan Campbell,136351.44,49426.93,2024-07-21,Pending
292343554,Michael Moran,181523.1,54259.23,2025-01-15,Pending
568352433,Antonio Smith,167791.0,54425.2,2024-04-13,Pending
390996366,Dennis Gonzalez,192551.31,43797.39,2024-09-26,Audited
534779870,Diane Weaver MD,41037.07,12388.79,2025-01-17,Rejected
869961743,Steve Buckley MD,42423.48,7083.11,2024-12-10,Rejected
483707673,Stacy Padilla,145977.19,45856.05,2024-12-24,Rejected
543494269,Jeremy Crawford,179123.85,60075.72,2024-08-19,Rejected
274214661,Michael Ortiz,141569.72,28366.34,2024-04-06,Pending
909629750,Brandi Johnson,112362.87,29846.93,2024-04-18,Rejected
440049980,Michael Harris II,62547.45,22951.16,2024-07-25,Pending
253309630,Brian Andrade,92178.89,23369.51,2024-03-12,Rejected
659136185,Gail Parker,129046.19,22392.19,2024-07-14,Pending
895941547,Robert Reynolds,188847.2,67556.25,2024-11-18,Audited
910808918,Edward Brown,81674.97,16280.68,2024-09-03,Audited
449258612,Meredith Mason,42875.92,16386.04,2024-06-30,Audited
498073224,Todd Miller,130089.41,25188.53,2024-11-11,Audited
438466671,Marvin Johnson,180605.37,71216.95,2024-03-10,Audited
209326011,Charles Kim,176960.05,62358.43,2024-07-02,Pending
671851366,Rachel Burke,63973.13,25287.49,2024-04-22,Audited
950155001,Joanna Parker,93434.22,30509.5,2024-03-12,Filed
745832291,Stephanie Gonzales,159866.06,18514.45,2024-10-30,Rejected
620240888,Michael Hutchinson,114442.45,23504.19,2024-05-17,Pending
349286614,Lisa Zimmerman,62638.84,14545.62,2025-01-26,Rejected
921077975,Karen Gonzalez,181682.21,42696.15,2024-09-04,Audited
278532363,Tina Scott,55874.39,19909.72,2024-07-05,Audited
929262371,Paula Webb,50545.84,5563.58,2024-04-15,Pending
868215151,Elizabeth Walker,139173.16,42350.14,2024-06-09,Pending
212533466,Kelly Gonzalez,143716.18,28085.29,2024-12-24,Audited
174729861,Alexandria Chaney,192177.58,48118.94,2024-10-16,Filed
668389564,Jennifer Harrington,183934.02,71156.63,2024-04-12,Audited
484998037,Ms. Vicki Hall,194377.04,51915.99,2024-09-12,Filed
389792536,Matthew Smith,126190.69,23399.93,2024-03-09,Rejected
585704998,April Wall,51757.2,12659.99,2024-08-19,Rejected
366804437,Willie Wagner,68519.95,23641.04,2024-02-25,Rejected
298719416,Michael Dalton,77262.05,23520.2,2024-12-17,Pending
740138612,Gregory Wilkinson,100249.78,21356.96,2024-06-14,Audited
863844745,Heidi Jones,130418.39,34655.93,2025-02-04,Filed
921752450,Sherry Davis,64937.44,25756.77,2024-08-21,Audited
214266445,Erika Cannon,179058.28,67346.22,2025-01-05,Audited
532074132,Natalie Nelson,147444.36,47259.12,2024-12-29,Filed
357181991,Tiffany Hawkins,133882.15,28339.77,2024-11-07,Audited
672718970,Danielle Powell,59242.15,20338.13,2024-11-15,Rejected
232243662,Kenneth Watson,108793.34,35979.91,2025-02-01,Rejected
350846092,Jerry Deleon,183354.54,67457.81,2024-12-19,Audited
180314394,Christopher Green,169587.15,25152.95,2024-08-24,Pending
510462720,Zoe Campbell,42431.19,5530.88,2024-07-10,Audited
978331208,Reginald Martinez,145554.45,32965.06,2025-02-09,Audited
924753904,Jacqueline Robinson,191447.18,73813.18,2024-02-24,Rejected
410617202,Keith Morales,121364.9,12986.4,2025-01-12,Pending
920097827,Mark Elliott,136918.52,34861.09,2025-01-17,Filed
536229679,Chloe Lam,142857.3,55219.17,2024-12-12,Rejected
622457813,Dawn Adkins MD,81581.76,31207.12,2024-02-13,Audited
402147806,Kevin Rivera,101397.38,15952.88,2024-02-25,Rejected
136899737,Samantha Cole,156381.25,39828.57,2025-01-01,Audited
767841711,Kerry Ramos,88054.92,15805.76,2024-04-06,Rejected
614501365,Paul Smith,40700.48,9137.59,2024-11-19,Pending
981452982,Jennifer Adams,86966.46,10414.19,2024-07-16,Audited
130234262,Kyle Warren,70243.25,25799.59,2024-06-09,Pending
978041133,Amanda Liu,57815.07,14114.69,2024-04-21,Filed
110794854,Joshua Hogan,36751.95,13676.65,2024-11-18,Rejected
119770661,Mrs. Danielle Weiss,128709.11,50771.53,2024-09-24,Audited
669303238,Olivia Moore,141718.63,23874.39,2024-05-10,Pending
724429135,Lisa Bruce,133803.5,46995.5,2024-06-01,Audited
441667791,Gary Brown,143340.03,38640.67,2024-08-31,Pending
440881512,Savannah Johnson,62254.95,6728.19,2024-05-08,Pending
939652718,Derek Wood,99814.57,21878.17,2024-12-13,Pending
917125204,Sara Wright,158865.56,38513.5,2024-04-18,Filed
643499530,William Mitchell,39293.39,14165.27,2024-09-21,Filed
530708992,Joseph Johnson,105183.75,30389.68,2024-06-14,Audited
259559881,Crystal Morgan,49325.59,14784.29,2024-12-30,Pending
986050623,Craig Kelley,38068.34,11703.33,2024-08-27,Filed
959515548,Tom Mueller,79449.95,18588.27,2024-09-17,Pending
276558854,Kayla Gray,192398.79,44067.79,2024-04-24,Rejected
286826928,Dean Kelley,149255.53,47322.89,2024-04-29,Filed
556430834,Madison Ball,124988.05,14200.98,2024-12-27,Pending
168500445,James Tyler,94809.47,32170.62,2024-04-25,Pending
622432625,Samantha Byrd,94533.87,30617.41,2025-01-09,Pending
188275885,Jesse Taylor,182815.02,53802.58,2024-03-14,Audited
252348345,Charles Dixon,185292.44,72206.01,2024-07-13,Filed
