taxpayer_id,income,status,filing_date,name,record_id,tax_paid
411733601,61243.3,Rejected,2024-12-19,Teresa Munoz,1,13208.59
481165966,115724.9,Pending,2024-05-20,Brian Stewart,2,16650.19
474080668,148982.95,Pending,2024-02-29,James Carter,3,47946.57
385731544,91358.68,Audited,2024-02-21,Shannon Rivas,4,12140.26
533620125,89456.94,Audited,2024-05-22,Robert Mendoza,5,27163.21
392538185,123892.75,Pending,2024-02-29,Edward Ho,6,41182.16
986196522,144766.59,Audited,2024-02-17,Lindsay Williams,7,20686.36
478448485,148404.62,Rejected,2024-12-14,Veronica Finley,8,32258.34
508206199,121900.19,Pending,2024-04-12,Dawn Grant,9,31858.92
158280250,148942.13,Filed,2025-01-13,Monica Smith,10,36075.95
148848825,38752.52,Rejected,2024-05-01,Jacqueline Rodriguez,11,11151.98
900811604,77129.56,Pending,2024-05-14,Nicholas Everett,12,19191.66
368143075,121939.51,Rejected,2024-09-14,Michelle Barry,13,21660.16
977798272,89484.67,Pending,2024-07-12,Joy Thompson,14,24484.87
617309994,189975.54,Rejected,2024-10-25,Richard Jimenez,15,55836.54
811233896,159264.8,Pending,2025-02-05,David Bennett,16,29192.27
461278372,119901.31,Rejected,2024-06-27,Tina Boyd,17,32089.58
614555729,40424.22,Rejected,2024-05-14,Erica Fisher,18,14920.37
708047288,83988.61,Audited,2024-06-17,Emily Burke,19,23848.73
686780454,164583.2,Filed,2024-10-20,Patrick Juarez,20,42968.55
160563660,173082.46,Filed,2024-05-06,Jacob Meyer,21,66737.07
901032846,160052.24,Pending,2024-06-22,Dana Marquez,22,43438.21
669918552,42666.3,Rejected,2024-08-04,Terri Perez,23,14341.64
923239307,72236.87,Filed,2025-01-18,Jeffrey Webster,24,22878.02
700841322,186504.72,Filed,2024-03-20,Laura Sanchez,25,71162.35
914986570,74775.06,Rejected,2025-01-13,Erica Gonzalez,26,17981.32
146757190,186430.22,Filed,2024-05-02,Brittany Reynolds,27,19850.09
573347701,141929.27,Pending,2024-06-22,Robert Burke,28,24108.74
237709281,150506.98,Filed,2025-02-08,James Hunter,29,38558.41
692473329,103674.61,Filed,2024-10-01,Ronald Blankenship,30,13017.08
694268693,195662.05,Audited,2024-10-31,Kyle Morrison,31,71048.64
805754420,76867.86,Pending,2024-10-13,Christopher Ball,32,18147.82
137161999,116673.67,Pending,2024-04-24,Michelle Hernandez,33,43789.27
969829955,47190.45,Audited,2024-11-08,Chris King,34,9186.07
742639119,112236.13,Pending,2024-10-07,Amy Jackson,35,44527.89
826373869,134259.49,Rejected,2024-04-10,Brittney Ford,36,30362.07
362780230,151960.68,Filed,2025-02-08,Frank Smith,37,53403.21
272619929,30100.96,Filed,2024-05-18,Troy Schwartz,38,9117.71
297419430,198740.01,Audited,2024-11-08,Courtney Hardy,39,74040.03
957430798,54578.37,Audited,2024-11-20,Stephen Miller,40,14360.05
532690892,64040.98,Audited,2024-06-01,Elizabeth Freeman,41,12694.66
216248211,166260.42,Filed,2024-11-04,Brooke Griffith,42,19996.81
114879963,137760.31,Pending,2024-12-30,Robin Woods,43,32346.43
953526471,45796.28,Filed,2024-04-07,Jamie Jones,44,8092.33
712889323,197657.83,Audited,2024-03-11,Victoria Holloway,45,39081.76
252470224,65335.65,Audited,2024-12-29,James Newton,46,17431.2
154555708,61748.26,Filed,2024-06-20,Melissa Taylor,47,16557.78
700508610,189378.61,Filed,2024-06-06,Diane Thompson,48,25507.42
677889053,185464.42,Audited,2024-06-14,James Castro,49,22307.48
747604773,97633.58,Rejected,2024-06-19,Elizabeth Tran,50,31183.3
113251208,55517.16,Pending,2024-02-15,David Miller,51,6232.77
870297408,96933.02,Pending,2024-03-30,Sean Watts,52,17423.02
384144069,178474.6,Audited,2024-11-09,Steve Rodriguez,53,28072.87
654690234,102628.74,Filed,2024-12-05,Connie Michael,54,36408.59
249400958,52067.94,Pending,2024-09-02,Jake James,55,8754.54
675544651,155051.64,Pending,2024-10-19,Dr. Jennifer Lewis,56,34815.67
845330717,111423.2,Rejected,2024-07-10,Amber May,57,33851.47
209457645,122513.95,Rejected,2024-08-31,John Giles,58,31054.04
937197512,176512.46,Audited,2024-03-10,Melissa Roach,59,39603.16
857675284,50408.06,Rejected,2024-04-04,Bill Patel,60,8590.11
483469689,136657.94,Rejected,2024-06-07,Andrew Richardson,61,23948.31
431751885,135023.29,Rejected,2024-09-22,Veronica Navarro,62,38797.91
822664723,144978.76,Audited,2025-02-03,Christina Barnett,63,52448.93
897740178,190425.47,Pending,2024-05-06,Dr. Kelly Velasquez,64,34138.8
934512879,37642.31,Pending,2024-05-12,Tamara Bowen,65,5483.05
256046340,134970.52,Audited,2025-02-03,Karina Moore,66,30855.85
230184347,65350.68,Pending,2024-05-29,Lisa Ryan,67,22762.68
496370588,196199.7,Audited,2024-07-28,Michelle Pearson,68,75284.55
946654708,81795.85,Audited,2024-07-20,Amy Baker,69,18715.06
600574373,173172.9,Pending,2024-03-24,James Knight,70,66427.73
185170683,80080.32,Audited,2024-07-24,Sherry Thomas,71,23963.71
288483994,66519.29,Pending,2024-09-07,Elizabeth Gordon,72,19384.39
465232785,139649.69,Pending,2024-11-23,Julie Carlson,73,35159.76
989363973,149723.25,Filed,2025-02-09,Sabrina Jenkins,74,24001.71
103690950,81517.28,Pending,2024-10-10,Abigail Brown,75,24645.95
657333423,191693.87,Audited,2024-07-29,Michele Mcconnell,76,30460.96
585463241,176892.07,Pending,2024-12-31,Christina Parker,77,19180.25
204344118,54070.5,Pending,2024-03-09,Christopher Lee,78,8278.57
565393700,186088.96,Audited,2024-10-26,Mark Wagner,79,69307.72
575804688,74297.2,Rejected,2024-04-26,Anna Gutierrez,80,11670.9
614962309,105460.87,Audited,2024-11-13,Ian Drake,81,11468.66
479962986,74640.34,Audited,2024-11-13,Michael Walter,82,21433.85
923877727,46358.91,Rejected,2024-12-12,Miranda Thornton,83,15363.91
280249394,43158.91,Audited,2024-08-23,Dr. Curtis Hall,84,8770.05
848763418,139139.34,Pending,2025-01-28,Ronnie Alexander,85,39850.44
529758586,125244.67,Filed,2024-09-27,Cassidy Kennedy,86,50017.84
590509670,102062.64,Filed,2024-06-12,Justin Rodriguez,87,39721.93
675202280,30311.16,Filed,2024-08-07,Tyler Knight,88,6425.94
939672360,98041.05,Filed,2024-03-23,Mrs. Cassandra Taylor,89,10213.37
771967566,182158.58,Filed,2024-02-16,Sarah Santiago,90,19983.33
870185930,31297.54,Filed,2024-08-09,Megan Murphy,91,6855.43
994335553,50709.41,Audited,2024-08-08,Andrea Haley,92,17567.8
698987125,57033.46,Audited,2024-08-27,Bryan Bennett,93,16303.61
174074189,121134.1,Rejected,2024-11-04,Jessica Grimes,94,41189.91
824896083,160283.15,Rejected,2025-02-04,Denise Lindsey,95,32170.24
571002141,126336.64,Pending,2024-05-23,Andrea Boyd,96,20321.57
264502821,153201.5,Pending,2024-05-28,Nicole Marshall,97,49036.53
934367210,131539.99,Audited,2024-10-10,Dr. Colleen Ward MD,98,29101.51
178700970,79556.85,Pending,2025-02-06,Elizabeth Wade,99,28152.33
953719501,90930.93,Rejected,2024-02-21,Jennifer Cervantes,100,21033.88
394871489,56320.7,Audited,2025-02-06,Erica Larson,101,14876.71
746721873,66398.89,Filed,2024-02-19,Bryan Shelton,102,25636.63
165653464,124196.04,Pending,2024-10-20,Scott Gibson,103,28221.15
978885246,190671.52,Pending,2024-06-28,Christopher Anderson,104,58163.85
148490067,76662.02,Pending,2024-12-05,Amy Perez,105,8215.27
513552593,54083.22,Rejected,2024-06-27,Alexander Kim,106,10216.97
908056921,111080.76,Audited,2024-05-12,Angela Ray,107,27872.19
943381955,72348.2,Filed,2024-03-10,Jean Evans,108,8830.87
741750789,74113.39,Filed,2024-10-06,Keith Calhoun,109,28203.75
494162037,194655.64,Pending,2024-06-23,Jacqueline Baker,110,40830.78
963328160,124637.83,Rejected,2024-06-09,Leslie Douglas,111,33498.73
