record_id,taxpayer_id,name,income,tax_paid,filing_date,status
1,886390223,Benjamin Taylor,60293.67,23399.27,2024-04-20,Rejected
2,748908661,Todd Brady,49546.01,5736.03,2024-12-15,Rejected
3,729189568,Megan Vazquez,170688.41,41529.24,2024-05-23,Pending
4,705185316,James Pace,180519.21,46945.55,2025-01-27,Rejected
5,559699676,Anna Lin,35614.29,6278.18,2024-08-11,Audited
6,699786133,Tyler Winters,118480.11,40937.98,2024-08-30,Rejected
7,529036233,Karen Yang,177028.58,44373.38,2024-07-08,Audited
8,200309512,Phillip Greer,63445.39,18053.0,2024-12-02,Filed
9,141047469,Richard Flores,63145.75,14986.11,2024-03-21,Filed
10,104138604,Michael Pearson,94260.49,31245.33,2024-12-01,Audited
11,174749625,Kimberly Smith,84059.97,12931.41,2024-06-05,Audited
12,480006847,Karina Chase,30905.53,4331.12,2024-06-19,Filed
13,657528733,Jennifer Carrillo,78270.54,15316.29,2024-03-11,Filed
14,583209341,Ricky Evans,178392.45,60929.73,2024-10-31,Audited
15,172450256,Barbara Nichols,149957.14,53499.79,2024-04-25,Rejected
16,960316986,Caroline Cooper,168920.12,53052.26,2024-02-27,Rejected
17,228323749,Jesse Farmer,140747.62,50904.06,2024-08-14,Rejected
18,112161408,Gerald Johnson,87707.04,30003.83,2024-04-30,Pending
19,784690519,Kara Medina,137295.6,28337.92,2024-04-06,Pending
20,736023499,Tiffany Rios MD,60072.42,13318.46,2024-03-28,Filed
21,826590680,Julia Vasquez,147300.72,54104.03,2024-08-12,Rejected
22,998436242,Kim Baker,136567.99,35193.1,2024-02-29,Filed
23,656500486,Stephen Acosta,83223.89,21117.81,2024-07-23,Rejected
24,833321932,Robert Owen,158530.82,17013.39,2024-06-03,Rejected
25,752401295,Matthew Nguyen,62512.11,7195.69,2024-10-06,Pending
26,794302561,Christopher Benton,189619.1,41050.41,2024-12-27,Pending
27,941401184,Samuel Ellis,86573.61,30218.37,2024-06-26,Filed
28,212660699,Elizabeth Sawyer,80994.01,30763.62,2024-11-09,Audited
29,864606257,Mr. Brandon Martinez,189410.77,23175.47,2024-12-02,Pending
30,294848327,Danielle Cantrell,135316.7,24483.97,2024-06-06,Audited
31,794646413,Steven Ortiz,135478.61,24781.83,2024-04-19,Filed
32,514546521,Breanna Simon,158407.13,17285.41,2024-04-17,Audited
33,134529839,Max York,107893.59,26471.2,2024-11-09,Audited
34,777440963,Jeffrey Mann,183861.93,58699.38,2025-01-16,Audited
35,748380111,Mary Morgan,105155.47,38831.58,2024-12-24,Pending
36,229412627,Kathryn Mitchell,154893.24,30894.16,2024-07-17,Filed
37,301695741,Christian Greene,134472.76,42348.3,2024-03-17,Pending
38,491141117,Angela Haynes,148139.4,17293.97,2024-10-01,Audited
39,376397686,Emily Fisher,199067.78,67065.3,2024-03-31,Rejected
40,267275340,Tina Richards,114499.27,38645.48,2024-07-12,Filed
41,314900777,Catherine Jimenez,136192.35,13768.86,2025-02-09,Audited
42,533868777,Alexander Liu,104546.49,14739.24,2025-02-04,Pending
43,510917503,Jeffery Campbell,58058.12,20194.27,2024-10-28,Rejected
44,688455551,Nathan Martin,165409.7,41742.85,2024-07-16,Audited
45,504982424,Brendan Warner,161612.87,24505.51,2024-10-23,Rejected
46,137390303,Allison Johnson,111970.24,43258.19,2024-11-02,Rejected
47,871252468,Andrea Oneal,139561.7,30239.49,2025-01-03,Rejected
48,110760140,Erica Spencer,114159.76,20565.08,2024-10-01,Rejected
49,321855895,Angela Hawkins,105111.32,23688.0,2024-07-29,Rejected
50,310780968,Adrian Johnson,109970.51,19504.3,2024-04-24,Filed
51,260875349,Kathleen Rocha,46465.18,14970.84,2025-01-25,Pending
52,362402737,Randall Fox,53440.86,10044.7,2024-12-13,Rejected
53,960546264,Jeffrey Porter,33951.59,3781.8,2024-06-12,Filed
54,861366954,Tiffany Tyler,58776.0,10840.0,2024-12-22,Audited
55,101792649,Angel Green,38509.05,5722.58,2024-04-24,Filed
56,940314087,Mrs. Wendy Perry DDS,90139.62,15136.39,2025-01-24,Pending
57,915621493,Patricia Clark,194064.11,55238.36,2024-05-24,Filed
58,134969826,Shannon Huber,119616.31,43598.72,2024-04-30,Audited
59,380680552,Manuel Figueroa,178254.24,20179.71,2025-02-01,Pending
60,419675915,Rebecca Smith,166909.55,46088.93,2024-05-04,Rejected
61,906537465,William Thompson,197460.49,52045.43,2024-08-26,Audited
62,902723230,Deborah Caldwell,130905.73,32225.06,2024-03-17,Pending
63,489978564,Andrew Mckinney,36269.96,4806.94,2024-05-04,Rejected
64,904267675,Samantha Tyler,44997.54,15203.49,2024-07-13,Audited
65,516536421,Kevin Byrd,108408.1,33334.66,2024-09-28,Pending
66,162209015,Valerie Johnson,57828.68,23126.84,2025-01-12,Pending
67,844729450,Stephen Dalton,143315.8,57193.96,2024-10-01,Filed
68,604992358,Dr. Joshua Henderson,123074.11,31576.41,2024-11-30,Audited
69,171638337,Joseph Cruz,152878.48,34004.53,2024-10-23,Rejected
70,138473575,Crystal Williams,114915.85,43493.1,2024-03-26,Filed
71,661222198,David Parks,42322.44,16559.45,2024-11-06,Audited
72,787840882,Mr. Cole Lee,35394.82,3572.37,2024-12-29,Pending
73,660002825,William Nelson,125218.25,20777.83,2024-06-22,Pending
74,928218299,Alan Gonzalez,52976.91,17352.52,2024-05-27,Pending
75,936600543,Sonya Welch,51348.34,13461.6,2024-04-14,Audited
76,862561967,Anthony Taylor,39418.85,14936.62,2024-07-15,Rejected
77,615675175,Donald Mcknight,81235.14,9323.53,2024-04-15,Pending
78,246042345,Mary Myers,66047.65,6914.9,2024-06-11,Filed
79,555074266,Rebecca Wright,112770.52,14594.43,2024-10-10,Filed
80,292535283,Jeffery Johnson,74534.32,15460.71,2025-01-18,Audited
81,368727797,Charles Young,185155.92,67343.99,2024-11-15,Pending
82,675632204,Ruben Park,95303.39,22625.5,2024-10-09,Rejected
83,826102567,Luis Clark,189843.63,19298.17,2024-03-29,Rejected
84,747866332,Jacob Gonzalez,90865.05,19212.12,2024-12-25,Filed
85,602602240,Mitchell Ortiz,193155.47,60941.47,2024-05-27,Rejected
86,826919374,Theresa Barber,64412.79,19844.87,2024-08-09,Audited
87,809897895,Christopher Hickman,139563.2,36522.62,2024-10-05,Rejected
88,338484588,Susan Price,124061.31,29066.34,2024-12-06,Filed
89,293379631,Andrea Smith,126492.54,43318.15,2025-01-11,Audited
90,681824748,Maria Shaw,138571.22,54129.81,2025-02-06,Filed
91,940886937,Justin Carrillo,193167.03,61253.18,2024-06-20,Rejected
92,339972099,Emma Hughes,98626.43,27793.34,2024-10-09,Rejected
93,545051837,Stephen Dunlap,197978.21,39626.08,2024-03-15,Filed
94,353743632,Theresa Cox,46328.66,17749.02,2025-01-18,Audited
95,570055287,Sean Perez,138867.21,14293.22,2024-03-27,Filed
96,508289884,Martha Johnson,127899.56,28324.55,2024-08-04,Filed
97,896686073,Diane Evans,84490.6,24333.65,2024-03-27,Rejected
98,839963104,Angel Smith,68788.87,18880.93,2024-11-06,Audited
99,882410315,Nicholas Williams,196139.81,67800.2,2024-04-03,Filed
100,727140872,Mike Morton,184246.94,61235.19,2024-03-13,Rejected
101,289636186,Maria Curry,51354.17,13766.86,2024-05-23,Filed
102,703532018,Shelly Perez,117123.3,23979.1,2025-02-11,Filed
103,434654435,James Lyons,136258.88,14360.99,2024-11-29,Audited
104,919445911,Linda Owen,184196.66,68073.61,2024-07-02,Rejected
105,381008460,Timothy Rush,161041.69,47075.36,2024-04-24,Rejected
106,129606639,Michael Vincent,169866.19,36697.11,2024-03-28,Filed
107,606119197,Kim Bernard,91476.61,28983.51,2024-10-28,Rejected
108,776414116,Tina Cervantes,154752.34,37626.85,2024-10-27,Filed
109,917562032,Andrew Rios DDS,31832.37,11891.55,2024-06-19,Pending
110,569272650,Kathryn Fisher,72117.25,24951.45,2024-12-20,Rejected
