record_id,taxpayer_id,name,income,tax_paid,status
1,342444512,Valerie Potts,77689.02,20851.41,Pending
2,293021388,Emily Glenn,44230.53,4456.96,Rejected
3,290269808,Joseph Evans,192471.72,54848.95,Filed
4,106982135,Clifford Gregory,89463.62,30583.7,Audited
5,272395806,Richard Tucker,108768.56,43257.1,Filed
6,242465468,Kelly Dunn,83201.0,31002.89,Pending
7,706396490,Cody Marquez,178275.1,27884.21,Audited
8,914965656,Alicia White,57658.38,14943.13,Rejected
9,203405672,Eric Ford,145966.08,55166.35,Pending
10,720635311,Rachael Gomez,120937.0,46465.55,Audited
11,711636684,Christina Rojas,62526.45,9466.86,Pending
12,535107290,Shawn Baker,110474.68,16641.02,Rejected
13,159038465,Kevin Pruitt,50162.33,12203.12,Rejected
14,992826239,Jared Neal,184478.14,32379.83,Audited
15,765310324,Ian Brown,126596.44,17031.73,Pending
16,186412573,Erica Carey,199227.77,31300.04,Rejected
17,715203311,Lisa Jones,65450.73,18900.4,Rejected
18,687949059,Jennifer Palmer,162822.76,59506.58,Audited
19,152768696,Susan Vaughn,133034.79,24510.86,Audited
20,914207498,Brittany Gamble,158994.46,59097.69,Audited
21,984263743,Kayla Ferguson,130980.29,13677.14,Pending
22,788466954,Samuel Allen,129978.29,47181.9,Rejected
23,810432965,Shannon Gonzales,49636.45,18609.7,Filed
24,418612220,Nicholas Spencer,180346.14,39992.86,Audited
25,115762491,Sharon Griffin,96555.83,26171.68,Filed
26,491583015,Shelby Leblanc,150660.15,49270.98,Pending
27,262113565,Timothy Mendoza,68165.91,15678.68,Audited
28,908686234,Amanda Allen,159960.48,49106.02,Audited
29,995197500,Marc Hamilton,91046.58,29857.3,Filed
30,186647657,Jeffrey Mack,147392.55,18680.58,Filed
31,627838237,Curtis Castro,144881.01,40766.65,Audited
32,636822919,Matthew Cole,149512.98,20653.8,Audited
33,738671499,Michael Tyler,66207.68,11898.11,Audited
34,565276635,Suzanne Robinson,132520.82,44456.53,Filed
35,550227667,Brandon Berry,154737.47,53211.55,Filed
36,708182789,Mr. George Thomas,153423.15,61307.92,Rejected
37,779540252,Robert King,185185.15,41638.94,Audited
38,980489280,Eric Simpson,47349.28,4995.48,Audited
39,795883664,Jacqueline Gay,170589.24,66755.05,Audited
40,955258105,John Dillon,165170.82,30078.08,Filed
41,432948797,Zachary Powell,156425.97,53925.15,Rejected
42,827215180,Nicholas Hickman,85669.65,19117.51,Rejected
43,691423534,Dr. Lisa Leon,147280.37,50409.14,Filed
44,633005892,James Cross,116001.28,28989.19,Pending
45,706787736,Wesley Stephens,81643.86,23139.58,Audited
46,572769097,Rebecca Martin,172678.46,26227.06,Audited
47,769848738,Earl Porter,103155.6,22865.93,Rejected
48,314981440,Eric Gould,33946.61,9347.51,Filed
49,237983711,Zoe Hughes,98423.84,22964.37,Filed
50,401641614,David Salas,50391.9,11632.45,Pending
51,873499848,Anthony Lewis,55573.81,7315.98,Filed
52,372475691,William Rose,119970.34,31361.09,Audited
53,421728783,Louis Vincent,181967.69,20093.41,Rejected
54,500680375,Sarah Middleton,85398.53,30656.93,Pending
55,957973625,Andrew Mccoy,110468.86,37105.2,Rejected
56,841300334,Jeremy Lara,190664.11,21727.45,Audited
57,283218574,Louis Marshall,33044.66,3442.74,Rejected
58,134270348,Priscilla Gonzalez,65832.41,7056.22,Pending
59,403043536,Linda Smith,124775.19,22319.35,Audited
60,294174684,Gabriel Dillon,86794.59,26243.72,Audited
61,421151104,Angela Gordon,96823.24,27814.08,Rejected
62,773320316,Kristie Lucas,155387.01,34653.43,Filed
63,105534461,Justin Mckinney,125914.04,47259.63,Rejected
64,573335773,Ashley Cannon,55779.36,19141.77,Rejected
65,898278408,Sarah Reed,147109.9,40923.64,Audited
66,670622642,Adrian Robinson,177471.32,19636.4,Audited
67,324966233,Suzanne Johnson MD,76180.36,15102.19,Pending
68,879428152,Travis Carter,71876.9,16063.29,Filed
69,929079459,Amanda Adams,177824.68,19470.34,Rejected
70,351051260,Sherri Griffin,164508.37,40704.01,Filed
71,976405654,Jacob Carlson,184828.67,62059.88,Filed
72,949363825,Gina Lopez,132090.56,48966.98,Audited
73,846923441,Carrie Nguyen,178297.87,51592.99,Audited
74,542909542,Jessica Schwartz,48377.77,13849.2,Pending
75,841625542,Caleb Irwin,183247.67,34132.76,Rejected
76,751734119,Matthew Andrews,171498.45,39315.61,Pending
77,744906993,Lawrence Roach,70331.42,15526.27,Audited
78,990167571,Joseph Horne,193843.92,30338.54,Rejected
79,984740921,Jerry Johnson,74994.51,25008.98,Filed
80,885192217,Kevin Ellison,155055.04,23633.3,Audited
81,968794104,Stephen Brown,105593.37,22808.41,Pending
82,565174348,Diane Mccall,127983.07,25974.9,Rejected
83,645195740,Kevin Cox,170978.26,49204.58,Audited
84,152862561,Jennifer Peterson,92598.76,24545.72,Filed
85,687600302,Paula Briggs,60816.24,21222.51,Rejected
86,486276996,Tiffany Peters,106354.51,21143.7,Filed
87,714093858,Miss Margaret Turner DVM,85079.91,24955.68,Audited
88,832362451,Kathryn Carter,48421.13,18061.45,Audited
89,335522576,Matthew Miller,160642.4,40490.36,Rejected
90,659228484,Trevor Dennis,192072.83,64846.83,Audited
91,604354817,Ryan Ramirez,96475.08,26171.17,Audited
92,306924572,Tyler Irwin,118435.29,14823.9,Filed
93,912403992,Melissa Chandler,89046.11,30815.96,Pending
94,118069374,George Espinoza,96919.9,18015.89,Filed
95,480628755,Stephen Bruce,133635.85,40287.5,Rejected
96,256863256,Maurice Washington,152965.52,19039.88,Rejected
97,899945308,Michael Fields,184492.95,24894.93,Rejected
98,936503375,Kimberly Pruitt,84733.93,28994.73,Rejected
99,531234098,George Pratt,62504.73,19494.51,Pending
100,607642094,Richard James,180544.31,28240.95,Audited
101,825278624,Heather Davis,139690.76,39887.4,Rejected
102,977560441,Heidi Johnston,116347.45,19445.0,Rejected
103,721914389,Kevin Parks II,116075.53,30852.34,Rejected
104,918650890,Kristen Cook,48330.38,15968.47,Audited
105,695546068,Justin Alexander,39622.73,7924.43,Filed
106,115342280,Brittany Reid,94814.94,9770.38,Pending
107,701486960,Matthew Mcneil,65019.29,9725.26,Rejected
108,989685223,Helen Allison DDS,48598.14,18593.59,Pending
109,785230701,Carlos Burns,57135.35,12631.8,Pending
110,887851874,Mark Tucker,65063.54,8245.62,Filed
111,282489342,Julie Woodward,110158.78,25963.77,Rejected
112,969873479,Shannon Roberts,62353.28,10247.33,Filed
113,171834266,Seth Saunders,167043.44,42091.56,Rejected
114,184819113,Olivia Garcia,97585.47,16243.65,Audited
115,150189517,Hannah Smith,74350.7,29292.23,Pending
116,790881096,George Becker,50780.55,17669.95,Audited
117,888311492,Ruth Guerrero,185216.46,43346.76,Audited
118,693413653,John Hall,64408.06,21882.51,Rejected
119,947792969,Melanie Flores,65736.1,18076.39,Filed
120,325494701,Kimberly Dudley,128873.35,13594.43,Audited
