record_id,taxpayer_id,status,tax_paid,name,income,Filing Date
1,972992077,Rejected,47031.69,Rachel Petersen,188411.91,2024-07-06
2,916750192,Rejected,36709.53,Abigail Johnson,92723.42,2024-04-27
3,891036032,Audited,47593.42,Tracy Stewart,199445.63,2025-01-01
4,373466576,Filed,36015.53,Sean Stevenson,91223.29,2024-08-10
5,305236774,Rejected,16752.42,John Turner,47719.65,2024-06-02
6,191113785,Audited,21587.86,David Wright,73882.51,2024-08-21
7,761079287,Filed,6226.64,Deborah Oneal,50598.42,2024-09-14
8,157397431,Audited,8258.88,Alexandra Lyons,30797.89,2024-07-13
9,828101581,Audited,47517.82,Danielle Clark,123910.54,2024-04-24
10,280263105,Audited,34518.11,Candice Schmidt,112074.88,2024-10-21
11,798756097,Filed,55530.56,James Edwards,197287.23,2024-03-22
12,156275127,Rejected,21454.75,Lisa Clark,124064.05,2024-03-21
13,416615659,Audited,34162.71,Jerry Garcia,117942.65,2024-10-27
14,896620791,Audited,63590.72,Erin Kirk,191003.56,2024-08-02
15,898572534,Rejected,25760.93,Shannon Gonzales,80026.51,2024-05-11
16,499986462,Filed,29138.23,Nicholas Luna,161546.27,2024-08-05
17,123130646,Rejected,16177.82,Stephanie Stevens,126051.22,2024-03-12
18,113581157,Audited,31819.62,Donald Benton,85810.07,2025-01-24
19,976871045,Rejected,26985.35,Angela Hall,69912.39,2024-06-12
20,241475483,Pending,20879.26,Susan Brown,86574.24,2024-07-01
21,108580686,Audited,36727.28,Ana Lee,134725.19,2024-10-14
22,703299629,Rejected,60531.46,Terri Silva,158051.49,2024-06-18
23,642504247,Filed,36730.43,Deborah Hanna,130315.56,2024-12-08
24,231309421,Pending,15432.93,Martha Jones,40325.88,2024-10-16
25,488880933,Audited,60380.54,Michelle Adams,183094.3,2024-03-14
26,337406829,Audited,25191.6,Jennifer Hood,100301.75,2024-10-22
27,226740390,Filed,54930.86,Bradley Wheeler,139106.25,2025-01-11
28,789141812,Rejected,61661.28,Timothy Miller,194476.71,2024-04-26
29,587788685,Pending,43281.22,Michele Johnson DDS,115084.63,2024-08-14
30,265343005,Rejected,29428.38,Diana Klein,87436.88,2024-03-12
31,413028502,Pending,47942.63,Anthony Sandoval,191777.72,2024-02-20
32,535892026,Rejected,33845.73,Sandra Black,144401.69,2024-04-20
33,964284117,Audited,47246.83,Emily Scott,154849.41,2024-09-30
34,607965757,Audited,39697.64,Stacey Valdez,163724.43,2024-10-12
35,821585098,Rejected,18014.88,John Reeves,80412.24,2024-04-09
36,144997696,Rejected,15928.22,Christopher Bird,155936.62,2024-10-02
37,471583336,Rejected,18202.82,Kayla Francis,47456.61,2024-07-16
38,185074525,Rejected,11720.04,Cindy Barton,37166.06,2024-10-04
39,821209863,Filed,33950.19,Adam Jennings,193705.12,2024-12-17
40,710710976,Filed,11735.68,Matthew Rangel,42549.38,2024-08-08
41,669781185,Rejected,25898.46,Jonathan Boyd,124190.99,2024-06-22
42,811987668,Rejected,38970.27,Katherine Johnson,172981.59,2024-03-08
43,473465950,Pending,35669.95,Victoria Perez,126711.34,2024-07-03
44,250666628,Pending,50231.74,Maria Lozano,155391.75,2024-10-06
45,164665596,Audited,43475.96,Kelly Johnson,135461.06,2024-05-08
46,103476748,Filed,28525.51,Nicole Zuniga,195462.71,2024-04-09
47,769155588,Audited,22101.76,Kristie Taylor,58982.03,2024-10-16
48,864675393,Pending,15156.93,Anna Ponce,43896.23,2024-08-29
49,351092105,Filed,42881.6,Kelsey Hernandez,144791.44,2024-11-24
50,720413584,Audited,24821.83,Laura Watts,112791.1,2024-12-20
51,515859176,Audited,9763.02,Cody Perez,41142.48,2024-04-21
52,692025142,Pending,42809.76,Matthew Bennett,136208.65,2024-06-14
53,214692600,Audited,48015.28,Denise Miller,137808.3,2024-11-13
54,135141842,Pending,38795.0,Omar Salazar,162611.87,2024-10-12
55,978175214,Pending,36868.6,Stacy Moreno,106841.62,2024-03-02
56,413859560,Audited,47546.76,Kristine Dalton,144234.67,2024-04-07
57,891859307,Rejected,20900.72,Mark Fisher,166844.37,2024-02-12
58,727874180,Pending,37768.95,Nicole Douglas,113866.9,2024-05-13
59,273781066,Pending,56797.68,Jennifer Hoffman,170599.2,2024-07-18
60,440249214,Audited,11203.47,Mercedes Compton,34404.24,2024-11-17
61,608498930,Rejected,55383.78,Jessica Stone,173988.91,2024-11-06
62,151048602,Audited,46597.35,Curtis Morgan,130065.75,2024-04-24
63,834116084,Rejected,15149.7,Shelly Hall,63211.86,2025-01-09
64,317136948,Audited,14822.61,Morgan Winters,66250.91,2025-02-07
65,935036742,Pending,22427.12,Christopher Hamilton,82827.48,2024-10-15
66,165358862,Audited,51716.53,Gabriel Schneider,167304.46,2024-10-09
67,811693630,Rejected,7975.35,Samantha Meyer,36144.68,2024-09-20
68,548240965,Filed,41405.37,Valerie Suarez,145930.98,2024-06-20
69,324298021,Filed,18111.6,Ryan Rogers,176824.26,2024-10-20
70,229212205,Pending,14504.1,Dylan Lewis,40468.28,2024-06-24
71,940337085,Pending,56573.84,Daniel Brown,187021.65,2025-01-19
72,882934988,Pending,10742.49,Wendy Santana,34655.01,2024-07-09
73,203193155,Pending,29713.25,Kristin Brown,134165.71,2024-09-13
74,495470757,Filed,58396.73,Cindy Rice,154284.23,2024-03-20
75,330593425,Audited,7723.6,John Bond,60738.32,2024-03-30
76,330555505,Filed,7975.28,Gregory Willis,57623.55,2024-03-18
77,708131848,Audited,16486.75,Laura Steele,52527.33,2024-09-28
78,620940822,Pending,15030.49,Wanda Moody,56771.26,2025-01-20
79,545415611,Pending,4730.3,Haley Moore,42039.43,2025-01-07
80,935454703,Rejected,27348.94,Christina Williams,146904.9,2024-10-25
81,549581718,Audited,17822.43,Kelly Mosley,86523.92,2024-06-11
82,127319665,Filed,10524.77,Jennifer Reyes,60492.54,2024-12-22
83,224108751,Rejected,33736.71,Christopher Nichols,151410.12,2024-09-03
84,308577824,Pending,17251.08,Nina Collins,61592.18,2024-02-12
85,530011290,Rejected,43780.46,Dawn Freeman,157117.9,2024-09-03
86,757833842,Filed,32795.87,Katherine Pope,155254.08,2024-04-10
87,918893213,Audited,14572.4,Lindsey Oliver,131068.83,2024-10-05
88,121962509,Filed,43874.31,George Tran,130120.84,2024-05-08
89,492030389,Filed,37204.7,William Reyes,167144.19,2024-09-16
90,188415479,Pending,19577.99,Mrs. Kathleen Brown,190157.14,2024-02-25
91,596910106,Pending,23259.74,Jessica White,88438.86,2024-11-16
92,913309276,Filed,25511.59,David Dixon,70103.45,2024-12-09
93,757268726,Filed,8960.26,Dawn Graves,39065.23,2024-05-05
94,996359979,Audited,10050.7,Mary Snyder,47040.58,2024-11-12
95,133668706,Pending,52023.12,Mrs. Emily Lloyd MD,152168.03,2024-03-16
96,938160196,Audited,35382.33,Curtis White,105238.96,2025-01-14
97,967798626,Pending,39055.3,Emily Oconnor,169161.49,2024-11-24
98,361218490,Rejected,6740.31,Curtis Bishop,66633.5,2024-03-30
99,833749342,Audited,7797.14,Patricia Williams,34975.8,2024-11-12
100,325925560,Rejected,17085.23,Ryan Khan,167128.55,2024-06-16
101,597520475,Pending,33736.67,James Poole,122431.56,2024-08-26
102,241922157,Pending,16571.99,Cathy Nelson,133021.9,2024-08-21
103,141221894,Filed,21029.44,Crystal Osborn,90381.95,2024-05-05
104,878773170,Audited,29540.17,Aaron Newman,90858.25,2024-12-11
105,641139544,Audited,61405.12,Joel Ortiz,194600.97,2024-07-22
106,439173945,Pending,7180.46,Jeffrey Guzman,69428.01,2024-06-22
107,727465431,Filed,36082.75,Tanner Tucker,148019.64,2024-04-06
108,321527769,Pending,41178.73,Joshua George,117999.78,2025-02-08
109,655930513,Audited,36117.72,Anna Bowers,118912.69,2025-01-27
110,542790008,Rejected,20085.36,Victor Rodriguez,100859.21,2024-09-27
111,408175591,Audited,26598.12,Mr. Joseph Norris,172886.1,2024-05-23
112,967785089,Pending,40042.92,Heather Cisneros,102802.31,2024-09-17
