transaction_id,account_id,Transaction Date,transaction_type,amount,description
1,7274,2024-06-18,Debit,7150.85,Education many visit notice federal impact weight.
2,1493,2024-04-02,Credit,3487.54,Treatment wonder attack suggest expect talk with building.
3,7527,2024-08-28,Debit,810.98,Name pressure myself.
4,8038,2024-06-07,Credit,8075.87,Minute decision them alone cover goal reveal old.
5,6915,2024-11-01,Debit,1695.01,Author perform some gun part entire.
6,2110,2024-12-07,Credit,9855.72,Fill fund lay but.
7,8524,2025-02-02,Debit,3574.65,Official represent idea TV gun from.
8,2623,2024-09-22,Debit,9649.13,Relate reason store continue way.
9,4786,2024-10-23,Credit,1248.66,Determine theory institution after his share focus.
10,7723,2025-01-31,Debit,8493.88,Ball nice determine then government north people day.
11,1230,2024-11-09,Credit,1961.42,Actually national technology early.
12,3113,2024-10-02,Credit,9636.18,Next artist fall pass hour.
13,2133,2024-10-06,Credit,2970.82,Car quickly two worker expect born.
14,9577,2024-03-06,Credit,1947.35,Threat others foot start food.
15,4827,2024-11-25,Credit,6825.39,Short surface physical themselves.
16,6623,2025-02-08,Debit,3368.31,As coach market past husband.
17,6050,2024-09-15,Debit,8221.76,Agency matter reveal list standard spring.
18,2910,2024-04-17,Debit,2227.59,Commercial back put spend agree.
19,1379,2024-05-16,Credit,4104.74,Such off market budget manage example energy.
20,3538,2024-12-20,Debit,2383.1,Build practice while activity institution always.
21,9422,2024-03-15,Debit,6084.49,Official win number describe character mind.
22,5336,2024-11-04,Debit,9612.58,Contain quickly toward approach nature.
23,2366,2024-06-02,Credit,1307.41,Lead management feeling.
24,5668,2024-10-04,Credit,881.8,City party collection forget thought including.
25,4541,2024-10-27,Credit,8598.16,Structure tend including point detail ten.
26,2577,2024-09-14,Credit,6061.43,Education officer day trade hot prevent star author.
27,7229,2024-08-07,Debit,6802.68,Husband call save off free hotel.
28,2463,2024-03-17,Debit,9312.79,Particular section stuff.
29,3091,2024-04-28,Debit,2825.19,Will particularly side.
30,1090,2024-02-20,Debit,7341.45,Into yard cup.
31,4441,2025-01-14,Credit,8950.4,Away wait include professor sound discussion speak development.
32,8869,2024-12-27,Debit,1371.4,Third grow enter society.
33,3716,2024-10-15,Debit,9067.02,Ever hand lay.
34,4037,2024-02-20,Debit,9877.13,Fund save card state.
35,2442,2025-01-25,Debit,5190.4,Catch health seat age.
36,9563,2024-08-12,Credit,8524.59,As score window hundred instead.
37,2728,2024-10-01,Credit,3718.75,Vote answer defense into majority eat.
38,5517,2024-11-20,Credit,6738.82,Mr street girl.
39,7181,2024-04-28,Debit,204.84,Floor institution machine team main fast certainly.
40,7192,2024-10-02,Credit,2166.26,Center too coach nature lot.
41,9505,2024-06-24,Credit,7285.68,Professor parent too trouble.
42,3078,2024-10-11,Credit,7498.39,Something opportunity professional.
43,3160,2024-12-04,Debit,8403.39,Million act away others.
44,5842,2024-12-28,Debit,9752.67,Professor rather matter can manage.
45,3355,2025-02-06,Debit,6946.73,Board cold ready.
46,9093,2024-06-02,Debit,6197.36,Operation threat require marriage.
47,9827,2024-07-14,Debit,3460.85,Prepare rate city early less.
48,6419,2024-08-25,Credit,7510.35,Opportunity finish reality or system happy up serious.
49,3192,2024-10-31,Debit,8128.62,Dinner help control marriage decision whether.
50,8264,2024-10-05,Credit,604.14,After police follow.
51,7300,2024-03-28,Credit,6846.64,Necessary election improve administration candidate two every.
52,8106,2025-01-26,Debit,5729.72,Protect heart goal.
53,1688,2024-09-25,Debit,5211.18,Majority clearly kid over.
54,6284,2024-07-31,Debit,6170.13,Just guy local stock shoulder way.
55,9014,2024-04-02,Credit,7553.38,His allow those administration movie.
56,1625,2024-03-01,Debit,8737.65,Move drop consider operation.
57,8838,2024-04-09,Credit,7318.12,Require responsibility fast indeed once discuss.
58,2256,2024-03-19,Debit,6658.45,Again operation I address pay have.
59,1479,2024-07-22,Debit,2295.72,Week example enjoy score number.
60,8007,2024-11-19,Credit,494.82,Effect off source follow worry baby.
61,4132,2024-10-23,Debit,2621.46,Police when day produce majority tax.
62,4243,2024-03-24,Credit,9633.7,Mouth good day.
63,9263,2024-04-30,Debit,3098.49,Radio local remember too cover raise.
64,6100,2024-05-12,Debit,1066.17,Another deal mother true.
65,7636,2024-05-31,Debit,8544.23,Agreement main free exactly stand.
66,5575,2025-01-12,Credit,1942.99,Subject couple against interest enter born radio.
67,4884,2024-05-13,Credit,6154.7,Charge leader marriage through once never.
68,2211,2024-09-02,Debit,136.37,Base get say serious against agree action.
69,3183,2024-12-08,Credit,9963.51,Glass investment major near tell other discover.
70,8196,2024-09-07,Debit,394.76,Style six about draw place part.
71,5671,2024-08-04,Credit,1120.1,Scene specific tend maintain again.
72,1447,2024-07-27,Credit,7798.36,Sense start specific name history guess citizen compare.
73,6224,2024-02-26,Debit,8369.17,Better key sing check.
74,1941,2024-02-12,Credit,7779.8,Either event participant.
75,9734,2025-01-23,Debit,6354.16,During item letter include.
76,1841,2024-10-05,Debit,6197.74,Human fast themselves art network learn.
77,6197,2024-07-22,Credit,2977.33,Election exist interview back traditional us.
78,4773,2025-01-27,Debit,4453.99,Front individual travel customer significant word itself child.
79,5241,2024-09-02,Debit,2466.24,Instead close yard election.
80,7319,2024-03-19,Credit,8694.54,Sense job someone.
81,9188,2024-08-24,Credit,3988.85,Marriage type final serious his although.
82,1250,2024-11-19,Credit,9810.33,First lot behind energy.
83,6539,2024-10-02,Credit,8636.45,Foot situation about paper whether Democrat so.
84,9624,2024-07-28,Credit,8476.02,Sort identify work break discover.
85,3523,2024-04-12,Credit,4967.72,Especially teacher dark successful seven sit.
86,7964,2024-05-10,Debit,9115.54,Style indeed despite true.
87,6467,2024-08-27,Credit,9717.14,Spring third control nation bad.
88,8394,2024-07-28,Debit,7618.84,Reason hard success as team.
89,2014,2025-01-26,Debit,1881.36,Happen part by yard administration.
90,1434,2025-01-11,Debit,9932.04,Give especially drive community hospital.
91,9875,2024-06-19,Credit,774.36,Seem simple official pretty light.
92,3521,2024-12-24,Credit,5891.65,Dinner soldier investment use college sister.
93,1309,2025-02-04,Credit,8295.93,Trial stop part debate thought.
94,9289,2024-12-24,Debit,1698.35,Partner outside rather identify.
95,7207,2024-06-13,Debit,1798.83,Book hit begin dog face.
96,3065,2025-01-13,Debit,7977.15,Technology decade write history front vote voice.
97,2116,2024-06-24,Credit,1268.9,Sure worker customer join.
98,4511,2024-07-07,Debit,3400.49,Case land fear else reality computer.
99,1404,2024-12-17,Debit,26.72,Whatever thought fear factor realize nature culture act.
100,4115,2024-09-28,Credit,413.2,Music imagine Mr room item member whatever.
101,2250,2024-12-17,Credit,183.96,Quality theory government.
102,5483,2024-11-27,Debit,6696.16,Arrive live able finish.
103,7143,2024-10-16,Debit,6155.1,Figure heavy have set treat stuff.
104,1687,2024-12-02,Debit,6801.92,None believe defense tell executive.
105,1708,2024-09-02,Credit,9374.44,Oil thing listen number tough certain teach meet.
106,6181,2024-06-27,Credit,5705.37,Call how nice always find knowledge.
107,2136,2024-12-09,Debit,8967.47,Former successful occur church table.
108,6175,2024-07-30,Debit,2658.34,Everyone save city hope suggest treatment machine address.
109,9335,2024-08-24,Credit,9082.94,Catch whole deal thus.
110,9414,2024-12-30,Credit,8976.85,Hospital gun individual research activity college clear.
111,9519,2025-02-01,Credit,161.63,Camera attack word behind.
112,5785,2024-10-26,Credit,1649.4,Nearly head chance.
113,2231,2024-07-29,Credit,9885.3,Form tell care happen sea early.
114,4460,2024-02-26,Debit,9114.11,Her only baby my foot rule shake.
115,6359,2024-09-03,Credit,7088.69,Idea subject director likely thus.
116,4057,2024-07-25,Debit,7361.07,Tonight live bring Republican a sell student financial.
117,8808,2025-01-25,Credit,6729.48,Past energy firm appear add this event.
118,2305,2025-01-16,Debit,3489.74,Bad sign grow same.
119,7121,2024-12-17,Debit,8278.41,Consider language avoid soldier family.
120,7910,2024-10-31,Debit,6695.76,Upon animal audience several parent suddenly cause heavy.
