transaction_id,account_id,transaction_date,transaction_type,amount,description
1,6496,2024-07-25,Debit,7067.94,Left include soon after occur.
2,8465,2024-06-27,Credit,5795.48,Describe concern base easy question picture.
3,8182,2024-09-04,Credit,7471.29,Building any offer deep foreign.
4,4442,2024-03-30,Credit,6007.86,Experience skin evidence early key be political.
5,5009,2024-11-04,Debit,3047.15,Total represent develop common can.
6,3713,2024-05-28,Credit,1247.48,Add race set avoid move experience eight.
7,6896,2024-12-28,Credit,2209.11,Spend blood marriage produce morning make hold.
8,4549,2025-01-18,Credit,6961.78,Agreement challenge follow street.
9,6529,2024-11-09,Debit,498.73,Hope up assume authority side when become bed.
10,5893,2024-06-30,Debit,7976.87,President next various trade only.
11,2986,2024-02-16,Debit,3953.56,Computer mother close out look.
12,3042,2024-06-10,Debit,6840.74,Material alone four seat fish international.
13,5336,2024-09-15,Debit,9794.65,Actually wind tree cup quite.
14,5140,2024-08-31,Credit,8065.91,Agreement rate investment.
15,9929,2025-01-30,Debit,3337.13,Possible name throughout Mr scene.
16,8558,2024-10-23,Debit,2794.83,Develop camera news reveal country.
17,8558,2024-05-18,Debit,3390.85,Until who position TV scientist certainly serve.
18,7890,2025-01-12,Debit,7196.37,Couple put call former serious war those.
19,2475,2024-10-04,Debit,3936.23,Security whether population no pick.
20,9377,2024-09-07,Debit,2150.53,Reality enter collection conference help.
21,3770,2024-04-25,Debit,1892.71,Become tax hand at require.
22,3847,2024-12-31,Debit,601.73,Third change if among boy.
23,4657,2024-06-06,Credit,6382.35,Everything doctor herself game.
24,7038,2024-06-24,Credit,5336.9,Few research grow personal determine firm.
25,5807,2024-12-27,Credit,221.03,Stuff general agreement agency party life tree.
26,5700,2024-12-05,Debit,3056.78,Time whether give without crime couple.
27,8942,2024-12-13,Credit,1812.44,Left be specific site whole.
28,6838,2024-03-03,Debit,9787.16,Economic only example present man itself.
29,4661,2024-06-02,Debit,8834.11,Building benefit little professor almost administration our language.
30,4317,2024-05-21,Credit,6043.42,Do talk management kind even truth woman weight.
31,5480,2024-11-03,Debit,1226.82,Eye night message media.
32,8324,2024-11-11,Debit,4185.16,Kitchen ball class art ago.
33,1450,2024-03-06,Credit,7805.34,War push their full room.
34,2483,2024-07-27,Debit,5315.89,Republican month fear record side wall.
35,7414,2024-04-20,Credit,9340.02,Pull will side significant add anyone else meet.
36,5709,2024-12-02,Debit,1289.92,If art central real stage.
37,2858,2024-03-31,Debit,1795.61,Ahead road daughter cultural store.
38,4421,2024-08-03,Debit,3219.18,Any same pressure whole simple challenge cover.
39,4262,2024-05-29,Credit,3343.7,Future result result.
40,9295,2024-05-22,Credit,1139.96,Do travel success region.
41,2813,2024-07-11,Debit,7810.65,Meet later light dream common garden.
42,8476,2024-04-17,Credit,2011.1,Million civil thus population draw.
43,9559,2024-12-17,Debit,3614.11,Eight without on site example degree.
44,9655,2024-07-09,Credit,9277.22,Personal everything deal worker administration against.
45,4499,2024-03-01,Credit,1003.32,Describe by history build man statement friend direction.
46,7533,2024-12-24,Debit,1543.7,Measure life another fire.
47,4275,2024-02-27,Credit,8515.51,Begin ball land.
48,3471,2024-06-29,Debit,8964.35,Very should draw side stuff western.
49,9534,2024-08-08,Credit,7683.22,Official soon land hear voice trip worry.
50,7082,2025-02-05,Debit,9279.02,Really turn significant production mission.
51,4316,2024-07-03,Credit,3492.0,Collection Mrs window weight.
52,5674,2024-02-25,Credit,5863.66,Rock theory serious low.
53,8367,2024-09-19,Debit,6421.83,Answer though few cultural culture learn.
54,5469,2024-08-12,Credit,3824.44,History challenge start painting.
55,3316,2025-01-12,Debit,7359.58,Off including candidate.
56,8249,2024-11-18,Credit,1752.77,Anything staff item skill laugh purpose.
57,1057,2024-09-26,Debit,2907.97,Try camera six product artist agent talk against.
58,3111,2025-01-09,Credit,5663.94,Billion hear church all natural chair.
59,5858,2024-03-27,Credit,6968.32,Us ahead station off some.
60,8113,2024-09-21,Debit,6123.77,Approach show fact trial bit.
61,6149,2024-04-21,Credit,8943.37,Answer perhaps board with society.
62,9685,2025-02-06,Debit,9186.15,Far guy number.
63,3521,2025-01-09,Debit,6577.86,Their bad window.
64,7474,2024-08-07,Credit,267.09,Seven method poor because traditional to.
65,7155,2024-10-06,Debit,28.51,Newspaper eye write ever color.
66,6178,2024-11-29,Credit,7373.74,Sea party travel.
67,1284,2025-01-20,Credit,7062.87,Doctor rather season push pay join one young.
68,8221,2024-07-14,Debit,6910.13,Lay million stay see care ten.
69,1211,2024-04-13,Credit,9427.11,Discuss big response old include.
70,5388,2024-06-10,Credit,6810.44,Foreign difficult moment kind save culture.
71,2779,2024-07-24,Debit,2343.24,Tree about hope real wife difficult.
72,1240,2025-01-27,Debit,6183.95,Line condition capital authority middle series.
73,3346,2024-08-09,Credit,5588.23,Allow cause exist national personal this poor.
74,2991,2025-01-04,Debit,229.36,Line his president group.
75,6308,2024-05-23,Debit,3794.33,Myself increase everyone get court.
76,5168,2024-06-22,Debit,5804.06,Floor way ever soldier right care if.
77,4217,2024-04-16,Debit,9619.55,Note argue fund PM bad wind just.
78,2899,2024-09-10,Debit,6603.29,Ago interview decide along since authority.
79,3715,2024-11-28,Debit,4216.82,Only at board health animal.
80,6136,2024-02-14,Debit,6072.43,Mouth help find front.
81,4994,2024-09-10,Debit,4085.39,Mr data theory do usually style whatever.
82,6432,2024-10-17,Debit,5836.51,Billion more result executive.
83,4376,2025-01-26,Credit,862.77,Home describe guess beyond star.
84,3455,2024-03-07,Credit,1556.59,Carry character future thing.
85,7661,2024-03-24,Debit,650.31,Thousand yourself man pick perform.
86,6282,2024-06-01,Debit,5276.02,Truth never forward ever onto.
87,1750,2025-01-26,Debit,2246.16,Responsibility tonight company group east smile.
88,1802,2024-04-30,Debit,9518.13,Imagine probably player such can much fact.
89,3675,2024-07-12,Debit,7615.84,Might rule owner official agency world assume.
90,1365,2024-12-20,Credit,2260.46,Also event big.
91,2526,2024-11-09,Credit,3987.24,Detail option trouble night discussion military.
92,9912,2024-03-29,Debit,6137.62,Meet treatment end use since.
93,7725,2024-06-01,Credit,6256.36,Policy section air smile item.
94,6609,2024-03-27,Debit,7680.51,Conference president interview card good call seem.
95,6868,2024-05-27,Credit,1260.68,Matter such student line positive difference speak teach.
96,8028,2024-10-31,Credit,2010.64,Fund air section operation car force back woman.
97,4722,2024-08-28,Debit,7404.09,Section bed trip appear customer security.
98,8333,2024-12-05,Debit,1230.91,Both computer sound responsibility this weight long.
99,6740,2024-04-29,Credit,2664.98,Look moment help system one protect.
100,3303,2024-10-07,Debit,3321.77,Rest close join movie her wonder someone.
101,3901,2024-12-07,Credit,3110.78,Keep she bag policy once.
102,8805,2024-11-01,Credit,7230.1,Assume image recognize say front perhaps safe.
103,1973,2024-05-05,Credit,2955.83,Address stand on structure.
104,3034,2024-04-30,Credit,5823.61,Talk certainly play home she hope rate.
105,5089,2024-03-11,Debit,3130.62,Start kind available be involve still president.
106,7936,2024-10-07,Credit,9513.59,Manage quite behavior song offer view.
107,5414,2024-10-05,Debit,9324.26,Term step trouble direction.
108,2379,2024-12-25,Credit,1957.64,So despite quality star situation allow.
109,7807,2024-08-09,Debit,3781.82,Of science staff hour behind.
110,3183,2024-08-18,Debit,3765.22,Rule value travel we use move draw.
111,7843,2024-08-05,Credit,2062.69,Attention very across Republican door let until indicate.
112,8439,2024-11-01,Debit,9427.41,Event check against will grow ever sing.
113,3282,2025-02-10,Debit,7584.37,Minute name unit fact before kind.
114,9930,2024-06-26,Credit,9916.57,Have during not summer kind.
115,4197,2025-01-25,Credit,1249.86,Experience suffer rich least professor.
116,5938,2024-08-02,Debit,8128.04,Store positive moment ok follow back.
117,6293,2024-08-01,Credit,3941.68,My always respond second leave indicate.
118,2106,2024-07-01,Debit,4172.22,Statement never catch increase page community attack.
119,7623,2024-11-17,Credit,1651.53,Ball industry program instead.
120,6409,2024-12-27,Credit,4839.51,Business gun even know member.
121,5605,2024-12-02,Credit,1453.85,Wall thus southern gas structure age city.
122,2014,2024-03-24,Debit,2041.86,Check discuss ground less.
123,4899,2024-05-10,Debit,3030.99,Trip million take matter within fish raise.
124,5569,2024-12-09,Debit,5938.0,Training job system soldier can member majority her.
125,9156,2024-05-01,Credit,5625.12,Off government available film film prove collection.
126,4084,2024-09-04,Debit,2229.05,Movie news as ahead west reveal purpose film.
127,5810,2024-06-26,Credit,7224.99,Bad why that research.
128,3262,2024-11-26,Credit,4037.83,Produce different particular put individual town whose plan.
129,4742,2024-11-08,Credit,356.95,Interesting listen yeah wear letter writer he.
130,9393,2024-12-31,Credit,4908.51,Born movie his anyone trouble.
131,3923,2024-03-23,Credit,8567.1,Will suggest million indicate several draw.
132,9364,2024-03-21,Credit,5200.51,Foot college system herself detail still thus.
133,4062,2024-10-19,Credit,6021.08,Main bed among TV certain.
134,9952,2025-01-06,Credit,3490.78,New know laugh art ever effort song deep.
135,2374,2024-07-09,Debit,2729.0,Line thing word travel decide together.
136,9549,2024-11-24,Debit,396.91,First indeed use easy common learn change start.
137,2380,2024-07-17,Credit,5984.26,Factor according event particular long buy age.
138,5339,2024-09-24,Credit,6720.27,Message cause usually.
139,4937,2024-07-04,Debit,6979.45,How skin yet gas.
140,9408,2024-10-21,Credit,4879.59,Fear where do perform ball on.
141,8267,2024-11-14,Credit,252.56,Source section send onto.
142,2825,2024-12-17,Debit,901.67,Method early change anything.
143,2349,2024-09-28,Credit,595.96,Conference these speak language fact morning.
144,5133,2024-10-09,Debit,874.38,Offer to thought site.
145,6895,2024-12-04,Credit,8852.5,Accept not compare arrive economy wonder find.
146,3446,2024-02-29,Debit,4967.21,Wife candidate home letter catch.
147,6043,2024-11-01,Credit,8667.28,Majority next think as bill.
148,8669,2024-10-20,Debit,7091.67,Color ground institution.
149,8540,2024-10-06,Credit,5606.94,Environmental already after attention.
150,3117,2025-02-02,Debit,9343.53,Spend case quickly suggest.
151,3288,2024-09-20,Credit,434.26,Teach represent cup fact chance dark serious.
152,3806,2024-03-10,Credit,438.17,All town run worry item others.
153,6999,2024-03-16,Credit,4906.03,Cover do three story finally single.
154,8059,2024-05-27,Credit,8701.53,Baby help live plant.
155,8892,2024-12-30,Credit,3653.44,Your religious candidate black four watch certainly.
156,1939,2024-02-22,Debit,5542.84,Yeah hit reduce interest surface best.
157,3969,2024-11-05,Credit,8477.81,Nothing town remain value require baby.
158,8335,2024-04-15,Debit,336.58,Movie population everything can score goal.
159,4145,2024-04-18,Credit,5378.06,Care maybe experience political charge.
160,2599,2024-07-25,Debit,9156.89,Many nearly development live.
161,2183,2024-12-22,Debit,3349.2,Tv tough course oil back political.
162,9109,2024-08-26,Debit,4827.07,Drug approach sport middle.
163,9364,2024-05-21,Credit,3522.17,Easy study final.
164,7035,2024-06-29,Credit,5142.39,Child ten ground and.
165,5023,2024-11-06,Credit,3179.73,These tough so suffer site simply why.
166,4069,2025-01-21,Debit,6627.34,Without international know issue.
167,2248,2024-12-29,Debit,2570.09,Small trade international computer share forward.
168,4689,2024-05-04,Credit,4856.3,West race change long include hot.
169,5897,2024-05-28,Credit,5436.18,Citizen local hot.
170,5566,2024-06-24,Credit,3985.59,Place process system dinner.
171,5945,2024-05-15,Debit,5898.76,Appear mind study building newspaper make.
172,5143,2024-02-12,Debit,8704.24,Above tough role.
173,4430,2024-03-21,Debit,2185.66,Meet wear forward compare race prevent.
174,5796,2024-04-13,Credit,1092.07,State note either coach.
175,2303,2024-03-22,Debit,4823.47,Court follow level in develop.
176,6036,2024-05-17,Credit,5937.18,Civil firm kind simple wife speech avoid.
177,4290,2024-09-20,Debit,2415.25,Movie exist herself lead wide expect simple affect.
178,3086,2024-11-24,Debit,3390.69,Responsibility former science create.
179,5179,2024-05-06,Debit,8275.46,Rate decide east.
180,8504,2024-10-25,Debit,7469.49,Go trouble unit single build above.
181,7385,2024-08-18,Credit,5305.97,Site bank country center wear.
182,7967,2024-10-08,Credit,6923.68,Long blue share population already a writer inside.
183,6152,2024-08-02,Debit,5325.53,Growth PM environment sense own drop.
184,8355,2024-09-07,Credit,9203.06,Mean hold seek offer skin.
185,2631,2024-05-29,Debit,6912.17,Summer decision choose like husband conference.
186,3232,2024-12-29,Debit,2644.82,Television add low seat accept become.
187,1718,2024-09-09,Debit,5016.76,Respond defense rate better eye.
188,9780,2025-01-02,Credit,7020.36,Difficult age herself fund Congress.
189,1470,2024-05-28,Debit,196.16,Its PM everyone service story serve.
190,4969,2025-01-19,Credit,7454.25,Professional food open cause gun music now.
191,4182,2024-06-03,Credit,946.62,Catch style once southern discover present.
192,2558,2024-12-05,Credit,4929.65,Ten analysis thought any.
193,1770,2024-07-27,Debit,4150.61,Believe person tend future main discuss.
194,3633,2024-05-23,Credit,5840.88,Your reflect study them miss visit.
195,2288,2024-05-13,Credit,6559.25,Hard bank on as provide wife town friend.
196,4055,2024-03-01,Debit,7360.04,Show name day heart business political.
197,6286,2024-05-04,Debit,1785.66,Within will cut probably those.
198,3041,2024-03-04,Credit,5165.86,Huge establish impact.
199,1159,2024-07-30,Credit,6636.01,Project quite outside put section often produce.
200,2529,2025-01-30,Credit,3589.56,Day story table course but look hospital.
