transaction_id,account_id,transaction_date,transaction_type,amount,description
1,8360,2025-01-31,Credit,6192.94,I card nearly happen.
2,3081,2025-02-03,Credit,8558.7,Character threat ago voice better space care.
3,8929,2025-02-07,Credit,9416.15,Information story discover want even computer painting result.
4,6312,2024-03-31,Debit,7466.37,Picture end with really fact relate how.
5,7848,2024-06-24,Credit,7534.5,Involve move pay property gun.
6,4666,2024-02-24,Credit,9102.63,Mention and station even system trip now.
7,3778,2024-11-07,Credit,2599.96,Decide address both.
8,8097,2024-10-18,Credit,6978.7,View top party place commercial big degree.
9,9868,2024-03-19,Credit,3702.01,Economic evidence late network.
10,6311,2024-12-21,Credit,5049.75,Daughter watch change per bag.
11,1734,2024-09-16,Credit,291.53,Public fish build early concern.
12,4108,2024-09-05,Debit,9694.82,Face play explain blood cause difference.
13,4060,2024-07-31,Credit,113.65,Across Republican I spend more work point.
14,6573,2024-09-09,Credit,3546.91,Thought detail central job.
15,8756,2024-07-10,Credit,7131.25,Security professor music miss.
16,6819,2024-12-02,Debit,9659.84,Hear meet result same successful visit.
17,1458,2024-09-13,Debit,9609.24,Shoulder single child people.
18,5422,2024-03-29,Debit,7649.69,Great surface professor bar view move toward.
19,5112,2024-03-29,Credit,4602.51,Quickly have again base themselves draw.
20,8609,2025-01-01,Debit,2502.84,Leave decision best animal if reduce.
21,1074,2024-03-06,Credit,4315.76,Six work keep sometimes history buy reason.
22,6750,2024-06-03,Debit,6379.58,Pass career up election production population though.
23,1210,2024-03-09,Credit,2240.29,Away beyond everything response.
24,6499,2024-12-31,Debit,4578.08,Senior natural officer know long.
25,6355,2024-05-04,Credit,8367.63,Them we available design upon wish standard.
26,9827,2024-12-22,Credit,6105.19,Road goal need throughout thousand indicate.
27,5243,2024-05-19,Debit,4179.82,Situation concern respond bag.
28,4176,2024-08-08,Debit,6740.14,State news task.
29,7218,2024-11-24,Credit,54.06,Catch hair news.
30,6671,2024-06-29,Credit,325.65,Various conference general respond his.
31,7494,2024-02-25,Debit,1097.96,Deal office share result.
32,4350,2024-07-01,Credit,4064.57,Fact with shoulder tend.
33,8415,2024-06-14,Debit,3487.9,Consider necessary Mrs home standard across way cost.
34,9156,2024-03-08,Debit,1895.08,Cut most stop season.
35,5053,2025-02-06,Debit,8123.35,Rest black never agreement citizen factor team seek.
36,3166,2024-12-23,Debit,1821.19,Charge financial piece month smile certain.
37,6896,2025-02-04,Credit,7766.25,Cause onto government.
38,3163,2024-06-16,Credit,6684.3,Or lead price student member run western.
39,5106,2024-04-19,Debit,5304.43,Production present ten teacher attack relationship.
40,6769,2024-12-11,Credit,8684.94,Series suffer what time whom place major.
41,2060,2024-06-02,Debit,8827.12,Politics smile serious skin cover skill which.
42,5713,2024-07-25,Credit,7622.16,Seat enter life seven have skill car weight.
43,8799,2025-01-14,Debit,5756.52,Argue ten opportunity total then short road.
44,1746,2024-12-27,Credit,9007.76,Space forget general wall author it than.
45,7004,2024-12-15,Credit,8055.65,Sea must left.
46,2417,2024-06-09,Debit,4808.99,Amount some unit reach road night reveal.
47,6545,2024-06-26,Debit,3509.58,Huge why worry doctor.
48,6547,2024-09-12,Credit,9046.23,Individual fire number head hope past.
49,3629,2024-03-18,Debit,8650.91,Figure store movie all religious.
50,3141,2024-08-09,Debit,3454.73,Town painting piece.
51,2912,2024-06-17,Debit,7130.46,Trouble news have style spring.
52,6253,2024-10-28,Debit,7312.42,Business huge reflect serve easy special protect.
53,1699,2024-07-11,Credit,4650.4,Protect detail much play bar TV including.
54,2990,2025-01-25,Debit,9378.07,Action fine national business.
55,5180,2024-04-27,Debit,9491.07,Policy fish seven be series ten.
56,6166,2024-04-03,Credit,3026.06,Nor let beyond southern.
57,3166,2024-08-01,Debit,8025.36,Admit line glass analysis.
58,8847,2024-02-21,Debit,6609.21,Firm leader town foreign thought model real.
59,5959,2025-01-03,Credit,3510.86,Marriage land seven officer best strategy.
60,6824,2024-05-17,Credit,6120.85,Listen anyone throughout none issue skin collection.
61,6414,2024-11-06,Debit,350.19,Glass recent try design tell wish.
62,4217,2024-03-01,Credit,3285.15,Security prepare very section face.
63,3168,2024-03-30,Debit,4703.08,Will board identify.
64,3759,2024-05-01,Debit,6591.13,Baby open find debate institution clearly.
65,5136,2025-01-03,Debit,2968.14,Authority recognize what fill instead positive.
66,1641,2024-03-23,Credit,8460.34,State line beautiful international radio degree name.
67,9105,2025-01-12,Debit,7941.18,Create piece occur newspaper hot old usually pass.
68,1869,2024-07-02,Debit,575.93,See far color weight begin.
69,5952,2024-03-24,Debit,1410.56,Sense before until thousand ago.
70,8852,2024-11-15,Credit,9206.28,Near yet make ago.
71,5751,2024-05-06,Credit,2050.48,Join remain artist daughter according plan good describe.
72,8675,2024-03-01,Credit,9028.18,Where begin pressure night than experience even north.
73,2958,2024-11-29,Debit,8590.78,Among scientist might bed box parent I.
74,6328,2024-05-15,Credit,7454.81,Story agree religious commercial.
75,5076,2024-09-04,Debit,7191.0,Democratic hundred poor officer kitchen student.
76,1116,2024-04-24,Credit,9604.42,Kid major miss community education.
77,7244,2024-04-16,Credit,4575.59,Majority kind company.
78,8776,2024-05-21,Credit,107.39,Dog again glass inside message order whom serious.
79,4307,2024-05-31,Credit,32.51,Poor because half purpose seek.
80,3719,2024-08-24,Debit,7398.18,Institution stop history plant Mr bar lead.
81,3029,2024-12-23,Credit,4078.02,Director myself oil old current.
82,3701,2024-06-28,Credit,1066.63,Place inside assume quite performance about significant.
83,9820,2024-03-07,Debit,8991.89,Lead within president according minute item carry.
84,5884,2024-05-06,Debit,8099.6,Sign environmental project reality look.
85,4874,2024-12-15,Credit,1717.11,Pick accept player quickly memory.
86,1932,2024-09-16,Credit,2096.92,Key free fact wall these.
87,9514,2024-04-07,Debit,7416.11,Left author night.
88,3073,2024-02-28,Debit,4510.93,Occur call ahead only behavior establish.
89,6116,2024-10-27,Debit,8816.37,Look activity character event challenge family tell as.
90,9920,2024-03-01,Debit,1446.02,Range of baby what social adult debate.
91,6236,2024-09-05,Debit,1282.81,Move describe about.
92,8942,2024-03-08,Credit,2230.97,Impact hand red high.
93,4411,2024-11-02,Debit,1852.48,Realize seek report factor poor.
94,8564,2025-01-03,Credit,5995.47,Avoid serious us media.
95,7891,2024-09-29,Credit,15.0,Political your letter throughout.
96,6013,2024-06-27,Debit,5647.32,Part guy avoid option action.
97,6356,2025-01-30,Debit,7059.03,Home during loss hand wish character level.
98,3283,2024-11-27,Debit,5491.68,Inside why than as bar item defense.
99,7792,2024-05-18,Credit,9867.78,Successful south human white other any above choose.
100,4591,2024-10-18,Debit,3045.12,Guy produce second inside.
101,6663,2024-05-29,Debit,3755.25,Industry grow American.
102,8638,2025-02-01,Credit,8330.68,Water must great.
103,4461,2024-11-05,Credit,3366.06,Special finish find sit chair.
104,4375,2025-01-14,Credit,9787.65,Share now ahead goal main.
105,1182,2024-09-02,Credit,8495.29,Professional car yet employee.
106,9470,2024-04-13,Credit,3663.84,That so space woman follow back south.
107,2361,2024-12-16,Credit,6313.12,Air five sort American.
108,1560,2024-07-01,Credit,152.02,Responsibility lead though base three year.
109,2520,2024-11-29,Debit,6530.69,Sport whose family thank couple accept feel public.
110,2313,2025-01-16,Debit,4423.21,Behind fear section reach summer.
111,9067,2024-12-30,Debit,7147.32,Treat executive police billion need.
112,9838,2024-10-09,Debit,8774.64,Read agree state instead memory up then.
113,9379,2024-06-27,Debit,3006.81,Wide question money hot shoulder.
114,3556,2025-01-15,Debit,8783.05,Town bad garden sound mention final drop.
115,3238,2024-05-18,Debit,6950.17,Say wind talk small sit forget.
116,4946,2024-07-08,Debit,8441.26,Year sister yeah effect around great.
117,4583,2024-08-02,Credit,4857.8,Large strategy dream interesting consumer reality any.
118,7824,2024-08-01,Debit,5852.78,Game decide understand own.
