transaction_id,account_id,transaction_date,transaction_type,amount,description
1,1886,2024-10-04,Debit,1412.56,Reveal employee traditional.
2,5347,2024-05-10,Debit,8909.31,Player speak option down building live truth.
3,4998,2024-02-23,Debit,1870.15,Language democratic thousand always water.
4,1182,2024-08-23,Debit,6186.48,Power paper fast old behind enjoy.
5,8410,2024-06-18,Credit,4596.42,There responsibility near.
6,9683,2024-03-26,Credit,700.51,Low individual six eat player.
7,1139,2024-11-11,Credit,4984.08,Business piece establish significant for same box.
8,3447,2024-03-01,Debit,5135.93,Quickly research change job.
9,9696,2024-12-10,Debit,4869.19,Star show its stop final.
10,4600,2025-01-02,Debit,5046.55,Analysis dinner investment can without usually large meet.
11,8586,2024-08-12,Debit,2968.37,Receive pull a down card material.
12,7058,2024-07-13,Debit,853.49,Lawyer fine whom its such serious natural.
13,7298,2024-10-12,Credit,4673.61,Decade player serious back.
14,9908,2024-03-26,Debit,2094.56,Fill about face federal thousand.
15,8503,2024-08-20,Debit,9204.14,Future general quality chair exist.
16,6623,2024-12-02,Debit,1771.87,Result author it employee paper despite machine interesting.
17,9657,2024-04-18,Credit,325.41,Plan produce your it air.
18,2577,2024-04-20,Credit,5305.88,Nice trip will quite hot.
19,4737,2024-08-15,Debit,9241.08,Blue white middle meeting the capital effort.
20,1618,2024-04-11,Debit,6842.0,May sport skill.
21,1588,2024-03-22,Credit,8419.72,Can true table coach likely point collection.
22,5673,2024-03-11,Credit,3935.15,Left high doctor to argue card.
23,9102,2025-02-08,Debit,6151.72,None project control some.
24,9917,2024-05-11,Debit,483.53,Sort machine own simply also student bar see.
25,3464,2024-08-02,Credit,1683.99,Red young improve brother easy ask human institution.
26,7540,2024-06-01,Credit,2947.49,Measure yet before different front majority check.
27,5228,2025-01-22,Credit,3738.38,Rate hour car money current authority include.
28,8589,2024-06-11,Credit,6740.82,Beat choose lose house.
29,8979,2024-10-22,Debit,9714.34,Event cut blood value middle position individual speak.
30,3189,2024-08-12,Debit,3895.15,Fall chance top every money she entire.
31,7772,2025-01-12,Credit,4609.1,Former though support career also industry.
32,1508,2024-03-10,Credit,8634.94,Usually explain tell play protect.
33,5556,2024-07-14,Credit,8272.32,Finally along turn want middle tonight.
34,5907,2024-07-17,Credit,3990.9,Population discuss play mean picture.
35,3220,2025-01-14,Debit,7049.06,Agreement though beat policy of air score under.
36,7175,2024-09-28,Debit,3694.88,Art attorney still create perform.
37,2357,2024-07-08,Credit,7832.36,If consider old accept power fact.
38,4632,2024-08-18,Debit,4018.13,Same western whatever lawyer company decide deal.
39,3654,2024-03-17,Debit,4286.7,Bar writer health star can get.
40,9545,2024-03-24,Debit,6855.31,Although watch particularly make house purpose dark.
41,1591,2024-09-01,Credit,3600.86,Popular approach democratic.
42,7571,2024-11-01,Debit,9609.86,Tax now wear.
43,4476,2024-12-04,Credit,5035.81,Add use ask including board blue.
44,2112,2024-09-03,Debit,7657.84,Name future blue.
45,2518,2024-08-25,Debit,4845.8,May national garden later father.
46,3380,2024-07-02,Debit,1828.81,Between our federal.
47,5455,2024-12-05,Credit,386.72,Myself federal anything public series official offer.
48,6156,2024-09-22,Debit,5389.08,Sometimes position she kitchen.
49,9559,2024-05-14,Debit,4953.41,Stop memory participant.
50,7795,2024-12-30,Credit,2270.42,Head impact deal whether total yeah your effort.
51,9737,2024-05-09,Debit,6976.47,Cut although scene life whose in indeed challenge.
52,9972,2024-12-29,Debit,2909.62,Sound common memory vote cut room me.
53,1566,2024-03-05,Debit,8105.44,These increase station program water.
54,4014,2024-10-28,Credit,9714.66,Know sport ahead once image sound.
55,2711,2024-11-05,Debit,959.48,Different buy table free exist.
56,4228,2024-10-12,Credit,7791.07,Especially position poor scientist above.
57,5405,2025-02-01,Debit,6584.68,Impact important case.
58,5627,2024-09-04,Debit,8848.55,Friend board could process explain camera.
59,1546,2025-02-09,Debit,4117.13,Also base store section teach.
60,2187,2025-01-28,Debit,6811.83,Speech early structure score.
61,5653,2025-02-06,Debit,6681.11,In small either scientist need something throughout.
62,8217,2024-06-22,Credit,1381.77,Sit member hair similar consider use of.
63,8040,2024-06-14,Credit,2928.28,Anything woman leader ok hair reason wide discuss.
64,5342,2024-02-18,Debit,628.26,Major much outside.
65,3645,2024-05-18,Credit,4645.72,Single study it travel none rest heart.
66,6980,2024-12-16,Debit,3620.06,Performance reach single shake.
67,9384,2024-09-16,Debit,5453.38,Lose read boy force finish professor.
68,2671,2024-07-03,Credit,7554.11,Meet responsibility picture know analysis degree beyond.
69,1054,2024-06-04,Credit,5644.61,Foreign help memory heavy plant military.
70,6492,2024-04-24,Credit,1646.53,Go every network ask.
71,3725,2024-12-03,Credit,7087.2,Suggest third I accept.
72,9535,2024-08-01,Debit,671.81,Often after top onto usually mention.
73,3941,2024-03-04,Credit,3680.09,Million move measure thought citizen.
74,6790,2024-07-31,Credit,3102.79,Bill officer democratic beat.
75,1234,2024-11-29,Debit,3876.8,Yourself operation size show write now agent behavior.
76,8833,2024-05-05,Credit,863.24,Reflect power next learn town.
77,8628,2025-01-02,Debit,8665.43,Nearly spring spend friend individual professional including.
78,3045,2024-07-05,Debit,8620.93,Bad four now agency budget town remain hope.
79,9858,2024-02-20,Credit,5537.33,Hear office oil visit wife according.
80,1460,2024-03-28,Credit,4407.49,Water approach administration happen also.
81,3075,2024-03-16,Debit,747.41,Individual fight benefit.
82,6754,2024-08-15,Credit,8884.52,Garden exist show there.
83,6697,2024-04-04,Debit,9805.19,Hope light theory life bill carry.
84,2582,2024-06-17,Debit,2966.78,Beat she he week political operation.
85,3935,2024-11-13,Debit,7572.17,Vote majority well win total gas do.
86,8061,2024-04-22,Debit,1506.2,Its family painting pay week share.
87,5382,2024-11-25,Debit,8950.56,Keep truth sister memory.
88,8579,2024-07-27,Credit,9680.99,Young business fast here industry.
89,9666,2024-07-04,Debit,948.21,Time bring early.
90,6884,2024-03-03,Credit,4185.62,Economic yes space strategy.
91,6035,2024-07-03,Debit,7713.62,Bring serve employee heavy investment.
92,9677,2024-06-30,Credit,4253.98,Opportunity we condition leave occur.
93,7306,2024-08-26,Debit,259.93,Nearly phone goal agree reach factor.
94,8178,2024-10-17,Credit,438.93,Rest space middle argue eat statement maybe.
95,7463,2024-09-10,Debit,1880.41,Husband both fund near night near.
96,6298,2025-01-15,Credit,484.72,Reason but wide real answer these military.
97,5942,2024-10-19,Debit,7474.52,Ready hotel face night.
98,5335,2025-02-02,Debit,2920.41,Central list across.
99,1213,2024-07-23,Credit,6560.22,Sell seem article since attorney pressure trip.
100,2557,2024-04-29,Credit,3344.13,Rule heart family man with degree pattern.
101,6393,2024-12-08,Credit,405.77,Staff fight represent hand whose budget character.
102,7604,2024-10-20,Credit,1693.35,Safe society establish leave amount.
103,5901,2024-05-17,Credit,8231.07,Shake partner drive design.
104,7327,2024-04-11,Credit,2489.24,With easy edge recognize.
105,6128,2024-06-19,Debit,1078.99,Seven build arm by.
106,9005,2024-05-23,Debit,4110.26,Outside health stage morning.
107,3997,2024-07-04,Debit,7493.29,Ahead wish hot heart.
108,9850,2025-02-10,Debit,3965.07,Help analysis article skin.
109,1936,2024-12-29,Debit,5733.77,Study response lead glass item reduce.
110,5754,2024-10-27,Debit,4107.12,Them first material field.
111,3605,2025-02-06,Debit,1396.87,Front role similar tree however class so.
112,5556,2024-12-21,Credit,8680.18,Figure but sound card whatever put stock.
113,7788,2024-09-14,Debit,1543.01,Situation establish third your identify society subject.
114,7632,2024-10-24,Credit,4227.87,Least inside heavy standard environment.
115,4728,2024-08-26,Credit,7384.54,Try on major have job that sister.
116,7658,2024-12-23,Debit,269.81,Military from turn capital forward economic.
117,4802,2024-04-08,Credit,250.97,Knowledge exist live red argue yourself.
118,9437,2024-07-20,Credit,82.47,Part ever leg often crime her.
119,6932,2024-08-02,Debit,5062.05,Television spring last sister their.
120,8078,2025-01-04,Credit,1597.08,Two safe girl.
