TRANSACTION ID,account_id,transaction_date,transaction_type,amount,description
1,4219,2024-08-13,Debit,4144.24,Try reach base mother interview long.
2,5501,2024-10-15,Debit,6904.08,Deep food hotel else away behavior.
3,8522,2024-10-09,Debit,4534.07,Know man during suddenly.
4,5601,2024-05-17,Credit,7925.41,Type entire it magazine according rest.
5,5556,2024-11-16,Credit,6729.44,Design develop generation yet.
6,4133,2024-06-30,Debit,6378.16,Need picture six large free probably author.
7,9303,2024-03-04,Debit,7242.47,Keep last sure exist.
8,9810,2024-05-23,Credit,959.55,Third walk same.
9,7870,2024-11-28,Credit,7824.49,Best reason fear table five including religious clearly.
10,7364,2024-07-26,Credit,3761.42,Eye serious TV speech prove.
11,6060,2024-09-14,Debit,1341.96,Tough reason social bag.
12,4537,2024-05-06,Credit,3465.83,Key billion why professional.
13,3713,2024-04-11,Debit,9577.41,Fly property include coach option firm.
14,7462,2025-01-30,Debit,6366.25,Indicate method pressure.
15,8585,2024-03-19,Credit,4641.45,Might among couple direction size.
16,2850,2024-05-07,Debit,2637.81,Far watch audience.
17,2643,2024-08-16,Credit,3139.82,Skill act forget car real skill.
18,6860,2024-09-28,Credit,7489.64,Go draw finally person allow.
19,1267,2024-05-28,Debit,3871.07,Crime theory mission skill.
20,6597,2024-04-01,Debit,5513.83,Class issue risk popular hour affect.
21,3382,2024-07-15,Debit,1337.66,Look join sister I toward.
22,2096,2024-06-17,Credit,5700.39,Most century indeed building tell religious employee.
23,8607,2024-05-09,Credit,4886.51,Include discuss computer sing one have standard its.
24,5395,2024-04-27,Debit,3995.91,Relate bill single well.
25,3061,2024-12-22,Credit,8070.94,Life party before but way billion rest.
26,1960,2024-07-02,Debit,7895.05,Shake win notice real low.
27,3796,2024-07-20,Debit,5503.58,Appear interest build window five.
28,9108,2024-03-29,Debit,6155.37,City tend table member few can report.
29,8538,2025-01-23,Debit,8440.68,Else top reason today test mention.
30,1941,2024-07-07,Credit,525.49,When early it.
31,6461,2024-04-08,Debit,3748.36,Wall game number but.
32,2846,2024-11-18,Credit,4440.24,May pretty really foot ok theory resource.
33,7330,2024-02-20,Credit,4182.02,Up more their shoulder weight.
34,8236,2024-02-15,Debit,3545.31,Audience box truth help.
35,5817,2025-02-05,Credit,640.34,Scientist partner firm vote above mission maybe develop.
36,2898,2025-02-10,Debit,1239.29,Heart choose economy their use politics.
37,9388,2024-06-28,Debit,3953.1,Court bring author word natural.
38,5223,2024-11-25,Debit,5185.22,Republican seek arrive sister ground management.
39,2822,2025-02-02,Debit,4253.99,Man type practice win billion.
40,9208,2024-03-31,Credit,995.79,Serve third once machine western little.
41,5178,2024-04-28,Debit,4450.93,Tax current admit discuss.
42,5320,2024-08-15,Debit,9192.69,Agree street together.
43,9445,2024-10-11,Credit,1501.78,Big feeling create contain visit former sport almost.
44,4055,2024-04-02,Debit,1299.87,Billion yourself town course media.
45,1100,2024-10-17,Credit,1568.73,Such tree add.
46,5472,2024-07-16,Debit,929.62,Decade total different attack drug detail.
47,2394,2024-07-17,Credit,8218.58,Even financial cut still rise star art detail.
48,5639,2024-03-29,Credit,943.39,Store around already win wrong future base beat.
49,7527,2024-12-28,Credit,3666.23,Wrong human sure measure new.
50,4817,2024-08-16,Debit,9924.37,Hard very put reflect later before.
51,6774,2024-10-08,Debit,4852.61,Strategy sound present item bank film reflect.
52,2422,2024-08-25,Credit,357.47,One note place space relate black.
53,5644,2025-01-03,Debit,5802.62,Eight think return south.
54,7035,2024-11-19,Debit,7363.76,Focus type future recently.
55,2000,2024-10-23,Credit,1292.71,Go represent nation.
56,8405,2024-10-02,Credit,3196.57,Physical bed on forget.
57,8694,2024-08-20,Debit,6032.65,Technology compare give.
58,7752,2024-05-14,Credit,7183.34,Here admit bank break.
59,3930,2024-12-15,Credit,8650.43,Computer interesting game under.
60,1143,2024-09-17,Debit,8810.59,Build must rich thing society listen.
61,1236,2025-01-27,Credit,1010.52,Ground company whatever soldier.
62,1766,2024-08-15,Debit,630.3,Option try recognize although.
63,7455,2024-05-14,Debit,2077.47,Another organization lay it.
64,8138,2025-01-22,Debit,2955.16,Suffer spring eight guess whether form community.
65,5704,2024-03-26,Credit,7527.76,Itself worry wife.
66,5606,2024-05-15,Credit,9100.45,Use manage team assume parent enjoy authority traditional.
67,9708,2024-02-20,Credit,5288.79,Network design exist official visit.
68,1632,2024-10-13,Credit,9401.85,Somebody argue product sing.
69,6329,2024-06-13,Credit,6942.85,Degree perhaps fall.
70,3064,2024-09-08,Credit,8182.83,Film live see join.
71,3614,2024-05-30,Credit,7070.38,Attorney kid upon shoulder conference care.
72,8294,2024-10-25,Credit,7096.34,Factor call between television response brother no.
73,7633,2025-01-31,Credit,8310.19,Determine same dog from yes story.
74,8144,2024-11-15,Credit,6332.82,Close player news concern.
75,8422,2024-03-16,Debit,320.61,Sit when rise behavior challenge owner win.
76,3638,2024-12-19,Debit,9791.63,Eight decision article day stay sister.
77,5536,2024-06-05,Debit,3510.07,Table practice election member.
78,8626,2024-03-27,Credit,1398.51,Hard get industry out as itself science need.
79,6360,2024-10-26,Credit,3244.92,Give military share write travel heavy.
80,6311,2024-08-26,Debit,9993.86,New speech truth it them.
81,7512,2024-11-18,Debit,7132.58,Shake lay security.
82,4096,2024-08-06,Credit,990.72,Team common animal gas.
83,7824,2024-12-21,Credit,257.88,Will base century commercial yeah live good fear.
84,8989,2024-12-17,Debit,6070.42,Gas our out marriage or develop involve who.
85,7593,2024-03-08,Debit,7017.38,Personal history probably.
86,7724,2024-02-26,Credit,1406.45,Main table contain group down hour.
87,9276,2024-05-02,Credit,1269.29,Decision give college experience glass kind claim possible.
88,9778,2024-02-27,Debit,3263.11,Reflect water staff financial couple tonight.
89,3363,2024-03-24,Credit,8702.87,Another little manager though appear evening.
90,1239,2024-03-19,Credit,9760.11,Marriage rate sit build machine growth.
91,2409,2024-08-27,Credit,9214.1,Brother decade bank available interesting head among interview.
92,3666,2024-09-11,Credit,4005.43,Either usually set certain book whole.
93,8242,2024-03-22,Credit,6468.78,Example economic skill hair end thought because.
94,1463,2024-02-26,Debit,3437.86,Country attack raise century.
95,1897,2024-08-04,Credit,5999.27,Stuff large situation ahead at anyone.
96,5849,2024-10-04,Debit,2243.78,Reveal throughout adult us.
97,1945,2024-06-05,Credit,758.72,Fund we staff discussion north age.
98,3762,2024-07-29,Credit,6083.6,Cause account control power.
99,7894,2024-12-16,Debit,7346.57,Official return threat.
100,3699,2024-05-20,Debit,4663.4,Provide way tax lay return nearly call.
101,2898,2024-03-14,Credit,5227.5,We attack board be.
102,5548,2024-09-25,Credit,6807.44,Respond more reach good situation.
103,2533,2025-01-04,Debit,2618.97,Dream form a start local create speech mean.
104,4364,2024-07-06,Debit,6290.5,Citizen career stay its season organization despite.
105,9731,2025-01-28,Credit,3003.24,Generation third smile rather other reduce.
106,4905,2024-03-18,Debit,5926.22,American process teacher interesting.
107,5555,2024-02-25,Debit,1356.07,Standard change suffer notice stock well.
108,2717,2024-11-20,Credit,6391.23,Cost our good certain.
109,3138,2024-05-07,Debit,4028.2,Herself include but cover.
110,6768,2024-09-30,Debit,7197.44,Beyond must by according surface upon model.
111,2362,2024-09-18,Credit,1651.16,Peace quite edge probably marriage travel site.
112,7585,2024-07-08,Credit,1885.59,Art standard process morning direction.
113,5050,2024-08-07,Credit,1516.4,Traditional world development medical.
114,1912,2024-08-29,Credit,1811.52,Thus everybody quality single begin much American.
115,5595,2025-01-01,Credit,6331.71,Wish general man.
116,3932,2024-09-13,Credit,1363.01,This mother hotel identify.
117,5462,2024-11-27,Credit,5287.09,Plant weight hope people.
118,1508,2024-07-22,Credit,5141.61,Save hour minute become much industry.
119,2736,2024-07-03,Credit,9323.51,Debate production professor attention difficult apply kind.
120,3624,2025-01-14,Debit,6458.1,At coach least several follow walk.
121,1453,2024-07-19,Credit,7118.18,Option particularly age wind.
122,6019,2024-05-29,Credit,4629.41,When almost future area.
123,5183,2025-01-17,Debit,1694.7,Example court design art letter purpose.
124,1776,2024-05-30,Debit,2405.35,Animal nothing give affect check someone direction top.
125,8171,2024-11-15,Credit,1795.67,Last hour cost appear nature food offer send.
126,5566,2024-09-12,Debit,3451.46,Toward with economic.
127,3373,2024-03-27,Debit,5253.43,Night expect become treatment call rate act.
128,2384,2025-01-21,Debit,2135.42,West since strategy director laugh.
129,4752,2024-04-16,Debit,75.64,Trouble pretty for food company anything image.
130,1497,2024-03-10,Debit,1051.35,Response stop as member ability seem majority.
131,7581,2024-09-19,Debit,7051.18,Each between show suggest at behavior.
132,9401,2024-11-07,Credit,7748.48,Rate talk much someone.
133,5449,2025-01-25,Debit,8203.83,Animal movie vote room trouble car PM.
134,6777,2024-09-26,Debit,896.5,Federal discussion we edge almost whom.
135,7570,2024-07-07,Credit,5533.82,Remain play drive expert six cup.
136,5265,2024-07-26,Credit,6545.77,Public white tough just market magazine.
137,1995,2024-04-17,Credit,4517.43,Author movement before animal single or approach Mrs.
138,7029,2024-04-21,Credit,1740.12,Down certain yet.
139,5412,2024-05-25,Debit,1316.44,Father support see include case local.
140,3888,2024-09-27,Debit,1506.37,Analysis page final involve act carry.
141,6489,2025-01-05,Debit,3886.69,Anyone bar allow increase use image half.
142,8822,2024-10-18,Credit,4939.83,Agreement use know discover often.
143,6181,2024-12-16,Debit,6669.23,Certainly food financial pass maybe Republican write member.
144,1679,2024-09-06,Debit,7482.0,Drop something significant born prepare can.
145,9661,2024-08-09,Debit,1864.84,Material new by check.
146,9341,2024-05-27,Credit,1197.95,Those yeah tend.
147,8542,2024-12-19,Debit,1018.78,Leader pretty yourself police either actually.
148,7448,2024-03-05,Credit,923.32,As owner dark.
149,7131,2024-03-11,Credit,7301.88,Modern school pull reveal majority focus watch.
150,2362,2025-01-31,Debit,4816.13,Particularly field treatment item.
151,5396,2024-11-14,Credit,4637.89,Other yet forget situation.
152,1561,2024-12-04,Credit,8577.82,Past way plan little mention.
153,1398,2024-07-03,Debit,9790.21,Analysis growth door.
154,4328,2024-05-15,Debit,9524.55,Offer skin of bad piece authority notice.
155,2942,2024-04-25,Debit,9976.37,Everybody benefit information resource generation national action.
156,1997,2024-02-21,Credit,5908.97,House next next.
157,7257,2024-12-17,Credit,1950.36,Financial unit camera fast.
158,1375,2024-02-14,Credit,1682.46,Instead forget term yard interesting cover many.
159,4308,2024-10-19,Debit,3873.93,Cultural edge road company make.
