account_id,description,amount,transaction_id,transaction_type,Transaction Date
4477,Herself child plan necessary.,8113.18,1,Credit,2025-01-26
5397,Stand agreement stop professional writer cup financial.,5520.19,2,Debit,2024-10-31
5734,From condition money development medical place.,2494.38,3,Debit,2024-10-06
7395,Around hour tough.,4085.63,4,Debit,2024-05-31
5560,Course price under test.,7652.87,5,Debit,2024-02-14
1863,Look then care history against stuff.,4457.53,6,Credit,2024-04-09
8903,Sound important difficult computer property.,4708.29,7,Credit,2024-12-22
4016,American public whether situation.,7252.16,8,Debit,2024-07-09
1919,Mention ever production special.,6747.63,9,Debit,2024-06-05
5498,Tree consider then bag than peace middle.,9592.86,10,Credit,2024-04-03
8170,Art fact method environment.,2272.4,11,Debit,2024-07-16
9182,Notice president talk friend.,1662.41,12,Debit,2025-01-19
9519,Hit teach minute somebody eat.,7053.61,13,Credit,2024-10-15
7236,White power water sit provide skill research.,6892.27,14,Debit,2024-05-02
8460,Plant for site far husband especially series.,2234.45,15,Debit,2024-03-02
5034,Begin level middle newspaper.,1217.03,16,Debit,2024-06-26
9729,Simple night treat finish.,3535.63,17,Credit,2024-03-14
9488,Important past bank may there serve picture.,6912.81,18,Debit,2025-01-04
5019,Force good someone question concern office.,8907.44,19,Credit,2024-08-11
2440,Present risk argue main.,8534.98,20,Debit,2024-07-06
8181,Through firm report yet try.,327.98,21,Debit,2024-12-05
4376,Simple always modern office score class threat.,360.14,22,Credit,2024-03-03
8276,Positive toward organization fill standard shake.,1332.5,23,Debit,2024-06-06
8584,Computer tonight society upon talk employee gun.,521.27,24,Debit,2024-11-14
4637,Make country serious sing well see newspaper.,6141.07,25,Credit,2024-03-08
5870,Most article which include six employee.,5247.67,26,Credit,2024-11-24
8408,Theory from with rule role decision.,2873.04,27,Credit,2024-03-02
1687,Budget clear green your movie study.,5842.16,28,Credit,2024-09-21
7924,Civil network next.,4415.96,29,Credit,2024-08-13
4415,White politics life a above player.,1073.22,30,Debit,2024-03-16
9553,Store boy which interest.,1725.99,31,Debit,2024-07-18
1640,Thought you hot leave unit.,2031.42,32,Debit,2024-06-06
9570,Hard attention reason stuff.,3197.57,33,Credit,2024-09-05
6404,Space support believe prove.,413.07,34,Debit,2024-08-02
9132,Away them religious receive exactly.,4966.11,35,Credit,2024-10-02
4171,Have road owner up itself serious.,4058.04,36,Credit,2024-08-10
7505,Teacher management local civil allow almost.,1913.19,37,Credit,2024-08-01
7353,Free against require much none weight middle.,555.84,38,Credit,2024-03-07
7917,Eight past why crime store mother bit.,4995.39,39,Debit,2024-05-28
6557,Option measure us authority listen quite.,8653.6,40,Credit,2025-02-01
1436,Campaign rest vote with that.,3500.69,41,Credit,2025-02-08
9649,Coach knowledge fund budget nice.,6184.88,42,Credit,2024-12-22
8277,Social chair away physical letter training protect.,2270.72,43,Credit,2025-01-05
7982,Question effort so environment technology far occur.,176.99,44,Debit,2025-01-08
4960,Street go they individual.,9830.09,45,Debit,2024-07-18
3794,Into cup yourself.,2150.48,46,Credit,2024-03-12
1672,Official around another parent international full.,5086.98,47,Debit,2025-01-15
5034,Effort strong real.,6787.92,48,Credit,2024-06-14
8703,Level middle kitchen candidate challenge.,148.52,49,Debit,2024-06-30
3414,Stuff state worry product little.,9020.78,50,Credit,2024-07-20
2498,Red rich where present affect.,9530.91,51,Credit,2024-12-25
9852,Recognize behind exactly morning bit.,1984.39,52,Debit,2025-02-08
9504,Third example assume cover administration.,1312.86,53,Credit,2024-10-24
6065,Continue herself picture.,2858.7,54,Debit,2024-03-07
2574,Reason understand together send decide artist commercial.,5648.64,55,Credit,2024-06-25
1232,Rich send life network employee bill.,8882.03,56,Debit,2024-06-21
7465,Establish put above bill general know response.,6860.67,57,Debit,2024-08-25
9260,Improve those talk once him candidate.,1705.42,58,Credit,2024-05-11
3326,Sense near pay season.,6574.63,59,Credit,2024-10-17
5348,However artist these poor hand.,3495.58,60,Debit,2024-10-03
4791,Thing wish there central government good.,203.52,61,Credit,2024-10-25
9029,Former increase office officer police tonight dark.,6387.16,62,Debit,2024-09-05
2363,List question glass system case smile.,302.19,63,Debit,2024-08-21
8423,Senior floor light manage happy.,43.64,64,Debit,2024-11-19
4539,Ever under son magazine stand as.,2497.99,65,Credit,2024-06-06
2696,Stuff about there must money worry pressure.,5588.24,66,Credit,2025-01-18
2358,Ever that detail talk door audience.,8371.51,67,Credit,2024-03-08
6801,Find authority since if many.,1705.06,68,Debit,2024-04-26
5866,Reason top class truth.,591.25,69,Debit,2024-04-15
2662,Us speak example almost fight several.,7919.64,70,Credit,2025-01-25
6484,Prove east no note difficult west program.,126.99,71,Credit,2024-06-07
7738,Three owner American analysis experience rich.,7899.34,72,Debit,2024-09-25
1821,Live rate worker office subject coach under.,2792.14,73,Credit,2024-06-18
5430,Whole pay serve sense oil.,1153.3,74,Debit,2024-12-23
7442,Opportunity conference social audience fear grow country.,9157.26,75,Credit,2024-05-10
7634,Weight ground executive.,9108.25,76,Credit,2024-06-25
5604,Foreign into still red.,8148.95,77,Debit,2024-06-12
3853,Example drive treatment plan expect manager.,3735.14,78,Debit,2024-07-07
7704,North glass officer add.,8823.95,79,Debit,2024-04-28
1762,Forward financial pull and chair.,44.19,80,Debit,2024-10-03
9329,Big amount give effort design phone sell become.,5560.15,81,Debit,2024-03-03
6063,Put century environment large ready response leader.,1337.95,82,Credit,2024-06-22
4176,Owner now them reason exist trade compare.,5046.63,83,Debit,2024-07-27
6703,Although continue draw show do standard.,5617.04,84,Credit,2024-06-25
4727,Employee man almost physical.,4575.83,85,Credit,2024-02-17
6915,Camera south pass view person report.,8290.04,86,Credit,2024-08-02
8989,Put future they career establish high some measure.,7022.27,87,Debit,2024-12-09
8973,Ready stand result model.,7464.14,88,Debit,2024-11-28
9406,Pretty bring issue create six.,8366.79,89,Debit,2024-10-31
8618,Rule increase put usually.,4261.75,90,Debit,2024-10-14
9135,He test your development artist along.,6784.58,91,Debit,2024-04-07
1822,Heavy catch expert need child value.,4859.14,92,Credit,2024-05-02
7460,Follow sister water free.,3910.26,93,Debit,2024-05-04
6579,Serious study detail save couple.,6034.72,94,Debit,2024-05-09
3216,Inside bill rather amount.,5731.12,95,Credit,2025-01-27
5361,Save almost consider society better important.,9476.82,96,Debit,2024-09-04
4065,Wear subject forget growth hot back another.,4114.06,97,Debit,2024-10-02
8684,Room particularly successful amount your level.,183.07,98,Credit,2024-08-30
1742,Report according support.,8940.86,99,Debit,2024-11-02
1207,Research hand trade involve father wonder.,6226.34,100,Credit,2024-07-23
9866,Magazine almost money quite.,3365.69,101,Debit,2024-04-26
5663,World we challenge window PM that bar heavy.,6441.17,102,Debit,2024-06-20
4446,Newspaper fly price exist.,6727.93,103,Credit,2024-07-31
4735,There sport daughter upon claim not customer.,150.43,104,Debit,2024-04-02
7698,Herself argue total glass.,6809.94,105,Debit,2025-01-10
1253,Religious beautiful color owner necessary attention kid.,6550.16,106,Debit,2024-08-13
6075,Worry none politics range per war person such.,1731.66,107,Credit,2024-08-04
5153,After bill body of majority.,6727.26,108,Debit,2024-12-27
8332,President memory cell operation.,2940.27,109,Debit,2024-03-11
9790,Economic study easy population add leg.,8023.25,110,Credit,2024-11-14
1268,Finally two first pressure as matter company world.,6673.18,111,Debit,2024-02-12
7839,Republican pick put without several night actually probably.,676.85,112,Debit,2024-10-25
3758,Matter machine water.,6739.78,113,Credit,2024-10-29
8987,Newspaper moment commercial still yes staff dark authority.,1021.56,114,Debit,2024-09-13
4590,Generation old girl national treatment positive could.,6521.61,115,Credit,2024-10-09
4922,Before natural be religious thought worker.,7240.84,116,Credit,2024-10-25
5569,Visit general talk wrong east especially guy run.,8975.46,117,Debit,2024-12-16
2030,Sure ask go respond.,8074.16,118,Credit,2024-05-20
5702,Onto give need country process.,179.93,119,Credit,2025-02-02
6621,Human region different night break would would.,2242.99,120,Credit,2024-04-04
6378,History green they provide reach visit believe.,1361.45,121,Credit,2024-12-30
7285,Center medical surface teacher respond.,4312.18,122,Debit,2024-09-10
6248,Him recently recently wish best argue.,1954.0,123,Credit,2025-01-11
4293,Speech weight during room.,7883.54,124,Credit,2024-07-14
4502,Young like than bill statement.,475.71,125,Debit,2024-02-18
6307,Other through myself finally put on.,8137.04,126,Credit,2024-09-10
2641,Southern ten hour stand theory happy sit.,7919.42,127,Credit,2024-10-12
7397,High rich indeed source friend put.,1905.92,128,Debit,2024-11-23
9462,Story well give check subject.,2055.38,129,Debit,2024-10-09
9002,Available course between read discuss soon.,9999.45,130,Credit,2024-10-14
