registration_id,state,vehicle_type,make,model,registration_date
1,Florida,Coupe,Honda,Series 1,2023-04-26
2,New York,Truck,Nissan,Model Z,2021-01-17
3,New York,SUV,Toyota,Model Y,2024-08-04
4,Texas,Truck,Nissan,Model X,2021-08-20
5,Illinois,Sedan,Honda,Model Z,2022-04-23
6,Florida,Sedan,Chevrolet,Model Z,2020-11-09
7,Illinois,Truck,Toyota,Series 1,2022-01-26
8,California,Coupe,Honda,Series 2,2022-01-03
9,California,Van,Ford,Model Y,2024-03-14
10,Illinois,Sedan,Toyota,Model X,2022-07-21
11,Texas,Truck,Toyota,Model X,2023-06-20
12,New York,Convertible,Toyota,Model Y,2021-12-14
13,Texas,SUV,Chevrolet,Series 2,2021-02-06
14,California,Sedan,Nissan,Model Z,2020-03-03
15,Texas,Coupe,Honda,Model Z,2023-04-24
16,Texas,Coupe,Chevrolet,Model Y,2021-06-19
17,Florida,Convertible,Honda,Model Y,2023-05-15
18,California,Truck,Ford,Model X,2021-05-22
19,Florida,Coupe,Toyota,Model X,2023-11-19
20,California,Sedan,Toyota,Series 2,2023-05-27
21,California,Truck,Nissan,Series 2,2021-08-15
22,Illinois,Coupe,Ford,Series 1,2023-01-06
23,Illinois,Coupe,Honda,Model Y,2020-10-31
24,New York,Truck,Nissan,Model Y,2024-08-10
25,California,Convertible,Toyota,Series 2,2024-08-06
26,Texas,Sedan,Toyota,Series 1,2024-03-08
27,New York,Sedan,Chevrolet,Model X,2020-11-11
28,Texas,Sedan,Toyota,Model Z,2020-07-30
29,Texas,Van,Toyota,Series 1,2020-05-01
30,New York,Coupe,Toyota,Series 2,2023-01-27
31,Illinois,Convertible,Nissan,Model X,2021-03-01
32,Texas,Convertible,Toyota,Series 1,2024-05-16
33,California,Coupe,Toyota,Model X,2020-03-30
34,Florida,Convertible,Nissan,Model Z,2022-08-21
35,California,Convertible,Ford,Model Z,2023-01-10
36,Florida,Sedan,Toyota,Model X,2023-09-12
37,California,Truck,Chevrolet,Model Y,2020-11-09
38,Illinois,Sedan,Nissan,Series 1,2024-08-02
39,California,Sedan,Chevrolet,Model X,2021-08-13
40,New York,Truck,Nissan,Model X,2022-10-15
41,Illinois,SUV,Nissan,Model X,2020-08-01
42,Florida,Convertible,Toyota,Series 2,2024-08-29
43,Texas,Truck,Chevrolet,Series 2,2023-04-29
44,California,Truck,Ford,Series 2,2023-12-11
45,Florida,SUV,Honda,Model Z,2024-09-20
46,New York,Coupe,Honda,Model X,2021-04-11
47,Texas,Sedan,Ford,Model Z,2021-10-20
48,Florida,SUV,Toyota,Model X,2022-01-18
49,California,Truck,Nissan,Series 2,2021-04-08
50,California,Sedan,Chevrolet,Model X,2023-08-17
51,California,Convertible,Honda,Model Z,2021-03-10
52,California,Coupe,Ford,Model Y,2020-04-27
53,Florida,Van,Nissan,Model Y,2022-09-30
54,California,Van,Toyota,Model Z,2023-11-01
55,California,Sedan,Toyota,Series 2,2021-06-16
56,Texas,Truck,Chevrolet,Series 1,2023-05-28
57,California,Convertible,Chevrolet,Series 1,2022-01-26
58,New York,Coupe,Honda,Model Z,2024-11-17
59,Illinois,Van,Toyota,Series 1,2024-08-13
60,Texas,SUV,Ford,Model X,2021-07-07
61,Texas,Coupe,Toyota,Model Z,2024-03-10
62,Texas,Coupe,Nissan,Model X,2022-11-05
63,Florida,SUV,Nissan,Model Z,2024-08-22
64,Texas,Convertible,Nissan,Model Z,2023-04-20
65,New York,SUV,Nissan,Series 2,2023-08-20
66,California,Convertible,Ford,Model Z,2024-03-11
67,Florida,Truck,Honda,Model X,2022-05-10
68,Florida,Sedan,Honda,Series 1,2024-01-19
69,California,Sedan,Ford,Model Y,2021-11-01
70,California,SUV,Ford,Model Z,2024-04-01
71,Florida,Convertible,Ford,Series 1,2023-08-16
72,California,Van,Toyota,Model Y,2023-08-16
73,Illinois,Sedan,Chevrolet,Series 2,2022-08-22
74,Illinois,Sedan,Toyota,Series 2,2021-08-25
75,Illinois,Truck,Toyota,Series 1,2021-10-04
76,Illinois,SUV,Toyota,Series 2,2023-05-05
77,Florida,Truck,Nissan,Series 2,2022-11-06
78,New York,SUV,Honda,Model X,2021-12-20
79,Florida,Convertible,Honda,Series 1,2022-05-04
80,Florida,Sedan,Nissan,Model X,2024-09-07
81,Texas,Truck,Honda,Series 2,2023-07-19
82,California,SUV,Nissan,Series 1,2022-03-18
83,New York,Truck,Honda,Model Z,2021-04-24
84,Texas,Truck,Ford,Model Z,2024-10-23
85,Florida,Sedan,Toyota,Series 2,2023-03-04
86,New York,Sedan,Toyota,Model Z,2022-08-11
87,Texas,Convertible,Ford,Model X,2023-04-07
88,Illinois,Van,Chevrolet,Series 1,2022-02-05
89,Illinois,Convertible,Ford,Model Z,2022-04-13
90,Texas,Coupe,Ford,Model X,2023-02-05
91,Florida,Coupe,Ford,Series 2,2020-06-29
92,Texas,SUV,Honda,Model Y,2023-08-09
93,New York,SUV,Honda,Model X,2022-11-03
94,Illinois,Truck,Ford,Series 1,2022-06-03
95,Illinois,Sedan,Toyota,Model X,2024-03-26
96,Texas,Truck,Chevrolet,Series 1,2023-12-04
97,New York,Convertible,Toyota,Series 1,2023-06-23
98,Illinois,Convertible,Toyota,Model X,2024-01-06
99,California,SUV,Toyota,Model Y,2021-09-03
100,Florida,SUV,Chevrolet,Model X,2020-11-01
101,Texas,Sedan,Nissan,Series 2,2020-04-02
102,New York,Sedan,Toyota,Model Z,2021-12-10
103,California,SUV,Honda,Series 1,2022-01-25
104,California,Coupe,Honda,Series 2,2023-04-30
105,California,Sedan,Honda,Series 1,2024-07-04
106,California,Convertible,Nissan,Model X,2020-12-20
107,Illinois,Van,Nissan,Series 1,2024-12-14
108,New York,Sedan,Chevrolet,Model Y,2022-07-15
109,Texas,Convertible,Chevrolet,Series 1,2024-04-23
110,Texas,Van,Chevrolet,Model X,2023-04-24
111,New York,Coupe,Toyota,Series 1,2021-12-10
112,New York,Sedan,Chevrolet,Model Y,2023-04-26
113,New York,Van,Ford,Series 1,2024-11-12
114,Texas,Coupe,Chevrolet,Series 1,2023-08-27
115,New York,Coupe,Chevrolet,Model X,2021-12-31
116,New York,Sedan,Ford,Series 1,2023-10-04
117,California,Convertible,Honda,Model X,2024-11-09
118,Illinois,Truck,Honda,Model Z,2021-07-15
119,New York,Convertible,Toyota,Model Z,2021-07-25
120,New York,Coupe,Toyota,Series 2,2023-09-30
121,New York,SUV,Toyota,Series 2,2021-06-21
122,New York,Sedan,Nissan,Model Y,2021-03-16
123,Florida,Sedan,Honda,Model X,2021-04-15
124,California,Van,Honda,Model X,2021-09-17
125,Illinois,Coupe,Toyota,Series 2,2020-09-11
126,Texas,Truck,Chevrolet,Model Y,2023-01-29
127,California,Sedan,Ford,Model Z,2024-08-24
128,Florida,Van,Ford,Series 2,2021-11-09
129,California,Coupe,Toyota,Series 1,2020-09-29
130,New York,SUV,Chevrolet,Model Y,2022-06-09
131,Florida,Truck,Ford,Model Z,2023-04-13
132,California,Convertible,Honda,Series 2,2024-05-19
133,Texas,SUV,Chevrolet,Model Y,2023-12-01
134,Texas,SUV,Nissan,Model Y,2022-08-19
135,Florida,Truck,Toyota,Series 1,2021-09-13
136,Illinois,Convertible,Honda,Model Y,2021-03-03
137,Texas,Sedan,Chevrolet,Model X,2020-05-29
138,Texas,Van,Chevrolet,Model X,2021-01-15
139,Florida,Convertible,Ford,Model Z,2024-08-29
140,California,SUV,Nissan,Model Y,2022-11-25
141,Texas,Van,Ford,Series 1,2020-12-29
142,Illinois,Sedan,Ford,Model Y,2021-07-26
143,Florida,Van,Nissan,Model X,2021-09-23
144,New York,Convertible,Toyota,Model Z,2022-06-23
145,New York,Coupe,Ford,Model Z,2024-09-27
146,New York,Coupe,Honda,Model Y,2024-11-25
147,Illinois,Van,Nissan,Series 2,2021-12-06
