registration_id,state,vehicle_type,make,model,registration_date
1,Florida,Van,Toyota,Model X,2022-09-02
2,New York,Coupe,Ford,Model Y,2024-07-28
3,New York,Convertible,Nissan,Series 1,2023-09-13
4,California,Sedan,Ford,Model Z,2024-07-30
5,Texas,Van,Nissan,Series 1,2020-05-15
6,California,Sedan,Chevrolet,Model Y,2024-09-21
7,Florida,Coupe,Toyota,Model X,2020-02-25
8,Florida,SUV,Ford,Model Y,2024-08-29
9,New York,Van,Ford,Series 2,2020-02-14
10,Texas,Coupe,Nissan,Model Y,2022-07-24
11,New York,Van,Nissan,Series 2,2023-01-07
12,California,Van,Ford,Series 2,2024-01-05
13,Florida,Convertible,Ford,Series 1,2024-11-11
14,New York,Van,Toyota,Model Y,2024-10-09
15,California,Coupe,Nissan,Series 1,2022-07-13
16,California,SUV,Nissan,Model Y,2025-02-11
17,Illinois,Sedan,Ford,Model Z,2024-08-29
18,Illinois,Van,Chevrolet,Model Z,2021-07-01
19,Texas,Truck,Nissan,Series 1,2020-03-12
20,Illinois,Coupe,Nissan,Model X,2021-08-08
21,Texas,Convertible,Chevrolet,Model X,2021-03-17
22,Illinois,Van,Toyota,Model Y,2024-05-13
23,Florida,Truck,Toyota,Model X,2021-07-15
24,California,Coupe,Toyota,Series 1,2024-09-04
25,Florida,Convertible,Toyota,Series 1,2020-07-27
26,Florida,Convertible,Toyota,Series 2,2020-09-07
27,Texas,Van,Chevrolet,Model X,2024-11-28
28,Illinois,Convertible,Chevrolet,Model Y,2025-01-09
29,Illinois,Coupe,Ford,Series 1,2024-05-04
30,Illinois,Sedan,Chevrolet,Series 1,2021-04-07
31,California,Truck,Honda,Model X,2020-12-22
32,Illinois,Sedan,Chevrolet,Model X,2024-06-25
33,Texas,Sedan,Honda,Series 2,2023-09-01
34,California,Convertible,Ford,Model X,2022-03-29
35,Illinois,SUV,Honda,Series 1,2023-02-25
36,Florida,Truck,Toyota,Series 1,2021-10-06
37,Texas,Van,Ford,Model Z,2022-07-07
38,Illinois,SUV,Chevrolet,Series 1,2023-05-13
39,New York,Coupe,Nissan,Model X,2023-06-30
40,Illinois,SUV,Honda,Model Y,2023-05-06
41,Illinois,Truck,Toyota,Series 1,2021-11-13
42,California,Truck,Ford,Model Z,2023-02-21
43,Illinois,Coupe,Ford,Model Y,2020-04-14
44,California,Coupe,Ford,Model Y,2021-11-20
45,Illinois,SUV,Toyota,Model Y,2020-04-14
46,New York,SUV,Chevrolet,Series 2,2023-06-16
47,Florida,Convertible,Nissan,Series 2,2024-10-29
48,California,Sedan,Chevrolet,Model Z,2021-12-28
49,Illinois,Van,Nissan,Model Y,2022-01-15
50,California,Truck,Ford,Model X,2020-10-21
51,California,Van,Chevrolet,Model Y,2023-09-29
52,California,Van,Honda,Model Y,2024-02-29
53,Texas,Truck,Nissan,Model X,2023-03-11
54,Florida,Sedan,Ford,Series 1,2020-05-25
55,California,Truck,Honda,Model Z,2020-08-07
56,Texas,Convertible,Ford,Series 1,2020-07-09
57,New York,Convertible,Chevrolet,Series 1,2024-03-13
58,California,Sedan,Ford,Series 1,2020-04-19
59,Texas,SUV,Nissan,Model X,2021-08-15
60,California,Truck,Honda,Series 1,2024-06-08
61,Illinois,Convertible,Toyota,Model X,2022-11-29
62,Texas,Convertible,Ford,Series 2,2021-07-17
63,Florida,Coupe,Ford,Model Y,2025-01-27
64,Florida,Convertible,Honda,Model Y,2021-07-17
65,New York,Coupe,Nissan,Model Z,2020-08-20
66,New York,Truck,Toyota,Model Y,2023-03-30
67,Illinois,Truck,Toyota,Model Y,2020-03-25
68,California,Truck,Nissan,Model Y,2022-10-05
69,Florida,Van,Toyota,Model X,2021-04-26
70,New York,Coupe,Ford,Series 2,2021-08-16
71,New York,SUV,Honda,Model Y,2020-11-17
72,New York,Truck,Honda,Series 2,2022-09-01
73,New York,Sedan,Honda,Series 1,2020-04-26
74,Texas,Sedan,Chevrolet,Model Z,2021-08-01
75,Florida,Van,Honda,Series 1,2021-01-06
76,California,Coupe,Toyota,Series 1,2022-06-10
77,Florida,Truck,Ford,Series 2,2021-08-01
78,Texas,Convertible,Toyota,Series 1,2022-05-07
79,New York,Coupe,Honda,Model Y,2023-01-25
80,Texas,Coupe,Ford,Model X,2022-06-23
81,Illinois,Van,Honda,Model Y,2024-10-07
82,Illinois,Convertible,Nissan,Model Y,2023-09-15
83,Texas,Convertible,Honda,Series 2,2022-04-05
84,Illinois,Convertible,Toyota,Model Z,2020-08-06
85,Texas,Convertible,Nissan,Model Z,2023-08-26
86,Illinois,Van,Ford,Model X,2023-01-21
87,California,Sedan,Ford,Model Z,2020-12-04
88,New York,Truck,Toyota,Series 1,2020-07-16
89,Texas,Van,Honda,Model Y,2020-09-18
90,California,Truck,Ford,Model X,2024-10-16
91,Illinois,Coupe,Ford,Model Y,2022-09-08
92,Texas,Truck,Chevrolet,Model Z,2021-09-30
93,Texas,Van,Chevrolet,Series 2,2023-09-29
94,California,Sedan,Nissan,Model X,2023-12-04
95,California,Van,Ford,Model X,2020-09-21
96,California,Convertible,Honda,Series 2,2022-02-09
97,Illinois,Convertible,Toyota,Model X,2020-07-30
98,Florida,Convertible,Ford,Model Y,2024-02-17
99,New York,Van,Chevrolet,Model X,2024-09-28
100,Illinois,Van,Nissan,Series 1,2024-09-04
101,New York,Coupe,Honda,Series 1,2024-07-11
102,Texas,Convertible,Nissan,Model X,2024-03-27
103,Illinois,Convertible,Nissan,Series 2,2020-05-11
104,Illinois,Truck,Toyota,Model Z,2022-01-11
105,Texas,Truck,Nissan,Series 1,2024-02-05
106,Florida,Truck,Ford,Series 2,2024-09-18
107,Florida,Sedan,Nissan,Model X,2024-10-24
108,Texas,SUV,Honda,Series 1,2023-03-05
109,Illinois,SUV,Chevrolet,Model X,2024-08-15
110,New York,SUV,Toyota,Series 2,2022-09-07
111,New York,SUV,Chevrolet,Model Y,2020-10-31
112,Illinois,Truck,Ford,Model X,2020-09-02
113,New York,Van,Nissan,Series 1,2022-11-08
114,Florida,SUV,Honda,Series 1,2020-02-29
115,California,Van,Toyota,Series 2,2024-10-17
116,New York,SUV,Ford,Series 2,2024-01-06
117,Florida,Coupe,Ford,Model Z,2020-04-23
118,Illinois,Truck,Honda,Model X,2020-02-16
119,Florida,Coupe,Ford,Series 1,2024-05-03
120,New York,SUV,Honda,Model Z,2022-06-25
121,New York,Truck,Nissan,Model Y,2023-05-18
122,New York,Coupe,Toyota,Model Y,2022-11-21
123,Illinois,Coupe,Nissan,Series 1,2020-09-15
124,Illinois,Convertible,Honda,Series 1,2020-03-23
125,Illinois,Convertible,Chevrolet,Model Y,2023-10-24
126,Texas,SUV,Honda,Model Z,2023-11-12
127,California,Convertible,Honda,Model Y,2022-06-22
128,Florida,Truck,Ford,Model Z,2024-11-27
129,Illinois,Van,Honda,Model X,2020-08-06
130,Florida,Truck,Nissan,Series 2,2020-05-24
131,Florida,Convertible,Toyota,Series 2,2024-01-28
132,California,Sedan,Toyota,Model Z,2024-10-11
133,Florida,Sedan,Toyota,Model X,2024-12-29
134,Florida,Coupe,Honda,Model Y,2020-02-16
135,Florida,SUV,Ford,Model Z,2022-08-23
136,California,Sedan,Ford,Model X,2020-10-22
137,Florida,SUV,Chevrolet,Series 2,2021-09-08
138,New York,Truck,Ford,Model X,2020-05-24
139,California,Van,Chevrolet,Model Z,2024-10-06
140,California,Van,Nissan,Model X,2022-01-12
141,Illinois,Truck,Toyota,Series 2,2021-01-17
142,Illinois,Van,Ford,Series 2,2024-03-06
143,Illinois,Van,Nissan,Series 2,2023-11-09
144,Florida,Convertible,Chevrolet,Model Y,2021-10-17
145,Texas,Truck,Ford,Model Z,2020-12-07
146,Florida,Sedan,Honda,Model Z,2021-01-17
147,California,SUV,Ford,Series 2,2023-12-09
148,Illinois,Van,Nissan,Series 1,2022-11-29
149,California,Coupe,Honda,Model X,2023-09-15
