registration_id,state,vehicle_type,make,model,registration_date
1,Illinois,SUV,Toyota,Series 1,2022-02-25
2,Florida,Sedan,Chevrolet,Model Y,2023-05-01
3,New York,SUV,Honda,Series 2,2023-07-13
4,Texas,Coupe,Chevrolet,Model X,2024-04-19
5,New York,SUV,Honda,Model Y,2023-06-05
6,New York,Truck,Toyota,Series 1,2021-05-21
7,New York,Coupe,Chevrolet,Model Y,2021-01-01
8,California,Convertible,Toyota,Model Z,2022-01-15
9,Florida,Truck,Ford,Model X,2020-05-18
10,Illinois,Convertible,Toyota,Series 2,2021-10-15
11,New York,Convertible,Chevrolet,Series 2,2023-03-13
12,California,Truck,Ford,Series 2,2025-01-19
13,Illinois,Convertible,Toyota,Model Y,2024-04-07
14,California,Van,Ford,Series 2,2021-11-26
15,Florida,Coupe,Nissan,Model Y,2020-05-05
16,California,Convertible,Ford,Model X,2023-12-14
17,Illinois,Truck,Honda,Series 2,2024-07-04
18,Florida,Convertible,Nissan,Series 2,2023-09-21
19,Illinois,Coupe,Ford,Series 1,2021-12-12
20,Texas,SUV,Nissan,Model Y,2024-03-08
21,Illinois,Sedan,Nissan,Model Y,2022-10-16
22,Florida,SUV,Honda,Series 1,2022-02-12
23,Illinois,Convertible,Chevrolet,Model Y,2020-04-07
24,Texas,Convertible,Nissan,Model X,2020-12-25
25,New York,Sedan,Honda,Series 1,2021-09-04
26,Texas,Coupe,Toyota,Series 1,2021-06-11
27,Florida,Van,Ford,Model Y,2021-08-18
28,Texas,Truck,Chevrolet,Model X,2020-12-22
29,New York,SUV,Ford,Model Z,2024-01-25
30,California,Van,Honda,Series 2,2023-06-22
31,New York,Sedan,Toyota,Series 1,2020-04-16
32,Illinois,Convertible,Nissan,Model Z,2024-03-12
33,New York,Truck,Chevrolet,Series 1,2022-10-19
34,Florida,Sedan,Toyota,Model X,2020-03-11
35,New York,Van,Ford,Series 2,2023-01-31
36,New York,Truck,Honda,Model Z,2024-03-10
37,Texas,Van,Nissan,Model Y,2020-10-25
38,Texas,Truck,Nissan,Series 2,2024-09-04
39,Texas,Van,Chevrolet,Series 1,2021-08-19
40,Illinois,Convertible,Ford,Model X,2024-12-23
41,New York,Truck,Chevrolet,Series 2,2020-11-23
42,California,Convertible,Nissan,Series 1,2021-10-29
43,California,Sedan,Nissan,Model Y,2022-02-05
44,New York,Convertible,Ford,Series 1,2021-01-06
45,Texas,Sedan,Nissan,Series 2,2020-02-28
46,Illinois,SUV,Ford,Series 1,2023-03-21
47,Illinois,Sedan,Nissan,Series 2,2022-11-12
48,Florida,Truck,Chevrolet,Model X,2024-04-26
49,California,Convertible,Nissan,Model Y,2020-12-14
50,Texas,Sedan,Toyota,Model X,2020-03-16
51,New York,Coupe,Nissan,Model Y,2023-08-15
52,Florida,SUV,Ford,Series 2,2023-06-20
53,Florida,Sedan,Ford,Model Z,2024-05-23
54,California,Van,Nissan,Series 1,2025-02-07
55,New York,Coupe,Chevrolet,Model X,2025-02-10
56,Texas,Truck,Chevrolet,Model Z,2024-06-20
57,California,Coupe,Chevrolet,Model Z,2023-03-05
58,California,Convertible,Ford,Model Z,2023-02-26
59,New York,Convertible,Ford,Series 1,2020-02-27
60,New York,Convertible,Nissan,Series 1,2024-12-18
61,California,Coupe,Honda,Model X,2024-11-12
62,Illinois,Convertible,Honda,Model Z,2022-12-22
63,California,Sedan,Toyota,Model Z,2021-12-31
64,Illinois,Truck,Nissan,Model Z,2020-07-30
65,Florida,Convertible,Nissan,Series 2,2022-12-18
66,California,Truck,Ford,Model Z,2022-02-21
67,California,Convertible,Nissan,Series 2,2022-08-25
68,Florida,SUV,Toyota,Model Y,2022-01-17
69,Texas,Sedan,Toyota,Model Z,2024-04-01
70,Florida,Sedan,Nissan,Model Y,2023-08-16
71,Illinois,Coupe,Chevrolet,Model Y,2023-02-26
72,Florida,Truck,Chevrolet,Model Y,2021-10-17
73,Illinois,Convertible,Honda,Model Z,2024-11-18
74,Texas,Convertible,Chevrolet,Model Y,2024-07-13
75,New York,Truck,Chevrolet,Model Z,2024-02-14
76,Illinois,Sedan,Chevrolet,Series 2,2020-10-31
77,California,SUV,Honda,Series 1,2020-03-13
78,California,Convertible,Nissan,Model X,2023-01-01
79,Texas,Van,Chevrolet,Model X,2021-03-04
80,California,Van,Nissan,Model Z,2021-12-31
81,Florida,Convertible,Nissan,Series 2,2023-12-11
82,California,Van,Nissan,Model Y,2024-01-11
83,Florida,Truck,Honda,Series 2,2023-11-22
84,New York,Convertible,Chevrolet,Model Y,2020-10-22
85,Illinois,Van,Honda,Model X,2022-09-08
86,Florida,Coupe,Chevrolet,Model Z,2021-04-01
87,California,Convertible,Nissan,Series 2,2020-10-16
88,California,Sedan,Honda,Model Y,2022-03-28
89,Illinois,Sedan,Nissan,Series 2,2020-05-27
90,Florida,Convertible,Honda,Model X,2024-09-08
91,New York,Sedan,Ford,Series 2,2022-10-04
92,Illinois,Sedan,Honda,Model Y,2021-05-30
93,California,Coupe,Nissan,Series 2,2020-05-21
94,California,Coupe,Nissan,Series 1,2020-04-14
95,California,Van,Honda,Series 1,2021-02-21
96,New York,Van,Ford,Model Z,2022-08-15
97,Florida,Coupe,Honda,Model X,2024-01-26
98,California,Sedan,Chevrolet,Series 1,2021-05-06
99,New York,Coupe,Honda,Series 2,2020-12-01
100,Illinois,Convertible,Nissan,Series 2,2024-01-31
101,Illinois,Truck,Nissan,Model Y,2024-08-08
102,California,Coupe,Chevrolet,Model Y,2024-03-19
103,California,Convertible,Nissan,Series 2,2024-12-09
104,Illinois,Van,Chevrolet,Model Y,2022-11-12
105,Illinois,Sedan,Honda,Model Y,2022-09-19
106,California,Sedan,Ford,Model Y,2022-02-10
107,California,Truck,Nissan,Series 1,2021-03-11
108,Florida,SUV,Honda,Series 2,2024-01-13
109,Texas,Coupe,Chevrolet,Model Z,2022-10-23
110,New York,SUV,Nissan,Model Y,2022-12-26
111,Florida,Truck,Honda,Series 2,2023-09-06
112,New York,Van,Toyota,Series 1,2020-05-23
