registration_id,state,vehicle_type,make,model,registration_date
1,New York,Sedan,Honda,Model Y,2023-02-02
2,Illinois,Coupe,Nissan,Model X,2024-08-01
3,California,Coupe,Toyota,Series 2,2024-04-24
4,Illinois,Sedan,Chevrolet,Model X,2021-06-28
5,Illinois,Sedan,Toyota,Series 1,2022-06-10
6,Florida,SUV,Honda,Model X,2022-04-08
7,Illinois,Van,Chevrolet,Model Y,2024-07-08
8,Florida,SUV,Ford,Model Y,2021-07-24
9,Florida,Coupe,Honda,Series 2,2024-02-04
10,New York,Sedan,Chevrolet,Series 2,2022-06-12
11,Illinois,Van,Toyota,Model X,2022-01-12
12,New York,Sedan,Chevrolet,Model Z,2020-06-27
13,Florida,SUV,Honda,Model X,2022-07-15
14,Illinois,SUV,Chevrolet,Model Y,2022-10-16
15,California,Van,Ford,Series 2,2023-07-07
16,Texas,SUV,Toyota,Series 2,2021-06-14
17,Florida,SUV,Honda,Model Y,2023-02-27
18,Illinois,Coupe,Nissan,Series 2,2023-12-15
19,Illinois,Convertible,Toyota,Series 2,2023-11-17
20,Illinois,SUV,Honda,Series 2,2021-10-15
21,Texas,SUV,Nissan,Series 2,2023-06-14
22,Illinois,Van,Ford,Series 2,2021-03-03
23,California,Sedan,Chevrolet,Model X,2022-09-20
24,California,Truck,Chevrolet,Model Y,2020-03-13
25,New York,Van,Chevrolet,Model X,2020-08-25
26,Illinois,Van,Honda,Model Y,2021-04-22
27,California,Sedan,Nissan,Series 1,2021-02-03
28,Illinois,Truck,Nissan,Model Y,2022-03-21
29,Illinois,Van,Honda,Model Y,2022-08-13
30,California,SUV,Nissan,Model Z,2021-10-16
31,Illinois,Sedan,Ford,Series 1,2022-08-11
32,New York,Van,Ford,Series 1,2024-12-21
33,Illinois,Coupe,Ford,Model Z,2022-06-28
34,Texas,Sedan,Honda,Series 1,2023-10-16
35,Illinois,Coupe,Toyota,Model X,2024-01-29
36,Illinois,Sedan,Toyota,Series 2,2024-06-25
37,Texas,Sedan,Toyota,Model X,2021-08-24
38,California,Coupe,Ford,Model X,2021-01-01
39,Illinois,Van,Chevrolet,Model Y,2023-12-20
40,Florida,Sedan,Nissan,Model Z,2022-07-06
41,California,SUV,Toyota,Series 2,2024-11-20
42,Illinois,SUV,Toyota,Model X,2021-08-27
43,California,Van,Nissan,Series 2,2024-10-19
44,Florida,Sedan,Ford,Series 2,2023-10-22
45,Illinois,Coupe,Ford,Model Y,2020-04-18
46,California,SUV,Nissan,Model Z,2020-08-11
47,California,Van,Honda,Model X,2022-12-06
48,Florida,Truck,Ford,Series 2,2020-06-24
49,California,Convertible,Toyota,Model X,2021-12-01
50,Florida,Sedan,Nissan,Model Y,2024-06-02
51,California,Sedan,Toyota,Series 1,2022-11-27
52,Texas,Truck,Nissan,Model X,2021-01-03
53,California,Sedan,Chevrolet,Model Z,2024-01-20
54,New York,Sedan,Nissan,Model Y,2023-02-10
55,Texas,Coupe,Chevrolet,Model Y,2022-05-24
56,Florida,Van,Toyota,Series 1,2021-02-08
57,California,Van,Nissan,Series 2,2021-01-17
58,Florida,Van,Ford,Series 1,2024-06-21
59,Illinois,SUV,Toyota,Series 2,2023-04-19
60,Texas,Convertible,Nissan,Series 2,2022-06-08
61,New York,Van,Chevrolet,Model X,2024-08-28
62,Illinois,Sedan,Toyota,Series 1,2024-03-25
63,Florida,SUV,Toyota,Model X,2023-01-12
64,New York,Coupe,Nissan,Model Y,2023-09-21
65,Texas,Van,Nissan,Model X,2023-03-27
66,New York,Van,Chevrolet,Model X,2024-08-25
67,Illinois,Van,Chevrolet,Series 2,2020-07-22
68,Texas,Van,Ford,Model Z,2023-08-04
69,New York,SUV,Ford,Model Y,2022-08-07
70,California,Convertible,Honda,Series 2,2021-10-01
71,Florida,Truck,Chevrolet,Model Y,2023-07-07
72,California,Van,Toyota,Model Z,2024-07-23
73,Illinois,Convertible,Chevrolet,Model X,2024-10-07
74,New York,Sedan,Honda,Model Z,2021-09-14
75,California,Van,Honda,Series 2,2024-03-10
76,Illinois,Van,Chevrolet,Model Y,2023-11-06
77,New York,Sedan,Chevrolet,Model X,2021-06-18
78,Texas,Coupe,Nissan,Series 2,2020-11-21
79,Illinois,Convertible,Honda,Model Z,2021-11-29
80,Illinois,Convertible,Honda,Series 1,2020-11-14
81,California,SUV,Nissan,Series 2,2020-08-11
82,New York,Coupe,Nissan,Model X,2020-09-02
83,California,Coupe,Toyota,Series 1,2024-02-28
84,California,Convertible,Nissan,Model Z,2023-05-31
85,Illinois,Truck,Honda,Model Y,2023-04-08
86,New York,Convertible,Toyota,Series 1,2020-05-22
87,Florida,SUV,Honda,Series 2,2024-12-22
88,California,Sedan,Ford,Model Y,2023-10-02
89,Florida,Convertible,Honda,Series 1,2022-03-16
90,New York,Truck,Toyota,Model Z,2020-06-09
91,Florida,Sedan,Ford,Series 1,2023-02-09
92,California,Coupe,Honda,Model Z,2021-07-24
93,California,Coupe,Chevrolet,Model Z,2023-09-12
94,Texas,Van,Chevrolet,Model X,2020-04-15
95,New York,Truck,Nissan,Model Z,2020-08-23
96,Florida,Sedan,Toyota,Series 2,2023-06-10
97,Illinois,SUV,Toyota,Model Z,2021-09-26
98,Texas,Van,Honda,Series 2,2021-06-06
99,Florida,Sedan,Chevrolet,Model Y,2024-10-22
100,New York,Convertible,Honda,Series 2,2022-10-19
101,Illinois,Convertible,Chevrolet,Model X,2021-12-12
102,Florida,Coupe,Chevrolet,Series 2,2021-02-18
103,Florida,SUV,Honda,Series 2,2023-06-28
104,Illinois,Sedan,Ford,Model Y,2022-03-13
105,California,Coupe,Nissan,Model X,2020-12-22
106,Illinois,Sedan,Chevrolet,Model Z,2021-03-26
107,New York,Convertible,Honda,Series 1,2023-09-19
108,Florida,Truck,Nissan,Series 1,2021-12-17
109,Texas,Coupe,Nissan,Series 1,2021-07-12
110,New York,Convertible,Toyota,Series 1,2024-01-15
111,New York,Sedan,Honda,Model Z,2021-01-29
112,California,Convertible,Chevrolet,Model X,2020-05-12
113,Florida,Convertible,Chevrolet,Model X,2023-09-18
114,Florida,Truck,Toyota,Model X,2024-01-24
115,New York,Convertible,Chevrolet,Model X,2020-04-05
116,Illinois,Coupe,Chevrolet,Model Y,2021-06-27
117,Illinois,Convertible,Chevrolet,Series 2,2024-11-13
118,New York,Sedan,Toyota,Series 1,2024-02-17
119,Texas,Van,Honda,Model X,2022-03-10
120,Texas,SUV,Chevrolet,Series 2,2020-12-22
121,Texas,Truck,Nissan,Model Y,2020-09-27
122,Florida,SUV,Honda,Model Y,2023-02-08
123,California,Sedan,Ford,Model X,2020-05-12
124,Texas,Convertible,Honda,Series 1,2021-07-10
125,Florida,SUV,Ford,Series 2,2024-12-07
126,Texas,Van,Ford,Model Z,2024-04-12
127,Texas,SUV,Toyota,Model Y,2021-01-07
128,California,Van,Honda,Model X,2021-05-11
129,Illinois,Convertible,Chevrolet,Model X,2023-12-23
130,California,SUV,Nissan,Model Z,2024-07-19
131,Illinois,Van,Ford,Series 2,2024-10-19
132,Illinois,SUV,Toyota,Series 1,2022-05-03
133,Florida,Truck,Chevrolet,Model X,2023-07-18
134,New York,Sedan,Nissan,Model Y,2024-07-26
135,New York,Van,Honda,Series 1,2023-07-10
136,Florida,SUV,Toyota,Series 1,2022-04-07
137,Florida,SUV,Nissan,Model Z,2024-07-12
138,California,Convertible,Ford,Model Z,2023-10-10
139,California,Van,Honda,Series 1,2021-12-04
140,Texas,Sedan,Toyota,Series 1,2021-08-05
141,Texas,Truck,Chevrolet,Model X,2023-04-01
142,California,Van,Chevrolet,Model Y,2022-03-30
143,California,Sedan,Chevrolet,Model Z,2023-10-25
144,Texas,Coupe,Honda,Model Y,2023-01-26
145,Texas,Van,Toyota,Model Y,2021-05-07
146,California,SUV,Ford,Model X,2022-07-15
