registration_id,state,vehicle_type,make,registration_date
1,Florida,SUV,Ford,2020-03-03
2,Texas,Sedan,Honda,2023-11-04
3,California,Coupe,Ford,2024-08-22
4,New York,Truck,Nissan,2023-06-19
5,California,Van,Nissan,2023-05-26
6,Florida,Convertible,Nissan,2020-07-03
7,California,Sedan,Toyota,2022-07-19
8,Texas,Coupe,Chevrolet,2021-09-17
9,Florida,Convertible,Chevrolet,2023-06-16
10,California,Convertible,Nissan,2024-04-30
11,Texas,Truck,Chevrolet,2021-05-26
12,California,Sedan,Ford,2021-07-05
13,Texas,Convertible,Ford,2022-12-03
14,Florida,Sedan,Ford,2021-09-09
15,Florida,Convertible,Ford,2021-10-10
16,Illinois,Convertible,Ford,2022-01-27
17,Texas,Van,Ford,2021-07-31
18,Texas,SUV,Nissan,2024-06-22
19,California,SUV,Nissan,2022-08-21
20,Illinois,SUV,Nissan,2024-02-25
21,Florida,Truck,Honda,2022-05-23
22,New York,SUV,Honda,2021-05-05
23,California,Coupe,Honda,2023-06-26
24,Texas,Van,Honda,2022-12-31
25,New York,Van,Honda,2023-04-01
26,Florida,Convertible,Toyota,2020-06-30
27,Texas,Coupe,Chevrolet,2022-03-11
28,Illinois,Truck,Nissan,2021-02-09
29,New York,Van,Chevrolet,2022-12-27
30,Illinois,SUV,Chevrolet,2023-09-10
31,Illinois,Convertible,Toyota,2020-11-30
32,Florida,Sedan,Nissan,2020-10-19
33,California,Convertible,Nissan,2024-10-17
34,Illinois,SUV,Toyota,2022-10-11
35,Texas,Truck,Toyota,2023-09-07
36,Texas,Coupe,Toyota,2024-12-17
37,Texas,Convertible,Honda,2025-02-07
38,Florida,SUV,Ford,2021-04-18
39,Texas,Convertible,Chevrolet,2021-05-22
40,California,Sedan,Honda,2020-04-30
41,Florida,Van,Toyota,2023-05-10
42,California,Coupe,Nissan,2021-05-30
43,California,Van,Toyota,2020-03-18
44,California,Coupe,Chevrolet,2020-09-12
45,Texas,Van,Chevrolet,2022-12-29
46,Illinois,Van,Nissan,2023-09-03
47,Texas,Convertible,Nissan,2024-05-18
48,Florida,Truck,Nissan,2024-12-20
49,Texas,SUV,Nissan,2021-04-29
50,California,Convertible,Ford,2021-12-23
51,Texas,Sedan,Chevrolet,2021-03-16
52,Texas,Convertible,Honda,2025-01-25
53,Illinois,Coupe,Chevrolet,2022-04-23
54,Illinois,Convertible,Chevrolet,2024-01-19
55,New York,Convertible,Honda,2022-10-30
56,Texas,Coupe,Honda,2024-05-06
57,New York,SUV,Ford,2021-09-01
58,California,Convertible,Ford,2023-03-29
59,Florida,Coupe,Ford,2020-03-11
60,New York,Sedan,Toyota,2022-09-25
61,Florida,Coupe,Ford,2023-11-30
62,New York,Sedan,Honda,2022-07-11
63,Illinois,Convertible,Honda,2022-01-05
64,Illinois,Sedan,Toyota,2023-05-30
65,Texas,SUV,Toyota,2023-02-04
66,New York,Sedan,Honda,2020-03-17
67,New York,Van,Chevrolet,2024-12-07
68,Florida,Truck,Chevrolet,2020-08-13
69,Texas,SUV,Honda,2021-10-12
70,Illinois,SUV,Honda,2022-07-27
71,Texas,SUV,Ford,2020-07-10
72,New York,Sedan,Toyota,2021-08-03
73,Texas,Sedan,Nissan,2021-09-03
74,New York,Coupe,Honda,2024-09-15
75,California,SUV,Toyota,2022-05-25
76,New York,SUV,Honda,2020-03-24
77,California,SUV,Nissan,2022-08-23
78,Florida,Truck,Ford,2023-12-28
79,Florida,Van,Honda,2022-11-12
80,Illinois,Coupe,Nissan,2024-10-06
81,California,Sedan,Honda,2022-04-27
82,California,Convertible,Nissan,2022-12-15
83,New York,Van,Honda,2021-07-24
84,Illinois,Convertible,Toyota,2024-12-30
85,Texas,SUV,Ford,2021-12-07
86,Florida,Coupe,Chevrolet,2021-04-26
87,Florida,Truck,Honda,2022-08-05
88,Texas,Truck,Toyota,2020-08-01
89,Illinois,Coupe,Ford,2024-03-02
90,Texas,Van,Chevrolet,2024-04-30
91,Florida,Truck,Nissan,2024-04-20
92,Texas,Sedan,Toyota,2021-07-02
93,California,SUV,Chevrolet,2022-06-21
94,Illinois,Truck,Chevrolet,2022-06-18
95,Texas,Van,Honda,2023-04-28
96,New York,Van,Nissan,2023-02-15
97,Texas,Convertible,Ford,2024-01-20
98,Texas,Sedan,Nissan,2022-04-04
99,Illinois,Sedan,Honda,2024-12-02
100,Florida,SUV,Toyota,2023-03-09
101,California,Truck,Chevrolet,2020-08-23
102,Florida,Convertible,Ford,2021-08-25
103,Illinois,Coupe,Toyota,2021-08-05
104,Illinois,Coupe,Toyota,2023-12-26
105,California,SUV,Toyota,2020-04-22
106,Illinois,Convertible,Nissan,2024-08-13
107,Illinois,Sedan,Toyota,2024-02-26
108,Texas,Van,Honda,2023-12-20
109,Texas,SUV,Nissan,2020-12-21
110,Texas,Van,Nissan,2021-05-28
111,New York,Sedan,Toyota,2024-11-13
112,Florida,Sedan,Nissan,2020-09-05
113,California,Convertible,Nissan,2023-12-05
114,Florida,Coupe,Chevrolet,2024-10-18
115,Texas,Truck,Ford,2024-02-01
116,Texas,SUV,Nissan,2023-01-29
117,Florida,Sedan,Ford,2020-10-26
118,Florida,SUV,Ford,2021-03-28
119,Illinois,Coupe,Ford,2023-05-04
120,Illinois,SUV,Toyota,2020-03-06
121,Illinois,Truck,Nissan,2021-04-26
122,Texas,Sedan,Toyota,2022-05-16
123,California,Coupe,Chevrolet,2024-09-29
124,Illinois,Truck,Nissan,2023-08-31
125,Texas,Convertible,Honda,2021-08-06
126,Illinois,Sedan,Honda,2021-09-02
127,Texas,SUV,Nissan,2023-03-13
128,Texas,SUV,Nissan,2022-10-15
129,Illinois,Sedan,Chevrolet,2023-12-06
130,Florida,Convertible,Ford,2023-10-23
131,Florida,Sedan,Honda,2023-02-26
132,New York,Convertible,Honda,2024-12-29
133,New York,Sedan,Toyota,2024-07-30
134,New York,Truck,Nissan,2023-05-02
135,Illinois,Van,Honda,2022-06-24
136,California,SUV,Honda,2024-05-27
137,New York,Sedan,Honda,2020-04-08
138,California,Van,Ford,2021-10-12
139,Florida,Sedan,Chevrolet,2020-07-26
140,Texas,Van,Nissan,2023-02-20
141,Illinois,Van,Chevrolet,2024-03-20
142,New York,Convertible,Nissan,2024-08-21
143,California,Truck,Ford,2022-03-22
144,Florida,Van,Chevrolet,2023-07-28
145,Illinois,Truck,Nissan,2022-12-08
146,California,Convertible,Honda,2020-12-12
147,Illinois,Convertible,Honda,2024-03-14
148,Texas,SUV,Ford,2024-02-07
149,New York,Van,Ford,2021-06-04
