registration_id,vehicle_type,make,registration_date,model
1,Sedan,Nissan,2021-09-22,Model Z
2,Coupe,Nissan,2024-04-21,Series 1
3,Sedan,Ford,2021-07-28,Model X
4,Van,Chevrolet,2021-04-15,Series 1
5,SUV,Honda,2024-01-09,Model Y
6,Convertible,Nissan,2021-01-20,Model Y
7,Convertible,Toyota,2023-08-24,Model Z
8,Sedan,Honda,2020-03-19,Model X
9,Truck,Ford,2024-06-01,Model Y
10,Convertible,Ford,2020-03-29,Series 1
11,Van,Toyota,2023-01-24,Series 1
12,Coupe,Toyota,2023-05-22,Model Y
13,Truck,Nissan,2020-02-21,Series 2
14,Convertible,Ford,2021-09-21,Model Y
15,Coupe,Chevrolet,2023-05-02,Model Y
16,Van,Toyota,2021-03-12,Model X
17,Coupe,Ford,2022-01-02,Series 1
18,Sedan,Nissan,2025-01-16,Series 1
19,Convertible,Ford,2024-04-23,Model Y
20,Convertible,Chevrolet,2024-06-24,Model Y
21,SUV,Chevrolet,2024-09-26,Model Y
22,Convertible,Toyota,2023-06-16,Model Z
23,Van,Nissan,2020-06-14,Series 2
24,Sedan,Chevrolet,2020-03-04,Model Y
25,Sedan,Toyota,2023-07-27,Series 1
26,Van,Ford,2023-01-14,Model Z
27,Convertible,Ford,2020-07-08,Model X
28,Sedan,Toyota,2020-10-12,Series 1
29,Coupe,Ford,2024-05-24,Model X
30,Van,Nissan,2020-03-23,Series 1
31,Truck,Toyota,2021-09-09,Series 1
32,Sedan,Honda,2024-03-06,Model Y
33,Van,Chevrolet,2024-03-23,Model Z
34,Convertible,Ford,2023-08-05,Model X
35,SUV,Toyota,2021-03-19,Series 2
36,Convertible,Chevrolet,2021-02-21,Model Y
37,Sedan,Ford,2024-05-13,Series 1
38,Sedan,Honda,2021-09-02,Series 2
39,SUV,Nissan,2023-05-02,Model Z
40,SUV,Chevrolet,2022-10-20,Model Y
41,Convertible,Chevrolet,2022-02-09,Model Y
42,Coupe,Toyota,2023-01-19,Series 1
43,Van,Ford,2024-05-26,Model Y
44,Van,Toyota,2020-02-17,Series 1
45,Van,Toyota,2024-05-21,Series 1
46,SUV,Chevrolet,2022-09-23,Model Z
47,Truck,Honda,2024-08-14,Model Y
48,Coupe,Toyota,2021-07-14,Model Y
49,Coupe,Nissan,2023-06-12,Model Z
50,Sedan,Honda,2024-07-31,Model Z
51,Coupe,Nissan,2024-11-02,Series 2
52,Sedan,Nissan,2024-10-25,Model Y
53,Sedan,Chevrolet,2021-11-22,Model X
54,Sedan,Toyota,2023-11-17,Series 1
55,Truck,Ford,2020-09-02,Series 2
56,Coupe,Ford,2023-12-30,Series 1
57,Van,Chevrolet,2021-06-02,Series 1
58,SUV,Chevrolet,2020-12-22,Model X
59,Van,Toyota,2023-06-06,Model X
60,Convertible,Toyota,2023-08-07,Series 1
61,Coupe,Toyota,2022-09-04,Series 1
62,Convertible,Ford,2020-04-17,Model X
63,Convertible,Nissan,2023-09-06,Model Y
64,SUV,Honda,2023-07-10,Model Y
65,Coupe,Nissan,2022-04-27,Series 1
66,Sedan,Toyota,2020-11-20,Series 1
67,Sedan,Nissan,2021-12-12,Series 2
68,SUV,Nissan,2023-04-25,Model Y
69,Coupe,Toyota,2023-06-10,Model Z
70,Coupe,Toyota,2024-09-20,Model X
71,Truck,Chevrolet,2021-11-11,Series 2
72,Truck,Nissan,2022-06-05,Series 2
73,Convertible,Honda,2022-07-06,Model Z
74,SUV,Toyota,2024-10-08,Series 2
75,Truck,Chevrolet,2022-05-01,Model Y
76,Sedan,Honda,2020-03-29,Series 1
77,Van,Nissan,2022-12-19,Model Z
78,Convertible,Chevrolet,2021-11-17,Series 1
79,Convertible,Ford,2023-02-02,Model X
80,SUV,Nissan,2023-11-08,Model X
81,Coupe,Ford,2024-04-23,Model Z
82,SUV,Nissan,2021-09-26,Model Y
83,Convertible,Toyota,2020-08-29,Series 1
84,Sedan,Ford,2022-03-17,Model Y
85,Sedan,Ford,2024-05-03,Model X
86,Coupe,Toyota,2022-06-08,Model Z
87,Truck,Nissan,2020-05-05,Series 1
88,SUV,Ford,2023-10-15,Series 2
89,Sedan,Chevrolet,2023-10-31,Series 2
90,Van,Toyota,2020-06-23,Model X
91,SUV,Honda,2021-01-11,Series 2
92,Convertible,Toyota,2024-07-29,Model X
93,SUV,Honda,2024-09-18,Model Y
94,Convertible,Honda,2022-04-06,Model X
95,Sedan,Chevrolet,2023-09-17,Model Y
96,Sedan,Chevrolet,2022-09-16,Series 2
97,Convertible,Honda,2024-10-07,Model X
98,Truck,Honda,2020-03-18,Model Z
99,Truck,Nissan,2021-03-15,Model X
100,SUV,Nissan,2021-05-11,Model X
101,Convertible,Chevrolet,2021-01-13,Series 2
102,SUV,Toyota,2021-01-08,Model Z
103,Coupe,Nissan,2021-07-20,Model Y
104,SUV,Ford,2022-07-23,Series 2
105,Van,Ford,2021-05-06,Series 2
106,Convertible,Honda,2022-10-31,Series 1
107,SUV,Nissan,2021-02-09,Series 2
108,Sedan,Toyota,2024-05-16,Series 2
109,Sedan,Toyota,2022-08-06,Model X
110,Sedan,Nissan,2023-03-10,Model Z
111,Sedan,Toyota,2022-12-06,Series 1
112,Truck,Nissan,2024-07-09,Model Y
113,Coupe,Ford,2023-06-21,Model X
114,Truck,Nissan,2023-11-23,Model Z
115,Truck,Chevrolet,2020-07-12,Model Y
116,Coupe,Nissan,2024-04-19,Series 1
117,Coupe,Chevrolet,2022-03-03,Series 2
118,SUV,Honda,2021-08-08,Model X
119,Convertible,Nissan,2020-07-16,Model Z
120,Coupe,Nissan,2022-09-30,Series 1
121,Convertible,Chevrolet,2020-03-08,Series 1
122,Convertible,Chevrolet,2024-10-14,Model X
123,Convertible,Chevrolet,2023-10-16,Model Z
124,Van,Toyota,2024-01-02,Model X
125,Truck,Honda,2023-10-11,Series 1
126,SUV,Chevrolet,2021-01-10,Model X
127,Coupe,Nissan,2022-01-08,Model Z
128,Coupe,Honda,2022-12-05,Series 2
129,SUV,Ford,2023-05-03,Model X
130,Coupe,Ford,2022-05-19,Series 2
131,Convertible,Nissan,2021-05-13,Model Y
132,Van,Toyota,2023-05-21,Model Z
133,SUV,Toyota,2020-12-30,Model Z
134,SUV,Ford,2024-03-22,Series 2
135,SUV,Chevrolet,2020-06-16,Series 2
136,Coupe,Ford,2021-04-03,Model X
137,Van,Chevrolet,2021-08-13,Model Z
138,Truck,Honda,2022-04-29,Series 2
139,Sedan,Nissan,2021-10-01,Series 1
140,Sedan,Nissan,2024-09-26,Model X
141,Sedan,Chevrolet,2022-05-25,Model Z
142,Van,Chevrolet,2023-06-05,Model Y
143,Coupe,Toyota,2024-12-14,Model Z
144,Sedan,Chevrolet,2023-08-24,Series 2
145,Van,Chevrolet,2024-08-12,Model Y
146,Truck,Ford,2022-12-27,Model X
