registration_id,state,vehicle_type,make,model,registration_date
1,Florida,Truck,Ford,Series 1,2021-03-29
2,Texas,Truck,Chevrolet,Model Y,2021-01-10
3,Florida,Coupe,Nissan,Model X,2022-03-25
4,Florida,Van,Nissan,Model X,2023-02-06
5,Florida,Coupe,Honda,Model X,2021-11-28
6,California,Van,Honda,Model Z,2025-01-18
7,Florida,Truck,Toyota,Series 2,2021-11-26
8,Texas,SUV,Honda,Series 1,2022-12-05
9,New York,Van,Chevrolet,Series 1,2020-06-06
10,Florida,Van,Chevrolet,Model Y,2020-09-04
11,New York,Coupe,Toyota,Series 1,2020-08-28
12,New York,SUV,Honda,Model Y,2020-07-05
13,California,SUV,Ford,Model X,2021-05-16
14,Texas,Coupe,Ford,Model Z,2020-11-29
15,Florida,SUV,Nissan,Model Y,2023-11-25
16,Florida,Convertible,Nissan,Series 1,2023-04-03
17,Illinois,Sedan,Nissan,Series 2,2020-11-28
18,Illinois,Sedan,Honda,Series 1,2023-04-15
19,Florida,Van,Chevrolet,Model X,2022-12-28
20,California,Van,Ford,Model Y,2021-06-17
21,California,Truck,Honda,Model X,2023-02-18
22,New York,SUV,Toyota,Model Z,2024-04-21
23,California,Van,Nissan,Model Y,2022-09-19
24,Florida,Coupe,Toyota,Series 2,2024-05-11
25,New York,Convertible,Nissan,Model Y,2024-10-18
26,Illinois,Van,Chevrolet,Model Y,2022-10-21
27,New York,Sedan,Toyota,Model X,2022-01-03
28,Illinois,Truck,Toyota,Model Y,2025-01-14
29,Illinois,Convertible,Ford,Series 2,2024-12-29
30,New York,Convertible,Nissan,Series 1,2023-03-17
31,Texas,SUV,Toyota,Model Z,2020-10-17
32,California,SUV,Ford,Model Y,2020-05-24
33,Illinois,Van,Nissan,Series 2,2022-02-21
34,New York,SUV,Chevrolet,Series 1,2022-03-26
35,Illinois,Truck,Honda,Model Y,2021-09-14
36,Texas,Van,Ford,Model Z,2022-04-23
37,Illinois,Coupe,Ford,Model Z,2024-09-02
38,Florida,SUV,Toyota,Model X,2020-07-24
39,Texas,Truck,Nissan,Series 2,2024-12-16
40,California,Coupe,Toyota,Model Y,2025-01-06
41,Illinois,Coupe,Chevrolet,Model Z,2021-10-05
42,California,Van,Nissan,Model X,2020-07-14
43,New York,SUV,Nissan,Series 1,2023-08-22
44,New York,Sedan,Nissan,Model Z,2020-05-13
45,Texas,Convertible,Chevrolet,Series 1,2024-06-17
46,Texas,SUV,Honda,Model Y,2022-02-02
47,Illinois,SUV,Ford,Model Y,2020-10-27
48,New York,Coupe,Ford,Model Z,2021-10-14
49,Illinois,SUV,Chevrolet,Series 1,2024-06-25
50,Florida,Van,Nissan,Series 1,2021-04-02
51,Illinois,SUV,Honda,Series 2,2021-03-09
52,Illinois,Truck,Honda,Series 1,2022-08-20
53,California,Coupe,Toyota,Series 2,2022-08-26
54,California,Van,Ford,Model Z,2021-09-25
55,Texas,Van,Honda,Model Y,2023-02-09
56,Illinois,Convertible,Toyota,Model X,2022-07-04
57,California,Sedan,Honda,Model X,2024-07-19
58,Florida,Van,Nissan,Model Z,2021-03-26
59,California,Coupe,Nissan,Model Z,2022-04-04
60,Florida,Coupe,Honda,Series 2,2020-10-07
61,California,Coupe,Ford,Model Z,2023-08-07
62,Texas,Coupe,Toyota,Model X,2023-07-22
63,New York,Convertible,Chevrolet,Series 2,2023-02-03
64,California,Convertible,Chevrolet,Model X,2023-10-01
65,Texas,SUV,Ford,Model X,2022-11-17
66,Illinois,Coupe,Honda,Model Z,2020-05-23
67,Florida,Coupe,Ford,Series 2,2020-09-22
68,Illinois,Coupe,Toyota,Model X,2024-09-26
69,Florida,Convertible,Chevrolet,Model X,2024-05-26
70,Texas,Sedan,Chevrolet,Model Y,2023-12-15
71,New York,Van,Ford,Series 1,2021-11-14
72,California,Van,Ford,Series 2,2020-03-07
73,Texas,Truck,Toyota,Series 1,2021-02-02
74,California,Coupe,Toyota,Model Z,2020-12-10
75,Texas,Convertible,Ford,Series 2,2021-04-21
76,Florida,Van,Ford,Series 2,2020-04-25
77,Florida,Convertible,Honda,Model Z,2024-11-29
78,Texas,Convertible,Honda,Series 2,2022-10-30
79,Florida,Truck,Honda,Series 2,2022-03-24
80,California,Van,Chevrolet,Series 2,2021-11-16
81,Illinois,Convertible,Ford,Series 1,2023-04-28
82,Illinois,Coupe,Ford,Model Y,2020-03-24
83,Florida,Sedan,Ford,Series 1,2021-03-11
84,Illinois,Van,Ford,Series 2,2020-04-16
85,California,Sedan,Chevrolet,Model Z,2024-07-08
86,Florida,Coupe,Ford,Series 1,2024-01-21
87,New York,SUV,Ford,Series 1,2020-04-25
88,Illinois,Sedan,Honda,Model Z,2020-07-21
89,Florida,Coupe,Toyota,Model Z,2020-09-23
90,Florida,Truck,Nissan,Series 1,2022-05-30
91,Florida,Coupe,Nissan,Model X,2025-02-03
92,New York,Truck,Chevrolet,Series 1,2024-04-23
93,California,Sedan,Chevrolet,Series 1,2020-12-19
94,Florida,Convertible,Chevrolet,Model Z,2021-05-14
95,New York,Truck,Chevrolet,Model Z,2024-12-31
96,Texas,Convertible,Nissan,Model X,2020-12-12
97,California,SUV,Nissan,Series 1,2021-07-19
98,California,Convertible,Honda,Model Y,2021-11-13
99,Texas,Truck,Ford,Model Z,2024-07-16
100,California,Van,Toyota,Model Z,2022-09-28
101,Texas,Coupe,Ford,Model Z,2022-07-10
102,Illinois,SUV,Nissan,Model Z,2024-08-11
103,Illinois,SUV,Nissan,Model Z,2025-01-30
104,Texas,Sedan,Honda,Model Y,2022-09-12
105,Illinois,Truck,Chevrolet,Model Y,2020-07-09
106,New York,Convertible,Toyota,Model X,2022-10-07
107,Texas,SUV,Ford,Series 2,2021-09-10
108,New York,Coupe,Nissan,Model Y,2023-06-04
109,New York,SUV,Chevrolet,Model Z,2024-08-15
110,Texas,Convertible,Honda,Series 2,2022-05-16
111,New York,Van,Honda,Series 2,2020-12-15
112,New York,Convertible,Toyota,Series 2,2021-03-08
113,Florida,Truck,Ford,Model X,2022-03-31
114,Texas,Coupe,Ford,Model Z,2021-08-21
115,California,Truck,Honda,Series 1,2022-06-15
116,Texas,Van,Toyota,Series 2,2023-03-04
117,Texas,Van,Toyota,Model Z,2023-06-27
118,New York,SUV,Chevrolet,Series 1,2022-08-15
119,New York,Van,Honda,Model Y,2022-03-05
120,California,Convertible,Chevrolet,Model X,2021-02-06
121,Florida,Sedan,Ford,Model X,2021-06-27
122,California,Coupe,Ford,Series 2,2023-12-23
123,Texas,Sedan,Toyota,Model Y,2022-07-30
124,California,Truck,Nissan,Series 2,2022-10-24
125,Florida,Truck,Toyota,Series 1,2022-05-08
126,California,Coupe,Ford,Model X,2022-11-11
127,Florida,Van,Honda,Series 2,2021-05-04
128,Texas,SUV,Ford,Series 1,2023-03-30
129,Texas,Convertible,Chevrolet,Series 1,2023-04-28
130,Illinois,Truck,Nissan,Model X,2021-11-12
131,Florida,Van,Chevrolet,Model Y,2023-10-05
132,New York,Coupe,Honda,Series 1,2022-05-11
133,Illinois,Sedan,Chevrolet,Model X,2021-07-13
134,New York,SUV,Ford,Series 2,2023-04-14
135,New York,Coupe,Toyota,Model X,2023-02-14
136,Illinois,Truck,Ford,Series 2,2021-07-05
137,New York,Van,Chevrolet,Model Y,2022-06-15
138,California,Truck,Nissan,Model X,2023-09-24
139,Illinois,Convertible,Chevrolet,Series 1,2024-07-31
140,California,Convertible,Honda,Model X,2022-02-22
141,New York,Truck,Ford,Series 1,2022-06-29
142,California,Coupe,Nissan,Model X,2021-11-26
143,Texas,Van,Ford,Model X,2021-12-22
144,Texas,Truck,Nissan,Model X,2020-11-02
145,Texas,Coupe,Chevrolet,Model Z,2024-02-10
146,Florida,Sedan,Nissan,Series 2,2024-04-11
