Make,state,registration_date,registration_id,model,vehicle_type
Honda,California,2020-02-16,1,Series 2,Coupe
Ford,Florida,2024-06-14,2,Series 1,Coupe
Ford,Texas,2022-08-29,3,Model Y,Convertible
Nissan,Florida,2022-01-29,4,Model Z,Coupe
Nissan,Illinois,2021-03-31,5,Series 1,Sedan
Nissan,California,2022-08-15,6,Model Y,Convertible
Honda,Florida,2022-09-19,7,Series 1,Van
Chevrolet,New York,2024-01-11,8,Model Z,SUV
Ford,California,2023-02-07,9,Model Z,Convertible
Nissan,Illinois,2022-04-11,10,Series 2,Coupe
Toyota,Texas,2022-07-14,11,Model Y,Truck
Nissan,Florida,2024-11-19,12,Series 1,Convertible
Nissan,Illinois,2021-08-06,13,Series 2,SUV
Ford,Illinois,2022-07-08,14,Series 2,Truck
Ford,Illinois,2020-10-23,15,Model Z,Truck
Toyota,New York,2022-01-13,16,Model X,Van
Toyota,Texas,2020-06-07,17,Series 2,Sedan
Nissan,California,2022-07-18,18,Model Z,Coupe
Ford,Illinois,2021-10-18,19,Model Z,SUV
Honda,California,2024-04-29,20,Model Y,SUV
Nissan,Florida,2022-12-30,21,Series 2,Truck
Toyota,California,2021-03-29,22,Model X,Truck
Ford,Texas,2022-06-27,23,Model X,Van
Nissan,New York,2022-07-20,24,Series 2,Truck
Nissan,Illinois,2023-03-21,25,Model Z,Coupe
Honda,New York,2024-05-14,26,Model Y,Coupe
Toyota,Illinois,2020-06-28,27,Series 1,Convertible
Toyota,Florida,2021-05-13,28,Series 1,Coupe
Chevrolet,Illinois,2023-05-18,29,Model Y,Coupe
Toyota,Florida,2023-08-17,30,Model Z,Convertible
Honda,Illinois,2020-08-29,31,Model Z,Truck
Toyota,Florida,2022-03-11,32,Model X,SUV
Toyota,Texas,2024-09-02,33,Series 1,Coupe
Toyota,California,2020-07-17,34,Model Y,Van
Chevrolet,Illinois,2021-05-29,35,Model X,Coupe
Ford,Illinois,2021-06-16,36,Model Y,Convertible
Honda,California,2023-09-19,37,Model X,Van
Nissan,New York,2023-05-03,38,Model Y,Truck
Toyota,California,2024-04-04,39,Model Y,Van
Chevrolet,Illinois,2020-07-04,40,Series 1,Coupe
Nissan,New York,2023-03-14,41,Model X,Coupe
Nissan,Texas,2020-05-07,42,Model Y,Van
Nissan,California,2021-10-29,43,Series 1,SUV
Nissan,California,2023-07-08,44,Series 2,Convertible
Honda,California,2023-11-01,45,Series 2,Coupe
Toyota,Illinois,2020-05-31,46,Series 2,Sedan
Honda,California,2024-12-09,47,Series 1,Van
Honda,New York,2024-11-27,48,Model Z,Coupe
Toyota,California,2023-03-19,49,Model X,Sedan
Honda,Illinois,2024-02-19,50,Model Z,SUV
Nissan,New York,2020-12-23,51,Model X,Truck
Toyota,Illinois,2020-11-05,52,Model Z,Van
Nissan,Illinois,2022-05-18,53,Model X,Van
Chevrolet,Illinois,2023-01-16,54,Model Z,Convertible
Honda,New York,2021-12-03,55,Series 1,Coupe
Nissan,Texas,2023-06-20,56,Model X,Coupe
Honda,New York,2022-10-11,57,Model Z,SUV
Honda,Illinois,2022-01-08,58,Series 2,Van
Ford,New York,2022-05-17,59,Model Z,Coupe
Ford,Illinois,2023-08-17,60,Model X,Truck
Chevrolet,Texas,2022-07-07,61,Model Z,SUV
Honda,Texas,2022-01-05,62,Model Z,Coupe
Nissan,Texas,2024-05-09,63,Model Z,Truck
Toyota,Illinois,2020-03-24,64,Series 1,Sedan
Honda,Florida,2020-07-22,65,Model X,Van
Nissan,Texas,2021-02-07,66,Series 2,SUV
Nissan,New York,2022-08-03,67,Model Y,Truck
Chevrolet,New York,2023-12-28,68,Series 2,Coupe
Chevrolet,California,2024-12-24,69,Model Z,Truck
Nissan,New York,2021-06-13,70,Model X,Sedan
Ford,Texas,2020-09-28,71,Model X,Coupe
Ford,Texas,2024-09-04,72,Series 1,Sedan
Toyota,California,2021-02-12,73,Series 1,Convertible
Toyota,Texas,2024-09-09,74,Model Y,Coupe
Toyota,Texas,2023-05-19,75,Model Y,Convertible
Honda,New York,2023-05-28,76,Model Z,Truck
Honda,Texas,2023-01-05,77,Model Y,Van
Ford,California,2022-05-02,78,Model Z,Truck
Honda,Illinois,2021-05-08,79,Model X,SUV
Honda,Florida,2022-11-28,80,Series 2,SUV
Chevrolet,Florida,2022-07-13,81,Series 2,SUV
Nissan,New York,2021-01-15,82,Model X,SUV
Chevrolet,California,2021-08-24,83,Model X,Sedan
Toyota,New York,2021-07-03,84,Model Z,SUV
Ford,Texas,2022-09-25,85,Series 2,SUV
Toyota,Florida,2022-02-10,86,Series 1,SUV
Honda,Texas,2022-02-19,87,Model X,Truck
Honda,Florida,2024-03-02,88,Model Z,SUV
Honda,California,2022-04-20,89,Model X,Convertible
Toyota,Florida,2020-12-16,90,Model Y,Coupe
Ford,California,2020-07-01,91,Model X,Truck
Ford,California,2023-11-05,92,Series 2,Coupe
Chevrolet,Florida,2021-04-27,93,Model Z,Sedan
Ford,California,2021-07-16,94,Series 2,SUV
Ford,California,2023-05-23,95,Model Y,Coupe
Honda,Florida,2021-12-16,96,Series 1,SUV
Ford,Illinois,2022-11-03,97,Model Z,Van
Ford,Florida,2023-05-05,98,Model X,SUV
Chevrolet,Texas,2023-07-08,99,Model X,Coupe
Honda,New York,2024-11-16,100,Model X,Truck
Chevrolet,New York,2023-06-25,101,Model Z,Sedan
Toyota,California,2024-04-16,102,Model Y,SUV
Nissan,New York,2023-06-10,103,Model Y,Coupe
Honda,Texas,2021-09-25,104,Series 2,SUV
Chevrolet,Texas,2024-03-02,105,Model Z,Van
Chevrolet,California,2022-02-05,106,Model X,Convertible
Chevrolet,New York,2021-07-09,107,Series 2,Convertible
Ford,Illinois,2021-06-21,108,Model Y,Convertible
Chevrolet,New York,2020-06-24,109,Model Z,Sedan
Chevrolet,California,2020-08-08,110,Model X,SUV
Ford,Illinois,2022-09-17,111,Model X,Coupe
Chevrolet,New York,2022-01-27,112,Model X,Van
Chevrolet,New York,2024-10-06,113,Series 2,Convertible
Ford,Florida,2020-02-17,114,Model Y,Van
Nissan,Texas,2020-11-17,115,Model Y,Convertible
Chevrolet,New York,2021-12-02,116,Series 1,Van
Nissan,Illinois,2022-06-11,117,Series 1,SUV
Toyota,New York,2020-06-09,118,Model Y,Truck
Chevrolet,Florida,2023-01-16,119,Model Z,Van
Chevrolet,Florida,2022-10-05,120,Model Z,SUV
Toyota,California,2020-11-02,121,Model Y,Van
Ford,Texas,2022-07-04,122,Series 1,Truck
Nissan,Texas,2021-05-29,123,Model Z,SUV
Toyota,Texas,2020-04-06,124,Model Z,SUV
Honda,Texas,2024-01-13,125,Series 1,Convertible
Chevrolet,New York,2021-12-23,126,Series 1,Convertible
Ford,Florida,2024-07-15,127,Model Z,Sedan
Chevrolet,California,2023-03-20,128,Model Y,SUV
Nissan,Texas,2023-05-03,129,Model X,SUV
