registration_id,state,vehicle_type,make,model,registration_date
1,New York,Van,Toyota,Series 1,2023-06-16
2,Illinois,Convertible,Toyota,Model Y,2023-11-30
3,California,Truck,Chevrolet,Series 1,2021-05-30
4,New York,Van,Nissan,Model Y,2020-09-01
5,New York,Sedan,Nissan,Series 2,2021-04-07
6,Illinois,Coupe,Chevrolet,Series 1,2020-06-15
7,Texas,Sedan,Chevrolet,Series 2,2023-12-27
8,Texas,Sedan,Ford,Model X,2021-04-23
9,California,SUV,Chevrolet,Model X,2024-08-20
10,Illinois,Sedan,Honda,Model Z,2024-06-24
11,Florida,Convertible,Nissan,Model X,2024-10-03
12,California,Coupe,Chevrolet,Model X,2024-12-21
13,Florida,Van,Ford,Series 2,2023-05-04
14,Florida,Convertible,Toyota,Model X,2022-02-04
15,Illinois,Van,Ford,Series 1,2022-03-08
16,Florida,Truck,Toyota,Model X,2023-12-01
17,Florida,Van,Toyota,Series 2,2024-05-30
18,New York,SUV,Chevrolet,Model X,2023-11-02
19,Texas,Van,Toyota,Series 1,2020-06-01
20,New York,Truck,Toyota,Model X,2023-05-29
21,New York,Sedan,Toyota,Model Y,2024-06-17
22,New York,Sedan,Chevrolet,Model Y,2022-10-04
23,California,Convertible,Nissan,Model Z,2022-06-11
24,Florida,Sedan,Toyota,Model X,2021-09-01
25,Florida,Van,Nissan,Series 1,2023-11-28
26,California,Van,Toyota,Series 2,2023-05-20
27,Illinois,Truck,Nissan,Model Z,2023-05-12
28,Florida,Truck,Toyota,Model X,2024-10-23
29,Illinois,Coupe,Chevrolet,Model Y,2022-11-05
30,New York,SUV,Ford,Series 1,2024-07-12
31,Illinois,Coupe,Chevrolet,Model Z,2024-11-22
32,California,Sedan,Ford,Model X,2023-10-23
33,California,Truck,Chevrolet,Series 1,2020-06-18
34,Texas,Van,Chevrolet,Series 2,2023-05-28
35,New York,Truck,Toyota,Model X,2023-12-26
36,Texas,Convertible,Nissan,Series 2,2021-10-28
37,New York,Coupe,Ford,Model Z,2021-03-03
38,Florida,SUV,Chevrolet,Model Y,2024-01-22
39,Florida,Sedan,Chevrolet,Model Z,2021-08-08
40,Illinois,Van,Ford,Model Y,2021-05-26
41,New York,Coupe,Nissan,Model Z,2024-05-13
42,Texas,Sedan,Ford,Model Y,2022-02-19
43,California,Convertible,Chevrolet,Series 1,2024-02-06
44,Texas,Sedan,Ford,Series 2,2023-01-23
45,Texas,SUV,Chevrolet,Series 2,2022-12-20
46,Illinois,Van,Chevrolet,Model Z,2021-01-05
47,New York,Truck,Honda,Series 1,2021-06-30
48,California,SUV,Nissan,Model X,2021-04-21
49,Florida,Coupe,Nissan,Model X,2024-04-13
50,New York,Truck,Toyota,Model Y,2020-09-02
51,Texas,Convertible,Ford,Series 2,2024-11-07
52,Texas,Sedan,Toyota,Model Z,2024-04-08
53,California,Sedan,Ford,Model X,2024-02-10
54,Florida,Sedan,Nissan,Model Z,2020-05-09
55,California,Van,Ford,Model X,2024-01-14
56,Illinois,Van,Nissan,Series 2,2025-02-08
57,Illinois,Sedan,Chevrolet,Series 2,2020-03-05
58,Texas,Convertible,Nissan,Model Z,2024-05-08
59,New York,Coupe,Honda,Model Y,2021-04-11
60,Florida,Van,Ford,Model X,2024-02-20
61,Florida,Coupe,Honda,Model X,2022-12-18
62,Illinois,Coupe,Chevrolet,Series 2,2024-03-30
63,California,Coupe,Nissan,Model X,2022-10-24
64,Florida,Coupe,Honda,Model X,2024-09-04
65,New York,Van,Chevrolet,Series 1,2023-05-02
66,New York,SUV,Honda,Series 2,2022-03-25
67,Illinois,SUV,Nissan,Model Z,2022-07-01
68,New York,Coupe,Nissan,Model Y,2024-01-09
69,California,Truck,Toyota,Model Z,2021-01-08
70,Illinois,Truck,Honda,Series 2,2024-09-09
71,Illinois,Truck,Nissan,Model Y,2022-01-04
72,Illinois,Convertible,Toyota,Series 2,2022-02-26
73,New York,Van,Ford,Model X,2020-07-31
74,Illinois,Sedan,Chevrolet,Series 1,2022-04-12
75,California,Sedan,Nissan,Series 2,2022-12-01
76,New York,SUV,Chevrolet,Series 1,2021-12-09
77,Texas,Coupe,Toyota,Model X,2023-08-28
78,Florida,Sedan,Toyota,Model X,2022-01-30
79,New York,Van,Chevrolet,Model Z,2022-06-11
80,New York,Coupe,Toyota,Series 2,2022-08-15
81,Florida,SUV,Toyota,Series 2,2022-11-03
82,Texas,Coupe,Honda,Series 1,2020-09-01
83,Illinois,Truck,Ford,Model Y,2021-03-29
84,New York,Coupe,Nissan,Series 2,2024-01-15
85,California,Truck,Nissan,Series 1,2021-06-04
86,Texas,Convertible,Toyota,Series 1,2020-08-16
87,California,Van,Ford,Model Y,2024-09-21
88,Texas,Van,Honda,Model X,2023-02-13
89,Florida,Coupe,Ford,Model Z,2024-01-29
90,Texas,Truck,Toyota,Model Z,2022-11-11
91,Texas,Van,Honda,Series 2,2022-01-31
92,Texas,Coupe,Chevrolet,Model Y,2021-02-14
93,Florida,Coupe,Honda,Series 2,2022-11-08
94,Illinois,SUV,Chevrolet,Series 1,2021-04-05
95,Texas,Van,Nissan,Model Z,2020-08-02
96,California,Coupe,Toyota,Series 1,2022-12-27
97,Illinois,SUV,Toyota,Series 1,2022-06-24
98,Illinois,Convertible,Nissan,Model Y,2022-08-27
99,California,Van,Toyota,Model Z,2023-01-19
100,California,Sedan,Ford,Series 1,2022-08-27
101,Florida,Van,Ford,Model Z,2021-06-16
102,California,Truck,Chevrolet,Model Z,2024-01-30
103,Florida,Truck,Toyota,Series 2,2021-03-11
104,Illinois,Convertible,Chevrolet,Model Z,2023-10-18
105,California,Truck,Honda,Model X,2021-05-15
106,Illinois,Sedan,Honda,Model Z,2023-06-21
107,Illinois,Convertible,Toyota,Model Z,2021-01-21
108,Illinois,SUV,Honda,Model Z,2024-04-28
109,New York,Convertible,Nissan,Model Y,2023-12-19
110,Illinois,Coupe,Toyota,Series 2,2020-03-29
111,Florida,Van,Toyota,Model Y,2021-12-25
112,Texas,Convertible,Toyota,Series 1,2023-10-13
113,Illinois,Coupe,Toyota,Model Z,2021-07-16
114,California,Convertible,Toyota,Model Y,2020-11-28
115,Texas,Convertible,Chevrolet,Series 2,2023-02-19
116,Florida,Sedan,Honda,Model Z,2022-12-17
117,Texas,Van,Honda,Model Z,2025-02-09
118,Florida,Van,Honda,Series 1,2020-12-16
119,Texas,Sedan,Chevrolet,Model X,2021-07-31
120,New York,Sedan,Honda,Model Y,2024-03-10
121,Texas,Truck,Toyota,Model Y,2022-05-31
122,California,Sedan,Honda,Model Y,2021-01-20
123,Illinois,Sedan,Chevrolet,Series 1,2023-11-04
124,California,Truck,Ford,Series 1,2021-01-15
125,Texas,Van,Nissan,Model X,2022-08-12
126,Texas,Convertible,Chevrolet,Model Y,2023-04-29
127,California,SUV,Chevrolet,Series 1,2023-11-18
128,Illinois,Truck,Toyota,Model Y,2023-09-28
129,Illinois,Sedan,Ford,Model Y,2023-06-05
130,California,Coupe,Nissan,Series 2,2022-01-26
131,New York,Sedan,Chevrolet,Series 2,2021-07-24
132,New York,Truck,Nissan,Model Z,2022-11-26
133,Illinois,Van,Honda,Model Z,2022-01-11
134,Florida,Sedan,Honda,Model Y,2024-04-12
135,New York,Convertible,Toyota,Model Z,2024-05-25
136,Florida,Sedan,Chevrolet,Model X,2020-12-02
137,Florida,Van,Nissan,Model X,2023-12-24
138,Florida,Van,Chevrolet,Model X,2022-11-06
139,California,Van,Ford,Model X,2022-11-22
140,Illinois,Van,Ford,Series 1,2021-12-08
141,California,SUV,Honda,Series 1,2023-10-15
142,Florida,SUV,Ford,Model X,2022-09-29
143,Florida,Convertible,Nissan,Series 1,2021-07-28
144,New York,Truck,Honda,Series 2,2020-03-23
145,Texas,Coupe,Ford,Model Z,2021-03-11
146,Illinois,Convertible,Toyota,Model X,2023-05-26
147,New York,Sedan,Ford,Model X,2022-03-09
148,New York,Van,Toyota,Model Y,2023-07-07
149,New York,Convertible,Ford,Model X,2023-03-02
150,New York,Convertible,Honda,Model X,2023-11-22
151,California,Convertible,Nissan,Model Y,2021-09-15
152,New York,Van,Honda,Series 2,2020-05-08
