registration_id,state,vehicle_type,make,model,REGISTRATION DATE
1,California,Van,Toyota,Model X,2024-09-17
2,Illinois,Van,Chevrolet,Model Y,2023-10-17
3,California,Convertible,Nissan,Model Z,2022-03-31
4,California,Truck,Toyota,Model Y,2020-08-02
5,New York,Convertible,Nissan,Series 2,2021-05-26
6,California,Sedan,Honda,Model X,2021-08-18
7,Florida,SUV,Toyota,Model Y,2024-12-01
8,Texas,Convertible,Toyota,Model Y,2023-12-12
9,California,SUV,Nissan,Series 1,2025-01-23
10,Illinois,Coupe,Ford,Series 1,2021-02-13
11,Illinois,Coupe,Ford,Model Y,2020-11-06
12,Florida,Coupe,Toyota,Series 2,2022-11-10
13,California,Convertible,Honda,Series 2,2023-05-06
14,Florida,Van,Nissan,Model Z,2021-01-09
15,New York,Sedan,Nissan,Series 1,2023-02-14
16,New York,Truck,Ford,Series 1,2023-11-11
17,Florida,Sedan,Ford,Model Y,2023-09-12
18,Texas,Coupe,Toyota,Model X,2023-07-10
19,California,Convertible,Ford,Series 2,2023-10-05
20,Illinois,Truck,Toyota,Series 2,2024-10-25
21,Illinois,Van,Honda,Model X,2021-04-25
22,Florida,Truck,Chevrolet,Series 1,2024-03-17
23,Illinois,SUV,Toyota,Model Z,2023-12-11
24,New York,Coupe,Nissan,Model Y,2022-01-25
25,Florida,Van,Honda,Series 2,2022-11-21
26,New York,Van,Honda,Series 2,2024-09-07
27,Illinois,Convertible,Honda,Series 2,2022-01-09
28,Texas,Coupe,Honda,Model X,2024-01-04
29,Illinois,Convertible,Chevrolet,Series 1,2020-08-12
30,Florida,Coupe,Honda,Model Y,2020-06-15
31,Illinois,Convertible,Honda,Model X,2024-07-12
32,New York,Truck,Honda,Model Y,2022-08-21
33,Florida,Truck,Ford,Model X,2022-10-03
34,New York,Truck,Chevrolet,Model X,2020-07-05
35,Texas,Van,Toyota,Series 2,2021-11-06
36,Florida,Convertible,Toyota,Model Z,2023-02-27
37,Texas,Truck,Nissan,Series 1,2023-11-13
38,Texas,Convertible,Toyota,Model Z,2020-09-26
39,Texas,Sedan,Toyota,Model Y,2024-11-22
40,California,Truck,Honda,Model X,2022-05-14
41,New York,SUV,Ford,Model X,2021-01-05
42,New York,Convertible,Chevrolet,Model X,2020-04-26
43,Texas,SUV,Ford,Model Z,2021-04-11
44,Illinois,Convertible,Nissan,Model X,2021-06-16
45,Texas,Sedan,Chevrolet,Series 2,2021-04-24
46,Texas,Sedan,Chevrolet,Series 1,2025-01-15
47,Texas,Van,Chevrolet,Model Z,2023-01-18
48,Illinois,Sedan,Ford,Model Z,2021-05-13
49,Illinois,Van,Chevrolet,Model Y,2023-10-11
50,Texas,SUV,Chevrolet,Series 1,2020-08-06
51,Florida,SUV,Ford,Model Y,2021-09-23
52,California,Truck,Toyota,Model Y,2022-04-22
53,Texas,Van,Nissan,Model X,2021-02-18
54,Florida,Truck,Nissan,Series 2,2022-09-20
55,Illinois,Truck,Honda,Model X,2023-07-30
56,Florida,Sedan,Honda,Model Y,2024-06-21
57,California,Coupe,Toyota,Model Y,2021-02-20
58,Florida,Truck,Ford,Model X,2022-05-16
59,Illinois,Coupe,Ford,Series 2,2020-08-04
60,California,Convertible,Toyota,Model Z,2021-05-22
61,Illinois,SUV,Chevrolet,Model Y,2020-07-19
62,California,Coupe,Toyota,Series 1,2022-02-08
63,California,Coupe,Toyota,Series 1,2024-10-01
64,California,Sedan,Toyota,Model Z,2024-05-21
65,Texas,Coupe,Ford,Model X,2022-06-05
66,California,Van,Chevrolet,Model X,2024-01-12
67,California,Van,Ford,Model X,2024-02-17
68,New York,Sedan,Toyota,Model X,2022-12-11
69,Florida,SUV,Ford,Model Z,2024-01-20
70,New York,Sedan,Ford,Model X,2020-05-08
71,Florida,Sedan,Ford,Model Y,2023-05-11
72,Illinois,Van,Honda,Model Z,2020-10-11
73,Florida,Coupe,Chevrolet,Model X,2022-05-06
74,Florida,Coupe,Toyota,Series 1,2022-09-20
75,California,Coupe,Chevrolet,Series 1,2023-10-08
76,New York,Convertible,Nissan,Model Y,2022-11-18
77,New York,Convertible,Chevrolet,Model Z,2023-09-14
78,Illinois,Truck,Honda,Model Z,2022-03-05
79,California,Convertible,Nissan,Model Z,2023-01-15
80,New York,Coupe,Chevrolet,Model X,2020-12-11
81,Florida,Convertible,Nissan,Model Y,2021-01-16
82,Texas,Convertible,Ford,Model Z,2021-01-08
83,Florida,SUV,Nissan,Model Z,2021-12-29
84,Illinois,SUV,Toyota,Model Y,2023-12-30
85,California,SUV,Honda,Model Z,2023-10-14
86,Florida,Coupe,Toyota,Model Z,2022-01-08
87,Florida,Coupe,Honda,Series 2,2021-10-14
88,New York,Coupe,Honda,Series 2,2024-06-06
89,Florida,Convertible,Chevrolet,Series 1,2023-07-23
90,California,Van,Ford,Model Z,2020-12-10
91,Illinois,Truck,Chevrolet,Model Z,2020-02-16
92,California,Sedan,Ford,Series 2,2022-05-17
93,California,Coupe,Chevrolet,Model Z,2022-10-13
94,New York,Convertible,Toyota,Model X,2021-03-24
95,Florida,Convertible,Nissan,Model Y,2022-05-14
96,Illinois,SUV,Toyota,Model X,2021-05-31
97,Illinois,Coupe,Toyota,Model X,2024-12-26
98,Illinois,Coupe,Honda,Model X,2022-06-21
99,Illinois,Sedan,Ford,Series 1,2023-05-27
100,Illinois,Truck,Chevrolet,Model Z,2023-11-06
101,Florida,Truck,Nissan,Series 2,2020-06-24
102,Texas,Coupe,Nissan,Model X,2023-02-26
103,Florida,Sedan,Honda,Series 1,2022-01-22
104,California,Coupe,Toyota,Model Y,2023-10-18
105,California,SUV,Nissan,Series 2,2023-08-19
106,Texas,Van,Nissan,Model X,2024-11-03
107,Illinois,Convertible,Toyota,Series 2,2021-09-30
108,Texas,Convertible,Toyota,Series 2,2024-05-19
109,Florida,Convertible,Ford,Model Y,2024-09-01
110,Illinois,SUV,Chevrolet,Model Y,2024-05-26
111,California,Sedan,Toyota,Series 2,2021-08-27
112,California,Convertible,Ford,Model Y,2020-10-21
113,Florida,Sedan,Honda,Model Y,2022-05-11
114,New York,Van,Ford,Series 1,2021-06-11
115,Florida,Truck,Nissan,Model Y,2023-09-19
116,Texas,Convertible,Honda,Model Z,2021-07-26
117,Florida,Van,Honda,Model Y,2024-11-03
118,Illinois,SUV,Ford,Model Y,2023-03-17
119,Florida,SUV,Chevrolet,Model X,2022-12-05
120,Texas,SUV,Honda,Model Y,2022-04-30
121,California,Truck,Honda,Model X,2020-08-21
122,Illinois,Truck,Toyota,Series 2,2020-07-31
123,Texas,Sedan,Ford,Model Y,2021-04-15
124,California,SUV,Ford,Model X,2020-12-26
125,New York,Convertible,Ford,Model Z,2024-01-21
126,Illinois,Sedan,Toyota,Series 1,2020-07-22
127,New York,Van,Ford,Series 1,2020-11-24
128,Florida,Truck,Ford,Series 2,2023-01-06
129,California,Sedan,Ford,Series 1,2022-02-25
130,Florida,Truck,Ford,Model X,2021-09-05
131,Florida,Coupe,Nissan,Series 2,2024-12-27
132,New York,Van,Chevrolet,Model X,2022-09-13
133,Texas,SUV,Nissan,Model X,2024-10-07
134,Florida,Convertible,Toyota,Model X,2023-10-20
135,Texas,Coupe,Ford,Series 1,2024-02-28
136,Illinois,Truck,Nissan,Model X,2024-07-04
137,Illinois,Coupe,Honda,Series 1,2020-05-24
138,New York,Truck,Ford,Model X,2020-06-15
139,New York,Coupe,Nissan,Series 1,2024-10-23
140,Florida,Sedan,Chevrolet,Model Y,2020-12-29
141,Florida,Coupe,Nissan,Series 2,2023-08-29
142,Illinois,Van,Honda,Model Z,2021-11-24
