REGISTRATION ID,state,vehicle_type,make,model,registration_date
1,Texas,Convertible,Toyota,Model X,2021-03-22
2,New York,Van,Honda,Series 1,2020-08-09
3,Texas,Sedan,Nissan,Series 1,2022-10-18
4,New York,Van,Nissan,Model Y,2023-11-29
5,Florida,Sedan,Toyota,Series 1,2022-12-06
6,California,Van,Nissan,Model X,2023-05-03
7,Illinois,Convertible,Chevrolet,Series 1,2023-08-14
8,California,Coupe,Nissan,Model Z,2025-02-01
9,California,SUV,Honda,Model Z,2023-09-30
10,New York,Van,Chevrolet,Series 1,2022-03-16
11,Illinois,Sedan,Honda,Series 1,2021-08-17
12,Florida,Van,Honda,Series 2,2024-03-12
13,Texas,Sedan,Chevrolet,Model Y,2023-02-23
14,Texas,Van,Nissan,Model Y,2022-10-13
15,New York,Sedan,Toyota,Model Z,2020-11-20
16,Florida,Coupe,Chevrolet,Series 2,2022-09-13
17,California,Coupe,Ford,Model X,2024-05-11
18,Florida,Sedan,Toyota,Series 2,2023-09-29
19,California,Convertible,Nissan,Series 2,2024-08-08
20,Florida,Van,Nissan,Model Z,2021-07-17
21,California,SUV,Toyota,Series 2,2021-10-01
22,Illinois,Coupe,Chevrolet,Series 2,2021-03-21
23,Illinois,Van,Ford,Series 1,2024-05-17
24,New York,SUV,Chevrolet,Series 2,2022-09-11
25,Texas,Van,Nissan,Series 1,2021-05-23
26,Florida,Coupe,Toyota,Model X,2020-09-30
27,Florida,SUV,Honda,Model X,2022-10-01
28,New York,Truck,Ford,Series 2,2021-02-02
29,Texas,Convertible,Nissan,Model X,2022-12-04
30,California,SUV,Ford,Series 1,2023-12-30
31,New York,Truck,Chevrolet,Model Z,2022-01-11
32,New York,SUV,Honda,Series 1,2020-08-30
33,Illinois,Sedan,Nissan,Model Z,2024-08-02
34,Illinois,Sedan,Nissan,Series 1,2024-02-14
35,Illinois,Coupe,Honda,Model Z,2024-06-09
36,Texas,Van,Nissan,Model X,2023-05-19
37,Illinois,SUV,Ford,Model Z,2024-12-04
38,Texas,SUV,Toyota,Model X,2023-08-31
39,Texas,Van,Toyota,Model Z,2022-02-21
40,Texas,Truck,Toyota,Series 1,2022-10-13
41,California,SUV,Chevrolet,Model Z,2023-05-01
42,California,Van,Toyota,Series 1,2022-01-05
43,Texas,Truck,Toyota,Model Z,2021-10-24
44,Florida,Truck,Chevrolet,Series 1,2020-05-16
45,Florida,SUV,Ford,Series 2,2020-10-01
46,California,Truck,Chevrolet,Model Z,2024-12-23
47,New York,Truck,Nissan,Model X,2024-10-27
48,New York,Coupe,Toyota,Model Z,2023-02-15
49,Florida,Truck,Chevrolet,Model X,2020-08-18
50,California,Van,Toyota,Series 2,2024-03-04
51,New York,Truck,Toyota,Model X,2020-05-17
52,New York,Sedan,Chevrolet,Model X,2023-01-13
53,Florida,SUV,Honda,Model Z,2022-02-17
54,New York,Sedan,Toyota,Series 1,2024-09-07
55,California,Van,Honda,Model X,2020-08-11
56,California,Truck,Ford,Series 2,2020-09-10
57,New York,Truck,Honda,Series 1,2024-03-22
58,Florida,Van,Honda,Model Y,2022-11-19
59,New York,Coupe,Honda,Model X,2023-06-30
60,New York,SUV,Honda,Series 2,2023-06-05
61,New York,Van,Toyota,Series 1,2020-07-23
62,California,Convertible,Toyota,Model Y,2021-12-28
63,Illinois,Van,Ford,Model X,2020-10-01
64,Texas,SUV,Nissan,Series 1,2024-08-18
65,California,Truck,Honda,Series 2,2020-12-09
66,Illinois,SUV,Toyota,Series 1,2022-07-17
67,Illinois,Sedan,Ford,Series 1,2024-09-24
68,Illinois,Convertible,Ford,Model Y,2023-07-16
69,Florida,SUV,Nissan,Model Y,2021-03-16
70,New York,Convertible,Nissan,Series 1,2023-07-14
71,Texas,Convertible,Chevrolet,Series 2,2021-03-28
72,Texas,Truck,Chevrolet,Model X,2024-06-27
73,Texas,Coupe,Nissan,Series 2,2022-01-17
74,New York,Coupe,Honda,Model Y,2024-02-14
75,California,Sedan,Toyota,Series 2,2021-03-04
76,Illinois,Coupe,Nissan,Model Z,2021-04-17
77,California,Truck,Honda,Model Z,2024-09-12
78,Illinois,Truck,Ford,Series 1,2020-10-15
79,California,Coupe,Ford,Series 1,2023-12-20
80,Florida,Truck,Honda,Model X,2023-10-02
81,California,Coupe,Honda,Model Z,2020-02-12
82,New York,Convertible,Nissan,Model X,2022-02-16
83,Illinois,Sedan,Toyota,Model Y,2023-08-02
84,California,SUV,Honda,Model Z,2021-10-06
85,Florida,SUV,Chevrolet,Model Y,2024-02-18
86,California,Truck,Nissan,Model Z,2022-09-15
87,California,Sedan,Toyota,Model Z,2024-05-19
88,Florida,Truck,Ford,Series 1,2023-05-20
89,California,Coupe,Nissan,Model Z,2023-02-01
90,Texas,Sedan,Ford,Model X,2023-04-04
91,California,Van,Toyota,Model Z,2021-01-07
92,Florida,Van,Honda,Series 1,2023-03-13
93,Texas,Van,Nissan,Model Z,2025-01-21
94,California,Sedan,Honda,Model X,2023-08-17
95,New York,Truck,Toyota,Model X,2020-05-21
96,Illinois,Van,Toyota,Model Z,2023-05-23
97,California,Convertible,Nissan,Model X,2023-12-21
98,New York,SUV,Honda,Model Z,2024-06-28
99,New York,Convertible,Toyota,Series 2,2022-07-08
100,California,SUV,Honda,Model Z,2021-02-20
101,Texas,SUV,Nissan,Series 1,2021-07-08
102,Illinois,Convertible,Toyota,Model X,2022-07-14
103,California,Van,Chevrolet,Model X,2020-05-13
104,Texas,Truck,Honda,Series 2,2024-08-18
105,New York,SUV,Chevrolet,Model Y,2022-09-24
106,California,Sedan,Chevrolet,Series 1,2024-08-01
107,New York,Van,Nissan,Series 2,2020-03-20
108,Illinois,SUV,Nissan,Model Y,2022-12-22
109,New York,Coupe,Toyota,Series 2,2023-10-26
110,New York,SUV,Ford,Model Z,2022-09-22
111,Florida,Convertible,Chevrolet,Series 2,2020-06-06
112,California,Convertible,Chevrolet,Model Z,2024-04-06
113,New York,Sedan,Nissan,Model X,2021-08-31
114,New York,Convertible,Ford,Model Z,2021-11-04
115,Illinois,Sedan,Nissan,Series 2,2024-04-19
116,New York,Sedan,Ford,Model X,2024-06-14
117,Texas,SUV,Chevrolet,Series 1,2021-12-07
118,Illinois,Sedan,Chevrolet,Model Y,2021-06-02
119,Florida,Sedan,Toyota,Model X,2022-06-20
120,Florida,Van,Chevrolet,Series 2,2022-10-03
121,Illinois,SUV,Ford,Model X,2023-12-17
122,Illinois,Van,Nissan,Model Y,2020-12-07
123,New York,Convertible,Chevrolet,Series 1,2024-01-06
124,Florida,SUV,Chevrolet,Model Z,2022-05-22
125,New York,Van,Chevrolet,Model Z,2024-02-05
126,New York,Coupe,Chevrolet,Model Y,2022-03-15
127,Illinois,Convertible,Ford,Model X,2022-09-18
128,Illinois,Sedan,Honda,Series 1,2020-04-04
129,California,Sedan,Ford,Model X,2020-08-29
130,California,SUV,Chevrolet,Model X,2024-12-18
131,Illinois,Sedan,Nissan,Model Y,2023-06-17
132,Illinois,Sedan,Toyota,Series 1,2024-12-11
133,New York,Van,Nissan,Model Z,2021-06-28
