registration_id,state,vehicle_type,make,model,registration_date
1,California,SUV,Ford,Model X,2020-03-06
2,New York,Truck,Honda,Model X,2025-01-24
3,Illinois,Sedan,Chevrolet,Series 2,2021-11-28
4,New York,SUV,Chevrolet,Model Z,2022-04-01
5,Texas,SUV,Toyota,Model Z,2024-02-17
6,New York,SUV,Nissan,Model Z,2022-02-26
7,Texas,Coupe,Ford,Model Z,2021-12-14
8,California,Coupe,Honda,Series 1,2021-09-25
9,California,Coupe,Ford,Series 1,2021-05-26
10,Florida,Sedan,Honda,Series 2,2023-08-30
11,New York,Sedan,Ford,Series 1,2020-11-04
12,New York,Coupe,Toyota,Model Y,2022-05-09
13,Texas,Coupe,Chevrolet,Series 1,2024-11-23
14,Texas,SUV,Toyota,Model Z,2022-05-23
15,Illinois,Van,Nissan,Series 1,2025-02-09
16,California,SUV,Chevrolet,Model X,2020-04-24
17,Florida,Truck,Honda,Series 1,2020-08-11
18,Texas,Van,Honda,Series 2,2020-11-25
19,Illinois,Van,Nissan,Model Z,2022-08-03
20,Florida,Truck,Honda,Model Y,2020-12-27
21,California,Truck,Toyota,Model Z,2021-02-21
22,Illinois,Sedan,Honda,Model Z,2023-10-26
23,Texas,Coupe,Nissan,Series 1,2022-12-28
24,Illinois,Coupe,Chevrolet,Series 2,2021-06-10
25,Texas,Convertible,Ford,Series 2,2021-05-17
26,Texas,Convertible,Toyota,Model Y,2023-07-15
27,New York,Convertible,Ford,Series 1,2023-10-03
28,Illinois,Truck,Ford,Model Y,2022-05-11
29,Illinois,Convertible,Honda,Series 1,2023-11-09
30,Texas,Convertible,Honda,Series 1,2023-04-19
31,Illinois,Van,Honda,Model Y,2022-02-21
32,Texas,SUV,Chevrolet,Model Y,2021-09-09
33,California,Truck,Toyota,Series 1,2021-05-07
34,New York,Sedan,Nissan,Model Y,2021-01-10
35,Florida,Van,Chevrolet,Series 1,2023-04-15
36,New York,Truck,Toyota,Model Y,2020-08-12
37,Texas,Van,Nissan,Series 2,2024-05-25
38,Illinois,Truck,Toyota,Model Y,2025-02-02
39,Florida,Convertible,Ford,Model Y,2021-02-15
40,Florida,Convertible,Chevrolet,Model Z,2021-11-27
41,California,Van,Toyota,Series 1,2025-01-08
42,Texas,Van,Chevrolet,Model Y,2021-10-09
43,California,Sedan,Nissan,Model Y,2022-04-26
44,Illinois,Sedan,Honda,Model X,2024-03-20
45,Illinois,Coupe,Toyota,Series 2,2022-09-28
46,Texas,Van,Chevrolet,Model Y,2020-10-14
47,California,SUV,Honda,Series 2,2020-12-09
48,California,Coupe,Honda,Series 1,2020-11-13
49,Illinois,Convertible,Chevrolet,Model Y,2021-05-05
50,California,Convertible,Nissan,Model Z,2021-11-24
51,New York,Van,Nissan,Model X,2024-01-10
52,California,Coupe,Ford,Model X,2024-02-06
53,California,Convertible,Nissan,Model Y,2024-05-28
54,California,Coupe,Toyota,Series 2,2024-08-18
55,Texas,Sedan,Ford,Series 2,2021-02-13
56,Florida,Van,Honda,Model Z,2022-06-22
57,Illinois,Convertible,Nissan,Model X,2022-07-05
58,New York,Sedan,Honda,Model Y,2022-12-19
59,New York,Van,Ford,Series 2,2023-06-02
60,New York,Convertible,Honda,Model Z,2022-11-01
61,Illinois,SUV,Honda,Model Y,2025-01-01
62,Illinois,Van,Ford,Series 1,2021-04-09
63,Illinois,Coupe,Honda,Series 1,2023-11-21
64,California,Sedan,Ford,Model X,2021-12-28
65,Texas,Van,Chevrolet,Series 1,2021-04-17
66,Texas,Van,Honda,Series 1,2021-10-28
67,California,SUV,Toyota,Series 1,2020-12-05
68,Illinois,Sedan,Chevrolet,Model X,2022-07-15
69,Texas,Van,Toyota,Model Z,2024-04-30
70,California,Coupe,Toyota,Series 1,2022-04-14
71,Illinois,Coupe,Honda,Series 2,2020-09-18
72,New York,Sedan,Nissan,Model X,2025-01-31
73,New York,Van,Honda,Model Y,2022-04-01
74,Florida,SUV,Honda,Series 2,2023-09-06
75,Florida,Convertible,Toyota,Model Z,2023-08-21
76,Texas,Sedan,Nissan,Model Y,2025-02-10
77,Texas,SUV,Chevrolet,Series 2,2022-01-19
78,California,Coupe,Chevrolet,Series 2,2021-10-31
79,New York,Truck,Ford,Series 1,2020-08-06
80,Texas,Truck,Chevrolet,Model X,2020-12-24
81,New York,Truck,Ford,Model Z,2022-05-26
82,New York,Truck,Chevrolet,Model X,2022-12-17
83,New York,SUV,Chevrolet,Series 2,2021-11-03
84,California,Convertible,Honda,Series 2,2021-07-29
85,Florida,Convertible,Ford,Series 1,2024-06-10
86,Florida,Truck,Chevrolet,Series 2,2024-12-06
87,Texas,Coupe,Toyota,Model Z,2024-07-23
88,New York,Convertible,Toyota,Series 2,2024-12-12
89,Florida,Truck,Chevrolet,Model Y,2023-03-26
90,California,Coupe,Chevrolet,Series 1,2021-10-09
91,California,Truck,Honda,Model Y,2023-04-18
92,Florida,Convertible,Toyota,Model X,2024-06-14
93,Illinois,Van,Chevrolet,Model Y,2021-10-18
94,Illinois,SUV,Chevrolet,Model Y,2022-05-14
95,California,Sedan,Chevrolet,Model Y,2020-10-04
96,California,Sedan,Chevrolet,Series 1,2023-10-25
97,Florida,Van,Chevrolet,Series 2,2020-02-24
98,California,Truck,Toyota,Model X,2023-02-07
99,New York,Sedan,Honda,Model Z,2024-08-15
100,Florida,Sedan,Ford,Model X,2023-04-16
101,Florida,SUV,Chevrolet,Model X,2023-09-05
102,Illinois,Coupe,Ford,Model Z,2022-03-29
103,Texas,Van,Toyota,Series 1,2022-04-28
104,Texas,Van,Nissan,Model Y,2020-11-16
105,Illinois,Coupe,Nissan,Model Z,2022-01-20
106,Texas,SUV,Chevrolet,Model Y,2023-11-05
107,California,Van,Honda,Model Y,2023-08-08
108,Texas,Van,Chevrolet,Series 2,2023-03-24
109,Florida,Sedan,Honda,Series 1,2024-04-25
110,New York,SUV,Toyota,Model X,2020-06-10
111,Illinois,Truck,Chevrolet,Model Z,2024-12-19
112,Texas,Sedan,Honda,Series 1,2022-03-26
113,Florida,Sedan,Toyota,Series 2,2023-09-21
114,Illinois,Convertible,Toyota,Model X,2024-09-23
115,Florida,Convertible,Ford,Series 1,2025-01-07
116,New York,Truck,Chevrolet,Model Z,2021-06-08
117,California,Sedan,Nissan,Model Y,2021-06-04
118,New York,Coupe,Toyota,Model X,2021-12-01
119,New York,SUV,Nissan,Model X,2022-12-27
120,Illinois,Coupe,Ford,Model Z,2022-11-21
121,Texas,Coupe,Honda,Model Z,2021-03-25
