report_id,city,temperature,humidity,wind_speed,report_date,weather_station
1,Wagnerview,13.2,50,18.4,2024-07-06,Station C
2,North Jasonside,0.9,76,2.6,2024-09-11,Station B
3,Port Christinahaven,31.0,100,0.5,2024-07-19,Station C
4,Woodsberg,21.3,50,9.9,2024-08-07,Station A
5,Stoneton,34.6,72,6.0,2024-07-31,Station C
6,Anamouth,30.1,65,18.3,2025-02-03,Station C
7,East Alyssaland,20.7,77,18.0,2024-09-24,Station B
8,Wardview,26.4,16,10.0,2024-07-01,Station B
9,Fordstad,17.1,15,0.5,2025-01-13,Station A
10,Antonioside,34.6,22,14.6,2024-07-05,Station C
11,Wandamouth,7.3,98,9.9,2024-12-04,Station C
12,Paulastad,28.0,59,9.0,2024-06-30,Station A
13,Luisfort,6.7,36,14.8,2024-07-11,Station C
14,West Elizabeth,37.9,24,13.6,2024-11-27,Station A
15,Prattborough,-7.9,58,14.5,2024-04-19,Station B
16,Williamfurt,26.6,80,5.3,2024-07-22,Station B
17,Davisville,-9.6,97,6.9,2024-06-09,Station A
18,East Nicholas,9.8,21,1.3,2024-06-25,Station C
19,North Joshua,-3.8,72,9.1,2024-06-27,Station C
20,New Kellyport,1.9,61,15.8,2024-06-29,Station C
21,West Jessica,5.3,99,15.4,2024-03-29,Station A
22,Robbinsburgh,12.0,61,3.3,2024-08-14,Station A
23,South Lance,37.8,23,14.0,2024-06-13,Station C
24,Heatherbury,18.9,39,7.3,2024-12-09,Station B
25,Lake Richardburgh,10.1,24,17.3,2024-07-16,Station A
26,West Ashley,25.8,34,11.2,2024-10-30,Station C
27,Lake Gregoryview,15.1,54,16.1,2024-10-18,Station C
28,Lake Debrafort,33.4,71,16.2,2024-08-19,Station C
29,Curtischester,6.1,67,0.1,2024-09-15,Station B
30,South Lauraside,14.6,42,3.3,2024-04-26,Station B
31,Lake Lauraview,39.2,82,2.7,2024-03-28,Station B
32,Murrayview,1.6,96,17.6,2024-11-14,Station A
33,New Jacob,6.1,48,7.8,2024-04-06,Station A
34,Lake Michael,28.6,60,9.3,2024-05-09,Station A
35,Port Jesusstad,3.6,57,13.1,2024-05-26,Station C
36,West Sean,22.5,97,15.0,2024-05-13,Station C
37,Robertberg,-3.4,15,16.5,2024-11-24,Station C
38,Port Antonioborough,16.6,97,13.2,2024-03-20,Station C
39,South Misty,34.0,47,19.6,2025-01-22,Station C
40,Lake Jackmouth,37.3,96,6.8,2024-05-17,Station B
41,New Jamie,14.0,76,6.0,2024-11-10,Station C
42,South Jasonville,10.8,57,2.7,2024-08-29,Station B
43,Lake Emily,16.4,84,15.0,2024-08-28,Station A
44,New Jennifer,7.7,72,5.1,2024-10-26,Station C
45,East Marybury,15.3,59,16.7,2024-05-06,Station B
46,Leahville,-2.2,38,19.3,2024-03-16,Station B
47,North David,31.9,65,2.7,2024-11-05,Station B
48,Lake Jocelyn,13.3,93,13.3,2024-05-24,Station B
49,West Jamieshire,16.8,44,1.2,2024-12-05,Station A
50,Port Amyville,26.8,47,8.8,2024-09-27,Station B
51,North Jesus,7.3,44,11.0,2024-05-17,Station C
52,Port Michaelstad,12.4,77,6.8,2024-05-14,Station B
53,South Justinborough,38.4,36,19.1,2024-03-19,Station C
54,Lake Christopherton,6.5,80,14.7,2024-05-15,Station A
55,Lake Jamesville,2.8,21,14.1,2024-08-04,Station A
56,Rodriguezmouth,20.7,93,15.1,2025-01-15,Station A
57,Karenfurt,11.0,21,1.0,2024-10-05,Station A
58,Yvetteberg,35.1,97,16.2,2024-03-03,Station B
59,Buchananmouth,2.1,24,5.0,2025-01-11,Station B
60,Crawfordside,19.5,35,13.2,2025-01-26,Station A
61,Lisachester,30.0,68,9.1,2024-04-22,Station B
62,South Bethmouth,31.3,25,3.8,2025-01-19,Station A
63,Kingbury,5.4,57,16.0,2024-10-14,Station C
64,Scottview,10.0,39,8.4,2024-06-19,Station C
65,North Robertberg,7.2,89,1.1,2024-10-11,Station C
66,Charleston,-3.5,48,10.6,2025-02-08,Station B
67,Phillipsfurt,-5.1,44,19.6,2024-03-21,Station B
68,West Hunter,34.7,58,2.7,2024-07-24,Station B
69,New Edgar,-1.3,97,4.1,2024-12-06,Station C
70,Aprilmouth,-4.5,79,6.4,2024-03-29,Station B
71,Zamorafurt,25.7,12,0.1,2024-04-22,Station C
72,Melindafort,31.3,27,14.7,2024-12-11,Station A
73,Trevorfurt,39.0,95,1.1,2024-11-05,Station A
74,Santosberg,28.0,15,14.8,2024-07-05,Station C
75,Lake Richardbury,0.2,55,0.8,2024-08-08,Station C
76,East Sarahville,34.0,35,17.4,2025-01-01,Station C
77,Jonville,26.9,91,13.2,2024-05-21,Station C
78,East Garybury,8.7,78,12.3,2024-12-23,Station C
79,Emilyland,15.3,68,1.2,2024-11-16,Station B
80,Juliaville,25.3,67,18.7,2025-02-03,Station C
81,Hendrixside,25.3,93,4.5,2024-04-20,Station C
82,South Nicoleside,-7.2,39,9.0,2024-08-01,Station B
83,East Amy,15.6,14,5.4,2024-11-28,Station B
84,South Sandra,14.3,48,13.9,2024-09-26,Station C
85,Lake Peter,38.0,28,10.5,2024-03-19,Station A
86,Burgesston,19.6,97,9.0,2024-08-23,Station C
87,Sharibury,29.8,86,1.7,2024-10-01,Station C
88,Johnborough,25.0,61,9.1,2024-12-12,Station C
89,New Colleenview,27.5,43,10.2,2024-05-21,Station B
90,New Bradley,37.4,41,7.6,2025-01-31,Station C
91,Rubiochester,11.1,38,16.8,2024-03-30,Station B
92,Keithburgh,-7.6,48,3.4,2024-07-01,Station B
93,Port Johnfort,9.4,46,16.2,2024-04-30,Station C
94,Murphyberg,16.1,80,13.6,2024-07-26,Station C
95,Lake Andre,-4.5,78,11.5,2024-11-30,Station A
96,South Brittneyborough,20.7,86,6.2,2024-11-05,Station A
97,Port John,1.0,46,15.8,2024-08-12,Station A
98,North Carolyn,2.4,42,18.0,2025-02-03,Station C
99,Jonesmouth,9.9,33,4.9,2024-11-06,Station A
100,Donaldbury,7.0,60,12.0,2024-06-03,Station B
101,Jessicabury,38.8,13,6.3,2025-02-03,Station C
102,Lake Robert,31.7,56,9.4,2024-11-18,Station A
103,South Kennethbury,19.5,37,15.4,2024-12-12,Station A
104,Maychester,28.0,63,2.8,2024-11-16,Station B
105,Michaelville,-6.4,32,3.0,2024-05-05,Station A
106,Angelaberg,2.9,78,1.0,2025-01-10,Station A
107,Gillbury,5.5,37,3.0,2024-07-28,Station C
108,New Nicole,39.2,13,5.9,2024-04-12,Station A
109,New Kaitlinton,23.3,33,18.4,2024-11-17,Station A
110,Saundersmouth,19.1,62,14.7,2024-08-01,Station B
111,Jamieview,-7.4,21,9.2,2024-10-12,Station B
112,Lake Laura,-7.7,89,12.8,2024-10-30,Station C
113,Tranfurt,21.5,75,4.9,2024-08-26,Station C
114,Jonesfurt,6.2,61,17.9,2024-02-12,Station B
115,Lake Tonyfort,-4.8,62,12.2,2024-10-13,Station C
116,New Sarahton,38.2,11,9.6,2024-07-29,Station C
117,South Steventon,8.3,76,19.7,2024-04-04,Station B
118,Port Christopherfort,39.0,62,19.2,2024-09-28,Station B
119,Hicksstad,-6.6,72,6.2,2024-03-23,Station A
120,New Antoniohaven,16.4,55,17.5,2024-08-09,Station C
121,New Tracyville,32.7,49,7.3,2024-06-25,Station A
122,Lake Ericland,38.3,28,1.8,2024-04-08,Station C
123,Michellefurt,-3.0,27,14.2,2024-08-02,Station B
124,Carrhaven,23.1,40,13.4,2024-10-08,Station A
125,East Joseview,26.3,35,9.5,2024-09-17,Station A
126,North Eric,-2.9,74,6.3,2024-04-18,Station B
127,Josephhaven,7.5,38,10.1,2024-04-14,Station B
128,North Nichole,4.8,74,16.1,2024-07-08,Station A
129,North Crystalton,24.4,25,1.0,2024-03-17,Station B
130,Port Harryberg,-0.1,39,4.3,2024-12-10,Station B
131,West Aprilberg,2.7,71,8.4,2024-11-16,Station B
132,Daviston,-1.2,32,18.5,2024-05-27,Station B
133,Lake Patrickburgh,8.3,89,2.5,2024-07-06,Station B
134,Moorechester,7.1,90,0.5,2024-03-08,Station B
135,Lake Amberside,-4.8,65,17.6,2024-05-14,Station A
136,Julianville,7.6,66,17.4,2024-06-27,Station A
137,Reyesview,10.5,14,7.3,2024-04-08,Station C
138,West Courtney,24.7,40,7.8,2024-11-01,Station C
139,New Victor,2.5,39,11.7,2024-08-20,Station A
140,North James,30.2,70,19.1,2025-01-27,Station A
141,Ibarraside,-4.1,75,19.0,2025-02-11,Station B
142,West Randyview,17.1,76,0.8,2024-05-30,Station A
143,Fullerberg,5.8,70,15.5,2024-03-11,Station B
144,Wagnerburgh,4.5,75,0.9,2024-02-20,Station C
145,New Sarahtown,38.4,38,5.9,2024-07-18,Station C
146,Hensonfurt,13.5,87,5.0,2024-07-18,Station B
147,North Ashley,4.1,68,10.2,2024-04-10,Station C
148,Port Tinashire,18.8,80,4.3,2025-02-07,Station B
149,East Brett,-5.7,34,6.9,2024-08-02,Station B
150,East Jackie,2.5,74,9.2,2025-02-04,Station C
151,Adamshaven,5.6,75,13.6,2024-06-10,Station A
152,Thompsonmouth,25.0,73,5.4,2024-11-17,Station C
153,Edwardview,35.2,88,12.0,2024-04-12,Station B
154,Sparksstad,17.8,25,18.6,2024-03-17,Station A
155,Warnerton,-5.5,16,18.9,2025-01-25,Station C
156,East Frank,15.8,35,19.3,2024-06-06,Station C
157,Lake Davidchester,35.3,14,12.2,2024-08-10,Station A
158,Stephenberg,15.4,85,19.9,2024-08-15,Station A
159,Paigeborough,24.5,57,17.9,2024-07-07,Station B
160,Kristentown,8.9,17,3.2,2025-01-28,Station A
161,East Rebeccaview,22.0,64,13.9,2024-05-05,Station B
162,Wyattland,21.3,82,18.7,2024-11-26,Station C
163,Tarafurt,24.0,39,5.0,2024-12-25,Station A
164,North Williamberg,16.0,34,3.7,2024-11-03,Station B
165,Toddbury,-5.2,30,16.4,2024-06-28,Station A
166,Dunnfort,37.0,68,13.7,2025-01-25,Station B
167,North Lisa,15.7,40,16.4,2024-12-01,Station C
