report_id,city,temperature,wind_speed,report_date,weather_station
1,Mcmillanburgh,38.1,14.3,2024-10-28,Station A
2,Catherinefort,-5.0,7.7,2024-07-02,Station C
3,Port Juan,-0.3,17.3,2024-02-28,Station A
4,Johnsonchester,18.9,17.6,2024-08-04,Station A
5,Macdonaldshire,-3.7,18.6,2024-03-14,Station C
6,Jessicaton,22.1,7.7,2024-11-18,Station C
7,Davidton,12.2,10.4,2024-06-14,Station B
8,Aarontown,1.8,4.7,2024-03-07,Station B
9,East Scott,29.8,18.5,2024-11-30,Station B
10,East David,27.3,0.9,2024-08-12,Station A
11,South Scottberg,35.2,15.1,2024-10-06,Station C
12,Port Nicholaston,27.7,7.5,2024-12-23,Station A
13,Lake Cynthia,10.7,9.9,2024-02-15,Station B
14,Lake Bruce,-9.2,9.6,2024-11-16,Station A
15,Perezmouth,31.0,13.5,2024-02-16,Station C
16,Port Juan,-0.4,1.8,2024-07-18,Station B
17,Fernandoport,30.2,8.3,2024-09-28,Station C
18,North Kaylee,8.5,12.9,2025-01-20,Station A
19,South Jacob,39.0,4.7,2024-08-24,Station B
20,Russellbury,17.3,17.8,2024-10-15,Station A
21,Leachmouth,-0.7,4.2,2024-07-14,Station C
22,West Shawnstad,8.3,3.5,2024-07-14,Station C
23,West Brittanyville,3.7,13.3,2025-01-22,Station C
24,Lake Jeffreyberg,-4.7,4.5,2024-06-28,Station B
25,Jerryview,-7.6,19.8,2024-08-14,Station C
26,Chelseaview,6.9,3.4,2024-10-14,Station B
27,Nicholasfurt,25.2,11.8,2024-10-20,Station B
28,East Candiceland,30.9,5.6,2024-11-20,Station A
29,East Justin,36.5,9.1,2024-05-03,Station C
30,Port David,-1.1,8.3,2024-09-02,Station C
31,South Deanna,34.7,13.6,2024-11-03,Station B
32,Port Meganview,-8.7,17.4,2024-09-28,Station C
33,Curtisburgh,16.1,7.4,2024-05-17,Station B
34,Lake Timothy,23.0,15.6,2024-06-11,Station B
35,Kathrynburgh,5.1,12.2,2024-11-27,Station B
36,Clarkstad,23.6,11.7,2024-02-16,Station C
37,Morganfort,-2.8,18.6,2024-06-13,Station A
38,East Brandon,18.6,3.6,2024-09-23,Station A
39,New Lisashire,-9.0,18.5,2024-11-22,Station C
40,Edwardfurt,33.5,9.3,2024-12-15,Station B
41,Shawchester,-3.1,15.3,2024-05-18,Station A
42,Ramostown,6.8,7.3,2024-11-02,Station A
43,West Todd,23.4,15.3,2024-10-20,Station B
44,West Brandon,2.7,3.8,2024-08-04,Station B
45,Hollyfort,19.5,0.7,2025-01-19,Station B
46,Carpenterville,13.4,10.8,2025-01-21,Station A
47,Port Christine,15.9,14.4,2024-06-13,Station C
48,Elainemouth,28.1,8.9,2024-11-20,Station B
49,North Cindy,-2.7,3.1,2025-02-05,Station B
50,New Lee,-3.4,8.6,2024-08-30,Station A
51,Carterfort,22.1,9.7,2024-09-09,Station A
52,New Lisa,28.6,0.2,2024-12-08,Station C
53,West Jamesland,3.9,13.9,2024-02-20,Station A
54,Millerfurt,9.2,2.5,2024-05-27,Station C
55,North Jorgeborough,-5.6,2.7,2024-11-18,Station A
56,Davidside,-9.1,14.0,2024-03-13,Station C
57,East Karen,-0.8,17.3,2025-01-07,Station B
58,Townsendtown,23.1,9.8,2024-12-18,Station B
59,East Coltonview,18.8,15.0,2024-03-03,Station B
60,Valerieburgh,30.9,4.5,2024-05-21,Station A
61,New Aaron,-0.1,2.6,2024-11-23,Station A
62,Lake Jaybury,22.7,14.9,2024-03-03,Station A
63,North Mark,19.6,15.0,2024-05-26,Station C
64,East Amanda,-1.6,1.8,2024-03-05,Station A
65,Fosterborough,27.7,10.2,2024-06-22,Station B
66,South Melissa,-5.0,14.0,2024-06-13,Station A
67,West Christopher,29.9,9.7,2024-02-27,Station C
68,East Michael,8.6,5.1,2024-08-02,Station A
69,Smithstad,4.3,3.4,2024-08-06,Station A
70,Lake Jasonville,15.6,4.5,2024-08-03,Station B
71,Jacobsontown,-6.2,6.3,2024-04-06,Station C
72,East Angelafort,29.3,2.6,2024-06-25,Station B
73,North Bryan,2.5,7.2,2024-08-20,Station B
74,Jasonmouth,30.6,10.1,2024-09-04,Station C
75,Bethanyport,1.3,15.2,2024-12-10,Station C
76,Adamsborough,12.0,12.2,2024-10-04,Station C
77,Delgadoview,29.5,3.4,2024-05-27,Station B
78,Kimberlyside,28.2,10.1,2024-11-12,Station C
79,Cummingsfurt,26.8,17.0,2024-04-19,Station C
80,New Makayla,34.3,19.6,2024-06-23,Station A
81,Melanieton,30.0,14.5,2024-03-13,Station A
82,Madelinemouth,26.0,19.2,2024-03-06,Station B
83,Sierrastad,16.0,3.4,2025-01-17,Station B
84,Lindastad,33.7,10.8,2025-01-29,Station A
85,East Heathermouth,22.7,8.8,2024-12-31,Station B
86,Port Jeremy,7.1,10.0,2024-11-25,Station A
87,New Marc,37.6,2.1,2024-08-19,Station C
88,Jameschester,37.4,6.0,2024-02-16,Station B
89,Brownfort,16.7,0.9,2024-08-22,Station C
90,New Cheyenne,9.6,12.0,2024-12-30,Station A
91,Raymondport,3.8,0.8,2024-03-20,Station A
92,Davidville,-8.7,7.4,2024-08-21,Station A
93,East Rodney,28.9,19.1,2024-07-12,Station B
94,Wheelerport,4.8,1.4,2024-05-09,Station B
95,Holtshire,1.3,16.5,2024-10-23,Station B
96,Port Davidstad,5.3,12.1,2024-07-21,Station B
97,Patrickborough,25.3,10.0,2024-12-11,Station A
98,Garciamouth,-4.2,18.0,2024-10-07,Station A
99,Anthonyburgh,-5.2,5.3,2024-09-22,Station A
100,Port Sandra,8.6,7.3,2024-07-08,Station C
101,South Maria,-3.4,19.4,2024-08-21,Station A
102,Parkerton,34.0,2.1,2024-08-12,Station A
103,West Barry,28.1,19.8,2024-04-13,Station B
104,Port Jessica,-4.6,14.2,2025-01-31,Station C
105,Port Andrewland,31.8,1.6,2024-09-28,Station C
106,Lake Christophershire,1.9,15.2,2024-05-14,Station A
107,Smithmouth,-3.2,1.1,2024-03-22,Station A
108,Georgeshire,-7.5,16.2,2024-11-11,Station B
109,Woodstown,-6.4,5.3,2024-08-28,Station B
110,Kaylahaven,-9.7,0.8,2024-11-21,Station C
111,Ryanmouth,5.0,0.9,2024-03-29,Station A
112,South Alicia,-7.2,4.3,2024-12-24,Station A
113,Garciabury,34.5,2.4,2024-04-30,Station B
114,South Edwin,36.5,16.2,2024-06-19,Station C
115,West Michelleville,12.4,3.2,2024-11-19,Station B
116,Bradleyland,-5.3,3.1,2024-11-18,Station C
117,Jessicamouth,10.8,14.5,2024-10-06,Station B
118,Rachelbury,26.3,1.6,2024-05-14,Station B
119,Warrenberg,18.6,12.6,2024-09-25,Station A
120,East Pamela,-5.3,10.8,2024-02-19,Station C
121,Maryville,0.6,11.4,2025-02-09,Station A
122,East John,-1.2,19.8,2025-01-23,Station B
123,South Derekside,19.6,17.5,2025-01-31,Station B
124,Brandymouth,17.2,1.7,2024-08-10,Station C
125,Rhondafurt,27.1,7.9,2024-05-31,Station B
126,Andreamouth,-4.3,12.2,2024-08-28,Station A
127,Coryview,9.6,7.3,2024-06-13,Station C
128,Erikafort,35.0,5.7,2024-12-04,Station C
129,East Robertside,16.4,11.3,2024-04-29,Station A
130,Williamborough,-2.4,12.1,2024-11-01,Station B
131,Morganberg,3.9,0.4,2024-08-11,Station B
132,Reneeport,-0.5,7.6,2025-01-06,Station C
133,Curtisberg,13.7,8.5,2024-06-23,Station A
134,Jaredberg,-1.9,6.6,2024-06-07,Station B
135,Sherryshire,35.7,8.9,2025-01-12,Station C
136,Jenkinston,27.5,10.3,2024-06-21,Station A
137,New Theodore,-3.4,8.6,2024-06-09,Station B
138,Matthewsbury,-7.2,1.7,2024-08-05,Station B
139,Anthonyville,17.4,8.5,2024-12-29,Station B
140,Jessicashire,6.5,18.7,2024-04-29,Station A
141,Kelseyfurt,23.5,7.8,2024-05-23,Station C
142,Morganchester,10.4,10.6,2024-04-23,Station A
143,Pinedaborough,27.2,15.6,2024-04-09,Station A
144,Jenniferborough,10.7,11.3,2024-06-03,Station A
145,West Gregoryborough,6.5,17.5,2024-11-04,Station B
146,Comptonberg,-1.9,15.2,2024-12-11,Station A
147,New Mary,23.1,4.9,2024-07-11,Station B
148,Reynoldsberg,37.6,7.0,2024-07-14,Station B
149,New Kyle,-9.4,13.2,2024-09-04,Station C
150,Maloneport,1.0,13.3,2024-08-21,Station A
151,Port Amanda,21.7,13.2,2024-12-12,Station B
152,New Rachelburgh,9.6,8.0,2024-06-09,Station C
153,Paulberg,-5.4,3.5,2024-04-30,Station B
154,Bradshawmouth,17.1,15.1,2024-08-24,Station B
155,Danielton,-6.6,13.5,2024-09-15,Station C
156,Jamesfort,28.6,19.7,2024-08-23,Station A
157,East Jamie,-6.3,4.8,2024-06-30,Station B
158,Kellyfort,10.7,3.5,2024-07-20,Station C
159,East Dylan,-9.1,13.0,2024-04-22,Station C
160,Port Markside,18.0,4.8,2024-12-29,Station C
161,New Crystal,38.7,6.2,2024-05-07,Station B
162,Lake Tonyview,-7.5,1.3,2024-07-05,Station B
163,Lake Johnhaven,-6.9,6.4,2024-08-24,Station B
164,North Nicolestad,29.0,0.1,2024-02-14,Station B
165,West Christina,16.8,11.7,2024-08-13,Station C
166,New Angela,-5.3,19.7,2024-09-03,Station C
167,East Debbiemouth,9.3,1.6,2024-12-20,Station C
